image_id,label,fold,ctype,pred_clean,pred_testlike
tHpqlCor.png,lontara,0,line,lontara,lontara
bvZgcoNn.png,jawi,0,line,jawi,jawi
vrNJOkCG.png,jawa,0,line,jawa,jawa
305fGZ3w.png,jawi,0,line,jawi,jawi
Odiwgs3f.png,jawi,0,line,jawi,jawi
ULOLP0Ie.png,sunda,0,line,sunda,sunda
qRtpcq8R.png,lampung,0,line,lampung,lampung
VwBH4U2s.png,jawa,0,line,jawa,jawa
Pr22tEu7.jpg,pegon,0,page,bali,bali
R7Hd50RH.png,lampung,0,line,lampung,lampung
kFuOywWA.png,jawi,0,glyph,jawi,jawi
g6icPNYH.png,lontara,0,line,lontara,lontara
9RppdSnF.png,lontara,0,line,lontara,lontara
UFE3w0yF.png,bali,0,line,bali,bali
MzfJHQdz.png,lontara,0,line,lontara,lontara
nAkbUt21.png,jawi,0,glyph,jawi,jawi
Yk674FLr.png,sunda,0,glyph,sunda,sunda
xXH0p0da.png,sunda,0,line,sunda,sunda
L3S94zx2.png,sunda,0,glyph,sunda,sunda
pzzBFip4.png,jawi,0,line,jawi,jawi
f6fRApLW.png,sunda,0,glyph,sunda,sunda
EaGEhyHL.png,jawi,0,line,jawi,jawi
qZBSLty4.png,lontara,0,line,lontara,lontara
3gdGLyyS.png,bali,0,line,bali,bali
yu3XZe48.png,jawa,0,line,jawa,jawa
s4uPNwXr.png,lontara,0,line,lontara,lontara
pbGKPZDB.png,lampung,0,line,lampung,lampung
QosnQx0a.png,sunda,0,glyph,sunda,sunda
3vUqiFim.png,jawi,0,line,jawi,jawi
mniEyr50.png,jawi,0,line,jawi,jawi
DZlkHVVs.jpg,pegon,0,page,pegon,pegon
HpHvsaNP.png,sunda,0,glyph,sunda,sunda
8hScNnfh.png,jawi,0,glyph,jawi,jawi
EKZ2hjos.png,jawa,0,line,jawa,jawa
v72v6rHz.png,jawa,0,line,jawa,jawa
YSDnjf8f.png,lampung,0,line,lampung,lampung
JaRjy4g9.png,lampung,0,block,lampung,lampung
yWw2jKLf.png,bali,0,line,bali,bali
giNnvjGG.png,lampung,0,line,lampung,lampung
mU0VIMOM.jpg,jawi,0,page,pegon,pegon
veHvdin9.png,jawa,0,line,jawa,jawa
m121DOJC.png,jawa,0,line,jawa,jawa
FMKU5Hon.png,lontara,0,line,lontara,lontara
TxG9PdgC.png,jawi,0,block,jawi,jawi
E9Tm3Fpb.png,jawi,0,line,jawi,jawi
doyUwjr8.png,pegon,0,block,pegon,pegon
reK9JAqs.png,lontara,0,line,lontara,lontara
pugriEKg.jpg,pegon,0,page,jawi,jawi
eZChotVz.png,jawi,0,block,jawi,jawi
W1C1YnzQ.png,jawi,0,line,jawi,jawi
mapjGkc3.png,bali,0,line,bali,bali
SBmp4ejo.png,jawi,0,line,jawi,jawi
Qb6CW7sv.png,lontara,0,line,lontara,lontara
SsWU9PM8.png,sunda,0,glyph,sunda,sunda
qUOpSY2G.png,lampung,0,line,lampung,lampung
rAElAId0.png,jawi,0,line,jawi,jawi
LDR67vYw.png,lampung,0,line,lampung,lampung
d99PX5Ja.png,bali,0,line,bali,bali
PnJm72Pb.png,sunda,0,line,sunda,sunda
58182AjM.png,sunda,0,glyph,sunda,sunda
s6S2jmQV.png,sunda,0,glyph,sunda,sunda
G02HH7pZ.png,pegon,0,line,pegon,pegon
c1Ec9G4r.png,jawa,0,line,jawa,jawa
XFGzYUI3.png,sunda,0,line,sunda,sunda
C5R3SyGp.png,jawi,0,page,jawi,jawi
e5PImHmm.png,jawi,0,block,jawi,jawi
tzQwlTr6.png,sunda,0,glyph,sunda,sunda
4pUEsJLt.png,jawi,0,line,jawi,jawi
HgaBLlL0.png,bali,0,block,bali,bali
EUiThoUh.png,sunda,0,glyph,sunda,sunda
DHT1x9LC.png,lampung,0,line,lampung,lampung
pCu64Vtj.png,jawi,0,line,jawi,jawi
vV9jBUYX.png,sunda,0,line,sunda,sunda
NEpfPr4u.png,jawa,0,line,jawa,jawa
FFMjOCYD.png,jawa,0,line,jawa,jawa
YYxkJNJJ.png,pegon,0,block,pegon,pegon
PlXVgLO8.png,jawa,0,line,jawa,jawa
1nvsGp1f.png,sunda,0,glyph,sunda,sunda
2U2POJNT.png,jawa,0,line,jawa,jawa
dIZFKnEx.png,jawa,0,line,jawa,jawa
eo8lobTE.png,sunda,0,line,sunda,sunda
ARZUedyw.png,bali,0,line,bali,jawi
Z9bnsKFs.png,jawi,0,line,jawi,jawi
TQWzZV5A.png,lampung,0,line,lampung,lampung
piR9UOHA.png,lontara,0,line,lontara,lontara
GnHo3paa.png,bali,0,line,bali,bali
52YyGz3b.png,jawi,0,line,jawi,jawi
lyRKrF1d.jpg,jawi,0,page,jawi,jawi
XzBQcFhv.png,lontara,0,line,lontara,lontara
CkinVxQR.png,jawi,0,glyph,jawi,jawi
faBe59h8.png,bali,0,line,bali,bali
6p9QQQlc.png,jawa,0,line,jawa,jawa
BeLlmsS0.png,lontara,0,line,lontara,lontara
Tl6cNjSQ.png,jawa,0,line,jawa,jawa
QVFqAlMn.png,jawa,0,line,jawa,jawa
mMIK1gKF.png,lampung,0,line,lampung,lampung
N04h00pJ.png,bali,0,block,bali,bali
3e0GxUY3.png,jawa,0,line,jawa,jawa
LbdIIDPH.png,bali,0,page,bali,bali
WC3LEzxB.png,jawi,0,line,jawi,jawi
wST3apPG.png,jawi,0,glyph,jawi,jawi
2U2FBMI8.png,lampung,0,line,lampung,lampung
HQviYMaE.png,pegon,0,block,pegon,pegon
DcTnvPA0.png,jawi,0,line,jawi,jawi
9ttYMU0C.png,sunda,0,line,sunda,sunda
OOt4JATx.png,lampung,0,line,lampung,lampung
lgnFKBft.png,lampung,0,line,lampung,lampung
KqoNgEEr.png,sunda,0,glyph,sunda,sunda
FThF7jTW.png,lampung,0,line,lampung,lampung
iw6Q2gq4.png,bali,0,line,bali,bali
4xcVTIui.png,jawa,0,line,jawa,jawa
eLGHyiqR.png,bali,0,line,bali,bali
bBse9E8Y.png,jawa,0,line,jawa,jawa
wu8UrNFQ.png,lontara,0,line,lontara,lontara
X8sf34uy.png,jawi,0,line,jawi,jawi
3fkWEO2g.png,lampung,0,line,lampung,lampung
zDgrKgYV.png,jawa,0,line,jawa,jawa
WiFuJUGL.png,jawa,0,line,jawa,jawa
AXMZdhYS.png,lontara,0,line,lontara,lontara
E6kMcEiC.png,jawi,0,block,jawi,jawi
Ifcb2r4C.jpg,jawa,0,page,jawa,jawa
h6dp5flA.png,lontara,0,line,lontara,lontara
nCZUSO47.png,lontara,0,line,lontara,lontara
GJPk1yx2.png,lontara,0,line,lontara,lontara
B4fDcO84.png,sunda,0,line,sunda,sunda
wISufpBg.png,jawi,0,glyph,jawi,jawi
rRQpjlcO.png,jawa,0,line,jawa,jawa
AVjYB2z6.png,jawi,0,block,jawi,jawi
zL2KHuIF.png,lontara,0,line,lontara,lontara
8dVCzsvx.png,pegon,0,block,pegon,pegon
NPGlMIWr.png,jawi,0,line,jawi,jawi
1u2I4e7K.png,sunda,0,line,sunda,sunda
pXrWfipo.png,jawa,0,line,jawa,jawa
R0SrSrZm.png,sunda,0,line,sunda,sunda
mQYCGlTg.png,bali,0,line,bali,bali
Q3kRJ6xo.png,jawa,0,line,jawa,jawa
qKrhfGzf.png,jawi,0,line,jawi,jawi
LhjUco2x.png,lampung,0,line,lampung,lampung
ckJUAUBq.png,lontara,0,line,lontara,lontara
47WprzGZ.png,bali,0,line,bali,bali
GQtfL5mW.png,lampung,0,line,lampung,lampung
HKwzw4nv.png,lampung,0,line,lampung,lampung
xRVYH2Wt.png,lampung,0,line,lampung,lampung
NB6PonAo.png,bali,0,line,bali,bali
CDwRTRLG.png,lampung,0,line,lampung,lampung
eWDZoAtS.png,jawa,0,line,jawa,jawa
4mbeSD03.png,jawi,0,line,jawi,jawi
bG8nMmtY.png,bali,0,line,bali,bali
RjPg5YEs.png,lontara,0,line,lontara,lontara
45lJaV4Z.png,sunda,0,glyph,sunda,jawi
kckfQOzE.png,lampung,0,line,lampung,lampung
W2hIuZd0.png,sunda,0,glyph,sunda,sunda
hqBcTp3a.png,lontara,0,line,lontara,lontara
2r1iIqoq.png,sunda,0,glyph,sunda,sunda
0PmCdXWH.png,jawi,0,line,jawi,jawi
QUhZ58H3.png,pegon,0,block,pegon,pegon
TiUZu5be.png,jawi,0,line,jawi,jawi
twC5znxg.png,lontara,0,line,lontara,lontara
4kq9j1Pf.png,bali,0,line,bali,bali
ZoYW5UTA.png,jawa,0,line,jawa,jawa
hX1yIidx.png,sunda,0,line,sunda,sunda
XBkOlqJG.png,bali,0,line,bali,bali
VlCMn0lr.png,lontara,0,line,lontara,lontara
9Ugdllgt.png,lampung,0,line,lampung,lampung
ej2161Uz.png,jawi,0,line,jawi,jawi
8ofWxJYc.png,lampung,0,line,lampung,lampung
SZpAml1X.png,sunda,0,line,sunda,sunda
FeBshSio.png,lampung,0,line,lampung,lampung
yheWj3KC.png,lampung,0,line,lampung,lampung
zmwL3UBK.png,jawi,0,line,jawi,jawi
p1nlqTvi.jpg,jawi,0,page,jawi,jawi
aIrqAzFn.png,jawi,0,line,jawi,jawi
glOJOXcx.png,lampung,0,line,lampung,lampung
cszzH9hp.png,jawi,0,line,jawi,jawi
p0ZYvG0T.png,sunda,0,line,sunda,sunda
qZL4Jq7a.png,lampung,0,line,lampung,lampung
kSGmDn7W.png,pegon,0,block,pegon,pegon
GlcHHmBv.png,lontara,0,line,lontara,lontara
WT8CWUGj.png,sunda,0,line,sunda,sunda
MsLQzDrg.png,jawi,0,block,jawi,jawi
7n8YNOrd.png,sunda,0,glyph,sunda,sunda
v9lgekSy.png,pegon,0,line,pegon,pegon
A3HWu1eb.png,sunda,0,glyph,sunda,sunda
tB4d96sN.png,jawa,0,line,jawa,jawa
0YnIb1mk.png,lampung,0,line,lampung,lampung
Ei2KJkYS.png,bali,0,line,bali,bali
qhrOiqcN.png,sunda,0,glyph,sunda,sunda
PC0AuloZ.png,jawi,0,line,jawi,jawi
EYAoWksO.png,bali,0,line,bali,bali
0B9h6mx2.png,jawa,0,line,jawa,jawa
hGEa2KFw.png,lampung,0,line,lampung,lampung
BekUheLH.png,jawi,0,line,jawi,jawi
sFkNBSo3.png,jawa,0,line,jawa,jawa
i7vsDYaI.png,jawa,0,line,jawa,jawa
vvKbeERx.png,jawi,0,line,jawi,jawi
fSfO4lAR.png,jawi,0,line,jawi,jawi
PUJYfPqc.png,jawa,0,block,jawa,jawa
8Fj6gzLT.png,lampung,0,line,lampung,lampung
JBNBOY4K.png,jawa,0,line,jawa,jawa
9kSoqZEt.png,sunda,0,line,sunda,sunda
1Kr2Pnpk.png,jawa,0,line,jawa,jawa
HnelVBgL.png,jawi,0,line,jawi,jawi
A86cbI0P.png,sunda,0,page,sunda,sunda
BBvCgo51.png,jawa,0,line,jawa,jawa
GUq8AaWM.png,jawa,0,line,jawa,jawa
SCdW6REG.png,jawi,0,line,jawi,jawi
LliQF9GY.png,sunda,0,glyph,sunda,sunda
22PuHPHT.png,lampung,0,line,lampung,lampung
ejv8VdvJ.png,jawa,0,line,jawa,jawa
i6jX5VMn.png,sunda,0,line,sunda,sunda
BY8lyTaX.png,sunda,0,line,sunda,sunda
ezxa6soR.png,lampung,0,line,lampung,lampung
zSQEmPHo.png,jawi,0,line,jawi,jawi
wrUViaar.png,jawa,0,line,jawa,jawa
gau3WdqE.png,jawi,0,line,jawi,jawi
6i4aihLB.png,jawa,0,line,jawa,jawa
WeFVJU48.png,bali,0,block,bali,bali
nN36nXcf.png,sunda,0,glyph,sunda,sunda
DnGgNuXD.png,jawi,0,line,jawi,jawi
i6A1RSR1.png,jawi,0,line,jawi,jawi
fru6b0zL.png,jawi,0,line,jawi,jawi
2Ep3D91l.png,pegon,0,block,pegon,pegon
Co0lR3pn.png,jawa,0,line,jawa,jawa
GHmYgsU1.png,sunda,0,line,sunda,sunda
MK1maYWw.png,lampung,0,line,lampung,lampung
s9TzT5gN.png,lampung,0,line,lampung,lampung
9fr0iKs3.png,jawi,0,block,jawi,pegon
iI6in3eP.png,bali,0,line,bali,bali
lU5xgYR0.png,jawi,0,line,jawi,jawi
wbJxvXIi.png,jawi,0,line,jawi,jawi
Re4aIUH9.png,lontara,0,line,lontara,lontara
2jtMkRoa.png,sunda,0,glyph,sunda,sunda
g5EaEpvy.png,lontara,0,line,lontara,lontara
IYZ4iF9X.png,sunda,0,glyph,sunda,sunda
RJPuZlBW.png,jawa,0,line,jawa,jawa
uqQiKkIP.png,bali,0,line,bali,bali
6lzzj1My.png,jawi,0,line,jawi,jawi
Pn2o0YTT.jpg,jawa,0,page,jawa,jawa
Y96AH3bs.png,lontara,0,line,lontara,lontara
l8CCE88p.png,lampung,0,line,lampung,lampung
6L6oDkMj.png,pegon,0,block,pegon,pegon
wPTaDzIy.png,bali,0,block,bali,bali
JAYqAwsv.png,bali,0,line,bali,bali
FAMrEL5t.png,jawa,0,line,jawa,jawa
GqTzvICw.png,lontara,0,line,lontara,lontara
R7LZ7gT7.png,jawa,0,line,jawa,jawa
XzNnUpQh.png,sunda,0,glyph,sunda,sunda
JbnV2aI4.png,pegon,0,line,jawi,pegon
peQKGGlM.png,pegon,0,block,pegon,pegon
mX6JeAay.jpg,lontara,0,page,lontara,lontara
XE8xFXcX.png,jawi,0,line,jawi,jawi
2QJgfFSK.png,sunda,0,glyph,sunda,sunda
fChr7anR.png,bali,0,line,bali,bali
4jN9hS8W.png,sunda,0,line,sunda,sunda
MPS9kbYk.png,bali,0,line,bali,bali
jIilztY5.jpg,bali,0,block,bali,bali
h3exH7tZ.png,lampung,0,block,lampung,lampung
JBoPkgax.png,jawa,0,line,jawa,jawa
4ocQNYId.png,lampung,0,line,lampung,lampung
2fhz1UCI.png,jawi,0,line,jawi,jawi
9CLHUxKU.png,jawa,0,line,jawa,jawa
oHI7dYTY.png,jawi,0,block,jawi,jawi
BiHHi4at.png,sunda,0,line,sunda,sunda
A4F6q5kO.png,sunda,0,line,sunda,sunda
ht8WgAl0.png,lampung,0,line,lampung,lampung
beQ9FGMV.png,pegon,0,block,pegon,pegon
9bd0M7ij.png,pegon,0,block,pegon,pegon
c7r3oRsw.png,lontara,0,line,lontara,lontara
wy19yn7P.png,bali,0,line,bali,bali
QSAznllM.png,pegon,0,block,pegon,pegon
3dRlOZwL.png,pegon,0,block,pegon,pegon
O8DUo3Q0.png,pegon,0,block,pegon,pegon
toRzpmzN.png,lontara,0,line,lontara,lontara
gffa5wIo.png,pegon,0,block,pegon,pegon
V4j3pTVL.png,bali,0,line,bali,bali
WNbjDQsY.png,lontara,0,line,lontara,lontara
tSvmHzgw.png,pegon,0,block,pegon,pegon
r9G0LEC3.png,jawi,0,glyph,jawi,jawi
r8q94hOZ.png,sunda,0,line,sunda,sunda
meHehKb8.png,bali,0,line,bali,bali
rCyplLeH.png,lampung,0,line,lampung,lampung
vg1mNlvD.png,sunda,0,line,sunda,sunda
3zdl9RbT.png,jawi,0,glyph,jawi,jawi
QNEvz4dm.jpg,pegon,0,page,pegon,pegon
wiQM3IqJ.png,jawi,0,block,jawi,jawi
ElsqQbhZ.png,sunda,0,line,sunda,sunda
nVOjkbo9.png,jawa,0,line,jawa,jawa
XKPPCuZU.png,jawa,0,line,jawa,jawa
b50JE2et.png,jawa,0,line,jawa,jawa
6gS3NXIS.png,sunda,0,line,sunda,sunda
gENQiblp.png,sunda,0,glyph,sunda,sunda
POApg2ai.png,sunda,0,page,jawa,jawa
zOMPhDUE.jpg,lampung,0,page,lampung,lampung
FP3Ie4ST.png,lampung,0,line,lampung,lampung
Np5YnHQS.png,bali,0,line,bali,bali
YjPqaDjJ.png,jawi,0,line,jawi,jawi
eHgVQniK.png,lampung,0,line,lampung,lampung
QY7k8HPn.png,jawa,0,line,jawa,jawa
46hBzRHT.png,sunda,0,line,sunda,sunda
zWbJCxFk.png,jawa,0,line,jawa,jawa
UMp0acRh.png,sunda,0,line,sunda,sunda
G3r5EbvY.png,bali,0,line,bali,bali
3sagdqe0.png,lontara,0,line,lontara,lontara
IeiK43RB.png,sunda,0,line,sunda,sunda
4NrSuMzE.png,sunda,0,glyph,sunda,sunda
s2qyhZk1.png,sunda,0,line,sunda,sunda
AQWqoAqN.png,jawi,0,line,jawi,jawi
zngeIoPx.png,sunda,0,line,sunda,sunda
mg4sR2J0.png,jawa,0,block,jawa,jawa
2gTsOdSh.png,sunda,0,line,sunda,sunda
zgJkvBv7.png,pegon,0,block,pegon,pegon
CPtzWwNZ.png,jawi,0,line,jawi,jawi
6IghgWhb.png,lontara,0,line,lontara,lontara
CTntcO6z.png,jawi,0,line,jawi,jawi
QehIfWtf.png,lampung,0,line,lampung,lampung
d0wapM8f.png,jawa,0,line,jawa,jawa
aQDYMxch.png,lampung,0,line,lampung,lampung
etjBsDqV.png,lampung,0,line,lampung,lampung
Dv27HR1n.png,jawa,0,line,jawa,jawa
jZjvp5bJ.png,bali,0,block,bali,bali
EaIfAc28.png,jawi,0,line,jawi,jawi
VlGmgACZ.png,jawa,0,line,jawa,jawa
dm221kD5.png,pegon,0,line,pegon,pegon
Ip328akQ.png,sunda,0,line,sunda,sunda
doFi24BP.png,sunda,0,glyph,sunda,sunda
0KafHdnc.png,pegon,0,glyph,pegon,pegon
bhb95vJc.png,sunda,0,glyph,sunda,sunda
vFUZvRYM.png,bali,0,line,bali,bali
1rFY5ymX.png,sunda,0,line,sunda,sunda
iXb9ohb3.png,jawi,0,line,jawi,jawi
DibLUM0s.png,jawi,0,line,jawi,jawi
HNzqImsA.png,jawa,0,line,jawa,jawa
R3jjnZkx.png,jawi,0,glyph,jawi,jawi
hEJLNuKg.png,jawa,0,line,jawa,jawa
PPycIyIT.png,lontara,0,line,lontara,lontara
FSeTEL4D.jpg,sunda,0,page,pegon,pegon
Nn39PzSC.png,jawi,0,glyph,jawi,jawi
Z9D6fGmF.png,jawa,0,line,jawa,jawa
eWPUNO8n.png,bali,0,block,bali,bali
ksDh5N1j.png,lontara,0,line,lontara,lontara
sl3SaX97.png,bali,0,block,bali,bali
Dkb1nupM.png,sunda,0,glyph,sunda,sunda
adVu2vI7.png,lampung,0,line,lampung,lampung
zTzCgmK7.png,lampung,0,line,lampung,lampung
yMPuiUhj.png,jawi,0,line,jawi,jawi
OhI0pCEf.png,sunda,0,line,sunda,sunda
jvnmJCg3.png,lontara,0,line,lontara,lontara
y42e51pS.png,lontara,0,line,lontara,lontara
iXfNUXNk.png,lampung,0,line,lampung,lampung
GH30tjqn.png,pegon,0,line,jawi,jawi
1tZNineB.png,pegon,0,block,pegon,pegon
QgbzhutZ.png,jawi,0,line,jawi,jawi
k7uR3cU2.png,jawi,0,line,jawi,jawi
HWLMS0b9.png,lontara,0,line,lontara,lontara
vYQ2SdCm.png,sunda,0,glyph,sunda,sunda
P7jsy3Fy.png,jawa,0,line,jawa,jawa
63HJb3od.png,sunda,0,line,sunda,sunda
5XhUe18W.png,jawi,0,glyph,jawi,jawi
w48Fkyxn.png,jawa,0,line,jawa,jawa
MDUe76ah.png,pegon,0,block,pegon,pegon
4WAP6hq7.png,lontara,0,line,lontara,lontara
xdPo0cWI.png,jawa,0,line,jawa,jawa
1NygwbYG.png,jawa,0,line,jawa,jawa
aTe20JWs.png,lampung,0,line,lampung,lampung
Ikqgyq4e.png,jawa,0,line,jawa,jawa
SWcYIXIP.png,jawi,0,line,jawi,jawi
SnpsxIJd.png,sunda,0,glyph,sunda,sunda
0kKWTTMk.png,jawi,0,line,jawi,jawi
eINCyDee.png,lampung,0,line,lampung,lampung
TeLvO0Kw.png,lampung,0,line,lampung,lampung
Gyv1XEoO.png,jawi,0,glyph,jawi,jawi
dvLMdtIG.png,pegon,0,block,pegon,pegon
2uJPlmj3.png,lampung,0,line,lampung,lampung
3hpHWggd.png,jawi,0,block,jawi,jawi
pOmkUl2v.png,jawa,0,line,jawa,jawa
25yyb63f.png,sunda,0,glyph,sunda,sunda
qhhWO7r3.png,lampung,0,line,lampung,lampung
OwAQwrMA.png,jawi,0,glyph,jawi,jawi
9Oey6um9.png,jawi,0,line,jawi,jawi
sHFxjqCb.png,jawi,0,line,jawi,jawi
hQncyZ7t.png,jawa,0,line,jawa,jawa
COYd1v3e.png,lontara,0,line,lontara,lontara
9hyZz7XW.png,jawa,0,line,jawa,jawa
JrvEe6dP.png,lampung,0,line,lampung,lampung
WwdyEjiX.png,jawa,0,line,jawa,jawa
k2KtRniI.jpg,pegon,0,page,pegon,pegon
0aEaZKLB.png,bali,0,block,bali,bali
bGV7WduC.png,sunda,0,line,sunda,sunda
7gClVyOS.png,sunda,0,line,sunda,sunda
e7sw8UqJ.png,jawa,0,line,jawa,jawa
U4R2T8xm.png,jawa,0,line,jawa,jawa
CI75W5ow.png,lontara,0,line,lontara,lontara
roT0Obt1.png,lontara,0,line,lontara,lontara
qMctj2TI.png,jawi,0,block,jawi,jawi
Tw5uE2Aq.png,jawa,0,line,jawa,jawa
RMJ8zZ2X.png,sunda,0,line,sunda,sunda
WZt7Orua.png,pegon,0,block,pegon,pegon
FlvDlpty.png,lontara,0,line,lontara,lontara
9sHcNOuO.png,jawi,0,line,jawi,jawi
ltsonDVi.png,bali,0,line,bali,bali
TZTwXRmf.png,bali,0,line,bali,bali
QyH0EkF7.png,sunda,0,glyph,sunda,sunda
YiSRGIkT.png,pegon,0,line,pegon,pegon
axINQ6D3.png,jawa,0,line,jawa,jawa
BSI9J6Q5.png,sunda,0,glyph,sunda,sunda
tCSnngIf.png,lontara,0,line,lontara,lontara
Cmgazgf9.png,bali,0,line,bali,bali
hcZye5Sj.png,jawi,0,line,jawi,jawi
sgJcQYI6.jpg,lontara,0,page,lontara,lontara
tXC4Cr6n.png,jawi,0,line,jawi,jawi
LBV0oWS1.png,lampung,0,line,lampung,lampung
UMBrKBBb.png,sunda,0,line,sunda,sunda
4TLbxbnt.png,jawa,0,line,jawa,jawa
NUi7Xsqy.png,lampung,0,line,lampung,lampung
vISSmeIs.png,lampung,0,line,lampung,lampung
cLcF0nUi.png,lampung,0,page,lampung,lampung
Iyo3cC12.png,sunda,0,line,sunda,sunda
eO8EF3c6.png,lontara,0,line,lontara,lontara
SMwV3uxE.png,jawa,0,line,jawa,jawa
yylkRMsd.png,bali,0,line,bali,bali
HIfjNZbW.png,pegon,0,block,pegon,pegon
flLeRwE5.png,pegon,0,line,jawi,jawi
tgD6nPYV.png,bali,0,line,bali,bali
URsVqMEu.png,jawi,0,line,jawi,jawi
OhpqFBTa.png,lontara,0,line,lontara,lontara
2iSupLdX.png,jawa,0,line,jawa,jawa
3z3S2VTt.png,sunda,0,line,sunda,sunda
5NaVRwup.png,jawa,0,line,jawa,jawa
vjr5eano.png,lontara,0,line,lontara,lontara
YDxAl6Al.png,lampung,0,line,lampung,lampung
Z5Lj8agc.png,lontara,0,line,lontara,lontara
I9Qf0QxG.png,jawa,0,line,jawa,jawa
p8u8qu95.png,lampung,0,line,lampung,lampung
FUm1AYLk.png,jawa,0,line,jawa,jawa
xYmtlcB4.png,lontara,0,line,lontara,lontara
A44qASyW.png,jawa,0,line,jawa,jawa
F8OWcAD4.png,jawa,0,line,jawa,jawa
Jtk8o1u8.png,sunda,0,glyph,sunda,sunda
qD5voz8b.png,lampung,0,line,lampung,lampung
XN86ss86.png,lontara,0,line,lontara,lontara
kdPAng3j.jpg,lampung,0,page,lampung,lampung
L7GvB9SI.png,bali,0,line,bali,bali
PUbvkADa.png,bali,0,line,bali,bali
LbEfoyRL.png,sunda,0,glyph,sunda,jawi
f5oMjiQk.png,sunda,0,glyph,sunda,sunda
8GwoggUh.png,lontara,0,line,lontara,lontara
wcNVMVpy.png,bali,0,line,bali,bali
nmvGAkFu.png,jawi,0,glyph,jawi,jawi
rAfLy9SD.png,jawa,0,line,jawa,jawa
bBwVfDRj.png,pegon,0,block,pegon,pegon
Loi9EW9p.png,jawi,0,line,jawi,jawi
eErPkRSe.png,lampung,0,line,lampung,lampung
bvV4zmMc.png,pegon,0,block,pegon,pegon
5x79ioxC.png,lontara,0,line,lontara,lontara
ruBJ8985.png,bali,0,line,bali,bali
s2rSilLa.png,jawa,0,line,jawa,jawa
8bO3UPdr.png,sunda,0,glyph,sunda,sunda
sKvUwKyY.png,bali,0,block,bali,bali
v39deMFw.png,jawi,0,line,jawi,jawi
ZkPkzMVZ.png,lontara,0,line,lontara,lontara
2K3X6GAy.png,bali,0,line,bali,bali
6Cev0IvT.png,jawi,0,line,jawi,jawi
DDZDSwBa.png,sunda,0,block,sunda,sunda
latPvf22.png,lampung,0,line,lampung,lampung
GwIOVaAX.png,jawa,0,line,jawa,jawa
Tm8uX9iq.png,bali,0,line,bali,bali
YRgtG06r.png,jawa,0,line,jawa,jawa
N8Yk7V2S.png,pegon,0,block,pegon,pegon
kNo6RDgF.png,jawi,0,line,jawi,jawi
wWTo0MFR.png,lontara,0,line,lontara,lontara
kqud6xaj.png,bali,0,block,bali,bali
xHew3tgK.png,jawi,0,line,jawi,jawi
LBlGLJh4.png,pegon,0,block,pegon,pegon
JjMbsu9W.png,jawi,0,line,jawi,jawi
OBChuUs5.png,lontara,0,line,lontara,lontara
kUOr3bB8.png,jawi,0,glyph,jawi,jawi
RRqYagJ5.png,sunda,0,line,sunda,sunda
H89KMDbC.png,jawi,0,line,jawi,jawi
kJa4pVAt.png,lampung,0,line,lampung,lampung
haK6l0mj.png,jawa,0,line,jawa,jawa
6rU10qVE.png,jawa,0,line,jawa,jawa
BcdssRE5.png,jawa,0,line,jawa,jawa
ATVIVynT.png,jawi,0,glyph,jawi,jawi
dWtx8gvp.png,jawi,0,line,jawi,jawi
CuJLhxdY.png,jawa,0,line,jawa,jawa
TPjl9pb9.png,sunda,0,glyph,sunda,sunda
FONFMieM.png,lontara,0,line,lontara,lontara
syfMB5i1.png,lampung,0,line,lampung,lampung
vfn8246d.png,jawa,0,line,jawa,jawa
p5RQxEEQ.png,sunda,0,line,sunda,sunda
6xjkxiUz.png,jawa,0,block,jawa,jawa
ReeXHTHV.png,bali,0,line,bali,bali
Jb4ww86B.png,bali,0,line,bali,bali
DMKj60Wf.png,sunda,0,line,sunda,sunda
yc1w3IGR.png,jawi,0,block,jawi,jawi
VKPxizTW.png,bali,0,line,bali,bali
brW64y2l.png,lampung,0,line,lampung,lampung
K80SJ6gJ.png,jawi,0,line,jawi,jawi
pq8rWA4S.png,jawi,0,line,jawi,jawi
44OG5x3s.png,sunda,0,glyph,sunda,sunda
IgWWRlLR.png,jawi,0,line,jawi,jawi
Ddq9TJSX.png,sunda,0,line,sunda,sunda
nihsCLVc.png,jawi,0,line,jawi,jawi
Inm8bNSA.png,sunda,0,line,sunda,sunda
knoFpOfg.png,lontara,0,line,lontara,lontara
O9S6paus.png,pegon,0,line,pegon,pegon
ShG14p8V.png,bali,0,line,bali,bali
dy8SvhhT.png,sunda,0,block,sunda,sunda
Aa9HGdD5.png,bali,0,line,bali,bali
20FxmV49.png,jawa,0,line,jawa,jawa
ZX7GGGbT.png,jawa,0,block,jawa,jawa
gNBbqikL.png,lontara,0,line,lontara,lontara
CuVzOrbM.png,sunda,0,line,sunda,sunda
w9XmvLj8.png,pegon,0,block,pegon,pegon
7b6sWGiU.png,jawi,0,line,jawi,jawi
0YA9J5W1.png,bali,0,line,bali,bali
fB3TuwJs.png,jawa,0,line,jawa,jawa
x6TUP3bb.png,jawi,0,glyph,jawi,jawi
LjHQdn9x.png,lontara,0,line,lontara,lontara
VDrAXlPc.png,lontara,0,line,lontara,lontara
2WAaMM0i.png,sunda,0,line,sunda,sunda
rKVeTtSS.png,lampung,0,line,lampung,lampung
RZTQWF8q.png,lampung,0,line,lampung,lampung
IoxFDRN1.png,jawi,0,glyph,jawi,jawi
gKU8FXn9.png,lampung,0,line,lampung,lampung
MjQUIIgU.png,jawa,0,line,jawa,jawa
CUwmDZOk.png,bali,0,block,bali,bali
6VqN6Pck.png,sunda,0,line,sunda,sunda
ZTfpmt2B.png,lontara,0,line,lontara,lontara
XLNKCy5O.png,sunda,0,glyph,sunda,sunda
ZxaB1nEC.png,jawi,0,line,jawi,jawi
XG5wyJgA.png,jawi,0,line,jawi,jawi
GaYpPtLD.png,bali,0,line,bali,bali
Skes3FaH.png,jawi,0,glyph,jawi,jawi
gu5us0CH.png,lampung,0,line,lampung,lampung
2XWwj13J.png,jawi,0,line,jawi,jawi
1VswsgkH.png,pegon,0,block,pegon,pegon
PgwtcEoX.png,jawa,0,block,jawa,jawa
BrB0zdoq.png,jawa,0,line,jawa,jawa
ptAschbP.png,lampung,0,line,lampung,lampung
9WzBLHSF.png,bali,0,line,bali,bali
0ZesCcre.png,lontara,0,line,lontara,lontara
NZrTPBsT.jpg,jawa,0,page,jawa,jawa
9JyFzjKx.png,lampung,0,line,lampung,lampung
nQUE5SqL.png,jawi,0,line,jawi,jawi
Tm9OdQXS.png,lampung,0,line,lampung,lampung
fZ10vd5k.png,sunda,0,glyph,sunda,sunda
JP3qTWWa.png,jawi,0,line,jawi,jawi
BvzTd4IL.png,jawi,0,line,jawi,jawi
FDimLVa3.png,jawa,0,line,jawa,jawa
GXjQi5XT.png,jawi,0,line,jawi,jawi
UAr5UbQU.png,sunda,0,line,sunda,sunda
8nXUopAm.png,pegon,0,block,pegon,pegon
qDNjjL14.png,bali,0,line,bali,bali
W40aaNZO.png,jawi,0,block,jawi,jawi
TMsy6o0B.png,lontara,0,line,lontara,lontara
CGBrUkff.png,pegon,0,block,pegon,pegon
vmKyrebs.png,pegon,0,glyph,pegon,pegon
Ln2QRnMi.png,jawa,0,line,jawa,jawa
QLqHeQdT.png,bali,0,line,bali,bali
HrgEozJY.png,lampung,0,block,lampung,lampung
VZO71h9x.png,bali,0,line,bali,bali
R2GXP3Pu.png,jawa,0,line,jawa,jawa
XvUUuTIf.png,bali,0,line,bali,bali
Yy7R5voO.png,sunda,0,glyph,sunda,sunda
xetlJ61H.png,lampung,0,line,lampung,lampung
oqkddZCi.png,jawa,0,line,jawa,jawa
7JRMQWBP.png,jawa,0,line,jawa,jawa
FoQ1SzDc.png,lampung,0,line,lampung,lampung
uMCxq53Z.png,lampung,0,block,lampung,lampung
EzWw7doT.png,sunda,0,line,sunda,sunda
cR3O0tPt.png,lontara,0,line,lontara,lontara
DjkVpXOe.png,lampung,0,line,lampung,lampung
iZnqgWWc.png,jawa,0,line,jawa,jawa
Bwt9E0hk.png,jawi,0,line,jawi,jawi
lwCYaowC.png,pegon,0,line,pegon,pegon
qyPXddz2.jpg,pegon,0,page,pegon,pegon
nwF2uotn.png,sunda,0,glyph,sunda,sunda
dwal2hSL.png,lontara,0,line,lontara,lontara
6BNeWMqa.png,jawi,0,line,jawi,jawi
yb86tnoe.png,jawi,0,block,jawi,jawi
256krqfp.png,sunda,0,glyph,sunda,sunda
IZOvkFnb.png,jawi,0,glyph,jawi,jawi
BH4GQEXv.png,sunda,0,glyph,sunda,sunda
sTF5JF4F.png,jawa,0,line,jawa,jawa
jgTWj9Ty.png,jawi,0,line,jawi,jawi
kne37dqn.jpg,jawa,0,page,jawa,jawa
glUdQABh.png,pegon,0,block,pegon,pegon
2cxCSqBA.png,lampung,0,line,lampung,lampung
OHeT6bhg.png,sunda,0,line,sunda,sunda
TqM6sElv.png,jawi,0,line,jawi,jawi
ROJHaGXX.png,jawi,0,line,jawi,jawi
w2RraQPy.jpg,pegon,0,block,pegon,pegon
iCpyVmY9.png,pegon,0,block,jawi,pegon
ivUufIe8.png,bali,0,line,bali,bali
96QJ34En.png,jawa,0,line,jawa,jawa
85lb3nur.png,jawi,0,line,jawi,jawi
W5Zgl7D7.png,lampung,0,line,lampung,lampung
AT2ggO6N.png,jawa,0,line,jawa,jawa
cWXhhLTH.png,jawi,0,line,jawi,jawi
E3CdR6fQ.png,pegon,0,block,pegon,pegon
nTiwCHmF.png,pegon,0,block,pegon,pegon
1GrWUSqh.png,sunda,0,line,sunda,sunda
hiCuBuAe.png,jawa,0,line,jawa,jawa
AC7u1TO8.png,jawi,0,glyph,jawi,jawi
PzwFtO0w.png,jawi,0,line,jawi,jawi
YDTCOOxQ.png,jawi,0,line,jawi,jawi
ZL5DeXGh.png,pegon,0,block,pegon,pegon
Zm78KvRV.jpg,pegon,0,page,pegon,pegon
YOYCZDkj.png,bali,0,line,bali,bali
mHXRdDDb.png,lampung,0,line,lampung,lampung
jANZZM42.png,jawa,0,line,jawa,jawa
H5s9IUaI.png,sunda,0,line,sunda,sunda
LlwIqrqS.png,bali,0,line,bali,bali
p1ZmXQgH.png,lontara,0,line,lontara,lontara
5a1ltj1G.png,lampung,0,line,lampung,lampung
isAtYRoW.png,lontara,0,line,lontara,lontara
8WvuXUrM.png,sunda,0,glyph,sunda,sunda
VhstHNtA.png,jawa,0,line,jawa,jawa
7TRA99ha.png,jawa,0,line,jawa,jawa
ZizWqC7c.png,sunda,0,line,sunda,sunda
Xpqd8vk4.png,lontara,0,line,lontara,lontara
VjLH5u4P.png,jawi,0,block,jawi,jawi
Y1SMqClf.png,bali,0,line,bali,bali
IM4mwRgD.png,lampung,0,line,lampung,lampung
bkQMbuRg.png,jawa,0,line,jawa,jawa
gWgjb1jF.png,lampung,0,line,lampung,lampung
7hmKyk9t.png,jawi,0,line,jawi,jawi
8sPDOugH.png,sunda,0,line,sunda,sunda
OxuzrqgY.png,jawa,0,line,jawa,jawa
9N5DsZPR.jpg,lampung,0,page,lampung,lampung
VFfAUsan.png,lampung,0,line,lampung,lampung
Qm0ta5uo.png,jawa,0,glyph,jawa,jawa
3x7VYaFh.png,lampung,0,line,lampung,lampung
bLTNpPQA.png,lampung,0,line,lampung,lampung
ATHfH6CO.png,jawi,0,line,jawi,jawi
tCMyaOLi.png,jawi,0,line,jawi,jawi
Pme1oSin.png,lampung,0,line,lampung,lampung
7HldtC9V.png,bali,0,block,bali,bali
B5E2DD4E.png,sunda,0,line,sunda,sunda
fhztY2U3.png,lontara,0,line,lontara,lontara
sTA1nYFq.png,sunda,0,line,sunda,sunda
oXIGnv2g.png,sunda,0,line,sunda,sunda
rZIKxisy.png,jawi,0,line,jawi,jawi
VutEMVio.png,jawa,0,line,jawa,jawa
r5seh29X.png,lontara,0,line,lontara,jawi
RstopTOq.png,lontara,0,line,lontara,lontara
R2JFjqRr.png,sunda,0,line,sunda,sunda
9EqCUPK2.png,jawa,0,line,jawa,jawa
zRvw8GJh.png,sunda,0,line,sunda,sunda
02An4T7T.png,sunda,0,glyph,sunda,sunda
Bz01Prso.jpg,jawi,0,page,jawi,jawi
BRUXNKdg.png,jawa,0,line,jawa,jawa
mjuI3nGZ.png,sunda,0,line,sunda,sunda
n2t4ay2m.png,bali,0,block,bali,bali
a4LNyetw.png,lampung,0,line,lampung,lampung
EaPdz2Da.png,jawi,0,line,jawi,jawi
zZUjT7jH.png,pegon,0,line,pegon,pegon
wyVjdYZa.png,jawa,0,line,jawa,bali
6I1DfcJg.png,bali,0,line,bali,bali
xlOxBqCr.png,jawa,0,line,jawa,jawa
sVmScoBU.png,jawi,0,line,jawi,jawi
McFkOTjK.png,lontara,0,line,lontara,lontara
m54NcLeq.png,sunda,0,glyph,sunda,sunda
i8bBaMP6.png,sunda,0,block,sunda,sunda
rxemDF9d.png,lampung,0,block,lampung,lampung
lDRtzr60.png,jawa,0,line,jawa,jawa
A5auRw12.png,jawa,0,line,jawa,jawa
6J2dhgt1.png,lontara,0,block,jawi,jawi
GYLPpcoX.png,jawi,0,line,jawi,jawi
z06wgOAm.png,bali,0,block,bali,bali
sJWMUaDF.png,sunda,0,glyph,sunda,sunda
mMdGIwma.png,jawi,0,line,jawi,jawi
p7xoNEji.png,bali,0,line,bali,bali
CaFdFFxV.png,lampung,0,block,lampung,lampung
P7pWofbr.jpg,jawa,0,page,jawa,jawa
XvltVda2.png,jawa,0,line,jawa,jawa
pyQ84Yr4.png,jawi,0,line,jawi,jawi
D8CHBmIE.png,jawi,0,block,jawi,jawi
3s4DI3By.png,sunda,0,line,sunda,sunda
g3JT4dEA.png,pegon,0,block,pegon,pegon
94ewkTDx.png,lampung,0,line,lampung,lampung
1LrlK8lQ.png,jawi,0,line,jawi,jawi
wbjBLuBU.png,jawi,0,line,jawi,jawi
ZN0ngQmb.png,bali,0,line,bali,bali
WqcfATow.png,jawi,0,block,jawi,jawi
D7uzmJQg.png,sunda,0,glyph,sunda,sunda
18ORA4b9.png,sunda,0,block,sunda,sunda
HWaOfeV1.png,sunda,0,line,sunda,sunda
Y2d7yaWa.png,pegon,0,line,pegon,pegon
qcRRtg6b.png,jawi,0,line,jawi,jawi
gFy7NjCi.jpg,lontara,0,block,lontara,lontara
BNztnT3G.png,sunda,0,line,sunda,sunda
C0lB4USX.png,sunda,0,line,sunda,sunda
RsXRpf3C.png,sunda,0,line,sunda,sunda
FFfDCnjR.png,jawi,0,glyph,jawi,jawi
bHwRnMpK.png,jawi,0,line,jawi,jawi
pGantmFT.png,jawa,0,line,jawa,jawa
qPNhM6FV.png,jawa,0,line,jawa,jawa
yAiMAkKx.png,sunda,0,line,sunda,sunda
a7FYASKP.png,sunda,0,glyph,sunda,sunda
KCfLxLJI.png,sunda,0,line,sunda,sunda
iwC3WfNp.png,jawa,0,line,jawa,jawa
Qn3NCkjC.png,jawi,0,line,jawi,jawi
Tl7C65lw.png,jawa,0,line,jawa,jawa
i4AFpU25.png,lampung,0,line,lampung,lampung
Upp8Rm0A.jpg,jawa,0,page,jawa,jawa
HstbKfBE.png,lampung,0,line,lampung,lampung
poQCWyYr.png,lampung,0,line,lampung,lampung
7ZPRW0FR.png,sunda,0,block,sunda,sunda
WFYK7wVf.png,jawi,0,block,jawi,jawi
6pvIX459.png,jawa,0,line,jawa,jawa
jBaqIxtA.png,sunda,0,line,sunda,sunda
U5yl4IIX.png,jawa,0,line,jawa,jawa
dpMqwLL2.png,bali,0,line,bali,bali
GlyqwkS4.png,lontara,0,line,lontara,lontara
6xN5Fd2w.png,pegon,0,block,pegon,pegon
clb99A33.png,jawi,0,line,jawi,jawi
70l0mxku.png,sunda,0,line,sunda,sunda
b89RUQx5.png,lontara,0,line,lontara,lontara
YaAJvlaX.png,jawi,0,line,jawi,jawi
0CDi1L7T.png,bali,0,line,bali,bali
hr0dfYh7.png,lontara,0,line,lontara,lontara
7JlX3bAd.png,lampung,0,line,lampung,lampung
vRes0AJq.png,lampung,0,line,lampung,lampung
m8IB76jQ.png,sunda,0,glyph,sunda,sunda
7PsKowCN.png,lontara,0,line,lontara,lontara
4HAoOb3l.png,jawi,0,line,jawi,jawi
JYtblEYm.png,jawa,0,line,jawa,jawa
IGQ5z17r.png,jawa,0,line,jawa,jawa
nbRDI49S.png,jawi,0,line,jawi,jawi
qoikUBwF.png,sunda,0,glyph,sunda,sunda
p1KvJOpI.jpg,jawa,0,page,jawa,jawa
nXFMMzKG.png,jawi,0,line,jawi,jawi
MuQjkMD7.png,jawi,0,line,jawi,jawi
RBrgVb0r.png,jawi,0,line,jawi,jawi
oQ8UwTaE.png,pegon,0,glyph,pegon,pegon
D1c1o2WU.png,lontara,0,line,lontara,lontara
2WFx5pUQ.png,jawa,0,line,jawa,jawa
VoOkCBlG.png,sunda,0,line,sunda,sunda
p3gMu4xn.png,jawa,0,line,jawa,jawa
oCvVQCcJ.png,jawa,0,line,jawa,jawa
hJoHn83a.png,sunda,0,glyph,sunda,sunda
Kgpk7ZZg.png,bali,0,line,bali,bali
37GylGd0.png,lampung,0,line,lampung,lampung
TXWQkfQ4.png,jawa,0,line,jawa,jawa
pabCL57q.png,pegon,0,block,pegon,pegon
ANzN1TIu.png,pegon,0,block,pegon,pegon
VsZpO7bY.png,pegon,0,line,pegon,pegon
jQg8o3pa.png,bali,0,line,bali,bali
DKyDdSq4.png,jawa,0,line,jawa,jawa
Pjd219XL.png,jawa,0,line,jawa,jawa
yb8drFcF.png,jawa,0,line,jawa,jawa
kalEX9GD.png,jawa,0,line,jawa,jawa
SZlo4nAd.png,lontara,1,line,lontara,lontara
brPaEeqP.png,lontara,1,line,lontara,lontara
zserujX8.jpg,bali,1,page,bali,bali
WdbxpsD0.png,lontara,1,line,lontara,lontara
E7eISFeD.png,jawi,1,line,jawi,jawi
KxxJsUIA.png,bali,1,line,bali,bali
92Scn6vQ.png,bali,1,line,bali,bali
vZh1HlrP.png,pegon,1,block,pegon,pegon
mh4YpTLf.png,sunda,1,line,sunda,sunda
1pFJnWNU.png,jawi,1,glyph,jawi,jawi
YapID8rH.png,jawa,1,line,jawa,jawa
ciJA1mjW.png,jawa,1,block,jawa,jawa
wTOJkzj8.png,jawa,1,line,jawa,jawa
NGSYgYgV.png,sunda,1,line,sunda,sunda
mASmqPJv.png,jawi,1,line,jawi,jawi
FD30O9tB.png,jawa,1,line,jawa,jawa
iPc57tQw.png,jawi,1,line,jawi,jawi
WswN2D8a.png,pegon,1,block,pegon,pegon
AlMtohM9.jpg,jawi,1,page,jawi,jawi
tuGKcLTO.png,pegon,1,block,pegon,pegon
jxxuZl8a.png,sunda,1,line,sunda,sunda
ODoFxn0s.png,jawa,1,line,jawa,jawa
GWcehJAP.png,sunda,1,glyph,sunda,sunda
XRspxxB1.png,jawi,1,line,jawi,jawi
nXqKCOKa.png,bali,1,line,bali,bali
Gx7JCcSL.png,jawi,1,line,jawi,jawi
bRpq18iJ.png,jawi,1,line,jawi,jawi
bo21nCpd.png,sunda,1,line,sunda,sunda
Qb0WFKYF.png,jawi,1,line,jawi,jawi
lHph2mVk.png,sunda,1,line,sunda,sunda
2Eo65dbo.png,lontara,1,line,lontara,lontara
lKFokYuI.png,jawa,1,line,jawa,jawa
JDdQ8TGU.png,lontara,1,line,lontara,lontara
DXzY0DKg.png,jawa,1,line,jawa,jawa
9dyJtrsn.png,lampung,1,line,lampung,lampung
IWDWEDhC.png,bali,1,block,bali,bali
XW4QHkMM.png,sunda,1,line,sunda,sunda
Kez87I4J.png,jawa,1,line,jawa,jawa
RHtL6NXw.png,sunda,1,line,sunda,sunda
t2n4u99T.png,jawi,1,line,jawi,jawi
zMOhEC7Z.png,lampung,1,line,lampung,lampung
7fLvnG6h.png,jawi,1,glyph,jawi,jawi
fIodXJ1R.png,pegon,1,line,jawi,jawi
c0vJ7SsN.png,lontara,1,line,lontara,lontara
3uZ754oe.jpg,jawa,1,page,jawa,jawa
niytSMhh.png,jawi,1,line,jawi,jawi
XZZuXKEY.png,bali,1,line,bali,bali
Y0PizvCj.png,jawi,1,block,jawi,jawi
GmZ1gfCu.png,sunda,1,line,sunda,sunda
6wUPvKhT.png,sunda,1,glyph,sunda,sunda
QBi4np6m.png,jawi,1,block,jawi,jawi
vtF71dpN.png,lampung,1,line,lampung,lampung
gGNLaVqC.png,jawi,1,line,jawi,jawi
91iDVf68.png,lampung,1,line,lampung,lampung
JMxapaoo.png,lontara,1,line,lontara,lontara
4nuIEMKJ.png,jawa,1,line,jawa,jawa
jtYjaI51.png,lampung,1,line,lampung,lampung
DZTo0L77.png,lampung,1,line,lampung,lampung
7i1dsQVN.png,pegon,1,block,pegon,pegon
fVa1V6Yb.png,jawa,1,line,jawa,jawa
AWERVvHG.png,sunda,1,line,sunda,sunda
4FK8CmTj.png,jawa,1,line,jawa,jawa
rfMDau6y.png,jawi,1,line,jawi,jawi
rbX8udzi.png,lampung,1,line,lampung,lampung
x3hDUkle.png,jawa,1,line,jawa,jawa
yU3u4hYx.png,jawi,1,glyph,jawi,jawi
3X5nVAVF.png,bali,1,line,bali,bali
9QkzJWYC.png,bali,1,page,bali,bali
tHJHoMuu.png,jawa,1,line,jawa,jawa
DUCMjwal.png,sunda,1,block,sunda,sunda
1JSBews8.png,sunda,1,line,sunda,sunda
HT9wMEXb.png,jawi,1,glyph,jawi,jawi
BcbSC01R.png,pegon,1,block,pegon,pegon
MCFLQnkE.png,jawi,1,glyph,jawi,jawi
SUn6IPsc.png,jawi,1,line,jawi,jawi
H8tMgkXB.png,bali,1,page,bali,bali
mWyRE1Sg.png,lontara,1,line,lontara,lontara
4H561G4W.png,lampung,1,line,lampung,lampung
xJG58zZU.png,jawa,1,line,jawa,jawa
cMUAQxep.png,jawi,1,line,jawi,jawi
yXw0zdtp.png,sunda,1,line,sunda,sunda
TDVNSM0O.png,pegon,1,block,pegon,pegon
Al6UyVrB.png,jawa,1,line,jawa,jawa
ekE0b395.png,lampung,1,line,lampung,lampung
OwsprBiF.png,lampung,1,line,lampung,lampung
6VcJt3f4.png,sunda,1,line,sunda,sunda
YLiWKUyc.png,sunda,1,glyph,sunda,sunda
mUmJ1MqY.png,bali,1,line,bali,bali
HUutsxXm.png,lontara,1,line,lontara,lontara
DY7jFAuq.png,lampung,1,line,lampung,lampung
JRUxainu.png,jawa,1,line,jawa,jawa
N5u0LgNa.png,jawa,1,line,jawa,jawa
VHx1ThVN.png,bali,1,line,bali,bali
PqaMUUjb.png,jawi,1,line,jawi,jawi
nGDscQIw.png,jawi,1,block,jawi,jawi
alGxFTl1.png,jawa,1,line,jawa,jawa
X5YNKDzJ.png,lontara,1,line,lontara,lontara
Cx5C6rnG.png,lontara,1,line,lontara,lontara
sYlUZjB3.png,jawa,1,line,jawa,jawa
mS2kZ8fi.jpg,bali,1,page,bali,bali
iKqu9Zk2.png,bali,1,line,bali,bali
DuLkxDKT.png,sunda,1,line,sunda,sunda
PBhcre2J.png,sunda,1,line,sunda,sunda
9JVC1D5e.png,lampung,1,line,lampung,lampung
J5rUUjOm.jpg,lontara,1,page,lontara,lontara
MM5OEUAz.png,jawa,1,line,jawa,jawa
qGn7QPCU.png,jawi,1,line,jawi,sunda
HaUlrvvF.png,jawi,1,line,jawi,jawi
jwXtZIPo.png,lampung,1,line,lampung,lampung
Jfg0aDbA.png,jawa,1,line,jawa,jawa
0RY4v3Mr.png,lontara,1,line,lontara,lontara
t0F530i0.png,sunda,1,block,sunda,sunda
rYnAsYKa.png,bali,1,line,bali,bali
8Qd3qGTa.png,lampung,1,line,lampung,lampung
M8gaGQlP.png,jawi,1,line,jawi,jawi
ZmVXRymf.png,sunda,1,glyph,sunda,sunda
9uFtnYPL.png,jawa,1,line,jawa,jawa
5au8xV24.png,lontara,1,line,jawi,lontara
yJ1ahmYi.png,sunda,1,block,sunda,sunda
8uBBrTmA.png,lontara,1,line,lontara,lontara
CbAjh73M.png,jawi,1,line,jawi,jawi
RgrRqTFt.png,lontara,1,line,lontara,lontara
98OaxYfC.png,jawi,1,glyph,jawi,jawi
o5YdNKLt.png,jawi,1,line,jawi,jawi
DKleZU2C.png,jawa,1,line,jawa,jawa
YJzwBZ1W.png,lampung,1,line,lampung,lampung
c51EHp9v.png,lontara,1,line,lontara,lontara
50M7u8ac.png,jawi,1,block,jawi,jawi
B0y4rLV8.png,jawi,1,line,jawi,jawi
tcMpHtgF.png,jawi,1,line,jawi,jawi
H2So05rF.png,lampung,1,line,lampung,lampung
DZ2S8alb.png,jawa,1,line,jawa,jawa
WIWPKilN.png,bali,1,line,bali,bali
ATKeORaE.png,bali,1,block,bali,bali
2d7sE8Pc.png,lontara,1,line,lontara,lontara
4GdmGVjg.png,sunda,1,line,sunda,sunda
4ElTzcrH.png,jawi,1,glyph,jawi,jawi
C7N9K1we.png,jawi,1,line,jawi,jawi
cFylpRIG.png,lampung,1,line,lampung,lampung
YJ3gjCEJ.png,sunda,1,line,sunda,sunda
qDr2qXBx.png,pegon,1,block,pegon,pegon
H6XrSApP.png,lontara,1,line,lontara,lontara
nbDYiJ5s.png,jawa,1,line,jawa,jawa
0ZdBQtWj.png,jawi,1,line,jawi,jawi
nTasNM93.png,lontara,1,line,lontara,lontara
BH0R4c3B.jpg,bali,1,page,bali,bali
tRAMwJga.png,jawi,1,line,jawi,jawi
KxPXeWmk.png,lontara,1,line,lontara,lontara
lfmVTRk6.png,bali,1,line,bali,bali
6AetDGDX.png,jawa,1,line,jawa,jawa
XraAu4KR.png,sunda,1,glyph,sunda,sunda
iJ9kUjfo.png,bali,1,line,bali,bali
V4z6YJQd.png,jawi,1,line,jawi,jawi
hMk547j4.png,jawi,1,block,jawi,sunda
YUnQJDOQ.png,lampung,1,line,lampung,lampung
CBTHvbPw.png,jawa,1,line,jawa,jawa
smPY9kPL.png,jawi,1,line,jawi,jawi
u68g7AwR.png,jawi,1,glyph,jawi,jawi
jcEoAn0N.png,lontara,1,line,lontara,lontara
vVc2WZn3.png,jawi,1,line,jawi,jawi
3MuE8FY7.png,lampung,1,line,lampung,lampung
bk0jl4qo.png,lontara,1,line,lontara,lontara
g6OoA5L1.png,pegon,1,block,pegon,pegon
1zxp9geQ.jpg,jawa,1,page,jawa,jawa
LO3HoNVO.png,bali,1,line,bali,bali
WJRPxjha.png,lampung,1,line,lampung,lampung
Zpy0Fr7R.png,jawa,1,line,jawa,jawa
4EW31qUo.png,bali,1,line,bali,bali
Vu91eBay.png,jawi,1,line,jawi,jawi
XUDGbHlp.png,lampung,1,line,lampung,lampung
ztUA2eyb.png,lampung,1,line,lampung,lampung
xpLtIH56.png,lontara,1,line,lontara,lontara
nGhp8rvR.jpg,lontara,1,page,lontara,lontara
yKdVboEu.png,pegon,1,block,pegon,pegon
GqN3J713.png,bali,1,line,bali,bali
svygWLbh.png,lampung,1,line,lampung,lampung
tcXc4HNt.png,jawi,1,glyph,jawi,jawi
cM7aMsIP.jpg,jawa,1,page,jawa,jawa
tviyv7W0.jpg,lampung,1,page,lampung,lampung
Jeqg0M7h.png,bali,1,line,bali,bali
KQn86KbN.jpg,bali,1,page,lampung,lampung
zxipBKYy.png,jawa,1,line,jawa,jawa
8EkknZD6.png,jawi,1,line,jawi,jawi
rriODEG0.png,jawa,1,line,jawa,jawa
xLcxiNs9.png,sunda,1,line,sunda,sunda
dYxZEzBa.png,sunda,1,line,sunda,sunda
80g7zxyM.png,jawa,1,line,jawa,jawa
OhtDRxOw.png,sunda,1,line,sunda,sunda
11J5YDvg.png,jawa,1,line,jawa,jawa
MXJBUBMT.png,jawa,1,line,jawa,jawa
o7uoMt0D.png,jawa,1,line,jawa,jawa
nz0luBwZ.png,sunda,1,line,sunda,sunda
pSiKFjbE.png,lampung,1,line,lampung,lampung
F2BFe1Ft.png,pegon,1,block,pegon,pegon
wBLg71Yy.png,lontara,1,page,pegon,pegon
h3l9ppZ3.png,jawa,1,line,jawa,jawa
cwBsh56a.png,pegon,1,block,pegon,pegon
fuuZiyNB.jpg,lontara,1,page,lontara,lontara
bCIsakwd.png,lampung,1,line,lampung,lampung
yvhE48gD.png,pegon,1,block,pegon,pegon
KqXg11it.png,jawa,1,line,jawa,jawa
NZSKqCu2.png,sunda,1,line,sunda,sunda
j2pF621b.png,sunda,1,line,sunda,sunda
BqUmXjph.png,sunda,1,block,sunda,sunda
pUiOAa74.png,jawi,1,line,jawi,jawi
3U5RoRQk.png,jawi,1,line,jawi,jawi
MMFqryiY.png,lampung,1,line,lampung,lampung
8lodvJ0E.png,sunda,1,glyph,sunda,sunda
EOH2hydY.png,jawa,1,line,jawa,jawa
krGxZur9.png,lontara,1,line,lontara,lontara
kZHNa11x.png,lontara,1,line,lontara,lontara
GGtyvDUK.png,jawi,1,line,jawi,jawi
xJX17TF8.png,jawi,1,line,jawi,jawi
9hZnoYgP.png,sunda,1,block,sunda,sunda
kdMmxAfq.png,sunda,1,line,sunda,sunda
bnhZPFr1.png,sunda,1,line,sunda,sunda
iYM4n0S7.png,pegon,1,block,pegon,pegon
kz50SphP.png,bali,1,line,bali,bali
pciJQTiE.png,lampung,1,line,lampung,lampung
UYStIPdv.png,lontara,1,line,lontara,lontara
tcGUJD42.png,bali,1,line,bali,bali
fN0sbRwP.png,lampung,1,line,lampung,lampung
tp9qoZRs.png,jawa,1,line,jawa,jawa
McbzBlOe.png,jawi,1,line,jawi,jawi
aqLVKvZq.png,lampung,1,line,lampung,lampung
g3tAkhyr.png,lampung,1,line,lampung,lampung
N8fx0ckv.png,sunda,1,line,sunda,sunda
UmCki9z3.png,bali,1,block,bali,bali
sqBZ8Hk7.png,bali,1,line,bali,bali
jXAPE9Eo.png,jawa,1,line,jawa,jawa
4DqqHcE9.png,pegon,1,block,jawi,jawi
3VNuE1ij.png,sunda,1,line,sunda,sunda
kuKMn0V1.png,jawi,1,line,jawi,jawi
sXD64T1B.png,lampung,1,line,lampung,lampung
i7V6mkQt.png,sunda,1,line,sunda,sunda
Ymh2tbFw.png,bali,1,page,bali,bali
omJSP26e.png,jawi,1,line,jawi,jawi
hephL39u.png,sunda,1,glyph,sunda,sunda
nmN9SKz7.png,sunda,1,line,sunda,sunda
Uvojcyqv.png,sunda,1,line,sunda,sunda
zDUC5EK7.png,sunda,1,line,sunda,sunda
VCA0rqrB.png,pegon,1,block,pegon,sunda
WWCrZrGd.jpg,bali,1,page,jawa,jawa
LckMmuIr.png,sunda,1,line,sunda,sunda
2Qb6JinM.png,sunda,1,glyph,sunda,sunda
sWuB86xZ.png,bali,1,line,bali,bali
ErsHzyfq.png,jawi,1,line,jawi,jawi
lINChAs2.png,bali,1,line,bali,bali
NRxim99z.png,lampung,1,line,lampung,lampung
YV3foCub.png,lampung,1,line,lampung,lampung
lkZUfCn0.jpg,jawa,1,page,jawa,jawa
Ms67SfCP.png,jawi,1,block,jawi,jawi
NYJMq1wS.png,jawa,1,line,jawa,jawa
03F12zNN.png,bali,1,line,bali,bali
AScgzXu9.png,jawi,1,line,jawi,jawi
WCHCFDE6.jpg,jawi,1,page,jawi,jawi
3yNFUOhf.png,sunda,1,line,sunda,sunda
2ZTZ8Ikx.png,jawi,1,line,jawi,jawi
u943bcWl.png,pegon,1,line,pegon,pegon
hUK8nuQB.png,jawi,1,line,jawi,jawi
ZMBv01UD.png,pegon,1,line,pegon,pegon
T4JLatBz.png,jawa,1,line,jawa,jawa
1XIObnAS.png,lampung,1,line,lampung,lampung
9HXjsPfe.png,lampung,1,line,lampung,lampung
dJmigvE4.png,sunda,1,glyph,sunda,sunda
GMGUEqmg.png,lampung,1,line,lampung,lampung
esLndHHd.png,sunda,1,block,sunda,sunda
1hjGIOew.png,sunda,1,line,sunda,sunda
dW42Xqc0.png,lampung,1,line,lampung,lampung
a6e261ou.png,lampung,1,line,lampung,lampung
FCyW5YHL.png,bali,1,line,bali,bali
UQYBS2kZ.png,lontara,1,line,lontara,lontara
8tLVMECM.png,jawa,1,line,jawa,jawa
RhkbnXZR.png,sunda,1,line,sunda,sunda
UUwcG7MN.png,jawi,1,line,jawi,jawi
lUuAU6E8.jpg,jawi,1,page,pegon,pegon
smfsvzjh.png,sunda,1,line,sunda,sunda
AAXxBY3x.png,jawa,1,line,jawa,jawa
CaH8XW8B.png,sunda,1,line,sunda,sunda
FMtlSA5W.png,sunda,1,line,sunda,sunda
wrPDipzT.png,sunda,1,line,sunda,sunda
hRKdeXBd.png,lontara,1,line,lontara,lontara
DEK5XpBn.png,bali,1,line,bali,bali
ufoKDtK9.png,jawi,1,line,jawi,jawi
IAjPl3Z2.png,pegon,1,block,pegon,pegon
SnU6PDVr.png,jawi,1,line,jawi,jawi
FUOIUHTI.png,sunda,1,line,sunda,sunda
PVvyk4eR.png,lontara,1,line,lontara,lontara
GOpyxAwP.png,jawa,1,line,jawa,jawa
jKUrpvpy.png,bali,1,line,bali,bali
EOoEfT8V.png,jawa,1,line,jawa,jawa
stfZewkr.png,lampung,1,line,lampung,lampung
oXWKMEYU.png,jawi,1,line,jawi,jawi
oy9AjJSq.png,lampung,1,line,lampung,lampung
D8AGWEgm.png,sunda,1,line,sunda,sunda
Q3Q4mo2P.png,jawi,1,line,jawi,jawi
05E6cN2H.jpg,bali,1,page,bali,bali
JANKXYDQ.png,sunda,1,line,sunda,sunda
pv2y0ifu.png,jawa,1,line,jawa,jawa
JvDICrXo.png,jawa,1,block,jawa,jawa
qZxtXrxJ.png,pegon,1,block,pegon,pegon
QTLJKRy7.png,lampung,1,line,lampung,lampung
3g73ErdB.png,jawi,1,glyph,jawi,jawi
O72oEUEN.png,jawi,1,glyph,jawi,jawi
nDQ83aBq.png,jawi,1,glyph,jawi,jawi
HiwcczB3.png,jawa,1,line,jawa,jawa
c0Qsxy7e.png,jawi,1,line,jawi,jawi
5YDbEfBO.png,jawi,1,glyph,jawi,jawi
KPamIaBc.png,sunda,1,line,sunda,sunda
m3DY4h7N.png,sunda,1,line,sunda,sunda
lXCQl9TD.png,lontara,1,line,lontara,lontara
bv4i3Hy5.jpg,lampung,1,page,lampung,lampung
FRxoEmsj.png,jawa,1,line,jawa,jawa
G2Yo1KXC.png,sunda,1,glyph,sunda,sunda
7gXMJG6J.webp,lontara,1,page,lontara,lontara
sTPZ9pY9.png,bali,1,line,bali,bali
gVqz9byo.png,sunda,1,line,sunda,sunda
4da6zWMs.png,pegon,1,block,pegon,pegon
To3jYmKq.png,sunda,1,glyph,sunda,sunda
SzEbRPDF.png,sunda,1,glyph,sunda,sunda
nLFOghtc.png,jawa,1,line,jawa,jawa
pbRGdxNa.png,lampung,1,line,lampung,lampung
n20K6eX1.png,lampung,1,line,lampung,lampung
4b8hSGve.png,jawa,1,line,jawa,jawa
vVFcLQJA.png,jawa,1,glyph,jawa,jawa
Kb0OMs2F.png,sunda,1,glyph,sunda,sunda
7KSDQ45c.png,lampung,1,line,lampung,lampung
f9cIdnQp.jpg,sunda,1,page,pegon,pegon
LOt4i5xE.png,jawi,1,line,jawi,jawi
WLPU0XAt.png,bali,1,line,bali,bali
36TapIhU.png,sunda,1,line,sunda,sunda
qBistJyl.png,pegon,1,glyph,pegon,pegon
hESF37wT.png,jawi,1,line,jawi,jawi
FxLdbpDH.png,sunda,1,glyph,sunda,sunda
py0rDMIZ.png,jawi,1,line,jawi,jawi
DoIjOBVM.png,sunda,1,line,sunda,sunda
WYngEEh9.png,jawa,1,line,jawa,jawa
lbHpRziu.png,jawa,1,line,jawa,jawa
ClHmnE3M.png,sunda,1,line,sunda,sunda
Iie8eXEM.png,jawa,1,line,jawa,jawa
xYzq0GmI.png,jawi,1,line,jawi,jawi
baZWnmbC.png,jawa,1,line,jawa,jawa
NKj6pIDe.png,lampung,1,line,lampung,lampung
ze6LVt3f.jpg,jawa,1,page,jawa,jawa
eeexVWkF.png,jawa,1,line,jawa,jawa
Djrt0occ.png,jawi,1,line,jawi,jawi
4ws9WOfJ.png,lontara,1,line,lontara,lontara
aHm2wwPd.png,lampung,1,line,lampung,lampung
pVN1uJzQ.png,lampung,1,line,lampung,lampung
cQqHTDoa.png,jawi,1,line,jawi,jawi
20iTDSMa.png,sunda,1,glyph,sunda,sunda
JV0rKzui.png,lampung,1,line,lampung,lampung
Pi1VW9Sr.png,jawi,1,line,jawi,jawi
JlKVUNOk.png,jawi,1,line,jawi,jawi
vE8trGvN.png,jawi,1,glyph,jawi,jawi
WZgv1FNH.png,jawi,1,line,jawi,jawi
7MQLP5hC.png,jawa,1,block,jawa,jawa
8rtQdXCn.png,bali,1,line,bali,bali
vpbIBAhx.png,jawa,1,line,jawa,jawa
Z7MzzqtR.png,bali,1,line,bali,bali
L0wKYVh9.png,jawi,1,line,jawi,jawi
kMdVAUcU.png,lontara,1,line,lontara,lontara
8Da7mGrN.png,pegon,1,block,pegon,pegon
HPIqKh3v.png,jawi,1,line,jawi,jawi
mYmraZ5C.png,bali,1,line,bali,bali
kuEFJR8y.png,lontara,1,line,lontara,lontara
9enuJq0y.png,sunda,1,block,sunda,sunda
q9pibTZ9.png,lontara,1,line,lontara,lontara
9NkwViXj.png,jawi,1,line,jawi,jawi
ByChr7Ym.png,jawa,1,line,jawa,jawa
OIPUFwK1.png,lontara,1,line,lontara,lontara
ApySYVQH.png,pegon,1,line,jawi,jawi
b82ggHWL.png,sunda,1,line,sunda,sunda
cuKxWYj2.png,sunda,1,line,sunda,sunda
xum0gGIa.png,bali,1,line,bali,bali
PoU7LTEl.png,sunda,1,line,sunda,sunda
3XBxHC6x.png,jawi,1,glyph,jawi,jawi
ZQ20ph6F.png,jawi,1,line,jawi,jawi
9nA77pxE.png,sunda,1,line,sunda,sunda
K5b5Oyre.png,lontara,1,line,lontara,lontara
Jc2DCLJE.png,lampung,1,line,lampung,lampung
gvY2Mlhi.png,sunda,1,glyph,sunda,sunda
CNIF2MO6.png,jawi,1,line,jawi,jawi
DR7xzzkP.png,jawa,1,line,jawa,jawa
vpkXnJK9.png,pegon,1,block,pegon,pegon
Xtyid4hD.png,jawa,1,line,jawa,jawa
9nhODgRn.png,sunda,1,line,sunda,sunda
huxPExx2.png,jawa,1,line,jawa,jawa
w0tvoyQC.png,jawi,1,line,jawi,jawi
AWstPzCd.png,lampung,1,line,lampung,lampung
6XJFVlyu.png,pegon,1,block,pegon,pegon
56IrbZRC.png,bali,1,line,bali,bali
sFlWNNdA.png,lampung,1,line,lampung,lampung
2gzej8LI.png,lontara,1,line,lontara,lontara
NwiJZKih.png,jawa,1,line,jawa,jawa
PYyGodVd.png,lampung,1,line,lampung,lampung
PYUDpaj9.png,pegon,1,glyph,pegon,pegon
x2MmE1XN.png,sunda,1,glyph,sunda,sunda
4reTZEMd.png,sunda,1,glyph,sunda,sunda
LXsgL7t6.png,bali,1,line,bali,bali
5aSIRB27.png,jawa,1,line,jawa,jawa
wZBZmXVo.png,jawa,1,line,jawa,jawa
9lVWK1Ji.png,lontara,1,line,lontara,lontara
aqJNnSR5.png,pegon,1,line,pegon,pegon
Wd45gxtK.png,sunda,1,line,sunda,sunda
BpMwF2nb.png,lontara,1,line,lontara,lontara
DycqI7mT.png,sunda,1,line,sunda,sunda
Q5TmKwnk.jpg,pegon,1,page,pegon,pegon
UAKR5XNh.png,sunda,1,line,sunda,sunda
QE7E32zM.png,lontara,1,line,lontara,lontara
SRt9vg3w.png,bali,1,line,bali,bali
TS2tB1xT.png,sunda,1,line,sunda,sunda
XVcZ3gSG.png,jawa,1,line,jawa,jawa
KaAh5Zwo.png,pegon,1,block,pegon,pegon
59DTmuXq.png,lampung,1,line,lampung,lampung
KjO2MkOE.png,jawi,1,glyph,jawi,jawi
Z9rSQW7d.png,sunda,1,line,sunda,sunda
LkEMHDv3.png,jawi,1,line,jawi,jawi
Age0JNbQ.png,sunda,1,glyph,sunda,sunda
ITHAgai3.png,sunda,1,glyph,sunda,sunda
AUzSWcSf.png,lontara,1,line,lontara,lontara
Dv1PC14L.png,jawa,1,block,jawa,jawa
lGKE3TNF.png,bali,1,glyph,jawi,jawi
8cpX2pVc.jpg,lampung,1,line,lampung,lampung
KK8NwYUb.png,jawi,1,line,jawi,jawi
lb8jqQ9Z.png,lampung,1,line,lampung,lampung
SduoL81h.png,jawi,1,line,jawi,jawi
xUX60Xgu.png,sunda,1,line,sunda,sunda
LYew8Miu.png,sunda,1,line,sunda,sunda
ELZIsqgV.png,jawa,1,line,jawa,jawa
drKaI6XR.jpg,pegon,1,page,pegon,pegon
4UCVa5j8.png,lontara,1,line,lontara,lontara
88Ooz9IA.png,jawi,1,line,jawi,jawi
3YQhv7gK.png,pegon,1,block,pegon,pegon
3Q4CXWh2.png,jawi,1,line,jawi,jawi
d5RdQtn0.png,bali,1,glyph,bali,bali
JDYNia3z.png,lampung,1,line,lampung,lampung
JvdxphQC.png,jawa,1,line,jawa,jawa
8DzvCPeU.png,lampung,1,line,lampung,lampung
3CimsDAy.png,lontara,1,line,lontara,lontara
tyCBHhT7.png,bali,1,line,bali,bali
kI1F48fG.jpg,sunda,1,page,sunda,sunda
QXjb5GEa.jpg,lampung,1,page,lampung,lampung
2v8NSzWR.jpg,pegon,1,page,pegon,pegon
TOVwIVEf.png,sunda,1,line,sunda,sunda
9l4LMazG.png,lontara,1,page,lontara,lontara
C2kiRpvg.png,lampung,1,line,lampung,lampung
fpsgb5GV.png,lampung,1,line,lampung,lampung
zSKBF5ad.png,jawa,1,line,jawa,jawa
KpRcwnvc.jpg,lontara,1,page,lontara,lontara
pTjUat0g.png,bali,1,line,bali,bali
BBsr7HcW.png,lontara,1,line,lontara,lontara
4cnCZdqC.png,lontara,1,line,lontara,lontara
WjjjhAoK.png,jawa,1,line,jawa,jawa
lwvKN1mf.png,jawa,1,line,jawa,jawa
fI28pTaG.png,jawa,1,line,jawa,lampung
lkCM0ApG.png,jawa,1,line,jawa,jawa
DRyqEjHp.png,jawa,1,line,jawa,jawa
0lPkokiG.jpg,lampung,1,page,lampung,lampung
3zbf5W4B.png,lontara,1,line,lontara,lontara
GgxjirJ3.png,jawa,1,line,jawa,jawa
ZSYJH5VG.png,jawi,1,line,jawi,jawi
lDTf1iaZ.png,jawa,1,line,jawa,jawa
lWqGfthg.jpg,jawi,1,page,jawi,jawi
lFWhw6zZ.png,lontara,1,line,lontara,lontara
ZOJNOSoS.png,sunda,1,line,sunda,sunda
mdcWJNhe.png,jawa,1,line,jawa,jawa
RA3JJ73G.png,jawa,1,line,jawa,jawa
gHwP5faW.png,lontara,1,line,lontara,lontara
qv8MPAZZ.png,jawa,1,line,jawa,jawa
HlHV3i61.png,jawa,1,line,jawa,jawa
W1I6n8PU.png,bali,1,line,bali,bali
qXCFidUW.png,pegon,1,block,pegon,pegon
DLftqOJn.png,jawa,1,line,jawa,jawa
RTFSbVj1.png,lampung,1,line,lampung,lampung
A2eg6TZk.png,jawi,1,line,jawi,jawi
xoWpVy3M.jpg,bali,1,page,bali,bali
V1BoyGIl.png,lampung,1,line,lampung,lampung
wJLSOF58.jpg,lontara,1,page,lontara,lontara
du5jmDay.png,jawa,1,line,jawa,jawa
jZVd3dMy.png,jawa,1,line,jawa,jawa
dBoBgDiR.png,jawi,1,line,jawi,jawi
TgOWUXvR.png,lampung,1,line,lampung,lampung
YlwWbGg5.png,jawi,1,glyph,jawi,jawi
kTFSjevF.png,jawi,1,line,jawi,jawi
0GHckJbq.png,sunda,1,line,sunda,sunda
PwoM0tyX.png,jawi,1,glyph,jawi,jawi
3vKf3saV.png,lampung,1,line,lampung,lampung
J5DkO3dk.png,jawi,1,glyph,jawi,jawi
UjwHu6WB.png,jawa,1,line,jawa,jawa
e0n0nE8Z.png,lampung,1,line,lampung,lampung
u3c9ZTqQ.jpg,jawa,1,page,jawa,jawa
Dd0jNE9v.png,sunda,1,glyph,sunda,sunda
Kw4PRAzE.png,lontara,1,line,lontara,lontara
MscHvNuk.png,pegon,1,block,pegon,pegon
0qieWTAa.jpg,pegon,1,page,pegon,pegon
IE5oHD3M.png,jawa,1,line,jawa,jawa
bBVQpdj1.png,lampung,1,line,lampung,lampung
I3dQluWZ.png,jawa,1,line,jawa,jawa
xSW9pTyw.png,jawa,1,line,jawa,jawa
peQYqrbb.png,jawi,1,line,jawi,jawi
7Wq83fQ5.png,jawa,1,line,jawa,jawa
UGgD2DKA.png,jawi,1,line,jawi,jawi
DiTgY9CI.png,jawi,1,glyph,jawi,jawi
W9KU9Wvz.png,bali,1,line,bali,bali
sGcIIOD4.png,pegon,1,block,pegon,pegon
Pwxovv4w.jpg,pegon,1,page,pegon,pegon
p351Z4S5.png,lontara,1,line,lontara,lontara
W9YzgCDe.jpg,bali,1,page,bali,bali
zpjnHXjv.png,jawa,1,line,jawa,jawa
sraqOBct.png,lampung,1,line,lampung,lampung
KMr4VEKF.png,lampung,1,line,lampung,lampung
fSs4JQ76.png,jawa,1,line,jawa,jawa
segKORP7.png,lampung,1,line,lampung,lampung
NCiHszCQ.png,jawi,1,glyph,jawi,jawi
pI6H93As.png,lontara,1,line,lontara,jawi
2Z5KwPmp.png,lampung,1,line,lampung,lampung
IPSizNWQ.png,jawi,1,glyph,jawi,jawi
r96Tl3Hf.png,bali,1,line,bali,bali
g45mFPbB.png,lontara,1,line,lontara,lontara
ePMlluIs.png,jawa,1,line,jawa,jawa
BYVSlwwq.png,jawi,1,block,jawi,jawi
S956mZFT.png,bali,1,line,bali,bali
3LzGlLOu.png,lampung,1,line,lampung,lampung
0MabuhkW.png,bali,1,block,bali,bali
CnouVewX.png,lontara,1,line,lontara,lontara
ksrg3wo4.png,pegon,1,block,pegon,pegon
X7Mu75aM.png,bali,1,block,bali,bali
g9oS32ZH.png,lampung,1,line,lampung,lampung
4QqymdHS.png,jawi,1,line,jawi,jawi
nZXPsFKH.png,bali,1,line,bali,bali
vXtcdKz0.png,pegon,1,block,jawi,jawi
FfT3Mhg3.png,jawi,1,line,jawi,jawi
OCzTk2QT.png,jawa,1,line,jawa,jawa
xHinAwkA.png,jawi,1,line,jawi,jawi
jz49o2DX.png,sunda,1,line,sunda,sunda
JKBbhzU0.png,jawa,1,line,jawa,jawa
bexck0P3.png,jawi,1,line,jawi,jawi
xNFgcLhi.png,lontara,1,line,lontara,lontara
r1npzOw1.png,bali,1,line,bali,bali
Nvn5qA11.png,lampung,1,line,lampung,lampung
4DT4yDiz.png,jawi,1,line,jawi,jawi
EDVlXN07.png,jawa,1,line,jawa,jawa
bJ67yc1f.png,jawi,1,line,jawi,jawi
hRg2qwvr.png,pegon,1,block,pegon,pegon
Jm77pTKe.jpg,jawa,1,page,jawa,jawa
AGklOEmZ.png,jawa,1,line,jawa,jawa
lMUp3E7m.png,lampung,1,line,lampung,lampung
sOL5z0Ty.png,sunda,1,line,sunda,sunda
JFkmuSPK.png,bali,1,line,bali,bali
MOjCWfLE.png,bali,1,line,bali,bali
hTRcU7KL.png,lontara,1,line,lontara,lontara
I0u2MD7s.png,pegon,1,block,pegon,pegon
bnmNrxH6.png,jawa,1,line,jawa,jawa
ajhbUFb1.png,jawi,1,line,jawi,jawi
uIB2VqCb.png,lampung,1,line,lampung,lampung
V4henON5.png,jawa,1,line,jawa,jawa
0Zb29GIM.png,jawa,1,line,jawa,jawa
j4Ob2WUG.png,jawa,1,line,jawa,jawa
WAMz5qlK.png,sunda,1,line,sunda,sunda
x7pzCUYv.png,pegon,1,line,pegon,pegon
adTHtUHd.png,lontara,1,line,lontara,lontara
HEAYE6QE.png,sunda,1,line,sunda,sunda
0og3oXGS.png,jawi,1,line,jawi,jawi
x4VTS4EG.png,pegon,1,block,pegon,pegon
EK2HtJoO.png,lampung,1,line,lampung,lampung
50t210oB.png,sunda,1,line,sunda,sunda
z1Bh05Xj.png,sunda,1,line,sunda,sunda
6k0z1nYo.png,jawi,1,glyph,jawi,jawi
Es5vv048.png,lampung,1,line,lampung,lampung
cE2bXLyt.png,pegon,1,line,pegon,pegon
946vQ9LQ.png,jawi,1,line,jawi,jawi
esnjGQul.png,lampung,1,line,lampung,lampung
S2FxkwQy.png,sunda,1,block,sunda,sunda
RY9pKXN7.jpg,bali,1,page,bali,bali
gF7KzaLt.png,pegon,1,block,pegon,pegon
rlAo2Dbn.png,sunda,1,line,sunda,sunda
lBQfj5Tg.png,jawi,1,glyph,jawi,jawi
sutQHxh9.png,lontara,1,line,lontara,lontara
VK4f1P3r.png,lampung,1,line,lampung,lampung
X97SgL7K.png,sunda,1,line,sunda,sunda
S7QW6kSt.png,bali,1,line,bali,bali
zEKfb4Px.png,jawa,1,line,jawa,jawa
AZSBFxTH.png,lampung,1,line,lampung,lampung
tTKbehgk.png,bali,1,line,bali,bali
9rK6DI1d.png,jawa,1,line,jawa,jawa
YZEJQ1iA.png,jawa,1,line,jawa,jawa
9ZlgBAKg.png,jawi,1,line,jawi,jawi
zasgaCVk.jpg,pegon,1,page,jawi,jawi
zfCKqwfY.png,lontara,1,line,lontara,lontara
fQ8cDVLW.png,jawa,1,line,jawa,jawa
3N5as1d8.png,lontara,1,line,lontara,lontara
DfJiDkYP.png,bali,1,block,bali,bali
97WdaxBp.png,jawi,1,line,jawi,jawi
CMJ08Y3i.png,sunda,1,line,sunda,sunda
gpcToES9.png,lampung,1,line,lampung,lampung
6k5O7gob.png,pegon,1,line,pegon,pegon
xtXw0TeJ.png,lampung,1,line,lampung,lampung
pL1TEs2W.webp,pegon,1,page,pegon,pegon
iXE7FVx4.png,sunda,1,line,sunda,sunda
RPAbitNJ.png,jawi,1,glyph,jawi,jawi
GcWEasCe.png,pegon,1,block,pegon,pegon
3s2swDnP.png,jawa,1,line,jawa,jawa
8Aqs59wk.png,jawi,1,line,jawi,jawi
hsGNHx9x.png,lampung,1,line,lampung,lampung
jHlVtGNK.png,bali,1,line,bali,bali
yUrGJcUt.png,jawa,1,line,jawa,jawa
9rr8VvDa.jpg,jawa,1,page,jawa,jawa
LG4wGEN4.png,lampung,1,line,lampung,lampung
bgn3EjVU.jpg,lampung,1,page,lampung,lampung
6dURbwBE.png,jawi,1,line,jawi,jawi
z5To7Zqy.png,jawi,1,line,jawi,jawi
jHeGsTl9.png,lontara,1,line,lontara,lontara
Fa9Sqkkj.png,jawi,1,line,jawi,jawi
fUmrSdl8.png,lontara,1,line,lontara,lontara
lNDHae3z.png,jawi,1,glyph,jawi,jawi
wnnJ84RO.png,sunda,1,line,sunda,sunda
wzc486zM.png,jawa,1,line,jawa,jawa
GU1F6lcF.png,sunda,1,line,sunda,sunda
gQvPKt46.png,sunda,1,line,sunda,sunda
pJKK2jvz.png,sunda,1,line,sunda,sunda
YC50Y2xf.png,bali,1,line,bali,bali
tEXmYAkO.jpg,lontara,1,page,lontara,lontara
e2zApEOz.png,jawi,1,glyph,jawi,jawi
GsMZInH1.png,jawa,1,line,jawa,jawa
xmBBDOZ6.png,jawa,1,line,jawa,jawa
EvWOEOgu.jpg,jawa,1,page,jawa,jawa
RkH3Vfp4.png,jawa,1,line,jawa,jawa
CgTgNi2V.png,sunda,1,glyph,sunda,sunda
MFJuflPy.png,sunda,1,line,sunda,sunda
cH9bWQc1.png,sunda,1,line,sunda,sunda
FBQDQBpe.png,pegon,1,block,pegon,pegon
NHfOmNh0.png,lontara,1,line,lontara,lontara
XT14baEq.png,sunda,1,line,sunda,sunda
pIe2Shm6.png,jawi,1,line,jawi,jawi
9GPJrzaR.png,lontara,1,line,lontara,lontara
nSffF8XA.png,jawa,1,line,jawa,jawa
BacEIvNg.png,lontara,1,line,lontara,lontara
jdCvJbl9.png,sunda,1,line,sunda,sunda
BJ5K7OU4.png,sunda,1,line,sunda,sunda
PitPRSez.png,jawa,1,line,jawa,jawa
UWU9GyhN.png,jawi,1,line,jawi,jawi
mpNxLrg5.png,jawi,1,line,jawi,jawi
DAZyha4L.png,jawa,1,line,jawa,jawa
QyFBpq4o.png,lampung,1,line,lampung,lampung
6aUkvJCS.png,jawi,1,line,jawi,jawi
Xx9Hy0FJ.png,jawa,1,line,jawa,jawa
z5dSF1Z0.jpg,jawi,1,page,jawi,jawi
NJiO6TAV.png,lampung,1,line,lampung,lampung
DYYniDA0.png,jawi,1,line,jawi,jawi
BHr4Mwsc.png,lontara,1,line,lontara,lontara
7EGLeWm4.png,jawi,1,line,jawi,jawi
OeCwdBQ9.png,bali,1,line,bali,bali
j68Kd21T.png,jawi,1,line,jawi,jawi
t89vfsjM.png,jawa,1,line,jawa,jawa
Ku2Zj2ob.png,lampung,1,line,lampung,lampung
O4JCHlaE.png,lampung,1,line,lampung,lampung
PN7DuOxW.png,sunda,1,line,sunda,sunda
ba5StGlD.png,jawa,1,line,jawa,jawa
HCofwuMG.png,jawa,1,line,jawa,jawa
68e04qUG.png,sunda,1,line,sunda,sunda
zS66xGK1.png,jawa,1,line,jawa,jawa
wPvgJErT.png,jawi,1,line,jawi,jawi
0C1sE7yC.png,lampung,1,line,lampung,lampung
HUS3Q1se.png,sunda,1,glyph,jawi,jawi
upopagai.png,lampung,1,line,lampung,lampung
07pXWflD.png,pegon,1,block,pegon,pegon
h3TbKd64.png,bali,1,line,bali,bali
2zRgk90B.png,jawa,1,line,jawa,jawa
41bEJMvp.png,jawi,1,line,jawi,jawi
MUdEbs86.png,sunda,1,line,sunda,sunda
FG3ueBkZ.png,jawi,1,line,jawi,jawi
VvkahcJH.png,lampung,1,line,lampung,lampung
W1sIfo57.png,sunda,1,glyph,sunda,sunda
RvnDiOyf.png,pegon,1,block,pegon,pegon
OOgfsu4i.png,bali,1,line,bali,bali
Se1AkYtw.png,lontara,1,line,lontara,lontara
U1LFb1er.png,sunda,1,glyph,sunda,sunda
P4GmIvf9.png,sunda,1,block,sunda,sunda
nwpqPVL8.png,jawa,1,line,jawa,jawa
tIopNkaY.png,sunda,1,block,sunda,sunda
9H42Na54.png,jawa,1,line,jawa,jawa
YZJjbcRD.png,sunda,1,block,sunda,sunda
mStZ1KIy.png,sunda,1,glyph,sunda,sunda
Z7wXfMoS.png,lontara,1,line,lontara,lontara
MEeNEAtO.png,lampung,1,line,lampung,lampung
GpJFtA35.png,jawi,1,glyph,jawi,jawi
r5siQaoT.png,sunda,1,line,sunda,sunda
Rq6ARtYz.png,lontara,1,line,lontara,lontara
uDCpeB83.png,sunda,1,line,sunda,sunda
AywtGwk9.png,bali,1,line,bali,bali
48vzxUs0.png,bali,1,line,bali,jawi
W7MDlp91.png,sunda,1,glyph,sunda,sunda
CyXkBtVS.png,lampung,1,line,lampung,lampung
nY2ugXgV.png,jawa,1,line,jawa,jawa
mb46dG7l.png,jawi,1,glyph,jawi,jawi
yjdyA4ew.png,pegon,1,block,pegon,pegon
dwdinPSa.png,jawi,1,line,jawi,jawi
iCzpnrgn.png,jawa,1,line,jawa,jawa
2xqocgnn.png,jawi,1,line,jawi,jawi
KXX9rqp9.png,jawa,1,line,jawa,jawa
Okf3d3Wh.png,pegon,1,block,pegon,pegon
mBBZjQIj.png,sunda,1,line,sunda,sunda
WaAj0hRS.png,bali,1,line,bali,bali
dMNkE1Ou.png,pegon,1,line,pegon,pegon
OrtLHxsW.png,bali,1,line,bali,bali
IcvwoHi5.png,jawa,1,line,jawa,jawa
PqGoUotM.png,lontara,1,line,lontara,lontara
HcdfCAZd.png,sunda,1,line,sunda,sunda
OFPHRovZ.png,jawi,1,block,jawi,jawi
ih1FqWkA.png,jawa,1,block,jawa,jawa
ojFD6pZm.png,jawi,1,line,jawi,jawi
9D9NLBaF.jpg,sunda,1,page,lampung,lampung
hcpkttpU.png,sunda,1,line,sunda,sunda
B9qWsgCy.png,bali,1,line,bali,bali
s1YcGI2I.png,jawi,1,line,jawi,jawi
80ojwRWZ.png,pegon,1,line,pegon,pegon
DXszkDdN.png,jawi,1,line,jawi,jawi
UdhDfaAy.png,jawa,1,line,jawa,jawa
vgioF8rC.png,jawa,1,line,jawa,jawa
CuRMXZBz.png,pegon,1,block,pegon,pegon
dP4RZxcI.png,jawi,1,glyph,jawi,jawi
d3UqJGKe.png,jawi,1,line,jawi,jawi
hrxUi4So.png,jawi,1,line,jawi,jawi
27D56YjS.png,lampung,1,line,lampung,lampung
BpNhg6ls.png,sunda,1,line,sunda,sunda
txixAaRu.png,jawi,1,glyph,jawi,jawi
C566ep0O.png,jawi,1,line,jawi,jawi
Chi8tOxt.png,jawa,1,line,jawa,jawa
4t6j7WDj.jpg,lampung,1,page,lampung,lampung
CxqhB2vV.png,bali,1,line,bali,bali
vk31wBev.png,jawi,1,line,jawi,jawi
78ORQc4c.png,sunda,1,line,sunda,sunda
g3kvSk1p.png,jawi,1,glyph,jawi,jawi
GAOgnfKS.png,pegon,1,block,pegon,pegon
OqCvqOrQ.png,pegon,1,block,pegon,pegon
AanAhSMP.png,jawi,1,glyph,jawi,jawi
l04dtfsw.png,lampung,1,line,lampung,lampung
pYOWOnoZ.png,jawi,1,glyph,jawi,jawi
CUahBk8n.png,jawi,1,line,jawi,jawi
DYeVyAyC.png,sunda,1,glyph,sunda,sunda
fgR4T1WK.png,bali,1,line,bali,bali
T5ThUHie.jpg,jawi,1,page,jawi,jawi
86I8SQzL.png,jawi,1,line,jawi,jawi
NUd1UDvM.png,lontara,1,line,lontara,lontara
IXK7zxuZ.png,jawa,1,line,jawa,jawa
Sj0tYd67.png,jawi,1,block,jawi,jawi
lQXSutzH.png,jawa,1,line,jawa,jawa
z93c8GUg.png,bali,1,line,bali,bali
exqWyPOU.png,sunda,1,line,sunda,sunda
FPuPjmRC.png,lontara,1,line,lontara,lontara
N0bb2f2V.png,pegon,1,line,pegon,pegon
EYpmsJp4.jpg,bali,1,page,bali,bali
MZ9jtSor.png,lampung,1,line,lampung,lampung
B494gp8Z.png,jawa,2,line,jawa,jawa
PbvtXzAF.png,lontara,2,line,lontara,lontara
oV1rqiki.png,sunda,2,line,sunda,sunda
3YX19rhG.png,pegon,2,line,jawi,jawi
GmuReuLR.png,sunda,2,block,sunda,sunda
5rjyLVjM.png,sunda,2,line,sunda,sunda
UmCiBs0K.png,jawi,2,line,jawi,jawi
sEWlF4GG.png,jawa,2,line,jawa,jawa
c5qAky23.png,sunda,2,glyph,sunda,sunda
ozj6KCYP.png,bali,2,line,bali,bali
dqBT88Ps.png,jawi,2,glyph,jawi,jawi
j1hLG7kG.png,lampung,2,line,lampung,lampung
ejB5lV79.png,jawa,2,line,jawa,jawa
lM3588zD.png,jawi,2,glyph,jawi,jawi
dsMBZPzT.png,sunda,2,line,sunda,sunda
LLZtcVWL.png,bali,2,line,bali,bali
AxZ5sTvi.png,jawa,2,line,jawa,jawa
snVEL8LD.png,bali,2,line,bali,bali
loTKHqLn.png,jawi,2,line,jawi,jawi
WhdB3FSi.png,jawa,2,block,jawa,jawa
FgzMhPjr.png,jawi,2,block,jawi,jawi
DLSJox4o.png,jawa,2,block,jawa,jawa
13j6YVfp.png,lontara,2,line,lontara,lontara
uBQ42CXJ.png,sunda,2,line,sunda,sunda
kTGitTTZ.png,jawa,2,line,jawa,jawa
xuPX8psl.png,lontara,2,line,lontara,lontara
ZnCNUFWa.png,jawa,2,line,jawa,jawa
Uv3ZYkHU.png,lampung,2,line,lampung,lampung
SLBFk2LV.png,pegon,2,line,pegon,pegon
hl9Zkp1X.png,bali,2,line,bali,bali
ghORLgLJ.png,jawa,2,line,jawa,jawa
HWMpicqN.png,bali,2,line,bali,bali
IEjn8TEX.png,jawa,2,line,jawa,jawa
MIUYemUt.png,jawa,2,line,jawa,jawa
sB5nwmQC.png,jawa,2,line,jawa,jawa
DAgTCtts.png,bali,2,line,bali,bali
noOwJU2p.png,sunda,2,line,sunda,sunda
A8uMZawH.png,pegon,2,block,pegon,pegon
qg0nD3g1.png,bali,2,line,bali,bali
uqkPqX5q.png,jawa,2,line,jawa,jawa
ehQYMkng.png,bali,2,line,bali,bali
YB8a3Tvf.png,pegon,2,block,pegon,pegon
VBXfIuQo.png,lampung,2,line,lampung,lampung
Enpc8p6E.jpg,lampung,2,block,lampung,lampung
ArLIuehv.png,pegon,2,page,pegon,pegon
nHpvpCBB.png,sunda,2,block,sunda,sunda
zpTONVp2.png,jawi,2,line,jawi,jawi
XxWkw905.png,lontara,2,line,lontara,lontara
fKyxPzrH.png,pegon,2,block,pegon,pegon
PAWQTNXw.png,jawa,2,line,jawa,jawa
wo76s5ii.png,pegon,2,block,pegon,pegon
813ukdjO.png,pegon,2,block,pegon,pegon
BLCK8n8x.png,jawi,2,line,jawi,jawi
Mzb4wZCZ.png,jawa,2,line,jawa,jawa
v6kj867e.png,lampung,2,line,lampung,lampung
0HGBgMZi.png,jawi,2,line,jawi,jawi
xNBTYUed.png,bali,2,line,bali,bali
kroxfm4S.png,lampung,2,line,lampung,lampung
dwY5xOLe.png,lampung,2,line,lampung,lampung
oIQUcmLf.png,jawi,2,line,jawi,jawi
VMP4kZ1O.png,jawi,2,line,jawi,jawi
PfkSwejU.png,lontara,2,line,lontara,lontara
Y0M39Mof.png,lontara,2,line,lontara,lontara
lwSlyHKB.png,bali,2,line,bali,bali
cJWdEO6y.png,jawi,2,line,jawi,jawi
ICgXhk2z.png,jawi,2,line,jawi,jawi
rAKwhp69.png,jawi,2,line,jawi,jawi
enryLTKQ.png,jawi,2,line,jawi,jawi
5h3w4knj.png,lampung,2,line,lampung,lampung
W7ysnf9R.png,lampung,2,line,lampung,lampung
i5hIEwfF.png,lampung,2,line,lampung,lampung
JTmj62CD.png,jawa,2,line,jawa,jawa
p42gQMNP.png,jawi,2,line,jawi,jawi
GPCSlj46.png,sunda,2,line,sunda,sunda
jQ74LL0S.png,bali,2,line,bali,bali
RQ3Do173.png,jawi,2,line,jawi,jawi
JkcwfeWb.jpg,pegon,2,page,pegon,pegon
xvtN14dZ.png,pegon,2,glyph,pegon,pegon
hAjRbN7U.png,jawi,2,line,jawi,jawi
Vz9CR2D3.png,lampung,2,line,lampung,lampung
e27L4JOG.png,sunda,2,line,sunda,sunda
PHU3SvOb.png,sunda,2,glyph,sunda,sunda
rSwsKzlb.png,jawa,2,line,jawa,jawa
28fqC0L3.png,jawa,2,line,jawa,jawa
Te10B6v8.png,lontara,2,line,lontara,lontara
BERE0as8.png,bali,2,line,bali,bali
LjhafstK.png,jawi,2,line,jawi,jawi
8qi9zHQz.png,lontara,2,line,lontara,bali
MM5YfLRS.png,bali,2,line,bali,bali
yTAKomBD.png,jawi,2,glyph,sunda,jawi
TgrfwfwN.png,jawi,2,line,jawi,jawi
EuAQeVvQ.png,jawi,2,line,jawi,jawi
dkWqc4sO.png,lontara,2,line,lontara,lontara
aJ8Hrad5.png,jawi,2,line,jawi,jawi
gXHh9d8H.png,lampung,2,line,lampung,lampung
gq5Unoa5.png,lampung,2,line,lampung,lampung
A93FW33J.png,sunda,2,line,sunda,sunda
6QM0u66S.png,jawa,2,line,jawa,jawa
Tkbr7Rrn.png,jawi,2,glyph,jawi,jawi
XKaUg4E5.png,lampung,2,line,lampung,lampung
os7xl0Fv.png,jawi,2,line,jawi,jawi
18Yut8y2.jpg,sunda,2,page,sunda,sunda
J8W3QqUw.png,jawa,2,line,jawa,sunda
efhK1O6d.png,sunda,2,line,sunda,sunda
Mrlqg2m9.png,sunda,2,block,sunda,sunda
QwEtEpis.png,sunda,2,line,sunda,sunda
bfve1nyr.png,jawa,2,line,jawa,jawa
ucv8CliR.png,lontara,2,line,lontara,lontara
eIJIhThP.png,lampung,2,line,lampung,lampung
ffhLfjKO.png,pegon,2,block,pegon,pegon
3bpczjwB.png,bali,2,line,bali,bali
pEWd14x1.png,lontara,2,line,lontara,lontara
qSLfCNmA.png,lontara,2,line,lontara,lontara
fIvgHf9F.png,bali,2,line,bali,bali
4rHLRpkN.png,jawi,2,line,jawi,jawi
0RK4QIII.png,sunda,2,line,sunda,sunda
RTuj33f0.png,lontara,2,line,lontara,lontara
WnSMMACr.png,lontara,2,line,lontara,lontara
7QKZu7RS.png,jawa,2,line,jawa,jawa
eC8CLh5p.png,lontara,2,line,lontara,lontara
iogukONZ.png,lampung,2,line,lampung,lampung
OQAQhy3X.png,bali,2,block,bali,bali
DpQEXWZJ.png,jawa,2,line,jawa,jawa
sHDzG055.png,jawa,2,line,jawa,jawa
5ysc4FpU.png,jawi,2,block,jawi,jawi
EaYGOrlT.png,sunda,2,line,sunda,sunda
ooUCUvDt.png,jawa,2,line,jawa,jawa
o0e8byeJ.png,lontara,2,line,lontara,lontara
wsBLplFw.png,jawi,2,line,jawi,jawi
sX2VGTUF.png,jawa,2,line,jawa,jawa
Fk7ll1RD.png,sunda,2,line,sunda,sunda
uexUBJnb.jpg,jawi,2,block,pegon,bali
emMjxGOq.png,jawi,2,glyph,jawi,jawi
i7LJu09I.png,lampung,2,line,lampung,lampung
Xgu6c7a8.png,sunda,2,block,sunda,sunda
DHgrHgLr.png,sunda,2,line,sunda,sunda
Tm3qlqOY.png,sunda,2,line,sunda,sunda
jEdo1CjR.png,sunda,2,line,sunda,sunda
Eo5PDAhP.png,pegon,2,block,pegon,pegon
4cQJzJ58.jpg,pegon,2,page,pegon,pegon
3Iqw2j3Z.png,jawa,2,line,jawa,jawa
SpF9CSFQ.png,lontara,2,line,lontara,lontara
e0UVxPvs.png,sunda,2,line,sunda,sunda
OEDXcIST.png,lontara,2,line,lontara,lontara
3rqeXFQ4.png,lampung,2,block,lampung,lampung
fELO1z01.png,sunda,2,line,sunda,sunda
37VMQK8F.png,jawi,2,line,jawi,jawi
2HAs2PFB.png,jawa,2,line,jawa,jawa
ojz5sEzd.png,lampung,2,line,lampung,lampung
N2JxkPDy.png,lontara,2,line,lontara,lontara
C1ItbRuK.png,lampung,2,line,lampung,lampung
RNff8a0B.png,jawi,2,glyph,jawi,jawi
a4jh7wTT.jpg,jawa,2,page,jawa,jawa
OrlluMAX.png,jawi,2,line,jawi,jawi
zels8k1o.png,bali,2,line,bali,bali
xaR1BJyC.png,jawi,2,line,jawi,jawi
gLKafNpK.png,jawa,2,line,jawa,jawa
VivXjrOH.png,sunda,2,block,sunda,sunda
QNSHDhtU.png,jawa,2,glyph,jawa,jawa
zf4vByQe.png,bali,2,line,bali,bali
bwQJdtjH.png,sunda,2,line,sunda,sunda
AQ479Wmf.png,sunda,2,line,sunda,sunda
aZW70Z5d.png,jawi,2,glyph,jawi,jawi
uIBwhlqU.png,jawi,2,line,jawi,jawi
Zm5B81LE.png,lampung,2,line,lampung,lampung
p5Nke4ur.png,lontara,2,line,lontara,lontara
6sBveoL3.png,jawi,2,line,jawi,jawi
s6OZpx9Q.png,jawa,2,line,jawa,jawa
aRBdtt5d.png,lampung,2,line,lampung,lampung
CVfP1EKb.png,jawa,2,line,jawa,jawa
KyG3HZrn.png,lampung,2,line,lampung,lampung
U7PXw2sv.png,jawa,2,line,bali,bali
oAuDOcs1.png,pegon,2,line,pegon,pegon
zM93gk21.png,sunda,2,block,sunda,sunda
NI1PSZZR.png,lontara,2,line,lontara,lontara
tHvUSGPF.png,sunda,2,line,sunda,sunda
z1gWHjA6.png,sunda,2,glyph,sunda,sunda
fIpdDLFH.png,lontara,2,line,lontara,lontara
keCE1USA.png,lampung,2,line,lampung,lampung
bKIFksG8.png,lampung,2,line,lampung,lampung
rNoV0RcT.png,jawi,2,line,jawi,jawi
gS8V28Q0.png,jawa,2,line,jawa,jawa
db0c2Z4p.png,lampung,2,page,lampung,lampung
nYwmrm3I.png,lontara,2,line,lontara,lontara
fhfb6Iy5.png,jawa,2,line,jawa,jawa
KYF9xvKR.png,sunda,2,block,sunda,sunda
RkaUxkjW.png,lampung,2,line,lampung,lampung
nXMcwUDe.png,pegon,2,line,pegon,pegon
ZHkOKSy0.png,jawi,2,line,jawi,jawi
WHAHum19.png,lampung,2,line,lampung,lampung
92b3Lu4Z.png,sunda,2,glyph,sunda,sunda
BAbW4cIv.png,jawa,2,line,jawa,bali
NWOTfE5V.png,jawi,2,line,jawi,jawi
Z4QcGBcg.png,lontara,2,line,lontara,lontara
hhwxutSL.png,jawa,2,line,jawa,jawa
tGgh8G2Z.png,jawi,2,line,jawi,jawi
vKu41bF1.png,bali,2,line,bali,bali
dKAZufxE.png,lampung,2,line,lampung,lampung
V5Yi5RNT.png,lontara,2,line,lontara,lontara
yBtnmgOy.png,jawi,2,line,jawi,jawi
GEO1YdWF.png,jawi,2,glyph,jawi,jawi
F4xub8nN.png,jawa,2,line,jawa,jawa
oCVV5Hjk.png,lampung,2,line,lampung,lampung
QGDNJquS.png,sunda,2,line,sunda,sunda
3XCKjrFv.png,bali,2,line,bali,bali
ATThQiJO.png,pegon,2,block,pegon,pegon
LtuVyyLs.png,jawi,2,line,jawi,jawi
zIsxfEpX.png,jawa,2,block,jawa,jawa
A4lcvyH2.png,sunda,2,line,sunda,sunda
AaFlOUh2.png,jawi,2,line,jawi,jawi
Bc8w4GiB.png,sunda,2,block,sunda,sunda
bOpBfm5b.png,sunda,2,line,sunda,sunda
aWDmeZnl.png,pegon,2,line,jawi,jawi
aUXYRTlv.png,sunda,2,glyph,sunda,sunda
dvfU4Fz4.png,jawi,2,line,jawi,jawi
8hHxmufk.png,bali,2,line,bali,bali
D05LoIbZ.png,jawi,2,line,jawi,jawi
BaycxHhF.png,jawi,2,line,jawi,jawi
8aXb57MZ.png,jawi,2,glyph,sunda,sunda
qbOGYkER.png,jawa,2,block,jawa,jawa
gOhGTv61.png,jawa,2,line,jawa,jawa
4LRyTHiQ.png,sunda,2,line,sunda,sunda
6xDUKb3K.png,lampung,2,line,lampung,lampung
QrQvIixH.png,sunda,2,line,sunda,sunda
WyrlDhoh.png,jawi,2,line,jawi,jawi
dLaKcGAs.png,lampung,2,line,lampung,lampung
h5GN86Z8.png,sunda,2,line,sunda,sunda
WHOTc9Kh.png,jawa,2,line,jawa,jawa
72uKrvWD.png,jawa,2,line,jawa,jawa
CUJFtpU0.png,jawi,2,line,jawi,jawi
mKIZSzSN.png,sunda,2,line,sunda,sunda
zrz1gBi8.png,pegon,2,block,pegon,pegon
Klwhq4ps.png,jawi,2,line,jawi,jawi
cg6YBstG.png,sunda,2,line,sunda,sunda
oTyT8UlN.png,sunda,2,glyph,sunda,sunda
HSmSrC1f.png,jawi,2,line,jawi,jawi
LRUV85Nq.png,lontara,2,line,lontara,lontara
WximjsPa.png,lampung,2,line,lampung,lampung
iNvknkP5.png,bali,2,line,bali,bali
fWOVNtAL.png,lontara,2,line,lontara,lontara
6CYeL72O.png,sunda,2,glyph,sunda,sunda
bK8eXPbH.png,jawa,2,line,jawa,jawa
NbPLh9RR.png,jawa,2,line,jawa,jawa
XbEHmHlv.png,pegon,2,block,pegon,pegon
Wzbtjc6D.png,lontara,2,line,lontara,lontara
6xp7t7dv.png,lampung,2,line,lampung,lampung
oLaVz1RZ.png,sunda,2,line,sunda,sunda
2Yex6aA9.png,lampung,2,line,lampung,lampung
dT68gWIu.png,jawi,2,glyph,jawi,bali
0qtTI1jU.png,jawa,2,line,jawa,jawa
O9SD6pqN.png,lampung,2,line,lampung,lampung
3x3FnwZF.png,jawa,2,line,jawa,jawa
2xWIPu4c.png,jawi,2,glyph,jawi,jawi
HSPlRvu6.jpg,lontara,2,page,lontara,lontara
yCjpXHMD.png,jawi,2,line,jawi,jawi
3ZsXk0D6.png,jawi,2,line,jawi,jawi
GHfdMfJf.png,jawa,2,line,jawa,jawa
RCCBwFOz.png,jawi,2,line,jawi,jawi
yv7y2Uyf.png,pegon,2,block,pegon,pegon
MGaJkGc8.png,lontara,2,line,lontara,bali
Z8VqzwQC.png,bali,2,block,bali,bali
7aDRp8vj.jpg,jawa,2,page,jawa,jawa
XPzLX5cB.png,jawi,2,line,jawi,jawi
khZ1OaBE.png,sunda,2,block,sunda,sunda
1JcDslfr.png,jawi,2,line,jawi,jawi
oLu3aUf1.png,lampung,2,line,lampung,lampung
dsKJVHpv.png,sunda,2,line,sunda,sunda
l3m9mDnW.png,lampung,2,line,lampung,lampung
FyGyCJuF.png,sunda,2,line,sunda,sunda
jB3qCu2R.png,lampung,2,line,lampung,lampung
iv1jiudl.png,bali,2,line,bali,bali
p3Fi7ikK.png,sunda,2,line,sunda,sunda
JDSTsd9m.png,jawi,2,line,jawi,jawi
cj8ZpPgo.png,bali,2,line,bali,bali
f5Rqnzh1.png,sunda,2,line,sunda,sunda
x96FUfNK.jpg,lampung,2,block,jawa,lampung
0Db15pA8.png,jawi,2,glyph,jawi,jawi
6TFhEP5x.png,sunda,2,line,sunda,sunda
pRc0lF7M.png,bali,2,line,bali,bali
GVDAedZc.png,jawa,2,line,jawa,jawa
e4hQQYNO.png,lontara,2,line,lontara,lontara
kvcemRRT.png,lampung,2,line,lampung,lampung
aaGL9ufc.jpg,sunda,2,page,sunda,sunda
RWteoUZc.png,sunda,2,block,sunda,sunda
USvUNK13.png,pegon,2,block,jawi,jawi
Fzt8fiIZ.png,jawa,2,line,jawa,jawa
LP4N8hta.png,pegon,2,block,pegon,pegon
loFIcWQV.png,pegon,2,block,pegon,pegon
TKOqx3OX.png,sunda,2,line,sunda,sunda
vdWnn8ZJ.png,jawi,2,line,jawi,jawi
4gl98FhL.png,jawi,2,glyph,jawi,jawi
Ea5I44NA.png,lampung,2,line,lampung,lampung
BnmVML2h.png,lontara,2,line,lontara,lontara
stMRsrmu.png,pegon,2,glyph,pegon,pegon
EJ2jp2WA.png,jawi,2,line,jawi,jawi
ZGSeetyF.png,sunda,2,line,sunda,sunda
A0JgV59j.png,bali,2,line,bali,bali
OhAgSpZ6.png,jawa,2,line,jawa,jawa
m7yJoJHw.png,jawi,2,line,jawi,jawi
3SjKAK2h.png,jawi,2,block,jawi,jawi
0airNd0l.png,bali,2,glyph,jawi,jawi
bz7BRW71.png,jawa,2,line,jawa,jawa
lBskvje3.png,lontara,2,line,lontara,lontara
rYQuuaBs.png,sunda,2,line,sunda,sunda
vt3NspUc.png,jawi,2,line,jawi,jawi
kxRPrcuN.png,jawi,2,line,jawi,jawi
CF3vUWBh.png,jawa,2,line,jawa,jawa
nco16Cns.png,lampung,2,line,lampung,lampung
NFfETdXV.png,lampung,2,line,lampung,lampung
8EipKWmG.png,sunda,2,line,sunda,sunda
Txa49y4L.png,pegon,2,block,pegon,pegon
PS2ncm3Z.png,jawa,2,line,jawa,jawa
0nLTwBWz.png,jawa,2,line,jawa,jawa
N51AJir3.png,bali,2,line,bali,bali
Axjnt08G.png,jawa,2,line,jawa,jawa
tU2GW1lZ.png,jawi,2,line,jawi,jawi
x5ZatseU.png,sunda,2,line,sunda,sunda
ZEZPbxDE.png,jawi,2,line,jawi,jawi
ZTwUaLsN.png,pegon,2,block,pegon,pegon
IsN0vy3Z.png,jawa,2,line,jawa,jawa
EsPJndOK.png,jawi,2,block,sunda,sunda
urCfCFDH.png,jawi,2,line,jawi,jawi
tay5RD5S.png,pegon,2,line,pegon,pegon
vhZxIwJZ.png,jawi,2,line,jawi,jawi
y5o39zul.png,sunda,2,line,sunda,sunda
WAymDvWY.png,pegon,2,block,pegon,pegon
7bPfcRfE.png,jawa,2,line,jawa,jawa
v4Rz2PgN.png,sunda,2,line,sunda,sunda
6zqpabk5.png,lontara,2,line,lontara,lontara
pbMymOOx.png,jawi,2,line,jawi,jawi
BXceAgzr.png,jawi,2,line,jawi,jawi
r6cYFU5I.png,sunda,2,line,sunda,sunda
2Dy1vF5B.png,jawi,2,line,jawi,jawi
KWkh8Up9.png,lampung,2,line,lampung,lampung
5e2kJqq4.png,lampung,2,line,lampung,lampung
keFKqJYS.png,jawi,2,line,jawi,jawi
XNowICYo.png,jawi,2,block,jawi,jawi
16KeE2XC.png,lampung,2,line,lampung,lampung
5b4dKJQg.png,jawi,2,line,jawi,jawi
wIwyYdzZ.png,jawa,2,line,jawa,jawa
24ht0nBF.png,bali,2,line,bali,bali
Ih7WzxN8.png,lampung,2,line,lampung,lampung
kEhxAG7h.png,jawa,2,line,jawa,jawa
VgtC2e8O.png,bali,2,line,bali,bali
Imsi27LU.jpg,lontara,2,page,lontara,lontara
LTPvVx2F.png,bali,2,line,bali,bali
wE8el0Ro.jpg,pegon,2,page,pegon,pegon
HiNNV5kJ.png,sunda,2,line,sunda,sunda
3X5bGS5Y.png,bali,2,line,bali,bali
MvEmUErU.png,jawa,2,line,jawa,jawa
yvslca8v.png,jawa,2,line,jawa,jawa
tPQfspZA.png,sunda,2,block,sunda,sunda
aB7DAFWh.png,sunda,2,line,sunda,sunda
ZEBHEINS.png,sunda,2,line,sunda,sunda
u6OG4OU1.jpg,jawa,2,page,jawa,jawa
g5ky15AC.png,bali,2,line,bali,bali
WtMWgmM1.png,jawi,2,glyph,jawi,jawi
vFFKpryr.png,lontara,2,line,lontara,lontara
MseEenaa.png,bali,2,line,bali,bali
RLFIDPIy.png,jawi,2,line,jawi,jawi
0J1XjPv7.png,lontara,2,line,lontara,lontara
suYjfbwS.png,jawa,2,line,jawa,jawa
O1ykAmv8.png,jawi,2,line,jawi,jawi
bVfXghWK.png,jawi,2,line,jawi,jawi
Wb5NrKcT.png,pegon,2,block,pegon,pegon
ZPNUusQX.png,lontara,2,line,lontara,lontara
AYmHBQpl.png,jawa,2,line,jawa,jawa
ko1fpmtd.png,jawi,2,line,jawi,jawi
pxgyby0r.png,jawi,2,line,jawi,jawi
yEky4Yhm.png,lampung,2,line,lampung,lampung
JbqiuUPI.png,sunda,2,glyph,sunda,sunda
zjL1LYpx.png,jawa,2,line,jawa,jawa
Q6NLmXjv.png,jawi,2,glyph,jawi,jawi
2nDcsvi8.png,sunda,2,glyph,sunda,sunda
YxxPgU7l.png,jawi,2,line,jawi,jawi
8XkkfSzX.png,sunda,2,glyph,sunda,sunda
pbY8GUCp.png,jawa,2,line,jawa,jawa
m0UETCgQ.png,lampung,2,line,lampung,lampung
UQdLpq0g.png,jawa,2,line,jawa,jawa
CBKGtJXU.png,jawi,2,line,sunda,sunda
L7tbB4rW.png,lampung,2,line,lampung,lampung
XN2L0Pkk.png,lontara,2,line,lontara,lontara
w6Bq3Rh3.png,lampung,2,line,lampung,lampung
Non9xPbi.png,lontara,2,line,lontara,lontara
39hdDn6h.png,sunda,2,line,sunda,sunda
b7U1G6OB.png,sunda,2,glyph,sunda,sunda
yFOXnHMt.png,sunda,2,line,sunda,sunda
w1KunOdn.png,lontara,2,line,lontara,lontara
hcGJmtKd.png,sunda,2,line,sunda,sunda
vOm3gsb4.png,jawa,2,line,jawa,jawa
hXV007OF.png,bali,2,line,bali,bali
RDN1Ptew.png,lontara,2,line,lontara,lontara
fHEAkWZl.png,jawa,2,line,jawa,jawa
30409Bsb.png,lampung,2,line,lampung,lampung
eB13dJEf.png,bali,2,line,bali,bali
uGXVJZEH.png,jawi,2,block,jawi,jawi
PJAWNugk.png,jawi,2,block,jawi,jawi
jdtL6DH2.png,jawa,2,glyph,lampung,jawi
zVEeiaMK.png,bali,2,line,bali,bali
ZXLAYYKs.png,lontara,2,line,lontara,lontara
WkUuaX3b.png,jawa,2,line,jawa,jawa
wIBaPaG6.png,lontara,2,line,lontara,lontara
iwxCZ1xU.png,jawi,2,glyph,jawi,jawi
TWaDlRbb.jpg,bali,2,page,bali,bali
K4HStmgL.png,jawi,2,block,jawi,jawi
pXvxdew9.png,sunda,2,line,sunda,sunda
OQL0J11R.png,lampung,2,line,lampung,lampung
Qq8v0hKp.jpg,jawa,2,page,jawa,jawa
tygv52KQ.png,jawi,2,line,jawi,jawi
UrVnEj8D.png,jawa,2,line,jawa,jawa
Sdp96BZz.png,lampung,2,line,lampung,lampung
6XQ6tGrT.png,jawa,2,line,jawa,jawa
9jyBqFhG.png,lampung,2,line,lampung,lampung
zf8bKPv6.png,sunda,2,page,sunda,sunda
nmQbW6CE.png,sunda,2,line,sunda,sunda
rhs7fk1u.png,sunda,2,line,sunda,sunda
iWeZ1ZEc.jpg,jawi,2,page,pegon,pegon
W5FUdAuZ.png,sunda,2,line,sunda,sunda
0S8GZuA8.png,lampung,2,line,lampung,lampung
8dfolTMF.jpg,jawi,2,page,jawi,jawi
CdikxegH.png,sunda,2,glyph,sunda,sunda
wQoP5j1L.png,jawa,2,line,jawa,jawa
ewC4kNvj.png,lampung,2,line,lampung,lampung
RlsASDTp.png,pegon,2,block,pegon,pegon
RagF0CFz.png,sunda,2,glyph,sunda,sunda
a9VhX8SO.png,sunda,2,line,sunda,sunda
M8UhFbf6.png,lampung,2,line,lampung,lampung
NbULgg51.png,lontara,2,line,lontara,lontara
8aExM3bI.png,lampung,2,line,lampung,lampung
AKUar1TE.jpg,jawa,2,page,jawa,jawa
0y6zV4nG.png,jawi,2,line,jawi,jawi
YXbcy3oP.png,sunda,2,line,sunda,sunda
BxMTquT0.png,jawa,2,line,jawa,jawa
KWYOosP9.png,lontara,2,line,lontara,lontara
SN1gFQw5.png,lontara,2,line,lontara,lontara
ZXsmT0Fj.png,bali,2,line,bali,bali
j2jfekri.png,lampung,2,line,lampung,lampung
0N0V9FXy.png,bali,2,line,bali,bali
VefKtaqY.png,sunda,2,glyph,sunda,sunda
no4XV7SZ.png,pegon,2,block,pegon,pegon
TF7oMvRR.png,lontara,2,line,lontara,lontara
JcwVP8p1.png,lampung,2,line,lampung,lampung
JUmOmSgQ.png,bali,2,line,bali,bali
oqcnYu2y.png,jawi,2,line,jawi,jawi
P5yudurv.jpg,lampung,2,page,lampung,lampung
hXjpkoQs.png,bali,2,line,bali,bali
RHE19o0W.png,jawa,2,block,jawa,jawa
9f2RmkhZ.png,lontara,2,line,lontara,lontara
uMgNTXf7.png,jawi,2,glyph,jawi,jawi
Su78hVU3.png,bali,2,line,bali,bali
zvVGHDa8.png,lampung,2,line,lampung,lampung
NZBjmIhk.png,jawa,2,line,jawa,jawa
mpyCVm2l.png,lampung,2,line,lampung,lampung
qWzOPFo0.png,jawi,2,line,jawi,jawi
8ceaN5wf.png,sunda,2,line,sunda,sunda
pUEcgZgt.png,jawi,2,line,jawi,jawi
5qK8FD2Q.png,lontara,2,line,lontara,lontara
Qloh0D5F.png,jawi,2,line,jawi,jawi
HtTc2pix.png,lontara,2,line,lontara,lontara
fyBYiJYM.png,bali,2,line,bali,bali
cgV69blO.jpg,jawi,2,page,lampung,lampung
UVZEzER1.png,lontara,2,line,lontara,lontara
ml4uHLlO.png,sunda,2,line,sunda,sunda
Ii5jq5tb.png,sunda,2,line,sunda,sunda
ulyIU2GL.png,sunda,2,line,sunda,sunda
HDyDD40V.png,jawi,2,line,jawi,jawi
cCReGwbS.png,bali,2,line,bali,bali
9s8Bhmvh.png,lontara,2,line,lontara,lontara
GtFrXMZ2.png,sunda,2,glyph,sunda,sunda
AkdjzDcY.png,bali,2,line,bali,bali
c5vOU9Ed.png,bali,2,line,bali,bali
pb5Keklp.png,jawi,2,glyph,jawi,jawi
707uZmNF.png,lampung,2,line,lampung,lampung
KK5wchO8.png,sunda,2,block,sunda,sunda
OcIQAZm5.png,jawi,2,block,jawi,jawi
hUJeFeCS.png,lampung,2,line,lampung,lampung
qyRWutkF.png,jawi,2,glyph,jawi,jawi
SEvq1hMB.png,bali,2,line,bali,bali
8JJuN4wc.png,pegon,2,block,pegon,pegon
1pjoI8Vk.png,sunda,2,line,sunda,sunda
JIVqdSLV.png,jawa,2,line,jawa,jawa
wc82l2do.png,pegon,2,block,pegon,pegon
ThNR2Trc.png,jawi,2,glyph,jawi,jawi
SzRbIeqA.png,lontara,2,line,lontara,lontara
LCP4Qoi4.png,lampung,2,line,lampung,lampung
9rsZr7JG.png,jawi,2,line,jawi,jawi
A3q9jZtf.png,jawi,2,line,jawi,jawi
dfp1vbRJ.png,jawa,2,line,jawa,jawa
0TBRdSix.png,jawa,2,line,jawa,jawa
pVm5BPbD.png,lampung,2,line,lampung,lampung
48uWCL2y.png,lontara,2,line,lontara,lontara
tW90ex0w.png,bali,2,line,bali,bali
CKwdiRJV.png,lontara,2,line,lontara,lontara
5RrsLcjU.png,pegon,2,block,pegon,pegon
tqy9vNiv.png,lontara,2,line,lontara,lontara
pVaurMOE.png,sunda,2,page,sunda,sunda
QepjZS9b.png,sunda,2,line,sunda,sunda
3mcFdk7G.png,pegon,2,block,pegon,pegon
ZwWrOa3o.png,jawi,2,line,jawi,jawi
cJsdBlLn.png,lampung,2,line,lampung,lampung
m2in5eft.png,jawi,2,line,jawi,jawi
crv2qL3d.jpg,jawa,2,page,jawa,jawa
IIUI6655.png,lontara,2,line,lontara,lontara
3V2y3BS8.png,sunda,2,glyph,sunda,sunda
HKuAo8pN.png,sunda,2,line,sunda,sunda
26CqbMpI.jpg,sunda,2,page,lampung,lampung
4hL6fgAt.png,sunda,2,line,sunda,sunda
2nbQorQ6.png,lontara,2,line,lontara,lontara
k6xPHhli.png,bali,2,line,bali,bali
lCnwzD6t.png,jawi,2,line,jawi,jawi
xJKkDOHT.png,lontara,2,line,lontara,lontara
TMIIvH9S.png,jawi,2,line,jawi,jawi
6AktV6iu.png,bali,2,line,bali,bali
68vAJ2QF.png,sunda,2,line,sunda,sunda
SjgjW4Tx.png,jawi,2,line,jawi,jawi
gmPHWaMA.png,pegon,2,block,pegon,pegon
Vtqkkqds.png,lampung,2,line,lampung,lampung
GW5uvkRW.png,jawa,2,line,jawa,jawa
9W5axwiz.jpg,pegon,2,page,pegon,pegon
enIvDFOG.png,jawi,2,line,jawi,jawi
TBkFjG3r.png,lampung,2,line,lampung,lampung
h6uvGoiY.png,jawa,2,line,jawa,jawa
jihYyOVk.png,pegon,2,glyph,jawi,jawi
N5yUUVmc.png,lampung,2,line,lampung,lampung
m8WqQXdM.png,lontara,2,line,lontara,lontara
N7QMo30a.png,jawi,2,line,jawi,jawi
q8zqGHIi.png,jawa,2,block,jawa,jawa
UPhGM4Nl.png,lampung,2,line,lampung,lampung
Etv2CI1N.webp,lampung,2,page,lampung,lampung
iwpAaVS9.png,jawa,2,line,jawa,jawa
SZoM5n9t.png,lontara,2,line,lontara,lontara
vFnuGssw.jpg,lampung,2,page,lampung,lampung
x2L9BHva.png,jawa,2,line,jawa,jawa
UI3jGyTt.png,lampung,2,block,lampung,lampung
ns70wY86.png,jawa,2,line,jawa,jawa
7jzKCt3u.png,bali,2,line,bali,bali
xtQ6Whrv.png,pegon,2,line,pegon,pegon
zRCncChp.png,sunda,2,line,sunda,sunda
afHczR2W.png,sunda,2,line,sunda,sunda
0tfJxB1a.png,lampung,2,line,lampung,lampung
0wy1wNHA.png,lampung,2,line,lampung,lampung
oJ455hvM.png,bali,2,line,bali,bali
RPjhIvRd.png,lampung,2,line,lampung,lampung
ZGCPT31t.png,lontara,2,line,lontara,jawi
qir2Iqgs.png,jawa,2,line,jawa,jawa
gJeXo3I5.png,lontara,2,line,lontara,lontara
IKWbnGgJ.png,jawa,2,line,jawa,jawa
SkRildHW.png,jawa,2,line,jawa,jawa
vJaL3ISU.png,sunda,2,glyph,sunda,sunda
Ve8qLRWH.png,jawi,2,line,jawi,jawi
cbBRxFl5.png,lontara,2,line,lontara,lontara
PIFFpjeF.png,sunda,2,glyph,sunda,sunda
FbkL6zeW.png,jawi,2,line,jawi,jawi
Nj8BpDDz.png,sunda,2,block,sunda,sunda
vZ3FHr4C.png,jawa,2,line,jawa,jawa
6shJrnnF.png,jawa,2,line,jawa,jawa
HgqF6Pqp.png,lontara,2,line,lontara,lontara
TAAqV9K9.png,jawa,2,line,jawa,jawa
2BEyDibF.png,pegon,2,block,pegon,pegon
WtLnNJFk.png,sunda,2,glyph,sunda,sunda
9H7mzKdA.png,bali,2,line,bali,bali
QbfRXOMt.png,bali,2,line,bali,bali
6KSo7Gog.png,jawi,2,line,jawi,jawi
WTnuiFai.png,bali,2,line,bali,bali
pQD7Qj8N.png,bali,2,line,bali,bali
eg2cftsm.png,jawi,2,glyph,jawi,jawi
j8Ca2MNo.png,bali,2,line,bali,bali
gekcXoV6.png,jawi,2,line,jawi,jawi
0adtYzoP.png,lampung,2,line,lampung,lampung
z0U5RS9E.png,sunda,2,line,sunda,sunda
zFmjFJQ6.png,sunda,2,glyph,sunda,sunda
8A3ZrtYF.png,jawa,2,line,jawa,jawa
G87c0lVn.png,jawi,2,line,jawi,jawi
aBB1Z8RF.png,bali,2,line,bali,bali
GgFGc8Sz.png,sunda,2,block,sunda,sunda
RHf49ZhD.png,jawi,2,line,jawi,jawi
M3kHpfc3.png,sunda,2,line,sunda,sunda
d1TnxtrQ.png,sunda,2,line,sunda,sunda
80IMmLOI.png,bali,2,glyph,bali,bali
CMhKnPqc.png,sunda,2,line,sunda,sunda
TlENSHA8.png,sunda,2,glyph,sunda,sunda
6W4aU5Cg.png,sunda,2,line,sunda,sunda
LkJkjz8X.png,lampung,2,line,lampung,lampung
zzcUZhKM.png,jawa,2,line,jawa,jawa
3cJKzTvd.png,sunda,2,line,sunda,sunda
ynf0ei56.png,jawa,2,line,jawa,jawa
6NC0vexR.png,jawi,2,line,jawi,jawi
HEcsD6AX.png,bali,2,page,bali,bali
0X1noIHO.png,lontara,2,line,lontara,lontara
8W7ONxAA.png,jawa,2,line,jawa,jawa
8U4Q12tu.png,lampung,2,line,lampung,lampung
tI1VGJRl.png,jawi,2,line,jawi,jawi
F4lTayfy.png,jawa,2,line,jawa,jawa
tmR92W4e.png,pegon,2,block,pegon,pegon
nGtk5is1.png,jawi,2,line,jawi,jawi
qFN68Aja.png,lontara,2,line,lontara,lontara
fMTbUwVX.png,sunda,2,line,sunda,sunda
M6WzE34H.png,sunda,2,line,sunda,sunda
I4lzSJd9.png,jawi,2,block,jawi,jawi
A6aMCzpT.png,bali,2,line,bali,bali
gjpwMgUj.png,bali,2,line,bali,bali
WbYvLu7A.webp,pegon,2,page,pegon,pegon
Ie4HfMZF.png,pegon,2,block,pegon,pegon
9E4qY7C5.png,jawa,2,line,jawa,jawa
Uq6hztpW.png,bali,2,line,bali,bali
y7L2loRm.png,jawa,2,line,jawa,jawa
2snfANZe.png,sunda,2,line,sunda,sunda
8fqiqkQW.png,bali,2,line,bali,bali
5jKjFSrz.png,jawi,2,line,jawi,jawi
NHV79M5y.png,pegon,2,glyph,pegon,pegon
8YdXarDv.png,bali,2,block,bali,bali
jW64hBug.png,jawa,2,line,jawa,jawa
SIL4wPps.png,jawi,2,line,jawi,jawi
Fo30St5x.png,pegon,2,block,pegon,pegon
WnYHhg5j.png,bali,2,line,bali,bali
JEm2YNFD.jpg,jawa,2,page,jawa,jawa
zdGnMG5X.png,sunda,2,glyph,sunda,sunda
b8z69zOQ.png,lontara,2,line,lontara,lontara
wfzlBCWc.png,pegon,2,line,pegon,pegon
EYMhIRJg.png,sunda,2,line,sunda,sunda
p2CxhXPz.png,jawi,2,line,jawi,jawi
VIeXlYBa.png,lampung,2,line,lampung,lampung
OuOGf9fY.png,jawa,2,line,jawa,jawa
LUE7RMJC.png,lontara,2,line,lontara,lontara
q5IPy066.png,lampung,2,line,lampung,lampung
L3pUypPe.png,pegon,2,line,pegon,pegon
DTh1jwdO.png,jawa,2,block,jawa,jawa
fRrkaLW7.png,lampung,2,line,lampung,lampung
BlrqXrR3.png,sunda,2,line,sunda,sunda
79vWCUW8.jpg,lampung,2,page,lampung,lampung
dAIV9TwV.png,jawi,2,glyph,jawi,jawi
gJDglhRM.png,jawa,2,line,jawa,jawa
Ktz3gxYq.png,jawa,2,line,jawa,jawa
CDmbODSB.png,lampung,2,line,lampung,lampung
RiDy3edM.png,lontara,2,line,lontara,lontara
8cEuXyGr.png,sunda,2,line,sunda,sunda
0wklKaVE.png,pegon,2,block,pegon,pegon
QwWFIe0g.png,jawa,2,line,jawa,jawa
aNFQ2IIy.png,jawa,2,line,jawa,jawa
d9BsOFKE.png,lampung,2,line,lampung,lampung
ZsxnQeUw.png,lontara,2,line,lontara,lontara
dJRR1bNu.png,jawi,2,line,jawi,jawi
ArdB4Cxd.png,jawa,2,line,jawa,jawa
CjvgKMVf.png,jawi,2,line,jawi,jawi
yGr3MVEc.png,sunda,2,glyph,sunda,sunda
278DH40s.png,bali,2,line,bali,bali
sONIkA2u.png,pegon,2,block,pegon,pegon
qCfPBStn.png,jawa,2,line,jawa,jawa
yb7nIkrc.png,lampung,2,line,lampung,lampung
thvgVXP5.png,jawi,2,block,jawi,jawi
GVqxMBMQ.jpg,bali,2,page,bali,bali
N2eWXmHy.png,jawa,2,line,jawa,jawa
7WuoTkhU.png,pegon,2,block,pegon,pegon
z7YRekG7.png,lontara,2,line,lontara,lontara
AB42qszd.jpg,jawa,2,block,jawa,bali
GD5a6bwi.png,lampung,2,line,lampung,lampung
WFmFkVXP.png,pegon,2,block,pegon,pegon
LZ7Kq86m.png,sunda,2,block,sunda,sunda
Z9OEjLFi.png,jawi,2,line,jawi,jawi
ypOqZZHI.png,pegon,2,block,pegon,pegon
RquAdAqT.png,pegon,2,line,pegon,pegon
RIgqCbWD.png,lontara,2,line,lontara,lontara
By0GQ8yc.png,sunda,2,line,sunda,sunda
4O8W3tzT.png,pegon,2,block,pegon,pegon
YD7hntCS.png,jawi,2,line,jawi,jawi
51Cixch0.png,bali,2,glyph,bali,bali
5HVOJkl4.png,bali,2,line,bali,bali
vII1fZnp.png,lampung,2,line,lampung,lampung
QQXTSG81.jpg,lampung,2,page,lampung,lampung
tmI2BcOR.png,jawa,2,line,jawa,jawa
LTYnkG9v.png,bali,2,block,bali,bali
dFUfTjGL.png,sunda,2,line,sunda,sunda
UZqVfOOv.png,jawa,2,line,jawa,jawa
1DuVGqHK.png,jawa,2,line,jawa,jawa
2aiuUYUz.png,bali,2,line,bali,bali
22mjcWoR.png,lampung,2,line,lampung,lampung
49GVFYZ3.png,pegon,2,line,pegon,pegon
cnr5Hz2z.png,jawi,2,glyph,jawi,jawi
s6pHIPUp.png,sunda,2,glyph,sunda,sunda
6jg6wZYM.png,jawi,2,line,jawi,jawi
VsHm90ho.png,bali,2,line,bali,bali
4z8VHvRp.png,sunda,2,line,sunda,sunda
RU6V54Sr.png,jawi,2,line,jawi,jawi
vQjPlfLj.png,jawa,2,line,jawa,jawa
eAUV4zzw.png,jawa,2,line,jawa,jawa
IraZdZJK.png,jawa,2,line,jawa,jawa
QI5W6ITd.png,jawa,2,line,jawa,jawa
Ms8pcT4l.png,lampung,2,line,lampung,lampung
EZKsfIau.png,sunda,2,line,sunda,sunda
djKIdhTA.png,jawa,2,line,jawa,jawa
j3znPujb.png,bali,2,block,bali,bali
3SFhyLrZ.png,lampung,2,line,lampung,lampung
U1JwRdX1.png,jawa,2,line,jawa,jawa
nJkTe6nm.png,jawa,2,line,jawa,jawa
jY7HKXHU.png,jawa,2,line,jawa,jawa
ge440A3b.jpg,lontara,2,page,lontara,lontara
P28A3Spn.png,bali,2,block,bali,bali
U6fObyJX.png,sunda,2,line,sunda,sunda
TbERKONw.png,lontara,2,line,lontara,lontara
zmMtAnw5.png,lontara,2,line,lontara,lontara
pjCt6g2D.png,jawi,2,glyph,jawi,jawi
Fe9H6IP8.png,jawi,2,line,jawi,jawi
wzGba4AH.png,sunda,2,glyph,sunda,sunda
98RpO4vT.png,jawa,2,line,jawa,jawa
19bwMYLN.png,jawa,2,line,jawa,jawa
8ua1wfDX.png,jawi,2,line,jawi,jawi
Oez2NizN.png,pegon,2,block,pegon,pegon
0XmV3sqy.png,lontara,2,line,lontara,lontara
bKY1z0HZ.png,bali,2,line,bali,bali
TKGLdJm3.png,sunda,2,line,sunda,sunda
0dfivSA8.png,lontara,2,line,lontara,lontara
Zi9CGwaW.png,jawi,2,glyph,jawi,jawi
wXDIdAIQ.png,lampung,2,line,lampung,lampung
j8hvrMrh.png,jawi,2,glyph,jawi,jawi
gELOnTQ8.png,sunda,2,block,sunda,sunda
H97vIDFG.png,jawi,2,line,jawi,jawi
MXWpeYmn.png,pegon,2,block,pegon,pegon
k9F7RsAo.png,jawi,2,line,jawi,jawi
nbXcyVS0.png,lampung,2,line,lampung,lampung
f2iyc947.png,jawi,2,line,jawi,jawi
EYfOQbjR.png,sunda,2,glyph,sunda,sunda
QhTBtVpk.png,bali,2,block,bali,bali
xwvLPfJ9.png,pegon,2,line,pegon,pegon
9qkJVgk3.png,jawi,2,glyph,jawi,jawi
AyNqhpo3.png,jawa,2,line,jawa,jawa
g9f8i1Ui.png,jawa,2,line,jawa,jawa
iM3DEjm8.png,lontara,2,line,lontara,lontara
44PoGOC6.png,jawi,2,block,jawi,bali
lcJFatXl.png,jawi,2,line,jawi,jawi
21ExR9Ru.png,sunda,2,block,sunda,sunda
EFJyYqoz.png,jawa,2,line,jawa,jawa
2fkdzLjc.png,lampung,2,line,lampung,lampung
KN9Iw5q8.png,lampung,2,line,lampung,lampung
vNZuhbRM.png,jawi,2,line,jawi,jawi
a38mKtUf.png,jawi,2,line,jawi,jawi
tOrVRjPb.png,jawa,2,block,jawa,jawa
A9sXDe5H.png,lontara,2,line,lontara,lontara
RSGUES1l.png,sunda,2,line,sunda,sunda
u6O8GoiS.png,sunda,2,line,sunda,sunda
sVKuUOSv.png,pegon,2,block,pegon,pegon
oEexlTsq.png,jawi,2,line,jawi,jawi
Dry3qSLh.png,jawi,2,line,jawi,jawi
EjBO4VeV.png,jawa,2,line,jawa,jawa
WDR2ShTy.png,pegon,2,line,pegon,pegon
R89F1Atb.png,jawa,2,line,jawa,jawa
Mqn2TGZS.png,jawi,2,line,jawi,jawi
Ztg57klF.png,jawa,2,line,jawa,jawa
S2lydPJ3.jpg,pegon,2,page,pegon,pegon
qkwpx4OH.png,jawa,2,line,jawa,jawa
RVHspG2D.png,jawi,2,line,jawi,jawi
CkGqSZv5.png,jawa,2,line,jawa,jawa
KxJaPGN8.png,jawa,2,line,jawa,jawa
WfmnDtRN.png,sunda,2,line,sunda,sunda
aGRaVan8.png,lampung,2,line,lampung,lampung
gEkmXKul.png,jawa,2,line,jawa,jawa
hO9fOUhw.png,sunda,3,line,sunda,sunda
Q4K6YjCj.png,sunda,3,line,sunda,sunda
qzpRIEtV.png,jawa,3,line,jawa,jawa
7E48jzhq.png,lontara,3,line,lontara,lontara
TVGT0l15.png,lampung,3,line,lampung,lampung
GsOT0T5x.png,lampung,3,line,lampung,lampung
gEPhuYHT.png,jawi,3,line,jawi,jawi
sQzD0xtD.png,bali,3,line,bali,bali
nY3i2PTt.png,bali,3,line,bali,bali
e5T265XU.png,pegon,3,block,pegon,pegon
feSarHT2.png,pegon,3,line,jawi,jawi
XDdeBeL4.png,sunda,3,line,sunda,sunda
N8Bs9W3h.png,bali,3,line,bali,bali
F53YDFQs.png,lontara,3,line,lontara,lontara
Z1un6yl6.png,lontara,3,line,lontara,lontara
AOntxfbJ.png,pegon,3,block,pegon,pegon
iLTzTF1l.png,jawi,3,block,jawi,jawi
nxOWgGHf.jpg,bali,3,block,bali,bali
sntQGqx6.png,bali,3,block,bali,bali
ZzLibL3o.png,jawi,3,line,jawi,jawi
xoBMTnSE.png,jawa,3,line,jawa,jawa
HC8XBClO.png,lampung,3,line,lampung,lampung
sA9afht9.png,jawa,3,line,jawa,jawa
BicxDosj.png,lontara,3,line,lontara,lontara
Uwt2QK3l.png,jawi,3,line,jawi,jawi
6IRZgMuD.png,lontara,3,line,lontara,lontara
ExoD4vP2.png,jawi,3,line,jawi,jawi
A3amnqqs.jpg,lampung,3,page,lampung,lampung
gp4CQMwA.png,lontara,3,line,lontara,lontara
9cISqU3p.png,lampung,3,line,lampung,lampung
ZAF7P4TS.png,lampung,3,line,lampung,lampung
adQMTd4d.png,jawi,3,line,jawi,jawi
M1LFLF2f.png,pegon,3,line,pegon,pegon
ZB89iX5O.png,jawa,3,line,jawa,jawa
Z2aYj4Mb.png,sunda,3,glyph,sunda,sunda
gJaMXpFS.png,jawa,3,line,jawa,jawa
besjh4lI.png,bali,3,line,bali,bali
t3Ym3TGY.png,bali,3,line,bali,bali
689030ZS.png,sunda,3,glyph,sunda,sunda
qHmc41kt.png,bali,3,line,bali,bali
wDOeDUea.png,lontara,3,line,lontara,lontara
IH4Uc93c.png,sunda,3,line,sunda,sunda
zGBPIVsX.png,jawi,3,glyph,jawi,jawi
muNHjvT1.png,jawi,3,line,jawi,jawi
Hc6z8jIH.png,jawi,3,line,jawi,jawi
NrSfvP0C.png,lontara,3,line,lontara,lontara
RtVhw7WU.png,jawi,3,line,jawi,jawi
6JPcEjrb.png,sunda,3,glyph,sunda,sunda
V8n1dXSm.png,lampung,3,line,lampung,lampung
ET3InrVE.png,jawi,3,glyph,jawi,jawi
t3xloWkI.png,jawa,3,line,jawa,jawa
VA317cEJ.jpg,pegon,3,page,pegon,pegon
EdHsJlgR.png,jawa,3,line,jawa,jawa
81j5zVEb.png,lampung,3,line,lampung,lampung
NQ0U6894.png,jawi,3,line,jawi,jawi
hgbUOPe3.png,sunda,3,glyph,sunda,sunda
sncIXO2l.png,lontara,3,line,lontara,lontara
9TAbChoL.png,jawa,3,line,jawa,jawa
tvhWK7Hy.png,bali,3,line,bali,bali
gOonbitg.png,lontara,3,line,lontara,lontara
IjWB2eiN.png,jawi,3,line,jawi,jawi
VObY0cqk.jpg,pegon,3,page,pegon,pegon
3xzUVc3u.png,sunda,3,line,sunda,sunda
u2hfbgTK.png,jawa,3,line,jawa,jawa
waNwx08C.png,bali,3,line,bali,bali
3q0rYDno.png,pegon,3,block,pegon,pegon
5yH82hWM.png,jawi,3,line,jawi,jawi
mMgmhdVW.png,lampung,3,glyph,lampung,lampung
jfpGCWXC.png,bali,3,line,bali,bali
lwmeawxL.png,jawi,3,line,jawi,jawi
IpnJvcln.png,sunda,3,line,sunda,sunda
dK6iEJJq.png,jawi,3,line,jawi,jawi
mZIWU4zy.png,jawa,3,line,jawa,jawa
tj4d4a2b.png,bali,3,line,bali,bali
uuaxgu4e.png,jawa,3,line,jawa,jawa
z4DvRMD9.png,jawa,3,line,jawa,jawa
Cqvfwf4R.png,bali,3,line,bali,bali
8J6Ym4G0.png,sunda,3,glyph,sunda,sunda
SaqEWIzW.png,jawa,3,block,jawa,jawa
nMLICxfk.png,sunda,3,glyph,sunda,sunda
fVXal26M.png,jawa,3,line,jawa,jawa
1NivQZuR.png,pegon,3,block,pegon,pegon
Zy41dldG.png,sunda,3,line,sunda,sunda
YqlhtZfg.png,jawa,3,line,jawa,jawa
oUA794fA.png,lontara,3,line,lontara,lontara
zxKGCs1x.png,jawa,3,line,jawa,jawa
zGLavGQo.png,bali,3,block,bali,bali
Ce520dWW.png,sunda,3,line,sunda,sunda
dEu2ebLU.png,sunda,3,line,sunda,sunda
aZHluZQx.png,sunda,3,line,sunda,sunda
89fAKwrw.png,jawi,3,line,jawi,jawi
UkKZoDie.png,sunda,3,glyph,sunda,sunda
546GB4iY.png,jawi,3,line,jawi,jawi
e0JdedYV.png,sunda,3,line,sunda,sunda
G0WG42Z7.png,jawi,3,line,jawi,jawi
gBQkfb30.png,lampung,3,line,lampung,lampung
Bpn0oyj0.png,sunda,3,line,sunda,sunda
EZnncUmP.png,jawi,3,line,jawi,jawi
nE0aVbtl.png,lampung,3,line,lampung,lampung
an8cmqqQ.png,sunda,3,line,sunda,sunda
x6wTnu5I.png,jawa,3,line,jawa,jawa
zKqnFX4q.png,jawi,3,line,jawi,jawi
RLBx5V6t.png,jawi,3,glyph,jawi,jawi
FDWa713g.png,bali,3,line,bali,bali
t6C5Fe4r.png,jawa,3,line,jawa,jawa
Kfm4fv4c.png,sunda,3,glyph,sunda,sunda
Dd7xWbLY.png,jawi,3,block,jawi,jawi
z2vvLBUT.png,pegon,3,block,pegon,pegon
aqsxlWL5.png,jawi,3,line,jawi,jawi
8BzWXhj3.png,sunda,3,line,sunda,sunda
pXiAetoy.png,jawi,3,line,jawi,jawi
kOlIkBFH.png,bali,3,line,bali,bali
UQ4cH1sk.png,sunda,3,glyph,sunda,sunda
8gbwpGQ3.png,lampung,3,line,lampung,lampung
Jt0kChxc.png,sunda,3,glyph,sunda,sunda
KH2fk8Tr.png,sunda,3,line,sunda,sunda
QuGz5D8G.png,pegon,3,line,pegon,pegon
ZTjt1UNI.jpg,bali,3,page,bali,bali
XkTXJuHL.png,bali,3,line,bali,bali
6HyOkO6K.png,sunda,3,line,sunda,sunda
e5ZjpoAU.png,bali,3,line,bali,bali
sX3Wke3m.png,sunda,3,line,sunda,sunda
uB9Us8VD.png,jawa,3,line,jawa,jawa
r2g1SCRN.png,pegon,3,block,pegon,pegon
L4cIkqat.jpg,bali,3,page,bali,bali
yZwl8HNa.png,jawi,3,line,jawi,jawi
rdLmkUy7.png,jawi,3,line,jawi,jawi
gXeIZ31O.png,pegon,3,line,pegon,pegon
fc56T1Kt.png,lampung,3,line,lampung,lampung
KHGmYaNV.png,sunda,3,line,sunda,sunda
DOH3uoeR.jpg,bali,3,page,bali,bali
RTqafbRm.png,bali,3,line,bali,bali
lPJpDgwW.jpg,bali,3,page,jawa,jawa
Vz1nxIKv.png,jawi,3,page,pegon,pegon
XjP6P9L1.png,pegon,3,block,pegon,pegon
j35vlXtu.png,lontara,3,line,lontara,lontara
vgRH3hfk.webp,lontara,3,page,lontara,lontara
TaKnFs4O.png,sunda,3,line,sunda,sunda
vOlQz7X4.png,jawa,3,line,jawa,jawa
hf31jPKG.png,pegon,3,line,pegon,pegon
3ICL8wtf.png,bali,3,line,bali,bali
o87hFitu.png,pegon,3,glyph,pegon,pegon
FPo8eKNu.webp,jawa,3,page,jawa,jawa
bKCmBert.png,lampung,3,line,lampung,lampung
j5Hqfx2s.png,lampung,3,line,lampung,lampung
v0eRKhNN.jpg,lontara,3,page,lontara,lontara
j6DBnD9K.png,sunda,3,line,sunda,sunda
oIPc51RQ.png,jawa,3,line,jawa,jawa
6vzR4WZ6.png,jawa,3,line,jawa,jawa
4vdvnZuM.png,jawa,3,line,jawa,jawa
Zxz9Llmw.png,bali,3,line,bali,bali
9xvc7vM6.png,jawi,3,block,jawi,jawi
uMBq6swg.png,bali,3,line,bali,bali
2DTUQgGc.png,jawa,3,line,jawa,jawa
fQI2qgTw.png,sunda,3,line,sunda,sunda
bdGRQd5v.png,sunda,3,line,sunda,sunda
vJucb8db.png,sunda,3,line,sunda,sunda
04Xl96UM.png,jawi,3,line,jawi,jawi
QDlvEOvV.png,sunda,3,line,sunda,sunda
mgAx8AiT.png,lampung,3,line,lampung,lampung
GpM40HmE.png,jawi,3,line,jawi,jawi
F2izSnYq.png,pegon,3,block,pegon,pegon
JWawKQ9Q.png,sunda,3,line,sunda,sunda
QGrVt7Vu.png,jawi,3,line,jawi,jawi
mBTY89oL.png,sunda,3,line,sunda,sunda
rA5HNNrH.png,lampung,3,line,lampung,lampung
hXTsTsZC.png,lontara,3,line,lontara,lontara
adLSFAug.png,lampung,3,line,lampung,lampung
YLEyhwV4.png,jawi,3,line,jawi,jawi
Rj5VD0fQ.png,lampung,3,line,lampung,lampung
VnTJSRqO.png,jawa,3,line,jawa,jawa
bkznjpsi.png,jawi,3,line,jawi,jawi
NBsppWE3.png,pegon,3,block,pegon,pegon
vxqbLBEN.png,sunda,3,glyph,sunda,sunda
rIBiikZY.png,sunda,3,block,sunda,sunda
UAFq2GKA.png,sunda,3,glyph,sunda,sunda
TfrcAKgY.png,sunda,3,line,sunda,sunda
4rzA2cl1.jpg,bali,3,page,bali,bali
nYKoXEgH.png,lampung,3,line,lampung,lampung
gjbw7Txw.png,lampung,3,line,lampung,lampung
NlJH7RsA.png,jawa,3,line,jawa,jawa
IcMQ729U.jpg,bali,3,page,bali,bali
aRd3KGa1.png,jawa,3,line,jawa,jawa
uWSyOh6F.png,jawa,3,line,jawa,jawa
QGQKm9s0.png,lampung,3,line,lampung,lampung
bI31kQ7C.png,sunda,3,glyph,sunda,sunda
s7ZSiH4S.png,jawi,3,line,jawi,jawi
IKinYpX9.png,sunda,3,block,sunda,sunda
ZJH0XFls.png,jawa,3,line,jawa,jawa
pReQqu8e.png,lampung,3,line,lampung,lampung
wezgD0gF.png,pegon,3,block,pegon,pegon
shhbB1gz.png,jawa,3,line,jawa,jawa
O7G1SxRA.png,sunda,3,block,sunda,sunda
eYz5jjXC.png,lontara,3,line,lontara,lontara
RSuXHIPF.png,jawa,3,line,jawa,jawa
I63uqhLK.png,lontara,3,line,lontara,lontara
BwRTQ582.png,jawa,3,line,jawa,jawa
n3BBzqrJ.png,lontara,3,line,lontara,lontara
baTQS37T.png,sunda,3,line,sunda,sunda
8zX3Bk38.png,lontara,3,line,lontara,lontara
mIZSvA7u.png,sunda,3,glyph,sunda,sunda
jYd9XEoO.png,pegon,3,block,pegon,pegon
YV05c7bO.png,pegon,3,line,pegon,pegon
Rw9cWoNQ.png,lontara,3,line,lontara,lontara
RdbueIP3.png,jawi,3,line,jawi,jawi
IF7uM85N.png,bali,3,block,bali,bali
GimhRf53.png,jawi,3,glyph,jawi,jawi
lUs8lUdP.png,jawa,3,block,jawa,jawa
8Pg4QEHg.png,sunda,3,line,sunda,sunda
iodbCLbu.png,lontara,3,line,lontara,lontara
5AUniMPt.png,lontara,3,line,lontara,lontara
Z0SqcnG4.png,sunda,3,line,sunda,sunda
HaZZ4QH2.png,lampung,3,line,lampung,lampung
2SrsTCNZ.png,sunda,3,line,sunda,sunda
zM4t7zMV.png,sunda,3,line,sunda,sunda
Xeg5Vipo.png,sunda,3,glyph,sunda,sunda
4Z7OoWaz.png,sunda,3,line,sunda,sunda
alDc3OSN.png,jawi,3,line,jawi,jawi
pSWmA3Un.png,jawa,3,line,jawa,jawa
7B9GsLot.png,sunda,3,line,sunda,sunda
5XOC7t4K.png,sunda,3,line,sunda,sunda
pxo8iU3u.png,lampung,3,line,lampung,lampung
VjC2Zk8B.png,jawi,3,line,jawi,jawi
aN9eOSXS.jpg,jawi,3,page,jawi,jawi
ieCwAOj8.png,lontara,3,line,lontara,lontara
gEP1AjoU.png,sunda,3,line,sunda,sunda
hXcSm3XE.png,sunda,3,block,sunda,sunda
jp0XB4bC.png,jawi,3,glyph,jawi,jawi
wgJN7jBV.png,lontara,3,line,lontara,lontara
fKR9IIiQ.png,jawi,3,glyph,jawi,jawi
EWKLlLMS.png,jawi,3,line,jawi,jawi
tycI2E60.png,jawa,3,line,jawa,jawa
CwYhcemU.png,jawi,3,glyph,jawi,jawi
e7lxgzEX.png,lontara,3,line,lontara,lontara
0P0G9kXl.png,sunda,3,line,sunda,sunda
VNgFlTGn.png,sunda,3,line,sunda,sunda
3v4NqUc3.png,bali,3,line,bali,bali
CfHqeTls.png,jawi,3,line,jawi,jawi
k90N8S4u.png,jawa,3,line,jawa,jawa
5ghxWNyR.jpg,jawa,3,page,jawa,jawa
9tdOj7fa.png,lontara,3,line,lontara,lontara
HhhrLbSz.png,bali,3,line,bali,bali
F6VAx3lT.png,jawi,3,line,jawi,jawi
ZUT2PB1L.png,jawi,3,line,jawi,jawi
cCmV6Lgk.png,lampung,3,line,lampung,lampung
Mze89h6X.png,lontara,3,line,lontara,lontara
6NGSKGLk.png,lampung,3,line,lampung,lampung
a2VxfwzN.png,jawi,3,line,jawi,jawi
JzKDVyzr.png,sunda,3,glyph,sunda,sunda
yG4PsbvZ.png,bali,3,line,bali,bali
oJe8JySY.png,bali,3,line,bali,bali
A9bGt749.png,sunda,3,glyph,sunda,sunda
ixZuvAcb.png,lontara,3,line,lontara,lontara
aoyEVfoQ.png,jawa,3,line,jawa,jawa
lXOU7ZRb.png,jawi,3,block,jawi,jawi
IIjZGtAH.png,jawa,3,line,jawa,jawa
gYf9v3FU.png,jawi,3,line,jawi,jawi
2H0tXNTD.png,jawa,3,line,jawa,jawa
EAumamZe.jpg,jawi,3,page,pegon,pegon
Qf2P4kf8.png,lontara,3,page,lontara,lontara
WQnwcXli.png,sunda,3,line,sunda,sunda
YRWrng7x.png,jawi,3,line,jawi,jawi
M0CnZ2cz.png,bali,3,line,bali,bali
hj9MdB5L.png,sunda,3,line,sunda,sunda
Kz7831AM.png,jawa,3,line,jawa,jawa
k0wsl0ON.png,jawi,3,line,jawi,jawi
THKiuW6M.png,jawa,3,line,jawa,jawa
DN9PXJsK.png,jawa,3,line,jawa,jawa
RIQh8NON.png,lontara,3,line,lontara,lontara
W180Qta2.png,lontara,3,line,lontara,lontara
Bq9WTgx7.png,pegon,3,line,pegon,pegon
a7rT8TDi.jpg,jawa,3,block,jawa,jawa
196j1AA5.png,lampung,3,line,lampung,lampung
iwyxuPoR.png,lontara,3,line,lontara,lontara
EZBg9JJx.png,jawa,3,line,jawa,jawa
F8Plyiva.png,pegon,3,block,pegon,pegon
7ejFm824.png,sunda,3,glyph,sunda,sunda
Obz43fp1.png,lampung,3,line,lampung,lampung
bOIpF8oq.png,jawa,3,line,jawa,jawa
LvlGhuyB.png,lontara,3,line,lontara,lontara
ero1Ey5b.png,jawi,3,line,jawi,jawi
OGOrvNES.png,sunda,3,line,sunda,sunda
85jolbs7.png,sunda,3,line,sunda,sunda
Ri3Z5pPu.png,jawi,3,line,jawi,jawi
AhAzofzP.png,sunda,3,glyph,sunda,sunda
DX7h97mZ.png,jawi,3,line,jawi,jawi
3baaEuYZ.png,jawa,3,line,jawa,jawa
sF5OwWUB.png,jawi,3,line,jawi,jawi
fKVrUNNF.png,lontara,3,line,lontara,lontara
MVm287Er.png,lampung,3,line,lampung,lampung
Wj6Cwahq.png,pegon,3,block,pegon,pegon
gUYt9U06.png,lontara,3,line,lontara,lontara
f18wyMjo.png,lampung,3,line,lampung,lampung
D2qKAOzK.png,jawi,3,line,jawi,jawi
uCao3z9Y.png,sunda,3,line,sunda,sunda
VCEnvgza.png,sunda,3,line,sunda,sunda
fm6QbtDG.png,lampung,3,line,lampung,lampung
QWiHIKJs.png,jawa,3,line,jawa,jawa
tIMDAYJQ.png,jawi,3,line,jawi,jawi
qDZDUV0V.png,lampung,3,line,lampung,lampung
TsobLvSj.png,jawi,3,line,jawi,jawi
O9n4Vr4G.png,lampung,3,line,lampung,lampung
DMYZiqvP.png,jawa,3,block,jawa,jawa
bq4MPug2.png,lampung,3,line,lampung,lampung
hNpRq8k6.png,pegon,3,block,pegon,pegon
IgOoNAh0.png,pegon,3,block,pegon,pegon
TrWpjvQx.png,pegon,3,line,pegon,jawi
3vAPDAjq.png,jawa,3,line,jawa,jawa
FWY70fUU.png,jawa,3,block,jawa,jawa
FSrLvwHc.png,lontara,3,line,lontara,lontara
DRw26AJA.png,jawa,3,line,jawa,jawa
f72rqGSS.png,pegon,3,block,pegon,pegon
Sw1X3uZv.png,bali,3,line,bali,bali
aqdlDndw.png,jawi,3,line,jawi,jawi
lfEgNa4m.png,bali,3,line,bali,bali
udlQZFmz.png,jawi,3,line,jawi,jawi
pkPH1QQI.png,lampung,3,line,lampung,lampung
iLifF5nI.png,sunda,3,line,sunda,sunda
lVH3rpy1.png,pegon,3,line,pegon,pegon
1cvkQnDZ.png,jawa,3,line,jawa,jawa
w9SMKTlv.png,lontara,3,line,lontara,jawi
fC1kacWM.png,lampung,3,line,lampung,lampung
81UQojTS.png,lampung,3,line,lampung,lampung
slg7fj6Y.jpg,lampung,3,page,lampung,lampung
If6abOkY.png,pegon,3,block,pegon,pegon
atWTdS5x.png,bali,3,line,bali,bali
yH2Pop2c.jpg,jawi,3,page,jawi,jawi
zqAIhomw.png,jawi,3,glyph,jawi,jawi
J65ljvGF.png,lontara,3,line,lontara,lontara
shMN5IQx.png,sunda,3,line,sunda,sunda
TfRLGd7w.png,lampung,3,line,lampung,lampung
JO5KeIvE.png,jawa,3,line,jawa,jawa
iYOBI8wk.png,lampung,3,line,lampung,lampung
uiL6N4Ho.png,jawi,3,line,jawi,jawi
9rjbkZkh.png,sunda,3,line,sunda,sunda
hm392a74.png,sunda,3,line,sunda,sunda
EFi5au5z.png,sunda,3,line,sunda,sunda
7INrLHjm.png,jawi,3,glyph,jawi,jawi
lCRJdHht.png,sunda,3,line,sunda,sunda
opaiNmqq.png,sunda,3,line,sunda,sunda
87FfwyLC.png,jawi,3,glyph,jawi,jawi
9XJwkHaD.png,lampung,3,line,lampung,lampung
Jt110dqm.png,pegon,3,block,pegon,pegon
EsOAZSPf.png,sunda,3,line,sunda,sunda
Tp5c8NpO.png,jawa,3,line,jawa,jawa
XhzyZXBX.jpg,pegon,3,page,pegon,pegon
JDgVQprN.png,jawa,3,line,jawa,jawa
prGQrDIB.png,pegon,3,block,pegon,pegon
H7xpqqh7.png,pegon,3,block,pegon,pegon
MDiV8shM.jpg,lampung,3,page,lampung,lampung
ltmCbkwb.png,lampung,3,line,lampung,lampung
3uz8EaZ0.png,jawa,3,line,jawa,jawa
ucR5bz2j.png,sunda,3,line,sunda,sunda
XxKFLYEC.png,jawa,3,line,jawa,jawa
9a3S4JO2.png,jawa,3,line,jawa,jawa
WpqyECfG.png,sunda,3,line,sunda,sunda
sCLYTTfG.png,lontara,3,line,lontara,lontara
jNBwqzUN.png,pegon,3,glyph,pegon,sunda
n4tugGUl.png,jawi,3,line,jawi,jawi
LPLnF4DK.png,jawi,3,line,jawi,jawi
ViTPK66C.png,sunda,3,block,sunda,sunda
I2EPpFdr.png,jawa,3,line,jawa,jawa
D2soF0H4.png,sunda,3,line,sunda,sunda
zng5Ob2d.png,lampung,3,line,lampung,lampung
cVJQ8aSY.png,jawi,3,line,jawi,jawi
J4Ga75PM.png,lampung,3,line,lampung,lampung
5uhyW114.png,jawi,3,line,jawi,jawi
m5pludkP.png,bali,3,block,bali,bali
Ke1EtMqj.png,bali,3,line,bali,bali
atguBlcH.png,jawi,3,line,lampung,lampung
nSWmqFez.png,sunda,3,line,sunda,sunda
KSBl7ztu.png,bali,3,block,bali,bali
bfGFFn4n.png,jawi,3,line,jawi,jawi
nUhgEHDQ.png,lontara,3,line,lontara,lontara
HJKE5L4T.png,bali,3,line,bali,bali
goMVEr9M.jpg,jawi,3,page,pegon,pegon
nB7tdnSn.png,jawi,3,page,jawi,jawi
MJouVHWu.png,sunda,3,glyph,sunda,sunda
UzZNRYg1.png,jawi,3,glyph,jawi,jawi
Y885ioF4.png,bali,3,line,bali,bali
zg4EljYp.png,jawi,3,line,jawi,jawi
HgZ38kSl.png,jawi,3,line,jawi,jawi
jPai5Qcl.png,lampung,3,block,lampung,lampung
eTqVnadJ.png,jawa,3,line,jawa,jawa
BB21DgRU.png,sunda,3,line,sunda,sunda
qfkfQRUE.png,jawa,3,line,jawa,jawa
km0czfzY.png,sunda,3,line,sunda,sunda
zv1OAzBd.png,lontara,3,line,lontara,lontara
Ixmmsjw5.png,sunda,3,line,sunda,sunda
OBUQrsCs.png,jawi,3,line,jawi,jawi
uPbsD2ID.png,sunda,3,glyph,sunda,sunda
C1AbFl1n.png,lampung,3,line,lampung,lampung
gQioTBnz.png,lampung,3,line,lampung,lampung
exvusb7x.png,jawi,3,block,jawi,jawi
od40HX69.png,jawi,3,line,jawi,jawi
wPwqcIR6.png,jawi,3,line,jawi,jawi
HebWPR5D.png,jawi,3,line,jawi,jawi
kKtCuyhc.png,jawi,3,line,jawi,jawi
FppoeY65.png,pegon,3,block,pegon,pegon
iU4bxOvj.png,jawi,3,line,jawi,jawi
CZfJ46lw.png,sunda,3,line,sunda,sunda
ITZyJM4t.png,lampung,3,line,lampung,lampung
DnJnUzBX.png,sunda,3,line,sunda,sunda
M354cifF.png,jawi,3,line,jawi,jawi
Q9IOZdPn.png,jawi,3,line,jawi,jawi
GjJi4URV.png,jawi,3,glyph,jawi,jawi
bIVEz5kB.jpg,sunda,3,page,sunda,sunda
JZhjImHR.png,jawi,3,line,jawi,jawi
RFosbPo8.png,lontara,3,line,lontara,lontara
BOgaZX5p.png,jawa,3,line,jawa,jawa
sjULemgz.png,jawi,3,glyph,jawi,jawi
hUzGeXmE.png,jawa,3,line,jawa,jawa
4sQkkgkH.png,lampung,3,page,lampung,lampung
nATmZSax.png,sunda,3,line,sunda,sunda
KfiwomIm.png,sunda,3,line,sunda,sunda
ydlfeeQR.jpg,bali,3,page,bali,bali
CNGbKP8u.jpg,jawa,3,page,jawa,jawa
d3DA6b8J.png,lampung,3,line,lampung,lampung
WPV1C18L.png,jawi,3,glyph,jawi,jawi
Ls5iuy9U.png,jawi,3,line,jawi,jawi
7hjV2je5.png,lontara,3,line,lontara,lontara
AOARR7D1.png,jawa,3,line,jawa,jawa
p7peNOxs.png,jawa,3,line,jawa,jawa
xaCuetVe.png,lontara,3,line,lontara,lontara
oeMEYdyX.png,jawi,3,glyph,jawi,jawi
h0LtJbi8.jpg,jawi,3,page,pegon,pegon
gb8TzDfD.webp,jawa,3,page,jawa,jawa
l9oasdzR.png,jawa,3,line,jawa,jawa
UpC9L4O8.png,lontara,3,line,lontara,lontara
1ypvFmrI.png,bali,3,line,bali,bali
wB8xUuXl.png,jawa,3,line,jawa,jawa
IbsScyTb.png,bali,3,line,bali,bali
HVK6NnFG.png,lontara,3,line,lontara,lontara
x53ysTFo.png,jawa,3,line,jawa,jawa
DdzFtwA6.png,jawi,3,line,jawi,jawi
vFM0SwNq.png,jawa,3,line,jawa,jawa
mkQjEPgE.png,jawa,3,line,jawa,jawa
bb2lmRKe.png,lampung,3,line,lampung,lampung
FQfkMBIA.png,jawi,3,line,jawi,jawi
7irIoeGE.png,jawi,3,line,jawi,jawi
wLhCitPX.png,bali,3,line,bali,bali
3SpdonBg.png,jawa,3,line,jawa,jawa
mgPKKBl4.png,lampung,3,line,lampung,lampung
qNIF9xpH.png,jawi,3,line,jawi,jawi
8V7Dp51C.png,jawa,3,line,jawa,jawa
Bfy60IEV.png,lontara,3,line,lontara,lontara
pZGYnrBi.png,pegon,3,block,pegon,pegon
TxpoAc8g.png,jawa,3,line,jawa,jawa
sS3UYDJU.png,lampung,3,block,lampung,lampung
cWr7qr33.png,sunda,3,line,sunda,sunda
FVVfuJdX.png,bali,3,line,bali,bali
rDtYHUS6.png,jawa,3,line,jawa,jawa
TYJYoiL0.png,jawa,3,line,jawa,jawa
dKpZfhoe.jpg,pegon,3,page,lontara,lontara
0ZA9rEyg.png,jawi,3,line,jawi,jawi
1cLaweRD.png,sunda,3,line,sunda,sunda
7FbIlPLp.png,sunda,3,glyph,sunda,sunda
gAfWps2z.png,lontara,3,line,lontara,lontara
RJm0mhjJ.png,bali,3,line,bali,bali
TlLIdWBx.png,bali,3,line,bali,bali
meR0J78v.png,sunda,3,line,sunda,sunda
nVk03uTF.png,sunda,3,line,sunda,sunda
0QFllkcj.png,lampung,3,line,lampung,lampung
eKB19B9H.png,bali,3,line,bali,bali
ZJApdQO8.png,bali,3,line,bali,bali
RZCNpDjT.png,lampung,3,line,lampung,lampung
k7EpqbzA.png,bali,3,line,bali,bali
Stz7sK8i.png,jawa,3,line,jawa,jawa
bVgj6Mdi.png,jawa,3,line,jawa,jawa
cb7H0D9R.png,jawi,3,glyph,jawi,jawi
GlbexYJY.png,jawa,3,line,jawa,jawa
GzgHn1P7.png,lampung,3,line,lampung,lampung
lqAQn4yG.png,lampung,3,line,lampung,lampung
P64Ivxum.png,jawi,3,line,jawi,jawi
hGhWp1NA.png,jawa,3,line,jawa,jawa
57yHneEm.png,sunda,3,line,sunda,sunda
MzTT3zZ0.png,sunda,3,line,sunda,sunda
DnWDDnKs.webp,pegon,3,page,pegon,pegon
szoyK3vk.png,sunda,3,line,sunda,sunda
bSmzSSsW.jpg,lampung,3,page,lampung,lampung
conX5YDI.png,lontara,3,line,lontara,lontara
Nm33djBd.png,pegon,3,line,pegon,pegon
Bi3agbH6.png,lontara,3,line,lontara,lontara
KFHipTFg.jpg,jawa,3,block,jawa,jawa
Naf8DwKt.png,sunda,3,glyph,sunda,sunda
GPLTojcO.png,lampung,3,line,lampung,lampung
kfDuOEST.png,jawi,3,line,jawi,jawi
xJBRkfU6.png,bali,3,line,bali,bali
Mb4Dtbtk.png,jawi,3,glyph,jawi,jawi
Uzp4wJfZ.png,lampung,3,line,lampung,lampung
UQcTiICv.png,jawi,3,block,jawi,jawi
qKCjTzaN.png,jawa,3,line,jawa,jawa
jaeOGFiu.png,lampung,3,line,lampung,lampung
A1YI6YAE.png,lampung,3,line,lampung,bali
dFl0KuYJ.png,sunda,3,block,sunda,sunda
i1hlrJir.png,jawi,3,block,jawi,jawi
quqqBFaT.png,pegon,3,line,pegon,pegon
n2fooew4.png,lontara,3,line,lontara,lontara
v4Wtdh0k.png,jawa,3,line,jawa,jawa
je4CKCGF.png,sunda,3,line,sunda,sunda
IyEAH5U6.png,pegon,3,block,pegon,pegon
l21VSeGL.png,jawa,3,line,jawa,jawa
ODB5WupS.png,bali,3,line,bali,bali
HEZdK2Q0.png,lampung,3,line,lampung,lampung
Vq2yShDg.png,lampung,3,line,lampung,lampung
EnhSkTfz.png,jawa,3,page,jawa,jawa
SzmxwxNp.png,jawa,3,line,jawa,jawa
zV97GX1O.png,lontara,3,line,lontara,lontara
0RrfREkM.jpg,pegon,3,page,jawi,jawi
14vVVl4E.png,pegon,3,page,pegon,pegon
QcyZjZ3X.png,bali,3,line,bali,bali
BtN0snf5.jpg,pegon,3,page,pegon,pegon
53pq8UKZ.png,jawi,3,glyph,jawi,jawi
dRClM9eF.png,bali,3,line,bali,bali
L29NxC85.png,jawa,3,line,jawa,jawa
z62bzXr7.png,lampung,3,line,lampung,lampung
WDbmuVat.png,lampung,3,line,lampung,lampung
x9REW93s.png,jawi,3,line,jawi,jawi
h0pKPA3F.png,jawi,3,line,jawi,jawi
RaqdcaK4.png,sunda,3,line,sunda,sunda
YG6yAvc0.png,lampung,3,line,lampung,lampung
0DswLBCf.png,jawi,3,block,jawi,jawi
hcC86FhH.png,jawi,3,line,jawi,jawi
hKYgVN4A.png,lampung,3,line,lampung,lampung
yGjvgw2c.png,jawa,3,line,jawa,jawa
4Ta1hfxP.png,sunda,3,line,sunda,sunda
yTfUtOrl.png,lontara,3,line,lontara,lontara
nPilQvB7.png,bali,3,line,bali,bali
aeFnWHXI.png,lampung,3,line,lampung,lampung
j9iNhn8A.png,jawa,3,line,jawa,jawa
nKVKvIRz.png,sunda,3,line,sunda,sunda
5U9QYXrR.png,jawi,3,glyph,jawi,jawi
1loLOIK0.png,jawi,3,line,jawi,jawi
nBOckJ2O.png,jawi,3,line,jawi,jawi
hX81sT54.png,lontara,3,line,lontara,lontara
AHdpVHM7.png,sunda,3,line,sunda,sunda
hDoKvj7h.png,sunda,3,line,sunda,sunda
HKpOw0E7.png,jawi,3,line,jawi,jawi
sGuwuaSx.png,sunda,3,glyph,sunda,sunda
9loTSMIh.png,pegon,3,line,pegon,pegon
fB1k6OYk.jpg,jawa,3,page,jawa,jawa
DcqIVlkQ.png,sunda,3,line,sunda,sunda
vNfPJkvY.png,jawi,3,line,jawi,jawi
B9ufMYFb.png,jawi,3,line,jawi,jawi
d9Khp4Mf.png,lontara,3,line,lontara,lontara
feyznHRD.png,jawa,3,line,jawa,jawa
wkyRylPr.png,lampung,3,line,lampung,lampung
RjekL8VN.png,sunda,3,line,sunda,sunda
6n8WgRf6.png,lontara,3,line,lontara,lontara
IilOTwi9.png,bali,3,line,bali,bali
Hn3NR2qi.png,jawa,3,line,jawa,jawa
VwGQA44N.png,lampung,3,line,lampung,lampung
i5E7A3yA.png,bali,3,line,bali,bali
Gc67aHgm.png,jawa,3,line,jawa,jawa
cHq3BUes.png,sunda,3,glyph,sunda,sunda
0iwTJE6k.png,lampung,3,line,lampung,lampung
PilQ27zJ.png,lampung,3,line,lampung,lampung
xhaFelwo.png,lampung,3,line,lampung,lampung
zBuMPvSO.jpg,pegon,3,block,pegon,pegon
dWZoWlr6.png,jawi,3,line,jawi,jawi
RRw3rIar.png,jawi,3,line,jawi,jawi
NBrSCBP4.png,lontara,3,line,lontara,lontara
OowsNhfe.png,jawi,3,line,jawi,jawi
19QcPWu7.png,pegon,3,block,pegon,pegon
jIS5kZuK.png,jawi,3,line,jawi,jawi
bhu1tYdU.png,lampung,3,line,lampung,lampung
F10uF6Co.png,jawi,3,glyph,jawi,jawi
ssaRhf3L.png,sunda,3,line,sunda,sunda
OPXC9kMl.png,lontara,3,line,lontara,lontara
YIJmH1np.png,jawa,3,line,jawa,jawa
taMMuUIx.png,lampung,3,line,lampung,lampung
gYMNzfMo.png,jawa,3,line,jawa,jawa
RLNrUopx.png,sunda,3,line,sunda,sunda
mDJIHdCv.png,bali,3,line,bali,bali
n0tHVInl.png,pegon,3,glyph,pegon,pegon
NVwmEwMO.png,lampung,3,line,lampung,lampung
hCeHsO0X.png,lampung,3,line,lampung,lampung
4Rrltc8X.png,lampung,3,line,lampung,lampung
S1ZzFAvu.png,lampung,3,line,lampung,lampung
EejC1Gpc.png,lontara,3,line,lontara,lontara
LHzILCt5.png,jawi,3,line,jawi,jawi
SYQyPFMm.png,lampung,3,line,lampung,lampung
FXEiRhg0.png,bali,3,block,bali,bali
WhDJigwu.png,jawi,3,glyph,jawi,jawi
pYoucazY.png,bali,3,line,bali,bali
Pn086937.png,lampung,3,line,lampung,lampung
PKjyMLm7.png,lontara,3,line,lontara,lontara
I0LX9AHT.png,lampung,3,line,lampung,lampung
jNOLmgQL.png,jawa,3,line,jawa,jawa
qFKpeT4W.png,sunda,3,line,sunda,sunda
U0VZtyQG.png,pegon,3,glyph,pegon,pegon
Zg8oA7E0.png,sunda,3,glyph,sunda,sunda
ExPEyQWf.png,pegon,3,line,pegon,pegon
Sfo6dZpC.png,lontara,3,line,lontara,lontara
VeKZboCk.png,lampung,3,line,lampung,lampung
qXTvUDpp.png,jawa,3,line,jawa,jawa
iT8p6V9g.png,bali,3,line,bali,bali
8LgQHBWJ.png,sunda,3,glyph,sunda,sunda
EbCet6oh.png,jawi,3,block,jawi,jawi
YexLSh1S.png,sunda,3,line,sunda,sunda
InRjyE6O.png,jawi,3,line,jawi,jawi
inLrY10b.png,jawi,3,line,jawi,jawi
tGpvOFlV.png,jawa,3,line,jawa,jawa
228yIFIE.png,bali,3,line,bali,bali
7RhX687E.png,pegon,3,line,pegon,pegon
SF44HsU7.png,pegon,3,block,pegon,pegon
8MjE9LQ5.png,lontara,3,line,lontara,lontara
3AK8Uu5E.png,bali,3,line,bali,bali
GqIaLzPa.png,jawa,3,line,jawa,jawa
eRhBRVGT.png,lampung,3,line,lampung,lampung
jut5gxjK.png,jawi,3,line,jawi,jawi
W430EtBO.png,lampung,3,line,lampung,lampung
FLLI9khJ.jpg,jawi,3,block,jawi,lampung
59tMM4UE.png,lontara,3,line,lontara,lontara
ATAmVTbp.png,jawi,3,line,jawi,jawi
5KGin5ao.png,pegon,3,line,pegon,pegon
LqxphThX.png,jawi,3,line,jawi,jawi
uKebVgpd.png,jawa,3,line,jawa,jawa
vvDlbkMj.png,jawi,3,line,jawi,jawi
IZwQ8PFs.png,sunda,3,glyph,jawi,sunda
HAcO5Bc2.png,jawa,3,line,jawa,jawa
JyRhOG7t.png,sunda,3,line,sunda,sunda
cGKjvPmI.png,jawa,3,line,jawa,jawa
onriYlId.png,jawa,3,block,jawa,jawa
d0ssbEN9.png,jawa,3,line,jawa,jawa
RP3Nu0cU.png,jawa,3,line,jawa,jawa
Phy7PuM9.png,lontara,3,line,lontara,lontara
YvWTkXxw.png,pegon,3,line,pegon,pegon
lnSEIPcz.png,bali,3,line,bali,bali
1ITIDhKX.png,lampung,3,line,lampung,jawi
dqDHk311.png,jawi,3,glyph,jawi,jawi
nvDb3CIV.png,lontara,3,line,lontara,lontara
zXdfyU5t.png,jawi,3,line,jawi,jawi
yMbFuZGH.png,sunda,3,glyph,sunda,sunda
jDlTjgIJ.png,sunda,3,glyph,sunda,sunda
LjhcNU81.png,sunda,3,line,sunda,sunda
NFZIt3sH.png,lontara,3,page,lontara,lontara
1hT5vZVa.png,jawa,3,line,jawa,jawa
Qb63FDof.png,sunda,3,glyph,sunda,sunda
cz3x28z7.png,jawa,3,line,jawa,jawa
0pQOih09.jpg,jawa,3,page,jawa,jawa
roSK9yTZ.png,lontara,3,line,lontara,lontara
7K1A9uFM.png,lontara,3,line,lontara,lontara
mKTXY7yc.png,lontara,3,line,lontara,lontara
ioFqOutV.png,jawi,3,line,jawi,jawi
aoDqHcXM.png,jawa,3,line,jawa,jawa
1icXIUfR.jpg,jawa,3,page,bali,bali
1rPuWUQc.png,jawa,3,line,jawa,jawa
MXafWxbJ.png,jawa,3,line,jawa,jawa
GLILkmon.png,sunda,3,line,sunda,sunda
johVZUvs.png,jawa,3,page,jawa,jawa
NVotWlLu.png,lampung,3,line,lampung,lampung
VJCL7tIj.png,jawi,3,block,jawi,jawi
xFfdDrWx.png,lontara,3,line,lontara,lontara
ccgBy6Xg.png,jawa,3,line,jawa,jawa
DupVnEJp.png,jawa,3,line,jawa,jawa
xRERpbmu.png,lontara,3,line,lontara,lontara
xvQZ55I2.png,lontara,3,line,lontara,lontara
Em0erW8V.png,bali,3,line,bali,bali
nIPZIx3T.png,bali,3,line,bali,bali
ULC4a1Pn.png,bali,3,line,bali,bali
ycC0XHyp.png,jawa,3,line,jawa,jawa
yXgIiUWV.png,jawi,3,line,jawi,jawi
0zS7Oqk2.png,sunda,3,line,sunda,sunda
Hd6xFGtB.png,lontara,3,line,lontara,lontara
iM5IYObF.png,jawa,3,line,jawa,jawa
3OW9abKi.webp,pegon,3,page,pegon,pegon
LkzMEO2H.png,jawi,3,line,jawi,jawi
tLS37Mqi.png,bali,3,line,bali,bali
OxShy2Kr.png,lontara,3,line,lontara,lontara
QOxAMrkO.png,lontara,3,line,lontara,lontara
skuRibYx.png,bali,3,line,bali,bali
AI9V1e4k.png,lampung,3,line,lampung,lampung
YObQP7mc.png,bali,3,line,bali,bali
0ECdpw0Q.png,jawi,3,block,jawi,jawi
bX7Dldkx.png,sunda,3,line,sunda,sunda
rxyVUgTT.png,jawa,3,block,jawa,jawa
RIQ7tDw4.png,jawi,3,line,jawi,jawi
bX4sjXeW.png,pegon,3,block,jawi,pegon
VTrqKzpy.png,bali,3,line,bali,bali
KACcMSvB.png,jawa,3,line,jawa,jawa
EMKk06Ac.png,jawi,3,line,jawi,jawi
b3REldwn.png,jawi,3,glyph,jawi,jawi
QlDLPzwK.png,pegon,3,block,pegon,pegon
bUWyh8nq.png,jawa,3,line,jawa,jawa
u1R2Q9rl.png,jawi,3,line,jawi,jawi
oSjsdcIc.jpg,lontara,3,page,lontara,lontara
aGV33QrD.png,jawi,3,block,jawi,jawi
FOTvlbGm.png,bali,3,line,bali,bali
j0jdzWTT.jpg,lampung,3,line,lampung,lampung
34KmzoiV.png,jawa,3,line,jawa,jawa
wsmiptYu.png,jawi,3,line,jawi,jawi
CFLwmmBp.png,lontara,3,line,lontara,lontara
XBgs9VLN.png,lampung,3,line,lampung,lampung
HKx3rqPr.png,bali,3,line,bali,bali
GoGj1Sor.webp,jawa,3,page,jawa,jawa
BKiPcjAR.png,sunda,3,block,sunda,sunda
fbHJHq2G.png,jawa,3,line,jawa,jawa
8FLb8Z9e.png,sunda,3,block,sunda,sunda
oIBpwfyT.png,pegon,3,block,pegon,pegon
rEdU1wa7.png,jawa,3,line,jawa,jawa
6KqyMPaR.png,jawi,3,glyph,jawi,jawi
XwipKGQf.png,lampung,3,line,lampung,lampung
eytvM7Si.png,bali,3,line,bali,bali
nmq6WURI.png,lampung,3,line,lampung,lampung
sFKpVlPG.png,pegon,3,glyph,jawi,pegon
76C4p8SR.png,jawa,3,line,jawa,jawa
JGiGPGjv.png,sunda,3,line,sunda,sunda
MoxwL7uB.png,jawi,3,glyph,jawi,jawi
FjY2bKk1.png,jawi,3,line,jawi,jawi
QrBIyo4p.png,jawa,3,line,jawa,jawa
9Wfypakb.png,jawi,3,line,jawi,jawi
nhSNQ4NX.png,lampung,3,line,lampung,lampung
xhefJcO0.png,bali,3,line,bali,bali
CqMnPFZn.png,lampung,3,line,lampung,lampung
0vvMc4ds.png,jawa,3,line,jawa,jawa
1a4UsITZ.png,lampung,3,line,lampung,bali
TZXjeSy0.png,lampung,3,line,lampung,lampung
kPaABd0l.png,lontara,3,line,lontara,lontara
HT5rmqMe.png,sunda,3,line,sunda,sunda
17nQ7hxB.png,jawa,3,line,jawa,jawa
01MMZ5aI.png,jawa,3,line,jawa,jawa
3MmTjrlP.png,jawa,3,line,jawa,jawa
Cd46zhcT.png,pegon,3,block,pegon,pegon
6KVqgrdM.png,pegon,3,block,pegon,pegon
GOJYN8Ke.png,sunda,3,line,sunda,sunda
qBGQp2f4.png,sunda,3,line,sunda,sunda
NjSjleEK.png,sunda,3,line,sunda,sunda
pn7Eltsw.png,pegon,3,line,pegon,pegon
ZfZb7Wre.jpg,jawa,3,page,jawa,jawa
j76Ic5Y3.png,jawi,3,glyph,jawi,jawi
KC6zdFaL.png,jawa,3,line,jawa,jawa
gFMueXPs.png,jawi,3,line,jawi,jawi
p4pi6VXK.png,jawa,3,line,jawa,jawa
hz0i0VAL.jpg,jawi,3,page,pegon,pegon
kf8yJyhK.png,jawa,3,line,jawa,jawa
JLXQASMz.png,jawa,3,line,jawa,jawa
XJSwtqJo.png,sunda,3,line,sunda,sunda
LDln3bUH.png,jawa,3,line,jawa,jawa
Fpi34fCB.png,lampung,3,line,lampung,lampung
9nxofWC0.png,jawi,3,line,jawi,jawi
hwqyFzh5.png,bali,3,block,bali,bali
QS4dasqK.png,jawa,3,line,jawa,jawa
o7wasDKU.jpg,jawi,3,page,jawi,jawi
kkZ1uJIR.png,jawi,3,line,jawi,jawi
KNBLkUcH.png,bali,3,block,bali,bali
1KefcIhj.png,jawi,3,line,jawi,jawi
HzzA7VHe.png,lontara,3,line,lontara,lontara
UIaLnvhh.png,lampung,3,line,lampung,lampung
3l22B7OQ.png,jawa,3,line,jawa,jawa
LdAfbYLV.png,lontara,3,line,lontara,lontara
UuFHKhPB.png,lontara,3,line,lontara,lontara
HBj1uyhH.png,jawi,3,line,jawi,jawi
yLFKh66e.png,sunda,3,glyph,sunda,sunda
rJZQjxc0.png,jawi,4,line,jawi,jawi
efsCVAXh.png,jawi,4,line,jawi,jawi
XnmCJESw.png,pegon,4,block,pegon,pegon
HRCr8t7l.png,pegon,4,block,pegon,pegon
jYTQSpdW.png,bali,4,line,bali,bali
tzoxINik.png,jawi,4,line,jawi,jawi
SWmX6WTA.png,lontara,4,line,lontara,lontara
kg4W1LjT.png,jawa,4,line,jawa,jawa
au9mLbd8.png,jawi,4,line,jawi,jawi
NTvU9OQs.png,jawi,4,line,jawi,jawi
jUXNviVX.png,jawi,4,line,jawi,jawi
bGRWCsTu.png,jawa,4,line,jawa,jawa
dCSSepmf.png,bali,4,line,bali,bali
V9zZHbxx.png,lontara,4,line,lontara,lontara
UW8zRXPQ.png,jawi,4,line,jawi,jawi
FPktjVik.png,pegon,4,block,pegon,pegon
t70ANyVM.png,bali,4,line,bali,bali
JlEpM3oC.png,bali,4,line,bali,bali
GjVx3hcd.png,pegon,4,block,pegon,pegon
i1j3gXwa.png,pegon,4,block,pegon,pegon
jxh6yxyy.jpg,lontara,4,page,lontara,lontara
TT2py3po.png,jawa,4,line,jawa,jawa
MQDWdzQd.png,jawi,4,glyph,jawi,jawi
QpAYjE7a.png,bali,4,block,bali,bali
p5adqFyu.png,sunda,4,line,sunda,sunda
oteXEBir.png,pegon,4,block,pegon,pegon
UZCz3Tc9.png,jawi,4,line,jawi,jawi
l6Hef28r.png,jawi,4,block,jawi,jawi
vdLe81Di.png,jawi,4,line,jawi,jawi
lp1In676.jpg,lampung,4,page,lampung,lampung
NA2mW6MM.png,sunda,4,glyph,sunda,sunda
rTnbMuPc.png,bali,4,line,bali,bali
WGC3HdHJ.png,lontara,4,line,lontara,lontara
A4CGGZsR.png,jawi,4,block,jawi,jawi
bmfAMvLs.png,pegon,4,block,pegon,pegon
zJfN1IUl.png,sunda,4,glyph,sunda,sunda
HpJV9OF2.png,lampung,4,line,lampung,lampung
UD0troHv.png,lontara,4,line,lontara,lontara
lJJD74rc.png,jawi,4,line,jawi,jawi
NWuOzl3e.png,pegon,4,block,pegon,pegon
gllNr3XG.png,jawa,4,line,jawa,jawa
MVI2eyba.png,jawa,4,line,jawa,jawa
DOuAVBCT.png,jawa,4,line,jawa,jawa
aoPT6i3l.png,jawa,4,block,jawa,jawa
PsItOhnH.png,jawi,4,line,jawi,jawi
Tm3dwYeQ.png,lontara,4,line,lontara,lontara
r3tGNzm6.jpg,jawa,4,page,jawa,jawa
CU4SljdE.png,lontara,4,line,lontara,lontara
GGMdDpgF.png,jawa,4,line,jawa,jawa
sneBuutJ.png,sunda,4,line,sunda,sunda
fEIpVd4O.png,jawa,4,line,jawa,jawa
ydLzP6nj.png,lampung,4,line,lampung,lampung
WthKsRUl.png,lontara,4,line,lontara,lontara
OfSyjlyN.png,jawi,4,glyph,jawi,jawi
VvWr2DRJ.jpg,pegon,4,page,jawi,jawi
FjH55jbg.png,sunda,4,glyph,sunda,sunda
XOj8QBf5.png,bali,4,line,bali,bali
BfCvYSjw.png,sunda,4,line,sunda,sunda
o3CxD95x.png,jawa,4,line,jawa,jawa
eLBBW2QF.png,sunda,4,line,sunda,sunda
NvJjdbil.png,jawi,4,line,jawi,jawi
lzSevp4g.png,sunda,4,line,sunda,sunda
1n55t9rr.png,jawi,4,glyph,jawi,jawi
2LT7SZwr.png,jawa,4,line,jawa,jawa
UiPZ7edq.png,lontara,4,line,lontara,lontara
Ps8l8f2o.png,lontara,4,line,lontara,lontara
bNohXPr9.png,jawi,4,line,jawi,jawi
QitMTWIs.png,sunda,4,line,sunda,sunda
isCRUjsC.jpg,pegon,4,page,jawi,jawi
4i1G43sq.png,lontara,4,line,lontara,lontara
efuoz9rC.png,lampung,4,line,lampung,lampung
8LHeooKP.png,lampung,4,line,lampung,lampung
rEohqrKO.webp,jawa,4,page,jawa,jawa
S7tOC4MU.png,sunda,4,line,sunda,sunda
B9Ev6phT.png,jawa,4,line,jawa,jawa
SuJZx9d8.png,jawa,4,line,jawa,jawa
hNYgGzjN.png,sunda,4,line,sunda,sunda
HyDq4gLc.png,sunda,4,line,sunda,sunda
CO7MjAIL.png,lampung,4,line,lampung,lampung
e5jpkL8J.png,lontara,4,line,lontara,lontara
CTc2ysIM.png,jawa,4,line,jawa,jawa
euTF4xwC.png,bali,4,line,bali,bali
1bvvJU62.png,jawi,4,line,jawi,jawi
4stMTrft.png,lampung,4,line,lampung,lampung
xi9fIoRJ.png,lontara,4,line,lontara,lontara
JK5pBo2y.png,jawa,4,line,jawa,jawa
9q9sIyuH.png,pegon,4,block,pegon,pegon
MlAOALyQ.png,lampung,4,line,lampung,lampung
UDm5xGdt.png,bali,4,line,bali,bali
o5UgfV0P.png,lontara,4,line,lontara,lontara
sXydQMIE.png,bali,4,line,bali,bali
PSMXQz4m.png,sunda,4,line,sunda,sunda
tNiWpROS.png,jawi,4,glyph,jawi,jawi
7tjVT2Zm.png,bali,4,line,bali,bali
U1WtLnQL.png,lontara,4,line,lontara,lontara
lQ2W2RnL.png,lontara,4,line,lontara,lontara
V8oCxQAo.png,sunda,4,line,sunda,sunda
lHogjzRw.png,pegon,4,line,pegon,pegon
Sq4mQMmX.webp,lampung,4,page,lampung,lampung
wtaEU6Uv.png,lampung,4,line,lampung,lampung
Z3qfTLuM.png,lontara,4,line,lontara,lontara
NuBSFCk1.png,jawi,4,block,jawi,jawi
Q9QSTUAS.png,sunda,4,block,sunda,sunda
ck90bB1F.png,bali,4,line,bali,bali
mnZkuvMo.png,sunda,4,glyph,sunda,sunda
bObwH7Dz.png,bali,4,line,bali,bali
fcrD55W3.png,pegon,4,block,pegon,pegon
3lMV2c96.png,lampung,4,line,lampung,jawa
Utnn2nU3.png,jawi,4,line,jawi,jawi
AJTtyGzl.png,bali,4,line,bali,bali
60AwM4Fq.png,lampung,4,line,lampung,lampung
DogN51xa.png,bali,4,line,bali,bali
jNUg0YNa.png,jawa,4,block,jawa,jawa
J4yyn8Uy.png,lontara,4,line,lontara,lontara
2LAPeXU6.png,bali,4,line,bali,bali
JoyPHY0u.png,sunda,4,glyph,sunda,sunda
3fGkBXmy.png,lontara,4,line,lontara,lontara
PzgGMHjn.png,lampung,4,line,lampung,lampung
Bgc5xcQB.png,sunda,4,line,sunda,sunda
5iijQVjv.png,jawi,4,line,jawi,jawi
CCi8M4Wp.png,sunda,4,line,sunda,sunda
OnISjH4b.png,bali,4,line,bali,bali
FLAbYenf.png,jawa,4,line,jawa,jawa
8P0TpN1l.png,sunda,4,line,sunda,sunda
vIX9hIjR.jpg,pegon,4,page,pegon,pegon
06eqZ6CH.png,jawi,4,glyph,jawi,jawi
OpZHk0xy.png,sunda,4,line,sunda,sunda
aluaTbKZ.png,jawi,4,line,jawi,jawi
NX1ipq6z.png,jawa,4,line,jawa,jawa
hzsdmZFP.png,sunda,4,line,sunda,sunda
T7d3iSG8.png,jawi,4,line,jawi,jawi
ANUT39NX.png,jawi,4,line,jawi,jawi
r04Xep33.png,bali,4,line,bali,bali
v8iQD1YR.png,lampung,4,line,lampung,jawi
uLKywNbB.png,jawi,4,line,jawi,jawi
MEMj71vS.png,sunda,4,line,sunda,sunda
FzUde3i5.png,sunda,4,line,sunda,sunda
JNppT7xp.png,jawi,4,glyph,jawi,jawi
7Bl20NPI.png,lontara,4,line,lontara,lontara
cSqToiMa.jpg,bali,4,page,bali,bali
8SdXjc5Q.png,lampung,4,line,lampung,lampung
SUpeGnqL.png,jawa,4,line,jawa,jawa
aWiq8IgM.png,jawa,4,line,jawa,jawa
hW9ckDAr.png,jawi,4,block,jawi,jawi
FtJgAj3z.png,jawa,4,line,jawa,jawa
UWOkZppw.png,lampung,4,line,lampung,lampung
pXLID2Oz.png,sunda,4,line,sunda,sunda
KHeo5E5D.png,lontara,4,line,lontara,lontara
zmpVYdML.png,bali,4,line,bali,bali
HW0gtJ3z.png,jawa,4,line,jawa,jawa
0yw3HUMJ.png,jawa,4,line,jawa,jawa
DMfn9sN7.png,jawa,4,line,jawa,jawa
dkcNWByU.png,lontara,4,line,lontara,lontara
ZIMyFIYP.png,jawi,4,line,jawi,jawi
1dLNRoUS.png,lampung,4,line,lampung,lampung
szJtpSIy.png,pegon,4,block,pegon,jawi
qovgDuWs.png,jawi,4,line,jawi,jawi
nnhsY4Ch.png,jawi,4,line,jawi,jawi
GA868jP9.png,lontara,4,line,lontara,lontara
X7X88S7M.png,lampung,4,line,lampung,lampung
kvNQnwyn.png,sunda,4,glyph,sunda,sunda
7XGmQ6mf.png,jawa,4,line,jawa,jawa
4kfjqqOT.png,jawi,4,line,jawi,jawi
k2FvNHaO.png,lampung,4,line,lampung,lampung
J7tNGxwh.png,sunda,4,line,sunda,sunda
HpJ8LzOu.png,sunda,4,line,sunda,sunda
4Sfkw8rm.png,sunda,4,glyph,sunda,sunda
ZbmjVhfI.png,sunda,4,glyph,sunda,sunda
rpwRJFPi.png,lontara,4,line,lontara,lontara
ih7t7yJy.png,jawi,4,block,jawi,jawi
bDwOcDTg.png,lampung,4,line,lampung,lampung
DIlL0Urz.png,jawi,4,block,jawi,jawi
vSBHNoJ1.png,jawi,4,line,jawi,jawi
2nQQobQf.png,lampung,4,line,lampung,lampung
e4Me7LMM.png,pegon,4,block,pegon,pegon
PgEIaKx4.png,sunda,4,line,sunda,sunda
chZLlGCH.png,lontara,4,line,lontara,lontara
zGQ2vh1g.png,bali,4,line,bali,bali
r6Y1zvkz.png,bali,4,line,bali,bali
bqKF2TcM.png,sunda,4,line,sunda,sunda
65SxWsqy.png,jawi,4,line,jawi,jawi
kKxTldHU.png,jawi,4,line,jawi,jawi
9VjPtma0.png,jawa,4,line,jawa,jawa
lhv9S38a.png,sunda,4,line,sunda,sunda
zokFdUSP.png,jawi,4,glyph,jawi,jawi
U0Nfvmit.png,sunda,4,line,sunda,sunda
LeLdY3Qb.png,bali,4,block,bali,bali
ff0VFdBw.png,lontara,4,line,lontara,lontara
fOhRpUOR.png,sunda,4,line,sunda,sunda
QSVdE7IT.png,lampung,4,line,lampung,lampung
tz0qToNY.png,jawi,4,line,jawi,jawi
4v7HlP24.png,jawa,4,line,jawa,jawa
8AuxnEhR.png,jawa,4,line,jawa,jawa
oh2MaR6D.png,lontara,4,line,lontara,lontara
XtCkDoX1.png,pegon,4,line,pegon,pegon
DIA0j6SU.png,lampung,4,line,lampung,lampung
zZCDmzPe.png,lontara,4,line,lontara,lontara
3OIQLttH.png,sunda,4,block,sunda,sunda
LVq2TXoU.png,jawi,4,line,jawi,jawi
qr0Dsa4r.png,jawa,4,page,jawa,jawa
LeTEDZBH.png,lampung,4,line,lampung,lampung
pSKsyIru.png,sunda,4,line,sunda,sunda
I5PChxPI.png,jawa,4,line,jawa,jawa
HdxdThx8.png,bali,4,line,bali,bali
q8IFpkSi.png,bali,4,line,bali,bali
lOsHKXKt.png,bali,4,line,bali,bali
yK0QM0aZ.png,jawa,4,line,jawa,jawa
6qJNCoYy.png,jawi,4,block,jawi,jawi
qpfkhEY1.png,pegon,4,block,pegon,pegon
5CEDhrRj.png,sunda,4,glyph,sunda,sunda
Qp5L2a6r.png,lontara,4,line,lontara,lontara
OInGUFul.png,jawi,4,line,jawi,jawi
rruEa7kF.png,jawi,4,line,jawi,jawi
Katgct1b.png,lampung,4,block,lampung,lampung
noNn865N.png,jawa,4,line,jawa,jawa
TSTe8GQ1.png,jawa,4,line,jawa,jawa
MuR7rzdl.jpg,jawa,4,page,jawa,jawa
5qMFRTiX.png,jawa,4,line,jawa,jawa
QeEf1zIv.png,lampung,4,line,lampung,lampung
7i8PG9Ub.png,sunda,4,line,sunda,sunda
sJ0iKoM1.png,jawi,4,line,jawi,jawi
Ta0x7Eph.png,bali,4,line,bali,bali
mnehekz3.png,jawa,4,line,jawa,jawa
EvefOGy3.png,jawi,4,line,jawi,jawi
PxvIygvK.png,sunda,4,line,sunda,sunda
MKEj9Egy.png,pegon,4,block,pegon,pegon
ewvo77IW.png,jawa,4,line,jawa,jawa
SGWBg1Sk.png,sunda,4,block,sunda,sunda
hiYUQY8w.png,pegon,4,block,pegon,pegon
Bv2oyw7P.png,pegon,4,block,pegon,pegon
lvH9xi3L.png,jawa,4,line,jawa,jawa
sZVE2ywp.png,pegon,4,block,pegon,pegon
ZpHspSiD.png,jawa,4,line,jawa,jawa
tVLTxNyb.jpg,pegon,4,page,pegon,pegon
OKkmXzt8.png,jawa,4,block,jawa,jawa
aIifqU3i.png,jawi,4,line,jawi,jawi
wNTWQ7Eu.png,jawa,4,line,jawa,jawa
6Jj7eo3O.png,sunda,4,line,sunda,sunda
Cj6fhTfi.png,lontara,4,line,lontara,lontara
MYzLfnpF.png,bali,4,line,bali,bali
pikUEMoX.png,lampung,4,line,lampung,lampung
CkxgOrzC.png,bali,4,line,bali,bali
eYLW9c4b.png,jawi,4,line,jawi,jawi
pS22M8WI.png,jawa,4,line,jawa,jawa
bujx5toW.png,lontara,4,line,lontara,lontara
YUFuRAx6.png,sunda,4,line,sunda,sunda
CgDIIDUS.png,lontara,4,line,lontara,lontara
zAnFtNxA.png,jawa,4,line,jawa,jawa
GOkjzosa.png,jawa,4,line,jawa,jawa
IDpHW9DT.png,pegon,4,block,pegon,pegon
sb2Ps29j.png,bali,4,line,bali,bali
XxZwwo8P.png,bali,4,line,bali,bali
5JCZ9Xd0.png,jawi,4,line,jawi,jawi
7A85hO7m.png,lontara,4,line,lontara,lontara
bJgQiB3q.png,sunda,4,line,sunda,sunda
XbNnHsqT.png,bali,4,line,bali,bali
iuBUw6Z0.png,jawi,4,line,jawi,jawi
3E6RGIb9.png,lampung,4,line,lampung,lampung
jHj3sS9r.png,jawa,4,line,jawa,jawa
auKXQuSg.png,sunda,4,line,sunda,sunda
VbnNzoYT.png,jawa,4,line,jawa,jawa
kc1azKPu.png,bali,4,line,bali,bali
8sJ8xcoT.png,lampung,4,line,lampung,lampung
zL9Uvixs.png,sunda,4,glyph,sunda,sunda
uuK4oQAM.png,jawi,4,line,jawi,jawi
9OCyzKMd.png,jawi,4,glyph,jawi,jawi
guc21whT.png,jawi,4,line,jawi,jawi
6hlKj9E8.png,jawi,4,line,jawi,jawi
Q6izBwPY.png,jawi,4,line,jawi,jawi
LLcdarUM.png,sunda,4,line,sunda,sunda
4RJXJvVO.png,jawa,4,line,jawa,jawa
pYL28KSV.png,jawa,4,line,jawa,jawa
W8rL1ivl.png,jawa,4,line,jawa,jawa
EZ9bE0CW.png,pegon,4,block,pegon,pegon
f2Lu2HQI.png,pegon,4,line,pegon,pegon
XftNiUZ4.png,lampung,4,line,lampung,lampung
zgOgt2be.png,pegon,4,block,pegon,pegon
FoQP5iHt.png,jawi,4,line,jawi,jawi
FxsyuSxE.png,jawa,4,line,jawa,jawa
cHhCbyyZ.png,bali,4,line,bali,bali
YYjuRWFX.png,jawi,4,block,jawi,jawi
VyEA0m9Y.png,sunda,4,line,sunda,sunda
8LjNxpMR.png,jawa,4,block,jawa,jawa
Wfsqr4mk.png,jawi,4,line,jawi,jawi
y0uFaJnx.png,jawa,4,page,jawa,jawa
sfQ5NoIs.png,sunda,4,line,sunda,sunda
RS7IohRL.png,pegon,4,block,jawi,jawi
8VHrTv1N.png,jawi,4,glyph,jawi,jawi
uFdt7bB5.png,sunda,4,line,sunda,sunda
t0lEZa9v.png,jawa,4,line,jawa,jawa
oC1rLK6d.png,jawi,4,line,jawi,jawi
pavbfL0r.png,jawi,4,line,jawi,jawi
hf1aJZJs.jpg,jawa,4,page,jawa,jawa
6c2wMIy0.png,pegon,4,block,pegon,pegon
2mZNt0AT.png,sunda,4,block,sunda,sunda
SXGvYSTO.png,jawi,4,line,jawi,jawi
gvNd0ddj.png,pegon,4,block,pegon,pegon
TCYatNAu.png,bali,4,line,bali,bali
m4aWwQum.png,jawi,4,glyph,jawi,jawi
7iG2FGRP.png,lontara,4,line,lontara,lontara
GptK00yn.png,lampung,4,line,lampung,lampung
sbs2aKLm.png,jawa,4,line,jawa,jawa
1O6J9TlD.png,jawa,4,line,jawa,jawa
I0e6a2ip.png,jawi,4,line,jawi,jawi
zolG0Cqm.png,sunda,4,line,sunda,sunda
8E5t9hUP.png,bali,4,line,bali,bali
jBP46hUM.png,sunda,4,line,sunda,sunda
2Y5T9VU4.png,jawi,4,line,jawi,jawi
4a7LqZm5.png,jawa,4,line,jawa,jawa
ck3xe1MM.png,pegon,4,line,pegon,pegon
0AGadw2m.png,sunda,4,glyph,sunda,sunda
ZsV44R7s.png,jawi,4,glyph,jawi,jawi
kzNIHUxe.png,lontara,4,line,lontara,lontara
cBQqTwIg.png,lampung,4,line,lampung,lampung
VIccv3aL.png,sunda,4,glyph,sunda,sunda
tsihOkEn.png,pegon,4,block,pegon,pegon
W0b6uSzZ.jpg,jawa,4,page,jawa,jawa
KOjxlbon.png,jawi,4,line,jawi,jawi
ucAnae1X.png,sunda,4,line,sunda,sunda
T5Q9z9Eg.jpg,sunda,4,page,sunda,sunda
ORp7qPE9.png,jawa,4,line,jawa,jawa
TjWK7AcR.png,jawa,4,block,jawa,jawa
cNXpTJrq.png,jawa,4,line,jawa,jawa
6B6gEZsF.png,sunda,4,line,sunda,sunda
dAP8AKc7.png,lampung,4,line,lampung,lampung
FmblxCTE.png,jawi,4,line,jawi,jawi
nB3tWRdP.png,jawi,4,block,jawi,jawi
Pz1v0KGJ.png,sunda,4,line,sunda,sunda
g5ciNG8q.png,lampung,4,line,lampung,lampung
M4KkJkVF.png,sunda,4,block,sunda,sunda
pRhmq7IU.png,jawi,4,line,jawi,jawi
MyFb4Qse.png,lontara,4,line,lontara,lontara
w7Mki1j1.png,lontara,4,line,lontara,lontara
ZVhztQB0.png,sunda,4,glyph,sunda,sunda
aN1pE3Zk.png,jawi,4,line,jawi,jawi
Ik6fnyVl.png,lampung,4,line,lampung,lampung
AG40WrsZ.png,jawi,4,line,jawi,jawi
A2gApZnB.jpg,lampung,4,page,lampung,lampung
NUT7LqIb.png,bali,4,line,bali,bali
lK7jxLfl.png,sunda,4,glyph,sunda,sunda
cD3Q9Mup.png,lampung,4,line,lampung,lampung
1uTfG4Ff.png,sunda,4,line,sunda,sunda
s7dY6j4u.png,lampung,4,line,lampung,lampung
wEYWWhaw.png,jawi,4,line,jawi,jawi
oIOESpST.png,lontara,4,line,lontara,lontara
INwD0I8T.png,sunda,4,block,sunda,sunda
4FPOyOhR.png,lampung,4,line,lampung,lampung
wxVGUVvs.png,sunda,4,line,sunda,sunda
t5tOvHvB.png,jawi,4,glyph,jawi,jawi
B8wfb9HN.png,pegon,4,line,pegon,pegon
n4tx9vq1.png,jawa,4,line,jawa,jawa
lWjk9Tvo.jpg,lampung,4,page,lampung,lampung
RJoZDw1O.png,bali,4,line,bali,bali
XQK4DDMk.png,lontara,4,line,lontara,lontara
I8ZRTjr4.png,jawi,4,line,jawi,jawi
rfUqvyMU.png,lontara,4,line,lontara,lontara
BW1aeOIN.png,jawa,4,line,jawa,jawa
xBCIhZ3x.png,bali,4,line,bali,bali
3itA4GCy.jpg,bali,4,block,bali,lampung
X4wgUCC9.png,jawa,4,line,jawa,jawa
p9Yo5NBN.png,lampung,4,block,lampung,lampung
YLviXRXD.png,sunda,4,glyph,sunda,sunda
moTcEMuO.png,lampung,4,line,lampung,lampung
MDfOSmjo.png,sunda,4,line,sunda,sunda
g5zApoDB.png,lontara,4,line,lontara,lontara
Iz8SVj1m.png,jawa,4,line,jawa,jawa
GLuRIHuH.png,jawa,4,line,jawa,jawa
JfHP176N.jpg,lampung,4,page,lampung,lampung
K9owTuUE.png,bali,4,line,bali,bali
pyl2oO3P.png,lampung,4,line,lampung,lampung
qoLovT11.png,lontara,4,line,lontara,lontara
i7MvKsHU.png,jawa,4,line,jawa,jawa
h4kTZUJy.png,pegon,4,line,jawi,jawi
nDXTDZei.png,lampung,4,line,lampung,lampung
XmDXsCvc.webp,jawa,4,page,jawa,jawa
pZMtL7pw.png,sunda,4,line,sunda,sunda
HBrGi15a.png,sunda,4,glyph,sunda,sunda
BItvOxGo.png,bali,4,line,bali,bali
SVR4eenU.png,lampung,4,line,lampung,lampung
memyy9kn.png,sunda,4,glyph,sunda,sunda
haMG0wzX.png,bali,4,line,bali,bali
IWyD6NVn.png,lampung,4,line,lampung,lampung
4FghFXiQ.png,jawi,4,line,jawi,jawi
KjMl6acI.png,jawi,4,glyph,jawi,jawi
OPL6FWW9.png,lontara,4,line,lontara,lontara
k9b3mpvL.png,sunda,4,line,sunda,sunda
7y8ztGPg.png,sunda,4,line,sunda,sunda
va9We9KL.png,bali,4,glyph,bali,bali
nR4IvySO.png,lontara,4,line,lontara,lontara
Py8w6YjF.png,sunda,4,block,sunda,sunda
AwDbaxa3.png,jawa,4,line,jawa,jawa
8Eum6Ec9.png,sunda,4,line,sunda,sunda
lsQVR0lI.png,jawa,4,line,jawa,jawa
aWChNSBf.png,pegon,4,block,pegon,pegon
WtdYMinR.jpg,pegon,4,page,pegon,pegon
vJNHumL4.png,sunda,4,line,sunda,sunda
C3L3i6Jg.png,jawi,4,glyph,jawi,jawi
hCmQMvEz.png,bali,4,line,bali,bali
3NbzeLGv.png,jawa,4,line,jawa,jawa
yDFD5PVJ.png,jawi,4,line,jawi,jawi
k6oYT60e.png,lampung,4,line,lampung,lampung
feJiIRPi.png,jawi,4,line,jawi,jawi
LnEnKwut.png,jawi,4,line,jawi,jawi
nOkBZWxv.png,jawa,4,page,jawa,jawa
f915SexE.png,sunda,4,line,sunda,sunda
kjcMI6OR.png,jawa,4,line,jawa,jawa
8BnKtmC3.png,sunda,4,line,sunda,sunda
DUacVKKU.png,jawi,4,line,jawi,jawi
Vu0ZlUF2.png,lontara,4,line,lontara,lontara
wFgWjzL4.png,jawi,4,line,jawi,jawi
jvDi0wqt.png,pegon,4,block,pegon,pegon
ueiukMHt.png,jawi,4,line,jawi,jawi
jkF5oQI1.png,jawi,4,line,jawi,jawi
qGKbYhBh.png,jawi,4,line,jawi,jawi
D0aGeRWT.png,bali,4,line,bali,bali
AssUogbY.png,pegon,4,block,pegon,pegon
EVqXrTOD.png,pegon,4,line,pegon,pegon
HG7HTZzW.jpg,lontara,4,block,lontara,lontara
1yslbfmO.png,sunda,4,glyph,sunda,sunda
gM4oNRpH.png,jawa,4,line,jawa,jawa
V0SDWEzK.png,sunda,4,glyph,sunda,sunda
daByV6JQ.png,jawi,4,line,jawi,jawi
3oxgppGh.png,sunda,4,line,sunda,sunda
1J9z8EVF.png,jawa,4,line,jawa,jawa
FVsfhuVO.png,lampung,4,line,lampung,lampung
zNelCQlA.png,jawi,4,line,jawi,jawi
9qNbmXLt.png,sunda,4,line,sunda,sunda
kVhRKlm2.png,lontara,4,line,lontara,lontara
J0fKb2vw.png,lampung,4,line,lampung,lampung
OOHUhQB2.png,jawi,4,line,jawi,jawi
cVVGbu11.png,lampung,4,line,lampung,lampung
2Xxw4tCi.png,sunda,4,line,sunda,sunda
PBmR49Uf.png,jawa,4,line,jawa,jawa
Zc20rlVi.png,jawi,4,line,pegon,jawi
M1WsjN7B.png,bali,4,line,bali,bali
b29ZHVzg.png,jawa,4,line,jawa,jawa
utXFcWR0.png,lampung,4,line,lampung,lampung
UJpfbfsg.png,sunda,4,glyph,sunda,sunda
7IGLH2dO.png,lampung,4,block,lampung,lampung
xYBnbe3B.png,jawi,4,line,jawi,jawi
2gBPYKUy.png,lampung,4,line,lampung,lampung
d81F6pxi.jpg,lampung,4,page,lampung,lampung
0RDJIi3l.png,sunda,4,glyph,sunda,sunda
oJequP2s.png,jawi,4,line,jawi,jawi
vS2CTeHK.png,jawa,4,line,jawa,jawa
4pwX2kyE.png,jawi,4,line,jawi,jawi
uKajDrCg.png,sunda,4,line,sunda,sunda
rcZRQhKq.png,lampung,4,line,lampung,lampung
hbVoPQCx.png,sunda,4,block,sunda,sunda
KRf6HW6W.png,pegon,4,block,pegon,pegon
NRYHEHUN.png,lontara,4,line,lontara,lontara
esHtTrpO.png,lontara,4,line,lontara,lontara
GGJKEOHR.png,jawa,4,line,jawa,jawa
ckJND3QK.png,jawi,4,line,jawi,jawi
sO4z1h9a.png,lontara,4,line,lontara,lontara
AzC6Ngq5.png,bali,4,line,bali,bali
p3mRH8k9.png,jawi,4,glyph,jawi,jawi
5RFPyYko.png,jawa,4,line,jawa,jawa
iGdvsmXp.png,jawi,4,glyph,jawi,jawi
CtRDviFi.png,sunda,4,line,sunda,sunda
7roqip05.png,sunda,4,line,sunda,sunda
2OlQVE2N.png,pegon,4,block,pegon,pegon
iKHNIvf8.png,pegon,4,block,pegon,pegon
DlIWXqaP.png,jawi,4,line,jawi,jawi
KSS3erX3.png,sunda,4,line,sunda,sunda
j3myIAOs.png,bali,4,line,bali,bali
3LGwwLqE.png,pegon,4,block,pegon,pegon
lf1NA7Yz.png,jawi,4,line,jawi,jawi
QFDYs1zj.png,pegon,4,block,pegon,pegon
k8urWBU9.png,jawa,4,line,jawa,jawa
XdEdDVjt.png,bali,4,line,bali,bali
mb4HqMUq.png,sunda,4,glyph,sunda,sunda
hB6WAl6r.png,pegon,4,block,pegon,pegon
4i7Nrw6G.png,jawi,4,line,jawi,jawi
ttE3AN4T.png,jawa,4,line,jawa,jawa
hRKL1niD.png,lampung,4,line,lampung,lampung
wPfngsjL.png,jawi,4,line,jawi,jawi
m2Ui2a65.png,sunda,4,line,sunda,sunda
qzbZzHEh.png,lampung,4,line,lampung,lampung
I3bk9vMY.png,jawa,4,line,jawa,jawa
xXjlWoIB.png,sunda,4,line,sunda,sunda
K3XaiW1B.png,lampung,4,line,lampung,lampung
vWeSwS0f.png,lampung,4,line,lampung,lampung
CqSvfsrM.jpg,lampung,4,page,lampung,lampung
NMa5ZOZt.png,sunda,4,line,sunda,sunda
h3ujPFJx.png,sunda,4,line,sunda,sunda
VVERUvw3.png,jawa,4,line,jawa,jawa
V7shHs7j.png,lontara,4,line,lontara,lontara
zhbMkIs9.png,jawi,4,line,jawi,jawi
1WPyj5A3.png,lontara,4,line,lontara,lontara
hN8k7EQS.png,bali,4,line,bali,bali
yybF3m5Z.png,jawi,4,line,jawi,jawi
eM3xPkcX.png,jawa,4,line,jawa,jawa
vFEzgwPg.png,jawa,4,line,jawa,jawa
3ZfYenHe.png,lontara,4,line,lontara,lontara
SxMWNLTh.png,sunda,4,line,sunda,sunda
GUNVgR19.png,sunda,4,line,sunda,sunda
qkYiMCMr.png,jawi,4,line,jawi,jawi
NE1L1AGP.png,jawi,4,block,pegon,pegon
4vfmWhwX.png,bali,4,line,bali,bali
TgirLX7r.png,jawi,4,glyph,jawi,jawi
qZZ6OWjy.png,jawa,4,line,jawa,jawa
cNrccj3K.png,jawa,4,line,jawa,jawa
1WWcZhSj.png,lontara,4,line,lontara,lontara
Kd0EJ2dJ.png,jawi,4,glyph,jawi,jawi
9aRfOJ47.png,bali,4,line,bali,bali
XubF5e3W.png,jawi,4,line,jawi,jawi
Dj1KI6OH.png,jawi,4,glyph,jawi,jawi
NaTwFOSV.png,bali,4,block,bali,bali
YXJ9nyYF.png,jawi,4,line,jawi,jawi
MLaSwjle.png,sunda,4,line,sunda,sunda
b3mX8O1h.png,sunda,4,line,sunda,sunda
Bu311bOJ.png,sunda,4,line,sunda,sunda
JUcIlUlw.jpg,jawa,4,page,jawa,jawa
iqPiMuzH.png,pegon,4,line,pegon,pegon
CPGVPQih.png,jawi,4,glyph,jawi,jawi
g4u9buSM.png,jawi,4,line,jawi,jawi
XLpfTPXq.png,lontara,4,line,lontara,lontara
HOn1Kjg3.png,lampung,4,line,lampung,lampung
DraaCBcD.png,jawa,4,line,jawa,jawa
r2BpthqB.png,lampung,4,line,lampung,lampung
LDOS19XN.png,pegon,4,line,pegon,pegon
bUK22ID9.png,lampung,4,line,lampung,lampung
buiY6ByJ.png,jawi,4,line,jawi,jawi
d2jkqGaU.png,jawi,4,block,jawi,jawi
ptggm8Dm.png,jawa,4,line,jawa,jawa
WjO9Cz5R.png,jawi,4,line,jawi,jawi
EIbBGv9G.jpg,bali,4,page,bali,bali
fAFoe01T.png,jawi,4,line,jawi,jawi
0wrkeCaA.png,sunda,4,line,sunda,sunda
8pOxiJ2F.png,lontara,4,line,lontara,lontara
cjnsTa5k.png,sunda,4,line,sunda,sunda
tu86jf4F.png,lampung,4,line,lampung,lampung
u7i9RALq.png,lampung,4,line,lampung,lampung
oNV6d8Ue.png,sunda,4,line,sunda,sunda
sSIPm67w.png,bali,4,line,bali,bali
P52dvVOv.png,lontara,4,line,lontara,lontara
RJVhHjwp.png,sunda,4,line,sunda,sunda
UmAM2xxw.png,bali,4,line,bali,bali
wfFUMS9o.png,lontara,4,line,lontara,lontara
WZfesrhL.png,lontara,4,line,lontara,lontara
ZiWzQeWe.png,bali,4,block,bali,bali
6Dsgv9Et.png,jawa,4,line,jawa,jawa
QMe5Qa85.jpg,lampung,4,page,lampung,lampung
jXxnptdy.png,jawa,4,line,jawa,jawa
jVRM9bLG.png,pegon,4,line,pegon,pegon
WAOz0ZE4.png,jawa,4,line,jawa,jawa
XjzuHQqf.png,jawi,4,block,jawi,jawi
eAW798Xv.png,sunda,4,line,sunda,sunda
xna93YNK.png,jawi,4,line,jawi,jawi
1aIVpZ2l.jpg,lampung,4,page,lampung,lampung
aM48OAaT.png,lampung,4,line,lampung,lampung
pBfubdWd.png,jawi,4,line,jawi,jawi
ZhOGt7p1.png,jawa,4,line,jawa,jawa
u3JBbYe7.png,lontara,4,line,lontara,lontara
9ZKX8f9o.png,jawa,4,line,jawa,jawa
n6Z6w8bi.png,jawi,4,line,jawi,jawi
NY7qPAoP.png,jawi,4,line,jawi,jawi
cM6x8sr0.png,jawa,4,line,jawa,jawa
G3idkeXi.png,sunda,4,line,sunda,sunda
0yrRzznr.png,lampung,4,line,lampung,lampung
h0stjJad.png,jawi,4,block,jawi,jawi
HTEj5HZX.png,lampung,4,line,lampung,lampung
GstOwJqY.png,lampung,4,line,lampung,lampung
5s7tp5tB.png,lontara,4,line,lontara,lontara
y3XQDMZv.jpg,sunda,4,page,sunda,sunda
IQlmOYcA.png,bali,4,line,bali,bali
LnPrhTAZ.png,jawa,4,line,jawa,jawa
TGQ7mHxT.png,bali,4,line,bali,bali
pZxR2XMH.png,jawi,4,line,jawi,jawi
pNOkdJT3.png,lontara,4,line,lontara,lontara
4BuYYd9i.png,jawa,4,line,jawa,jawa
J3uxBvVe.png,sunda,4,line,sunda,sunda
L5ew6cf9.jpg,pegon,4,page,pegon,pegon
XE1yQhgw.webp,sunda,4,page,lampung,lampung
cSWRFRxB.png,jawa,4,line,jawa,jawa
dGE8N3Cx.png,lampung,4,line,lampung,lampung
4iwimPuq.png,bali,4,line,bali,bali
PdPkWWHH.png,jawi,4,glyph,jawi,jawi
K88CO7Tb.png,sunda,4,glyph,sunda,sunda
T4CwXbxe.jpg,bali,4,page,bali,bali
7RxzqF7t.png,jawi,4,line,jawi,jawi
6nPmixt0.png,sunda,4,line,sunda,sunda
47bEsIKj.png,jawa,4,line,jawa,jawa
FDEwreEi.png,lampung,4,line,lampung,lampung
O1vH5YwI.png,jawa,4,line,jawa,jawa
u0s5BGpz.png,bali,4,line,bali,bali
ZeasGJyj.png,pegon,4,block,pegon,pegon
HQdqHenE.png,jawa,4,line,jawa,jawa
AjwosTfp.png,pegon,4,page,pegon,pegon
LGE9zS04.png,jawi,4,line,jawi,jawi
b9hk8Iir.png,jawi,4,line,jawi,jawi
rwhBNoli.png,jawi,4,line,jawi,jawi
E1sMhlU6.png,jawa,4,line,jawa,jawa
c0yCauCn.png,bali,4,line,bali,bali
pZ4jPKQt.png,jawi,4,block,jawi,jawi
wVSJnIqQ.png,sunda,4,line,sunda,sunda
KgLrlvQi.png,lampung,4,line,lampung,lampung
tl3IX4js.png,jawa,4,line,jawa,jawa
q5bf1EMd.png,sunda,4,line,sunda,sunda
MwYzMNCH.png,lontara,4,line,lontara,lontara
EZ8UgovW.png,lampung,4,line,lampung,lampung
jKrkTGqt.png,lampung,4,line,lampung,lampung
52JFCtsx.png,jawa,4,line,jawa,jawa
QQi5Tfng.png,jawa,4,line,jawa,jawa
JtsHS4lO.png,jawi,4,line,jawi,jawi
ogPEoW0X.jpg,sunda,4,page,sunda,sunda
TBPe62pw.png,jawa,4,line,jawa,jawa
lMYeOBxo.png,bali,4,line,bali,bali
mSezCFIE.png,lontara,4,line,lontara,lontara
LvBqIqFv.png,lampung,4,line,lampung,lampung
OxS7fXK2.png,jawa,4,line,jawa,jawa
Uk7G5B6Y.png,lampung,4,line,lampung,lampung
Cn5MbohQ.png,sunda,4,glyph,sunda,sunda
AJ7e3EE8.png,jawi,4,block,jawi,jawi
Ez9ITg09.png,lampung,4,line,lampung,lampung
KD4ldo29.png,sunda,4,block,sunda,sunda
dQCt4xEf.png,sunda,4,line,sunda,sunda
HoS22JtW.png,lampung,4,line,lampung,lampung
63nSwhQm.png,lampung,4,line,lampung,lampung
rPMoSL7U.png,bali,4,line,bali,bali
ogy0fw9T.png,lampung,4,line,lampung,lampung
3ybdR83A.png,lampung,4,line,lampung,lampung
gamIe9vt.png,lampung,4,line,lampung,lampung
4jgnGbPq.png,sunda,4,line,sunda,sunda
z4emnKC6.png,jawi,4,line,jawi,jawi
IcxctJMu.png,jawa,4,line,jawa,jawa
6dpQV8vo.png,lontara,4,line,lontara,lontara
cDBca7cE.png,lampung,4,line,lampung,lampung
6ENdNftF.png,jawi,4,line,jawi,jawi
y6VQ6w9q.png,jawi,4,line,jawi,jawi
a2qh7aww.png,jawa,4,page,jawa,jawa
4PIoUXqu.png,lampung,4,line,lampung,lampung
3l3Fe0pB.png,jawa,4,line,jawa,jawa
5WIKbWAn.png,jawi,4,block,jawi,jawi
E0hQXlzU.png,sunda,4,line,sunda,sunda
YUgHvvdQ.png,bali,4,line,bali,bali
DSzuCQn3.png,jawa,4,line,jawa,jawa
1hsmUST1.png,jawa,4,line,jawa,jawa
MeeOibKI.png,bali,4,line,bali,bali
WuXGnCLb.png,bali,4,line,bali,bali
4PF45YGB.png,sunda,4,line,sunda,sunda
B8z4S0De.png,jawa,4,line,jawa,jawa
cNINOH03.png,lampung,4,line,lampung,lampung
9DlBUhat.png,pegon,4,block,pegon,pegon
2ZPY6Ojj.png,lontara,4,line,lontara,lontara
bDTNOUEY.png,jawa,4,line,jawa,jawa
1ckKABsF.png,sunda,4,line,sunda,sunda
jVQNi4td.png,jawi,4,line,jawi,jawi
fwEzOD0h.png,jawi,4,glyph,jawi,jawi
hIbi1sTO.png,lampung,4,line,lampung,lampung
KhUAQ5qF.png,jawa,4,line,jawa,jawa
NWNZlIey.png,pegon,4,block,pegon,pegon
ta4EJLMk.png,jawi,4,glyph,jawi,jawi
BxmUAchE.png,jawa,4,line,jawa,jawa
oQa8mbBL.png,jawa,4,line,jawa,jawa
v7sgUN1H.png,lontara,4,line,lontara,lontara
5j2wFAN7.png,sunda,4,glyph,sunda,sunda
OYMbl0Bl.png,bali,4,line,bali,bali
RZ24f0Mh.png,jawi,4,line,jawi,jawi
zlWOC3fd.png,lampung,4,line,lampung,lampung
9vAagRwJ.png,jawa,4,line,jawa,jawa
DSf8SlDb.png,jawi,4,line,jawi,jawi
fTSBZbEt.png,lontara,4,line,lontara,lontara
3pAe9lMF.png,lontara,4,line,lontara,lontara
hioQpFpk.png,sunda,4,line,sunda,sunda
1it2nTHK.png,jawi,4,glyph,jawi,jawi
cSRKI1Eo.png,sunda,4,block,sunda,sunda
4bP8wrjs.png,jawi,4,glyph,jawi,jawi
VaE0mZmW.png,jawi,4,glyph,jawi,lontara
Btbg3dEE.png,pegon,4,line,pegon,pegon
XchTCHfY.png,bali,4,line,bali,bali
Ak09YdoW.png,lontara,4,line,lontara,lontara
74o5tK1T.png,lontara,4,line,lontara,lontara
6UyDaKw2.png,jawa,4,line,jawa,jawa
IINLIyaj.png,jawi,4,glyph,jawi,jawi
C4lix8rF.png,sunda,4,glyph,jawi,jawi
pEHgFPsi.png,pegon,4,line,jawi,jawi
gYaBdDiJ.png,sunda,4,line,sunda,sunda
vGMFVHII.png,bali,4,block,bali,bali
yEDBuUF3.png,pegon,4,block,pegon,pegon
tISBO4EK.png,sunda,4,line,sunda,sunda
N0uTbQoJ.png,jawa,4,line,jawa,jawa
K22jcckA.png,lontara,4,line,lontara,lontara
PD4OP0Gm.png,lampung,4,line,lampung,lampung
jPMwzlFa.png,lontara,4,line,lontara,lontara
INdCbl0V.png,lontara,4,line,lontara,lontara
Ae0oHfNq.png,sunda,4,glyph,sunda,sunda
ipvFnC6O.png,lampung,4,line,lampung,lampung
cJiLsIOo.png,jawa,4,line,jawa,jawa
VbSkTOYp.png,bali,4,line,bali,bali
u29gOzoJ.png,lampung,4,line,lampung,lampung
5do5nCv1.png,pegon,4,line,pegon,jawi
ZvyrSx94.png,lampung,4,line,lampung,lampung
dgElFnJV.png,sunda,4,line,sunda,sunda
cOZbNfgE.png,jawi,4,line,jawi,jawi
O8aBXoZi.png,jawa,4,line,jawa,jawa
YwbjuaDk.png,lontara,4,line,lontara,lontara
QCEUSMHO.png,pegon,4,line,pegon,pegon
k5zKCoob.png,jawa,4,line,jawa,jawa
08aYHbC0.png,jawi,4,line,jawi,jawi
hWfvS5zU.png,pegon,4,block,pegon,pegon
tYyESj0U.png,bali,4,line,bali,bali
C2ddQCGg.png,lampung,4,line,lampung,lampung
Cu9T369R.png,lontara,4,line,lontara,lontara
rrf91bbL.png,sunda,4,block,sunda,sunda
nhKXB7Qo.png,lontara,4,line,lontara,lontara
r2DdB2yi.png,pegon,4,block,pegon,pegon
frLXoSeF.png,bali,4,line,bali,bali
c0wO7CYR.png,sunda,4,line,sunda,sunda
lyKlRbaX.png,jawa,4,line,jawa,jawa
VhDTXgrp.png,lontara,4,line,lontara,lontara
TxMU41VO.png,lampung,4,line,lampung,lampung
GhwXgGfR.png,bali,4,block,bali,pegon
BUFPaVQZ.png,sunda,4,line,sunda,sunda
fvQqQR7V.png,jawa,4,line,jawa,jawa
nbFy3gmG.png,bali,4,line,bali,bali
xWAVcyUQ.png,jawa,4,line,jawa,jawa
cqOKstEs.png,jawa,4,line,jawa,jawa
8GWAk0ds.png,lampung,4,line,lampung,lampung
IBkfr9Dk.png,jawi,4,line,jawi,jawi
mKhQBdwA.png,sunda,4,block,sunda,sunda
CqZCTB8q.png,jawa,4,line,jawa,jawa
JKN982kq.png,jawi,4,line,jawi,jawi
ufnc7kuz.png,jawi,4,line,jawi,jawi
QG8yrGd8.png,lampung,4,line,lampung,lampung
6caK0TCI.png,jawi,4,line,jawi,jawi
bnCQCCP0.png,jawi,4,line,lontara,lontara
I2f3AdpP.png,jawa,4,line,jawa,jawa
ZMAb47Da.png,jawi,4,glyph,jawi,jawi
GgCJQTs8.png,jawa,4,line,jawa,jawa
BhcaOKnO.png,lontara,4,line,lontara,lontara
bZm9gGmC.png,sunda,4,line,sunda,sunda
GE0IcGGu.png,jawa,4,block,jawa,jawa
NVx8YxxP.png,jawi,4,line,jawi,jawi
6fEMM1Oz.png,bali,4,line,bali,bali
NkCNXRcC.png,jawa,4,line,jawa,jawa
i95CZtB9.png,jawa,4,line,jawa,jawa
spliyOqu.png,lampung,4,line,lampung,lampung
uTFMKoRL.png,sunda,4,line,sunda,sunda
mFUCWEED.png,jawi,4,glyph,jawi,jawi
PzpijjpM.png,lampung,4,line,lampung,lampung
rUbk08HG.png,lampung,4,line,lampung,lampung
a0CO5Rbb.png,jawa,4,line,jawa,jawa
fiFlK8a2.png,jawa,4,line,jawa,jawa
i8aNlkNv.png,pegon,4,block,pegon,pegon
w6X8UUSv.png,jawi,4,block,jawi,jawi
UvIhehD6.png,jawi,4,line,jawi,jawi
OHoXioVL.png,sunda,4,line,sunda,sunda
MICLdVDB.png,lontara,4,line,lontara,lontara
xkUMcjKo.png,lontara,4,line,lontara,lontara
Zo51afLu.png,bali,4,line,bali,bali
vFM0jy9H.jpg,jawa,4,page,jawa,jawa
JqpiLypx.png,pegon,4,block,pegon,pegon
