image_id,label,fold,prob_jawa,prob_jawi,prob_pegon,specialist_pred
SxrIaKaJ.png,pegon,5,0.017073678,0.014546957,0.96837944,pegon
XiR75p4l.png,jawi,4,0.016906751,0.9711629,0.011930286,jawi
gpadO4eH.png,jawa,5,0.9728957,0.010640333,0.016463986,jawa
IlL62jcp.png,lampung,5,0.032679837,0.012741493,0.95457864,pegon
7bEtcJPy.png,bali,5,0.15280513,0.8349782,0.012216607,jawi
zyxCuI7G.png,lampung,2,0.026098518,0.41752297,0.55637854,pegon
73aL1wGC.png,sunda,1,0.05657652,0.9368084,0.006615093,jawi
njrveC8J.png,sunda,3,0.021856716,0.93209803,0.046045292,jawi
ZTYUCABk.png,pegon,2,0.022976968,0.016103292,0.9609197,pegon
B0Duulnc.png,jawa,2,0.9656542,0.01786014,0.0164857,jawa
GwNhxVOc.png,jawa,2,0.9727471,0.016509768,0.010743111,jawa
Dogl3mic.png,lampung,5,0.06364194,0.2731939,0.6631642,pegon
LQBCi9os.png,jawi,4,0.030582111,0.884191,0.08522694,jawi
bEJQ1vj1.png,jawa,2,0.981587,0.012308184,0.0061049047,jawa
zWNJN8BZ.png,sunda,5,0.10866644,0.8694605,0.021873059,jawi
7qXUDvRu.png,pegon,5,0.030531354,0.012683935,0.9567847,pegon
0niSeWQG.png,jawa,3,0.95283145,0.02480389,0.022364724,jawa
Bv36DzSJ.png,sunda,3,0.67406154,0.2909739,0.034964632,jawa
Pt87iRur.png,lontara,5,0.9419643,0.05342819,0.00460736,jawa
2jUUlbAF.png,jawa,4,0.96110874,0.009740482,0.029150791,jawa
x6dPrUoK.png,sunda,2,0.03893675,0.96018255,0.0008807186,jawi
GShkyfIf.png,lampung,2,0.91246694,0.05290488,0.03462817,jawa
K76t73M1.png,jawi,4,0.018240755,0.9577588,0.02400045,jawi
5g7dkMFx.png,bali,1,0.025784323,0.95861477,0.015600847,jawi
c8MHEGEv.png,lampung,3,0.7863777,0.11557928,0.09804298,jawa
y4gs4UZ5.png,lampung,4,0.18306176,0.79654413,0.020394059,jawi
qj68JNG7.png,sunda,5,0.55362034,0.41769055,0.028689126,jawa
5JyYVH9C.png,lontara,1,0.75273824,0.22557199,0.02168981,jawa
gaQknjRR.png,lampung,1,0.031525526,0.30552688,0.66294765,pegon
YG6mY32I.png,pegon,3,0.021184385,0.015243646,0.96357197,pegon
d33bEEyb.png,lontara,4,0.8358209,0.14852272,0.01565633,jawa
YSPUPyxu.png,lontara,2,0.51048505,0.46662113,0.022893872,jawa
JXbPYBgS.png,jawa,4,0.9434284,0.028796755,0.02777482,jawa
Te34cUKB.png,lampung,2,0.9035869,0.08772605,0.008687116,jawa
LgnxrKxM.png,jawi,3,0.009186639,0.9858768,0.0049364995,jawi
YwwlmsRm.png,lampung,2,0.38472286,0.5327023,0.08257484,jawi
gGGmjyOB.png,lontara,3,0.914719,0.07446403,0.010816977,jawa
5xAtC0hx.png,jawa,1,0.9677536,0.01618617,0.01606021,jawa
4SJp0T35.png,jawa,1,0.9717898,0.018274501,0.009935673,jawa
E9oR7qpJ.png,jawi,1,0.01023326,0.96631974,0.023447052,jawi
3NtrDb4P.png,lampung,4,0.20629635,0.60737586,0.18632776,jawi
xakFyYvc.png,lampung,4,0.26739484,0.65481734,0.07778785,jawi
bnUv4te9.png,jawa,4,0.9791038,0.0073596523,0.013536473,jawa
VkgRO7Nc.png,bali,4,0.8418128,0.14906113,0.009126146,jawa
kp0AJeXF.png,pegon,5,0.017105063,0.019344756,0.96355015,pegon
DXfvXCFf.png,bali,1,0.65275073,0.33699313,0.010256125,jawa
vJw1Bk6z.png,sunda,4,0.44960147,0.47649968,0.07389887,jawi
edDms7eQ.png,jawa,3,0.98018974,0.009460462,0.010349777,jawa
iVGrPm07.png,sunda,3,0.010133359,0.92292833,0.06693837,jawi
nxLqyARW.png,bali,5,0.2592881,0.73217946,0.008532456,jawi
F5cfJph7.png,jawi,1,0.017838538,0.9569805,0.025180949,jawi
pZuH1skD.png,pegon,2,0.01623894,0.020408016,0.9633531,pegon
Cgm7SMtt.png,jawa,5,0.95923203,0.016280387,0.024487536,jawa
YKYBiiRR.png,pegon,1,0.021625523,0.014704183,0.96367025,pegon
EDYBqgFS.png,jawa,4,0.9477856,0.023565704,0.02864861,jawa
sFQaU09D.png,jawi,4,0.0076343757,0.98440385,0.007961785,jawi
1G6OvvEA.png,jawi,3,0.0068718623,0.98849654,0.004631607,jawi
oXoum2iu.png,pegon,4,0.004781731,0.0060801967,0.98913807,pegon
Ktw3nK3E.png,jawa,3,0.96409965,0.013860002,0.02204034,jawa
gzDH2vzH.png,jawa,5,0.9789738,0.010256494,0.010769728,jawa
TfawUQgB.png,jawi,5,0.012387252,0.9821212,0.005491445,jawi
61T38aM1.png,jawi,3,0.013010617,0.9484492,0.03854025,jawi
QC0Juvo8.png,lontara,4,0.17592035,0.7236718,0.10040783,jawi
KBj8Ia86.png,lampung,2,0.86267984,0.078153625,0.059166536,jawa
iOeFPAaw.png,jawa,3,0.19281211,0.19037977,0.6168081,pegon
LPhcTws7.png,jawi,3,0.011098841,0.9788054,0.010095746,jawi
TlE7Oxcz.png,lampung,3,0.086933196,0.0719998,0.8410669,pegon
FftkHw5y.png,bali,3,0.9650249,0.030095644,0.0048795086,jawa
osf2Mk0K.png,sunda,2,0.03825437,0.95437306,0.007372622,jawi
GdCzS3Xb.png,lampung,2,0.625344,0.35875434,0.015901715,jawa
N0kQdiGM.png,sunda,2,0.8582179,0.11621809,0.025564026,jawa
HDd0asDS.png,pegon,4,0.0033589813,0.0110136755,0.9856273,pegon
DiSSswzG.png,lampung,1,0.020439755,0.01940875,0.96015155,pegon
EnUYrMAf.png,jawa,5,0.980415,0.008358906,0.01122619,jawa
yCLeeeXi.png,lontara,2,0.55129,0.40788752,0.04082251,jawa
INmr5mlx.png,lampung,4,0.020587934,0.17057005,0.808842,pegon
8AWCnrwa.png,bali,4,0.6667641,0.3142658,0.018970136,jawa
RLhRSMeM.png,lampung,3,0.43447286,0.21009736,0.35542983,jawa
eE4nS09i.png,pegon,1,0.012509133,0.011082478,0.9764083,pegon
5WE6mxHG.png,lontara,1,0.9461574,0.046330817,0.0075117717,jawa
L87IVQo4.png,pegon,4,0.028668731,0.006296147,0.9650351,pegon
U1wjyN6y.png,lontara,1,0.91489744,0.073243365,0.01185926,jawa
0kwvlpcB.png,lampung,2,0.21358746,0.5338217,0.25259084,jawi
8xxhJ6Bb.png,pegon,2,0.008385674,0.01093698,0.9806773,pegon
8cciWNje.png,lampung,1,0.05200194,0.87611705,0.07188096,jawi
aWWTw2IR.png,sunda,4,0.068530366,0.8488466,0.08262305,jawi
1cWpD1aB.png,bali,2,0.95658916,0.03727254,0.0061382884,jawa
S09TwP8c.png,jawi,5,0.01825142,0.9630095,0.01873906,jawi
KkRvOky1.png,pegon,2,0.020148976,0.018453661,0.96139735,pegon
wekTNCpg.png,pegon,2,0.047935523,0.026138557,0.92592597,pegon
tsP71GTP.png,sunda,3,0.016070819,0.42182192,0.5621072,pegon
W1qhORHJ.png,jawi,2,0.01772732,0.9622242,0.020048486,jawi
J6jjni5b.png,lontara,5,0.15245256,0.82606447,0.021482931,jawi
ITsTKOTj.png,jawa,1,0.97474426,0.016985675,0.008270077,jawa
KN4s05tz.png,pegon,5,0.022076229,0.024436157,0.9534876,pegon
6tit6KOv.png,lampung,1,0.091122374,0.100274,0.8086036,pegon
DEBi3a48.png,sunda,3,0.0049867984,0.9901037,0.004909485,jawi
gbUSSBpy.png,pegon,2,0.031610772,0.022679621,0.94570965,pegon
HprvBbT3.png,lampung,2,0.18908729,0.80037457,0.010538147,jawi
SZ9LQmqY.png,pegon,4,0.001990708,0.01785597,0.9801533,pegon
WH6Y1uB1.png,sunda,3,0.03254452,0.8813344,0.086121015,jawi
7HtLdgFd.png,jawi,2,0.01834783,0.961501,0.020151148,jawi
59cAfNnA.png,jawi,1,0.021862052,0.9591067,0.019031214,jawi
5WQwwlMO.png,pegon,5,0.019911928,0.021614194,0.9584739,pegon
CIoNmM7x.png,lampung,3,0.9485741,0.048323072,0.0031027962,jawa
BlcAafpz.png,sunda,1,0.15902428,0.4812942,0.35968155,jawi
riJDxPPG.png,lampung,4,0.36986244,0.36117882,0.2689588,jawa
4YUB17q1.png,jawa,4,0.96169704,0.017528297,0.020774754,jawa
7o7qZ7OC.png,bali,3,0.18408354,0.7849704,0.030946119,jawi
PbY9aaYp.png,lampung,1,0.46301422,0.15350819,0.3834776,jawa
J6iWmO5R.png,pegon,3,0.018329754,0.022990664,0.9586797,pegon
Oc72U6LQ.png,sunda,5,0.4347607,0.54106843,0.02417085,jawi
lJkj3cWg.png,bali,1,0.63877505,0.35276505,0.008459869,jawa
Yi4RimP2.png,pegon,3,0.01270759,0.044505708,0.94278675,pegon
Hlt8sodC.png,lampung,3,0.22155245,0.76671433,0.011733252,jawi
s6wIepRp.png,jawi,3,0.017680684,0.96533257,0.01698675,jawi
tsaSxb3J.png,lampung,5,0.040774398,0.12816493,0.83106065,pegon
xAdVGp9T.png,jawa,5,0.98188424,0.009239223,0.008876602,jawa
gBVaO0hj.png,sunda,2,0.03465271,0.96091473,0.0044325697,jawi
bSpPzLTC.png,pegon,4,0.0025732103,0.004921394,0.9925054,pegon
2nKDXWhA.png,jawi,3,0.007747307,0.9882919,0.003960803,jawi
W2b5suqM.png,lampung,4,0.01937619,0.18129563,0.7993282,pegon
JXYASCj0.png,lampung,3,0.21501741,0.22849402,0.55648863,pegon
FbBVItl4.png,bali,3,0.14403369,0.8220049,0.033961345,jawi
fMmXzde8.png,lampung,2,0.702063,0.27285895,0.025078023,jawa
od1Ktiiz.png,lampung,2,0.36776295,0.57828987,0.053947154,jawi
L1tEO03V.png,pegon,5,0.021251313,0.018717626,0.96003103,pegon
gZtwPFlK.png,pegon,1,0.018406192,0.018916428,0.96267736,pegon
kIMUDa5Y.png,sunda,4,0.013420315,0.980228,0.0063517014,jawi
dmoAMEXd.png,jawi,3,0.014702636,0.9730249,0.012272522,jawi
RKhiIoay.png,sunda,3,0.014474549,0.9777778,0.007747667,jawi
QhW3ixlM.png,pegon,2,0.0112170335,0.010123853,0.97865915,pegon
wCgWMyz9.png,jawi,1,0.010310613,0.9755275,0.014161918,jawi
cXMWJr78.png,pegon,4,0.0030602422,0.004918991,0.9920208,pegon
hKXz7ACw.png,jawi,1,0.023765927,0.95397335,0.02226071,jawi
2xw7Dhvb.png,lampung,4,0.08370215,0.014215252,0.9020825,pegon
FmfD2nwE.png,pegon,2,0.021669056,0.014604854,0.96372604,pegon
C7yrIZIh.png,lontara,4,0.95252526,0.025334409,0.022140265,jawa
PXLGGjDk.png,bali,4,0.97119313,0.013001293,0.015805552,jawa
R256ODah.png,jawi,1,0.021386947,0.9493234,0.02928964,jawi
NnmJrryK.png,jawa,3,0.33985448,0.019608798,0.6405367,pegon
F8SiVy51.png,lampung,1,0.39942333,0.05289418,0.54768246,pegon
xPC4DkMv.png,jawa,4,0.9716778,0.008116248,0.020205956,jawa
LFace5XX.png,jawa,1,0.81230444,0.046822302,0.14087331,jawa
Xh9gVIKd.png,jawa,3,0.9448779,0.031490583,0.023631467,jawa
fsbBJFWU.png,jawi,5,0.016142866,0.96894205,0.014915138,jawi
eS4tgJHt.png,sunda,3,0.009465737,0.9759591,0.014575168,jawi
dBZHS1PD.png,jawi,5,0.02041095,0.96161157,0.017977454,jawi
Ayyo73ui.png,sunda,3,0.0024007326,0.9934309,0.0041683973,jawi
5VsxHtj2.png,lampung,1,0.024369242,0.9663224,0.00930842,jawi
SrKukQkj.png,lontara,1,0.28678837,0.6977806,0.015431043,jawi
HbhzJmoO.png,lampung,2,0.16559297,0.7297391,0.10466791,jawi
RUmEfifv.png,jawi,4,0.015431029,0.9659374,0.018631559,jawi
BlCySNfN.png,pegon,3,0.023752283,0.033009,0.9432386,pegon
iwHFNQF4.png,jawi,5,0.010999375,0.9785968,0.010403834,jawi
LZeMaSnU.png,pegon,5,0.017765006,0.015135974,0.967099,pegon
ZrYfhSQR.png,lontara,4,0.9402764,0.05179264,0.007931032,jawa
ljhasZYE.png,bali,4,0.59951013,0.3893475,0.01114244,jawa
d678THNC.png,sunda,3,0.017167168,0.9670486,0.015784279,jawi
zecDG1Iz.png,lampung,3,0.71508586,0.17747822,0.10743594,jawa
6Fw5IF86.png,pegon,5,0.013988639,0.019592749,0.96641856,pegon
cbI9LiaF.png,jawa,4,0.9782389,0.007888779,0.013872307,jawa
BhBiB6IV.png,jawi,2,0.020206552,0.9594483,0.020345155,jawi
O3mHCAAz.png,sunda,5,0.84626585,0.089895345,0.06383878,jawa
rQwE3JYn.png,jawi,2,0.018118767,0.9691704,0.012710853,jawi
AjUQb0b3.png,pegon,5,0.018911032,0.0158626,0.9652264,pegon
hdsN1XOa.png,pegon,1,0.024226932,0.02117242,0.9546006,pegon
NMrdlQo7.png,pegon,3,0.015167056,0.031703606,0.9531294,pegon
XymH4HZu.png,pegon,5,0.021822363,0.018003253,0.96017444,pegon
4J4iodWN.png,jawi,2,0.010768918,0.97985655,0.009374489,jawi
guJlx9AU.png,jawi,3,0.014346316,0.97101015,0.014643565,jawi
DyUxWy59.png,jawi,4,0.009698177,0.9691603,0.021141432,jawi
Pasu0aPJ.png,pegon,5,0.012624315,0.010599639,0.9767761,pegon
5OgZwMOW.png,pegon,1,0.01376681,0.018273715,0.9679595,pegon
RkaK8C72.png,lampung,2,0.592356,0.2908312,0.116812795,jawa
gyUnR6N5.png,lampung,1,0.40076253,0.062579356,0.5366581,pegon
rdGdUrCp.png,jawi,1,0.025070913,0.94723225,0.027696822,jawi
MNVOGqS2.png,bali,1,0.4585996,0.5247611,0.016639361,jawi
xYHPlblG.png,bali,2,0.4502958,0.53946006,0.010244097,jawi
tNuYehVt.png,jawi,1,0.021000564,0.94685215,0.032147363,jawi
8ccd1F1S.png,jawi,2,0.006869519,0.98238635,0.01074413,jawi
9gk1wWnW.png,jawa,4,0.96731186,0.009102101,0.023586012,jawa
Be9e06FH.png,pegon,3,0.022894995,0.023346558,0.9537585,pegon
g4bH8mfO.png,jawa,1,0.9869419,0.008505431,0.004552629,jawa
Qhu1V5WM.png,jawi,3,0.0067385277,0.98554325,0.0077182194,jawi
18Tg7Uaz.png,pegon,4,0.0024145937,0.008128677,0.9894567,pegon
AiX52esL.png,lampung,5,0.19499514,0.09017339,0.71483153,pegon
7EaH9wE0.png,pegon,1,0.014442592,0.783932,0.2016255,jawi
THUF76V1.png,jawi,5,0.01640113,0.96918136,0.014417518,jawi
68afgUeT.png,jawa,3,0.9502142,0.019567598,0.030218227,jawa
YYX9z6qk.png,jawi,5,0.014666982,0.9735131,0.011819829,jawi
d7ZOdmAy.png,lontara,4,0.96232975,0.021978403,0.015691927,jawa
OxM6azwn.png,jawi,3,0.0036413483,0.9881847,0.008173913,jawi
7qQbho8k.png,bali,2,0.95977145,0.03465376,0.005574807,jawa
qvD8eEw6.png,jawi,4,0.025117924,0.95645154,0.018430581,jawi
bKKgpeli.png,jawi,2,0.019451432,0.96132374,0.019224815,jawi
setAWyX8.png,lampung,1,0.12934959,0.1805513,0.6900991,pegon
RqAOJYws.png,jawi,1,0.022642665,0.9562314,0.021125903,jawi
u3shIy6g.png,jawa,2,0.97287905,0.019229233,0.007891661,jawa
FU8GT4fY.png,pegon,2,0.020990646,0.012995262,0.96601415,pegon
jKga3mWM.png,bali,1,0.30457866,0.67705834,0.01836296,jawi
z8qPWOpy.png,jawa,1,0.9710996,0.016226279,0.012674117,jawa
sPuyjKLc.png,lampung,5,0.40800637,0.2104343,0.38155928,jawa
P1UDYiv1.png,lampung,1,0.03923478,0.9114816,0.049283583,jawi
RCqAX1Io.png,jawi,4,0.044628907,0.9343823,0.020988766,jawi
XcPA0JB6.png,lontara,3,0.8888957,0.10543376,0.005670585,jawa
79w8f3CP.png,bali,4,0.76085055,0.21369281,0.025456624,jawa
bNy7a5lN.png,pegon,1,0.016021408,0.011941032,0.9720376,pegon
uH4fcFXm.png,sunda,2,0.30785564,0.6876926,0.004451775,jawi
79IQxCFE.png,jawa,1,0.9742053,0.015578314,0.010216508,jawa
7wCApGQb.png,sunda,3,0.17006361,0.5124483,0.31748807,jawi
a8ahpClb.png,pegon,5,0.019695612,0.02387373,0.95643073,pegon
l4Nsqug2.png,bali,2,0.9339085,0.050966848,0.015124736,jawa
pFpEBZsx.png,bali,1,0.015860543,0.9651011,0.01903828,jawi
Dn6CqMHc.png,jawi,1,0.01698491,0.97090024,0.0121148825,jawi
cLKYljrY.png,lontara,4,0.9287441,0.035314795,0.03594105,jawa
mGZM9lCD.png,lampung,3,0.82117176,0.06264539,0.11618293,jawa
a1T7i5bS.png,sunda,1,0.012652134,0.96563584,0.021711998,jawi
BH3gxbSn.png,lontara,3,0.8574821,0.12472144,0.017796472,jawa
7xLMjLHW.png,lontara,4,0.91369885,0.059766795,0.026534308,jawa
NeqSF8C9.png,lontara,3,0.9122475,0.071174175,0.016578369,jawa
W5obsPSI.png,pegon,5,0.018911984,0.024259765,0.95682824,pegon
C9VIsuaS.png,lampung,2,0.9141023,0.03707209,0.04882561,jawa
uQPbzjZg.png,lampung,5,0.8961906,0.07919265,0.024616735,jawa
iV9G3QQ5.png,jawi,3,0.0054726256,0.9854693,0.009058149,jawi
sTjR3Dyb.png,jawi,5,0.019007588,0.9711024,0.009889938,jawi
utewAAvB.png,pegon,1,0.0060108136,0.044370886,0.9496183,pegon
pnwTi55u.png,lampung,3,0.40759435,0.5651983,0.0272073,jawi
tkikNRDq.png,sunda,5,0.2770154,0.7006802,0.022304446,jawi
cGXyHtmN.png,pegon,3,0.020110605,0.022195289,0.9576942,pegon
aTlANXcT.png,pegon,1,0.018844422,0.019329019,0.96182656,pegon
i4F7snc2.png,sunda,5,0.23074646,0.7297389,0.039514635,jawi
7NriGtD8.png,pegon,1,0.015766233,0.007858388,0.97637534,pegon
dSq6Z3tV.png,bali,3,0.11413457,0.8583023,0.027563151,jawi
Qc5hknbW.png,pegon,1,0.0152139645,0.019326389,0.9654596,pegon
ElyfuJMT.png,pegon,1,0.015261185,0.011542268,0.97319657,pegon
x7ShvsGP.png,sunda,3,0.047452923,0.9210906,0.03145649,jawi
FbTguqOY.png,pegon,4,0.011832061,0.007920431,0.9802475,pegon
MIpEzjvJ.png,jawi,1,0.021328162,0.9485649,0.030106915,jawi
6MfaKi9r.png,jawa,5,0.9873089,0.0044924803,0.008198633,jawa
BLyfZBXd.png,lampung,3,0.97196996,0.02196139,0.0060687517,jawa
5I9nCM7V.png,sunda,1,0.029048527,0.9045561,0.06639541,jawi
61dk4lYl.png,lampung,5,0.052535098,0.085397884,0.86206704,pegon
djpS930J.png,jawi,3,0.009234349,0.9794515,0.011314162,jawi
9AXZfY9l.png,jawa,2,0.9661797,0.023170527,0.010649759,jawa
DF1Flcai.png,bali,1,0.849447,0.14544748,0.005105548,jawa
YgJfuvE5.png,jawa,1,0.98775804,0.007490247,0.0047518006,jawa
3XRv82Kj.png,lampung,4,0.032909498,0.74318784,0.22390263,jawi
stPijN3r.png,jawi,4,0.009252021,0.9784551,0.0122929,jawi
6oFYlbTP.png,jawi,2,0.014374281,0.9786203,0.007005465,jawi
vWj7N2tt.png,jawa,5,0.95800304,0.015759276,0.026237633,jawa
MvS8HQOj.png,jawa,3,0.9583245,0.019638484,0.02203706,jawa
55CLT8Hk.png,lampung,3,0.97436213,0.011807053,0.013830831,jawa
V0wGX7R5.png,lampung,2,0.8719867,0.039605867,0.08840741,jawa
9oawNGqT.png,lampung,2,0.0088728545,0.27656606,0.71456105,pegon
J72xRpsc.png,sunda,5,0.18277691,0.793874,0.023349082,jawi
57bs7slq.png,jawa,1,0.97431856,0.012445844,0.013235602,jawa
YK3Ub4KT.png,lampung,2,0.23378314,0.098561965,0.6676549,pegon
0iU4d8ZG.png,lampung,4,0.57940537,0.39080295,0.029791674,jawa
DAxe0MLe.png,jawi,5,0.029264579,0.9475852,0.023150185,jawi
AyRslECF.png,lampung,1,0.019206757,0.9336029,0.047190282,jawi
mELYhNJJ.png,sunda,5,0.034743436,0.940883,0.02437355,jawi
fkjCpYsq.png,sunda,5,0.10216257,0.87632346,0.021514004,jawi
paMynPIk.png,sunda,1,0.034690388,0.95377463,0.011535028,jawi
VppeTfy6.png,jawi,2,0.02160017,0.95972466,0.018675141,jawi
bWDGpTWd.png,bali,3,0.14080557,0.8254549,0.033739492,jawi
F9EmOnBA.png,pegon,5,0.014465992,0.01877531,0.9667587,pegon
upZHwPDf.png,lampung,2,0.23990051,0.5947751,0.16532443,jawi
vIJnYN4x.png,jawi,3,0.026516961,0.95319146,0.020291587,jawi
x8P27FGa.png,sunda,5,0.33466828,0.5810854,0.08424637,jawi
XXqX4MmQ.png,lontara,2,0.9524488,0.04281916,0.0047320044,jawa
hltmihc8.png,jawi,4,0.008251294,0.9801579,0.011590823,jawi
wBpmXjhK.png,jawi,3,0.01855037,0.9412864,0.040163178,jawi
FTgJuERy.png,jawi,2,0.021611419,0.9462613,0.032127302,jawi
ib1lCQbO.png,lontara,5,0.8211945,0.13929446,0.03951105,jawa
KsB6SO8u.png,bali,3,0.23612991,0.72906476,0.034805324,jawi
0RiP6KqR.png,lontara,2,0.0697209,0.83947897,0.0908001,jawi
VJzTIvxg.png,pegon,5,0.018841924,0.019459026,0.9616991,pegon
l0lHHR0b.png,lampung,5,0.011339957,0.011757194,0.97690284,pegon
GCNhsDdJ.png,lontara,1,0.9483996,0.04064491,0.010955466,jawa
w66oBlv4.png,sunda,3,0.08352941,0.834196,0.08227458,jawi
m0xUELP9.png,sunda,4,0.069845036,0.91845703,0.011697954,jawi
RU4Of5AH.png,sunda,5,0.2136579,0.757483,0.028859032,jawi
nrUP68qr.png,lampung,5,0.047383267,0.01976193,0.9328548,pegon
6uAymYJp.png,lampung,4,0.15357709,0.5329051,0.31351784,jawi
Qcv5zDV9.png,sunda,4,0.008956298,0.9696424,0.021401282,jawi
FuGIhjEE.png,lampung,4,0.37782228,0.2175751,0.40460262,pegon
f3xm4llA.png,jawi,1,0.015180499,0.96710634,0.01771317,jawi
MtyKyDPB.png,lampung,3,0.1526594,0.8212491,0.02609145,jawi
dH6D1EwP.png,jawa,1,0.04127501,0.9417112,0.017013833,jawi
WM2xqcu5.png,jawi,1,0.023500178,0.9572257,0.019274168,jawi
uVhC4zkl.png,jawa,5,0.9771747,0.011156354,0.011668946,jawa
TLvZfgpc.png,sunda,2,0.027335854,0.9688117,0.0038525162,jawi
Zlo7h3np.png,jawa,2,0.97125804,0.016646266,0.0120957,jawa
Yn3uXJfi.png,lampung,2,0.059315644,0.4194431,0.52124125,pegon
sGLsCJIC.png,jawi,5,0.011185722,0.9749748,0.013839528,jawi
ykq5P8mF.png,lampung,4,0.15229718,0.7881061,0.05959677,jawi
B3Uzmx2u.png,pegon,3,0.024552437,0.027659014,0.94778854,pegon
BRolDhp3.png,jawi,5,0.03591704,0.94412136,0.019961579,jawi
UfrqVzUh.png,lampung,1,0.025552286,0.013730684,0.96071696,pegon
A0shgBFV.png,jawa,5,0.9797823,0.009183501,0.011034232,jawa
cTEtK9zF.png,sunda,3,0.048806477,0.9413694,0.009824072,jawi
b4B7d5ll.png,jawi,1,0.01996675,0.95549774,0.024535548,jawi
AquaWOXd.png,jawa,3,0.9559621,0.02926494,0.014772929,jawa
3dclfBcd.png,jawi,1,0.02906593,0.9365688,0.034365296,jawi
t84PLUjt.png,lampung,5,0.96872395,0.010329088,0.020946998,jawa
463G0Ht6.png,pegon,3,0.017482338,0.017705696,0.964812,pegon
S0zbR2ca.png,lampung,3,0.208228,0.73949516,0.05227685,jawi
DgfwiJq7.png,jawi,3,0.008184811,0.98660755,0.0052076657,jawi
xX4k0Iwm.png,bali,5,0.03463874,0.9607619,0.004599418,jawi
odtGQPrl.png,sunda,5,0.046341684,0.9422295,0.011428835,jawi
trtlGlvb.png,sunda,1,0.011533093,0.9819657,0.0065011447,jawi
Gcttufo2.png,jawi,3,0.013138404,0.9795203,0.007341244,jawi
uqIBKc71.png,sunda,2,0.006499227,0.97784895,0.015651856,jawi
gagP6CWw.png,pegon,4,0.006829981,0.007815333,0.98535466,pegon
rTJxCIqL.png,bali,5,0.07120088,0.91997176,0.008827383,jawi
XeQC49L6.png,jawa,2,0.96802294,0.014842898,0.017134193,jawa
YJfS9mlO.png,pegon,4,0.003025339,0.00857641,0.98839825,pegon
2MbXihTq.png,jawi,1,0.014841047,0.96507084,0.020088172,jawi
kcB23A2v.png,bali,4,0.17256473,0.8098045,0.017630748,jawi
L9tVkVXc.png,jawi,3,0.009116757,0.9860508,0.004832425,jawi
HPsdSMSo.png,bali,2,0.94306153,0.0378379,0.019100556,jawa
OKHFc0xR.png,lampung,5,0.06461238,0.30413702,0.63125056,pegon
kRtSXqLd.png,sunda,4,0.07806968,0.9127519,0.009178417,jawi
YxMvVphQ.png,bali,5,0.08372687,0.91098166,0.005291413,jawi
cfFtlmwR.png,jawi,5,0.023969973,0.9565426,0.01948745,jawi
tjWyfHS1.png,bali,3,0.5347447,0.4467959,0.018459488,jawa
5l4URRs2.png,pegon,2,0.018015593,0.014561007,0.9674233,pegon
p1IJ0qTz.png,jawi,1,0.018547188,0.96250284,0.018949976,jawi
6NdRB2nV.png,sunda,3,0.050009746,0.9426936,0.007296634,jawi
NVagteoV.png,bali,2,0.9410277,0.056737754,0.0022344694,jawa
JIoIseGk.png,jawi,1,0.021834532,0.95603037,0.022135101,jawi
WRuNwJ9Q.png,lampung,1,0.29708248,0.48068446,0.22223306,jawi
GlaZZ42x.png,sunda,1,0.095894605,0.89026684,0.013838558,jawi
BJ4eecVX.png,jawi,2,0.011823923,0.9681609,0.0200152,jawi
cz8YUaNj.png,jawi,2,0.011201017,0.9725016,0.016297383,jawi
oYBCH1GC.png,jawi,5,0.013000962,0.9759221,0.011076959,jawi
vLiJDcfz.png,sunda,2,0.14966707,0.4250108,0.42532218,pegon
ZvfLChka.png,jawi,2,0.012653635,0.98095876,0.0063875495,jawi
5ENLInZf.png,sunda,2,0.1538263,0.82108676,0.025086941,jawi
JaAYEY9v.png,lampung,1,0.6672179,0.10004857,0.2327335,jawa
uNk2Pji4.png,lampung,3,0.13368507,0.13116339,0.7351515,pegon
P8bvkp33.png,jawi,3,0.013878283,0.98153174,0.0045899996,jawi
Jrzj22qi.png,sunda,1,0.024335917,0.96735984,0.008304172,jawi
G8BghqMy.png,jawi,4,0.052430827,0.8420689,0.10550026,jawi
v1wDJE1K.png,jawa,3,0.9622371,0.021383515,0.016379306,jawa
3OEGXVWl.png,lampung,4,0.24104814,0.7347267,0.0242251,jawi
r4sazkrB.png,jawi,4,0.009515396,0.9820379,0.008446655,jawi
9KyaSDOr.png,pegon,3,0.027516827,0.013782386,0.9587007,pegon
oLfaGedt.png,lampung,2,0.91735363,0.031420782,0.051225588,jawa
LnXG2KaK.png,jawi,4,0.02115341,0.96122396,0.017622631,jawi
ckmJ5Zh7.png,jawi,3,0.014006474,0.9704898,0.015503754,jawi
rrhaheQQ.png,sunda,3,0.009720337,0.9847466,0.005533075,jawi
w57AYeJK.png,pegon,3,0.029059656,0.003670247,0.9672701,pegon
bgCw1ls7.png,pegon,5,0.035477825,0.5172857,0.4472365,jawi
LleCoaPm.png,jawa,1,0.9820687,0.0090268925,0.008904317,jawa
Pz0sgpA4.png,lampung,1,0.10388721,0.09321488,0.80289793,pegon
OyuxLiGq.png,jawi,3,0.0045938278,0.9785204,0.016885772,jawi
gYcl2Ztg.png,lampung,3,0.9182023,0.069825664,0.011972041,jawa
YcUJIE7M.png,jawa,1,0.9722607,0.010530054,0.017209202,jawa
WPXGQnCz.png,jawa,1,0.9692044,0.01978401,0.011011461,jawa
YAjzCk0W.png,sunda,2,0.04079012,0.9541144,0.0050955196,jawi
QBJfmn19.png,jawi,4,0.030298196,0.9550577,0.0146440985,jawi
CsLAwcZm.png,lampung,1,0.034675397,0.041744903,0.92357963,pegon
uEfERL4G.png,lampung,1,0.13660301,0.59048617,0.27291083,jawi
FGZPmG6z.png,pegon,5,0.017799798,0.9577039,0.024496322,jawi
7D3yq85B.png,pegon,5,0.018191978,0.012515368,0.9692927,pegon
L93wkrK9.png,lampung,2,0.051095843,0.8995252,0.049378905,jawi
49ZhHNj5.png,jawa,1,0.9630731,0.021360332,0.015566626,jawa
68PWHspf.png,pegon,5,0.01717602,0.0152766695,0.9675473,pegon
YU8YA3YJ.png,jawa,2,0.969132,0.016352316,0.014515673,jawa
C8UqnFBT.png,sunda,5,0.06403957,0.9287296,0.007230794,jawi
EoEYYS0c.png,pegon,5,0.027155802,0.62291074,0.34993348,jawi
mgdNKjC1.png,pegon,3,0.021236675,0.028716946,0.9500464,pegon
lyfmp4Hk.png,lampung,1,0.0783608,0.041333586,0.8803056,pegon
E2pP2wiN.png,bali,2,0.8078919,0.18817964,0.003928495,jawa
0vcG60TH.png,lontara,4,0.76382256,0.18638475,0.04979262,jawa
rEHekt8u.png,jawi,3,0.016771497,0.96433496,0.018893566,jawi
1eCjSdRv.png,lampung,2,0.07072779,0.05619671,0.8730756,pegon
1PhwYZl3.png,jawa,4,0.959752,0.0036559736,0.036591984,jawa
YVQ6iiUU.png,jawa,2,0.7304681,0.051739655,0.21779223,jawa
YkcTFGRg.png,jawi,5,0.021828923,0.9614015,0.016769538,jawi
axEX9ABC.png,lontara,2,0.7334016,0.26303914,0.0035593165,jawa
hCDC3NKM.png,lampung,2,0.050307862,0.8024685,0.14722365,jawi
qexV42Ip.png,sunda,5,0.038064435,0.9358253,0.026110234,jawi
2GTmdVJZ.png,sunda,2,0.022308625,0.96352494,0.014166384,jawi
C0IkdJZp.png,sunda,1,0.09671627,0.8887351,0.014548597,jawi
NV6Hx5tc.png,lampung,1,0.0754047,0.43265468,0.49194056,pegon
wDh3e5Ko.png,sunda,2,0.022950971,0.7780554,0.19899355,jawi
GsxM4bFc.png,pegon,2,0.01749658,0.018789433,0.963714,pegon
PzG3Xfvg.png,jawa,1,0.96540314,0.020193448,0.014403449,jawa
HMj0rv6L.png,jawi,1,0.02505203,0.94098896,0.033959005,jawi
A4HV9PhM.png,jawi,2,0.015912488,0.96542937,0.018658167,jawi
2T6Pzoym.png,jawa,1,0.97662634,0.011492807,0.01188081,jawa
HTU0Ste7.png,jawi,4,0.007951339,0.9869599,0.005088847,jawi
dqaM4zJ8.png,lampung,2,0.012087578,0.02673901,0.96117336,pegon
pk6IEVOc.png,lampung,2,0.16211794,0.6719602,0.16592194,jawi
2DxpXBMt.png,pegon,2,0.008942147,0.03516026,0.95589757,pegon
vUfx6WrH.png,jawi,5,0.031089177,0.95076776,0.018143011,jawi
2G5DR6f6.png,jawa,1,0.9722,0.0119780665,0.015821937,jawa
uKObRykM.png,jawi,5,0.009765347,0.97587276,0.014361948,jawi
Z03IVOtP.png,jawa,1,0.9707785,0.015238142,0.013983304,jawa
9TJ0GVpo.png,sunda,3,0.009871589,0.98168474,0.008443617,jawi
gzHX45bu.png,pegon,2,0.027635384,0.02723352,0.94513106,pegon
ezrWj5OQ.png,lampung,3,0.13242474,0.14325522,0.72432,pegon
lWQzCo11.png,jawa,2,0.9662424,0.015587379,0.018170182,jawa
1PiZW9m0.png,sunda,4,0.0683386,0.9068018,0.024859607,jawi
6ovIbG2x.png,lampung,3,0.91504836,0.05436577,0.030585907,jawa
KXs4VXyL.png,lampung,4,0.34214,0.5610718,0.09678816,jawi
rZWo0AVq.png,sunda,1,0.016099012,0.9777003,0.0062006637,jawi
EzyRlOhR.png,lampung,5,0.12409575,0.012851298,0.86305296,pegon
1jY4KABg.png,jawi,5,0.017174816,0.9693708,0.013454363,jawi
rgWX5DS5.png,jawi,3,0.011958376,0.9583575,0.029684098,jawi
h0wRGTm0.png,sunda,1,0.026273875,0.9407713,0.032954816,jawi
23T6iILy.png,sunda,4,0.13089955,0.8494146,0.019685829,jawi
C3yekTBn.png,lontara,3,0.89837337,0.08473271,0.016893905,jawa
1MfzpnrV.png,jawi,4,0.031016922,0.94994867,0.019034473,jawi
oZnMOKxR.png,pegon,1,0.01762612,0.016253807,0.96612006,pegon
Fia1jK0X.png,lampung,4,0.1287248,0.6019396,0.26933554,jawi
e9seSuWU.png,pegon,3,0.02006375,0.036526423,0.94340974,pegon
6t4T5ksY.png,jawi,3,0.014764829,0.9780954,0.007139804,jawi
uMOVTeAu.png,jawa,2,0.9699379,0.017353507,0.012708501,jawa
GIcyQMpK.png,jawa,2,0.957985,0.02351882,0.018496221,jawa
GXCLtwWS.png,lampung,3,0.5915623,0.116485514,0.29195222,jawa
BQ33bnD1.png,sunda,3,0.05507485,0.93243057,0.012494577,jawi
AKu7qEnb.png,lampung,3,0.89044166,0.048547268,0.061010964,jawa
jMIlbyzj.png,jawa,4,0.9573692,0.0045921365,0.038038667,jawa
7AyACFiR.png,pegon,3,0.024168352,0.014193972,0.9616376,pegon
aG2XPTqX.png,jawi,1,0.016001113,0.9529595,0.031039357,jawi
KmE3Wlau.png,bali,2,0.26486075,0.7238436,0.011295666,jawi
UsGI8WVt.png,lampung,1,0.1014259,0.8717054,0.026868626,jawi
GxZEdfHi.png,lampung,3,0.97579473,0.02065141,0.0035538014,jawa
Wf7GkTgN.png,jawa,3,0.9630284,0.01866637,0.01830533,jawa
w9q2mv5g.png,pegon,1,0.013219177,0.011768865,0.97501194,pegon
UlbU8tco.png,jawa,3,0.9639333,0.021358542,0.014708196,jawa
JY8Uvmvl.png,lampung,3,0.20727664,0.47019437,0.322529,jawi
cjCtW9vJ.png,bali,5,0.94330835,0.052086655,0.0046049305,jawa
0yqGos3e.png,pegon,5,0.03359907,0.9072308,0.059170105,jawi
4igjENk7.png,sunda,1,0.079570144,0.91308093,0.0073489607,jawi
0ETfHMwe.png,jawa,2,0.97539777,0.013224408,0.011377907,jawa
Cd4AarO5.png,bali,4,0.9299044,0.058112267,0.011983364,jawa
K7DtvknL.png,pegon,4,0.0016365271,0.028318876,0.9700446,pegon
0kVLADpM.png,jawi,4,0.014331346,0.9804731,0.0051955413,jawi
nWY5zpR4.png,lontara,3,0.3084574,0.68001246,0.01153012,jawi
Axhqeagr.png,jawa,5,0.97683865,0.010375006,0.012786424,jawa
e6bTGEhB.png,jawa,5,0.8736567,0.07814961,0.048193615,jawa
oIpAiFAH.png,lampung,1,0.02977609,0.9290249,0.041198954,jawi
hXecLNMW.png,lontara,5,0.27003908,0.7142428,0.01571816,jawi
YLbxheGn.png,sunda,5,0.42990148,0.5520044,0.018094124,jawi
uvthEv84.png,jawi,1,0.042549293,0.93496305,0.022487689,jawi
D5zOPOj0.png,lampung,1,0.039728403,0.91041666,0.049854923,jawi
ye30tNQg.png,pegon,1,0.01383894,0.021644514,0.9645166,pegon
qPce2RGC.png,sunda,4,0.3837853,0.5441388,0.07207592,jawi
rrJCzJsb.png,bali,1,0.41654086,0.5777452,0.005714015,jawi
SK6xvWLW.png,pegon,4,0.0022120506,0.006119609,0.99166834,pegon
DgHEX1hQ.png,pegon,5,0.020142494,0.015949592,0.9639079,pegon
w0v3rBXo.png,lontara,3,0.9238225,0.062286373,0.013891185,jawa
YEwagQyt.png,jawa,1,0.97564983,0.015555774,0.008794437,jawa
4DIcWLzw.png,lontara,3,0.77485126,0.19684197,0.028306762,jawa
ID4kcQrj.png,jawa,4,0.9862422,0.0040701004,0.009687681,jawa
OkYLvrnh.png,pegon,5,0.022315646,0.013856099,0.96382815,pegon
XBk2ktLp.png,jawi,5,0.014795504,0.9639902,0.021214288,jawi
BBpCXJwI.png,pegon,3,0.011597929,0.027551606,0.96085036,pegon
34Ghu6ka.png,lontara,4,0.81677824,0.15838802,0.02483375,jawa
Mso5c7wt.png,lampung,2,0.28769732,0.2715232,0.44077948,pegon
uQxJBuls.png,jawa,4,0.9806333,0.0049487553,0.014417923,jawa
kNRJJJui.png,bali,2,0.95443463,0.036079634,0.009485753,jawa
ajCjSP0w.png,pegon,3,0.020733934,0.028786214,0.9504798,pegon
QeGjTguT.png,sunda,4,0.32081914,0.567125,0.112055875,jawi
zZWTYVDs.png,sunda,2,0.014982473,0.965742,0.019275488,jawi
mB6qQ2oy.png,jawi,3,0.014695356,0.97159374,0.013710961,jawi
b3c0UYlW.png,jawi,2,0.018665701,0.9629939,0.01834046,jawi
MfQC2Kr3.png,jawi,4,0.0034316492,0.9874741,0.009094321,jawi
Ho5VxbCR.png,pegon,1,0.015038435,0.023155905,0.96180564,pegon
4xS0BQgR.png,jawa,5,0.95607656,0.019611562,0.02431183,jawa
bcP1tt6r.png,bali,1,0.71927893,0.26864368,0.012077391,jawa
iTjRussr.png,jawa,3,0.96884525,0.012521812,0.018632976,jawa
SyjbN73A.png,pegon,2,0.016090857,0.017145364,0.96676385,pegon
kC9uGruF.png,pegon,3,0.018834773,0.026380336,0.95478487,pegon
WIFW8F8N.png,lampung,2,0.01596916,0.38127115,0.6027597,pegon
t8RZQZo9.png,bali,1,0.6166505,0.37183237,0.011517109,jawa
ZidgBp7D.png,lampung,1,0.091938615,0.8102887,0.09777262,jawi
xeVyBGKz.png,bali,4,0.50432,0.46596453,0.029715477,jawa
AKyG3j6t.png,jawa,5,0.97423756,0.011297979,0.014464454,jawa
YXSk9d0A.png,jawi,1,0.021600643,0.95600396,0.022395406,jawi
sJp74Uxz.png,bali,1,0.8685692,0.123129174,0.00830167,jawa
mPQYAKjp.png,jawa,4,0.9673127,0.017021593,0.01566572,jawa
LuyjB9OG.png,jawa,5,0.9668555,0.008414097,0.024730405,jawa
RAtABcAT.png,pegon,2,0.019280687,0.015659787,0.9650595,pegon
Pol4mIJm.png,jawi,2,0.019160092,0.9599604,0.020879483,jawi
HTMqSPls.png,jawi,2,0.025985299,0.9432467,0.030768035,jawi
qLsMsCEl.png,lontara,3,0.7906216,0.17875268,0.030625803,jawa
gsORvclG.png,sunda,3,0.002518718,0.9906481,0.0068332255,jawi
0T6WJ7cV.png,pegon,3,0.020789627,0.021512495,0.95769787,pegon
CgjxyJdH.png,sunda,2,0.054648023,0.9405775,0.004774508,jawi
X9M6unC2.png,jawi,3,0.010183419,0.98153746,0.008279061,jawi
IpgN4Fqw.png,sunda,2,0.03373802,0.96383524,0.0024267319,jawi
CW81QpRG.png,lampung,5,0.019099372,0.028643567,0.9522571,pegon
MEnFNL0f.png,lontara,3,0.89109546,0.09621849,0.012685993,jawa
jEB6CHLY.png,bali,1,0.9657832,0.026985578,0.0072312225,jawa
TZxJlDL1.png,bali,3,0.56336594,0.4154,0.021234112,jawa
aQ1Y7rhp.png,bali,4,0.66920096,0.31518343,0.015615624,jawa
BHEgkL1B.png,pegon,2,0.024089176,0.012261566,0.96364933,pegon
FtBk0vvy.png,lontara,2,0.8562367,0.12580085,0.01796255,jawa
ZAq2aRdq.png,jawi,5,0.010207046,0.9790227,0.010770266,jawi
xwDtp9uR.png,pegon,3,0.018731588,0.0030060338,0.9782623,pegon
qCgD1XIt.png,pegon,2,0.021485796,0.022938615,0.9555756,pegon
kNAeelBi.png,lampung,4,0.17774706,0.44554883,0.37670416,jawi
Py4YxOFa.png,lontara,3,0.53926665,0.44947547,0.011257894,jawa
qaGjkqFC.png,jawi,5,0.0149872955,0.9707813,0.014231318,jawi
biQSIzZf.png,bali,2,0.40487596,0.5833662,0.011757818,jawi
oo9uroIk.png,lontara,4,0.83100104,0.10731367,0.061685268,jawa
QJpKruCo.png,lampung,4,0.4733237,0.30363923,0.22303711,jawa
iOZbfNcT.png,bali,5,0.061549548,0.93089926,0.0075511355,jawi
sMZ3LgWZ.png,lampung,3,0.80398345,0.16270235,0.03331424,jawa
qRSNxJfq.png,sunda,1,0.039227244,0.93839985,0.022372847,jawi
Ufoqua7X.png,lampung,2,0.7527904,0.24084136,0.0063682576,jawa
Eqwx3IHd.png,lampung,5,0.62379044,0.20133197,0.17487755,jawa
sh6HcrYm.png,jawi,5,0.009392151,0.979787,0.010820861,jawi
3scxWpVY.png,lontara,5,0.6975758,0.26322305,0.039201103,jawa
wVNoWzzC.png,jawa,2,0.98412424,0.009360313,0.0065154354,jawa
xqoS2z2l.png,bali,2,0.3114982,0.67739123,0.011110577,jawi
QYOcZ4pZ.png,lontara,2,0.680431,0.29834887,0.021220189,jawa
ojEKDjFZ.png,pegon,3,0.018428383,0.035452332,0.9461193,pegon
6s9qPemT.png,lampung,2,0.6509698,0.21144217,0.13758804,jawa
cEViaCWK.png,lontara,2,0.04683159,0.93742806,0.015740326,jawi
pJKpoc9p.png,sunda,1,0.022627328,0.7596291,0.21774366,jawi
FXMnHRjk.png,lampung,5,0.003977922,0.03399683,0.96202534,pegon
RpDaRKgl.png,lontara,2,0.14943992,0.8392263,0.01133384,jawi
bInPjyOs.png,jawi,3,0.012190321,0.95431507,0.03349461,jawi
2sDpVpnd.png,pegon,1,0.014324416,0.017093929,0.96858156,pegon
FjF43BaC.png,jawa,4,0.96438617,0.009445281,0.026168548,jawa
RK50IyNT.png,jawi,2,0.016575398,0.9633526,0.020071998,jawi
enk34B1E.png,pegon,2,0.015132583,0.007542556,0.9773247,pegon
4FF2JARU.png,jawa,5,0.9654421,0.012637248,0.021920668,jawa
02qV7tl8.png,sunda,2,0.08180767,0.9125718,0.005620513,jawi
mktAKEwW.png,lampung,5,0.0017783892,0.021402353,0.97681934,pegon
MSrLzdrf.png,lampung,5,0.800671,0.019888418,0.17944068,jawa
ndN6TouG.png,lontara,4,0.94585454,0.04237761,0.011767835,jawa
gASYrxoX.png,lampung,2,0.074612655,0.4285284,0.49685895,pegon
jkZZMYYt.png,jawi,3,0.022055682,0.95913434,0.018810036,jawi
qGcnVLcm.png,lontara,2,0.5900327,0.36377493,0.04619237,jawa
yitDFeVv.png,sunda,1,0.031361256,0.9469896,0.021649186,jawi
titiXf54.png,lampung,5,0.045562204,0.23963396,0.7148038,pegon
AvlaBzV7.png,jawi,4,0.015388844,0.98037934,0.004231798,jawi
JOtIrNkY.png,lampung,2,0.83497286,0.10412708,0.06090012,jawa
j64aPx62.png,pegon,1,0.013951211,0.010854609,0.9751942,pegon
fqNBDqhL.png,lampung,5,0.05368622,0.9354863,0.010827424,jawi
UpYYiOZ6.png,sunda,5,0.16055562,0.78825915,0.051185276,jawi
qlUG4Jrg.png,lontara,5,0.1503004,0.834225,0.0154745765,jawi
Y9uCrh5w.png,pegon,2,0.031684894,0.022699526,0.9456156,pegon
VOLBjEeo.png,jawi,2,0.021358836,0.94900185,0.02963933,jawi
h21onedu.png,jawa,2,0.95342535,0.024650266,0.021924403,jawa
IE61mkGW.png,sunda,5,0.121405005,0.86386144,0.014733493,jawi
Osuo0pom.png,sunda,4,0.22193451,0.59873194,0.17933357,jawi
4Hl13bZr.png,lampung,2,0.026235742,0.06592445,0.90783983,pegon
aCgUxoVU.png,pegon,1,0.017251957,0.020367514,0.9623805,pegon
WLtVLNFr.png,pegon,4,0.0047241333,0.0065332386,0.9887426,pegon
EeINILuQ.png,pegon,2,0.009906355,0.0164288,0.9736649,pegon
RluBIiB9.png,sunda,1,0.0058644526,0.9824042,0.011731394,jawi
nT4atQga.png,jawa,3,0.9569732,0.019919619,0.02310716,jawa
ySybxgAu.png,bali,1,0.0526741,0.93938684,0.00793902,jawi
tNpc1gKh.png,jawi,5,0.019478753,0.9533187,0.027202494,jawi
H0utL44l.png,lampung,5,0.027454512,0.018813994,0.9537315,pegon
jUXXw4cF.png,jawi,5,0.0077879694,0.9819047,0.010307313,jawi
KLwhf7Do.png,jawi,4,0.028751347,0.91742903,0.0538196,jawi
IyQpvk3H.png,bali,4,0.873728,0.112597436,0.013674633,jawa
77qjeksi.png,lampung,4,0.18787359,0.73198116,0.080145255,jawi
UlIFRgag.png,jawa,4,0.96634966,0.01522799,0.018422356,jawa
7OtAaulf.png,jawa,5,0.9810308,0.008323414,0.01064581,jawa
XjiKh5tf.png,jawa,4,0.99015397,0.0014288141,0.008417242,jawa
MWX7EosX.png,pegon,5,0.027822465,0.02528321,0.94689435,pegon
fn4GBxFC.png,jawa,4,0.97235197,0.007780284,0.019867651,jawa
K1ZQIPH5.png,jawa,3,0.97441465,0.009524879,0.016060587,jawa
K6iwEcDq.png,lampung,5,0.016552584,0.021420637,0.9620268,pegon
K69kKyy7.png,sunda,4,0.017377587,0.9769917,0.0056306687,jawi
36447OZJ.png,jawi,4,0.015623567,0.9751288,0.0092476215,jawi
SajIieuj.png,lampung,4,0.13786864,0.8287184,0.033412933,jawi
EbuUh5Gl.png,pegon,5,0.018552227,0.021499954,0.95994776,pegon
bbYDUDN4.png,lontara,3,0.7120303,0.26880854,0.019161174,jawa
GyLie6rx.png,jawi,3,0.015638478,0.95905197,0.025309497,jawi
lYyzB0N4.png,lontara,3,0.121426545,0.87111014,0.0074633383,jawi
EbbRaaI8.png,jawi,4,0.01110676,0.9795038,0.009389436,jawi
c0HK8Elo.png,lontara,1,0.93490374,0.047256034,0.017840287,jawa
AEAmXsnU.png,lampung,3,0.7775336,0.19601618,0.0264503,jawa
EQxiCrz7.png,jawi,3,0.010876884,0.9781502,0.010972903,jawi
GZ0OGFej.png,jawa,1,0.9808561,0.011132961,0.008010944,jawa
id1IvanI.png,pegon,2,0.018956335,0.014449413,0.9665942,pegon
rsN8Faxv.png,bali,3,0.8803721,0.114777006,0.0048509412,jawa
EoOITFsC.png,jawi,5,0.018198445,0.96397245,0.017829036,jawi
3g0vAgB8.png,bali,1,0.9668957,0.02589302,0.007211328,jawa
niTqA3KA.png,jawi,5,0.025848443,0.95305467,0.021096885,jawi
Wjy5LN2E.png,jawi,3,0.015766725,0.97450066,0.009732589,jawi
QNb5pPkK.png,sunda,5,0.348813,0.63100225,0.020184733,jawi
jmxX8HMw.png,jawi,2,0.01966434,0.95958626,0.02074941,jawi
EQP7zrcJ.png,lontara,5,0.93561625,0.046106387,0.018277276,jawa
rkj86slB.png,pegon,3,0.06771171,0.051613063,0.8806752,pegon
oX8t4Zyy.png,lampung,1,0.047546506,0.05531673,0.89713675,pegon
DwJej7bu.png,pegon,1,0.014127536,0.012713404,0.9731591,pegon
uoCPA1IS.png,jawi,1,0.030418158,0.92979264,0.039789155,jawi
O0uOyG4U.png,lampung,2,0.50581634,0.25907207,0.23511161,jawa
PS7oATYv.png,lampung,1,0.8758325,0.029620187,0.09454734,jawa
vw155Kwq.png,jawi,1,0.025142452,0.9499351,0.02492244,jawi
FsUBnSvQ.png,sunda,4,0.35013577,0.550572,0.09929221,jawi
lC4IAj5L.png,lontara,4,0.61882234,0.19217083,0.18900682,jawa
F2z8o4Kl.png,jawi,2,0.016288793,0.9738893,0.009821934,jawi
lUxTv9XY.png,pegon,5,0.026884831,0.031848673,0.9412665,pegon
KnFloBeJ.png,jawa,2,0.96442676,0.021099899,0.014473438,jawa
uYQZ29qC.png,pegon,2,0.013830467,0.023184303,0.96298516,pegon
mCqvPc97.png,lampung,1,0.10971638,0.6724226,0.21786107,jawi
XsfSqy50.png,jawi,5,0.010585365,0.9707093,0.018705325,jawi
0QSWPyFN.png,lontara,3,0.83871746,0.13862383,0.022658743,jawa
GitODCpS.png,pegon,1,0.015250406,0.010339115,0.9744106,pegon
DcnNqZAB.png,pegon,3,0.017413095,0.02253422,0.96005267,pegon
daESi0VB.png,pegon,3,0.024003584,0.0421276,0.93386877,pegon
gvKLbHmW.png,jawi,1,0.022362744,0.9546097,0.023027593,jawi
qtc2AB3Y.png,jawi,2,0.016615482,0.9647396,0.018644836,jawi
PI0eRyZg.png,sunda,4,0.036588173,0.8735599,0.08985189,jawi
B1yijhN9.png,sunda,4,0.0039411318,0.9940042,0.0020546403,jawi
z9U73FKq.png,lontara,3,0.913169,0.06611745,0.020713553,jawa
i6o1rUti.png,pegon,4,0.014282786,0.013326029,0.9723912,pegon
NhmyLviu.png,sunda,4,0.10633214,0.87000275,0.023665167,jawi
n9CrPQkK.png,sunda,1,0.3926293,0.5931597,0.014211029,jawi
NufCsFkJ.png,pegon,1,0.027409269,0.023216553,0.9493742,pegon
H7EwPJvu.png,jawa,2,0.96434075,0.01883841,0.016820805,jawa
sA7aQbuA.png,sunda,4,0.049746018,0.9432329,0.0070211194,jawi
o28cm4o0.png,pegon,2,0.010937915,0.013078192,0.9759839,pegon
oDjud9b6.png,lampung,4,0.33071712,0.63965654,0.029626397,jawi
xlVcTL0G.png,pegon,5,0.02140162,0.021172948,0.9574254,pegon
zYZ1WFgP.png,jawa,4,0.9489504,0.015595121,0.035454396,jawa
EQTwRXHM.png,pegon,2,0.02512731,0.019464344,0.9554084,pegon
NdZyUwtb.png,lampung,3,0.41707084,0.11285765,0.47007158,pegon
im2D0ANs.png,jawa,2,0.96676594,0.015903426,0.017330572,jawa
h7HwLEx7.png,lontara,4,0.33282295,0.614401,0.052776072,jawi
aSRRJPmo.png,lontara,2,0.91277176,0.07021377,0.017014468,jawa
ADAom9mJ.png,lontara,1,0.38090807,0.582804,0.03628788,jawi
Db6ZeyKp.png,bali,5,0.97662693,0.017118495,0.0062546395,jawa
T8BGnCHN.png,jawa,5,0.9760799,0.011633129,0.012287033,jawa
DQv7n1Bf.png,pegon,1,0.024415689,0.028461328,0.94712305,pegon
qniGAf3V.png,sunda,2,0.013430894,0.98195916,0.0046099713,jawi
ysGnFqst.png,pegon,2,0.02314635,0.023857785,0.9529959,pegon
eTXJwT6K.png,lampung,2,0.19357088,0.3371763,0.46925285,pegon
UeVNY2Bf.png,bali,4,0.9789105,0.01336307,0.0077264025,jawa
PFR2LDKO.png,sunda,4,0.36978373,0.56247795,0.06773837,jawi
6mLt9FDu.png,jawi,3,0.008844738,0.98123026,0.009925003,jawi
khr6z7Du.png,sunda,3,0.007406986,0.9777324,0.014860588,jawi
FWFjTsEd.png,jawa,2,0.9857948,0.008372006,0.0058331983,jawa
ECmWewHc.png,jawi,4,0.020717984,0.9647051,0.014576923,jawi
p1yXHAO9.png,lampung,3,0.43557584,0.55385524,0.010568934,jawi
IneJtpWX.png,lampung,4,0.4265591,0.53922117,0.034219705,jawi
Vp5mBHzS.png,jawi,3,0.011181642,0.9698719,0.018946461,jawi
Cit3e0ZH.png,lontara,3,0.8609272,0.12740041,0.01167242,jawa
fh3uPnH6.png,sunda,5,0.08832427,0.8942241,0.017451627,jawi
vf2HEIyC.png,lontara,3,0.82431346,0.15977119,0.01591537,jawa
LSqbBLvA.png,lampung,1,0.06232213,0.016029108,0.92164874,pegon
QbWY9V0R.png,jawi,3,0.011098672,0.9778351,0.011066204,jawi
ozibWJ0M.png,pegon,1,0.020474529,0.013976057,0.96554935,pegon
Qg45ZQPS.png,lontara,5,0.031313095,0.94507366,0.023613293,jawi
3NWiGhoX.png,jawi,2,0.018637883,0.9568751,0.024487076,jawi
FE6LbYOo.png,jawa,3,0.96681845,0.014368328,0.018813178,jawa
u078a3W0.png,jawi,1,0.016815504,0.9640367,0.019147728,jawi
VotL8Yq5.png,sunda,5,0.093043625,0.89470696,0.012249446,jawi
kftFuQq9.png,lampung,3,0.8520478,0.13948405,0.008468171,jawa
6mTmsrHU.png,jawi,3,0.013345472,0.9700134,0.016641177,jawi
vaqKJeRz.png,jawi,5,0.022524383,0.95682627,0.020649362,jawi
k6NcQ6Kj.png,lontara,3,0.3061161,0.084002204,0.6098817,pegon
C9yQl4fH.png,jawa,1,0.9634437,0.019898238,0.016658105,jawa
gpFB2Qug.png,bali,2,0.63658166,0.34341002,0.02000839,jawa
3necbyp7.png,pegon,3,0.01593143,0.013706954,0.9703617,pegon
GHXmn67S.png,lontara,2,0.912606,0.057943493,0.02945049,jawa
xDHco9Oq.png,lampung,5,0.6155862,0.052492004,0.33192173,jawa
q7k5dP8R.png,lampung,2,0.4756261,0.3297483,0.19462554,jawa
t9UPPpWZ.png,pegon,5,0.020717258,0.018372405,0.9609103,pegon
niRPi8kB.png,sunda,3,0.40929022,0.5713035,0.019406274,jawi
j1jL21k2.png,pegon,3,0.013241774,0.017680088,0.9690782,pegon
BIgOWiYK.png,pegon,4,0.0065425653,0.0042698192,0.98918766,pegon
HVqjDdC1.png,lontara,1,0.36876443,0.6136566,0.01757893,jawi
8ePMBLJc.png,jawi,5,0.012090065,0.9755574,0.012352622,jawi
iZMgMYvK.png,lontara,4,0.91346884,0.07002763,0.01650358,jawa
i2Id6uBU.png,pegon,2,0.018629985,0.016456967,0.9649131,pegon
DYPJP7vB.png,lampung,2,0.6683169,0.32571164,0.0059714457,jawa
HpKembd2.png,lontara,1,0.27216306,0.71565497,0.012181958,jawi
8Lt99Kmk.png,lontara,2,0.0966254,0.8961758,0.007198825,jawi
RA7amfiN.png,pegon,3,0.023746299,0.020271653,0.9559821,pegon
ZP5jwO68.png,lontara,5,0.72792774,0.2403383,0.03173402,jawa
6T9fE2w5.png,jawi,4,0.009951962,0.9867822,0.0032658232,jawi
9cIOMiyV.png,pegon,1,0.01724448,0.01702694,0.9657286,pegon
iMqqhdLX.png,lampung,5,0.6610737,0.16255775,0.17636862,jawa
hL7dWS2v.png,sunda,2,0.032335743,0.9640978,0.003566495,jawi
CytqtqNa.png,lampung,2,0.11743573,0.47466993,0.40789443,jawi
MKvVlAPI.png,jawa,3,0.9641137,0.014356144,0.021530088,jawa
KaJX1CaJ.png,bali,5,0.2332473,0.7599492,0.0068034595,jawi
THKOEWlU.png,sunda,2,0.2608638,0.71728486,0.021851338,jawi
76bpCV3M.png,sunda,4,0.05621936,0.91937566,0.024405014,jawi
ygHC2ZR7.png,bali,5,0.6894819,0.28939033,0.021127783,jawa
2reUMd07.png,jawi,4,0.033853687,0.95098376,0.015162498,jawi
RRPXgg0Q.png,jawa,4,0.96207434,0.008242684,0.029683048,jawa
vmpyHuCK.png,lampung,2,0.022727618,0.032334015,0.9449385,pegon
wtv3YKZB.png,jawi,2,0.016475845,0.9660199,0.017504226,jawi
6DZmakIy.png,jawa,4,0.9692458,0.011295109,0.019459104,jawa
6aJKT0P7.png,lampung,4,0.3019159,0.5511215,0.14696258,jawi
J5TVh8iT.png,jawi,2,0.016764699,0.9724534,0.010781903,jawi
KsF4Awut.png,pegon,2,0.0152036995,0.012421021,0.97237533,pegon
zdJdGufU.png,jawi,1,0.01923636,0.9479134,0.032850217,jawi
9bVjvl0u.png,bali,2,0.46276718,0.52132034,0.015912531,jawi
k3u8F2BM.png,bali,5,0.17195868,0.82237434,0.0056669815,jawi
wPRaNdDu.png,pegon,2,0.024851678,0.010641704,0.96450657,pegon
Bjz5XUB3.png,jawi,2,0.010315295,0.9817059,0.0079788305,jawi
A4Ns0v3p.png,bali,2,0.76001257,0.21945506,0.020532455,jawa
Uk3ZI18h.png,pegon,1,0.023321172,0.018358704,0.9583201,pegon
WTIgHMer.png,lontara,1,0.93201816,0.02943764,0.038544193,jawa
DKqaspYL.png,bali,5,0.40249604,0.58363,0.013873902,jawi
fqcYkupj.png,lampung,5,0.35004303,0.041582726,0.6083743,pegon
v7lLWHZx.png,lampung,1,0.028787559,0.10151405,0.8696984,pegon
wWE5eSMG.png,bali,3,0.16527961,0.8138824,0.020837972,jawi
Oir6olYX.png,jawi,5,0.016767764,0.96412027,0.019112023,jawi
aNwNduC1.png,pegon,4,0.0061043557,0.9738607,0.020034969,jawi
uvnNnobA.png,jawi,1,0.02181354,0.95791346,0.020272976,jawi
aa4YBQI1.png,sunda,5,0.22891898,0.75519174,0.015889263,jawi
dPiJAaut.png,lampung,2,0.17640294,0.6763867,0.14721037,jawi
m0mhKhmH.png,sunda,5,0.21995236,0.73865926,0.041388407,jawi
PzaDnQo3.png,lampung,3,0.13418719,0.8316856,0.034127213,jawi
ejubNquD.png,lampung,3,0.64485216,0.32354033,0.03160755,jawa
4sR8YfcS.png,sunda,3,0.01955275,0.9748617,0.0055855685,jawi
KMcrrFqD.png,bali,2,0.5246855,0.44791156,0.027402949,jawa
QevzLRx9.png,sunda,4,0.037101347,0.9489466,0.013952043,jawi
0JyyDIqD.png,pegon,1,0.012972506,0.014191965,0.97283554,pegon
drCAE5LH.png,sunda,5,0.09941794,0.8888107,0.011771314,jawi
q6CMZbc4.png,jawi,4,0.016073696,0.97140807,0.012518208,jawi
XDfhsgSy.png,lampung,4,0.22442064,0.21836726,0.5572121,pegon
SAE8HIJO.png,jawi,3,0.020462986,0.97495097,0.0045860186,jawi
WdqvNonA.png,jawi,5,0.013537957,0.9555942,0.030867876,jawi
7jOxSLBB.png,jawa,4,0.95444083,0.030650502,0.014908715,jawa
RfhTuZBt.png,lontara,3,0.9405301,0.04341305,0.016056782,jawa
4AI03fCF.png,lampung,5,0.011012747,0.031897575,0.9570897,pegon
GxI8yf96.png,jawa,5,0.5370941,0.079249345,0.3836565,jawa
G6lLSn3C.png,lontara,3,0.868851,0.11248952,0.018659424,jawa
7N1hDAfk.png,bali,1,0.5149072,0.47900975,0.0060830736,jawa
2bFgjAMg.png,jawa,1,0.9681111,0.015617525,0.016271407,jawa
7fsUqLBa.png,lontara,2,0.8585935,0.12217648,0.019229922,jawa
XMD7q1GR.png,jawi,2,0.01325294,0.9698953,0.016851738,jawi
G3p5m44L.png,jawa,2,0.97368985,0.012782602,0.013527514,jawa
yy7n6dL9.png,pegon,5,0.025839478,0.033455104,0.9407054,pegon
pJxVoXYE.png,lontara,5,0.9535827,0.029767862,0.016649406,jawa
PzX2M3G2.png,jawa,5,0.95632464,0.014198502,0.02947685,jawa
Vr7P1Bma.png,lampung,4,0.36028096,0.6283118,0.011407231,jawi
QfRBydJP.png,jawi,5,0.015591431,0.586208,0.3982006,jawi
OTlgPJ14.png,pegon,2,0.027542654,0.013325263,0.95913213,pegon
m8CKiPF4.png,jawi,3,0.0050408156,0.9891685,0.005790622,jawi
pqHlrmfp.png,jawi,4,0.01856557,0.95595896,0.025475444,jawi
KvdPAGUZ.png,pegon,2,0.02509738,0.020166311,0.9547364,pegon
A2ypxs2j.png,jawi,3,0.014691144,0.97416514,0.0111437375,jawi
VOHC6Fv2.png,bali,3,0.99006,0.0047396757,0.0052004345,jawa
P5snCxhf.png,sunda,4,0.46973085,0.49347702,0.036792167,jawi
HPI2fQm2.png,pegon,2,0.019251121,0.011506602,0.96924233,pegon
pjRn1OFo.png,sunda,2,0.06967962,0.9279884,0.002331918,jawi
d1oNQ8wo.png,pegon,2,0.01969152,0.02127083,0.9590376,pegon
YXHnHlE4.png,jawa,4,0.94924,0.029603373,0.021156576,jawa
UQGy8JtS.png,jawa,2,0.97478455,0.010967231,0.014248199,jawa
LGurRAsR.png,jawa,3,0.98146856,0.006116102,0.012415341,jawa
FKKAswyW.png,lontara,5,0.927405,0.05319646,0.019398637,jawa
I6Fmy3R9.png,pegon,1,0.015478995,0.017471617,0.96704936,pegon
6CUyXwdz.png,pegon,5,0.023242708,0.022593701,0.9541637,pegon
mm9pn7Vs.png,bali,4,0.8800432,0.107428074,0.012528648,jawa
Dm86hVA1.png,lampung,3,0.9404327,0.056491166,0.0030761654,jawa
ZfFVNMVx.png,pegon,4,0.0036550052,0.012173026,0.9841719,pegon
YrLLsBiu.png,lampung,1,0.03386606,0.92974776,0.03638624,jawi
iXpOdQsM.png,bali,4,0.95746857,0.029397052,0.013134343,jawa
baXllJaS.png,lampung,3,0.015351006,0.06233656,0.92231244,pegon
s3htlkCa.png,jawa,5,0.97620547,0.010429211,0.013365243,jawa
yrqGV9ey.png,jawi,5,0.01844744,0.9705047,0.01104779,jawi
dWVX77Ng.png,lampung,1,0.9077625,0.025801584,0.06643584,jawa
ThWApk3S.png,jawa,5,0.9776634,0.0101729855,0.012163584,jawa
zscl47v6.png,bali,2,0.96706825,0.024399962,0.0085318,jawa
E2xHpN9W.png,lampung,1,0.29104012,0.09339179,0.6155681,pegon
JtE40mxy.png,sunda,2,0.040027224,0.8327354,0.1272373,jawi
p3UxVCx6.png,lontara,4,0.81405896,0.15691927,0.029021833,jawa
aPw6L75f.png,lampung,4,0.015037787,0.011861069,0.9731012,pegon
kN2rnpGP.png,jawi,2,0.022994105,0.9578872,0.019118711,jawi
AIIB30f5.png,jawi,1,0.02491084,0.9421038,0.032985386,jawi
k2rxe91A.png,jawi,4,0.0056603956,0.9869571,0.007382547,jawi
2Fw5JKGT.png,jawi,3,0.017450001,0.9743793,0.008170669,jawi
s9oq8par.png,lampung,2,0.63163537,0.28494376,0.08342084,jawa
2ntNUtAt.png,lontara,5,0.10949899,0.8782635,0.012237551,jawi
ym3QMg8b.png,jawi,4,0.026137477,0.5322121,0.44165042,jawi
1skKftHj.png,lampung,4,0.010572856,0.00459644,0.9848306,pegon
RIf4QYAG.png,lontara,1,0.53693074,0.40608895,0.056980267,jawa
CgZjCQON.png,lampung,5,0.35933945,0.042979892,0.5976806,pegon
mf3yRVzV.png,pegon,2,0.013246009,0.010716476,0.9760375,pegon
Z97vvCdi.png,jawa,1,0.97410786,0.014462529,0.011429635,jawa
iylG3DSP.png,sunda,2,0.030277463,0.96424085,0.005481722,jawi
07mLGdf9.png,pegon,2,0.009292487,0.011804302,0.9789032,pegon
GmFXJb6t.png,sunda,1,0.014261647,0.97095203,0.014786384,jawi
ARLiptrr.png,lampung,2,0.02723797,0.20724651,0.7655155,pegon
qsb0qvpf.png,jawa,3,0.9693853,0.015531545,0.01508312,jawa
x48NC7aN.png,sunda,3,0.16119169,0.79515857,0.04364976,jawi
NIWXt7Bt.png,jawi,5,0.004061177,0.9821598,0.0137790935,jawi
z0F9vEvB.png,pegon,5,0.023601012,0.021615248,0.9547838,pegon
GoZwAmhd.png,pegon,4,0.005521059,0.008987857,0.98549104,pegon
ZND535xh.png,bali,3,0.9533513,0.03771293,0.0089357635,jawa
c8bwohzB.png,pegon,5,0.016132612,0.012699785,0.9711676,pegon
8NQyXSfk.png,lampung,3,0.9428142,0.03444276,0.022743056,jawa
rmZhQS9q.png,lampung,3,0.5832763,0.3502514,0.06647234,jawa
HowlegsM.png,lampung,2,0.90330404,0.059521206,0.03717474,jawa
r00LpDkq.png,lampung,4,0.11806575,0.49950844,0.38242579,jawi
qu2ChTd9.png,pegon,3,0.014698615,0.021054795,0.96424663,pegon
QWMhLpwV.png,lontara,3,0.5799651,0.41145772,0.008577142,jawa
NrtFcdds.png,lontara,1,0.9390453,0.045446847,0.015507878,jawa
A4uF0kin.png,lampung,3,0.8591352,0.13583541,0.0050294027,jawa
M6cSqqER.png,pegon,3,0.010888825,0.006054628,0.9830566,pegon
cQiK0vQy.png,lampung,4,0.35626304,0.035786606,0.6079503,pegon
PoYVt1VI.png,jawa,5,0.96677065,0.019850299,0.01337902,jawa
W7inRCRn.png,lampung,3,0.7988446,0.19064769,0.010507736,jawa
wqEYXXJi.png,lontara,2,0.8987711,0.09134154,0.009887415,jawa
fFgy2ohG.png,jawi,4,0.008881715,0.9512937,0.03982453,jawi
stEi2zK9.png,lampung,5,0.009952746,0.047458723,0.9425885,pegon
V1QUQxZC.png,pegon,1,0.019479185,0.008377894,0.9721429,pegon
F0xGjZi6.png,pegon,3,0.028053818,0.028301472,0.9436447,pegon
J42XlOVU.png,sunda,3,0.13646322,0.83563256,0.027904138,jawi
edgoS4iD.png,jawa,4,0.9566676,0.017233487,0.02609891,jawa
T7HaNv1C.png,pegon,5,0.02563745,0.019811083,0.95455146,pegon
wbdNFcGz.png,pegon,4,0.0064955684,0.011422366,0.98208207,pegon
tQapF8RO.png,lampung,1,0.09357702,0.7687316,0.13769144,jawi
zswlf4Cb.png,bali,1,0.022160431,0.9589955,0.018844081,jawi
brqdgVPD.png,lontara,3,0.8665169,0.09299522,0.04048798,jawa
rzT2752S.png,jawi,4,0.011276298,0.9695234,0.01920037,jawi
nSiZh3rF.png,pegon,5,0.018323531,0.017690537,0.963986,pegon
NJMgyMsG.png,sunda,3,0.01219299,0.9443251,0.043481935,jawi
zHHmeaqK.png,lampung,3,0.78560776,0.19931282,0.015079446,jawa
TQG52tc1.png,jawi,5,0.009927899,0.9786452,0.0114269415,jawi
u8LCWuFn.png,pegon,1,0.017489806,0.040565852,0.94194436,pegon
49NlPn8c.png,lontara,4,0.69738775,0.29014722,0.012465035,jawa
mjoTz75P.png,jawi,3,0.023724124,0.960702,0.015573861,jawi
Yp6QDBoh.png,jawi,2,0.0181943,0.9675249,0.01428087,jawi
LEprC7pY.png,pegon,4,0.0019607625,0.011664342,0.986375,pegon
IY3766KV.png,pegon,1,0.021959506,0.02122162,0.9568189,pegon
5hTsTHd1.png,lampung,5,0.029910862,0.009583455,0.9605058,pegon
CDYxjO2v.png,jawa,5,0.9669882,0.012546726,0.02046503,jawa
QJiRWLlZ.png,lampung,1,0.04956638,0.9207493,0.029684277,jawi
0nw4BPDn.png,lampung,4,0.3203351,0.5416422,0.1380227,jawi
ChUky7uM.png,jawi,5,0.012915601,0.9733089,0.013775464,jawi
S8uGoORP.png,lontara,5,0.5847417,0.39200234,0.023255946,jawa
ZYhj7oYc.png,pegon,2,0.008183434,0.007299851,0.9845167,pegon
XA2ABLx3.png,pegon,3,0.020103503,0.03184419,0.94805235,pegon
2gPZaPKD.png,jawa,2,0.9685583,0.016877882,0.01456386,jawa
YxPGjHyZ.png,jawi,4,0.02442707,0.9653104,0.0102625815,jawi
jCVF7HEX.png,lontara,3,0.8942752,0.06490773,0.040817033,jawa
LkYARhlE.png,jawi,2,0.015611162,0.96960855,0.014780351,jawi
TzeKbHoR.png,jawa,2,0.9649559,0.01835989,0.01668425,jawa
VWINUjz2.png,lontara,5,0.5682665,0.4107084,0.02102507,jawa
Z6jXysAp.png,pegon,4,0.0016034074,0.0062554874,0.9921411,pegon
yMDh78Be.png,jawa,2,0.9667131,0.016375342,0.01691166,jawa
IHa5nnph.png,jawi,5,0.017973129,0.96797454,0.014052271,jawi
5QvRCD7C.png,sunda,1,0.034213245,0.959209,0.0065777134,jawi
EQDuGgFw.png,pegon,3,0.02200297,0.023954075,0.954043,pegon
JTS9vCSz.png,bali,3,0.20278573,0.7740666,0.023147628,jawi
QKmjvIsX.png,lampung,4,0.13945127,0.32935995,0.5311888,pegon
zOb9zEBQ.png,pegon,2,0.017211465,0.017967138,0.96482134,pegon
gUAOWfT9.png,jawa,3,0.963485,0.008995539,0.027519446,jawa
w8o9vdqz.png,jawi,3,0.017496852,0.96655655,0.01594663,jawi
wHObpyQP.png,jawa,3,0.9597846,0.023957448,0.01625798,jawa
8x1w33Zs.png,lampung,2,0.3732677,0.15826386,0.4684684,pegon
gQbkWEId.png,jawi,3,0.018437045,0.95491993,0.026642988,jawi
28OAL9lX.png,jawi,4,0.012268458,0.9557538,0.03197772,jawi
kBc7vPYT.png,lampung,5,0.14215966,0.05245105,0.8053893,pegon
rwJtmnyu.png,jawa,4,0.9831933,0.0037088715,0.013097826,jawa
cf99gz99.png,jawi,2,0.11377561,0.7712762,0.11494826,jawi
8K7JiWvC.png,jawi,4,0.023094093,0.93976665,0.03713926,jawi
DAgn42QO.png,bali,4,0.80380124,0.17581892,0.020379864,jawa
fWFbMXZk.png,sunda,1,0.06878236,0.925819,0.005398642,jawi
Yqs0upEa.png,pegon,3,0.016771574,0.056737505,0.9264909,pegon
IOBbsUM1.png,pegon,1,0.006771388,0.12689628,0.8663323,pegon
XCUbpYDK.png,lampung,2,0.16485295,0.71556425,0.119582795,jawi
bA5J8u5U.png,sunda,4,0.23313385,0.7487168,0.01814934,jawi
tE50ch5y.png,bali,2,0.97995275,0.010717515,0.009329743,jawa
WwdY0jTz.png,jawa,1,0.97209466,0.015620651,0.012284759,jawa
KC67Fli8.png,lampung,4,0.0073312917,0.060182173,0.93248653,pegon
9y4d9Rfp.png,jawa,4,0.9437208,0.016867967,0.039411165,jawa
1NqJWig6.png,lampung,3,0.058250587,0.07989171,0.86185765,pegon
IWyH8LvJ.png,jawi,2,0.018990083,0.9626579,0.018351976,jawi
IdVXZQ2R.png,lontara,3,0.94526833,0.03175068,0.022981096,jawa
z2dcFxy0.png,pegon,4,0.005534185,0.0037336624,0.99073225,pegon
Z7z9QvOn.png,jawi,3,0.016962739,0.96490985,0.018127413,jawi
2GLrGUOl.png,bali,1,0.59561855,0.39252815,0.011853322,jawa
CYjoiiyF.png,lampung,5,0.091297306,0.26436505,0.64433765,pegon
GZiSAu2S.png,lontara,5,0.11564912,0.87790483,0.0064461026,jawi
0TuZaIlD.png,jawi,1,0.019680375,0.9594313,0.020888364,jawi
SZQDPKQx.png,jawa,2,0.9685658,0.015609611,0.01582449,jawa
8vmrVMu8.png,pegon,4,0.006028172,0.00464005,0.98933184,pegon
kBytyzL4.png,pegon,2,0.01944166,0.02065516,0.9599031,pegon
zbNas0PY.png,jawa,5,0.97947687,0.0094167255,0.011106455,jawa
qVFMoOke.png,jawi,4,0.004926706,0.93520373,0.05986956,jawi
r0LamLUO.png,lontara,1,0.9417869,0.03911972,0.019093378,jawa
FtxawnSw.png,jawa,4,0.95799255,0.009577066,0.03243045,jawa
QWSRVDwn.png,lampung,2,0.8501914,0.11190266,0.03790602,jawa
etug9r3Z.png,sunda,3,0.006222132,0.9810854,0.012692399,jawi
KUjXao0f.png,sunda,3,0.024992969,0.94798315,0.027023843,jawi
8eiV09a9.png,jawi,3,0.0059432997,0.97254926,0.021507405,jawi
Uvfh4Poy.png,bali,1,0.38093522,0.6072484,0.011816357,jawi
61rDkiji.png,pegon,4,0.0020837344,0.0131889125,0.98472726,pegon
JJcSqlhA.png,lontara,1,0.8742408,0.11276671,0.01299249,jawa
CqluRmji.png,lontara,4,0.52102757,0.45223475,0.026737748,jawa
FH99W4Xn.png,pegon,3,0.020906877,0.027214505,0.9518786,pegon
j7soiotf.png,bali,3,0.96847713,0.019235924,0.012286947,jawa
vQEibfvv.png,lontara,1,0.93858886,0.048165888,0.013245203,jawa
qJwfQRNJ.png,lampung,5,0.572931,0.41065666,0.016412297,jawa
RDnJI8Y3.png,pegon,4,0.025200453,0.047449898,0.9273496,pegon
CniB5D3a.png,jawi,1,0.0135656465,0.9735781,0.012856244,jawi
JOvOFyZh.png,jawa,5,0.9802996,0.008767585,0.010932768,jawa
85kyULwF.png,jawa,2,0.9682898,0.017459892,0.014250349,jawa
SZk1VbfX.png,sunda,3,0.017673995,0.9744372,0.007888878,jawi
eoN3JDT9.png,lampung,2,0.7502282,0.22735891,0.02241287,jawa
VnIaOYNR.png,lontara,2,0.42773715,0.5256121,0.046650726,jawi
2k8AUQjp.png,jawi,3,0.014805735,0.9423106,0.042883676,jawi
PpwnF8FG.png,jawa,2,0.977689,0.008899303,0.013411723,jawa
sABFLHIn.png,lampung,4,0.13899548,0.33361605,0.5273885,pegon
RSnyYS92.png,lampung,4,0.17848356,0.67129153,0.15022486,jawi
tMo7tXrr.png,jawi,5,0.03600164,0.9303098,0.03368856,jawi
E4Q7kqiu.png,jawa,2,0.9566745,0.025370331,0.017955156,jawa
BQUXSOxV.png,pegon,2,0.020329399,0.026566373,0.95310426,pegon
71GVof1z.png,pegon,4,0.005501074,0.0106555,0.9838434,pegon
yGy9kfku.png,bali,2,0.94532114,0.048145603,0.0065333205,jawa
sh9rUg6r.png,pegon,1,0.010105252,0.019688752,0.970206,pegon
njilWE8X.png,lontara,2,0.8615697,0.11569339,0.022736927,jawa
ShErqnVm.png,lampung,3,0.14144534,0.10207844,0.7564762,pegon
d8rZee19.png,lontara,1,0.9329822,0.052430045,0.014587763,jawa
1Xxn3pVV.png,jawa,5,0.97696394,0.014632979,0.0084030125,jawa
rHHgzn2v.png,jawi,4,0.031042572,0.9479529,0.021004455,jawi
OSsYOVRr.png,lampung,3,0.450177,0.5247706,0.025052385,jawi
GcXYvZvz.png,sunda,3,0.007266646,0.98099595,0.011737479,jawi
dLpc0ucL.png,jawa,4,0.9725903,0.012423767,0.0149859255,jawa
3qxUBEL3.png,pegon,4,0.0029027108,0.024375407,0.9727218,pegon
WFkzTDFm.png,lampung,5,0.045903202,0.021693725,0.9324031,pegon
4i6HoUxV.png,sunda,4,0.033991978,0.9451274,0.020880584,jawi
MLkhv3D4.png,lampung,1,0.03918535,0.9319211,0.028893463,jawi
X45DaTJm.png,bali,3,0.22719067,0.7428863,0.029923046,jawi
pGcD8YAY.png,pegon,3,0.028952453,0.03173601,0.9393115,pegon
nSQXg4FB.png,lampung,4,0.11042577,0.6042878,0.28528643,jawi
fU1pOpgb.png,sunda,3,0.028727066,0.95783514,0.013437834,jawi
tKhnWmnn.png,lampung,1,0.09374981,0.8230302,0.0832201,jawi
xaCVYSve.png,lampung,2,0.092211366,0.35330975,0.5544789,pegon
XGZEf2Aq.png,lontara,2,0.8933359,0.09129343,0.015370692,jawa
D8HdQiKc.png,pegon,2,0.015225109,0.008173324,0.97660154,pegon
nwSCCwZr.png,sunda,3,0.013621695,0.97760063,0.008777667,jawi
O4LrmJol.png,jawi,4,0.0056345225,0.98918486,0.0051806374,jawi
jMqPfFaa.png,pegon,1,0.017412214,0.955328,0.027259829,jawi
JZ3ti2WV.png,sunda,1,0.008804873,0.9835079,0.00768725,jawi
bb8YrHfu.png,lontara,3,0.8623216,0.11862719,0.019051166,jawa
VJRzM180.png,jawi,3,0.016289897,0.9787225,0.004987582,jawi
YnYkIbYH.png,jawi,1,0.024168365,0.94303846,0.03279317,jawi
R0tD3GLC.png,bali,4,0.81794196,0.1544767,0.027581433,jawa
3zpaIYZP.png,jawi,5,0.02396174,0.9543483,0.02168995,jawi
tFmC4wAc.png,jawi,2,0.008583811,0.97963756,0.0117786,jawi
u92NiLKH.png,jawa,4,0.16914722,0.4372375,0.39361528,jawi
2Nty0u2v.png,jawi,1,0.027853345,0.9332488,0.038897794,jawi
ZrBSm0ay.png,sunda,4,0.16141461,0.80426854,0.034316845,jawi
R7hXN0Is.png,jawa,4,0.9768685,0.008167577,0.014963907,jawa
09PgyTT7.png,lampung,4,0.17919064,0.09988081,0.72092855,pegon
CckPJb7Z.png,jawa,2,0.5361862,0.07009234,0.39372143,jawa
e414zUvj.png,jawa,2,0.95963126,0.026852991,0.013515725,jawa
ebhZgz0E.png,lampung,5,0.77963847,0.06792476,0.15243681,jawa
Xg65BY3P.png,lampung,3,0.8099603,0.015471157,0.1745685,jawa
8qPwiXrC.png,lampung,1,0.07377228,0.009547748,0.91668,pegon
XBhBDg7i.png,lampung,3,0.97100544,0.023354579,0.0056400592,jawa
oxyndgPe.png,sunda,5,0.023167092,0.97218794,0.004645036,jawi
9oqzs9qx.png,lontara,4,0.8960813,0.077537805,0.026380908,jawa
odD0O5D3.png,pegon,3,0.021311166,0.013129427,0.96555936,pegon
IgoBASxm.png,bali,4,0.7495223,0.23504291,0.015434784,jawa
MspkLt7E.png,lampung,1,0.13212374,0.17593522,0.69194096,pegon
OLW1nlK6.png,lampung,2,0.03764825,0.92649764,0.035854116,jawi
eErcJtxV.png,lampung,4,0.38864473,0.061133273,0.55022204,pegon
XykiCcpX.png,sunda,2,0.060098354,0.9370889,0.0028128112,jawi
oScQBOyb.png,pegon,1,0.01624422,0.05065025,0.9331056,pegon
oR112ze9.png,jawi,3,0.18409902,0.80431545,0.011585534,jawi
bJLJGVlV.png,pegon,1,0.022047194,0.022925455,0.95502734,pegon
4dxUZzmz.png,jawi,5,0.2163719,0.76804197,0.015586161,jawi
BEp2ecgf.png,jawi,1,0.024186023,0.95671856,0.019095387,jawi
WBcXXpqm.png,pegon,1,0.032028884,0.026449356,0.9415218,pegon
xVNy6WDB.png,bali,3,0.15437624,0.81970817,0.025915645,jawi
DUny88xh.png,bali,5,0.9798365,0.014210588,0.0059528504,jawa
8Rm7nDGg.png,lontara,2,0.69466126,0.25039473,0.054944027,jawa
choTfLD5.png,sunda,3,0.08535159,0.77044964,0.14419882,jawi
iXgnXmCv.png,jawi,2,0.037931852,0.84250283,0.11956527,jawi
BRWBWS6p.png,sunda,4,0.5113415,0.4603823,0.028276136,jawa
VdLNM3W8.png,lampung,1,0.108069666,0.86785793,0.024072425,jawi
oeKuS0iB.png,jawa,1,0.9686077,0.017723352,0.013668823,jawa
PbobTz7L.png,lampung,1,0.5279021,0.4541921,0.01790575,jawa
voBbJjsu.png,pegon,2,0.022101177,0.017724141,0.9601746,pegon
7Ha7hpkC.png,pegon,2,0.013637116,0.013373351,0.97298956,pegon
nFqrx6N4.png,jawi,3,0.007889651,0.98891324,0.0031970597,jawi
Sygn4f0M.png,lampung,4,0.5796461,0.30038625,0.119967684,jawa
b0iF2CTT.png,bali,1,0.2245583,0.7533912,0.022050485,jawi
GT1cETKa.png,lampung,5,0.038194288,0.037345972,0.92445964,pegon
aa1nwDXG.png,bali,3,0.19616811,0.788102,0.015729927,jawi
poxYjw8i.png,sunda,4,0.53251934,0.41462523,0.05285544,jawa
IcbvzgRM.png,pegon,4,0.03892923,0.046026897,0.9150439,pegon
jPtFvwO7.png,lontara,5,0.016908852,0.034307256,0.948784,pegon
NsTtI4KT.png,bali,1,0.81366396,0.17588128,0.0104547385,jawa
6F1ibKfQ.png,jawa,4,0.95674485,0.008828542,0.034426607,jawa
BuvOP2rJ.png,bali,2,0.23294483,0.7560048,0.011050346,jawi
BoN0wEl6.png,lampung,2,0.2559341,0.6926504,0.05141549,jawi
qwjDhKjI.png,sunda,1,0.050187957,0.9377744,0.012037667,jawi
batkgbdv.png,bali,2,0.6526851,0.33663034,0.010684458,jawa
QFITA17m.png,bali,2,0.3204815,0.649607,0.02991149,jawi
1kFURWTM.png,sunda,1,0.029313458,0.9473159,0.023370724,jawi
pi1koaCG.png,bali,2,0.37845293,0.6024083,0.01913878,jawi
PKkvHovJ.png,bali,1,0.9594337,0.028803123,0.0117632,jawa
l3sEbeMG.png,sunda,2,0.036721576,0.9609197,0.0023587344,jawi
S2LnsPn4.png,bali,4,0.3111841,0.6777002,0.011115644,jawi
h3bNR2wl.png,sunda,4,0.4734973,0.5069972,0.019505434,jawi
LTYUKfIW.png,bali,2,0.5584036,0.41781673,0.023779694,jawa
N2zFxSOi.png,jawa,4,0.95539707,0.020963674,0.023639245,jawa
Ly2x1SVN.png,pegon,5,0.02089482,0.016561478,0.9625437,pegon
TtWbyema.png,jawi,4,0.0075306552,0.9901815,0.0022877657,jawi
D2nDbjMN.png,lampung,1,0.058774497,0.25866133,0.68256414,pegon
sBKrWgzj.png,pegon,1,0.011911323,0.013723245,0.9743654,pegon
NYqz6rNj.png,jawa,4,0.9709773,0.006098182,0.022924572,jawa
RdkkAilw.png,lampung,5,0.1714331,0.019147584,0.8094194,pegon
MUfGVCIU.png,lampung,4,0.5700472,0.29878464,0.13116825,jawa
QsiOZpZl.png,jawi,5,0.013084077,0.9764231,0.010492836,jawi
cs9cua3i.png,lampung,2,0.020692414,0.28259793,0.6967097,pegon
qvFKrvvc.png,pegon,5,0.010420905,0.015103214,0.97447586,pegon
oRGev7Pj.png,lampung,4,0.7635882,0.1979093,0.038502526,jawa
FoPqbvuW.png,lontara,4,0.81638277,0.11847566,0.06514157,jawa
tcL8ft2D.png,lontara,1,0.16811125,0.8180319,0.013856803,jawi
n97oYdkd.png,jawi,5,0.016493564,0.9746436,0.008862923,jawi
oVWNNlH7.png,sunda,4,0.25710052,0.57839566,0.16450383,jawi
hMYRtlJk.png,jawa,3,0.9711459,0.010979775,0.017874222,jawa
MJ0ar3Ba.png,jawi,1,0.014206884,0.96627957,0.019513559,jawi
3ofFY2Sm.png,jawa,4,0.9749566,0.0073428056,0.017700693,jawa
siwF2MmU.png,jawa,3,0.9439793,0.016905572,0.039115176,jawa
NA5VHBgm.png,lampung,4,0.4405806,0.41014025,0.14927913,jawa
OK4UFhlw.png,sunda,3,0.011447365,0.97561896,0.012933618,jawi
NFzxrArQ.png,pegon,2,0.015707083,0.9409455,0.043347478,jawi
nbtW9bVE.png,bali,2,0.51246244,0.46432954,0.023208087,jawa
9rQRSZJt.png,jawi,3,0.0072002383,0.98733807,0.0054616276,jawi
yRpkDAc3.png,pegon,2,0.0108217625,0.028262055,0.96091616,pegon
ZUeiocJQ.png,lampung,1,0.7114506,0.15062837,0.13792098,jawa
cWEXpCqP.png,lampung,5,0.018805252,0.01100119,0.97019356,pegon
QJG2flSb.png,lampung,2,0.3622877,0.53791595,0.09979638,jawi
qESXeLFx.png,lampung,3,0.8624228,0.099832684,0.03774449,jawa
Uh5IjS1j.png,sunda,4,0.5220577,0.42030525,0.057637006,jawa
w5N9PNNM.png,sunda,3,0.006565073,0.9896869,0.0037479792,jawi
TZbJEc5Q.png,lampung,1,0.16642466,0.3899362,0.44363913,pegon
ikxVtKWj.png,jawi,1,0.02578734,0.95080173,0.023410952,jawi
1ZXt5YVc.png,lontara,2,0.1371033,0.8521488,0.010747942,jawi
VCntaz7J.png,jawi,5,0.016214864,0.96852285,0.015262236,jawi
ScgQLc8D.png,lontara,5,0.95075893,0.039376866,0.009864093,jawa
L5RSkhHq.png,jawa,2,0.91563326,0.03790358,0.04646312,jawa
bUXrN0U8.png,pegon,1,0.011533311,0.020762116,0.9677046,pegon
aR2WPQJu.png,pegon,5,0.024421034,0.015207852,0.9603711,pegon
RdA2oMDc.png,sunda,2,0.01929642,0.97914267,0.0015609134,jawi
1ZoygnsD.png,jawi,2,0.027275655,0.9498343,0.022890033,jawi
B4fqSHPu.png,sunda,3,0.007364198,0.98162395,0.011011872,jawi
pqnVdpac.png,lampung,2,0.84125435,0.03349048,0.12525517,jawa
HE7pRcW0.png,jawi,5,0.017034283,0.9623783,0.020587437,jawi
d8z061u0.png,jawi,4,0.015657123,0.9715139,0.012828986,jawi
2A63cZF0.png,jawi,2,0.10246352,0.7880377,0.10949875,jawi
dq7nTl0e.png,bali,2,0.22358376,0.75859326,0.01782299,jawi
aDH5W4Qj.png,pegon,4,0.06729895,0.06590066,0.86680037,pegon
NElrFQPm.png,jawa,4,0.9677979,0.015935956,0.016266143,jawa
8MjmtMqh.png,lampung,1,0.08112732,0.2927934,0.62607926,pegon
uufSFSKn.png,pegon,4,0.0036754685,0.0066424273,0.989682,pegon
3Smk3AKE.png,lampung,4,0.036281716,0.061207097,0.90251124,pegon
U2nA0Cet.png,bali,3,0.9450873,0.05207035,0.0028423655,jawa
xOfR5IRv.png,pegon,2,0.028364385,0.01894094,0.95269465,pegon
cUEn977l.png,pegon,1,0.019363435,0.022726752,0.9579098,pegon
CCzzkLVk.png,lontara,3,0.906515,0.07394044,0.019544493,jawa
zPEg8b0E.png,jawa,4,0.97038347,0.005770111,0.023846481,jawa
XGO4pjTI.png,jawi,1,0.025281757,0.93580884,0.038909383,jawi
5zEGbmuw.png,lampung,2,0.9439448,0.043890957,0.0121642975,jawa
43ik68b4.png,jawi,4,0.009525049,0.98591816,0.004556798,jawi
vYCsX9US.png,lontara,5,0.5203929,0.47105494,0.008552175,jawa
VO9PCuJE.png,sunda,4,0.10367571,0.8788348,0.01748957,jawi
oP4vfjOb.png,sunda,5,0.11994337,0.8672188,0.012837887,jawi
C4DWB474.png,jawi,3,0.022658402,0.971965,0.0053765886,jawi
cdpS87Z0.png,lampung,5,0.0055664494,0.23854785,0.7558857,pegon
s1qR4aHe.png,bali,4,0.642855,0.34645575,0.01068926,jawa
PnrEr8ZT.png,lontara,3,0.92236775,0.052907523,0.024724716,jawa
3DZIpr0D.png,jawi,2,0.009873281,0.98185307,0.00827364,jawi
XPYzUDEj.png,jawa,2,0.9558331,0.0143725155,0.029794434,jawa
PqFZrE4J.png,lampung,5,0.07984895,0.41400945,0.5061416,pegon
2GHdL2HV.png,jawi,5,0.032790013,0.9475632,0.01964685,jawi
jDP92arf.png,lampung,5,0.9668332,0.0070852158,0.026081676,jawa
23UsjIFW.png,sunda,5,0.13246146,0.7246977,0.14284086,jawi
CsPBfLQA.png,jawi,3,0.012881134,0.98023754,0.0068813204,jawi
JZ1whhs3.png,lontara,3,0.8926119,0.086375386,0.02101273,jawa
3uK7UIKJ.png,pegon,5,0.022754978,0.025609108,0.95163584,pegon
nL4gJTNG.png,jawa,5,0.9748457,0.009335663,0.015818585,jawa
TczqNdsP.png,bali,1,0.046480265,0.9349497,0.01857,jawi
cXOBfe2u.png,jawi,3,0.018867794,0.9583287,0.022803402,jawi
Knbrhds6.png,lampung,4,0.046310205,0.56998855,0.38370126,jawi
4uAmoYZt.png,lampung,5,0.034043215,0.048527125,0.91742975,pegon
wnz2exYX.png,sunda,4,0.6587179,0.32832575,0.012956329,jawa
8Qt2WSim.png,lampung,4,0.060628463,0.21505155,0.72431993,pegon
b2xNIOw0.png,lontara,1,0.9443656,0.04354754,0.012086812,jawa
bN951kQr.png,jawa,3,0.96004176,0.01826639,0.021691876,jawa
eHc1UOgQ.png,pegon,5,0.020787932,0.0197201,0.95949197,pegon
yZdJUHlj.png,pegon,3,0.016987668,0.022329867,0.96068245,pegon
IvZc4Sdh.png,sunda,2,0.34436727,0.63215244,0.023480302,jawi
JNBuhPOK.png,bali,4,0.9149156,0.07056794,0.014516372,jawa
TzqdqtA0.png,pegon,3,0.019502075,0.061705705,0.91879225,pegon
P1m06Z7A.png,jawa,3,0.9732193,0.012541547,0.014239219,jawa
v1OXeYbY.png,lampung,2,0.033685368,0.023287646,0.943027,pegon
wgakSBPA.png,lontara,1,0.36500114,0.6169591,0.018039724,jawi
SvkcCYTX.png,bali,4,0.9351666,0.05400962,0.010823723,jawa
6GA4sPiL.png,lampung,3,0.124624446,0.46883738,0.40653816,jawi
5D9e3p1c.png,lampung,5,0.048527114,0.011828379,0.9396445,pegon
ZQ11xJiX.png,jawi,3,0.002800774,0.99325716,0.003942018,jawi
nFajvoB2.png,lontara,5,0.4629276,0.48680505,0.05026736,jawi
HAU8PlN5.png,lontara,2,0.9215567,0.06409029,0.014352943,jawa
iQhIXrzU.png,lampung,2,0.12903813,0.7691332,0.10182866,jawi
Cyayh52v.png,lontara,3,0.74955624,0.22899278,0.021450983,jawa
GCPsfsSH.png,pegon,1,0.015936071,0.013419518,0.9706444,pegon
KgWndiJv.png,jawa,3,0.9797743,0.008559895,0.0116657615,jawa
RJq9FlCW.png,lontara,4,0.93420833,0.051383074,0.014408589,jawa
lDwHJQr1.png,jawi,5,0.017493743,0.9598012,0.02270501,jawi
69KpwbyP.png,jawi,2,0.14216582,0.8309404,0.026893754,jawi
jCXHi2dB.png,bali,4,0.27960083,0.69898033,0.021418843,jawi
oz6axggI.png,jawi,4,0.03217713,0.94911814,0.018704712,jawi
3YAeVKBz.png,lampung,3,0.18614458,0.13096908,0.68288636,pegon
m4z1XZzL.png,jawa,2,0.97460663,0.01419006,0.011203359,jawa
14Lt4WlT.png,sunda,3,0.36267674,0.598391,0.038932238,jawi
C26KLenr.png,jawi,3,0.0092728,0.9787391,0.011988183,jawi
hou8FR6i.png,lampung,5,0.031624332,0.03510765,0.9332681,pegon
Hut8cofA.png,lampung,1,0.03314851,0.17927027,0.7875812,pegon
e10WL4yp.png,jawi,5,0.019269368,0.9626111,0.018119581,jawi
hf7YHOni.png,lontara,4,0.86768216,0.101774454,0.030543314,jawa
NA5TIdrN.png,jawi,2,0.02595441,0.9439673,0.030078253,jawi
JsqQpKkl.png,pegon,3,0.021569489,0.0238054,0.9546251,pegon
TinA0US9.png,jawa,2,0.96587145,0.023208419,0.010920142,jawa
cdyCdzC7.png,jawa,3,0.9761871,0.010551949,0.013260985,jawa
czAlIux8.png,jawi,3,0.025831116,0.95055735,0.023611551,jawi
0L3z3SQN.png,bali,5,0.9419243,0.048823323,0.009252354,jawa
RM32xtTW.png,jawi,2,0.0062882835,0.9809219,0.012789815,jawi
qYlEZN9z.png,bali,3,0.12955397,0.84562343,0.024822583,jawi
bxlXmak1.png,jawa,5,0.9688769,0.013342858,0.017780293,jawa
SuRtdxTJ.png,jawi,3,0.020719033,0.97232056,0.0069603682,jawi
8yjpTIAh.png,sunda,2,0.14138962,0.8560258,0.002584588,jawi
d5y6kFuS.png,pegon,3,0.017809568,0.021149386,0.96104103,pegon
VcYUUu2z.png,lampung,2,0.008252147,0.014356234,0.9773916,pegon
KlctSWiv.png,lampung,5,0.1567635,0.75965416,0.08358232,jawi
x6RVUnPi.png,lontara,2,0.26934275,0.7250344,0.0056228805,jawi
SY5W0eL6.png,jawa,2,0.9657336,0.0063439226,0.027922448,jawa
UDpKEE02.png,sunda,3,0.0737461,0.7459011,0.18035287,jawi
U8jUC8UB.png,jawi,2,0.011377169,0.98106617,0.007556657,jawi
2aWpINt9.png,jawa,1,0.9559311,0.019135648,0.02493323,jawa
08zlkoX2.png,lampung,3,0.80273587,0.035546374,0.16171779,jawa
3Wpj1kDG.png,jawi,3,0.008328238,0.9864038,0.0052679637,jawi
4cClALn9.png,sunda,4,0.033498216,0.92144704,0.045054775,jawi
c1yd0RVE.png,lontara,2,0.30256894,0.68318266,0.014248406,jawi
0ZinjJ8h.png,pegon,1,0.020903736,0.018958867,0.96013737,pegon
eFl19t80.png,lampung,4,0.22665647,0.61626655,0.15707701,jawi
T3IryATF.png,jawi,2,0.02076113,0.94524276,0.033996124,jawi
nliFDXFf.png,lampung,1,0.70082045,0.27284187,0.026337711,jawa
uAfUeweZ.png,jawa,4,0.9695291,0.0083065545,0.022164462,jawa
4I5C6He0.png,lontara,5,0.7561829,0.22352724,0.02028982,jawa
WyDE9uju.png,jawi,3,0.049339633,0.9259837,0.02467663,jawi
cRp4rTDy.png,lontara,2,0.8293413,0.12653321,0.04412551,jawa
TelalwGU.png,lontara,1,0.933109,0.054712724,0.012178291,jawa
4kCwDtpp.png,jawa,5,0.97094315,0.011583214,0.017473577,jawa
Jn5BcYtr.png,jawa,3,0.9606875,0.018458053,0.020854525,jawa
1kXUAIq7.png,bali,4,0.97840023,0.0090283705,0.012571429,jawa
b38LRCGl.png,jawi,4,0.018575832,0.9621083,0.019315809,jawi
luuPnhLk.png,jawa,5,0.98059195,0.011217255,0.008190705,jawa
FhuLCH44.png,pegon,4,0.0057327845,0.009223802,0.9850434,pegon
BstH3txE.png,bali,4,0.6156757,0.3498606,0.03446374,jawa
2dWrOTZ0.png,lontara,4,0.4535433,0.44694802,0.099508695,jawa
V6dmXQ8j.png,lampung,1,0.24230856,0.3434663,0.41422516,pegon
mo5lpfJu.png,sunda,5,0.0506131,0.9215582,0.027828647,jawi
91t7JrTl.png,lampung,4,0.18974546,0.36060145,0.44965312,pegon
EFg5wH6t.png,sunda,5,0.16664225,0.82606983,0.007287865,jawi
RchftR0f.png,jawi,1,0.020372964,0.9626381,0.016989036,jawi
3XWDQfar.png,lampung,3,0.29143953,0.69030756,0.018252915,jawi
RluiVo0S.png,jawa,1,0.97749513,0.014162793,0.008342154,jawa
mT2iYZyD.png,sunda,4,0.0725731,0.7372697,0.1901572,jawi
qSZlUe8k.png,lampung,5,0.05068737,0.10693902,0.8423736,pegon
myShL7j9.png,jawi,4,0.013732634,0.9665,0.019767374,jawi
DtpUPwCx.png,lontara,2,0.7221368,0.23895076,0.038912524,jawa
KxlNUzn7.png,jawa,1,0.97780734,0.011918432,0.010274331,jawa
xUkeAEQ7.png,sunda,1,0.09361799,0.8750928,0.03128927,jawi
GCBUFSD6.png,pegon,5,0.024001658,0.029350067,0.94664824,pegon
imyRMBu5.png,pegon,1,0.019160513,0.015216539,0.96562296,pegon
GisEHIBs.png,lampung,5,0.035187036,0.011451482,0.9533615,pegon
SLGwgWFQ.png,sunda,2,0.0979471,0.5739222,0.32813066,jawi
npFTkZEl.png,jawa,1,0.9743928,0.010984256,0.014623002,jawa
g0Ki3YeX.png,pegon,5,0.011762557,0.009934126,0.97830325,pegon
0BdtHwHo.png,lampung,5,0.817133,0.12985863,0.053008392,jawa
J6eKKjs0.png,jawa,2,0.9707493,0.016268019,0.012982667,jawa
bII0BuJs.png,jawa,5,0.9736787,0.0097148875,0.016606469,jawa
waT5eupf.png,sunda,2,0.2504927,0.7441904,0.0053169015,jawi
m6DGems1.png,jawa,4,0.9686809,0.016979216,0.014339883,jawa
1LxX81mj.png,bali,1,0.03056865,0.9509628,0.018468538,jawi
tYZZwo8Q.png,sunda,4,0.17246696,0.7953404,0.032192677,jawi
tsBTvthV.png,lontara,4,0.9143686,0.051133752,0.03449761,jawa
sylxCbu1.png,lampung,4,0.4505645,0.38416702,0.16526853,jawa
imk9b4r6.png,lontara,4,0.74416465,0.20959084,0.046244476,jawa
HNvaRLps.png,jawi,1,0.02193074,0.95463276,0.02343652,jawi
6yDphqpC.png,jawi,1,0.022426086,0.9573136,0.02026028,jawi
WjQhQf9E.png,pegon,4,0.04220865,0.05091335,0.906878,pegon
sR5RaBni.png,pegon,1,0.014149714,0.012114717,0.9737355,pegon
y3ms7SWl.png,jawa,3,0.9603423,0.02024514,0.019412605,jawa
s3gRCrqz.png,bali,5,0.108606145,0.8855765,0.005817369,jawi
Yt4OzZN9.png,sunda,4,0.0145182,0.9524112,0.033070616,jawi
Yylhe9J4.png,lampung,1,0.08173696,0.59808964,0.3201734,jawi
0yIg2TTX.png,sunda,3,0.5436335,0.43746218,0.018904286,jawa
obEVSnS1.png,jawa,1,0.97539425,0.013458874,0.011146908,jawa
AFBPhNbP.png,sunda,2,0.016017511,0.9737012,0.010281264,jawi
sDWo87at.png,jawa,4,0.974458,0.015029373,0.010512705,jawa
up3YLKIQ.png,pegon,4,0.0039747655,0.008115964,0.98790926,pegon
lJvlTvSv.png,jawi,2,0.021441165,0.9545224,0.024036426,jawi
ptje4qo0.png,lampung,2,0.0141360145,0.9337002,0.052163854,jawi
EeIu96l7.png,pegon,3,0.019719958,0.023601701,0.95667833,pegon
ssX67UJG.png,bali,5,0.1588437,0.83594704,0.0052092727,jawi
02DYtVWP.png,lontara,1,0.71260214,0.2745985,0.01279932,jawa
ml0G8LKd.png,pegon,5,0.007781037,0.8581807,0.13403825,jawi
j6zCaxtl.png,bali,3,0.29550332,0.67492914,0.029567566,jawi
3bjvCM4C.png,lontara,4,0.5651131,0.25819132,0.17669557,jawa
Ize2iuqX.png,sunda,1,0.18237996,0.7970725,0.020547567,jawi
RE7R177P.png,jawa,1,0.96566474,0.01565431,0.018680949,jawa
rF7sKHop.png,bali,1,0.5140213,0.47771886,0.00825984,jawa
WbigaXJX.png,pegon,4,0.00405812,0.004890249,0.9910517,pegon
5kkyLLXz.png,lampung,4,0.73672444,0.24188064,0.021394875,jawa
PoQOsLAf.png,lampung,2,0.8073595,0.120737955,0.07190257,jawa
2oYhMFk5.png,sunda,4,0.014064201,0.981174,0.004761796,jawi
hcJHuAFS.png,lampung,5,0.080429085,0.32932457,0.5902463,pegon
yDsXaVgR.png,jawi,4,0.01841933,0.9475032,0.03407742,jawi
FYqQ8ppo.png,pegon,1,0.013128264,0.013825646,0.9730461,pegon
TfcA21uN.png,pegon,3,0.016385747,0.020998664,0.9626155,pegon
lItSF14C.png,lampung,4,0.105042264,0.85683024,0.038127474,jawi
aYrY3N0P.png,lampung,3,0.97015834,0.025453016,0.004388651,jawa
Pjd0DFHr.png,jawi,2,0.023517199,0.94860995,0.027872873,jawi
G5iDNLkt.png,lampung,5,0.043022748,0.0766589,0.8803184,pegon
rEi5INrR.png,sunda,3,0.0042279544,0.989101,0.006671021,jawi
Z5bSFyOf.png,jawi,1,0.028635325,0.9353953,0.035969395,jawi
lyoeSEFQ.png,lontara,5,0.9292625,0.044427738,0.026309714,jawa
vCBlktfJ.png,jawi,1,0.026921295,0.9425431,0.030535629,jawi
ams0UyIa.png,pegon,1,0.017695915,0.022722004,0.9595821,pegon
tfbx6iQk.png,jawi,2,0.020052973,0.9624395,0.017507603,jawi
q7CjdSfv.png,pegon,3,0.018792666,0.025761893,0.9554454,pegon
zAap0P33.png,jawa,4,0.95414054,0.02254907,0.023310337,jawa
vlDt7fuJ.png,jawi,3,0.013439098,0.97777313,0.008787793,jawi
sccA221q.png,jawa,5,0.9792333,0.009856559,0.010910217,jawa
xFqN4S6v.png,jawi,3,0.012186077,0.97947127,0.008342708,jawi
ryofwTi8.png,bali,5,0.9668998,0.020244516,0.012855637,jawa
f7nqO3pF.png,pegon,1,0.017277034,0.023637978,0.959085,pegon
6UYoKDZ6.png,lampung,2,0.4477385,0.45356962,0.09869184,jawi
x8DFOy4x.png,lampung,1,0.06425453,0.06249085,0.87325466,pegon
cGRm8z3q.png,jawi,2,0.019055529,0.938086,0.042858504,jawi
dsIbKUKi.png,jawi,1,0.023115883,0.9452576,0.031626534,jawi
MJNAGd5O.png,jawi,1,0.015371922,0.9566159,0.028012203,jawi
ZXrsChlh.png,jawi,4,0.013917139,0.97661996,0.0094628995,jawi
eqOaC3Td.png,jawa,4,0.97382,0.01677187,0.009408167,jawa
LZZUYaqO.png,lontara,4,0.91834754,0.040507298,0.041145198,jawa
8GThUUUO.png,pegon,2,0.020771297,0.013456875,0.9657718,pegon
QZb1mAUD.png,lampung,2,0.085924074,0.017413968,0.89666194,pegon
tVHGMw7T.png,pegon,4,0.013209107,0.0144226095,0.97236824,pegon
8LkDxhjG.png,jawa,4,0.96538717,0.013242968,0.021369876,jawa
Px20xlVJ.png,jawi,1,0.028854048,0.9499325,0.021213401,jawi
0QcoNbRP.png,lampung,5,0.012945579,0.05251742,0.934537,pegon
bBenvn7g.png,lontara,1,0.9386646,0.048952233,0.012383107,jawa
8SGmO45T.png,jawi,2,0.022447798,0.96293086,0.014621332,jawi
dCxENrPF.png,jawi,1,0.038166814,0.9383423,0.02349094,jawi
NWXapYVA.png,lontara,5,0.9302163,0.04563928,0.024144338,jawa
9YpwaHYQ.png,lampung,4,0.8429618,0.07618108,0.0808571,jawa
TAwQPmKK.png,bali,3,0.14984621,0.82613885,0.02401496,jawi
5icda3eD.png,sunda,5,0.046067886,0.6029857,0.35094646,jawi
OV2CQGNU.png,jawi,4,0.01793498,0.94816303,0.033901922,jawi
KKELYNTz.png,sunda,2,0.019412365,0.9735501,0.007037562,jawi
ZIcBrC5j.png,pegon,3,0.020859553,0.021967629,0.9571728,pegon
5dUveaUc.png,sunda,1,0.17300843,0.811639,0.015352559,jawi
GRzgRLrT.png,jawi,3,0.0047406736,0.99220455,0.0030548368,jawi
llobMCyU.png,lontara,5,0.40192035,0.57180214,0.026277548,jawi
kDh0nHKJ.png,jawi,5,0.020501742,0.96494615,0.014552115,jawi
cH4v16Zz.png,pegon,2,0.017716773,0.01308907,0.9691942,pegon
RbiCvqh7.png,jawi,1,0.029607711,0.9466018,0.023790464,jawi
cz53MGD5.png,lontara,1,0.893927,0.06297842,0.043094594,jawa
OrvM6Roe.png,jawi,3,0.019131845,0.96700704,0.013861131,jawi
VeznkrRf.png,pegon,5,0.023192933,0.030249288,0.94655776,pegon
TSEYmX0S.png,jawi,2,0.018597404,0.9698326,0.011569965,jawi
WLGZ8Ywy.png,lampung,3,0.9560818,0.036372047,0.007546219,jawa
gtcC3Itf.png,sunda,2,0.67133,0.27598456,0.052685432,jawa
mD5xYMgl.png,pegon,3,0.019510146,0.037680313,0.9428095,pegon
fzjB5XJq.png,pegon,1,0.018513577,0.021665715,0.95982075,pegon
hJ1ujoI7.png,jawa,5,0.95280224,0.017743316,0.029454445,jawa
OCr0drxC.png,jawa,2,0.96884716,0.015477512,0.015675254,jawa
oGQ50NpF.png,jawa,2,0.9532432,0.019978082,0.026778637,jawa
kqcAF6E1.png,lampung,5,0.009539206,0.1908531,0.79960763,pegon
KNAz3Txi.png,lontara,3,0.88100886,0.09445821,0.02453285,jawa
aYNgcM0f.png,sunda,2,0.046654757,0.66970503,0.2836402,jawi
r7niaR1S.png,lontara,4,0.09547334,0.7033941,0.20113255,jawi
NghfO4TE.png,pegon,4,0.004718371,0.009672019,0.9856097,pegon
nm6LbwuL.png,sunda,4,0.06502221,0.83258355,0.10239424,jawi
61TvBL5y.png,jawi,3,0.011457671,0.97174084,0.016801564,jawi
5XnLUpz2.png,lampung,3,0.11696781,0.7214295,0.16160272,jawi
ATaCCYT8.png,jawi,1,0.025229262,0.9375207,0.037250035,jawi
M1xPccTs.png,jawi,4,0.00928092,0.9634676,0.027251517,jawi
ORuXtWYK.png,lampung,2,0.5045089,0.4248391,0.07065192,jawa
VQ6FFF5g.png,sunda,5,0.3787635,0.5720724,0.049164116,jawi
LozqxAEF.png,jawi,5,0.006290184,0.9879489,0.005760934,jawi
sW6k113S.png,lampung,3,0.49319392,0.17962883,0.32717726,jawa
CCGwP4tR.png,sunda,5,0.048516184,0.9412695,0.010214334,jawi
LLVcMeF8.png,jawi,3,0.018403115,0.9653404,0.016256558,jawi
JZSUGukA.png,jawi,4,0.031540688,0.9505493,0.01791002,jawi
2FVuBmWQ.png,lampung,1,0.7807678,0.15819718,0.06103513,jawa
nVkau9kL.png,pegon,5,0.025914475,0.024178546,0.949907,pegon
Imobjmho.png,lampung,1,0.10256022,0.05573381,0.8417059,pegon
73FKTrVv.png,jawa,3,0.9695198,0.010728402,0.019751832,jawa
1jidwbhg.png,jawa,5,0.9645728,0.0144473845,0.020979805,jawa
nwqDSKV3.png,jawi,2,0.016627109,0.963531,0.019841827,jawi
KGz9p91I.png,pegon,3,0.01903189,0.019013312,0.96195483,pegon
PPnGaRFq.png,jawa,2,0.9693648,0.017581996,0.013053077,jawa
jzbHXLGA.png,pegon,3,0.030145945,0.016342118,0.95351195,pegon
hZhzHCox.png,jawa,3,0.63428515,0.09026877,0.27544615,jawa
qnj21lPB.png,sunda,1,0.017487183,0.9755023,0.0070104767,jawi
bgrG5mbL.png,lontara,1,0.9088479,0.06478437,0.026367672,jawa
p4RDClb0.png,lampung,1,0.40974024,0.19554242,0.39471737,jawa
wZk58O4Z.png,jawa,4,0.9766154,0.005979816,0.017404854,jawa
BXBQcwEv.png,sunda,3,0.24794963,0.69411975,0.057930615,jawi
VsY29Wj4.png,lampung,5,0.0050712624,0.058250453,0.9366782,pegon
LgzzeUcb.png,pegon,3,0.0142588345,0.021594007,0.9641471,pegon
jggok4js.png,lampung,5,0.06574234,0.033775225,0.9004824,pegon
l1bjJOgG.png,jawi,5,0.011319737,0.97611374,0.012566569,jawi
PE2ZjPoR.png,pegon,1,0.011789898,0.7090477,0.27916247,jawi
3DHZnULK.png,jawa,3,0.97162926,0.014898194,0.013472546,jawa
vO0RLeFy.png,lampung,4,0.26315308,0.26097772,0.47586927,pegon
ToSitrhF.png,jawa,4,0.97571665,0.0054078936,0.018875405,jawa
UNuzIs0Y.png,sunda,1,0.021491297,0.9595612,0.018947491,jawi
RHRUrTNl.png,sunda,2,0.06771694,0.40146548,0.53081757,pegon
K6sLM1PX.png,jawa,5,0.9646054,0.0155306095,0.019863952,jawa
o3vW7R22.png,jawa,1,0.9684767,0.019924205,0.011599011,jawa
oYjS4eR5.png,pegon,1,0.01419623,0.013625741,0.972178,pegon
2BozHr8h.png,pegon,1,0.018980391,0.016029986,0.96498954,pegon
kaBJEVY7.png,pegon,3,0.0198483,0.02660468,0.95354694,pegon
nS70bGrD.png,lampung,1,0.15624093,0.81490505,0.028854074,jawi
mwagcXIb.png,sunda,4,0.022165887,0.97053885,0.007295272,jawi
SegfJjyr.png,sunda,1,0.02159088,0.9435173,0.034891788,jawi
zqiAz26W.png,lampung,4,0.017999656,0.06059545,0.92140484,pegon
AnowqxVH.png,pegon,2,0.025754582,0.022795025,0.9514504,pegon
gINUEZn1.png,lampung,2,0.017913274,0.01921814,0.96286863,pegon
EV3dVZQD.png,sunda,3,0.4769621,0.495478,0.027559929,jawi
bGwwt5Ng.png,sunda,2,0.009439246,0.9665976,0.023963137,jawi
WgIa0H1k.png,jawi,2,0.0059051146,0.9824767,0.0116182435,jawi
wOKSxgCq.png,jawa,5,0.97742,0.00855602,0.014024079,jawa
MiYLtRLS.png,jawi,1,0.018677332,0.9486548,0.03266789,jawi
KmnLOaEW.png,jawi,2,0.011204596,0.9747142,0.014081187,jawi
12NFsfvW.png,lampung,2,0.47227335,0.18822463,0.339502,jawa
RO8EUNAS.png,lontara,4,0.87202334,0.10635816,0.021618525,jawa
WJkCD5kR.png,pegon,5,0.020541394,0.009335905,0.97012264,pegon
QZRUqCbn.png,lampung,4,0.15681861,0.26038727,0.58279413,pegon
BDpH623z.png,jawa,4,0.97626615,0.008705967,0.01502788,jawa
KyrSfG8z.png,lampung,5,0.2822141,0.69593334,0.021852525,jawi
LZGykrzn.png,jawa,1,0.9110935,0.022389472,0.06651703,jawa
Di1LVOfS.png,jawa,1,0.97326297,0.015472323,0.011264655,jawa
W1A89xhz.png,jawa,2,0.97257364,0.015326069,0.012100261,jawa
3PlrNBxB.png,pegon,5,0.019392958,0.02123669,0.9593704,pegon
Z4LPxXBc.png,bali,4,0.8005348,0.19116771,0.008297415,jawa
TciYeQri.png,pegon,2,0.013115905,0.017597748,0.9692863,pegon
3otpsqvf.png,jawi,3,0.010595618,0.98214346,0.007260951,jawi
rxrM0VVY.png,sunda,4,0.023440035,0.9603868,0.01617314,jawi
0URMoePv.png,jawi,5,0.018901134,0.9460617,0.035037167,jawi
RT0gnzwq.png,lampung,1,0.7536646,0.016424524,0.22991084,jawa
nxAQ0sp5.png,jawi,4,0.027329547,0.96151996,0.011150497,jawi
pXFtjODK.png,lampung,2,0.395206,0.5436223,0.06117169,jawi
50O7OeXb.png,sunda,5,0.013482692,0.96573657,0.020780684,jawi
tksmmWqQ.png,jawi,2,0.009425234,0.97083473,0.019740026,jawi
gkpEJ2xi.png,lontara,4,0.52956665,0.3640988,0.10633455,jawa
Bo76h2Vj.png,bali,4,0.021961736,0.9748371,0.0032011827,jawi
Yl9avIpY.png,lampung,4,0.0670094,0.08537219,0.8476184,pegon
6TPvnknD.png,sunda,4,0.6673565,0.31339517,0.01924836,jawa
cyfjAgi1.png,jawi,3,0.0071603833,0.986679,0.0061605917,jawi
EuM4sD43.png,sunda,2,0.01078354,0.97927254,0.009943969,jawi
knE3wZNB.png,sunda,3,0.56696546,0.39541936,0.037615184,jawa
F2v1iesG.png,lampung,3,0.18885499,0.30549595,0.50564903,pegon
6kH35d5G.png,bali,2,0.3494457,0.6284536,0.02210063,jawi
K6hxCaSv.png,jawi,5,0.009239223,0.98188424,0.008876602,jawi
O251vEx5.png,lampung,1,0.022637984,0.92661977,0.050742213,jawi
YK2vpOUY.png,jawi,4,0.014991919,0.9786971,0.0063108914,jawi
0sALIxsQ.png,jawa,2,0.9833819,0.009966213,0.006651909,jawa
V1mr1dfO.png,pegon,5,0.014873731,0.9365236,0.04860268,jawi
v3cybtJ1.png,sunda,3,0.005073791,0.9898226,0.0051036077,jawi
HCaNxSv4.png,jawa,2,0.96390647,0.018055586,0.018037964,jawa
tyNkM80A.png,pegon,3,0.057051923,0.26500767,0.67794037,pegon
N7SRVeot.png,pegon,5,0.018805005,0.013852407,0.9673427,pegon
acAkBpv3.png,lampung,3,0.7947938,0.15912408,0.046082184,jawa
SuaqlWxd.png,lontara,5,0.878969,0.11414732,0.0068835905,jawa
pooHvBWA.png,pegon,3,0.02494311,0.036327466,0.9387294,pegon
LvnmV8ep.png,pegon,1,0.022933751,0.011375225,0.9656911,pegon
KmnHxbdr.png,jawi,3,0.008511423,0.98763716,0.003851414,jawi
oEgXwlaI.png,jawa,1,0.9703955,0.013246832,0.016357653,jawa
p4gwmE0j.png,lontara,2,0.7748123,0.19775328,0.027434472,jawa
wI63YtzQ.png,bali,3,0.22061938,0.7563831,0.022997465,jawi
b4Hg0Tla.png,sunda,1,0.013391895,0.9046429,0.08196523,jawi
PEjgpidH.png,lontara,1,0.92894393,0.05380765,0.017248416,jawa
f94o8PoP.png,lampung,2,0.12792265,0.65442044,0.21765688,jawi
4VFPj8IM.png,lampung,5,0.011529557,0.06176772,0.9267027,pegon
7nbQRjoy.png,pegon,3,0.026371239,0.024749305,0.9488795,pegon
WpxZutfw.png,sunda,4,0.7341716,0.20310207,0.06272636,jawa
iwsszKTY.png,sunda,3,0.019694924,0.96578294,0.014522128,jawi
b4oa4t2p.png,bali,5,0.764687,0.21701036,0.018302629,jawa
egkTnE8x.png,jawi,5,0.0044372827,0.98860234,0.0069604036,jawi
RwdjyLdO.png,pegon,5,0.019010417,0.02293094,0.9580586,pegon
BdC9YSKj.png,sunda,2,0.05859216,0.93347245,0.007935395,jawi
Kt7xAVCN.png,jawi,2,0.021560285,0.9504977,0.027941981,jawi
JeBQ57n8.png,lampung,2,0.11231431,0.04964487,0.8380409,pegon
AMRJRWTn.png,lampung,3,0.11037808,0.14665622,0.74296564,pegon
hMmeYYps.png,lampung,2,0.34102508,0.033568785,0.62540615,pegon
OMqtOTIh.png,jawi,4,0.013909649,0.97228897,0.013801404,jawi
tv5yWT6p.png,pegon,1,0.019256527,0.018773746,0.9619696,pegon
p89msgrI.png,pegon,4,0.037558116,0.05071301,0.9117288,pegon
n6t0EOG4.png,lontara,4,0.9695137,0.014692564,0.015793636,jawa
m3fP6GV3.png,lontara,2,0.87671626,0.10590431,0.01737939,jawa
oKvnXANl.png,jawa,5,0.98514485,0.008440345,0.0064148074,jawa
4XDikUff.png,lampung,5,0.041927535,0.020433847,0.9376386,pegon
YCRfYfws.png,jawi,5,0.031038666,0.94690853,0.02205274,jawi
Cgext54D.png,lontara,4,0.6129702,0.34934515,0.037684683,jawa
n8BzVmHD.png,jawa,1,0.9644627,0.013851687,0.021685619,jawa
omg1CH9r.png,lampung,1,0.20853521,0.5722806,0.21918423,jawi
riOjCDwK.png,jawi,3,0.0077132685,0.98780084,0.0044859475,jawi
xxw2buGs.png,jawi,5,0.010456229,0.9787345,0.010809237,jawi
Hm6jG5tv.png,jawi,5,0.013626502,0.97794557,0.008427901,jawi
hZbv0dby.png,lontara,5,0.8671474,0.117155254,0.015697323,jawa
c8LJa06T.png,lampung,4,0.11747727,0.26818696,0.61433583,pegon
GCruo3Oo.png,jawa,1,0.9800764,0.009267352,0.010656245,jawa
NnFFxT0c.png,lontara,3,0.8955823,0.08897826,0.015439471,jawa
rVCSJAyv.png,sunda,1,0.015285467,0.9633889,0.021325644,jawi
emXgyRJo.png,lampung,3,0.10808808,0.23140672,0.66050524,pegon
hMafMeWu.png,lampung,2,0.44594327,0.46940285,0.08465386,jawi
UGgYElDA.png,sunda,4,0.17344666,0.075064346,0.751489,pegon
3KrSzVb8.png,jawa,4,0.9757976,0.011075546,0.0131268725,jawa
6BcnwQq4.png,pegon,1,0.016938115,0.021432701,0.9616291,pegon
K1aE1C0q.png,lampung,2,0.5614425,0.35591748,0.08264,jawa
9oT8UBFI.png,sunda,3,0.117366664,0.5542129,0.32842043,jawi
Xin7c3R2.png,jawa,2,0.9648089,0.0153229525,0.019868143,jawa
Y4p4j3Ju.png,jawa,1,0.9712045,0.018660119,0.010135429,jawa
WTJmHrbc.png,jawa,2,0.95306724,0.024188016,0.02274474,jawa
c8JjnNpd.png,sunda,4,0.03540034,0.9228471,0.041752547,jawi
qvCkZIBG.png,lampung,1,0.6917701,0.24426118,0.063968726,jawa
L0Juo7fR.png,jawi,4,0.011552634,0.97692853,0.011518839,jawi
mDoccykR.png,pegon,3,0.02664241,0.05862015,0.91473746,pegon
Xldliem9.png,lampung,4,0.13959666,0.75538975,0.10501355,jawi
MzVaN9Ia.png,lampung,2,0.051356677,0.526338,0.42230538,jawi
2HZBEhpc.png,sunda,3,0.40905243,0.577702,0.013245628,jawi
7QVe1Kty.png,pegon,4,0.007676042,0.005443129,0.9868809,pegon
sc3HMDDu.png,bali,1,0.8910721,0.09824548,0.0106823975,jawa
jYZgFEKy.png,jawi,2,0.017421072,0.9689716,0.013607353,jawi
2voeAlO4.png,sunda,1,0.07304047,0.059876446,0.8670831,pegon
M8nF1X7l.png,jawi,2,0.013942859,0.9746104,0.011446705,jawi
vKAoPzbw.png,sunda,5,0.04678831,0.9351908,0.018020893,jawi
Pf3rUgkG.png,lampung,5,0.027216477,0.626746,0.34603754,jawi
5ZD3KT3z.png,jawi,2,0.015083712,0.96281904,0.022097213,jawi
zw2WTz4G.png,pegon,4,0.0038544363,0.0028953094,0.99325025,pegon
K4CdiUFZ.png,jawa,1,0.9603816,0.019451352,0.02016704,jawa
YhXpdjPd.png,lampung,3,0.8738487,0.09511948,0.031031925,jawa
BIQwocMq.png,bali,5,0.3818037,0.60982275,0.008373587,jawi
ARR8vVuc.png,jawa,4,0.9563465,0.01814285,0.025510672,jawa
tdgyJpfL.png,jawi,3,0.0034631405,0.9926508,0.0038861162,jawi
zNbRh2MA.png,sunda,5,0.23404743,0.726571,0.03938154,jawi
yxOMsW26.png,jawa,5,0.9651657,0.014287845,0.020546496,jawa
Om2FiblE.png,lampung,4,0.1731967,0.5776786,0.24912463,jawi
wUTYDkjN.png,jawi,2,0.011133875,0.97045565,0.018410513,jawi
g1bd6NUz.png,jawi,3,0.0067665903,0.9829055,0.010327901,jawi
FNbzwhdk.png,lontara,2,0.9559056,0.03869181,0.005402587,jawa
WvH6ouf8.png,pegon,1,0.029736342,0.029707316,0.9405563,pegon
Y8ItJZ86.png,lampung,2,0.00922833,0.015774753,0.97499686,pegon
9sa6jMzg.png,jawa,3,0.9683405,0.011185814,0.020473646,jawa
gmqFb9jf.png,jawa,4,0.96879,0.008044851,0.023165159,jawa
yJVnFeI4.png,pegon,1,0.031930745,0.021146195,0.9469231,pegon
42AuXpVJ.png,jawa,5,0.96501344,0.013224921,0.021761663,jawa
gHNMppku.png,sunda,3,0.029514346,0.9454616,0.025024049,jawi
PVV0GQOL.png,jawi,2,0.0092722215,0.9748625,0.015865268,jawi
4Y3ci7R7.png,sunda,1,0.16983351,0.22392426,0.6062422,pegon
Rw6orHeO.png,sunda,2,0.011982266,0.97634727,0.011670457,jawi
mCUSvUv0.png,pegon,3,0.020700298,0.031287983,0.94801176,pegon
C04yfeDH.png,jawa,1,0.9571964,0.027180104,0.01562347,jawa
E0tP5ymk.png,sunda,3,0.031208016,0.95347065,0.01532138,jawi
XOPFxom5.png,jawi,4,0.038729392,0.9424598,0.018810794,jawi
b3gp8pbY.png,jawi,3,0.013608179,0.9699772,0.016414598,jawi
92weGsyW.png,bali,1,0.89441323,0.09982502,0.0057617775,jawa
OI3z5acC.png,lontara,3,0.90186614,0.05942646,0.038707312,jawa
pZr2kTaU.png,pegon,5,0.017806213,0.020394998,0.9617988,pegon
ac4ubKtd.png,pegon,1,0.01528088,0.019736344,0.9649828,pegon
ixXTNYr2.png,bali,3,0.6296445,0.35841048,0.011944986,jawa
WLYj3ujK.png,jawa,3,0.96593493,0.016442252,0.017622743,jawa
9mgwjKFd.png,lontara,1,0.91915286,0.04861827,0.032228995,jawa
vv7gFAoQ.png,sunda,2,0.030471649,0.9680587,0.0014697001,jawi
yD1v8sp8.png,jawa,5,0.9744741,0.012171358,0.013354573,jawa
sLSwFakS.png,pegon,3,0.019170703,0.025948603,0.9548807,pegon
oHlXEVPJ.png,sunda,1,0.007998542,0.98221093,0.009790452,jawi
4vJsCqRw.png,lontara,1,0.825445,0.1642551,0.010299894,jawa
sLrVByPi.png,jawa,1,0.9641041,0.019911878,0.015984027,jawa
9AsvKW1J.png,pegon,4,0.004051515,0.0055431747,0.99040526,pegon
WqL2Jng0.png,sunda,5,0.053017486,0.91798794,0.0289945,jawi
8C0KEdgX.png,pegon,4,0.06637281,0.056771677,0.87685555,pegon
7XIHQbwu.png,jawi,5,0.013739986,0.968908,0.017352017,jawi
vlNDLRTQ.png,jawi,2,0.020617276,0.9628324,0.016550276,jawi
0H3Zkne1.png,pegon,3,0.023868611,0.026420143,0.9497112,pegon
80XGkQGB.png,bali,3,0.97728527,0.016313698,0.0064010257,jawa
3MoOCRjE.png,sunda,1,0.091573335,0.891819,0.01660767,jawi
xFpRi7LS.png,sunda,3,0.055369157,0.91346526,0.03116562,jawi
kpc37MAc.png,lontara,2,0.45131966,0.5354322,0.013248119,jawi
QfpGMR0P.png,sunda,5,0.049266513,0.9414676,0.009265948,jawi
C0YoDOxo.png,jawi,2,0.0101445895,0.9806637,0.009191763,jawi
X0FZeG9H.png,pegon,5,0.02006768,0.01772697,0.96220535,pegon
EP0uFkst.png,jawi,5,0.0359103,0.93249166,0.031598024,jawi
dkzw6cAB.png,lampung,5,0.072319485,0.34535408,0.5823264,pegon
LZQLj3qG.png,jawi,1,0.025024012,0.95194536,0.023030696,jawi
BeAHK7YT.png,sunda,5,0.02764596,0.96272963,0.0096244225,jawi
0BQwFBLH.png,lontara,4,0.94847524,0.035906915,0.015617785,jawa
YBbC1TXz.png,jawi,5,0.022825347,0.9672468,0.00992793,jawi
ytFPS2il.png,jawa,4,0.96324974,0.005967502,0.030782716,jawa
cYcN1Iov.png,pegon,2,0.023997447,0.018363578,0.957639,pegon
XO3XgU7R.png,jawa,3,0.9689187,0.017815823,0.013265478,jawa
U5yY61mX.png,pegon,4,0.007275301,0.013433699,0.979291,pegon
28451IvI.png,sunda,1,0.29781577,0.6755768,0.026607465,jawi
6ASb1ye7.png,jawa,1,0.9689974,0.015940135,0.015062369,jawa
8o7oyjiN.png,pegon,5,0.016335145,0.01649545,0.96716934,pegon
caVz0LiI.png,lampung,1,0.7168394,0.23394847,0.04921217,jawa
qCCmFzrf.png,lampung,2,0.038014237,0.042782314,0.9192035,pegon
r671hwMN.png,jawa,1,0.9731243,0.016086377,0.010789341,jawa
7mWJxfCJ.png,pegon,5,0.024514053,0.026402675,0.94908327,pegon
cnfkBXfc.png,pegon,2,0.019546647,0.017249856,0.96320355,pegon
kGptILqg.png,jawa,3,0.9584284,0.017080732,0.024490925,jawa
mjHqbyRT.png,jawa,3,0.98607814,0.011335227,0.0025866826,jawa
DvfbZVsk.png,lampung,5,0.10936517,0.21543755,0.6751973,pegon
tGmZuDbO.png,lampung,2,0.16218917,0.7331192,0.10469164,jawi
NC2gVhrY.png,lontara,2,0.92803216,0.04391628,0.028051523,jawa
20MoMhPH.png,sunda,5,0.2172364,0.76501644,0.017747158,jawi
Oe0T721d.png,pegon,3,0.020141844,0.017862119,0.961996,pegon
LKpVG42X.png,pegon,4,0.0025860448,0.0077205035,0.98969346,pegon
NbIpfsLj.png,lampung,5,0.16137727,0.04884024,0.7897825,pegon
C46zcu85.png,jawa,4,0.9691282,0.009271849,0.02159984,jawa
NOAcP1RY.png,lampung,4,0.35235733,0.47040135,0.1772413,jawi
vbZk0od1.png,sunda,1,0.18206957,0.79980606,0.018124415,jawi
gHn3XLbR.png,pegon,5,0.017790675,0.026863914,0.9553454,pegon
BB9jaiNE.png,bali,5,0.018894432,0.9776545,0.0034510274,jawi
DNDkwc53.png,pegon,4,0.0105833355,0.031136546,0.95828,pegon
Lf2WR5Pp.png,lampung,2,0.012716552,0.7821489,0.20513457,jawi
M8CrDzFh.png,lontara,4,0.30244622,0.2482697,0.44928408,pegon
317pHUN1.png,jawi,1,0.025118522,0.9425656,0.03231588,jawi
w3r8sBgG.png,jawi,2,0.020016098,0.9531936,0.026790323,jawi
moZy4FT2.png,jawi,4,0.009090338,0.82309484,0.16781487,jawi
HWc74HVc.png,jawi,4,0.01941778,0.96435803,0.016224163,jawi
aQrd59Lz.png,sunda,4,0.14931986,0.84595466,0.004725464,jawi
61eK5Vum.png,jawa,3,0.9453331,0.026452892,0.028214008,jawa
KF3VK4Ix.png,lampung,2,0.5189204,0.21758942,0.26349017,jawa
zskvPSAE.png,sunda,2,0.01335995,0.80661577,0.18002427,jawi
7AXWXSNB.png,jawa,3,0.9756975,0.007150176,0.01715238,jawa
qzj5le1z.png,lampung,3,0.93866783,0.03675328,0.024578782,jawa
4ss1XeOP.png,jawi,2,0.008974063,0.97727513,0.013750791,jawi
TN4NfqlW.png,bali,5,0.9745555,0.018344415,0.0071000825,jawa
sxdH73iI.png,bali,2,0.3399908,0.63829553,0.021713668,jawi
MLcaFo1y.png,jawi,2,0.010177282,0.9809459,0.008876783,jawi
DLQHa4mD.png,lampung,2,0.48393065,0.50517774,0.010891649,jawi
rT0HTsz2.png,jawi,5,0.019589575,0.95967925,0.020731166,jawi
sf5iE8mF.png,pegon,4,0.009293022,0.01174748,0.9789595,pegon
3Ny1thoa.png,jawa,3,0.9647213,0.012876875,0.02240186,jawa
k2Ji621r.png,bali,5,0.8111402,0.11392612,0.07493379,jawa
TS3L4tju.png,pegon,5,0.01073748,0.01322023,0.9760424,pegon
t2ytmSoi.png,jawa,5,0.97915,0.009627413,0.01122266,jawa
Rte1JQRv.png,jawi,2,0.017629683,0.9682045,0.014165848,jawi
cZENS7JS.png,jawa,2,0.96066844,0.024500266,0.0148311695,jawa
W0C7TbrZ.png,pegon,2,0.0243897,0.016002968,0.9596073,pegon
Y7LMeGDr.png,jawa,4,0.93118685,0.01378484,0.055028252,jawa
uOcM5HZ4.png,sunda,1,0.020721197,0.97432333,0.0049554757,jawi
jStvWTlh.png,jawa,3,0.9738211,0.010818176,0.01536072,jawa
BKOqhUlL.png,sunda,2,0.02456012,0.9700945,0.0053453213,jawi
ayADa7k6.png,lampung,5,0.006668157,0.017127799,0.97620404,pegon
BFq3TvyS.png,jawa,3,0.972524,0.01385877,0.013617287,jawa
tFuatttL.png,bali,3,0.15284468,0.82345116,0.023704208,jawi
b5xt7pZq.png,pegon,4,0.0025675462,0.014818558,0.98261386,pegon
ElQ8eGwf.png,lontara,4,0.9483012,0.026303742,0.025395067,jawa
wlfbV0oP.png,jawi,4,0.007509046,0.98734015,0.0051508164,jawi
iaqDOZf4.png,jawa,2,0.9611336,0.0271855,0.011680926,jawa
dHPVnl9Q.png,sunda,1,0.014179918,0.9729594,0.012860628,jawi
bnbQJAN9.png,jawa,1,0.9684965,0.0201398,0.011363794,jawa
mbOXkyQA.png,lampung,3,0.20203348,0.40357342,0.39439315,jawi
lls24cVW.png,pegon,3,0.018668195,0.014439758,0.9668921,pegon
wMqZWOJU.png,pegon,2,0.022007074,0.015348418,0.9626446,pegon
NObz6T5q.png,pegon,2,0.01984696,0.011182168,0.96897084,pegon
relGPqgF.png,sunda,1,0.07180882,0.91433483,0.013856351,jawi
u671mLSh.png,lampung,4,0.096350856,0.7781066,0.12554255,jawi
ZE7smt2Y.png,lampung,3,0.93977267,0.057305507,0.0029218018,jawa
8rbdmCMM.png,jawa,5,0.93340254,0.05007609,0.016521405,jawa
J26dna6p.png,jawa,3,0.98250073,0.008873505,0.00862573,jawa
wmXVo7BX.png,pegon,5,0.02613972,0.01849967,0.95536053,pegon
NmTdsc8i.png,pegon,1,0.025286466,0.024918757,0.9497947,pegon
CQgcZsMs.png,jawi,2,0.0156219555,0.9683857,0.01599242,jawi
QSx9Tefb.png,sunda,3,0.09504568,0.5544793,0.35047498,jawi
GcD27gkW.png,jawi,1,0.01924624,0.9549056,0.025848111,jawi
QoexlvWW.png,lampung,2,0.33086434,0.10892118,0.5602145,pegon
5vXVgSn9.png,sunda,4,0.022535965,0.8871056,0.09035843,jawi
8tgIt6fh.png,lontara,5,0.86623067,0.11993109,0.013838194,jawa
qdF48zrQ.png,pegon,4,0.007254963,0.018097037,0.974648,pegon
rscXnlOp.png,sunda,5,0.42043242,0.55888945,0.020678135,jawi
gkQ3Trdr.png,sunda,1,0.024569832,0.95776767,0.017662454,jawi
oXtKmBof.png,lampung,4,0.8344754,0.12086502,0.04465958,jawa
hIcRsrmL.png,pegon,4,0.0019517508,0.01620672,0.98184156,pegon
umjXSNPC.png,lontara,2,0.8743691,0.098653905,0.026977062,jawa
Mq3oZQ6U.png,pegon,1,0.01618847,0.034641124,0.9491705,pegon
ulAMRwPr.png,pegon,1,0.021219552,0.018310271,0.96047026,pegon
VDnMSqBZ.png,lampung,2,0.47058305,0.4367083,0.09270856,jawa
QHkFiCcp.png,bali,2,0.12655029,0.85787475,0.01557503,jawi
X2JsrHDz.png,pegon,3,0.040439606,0.0062258868,0.95333457,pegon
56TjVnjr.png,jawa,1,0.97242844,0.018304376,0.009267152,jawa
2HwZGmvX.png,lampung,2,0.1420134,0.7372258,0.12076084,jawi
Yjxt8cGT.png,pegon,1,0.014083241,0.01959087,0.9663258,pegon
uHp6UQZq.png,pegon,3,0.023717655,0.008309435,0.9679729,pegon
FWiGV8bG.png,jawa,4,0.9373844,0.008820494,0.053795148,jawa
9rKePQ8h.png,bali,5,0.4661899,0.5208348,0.012975333,jawi
8DwrOn2H.png,pegon,1,0.018119134,0.020233104,0.96164775,pegon
C4MIcKJr.png,jawa,5,0.9608883,0.016776962,0.022334654,jawa
wasmBixT.png,sunda,1,0.028058726,0.932814,0.03912725,jawi
m3RD1Uea.png,sunda,5,0.045795336,0.931121,0.023083627,jawi
iMG0s3Gg.png,pegon,5,0.025068795,0.034231536,0.94069964,pegon
GOFicFO7.png,jawi,4,0.027790854,0.92390865,0.04830047,jawi
dMM5L69S.png,pegon,4,0.010266444,0.016486032,0.9732476,pegon
dfTVX6bO.png,lampung,4,0.2182035,0.633864,0.14793253,jawi
Hk8sR697.png,lampung,2,0.062699616,0.41691676,0.52038366,pegon
Sfg7FrRP.png,lampung,5,0.77402115,0.041586313,0.18439257,jawa
fexeyBt5.png,sunda,4,0.013767662,0.9794302,0.006802188,jawi
xfPQ71PS.png,pegon,5,0.018072082,0.014310162,0.96761775,pegon
IYJUQs5I.png,pegon,3,0.025561044,0.117158815,0.85728014,pegon
rHNoxAtO.png,lampung,1,0.039317735,0.049945552,0.9107367,pegon
pyUvFoul.png,jawi,4,0.009186938,0.9518503,0.038962785,jawi
32WgqzZ5.png,jawa,2,0.97656745,0.014080432,0.009352151,jawa
NXbP65Xh.png,bali,4,0.727498,0.2516008,0.0209012,jawa
CCg50rHr.png,pegon,5,0.02065061,0.024332363,0.95501703,pegon
oorrLnPw.png,lontara,1,0.9257811,0.059313387,0.014905519,jawa
kCBpYVbg.png,lampung,5,0.060767654,0.06609162,0.87314075,pegon
nhNqqDnA.png,jawi,1,0.022737667,0.9509119,0.026350413,jawi
iGXHsCtM.png,jawi,1,0.03627757,0.93287385,0.030848566,jawi
O1fJtSwf.png,jawa,5,0.5830782,0.07515053,0.34177122,jawa
8dFryIBy.png,lontara,2,0.9360309,0.03622304,0.027746059,jawa
7u6frnW0.png,pegon,1,0.009490929,0.01481513,0.975694,pegon
Qc8uSini.png,pegon,3,0.02038452,0.02018642,0.95942897,pegon
TckZhNUh.png,pegon,1,0.017122775,0.01549938,0.96737784,pegon
7gA3aiKb.png,sunda,1,0.02874156,0.9527197,0.01853883,jawi
fjMJK3ym.png,jawi,3,0.015432468,0.9726539,0.011913648,jawi
Fm4IAN3u.png,jawi,4,0.02667188,0.949443,0.023885183,jawi
2Q3IL49u.png,jawi,5,0.017061148,0.96956044,0.013378377,jawi
zWHu9JmI.png,jawa,1,0.6215163,0.031034263,0.34744945,jawa
w2y8Anbn.png,jawi,1,0.022457313,0.9549092,0.022633446,jawi
kYFwV4Nv.png,jawa,3,0.97260183,0.010350201,0.017047942,jawa
lkSQmQpI.png,lontara,4,0.7885562,0.19537877,0.016065096,jawa
F7qxJI2B.png,pegon,1,0.010205942,0.019443275,0.9703507,pegon
784j5cjr.png,jawi,4,0.008485019,0.97691137,0.014603642,jawi
KnW4o205.png,lontara,3,0.47369486,0.48256618,0.043738954,jawi
OliUi0LA.png,lontara,4,0.7781393,0.19351694,0.028343724,jawa
wDH5SGF7.png,pegon,2,0.023978343,0.027518166,0.94850343,pegon
xBv4KOmp.png,bali,4,0.7691985,0.20038816,0.030413313,jawa
w4ppIZx9.png,jawa,1,0.93157464,0.018739363,0.04968604,jawa
eznzZQLq.png,jawi,3,0.006903069,0.9862207,0.0068761567,jawi
HFUcjEnZ.png,sunda,5,0.45158705,0.4788378,0.0695751,jawi
yhyEr1RP.png,lampung,1,0.37114277,0.57991165,0.04894552,jawi
n1ZnQWMO.png,pegon,5,0.017966185,0.02102512,0.9610088,pegon
crFVBO2G.png,lontara,1,0.90126985,0.081192456,0.017537678,jawa
ZDdr885Q.png,sunda,4,0.46834967,0.49661195,0.035038296,jawi
cj8TpDsB.png,sunda,2,0.1151591,0.8432652,0.0415757,jawi
iFdTtUZO.png,lampung,4,0.3734971,0.58387536,0.04262752,jawi
GvmnY2VG.png,jawa,2,0.9656452,0.016942542,0.017412206,jawa
9x7GjAkG.png,lontara,3,0.83545595,0.14977072,0.014773299,jawa
HpgH48Jw.png,sunda,4,0.07856029,0.9122306,0.009209078,jawi
d6hqWZCE.png,lontara,4,0.6353376,0.08598359,0.27867877,jawa
ZbgO4G2N.png,jawa,5,0.9582983,0.018358286,0.023343425,jawa
ySCdStWj.png,jawi,5,0.029504677,0.95256484,0.017930478,jawi
a2tWAotu.png,jawi,3,0.01090209,0.98137474,0.0077231927,jawi
LpvjJyLN.png,pegon,4,0.0667322,0.06871616,0.86455166,pegon
mlDd7KyK.png,lontara,3,0.9103982,0.07485785,0.014743984,jawa
Yz5n0eUO.png,bali,1,0.7043508,0.28977162,0.005877572,jawa
s2AHtMKY.png,jawi,3,0.0022949437,0.99134994,0.0063551334,jawi
l3OOvh8D.png,jawi,3,0.0041215234,0.98706764,0.008810891,jawi
vBAVAQ3Y.png,pegon,3,0.21394227,0.7581441,0.027913647,jawi
siKCq7qd.png,lampung,1,0.04040365,0.51382816,0.4457682,jawi
QOb1UzES.png,jawi,1,0.019404449,0.9543306,0.026264986,jawi
WjMQPiQi.png,jawi,5,0.012635343,0.9776294,0.009735273,jawi
zXzVlu8P.png,jawi,5,0.016744653,0.96655965,0.016695667,jawi
PnNXAUVO.png,lampung,3,0.33998793,0.6354914,0.024520652,jawi
83GACi6i.png,lontara,4,0.90276504,0.042058267,0.05517668,jawa
FdeUt4TM.png,sunda,3,0.05189262,0.9437029,0.004404487,jawi
K2Vz5KrQ.png,sunda,2,0.5815746,0.38816965,0.0302557,jawa
LUp6efKA.png,pegon,2,0.024880867,0.01886378,0.9562553,pegon
SDDP3Cyu.png,lampung,5,0.7105004,0.17724657,0.11225294,jawa
QgJlFUvJ.png,pegon,4,0.0041669724,0.0066134394,0.9892196,pegon
8eFU9TTt.png,lampung,1,0.16879272,0.52093464,0.31027263,jawi
hjQtC0A0.png,pegon,5,0.008540638,0.012934197,0.9785252,pegon
8aYwDbSZ.png,sunda,1,0.23609135,0.75360113,0.010307494,jawi
5JvmYh2g.png,jawi,3,0.021602409,0.9504965,0.027901048,jawi
k5fyQUD7.png,jawa,5,0.96899533,0.012185945,0.018818745,jawa
4ozuY5uu.png,bali,4,0.6391925,0.34431377,0.016493712,jawa
Un4dHFMd.png,jawa,4,0.97793007,0.011002621,0.011067279,jawa
n86MhOTz.png,sunda,2,0.008929974,0.987788,0.0032819472,jawi
Z1Vi06I6.png,jawi,5,0.027180972,0.9396298,0.03318919,jawi
AvdYMFzi.png,jawi,2,0.016140675,0.97260225,0.011257008,jawi
sobv0K9w.png,pegon,2,0.028099447,0.014177666,0.9577229,pegon
agf2gPrx.png,pegon,4,0.0032667308,0.009676762,0.9870565,pegon
3KzFDfCr.png,jawa,3,0.9602254,0.033883557,0.0058909543,jawa
v6YdGnIc.png,lampung,3,0.9798186,0.015275261,0.0049061645,jawa
l6nrGYt7.png,sunda,3,0.03007788,0.945801,0.024121096,jawi
QfST9lXl.png,jawi,2,0.009051237,0.97800875,0.012940001,jawi
SjrvMohO.png,jawa,2,0.97713166,0.012530631,0.010337656,jawa
0OHll8pC.png,sunda,5,0.2022583,0.78562474,0.012116938,jawi
3Zc5SgJK.png,sunda,1,0.06739172,0.9154437,0.017164553,jawi
lq7Vlf8k.png,jawa,3,0.9578721,0.021516409,0.020611458,jawa
4Mqh7sTK.png,jawa,2,0.96246797,0.015226181,0.022305926,jawa
4mql8x2r.png,sunda,2,0.63183206,0.35098132,0.017186625,jawa
d81kXIKi.png,sunda,2,0.5138141,0.47845992,0.0077260365,jawa
wZCLEtlY.png,jawi,2,0.015968803,0.95943075,0.02460048,jawi
MrW3Cv8t.png,bali,2,0.23355381,0.7487848,0.017661398,jawi
m2M3qymP.png,jawa,5,0.97765255,0.012809581,0.009537882,jawa
O02qHFJp.png,jawa,1,0.9729092,0.013294123,0.013796727,jawa
img8fMCz.png,jawi,2,0.0134380255,0.9710344,0.015527609,jawi
nKhcxWbc.png,pegon,4,0.0021887072,0.028039213,0.9697721,pegon
knc0fzmS.png,lampung,4,0.22490282,0.12519254,0.6499046,pegon
3rsKyJtH.png,lampung,5,0.032110903,0.023956195,0.9439329,pegon
1dBCTMe7.png,jawa,5,0.97946244,0.008540473,0.011997042,jawa
JcfFyYyJ.png,lampung,2,0.78928214,0.1847448,0.025973098,jawa
Ft7AWWYE.png,pegon,2,0.019395834,0.01262111,0.96798307,pegon
HZfSNxPT.png,sunda,5,0.27151537,0.69715786,0.031326767,jawi
UH8nZWdp.png,pegon,3,0.018926803,0.020685773,0.96038747,pegon
j5XPGZaQ.png,jawi,5,0.02509366,0.9611428,0.013763624,jawi
nK3FBC1w.png,lontara,4,0.83846086,0.14592515,0.0156140225,jawa
Vf0FM8gx.png,jawi,2,0.01153738,0.97373486,0.014727741,jawi
GlTXu7cA.png,jawi,5,0.020295382,0.96555007,0.014154629,jawi
qKXx9xKp.png,pegon,4,0.0075768954,0.008729475,0.98369366,pegon
2jb1cIa7.png,bali,1,0.18170051,0.8081854,0.010114117,jawi
36loPqHi.png,jawa,4,0.97604907,0.0070418594,0.016909048,jawa
BoG1KCaJ.png,pegon,1,0.02122744,0.01794526,0.96082735,pegon
DVj9IaKO.png,sunda,5,0.083347194,0.90144265,0.015210183,jawi
4TltEvq8.png,jawa,3,0.96441543,0.019996267,0.015588324,jawa
BDqWdmI5.png,jawi,1,0.028186511,0.9398116,0.032001942,jawi
dHz1blrq.png,sunda,3,0.0893858,0.41473088,0.49588338,pegon
vCFMS4jc.png,jawa,5,0.9661588,0.011526137,0.02231506,jawa
OB3iRUNP.png,jawi,1,0.018755859,0.9582415,0.02300261,jawi
DHV6bnhV.png,pegon,4,0.004105874,0.0067959367,0.9890982,pegon
ONFMyfa6.png,pegon,2,0.015242868,0.0117787765,0.9729783,pegon
YYPX7AVR.png,lampung,2,0.9718435,0.024568383,0.003588134,jawa
8nz8RLRM.png,jawi,3,0.020625237,0.9698112,0.009563567,jawi
wsGNlTEQ.png,jawi,1,0.006555645,0.9467005,0.04674382,jawi
SujUTC7Q.png,sunda,3,0.010606979,0.98032033,0.009072631,jawi
SrGQvlZs.png,lontara,4,0.5644257,0.40892968,0.026644591,jawa
yPtUMCsZ.png,bali,5,0.96489733,0.027412158,0.007690536,jawa
SJiOWAeY.png,lontara,5,0.956586,0.024635563,0.018778387,jawa
qHg5OPKd.png,sunda,3,0.017340932,0.9711301,0.011529013,jawi
ZMeNL381.png,lampung,2,0.1637993,0.44384173,0.39235893,jawi
I3DVYX67.png,jawa,3,0.96530646,0.01738911,0.01730441,jawa
FFQQz1vB.png,sunda,2,0.2647837,0.7289525,0.00626371,jawi
5XPg06x8.png,jawi,2,0.0145687545,0.9520015,0.033429727,jawi
hvuEmRkR.png,sunda,5,0.06490112,0.9131571,0.021941774,jawi
B82aWLEd.png,lampung,2,0.0092216255,0.009806788,0.98097163,pegon
pueHxAjt.png,sunda,3,0.003416779,0.9889731,0.007610125,jawi
E676oAV2.png,sunda,4,0.030761499,0.9625858,0.00665264,jawi
wdrfsK9D.png,sunda,2,0.017361056,0.97606224,0.006576656,jawi
hOg4HWo9.png,bali,3,0.9725267,0.019553598,0.007919679,jawa
DayeYAQn.png,jawa,2,0.974046,0.01645129,0.009502698,jawa
0Mqyoa0J.png,jawa,2,0.9113133,0.03724885,0.051437892,jawa
G55wHgVk.png,jawi,3,0.0140402205,0.9680895,0.017870246,jawi
1xrOjcUj.png,lampung,1,0.55386513,0.061358023,0.3847768,jawa
3G2FsNXW.png,sunda,4,0.06604766,0.9073187,0.026633598,jawi
6YJTysvv.png,jawi,5,0.016501812,0.96848774,0.015010405,jawi
nubogkVa.png,lontara,5,0.8602103,0.051007953,0.08878172,jawa
SsbS18ul.png,pegon,5,0.01995966,0.021143455,0.9588969,pegon
YmLUVboM.png,jawa,5,0.9748917,0.013178879,0.011929402,jawa
HHln0Sjx.png,jawi,5,0.014716513,0.9691993,0.016084202,jawi
phTxXfMu.png,pegon,3,0.018614227,0.016346984,0.96503884,pegon
3boOyZCX.png,pegon,4,0.010452726,0.0053911214,0.9841562,pegon
kI0m4DGb.png,pegon,3,0.025834931,0.02067802,0.9534871,pegon
Nv9vaElA.png,bali,5,0.9721834,0.018587945,0.009228698,jawa
NAETW72M.png,sunda,1,0.09515953,0.8955492,0.009291293,jawi
Nwgn7Wrx.png,jawi,1,0.017428555,0.9627837,0.019787753,jawi
Qpp3eLf2.png,sunda,4,0.6329259,0.35244837,0.014625628,jawa
hASwmHYn.png,sunda,4,0.6327739,0.3600159,0.007210251,jawa
RP2inEjd.png,bali,3,0.16060953,0.80319315,0.03619735,jawi
k7TdTaMt.png,jawa,4,0.8954327,0.029322695,0.075244635,jawa
ZsFYRKpw.png,jawa,3,0.9661106,0.01338295,0.020506443,jawa
GyjXydFw.png,bali,2,0.8553014,0.13057363,0.014124888,jawa
9PxgUxmc.png,jawi,3,0.0062532295,0.9888815,0.004865266,jawi
Egu4zbrX.png,jawi,4,0.013031168,0.98010194,0.006866943,jawi
hNuAw1DH.png,jawa,1,0.9890838,0.0070665535,0.0038495297,jawa
ZmqrOrNr.png,pegon,3,0.022088097,0.025773216,0.9521387,pegon
eZTNQmBF.png,bali,5,0.10918206,0.88275135,0.008066592,jawi
7nLMmWWd.png,jawi,4,0.01857819,0.94916445,0.032257356,jawi
sTHnJw8U.png,jawi,5,0.019750599,0.9637955,0.016453968,jawi
vuXlf6gO.png,sunda,4,0.043210678,0.8461503,0.11063906,jawi
Yg45eqOE.png,jawi,2,0.017889958,0.9663222,0.015787832,jawi
ICJvaORz.png,jawi,5,0.012161759,0.97751665,0.010321551,jawi
0mpqYu2h.png,pegon,3,0.02949012,0.026746377,0.9437635,pegon
Uam1Sq5X.png,pegon,3,0.021632655,0.020946622,0.9574208,pegon
h6shgogS.png,sunda,5,0.6747727,0.31288046,0.012346828,jawa
8RIVRVHB.png,lampung,4,0.020216392,0.064719856,0.91506386,pegon
I3XTeCOm.png,pegon,3,0.020973276,0.020387638,0.9586391,pegon
kdtuMKPy.png,bali,5,0.47339374,0.5219562,0.004650062,jawi
8w719Fuc.png,pegon,1,0.013369786,0.0053129424,0.9813172,pegon
0ACAlV8j.png,bali,3,0.119701795,0.86041576,0.019882454,jawi
JD2j0DKR.png,jawa,5,0.97809416,0.008130049,0.013775761,jawa
QBMs0ScI.png,lontara,4,0.89812356,0.06302739,0.038849015,jawa
ogAU3Qgv.png,sunda,3,0.011698428,0.9758243,0.012477256,jawi
Wja7t8qL.png,sunda,4,0.42236555,0.5251294,0.052505095,jawi
Dv9EQxtb.png,sunda,3,0.0130579965,0.9840397,0.0029022736,jawi
IiMMT8s8.png,lampung,2,0.5377551,0.4371918,0.025053084,jawa
4xefokN3.png,pegon,2,0.018545717,0.014317031,0.9671372,pegon
FF8sOiva.png,lampung,4,0.042696968,0.92096025,0.03634276,jawi
cxXohjYi.png,lampung,4,0.5509328,0.02499909,0.4240681,jawa
ZItUwMcz.png,sunda,3,0.048468117,0.8950878,0.056444056,jawi
RvjfTC9l.png,bali,1,0.44809312,0.53971225,0.0121946465,jawi
sc2LvWid.png,jawa,4,0.9681161,0.0133193685,0.018564487,jawa
5oiNQzmB.png,lontara,4,0.8699448,0.069687136,0.060368113,jawa
Aja7QzOB.png,jawa,5,0.97673357,0.011042949,0.01222343,jawa
r9GP4bHW.png,jawi,5,0.015872553,0.97435814,0.0097692525,jawi
1wsMssoL.png,lampung,5,0.109516375,0.64737743,0.2431062,jawi
ijH84Cp6.png,pegon,1,0.015751634,0.028578287,0.9556702,pegon
mcQMKYkK.png,sunda,5,0.42139387,0.5549947,0.023611454,jawi
3VXesh3T.png,jawi,2,0.014381002,0.9752608,0.010358248,jawi
uQLRpKXK.png,pegon,2,0.01999596,0.015603315,0.9644007,pegon
nIXyys5O.png,jawa,3,0.9641591,0.01960429,0.016236665,jawa
9SU8z2Sp.png,lontara,1,0.90473884,0.07421111,0.021050075,jawa
xUeMDW7a.png,pegon,4,0.003335921,0.010125939,0.98653805,pegon
cnMgWoWA.png,jawi,3,0.018909557,0.96703804,0.01405239,jawi
pHAAQca6.png,pegon,5,0.012083503,0.013840282,0.9740762,pegon
xZRdzdNE.png,jawa,4,0.9654508,0.00953918,0.025009979,jawa
32ljDCfS.png,pegon,5,0.02023059,0.018241152,0.96152824,pegon
aRuiHfXN.png,lontara,3,0.8983856,0.086005226,0.01560927,jawa
crALoLq9.png,sunda,3,0.014588407,0.98258626,0.0028253314,jawi
7IkuKP38.png,lampung,1,0.22287689,0.6910494,0.08607367,jawi
PO7ahJNl.png,lontara,4,0.90134424,0.030993268,0.067662485,jawa
51zsiXdc.png,pegon,3,0.022902511,0.021160683,0.9559368,pegon
IV7avkWF.png,lontara,1,0.8477007,0.13502926,0.017270036,jawa
MF7ca6o2.png,lontara,5,0.49899435,0.45212644,0.048879232,jawa
fdtNesDb.png,sunda,3,0.023082172,0.77793163,0.19898617,jawi
kL1yiCXg.png,pegon,5,0.017780738,0.015208671,0.9670106,pegon
G7TQAlfi.png,pegon,2,0.020233857,0.019959103,0.95980704,pegon
6cAiELGU.png,pegon,5,0.021261737,0.028499248,0.95023906,pegon
KdywFddA.png,pegon,1,0.022520272,0.019893488,0.9575863,pegon
76uSfL98.png,lontara,1,0.950677,0.023362206,0.025960818,jawa
wsfr60G5.png,pegon,4,0.053698428,0.069865175,0.8764364,pegon
g4Pv8f24.png,jawi,2,0.029649466,0.95257676,0.017773798,jawi
ecGsJaBX.png,lampung,3,0.9662696,0.0235376,0.010192836,jawa
t78VlHzz.png,jawa,1,0.9823517,0.007663232,0.009984983,jawa
BsJtjRay.png,pegon,3,0.01998083,0.021042226,0.958977,pegon
Gt1Y9LUn.png,jawa,3,0.6643892,0.04100573,0.29460508,jawa
3nvzHYWb.png,jawa,2,0.95842534,0.020482862,0.021091823,jawa
UOBuwb1F.png,lampung,3,0.977214,0.02031116,0.0024748752,jawa
AAHD3elo.png,jawa,5,0.95040584,0.017120687,0.032473497,jawa
GN9EVkMm.png,bali,1,0.8473984,0.14630614,0.006295451,jawa
VkIpoUpn.png,jawa,1,0.9664551,0.019650975,0.013893864,jawa
ytw8F8ej.png,lampung,5,0.030312132,0.08123839,0.88844943,pegon
YRGBTkWW.png,jawi,2,0.013073947,0.9718633,0.015062722,jawi
71kFaMc8.png,jawi,4,0.010392953,0.9794845,0.010122501,jawi
2cYD7bZ1.png,lampung,4,0.19781014,0.68723,0.11495986,jawi
J3z64LUL.png,pegon,5,0.025015585,0.019634958,0.95534945,pegon
1PnElars.png,lontara,4,0.93620986,0.04633883,0.017451365,jawa
sG7nx9ug.png,jawi,1,0.02135155,0.95986086,0.018787554,jawi
ZuK9AqqP.png,jawa,4,0.9763699,0.0053589256,0.018271197,jawa
bhLje3Zw.png,pegon,2,0.016460707,0.010837446,0.97270185,pegon
HZoHXGoI.png,jawa,1,0.9609046,0.022976609,0.01611877,jawa
BvN0kAmG.png,jawi,1,0.027457254,0.9362919,0.036250837,jawi
3OkdhLcs.png,jawi,5,0.025843749,0.95848125,0.015675027,jawi
AWIR6dAb.png,lampung,3,0.7372003,0.22659504,0.036204655,jawa
CMfOkE7N.png,bali,1,0.96201587,0.027706517,0.010277617,jawa
LEX7KiTn.png,lontara,3,0.90109056,0.08379401,0.015115416,jawa
EjPGZ4qv.png,lampung,1,0.7937142,0.15126128,0.055024482,jawa
62vNYalX.png,jawi,2,0.023927065,0.9585675,0.017505415,jawi
6Bcfu9pj.png,jawa,3,0.9612714,0.015720656,0.023007838,jawa
wg2tRxri.png,sunda,1,0.07327539,0.88055557,0.046169106,jawi
lT9zzUxe.png,sunda,1,0.010708533,0.972461,0.016830444,jawi
y5ft18Dy.png,sunda,4,0.0750735,0.5387065,0.38622,jawi
YU9Ae1Va.png,sunda,2,0.050811876,0.9431946,0.00599352,jawi
doyKEzrY.png,pegon,2,0.020855615,0.013704188,0.9654403,pegon
8hwaaNNd.png,pegon,5,0.01472247,0.01946605,0.9658115,pegon
2tho3hUr.png,pegon,3,0.014995182,0.015607757,0.969397,pegon
rvSEepic.png,sunda,4,0.6674101,0.31464708,0.017942885,jawa
bs0Ff45T.png,lampung,1,0.53461903,0.42065305,0.044727895,jawa
0uI1tH60.png,sunda,3,0.01767013,0.9742241,0.008105792,jawi
49XX2kpf.png,pegon,1,0.025756879,0.014307891,0.95993525,pegon
FtJN0akT.png,pegon,1,0.004504849,0.0045004515,0.99099463,pegon
u19VMm0p.png,bali,2,0.9778371,0.011756951,0.010405914,jawa
dFwzIi06.png,bali,2,0.9136966,0.07276427,0.013539135,jawa
1vLHzXgD.png,jawa,5,0.9735652,0.012856075,0.013578721,jawa
AQmhZkZC.png,pegon,3,0.026124023,0.023739783,0.9501362,pegon
La6QyH3N.png,jawa,3,0.9726881,0.016736023,0.010575913,jawa
6wXQUpBC.png,lontara,5,0.0144316405,0.97013074,0.0154375965,jawi
v3ji33vL.png,jawi,5,0.009917603,0.9757227,0.01435974,jawi
ruHTmE92.png,jawi,2,0.009844235,0.9722953,0.01786046,jawi
KAyOktdt.png,jawi,5,0.016834488,0.96795684,0.015208693,jawi
0bLzXm08.png,lampung,5,0.45649204,0.24446192,0.29904607,jawa
xsFGnes8.png,bali,3,0.024529811,0.9646488,0.010821445,jawi
lf6h4EEX.png,jawa,2,0.9821729,0.007676816,0.0101502845,jawa
AiLJEZlc.png,lampung,1,0.71987253,0.20403081,0.076096624,jawa
OiqEPCdq.png,jawa,1,0.957211,0.01560846,0.027180519,jawa
wHFKCRPA.png,lampung,3,0.57578397,0.38883474,0.03538124,jawa
ZGGLGb1K.png,pegon,2,0.010625377,0.017846368,0.97152823,pegon
AclUJnc1.png,pegon,1,0.015648326,0.016224083,0.9681276,pegon
muW5KoG3.png,lampung,1,0.059334382,0.91197336,0.028692232,jawi
g87VbJJ9.png,jawa,2,0.9794388,0.012499037,0.008062108,jawa
gWDS8N5H.png,jawa,5,0.9748377,0.013464336,0.011698019,jawa
384rHTEw.png,pegon,4,0.0046196673,0.0046061524,0.9907742,pegon
bdzUVoLO.png,jawa,5,0.97371125,0.0110195335,0.015269256,jawa
RqgSds15.png,sunda,2,0.93838537,0.049732603,0.011881946,jawa
I7gROcLG.png,pegon,2,0.019074751,0.017744932,0.9631803,pegon
a03e1Ocr.png,bali,1,0.03886574,0.9420906,0.01904366,jawi
7M4esanM.png,lampung,2,0.3946696,0.290461,0.31486937,jawa
7W7HsLgF.png,jawa,1,0.977976,0.013311259,0.008712702,jawa
xr9B2gVI.png,lontara,2,0.19238228,0.78619057,0.02142718,jawi
Q6gMABvM.png,lampung,1,0.5600912,0.32853794,0.11137081,jawa
Je9H5lU0.png,lampung,4,0.08428645,0.01769762,0.898016,pegon
JVcjNCAT.png,bali,1,0.75557745,0.23504044,0.009382164,jawa
JkTQ6yo8.png,jawa,5,0.96528774,0.014599978,0.020112317,jawa
PGNOOhvL.png,jawa,4,0.97502637,0.010096127,0.01487746,jawa
b36W5nAj.png,jawi,1,0.019479519,0.9589587,0.021561863,jawi
Z0Agex67.png,lampung,3,0.9519934,0.03734791,0.010658639,jawa
HvGXaC13.png,jawi,1,0.022806915,0.95473975,0.022453327,jawi
whhoxBVI.png,bali,3,0.7867268,0.20628485,0.0069883764,jawa
8dl6bE8B.png,pegon,2,0.01794973,0.027530914,0.95451933,pegon
XEQnxKcm.png,sunda,2,0.2101491,0.7573767,0.032474224,jawi
XUmC1yK4.png,pegon,2,0.02067552,0.023155484,0.95616907,pegon
j1t7fD4D.png,lampung,4,0.3077162,0.27245507,0.41982874,pegon
gZ41g6MA.png,pegon,1,0.0089920815,0.037252948,0.95375496,pegon
Vz3JaOKr.png,bali,2,0.6515869,0.33214867,0.016264439,jawa
p1pLM2wZ.png,sunda,1,0.021138325,0.9530634,0.025798246,jawi
FMWdLjyQ.png,jawa,5,0.9608453,0.015170851,0.023983924,jawa
1IfNKLV6.png,sunda,1,0.012376128,0.9613211,0.026302807,jawi
QP15xxzF.png,lampung,4,0.49162742,0.49499968,0.013372883,jawi
ls7BTYjS.png,lampung,3,0.07342332,0.017567769,0.9090089,pegon
oTeCUg8I.png,pegon,5,0.018663827,0.03706312,0.9442731,pegon
2dxjNC37.png,lampung,4,0.037740912,0.3847224,0.5775367,pegon
oOPsiuNX.png,jawi,2,0.016622212,0.9689079,0.014469863,jawi
x6FVJaHo.png,sunda,3,0.0054106563,0.9896533,0.0049360893,jawi
5VChyH3A.png,pegon,1,0.017080896,0.025417084,0.957502,pegon
EBV13Hjl.png,jawa,1,0.97265923,0.013316691,0.014024082,jawa
t8Z27gyx.png,pegon,1,0.017625231,0.009676711,0.97269803,pegon
xhi6bewM.png,jawi,3,0.009391802,0.9807078,0.009900364,jawi
cwbEphJO.png,pegon,5,0.026130186,0.018857665,0.95501214,pegon
ZpvWSNUC.png,bali,3,0.20767705,0.7679257,0.02439734,jawi
Ln46oUM4.png,sunda,3,0.015540734,0.9794775,0.00498169,jawi
tWFmMGev.png,jawi,1,0.015247269,0.9460827,0.03867001,jawi
yRK4d05e.png,lontara,5,0.21961004,0.76651436,0.013875638,jawi
wf7QlkcF.png,lontara,4,0.74480397,0.22676452,0.028431453,jawa
qPq71xlg.png,jawi,1,0.023874132,0.9499309,0.026195008,jawi
H68mzDnY.png,lampung,1,0.16184333,0.77324325,0.06491344,jawi
szhojH5v.png,jawi,1,0.0113419,0.9581719,0.030486174,jawi
HkRqR2nq.png,bali,1,0.7789799,0.21684366,0.0041764835,jawa
zgMeaHhA.png,bali,3,0.9720125,0.022297317,0.00569019,jawa
PTcgXTsm.png,sunda,5,0.10791761,0.8469747,0.04510773,jawi
XqFvs9Ur.png,lampung,2,0.55101997,0.025051925,0.42392814,jawa
EZ9cCQSb.png,jawa,1,0.9538764,0.026073636,0.020050006,jawa
olEehOvC.png,lampung,1,0.3598356,0.34375593,0.29640847,jawa
gqTLMfJW.png,jawi,1,0.01991472,0.95767266,0.022412596,jawi
TCPubBtP.png,bali,2,0.94682604,0.046329614,0.00684438,jawa
SkMGfMVR.png,pegon,2,0.025914565,0.01859279,0.9554926,pegon
y1mF25Fp.png,jawi,1,0.030187787,0.9409506,0.028861703,jawi
1bgclPhG.png,jawi,3,0.014304281,0.9786214,0.0070742215,jawi
peAZ4YSz.png,sunda,5,0.20790723,0.45823178,0.333861,jawi
1OiXmRJW.png,sunda,5,0.01633998,0.9580538,0.025606178,jawi
BGVcRx5Q.png,lampung,4,0.30184492,0.62955976,0.06859529,jawi
zEH1uotX.png,bali,1,0.8326652,0.15546912,0.011865738,jawa
bbMe8dtg.png,sunda,1,0.017252525,0.9766138,0.006133582,jawi
aOPj52gj.png,bali,2,0.94138825,0.038215995,0.020395705,jawa
oXi09LgR.png,lontara,5,0.8315409,0.13602732,0.032431815,jawa
RgQ4YWQL.png,pegon,2,0.016751658,0.013447197,0.9698011,pegon
UtpCEyYg.png,jawa,2,0.96024907,0.021029025,0.018721877,jawa
Rf5M7Flq.png,jawa,5,0.97577703,0.014544015,0.009678945,jawa
ME23SCfi.png,lontara,1,0.84798115,0.08058744,0.07143138,jawa
7f6Wz0RH.png,sunda,2,0.7161752,0.272627,0.011197849,jawa
5jAYQSFw.png,jawa,3,0.97525793,0.014241205,0.010500806,jawa
Z6BwtxfQ.png,pegon,1,0.015876355,0.029315373,0.95480824,pegon
Nx9nDmv0.png,pegon,5,0.021067813,0.01691194,0.9620203,pegon
UYiZIneq.png,jawi,2,0.024176622,0.9526183,0.023205064,jawi
YUuHhUd6.png,jawa,1,0.967567,0.018053496,0.014379454,jawa
oKJSW0IQ.png,jawi,5,0.022048712,0.9578953,0.020055985,jawi
WWI23xtW.png,bali,4,0.59014624,0.37220055,0.037653178,jawa
P8IHSeqU.png,sunda,4,0.1905548,0.7778674,0.031577807,jawi
pKuKNcjw.png,bali,1,0.20420995,0.78837883,0.007411157,jawi
yeTL3W8q.png,jawa,2,0.9674808,0.017377293,0.015141949,jawa
3JZPUChM.png,jawi,5,0.01625321,0.9689191,0.014827649,jawi
swRugzq1.png,jawi,2,0.025831368,0.94593656,0.02823202,jawi
EpLn7vnH.png,bali,3,0.33632863,0.6198124,0.04385897,jawi
OjDOwjqM.png,pegon,3,0.034685947,0.018620525,0.9466934,pegon
xVgLcZP6.png,pegon,5,0.01841784,0.013580465,0.9680017,pegon
VyvrXSkm.png,lampung,1,0.39422464,0.45352826,0.1522471,jawi
u9QXqVG7.png,jawi,5,0.01655537,0.9650118,0.018432815,jawi
sJGYM03J.png,pegon,3,0.031527244,0.02387949,0.9445932,pegon
12vqzbkD.png,bali,1,0.51090014,0.4832384,0.005861472,jawa
bmTmhvh4.png,pegon,2,0.025296776,0.031915724,0.9427876,pegon
rguL8jUU.png,sunda,4,0.06116487,0.92734253,0.011492539,jawi
5heEVSyC.png,jawi,5,0.017676376,0.9622741,0.020049527,jawi
F5HsHrxA.png,pegon,4,0.032291107,0.030453414,0.9372555,pegon
oU7I5lc9.png,lampung,2,0.6916515,0.27398047,0.03436811,jawa
7gy3Gwq7.png,jawi,4,0.008441224,0.98140645,0.010152273,jawi
nFdVIMIr.png,sunda,5,0.06931637,0.89017266,0.040510926,jawi
biQBq90a.png,bali,2,0.9816357,0.0116196405,0.0067446628,jawa
EEZZRHHH.png,jawi,4,0.02268309,0.96733946,0.009977482,jawi
J0AoqRmI.png,jawa,2,0.9686686,0.019315029,0.012016421,jawa
4z4JdlSU.png,bali,2,0.5643655,0.42934662,0.0062879296,jawa
xtD5j5OM.png,sunda,1,0.016318774,0.9775893,0.006091928,jawi
OZdxisi0.png,jawi,1,0.019019214,0.9603759,0.020604879,jawi
wl28H44h.png,jawi,3,0.0066845915,0.9901455,0.0031699357,jawi
2m3rqCDG.png,jawi,4,0.032702092,0.9528994,0.014398536,jawi
H2k75epr.png,pegon,1,0.021653002,0.020025752,0.9583213,pegon
X8k2ijN8.png,bali,5,0.08666966,0.90654266,0.006787664,jawi
CwKjjnFs.png,pegon,2,0.032133736,0.017711308,0.950155,pegon
Q2mAU4B2.png,jawa,1,0.97042817,0.014692068,0.014879777,jawa
G3TVEyQd.png,lontara,2,0.8129398,0.15532282,0.031737313,jawa
Fqivekbx.png,sunda,4,0.7185774,0.16794896,0.11347362,jawa
64UcVyae.png,sunda,3,0.032820616,0.92331535,0.043864083,jawi
BjII147T.png,lontara,2,0.9479269,0.035554767,0.016518364,jawa
KuS7PBkd.png,lontara,4,0.068756424,0.54905957,0.38218403,jawi
H1G46wiD.png,sunda,4,0.0053177713,0.011513442,0.98316884,pegon
4peP24vI.png,jawi,1,0.028157683,0.9471384,0.024703894,jawi
KUbQbHWO.png,lampung,5,0.04008466,0.101191945,0.8587234,pegon
gFOUzUzP.png,pegon,4,0.006325836,0.021243861,0.97243035,pegon
chTzKXG3.png,jawa,3,0.56338364,0.055132646,0.38148373,jawa
VX5KW2cE.png,lontara,2,0.31591368,0.6333515,0.050734773,jawi
F4xJzofS.png,lampung,1,0.023208378,0.80465347,0.17213817,jawi
qX0skwos.png,pegon,4,0.023069829,0.010712762,0.96621746,pegon
1Kmx975i.png,jawa,1,0.9698266,0.01654077,0.013632666,jawa
shQ0PCF6.png,lampung,3,0.69731516,0.22141099,0.08127377,jawa
7YW6zFva.png,lampung,3,0.8925388,0.10129267,0.00616853,jawa
PJ2U7yk4.png,lampung,5,0.019650199,0.014876267,0.9654735,pegon
4Bziklja.png,lontara,2,0.9541909,0.04019037,0.0056186877,jawa
kPSqydxc.png,lampung,1,0.2180773,0.7222855,0.059637222,jawi
lIJ2nVsN.png,jawi,1,0.025267208,0.9509268,0.023805987,jawi
coMzfmwZ.png,jawa,2,0.96314317,0.016964784,0.019892031,jawa
ivo7yMiu.png,sunda,2,0.028570266,0.9692635,0.0021663003,jawi
1Ao7F9qT.png,pegon,3,0.014373259,0.031609427,0.9540174,pegon
39xa1F3E.png,sunda,1,0.036020737,0.9473097,0.016669605,jawi
qR2KfXSu.png,sunda,4,0.22049792,0.74739325,0.032108814,jawi
yUKeLjXs.png,jawa,3,0.968246,0.017820848,0.013933211,jawa
JqPlRKXa.png,lampung,4,0.24211031,0.6248512,0.13303849,jawi
cMrCrJe4.png,jawi,3,0.02033601,0.95621157,0.023452366,jawi
Evv1Rcph.png,bali,2,0.8181571,0.16520725,0.016635627,jawa
iNQt94uH.png,sunda,1,0.1445114,0.8263436,0.02914502,jawi
o6Z7P2ZI.png,pegon,2,0.020246292,0.012769175,0.9669845,pegon
DpOtE8mn.png,lampung,4,0.5190414,0.43516013,0.045798406,jawa
vV9417f5.png,pegon,3,0.015926896,0.021536887,0.9625362,pegon
XLVozzyp.png,pegon,4,0.05181126,0.06843796,0.87975085,pegon
XB1pSPjA.png,jawi,4,0.023846842,0.95535356,0.020799585,jawi
5McxaHeM.png,pegon,1,0.014343284,0.015799236,0.9698574,pegon
WoUqvWS2.png,jawi,1,0.017243108,0.959073,0.023683898,jawi
N6Qr0h7n.png,pegon,4,0.029389607,0.038293857,0.9323165,pegon
R9e2qcfn.png,jawi,4,0.011213517,0.9821815,0.006604974,jawi
ia03XLHA.png,pegon,4,0.004854953,0.71284014,0.2823049,jawi
l6Y04Z7c.png,pegon,5,0.019900905,0.01934521,0.960754,pegon
c71o0GoH.png,lampung,1,0.097384416,0.40950352,0.4931121,pegon
kMQswzFk.png,bali,5,0.98107576,0.01388539,0.005038787,jawa
wXT8hD9f.png,pegon,5,0.0182777,0.016384022,0.9653383,pegon
3Fq9NzTa.png,bali,3,0.1323751,0.8403211,0.027303811,jawi
OcJYXu8h.png,lampung,2,0.43025783,0.3507378,0.21900436,jawa
7W7lOoHm.png,jawi,4,0.013449752,0.970933,0.015617229,jawi
WpcB9pPI.png,jawi,5,0.022127973,0.95572245,0.022149593,jawi
94ayRS2N.png,jawi,4,0.020648338,0.97137153,0.007980102,jawi
3SJi9u1c.png,jawi,5,0.01841092,0.9629247,0.01866436,jawi
ZAHD7mxa.png,jawa,2,0.9521561,0.029549675,0.018294137,jawa
epNdcG5b.png,pegon,2,0.015160093,0.019033594,0.9658063,pegon
tcTKMha4.png,jawi,5,0.017542196,0.96434104,0.018116727,jawi
1hOmF0YQ.png,jawi,1,0.014872058,0.9661434,0.018984536,jawi
Efwr5sOB.png,lampung,4,0.21575287,0.44237202,0.3418751,jawi
uZw33k9K.png,jawi,3,0.011376731,0.9714947,0.017128604,jawi
ci4zbgCE.png,jawi,2,0.026718983,0.94510144,0.028179564,jawi
IL6k5YxZ.png,pegon,4,0.0036741244,0.018531628,0.97779423,pegon
5y8VTWyd.png,pegon,2,0.018893024,0.012079709,0.9690272,pegon
vtd2XfRi.png,lontara,3,0.93910855,0.035120968,0.025770435,jawa
m30LdfDy.png,lontara,1,0.8267962,0.15136321,0.021840569,jawa
414RfzXR.png,sunda,1,0.06270579,0.921905,0.015389243,jawi
qfK8vURv.png,jawi,2,0.01341975,0.9687673,0.017813038,jawi
wVS0Px11.png,jawi,2,0.025624491,0.92742854,0.04694691,jawi
cposr4dQ.png,lampung,3,0.9419086,0.024281267,0.03381011,jawa
80auwpyg.png,bali,5,0.20402783,0.7886378,0.0073343795,jawi
AN66JpoN.png,jawi,4,0.026918946,0.95730245,0.015778538,jawi
8sRTep70.png,lampung,2,0.9210205,0.014989024,0.063990474,jawa
OhP3o2zs.png,jawa,3,0.948113,0.026272854,0.025614167,jawa
7YFTMLMv.png,bali,3,0.22566593,0.74273545,0.031598616,jawi
qQcWuBuO.png,lampung,5,0.7841789,0.098921314,0.11689978,jawa
OGpRGS4B.png,lampung,2,0.3069612,0.33016157,0.36287722,pegon
Dul3XkBD.png,sunda,2,0.014311859,0.9820126,0.0036755893,jawi
JflzemUp.png,jawi,4,0.018343378,0.97879225,0.0028643317,jawi
xsXKliZV.png,pegon,3,0.018129181,0.007396734,0.9744741,pegon
k1d7uwiV.png,jawi,5,0.014418737,0.967372,0.018209198,jawi
B0iW34dD.png,pegon,3,0.0101522505,0.019877141,0.9699706,pegon
OKUeHCon.png,sunda,5,0.22236623,0.7232602,0.054373585,jawi
dTigy80v.png,pegon,1,0.022186099,0.010177394,0.96763647,pegon
cAQEsVYR.png,lampung,1,0.429705,0.33905178,0.23124321,jawa
yHcRQNwH.png,jawi,4,0.010183666,0.98156124,0.008255041,jawi
njpc61Tc.png,jawi,3,0.0130529525,0.9836596,0.0032874364,jawi
CaYYTk8c.png,bali,1,0.34945267,0.64368397,0.0068633263,jawi
AJ324pKd.png,jawi,2,0.019466724,0.95739335,0.023139894,jawi
x9D690mi.png,sunda,4,0.20343019,0.6665336,0.13003625,jawi
JCzxBoVR.png,jawi,4,0.019518051,0.94503564,0.035446323,jawi
Tqf4D8cm.png,sunda,1,0.019390512,0.958313,0.022296557,jawi
vEyqXgNz.png,lampung,2,0.23330289,0.37831834,0.38837877,pegon
svLeDjUs.png,lampung,2,0.031267397,0.3827794,0.58595324,pegon
MHFwpz6f.png,lampung,3,0.08747474,0.07689523,0.83563006,pegon
NmwnQfhc.png,pegon,3,0.022811592,0.05163312,0.9255552,pegon
iIN1NoGo.png,jawi,4,0.005555489,0.98680645,0.0076380763,jawi
qjyVNoGs.png,jawi,1,0.019912828,0.956647,0.023440143,jawi
o4KqgiUZ.png,lampung,2,0.14156139,0.28834543,0.5700932,pegon
YP9bsNG4.png,pegon,3,0.023522759,0.017395483,0.9590817,pegon
3E46Meu1.png,lampung,3,0.8440763,0.10513393,0.050789822,jawa
6waskL3w.png,pegon,5,0.019694244,0.018321237,0.9619845,pegon
YyHsTkhO.png,jawi,3,0.0687863,0.90829664,0.022917103,jawi
nhJ5mswq.png,jawi,1,0.020867353,0.9650406,0.014092007,jawi
9NGLWxqZ.png,bali,4,0.73978305,0.24707137,0.013145554,jawa
xLdIJBXr.png,lampung,1,0.023112662,0.84143364,0.13545373,jawi
k6Y8OYmk.png,jawa,3,0.96774554,0.0095618535,0.022692613,jawa
IarP7qkC.png,jawa,5,0.95122546,0.021015307,0.027759314,jawa
HtZvrDyd.png,lampung,4,0.5342384,0.37123248,0.094529174,jawa
IYJA0tku.png,jawi,3,0.0067226,0.98899174,0.004285682,jawi
QH8QvHeT.png,lampung,1,0.71610284,0.19924335,0.084653795,jawa
jfaQydZA.png,pegon,2,0.02270593,0.019326812,0.9579673,pegon
ZGb8xEWC.png,jawa,1,0.95585734,0.019284245,0.024858372,jawa
ujmySv7L.png,jawa,5,0.9670388,0.012535135,0.020426167,jawa
bbpvQaB8.png,lontara,5,0.7169008,0.2617446,0.021354567,jawa
t34RdqCj.png,sunda,5,0.019525174,0.97443795,0.006036815,jawi
tZE8mIHe.png,pegon,2,0.020557282,0.012826786,0.9666159,pegon
JiZM5KnH.png,lontara,3,0.5923483,0.36448997,0.043161727,jawa
S1D14EOK.png,lampung,4,0.43606615,0.055115696,0.5088182,pegon
0JtpAYVm.png,lampung,4,0.3618884,0.4388181,0.19929345,jawi
ofolMdSg.png,sunda,1,0.07199476,0.9244561,0.0035491409,jawi
dviw4UoK.png,lampung,4,0.20341611,0.77125365,0.025330307,jawi
IevEpHpv.png,pegon,5,0.023483941,0.024610959,0.9519051,pegon
KrLMWMAc.png,jawi,2,0.01955289,0.95975477,0.020692343,jawi
rLZhO2nY.png,jawi,2,0.010374199,0.9825027,0.007123116,jawi
DvEIJSbG.png,jawa,4,0.9612452,0.011245717,0.027509147,jawa
OXqptRlB.png,pegon,5,0.018502483,0.015672212,0.9658253,pegon
pS97ozmM.png,lontara,4,0.64779955,0.30968148,0.04251889,jawa
WrbozBtD.png,pegon,1,0.021054009,0.015676599,0.9632695,pegon
mFThGYzz.png,jawi,1,0.014203804,0.97364706,0.012149157,jawi
VsoQtcrT.png,lampung,4,0.4804758,0.47395152,0.04557267,jawa
UkCvuCnW.png,jawa,1,0.96548605,0.009938934,0.024575086,jawa
VI7dGlF0.png,lampung,5,0.08048805,0.47624895,0.44326302,jawi
S0UQclww.png,lontara,5,0.84004647,0.14712311,0.01283039,jawa
w3X46HEf.png,jawa,5,0.97009134,0.014501691,0.015406849,jawa
k2LxbLcE.png,lampung,4,0.5232264,0.21171246,0.26506114,jawa
kQsXuJdo.png,lampung,4,0.5325402,0.27933022,0.18812957,jawa
lOcnNeZw.png,sunda,1,0.005083637,0.9687697,0.026146682,jawi
IDjOgd86.png,lontara,4,0.14706184,0.6753744,0.17756376,jawi
NcDD6Utt.png,pegon,1,0.014322108,0.0077488655,0.97792906,pegon
su6LtMt4.png,jawa,2,0.9555449,0.023712272,0.02074289,jawa
W9gSuSR3.png,jawi,3,0.008241705,0.98573446,0.006023875,jawi
DB2Kmtwv.png,pegon,4,0.009589057,0.012300574,0.9781104,pegon
eemuu6xU.png,pegon,4,0.002645036,0.0027236734,0.9946313,pegon
TySgJYhc.png,bali,4,0.57965314,0.38481468,0.035532143,jawa
DP2jk9P6.png,jawa,4,0.9812106,0.010022202,0.008767167,jawa
sFdSmnk6.png,jawa,4,0.82252043,0.010354005,0.16712557,jawa
q8ZTSSwT.png,jawa,2,0.9625993,0.020312548,0.017088184,jawa
c559xgSL.png,lontara,1,0.86397916,0.105518624,0.030502196,jawa
naulIztU.png,jawi,4,0.023082048,0.96861917,0.008298758,jawi
OOOurWFi.png,jawi,2,0.017932856,0.9611015,0.020965636,jawi
lx8tklFP.png,lampung,4,0.2743686,0.06540336,0.6602281,pegon
M7t9h9Bf.png,jawi,3,0.017970651,0.9668966,0.015132805,jawi
6eOppc9o.png,pegon,1,0.013288787,0.0236436,0.96306765,pegon
4KF8gSAq.png,lampung,3,0.10625511,0.8810173,0.012727597,jawi
ytGTmhSz.png,lontara,3,0.6820703,0.25263306,0.065296695,jawa
FYOrxmwm.png,jawi,4,0.034974795,0.9315541,0.033471104,jawi
797nxl4C.png,sunda,1,0.26370266,0.71892124,0.017376099,jawi
1BR30bl5.png,jawa,3,0.9563669,0.022912817,0.020720227,jawa
61qqT2ct.png,sunda,4,0.044485345,0.9245799,0.030934699,jawi
Pcprtl5X.png,pegon,4,0.019810913,0.004439881,0.97574925,pegon
RNy9AEtG.png,lampung,5,0.049845666,0.053581145,0.89657325,pegon
Y64dkILn.png,pegon,5,0.01805798,0.012242529,0.96969944,pegon
3yroYsLm.png,bali,4,0.75940734,0.21716256,0.023430128,jawa
MOl6UkKL.png,sunda,3,0.015588269,0.9681866,0.016225072,jawi
xsjGKZnL.png,lampung,3,0.9061156,0.059764802,0.03411953,jawa
3scCgTsu.png,lampung,4,0.3261025,0.63490254,0.03899496,jawi
tCjMmXVl.png,jawa,2,0.9807606,0.010518883,0.008720461,jawa
J7xmz6DY.png,bali,5,0.96057165,0.031150104,0.008278173,jawa
wa4ThVzh.png,jawa,2,0.95879734,0.020510832,0.0206919,jawa
UPj7Gnlx.png,jawa,4,0.9731698,0.0206462,0.006183997,jawa
E2uBfVBi.png,sunda,2,0.05570966,0.9358383,0.00845207,jawi
VWWl1qDB.png,jawa,5,0.9707347,0.015844444,0.013420767,jawa
m10lIJRQ.png,lampung,1,0.026166817,0.82684493,0.14698827,jawi
qMBB0TN7.png,jawi,4,0.006123658,0.98364115,0.010235187,jawi
FMT51PMe.png,bali,2,0.38749272,0.592011,0.02049629,jawi
EbMl7kzA.png,jawi,2,0.014792963,0.96854234,0.016664691,jawi
YTA3kuq3.png,pegon,5,0.019247958,0.019210404,0.9615416,pegon
8KPZEf5C.png,bali,4,0.46466333,0.49270314,0.04263354,jawi
Wf59ivua.png,bali,1,0.95824444,0.032470673,0.009284851,jawa
lolWrF2Q.png,jawa,2,0.97380155,0.013904105,0.0122943185,jawa
YspoW5hj.png,lontara,4,0.9468802,0.040244345,0.012875433,jawa
keb3Ppst.png,jawa,4,0.94891536,0.02496873,0.026115948,jawa
WSXEqLZH.png,lampung,1,0.098289765,0.8472303,0.05447991,jawi
tV9bZAYg.png,jawa,5,0.9712743,0.013963146,0.014762431,jawa
Fth67jes.png,lampung,1,0.42924872,0.33008206,0.24066918,jawa
vdEPkEPd.png,sunda,2,0.32919538,0.6492713,0.021533303,jawi
wTBN5zYk.png,jawi,2,0.020583019,0.9574851,0.021931916,jawi
0YzvqTf5.png,pegon,3,0.018944789,0.018815724,0.96223944,pegon
rLYsNyUj.png,sunda,1,0.046113454,0.9449427,0.008943868,jawi
OAh447x8.png,lampung,3,0.6857494,0.26428315,0.049967445,jawa
OigrvWkg.png,lampung,4,0.1825929,0.1785374,0.6388697,pegon
5LmqvSAX.png,lampung,2,0.09662353,0.8249754,0.078401096,jawi
x7v1hwXE.png,pegon,2,0.039401777,0.03127609,0.9293221,pegon
mcmf86Hu.png,jawa,2,0.9463251,0.026300248,0.02737465,jawa
tH9Q0Lh7.png,lampung,2,0.9800474,0.009922723,0.0100298915,jawa
OoAglC1q.png,pegon,2,0.019914037,0.016818501,0.96326745,pegon
c9xgb5wW.png,pegon,4,0.008762937,0.0047364915,0.98650056,pegon
n58RWMNv.png,lampung,3,0.8095727,0.018345738,0.17208153,jawa
v85qNYfx.png,lampung,5,0.68454456,0.011987109,0.3034683,jawa
vlrLS265.png,sunda,5,0.07210805,0.9165771,0.011314838,jawi
5NWwjWMA.png,lampung,3,0.16543573,0.055556264,0.779008,pegon
9I028l0a.png,lontara,4,0.9466426,0.02825309,0.025104292,jawa
efLdQ9VS.png,bali,5,0.13250746,0.8604784,0.007014071,jawi
R7pKMBo1.png,lontara,2,0.8108572,0.1697161,0.019426668,jawa
h4NCJCoH.png,jawa,1,0.97167146,0.014696532,0.013631949,jawa
2OAO8C6t.png,sunda,1,0.02251353,0.041449174,0.9360374,pegon
nVqgEdbh.png,pegon,3,0.019809665,0.035905715,0.94428474,pegon
gdgHLFd6.png,bali,3,0.98316264,0.0101803765,0.0066569233,jawa
TFFBRW2j.png,bali,4,0.91608375,0.07343687,0.010479328,jawa
SleF7V4N.png,pegon,5,0.013046451,0.011435014,0.9755186,pegon
FOdcokqD.png,pegon,1,0.024113763,0.021094106,0.95479214,pegon
tIdxXnLF.png,lontara,5,0.7170003,0.26583844,0.017161258,jawa
tVkDiGZP.png,bali,3,0.10106639,0.8881294,0.010804231,jawi
dFOJ1lEp.png,sunda,1,0.019222716,0.9754028,0.00537457,jawi
faZhSGZI.png,jawi,1,0.02249428,0.95275223,0.024753436,jawi
0ftw03VZ.png,sunda,5,0.3504816,0.61196876,0.037549708,jawi
S4JDOsWW.png,bali,2,0.90520155,0.0904735,0.0043249805,jawa
jlC4xftw.png,jawi,4,0.0057835286,0.9879568,0.006259596,jawi
JaTQu1dU.png,lontara,1,0.92921424,0.05384959,0.016936254,jawa
Ayl0Cxsf.png,jawi,4,0.021806015,0.96698016,0.011213818,jawi
410aBCt5.png,pegon,1,0.015881054,0.013987633,0.9701313,pegon
5bxkBSQE.png,jawi,2,0.021699518,0.95290637,0.025394093,jawi
BIgJ1ZMI.png,pegon,4,0.0022583357,0.008776257,0.9889654,pegon
MkP9tCuP.png,sunda,4,0.036455937,0.9139574,0.04958664,jawi
yIBh3dED.png,pegon,5,0.018449204,0.0241329,0.95741796,pegon
MBhRoKiP.png,sunda,5,0.19193055,0.78760666,0.020462792,jawi
0aD9UElN.png,lampung,1,0.22661434,0.6986607,0.07472492,jawi
LItzxn16.png,sunda,1,0.084633015,0.54358596,0.37178105,jawi
k68FCAm3.png,lampung,3,0.4102081,0.38140038,0.20839149,jawa
MjaVWZLF.png,pegon,2,0.019492164,0.014344576,0.9661632,pegon
xmtCamMt.png,jawa,3,0.9690962,0.0140000265,0.016903754,jawa
CTEn69MB.png,lontara,1,0.17196144,0.818182,0.009856583,jawi
1gxToQFA.png,sunda,1,0.053539682,0.0068988227,0.9395615,pegon
jlmvgfF8.png,bali,4,0.92972344,0.05096191,0.019314647,jawa
73A8YtU4.png,lampung,1,0.021187384,0.052928038,0.9258846,pegon
glvK8cNb.png,bali,1,0.49952802,0.492745,0.0077269827,jawa
SGwL1g2b.png,pegon,4,0.041671116,0.036381703,0.9219471,pegon
ynmmkTgJ.png,sunda,4,0.4449683,0.5255824,0.029449327,jawi
AHcKHs1S.png,lampung,5,0.26033258,0.1049402,0.6347272,pegon
Ada2YK3y.png,jawa,5,0.96893936,0.013226954,0.017833611,jawa
vc1Bsrao.png,jawa,2,0.89587575,0.0422293,0.061894942,jawa
hCK9CeSz.png,jawa,5,0.97761613,0.008574467,0.013809428,jawa
3CNJa08i.png,jawi,4,0.011275167,0.9856544,0.0030704418,jawi
nvdVB6Uu.png,pegon,4,0.0044334996,0.011657924,0.9839086,pegon
cKzqxLCy.png,lampung,1,0.17941937,0.7532659,0.067314744,jawi
1bfU3rLY.png,jawa,2,0.9750363,0.015052985,0.009910626,jawa
JsrK50F8.png,pegon,5,0.019911567,0.015999395,0.96408904,pegon
pVqzh6dj.png,lampung,3,0.26489308,0.6624346,0.07267234,jawi
SfIcy9Tu.png,jawi,4,0.019983286,0.9590948,0.020921864,jawi
aRqZzcov.png,sunda,1,0.008743161,0.98523605,0.006020829,jawi
MwsTriDE.png,lampung,5,0.033971336,0.07696788,0.88906074,pegon
L5m6XGtX.png,lampung,3,0.646044,0.20994473,0.14401121,jawa
EjpFMwzQ.png,bali,2,0.893949,0.08824323,0.017807737,jawa
m4KxWiov.png,jawa,3,0.9550016,0.014657545,0.030340826,jawa
f5xPQ3yP.png,lontara,3,0.91653293,0.06444505,0.019022034,jawa
8Gt4pVBJ.png,bali,2,0.9668736,0.023460492,0.00966585,jawa
uiJy4jPH.png,bali,2,0.8297719,0.1534549,0.016773222,jawa
6Uuq8o17.png,jawi,3,0.015564345,0.9790515,0.005384149,jawi
cDTM5hqt.png,pegon,5,0.019144773,0.018847961,0.9620072,pegon
vTubUATS.png,jawi,1,0.020227525,0.95390105,0.0258714,jawi
viDzX4vu.png,jawa,4,0.93766415,0.02181613,0.04051978,jawa
KZfjiigE.png,pegon,3,0.01851228,0.017977795,0.96350986,pegon
j3oMsNPD.png,jawi,1,0.021471858,0.9577575,0.020770628,jawi
43a7aA91.png,sunda,3,0.004388465,0.9892512,0.0063602854,jawi
6o2p2AQP.png,lampung,5,0.046153672,0.042977966,0.9108684,pegon
IrQerVpW.png,pegon,3,0.01875537,0.017396778,0.96384776,pegon
BgQgYvyv.png,jawi,4,0.022502046,0.96149474,0.016003158,jawi
XFOlPGr7.png,pegon,3,0.035530698,0.1169852,0.84748405,pegon
qo0uaHR5.png,lampung,1,0.17426078,0.31555516,0.5101841,pegon
vwX3sB0J.png,lampung,3,0.5939804,0.35205066,0.053968947,jawa
AoyjV7PV.png,lampung,5,0.059838355,0.014585471,0.9255762,pegon
4M0Nwwp5.png,jawi,1,0.01964442,0.96142673,0.018928789,jawi
p2JqpPyE.png,lampung,4,0.08154648,0.7966935,0.121760026,jawi
jd34AdtB.png,sunda,2,0.49603954,0.4873963,0.016564164,jawa
UxVjMobb.png,sunda,4,0.20579015,0.78771955,0.0064903344,jawi
Tc1MPDek.png,sunda,2,0.009961108,0.9761822,0.013856667,jawi
QpETTmPL.png,jawa,5,0.972524,0.009506399,0.017969644,jawa
xqYbyCUH.png,jawi,2,0.006575856,0.9664592,0.026964942,jawi
3a9MYErr.png,jawi,2,0.0038697817,0.99041104,0.005719167,jawi
LSquDGzT.png,sunda,3,0.01290283,0.9628972,0.024200007,jawi
MRIgYkAW.png,lampung,5,0.03986424,0.12591738,0.8342184,pegon
VWrbux1J.png,jawi,4,0.027202029,0.9589045,0.013893436,jawi
6B4oZNfJ.png,sunda,1,0.13529007,0.8451236,0.01958638,jawi
vGlLXBwb.png,sunda,1,0.017833468,0.97177446,0.010392017,jawi
nVUslhCN.png,sunda,5,0.15498105,0.826771,0.018247923,jawi
OhQKHCah.png,jawi,1,0.016684249,0.9649558,0.018359888,jawi
JyUjckDh.png,lampung,4,0.357189,0.5018453,0.1409657,jawi
h3Q2IyI2.png,lampung,4,0.027183,0.1427246,0.83009243,pegon
VO5yrghf.png,lampung,5,0.060625505,0.9325008,0.006873777,jawi
iw93B6ly.png,lontara,5,0.90302545,0.08431806,0.012656521,jawa
JSRPNyQq.png,jawa,2,0.9503977,0.030670054,0.018932212,jawa
LwHsMHtN.png,jawa,2,0.97324973,0.012215566,0.014534704,jawa
GFzt5TQ1.png,pegon,5,0.020710962,0.022415768,0.95687324,pegon
zTHtKUeq.png,jawi,1,0.02770762,0.9292731,0.0430193,jawi
VKnAKT1m.png,bali,3,0.961556,0.020589944,0.01785395,jawa
sTg5kUNg.png,jawa,4,0.96246564,0.01771446,0.01981989,jawa
BL0mrFOX.png,lampung,1,0.6371356,0.15111145,0.21175289,jawa
WyGAHa0p.png,sunda,3,0.110929765,0.7956124,0.093457855,jawi
AT1VUJWe.png,jawi,4,0.008303357,0.98537976,0.006316861,jawi
VkONWqm7.png,jawi,2,0.014132081,0.97442335,0.011444508,jawi
cspUemGM.png,pegon,1,0.0140773365,0.010522866,0.9753998,pegon
kVtGI6hl.png,lampung,1,0.20050326,0.1182156,0.6812811,pegon
rEG9WBke.png,jawi,4,0.0042124013,0.97018427,0.02560328,jawi
bwGskpMn.png,jawi,5,0.048121303,0.94231004,0.009568635,jawi
gWMu94iz.png,lontara,5,0.81401205,0.15636648,0.029621445,jawa
zznGiaxO.png,jawi,2,0.01949781,0.95518374,0.02531843,jawi
htXV1bmP.png,pegon,4,0.009413512,0.008571101,0.9820155,pegon
DEIkWmiO.png,pegon,1,0.031204207,0.03251067,0.9362851,pegon
LPrEjt2F.png,bali,4,0.38613245,0.5730401,0.04082743,jawi
IN1nF6WT.png,jawa,5,0.98528033,0.0058816215,0.008837987,jawa
KsjLEpLs.png,jawi,4,0.028719632,0.9646266,0.0066537363,jawi
hvAk9QrW.png,pegon,3,0.033442453,0.057361703,0.90919584,pegon
c1RY5dfN.png,pegon,4,0.03557285,0.022479378,0.9419479,pegon
ST6Z0MID.png,sunda,2,0.35632345,0.63957244,0.0041040396,jawi
CWffOjB5.png,pegon,3,0.029252078,0.037340976,0.9334069,pegon
RGoOMljS.png,bali,3,0.9818636,0.011520637,0.0066157454,jawa
RqX64fxs.png,lontara,3,0.9357851,0.043215122,0.020999758,jawa
g2SPiYaE.png,pegon,1,0.02078977,0.028030388,0.9511799,pegon
EdGbbA02.png,pegon,2,0.032098208,0.018333713,0.9495681,pegon
lideUQxV.png,bali,2,0.06013659,0.93172336,0.008140093,jawi
hoB57XaY.png,pegon,5,0.023572896,0.022780797,0.95364636,pegon
OTuFIECD.png,pegon,3,0.02077654,0.028648857,0.95057464,pegon
10BEMUUs.png,lontara,3,0.8627238,0.12699403,0.010282127,jawa
UiAgGtEp.png,pegon,3,0.018817378,0.030070085,0.9511125,pegon
O9TGaCZP.png,lampung,4,0.24418968,0.46073958,0.2950708,jawi
7Y8VdQtv.png,pegon,5,0.018863827,0.018319193,0.9628171,pegon
JY7Zsb9Z.png,sunda,2,0.03437856,0.95075583,0.014865665,jawi
jYyIC9jU.png,jawa,2,0.9683168,0.016660811,0.015022418,jawa
OOjmLM29.png,sunda,2,0.17211907,0.8079104,0.019970493,jawi
AVG1xmZn.png,jawa,2,0.97531384,0.011578682,0.013107558,jawa
B8U0YxbB.png,lampung,4,0.34200227,0.45868602,0.19931169,jawi
KfFEdn9d.png,bali,3,0.15835479,0.8063545,0.035290625,jawi
EaMmifFR.png,lampung,3,0.77021796,0.21213967,0.017642424,jawa
XHqLRFdE.png,lampung,5,0.91827536,0.030070722,0.051654,jawa
hyvpwsX6.png,jawa,5,0.9823821,0.0067366213,0.010881354,jawa
cmDUid0q.png,bali,5,0.962661,0.025256317,0.012082663,jawa
dZf9njnv.png,pegon,1,0.015931897,0.008928259,0.9751398,pegon
TvUzfS0H.png,jawa,4,0.9830292,0.004499292,0.012471568,jawa
djGCth5W.png,pegon,3,0.025000867,0.04323983,0.93175936,pegon
Urgc99Vi.png,lontara,1,0.9554452,0.026657643,0.017897094,jawa
rqT0mwH9.png,jawa,5,0.9690683,0.0109562855,0.019975353,jawa
ED8Ul1uF.png,sunda,1,0.27065367,0.7228935,0.0064527853,jawi
cD3Wqn9l.png,jawa,5,0.97777325,0.007278226,0.014948541,jawa
WhTrjObl.png,pegon,3,0.03291875,0.026880627,0.9402006,pegon
ITCdN5NN.png,jawi,2,0.011592418,0.9669815,0.021426085,jawi
4ilGqNh8.png,sunda,5,0.03083851,0.9631128,0.006048789,jawi
84DfqWgd.png,jawi,5,0.027273808,0.9493063,0.023419831,jawi
PCZDWvIz.png,sunda,5,0.14581756,0.841045,0.013137431,jawi
yDR0cIaR.png,pegon,2,0.019868184,0.018143263,0.9619885,pegon
ER2A9fSF.png,jawa,4,0.91338664,0.014563049,0.072050296,jawa
EvybDrdb.png,pegon,3,0.021271015,0.022488618,0.95624036,pegon
RooI9ETD.png,jawa,4,0.9698014,0.014120098,0.016078485,jawa
NGvGgWp9.png,jawi,3,0.010233766,0.9825447,0.00722148,jawi
3fFv55Cm.png,bali,1,0.027273051,0.95672524,0.016001716,jawi
pYSqyrTl.png,pegon,1,0.019211756,0.023862764,0.9569255,pegon
leJG9YQw.png,sunda,4,0.025670854,0.9647038,0.00962534,jawi
z7iw4JpX.png,jawi,3,0.0162129,0.96368855,0.020098615,jawi
v9ofqRgM.png,sunda,4,0.019197404,0.062121462,0.91868114,pegon
gIap9isb.png,jawi,5,0.01659702,0.9664952,0.016907848,jawi
czSQGZpZ.png,jawa,3,0.9633814,0.014443639,0.02217499,jawa
h1RI2nKU.png,bali,5,0.08084556,0.9136682,0.005486185,jawi
ona7ImsG.png,lampung,1,0.07580195,0.07346977,0.8507283,pegon
mxO6XQgL.png,jawa,4,0.96269405,0.022224182,0.015081754,jawa
YuGKQg6W.png,bali,5,0.23844339,0.75077397,0.010782674,jawi
zoTh0Aqg.png,lampung,2,0.92837316,0.06378099,0.007845941,jawa
cOzanMsA.png,jawa,4,0.98106295,0.0027826459,0.01615438,jawa
O8XBRzpd.png,lampung,5,0.8044956,0.030086683,0.16541776,jawa
eLB0euYJ.png,lampung,3,0.95321894,0.028925613,0.017855393,jawa
7sqOKNeI.png,lampung,1,0.8785517,0.05955311,0.061895207,jawa
ThJJuRUv.png,bali,2,0.952621,0.040134046,0.007244995,jawa
jaletqae.png,jawi,2,0.01415306,0.96355927,0.022287644,jawi
NrqzlVyU.png,lampung,2,0.6230406,0.17453945,0.20241989,jawa
9zefkJh5.png,sunda,1,0.01573678,0.97836554,0.0058976575,jawi
JZUSl78s.png,lontara,3,0.9376254,0.03862491,0.023749683,jawa
RiNmRhtU.png,pegon,4,0.0033738858,0.018159078,0.978467,pegon
dol0QGSw.png,pegon,2,0.01871167,0.032743935,0.9485444,pegon
9uaIGWxA.png,sunda,3,0.4918523,0.43310547,0.07504227,jawa
WOAnI1fQ.png,lampung,5,0.017399022,0.012016693,0.97058433,pegon
eBQhuFpt.png,bali,2,0.6449264,0.3411825,0.013891063,jawa
LEqP01xX.png,jawi,3,0.0057305624,0.98948133,0.0047880644,jawi
vFocUbhc.png,lampung,5,0.0432545,0.35377592,0.60296965,pegon
TEozJLfy.png,lontara,1,0.825862,0.16627523,0.007862706,jawa
WCYhx674.png,jawi,3,0.004854385,0.99053156,0.0046140277,jawi
UaJhTZwC.png,jawi,4,0.021975772,0.9631547,0.014869552,jawi
zEi3wlNQ.png,pegon,1,0.018846085,0.017361827,0.9637921,pegon
a6bdzkoy.png,pegon,4,0.03709189,0.01605461,0.9468535,pegon
7LTx6oGx.png,lampung,2,0.100237794,0.8114753,0.088286944,jawi
pSFQbIUh.png,bali,5,0.9790181,0.016089255,0.0048925914,jawa
vIXUXQz3.png,lontara,1,0.022577088,0.7071703,0.27025267,jawi
aCl3KID2.png,jawa,4,0.97871107,0.006016102,0.015272904,jawa
RvKySjhb.png,jawa,1,0.97408074,0.009785564,0.016133666,jawa
h5HwWQrY.png,lontara,4,0.9605952,0.02738337,0.012021464,jawa
IVdwJZQ3.png,sunda,4,0.12361034,0.48461035,0.3917793,jawi
FsXa5l7L.png,lampung,2,0.17398137,0.5387864,0.2872322,jawi
tC8RdOUI.png,lampung,2,0.22766925,0.35363403,0.41869673,pegon
L3z4sHgC.png,lontara,3,0.8151795,0.16196504,0.02285545,jawa
Dq4M6ybC.png,lampung,1,0.0587821,0.33789617,0.60332173,pegon
kjIsl2pl.png,jawi,1,0.022143817,0.9498911,0.027965084,jawi
3khjfbms.png,lampung,5,0.05910264,0.14157233,0.79932505,pegon
rD9gRMHI.png,jawi,4,0.010855186,0.95265454,0.036490258,jawi
FBy5Bp3Y.png,pegon,2,0.025084434,0.021603027,0.9533126,pegon
QU4zCN1G.png,jawi,3,0.008573761,0.9852024,0.006223883,jawi
hMYz8Lw0.png,jawi,1,0.025493845,0.9501322,0.024373958,jawi
qfECY7rZ.png,lampung,1,0.47872642,0.44578654,0.07548707,jawa
ZRVem3cC.png,lampung,3,0.54601836,0.32173297,0.13224865,jawa
UuupgqNF.png,jawi,5,0.029308058,0.94068885,0.030003078,jawi
yAaJfDKU.png,pegon,2,0.020193113,0.01536211,0.9644447,pegon
HpFYoSfQ.png,sunda,4,0.025839351,0.9672501,0.006910561,jawi
NpQUxi6c.png,jawi,1,0.020929191,0.96601194,0.01305884,jawi
kCichgDl.png,sunda,1,0.57774377,0.41128513,0.010971086,jawa
x601jK7l.png,jawi,3,0.02820566,0.79426193,0.17753236,jawi
1JwgoIEF.png,jawi,1,0.027219336,0.93912005,0.033660665,jawi
Ob0bY4kP.png,sunda,4,0.18033189,0.79897076,0.020697316,jawi
Md5w4HXJ.png,pegon,5,0.01693999,0.009987724,0.9730723,pegon
RykegdIZ.png,lampung,5,0.24801672,0.055468507,0.6965147,pegon
zxDXwlN4.png,jawa,4,0.9820364,0.0037628447,0.014200827,jawa
5MEtQx2Q.png,lontara,5,0.75744987,0.22854088,0.014009322,jawa
T35q0PZp.png,lampung,3,0.090425044,0.82748294,0.082092084,jawi
BbHr3HZ4.png,jawi,4,0.01656073,0.9719455,0.011493707,jawi
LLEk1YwU.png,bali,4,0.89268196,0.06665325,0.040664814,jawa
jeY6ujqL.png,jawa,2,0.9727381,0.01644525,0.010816703,jawa
P3ZH5JJE.png,sunda,3,0.002609552,0.9947962,0.0025943064,jawi
MDmranpm.png,sunda,3,0.004879373,0.98981375,0.005306864,jawi
aROkxhKx.png,jawi,1,0.031604502,0.9390804,0.029315144,jawi
lfPNLQD3.png,lampung,5,0.9837961,0.013042022,0.0031619354,jawa
5HTHjEO5.png,lampung,4,0.3972151,0.31817934,0.2846055,jawa
LjRL1Uov.png,jawi,3,0.012665676,0.9790198,0.008314469,jawi
GONtRSCK.png,lampung,1,0.24873161,0.26009637,0.49117202,pegon
B5hlYCw9.png,pegon,3,0.015793093,0.05095584,0.933251,pegon
uJyVz22b.png,pegon,4,0.014965114,0.011896325,0.9731386,pegon
7bWLENBL.png,lampung,4,0.13450804,0.5763425,0.28914946,jawi
tJsxtIjW.png,sunda,5,0.09927154,0.06260978,0.83811873,pegon
vGqfJJyN.png,lontara,2,0.53675044,0.35781485,0.1054347,jawa
oeAsHoXp.png,lampung,4,0.17417145,0.7652976,0.060530983,jawi
YG63h1to.png,pegon,2,0.020233005,0.0153025305,0.9644644,pegon
rb2CRqXi.png,lampung,4,0.014980426,0.010885249,0.97413427,pegon
s9T4N9Bn.png,sunda,1,0.009145469,0.97477233,0.016082179,jawi
MgoJx2Oa.png,sunda,2,0.2947068,0.6966844,0.00860874,jawi
65cMUrwL.png,pegon,5,0.020908583,0.02247549,0.9566159,pegon
gRmsJmyW.png,pegon,1,0.011096072,0.010342677,0.9785613,pegon
4FPKdKNU.png,pegon,1,0.053182937,0.090998866,0.85581815,pegon
RZkMZLlR.png,sunda,3,0.009468755,0.9839274,0.0066038044,jawi
itczxM2C.png,jawa,4,0.982222,0.005829109,0.011948882,jawa
5PU3ryc2.png,jawi,2,0.01929872,0.9621962,0.0185051,jawi
pOOwknRk.png,jawa,1,0.97624296,0.010940819,0.012816119,jawa
5nscBfx1.png,pegon,4,0.0029915401,0.00813185,0.98887664,pegon
4KD0VpMJ.png,lampung,2,0.16223472,0.6675371,0.1702282,jawi
0ztmF3S4.png,lontara,1,0.9357106,0.051340207,0.012949184,jawa
Fx6l90YI.png,lampung,1,0.13024038,0.3067769,0.56298274,pegon
R8jgEFwX.png,bali,1,0.9279844,0.059556246,0.012459309,jawa
HwlPgS0L.png,jawi,2,0.015218422,0.9638582,0.020923354,jawi
DMe5Qo5t.png,lontara,5,0.910717,0.0800892,0.009193798,jawa
CJejAjkr.png,lampung,5,0.03328895,0.08178969,0.8849214,pegon
9cJ8Ej6R.png,lampung,2,0.31852698,0.43873593,0.24273704,jawi
27YE7m0I.png,sunda,3,0.500104,0.39349568,0.10640033,jawa
bszPh1wm.png,lampung,5,0.9474184,0.007219514,0.04536216,jawa
8mASCnig.png,bali,2,0.015115198,0.96860504,0.016279709,jawi
Vl3ILnER.png,lampung,1,0.11400792,0.028956207,0.8570359,pegon
XQfpd6Da.png,lampung,1,0.025721965,0.059543118,0.91473496,pegon
xsXFBU8Z.png,jawi,1,0.029774752,0.9335301,0.036695167,jawi
jWJqpHVn.png,sunda,4,0.18629572,0.76907,0.044634286,jawi
aOGR5fvM.png,jawa,5,0.9743489,0.011806892,0.013844156,jawa
gmBl4gXt.png,jawi,3,0.024358658,0.95698315,0.018658202,jawi
YbpuyUsU.png,pegon,3,0.021543823,0.024966877,0.9534893,pegon
BPWOyNu3.png,jawa,4,0.97545516,0.008341019,0.016203836,jawa
Yf2pH5hz.png,lontara,3,0.6978065,0.29677117,0.0054222993,jawa
kl3fdfJ5.png,jawi,4,0.028582156,0.9492881,0.022129757,jawi
jLxiHQp3.png,pegon,3,0.014601179,0.04423431,0.94116455,pegon
XkRUORB4.png,jawa,2,0.9746413,0.012066922,0.013291805,jawa
d0wmXGuX.png,bali,1,0.9679956,0.020931248,0.011073162,jawa
tXgcs1MD.png,bali,4,0.6373307,0.27931428,0.08335504,jawa
P0FG1OpY.png,jawi,2,0.013709571,0.97625047,0.010039937,jawi
gcVyA4TX.png,lampung,3,0.38967514,0.5524896,0.05783526,jawi
lSdRDE8v.png,bali,3,0.26879174,0.703605,0.027603315,jawi
3XxZii95.png,lampung,3,0.97831136,0.0064516994,0.015236878,jawa
6PeP0Fvf.png,jawa,2,0.9764038,0.0121954605,0.01140077,jawa
Xgif1P74.png,jawa,2,0.98505336,0.006084726,0.008861874,jawa
AFxzf44w.png,pegon,2,0.025733128,0.018955898,0.955311,pegon
YD84yjTo.png,lampung,3,0.9745093,0.017554889,0.007935824,jawa
rPC2TpLe.png,jawi,3,0.008317802,0.98613054,0.0055516833,jawi
DwKPhBbx.png,jawa,1,0.97419703,0.014032545,0.011770519,jawa
qEn2KS9r.png,lampung,1,0.10540723,0.2769578,0.61763495,pegon
maPdKjah.png,jawi,5,0.017836103,0.95778483,0.024379063,jawi
V0TPz3Ss.png,jawa,1,0.97569853,0.015480774,0.008820681,jawa
ReC2eEDA.png,jawi,1,0.020219771,0.9507459,0.029034283,jawi
cQw5VDsP.png,pegon,1,0.02141194,0.017890345,0.96069765,pegon
2O9Ur6gz.png,lampung,1,0.0244547,0.16413365,0.8114116,pegon
x1dqUZG1.png,sunda,5,0.042650823,0.928993,0.028356135,jawi
3djH1cav.png,pegon,4,0.03177964,0.03493721,0.9332832,pegon
Prpg6SHF.png,pegon,2,0.005956298,0.004018443,0.9900253,pegon
VjSj7azy.png,lontara,4,0.2503459,0.73977023,0.009883927,jawi
rYJw0Q7o.png,lampung,5,0.018148506,0.019584926,0.96226645,pegon
DB2MdSy4.png,lampung,2,0.13715035,0.845188,0.01766164,jawi
CljvbC1u.png,jawa,3,0.9697725,0.013212496,0.017014956,jawa
JQRvYyh3.png,bali,2,0.527955,0.4533513,0.018693775,jawa
ADMvshXk.png,pegon,3,0.026821943,0.049574576,0.9236035,pegon
QS8wDcom.png,jawi,4,0.19135529,0.7755531,0.033091605,jawi
bes2eX5Z.png,jawa,5,0.98041576,0.011052152,0.008532106,jawa
fPdfHQBL.png,jawa,3,0.98505855,0.008140101,0.0068013095,jawa
zoncUr23.png,bali,1,0.5047137,0.4853784,0.009907848,jawa
LuOtAefB.png,sunda,3,0.014669194,0.95762914,0.027701644,jawi
Wy5AUVBj.png,lontara,5,0.21864039,0.7640621,0.01729752,jawi
YvfGyT60.png,lampung,5,0.26165092,0.15742585,0.5809232,pegon
uJnE05N6.png,pegon,5,0.030872678,0.8685157,0.10061164,jawi
k05hCP0Y.png,sunda,4,0.84366524,0.12873434,0.027600499,jawa
BgKT7Vpv.png,jawi,4,0.008683653,0.9852423,0.0060740183,jawi
zpWCPise.png,jawi,2,0.025978174,0.95410365,0.019918157,jawi
Sl5AzO37.png,jawi,3,0.016228093,0.96270955,0.02106233,jawi
EdXYvBaw.png,sunda,3,0.0033251413,0.99106264,0.005612238,jawi
epouWi6u.png,lontara,5,0.028146997,0.95840716,0.013445859,jawi
1Fo1hcmE.png,jawi,5,0.027148504,0.9504979,0.022353569,jawi
2Uwz8K8y.png,bali,3,0.24069445,0.7317257,0.027579848,jawi
sNZ1z3zl.png,lontara,1,0.9014992,0.0562959,0.042204875,jawa
38CgWZV2.png,jawa,1,0.9555798,0.02125632,0.023163823,jawa
mGfhjFt9.png,sunda,2,0.010109914,0.88206553,0.107824564,jawi
btYCjMRA.png,jawa,2,0.9775908,0.013228278,0.009180874,jawa
Gz4I4XjD.png,pegon,1,0.022716518,0.018869475,0.958414,pegon
FLHb8XJB.png,bali,5,0.060020413,0.9272596,0.012719943,jawi
RJwKp6HZ.png,sunda,3,0.002628165,0.9921554,0.005216532,jawi
9rnjtGux.png,lontara,5,0.31621295,0.66421336,0.01957375,jawi
7xPdHFbr.png,jawi,3,0.0040610093,0.9917572,0.004181744,jawi
SJEewbEx.png,pegon,4,0.0065584728,0.008604129,0.9848375,pegon
HulT4cSc.png,lontara,3,0.7427254,0.15690474,0.10036982,jawa
1l0vFlxi.png,sunda,5,0.22618629,0.7458125,0.028001208,jawi
mMEs4Pfd.png,lampung,1,0.08999642,0.82315856,0.08684504,jawi
FBfNUjwK.png,bali,3,0.12552759,0.85531586,0.019156514,jawi
aC5zUSwR.png,lampung,2,0.20083864,0.48178688,0.3173745,jawi
zpogM76A.png,jawi,1,0.022830123,0.9566451,0.020524833,jawi
XmssUrOJ.png,lampung,1,0.16697505,0.41468215,0.4183429,pegon
CpF1ZOE0.png,jawa,4,0.97885895,0.009174847,0.0119662555,jawa
pcYhZYvT.png,sunda,3,0.0031709014,0.99238354,0.004445563,jawi
RWhAtFiJ.png,pegon,2,0.019216493,0.018937051,0.9618464,pegon
YAkk8vKD.png,lampung,2,0.09407784,0.365334,0.54058814,pegon
Z9eJh1UX.png,lontara,4,0.5912979,0.3696636,0.03903843,jawa
R2SuQszw.png,jawi,1,0.023008764,0.9491831,0.027808126,jawi
RysCA3v7.png,lampung,1,0.044275228,0.050662752,0.905062,pegon
AeKggR1s.png,bali,4,0.68233776,0.28765312,0.03000912,jawa
ScXV5YHf.png,jawi,3,0.0037501608,0.990263,0.0059868903,jawi
3IaW9uiK.png,bali,2,0.11040574,0.879933,0.009661289,jawi
XtFsaTdz.png,jawi,3,0.007133928,0.98591787,0.006948285,jawi
pFod0o3g.png,pegon,2,0.018891329,0.015002762,0.9661058,pegon
7RQSIIgQ.png,sunda,2,0.08109614,0.9044966,0.01440723,jawi
xJqB0dmD.png,jawi,3,0.0065487716,0.97954684,0.013904427,jawi
lN1IKLWA.png,lampung,5,0.28878304,0.27918154,0.43203548,pegon
p4HaeNMn.png,jawi,4,0.017577345,0.9748035,0.0076192156,jawi
1sl9l18q.png,jawi,5,0.023539161,0.95881355,0.017647242,jawi
GcreyZHm.png,jawi,5,0.026413726,0.95973504,0.013851257,jawi
9aczqg2U.png,pegon,1,0.023892319,0.029159356,0.94694835,pegon
i6b1YQ4r.png,lampung,4,0.039551444,0.8975533,0.06289517,jawi
5FTxbhnl.png,jawa,3,0.94271976,0.024160199,0.033119965,jawa
7RtpHWlV.png,bali,2,0.094285436,0.90113133,0.0045832163,jawi
l1rEYcq8.png,jawi,2,0.007639198,0.97736007,0.015000707,jawi
l2s10RX0.png,bali,4,0.9349501,0.05264336,0.012406588,jawa
ptw7Yu7X.png,sunda,5,0.028969353,0.9598018,0.011228831,jawi
vJJY2G1Y.png,bali,2,0.41598913,0.56858975,0.015421109,jawi
AfVBrFuS.png,pegon,4,0.00621605,0.006934505,0.9868494,pegon
hF0BPMOq.png,jawi,5,0.023477636,0.9553741,0.021148229,jawi
72Yjhcyc.png,sunda,5,0.3489358,0.6296852,0.021378966,jawi
TWiNr50L.png,sunda,1,0.39973253,0.4200939,0.18017358,jawi
aOh7jxHY.png,pegon,3,0.033915687,0.0072919303,0.9587924,pegon
Yh37feWW.png,lampung,5,0.41074717,0.28378782,0.305465,jawa
qqEBaRIm.png,bali,4,0.882062,0.09733521,0.020602787,jawa
94x3hWHI.png,lontara,3,0.6840384,0.3054731,0.010488504,jawa
A966j992.png,jawi,4,0.017510697,0.9513948,0.031094493,jawi
5GhVgAak.png,jawa,2,0.9691094,0.013986551,0.016903985,jawa
0m8t0L4t.png,lampung,1,0.089576684,0.35251394,0.55790937,pegon
OKUAqp6h.png,bali,5,0.9839302,0.008774312,0.0072955023,jawa
Jxkvi71P.png,sunda,1,0.1610395,0.824341,0.014619523,jawi
Whyt5aP5.png,pegon,2,0.026517414,0.0104504945,0.9630321,pegon
sk6qzcDo.png,jawa,5,0.96327907,0.0129331825,0.023787765,jawa
ij195WeL.png,jawa,4,0.67577225,0.2937133,0.030514432,jawa
MuLHSUc0.png,bali,3,0.122559465,0.84431696,0.033123624,jawi
y0ng3Odc.png,lampung,4,0.17463139,0.3722987,0.45306993,pegon
4nQu2nGP.png,lampung,1,0.9090105,0.03147128,0.059518218,jawa
zijPMrku.png,bali,4,0.021418555,0.96193326,0.01664824,jawi
Ib8wHogP.png,lampung,3,0.19715264,0.6151817,0.18766563,jawi
IcAaqtw9.png,bali,4,0.8311822,0.12690699,0.041910827,jawa
ph4MtWkM.png,lampung,2,0.043405432,0.077076875,0.8795177,pegon
gKQbxd8G.png,jawi,5,0.017298155,0.9687344,0.013967492,jawi
tUInmlTG.png,jawi,2,0.023149058,0.95403856,0.02281243,jawi
25CIphH2.png,sunda,4,0.21641439,0.74519455,0.038391076,jawi
hSx9m7SH.png,jawi,1,0.025230046,0.9476756,0.027094338,jawi
vzw3lVZp.png,pegon,4,0.009409004,0.011917349,0.97867376,pegon
x6xV4PfV.png,jawa,4,0.96926695,0.01480403,0.015929004,jawa
OyD9xAac.png,sunda,1,0.04565899,0.93791705,0.016423933,jawi
CAuoBmoO.png,jawa,3,0.9659465,0.011970958,0.022082562,jawa
3iNOdscO.png,pegon,4,0.0049774814,0.014459192,0.9805633,pegon
bPk5Zpz2.png,jawa,5,0.9713524,0.014435709,0.014211904,jawa
SOJJClTE.png,jawi,4,0.033044145,0.9516488,0.0153070465,jawi
IULBi4IA.png,pegon,5,0.017609004,0.011536995,0.9708539,pegon
p2GA3b1V.png,lampung,5,0.0706581,0.9043073,0.025034508,jawi
UfM3Zs6C.png,jawa,1,0.9743939,0.014173117,0.011432991,jawa
M67w0XRo.png,lampung,5,0.042719994,0.14409709,0.81318295,pegon
x2hMHc7Q.png,sunda,1,0.009192324,0.9769001,0.0139075415,jawi
npr9gVDN.png,pegon,2,0.013051466,0.009147052,0.9778015,pegon
jBZsnwCX.png,sunda,5,0.04367162,0.94198316,0.014345225,jawi
pGgXKvds.png,jawa,5,0.9723337,0.011275901,0.016390326,jawa
aDnHuOoQ.png,lampung,3,0.9291671,0.008277868,0.062555015,jawa
BbGNS8eS.png,bali,3,0.21705197,0.74529445,0.037653573,jawi
zgatQJ4l.png,lontara,4,0.93518007,0.052862395,0.011957563,jawa
KJhioPLX.png,jawa,1,0.96992785,0.013318257,0.016753847,jawa
WvI94pUL.png,sunda,2,0.009472144,0.9862039,0.004323977,jawi
ku1tBiCe.png,lampung,5,0.18646604,0.35517022,0.45836377,pegon
bboHMM0A.png,jawa,2,0.972354,0.012953429,0.014692499,jawa
gfZvoMRQ.png,jawa,1,0.97553396,0.013008489,0.011457552,jawa
GKpgefAG.png,pegon,1,0.012086519,0.01833997,0.96957344,pegon
8oon1AOL.png,sunda,1,0.028539605,0.8956788,0.075781584,jawi
yu5sWTqw.png,pegon,5,0.016621081,0.016427439,0.9669515,pegon
wp5IebUs.png,pegon,5,0.016368112,0.020172484,0.96345943,pegon
1c6UAk1c.png,lampung,4,0.77953273,0.05999382,0.16047342,jawa
xToYNeIh.png,lontara,2,0.96552503,0.029071037,0.0054039233,jawa
ZmOhoW6e.png,jawa,3,0.93334126,0.037265494,0.029393192,jawa
iMo0Inv4.png,jawi,5,0.030082159,0.948711,0.021206824,jawi
sjqecFtC.png,jawa,5,0.98398584,0.0069076335,0.009106553,jawa
aMvUIy3k.png,bali,4,0.9059957,0.0673836,0.026620746,jawa
gXVr1Ut2.png,sunda,5,0.059517488,0.9143412,0.026141299,jawi
GPaYfSjo.png,lontara,5,0.8299414,0.1455531,0.024505416,jawa
2hPccPXH.png,pegon,1,0.026904149,0.01818649,0.9549094,pegon
sRAD4uU4.png,jawa,4,0.963,0.019258337,0.017741611,jawa
ytCIwvqi.png,pegon,2,0.018029533,0.024143217,0.95782727,pegon
ds0Rv5xS.png,jawa,2,0.9666572,0.018920582,0.01442216,jawa
Ebcwkptt.png,lampung,3,0.10089728,0.72189265,0.17721,jawi
HqbMRYKB.png,bali,4,0.7467875,0.22692478,0.026287695,jawa
sKxuojm1.png,pegon,2,0.019139884,0.015334337,0.9655257,pegon
MyTRcJHD.png,jawi,1,0.02088645,0.964981,0.014132479,jawi
cL4qmKGv.png,jawi,1,0.020963907,0.95261276,0.026423335,jawi
dMIVzKI1.png,jawa,2,0.97180825,0.013435609,0.014756128,jawa
y5Cbtm2F.png,sunda,2,0.18566246,0.7988385,0.015499009,jawi
cpy0mqRH.png,jawa,2,0.9795615,0.011020976,0.0094175385,jawa
5qLDYIHu.png,pegon,5,0.018932385,0.017578125,0.9634894,pegon
bt2pgdc4.png,jawi,4,0.0092066,0.9860911,0.004702271,jawi
8zTiajrD.png,bali,5,0.016167022,0.95441496,0.029417988,jawi
OcXPaFQX.png,jawa,5,0.9663343,0.0122957295,0.021369964,jawa
oexmhpcS.png,pegon,4,0.005506288,0.020239752,0.97425395,pegon
uWYxvBxT.png,sunda,4,0.070723824,0.9120248,0.017251408,jawi
nvF8ihif.png,pegon,4,0.022265403,0.02728014,0.9504544,pegon
5Fob69NG.png,sunda,2,0.052851625,0.83975774,0.10739062,jawi
4xzqprgr.png,lontara,5,0.697392,0.24558583,0.057022236,jawa
colIrVVm.png,bali,5,0.37240326,0.6194094,0.008187385,jawi
c9VKGxzS.png,bali,5,0.23380667,0.7584315,0.007761854,jawi
E70NXbS8.png,pegon,4,0.009698735,0.011573906,0.9787274,pegon
0dNfMpe1.png,jawi,3,0.008613967,0.9773358,0.014050286,jawi
xYIIG4tQ.png,lampung,3,0.8585596,0.12808168,0.013358731,jawa
ZJ0kth28.png,lontara,2,0.8640369,0.111090586,0.024872528,jawa
yRUSIFjf.png,lampung,4,0.53614527,0.0777309,0.38612384,jawa
j8dx6Zln.png,pegon,5,0.022042183,0.021280726,0.956677,pegon
vnAAIaMY.png,lontara,5,0.41319075,0.5543824,0.03242687,jawi
fSBAT1m3.png,jawa,4,0.9740757,0.010195216,0.0157291,jawa
2VHtGRxd.png,pegon,4,0.036876883,0.036804933,0.9263182,pegon
a7yUAJ7K.png,bali,2,0.97769606,0.017785136,0.004518796,jawa
4kSSKwSN.png,jawa,1,0.9756594,0.013554877,0.010785802,jawa
SUO3xFYL.png,jawi,2,0.015250287,0.9706041,0.014145592,jawi
e7fBnNyr.png,pegon,1,0.014170222,0.020159625,0.96567017,pegon
pPtF9QzV.png,jawi,5,0.006685011,0.9873109,0.00600412,jawi
n1sF4wDz.png,sunda,5,0.06430187,0.9198709,0.015827252,jawi
M2q64lbf.png,jawa,3,0.9677453,0.017416026,0.014838641,jawa
x2pi1ou6.png,pegon,5,0.019884208,0.02297616,0.9571396,pegon
pSMo6WPe.png,jawi,2,0.01579684,0.9546764,0.029526796,jawi
l8Foig7d.png,lampung,4,0.119002774,0.5627625,0.31823474,jawi
g6DmnHBa.png,jawa,3,0.9704695,0.009131813,0.020398784,jawa
Jac8kKHI.png,lampung,2,0.27354947,0.3926076,0.333843,jawi
ApGZUhvx.png,bali,2,0.17111012,0.8207171,0.008172734,jawi
n6DIOWKo.png,bali,2,0.10962835,0.86313623,0.02723541,jawi
ZWrtcfSX.png,pegon,1,0.01322433,0.010430701,0.976345,pegon
Xg2eO0k1.png,lampung,4,0.20224011,0.047583934,0.7501759,pegon
A5hU2GMk.png,pegon,4,0.010667168,0.004412132,0.9849207,pegon
ATlAKpHJ.png,lampung,1,0.05862264,0.8861988,0.05517854,jawi
uvQsZue4.png,jawa,2,0.97013813,0.018785825,0.011076018,jawa
uvtlN1E1.png,bali,4,0.95945036,0.029114706,0.011434935,jawa
nBQqkb60.png,bali,4,0.9335919,0.018964238,0.047443863,jawa
ibMNVmSQ.png,jawi,3,0.0076528536,0.9867864,0.005560804,jawi
5kP9dIAZ.png,lampung,3,0.7521581,0.17336813,0.07447374,jawa
PivFJPak.png,pegon,4,0.055475768,0.048316,0.8962083,pegon
PFzxaW30.png,lampung,5,0.005623466,0.10073256,0.89364403,pegon
fIBhv3nu.png,pegon,2,0.0177351,0.013961282,0.9683036,pegon
h9dwI4gF.png,sunda,2,0.03398896,0.9594573,0.006553765,jawi
zPERuXlU.png,lontara,5,0.9405047,0.052467093,0.007028212,jawa
rH2Ta1l1.png,pegon,1,0.014900116,0.01807859,0.9670213,pegon
PRB6Tmya.png,sunda,5,0.13783056,0.8298053,0.032364123,jawi
5R2Txw3W.png,pegon,1,0.008824907,0.011188459,0.9799867,pegon
bfdOXhPS.png,pegon,5,0.010156384,0.008998058,0.9808456,pegon
ZzKtrE21.png,lontara,3,0.37331423,0.6104032,0.016282588,jawi
tZ8LPVl7.png,pegon,5,0.024707276,0.026172651,0.9491201,pegon
D7umVvzR.png,bali,3,0.33715895,0.63809925,0.024741793,jawi
Nkt5Obtl.png,jawa,5,0.97897846,0.009467244,0.011554287,jawa
CqTBo31E.png,pegon,1,0.026407473,0.012208869,0.96138364,pegon
GcptziN8.png,sunda,2,0.013492847,0.91324425,0.07326289,jawi
hsiSqbDw.png,lampung,1,0.0197726,0.008739831,0.9714875,pegon
xICf64rF.png,pegon,4,0.0062612006,0.0045629335,0.98917574,pegon
ELmNvfYZ.png,jawi,3,0.0059219366,0.9872018,0.0068762787,jawi
0S4eyP6k.png,sunda,2,0.37539142,0.62012583,0.004482742,jawi
Ia18hF5j.png,bali,3,0.2410513,0.72765726,0.031291474,jawi
kcAoxqsi.png,lampung,4,0.33436394,0.58897996,0.07665614,jawi
zPa40sOZ.png,jawa,3,0.9165331,0.026538754,0.05692813,jawa
yLzCJpjp.png,lampung,3,0.74970514,0.041396465,0.20889837,jawa
VMhdfNzz.png,sunda,4,0.17166732,0.8031385,0.025194181,jawi
DVugFizb.png,jawi,1,0.031517282,0.93374926,0.034733478,jawi
BZ0Y81JW.png,sunda,3,0.060269915,0.9295243,0.01020578,jawi
rcrwfHkk.png,jawa,5,0.97513247,0.010276286,0.014591292,jawa
DlIIISAR.png,jawi,3,0.0066076275,0.9486326,0.04475981,jawi
ccgEAW9z.png,lontara,4,0.89813864,0.0867512,0.0151101025,jawa
IZEsqdCg.png,lontara,2,0.91996634,0.07388327,0.0061504454,jawa
LzvDXemu.png,jawa,4,0.9755937,0.004771848,0.019634428,jawa
TSdoCoZj.png,jawi,3,0.018927941,0.9765232,0.004548775,jawi
Y4ZGNvzd.png,jawa,2,0.96876097,0.0138727175,0.017366337,jawa
0pPSuyux.png,jawi,3,0.014304971,0.9758055,0.009889429,jawi
iPcR88Bu.png,lampung,4,0.17853607,0.75959754,0.06186634,jawi
paGLwwWa.png,pegon,4,0.0068331095,0.00832319,0.9848438,pegon
Dypm9PJB.png,sunda,5,0.017264511,0.96874064,0.013994889,jawi
tSXywCNi.png,jawi,1,0.018605815,0.9617809,0.019613313,jawi
hq5oPrmk.png,lontara,2,0.5730671,0.35747987,0.06945307,jawa
0ApdsSMW.png,lontara,2,0.7329846,0.26314646,0.0038689538,jawa
m9Tt3l86.png,bali,5,0.04384756,0.9476273,0.008525177,jawi
Dr4rOkbf.png,sunda,3,0.045979973,0.9325955,0.02142448,jawi
Z8YPxggW.png,bali,5,0.21347815,0.77592963,0.010592186,jawi
k4aSaiW1.png,sunda,4,0.5725521,0.40402266,0.023425253,jawa
qhE4w58k.png,lampung,1,0.5270001,0.20317665,0.26982325,jawa
NIghSYFP.png,jawi,3,0.0069218157,0.986006,0.007072135,jawi
X83737YX.png,bali,5,0.6645376,0.32832807,0.0071342834,jawa
PO6LvZQp.png,sunda,4,0.0038946446,0.9909508,0.0051545296,jawi
9Ur7xb8e.png,lontara,1,0.9355653,0.046875667,0.017558971,jawa
2TQSRKo9.png,sunda,2,0.12620717,0.86859757,0.005195222,jawi
mbX4NWWu.png,jawi,4,0.00666133,0.9905618,0.0027768554,jawi
ZX84e05Z.png,pegon,3,0.020284064,0.64409316,0.33562282,jawi
flpOGZgZ.png,lampung,1,0.07009883,0.022176366,0.9077248,pegon
Dsl7p1lL.png,pegon,4,0.004831732,0.009258995,0.9859093,pegon
U1s9G7Di.png,jawa,4,0.9694192,0.011587644,0.018993178,jawa
4nsHCHSl.png,sunda,3,0.2562974,0.7376485,0.006054084,jawi
zmNJwFQF.png,jawi,5,0.022429397,0.95465416,0.022916496,jawi
UWX4sYUh.png,lontara,2,0.051716406,0.94210696,0.0061766435,jawi
q8KlJi1r.png,lampung,2,0.36443502,0.21814604,0.417419,pegon
iCmbW1sw.png,jawi,2,0.017885143,0.96417725,0.01793762,jawi
4xNkMaCQ.png,pegon,4,0.007592993,0.0046962164,0.9877108,pegon
lEQ3UriU.png,sunda,1,0.021303365,0.9567599,0.02193672,jawi
2GTHveOK.png,jawi,3,0.004207187,0.99196213,0.0038306876,jawi
MCLCT03C.png,bali,2,0.20318401,0.78422654,0.012589485,jawi
V3lw2d1t.png,pegon,3,0.016288457,0.007938361,0.9757732,pegon
rIgDo87I.png,bali,5,0.031309042,0.9631185,0.0055724382,jawi
Wk83Jnyf.png,sunda,2,0.77427053,0.20900351,0.016725933,jawa
W8NBCUdg.png,lampung,3,0.08915739,0.32146028,0.58938235,pegon
7DQyWYpl.png,lontara,3,0.9172777,0.07202236,0.010699943,jawa
RFPBFqa2.png,lampung,1,0.76313794,0.13931745,0.09754462,jawa
z3euudDo.png,pegon,5,0.009160278,0.010667698,0.9801721,pegon
9SdBqEUb.png,jawa,4,0.9841749,0.004870565,0.010954571,jawa
I23QhO2e.png,lampung,1,0.031414863,0.9082675,0.060317665,jawi
McCfOUNp.png,jawi,2,0.024434648,0.96184534,0.013719986,jawi
wbwQ6MTj.png,jawi,4,0.0044159326,0.98769635,0.007887642,jawi
pR0Zg6U7.png,sunda,4,0.07425663,0.90950286,0.01624049,jawi
A1xEUOb2.png,sunda,5,0.04063441,0.94307554,0.01629002,jawi
a9jsE8UY.png,pegon,2,0.019765038,0.01667637,0.96355855,pegon
nlH7JszY.png,jawa,5,0.9666131,0.012627888,0.02075896,jawa
ydc5sUGE.png,lampung,2,0.8358041,0.15381756,0.010378355,jawa
mdX822jc.png,jawi,1,0.022883503,0.9523493,0.02476714,jawi
1RdSjBkc.png,jawa,3,0.98307204,0.012147553,0.004780335,jawa
uCZxKgj0.png,jawa,4,0.94872975,0.028204994,0.02306525,jawa
EkhCJ86Y.png,sunda,5,0.29798925,0.36373618,0.3382746,jawi
5H1E66iM.png,bali,5,0.9672317,0.025178755,0.007589623,jawa
S00gQLIh.png,bali,3,0.97367305,0.021764807,0.004562151,jawa
uJbEMswM.png,lontara,2,0.4106387,0.58192784,0.0074334857,jawi
p5aGyCTw.png,jawa,1,0.9781215,0.012728417,0.009150046,jawa
SFTZbwBD.png,lontara,2,0.90871537,0.04667842,0.044606153,jawa
jqkobH59.png,bali,3,0.79033977,0.18321694,0.026443278,jawa
sTSoLsbN.png,sunda,5,0.5693129,0.3895669,0.04112024,jawa
bopiDX32.png,lampung,5,0.38904437,0.37097958,0.23997603,jawa
17QqJVl4.png,lampung,2,0.6239043,0.3378884,0.03820736,jawa
v7LSyNtO.png,sunda,2,0.017086074,0.97002923,0.012884656,jawi
4s89bWS7.png,jawa,3,0.19532058,0.10421628,0.7004632,pegon
lNPnnzqm.png,pegon,1,0.013767873,0.017251926,0.9689801,pegon
jUQOcpkK.png,jawa,4,0.9912021,0.0033256093,0.005472304,jawa
7xQzu2j4.png,sunda,1,0.009611672,0.9823339,0.008054415,jawi
Is6GuW1e.png,jawa,3,0.9607826,0.0155144455,0.023702955,jawa
xXS2XH4i.png,pegon,2,0.031331077,0.023975495,0.9446934,pegon
0S3gToBk.png,lontara,2,0.8728365,0.12151874,0.0056447876,jawa
KIZGqQjz.png,jawa,5,0.9713932,0.013403666,0.015203182,jawa
GODf94LL.png,lampung,3,0.680349,0.14670536,0.17294557,jawa
tU5mDdLY.png,jawi,4,0.03665893,0.9472947,0.01604641,jawi
JJGTm10Z.png,bali,2,0.8953169,0.094891295,0.009791872,jawa
DehKXjv5.png,jawi,5,0.016077697,0.9725992,0.011323126,jawi
tma1E03Y.png,jawa,3,0.96691006,0.018307459,0.014782461,jawa
PkOqGdW1.png,lampung,1,0.21017875,0.55577886,0.2340424,jawi
GyCiv0pf.png,jawi,3,0.005373993,0.9896897,0.0049362713,jawi
ZhfqRkk5.png,jawa,4,0.9773548,0.006847696,0.01579747,jawa
nOauZuLe.png,bali,5,0.41763365,0.5739118,0.00845453,jawi
bN2BJT3o.png,lampung,2,0.96250874,0.032290325,0.0052009434,jawa
rLCO2UUv.png,sunda,1,0.18337974,0.8018334,0.014786829,jawi
vVYH6fgH.png,pegon,4,0.003425489,0.008945988,0.9876286,pegon
F9r0oNA8.png,lontara,3,0.92963964,0.05693033,0.013430018,jawa
vvhqSb3g.png,jawa,3,0.97632784,0.008774803,0.014897319,jawa
YtvX1nfe.png,sunda,1,0.008067838,0.98301053,0.008921565,jawi
i66QDvMv.png,bali,4,0.8442182,0.13460593,0.02117591,jawa
eM7c6GtM.png,jawi,2,0.016316555,0.9670126,0.0166709,jawi
TDteLaT9.png,lampung,1,0.6845777,0.06324185,0.25218046,jawa
DGrKKKu1.png,lampung,3,0.7761644,0.16111183,0.0627237,jawa
WayzUyFj.png,sunda,2,0.22564659,0.730444,0.04390943,jawi
RXauvx92.png,bali,5,0.072415724,0.9216124,0.0059718825,jawi
BALJdZgw.png,sunda,2,0.17608823,0.78965443,0.034257315,jawi
O75nnVBd.png,pegon,2,0.019545484,0.013538762,0.96691585,pegon
ItjwaAmt.png,sunda,2,0.17180614,0.81385857,0.014335288,jawi
bExhPDJN.png,lampung,1,0.067418985,0.12909968,0.80348134,pegon
g55Aoanh.png,lampung,1,0.75323755,0.14467333,0.102089055,jawa
J7zqsaF2.png,lampung,4,0.270142,0.5000311,0.22982693,jawi
ZQ10R4X7.png,sunda,4,0.19406216,0.79518825,0.010749594,jawi
0rWg9UMU.png,pegon,1,0.01692113,0.012986556,0.97009224,pegon
2uEW8ErF.png,sunda,5,0.06777872,0.9057629,0.02645842,jawi
dC0GTu83.png,pegon,4,0.0047484804,0.007219386,0.9880321,pegon
XJqivw43.png,jawa,5,0.96946925,0.012529877,0.01800088,jawa
9Q3zMmm2.png,pegon,2,0.024326729,0.023670558,0.9520027,pegon
NDA1xh06.png,lampung,3,0.661761,0.31805947,0.020179557,jawa
GToDW9I6.png,jawi,4,0.011478888,0.9792614,0.009259646,jawi
gyJqieUo.png,lampung,3,0.08352873,0.7870995,0.1293718,jawi
KuebJatg.png,bali,4,0.5763587,0.39981726,0.023824038,jawa
20hRD1Xv.png,jawi,3,0.03385961,0.9455934,0.02054692,jawi
Sb4HWpn3.png,lontara,3,0.7067953,0.2734268,0.01977798,jawa
o0ZwMu7j.png,sunda,2,0.3949378,0.54391706,0.06114511,jawi
y3xd5WWK.png,jawi,1,0.024577519,0.9552647,0.020157775,jawi
XcIHwaT1.png,sunda,4,0.0821439,0.32927734,0.5885788,pegon
mk4hXieL.png,bali,4,0.87513524,0.07866503,0.04619965,jawa
W8uk8UMu.png,jawi,5,0.0128832245,0.9718176,0.015299206,jawi
84Iqq2ld.png,lontara,1,0.7182777,0.25467572,0.027046548,jawa
8r7QEfed.png,lontara,1,0.07216178,0.9170361,0.0108021,jawi
OyHDygma.png,pegon,3,0.022193698,0.021115426,0.95669085,pegon
Adq28TYF.png,lampung,2,0.058440752,0.10430916,0.8372501,pegon
SBNMsD4P.png,lampung,3,0.908595,0.047130253,0.044274777,jawa
DLb6RNGo.png,bali,1,0.47713497,0.51064295,0.012222135,jawi
B0ML6i63.png,jawi,3,0.005861991,0.9819919,0.012146061,jawi
EM1c15Bv.png,pegon,1,0.010928883,0.012940403,0.9761307,pegon
CXKWVvFV.png,sunda,2,0.10955105,0.88438433,0.0060646078,jawi
7lcf252t.png,pegon,3,0.02389379,0.036469277,0.93963695,pegon
sFb6GsbY.png,jawa,2,0.9656196,0.021250146,0.013130246,jawa
lDno9Wlx.png,pegon,2,0.02702022,0.028819107,0.9441607,pegon
Imn7kJmL.png,bali,4,0.8004607,0.16588153,0.03365771,jawa
mduWqzzz.png,pegon,1,0.011969206,0.014650663,0.9733801,pegon
xthiI2CI.png,lontara,5,0.6986039,0.24234639,0.059049778,jawa
COzWzODR.png,jawa,1,0.7340815,0.046245847,0.21967256,jawa
iynQhyGG.png,jawi,1,0.026281977,0.9429012,0.030816896,jawi
389yJzRv.png,pegon,2,0.020023534,0.015188538,0.9647879,pegon
NW10VoCB.png,jawa,1,0.9756565,0.017151661,0.0071918927,jawa
V3TflOZW.png,jawi,1,0.023449602,0.95144176,0.025108663,jawi
0XCagPaE.png,jawi,5,0.021812346,0.9616099,0.01657776,jawi
pd0hSGlV.png,jawa,3,0.95202315,0.018946081,0.02903073,jawa
3RYFvMxk.png,jawi,4,0.04052987,0.94802696,0.011443144,jawi
JPNSDZoX.png,sunda,2,0.0874502,0.9044918,0.008058038,jawi
6rm885ag.png,jawa,3,0.9628364,0.018391263,0.018772323,jawa
HS2aQ0lU.png,jawa,5,0.96602196,0.015953384,0.018024666,jawa
u8ERg1Aq.png,lampung,1,0.93666595,0.039539006,0.023794994,jawa
81peBbEt.png,pegon,2,0.01664725,0.014878843,0.9684739,pegon
b0xtRwtB.png,jawi,3,0.0032790247,0.9946489,0.002072098,jawi
VwTtEX0w.png,lampung,1,0.48563576,0.34993982,0.16442442,jawa
grjRZ1Z0.png,jawa,4,0.9014747,0.01001448,0.08851078,jawa
XCJLzxWW.png,jawi,3,0.0034052655,0.99143267,0.0051620747,jawi
cL8mHH6A.png,jawa,5,0.9762274,0.010994197,0.012778423,jawa
e4dw94Kd.png,lontara,4,0.6906385,0.26743755,0.041924004,jawa
bQ9SWQs2.png,jawi,2,0.00983329,0.9769216,0.013245068,jawi
BFEQiHsn.png,sunda,2,0.41899875,0.5727034,0.0082978215,jawi
6fFxulAC.png,jawi,1,0.011272556,0.9682556,0.02047185,jawi
JuEWGehj.png,pegon,5,0.022610955,0.016885282,0.9605038,pegon
PZ83s7ox.png,lampung,5,0.030074513,0.020529075,0.9493965,pegon
5jyFZ7pN.png,jawa,1,0.98559093,0.007909355,0.0064997063,jawa
xjJZPx5h.png,pegon,3,0.02572734,0.018243413,0.95602924,pegon
Df09U554.png,jawa,1,0.98067975,0.008167477,0.01115272,jawa
8PZnj079.png,lontara,2,0.5478138,0.43803665,0.014149587,jawa
uAhwermm.png,bali,4,0.9066139,0.08197353,0.011412584,jawa
kBsdC0HT.png,pegon,4,0.037454296,0.018041104,0.94450456,pegon
es7Le3DE.png,jawa,2,0.9102867,0.05247013,0.037243243,jawa
P53cua4K.png,sunda,3,0.01048524,0.9531137,0.036401045,jawi
Wj1itnd4.png,pegon,3,0.019358616,0.05965785,0.9209836,pegon
e9lqe71L.png,bali,4,0.9371065,0.04799598,0.014897529,jawa
kVpB2Xne.png,jawi,2,0.016547127,0.9654736,0.017979285,jawi
BPJZNUkB.png,pegon,3,0.02291491,0.0196961,0.9573889,pegon
aOrYQfky.png,sunda,2,0.022110133,0.9690433,0.008846485,jawi
CWt0ZiLs.png,jawi,3,0.003401269,0.99026906,0.0063296333,jawi
vm58jOMz.png,pegon,5,0.022649908,0.015191586,0.9621585,pegon
uzi58X3u.png,jawa,5,0.96894103,0.013807711,0.01725123,jawa
KBym4WmJ.png,lontara,4,0.95721465,0.017226512,0.025558775,jawa
IsKYcAfW.png,jawa,3,0.9711611,0.014891015,0.013947891,jawa
bX1CgGAP.png,jawa,1,0.9657268,0.017345788,0.016927434,jawa
gzyGOVh8.png,jawi,5,0.015793575,0.9723545,0.011851968,jawi
DKc9wqHs.png,lampung,4,0.22052297,0.2704874,0.50898963,pegon
2eDIkByX.png,jawa,2,0.9714432,0.016423358,0.0121335015,jawa
72zV8ZdJ.png,lampung,2,0.36557078,0.44831693,0.18611227,jawi
rjiITWLj.png,pegon,2,0.02191391,0.017642746,0.9604433,pegon
jgKs4P74.png,lampung,4,0.10302461,0.8356665,0.06130889,jawi
M4oFIeIr.png,bali,3,0.96440667,0.020935262,0.01465805,jawa
9ve90UkQ.png,jawi,2,0.020318875,0.90810025,0.071580835,jawi
bUajFn9H.png,lontara,3,0.7006495,0.27629408,0.023056444,jawa
pqSczqTJ.png,sunda,1,0.10878304,0.8792032,0.012013696,jawi
Hw6soxok.png,jawa,2,0.95973295,0.021017723,0.019249313,jawa
90lPg4YM.png,jawa,3,0.98006856,0.010834546,0.009096913,jawa
IEcahUzL.png,pegon,5,0.020463137,0.014524714,0.96501213,pegon
dmEVIQ3O.png,pegon,1,0.022110188,0.022002492,0.9558873,pegon
icT1SQIN.png,sunda,5,0.060406916,0.483327,0.45626613,jawi
uLDAj2U3.png,pegon,5,0.017922577,0.020588508,0.9614889,pegon
F5RCI0R7.png,jawi,5,0.07766804,0.87850815,0.043823853,jawi
KKYsJw9x.png,pegon,2,0.019026754,0.015514026,0.9654592,pegon
dl1f52E6.png,sunda,4,0.42060897,0.5591242,0.020266896,jawi
FgYxZOa3.png,lontara,5,0.8763973,0.10289084,0.020711776,jawa
XA0atqNo.png,lampung,4,0.21720612,0.6977347,0.08505914,jawi
pVmZIaky.png,lampung,5,0.5485201,0.42990816,0.021571739,jawa
jjo1jAHw.png,lampung,5,0.047764085,0.050993778,0.9012422,pegon
HFc4SvDg.png,lontara,1,0.9195736,0.06676021,0.013666201,jawa
zYS92vwD.png,sunda,3,0.09664627,0.88917667,0.014177044,jawi
5iF43mor.png,sunda,2,0.2609851,0.72271717,0.01629773,jawi
2YQgsrfv.png,pegon,5,0.013857198,0.018465687,0.96767724,pegon
pArvxMzZ.png,lampung,5,0.49672946,0.09596682,0.40730375,jawa
t8kiahEd.png,jawa,4,0.96402776,0.025753269,0.010218963,jawa
ZLQ5QBJ9.png,sunda,1,0.013135448,0.96129686,0.025567709,jawi
WVReOf7f.png,bali,5,0.5294147,0.45549348,0.0150918495,jawa
01pIIB2i.png,pegon,5,0.011223338,0.011478276,0.97729844,pegon
tlLY6Ggj.png,sunda,4,0.5529713,0.4219126,0.025116103,jawa
Ca48TFM7.png,jawa,3,0.969897,0.010382072,0.01972096,jawa
bjHbyQrn.png,lontara,3,0.94600236,0.041972335,0.012025276,jawa
dI0n4lYQ.png,jawa,2,0.97658676,0.009658638,0.013754531,jawa
JS2rkA46.png,lampung,2,0.6737989,0.2753476,0.050853416,jawa
lyweVvK0.png,lontara,2,0.07147916,0.85520357,0.07331729,jawi
CjHs9E39.png,lampung,2,0.49828258,0.21011226,0.29160514,jawa
8SkCMX3d.png,lampung,2,0.052457254,0.021792823,0.92574996,pegon
zpaHQ2Ne.png,jawi,5,0.027008772,0.9544193,0.018571904,jawi
wVzuPQ7F.png,sunda,5,0.1596964,0.83247036,0.007833285,jawi
P9kK0HwP.png,sunda,2,0.5692914,0.40408248,0.026626116,jawa
OkjBW7dA.png,jawi,1,0.008757287,0.6788988,0.31234393,jawi
LXBWvjSa.png,sunda,3,0.022116974,0.87658423,0.101298735,jawi
AcUSR7EQ.png,bali,5,0.14278613,0.8485885,0.008625364,jawi
yPagGO9e.png,bali,1,0.95133126,0.04534978,0.0033189857,jawa
76s0kCGm.png,jawa,5,0.9713482,0.012085015,0.016566722,jawa
rv3ENLzD.png,sunda,5,0.026470724,0.96462804,0.008901285,jawi
T2Au2QKx.png,pegon,4,0.0045991107,0.00807169,0.98732924,pegon
PxRwLyI5.png,lampung,2,0.97544515,0.021237012,0.0033177943,jawa
RPInnf8h.png,jawi,4,0.0064504775,0.98868996,0.004859576,jawi
W4GY91uz.png,bali,2,0.8100195,0.17968385,0.010296706,jawa
hPFhFSzp.png,jawi,1,0.022311501,0.9589553,0.018733205,jawi
luLUPmP3.png,pegon,5,0.035341337,0.018272283,0.9463864,pegon
1xeLgA9z.png,lontara,1,0.3188242,0.5271624,0.15401343,jawi
eOzMKBjv.png,bali,3,0.15954132,0.82006854,0.020390151,jawi
bPGE2YMF.png,jawi,5,0.030984784,0.95594025,0.013075017,jawi
OKBrFb5M.png,jawi,2,0.023769436,0.94946676,0.02676387,jawi
FUHlZ1io.png,pegon,5,0.015013894,0.01816335,0.9668227,pegon
yzmS4caJ.png,lampung,5,0.030531468,0.9018967,0.06757184,jawi
CKfMUSX7.png,pegon,5,0.023776319,0.020900726,0.955323,pegon
ygMdE1TE.png,jawi,2,0.007026332,0.9815353,0.011438325,jawi
NedGhGYE.png,lampung,4,0.24365039,0.62400854,0.13234112,jawi
gJ5lAJKL.png,lampung,2,0.33843064,0.023404596,0.63816476,pegon
Y92rSZeI.png,jawi,4,0.0043491013,0.98421484,0.011435999,jawi
4S84Crtb.png,lampung,4,0.14907356,0.50752074,0.34340572,jawi
qCoa3uzM.png,lontara,4,0.95267344,0.03490505,0.012421495,jawa
cmqLtXTY.png,pegon,2,0.017275447,0.06136652,0.9213581,pegon
BRn8najA.png,lampung,4,0.20834553,0.634118,0.15753648,jawi
HXSB6mc8.png,jawi,4,0.01279442,0.96889627,0.018309271,jawi
t1cjdbyf.png,lontara,4,0.5855382,0.33888355,0.07557822,jawa
q22a7lYd.png,jawi,1,0.018131651,0.9632523,0.018616091,jawi
zGTH4Kfx.png,lampung,4,0.031702667,0.9531011,0.015196257,jawi
WIQxsVUW.png,jawa,4,0.97191197,0.007837757,0.020250337,jawa
2ZBjOq1d.png,pegon,4,0.017038332,0.027845645,0.955116,pegon
9c5ageWO.png,lampung,2,0.9332762,0.042805642,0.023918176,jawa
rrJbsaXJ.png,sunda,3,0.0036866155,0.9907466,0.005566788,jawi
MypcSoUx.png,pegon,1,0.022095527,0.012334095,0.9655704,pegon
i1avTO39.png,pegon,4,0.0037067952,0.009804328,0.9864889,pegon
DyApKdo9.png,sunda,2,0.074548386,0.9209119,0.0045397156,jawi
blroylyC.png,pegon,5,0.0141053,0.028396266,0.9574984,pegon
KW8grxF9.png,lampung,4,0.55233896,0.39870995,0.04895111,jawa
IaEqbKjN.png,jawa,5,0.97521204,0.011566171,0.01322189,jawa
Os54mX6S.png,sunda,4,0.09899156,0.892362,0.008646487,jawi
zJ0lXTOi.png,jawi,2,0.013037245,0.9644144,0.022548348,jawi
FNhwLWqC.png,jawi,5,0.017273856,0.96548605,0.01724015,jawi
Ab22crV3.png,jawa,1,0.97274435,0.01745478,0.009800811,jawa
NHHL4lFQ.png,pegon,4,0.047900174,0.2536896,0.6984102,pegon
46ZG2NjH.png,jawi,5,0.02186499,0.9691222,0.009012895,jawi
4yPsF9g5.png,lampung,1,0.077414036,0.11827308,0.8043129,pegon
x18QkvSX.png,bali,1,0.49811172,0.49038923,0.011499111,jawa
itUUFN3Q.png,jawi,4,0.018203305,0.9632887,0.01850803,jawi
eb7k895p.png,jawi,5,0.021419596,0.96198,0.016600344,jawi
nZKJkIQj.png,jawa,2,0.97197896,0.014932692,0.0130882785,jawa
YlVYxHxS.png,bali,1,0.5944396,0.4008456,0.0047147935,jawa
b0tgXg74.png,jawa,3,0.9395672,0.031837784,0.028594997,jawa
qdjYWKqS.png,pegon,1,0.019576779,0.017617192,0.962806,pegon
0NFuwwa9.png,lontara,2,0.43649662,0.5180995,0.045403853,jawi
BniRWxRB.png,sunda,2,0.09164872,0.704174,0.20417723,jawi
OwgnjOkG.png,sunda,1,0.013624361,0.96169305,0.02468258,jawi
vKBNFzOh.png,lontara,4,0.910797,0.055504743,0.033698224,jawa
rcng3F5f.png,pegon,2,0.018829947,0.017262464,0.96390754,pegon
737IAoMQ.png,jawi,4,0.013238426,0.96977973,0.016981881,jawi
gB5HEKDT.png,sunda,1,0.011181832,0.9717845,0.017033616,jawi
D1SEuVlh.png,pegon,4,0.04278922,0.056520678,0.90069014,pegon
fpzWgjlW.png,jawa,5,0.46882656,0.054963984,0.47620946,pegon
Q6FbgSFu.png,jawa,2,0.95564145,0.024755865,0.019602636,jawa
0Ukpy0Kf.png,lampung,2,0.72892433,0.09570748,0.17536815,jawa
oujj5yKe.png,pegon,1,0.013259048,0.007832744,0.9789082,pegon
Fm1h0g0O.png,lampung,4,0.18620141,0.4716665,0.34213206,jawi
rjeI7UV7.png,sunda,3,0.0081150755,0.98395,0.007934835,jawi
aL1AGw95.png,lampung,1,0.44353515,0.49941096,0.057053864,jawi
tkzuLmqj.png,jawi,5,0.01816765,0.9623413,0.019491043,jawi
jkGkONEU.png,lampung,1,0.32308605,0.08498454,0.5919294,pegon
7mlSBbjp.png,lontara,3,0.054850653,0.9409588,0.00419057,jawi
d7ZbaOFN.png,sunda,2,0.04770882,0.9475558,0.00473536,jawi
fWapgWWa.png,jawa,4,0.9823308,0.0042985915,0.013370532,jawa
59izN5rT.png,lontara,2,0.8950111,0.07889558,0.026093334,jawa
hAM6bVeY.png,lontara,5,0.9246447,0.06010008,0.015255153,jawa
hKZa2Gf6.png,lampung,4,0.095857725,0.8963569,0.007785359,jawi
A24iYh0N.png,jawi,5,0.013524301,0.9753618,0.011113928,jawi
FhWAfPJx.png,jawi,1,0.0076173586,0.9802931,0.012089578,jawi
7Ml5XS4z.png,lontara,1,0.9403233,0.04670178,0.012974951,jawa
fJGPBFfs.png,jawi,4,0.009280799,0.988231,0.0024881554,jawi
flPFfY7h.png,jawa,1,0.9813091,0.0048563825,0.013834545,jawa
exNra58b.png,sunda,3,0.090261616,0.9027509,0.0069874697,jawi
jXdFCdlp.png,lampung,5,0.20205249,0.7855921,0.01235541,jawi
CyaZGGDg.png,jawa,1,0.968291,0.013852454,0.017856518,jawa
ynS8mZ98.png,lontara,1,0.8041856,0.16953118,0.026283246,jawa
RssLf77r.png,bali,1,0.4639405,0.52983665,0.0062228804,jawi
JkawcB87.png,lampung,2,0.16555244,0.03367099,0.8007765,pegon
c2pOOHQ3.png,lampung,3,0.034859445,0.1647392,0.8004013,pegon
5tbApScb.png,pegon,3,0.015174396,0.019051554,0.96577406,pegon
W96OIvNn.png,jawa,2,0.9443063,0.021863652,0.033830035,jawa
mNXHJrev.png,lontara,4,0.6278885,0.2862602,0.08585128,jawa
GujPdwfs.png,lampung,5,0.031248026,0.28546357,0.68328846,pegon
iOqpQObF.png,lampung,4,0.2461173,0.7345912,0.019291522,jawi
ZEwdMU04.png,jawi,4,0.021774767,0.964652,0.013573177,jawi
ZCxRZRiz.png,jawi,4,0.009900411,0.96268344,0.027416112,jawi
rEFgR1nv.png,lampung,4,0.027503727,0.9643463,0.008149959,jawi
82QdvDIf.png,bali,5,0.12949035,0.86546296,0.0050466936,jawi
ZolPE3sp.png,bali,5,0.1779694,0.81611955,0.0059110676,jawi
An077pEe.png,jawi,2,0.0096138185,0.96260846,0.027777784,jawi
i2MNozjh.png,jawa,1,0.9795544,0.013582435,0.006863107,jawa
ehQomwPW.png,pegon,3,0.01907669,0.016704107,0.9642192,pegon
mlld8SpK.png,lampung,3,0.042381547,0.90704274,0.050575685,jawi
Rnck5swd.png,lontara,5,0.16572163,0.74753356,0.08674481,jawi
j4kHn7Rn.png,jawa,2,0.96586955,0.016457202,0.017673248,jawa
OilgQM2G.png,pegon,1,0.020919815,0.020079136,0.959001,pegon
eFUZ8YM2.png,jawa,1,0.9691186,0.011118535,0.019762946,jawa
TVPCDzSs.png,sunda,1,0.018775234,0.9592314,0.021993386,jawi
5zq5iryK.png,lampung,2,0.3645252,0.5508362,0.08463862,jawi
XmdcwX8F.png,lampung,4,0.2816061,0.3813555,0.33703837,jawi
XX8Lx1fB.png,sunda,4,0.021677071,0.8942467,0.084076226,jawi
sadgF9zG.png,jawi,2,0.013496173,0.9733332,0.013170666,jawi
khl05Liw.png,lampung,4,0.28249958,0.6474378,0.07006266,jawi
KUHCCHQp.png,pegon,1,0.012443675,0.012455831,0.97510046,pegon
YQnqk6jG.png,pegon,1,0.031509828,0.010487687,0.9580025,pegon
lVgJ9bxx.png,lampung,2,0.9490402,0.025865553,0.025094248,jawa
36FndVHz.png,sunda,5,0.27174425,0.7067464,0.021509279,jawi
McsUT6ak.png,pegon,3,0.022000391,0.0240685,0.95393115,pegon
2flqQUsv.png,sunda,3,0.05589947,0.94086266,0.0032378908,jawi
w5LwzzPC.png,pegon,5,0.042857107,0.02228832,0.93485457,pegon
FZaMaPt0.png,jawa,5,0.9671701,0.013917729,0.01891214,jawa
KgISEp5u.png,pegon,2,0.026267331,0.01604906,0.95768356,pegon
plLqLBYJ.png,lampung,5,0.76497626,0.029835656,0.20518805,jawa
0m4JQRur.png,sunda,4,0.3185462,0.6678088,0.01364505,jawi
kXGR083b.png,pegon,5,0.02355116,0.01714647,0.95930237,pegon
eWekIEGw.png,bali,4,0.81376505,0.1605825,0.025652485,jawa
RnOHmNYl.png,sunda,5,0.51290226,0.46427447,0.022823269,jawa
E2sbQGUP.png,jawa,3,0.9811553,0.0090361275,0.009808624,jawa
MRisSbT8.png,sunda,4,0.023177298,0.9721415,0.004681244,jawi
LUhBfRJX.png,jawi,4,0.022110768,0.9681254,0.009763803,jawi
KVA0M1Eg.png,jawi,3,0.0062732943,0.98337364,0.01035302,jawi
xcbJEuDh.png,lontara,4,0.34546927,0.10763716,0.5468936,pegon
2V0q6mts.png,bali,1,0.87731344,0.11428491,0.00840164,jawa
ebXNIFT1.png,jawi,1,0.017061532,0.9573511,0.025587395,jawi
qmdP01So.png,sunda,4,0.012412635,0.95571995,0.031867478,jawi
h1WIcKcn.png,lontara,2,0.63445187,0.34460878,0.020939317,jawa
A9FJv264.png,bali,4,0.9195008,0.060263902,0.020235222,jawa
N9rV7Rwt.png,pegon,4,0.017226651,0.014267456,0.96850586,pegon
9ieYHEO9.png,lontara,5,0.94225276,0.040028118,0.017719058,jawa
tHLWFLD7.png,lontara,4,0.884764,0.09291256,0.022323357,jawa
KAAqL8Ss.png,jawi,4,0.014592637,0.9685786,0.01682886,jawi
yqryTEBF.png,lampung,2,0.060548708,0.031259246,0.9081921,pegon
bA3iWpOg.png,pegon,1,0.02618284,0.020611443,0.95320576,pegon
LEKlm6d6.png,pegon,5,0.021541169,0.014790562,0.9636683,pegon
AShSRAWh.png,jawa,2,0.9596756,0.024691006,0.01563337,jawa
oxZm2Vqe.png,lampung,3,0.6981397,0.12334938,0.17851093,jawa
cKT5gNGi.png,jawa,1,0.9789419,0.01342891,0.007629178,jawa
rxGEmp9R.png,lontara,4,0.038686458,0.9450998,0.016213767,jawi
Xzkxo2qn.png,jawa,3,0.96554506,0.016596904,0.017858122,jawa
nQLF0ka0.png,sunda,4,0.11175447,0.87778395,0.010461617,jawi
b4PdMTZm.png,bali,5,0.31740886,0.67656374,0.0060274466,jawi
UmQFdXuD.png,sunda,5,0.29471582,0.6837308,0.021553388,jawi
c7CpgYxp.png,bali,1,0.81347775,0.17806588,0.008456305,jawa
U5Tk1KVn.png,jawa,4,0.940365,0.027956316,0.031678654,jawa
JyPFwqdG.png,lampung,1,0.12421889,0.7827909,0.09299024,jawi
T14TZPIy.png,bali,1,0.76219785,0.23228702,0.00551513,jawa
zvCthzl1.png,lampung,3,0.7733547,0.22070602,0.005939335,jawa
9OvEH7GZ.png,pegon,1,0.019247487,0.017354725,0.9633978,pegon
6Vbiz5lo.png,lontara,5,0.28316498,0.6066746,0.11016044,jawi
eYwzh6hU.png,jawa,1,0.9685298,0.016073091,0.015397077,jawa
CdwojfFX.png,jawa,4,0.9680752,0.0031727753,0.028752025,jawa
Xv5QW3Bn.png,lampung,3,0.15424816,0.40332568,0.4424262,pegon
mtg9oV0v.png,lampung,5,0.30425876,0.029391935,0.66634935,pegon
12mmzZbY.png,pegon,3,0.016465979,0.020916833,0.96261716,pegon
dsP1v2BI.png,lampung,3,0.8306067,0.139897,0.029496327,jawa
ooXBUwyI.png,jawa,2,0.97968584,0.010756533,0.009557719,jawa
HWnzztNv.png,pegon,2,0.024274249,0.02205883,0.9536669,pegon
LLCM9WkD.png,jawi,4,0.0112428535,0.9685376,0.020219484,jawi
tC2vA4ej.png,jawa,2,0.96131974,0.021073043,0.017607186,jawa
aTnVeLZ8.png,lampung,5,0.16191357,0.44509745,0.39298898,jawi
lNSGDJUL.png,jawi,1,0.025975876,0.94290465,0.03111943,jawi
r2fav8yN.png,bali,5,0.29351565,0.69522506,0.011259235,jawi
iTepwefp.png,jawa,3,0.96861637,0.012954142,0.018429535,jawa
CtnP6Yix.png,pegon,2,0.03300497,0.024792109,0.9422029,pegon
tD8TKu1R.png,pegon,4,0.0030612096,0.004604404,0.9923343,pegon
aZXzzlE4.png,lampung,1,0.83843344,0.10680325,0.05476326,jawa
Qu32owKr.png,jawa,4,0.9672911,0.022770735,0.009938087,jawa
d7hiVjdL.png,bali,1,0.35946003,0.6348893,0.005650652,jawi
kTYLNsA7.png,pegon,5,0.013039836,0.012887917,0.9740723,pegon
JrrZv0Mj.png,lampung,3,0.5353657,0.42361256,0.04102175,jawa
zgetwW0o.png,jawi,3,0.009388417,0.9717757,0.018835919,jawi
IBhOyr0n.png,jawi,5,0.013269775,0.9730259,0.013704378,jawi
fWwtToyF.png,lampung,2,0.67448807,0.24051082,0.085001156,jawa
gX4AORVj.png,pegon,4,0.014077831,0.013341646,0.9725805,pegon
ie96YZSp.png,pegon,2,0.023338806,0.016679492,0.9599818,pegon
OrW9bZSP.png,jawa,3,0.98934305,0.00373207,0.006924924,jawa
2Ff8qqpR.png,jawi,3,0.009278404,0.98316354,0.007558036,jawi
wRVobSt2.png,jawa,3,0.9574045,0.019296605,0.023298891,jawa
ZlRY4ayL.png,sunda,2,0.19694215,0.76881355,0.03424431,jawi
ZiL8JAaV.png,sunda,3,0.349734,0.6010492,0.049216818,jawi
oLHV5FIS.png,pegon,2,0.032055747,0.015455799,0.9524885,pegon
OHpU8dNA.png,lampung,2,0.02445295,0.074825525,0.90072155,pegon
oVj1TWlY.png,jawi,5,0.020158224,0.9656032,0.014238593,jawi
pi5gzw5k.png,jawi,5,0.009175499,0.97797304,0.012851377,jawi
yntdVI9l.png,pegon,3,0.015387589,0.04370693,0.9409054,pegon
WYNiEt7Q.png,pegon,1,0.021275388,0.02601629,0.9527083,pegon
sUlJ3b4M.png,pegon,4,0.04739088,0.056223128,0.896386,pegon
jyNtftnU.png,lampung,5,0.0043782485,0.012521286,0.9831004,pegon
60xkBQIV.png,pegon,5,0.022767903,0.0231943,0.9540379,pegon
C7LyXkt4.png,lampung,5,0.957124,0.0074810297,0.03539497,jawa
m2S6DprZ.png,pegon,4,0.0072645596,0.0741347,0.9186007,pegon
7DkU2mUH.png,lampung,5,0.14409864,0.025860706,0.83004063,pegon
6whoTkNx.png,lampung,5,0.024211042,0.02646111,0.9493278,pegon
StwOtJ5l.png,lampung,3,0.98098993,0.014750791,0.004259318,jawa
9bARLPHC.png,lontara,1,0.24039927,0.73993975,0.019661043,jawi
pd598Yh0.png,lampung,2,0.029596487,0.06572684,0.9046767,pegon
kYnDxjWG.png,pegon,4,0.0038279318,0.0126374,0.98353463,pegon
LqXVR2WH.png,pegon,1,0.013556027,0.018295147,0.9681488,pegon
rNO2oAzW.png,lampung,3,0.86763215,0.09574289,0.03662492,jawa
dmZfFMtT.png,pegon,1,0.026574587,0.119638175,0.85378724,pegon
Rw39bM3z.png,lampung,2,0.13377498,0.76944613,0.096778885,jawi
ceAMYsF5.png,pegon,4,0.0053661685,0.0044530565,0.99018085,pegon
KiN4Xswh.png,sunda,1,0.19829546,0.77745837,0.024246123,jawi
zq6v2b59.png,jawa,3,0.9573402,0.011309943,0.031349976,jawa
4Fb3DX6F.png,sunda,2,0.020061001,0.96470714,0.015231826,jawi
gpQHae15.png,pegon,5,0.01772891,0.019020345,0.96325076,pegon
YOG2HUqZ.png,lampung,3,0.14733386,0.19461466,0.6580515,pegon
7X5DiQmo.png,sunda,4,0.029698089,0.84367085,0.12663108,jawi
RPYtpgDE.png,sunda,1,0.019997232,0.9560224,0.023980344,jawi
cPMaUNIi.png,jawi,4,0.010957186,0.9786587,0.01038419,jawi
Z07mfggm.png,jawa,2,0.9727347,0.017133728,0.010131589,jawa
9hEOt6ub.png,jawa,4,0.9763283,0.0047290334,0.018942654,jawa
8Z5Jq8rH.png,pegon,4,0.0026131982,0.007020652,0.9903662,pegon
awFahb4j.png,jawa,4,0.96349317,0.014501852,0.022004973,jawa
67gKzpkx.png,sunda,5,0.7141295,0.21169625,0.07417416,jawa
E9J3vBKn.png,pegon,3,0.07769521,0.0108209085,0.91148394,pegon
Um6G91jh.png,bali,5,0.95045483,0.037948787,0.011596353,jawa
fnAmSRRC.png,jawi,3,0.0069977287,0.98713255,0.0058697043,jawi
kgvq42pp.png,sunda,5,0.026481336,0.10425101,0.8692677,pegon
9O4h0dzS.png,lampung,5,0.028479278,0.03025688,0.9412639,pegon
9B7SAYzU.png,jawi,5,0.022149066,0.95663345,0.021217506,jawi
fYpjgh23.png,lampung,1,0.3180837,0.10636276,0.5755535,pegon
MYfkdVKm.png,jawi,2,0.02229033,0.96179503,0.01591463,jawi
RIzY1NuP.png,lampung,2,0.05626615,0.07468628,0.8690476,pegon
UqH3sEqL.png,pegon,4,0.0061943317,0.0065553086,0.9872503,pegon
32gH0L0s.png,sunda,5,0.053062715,0.93460774,0.012329588,jawi
6FzYUgTa.png,jawi,3,0.044090245,0.8907804,0.06512935,jawi
8zE4mFTK.png,pegon,3,0.022483706,0.022417935,0.9550984,pegon
RAIgESEh.png,lampung,4,0.56743187,0.21887131,0.21369681,jawa
yiZigEDZ.png,jawa,1,0.9784631,0.00764782,0.0138890445,jawa
iZjPvhuJ.png,jawa,4,0.97448695,0.016235245,0.009277706,jawa
45sh6S6Q.png,sunda,1,0.0046156193,0.98701024,0.008374146,jawi
5UciNQSB.png,pegon,2,0.023278397,0.015007663,0.96171397,pegon
dPbWHOlP.png,lontara,4,0.915067,0.07376844,0.011164592,jawa
uUxDuYp9.png,jawi,2,0.017341968,0.97024006,0.012417976,jawi
jFBNnLBk.png,lampung,3,0.8305818,0.15717055,0.012247595,jawa
gMB7ZxbZ.png,lontara,5,0.5047675,0.4285998,0.0666327,jawa
fUgKOVwq.png,sunda,5,0.21649568,0.7394023,0.044102047,jawi
fTmNdgGq.png,jawi,5,0.015636368,0.9626758,0.02168776,jawi
u4RW006M.png,sunda,2,0.32210743,0.67527467,0.002617933,jawi
dU34yAS6.png,lampung,3,0.25794217,0.54141736,0.20064048,jawi
JPIHFIHv.png,sunda,1,0.121663935,0.034233212,0.84410286,pegon
mAaV0vdU.png,bali,4,0.8489698,0.13999328,0.011036967,jawa
UHyOEX8i.png,lontara,2,0.68535304,0.2913325,0.023314482,jawa
vozWXLY9.png,jawa,1,0.97260296,0.018254105,0.009142956,jawa
yQNohlp1.png,bali,2,0.4368745,0.5533408,0.00978468,jawi
tYdHZRBX.png,jawi,1,0.019159665,0.95900196,0.021838328,jawi
zo0tZzQu.png,lampung,2,0.08408482,0.84385306,0.072062165,jawi
jfElFM2t.png,jawi,5,0.024238002,0.9569039,0.01885815,jawi
cIecrq0t.png,lampung,3,0.8628271,0.12221068,0.014962197,jawa
qX7nwYZr.png,jawa,5,0.97033286,0.0106746685,0.018992525,jawa
gmlr6Eof.png,lontara,4,0.79929996,0.18690702,0.013793066,jawa
AarxilLX.png,lampung,3,0.37921384,0.59208894,0.028697252,jawi
7IvsfeRf.png,sunda,1,0.044972114,0.9443304,0.010697471,jawi
2Kvg57hl.png,lontara,1,0.92566186,0.0435482,0.030789964,jawa
HyeBoSST.png,jawa,2,0.9650533,0.021113606,0.013833126,jawa
vbf6KYBq.png,sunda,1,0.36145443,0.6315906,0.0069549414,jawi
Zi7oBpw5.png,jawi,5,0.015832724,0.9652918,0.018875413,jawi
XYO0lkbh.png,jawa,5,0.9706919,0.013433286,0.01587472,jawa
R9M2Hx0n.png,bali,3,0.20361827,0.77836025,0.018021481,jawi
xqwr2RQr.png,lontara,1,0.9096187,0.057248447,0.03313286,jawa
GVbO54Uw.png,sunda,5,0.041996263,0.93642807,0.02157564,jawi
A1po3O1I.png,sunda,4,0.24686137,0.7339394,0.019199261,jawi
Zj1c07AG.png,jawi,5,0.018101165,0.96351266,0.018386215,jawi
dmPCTJxL.png,sunda,4,0.015761461,0.97322446,0.011014025,jawi
DP6BeDHW.png,bali,4,0.8250438,0.13282341,0.042132825,jawa
ORErAxhx.png,jawa,1,0.97083384,0.0152092725,0.013956813,jawa
Ahq4IHnE.png,pegon,1,0.01862294,0.019650543,0.9617264,pegon
qLSVYAkW.png,sunda,4,0.03575044,0.9475753,0.016674278,jawi
U0aC8irH.png,lontara,4,0.55811596,0.4095244,0.032359593,jawa
cqPamdpJ.png,lampung,4,0.40992942,0.39896968,0.19110088,jawa
KZl4Cdc8.png,jawa,1,0.9500874,0.019431697,0.03048092,jawa
ZwFEhG11.png,sunda,2,0.11031812,0.8513517,0.03833025,jawi
A0qlxQik.png,lampung,4,0.07284355,0.53719485,0.38996166,jawi
fRlNket1.png,lampung,4,0.42926592,0.35483286,0.21590117,jawa
9GuOd713.png,lontara,3,0.026698675,0.96961504,0.0036863375,jawi
246owfje.png,lontara,2,0.9595572,0.031484004,0.008958867,jawa
7AbtQy1T.png,jawa,3,0.9864341,0.008626499,0.0049392898,jawa
6UUXRLnJ.png,lontara,5,0.92363256,0.06458059,0.01178687,jawa
AWQys8NS.png,lampung,3,0.9287769,0.06328126,0.007941878,jawa
23Sy3ZNP.png,pegon,5,0.014779127,0.04276482,0.94245607,pegon
m38r1Z7J.png,pegon,1,0.023595784,0.013405143,0.9629991,pegon
rVhhFQxW.png,lampung,2,0.058755532,0.676373,0.26487148,jawi
0KrHrhrP.png,lampung,5,0.032962367,0.03063442,0.9364032,pegon
PeOG4ZHc.png,sunda,5,0.062024947,0.9203945,0.017580574,jawi
zV5mfkHX.png,jawi,1,0.014332187,0.96910703,0.01656081,jawi
ess4Sdz3.png,jawi,4,0.040848095,0.7283048,0.23084714,jawi
23gnV76X.png,jawa,3,0.9715721,0.011727345,0.016700504,jawa
bxy8C2HH.png,lampung,4,0.098917246,0.11655301,0.7845297,pegon
t9P2hrm7.png,jawa,3,0.97687316,0.0076727653,0.01545407,jawa
3J7A8qQP.png,jawi,1,0.041273136,0.9185081,0.04021873,jawi
2JxlD55B.png,sunda,3,0.13215986,0.77780294,0.09003723,jawi
SsPHh4iO.png,bali,2,0.8790159,0.09631474,0.02466933,jawa
8IrRKvHy.png,lampung,2,0.49745148,0.38085097,0.121697575,jawa
NTN3eikA.png,pegon,5,0.023965849,0.0196561,0.95637804,pegon
zevghPYp.png,jawi,3,0.024632087,0.9555174,0.019850507,jawi
S5C1pF2e.png,lampung,3,0.9642593,0.032215074,0.003525535,jawa
Hed1hS9o.png,sunda,5,0.031929422,0.94688386,0.021186663,jawi
7LgsHkzr.png,lampung,4,0.20243414,0.75625396,0.041311905,jawi
8Ae2NuCW.png,lampung,2,0.3124605,0.59894747,0.08859196,jawi
gDQk9Rbl.png,pegon,2,0.017266007,0.0148551855,0.96787876,pegon
ThtWadqM.png,lampung,1,0.5988494,0.06308745,0.33806318,jawa
Sy67Q6MI.png,jawa,5,0.96848285,0.016696246,0.014820973,jawa
tstn7wUL.png,jawa,2,0.96771616,0.014765917,0.017517844,jawa
PhimTfpf.png,lampung,4,0.49419004,0.29964995,0.20616,jawa
gwuy18Pg.png,jawa,2,0.96585286,0.018941797,0.015205303,jawa
oOOP2NV1.png,pegon,2,0.009247492,0.010864334,0.97988814,pegon
9hLrZQuO.png,jawa,4,0.9601674,0.012568204,0.027264465,jawa
bEmLUrUD.png,jawa,4,0.95939696,0.022169707,0.018433256,jawa
d75yDoSg.png,bali,1,0.9649194,0.024298241,0.01078228,jawa
iqFhjcUT.png,jawi,5,0.02009637,0.96735215,0.012551448,jawi
kyO5WFa2.png,jawa,1,0.9645025,0.014904908,0.02059262,jawa
Tmu8xC0Q.png,sunda,4,0.33234638,0.6346987,0.032954987,jawi
6vbK97DO.png,pegon,2,0.02067017,0.014027172,0.9653026,pegon
g4n8yg4t.png,jawa,3,0.97708374,0.012061773,0.010854421,jawa
vLZ2Zzux.png,jawi,2,0.014648633,0.9713462,0.014005151,jawi
KhYsnJ7W.png,sunda,4,0.014935557,0.9807475,0.004316884,jawi
ujuGmRMT.png,lampung,5,0.5684605,0.039505027,0.39203447,jawa
lyi3gocR.png,pegon,3,0.026011415,0.024245303,0.9497432,pegon
O2cSxVZN.png,lontara,2,0.5130931,0.4399446,0.04696225,jawa
3fEqP6kc.png,lampung,3,0.09641457,0.6666406,0.23694482,jawi
E5nhUlQh.png,jawi,4,0.008965516,0.9878533,0.0031811823,jawi
ONiwXzzt.png,sunda,4,0.27325863,0.7188868,0.007854623,jawi
HPsRFQ70.png,lampung,3,0.41640934,0.13684869,0.44674203,pegon
crMUj9Kn.png,sunda,2,0.09198011,0.905013,0.0030069253,jawi
ByC0Ve0y.png,lampung,3,0.08451891,0.047156848,0.86832416,pegon
xZCmkiJU.png,sunda,5,0.06843739,0.8720451,0.059517525,jawi
8kHe3MCX.png,jawi,3,0.008588492,0.9753974,0.016014107,jawi
PFhisWGv.png,sunda,3,0.042587657,0.9114539,0.045958385,jawi
cFWm7xvr.png,lontara,5,0.95682746,0.033029865,0.010142638,jawa
mXz8xvjZ.png,bali,4,0.4930897,0.47978947,0.027120788,jawa
rg4wCG0l.png,lampung,5,0.2736376,0.06337675,0.6629856,pegon
duh4020T.png,jawi,1,0.022359189,0.9553906,0.02225028,jawi
wld2In9s.png,bali,3,0.2847121,0.680243,0.03504489,jawi
K4iX9haC.png,jawa,3,0.12283327,0.81497866,0.062188115,jawi
sqrehIp7.png,lampung,4,0.7194824,0.16717805,0.113339484,jawa
DtfTQIO5.png,jawi,1,0.016649239,0.9648134,0.018537326,jawi
B5DSxU5r.png,jawi,1,0.02387199,0.9489186,0.027209472,jawi
NFZkQEDQ.png,pegon,1,0.015840558,0.019332593,0.9648269,pegon
oLNMWwdT.png,lampung,4,0.28993344,0.48282832,0.22723827,jawi
6ukZAEGG.png,sunda,4,0.10842795,0.7723709,0.11920116,jawi
1Z9UOFIB.png,lampung,4,0.65090996,0.26303956,0.08605045,jawa
p5Ftkc5E.png,jawa,3,0.95813805,0.022227272,0.019634664,jawa
1MZvCh9m.png,jawa,2,0.80374694,0.05239524,0.14385782,jawa
I1iNKefb.png,lontara,1,0.49130076,0.49226123,0.016437996,jawi
LlkkfceA.png,jawi,4,0.0040130196,0.98965514,0.0063318894,jawi
xs99NspB.png,jawa,5,0.96937764,0.02053564,0.010086769,jawa
dG4aeif3.png,pegon,2,0.02326731,0.015476682,0.96125597,pegon
4OVljcTl.png,sunda,1,0.0052065235,0.92482066,0.06997279,jawi
CwbuYXxg.png,sunda,3,0.1706755,0.7618394,0.067485146,jawi
MtqL4pnu.png,jawi,4,0.025557898,0.95811695,0.016325107,jawi
yah5Hlt9.png,jawa,1,0.96806675,0.014288868,0.017644394,jawa
U8HflJqF.png,jawa,2,0.9731803,0.012143333,0.014676292,jawa
g1BN29ga.png,bali,1,0.9524504,0.034355856,0.013193723,jawa
Zw5Gi9WA.png,bali,3,0.12569824,0.8576296,0.0166722,jawi
VS6yVeFH.png,sunda,5,0.36644435,0.60564137,0.027914314,jawi
dD58HdSV.png,bali,2,0.35715604,0.60428846,0.038555495,jawi
FqYdu6Ru.png,sunda,3,0.01367619,0.94206864,0.044255193,jawi
aNZRw3AW.png,sunda,5,0.15133266,0.7918625,0.056804877,jawi
NfgTcEIU.png,lontara,1,0.95720285,0.025986316,0.016810829,jawa
pOad5fxD.png,jawi,5,0.021136459,0.96139205,0.017471477,jawi
JLxwAzQt.png,lampung,1,0.049050704,0.8609952,0.08995412,jawi
imHxH9LE.png,pegon,2,0.018300183,0.013284508,0.9684153,pegon
PRCBxPDf.png,sunda,2,0.09391225,0.9019029,0.004184805,jawi
Rh0uVOyy.png,jawa,5,0.9802066,0.009732381,0.010060952,jawa
vUv0Re0p.png,lontara,3,0.8106507,0.17488801,0.014461213,jawa
JhHaWiIj.png,lampung,5,0.052260082,0.4201894,0.5275505,pegon
5Wk3X48f.png,jawi,3,0.011402197,0.9793911,0.009206767,jawi
mbItzTwS.png,jawa,2,0.965367,0.017020566,0.01761238,jawa
ZTCgJLvF.png,jawi,5,0.016383762,0.969101,0.014515208,jawi
KkGKRr2y.png,lampung,1,0.8495436,0.02839638,0.12206012,jawa
uwwYJVVC.png,bali,3,0.38927335,0.5702744,0.040452223,jawi
a9XlM0Z7.png,jawi,2,0.017678387,0.9699317,0.012389807,jawi
lNaf1aVv.png,lampung,5,0.15015258,0.83605385,0.013793546,jawi
p8X7oSYI.png,lampung,3,0.07181704,0.030335099,0.8978479,pegon
ONihNPni.png,lampung,4,0.085290164,0.050360326,0.8643494,pegon
dPt2vSe9.png,jawi,2,0.0069842385,0.98043054,0.012585219,jawi
4SlMj3Qq.png,lampung,5,0.029648352,0.10135757,0.86899406,pegon
fsRlZTJ9.png,sunda,3,0.078283794,0.7471007,0.17461555,jawi
UEJoUsbW.png,pegon,3,0.025470316,0.02341857,0.95111114,pegon
SYVCdujU.png,sunda,5,0.17208111,0.8113886,0.016530257,jawi
R9rBD9mh.png,pegon,2,0.021886747,0.01322323,0.96489,pegon
6VL89qh2.png,bali,4,0.6971098,0.25204533,0.050844852,jawa
mPJNIb5k.png,jawa,3,0.78707886,0.033616204,0.17930497,jawa
Leirld31.png,lampung,5,0.19975118,0.66090214,0.1393467,jawi
hj68WFK4.png,jawa,2,0.9755644,0.012932895,0.011502755,jawa
17o1qT8X.png,lontara,5,0.8568676,0.12342843,0.019704018,jawa
OTxywEdt.png,sunda,2,0.044518556,0.95381147,0.0016699769,jawi
u5g9AqNN.png,lampung,5,0.008314295,0.006933298,0.9847525,pegon
y0QIDUs7.png,jawi,2,0.10835901,0.17985731,0.7117837,pegon
dANvAuQJ.png,lontara,4,0.31238154,0.6422184,0.0454001,jawi
KvTCLGjr.png,lampung,2,0.7589604,0.18832153,0.05271802,jawa
qS1bQgrh.png,jawi,5,0.02841992,0.94389975,0.02768036,jawi
VLM3wkyT.png,bali,5,0.17936409,0.81591517,0.004720745,jawi
Trj3xlBU.png,pegon,3,0.02924114,0.025780028,0.9449788,pegon
YeStTAvC.png,lontara,2,0.41719133,0.571906,0.010902735,jawi
GqJKkEKA.png,lontara,5,0.6572165,0.32741752,0.015365952,jawa
UpOiuDO9.png,lontara,3,0.9130895,0.068560906,0.018349592,jawa
iNpMuxSh.png,sunda,2,0.08721282,0.9067838,0.0060034,jawi
4kQyqooN.png,lampung,2,0.68401575,0.3032339,0.012750355,jawa
MbkPgDpw.png,sunda,5,0.8328941,0.13942865,0.02767722,jawa
leFCxtZZ.png,sunda,1,0.011096072,0.9785613,0.010342677,jawi
H9XUnFss.png,jawi,3,0.004110372,0.9921177,0.0037718895,jawi
fxqwtxRA.png,pegon,5,0.018319193,0.018863827,0.9628171,pegon
8ZN55QSx.png,pegon,1,0.028310472,0.024050258,0.9476393,pegon
oVU4KNjz.png,jawi,4,0.027400225,0.94720924,0.02539061,jawi
8opAIoER.png,lontara,1,0.89748985,0.0674719,0.035038162,jawa
8FxiAPqG.png,jawi,4,0.030378833,0.9636974,0.0059238137,jawi
K9lW8gp8.png,lampung,2,0.03405268,0.33090606,0.63504124,pegon
o6N5YFs1.png,pegon,3,0.027346775,0.015680945,0.95697224,pegon
bbXBqn0f.png,lampung,5,0.057284337,0.006495745,0.93622,pegon
5LPHfBsM.png,sunda,4,0.0533803,0.9365359,0.0100838775,jawi
WMZewgRU.png,lampung,1,0.042278785,0.10769939,0.8500218,pegon
kX6Rxd6e.png,sunda,4,0.010462437,0.94825876,0.04127884,jawi
ZqtbcfV2.png,jawi,2,0.015660463,0.9669881,0.017351491,jawi
aAZk3hSE.png,lampung,1,0.55510503,0.12446694,0.32042807,jawa
jVi5Nb7h.png,sunda,4,0.5098304,0.44620454,0.043965034,jawa
wgNDWq4v.png,pegon,4,0.035815496,0.050360184,0.9138244,pegon
n0KcZf9q.png,sunda,3,0.041387346,0.9050011,0.05361154,jawi
Qm8EqPi1.png,sunda,4,0.06498971,0.81447953,0.120530725,jawi
Vi7MSviD.png,sunda,2,0.024894103,0.93323255,0.04187339,jawi
nLbpboWh.png,jawa,1,0.67505544,0.0651002,0.25984436,jawa
gO03AO06.png,pegon,4,0.0016129955,0.008080237,0.99030685,pegon
Amhn5jW9.png,jawa,2,0.67518634,0.037942898,0.28687072,jawa
k61NjZ6K.png,lontara,5,0.9746868,0.015269635,0.010043452,jawa
tyHU0ncn.png,pegon,5,0.021268368,0.019804947,0.9589267,pegon
QKnuo9yk.png,lontara,5,0.96197957,0.02363996,0.01438043,jawa
UTc4vdz9.png,lampung,1,0.13688627,0.8334023,0.029711436,jawi
mZFwTZRw.png,sunda,3,0.013087251,0.9833592,0.0035534808,jawi
iGv3SFva.png,jawi,5,0.0141986385,0.96477616,0.021025252,jawi
KLLQwlvZ.png,jawa,5,0.96269935,0.017495235,0.01980535,jawa
Og4KStQq.png,lampung,4,0.38808864,0.26163402,0.35027733,jawa
x5PHDILN.png,sunda,5,0.05298066,0.9404813,0.006538069,jawi
0qC4FVqq.png,sunda,1,0.01921679,0.96280116,0.017982123,jawi
pZ0mEYic.png,pegon,2,0.023272146,0.021355724,0.95537215,pegon
pwDr5VqI.png,jawa,2,0.6001672,3.522653e-05,0.3997976,jawa
VCpiEglC.png,sunda,3,0.026025945,0.9642963,0.009677814,jawi
9V9zlhos.png,pegon,5,0.008837762,0.014528381,0.97663385,pegon
sc4NjpjX.png,lampung,4,0.5062261,0.16697644,0.32679743,jawa
mcIVaq4D.png,pegon,4,0.0027220417,0.010978223,0.9862998,pegon
Pby4650V.png,jawa,5,0.97769165,0.010903683,0.011404665,jawa
rniIioRX.png,lampung,5,0.04627217,0.8722396,0.08148824,jawi
0lZSWiRG.png,jawa,1,0.9554805,0.02804735,0.016472092,jawa
yIPIIGol.png,sunda,5,0.22020634,0.75945574,0.020337874,jawi
YxnBbxqi.png,lontara,5,0.7589602,0.22407451,0.016965266,jawa
LMpZdr6w.png,jawi,4,0.004696306,0.9925644,0.002739331,jawi
KC67Copl.png,lampung,1,0.12055571,0.37755397,0.50189024,pegon
jI6RRs3b.png,lampung,3,0.14258529,0.5367991,0.32061565,jawi
gt6VZEz8.png,jawi,4,0.020218024,0.96186984,0.017912174,jawi
DLvCMQSd.png,pegon,5,0.026767347,0.02780647,0.9454262,pegon
K6DR3iOg.png,jawa,5,0.97156286,0.013899261,0.014537879,jawa
BvpiB4Dh.png,sunda,1,0.039934553,0.013104872,0.9469606,pegon
slpJ06Tq.png,jawi,5,0.0151781095,0.96979123,0.015030608,jawi
eJpGwj2d.png,bali,4,0.6225568,0.36083642,0.016606787,jawa
1qCVrsWn.png,pegon,4,0.008314974,0.00877379,0.9829113,pegon
gNOUps9a.png,jawa,4,0.9633315,0.01608077,0.020587714,jawa
y8NpYV6g.png,jawi,3,0.014501037,0.9700476,0.015451356,jawi
SjkR6t00.png,lontara,3,0.94160527,0.038505796,0.01988895,jawa
l0XxNeyF.png,jawa,1,0.9601302,0.024872148,0.014997587,jawa
vsb8JUb7.png,pegon,3,0.024846273,0.022556609,0.9525972,pegon
NuDLC9af.png,pegon,5,0.026619563,0.020231327,0.9531491,pegon
66WeUSS9.png,jawi,3,0.012158279,0.96396714,0.0238746,jawi
jhH8YdVc.png,lampung,3,0.90709466,0.08300404,0.009901325,jawa
85axTXwy.png,jawi,3,0.014879109,0.96565795,0.019462954,jawi
nwnFLx6R.png,bali,2,0.59691733,0.3891809,0.013901726,jawa
fIWaSrgY.png,jawi,2,0.02349955,0.95533246,0.02116797,jawi
1qRFx2hj.png,jawa,1,0.9718412,0.015136108,0.013022681,jawa
aDKtZS9i.png,sunda,4,0.03246574,0.94786197,0.019672247,jawi
Hlo1iXh1.png,sunda,2,0.029742207,0.9654049,0.004852912,jawi
ZU3lpxun.png,lampung,1,0.30404428,0.09202911,0.60392654,pegon
6jHintl1.png,jawa,4,0.9759064,0.0067184065,0.017375242,jawa
PnnAhVRs.png,pegon,4,0.060694072,0.06807378,0.8712322,pegon
GR3qDnPC.png,pegon,2,0.018290583,0.015690666,0.96601874,pegon
Eco1bIur.png,sunda,2,0.015757905,0.9768131,0.0074289837,jawi
Z4cPkWb6.png,jawa,5,0.958515,0.016459981,0.025025053,jawa
H7OEYXQz.png,lampung,1,0.05710406,0.038225695,0.90467024,pegon
bS7buCoz.png,pegon,5,0.0060933502,0.017997015,0.97590965,pegon
6sNjP31G.png,pegon,3,0.016144076,0.012946818,0.9709091,pegon
Reb1WHXM.png,pegon,4,0.0024419616,0.014322684,0.98323536,pegon
M7nFsmdf.png,jawi,2,0.02283442,0.9530947,0.024070894,jawi
znxrS2P8.png,sunda,4,0.025340019,0.9682122,0.006447758,jawi
4MVp0Lac.png,pegon,1,0.012211841,0.017681574,0.9701066,pegon
5uxBeNlb.png,pegon,2,0.019002128,0.017729238,0.9632686,pegon
rMHArfej.png,lontara,4,0.875732,0.077991754,0.04627632,jawa
XPfGOOyB.png,jawi,4,0.020401295,0.96491855,0.014680158,jawi
dJg7qok5.png,lontara,2,0.6194202,0.3390002,0.041579697,jawa
TOSOMuWy.png,jawi,5,0.009899944,0.9768431,0.013256942,jawi
5MwC0ahT.png,pegon,5,0.015463796,0.014655133,0.96988106,pegon
0wdZAao3.png,jawa,1,0.97133946,0.01934938,0.009311173,jawa
Q7Opp8OX.png,jawi,5,0.0205816,0.9611663,0.018252103,jawi
wsRVXCIm.png,pegon,3,0.015595524,0.027052116,0.9573523,pegon
VNWsokw9.png,sunda,4,0.20452683,0.77065223,0.024821006,jawi
NqcaaYIm.png,jawa,3,0.19743647,0.06971401,0.7328495,pegon
arkxsJRf.png,sunda,5,0.026951335,0.9589224,0.0141262775,jawi
9w9yZM6a.png,sunda,3,0.052907415,0.923718,0.023374578,jawi
JLFSRDWk.png,jawa,2,0.9669446,0.016882703,0.01617264,jawa
6RMk0idl.png,jawi,3,0.009239283,0.98669666,0.0040640305,jawi
0rtVmmOT.png,jawi,5,0.01822078,0.9613928,0.020386389,jawi
MXh4K5sF.png,sunda,2,0.12667581,0.73217946,0.14114468,jawi
qav5tzTB.png,lampung,2,0.3666543,0.38892224,0.24442339,jawi
PVFv7RjL.png,lampung,1,0.0651065,0.2481358,0.6867577,pegon
OMTWoDVs.png,jawi,3,0.008234923,0.9858856,0.00587949,jawi
4sTL1ST4.png,jawi,5,0.01030792,0.9800465,0.009645642,jawi
AZA2KNCt.png,lampung,4,0.2731558,0.46312472,0.26371953,jawi
p9cyEgau.png,sunda,2,0.20242679,0.7851282,0.012444959,jawi
3MxNQtm5.png,jawi,2,0.017997777,0.9693021,0.01270017,jawi
m98PDvdz.png,lampung,3,0.23238358,0.48908192,0.27853444,jawi
GDBfMyEO.png,lampung,5,0.07071741,0.06734736,0.86193526,pegon
oz4v3TmA.png,jawi,2,0.015408205,0.75927275,0.22531904,jawi
sNPWf9oY.png,lampung,1,0.24248756,0.5277055,0.22980694,jawi
30HILJhO.png,jawa,3,0.97525316,0.011420745,0.013326151,jawa
BlU5zzas.png,lampung,4,0.14247331,0.433683,0.42384365,jawi
uwNVcCGq.png,jawi,4,0.02010115,0.9638101,0.01608876,jawi
uvgapSnx.png,jawa,1,0.9352455,0.029053222,0.035701193,jawa
OoCZYmsp.png,jawi,2,0.019365165,0.96550906,0.015125854,jawi
rT6xHRjL.png,sunda,4,0.22449684,0.61293334,0.16256987,jawi
xOeBlCjz.png,sunda,2,0.04295333,0.9533363,0.0037103996,jawi
r536Me1X.png,jawa,1,0.5726388,0.38099435,0.046366785,jawa
LukX9tq6.png,pegon,2,0.015705697,0.013565629,0.97072864,pegon
o0iRrIOt.png,jawa,4,0.9353718,0.01676779,0.047860373,jawa
6oqTLoLG.png,jawi,1,0.022753512,0.9487907,0.028455809,jawi
DC4c6f35.png,sunda,2,0.01851777,0.9581649,0.023317395,jawi
JiFUMukJ.png,sunda,5,0.30328834,0.63955826,0.05715339,jawi
vhQeU3Ux.png,jawi,2,0.025902946,0.94485956,0.029237451,jawi
NHMd0aUu.png,sunda,5,0.053568862,0.9366373,0.0097937975,jawi
7MrjbxaP.png,lampung,5,0.13588753,0.07945625,0.7846561,pegon
uwzw6Qa0.png,jawa,4,0.9747527,0.0054662353,0.01978102,jawa
ssntx0wo.png,jawa,5,0.93041503,0.060778566,0.008806364,jawa
Iks7c4gy.png,pegon,5,0.02071841,0.01361403,0.96566755,pegon
dBNh5W0O.png,jawa,3,0.95940834,0.018006464,0.022585167,jawa
YhlCrFmw.png,jawi,2,0.006341957,0.9787242,0.014933884,jawi
GHAnUfBp.png,jawi,1,0.021295192,0.95266426,0.026040506,jawi
v8QcB9Fj.png,pegon,3,0.04529751,0.37779278,0.57690966,pegon
yV6IQDnB.png,lontara,4,0.49563977,0.09154993,0.41281027,jawa
uQynhWQ9.png,sunda,1,0.01996759,0.95740616,0.022626245,jawi
oL8vUxxA.png,lontara,1,0.9177787,0.07093582,0.011285501,jawa
mQ7Tbdzg.png,jawi,2,0.019760752,0.9680651,0.012174246,jawi
Ykl4KMa9.png,jawi,4,0.01109358,0.97834146,0.010564914,jawi
xrG1pW5S.png,pegon,3,0.013627663,0.012156257,0.97421604,pegon
f24r30c1.png,jawi,1,0.022646002,0.9452303,0.032123655,jawi
Kg9HXvrd.png,sunda,1,0.57773864,0.39940703,0.022854343,jawa
b8XFQYPz.png,jawi,4,0.017230777,0.977767,0.0050022146,jawi
Iaybz7Y9.png,jawa,3,0.98092985,0.007504134,0.011566018,jawa
tVV2opg4.png,pegon,5,0.020251397,0.018170971,0.96157765,pegon
D0FcCsf2.png,lampung,5,0.04682894,0.6572753,0.29589579,jawi
6yfIVrwP.png,jawi,5,0.021716079,0.96017486,0.018109059,jawi
0uNG9MOR.png,jawa,3,0.95104516,0.022652196,0.026302682,jawa
plrmS1IF.png,pegon,3,0.018207641,0.024838334,0.9569541,pegon
l20H0Eni.png,jawa,5,0.9839893,0.0044425316,0.0115681505,jawa
kRaC7T9p.png,sunda,3,0.6930066,0.28302398,0.023969486,jawa
EGYKAu3R.png,lampung,2,0.10000506,0.71098167,0.18901333,jawi
svnVLQms.png,jawi,1,0.016820746,0.95776755,0.025411723,jawi
HK7r5hJQ.png,jawi,1,0.019500833,0.9647069,0.015792256,jawi
9wE2HCGn.png,pegon,2,0.027585102,0.021139907,0.95127493,pegon
2olu5B8A.png,jawa,4,0.9638452,0.01879199,0.017362786,jawa
PZjL1yKC.png,jawi,4,0.033397276,0.944137,0.02246571,jawi
WgJkY4Nt.png,sunda,3,0.024994245,0.9152814,0.05972433,jawi
YxT1dmdU.png,pegon,2,0.019448563,0.01183076,0.96872073,pegon
C7YjrKzi.png,pegon,3,0.024654659,0.116364054,0.85898125,pegon
KieQI5a4.png,lampung,5,0.12823264,0.033439238,0.8383281,pegon
jFVtkYg8.png,pegon,3,0.015612497,0.025993261,0.9583942,pegon
qxLU4chO.png,lontara,5,0.773812,0.21762519,0.008562761,jawa
DxLwayyz.png,sunda,4,0.030323839,0.21683967,0.7528366,pegon
CngA4I7x.png,pegon,2,0.027585732,0.015527175,0.95688707,pegon
RTHXDAaP.png,pegon,5,0.019161884,0.016088719,0.9647494,pegon
tAa0zmPc.png,pegon,5,0.017103188,0.016625613,0.9662712,pegon
GG4HgU5v.png,lampung,4,0.06298146,0.028526919,0.9084916,pegon
uuGftqbu.png,pegon,4,0.006562057,0.02144274,0.9719953,pegon
iw4tUgjA.png,lampung,4,0.20097479,0.6603399,0.13868536,jawi
iYaXOTjQ.png,jawa,5,0.97945523,0.010402797,0.010141987,jawa
OBt1d88Q.png,jawa,5,0.46648294,0.116485916,0.41703117,jawa
wdky0buh.png,lampung,4,0.14880438,0.7925376,0.058658022,jawi
3qYeWQ8I.png,lampung,5,0.10577446,0.030579878,0.86364573,pegon
mqkxKMRl.png,pegon,3,0.021964222,0.013505361,0.9645304,pegon
Y9D4HCzf.png,jawi,1,0.020272886,0.9541747,0.025552358,jawi
P4ZVLBUQ.png,jawa,3,0.97407883,0.009549533,0.016371708,jawa
9eeA0dMk.png,lampung,4,0.30242634,0.62586373,0.07170989,jawi
ilN1fICp.png,jawi,1,0.019471692,0.9557691,0.024759175,jawi
nu7G4Chv.png,sunda,4,0.079320885,0.90379894,0.016880147,jawi
wRLOMMV3.png,lampung,5,0.9047453,0.026871113,0.068383664,jawa
56eCE5YN.png,jawi,4,0.022073181,0.96271163,0.01521517,jawi
Ap8L0vKD.png,sunda,3,0.1367348,0.80945694,0.053808212,jawi
KOKuH4pU.png,bali,5,0.9080851,0.08204143,0.009873493,jawa
VUogjgnz.png,jawa,2,0.9663717,0.016321674,0.017306594,jawa
3F3giIcO.png,sunda,3,0.071408674,0.9103503,0.018241026,jawi
6ia8NL15.png,jawi,2,0.018013934,0.9635629,0.018423121,jawi
BpGpjYF0.png,lampung,2,0.27834612,0.60576,0.11589391,jawi
ujt91Wpp.png,lampung,3,0.12617296,0.6524406,0.22138642,jawi
uLVNsP1j.png,jawi,5,0.016506597,0.9697151,0.013778317,jawi
p4bw58hY.png,lontara,3,0.9076316,0.07775503,0.014613303,jawa
zivLhmqs.png,pegon,4,0.049017895,0.04618315,0.9047989,pegon
NhrxEqrx.png,lontara,3,0.90097445,0.0502864,0.048739254,jawa
iaaNN8nt.png,lampung,4,0.4919628,0.45388174,0.05415553,jawa
oqlvsrnX.png,lampung,3,0.9500854,0.045091797,0.0048227715,jawa
yOsadVJ7.png,lontara,2,0.78056216,0.1933981,0.026039738,jawa
NVWWkIMY.png,jawi,3,0.008662456,0.9876481,0.0036894695,jawi
pStAr5VD.png,bali,2,0.80363953,0.18632285,0.010037604,jawa
NMovE2xm.png,pegon,5,0.021519875,0.019517679,0.9589624,pegon
1S63AGRh.png,lampung,5,0.907575,0.040543593,0.051881377,jawa
zLLkOAZ6.png,pegon,5,0.020923376,0.018037079,0.9610395,pegon
G8k9bjca.png,lampung,5,0.0317395,0.056858726,0.91140175,pegon
L9uCJMW1.png,jawa,1,0.97478795,0.013190351,0.012021686,jawa
atsLw16F.png,sunda,2,0.41912398,0.57455534,0.006320705,jawi
BEUmtuRC.png,pegon,5,0.024004515,0.017138507,0.95885694,pegon
Z0yt0BRQ.png,jawi,3,0.012877762,0.9714056,0.01571665,jawi
rvMQC5ZP.png,jawa,4,0.950193,0.028442262,0.02136477,jawa
YZYJI441.png,jawi,2,0.016140787,0.97071123,0.013148022,jawi
zRZrSUH4.png,lontara,3,0.8417164,0.10478882,0.053494763,jawa
shtopeyt.png,lampung,3,0.36668733,0.13843326,0.49487942,pegon
xeJzXY5B.png,jawi,2,0.015381784,0.9656799,0.018938404,jawi
vX6vPv7c.png,jawa,5,0.9770583,0.012203635,0.010738163,jawa
TKGzL4tu.png,bali,4,0.89333284,0.09052741,0.016139785,jawa
5hcvTggc.png,jawi,3,0.008273009,0.9856209,0.006106095,jawi
tkGcohDy.png,lontara,1,0.88082,0.09053231,0.028647669,jawa
6NjbahYI.png,lontara,1,0.8475672,0.12628274,0.026150139,jawa
6QJdvWd3.png,jawa,3,0.9763724,0.010595258,0.013032391,jawa
1av2rXzj.png,pegon,5,0.02046811,0.026461849,0.95307004,pegon
uDscbKnV.png,lontara,1,0.9428748,0.04558764,0.011537622,jawa
8PQpv4uD.png,jawi,5,0.0107053835,0.9231373,0.06615734,jawi
635v8Ku4.png,pegon,5,0.015815312,0.024651214,0.9595336,pegon
CzEp0rGn.png,jawi,3,0.016094139,0.96790576,0.01600011,jawi
4uCu925w.png,jawa,3,0.962465,0.016560124,0.020974886,jawa
ReNWx1u6.png,lontara,5,0.48064986,0.49882153,0.020528594,jawi
mcpYuMQ6.png,pegon,5,0.014402312,0.013649159,0.97194856,pegon
dZc267vP.png,pegon,4,0.002737658,0.009171376,0.988091,pegon
tBQEOAjZ.png,lontara,3,0.92895967,0.049594976,0.02144541,jawa
S7dihGqZ.png,pegon,4,0.030609302,0.05364237,0.9157483,pegon
Kf5MfJqj.png,jawa,3,0.9714126,0.016406812,0.012180607,jawa
YrppIPWq.png,bali,3,0.08167035,0.9019386,0.016391024,jawi
m6pH5u0a.png,pegon,1,0.0061433893,0.00993283,0.98392385,pegon
EbfVDAP8.png,lontara,1,0.011385779,0.93502027,0.05359401,jawi
2OU8ugSX.png,pegon,2,0.026424188,0.019069841,0.954506,pegon
xD4XITS4.png,pegon,2,0.023546014,0.015955383,0.96049863,pegon
tC3bWy0s.png,jawa,4,0.96941715,0.018462792,0.012120026,jawa
FXYmf7Pe.png,lampung,5,0.070705906,0.04144426,0.88784975,pegon
epjmilg8.png,jawa,2,0.97231704,0.0146919405,0.012990941,jawa
00o2VAsl.png,sunda,2,0.10028832,0.8862546,0.0134570645,jawi
tYFVbvsX.png,sunda,4,0.04422683,0.9373366,0.018436484,jawi
y1n9NcQ9.png,pegon,4,0.029037997,0.26122513,0.7097369,pegon
VTSkXIUk.png,jawi,2,0.029752767,0.94199526,0.028252002,jawi
22FxHCSI.png,sunda,3,0.0088247005,0.98668563,0.004489644,jawi
PyOaKXYD.png,lampung,4,0.5136112,0.45525652,0.03113224,jawa
pOJqBXvL.png,jawi,3,0.011872385,0.98262805,0.0054996465,jawi
Byr7ii9D.png,jawi,4,0.012773602,0.898126,0.08910037,jawi
kxqeRAy9.png,sunda,1,0.02917855,0.957338,0.013483426,jawi
RFE3aA6w.png,jawa,3,0.9693667,0.010037524,0.020595664,jawa
6MFdJULv.png,jawi,4,0.011388242,0.9810625,0.007549253,jawi
9aWsoHJa.png,pegon,1,0.011485791,0.0200796,0.96843463,pegon
dTEa72VW.png,bali,5,0.048868164,0.9457864,0.0053453953,jawi
f63bm799.png,lampung,2,0.9413066,0.05034011,0.008353324,jawa
M4OXWk2D.png,bali,5,0.016157912,0.96889853,0.014943627,jawi
tn9Xx4Ce.png,pegon,4,0.0052145547,0.003006187,0.99177927,pegon
UxoZ7kjL.png,jawi,4,0.01868925,0.9698751,0.011435673,jawi
HQ2DS2YS.png,jawa,1,0.95560277,0.026532171,0.01786512,jawa
MKIeYWnk.png,pegon,2,0.04010711,0.030871542,0.9290213,pegon
eTUlor2N.png,sunda,5,0.24504775,0.72836953,0.02658273,jawi
FtwQH2Wh.png,sunda,1,0.02052164,0.9715588,0.007919528,jawi
N0kM47rL.png,sunda,5,0.021249106,0.29204863,0.6867022,pegon
vyGXLfpE.png,pegon,5,0.024005897,0.022683982,0.9533101,pegon
Ja4EdC9z.png,pegon,5,0.01392566,0.5858074,0.40026692,jawi
uQmHilrQ.png,lampung,2,0.18776433,0.65969616,0.15253957,jawi
lI7FCFD5.png,pegon,5,0.020118468,0.023682212,0.9561993,pegon
uiS1QFaE.png,lampung,1,0.6549912,0.25553918,0.08946961,jawa
HueiQtZL.png,jawi,1,0.03218455,0.9447129,0.023102561,jawi
pOzsktN4.png,jawa,1,0.57098013,0.11691146,0.31210837,jawa
iOeB3Sla.png,jawa,3,0.9724377,0.010666528,0.01689591,jawa
VV3ruI6T.png,lontara,3,0.57329607,0.3974986,0.029205337,jawa
0nJGjq1L.png,pegon,1,0.011879982,0.01060763,0.9775124,pegon
KrMAb5my.png,pegon,4,0.035676844,0.049580786,0.91474235,pegon
GRsBLf78.png,sunda,4,0.016143683,0.98185045,0.0020058735,jawi
VmYx4ElR.png,bali,1,0.3802236,0.61027163,0.00950478,jawi
IZfyzjrg.png,jawi,4,0.022102669,0.9621167,0.015780646,jawi
pa0t0Im3.png,jawa,3,0.9624566,0.019742433,0.017801,jawa
Jd49MCkK.png,jawi,1,0.011701219,0.96280336,0.02549549,jawi
FsbbNagd.png,pegon,2,0.01967509,0.017397152,0.96292776,pegon
9BSQ5QhX.png,pegon,4,0.010219953,0.005682708,0.9840973,pegon
sOeWUyTx.png,jawa,4,0.9745291,0.014147424,0.011323456,jawa
bTdv24Cd.png,lontara,5,0.8995226,0.08362779,0.01684957,jawa
Ps0KK5xx.png,lampung,1,0.03012272,0.9091465,0.060730834,jawi
hbpn5DX8.png,jawa,1,0.9660456,0.019112824,0.014841538,jawa
J65WKrBA.png,jawi,1,0.025234513,0.94414806,0.030617507,jawi
f04zoSZD.png,lampung,3,0.5788454,0.21566597,0.20548865,jawa
5ZIdkyLl.png,jawa,2,0.9671369,0.0153899565,0.017473198,jawa
0LR4IHQx.png,pegon,3,0.017315466,0.027081901,0.95560265,pegon
fdH8nwNs.png,lampung,3,0.053373415,0.93276435,0.013862235,jawi
PMJRPQyR.png,jawi,3,0.0072777905,0.96255666,0.030165603,jawi
BvkQ45Bi.png,sunda,5,0.020752339,0.96724886,0.011998809,jawi
NbdpJWDR.png,bali,3,0.040176433,0.940678,0.019145537,jawi
u4QWhZ12.png,bali,3,0.21629469,0.7604924,0.023212902,jawi
mX3qZV7e.png,pegon,4,0.0020718514,0.013062575,0.98486555,pegon
C85hc0yt.png,jawi,2,0.014141568,0.9656016,0.020256862,jawi
3VXwC5jJ.png,lampung,4,0.23711944,0.70304763,0.059833005,jawi
RHBmMx0H.png,jawi,1,0.023837484,0.9521849,0.023977565,jawi
jzPXvklM.png,lontara,3,0.88760704,0.07874114,0.03365186,jawa
gTFhouBR.png,pegon,5,0.01939683,0.017285628,0.9633176,pegon
BRBuQJEE.png,pegon,2,0.017087335,0.01659399,0.9663187,pegon
CTq6dg71.png,bali,3,0.15705206,0.80816066,0.034787323,jawi
9zlvJPqL.png,jawa,1,0.48302072,0.5096736,0.0073056887,jawi
dcERMNmL.png,sunda,1,0.15199253,0.8313494,0.016658055,jawi
07SOq8PR.png,jawa,1,0.9675579,0.0137610985,0.01868105,jawa
9lVplFWi.png,jawi,2,0.011658926,0.9725292,0.015811846,jawi
SBv70les.png,sunda,5,0.13935678,0.83899385,0.021649381,jawi
JUggMaiq.png,jawi,4,0.021132078,0.93618,0.04268797,jawi
5IwTPe8G.png,lampung,5,0.29611242,0.08605798,0.6178296,pegon
1FEQV5fS.png,jawa,5,0.9792793,0.010360378,0.010360378,jawa
gW1e4HMQ.png,sunda,2,0.027156731,0.96623033,0.0066129332,jawi
IU0LRuVy.png,lontara,4,0.76218784,0.1074172,0.13039497,jawa
1yFFYn31.png,lampung,4,0.23131792,0.5369119,0.23177016,jawi
DcJdlxEr.png,sunda,5,0.54095864,0.43171123,0.027330171,jawa
BvCZgTim.png,jawi,2,0.02659626,0.9476761,0.025727682,jawi
gem8TlXK.png,jawa,2,0.73139876,0.047354132,0.22124709,jawa
sgXdypIF.png,lampung,2,0.014653826,0.021217339,0.9641288,pegon
5gn5LIPe.png,lampung,5,0.03081155,0.019056741,0.95013165,pegon
NbbdoC50.png,sunda,2,0.025078278,0.9718764,0.0030453128,jawi
clIFepEb.png,sunda,2,0.13828334,0.8579108,0.0038058194,jawi
mxd41lB0.png,lontara,1,0.9512664,0.025674276,0.023059264,jawa
FfJasBH5.png,sunda,5,0.35857707,0.56171584,0.07970715,jawi
htvzNAYB.png,pegon,3,0.016483769,0.014196029,0.96932024,pegon
VVSABDHA.png,jawi,1,0.045089755,0.92894137,0.025968837,jawi
fkjf2RWQ.png,lampung,5,0.093335934,0.5634377,0.3432264,jawi
Y9L6y8di.png,sunda,4,0.017717827,0.9730453,0.00923688,jawi
5uv6JUan.png,pegon,3,0.022005301,0.017305925,0.9606888,pegon
Tzd7xYN7.png,pegon,5,0.0123841455,0.02096353,0.96665233,pegon
LMkyNv4C.png,jawi,4,0.009717695,0.9835181,0.0067641987,jawi
DKYol1WC.png,pegon,2,0.020971118,0.012970499,0.96605843,pegon
HDODZq27.png,lontara,4,0.16154253,0.16888231,0.6695752,pegon
gaYv1M99.png,lampung,3,0.9629775,0.028170966,0.008851412,jawa
cbFu1BeI.png,lontara,5,0.31700313,0.65522975,0.027767133,jawi
r3xoFgVa.png,jawa,1,0.9689343,0.021013018,0.010052661,jawa
oFtjAIEK.png,pegon,1,0.013994461,0.011601815,0.9744037,pegon
ZLZn3Xov.png,jawi,2,0.02271949,0.9520092,0.025271276,jawi
OMIFEEQY.png,lontara,2,0.8533984,0.13668561,0.009915987,jawa
0Cag0VBE.png,jawi,1,0.022287525,0.9486156,0.029096814,jawi
YsLTE8aY.png,pegon,5,0.019085247,0.0153204575,0.9655943,pegon
7UFwyQ07.png,jawa,1,0.9705273,0.018775016,0.010697681,jawa
x1x4SPLf.png,sunda,4,0.03296184,0.8900245,0.07701371,jawi
dn3bIxdi.png,jawa,2,0.82984394,0.095780395,0.07437563,jawa
j5qTiOvR.png,lampung,2,0.21930607,0.50285524,0.27783868,jawi
0LcdKuyZ.png,lampung,4,0.32384828,0.40357724,0.27257448,jawi
oiqsT9pU.png,bali,4,0.76006186,0.21514556,0.024792675,jawa
ktC2KcLC.png,jawi,5,0.009541023,0.9760661,0.014392878,jawi
YOG9Fg5H.png,lampung,4,0.0358044,0.19039607,0.7737996,pegon
XkxUmASi.png,bali,2,0.6569822,0.32810083,0.014916987,jawa
x49lBBdD.png,pegon,5,0.025326181,0.015926294,0.95874745,pegon
VslC5jqJ.png,pegon,4,0.006144319,0.02124774,0.9726079,pegon
8I5K4Vwp.png,sunda,2,0.036942758,0.9593017,0.0037555583,jawi
0srIOzlg.png,sunda,2,0.01149322,0.9862459,0.0022609401,jawi
JsVB4gt6.png,sunda,5,0.06936659,0.91842234,0.012211094,jawi
D1C9fENR.png,bali,1,0.7285579,0.26380175,0.007640399,jawa
Amli5XXI.png,lampung,4,0.06966126,0.3036678,0.626671,pegon
dNJ9Mk7E.png,sunda,5,0.42574918,0.55854475,0.015706046,jawi
UyBEPteQ.png,lontara,5,0.94355553,0.04818491,0.008259582,jawa
vH44rVnp.png,jawi,4,0.013003975,0.9742435,0.012752455,jawi
4vsRKfC5.png,jawi,5,0.020364454,0.96317613,0.016459458,jawi
gLNXyKXe.png,lampung,3,0.0773633,0.39058796,0.5320488,pegon
knxZO4EW.png,lontara,1,0.93967414,0.03903196,0.021293966,jawa
FpsnbGHn.png,sunda,4,0.131951,0.81344503,0.054603964,jawi
SUok4D8r.png,jawi,3,0.009400972,0.98550767,0.0050912937,jawi
rWXkcfa0.png,lampung,5,0.19816415,0.042820707,0.75901514,pegon
tritSZoH.png,bali,4,0.7554926,0.21301846,0.03148892,jawa
EPIYZUxI.png,jawi,5,0.020202952,0.9630318,0.0167652,jawi
EbZa6Fj2.png,jawi,4,0.020899665,0.966535,0.012565363,jawi
ACYSNPoT.png,jawi,4,0.012604135,0.9809457,0.006450148,jawi
u2EF0WTd.png,jawi,4,0.003592085,0.99501354,0.0013943716,jawi
txdbKyaq.png,jawa,1,0.95895857,0.025480622,0.015560788,jawa
wah3l5NK.png,pegon,4,0.004753959,0.01568689,0.9795592,pegon
zOs8P5Dh.png,lontara,3,0.4219949,0.52620786,0.051797245,jawi
8GaRNNLF.png,jawi,4,0.013394309,0.97071505,0.01589061,jawi
NQffCDbt.png,sunda,4,0.24987964,0.6347494,0.115370914,jawi
6Cwi1KvE.png,lampung,5,0.047513183,0.0698779,0.8826089,pegon
89JbH54L.png,jawa,5,0.5566385,0.060976606,0.3823849,jawa
lwmZCXrd.png,lampung,1,0.018518925,0.037190698,0.94429034,pegon
GjMPrJGz.png,pegon,1,0.03304434,0.020861166,0.94609445,pegon
rrY1vZZH.png,lampung,4,0.13014941,0.77841306,0.0914375,jawi
MMwsWkZg.png,pegon,4,0.018723203,0.037692852,0.943584,pegon
0ITDkFx7.png,sunda,2,0.18885657,0.7978382,0.013305211,jawi
Tu8h12WA.png,bali,3,0.16839571,0.8039596,0.02764464,jawi
q2fheS4w.png,jawi,2,0.013114149,0.9682104,0.018675402,jawi
LSTWnSJd.png,bali,3,0.98450005,0.013711135,0.0017888752,jawa
fNrvS2dT.png,jawi,5,0.019345373,0.96264035,0.01801427,jawi
4XsRQr0i.png,sunda,2,0.24951832,0.7283789,0.022102797,jawi
XjGWFKhm.png,sunda,3,0.046822444,0.9422926,0.01088492,jawi
5RxuUvWF.png,bali,1,0.6486699,0.34115803,0.010172119,jawa
mvKHuGol.png,sunda,3,0.031996086,0.9488608,0.019143092,jawi
88fSqUdC.png,jawi,3,0.030703202,0.94125915,0.028037604,jawi
7l7TeAo6.png,lontara,2,0.16398288,0.813582,0.022435093,jawi
njX3Bz82.png,lampung,5,0.061516702,0.020266255,0.91821694,pegon
z9hZinrs.png,lampung,4,0.6899117,0.14355804,0.16653025,jawa
RuPBy7VZ.png,pegon,3,0.023741867,0.07748632,0.89877176,pegon
BPTUSR7Y.png,pegon,4,0.029117202,0.015091061,0.9557918,pegon
KJQ7rWl4.png,lampung,4,0.05952449,0.8845847,0.055890784,jawi
fq6xVRZJ.png,bali,5,0.9541202,0.035301123,0.010578637,jawa
OjEHrZnA.png,sunda,1,0.051094677,0.9371656,0.011739711,jawi
XLSl3aI9.png,lampung,3,0.69408154,0.06154311,0.2443753,jawa
wFh3nZYQ.png,sunda,3,0.11081338,0.86715746,0.022029204,jawi
BJbZlSiE.png,sunda,2,0.07986648,0.91726494,0.0028685832,jawi
ee9Ga7OU.png,jawa,1,0.9882682,0.007915364,0.0038164225,jawa
cQKPYabY.png,jawi,2,0.023924848,0.94638735,0.02968785,jawi
nmC6Idyn.png,lontara,3,0.93260247,0.04760231,0.019795207,jawa
Lie9VpkY.png,lampung,1,0.7670492,0.028658256,0.2042925,jawa
26L0JcuU.png,lampung,2,0.2867646,0.5234641,0.18977135,jawi
gnI8HK3N.png,jawi,3,0.010844921,0.9800495,0.009105623,jawi
95CbPmWy.png,jawi,2,0.017666675,0.9579965,0.024336873,jawi
cOuShrFp.png,sunda,3,0.2035539,0.7891144,0.0073316484,jawi
BCsNKz6s.png,jawa,1,0.9716248,0.016298598,0.012076657,jawa
fePNcogx.png,jawa,3,0.8597925,0.08071854,0.059489068,jawa
Sn7jOspj.png,jawa,4,0.97728795,0.0074762735,0.01523581,jawa
AzAcznHk.png,jawi,3,0.021131584,0.965875,0.01299339,jawi
YMWrVZZM.png,pegon,1,0.022787958,0.020466931,0.9567451,pegon
oKdqQ5Qq.png,jawi,2,0.010222999,0.9729221,0.016854875,jawi
vkQTyyLc.png,lontara,2,0.17415577,0.81002045,0.015823761,jawi
V2rjzLxE.png,jawa,1,0.9635735,0.023426127,0.01300046,jawa
TQZN2SGL.png,lampung,3,0.7097325,0.25977665,0.030490866,jawa
snAFbtDr.png,pegon,1,0.0065774405,0.005736946,0.9876857,pegon
eLAnsMOh.png,lontara,2,0.6970062,0.27643886,0.026554951,jawa
Q5JIWaRr.png,sunda,1,0.03278202,0.95943534,0.00778261,jawi
GWdvSt9r.png,lampung,1,0.382646,0.5111489,0.10620508,jawi
kZwWwWaK.png,pegon,2,0.021710146,0.015561063,0.96272886,pegon
XsihEgPn.png,pegon,1,0.02491562,0.024481477,0.95060295,pegon
Sbzvd5lw.png,sunda,2,0.0049744896,0.9915255,0.0034999906,jawi
uSS2Q77g.png,pegon,1,0.017287698,0.028642107,0.9540702,pegon
hm4t99w6.png,jawa,5,0.97522753,0.011806007,0.01296636,jawa
Ig4HKh3P.png,jawi,2,0.01529329,0.9704935,0.014213212,jawi
WduD3kHy.png,jawi,4,0.024995793,0.9508719,0.0241323,jawi
akFfKAYh.png,jawi,4,0.027852088,0.955337,0.01681086,jawi
SGNi9V0D.png,jawa,1,0.9614693,0.01930298,0.019227725,jawa
5axHk0Zr.png,sunda,2,0.06665682,0.9226435,0.010699657,jawi
BUbnBXtj.png,pegon,5,0.01749256,0.020895,0.96161246,pegon
Tk5EWo6L.png,bali,4,0.8449451,0.13609374,0.018961236,jawa
HgTPEkNx.png,jawa,2,0.968874,0.018798025,0.0123280445,jawa
QtHRhxoj.png,sunda,4,0.020447439,0.97088605,0.008666448,jawi
eNU0EsR8.png,jawi,3,0.024004115,0.95884097,0.017154967,jawi
slmpFx0e.png,lampung,3,0.9810439,0.014954668,0.0040014796,jawa
YPxX04FE.png,sunda,5,0.25286856,0.71464056,0.032490876,jawi
etoxWnSY.png,sunda,3,0.42362368,0.28154048,0.29483584,jawa
ypZVyTo6.png,pegon,2,0.018684244,0.014537101,0.9667787,pegon
HCsDEZyW.png,jawi,4,0.014008392,0.9791911,0.006800528,jawi
X4TYuC8B.png,lontara,4,0.35538688,0.16906564,0.47554746,pegon
4ozzZrsF.png,bali,1,0.9522075,0.04450273,0.0032897585,jawa
q5BCdU39.png,lampung,2,0.7220395,0.2086685,0.06929203,jawa
lV4fnd8F.png,jawi,4,0.021446181,0.9740519,0.0045019533,jawi
J4IRgv79.png,lampung,3,0.7570506,0.19513999,0.04780944,jawa
cmJVE9pE.png,lontara,3,0.5322226,0.44273874,0.025038665,jawa
8l8XVnER.png,sunda,5,0.016479483,0.9643479,0.019172624,jawi
U3beYWPb.png,jawa,3,0.96183604,0.019557057,0.018606883,jawa
azzecq3P.png,sunda,1,0.40607205,0.5819555,0.011972411,jawi
F8k2XFeR.png,jawa,4,0.9289452,0.031880017,0.039174818,jawa
tlvD40fL.png,lampung,3,0.91548336,0.03169538,0.052821226,jawa
lMvNQwyo.png,sunda,4,0.44592404,0.5208292,0.03324676,jawi
MKbKvlXR.png,lontara,1,0.8964258,0.07481489,0.028759334,jawa
0P1hIel1.png,lampung,5,0.9830267,0.010553489,0.0064197956,jawa
ghEez4Xn.png,jawa,1,0.96672577,0.015671512,0.017602757,jawa
GWJE2q3K.png,jawi,3,0.009526426,0.98509836,0.005375244,jawi
c4Glgoct.png,pegon,4,0.013196911,0.0048406697,0.9819625,pegon
wutMT2KP.png,bali,2,0.4167095,0.5612918,0.021998694,jawi
3m9u89Co.png,lampung,4,0.05371449,0.051858902,0.8944266,pegon
fXvWyXhZ.png,jawi,5,0.031071505,0.5749366,0.39399186,jawi
exjlcLmD.png,jawi,1,0.020974979,0.9503276,0.028697407,jawi
skkP0dPy.png,bali,3,0.96105444,0.01892146,0.020024115,jawa
mb7ZoXmC.png,jawi,3,0.008117229,0.98325044,0.008632312,jawi
pGAQK6aM.png,jawi,5,0.009795188,0.9846073,0.0055975057,jawi
7lKgtsg7.png,lampung,4,0.25220498,0.1292705,0.61852455,pegon
wROuUFAf.png,pegon,3,0.018950533,0.0175778,0.9634716,pegon
nVCi1qwJ.png,jawi,2,0.07298305,0.9044409,0.022575997,jawi
MoHAMBo4.png,pegon,2,0.011275492,0.059137076,0.9295874,pegon
Iv5LLwp1.png,sunda,4,0.09609965,0.8888006,0.0150997415,jawi
eDCZEZWN.png,sunda,1,0.30440187,0.67964554,0.015952544,jawi
Xp4LSHWY.png,lontara,3,0.8125934,0.17356111,0.013845569,jawa
0YYfj8x4.png,jawi,5,0.018883295,0.9666384,0.014478324,jawi
6apEDmLp.png,lontara,3,0.7880477,0.1991524,0.012799951,jawa
1viQr3tN.png,jawi,1,0.02211678,0.9376782,0.040205054,jawi
MwNfgpfj.png,jawa,3,0.96376616,0.014648314,0.021585474,jawa
uU65EtiP.png,lampung,2,0.590187,0.39739537,0.012417557,jawa
oMDSNqTi.png,lampung,4,0.13958488,0.8009057,0.059509378,jawi
2en4TJss.png,jawa,1,0.9754995,0.0152674485,0.009233087,jawa
wyRcidZa.png,sunda,2,0.06751384,0.75623196,0.1762542,jawi
AWXZHp1g.png,sunda,5,0.0122755,0.97993696,0.007787558,jawi
O8c4bZUP.png,sunda,1,0.087178715,0.9075087,0.0053125825,jawi
OuRa6UzF.png,pegon,3,0.016154224,0.004228509,0.9796173,pegon
rV0Dti02.png,pegon,3,0.020504752,0.022852376,0.95664287,pegon
RsufypUI.png,sunda,5,0.09537147,0.85482323,0.049805295,jawi
UCwLYTVV.png,lontara,1,0.637706,0.34977543,0.012518571,jawa
i75qBwst.png,lontara,1,0.8716155,0.11102164,0.017362848,jawa
D9q5d0d0.png,lontara,5,0.95348626,0.029504392,0.017009258,jawa
0f1lpn3d.png,jawa,5,0.96956766,0.012482295,0.017950043,jawa
vCmHQ6AS.png,jawa,2,0.97214365,0.011942334,0.015913995,jawa
o7Bem6Ry.png,lampung,3,0.99182785,0.0046020537,0.0035701098,jawa
J59J1uLT.png,sunda,4,0.27947512,0.6700987,0.050426207,jawi
ohh5uwTd.png,sunda,5,0.10237011,0.8707386,0.0268913,jawi
hF9EVJmD.png,lampung,1,0.327845,0.61159855,0.060556456,jawi
CVH8mOlT.png,jawa,4,0.9640813,0.013045473,0.022873173,jawa
mQI8F8Ee.png,jawi,1,0.005680078,0.9646165,0.02970341,jawi
2xswc9B0.png,lontara,1,0.94680893,0.033231158,0.019959843,jawa
pKc8oV9J.png,lampung,2,0.45881,0.52963644,0.011553582,jawi
9Z8ffJUg.png,jawi,5,0.018064376,0.9643756,0.017559964,jawi
ZMhhhhsO.png,jawa,3,0.9772282,0.0139803095,0.0087914765,jawa
LlpoHffP.png,sunda,4,0.031989273,0.8807997,0.08721098,jawi
kLTB7s8J.png,sunda,2,0.012746774,0.9848074,0.002445866,jawi
nDZvYsLs.png,pegon,4,0.0033434099,0.007903793,0.9887527,pegon
x0aby3Y8.png,pegon,4,0.04799517,0.06608386,0.88592094,pegon
pQXVAoxJ.png,jawi,1,0.016278004,0.9534883,0.030233638,jawi
Yvcs9HB6.png,pegon,1,0.016155679,0.013185881,0.9706585,pegon
IsKLbvZE.png,jawi,3,0.008716164,0.9821938,0.009089969,jawi
mQAPKbS2.png,lontara,1,0.9314068,0.039432358,0.029160906,jawa
GECCV06c.png,jawa,3,0.976659,0.0077994983,0.01554148,jawa
bAIQViH0.png,jawa,3,0.9648596,0.018161906,0.016978426,jawa
2fhUf3dp.png,lampung,4,0.3057129,0.619369,0.07491817,jawi
MU0ONRbm.png,sunda,1,0.072221376,0.8811262,0.046652395,jawi
cWgyWFiO.png,pegon,1,0.016534498,0.022489898,0.96097565,pegon
9nya48ry.png,lontara,2,0.8212279,0.13175797,0.04701417,jawa
bnH2AFm3.png,lampung,2,0.84511465,0.124667965,0.03021739,jawa
3R4ECYiB.png,sunda,2,0.015565557,0.9734075,0.01102686,jawi
3CZ1BtZ1.png,lontara,1,0.038501274,0.93965757,0.02184117,jawi
QqGP86DM.png,bali,3,0.36043325,0.5892697,0.05029705,jawi
oWHzuoWc.png,jawa,3,0.9629341,0.019617662,0.01744831,jawa
VrhmfdG0.png,jawi,4,0.009589489,0.9829422,0.0074683004,jawi
y9xcJAWk.png,sunda,4,0.04611217,0.94422454,0.009663277,jawi
8NRPBmba.png,pegon,4,0.0019609763,0.007695456,0.9903436,pegon
gYK1b3OS.png,pegon,5,0.0177998,0.016984688,0.9652154,pegon
H3uCqbNM.png,pegon,1,0.02114252,0.013425886,0.9654316,pegon
EBpwJQBl.png,sunda,4,0.072859414,0.89851075,0.028629841,jawi
ek1jlBYJ.png,lampung,1,0.12381926,0.06204779,0.814133,pegon
kIDzEL2h.png,pegon,5,0.016069196,0.015635755,0.96829504,pegon
COIzDxwb.png,pegon,4,0.004977873,0.0037906659,0.9912314,pegon
TUzVAkMo.png,jawi,1,0.031011304,0.92686945,0.04211922,jawi
W0QG1Kah.png,lampung,3,0.074599996,0.072481535,0.85291845,pegon
5kZL7ZOJ.png,jawi,2,0.017410494,0.9627256,0.019864,jawi
AuedFrPz.png,sunda,1,0.013139406,0.97197175,0.014888898,jawi
ovuGKXXq.png,lontara,5,0.9229379,0.06420202,0.012860036,jawa
W8VuhI9m.png,bali,5,0.9757488,0.017854016,0.0063972063,jawa
eEg8v7pe.png,lampung,1,0.11974228,0.23860152,0.6416562,pegon
HdBoWaUu.png,jawa,1,0.98050964,0.01216331,0.007327161,jawa
LH6ovCsu.png,jawi,4,0.029624432,0.9499153,0.020460214,jawi
ijXGPSJc.png,jawa,1,0.9717415,0.014343108,0.013915399,jawa
cdtABZzl.png,pegon,1,0.011982764,0.01258238,0.97543484,pegon
AWZyXL55.png,lampung,1,0.052519705,0.9205377,0.026942581,jawi
lHxQlWlC.png,lontara,1,0.9335335,0.05465749,0.011808974,jawa
9r05zL3u.png,jawa,4,0.9621804,0.017830683,0.019988928,jawa
CGYnRRuQ.png,pegon,1,0.019355198,0.027806386,0.9528385,pegon
y1ZwPjeZ.png,lampung,1,0.060330387,0.22869775,0.71097183,pegon
qbvCJuLX.png,lampung,3,0.83086944,0.15422162,0.014908997,jawa
naL9ltRt.png,bali,1,0.8595976,0.13458775,0.0058145924,jawa
45OP5nze.png,jawi,1,0.02295554,0.94698757,0.030056851,jawi
LaJ8FL8v.png,jawi,4,0.013445469,0.95744383,0.02911062,jawi
gGK9qSM5.png,jawi,5,0.010399104,0.98102176,0.008579168,jawi
zIV981UN.png,lampung,3,0.9037132,0.05555923,0.040727466,jawa
JbdCqAec.png,pegon,2,0.026688099,0.017708795,0.9556031,pegon
7Q3alMCw.png,sunda,1,0.021252126,0.9470311,0.031716835,jawi
O4HONI6U.png,jawi,5,0.029552177,0.9429828,0.027465075,jawi
vVVfo1NX.png,pegon,1,0.011097503,0.020672211,0.9682303,pegon
HxWesQkU.png,pegon,4,0.0027361666,0.0039079115,0.993356,pegon
2aFqtqPE.png,lontara,1,0.95555556,0.027146762,0.01729771,jawa
pLUsgLXs.png,jawi,1,0.021562494,0.95245355,0.025983946,jawi
OKVZlDu7.png,sunda,4,0.074013315,0.90829504,0.017691648,jawi
BVsPJhHR.png,sunda,5,0.65426207,0.2502317,0.09550624,jawa
9AfCzfed.png,jawi,2,0.011903765,0.9727966,0.01529967,jawi
6qouOsnF.png,pegon,3,0.025330942,0.043427337,0.93124163,pegon
D9YOSThj.png,sunda,1,0.12454345,0.854014,0.021442551,jawi
hKTKSUtm.png,sunda,2,0.034222238,0.96403974,0.0017380662,jawi
0NO2HmZY.png,jawi,2,0.013216948,0.96443164,0.022351434,jawi
5H6vAKUm.png,lontara,2,0.8619107,0.12644914,0.011640196,jawa
IXBkV9il.png,lampung,1,0.11778691,0.57441366,0.30779943,jawi
YRDdvXQW.png,bali,5,0.16085373,0.8325876,0.0065586744,jawi
YlH1xvEM.png,lampung,5,0.013026606,0.019574359,0.967399,pegon
rQ2am2AA.png,sunda,3,0.02766039,0.8546273,0.117712304,jawi
bRzorzsu.png,lontara,2,0.81595504,0.15964466,0.024400257,jawa
L7N16G72.png,jawa,3,0.97025067,0.012047807,0.01770148,jawa
XC37crB4.png,lontara,5,0.32554188,0.6531326,0.021325534,jawi
zf8g9Mcz.png,jawi,1,0.011297019,0.9741547,0.01454822,jawi
srnwhlHz.png,jawi,5,0.011786931,0.9803305,0.007882521,jawi
oSFFOCGq.png,jawi,5,0.015530168,0.96929944,0.015170412,jawi
nPC2cn3W.png,jawi,3,0.0060057463,0.9866143,0.007379983,jawi
DcrqIXdQ.png,pegon,2,0.022916803,0.017743355,0.95933986,pegon
uykyOR2L.png,pegon,2,0.022160593,0.022575615,0.9552638,pegon
mb3MxXhM.png,sunda,1,0.07332577,0.9029385,0.023735756,jawi
VnZqJtaQ.png,sunda,3,0.015855,0.9359948,0.048150174,jawi
iSOANV1u.png,pegon,1,0.01854513,0.0228109,0.9586439,pegon
AJoAFYv5.png,lontara,5,0.9333112,0.050488554,0.016200269,jawa
BLu4jSOQ.png,sunda,3,0.011798522,0.9727077,0.015493727,jawi
9Z9TXz5C.png,jawi,4,0.009599232,0.98682785,0.0035729867,jawi
PYCZJLbJ.png,jawi,2,0.022898318,0.9566957,0.020406002,jawi
XO0Gjsmw.png,jawi,1,0.023693675,0.9409112,0.035395168,jawi
33ptUKR9.png,lampung,5,0.97430986,0.007475359,0.01821485,jawa
DednrmIG.png,lampung,3,0.016595338,0.11882212,0.86458254,pegon
IYtIiX69.png,jawi,4,0.018547913,0.97103745,0.0104146,jawi
5xVwAW8Q.png,lampung,4,0.33052632,0.57389367,0.095580004,jawi
u0PADPRw.png,lampung,3,0.021174826,0.9039004,0.07492479,jawi
m1sjAz06.png,sunda,1,0.044863485,0.74267966,0.21245685,jawi
B0rhXx4e.png,jawi,2,0.030318003,0.93674004,0.032942038,jawi
pAc0Lz4m.png,pegon,3,0.014141981,0.015501621,0.9703563,pegon
FAixk454.png,bali,1,0.22641687,0.7579594,0.015623776,jawi
2ai83QsJ.png,jawi,5,0.02301276,0.9624165,0.014570774,jawi
UcRIEfy8.png,jawa,3,0.9633818,0.014829549,0.02178861,jawa
vw5VFFkT.png,lampung,5,0.009226563,0.020711321,0.9700621,pegon
UH2qtwmF.png,lampung,4,0.1554729,0.65744823,0.18707883,jawi
GGiYvXcP.png,sunda,4,0.7592331,0.1883892,0.052377686,jawa
Dg8HW8b7.png,pegon,2,0.015972022,0.011193911,0.97283417,pegon
atmPZeH2.png,sunda,5,0.021947874,0.9619319,0.016120255,jawi
luiWBdAH.png,sunda,4,0.25604665,0.72940904,0.014544248,jawi
ukDsKJ3f.png,lampung,2,0.09179389,0.031530086,0.876676,pegon
o1bsy7vZ.png,pegon,2,0.015800064,0.013344025,0.97085595,pegon
pe92ak0e.png,pegon,3,0.024327692,0.0891392,0.886533,pegon
rOOIsx5n.png,sunda,2,0.19074227,0.7846437,0.024614006,jawi
WGlDihDR.png,pegon,3,0.035601687,0.024444772,0.93995357,pegon
mwfdU8Zh.png,sunda,3,0.026606534,0.9545451,0.018848442,jawi
20qSygmv.png,jawi,3,0.010067433,0.97415596,0.015776549,jawi
9SmEWFni.png,jawa,1,0.9743859,0.011343926,0.014270217,jawa
6ZEkTAJZ.png,jawa,4,0.96068287,0.021038525,0.018278588,jawa
1WOFPF9H.png,jawa,4,0.9765647,0.008046305,0.015388962,jawa
2UbepehD.png,jawi,4,0.014582084,0.9510132,0.03440466,jawi
OlvWlsFC.png,lampung,3,0.04365935,0.9518893,0.0044513806,jawi
75UrHFpo.png,bali,4,0.9084522,0.07626417,0.015283615,jawa
rQX0Ofpc.png,bali,2,0.07232829,0.91733074,0.010341,jawi
EM0XL13M.png,lampung,5,0.09303444,0.15637498,0.7505906,pegon
xlh7YOG0.png,lampung,1,0.51806086,0.33524144,0.14669769,jawa
mtPw7KAc.png,jawa,2,0.97007793,0.012785029,0.017137064,jawa
dCWUGtVP.png,pegon,5,0.021750234,0.018441165,0.9598086,pegon
0J9ll3XL.png,pegon,2,0.022332216,0.017822191,0.9598456,pegon
4xdprXtz.png,pegon,2,0.02024566,0.020324897,0.9594295,pegon
WqrEXrwL.png,jawa,3,0.9515058,0.021103777,0.02739044,jawa
kSeqJGGj.png,pegon,2,0.009529494,0.025057882,0.9654127,pegon
vQ9mpswY.png,lontara,1,0.8376718,0.13800175,0.024326442,jawa
L8xzqZny.png,jawi,1,0.016595371,0.9663991,0.017005516,jawi
CI2u76wa.png,pegon,4,0.052195087,0.022624895,0.92518,pegon
uDOpsPz7.png,bali,5,0.20929612,0.78219914,0.008504751,jawi
sXgkzmHC.png,lontara,2,0.9176899,0.07676743,0.005542715,jawa
pF5Fh9Rh.png,bali,1,0.7323118,0.26187992,0.005808325,jawa
xkNiimIN.png,lampung,5,0.112227805,0.024005776,0.8637664,pegon
qip5xtev.png,jawa,5,0.9705967,0.010845719,0.018557606,jawa
RWfpOwJM.png,jawi,1,0.012374414,0.9753714,0.012254158,jawi
1zfzwRcg.png,jawi,2,0.008203,0.97919077,0.012606184,jawi
xHK5Elf7.png,sunda,5,0.17853193,0.80738497,0.014083058,jawi
en69NuQR.png,lampung,2,0.011915901,0.042410884,0.9456733,pegon
xLrTWoJt.png,jawa,2,0.96454066,0.022071965,0.013387323,jawa
WSslc905.png,sunda,2,0.45768255,0.5211608,0.02115671,jawi
G3HhPZ2f.png,jawa,2,0.9741411,0.01602475,0.009834073,jawa
LaI51zEh.png,sunda,1,0.02045638,0.95718616,0.022357501,jawi
kdrgfK7L.png,pegon,3,0.025579398,0.024816625,0.949604,pegon
LgY2oxRM.png,jawi,5,0.011338911,0.9768127,0.011848315,jawi
HnXxs0nj.png,pegon,4,0.0406587,0.045181226,0.9141602,pegon
NUG0ZCAD.png,sunda,5,0.119104825,0.86759216,0.013302972,jawi
QaoqPD7L.png,pegon,1,0.029040541,0.011613742,0.9593457,pegon
jt0aqwhU.png,jawi,5,0.080081165,0.9084607,0.01145819,jawi
BhiuLRr2.png,lampung,1,0.009769164,0.8424061,0.14782481,jawi
CAZa9BgO.png,lontara,1,0.94743145,0.0332855,0.01928299,jawa
BrTrh4N8.png,pegon,4,0.00527487,0.008955348,0.98576975,pegon
GHtlrUYI.png,lampung,5,0.017500928,0.017603774,0.96489525,pegon
7C4dhdUD.png,pegon,3,0.013964273,0.025999678,0.9600361,pegon
N9oIyPsL.png,jawa,5,0.43107867,0.18297637,0.38594502,jawa
UsOFPTQ6.png,jawa,5,0.98305327,0.007989782,0.008956873,jawa
PQ7tQnAM.png,bali,2,0.23159891,0.7479756,0.020425506,jawi
AV21BGRM.png,jawa,3,0.93699217,0.03050438,0.03250347,jawa
AGwnFjLN.png,jawi,5,0.029919302,0.9514398,0.01864092,jawi
z25GgvQ7.png,bali,1,0.70733064,0.28522977,0.007439553,jawa
Jigrj2ce.png,bali,1,0.047021326,0.9352703,0.017708393,jawi
LFeIfTGq.png,bali,3,0.9703639,0.01658229,0.013053777,jawa
n0goOgWX.png,jawi,3,0.0077129127,0.9781562,0.014130912,jawi
rkMxZpwm.png,jawi,3,0.01841505,0.9640817,0.017503256,jawi
UYMVVXz7.png,sunda,2,0.020636346,0.9755593,0.0038043146,jawi
sOdkpLe0.png,lampung,3,0.97490466,0.02179234,0.0033030282,jawa
IQEADn7h.png,sunda,4,0.0529088,0.93600094,0.011090286,jawi
RKoBPxWp.png,jawi,2,0.0067942203,0.98788327,0.0053224396,jawi
pZUAPSJA.png,jawi,5,0.027924158,0.9512838,0.020792041,jawi
i5DPKVgT.png,pegon,1,0.009206475,0.0037525888,0.987041,pegon
yc6kptPg.png,pegon,5,0.024997734,0.018468209,0.9565341,pegon
WEIlqzCv.png,lampung,3,0.95352733,0.021086745,0.02538584,jawa
qOLZPadE.png,sunda,3,0.021577217,0.96622413,0.012198653,jawi
N7QvjGkQ.png,jawi,1,0.023610646,0.94220334,0.034185953,jawi
CMiSgpjz.png,lampung,5,0.97258085,0.004512748,0.02290644,jawa
IvNIEbH7.png,jawa,5,0.37225533,0.14659816,0.48114648,pegon
xbd4kNho.png,pegon,4,0.0060966564,0.007881959,0.98602134,pegon
b8cnvvu8.png,jawi,3,0.017077012,0.9742603,0.008662664,jawi
059PtM6A.png,lampung,4,0.13448961,0.056214374,0.809296,pegon
eZb2ZtKt.png,lampung,4,0.06073715,0.023785012,0.9154779,pegon
c3oMeXAl.png,lampung,5,0.05316115,0.009353766,0.93748516,pegon
IqddosIj.png,jawi,4,0.027158007,0.95735276,0.015489284,jawi
c2bTNPmY.png,jawa,3,0.96362364,0.015882727,0.020493645,jawa
7fghRvc5.png,pegon,1,0.021044532,0.016119653,0.96283585,pegon
mVMooAGj.png,jawa,5,0.9774326,0.01044232,0.012125139,jawa
EGZLyhHx.png,jawa,2,0.9758202,0.014319163,0.009860647,jawa
FFKi71pa.png,jawa,5,0.98239225,0.01181172,0.0057960586,jawa
kgpc0efu.png,pegon,2,0.0197362,0.019988354,0.9602754,pegon
0ZwPS01z.png,lampung,1,0.017144201,0.050463475,0.93239236,pegon
WpCZ3yCp.png,pegon,1,0.015350516,0.018105,0.9665444,pegon
jxGBmLgw.png,lampung,4,0.36023962,0.22029072,0.41946962,pegon
H6sPeZfX.png,sunda,5,0.73570263,0.23428512,0.030012297,jawa
LUx7dvO2.png,jawi,5,0.026753534,0.95234966,0.020896805,jawi
zVkuWjr5.png,jawi,5,0.11407785,0.7143362,0.17158593,jawi
nK5Xw7Ok.png,jawa,1,0.9173576,0.010013349,0.07262903,jawa
VZJcgBEk.png,jawi,4,0.018880492,0.9413442,0.03977531,jawi
BX4Gd0C8.png,sunda,4,0.15071996,0.7208023,0.12847772,jawi
dc2goLsE.png,jawi,2,0.019053172,0.9630306,0.017916286,jawi
BtU4g1Hx.png,jawi,5,0.026388565,0.9611646,0.01244683,jawi
eMvkTLqG.png,lampung,1,0.061444383,0.89808196,0.04047368,jawi
biDJRFFE.png,bali,2,0.5992989,0.36921734,0.031483743,jawa
xgSE9Xiu.png,sunda,1,0.02837364,0.94512755,0.026498845,jawi
3R1NnJ2M.png,bali,5,0.049883563,0.9444564,0.00565999,jawi
7ddFScRx.png,sunda,2,0.2644431,0.7230551,0.0125017455,jawi
li75D5Fn.png,jawi,5,0.02055711,0.9590855,0.020357331,jawi
qfYf8tKY.png,jawi,2,0.010824653,0.9715537,0.017621696,jawi
HKhFOOH6.png,jawa,4,0.96416837,0.015104851,0.02072669,jawa
lS6hggH7.png,bali,1,0.6275625,0.364271,0.008166549,jawa
VSr6yCsj.png,pegon,4,0.024346612,0.034891944,0.94076145,pegon
AloU5wrU.png,jawi,4,0.04131433,0.5527797,0.405906,jawi
MISL9rCO.png,sunda,5,0.052569572,0.93637896,0.01105151,jawi
vKycnJKI.png,jawi,1,0.028080456,0.94361883,0.028300695,jawi
sYLybXp7.png,jawi,2,0.0076587396,0.9827351,0.009606211,jawi
mu7kzU3n.png,jawi,1,0.022551501,0.9458932,0.03155522,jawi
ZkmxSFAa.png,jawa,3,0.9761186,0.00755535,0.01632608,jawa
nZz5GTFx.png,jawa,5,0.98029906,0.0075877076,0.012113288,jawa
CmobSflw.png,sunda,4,0.38186198,0.5897092,0.02842881,jawi
QAKFrDgQ.png,jawa,1,0.9805712,0.010353804,0.0090749515,jawa
K2PaiYL2.png,pegon,3,0.024215352,0.029989693,0.94579494,pegon
NMYP4oXy.png,bali,1,0.709766,0.27672958,0.013504476,jawa
banMNyl9.png,jawa,5,0.970095,0.014055572,0.015849473,jawa
9TIwmyrv.png,pegon,3,0.047761813,0.13248774,0.81975037,pegon
VMm4ACdA.png,jawi,3,0.020526681,0.9066999,0.072773404,jawi
k1HYZC3N.png,pegon,3,0.022750657,0.01363821,0.9636111,pegon
KfZGBti5.png,lampung,5,0.033237677,0.03262665,0.9341356,pegon
cOdlpeVb.png,lampung,2,0.5724953,0.40437725,0.023127448,jawa
GJn2h5si.png,sunda,4,0.116239935,0.85576373,0.027996302,jawi
Y8wwoa2G.png,sunda,3,0.0127666565,0.9839385,0.0032947971,jawi
s2Wia4bd.png,jawi,4,0.013151052,0.9530857,0.03376325,jawi
cofw2LvW.png,jawi,1,0.015272539,0.9672857,0.017441787,jawi
dc7ZRPdw.png,sunda,5,0.0212408,0.9576837,0.021075502,jawi
5T0dm9Gw.png,sunda,5,0.07392575,0.912329,0.01374518,jawi
D2nMveQI.png,sunda,3,0.2230808,0.69532186,0.08159735,jawi
3ETWdE3i.png,jawi,1,0.01573372,0.96583575,0.018430546,jawi
v7fdXPDg.png,bali,3,0.20405056,0.7666552,0.029294176,jawi
50c0r3ps.png,lampung,4,0.12327105,0.2184172,0.6583117,pegon
uNiCVHcx.png,pegon,1,0.014176243,0.014065923,0.9717578,pegon
nm4GCtyx.png,jawi,3,0.005357913,0.9896235,0.0050185695,jawi
UBZ0Xc6l.png,pegon,3,0.018441118,0.020815056,0.96074384,pegon
YecdarSS.png,jawa,2,0.9699737,0.015240382,0.0147859175,jawa
OaN8pLgz.png,lampung,1,0.93177444,0.048097182,0.020128362,jawa
MX3Ji3AN.png,sunda,2,0.013125664,0.9804836,0.0063906936,jawi
vgRJHnKD.png,jawi,1,0.02194036,0.9494719,0.028587691,jawi
hYC2zOw5.png,lampung,5,0.043624353,0.03855479,0.9178208,pegon
MSzffMvS.png,sunda,3,0.0056248163,0.9894113,0.0049638827,jawi
yyOXAE0f.png,jawa,4,0.96726257,0.016400661,0.01633672,jawa
oDQI5gsn.png,lampung,3,0.1208646,0.8143464,0.064789,jawi
0Z2Jjwaj.png,bali,5,0.11364825,0.87930226,0.0070495014,jawi
bwhFMiaz.png,lampung,3,0.32188848,0.43643895,0.24167262,jawi
ITFXxOsG.png,jawi,2,0.06500562,0.92846376,0.0065306085,jawi
v0FFyutp.png,bali,5,0.05978272,0.9347026,0.0055146925,jawi
4BRYud4M.png,jawa,5,0.9615266,0.014728896,0.023744486,jawa
EgX2GsDV.png,pegon,4,0.057849217,0.39436367,0.54778713,pegon
FAOJrTap.png,sunda,1,0.030112842,0.9441303,0.025756879,jawi
V3alfTzs.png,sunda,5,0.53264695,0.2846185,0.18273456,jawa
C4r0rPb0.png,lampung,1,0.23589392,0.73266095,0.03144517,jawi
TiF8BFmI.png,lampung,4,0.23363386,0.100398846,0.6659673,pegon
ItBpjENw.png,lampung,1,0.8575667,0.02230219,0.12013112,jawa
p7yDELw7.png,jawi,2,0.03366197,0.93503815,0.031299893,jawi
IOn7guJI.png,pegon,3,0.014603302,0.017056325,0.9683403,pegon
L7k1sFz3.png,jawi,1,0.029855553,0.41174093,0.5584035,pegon
7HLPSYjW.png,pegon,2,0.011336941,0.00819765,0.9804654,pegon
04PfhVTQ.png,lampung,3,0.9312181,0.062433437,0.0063484595,jawa
ZJF4UG25.png,pegon,1,0.020569377,0.013190112,0.96624047,pegon
M4F2zReM.png,pegon,3,0.020489894,0.017003315,0.96250683,pegon
cfXrWE4c.png,pegon,4,0.006803553,0.006850221,0.9863463,pegon
YIKSmxn7.png,sunda,5,0.017071612,0.96354586,0.019382488,jawi
MrRRhwJU.png,sunda,1,0.057416994,0.9339313,0.008651756,jawi
ovMD4LsF.png,sunda,1,0.017458308,0.96160597,0.020935709,jawi
bEz398vp.png,bali,3,0.9549331,0.031748094,0.013318852,jawa
EiNupSzt.png,pegon,3,0.016918853,0.022545556,0.9605356,pegon
0v4qq5XW.png,jawi,1,0.021700429,0.95387733,0.024422286,jawi
f5CJwsoy.png,jawa,5,0.9741959,0.0134686185,0.012335382,jawa
JHYA3rd3.png,lampung,3,0.9539193,0.042948134,0.0031324925,jawa
qDrNSpsf.png,pegon,2,0.02879176,0.012621254,0.958587,pegon
2EO9FTCE.png,jawa,2,1.0,2.0152363e-16,1.723723e-16,jawa
KFJxWis1.png,sunda,5,0.11908604,0.8704785,0.010435516,jawi
vSycO5gD.png,sunda,1,0.023773462,0.9496275,0.026599025,jawi
KGpeYuie.png,jawi,2,0.01732836,0.96758705,0.015084573,jawi
NCEuKjzH.png,jawa,2,0.9654925,0.019689001,0.01481856,jawa
UBUA34MZ.png,lampung,3,0.09445178,0.3564138,0.5491345,pegon
awOVGOWV.png,jawa,5,0.9745505,0.014092577,0.011356927,jawa
HUHXbpnk.png,lampung,2,0.41036937,0.33696368,0.25266695,jawa
iOSiTh96.png,sunda,3,0.019579872,0.9724081,0.008012057,jawi
v25Qnp6n.png,jawa,5,0.9763337,0.014882866,0.008783429,jawa
SJL3X7Y0.png,sunda,5,0.21758318,0.7706464,0.011770413,jawi
CChOx7ZJ.png,lampung,3,0.5112163,0.064867035,0.4239167,jawa
O6Ox0y1L.png,jawi,1,0.018334981,0.9608278,0.020837214,jawi
4IKYdzor.png,jawa,2,0.971308,0.01615071,0.012541389,jawa
kva2zkfH.png,jawa,4,0.97499585,0.011977372,0.013026732,jawa
YGpRlb2B.png,jawa,3,0.9796933,0.011328013,0.008978714,jawa
nokLBlBV.png,jawa,4,0.94747657,0.03335216,0.019171247,jawa
W4IGoj5g.png,jawi,5,0.020993989,0.14774223,0.8312637,pegon
LjlINc01.png,jawa,5,0.972635,0.012363821,0.015001255,jawa
UczBR3oQ.png,jawi,1,0.010597716,0.9861828,0.0032195204,jawi
SIG8yqHx.png,lampung,1,0.34863168,0.41086373,0.24050458,jawi
0jYWoewl.png,jawa,3,0.9764825,0.009090219,0.014427169,jawa
8u3hqe7I.png,pegon,2,0.017480178,0.00931089,0.9732089,pegon
Uv89X7tP.png,jawa,1,0.96715397,0.015693773,0.017152281,jawa
IhCWlw5s.png,jawi,5,0.01503435,0.9719291,0.013036583,jawi
UIHMlYRz.png,jawi,1,0.020519972,0.9370041,0.042475935,jawi
sB4HeRvh.png,pegon,5,0.016982483,0.012255939,0.9707616,pegon
OFEX7PTu.png,lampung,1,0.40454495,0.040885303,0.5545697,pegon
XKjfH0QS.png,pegon,5,0.01595015,0.017279943,0.9667699,pegon
L6JLMT8t.png,pegon,4,0.0033137393,0.0070909513,0.98959523,pegon
pFtAfUA2.png,jawa,4,0.979166,0.005732067,0.015101985,jawa
x6oo9Aql.png,bali,3,0.4324087,0.5208209,0.04677038,jawi
gxawh0TK.png,jawa,3,0.9698065,0.010300318,0.019893197,jawa
rtw44wJm.png,lontara,2,0.20331906,0.7924488,0.0042321323,jawi
4H4iNRc7.png,jawa,5,0.9692078,0.010558674,0.020233477,jawa
Hl8xjNWf.png,pegon,5,0.019903425,0.018282251,0.96181434,pegon
92dUXFMO.png,lampung,1,0.22016925,0.5355598,0.24427103,jawi
9PcFRZ1a.png,jawi,3,0.12303931,0.42104027,0.45592046,pegon
GBb3BoJ9.png,lontara,2,0.94500977,0.044285107,0.010705167,jawa
NeawVRDP.png,bali,4,0.7156062,0.2624226,0.02197118,jawa
F9CyrLAy.png,jawa,5,0.97915435,0.010667033,0.010178554,jawa
XI2R8ol5.png,pegon,4,0.032355815,0.01232293,0.95532125,pegon
pRUGvPz0.png,lampung,2,0.091981605,0.8591673,0.048851065,jawi
h5H6NqO6.png,lontara,5,0.8713582,0.115792945,0.0128488755,jawa
L9sm0IQZ.png,jawi,4,0.02314499,0.9418378,0.03501725,jawi
omY5e6NR.png,jawa,5,0.98414284,0.0073758885,0.008481309,jawa
TfWm5aLZ.png,bali,5,0.9674073,0.02135195,0.011240704,jawa
frP1Ukwx.png,jawa,1,0.9656302,0.019048715,0.015321027,jawa
tJFmzNpq.png,pegon,2,0.023806302,0.006972145,0.9692216,pegon
mCEbvbBD.png,jawa,1,0.9844418,0.009783983,0.0057742186,jawa
rYqPG6oa.png,lampung,2,0.9355669,0.05795452,0.0064785476,jawa
AZyLYkMY.png,pegon,4,0.0025644258,0.012174601,0.9852609,pegon
PxN5O7vl.png,lampung,4,0.21035945,0.76133436,0.028306186,jawi
OGWZJ3Lo.png,bali,5,0.08400379,0.9089878,0.0070083155,jawi
4Tj9ZWRb.png,jawi,2,0.007643467,0.98365295,0.0087035755,jawi
m1olFPUG.png,lampung,2,0.73057044,0.24221404,0.0272155,jawa
6CO12kU7.png,pegon,4,0.004777507,0.007923066,0.9872995,pegon
Uih4QEem.png,jawa,1,0.9528487,0.027375579,0.019775743,jawa
Hqycc2CT.png,jawa,2,0.96407264,0.01924217,0.016685266,jawa
QDodtUa5.png,jawi,4,0.01906894,0.972336,0.008595044,jawi
7XKbgUuw.png,lampung,2,0.021513777,0.084015235,0.89447105,pegon
jMM7yQDq.png,jawa,3,0.9314098,0.03212106,0.036469087,jawa
YNwn6zBy.png,sunda,5,0.31301185,0.672096,0.014892101,jawi
OD1NxML4.png,sunda,3,0.0042774677,0.9890259,0.006696623,jawi
mtXl8mWc.png,jawi,4,0.0103758145,0.9598925,0.029731642,jawi
3pVcPUHm.png,pegon,5,0.037461508,0.02840197,0.93413645,pegon
dvNQ3ewl.png,lampung,5,0.21221286,0.7632756,0.024511505,jawi
K4f4r5sY.png,lampung,1,0.32323885,0.5249567,0.15180445,jawi
xSWRGy3W.png,pegon,2,0.014295548,0.012444469,0.97326005,pegon
MdcU56qK.png,pegon,5,0.030754438,0.02364943,0.9455961,pegon
5sy0IqlF.png,bali,3,0.054389413,0.9235277,0.022082873,jawi
pTUfcyY7.png,jawa,1,0.95820713,0.018107278,0.023685632,jawa
Oom4Ri7W.png,lampung,5,0.0565616,0.034139242,0.90929914,pegon
C560HZz8.png,sunda,1,0.10055189,0.8836082,0.01583986,jawi
cwHNpPeT.png,jawi,3,0.007385146,0.9653759,0.027238911,jawi
ZNS4VDpK.png,jawi,4,0.022485116,0.96171004,0.015804812,jawi
UQ9GdfEO.png,sunda,3,0.11410023,0.5504894,0.3354104,jawi
ZfFzg400.png,jawa,4,0.9641053,0.017316666,0.018578067,jawa
jAlMSOwd.png,lontara,3,0.8284791,0.12683445,0.044686425,jawa
jidw2Jb4.png,jawi,5,0.013052629,0.9750279,0.011919422,jawi
Xj5Wpd93.png,pegon,4,0.0028518273,0.007282396,0.9898657,pegon
Pyd1AoDN.png,lontara,3,0.8308458,0.14086275,0.0282915,jawa
NpIPw3S7.png,lontara,2,0.794413,0.17279766,0.032789342,jawa
a88RRy4F.png,lontara,4,0.6958396,0.2893618,0.01479861,jawa
TBPIecyV.png,jawi,4,0.032718215,0.94595003,0.021331772,jawi
kdPdi24C.png,sunda,4,0.07521205,0.8876461,0.03714187,jawi
BbQr3FWQ.png,sunda,2,0.3725825,0.61970747,0.007710081,jawi
lCltpq6D.png,lontara,2,0.9376097,0.054829173,0.007561134,jawa
Aba07xLP.png,jawa,4,0.953352,0.03259007,0.014057939,jawa
FXBWYuzP.png,bali,5,0.40605572,0.5864962,0.007448072,jawi
1Qp2uts3.png,sunda,3,0.62993336,0.09213462,0.27793205,jawa
gVlgBbdG.png,jawi,3,0.014667102,0.9716215,0.013711353,jawi
fXO2nyNA.png,sunda,3,0.002323178,0.99379385,0.0038829995,jawi
WNmGDNed.png,jawa,1,0.9807958,0.0060999836,0.013104224,jawa
wVpJ4Ksb.png,pegon,5,0.022019895,0.013833631,0.96414655,pegon
q6G0VIbY.png,lampung,5,0.023153538,0.01982362,0.9570229,pegon
Sw0B6IsZ.png,sunda,5,0.056816995,0.93529403,0.007889007,jawi
HoKcpTr0.png,lampung,3,0.94657755,0.044142507,0.00927992,jawa
lYTUM12w.png,sunda,1,0.017716866,0.9729925,0.009290656,jawi
A7D61LYF.png,lampung,3,0.9291957,0.0356787,0.03512555,jawa
6OyKP4IH.png,lampung,1,0.020715278,0.052563597,0.9267211,pegon
bzwyPpve.png,lampung,4,0.18953599,0.09201234,0.7184517,pegon
b7Y33DMB.png,jawi,1,0.024515454,0.95099306,0.024491524,jawi
P4C9gxu6.png,pegon,4,0.0045251637,0.0067930752,0.9886818,pegon
h93bYqfg.png,jawa,4,0.9717961,0.01557017,0.01263376,jawa
cb9rjyqL.png,bali,1,0.6986857,0.29097128,0.010343005,jawa
D5crw9Eh.png,sunda,5,0.03497878,0.9421822,0.022839056,jawi
iNZ4BuiK.png,bali,1,0.53223,0.45925924,0.00851078,jawa
dYpcQD9t.png,pegon,1,0.018378675,0.020383112,0.96123827,pegon
mLWT01gy.png,jawi,3,0.016889552,0.9673369,0.015773574,jawi
7y9aXDQr.png,lontara,3,0.02488108,0.8509338,0.12418517,jawi
PqfVijU9.png,pegon,4,0.0035492834,0.008481094,0.98796964,pegon
CxHXAQm8.png,lontara,1,0.7939492,0.19570899,0.010341854,jawa
yiqF8QCu.png,lampung,1,0.8161054,0.05186707,0.13202752,jawa
9iUNEAlW.png,sunda,5,0.09711486,0.874283,0.028602159,jawi
CbVd9pQj.png,jawa,5,0.9792211,0.0091424575,0.011636425,jawa
cuPOZQqI.png,sunda,2,0.005609702,0.9867526,0.0076376596,jawi
xdWsB2ue.png,bali,4,0.9490215,0.045583364,0.0053951996,jawa
H6ZRsQu8.png,lampung,1,0.056150656,0.916908,0.02694138,jawi
IXu0waxJ.png,sunda,1,0.120390944,0.8755701,0.004038886,jawi
Idz3ZeKB.png,lampung,1,0.06780063,0.58228624,0.3499131,jawi
LRKYKRRj.png,lampung,3,0.5307684,0.22179803,0.24743357,jawa
jVD7NbDr.png,jawi,1,0.017728332,0.9538588,0.028412914,jawi
nBRxUToa.png,pegon,4,0.010269872,0.009479546,0.9802506,pegon
gPy5quyo.png,lampung,5,0.20297182,0.036622014,0.76040614,pegon
hSZ0uUrp.png,sunda,2,0.0072316695,0.8117343,0.18103401,jawi
JrXc2T11.png,jawi,4,0.007438725,0.9876924,0.004868916,jawi
gtuMHjua.png,sunda,1,0.014138965,0.97014934,0.01571166,jawi
Q4QYE4BU.png,jawa,4,0.9696735,0.013981033,0.016345484,jawa
DS1JxWyt.png,jawi,1,0.022350542,0.94666415,0.030985234,jawi
AkYVEgH5.png,lontara,5,0.8121835,0.1791988,0.008617783,jawa
eft7xgwP.png,lampung,2,0.020567544,0.027327513,0.9521049,pegon
OhnOPMDS.png,sunda,2,0.10586427,0.8907294,0.0034063263,jawi
skeds835.png,pegon,2,0.026590845,0.015693132,0.95771605,pegon
zoaZ33qe.png,jawi,5,0.013168841,0.9712993,0.015531845,jawi
mnRwgtWC.png,bali,1,0.913733,0.07846906,0.007797994,jawa
vIQ8bUn3.png,lampung,1,0.02294399,0.0043068402,0.97274923,pegon
jzfrZCcV.png,sunda,2,0.01410698,0.9822381,0.003654955,jawi
N2lZSQx5.png,jawa,4,0.98071826,0.005696476,0.0135853,jawa
2TCrGHEY.png,sunda,5,0.0877355,0.88092035,0.031344213,jawi
sepgsbpK.png,lampung,3,0.8765846,0.04415702,0.07925837,jawa
bpM1L0YU.png,sunda,1,0.814902,0.15867172,0.026426226,jawa
Gkt6R2hU.png,jawa,5,0.9746625,0.010638856,0.014698645,jawa
FaLd07gG.png,jawi,1,0.019318867,0.9557051,0.02497607,jawi
CDwQGzvG.png,jawa,5,0.580749,0.042731814,0.3765192,jawa
mNNDbCbc.png,sunda,5,0.01392724,0.971619,0.01445378,jawi
hRnz8bDl.png,lampung,4,0.35587978,0.5013811,0.14273915,jawi
MMI4Br4B.png,jawa,4,0.9405101,0.031529214,0.027960628,jawa
P8e7aw2E.png,jawa,1,0.9733608,0.014924743,0.011714565,jawa
pvZaNhMJ.png,sunda,1,0.029559722,0.96276677,0.0076735546,jawi
mCM5fojo.png,lampung,5,0.14787173,0.015910434,0.8362178,pegon
zIZTR6NB.png,jawa,1,0.9640127,0.020144682,0.015842656,jawa
zVTNPC7I.png,jawa,1,0.97987396,0.01361343,0.0065126866,jawa
aBxxQmvp.png,pegon,1,0.014954203,0.016407946,0.9686378,pegon
d6UmfdbO.png,pegon,3,0.02708526,0.0218488,0.95106596,pegon
lJgEV65w.png,lampung,1,0.39981124,0.25185016,0.34833866,jawa
uLik2Mic.png,pegon,3,0.031143058,0.015045101,0.9538118,pegon
yUVMO5qG.png,jawa,1,0.8349617,0.062801786,0.10223644,jawa
dNfOrGfQ.png,lampung,4,0.20264311,0.25293335,0.5444236,pegon
5kdb9OoQ.png,pegon,2,0.02297821,0.014641542,0.9623803,pegon
LsoqvjwM.png,lampung,2,0.016072799,0.013521444,0.9704058,pegon
lOgMq7yQ.png,sunda,3,0.058998,0.9188373,0.022164673,jawi
I8VCU7ZW.png,pegon,2,0.019487007,0.016490025,0.964023,pegon
p9vsuZZz.png,lontara,5,0.81651586,0.14518307,0.038301,jawa
8kNJJLPM.png,jawi,5,0.01743097,0.9676303,0.014938649,jawi
cyKqY88y.png,sunda,1,0.019685274,0.487764,0.49255067,pegon
6xrxYDDl.png,jawa,4,0.97556996,0.012149399,0.012280613,jawa
z1f7z3kk.png,jawa,3,0.96367866,0.014030952,0.022290407,jawa
Muy5AGQx.png,sunda,5,0.021232523,0.97143686,0.0073306006,jawi
3MWDolhO.png,sunda,5,0.3657,0.6121333,0.02216669,jawi
oYO6RsA7.png,sunda,3,0.6382436,0.17844956,0.18330684,jawa
7A2Pn7qW.png,lontara,1,0.8578541,0.13533516,0.0068107103,jawa
A4FPrMVH.png,jawi,5,0.01845688,0.96627164,0.015271435,jawi
p9tPliQv.png,lontara,1,0.94609445,0.03600968,0.017895851,jawa
EmXlGCz6.png,lontara,2,0.16476801,0.7747281,0.060503878,jawi
k8F92nVC.png,lontara,2,0.2069002,0.7749459,0.018153928,jawi
52ZlMYx8.png,jawi,2,0.011761044,0.9639532,0.024285765,jawi
SNprzXc1.png,sunda,4,0.4358015,0.54183435,0.022364175,jawi
QtuWQqsY.png,lampung,1,0.090663366,0.8883626,0.020974055,jawi
weY0gsNd.png,sunda,1,0.3287362,0.6547283,0.016535496,jawi
8jmlE7EL.png,jawi,2,0.013853917,0.97503585,0.011110214,jawi
Z8SISDUi.png,lontara,2,0.71780676,0.23900129,0.043191925,jawa
G3HWtTBC.png,lontara,2,0.8466914,0.14062674,0.012681756,jawa
H4E5lG8W.png,sunda,3,0.046104938,0.94016623,0.013728779,jawi
U9uvcDLV.png,lontara,1,0.6222761,0.3656387,0.012085154,jawa
vYq142ou.png,bali,4,0.3237786,0.6543702,0.021851273,jawi
PL0A1oKJ.png,lampung,3,0.19281954,0.09251583,0.7146646,pegon
1zpoKMml.png,lontara,2,0.8846981,0.10431645,0.010985482,jawa
m5srt8Iw.png,jawa,2,0.9354543,0.056515433,0.008030283,jawa
G2yCEoRZ.png,jawi,5,0.012506836,0.97527605,0.012217115,jawi
Bx4XFOn6.png,jawi,3,0.012797189,0.96816003,0.01904275,jawi
SPTSdbY8.png,pegon,2,0.016808013,0.017700864,0.9654911,pegon
HiQpDzOX.png,sunda,3,0.019290192,0.95895755,0.02175218,jawi
cr6l2xZg.png,pegon,3,0.017773153,0.026889922,0.9553369,pegon
46RBQnXU.png,lampung,2,0.018167147,0.027007086,0.9548258,pegon
a4YijKsp.png,lampung,1,0.022858841,0.021161629,0.95597947,pegon
0IYlE6Qs.png,jawa,3,1.0,5.058683e-13,3.442477e-14,jawa
UyFlqvyU.png,sunda,1,0.03466895,0.910869,0.054462075,jawi
RiqofR4E.png,pegon,3,0.016455866,0.019637477,0.9639067,pegon
IDALtTMR.png,lampung,2,0.20600711,0.52837443,0.2656185,jawi
HgSnbbkJ.png,lampung,3,0.30724373,0.5383622,0.15439406,jawi
pyLcaXqi.png,bali,3,0.395506,0.5512548,0.053239193,jawi
yo273UE2.png,jawi,4,0.006852956,0.97810555,0.0150414985,jawi
ioOoSjCm.png,jawi,3,0.027964441,0.9652987,0.0067368597,jawi
Dwp2FbD4.png,lampung,1,0.14804007,0.80982953,0.042130377,jawi
kVsbfCLh.png,jawa,3,0.9714732,0.014437505,0.014089295,jawa
9FifrhkL.png,jawi,1,0.02030086,0.9573594,0.022339724,jawi
cFJGrF9B.png,jawi,2,0.01653726,0.97151643,0.011946289,jawi
n03TIbyl.png,jawa,3,0.95804405,0.0332013,0.008754618,jawa
wMOIJRjE.png,jawa,2,0.96415263,0.015660355,0.020186998,jawa
tx4F4oiF.png,bali,1,0.20857927,0.78180724,0.009613523,jawi
dDlkh7c0.png,jawa,1,0.978277,0.01220693,0.009516055,jawa
Y7HF0rUi.png,sunda,2,0.014640416,0.98320454,0.002154956,jawi
vKlBdN8b.png,lampung,5,0.007746405,0.00984992,0.98240376,pegon
XNy4Q40j.png,lontara,3,0.84076,0.09396289,0.06527715,jawa
61YSLBs3.png,lampung,3,0.9512082,0.043309737,0.0054820715,jawa
9ljOkdkw.png,lontara,2,0.17678927,0.8136821,0.009528659,jawi
3KOZEeBl.png,lampung,2,0.44255823,0.39840516,0.15903664,jawa
tMFBq7y2.png,bali,1,0.76767135,0.22620414,0.0061245603,jawa
Sc1E0PWO.png,bali,3,0.12692925,0.8625469,0.010523802,jawi
ftcakUxV.png,jawa,4,0.9570324,0.020195076,0.022772554,jawa
7e5SDrQc.png,pegon,4,0.0025380761,0.026126478,0.97133553,pegon
1kJ3HQZk.png,sunda,3,0.00754925,0.9820207,0.0104300445,jawi
D1dXd6Lh.png,lampung,2,0.21629804,0.49571586,0.28798604,jawi
2sXwORX2.png,jawi,5,0.011852339,0.97619075,0.011956968,jawi
uAxYAGo1.png,sunda,1,0.12007128,0.85949695,0.020431738,jawi
xzlLmcIf.png,bali,4,0.640227,0.3391929,0.020580065,jawa
5iwefN07.png,jawi,5,0.0019992094,0.9959422,0.0020586462,jawi
Hi3AF3CP.png,sunda,3,0.011859491,0.97677976,0.011360696,jawi
Gf8xn292.png,sunda,5,0.0282371,0.95073783,0.021025056,jawi
yQAw47Kt.png,lampung,3,0.12664433,0.03840806,0.8349476,pegon
cuWgXYUS.png,jawa,1,0.9625634,0.017960135,0.019476514,jawa
oQwgrAal.png,bali,2,0.40735334,0.55488616,0.037760478,jawi
bpjjUNqd.png,sunda,2,0.008105242,0.97701603,0.014878731,jawi
eNlIGyCS.png,pegon,3,0.017257754,0.010590742,0.9721514,pegon
SGSwWNym.png,lampung,2,0.19273083,0.2801651,0.5271041,pegon
RbtuGLbZ.png,bali,2,0.33225524,0.63731927,0.030425424,jawi
vrWwsRe1.png,jawa,4,0.96480644,0.02562349,0.0095701255,jawa
7cLsAQW5.png,lampung,5,0.28260994,0.039278567,0.67811155,pegon
f2GtJmBh.png,pegon,2,0.016054956,0.022159874,0.96178514,pegon
JKzpVuOy.png,jawa,5,0.9759646,0.011507473,0.012527892,jawa
3Pmsibjp.png,bali,2,0.9227696,0.0652808,0.011949626,jawa
pH2scRzt.png,bali,2,0.3406288,0.64798,0.011391235,jawi
kIJmGBUy.png,bali,2,0.5821251,0.40758118,0.010293671,jawa
pMoMzBFy.png,lampung,3,0.08745728,0.23728414,0.6752586,pegon
pcOa3wc7.png,bali,1,0.9212137,0.07410096,0.0046853563,jawa
iDFidsd3.png,jawi,1,0.021235969,0.9584013,0.020362686,jawi
mCzFqbmg.png,lampung,5,0.8513888,0.10205695,0.046554282,jawa
L1uhuG6b.png,sunda,2,0.7706329,0.20454666,0.024820384,jawa
Ya5Wrs6w.png,bali,4,0.9318494,0.04106273,0.027087849,jawa
YpBY6tVV.png,jawi,5,0.025457626,0.9604352,0.014107172,jawi
mrVVJCYe.png,lampung,2,0.06455245,0.0430222,0.8924253,pegon
sySorHqE.png,lampung,3,0.7503846,0.23808712,0.011528297,jawa
9OxMniUz.png,lampung,5,0.34202272,0.027979136,0.62999815,pegon
peYcc07x.png,sunda,3,0.0129468795,0.7466095,0.24044363,jawi
tChVi4mS.png,jawi,1,0.025912818,0.93786395,0.03622316,jawi
A5UmJB3T.png,lampung,5,0.08038809,0.074966535,0.8446454,pegon
aNaBEBg4.png,jawa,1,0.5714792,0.15388665,0.27463418,jawa
yshb82lE.png,jawi,5,0.016960936,0.96952987,0.013509239,jawi
xgcSZ6xH.png,lampung,3,0.5230375,0.40828785,0.06867462,jawa
OeRKJdnU.png,pegon,5,0.022132402,0.03585434,0.9420132,pegon
LELiPluX.png,lontara,5,0.89244515,0.094899185,0.0126556745,jawa
nxq94Uy5.png,lampung,3,0.48131374,0.37945133,0.13923496,jawa
fYCyFX8A.png,lampung,4,0.68951696,0.2081455,0.102337524,jawa
zv8Cr4M4.png,bali,1,0.6303736,0.35620695,0.013419425,jawa
H0CH99hz.png,pegon,1,0.01859616,0.015416757,0.965987,pegon
aSsCQuvl.png,lampung,5,0.0471496,0.42831907,0.5245313,pegon
mW43NDuA.png,jawa,2,0.9706952,0.01805888,0.011245912,jawa
pBcVlUoo.png,pegon,5,0.0131600555,0.024682447,0.96215755,pegon
B4iiSQwL.png,lampung,1,0.082277745,0.40627265,0.5114496,pegon
fOVZKkpC.png,pegon,1,0.016185774,0.017028935,0.96678525,pegon
e2YrPgmV.png,jawa,3,0.9385061,0.03653226,0.02496154,jawa
KD5ZKxg6.png,jawi,1,0.017255802,0.9607168,0.022027442,jawi
cM8RM42O.png,jawi,2,0.013008635,0.97554487,0.0114464965,jawi
nEcREKC9.png,bali,3,0.3729603,0.5946807,0.03235899,jawi
sGiLgxcc.png,pegon,3,0.017307755,0.02283966,0.9598525,pegon
zuQUBXtL.png,jawa,2,0.96209395,0.014424337,0.023481702,jawa
olLg1W4U.png,sunda,1,0.015331269,0.98053426,0.0041344226,jawi
VjqUxaLU.png,jawa,4,0.9780386,0.0062759263,0.0156855,jawa
CnsPETlG.png,lampung,5,0.46916574,0.056832947,0.47400126,pegon
ha0P8KEw.png,lampung,3,0.40596005,0.08023155,0.51380837,pegon
tuZpurDO.png,jawa,2,0.9779287,0.010906327,0.011164962,jawa
XcQdzXON.png,pegon,1,0.014700984,0.013333213,0.9719658,pegon
nbIBLU4i.png,lampung,5,0.18170142,0.8107585,0.0075401026,jawi
dt6lUNBd.png,jawi,3,0.008064094,0.9854372,0.006498692,jawi
F4Kg8XJg.png,bali,1,0.44830057,0.5365455,0.015153885,jawi
ENjkRnaR.png,sunda,3,0.0062564644,0.9874626,0.006280951,jawi
QAoVAYoo.png,jawa,3,0.9549204,0.019606983,0.02547263,jawa
8EFXc9Bv.png,sunda,5,0.06972847,0.92445415,0.005817346,jawi
BOPEBHv6.png,sunda,3,0.79786855,0.17070751,0.031423904,jawa
4BngkObB.png,lontara,4,0.91389817,0.0670975,0.019004432,jawa
tZ4td6uE.png,sunda,1,0.060316164,0.011261362,0.92842245,pegon
Az8IBosM.png,jawi,1,0.016777724,0.95718557,0.02603665,jawi
NhygCNL9.png,bali,4,0.6243027,0.33818674,0.037510604,jawa
PGRDwuWk.png,lampung,4,0.18614432,0.30177346,0.5120822,pegon
0Fnt59Vz.png,sunda,4,0.20162016,0.7822861,0.016093757,jawi
RlXNamFF.png,pegon,3,0.022892378,0.023458153,0.9536495,pegon
pdKpU1Jr.png,sunda,1,0.025309086,0.76386416,0.21082671,jawi
vksGGrjf.png,sunda,3,0.0064752023,0.9837948,0.009729927,jawi
EM3HHaAP.png,sunda,4,0.032765083,0.023622867,0.94361204,pegon
cqBmesnZ.png,sunda,1,0.025974197,0.9456099,0.028415859,jawi
MI2TDEy2.png,pegon,3,0.020672144,0.016757172,0.96257067,pegon
azCvcMg1.png,jawi,5,0.024214756,0.95505303,0.020732213,jawi
p4HXvNg7.png,pegon,2,0.015574155,0.0142776985,0.97014815,pegon
8H7Rwqvn.png,jawi,4,0.0069977115,0.9861667,0.0068356097,jawi
yQQXOZTe.png,jawa,1,0.9848451,0.0059599523,0.009194966,jawa
SScVelWT.png,pegon,4,0.016383251,0.03328956,0.9503273,pegon
U3hovf4B.png,jawa,2,0.96446997,0.0138653265,0.021664616,jawa
3sB82hrw.png,sunda,4,0.045101196,0.9415082,0.013390606,jawi
T6tQ0CDb.png,lampung,4,0.3054503,0.6480606,0.046489134,jawi
yadJrPa1.png,lontara,1,0.948475,0.025598936,0.025925996,jawa
iIHgBVdd.png,lontara,5,0.94212645,0.03472147,0.023152083,jawa
8X8ZNihR.png,bali,5,0.11473592,0.87686676,0.008397362,jawi
H29ZjFhk.png,jawa,3,0.9481892,0.02362183,0.028188923,jawa
hmb3cixu.png,lontara,4,0.9548077,0.03650137,0.008691029,jawa
En1n4yVd.png,jawi,1,0.016768495,0.96228105,0.020950407,jawi
JerWrcdn.png,jawa,5,0.98144686,0.008400453,0.010152691,jawa
1JIpMWlS.png,sunda,3,0.12917791,0.433285,0.43753704,pegon
Jyq4821x.png,bali,4,0.7806237,0.19797583,0.021400485,jawa
cPg5LwT0.png,pegon,1,0.005148965,0.013632117,0.981219,pegon
DBwqSh5V.png,jawi,4,0.014802402,0.902475,0.08272258,jawi
1I7rUP6e.png,bali,5,0.22596234,0.76572824,0.00830942,jawi
KDOQRyml.png,lampung,5,0.13698582,0.4548978,0.40811634,jawi
3bJ8IwCF.png,sunda,5,0.3493127,0.6239346,0.026752597,jawi
lVxOtVbY.png,lampung,4,0.54798263,0.4168832,0.03513414,jawa
N0zFdcJx.png,lampung,4,0.2455225,0.72995883,0.024518635,jawi
vkqC6dIB.png,jawi,5,0.024491102,0.9371479,0.03836096,jawi
ok67wDdY.png,bali,3,0.7398628,0.24697739,0.013159815,jawa
1e4RYrc3.png,lampung,3,0.115033984,0.2591382,0.62582785,pegon
p9iGAY3n.png,bali,2,0.26405346,0.6614441,0.07450243,jawi
WNd8xBu0.png,jawa,4,0.9812003,0.004789907,0.014009745,jawa
75wthis6.png,lampung,5,0.035955507,0.06789921,0.8961453,pegon
LjSvTtSq.png,bali,2,0.9601845,0.03563842,0.0041771345,jawa
2kkWz1MW.png,jawa,2,0.9619715,0.01816067,0.019867832,jawa
P6nBlhaM.png,jawi,3,0.019065673,0.95896846,0.021965895,jawi
xk33jPo0.png,bali,5,0.0421245,0.9512881,0.0065874127,jawi
UohQNFh2.png,jawa,2,0.9785711,0.012573624,0.008855293,jawa
uz1mDG9L.png,pegon,4,0.0048824875,0.0075695324,0.987548,pegon
sxg8ZDXl.png,jawa,5,0.97904533,0.008654351,0.012300314,jawa
WYbZ8YqA.png,lontara,3,0.6248058,0.13466267,0.24053152,jawa
dG7dRTQ8.png,pegon,1,0.01979293,0.020925926,0.9592811,pegon
r8d8MEe2.png,lontara,5,0.94492996,0.039403897,0.015666137,jawa
ctoU0dAx.png,jawi,3,0.0051673744,0.98858136,0.006251331,jawi
hBmPax98.png,lampung,1,0.35434207,0.62646127,0.019196643,jawi
CpubJj5Q.png,jawi,2,0.010108513,0.9762224,0.013669073,jawi
XoYuLYvK.png,lampung,5,0.06517646,0.28359792,0.6512256,pegon
UQJcL9b3.png,bali,3,0.8897166,0.102540575,0.007742793,jawa
zVqTzlD2.png,pegon,5,0.022221133,0.018969655,0.95880926,pegon
Gzbi7yWR.png,jawi,1,0.020227604,0.9520434,0.027728973,jawi
bBDu0fNp.png,jawi,5,0.02106194,0.9589385,0.019999549,jawi
2IIFujRS.png,lampung,5,0.015700238,0.038237337,0.94606245,pegon
LmnJdurv.png,pegon,1,0.019120699,0.015378925,0.96550035,pegon
5PoppZ3A.png,jawa,4,0.9652024,0.0115597965,0.023237685,jawa
eK0NTNXd.png,pegon,1,0.0076795095,0.0059574908,0.986363,pegon
aairpVWQ.png,jawa,4,0.95936257,0.013791902,0.026845474,jawa
Z5w7vmQI.png,jawi,1,0.02619053,0.94606566,0.027743874,jawi
3yYtiRhH.png,pegon,2,0.011274422,0.014618711,0.97410685,pegon
Al1AfgUr.png,lampung,3,0.92780626,0.042017926,0.030175842,jawa
VfScwQyQ.png,lampung,3,0.8298053,0.07272031,0.097474374,jawa
Cu9dTGlX.png,lontara,3,0.43993235,0.5392797,0.02078798,jawi
yqZlKvNz.png,sunda,2,0.025316363,0.936175,0.03850871,jawi
c4qcuheH.png,lontara,5,0.5657177,0.4179496,0.016332768,jawa
BOZewUVQ.png,pegon,3,0.017671593,0.021253651,0.9610747,pegon
lGU0Heyr.png,bali,5,0.68519837,0.30524498,0.009556748,jawa
VqRvgGxI.png,jawi,1,0.025446776,0.9493045,0.025248745,jawi
r0HP2SuA.png,jawi,4,0.030369896,0.9392602,0.030369896,jawi
nEDIsF4N.png,jawa,4,0.9615338,0.015226264,0.023239966,jawa
laeHyhSP.png,bali,4,0.80927056,0.1578447,0.032884724,jawa
q4l3dZu6.png,pegon,1,0.022236148,0.032258756,0.9455051,pegon
KE0WtNU8.png,jawa,3,0.95913607,0.02216368,0.018700177,jawa
IV2Aggeu.png,lampung,1,0.22425753,0.07743512,0.69830734,pegon
