image_id,label,fold,main_pred,v3_pred,main_correct,v3_correct,prediction_changed,prob_bali,prob_jawa,prob_jawi,prob_lampung,prob_lontara,prob_pegon,prob_sunda
SxrIaKaJ.png,pegon,5,pegon,pegon,1,1,0,0.0075677796,0.016553873,0.0141040785,0.0067347754,0.00855802,0.9388974,0.007584039
XiR75p4l.png,jawi,4,jawi,jawi,1,1,0,0.007040818,0.016411655,0.9427234,0.00881016,0.0059422264,0.01158092,0.0074907104
gpadO4eH.png,jawa,5,jawa,jawa,1,1,0,0.0021618125,0.9604861,0.010504613,0.0026088003,0.0033567648,0.016253984,0.004627838
IlL62jcp.png,lampung,5,lampung,lampung,1,1,0,0.008488889,0.00079583743,0.00031028787,0.95088464,0.0074203424,0.023246426,0.008853529
7bEtcJPy.png,bali,5,bali,bali,1,1,0,0.9438972,0.0060314024,0.032957595,0.006701437,0.0070218537,0.00048220417,0.0029083008
zyxCuI7G.png,lampung,2,lampung,lampung,1,1,0,0.00483696,0.00035405828,0.005664209,0.9700486,0.0048203594,0.0075479546,0.0067278324
73aL1wGC.png,sunda,1,sunda,sunda,1,1,0,0.005784962,0.00068789953,0.011390415,0.0051285247,0.008155167,8.043123e-05,0.96877253
njrveC8J.png,sunda,3,sunda,sunda,1,1,0,0.0036607105,0.00033764032,0.014398955,0.00612353,0.0045646825,0.000711303,0.9702032
ZTYUCABk.png,pegon,2,pegon,pegon,1,1,0,0.0060791513,0.022479838,0.01575488,0.0054971436,0.0043944176,0.94012916,0.005665282
B0Duulnc.png,jawa,2,jawa,jawa,1,1,0,0.004994755,0.94762385,0.017526662,0.0055207917,0.0049634255,0.016177885,0.0031925866
GwNhxVOc.png,jawa,2,jawa,jawa,1,1,0,0.008011118,0.9460134,0.016056035,0.0068638125,0.008030382,0.010447862,0.0045773326
Dogl3mic.png,lampung,5,lampung,lampung,1,1,0,0.006023504,0.001106786,0.004751067,0.9630569,0.0076733013,0.011532973,0.005855516
LQBCi9os.png,jawi,4,jawi,jawi,1,1,0,0.003957994,0.02986045,0.86332625,0.010565119,0.0057457658,0.083215795,0.0033285208
bEJQ1vj1.png,jawa,2,jawa,jawa,1,1,0,0.02255119,0.92622924,0.01161405,0.012793433,0.0117034605,0.0057606115,0.009348001
zWNJN8BZ.png,sunda,5,sunda,sunda,1,1,0,0.0053420668,0.001386288,0.011091949,0.007274449,0.005598286,0.0002790407,0.9690279
7qXUDvRu.png,pegon,5,pegon,pegon,1,1,0,0.004428614,0.029846705,0.012399505,0.0046505933,0.004753622,0.9353293,0.008591657
0niSeWQG.png,jawa,3,jawa,jawa,1,1,0,0.0064071803,0.92912674,0.024186814,0.0067232186,0.006208468,0.021808332,0.005539274
Bv36DzSJ.png,sunda,3,sunda,sunda,1,1,0,0.0060059777,0.014335082,0.006188062,0.0073993457,0.009359079,0.00074358325,0.9559689
Pt87iRur.png,lontara,5,lontara,lontara,1,1,0,0.007066783,0.021771047,0.0012348532,0.010301463,0.9509387,0.000106487096,0.008580682
2jUUlbAF.png,jawa,4,jawa,jawa,1,1,0,0.008035956,0.9366496,0.009492598,0.00562449,0.0059338673,0.028408937,0.0058545787
x6dPrUoK.png,sunda,2,sunda,sunda,1,1,0,0.002754044,0.00044424308,0.010955061,0.002008108,0.0019909304,1.00484285e-05,0.9818377
GShkyfIf.png,lampung,2,lampung,lampung,1,1,0,0.0050225845,0.012596073,0.000730321,0.9701606,0.0059167165,0.00047802168,0.0050957566
K76t73M1.png,jawi,4,jawi,jawi,1,1,0,0.004372753,0.017901614,0.9399517,0.0052826265,0.0046433373,0.023554223,0.0042938734
5g7dkMFx.png,bali,1,bali,bali,1,1,0,0.9704176,0.00032220306,0.01197893,0.0043628206,0.006121745,0.00019494949,0.0066018
c8MHEGEv.png,lampung,3,lampung,lampung,1,1,0,0.009923978,0.016405044,0.0024111609,0.9491058,0.009375999,0.0020453269,0.010732739
y4gs4UZ5.png,lampung,4,lampung,lampung,1,1,0,0.007864316,0.0037704653,0.016406167,0.9619297,0.0057932744,0.00042004997,0.0038160426
qj68JNG7.png,sunda,5,sunda,sunda,1,1,0,0.0071142884,0.012415922,0.009367455,0.007645083,0.008264571,0.0006434047,0.9545493
5JyYVH9C.png,lontara,1,lontara,lontara,1,1,0,0.0073647615,0.021223994,0.006360164,0.011837684,0.9421943,0.0006115597,0.010407633
gaQknjRR.png,lampung,1,lampung,lampung,1,1,0,0.0046465765,0.00037442887,0.0036287447,0.97367775,0.005031349,0.007873834,0.004767271
YG6mY32I.png,pegon,3,pegon,pegon,1,1,0,0.0064083287,0.020785227,0.014956423,0.0036854532,0.004662852,0.9454163,0.0040855235
d33bEEyb.png,lontara,4,lontara,lontara,1,1,0,0.005116401,0.015550128,0.0027632085,0.006412228,0.9645404,0.00029128,0.0053264233
YSPUPyxu.png,lontara,2,lontara,lontara,1,1,0,0.009116655,0.015261264,0.013949924,0.008289517,0.9435627,0.00068442634,0.00913559
JXbPYBgS.png,jawa,4,jawa,jawa,1,1,0,0.07445302,0.76165146,0.023248283,0.020402968,0.041437637,0.022423252,0.0563834
Te34cUKB.png,lampung,2,lampung,lampung,1,1,0,0.0036565072,0.01168727,0.0011346756,0.9766228,0.0042771944,0.00011236183,0.002509158
LgnxrKxM.png,jawi,3,jawi,jawi,1,1,0,0.0037153852,0.0089440225,0.95984006,0.004531987,0.013212861,0.004806128,0.0049496586
YwwlmsRm.png,lampung,2,lampung,lampung,1,1,0,0.0065166415,0.0078123296,0.010817258,0.96101546,0.0060706483,0.0016767962,0.006090826
gGGmjyOB.png,lontara,3,lontara,lontara,1,1,0,0.0052719098,0.012655095,0.0010302064,0.005063551,0.9712395,0.00014965239,0.0045901076
5xAtC0hx.png,jawa,1,jawa,jawa,1,1,0,0.0042625056,0.94945616,0.015880136,0.004604018,0.0060764807,0.015756559,0.003964194
4SJp0T35.png,jawa,1,jawa,jawa,1,1,0,0.00064742664,0.9523921,0.017909728,0.011207732,0.0028551398,0.009737349,0.0052505117
E9oR7qpJ.png,jawi,1,jawi,jawi,1,1,0,0.0090662865,0.009997307,0.9440389,0.003433587,0.004953415,0.022906424,0.005604172
3NtrDb4P.png,lampung,4,lampung,lampung,1,1,0,0.003945965,0.0019455836,0.00572817,0.98044467,0.0040651076,0.0017572595,0.002113347
xakFyYvc.png,lampung,4,lampung,lampung,1,1,0,0.0064918823,0.0038811415,0.009504442,0.9685297,0.005770504,0.0011290631,0.0046931924
bnUv4te9.png,jawa,4,jawa,jawa,1,1,0,0.0046655275,0.9617456,0.0072291754,0.004333426,0.0055273385,0.01329649,0.0032024889
VkgRO7Nc.png,bali,4,bali,bali,1,1,0,0.9743405,0.009753808,0.0017271223,0.004251288,0.0050319363,0.00010574167,0.004789548
kp0AJeXF.png,pegon,5,pegon,pegon,1,1,0,0.00574113,0.016712282,0.018900545,0.0040622964,0.0068635447,0.94142425,0.0062958533
DXfvXCFf.png,bali,1,bali,bali,1,1,0,0.97853357,0.0077464464,0.003999228,0.003388082,0.0030560908,0.00012171341,0.0031547842
vJw1Bk6z.png,sunda,4,sunda,sunda,1,1,0,0.006668254,0.009997949,0.010596094,0.0067123165,0.007010074,0.0016433155,0.95737207
edDms7eQ.png,jawa,3,jawa,jawa,1,1,0,0.0010863624,0.9691448,0.00935386,0.0041915444,0.004898202,0.010233154,0.0010920765
iVGrPm07.png,sunda,3,sunda,sunda,1,1,0,0.006859454,0.00015980846,0.0145550715,0.007516051,0.0061639897,0.0010556538,0.96369
nxLqyARW.png,bali,5,bali,bali,1,1,0,0.9593118,0.004997106,0.014110861,0.006890287,0.0071789576,0.00016444098,0.007346546
F5cfJph7.png,jawi,1,jawi,jawi,1,1,0,0.0063321176,0.017382886,0.9325363,0.0071963295,0.007995864,0.02453775,0.004018651
pZuH1skD.png,pegon,2,pegon,pegon,1,1,0,0.0058101043,0.015806664,0.019864758,0.0071104076,0.00580051,0.93770885,0.007898589
Cgm7SMtt.png,jawa,5,jawa,jawa,1,1,0,0.004566822,0.9279532,0.015749512,0.010039902,0.008547083,0.02368904,0.009454454
YKYBiiRR.png,pegon,1,pegon,pegon,1,1,0,0.0019360129,0.02136593,0.014527673,0.0029491577,0.0034912217,0.9521023,0.0036277128
EDYBqgFS.png,jawa,4,jawa,jawa,1,1,0,0.0,0.9477857,0.023565706,9.589168e-25,0.0,0.028648611,0.0
sFQaU09D.png,jawi,4,jawi,jawi,1,1,0,0.0046768896,0.0074955183,0.9664991,0.0032111846,0.0064949305,0.007816973,0.0038053861
1G6OvvEA.png,jawi,3,jawi,jawi,1,1,0,0.014437646,0.0065314043,0.9395227,0.014842378,0.010698164,0.0044021397,0.009565548
oXoum2iu.png,pegon,4,pegon,pegon,1,1,0,0.009058026,0.00457192,0.005813412,0.011817488,0.012007266,0.945737,0.010994901
Ktw3nK3E.png,jawa,3,jawi,jawa,0,1,1,0.12456042,0.57894933,0.00832304,0.055781838,0.019407041,0.013235396,0.19974293
gzDH2vzH.png,jawa,5,jawa,jawa,1,1,0,0.006173319,0.9452363,0.009903034,0.010567446,0.012350348,0.01039858,0.005371064
TfawUQgB.png,jawi,5,jawi,jawi,1,1,0,0.009631143,0.011832529,0.93814003,0.011399285,0.011476019,0.0052455277,0.012275399
61T38aM1.png,jawi,3,jawi,jawi,1,1,0,0.006872564,0.012786188,0.93208873,0.0038422777,0.0036833014,0.037875444,0.0028514431
QC0Juvo8.png,lontara,4,lontara,lontara,1,1,0,0.006738929,0.0022811436,0.009383787,0.0057735136,0.96562886,0.0013019794,0.008891782
KBj8Ia86.png,lampung,2,lampung,lampung,1,1,0,0.0032210862,0.016988428,0.0015390498,0.96912,0.0056266366,0.0011651443,0.002339585
iOeFPAaw.png,jawa,3,jawa,pegon,1,0,1,0.003254918,0.18934935,0.18696068,0.0053462773,0.0056476453,0.60573065,0.0037103477
LPhcTws7.png,jawi,3,jawi,jawi,1,1,0,0.01617517,0.009955072,0.87793654,0.07715129,0.006000169,0.009055349,0.0037263485
TlE7Oxcz.png,lampung,3,lampung,lampung,1,1,0,0.008528611,0.0019411668,0.001607713,0.9527765,0.00808887,0.018780526,0.008276732
FftkHw5y.png,bali,3,bali,bali,1,1,0,0.9653397,0.011940487,0.0003723807,0.005665417,0.0069794725,6.037534e-05,0.009642158
osf2Mk0K.png,sunda,2,sunda,sunda,1,1,0,0.004100966,0.00037426423,0.009337174,0.0041048806,0.0034490905,7.213055e-05,0.9785615
GdCzS3Xb.png,lampung,2,lampung,lampung,1,1,0,0.006384351,0.010911948,0.0062600886,0.96198046,0.010718396,0.00027747717,0.0034673063
N0kQdiGM.png,sunda,2,sunda,sunda,1,1,0,0.0061521847,0.013106503,0.0017748554,0.009830775,0.0053798095,0.00039040783,0.9633655
HDd0asDS.png,pegon,4,pegon,pegon,1,1,0,0.0069249854,0.003259645,0.010687964,0.0065792594,0.008428845,0.956479,0.007640333
DiSSswzG.png,lampung,1,lampung,lampung,1,1,0,0.004797812,0.00051088765,0.00048511784,0.95843023,0.005330112,0.023998799,0.0064471047
EnUYrMAf.png,jawa,5,jawa,jawa,1,1,0,0.014219294,0.9287636,0.007918532,0.010157992,0.017192602,0.010634759,0.0111131845
yCLeeeXi.png,lontara,2,lontara,lontara,1,1,0,0.006651415,0.011374118,0.008415463,0.0059670224,0.96049577,0.00084224285,0.0062540593
INmr5mlx.png,lampung,4,lampung,lampung,1,1,0,0.0053265663,0.00041239196,0.0034166477,0.96250474,0.007177323,0.01620172,0.004960663
8AWCnrwa.png,bali,4,bali,bali,1,1,0,0.9665885,0.0122922165,0.005793688,0.0038589383,0.0059830598,0.0003497264,0.0051339506
RLhRSMeM.png,lampung,3,lampung,lampung,1,1,0,0.007037964,0.009016717,0.0043601994,0.95548815,0.007666584,0.0073763183,0.009054104
eE4nS09i.png,pegon,1,pegon,pegon,1,1,0,0.0037705004,0.012229411,0.010834658,0.0051920535,0.0062819747,0.9545744,0.007117056
5WE6mxHG.png,lontara,1,lontara,lontara,1,1,0,0.0057246797,0.018391436,0.0009005798,0.007174049,0.9627876,0.00014601405,0.004875549
L87IVQo4.png,pegon,4,pegon,pegon,1,1,0,0.0072040586,0.027872477,0.006121276,0.005325668,0.0057964786,0.9382319,0.0094481185
U1wjyN6y.png,lontara,1,lontara,lontara,1,1,0,0.0058730463,0.021854615,0.0017496011,0.009399079,0.9534096,0.0002832881,0.007430754
0kwvlpcB.png,lampung,2,lampung,lampung,1,1,0,0.003625731,0.0025625427,0.006404594,0.97605294,0.0058716233,0.0030304906,0.0024520257
8xxhJ6Bb.png,pegon,2,pegon,pegon,1,1,0,0.003666668,0.008215427,0.010714936,0.0059547178,0.0058150934,0.96076745,0.0048655276
8cciWNje.png,lampung,1,lampung,lampung,1,1,0,0.0071473066,0.0013400662,0.022577137,0.95566636,0.0054888353,0.0018523395,0.0059279283
aWWTw2IR.png,sunda,4,sunda,sunda,1,1,0,0.0052187364,0.001209775,0.014984795,0.0069905473,0.006055495,0.0014585549,0.9640822
1cWpD1aB.png,bali,2,bali,bali,1,1,0,0.9802925,0.010023021,0.000390537,0.0028597924,0.0033731298,6.431621e-05,0.0029966766
S09TwP8c.png,jawi,5,jawi,jawi,1,1,0,0.008078181,0.01762733,0.93008024,0.008584254,0.0089752,0.018098295,0.008556426
KkRvOky1.png,pegon,2,pegon,pegon,1,1,0,0.0023663638,0.01988396,0.018210944,0.0054704268,0.0029589492,0.9487523,0.0023571607
wekTNCpg.png,pegon,2,pegon,pegon,1,1,0,0.009706394,0.046283755,0.025237871,0.007216909,0.0070439265,0.8940203,0.010490997
tsP71GTP.png,sunda,3,sunda,sunda,1,1,0,0.006848597,0.00033502773,0.008793705,0.0071516526,0.008938935,0.011718227,0.9562138
W1qhORHJ.png,jawi,2,jawi,jawi,1,1,0,0.0075618615,0.017223109,0.934856,0.008009241,0.004342369,0.019478256,0.008529082
J6jjni5b.png,lontara,5,lontara,lontara,1,1,0,0.007061594,0.0034025745,0.018436857,0.007986774,0.9556045,0.00047947557,0.007028209
ITsTKOTj.png,jawa,1,jawa,jawa,1,1,0,0.010177137,0.9367811,0.016324138,0.008166081,0.008877678,0.007947984,0.0117258355
KN4s05tz.png,pegon,5,pegon,pegon,1,1,0,0.0114955325,0.021237746,0.023508042,0.010491715,0.008102855,0.9172729,0.007891214
6tit6KOv.png,lampung,1,lampung,lampung,1,1,0,0.009126853,0.0032243237,0.0035481497,0.9273579,0.00957811,0.02861207,0.018552504
DEBi3a48.png,sunda,3,sunda,sunda,1,1,0,0.0073289596,8.870073e-05,0.017611085,0.010570388,0.004871863,8.7325556e-05,0.9594417
gbUSSBpy.png,pegon,2,pegon,pegon,1,1,0,0.0064438963,0.030540051,0.021911416,0.0043983785,0.0060367873,0.9136765,0.01699302
HprvBbT3.png,lampung,2,lampung,lampung,1,1,0,0.0054483814,0.002784612,0.011786792,0.96914077,0.006263003,0.00015519102,0.004421246
SZ9LQmqY.png,pegon,4,pegon,pegon,1,1,0,0.0043518557,0.0019486494,0.017478717,0.005994132,0.00495727,0.9594451,0.005824237
WH6Y1uB1.png,sunda,3,sunda,sunda,1,1,0,0.0053662797,0.00078352744,0.021218617,0.005816143,0.007366763,0.0020734114,0.9573752
7HtLdgFd.png,jawi,2,jawi,jawi,1,1,0,0.013893757,0.017264787,0.90474516,0.012511055,0.0113859875,0.018961659,0.021237655
59cAfNnA.png,jawi,1,jawi,jawi,1,1,0,0.0012574858,0.02171025,0.952447,0.0013633163,0.0029507792,0.018899068,0.0013720698
5WQwwlMO.png,pegon,5,pegon,pegon,1,1,0,0.004993024,0.01938858,0.021046106,0.0072237207,0.0061621787,0.93328226,0.007904256
CIoNmM7x.png,lampung,3,lampung,lampung,1,1,0,0.0070411074,0.017087951,0.000870509,0.9588096,0.008030288,5.5894874e-05,0.008104671
BlcAafpz.png,sunda,1,sunda,sunda,1,1,0,0.0046669445,0.0020440645,0.0061864536,0.0023716176,0.0060478407,0.0046232706,0.9740598
riJDxPPG.png,lampung,4,lampung,lampung,1,1,0,0.0058312546,0.005718902,0.005584634,0.9696979,0.00530904,0.004158706,0.0036995502
4YUB17q1.png,jawa,4,jawa,jawa,1,1,0,0.006249898,0.9378386,0.017093442,0.006153566,0.005452709,0.02025936,0.0069524418
7o7qZ7OC.png,bali,3,bali,bali,1,1,0,0.95612437,0.0040919865,0.01744908,0.008147481,0.0053561055,0.0006879002,0.008143089
PbY9aaYp.png,lampung,1,lampung,lampung,1,1,0,0.0065633743,0.008272378,0.002742632,0.9606094,0.0071301544,0.006851348,0.007830685
J6iWmO5R.png,pegon,3,pegon,pegon,1,1,0,0.0077727255,0.01770789,0.02221067,0.0106671285,0.008978071,0.92615503,0.0065084267
Oc72U6LQ.png,sunda,5,sunda,sunda,1,1,0,0.0057491953,0.0076630446,0.009536814,0.0049201674,0.006771805,0.00042603278,0.964933
lJkj3cWg.png,bali,1,bali,bali,1,1,0,0.97172934,0.0115921805,0.0064018094,0.003529883,0.0040427046,0.0001535256,0.0025506357
Yi4RimP2.png,pegon,3,pegon,pegon,1,1,0,0.012755944,0.012112516,0.042421583,0.014142311,0.0091609005,0.89863765,0.010769168
Hlt8sodC.png,lampung,3,lampung,lampung,1,1,0,0.00577363,0.0037374804,0.012934092,0.9642192,0.006429593,0.00019793416,0.0067079864
s6wIepRp.png,jawi,3,jawi,jawi,1,1,0,0.006597353,0.017254515,0.94206446,0.0062830206,0.0046994123,0.016577307,0.006524006
tsaSxb3J.png,lampung,5,lampung,lampung,1,1,0,0.0073560714,0.00087784807,0.0027593134,0.95669544,0.0072347783,0.017892232,0.0071843117
xAdVGp9T.png,jawa,5,jawa,jawa,1,1,0,0.009877954,0.949734,0.0089366995,0.010032463,0.006202657,0.008585952,0.0066302493
gBVaO0hj.png,sunda,2,sunda,sunda,1,1,0,0.0036065818,0.0003187711,0.008839478,0.0055426136,0.0036287762,4.0775314e-05,0.978023
bSpPzLTC.png,pegon,4,pegon,pegon,1,1,0,0.0074089277,0.0024683236,0.0047207926,0.011272712,0.011714826,0.95204985,0.010364552
2nKDXWhA.png,jawi,3,jawi,jawi,1,1,0,0.0054215854,0.007427636,0.94751287,0.006681415,0.014291961,0.0037973719,0.014867156
W2b5suqM.png,lampung,4,lampung,lampung,1,1,0,0.0072015724,0.00034329962,0.0032121236,0.96330804,0.0066492595,0.014162178,0.005123497
JXYASCj0.png,lampung,3,lampung,lampung,1,1,0,0.006557355,0.004524963,0.0048085735,0.9548893,0.010292539,0.0117111,0.007216098
FbBVItl4.png,bali,3,bali,bali,1,1,0,0.9561537,0.003078023,0.017566375,0.0069150478,0.006374911,0.00072575937,0.009186147
fMmXzde8.png,lampung,2,lampung,lampung,1,1,0,0.0037507801,0.008484749,0.0032976237,0.97540534,0.0058686873,0.00030307923,0.0028897242
od1Ktiiz.png,lampung,2,lampung,lampung,1,1,0,0.004764458,0.008049993,0.012658234,0.96355695,0.005547256,0.0011808537,0.0042422973
L1tEO03V.png,pegon,5,pegon,pegon,1,1,0,0.0066392003,0.020583522,0.018129451,0.009435703,0.0067063393,0.92986345,0.008642357
gZtwPFlK.png,pegon,1,pegon,pegon,1,1,0,0.0022082012,0.018172046,0.018675791,0.0034949197,0.0044510174,0.9504311,0.0025668708
kIMUDa5Y.png,sunda,4,sunda,sunda,1,1,0,0.005522517,0.00023333338,0.017042812,0.006649704,0.005326591,0.00011043436,0.9651146
dmoAMEXd.png,jawi,3,jawi,jawi,1,1,0,0.00482663,0.014343077,0.9492292,0.0064333184,0.006248986,0.011972392,0.006946391
RKhiIoay.png,sunda,3,sunda,sunda,1,1,0,0.0042849476,0.00027702705,0.018713597,0.0048649698,0.0062071057,0.00014828188,0.96550405
QhW3ixlM.png,pegon,2,pegon,pegon,1,1,0,0.0065785255,0.010870349,0.009810954,0.007691258,0.005612194,0.9484117,0.0110249715
wCgWMyz9.png,jawi,1,jawi,jawi,1,1,0,0.0030827513,0.010167796,0.9620151,0.0027280645,0.005796189,0.013965756,0.0022444373
cXMWJr78.png,pegon,4,pegon,pegon,1,1,0,0.009449353,0.0029339995,0.0047160704,0.010088051,0.0104475375,0.9510974,0.011267437
hKXz7ACw.png,jawi,1,jawi,jawi,1,1,0,0.0010415014,0.023668263,0.95005304,0.00048778031,0.00095659617,0.022169232,0.0016236132
2xw7Dhvb.png,lampung,4,lampung,lampung,1,1,0,0.004411804,0.0011869238,0.00020157693,0.97114426,0.004553639,0.0127918245,0.0057100425
FmfD2nwE.png,pegon,2,pegon,pegon,1,1,0,0.0056176954,0.02118273,0.014277073,0.0056885895,0.0057686795,0.9420968,0.0053684153
C7yrIZIh.png,lontara,4,lontara,lontara,1,1,0,0.0062163197,0.018316753,0.0004871725,0.0045783147,0.9641399,0.00042575016,0.005835848
PXLGGjDk.png,bali,4,bali,bali,1,1,0,0.96907616,0.012071089,0.00016159481,0.009243677,0.0046241847,0.00019644931,0.004626979
R256ODah.png,jawi,1,jawi,jawi,1,1,0,0.003170458,0.021059193,0.93477505,0.004961481,0.0045433687,0.028840777,0.0026497177
NnmJrryK.png,jawa,3,jawa,pegon,1,0,1,0.029331146,0.304489,0.017568292,0.011268633,0.04288261,0.573882,0.020578364
F8SiVy51.png,lampung,1,lampung,lampung,1,1,0,0.0052691116,0.0066519314,0.0008808911,0.95868105,0.009626434,0.009121015,0.009769467
xPC4DkMv.png,jawa,4,jawa,jawa,1,1,0,0.0049442244,0.9531674,0.007961635,0.004010775,0.004905833,0.019821035,0.005189188
LFace5XX.png,jawa,1,jawa,jawa,1,1,0,0.14086965,0.53819424,0.031022228,0.04328828,0.12423452,0.09333595,0.029055173
Xh9gVIKd.png,jawa,3,jawa,jawa,1,1,0,0.006973312,0.9193243,0.03063894,0.0072342395,0.007670625,0.022992369,0.0051662363
fsbBJFWU.png,jawi,5,jawi,jawi,1,1,0,0.0063968888,0.015620689,0.9375995,0.009173472,0.009089263,0.014432674,0.007687438
eS4tgJHt.png,sunda,3,sunda,sunda,1,1,0,0.0032908632,0.00010517487,0.010843991,0.0051875617,0.0033561955,0.00016194633,0.9770543
dBZHS1PD.png,jawi,5,jawi,jawi,1,1,0,0.003240141,0.019991802,0.94186443,0.0040654177,0.0049175587,0.01760828,0.008312313
Ayyo73ui.png,sunda,3,sunda,sunda,1,1,0,0.0041340343,3.4557015e-05,0.014299804,0.0072654514,0.0045781042,6.0001417e-05,0.96962804
5VsxHtj2.png,lampung,1,lampung,lampung,1,1,0,0.007683713,0.0006004277,0.023808977,0.95474327,0.0050269184,0.00022934785,0.007907373
SrKukQkj.png,lontara,1,lontara,lontara,1,1,0,0.0062630586,0.005628453,0.013694507,0.007892883,0.96064264,0.00030284666,0.005575619
HbhzJmoO.png,lampung,2,lampung,lampung,1,1,0,0.004564996,0.0017592951,0.0077529047,0.9737776,0.0071321162,0.0011120143,0.0039010544
RUmEfifv.png,jawi,4,jawi,jawi,1,1,0,0.007701609,0.014936806,0.9350005,0.01242088,0.0070909006,0.01803483,0.004814399
BlCySNfN.png,pegon,3,pegon,pegon,1,1,0,0.0037520777,0.023290712,0.032367546,0.006363242,0.005475135,0.92490894,0.0038422495
iwHFNQF4.png,jawi,5,jawi,jawi,1,1,0,0.0012205382,0.010908423,0.97050494,0.00298206,0.00229768,0.010317807,0.0017684414
LZeMaSnU.png,pegon,5,pegon,pegon,1,1,0,0.011238947,0.01703235,0.014511743,0.010122956,0.00929414,0.9272143,0.010585481
ZrYfhSQR.png,lontara,4,lontara,lontara,1,1,0,0.0063605737,0.022643827,0.0012472754,0.011195304,0.94987357,0.0001909959,0.008488451
ljhasZYE.png,bali,4,bali,bali,1,1,0,0.95461947,0.012549561,0.008150222,0.0054553254,0.012109115,0.000233245,0.0068830494
d678THNC.png,sunda,3,sunda,sunda,1,1,0,0.0065485374,0.00055285275,0.031142905,0.007989827,0.0071541294,0.0005083181,0.9461034
zecDG1Iz.png,lampung,3,lampung,lampung,1,1,0,0.006486298,0.011458268,0.0028438447,0.962289,0.0085930675,0.0017215133,0.006608104
6Fw5IF86.png,pegon,5,pegon,pegon,1,1,0,0.009190971,0.013534231,0.018956296,0.008581723,0.006782169,0.9350254,0.007929291
cbI9LiaF.png,jawa,4,jawa,jawa,1,1,0,0.0029387448,0.95996433,0.007741408,0.0038779485,0.007537434,0.013613157,0.004326901
BhBiB6IV.png,jawi,2,jawi,jawi,1,1,0,0.014537135,0.019227296,0.9129512,0.011437822,0.006421803,0.01935918,0.016065635
O3mHCAAz.png,sunda,5,sunda,sunda,1,1,0,0.006869586,0.028091373,0.002984031,0.011062733,0.008955563,0.0021190965,0.9399176
rQwE3JYn.png,jawi,2,jawi,jawi,1,1,0,0.0055399295,0.017758166,0.949882,0.005669031,0.004782657,0.012457881,0.0039104284
AjUQb0b3.png,pegon,5,pegon,pegon,1,1,0,0.008275035,0.018191392,0.015258966,0.011261456,0.008347067,0.9284957,0.010170336
hdsN1XOa.png,pegon,1,pegon,pegon,1,1,0,0.0033355197,0.023880523,0.020869685,0.005155803,0.003423699,0.9409512,0.0023835532
NMrdlQo7.png,pegon,3,pegon,pegon,1,1,0,0.014112148,0.014206186,0.029695105,0.016080601,0.013442959,0.8927463,0.019716697
XymH4HZu.png,pegon,5,pegon,pegon,1,1,0,0.01072173,0.02098875,0.01731553,0.010479655,0.011693482,0.9234958,0.0053050653
4J4iodWN.png,jawi,2,jawi,jawi,1,1,0,0.003311849,0.010632811,0.9674723,0.0040682163,0.0034848808,0.009256006,0.0017738931
guJlx9AU.png,jawi,3,jawi,jawi,1,1,0,0.0058118487,0.013950893,0.9442464,0.008652035,0.0065751513,0.014239947,0.0065237028
DyUxWy59.png,jawi,4,jawi,jawi,1,1,0,0.005283656,0.009555816,0.9549339,0.0036351995,0.002780609,0.020831095,0.0029796227
Pasu0aPJ.png,pegon,5,pegon,pegon,1,1,0,0.0027901432,0.012479962,0.010478437,0.0039218673,0.0030524507,0.9656071,0.0016699457
5OgZwMOW.png,pegon,1,pegon,pegon,1,1,0,0.00401587,0.013492236,0.017909251,0.004338525,0.0055536535,0.9486539,0.0060367463
RkaK8C72.png,lampung,2,lampung,lampung,1,1,0,0.0033333248,0.0072923154,0.0035803348,0.9755771,0.004916598,0.0014380469,0.0038622976
gyUnR6N5.png,lampung,1,lampung,lampung,1,1,0,0.006032005,0.010850452,0.0016943059,0.95124096,0.006508843,0.014529759,0.009143629
rdGdUrCp.png,jawi,1,jawi,jawi,1,1,0,0.0012651018,0.024736684,0.93460435,0.004416764,0.0050991653,0.027327586,0.0025503803
MNVOGqS2.png,bali,1,bali,bali,1,1,0,0.9647396,0.009400309,0.010756478,0.0046907538,0.005734153,0.00034107125,0.0043375273
xYHPlblG.png,bali,2,bali,bali,1,1,0,0.9623431,0.007692548,0.009215769,0.0056488207,0.00595598,0.0001750032,0.008968885
tNuYehVt.png,jawi,1,jawi,jawi,1,1,0,0.0028901293,0.020512894,0.9248646,0.00837622,0.007009401,0.031400844,0.0049460204
8ccd1F1S.png,jawi,2,jawi,jawi,1,1,0,0.0015492924,0.0068169255,0.9748651,0.0014666195,0.0032163435,0.010661872,0.0014238816
9gk1wWnW.png,jawa,4,jawa,jawa,1,1,0,0.005017584,0.94910705,0.0089308,0.0041695926,0.0047927666,0.023142124,0.0048400913
Be9e06FH.png,pegon,3,pegon,pegon,1,1,0,0.009333829,0.02193395,0.02236656,0.010117191,0.01282306,0.9137233,0.009702199
g4bH8mfO.png,jawa,1,jawa,jawa,1,1,0,0.0043920935,0.9622765,0.008292866,0.0098681785,0.005423494,0.004438851,0.0053079985
Qhu1V5WM.png,jawi,3,jawi,jawi,1,1,0,0.004955643,0.0065685576,0.9606843,0.0066113346,0.0065553915,0.007523538,0.007101204
18Tg7Uaz.png,pegon,4,pegon,pegon,1,1,0,0.004795141,0.0023575486,0.007936635,0.006266485,0.0070733437,0.9660806,0.005490248
AiX52esL.png,lampung,5,lampung,lampung,1,1,0,0.010685889,0.005410268,0.0025019199,0.9404287,0.013418622,0.01983347,0.007721147
7EaH9wE0.png,pegon,1,pegon,jawi,1,0,1,0.0046721334,0.013869907,0.75284714,0.019801931,0.0057791383,0.19363055,0.009399256
THUF76V1.png,jawi,5,jawi,jawi,1,1,0,0.010701869,0.015903175,0.939756,0.007607238,0.0077978903,0.013979786,0.00425406
68afgUeT.png,jawa,3,jawa,jawa,1,1,0,0.002380792,0.9317894,0.019188179,0.005138316,0.0076825935,0.02963229,0.004188432
YYX9z6qk.png,jawi,5,jawi,jawi,1,1,0,0.009814963,0.014094939,0.93554413,0.0085912645,0.012287122,0.011358832,0.0083087655
d7ZOdmAy.png,lontara,4,lontara,lontara,1,1,0,0.005805417,0.019122103,0.00043672483,0.008892967,0.9573277,0.00031180857,0.008103272
OxM6azwn.png,jawi,3,jawi,jawi,1,1,0,0.011427635,0.0035145173,0.95376545,0.0072357347,0.006879801,0.007889209,0.009287695
7qQbho8k.png,bali,2,bali,bali,1,1,0,0.91301817,0.0465603,0.0016811184,0.01551677,0.009588961,0.00027044426,0.013364255
qvD8eEw6.png,jawi,4,jawi,jawi,1,1,0,0.002947038,0.024793334,0.9440916,0.005454239,0.002878877,0.018192409,0.0016424684
bKKgpeli.png,jawi,2,jawi,jawi,1,1,0,0.0077102166,0.018827414,0.9304837,0.009683662,0.0044528535,0.018608067,0.010234176
setAWyX8.png,lampung,1,lampung,lampung,1,1,0,0.0037549105,0.0012305815,0.0017176947,0.9750422,0.00680833,0.006565334,0.004880966
RqAOJYws.png,jawi,1,jawi,jawi,1,1,0,0.0030869471,0.022289403,0.94131273,0.0027073878,0.0028896874,0.020796306,0.0069175237
u3shIy6g.png,jawa,2,sunda,sunda,0,0,0,3.996433e-15,0.41900393,0.008281733,8.203255e-13,1.10973936e-16,0.0033988159,0.5693155
FU8GT4fY.png,pegon,2,pegon,pegon,1,1,0,0.0071122693,0.020478899,0.01267844,0.006846168,0.0052003143,0.9424629,0.0052208616
jKga3mWM.png,bali,1,bali,bali,1,1,0,0.9639295,0.0030216936,0.0067170262,0.008907446,0.008115738,0.00018217704,0.009126535
z8qPWOpy.png,jawa,1,jawa,jawa,1,1,0,0.0051429374,0.9524588,0.015914807,0.004217413,0.0043895207,0.012430831,0.0054457095
sPuyjKLc.png,lampung,5,lampung,lampung,1,1,0,0.010691187,0.008503448,0.0043857577,0.95482993,0.0077149943,0.007952252,0.005922418
P1UDYiv1.png,lampung,1,lampung,lampung,1,1,0,0.008040099,0.0008570261,0.019909976,0.9544505,0.008237184,0.0010765274,0.007428675
RCqAX1Io.png,jawi,4,jawi,jawi,1,1,0,0.003159418,0.044132426,0.9239876,0.002310261,0.0024604362,0.020755274,0.0031945207
XcPA0JB6.png,lontara,3,lontara,lontara,1,1,0,0.0056111724,0.014542038,0.0017248612,0.0051455027,0.96776485,9.276889e-05,0.005118834
79w8f3CP.png,bali,4,bali,bali,1,1,0,0.9635322,0.0147194,0.0041340967,0.004889094,0.008440503,0.0004924833,0.0037921655
bNy7a5lN.png,pegon,1,pegon,pegon,1,1,0,0.005062499,0.015676487,0.011683956,0.0043389443,0.0065666107,0.95111084,0.005560709
uH4fcFXm.png,sunda,2,sunda,sunda,1,1,0,0.004582345,0.0029427013,0.0065734508,0.003667964,0.0032100384,4.2553205e-05,0.97898084
79IQxCFE.png,jawa,1,jawa,jawa,1,1,0,0.010027752,0.945239,0.0151151195,0.00803133,0.0055365516,0.009912738,0.0061374754
7wCApGQb.png,sunda,3,sunda,sunda,1,1,0,0.0052987314,0.0028042113,0.008449858,0.0058350787,0.005368841,0.005235121,0.9670081
a8ahpClb.png,pegon,5,pegon,pegon,1,1,0,0.006506522,0.019144967,0.023206275,0.0075029978,0.00605557,0.9296911,0.007892569
l4Nsqug2.png,bali,2,bali,bali,1,1,0,0.9590884,0.018397726,0.0010040321,0.0061718635,0.0070173554,0.0002979529,0.008022625
pFpEBZsx.png,bali,1,bali,bali,1,1,0,0.669118,0.00449835,0.27372095,0.027497066,0.00986306,0.005399617,0.009903003
Dn6CqMHc.png,jawi,1,jawi,jawi,1,1,0,0.0028078114,0.016753916,0.9576961,0.0046226545,0.002620721,0.011950121,0.0035486768
cLKYljrY.png,lontara,4,lontara,lontara,1,1,0,0.0079148235,0.021448415,0.0008155598,0.007427645,0.9532693,0.00083002256,0.008294205
mGZM9lCD.png,lampung,3,lampung,lampung,1,1,0,0.009084027,0.014755742,0.0011256832,0.9598727,0.0055739786,0.0020877062,0.00750015
a1T7i5bS.png,sunda,1,sunda,sunda,1,1,0,0.00769534,0.00025176257,0.019215018,0.005428841,0.00800059,0.00043204322,0.95897645
BH3gxbSn.png,lontara,3,lontara,lontara,1,1,0,0.0065056244,0.014797164,0.0021522592,0.006717262,0.96450573,0.00030710534,0.005015011
7xLMjLHW.png,lontara,4,lontara,lontara,1,1,0,0.00550676,0.011022336,0.00072099216,0.004390954,0.9730449,0.00032009458,0.0049939738
NeqSF8C9.png,lontara,3,lontara,lontara,1,1,0,0.00426766,0.013555877,0.0010576388,0.0055353013,0.97007173,0.00024635237,0.0052655134
W5obsPSI.png,pegon,5,pegon,pegon,1,1,0,0.0067903083,0.01836225,0.023554582,0.006870675,0.008014846,0.92901516,0.0073921257
C9VIsuaS.png,lampung,2,lampung,lampung,1,1,0,0.0033804062,0.014567923,0.00059081276,0.9725896,0.00469414,0.000778127,0.0033990429
uQPbzjZg.png,lampung,5,lampung,lampung,1,1,0,0.0051874234,0.013963128,0.0012338639,0.96549445,0.008068161,0.00038354192,0.005669341
iV9G3QQ5.png,jawi,3,jawi,jawi,1,1,0,0.0040015248,0.0053507765,0.9635276,0.007830849,0.0060177944,0.008856467,0.0044148955
sTjR3Dyb.png,jawi,5,jawi,jawi,1,1,0,0.0062763565,0.01850068,0.9452044,0.007599811,0.007524571,0.0096261855,0.005267982
utewAAvB.png,pegon,1,pegon,pegon,1,1,0,0.0032928868,0.0058249696,0.042999014,0.01381493,0.010047964,0.9202577,0.0037626054
pnwTi55u.png,lampung,3,lampung,lampung,1,1,0,0.004326418,0.004166029,0.0057769017,0.97581065,0.005294026,0.00027808629,0.0043478752
tkikNRDq.png,sunda,5,sunda,sunda,1,1,0,0.0044907783,0.004029119,0.010191217,0.00369376,0.005164417,0.00032441254,0.9721062
cGXyHtmN.png,pegon,3,pegon,pegon,1,1,0,0.0060498966,0.019512951,0.021535682,0.0071933838,0.008183269,0.92923313,0.008291675
aTlANXcT.png,pegon,1,pegon,pegon,1,1,0,0.0032561468,0.01862702,0.019106027,0.0026977202,0.003245855,0.95073026,0.0023370322
i4F7snc2.png,sunda,5,sunda,sunda,1,1,0,0.005521797,0.004479132,0.014165318,0.0058425767,0.007834823,0.00076703785,0.9613893
7NriGtD8.png,pegon,1,pegon,pegon,1,1,0,0.007635531,0.015296804,0.0076244096,0.010445495,0.007233085,0.94730437,0.0044601965
dSq6Z3tV.png,bali,3,bali,bali,1,1,0,0.9597918,0.0020281866,0.015252147,0.007372219,0.005858948,0.0004898009,0.0092068855
Qc5hknbW.png,pegon,1,pegon,pegon,1,1,0,0.0035474156,0.014954233,0.01899645,0.0029771952,0.0048606982,0.9489773,0.005686774
ElyfuJMT.png,pegon,1,pegon,pegon,1,1,0,0.010440871,0.014703386,0.011120396,0.0031742014,0.020163069,0.93762606,0.002772038
x7ShvsGP.png,sunda,3,sunda,sunda,1,1,0,0.005065084,0.000748179,0.014522618,0.006042087,0.005338272,0.00049596705,0.96778786
FbTguqOY.png,pegon,4,pegon,pegon,1,1,0,0.0070779114,0.011434606,0.007654373,0.009957093,0.008097225,0.9473197,0.008459106
MIpEzjvJ.png,jawi,1,jawi,jawi,1,1,0,0.0022010265,0.020673154,0.9194336,0.0013937562,0.0031110488,0.029182304,0.024005134
6MfaKi9r.png,jawa,5,jawa,jawa,1,1,0,0.004074427,0.9725266,0.0044252174,0.003871071,0.0033348938,0.008075881,0.003691877
BLyfZBXd.png,lampung,3,lampung,lampung,1,1,0,0.005854617,0.013356227,0.00030178024,0.9677127,0.007242951,8.339314e-05,0.0054483414
5I9nCM7V.png,sunda,1,sunda,sunda,1,1,0,0.00975241,0.00035752048,0.011133002,0.005275808,0.009882799,0.00081717456,0.96278137
61dk4lYl.png,lampung,5,lampung,lampung,1,1,0,0.011832266,0.0013952546,0.0022680417,0.94145554,0.009373041,0.022895228,0.010780626
djpS930J.png,jawi,3,jawi,jawi,1,1,0,0.009235262,0.008855654,0.93928474,0.011655554,0.011531908,0.010850175,0.008586729
9AXZfY9l.png,jawa,2,jawa,jawa,1,1,0,0.007955257,0.92192656,0.022109266,0.014955237,0.010466178,0.010161977,0.0124255745
DF1Flcai.png,bali,1,bali,bali,1,1,0,0.9775163,0.011370163,0.0019468685,0.0028673194,0.0037099712,6.833966e-05,0.0025210788
YgJfuvE5.png,jawa,1,jawa,jawa,1,1,0,0.0020633517,0.96638733,0.0073281913,0.010105835,0.005859483,0.004648993,0.0036066985
3XRv82Kj.png,lampung,4,lampung,lampung,1,1,0,0.0055188355,0.0004893641,0.011051199,0.9695201,0.0052981675,0.003329431,0.0047929087
stPijN3r.png,jawi,4,jawi,jawi,1,1,0,0.0025217393,0.009129515,0.9654994,0.0037607092,0.0042003226,0.01213013,0.0027582217
6oFYlbTP.png,jawi,2,jawi,jawi,1,1,0,0.0026853732,0.014170038,0.96471506,0.0030114043,0.0037867106,0.0069059245,0.004725547
vWj7N2tt.png,jawa,5,jawa,jawa,1,1,0,0.0038103154,0.93523735,0.015384777,0.007229615,0.0051247315,0.02561413,0.007599131
MvS8HQOj.png,jawa,3,jawa,jawa,1,1,0,0.0024849274,0.94711715,0.019408818,0.003302366,0.0027297072,0.021779342,0.0031777222
55CLT8Hk.png,lampung,3,lampung,lampung,1,1,0,0.006121075,0.015028029,0.00018210553,0.9582129,0.0067313784,0.00021331919,0.0135111315
V0wGX7R5.png,lampung,2,lampung,lampung,1,1,0,0.0035351347,0.012775207,0.0005802533,0.97511995,0.0038856785,0.0012952297,0.0028085622
9oawNGqT.png,lampung,2,lampung,lampung,1,1,0,0.005557626,0.00014817757,0.004618681,0.96742815,0.005757258,0.011933242,0.0045568533
J72xRpsc.png,sunda,5,sunda,sunda,1,1,0,0.007147668,0.0038166302,0.016577167,0.008064131,0.00700548,0.00048756055,0.95690125
57bs7slq.png,jawa,1,jawa,jawa,1,1,0,0.0043450785,0.9598236,0.012260687,0.0034882503,0.00402324,0.013038696,0.0030204689
YK3Ub4KT.png,lampung,2,lampung,lampung,1,1,0,0.003084041,0.00294511,0.0012416457,0.9743862,0.0060254023,0.008410859,0.0039066337
0iU4d8ZG.png,lampung,4,lampung,lampung,1,1,0,0.0063405014,0.011149446,0.0075201862,0.9627911,0.00654557,0.0005732785,0.0050799553
DAxe0MLe.png,jawi,5,jawi,jawi,1,1,0,0.012313348,0.028075373,0.90907884,0.009335507,0.009327835,0.022209445,0.009659619
AyRslECF.png,lampung,1,lampung,lampung,1,1,0,0.0072813854,0.00035696398,0.017351322,0.96118474,0.0057717874,0.00087704713,0.0071767545
mELYhNJJ.png,sunda,5,sunda,sunda,1,1,0,0.0048258584,0.0005138826,0.013916396,0.0039578737,0.0044224807,0.00036050388,0.97200304
fkjCpYsq.png,sunda,5,sunda,sunda,1,1,0,0.009554959,0.0016437295,0.014099476,0.0062503833,0.00689585,0.00034614638,0.9612095
paMynPIk.png,sunda,1,sunda,sunda,1,1,0,0.006697674,0.0006066674,0.016679663,0.0052689225,0.008174118,0.00020172521,0.9623711
VppeTfy6.png,jawi,2,jawi,jawi,1,1,0,0.0070167375,0.020901037,0.9286613,0.0067516193,0.0077984985,0.018070683,0.010800174
bWDGpTWd.png,bali,3,bali,bali,1,1,0,0.9488152,0.003360616,0.019701187,0.009784135,0.0061051315,0.0008052627,0.011428556
F9EmOnBA.png,pegon,5,pegon,pegon,1,1,0,0.0044283406,0.014182037,0.018406767,0.005687929,0.0045102243,0.94778204,0.005002589
upZHwPDf.png,lampung,2,lampung,lampung,1,1,0,0.0045148493,0.0032083676,0.007954368,0.97405034,0.0051384214,0.0022110064,0.0029226944
vIJnYN4x.png,jawi,3,jawi,jawi,1,1,0,0.007288036,0.025724689,0.92471206,0.008151463,0.007387787,0.019685317,0.0070506083
x8P27FGa.png,sunda,5,sunda,sunda,1,1,0,0.0070295054,0.0068484386,0.011890962,0.007025812,0.008566443,0.0017239641,0.9569148
XXqX4MmQ.png,lontara,2,lontara,lontara,1,1,0,0.009245451,0.020042432,0.000901046,0.0062979744,0.9565907,9.957583e-05,0.006822813
hltmihc8.png,jawi,4,jawi,jawi,1,1,0,0.003716849,0.008132664,0.96606606,0.0047177034,0.0023981826,0.01142418,0.003544323
wBpmXjhK.png,jawi,3,jawi,jawi,1,1,0,0.008263551,0.01783914,0.905197,0.009683453,0.01456694,0.038623303,0.005826593
FTgJuERy.png,jawi,2,jawi,jawi,1,1,0,0.008635932,0.02085488,0.913136,0.0103322305,0.007963479,0.031002637,0.008074743
ib1lCQbO.png,lontara,5,lontara,lontara,1,1,0,0.005499692,0.013209492,0.0022406494,0.0060644173,0.966241,0.0006355631,0.006109085
KsB6SO8u.png,bali,3,bali,bali,1,1,0,0.95842797,0.004987202,0.015398275,0.0075969473,0.0053738123,0.00073510886,0.0074807843
0RiP6KqR.png,lontara,2,lontara,lontara,1,1,0,0.011109487,0.002209626,0.02660514,0.009227293,0.93780565,0.002877677,0.010165042
VJzTIvxg.png,pegon,5,pegon,pegon,1,1,0,0.008462322,0.01820035,0.01879644,0.011084227,0.007801792,0.928953,0.006701834
l0lHHR0b.png,lampung,5,lampung,lampung,1,1,0,0.0060388385,0.000183916,0.00019068293,0.96401626,0.0059975493,0.015843805,0.0077289236
GCNhsDdJ.png,lontara,1,lontara,lontara,1,1,0,0.006176006,0.020969683,0.00089868327,0.008244056,0.9569007,0.00024223191,0.006568565
w66oBlv4.png,sunda,3,sunda,sunda,1,1,0,0.0044843894,0.001191619,0.011900524,0.0059998888,0.005604025,0.0011737177,0.96964574
m0xUELP9.png,sunda,4,sunda,sunda,1,1,0,0.0045784195,0.0011668284,0.015343707,0.0061590923,0.0048696795,0.00019542556,0.96768695
RU4Of5AH.png,sunda,5,sunda,sunda,1,1,0,0.0061054914,0.004178751,0.014814958,0.005777157,0.007829027,0.000564429,0.9607302
nrUP68qr.png,lampung,5,lampung,lampung,1,1,0,0.010119957,0.0010510526,0.00043835785,0.9501758,0.007112613,0.020692525,0.01040968
6uAymYJp.png,lampung,4,lampung,lampung,1,1,0,0.0057503,0.0021764042,0.0075520175,0.9704738,0.004748119,0.0044429903,0.00485629
Qcv5zDV9.png,sunda,4,sunda,sunda,1,1,0,0.0060247327,0.00020918399,0.022647042,0.006803135,0.007030583,0.00049985,0.9567855
FuGIhjEE.png,lampung,4,lampung,lampung,1,1,0,0.0068302206,0.004726865,0.0027220421,0.96980685,0.0070021274,0.0050619086,0.0038500573
f3xm4llA.png,jawi,1,jawi,jawi,1,1,0,0.007607349,0.014495463,0.9234646,0.008273343,0.012000414,0.016913844,0.017244961
MtyKyDPB.png,lampung,3,lampung,lampung,1,1,0,0.0060800533,0.0032811419,0.017651286,0.96065605,0.005992202,0.00056078925,0.0057785287
dH6D1EwP.png,jawa,1,jawi,jawi,0,0,0,0.034099143,0.038111463,0.8695332,0.013290391,0.026040345,0.015709797,0.0032156324
WM2xqcu5.png,jawi,1,jawi,jawi,1,1,0,0.006399081,0.02278145,0.92794997,0.0073804143,0.012353268,0.018684689,0.00445124
uVhC4zkl.png,jawa,5,jawa,jawa,1,1,0,0.004463323,0.95799035,0.0109373275,0.0055860295,0.0061564134,0.011439855,0.0034267204
TLvZfgpc.png,sunda,2,sunda,sunda,1,1,0,0.0033923315,0.00020152968,0.0071424255,0.0020995738,0.0021266164,2.8402124e-05,0.9850092
Zlo7h3np.png,jawa,2,jawa,jawa,1,1,0,0.016385375,0.92154676,0.01579427,0.012325492,0.0076145604,0.011476614,0.014857
Yn3uXJfi.png,lampung,2,lampung,lampung,1,1,0,0.006909385,0.001361932,0.009630731,0.95503724,0.009699029,0.011968093,0.0053935857
sGLsCJIC.png,jawi,5,jawi,jawi,1,1,0,0.007932178,0.010710833,0.93358225,0.013779386,0.008741758,0.0132519705,0.012001557
ykq5P8mF.png,lampung,4,lampung,lampung,1,1,0,0.0067119277,0.0028296672,0.014642936,0.9625857,0.006795782,0.0011073023,0.0053266715
B3Uzmx2u.png,pegon,3,pegon,pegon,1,1,0,0.0053380853,0.023963073,0.02699508,0.009373734,0.0055115554,0.92503756,0.0037809361
BRolDhp3.png,jawi,5,jawi,jawi,1,1,0,0.0024476289,0.03546028,0.9321149,0.0032167064,0.00371975,0.019707724,0.0033330668
UfrqVzUh.png,lampung,1,lampung,lampung,1,1,0,0.0055649932,0.00037092064,0.00019931658,0.96455485,0.009184197,0.013945905,0.0061799097
A0shgBFV.png,jawa,5,jawa,jawa,1,1,0,0.005510484,0.9639624,0.009035221,0.0035183027,0.0037589024,0.01085607,0.0033585106
cTEtK9zF.png,sunda,3,sunda,sunda,1,1,0,0.004817671,0.0009818604,0.018937925,0.007476114,0.0057567856,0.00019763499,0.9618321
b4B7d5ll.png,jawi,1,jawi,jawi,1,1,0,0.0017511795,0.01967919,0.94173676,0.0031684851,0.0037571187,0.02418219,0.0057251207
AquaWOXd.png,jawa,3,jawa,jawa,1,1,0,0.00948205,0.9270496,0.028379837,0.0058722585,0.008121004,0.01432613,0.006769204
3dclfBcd.png,jawi,1,jawi,jawi,1,1,0,0.0018234043,0.028753085,0.9264883,0.0019134426,0.0056599863,0.033995412,0.0013663645
t84PLUjt.png,lampung,5,lampung,lampung,1,1,0,0.009997981,0.023086477,0.00024616122,0.94806015,0.008857846,0.00049920555,0.009252146
463G0Ht6.png,pegon,3,pegon,pegon,1,1,0,0.007264758,0.016912526,0.017128602,0.009079147,0.010748615,0.9333652,0.0055010444
S0zbR2ca.png,lampung,3,lampung,lampung,1,1,0,0.0045755063,0.004469104,0.015871452,0.959932,0.006774643,0.0011219945,0.0072553055
DgfwiJq7.png,jawi,3,jawi,jawi,1,1,0,0.0059258253,0.008018116,0.96651393,0.0037007655,0.0062958957,0.0051016044,0.0044439076
xX4k0Iwm.png,bali,5,bali,bali,1,1,0,0.95363975,0.00086237706,0.023919433,0.0068926513,0.007937523,0.00011450857,0.00663368
odtGQPrl.png,sunda,5,sunda,sunda,1,1,0,0.0063112066,0.0011880739,0.024156185,0.0074250028,0.0077670454,0.00029300404,0.95285934
trtlGlvb.png,sunda,1,sunda,sunda,1,1,0,0.0026656347,0.00015055524,0.012818771,0.003234638,0.0035518433,8.4867206e-05,0.97749364
Gcttufo2.png,jawi,3,jawi,jawi,1,1,0,0.011310633,0.012765836,0.9517439,0.004818819,0.008514888,0.0071330667,0.003712798
uqIBKc71.png,sunda,2,sunda,sunda,1,1,0,0.0036788695,5.53716e-05,0.008331,0.0048336084,0.0050045503,0.00013334944,0.97796327
gagP6CWw.png,pegon,4,pegon,pegon,1,1,0,0.0074205925,0.006610419,0.0075640953,0.008089631,0.008617582,0.95367867,0.00801903
rTJxCIqL.png,bali,5,bali,bali,1,1,0,0.95013136,0.0019210912,0.02482202,0.006350094,0.0082598375,0.00023817414,0.0082774535
XeQC49L6.png,jawa,2,jawa,jawa,1,1,0,0.017646074,0.92614806,0.0142008215,0.010392767,0.008497576,0.016393,0.0067217797
YJfS9mlO.png,pegon,4,pegon,pegon,1,1,0,0.007944935,0.002911144,0.008252683,0.00999479,0.010932305,0.9510899,0.008874281
2MbXihTq.png,jawi,1,jawi,jawi,1,1,0,0.0014057627,0.014661914,0.9534223,0.0023582317,0.005054753,0.019845705,0.0032512327
kcB23A2v.png,bali,4,bali,bali,1,1,0,0.98260915,0.0012824674,0.006018309,0.0027815697,0.0048530013,0.00013102828,0.0023245427
L9tVkVXc.png,jawi,3,jawi,jawi,1,1,0,0.0051471475,0.008951702,0.9681988,0.0047918158,0.005442364,0.0047449362,0.002723333
HPsdSMSo.png,bali,2,bali,bali,1,1,0,0.96701235,0.014780858,0.00059304363,0.004527643,0.0069370307,0.00029936817,0.0058496855
OKHFc0xR.png,lampung,5,lampung,lampung,1,1,0,0.010873639,0.001955899,0.009206614,0.9386733,0.010435259,0.019108757,0.009746458
kRtSXqLd.png,sunda,4,sunda,sunda,1,1,0,0.0056688734,0.0012422109,0.014523312,0.0052641793,0.0066111116,0.00014604299,0.9665443
YxMvVphQ.png,bali,5,bali,bali,1,1,0,0.95152336,0.0019868081,0.021617264,0.007692957,0.009485371,0.00012556331,0.0075686593
cfFtlmwR.png,jawi,5,jawi,jawi,1,1,0,0.009490502,0.02300301,0.9179551,0.009355196,0.011112586,0.018701315,0.01038224
tjWyfHS1.png,bali,3,bali,bali,1,1,0,0.95939684,0.007626955,0.00637256,0.00864274,0.009012935,0.00026328393,0.008684638
5l4URRs2.png,pegon,2,pegon,pegon,1,1,0,0.00803,0.01746709,0.014117683,0.0069262423,0.006672635,0.9379692,0.008817073
p1IJ0qTz.png,jawi,1,jawi,jawi,1,1,0,0.004522199,0.017625181,0.91465545,0.0014938464,0.04167588,0.018007945,0.0020194121
6NdRB2nV.png,sunda,3,sunda,sunda,1,1,0,0.0069612334,0.0010002714,0.018855313,0.0058250935,0.006985867,0.00014594384,0.9602262
NVagteoV.png,bali,2,bali,bali,1,1,0,0.97441316,0.011353089,0.0006845163,0.004041651,0.003179797,2.69579e-05,0.006300819
JIoIseGk.png,jawi,1,jawi,jawi,1,1,0,0.006108989,0.02133213,0.93403256,0.0041114497,0.006081642,0.021625783,0.006707451
WRuNwJ9Q.png,lampung,1,lampung,lampung,1,1,0,0.004922392,0.00587843,0.009511399,0.95536196,0.011733173,0.0043973695,0.008195204
GlaZZ42x.png,sunda,1,sunda,sunda,1,1,0,0.004749523,0.0014358339,0.013330002,0.0054530147,0.007214625,0.00020720532,0.9676099
BJ4eecVX.png,jawi,2,jawi,jawi,1,1,0,0.0017192776,0.011717418,0.9594401,0.001959251,0.0026014827,0.019834911,0.0027275332
cz8YUaNj.png,jawi,2,jawi,jawi,1,1,0,0.010870499,0.010774575,0.9354768,0.011429063,0.0050936276,0.015676914,0.010678671
oYBCH1GC.png,jawi,5,jawi,jawi,1,1,0,0.004683346,0.012630316,0.94809943,0.008283106,0.0062904786,0.010761165,0.009252081
vLiJDcfz.png,sunda,2,sunda,sunda,1,1,0,0.003801042,0.0016131136,0.004580772,0.005772924,0.0046854713,0.004584128,0.97496265
ZvfLChka.png,jawi,2,jawi,jawi,1,1,0,0.0045852466,0.0122816395,0.9521202,0.0051028775,0.008157168,0.006199766,0.011553056
5ENLInZf.png,sunda,2,sunda,sunda,1,1,0,0.008398178,0.0027403266,0.014627186,0.005895218,0.007561288,0.00044690934,0.96033084
JaAYEY9v.png,lampung,1,lampung,lampung,1,1,0,0.011502264,0.014926422,0.0022382,0.94705725,0.007257358,0.0052065128,0.011812069
uNk2Pji4.png,lampung,3,lampung,lampung,1,1,0,0.0054315003,0.002218644,0.002176794,0.9645273,0.0069164927,0.012200611,0.006528627
P8bvkp33.png,jawi,3,jawi,jawi,1,1,0,0.007662527,0.0134859495,0.9537842,0.0046601593,0.012393599,0.004460242,0.0035533558
Jrzj22qi.png,sunda,1,sunda,sunda,1,1,0,0.004431271,0.00035318985,0.0140394,0.004105287,0.005944457,0.00012051937,0.97100586
G8BghqMy.png,jawi,4,jawi,jawi,1,1,0,0.0075415173,0.050012045,0.8032219,0.023616672,0.007788546,0.100633234,0.0071861534
v1wDJE1K.png,jawa,3,jawa,jawa,1,1,0,0.002950931,0.9448256,0.020996584,0.005999944,0.0051202797,0.016082924,0.004023763
3OEGXVWl.png,lampung,4,lampung,lampung,1,1,0,0.0042395275,0.0033995279,0.010361929,0.9731985,0.0048727323,0.0003416492,0.0035860918
r4sazkrB.png,jawi,4,jawi,jawi,1,1,0,0.0053319186,0.009276912,0.9574251,0.009233814,0.007471625,0.008234957,0.0030256838
9KyaSDOr.png,pegon,3,pegon,pegon,1,1,0,0.0055389735,0.026814254,0.013430487,0.0087507125,0.006208763,0.9342227,0.005034117
oLfaGedt.png,lampung,2,lampung,lampung,1,1,0,0.0026167028,0.00796594,0.0002728458,0.98212266,0.0031176792,0.00044482297,0.0034593602
LnXG2KaK.png,jawi,4,jawi,jawi,1,1,0,0.0036015583,0.020874364,0.9485439,0.0022781086,0.004252886,0.017390162,0.003058997
ckmJ5Zh7.png,jawi,3,jawi,jawi,1,1,0,0.0044844095,0.0136524895,0.94596267,0.00723246,0.0060496526,0.015111929,0.0075063775
rrhaheQQ.png,sunda,3,sunda,sunda,1,1,0,0.007088175,0.00026405693,0.026751043,0.013236515,0.0063200076,0.00015030825,0.9461899
w57AYeJK.png,pegon,3,pegon,pegon,1,1,0,0.0045217387,0.028625866,0.0036154592,0.003214097,0.0046714423,0.9528311,0.0025203414
bgCw1ls7.png,pegon,5,pegon,jawi,1,0,1,0.011306403,0.03363898,0.49047437,0.0054971734,0.017583055,0.42405587,0.017444136
LleCoaPm.png,jawa,1,jawa,jawa,1,1,0,0.0057411892,0.95752615,0.008801304,0.004968898,0.0048583783,0.008681792,0.009422354
Pz0sgpA4.png,lampung,1,lampung,lampung,1,1,0,0.0037284447,0.0010450827,0.0009377214,0.9789766,0.0033387952,0.008076979,0.0038964364
OyuxLiGq.png,jawi,3,jawi,jawi,1,1,0,0.0065470603,0.0043491283,0.92639756,0.009558952,0.020370819,0.015986318,0.016790107
gYcl2Ztg.png,lampung,3,lampung,lampung,1,1,0,0.009122116,0.019614935,0.0014916385,0.95307934,0.008252986,0.0002557506,0.00818328
YcUJIE7M.png,jawa,1,jawa,jawa,1,1,0,0.00648716,0.9427264,0.0102101825,0.0068542543,0.0069290176,0.01668644,0.010106488
WPXGQnCz.png,jawa,1,jawa,jawa,1,1,0,0.009026806,0.9452521,0.01929508,0.004893521,0.006064682,0.01073933,0.0047285785
YAjzCk0W.png,sunda,2,sunda,sunda,1,1,0,0.0042448444,0.0003929239,0.009190813,0.0063862256,0.003571684,4.908423e-05,0.9761644
QBJfmn19.png,jawi,4,jawi,jawi,1,1,0,0.010817711,0.029537136,0.9310676,0.00492686,0.005582166,0.014276253,0.0037922403
CsLAwcZm.png,lampung,1,lampung,lampung,1,1,0,0.0069153174,0.00053266145,0.00064125867,0.96020573,0.0101350695,0.014187444,0.007382443
uEfERL4G.png,lampung,1,lampung,lampung,1,1,0,0.007155057,0.0028218187,0.012197717,0.9578215,0.0064006145,0.0056375396,0.007965778
FGZPmG6z.png,pegon,5,jawi,jawi,0,0,0,0.0119470805,0.016979033,0.9135433,0.0068787327,0.0070591574,0.023366774,0.020226043
7D3yq85B.png,pegon,5,pegon,pegon,1,1,0,0.018446736,0.017329723,0.0119221695,0.008061291,0.010313469,0.9233506,0.0105761755
L93wkrK9.png,lampung,2,lampung,lampung,1,1,0,0.0064128377,0.0011528833,0.020296125,0.95871943,0.008297266,0.0011141438,0.0040073125
49ZhHNj5.png,jawa,1,jawa,jawa,1,1,0,0.010690449,0.93256354,0.020683652,0.00773416,0.006694111,0.015073486,0.0065605077
68PWHspf.png,pegon,5,pegon,pegon,1,1,0,0.0058091893,0.016808027,0.014949368,0.005203276,0.005148012,0.9468177,0.0052644745
YU8YA3YJ.png,jawa,2,jawa,jawa,1,1,0,0.008750205,0.9309803,0.015708577,0.00942529,0.011146569,0.013944237,0.010044726
C8UqnFBT.png,sunda,5,sunda,sunda,1,1,0,0.008457318,0.0015392534,0.02232292,0.006889209,0.009710196,0.00017379917,0.95090723
EoEYYS0c.png,pegon,5,pegon,jawi,1,0,1,0.0057760403,0.025975514,0.5958368,0.017084979,0.012368765,0.33472413,0.008233683
mgdNKjC1.png,pegon,3,pegon,pegon,1,1,0,0.0037715437,0.020863311,0.028212072,0.0041012773,0.0056928876,0.9333436,0.0040151323
lyfmp4Hk.png,lampung,1,lampung,lampung,1,1,0,0.005800299,0.0011797616,0.00062229804,0.96458465,0.0057148053,0.013253447,0.00884472
E2pP2wiN.png,bali,2,bali,bali,1,1,0,0.9657558,0.010463747,0.0024372865,0.008529989,0.004595808,5.0881532e-05,0.008166567
0vcG60TH.png,lontara,4,lontara,lontara,1,1,0,0.0059917746,0.016799748,0.0040994035,0.0076591144,0.95539415,0.0010951542,0.008960669
rEHekt8u.png,jawi,3,jawi,jawi,1,1,0,0.0058822446,0.01631502,0.9380883,0.006938498,0.008400248,0.018379332,0.005996329
1eCjSdRv.png,lampung,2,lampung,lampung,1,1,0,0.0038128172,0.00088985206,0.0007070313,0.9751712,0.004367285,0.010984482,0.004067305
1PhwYZl3.png,jawa,4,jawa,jawa,1,1,0,0.0027662276,0.9488645,0.0036145,0.0021220015,0.0036055192,0.036176883,0.0028504168
YVQ6iiUU.png,jawa,2,jawa,jawa,1,1,0,0.0052712266,0.71462744,0.05061765,0.0050740703,0.0065912143,0.21306928,0.0047491174
YkcTFGRg.png,jawi,5,jawi,jawi,1,1,0,0.005239474,0.021279627,0.9372091,0.0074238544,0.006967439,0.016347554,0.00553299
axEX9ABC.png,lontara,2,lontara,lontara,1,1,0,0.0074212905,0.012794847,0.0045889528,0.007883087,0.961759,6.209546e-05,0.0054906188
hCDC3NKM.png,lampung,2,lampung,lampung,1,1,0,0.005788816,0.0006735417,0.010743768,0.9699677,0.0059922477,0.0019710888,0.0048628226
qexV42Ip.png,sunda,5,sunda,sunda,1,1,0,0.0073967725,0.0008175439,0.020099556,0.00938737,0.008530188,0.0005607928,0.9532077
2GTmdVJZ.png,sunda,2,sunda,sunda,1,1,0,0.009707716,0.0006287989,0.027158258,0.0070855417,0.009944332,0.00039929876,0.945076
C0IkdJZp.png,sunda,1,sunda,sunda,1,1,0,0.0140126655,0.0031669135,0.029101072,0.011568765,0.013608074,0.00047638465,0.92806613
NV6Hx5tc.png,lampung,1,lampung,lampung,1,1,0,0.009879012,0.0019786647,0.011353118,0.9417369,0.012137552,0.012908815,0.010005905
wDh3e5Ko.png,sunda,2,sunda,sunda,1,1,0,0.007918959,0.00042080565,0.014265632,0.007504501,0.0081489915,0.0036485433,0.95809263
GsxM4bFc.png,pegon,2,pegon,pegon,1,1,0,0.002483667,0.017307788,0.01858669,0.0023281616,0.0031349657,0.95331526,0.002843453
PzG3Xfvg.png,jawa,1,jawa,jawa,1,1,0,0.0048787864,0.9462262,0.019792322,0.0049255015,0.00569,0.014117337,0.0043699117
HMj0rv6L.png,jawi,1,jawi,jawi,1,1,0,0.005925063,0.024134902,0.90654033,0.0076688705,0.017172894,0.0327158,0.0058421306
A4HV9PhM.png,jawi,2,jawi,jawi,1,1,0,0.0070139174,0.015330086,0.93009436,0.007839645,0.011142307,0.017975273,0.0106044
2T6Pzoym.png,jawa,1,jawa,jawa,1,1,0,0.0076419143,0.9477228,0.011152674,0.0057074386,0.00592858,0.011529194,0.01031747
HTU0Ste7.png,jawi,4,jawi,jawi,1,1,0,0.0010318289,0.007883983,0.9785993,0.0017901136,0.0046417364,0.0050457395,0.0010073708
dqaM4zJ8.png,lampung,2,lampung,lampung,1,1,0,0.0055191917,0.00021504152,0.00047569477,0.96486,0.007637185,0.017099554,0.0041932994
pk6IEVOc.png,lampung,2,lampung,lampung,1,1,0,0.0041378606,0.002900362,0.012021666,0.9655615,0.0074227243,0.0029684172,0.004987506
2DxpXBMt.png,pegon,2,pegon,pegon,1,1,0,0.002267557,0.008856715,0.03482434,0.0018493132,0.001601926,0.946765,0.003835156
vUfx6WrH.png,jawi,5,jawi,jawi,1,1,0,0.009186806,0.02992576,0.91518813,0.00873068,0.010649111,0.017464064,0.0088553345
2G5DR6f6.png,jawa,1,jawa,jawa,1,1,0,0.004803909,0.95606095,0.0117792245,0.003220681,0.0040223054,0.015559285,0.0045536137
uKObRykM.png,jawi,5,jawi,jawi,1,1,0,0.0032043902,0.009592008,0.95855063,0.002670008,0.0059602386,0.014107018,0.0059157684
Z03IVOtP.png,jawa,1,jawa,jawa,1,1,0,0.00675712,0.9488341,0.014893684,0.0053144563,0.005115661,0.013667212,0.0054178042
9TJ0GVpo.png,sunda,3,sunda,sunda,1,1,0,0.004700181,0.00015447153,0.015361493,0.004806602,0.005320385,0.0001321265,0.96952474
gzHX45bu.png,pegon,2,pegon,pegon,1,1,0,0.0054196008,0.027047863,0.026654543,0.0056214747,0.0055133137,0.9250378,0.0047054505
ezrWj5OQ.png,lampung,3,lampung,lampung,1,1,0,0.008026829,0.0025272248,0.0027339163,0.9547653,0.0102604795,0.013823093,0.007863125
lWQzCo11.png,jawa,2,jawa,jawa,1,1,0,0.0,0.96624243,0.01558738,0.0,0.0,0.018170184,0.0
1PiZW9m0.png,sunda,4,sunda,sunda,1,1,0,0.0057713776,0.0012563787,0.0166712,0.004345019,0.0068112845,0.0004570342,0.9646877
6ovIbG2x.png,lampung,3,lampung,lampung,1,1,0,0.00839135,0.016921315,0.0010053462,0.955107,0.008762756,0.0005656027,0.009246581
KXs4VXyL.png,lampung,4,lampung,lampung,1,1,0,0.005624319,0.0049822545,0.008170347,0.9707065,0.0049368166,0.0014094325,0.0041703386
rZWo0AVq.png,sunda,1,sunda,sunda,1,1,0,0.0031527139,0.00027198935,0.016518036,0.0059137437,0.004691005,0.00010475888,0.9693477
EzyRlOhR.png,lampung,5,lampung,lampung,1,1,0,0.01034141,0.0029831864,0.0003089374,0.9502373,0.0072907982,0.020747269,0.008091143
1jY4KABg.png,jawi,5,jawi,jawi,1,1,0,0.012316014,0.0165381,0.93343365,0.0061178245,0.009722524,0.012955573,0.008916302
rgWX5DS5.png,jawi,3,jawi,jawi,1,1,0,0.006895415,0.011670167,0.9352601,0.008265693,0.0049128383,0.02896868,0.0040269964
h0wRGTm0.png,sunda,1,sunda,sunda,1,1,0,0.0031049286,0.00025728237,0.00921234,0.0023768586,0.0035764885,0.00032270432,0.9811493
23T6iILy.png,sunda,4,sunda,sunda,1,1,0,0.0052358713,0.0019115001,0.012403833,0.0046648923,0.0055756825,0.00028746825,0.96992075
C3yekTBn.png,lontara,3,lontara,lontara,1,1,0,0.0040955995,0.013084982,0.0012341483,0.005560294,0.9709744,0.000246063,0.004804653
1MfzpnrV.png,jawi,4,jawi,jawi,1,1,0,0.0043661036,0.0304327,0.9320558,0.004770684,0.0035873288,0.018675948,0.0061114654
oZnMOKxR.png,pegon,1,pegon,pegon,1,1,0,0.0031704216,0.017337205,0.015987387,0.0035829626,0.0039432137,0.9502841,0.0056945947
Fia1jK0X.png,lampung,4,lampung,lampung,1,1,0,0.0070373775,0.002356909,0.011021317,0.9601372,0.006563931,0.0049314452,0.007951845
e9seSuWU.png,pegon,3,pegon,pegon,1,1,0,0.008419011,0.019444507,0.03539908,0.00831322,0.006694905,0.9142925,0.007436691
6t4T5ksY.png,jawi,3,jawi,jawi,1,1,0,0.010384979,0.014269591,0.9452885,0.010240379,0.0073141386,0.006900323,0.005602062
uMOVTeAu.png,jawa,2,jawa,jawa,1,1,0,0.0029862297,0.9543999,0.01707551,0.005375865,0.0039458615,0.012504916,0.0037116397
GIcyQMpK.png,jawa,2,jawa,jawa,1,1,0,0.005902526,0.91901803,0.02256217,0.008651075,0.009500129,0.01774387,0.016622188
GXCLtwWS.png,lampung,3,lampung,lampung,1,1,0,0.009315518,0.013862867,0.0027297603,0.94438696,0.011072393,0.0068417056,0.011790807
BQ33bnD1.png,sunda,3,sunda,sunda,1,1,0,0.00469504,0.0007552193,0.012786046,0.0061982125,0.0048576547,0.00017133311,0.9705364
AKu7qEnb.png,lampung,3,lampung,lampung,1,1,0,0.0054566627,0.015956782,0.0008699707,0.9624324,0.0059754564,0.0010933211,0.008215411
jMIlbyzj.png,jawa,4,jawa,jawa,1,1,0,0.0026793808,0.94673914,0.004541148,0.0028025443,0.003138021,0.03761631,0.0024834764
7AyACFiR.png,pegon,3,pegon,pegon,1,1,0,0.009869441,0.02297218,0.013491465,0.017381601,0.011287719,0.91404295,0.0109546045
aG2XPTqX.png,jawi,1,jawi,jawi,1,1,0,0.002631634,0.015457914,0.9206088,0.0011588861,0.028556678,0.029985648,0.0016003024
KmE3Wlau.png,bali,2,bali,bali,1,1,0,0.97152746,0.003039835,0.008307629,0.006654236,0.004361271,0.00012964156,0.005979995
UsGI8WVt.png,lampung,1,lampung,lampung,1,1,0,0.0048433137,0.0014060396,0.012084214,0.9727736,0.004796273,0.00037247245,0.0037241157
GxZEdfHi.png,lampung,3,lampung,lampung,1,1,0,0.009262446,0.022420859,0.00047450792,0.9499427,0.009397946,8.165578e-05,0.008419746
Wf7GkTgN.png,jawa,3,jawa,jawa,1,1,0,0.008258225,0.9348406,0.018120008,0.007678857,0.0074853366,0.017769534,0.005847459
w9q2mv5g.png,pegon,1,pegon,pegon,1,1,0,0.0036162068,0.012913439,0.0114966715,0.0073256404,0.0077047213,0.95246154,0.0044818427
UlbU8tco.png,jawa,3,jawa,jawa,1,1,0,0.0037868817,0.9491152,0.021030208,0.004189006,0.004103023,0.014482094,0.0032934856
JY8Uvmvl.png,lampung,3,lampung,lampung,1,1,0,0.0064779283,0.0043087057,0.009774035,0.9572009,0.008191621,0.006704482,0.007342386
cjCtW9vJ.png,bali,5,bali,bali,1,1,0,0.9775418,0.009794744,0.00054083636,0.0045678946,0.0035927405,4.7814818e-05,0.0039142375
0yqGos3e.png,pegon,5,jawi,jawi,0,0,0,0.009350677,0.0321437,0.8679334,0.020863315,0.00712327,0.056607105,0.0059785205
4igjENk7.png,sunda,1,sunda,sunda,1,1,0,0.0041137533,0.0013986594,0.016049854,0.006962997,0.005323463,0.00012917777,0.9660221
0ETfHMwe.png,jawa,2,jawa,jawa,1,1,0,0.010188204,0.9420817,0.01277271,0.008890946,0.0063143973,0.0109892795,0.008762781
Cd4AarO5.png,bali,4,bali,bali,1,1,0,0.98171866,0.008222633,0.00051385484,0.0025935494,0.0038524477,0.000105962295,0.0029929176
K7DtvknL.png,pegon,4,pegon,pegon,1,1,0,0.00669905,0.0015930635,0.02756677,0.0062592765,0.008656995,0.94428176,0.0049431394
0kVLADpM.png,jawi,4,jawi,jawi,1,1,0,0.0033635744,0.014102339,0.9648056,0.0031598944,0.005404952,0.005112519,0.004051021
nWY5zpR4.png,lontara,3,lontara,lontara,1,1,0,0.0054058605,0.004492327,0.009903599,0.005386341,0.9699886,0.00016792292,0.004655348
Axhqeagr.png,jawa,5,jawa,jawa,1,1,0,0.003303086,0.9539272,0.010131664,0.008269517,0.005962848,0.012486522,0.0059190746
e6bTGEhB.png,jawa,5,jawi,jawa,0,1,1,3.5009034e-08,0.78837895,0.070521414,0.055331297,0.042252198,0.04348943,2.6639555e-05
oIpAiFAH.png,lampung,1,lampung,lampung,1,1,0,0.0051020463,0.00047793955,0.014911888,0.9675134,0.0058446033,0.0006612893,0.0054888744
hXecLNMW.png,lontara,5,lontara,lontara,1,1,0,0.00547063,0.0050324597,0.01331066,0.009226389,0.958795,0.00029292432,0.007871924
YLbxheGn.png,sunda,5,sunda,sunda,1,1,0,0.008355428,0.013901552,0.017849946,0.009656101,0.0091527905,0.0005851025,0.9404991
uvthEv84.png,jawi,1,jawi,jawi,1,1,0,0.001745253,0.04187973,0.92025024,0.00372514,0.0052350075,0.022133818,0.0050307238
D5zOPOj0.png,lampung,1,lampung,lampung,1,1,0,0.008022788,0.0008353829,0.019143647,0.95499843,0.0067365477,0.0010483167,0.0092148315
ye30tNQg.png,pegon,1,pegon,pegon,1,1,0,0.0019600864,0.013651346,0.02135111,0.0033871438,0.0049854573,0.951442,0.0032229384
qPce2RGC.png,sunda,4,sunda,sunda,1,1,0,0.007241734,0.010221603,0.014492403,0.008277866,0.007323555,0.0019196448,0.95052326
rrJCzJsb.png,bali,1,bali,bali,1,1,0,0.9679501,0.003784945,0.005249746,0.009136769,0.0081291,5.1921033e-05,0.005697376
SK6xvWLW.png,pegon,4,pegon,pegon,1,1,0,0.005270172,0.002150906,0.0059504528,0.0070905983,0.006272556,0.964257,0.009008389
DgHEX1hQ.png,pegon,5,pegon,pegon,1,1,0,0.007670295,0.019401575,0.015362904,0.009952764,0.009392551,0.9284516,0.009768198
w0v3rBXo.png,lontara,3,lontara,lontara,1,1,0,0.0043573254,0.014091604,0.0009500904,0.005826768,0.96982306,0.00021189035,0.004739187
YEwagQyt.png,jawa,1,jawa,jawa,1,1,0,0.006517476,0.9514642,0.015170157,0.0053168684,0.006451517,0.008576429,0.00650341
4DIcWLzw.png,lontara,3,lontara,lontara,1,1,0,0.0045740823,0.013992833,0.0035547167,0.0068885717,0.9655258,0.0005111843,0.004952778
ID4kcQrj.png,jawa,4,jawa,jawa,1,1,0,0.003925548,0.96867853,0.0039976174,0.0040003397,0.0041923556,0.009515156,0.005690386
OkYLvrnh.png,pegon,5,pegon,pegon,1,1,0,0.0067198314,0.021810818,0.013542645,0.0046171867,0.004950916,0.9420243,0.006334335
XBk2ktLp.png,jawi,5,jawi,jawi,1,1,0,0.002375423,0.014609008,0.95183927,0.0040373197,0.0036976382,0.020946885,0.0024945312
BBpCXJwI.png,pegon,3,pegon,pegon,1,1,0,0.013614949,0.010982598,0.026089849,0.014121365,0.01376205,0.90987223,0.011556912
34Ghu6ka.png,lontara,4,lontara,lontara,1,1,0,0.009168459,0.01157182,0.0022439843,0.007959886,0.9621915,0.00035183562,0.0065124505
Mso5c7wt.png,lampung,2,lampung,lampung,1,1,0,0.0036168932,0.0038163946,0.00360184,0.97573084,0.004673119,0.0058470774,0.0027138384
uQxJBuls.png,jawa,4,jawa,jawa,1,1,0,0.0041091074,0.96483344,0.0048690215,0.004583492,0.0041452553,0.014185623,0.0032740359
kNRJJJui.png,bali,2,bali,bali,1,1,0,0.944307,0.02280714,0.0008621578,0.007988285,0.008960544,0.00022667125,0.014848102
ajCjSP0w.png,pegon,3,pegon,pegon,1,1,0,0.013301772,0.019559046,0.027155045,0.016160773,0.011858894,0.8966209,0.0153435785
QeGjTguT.png,sunda,4,sunda,sunda,1,1,0,0.0029330377,0.004017344,0.0071016224,0.0034046406,0.0036899513,0.0014031801,0.9774504
zZWTYVDs.png,sunda,2,sunda,sunda,1,1,0,0.0089306785,0.00033835706,0.021809857,0.008487947,0.008679518,0.00043530847,0.9513183
mB6qQ2oy.png,jawi,3,jawi,jawi,1,1,0,0.010004974,0.0143118,0.9462347,0.0045358194,0.010482523,0.013353098,0.0010769564
b3c0UYlW.png,jawi,2,jawi,jawi,1,1,0,0.021219648,0.017209832,0.88788325,0.016807793,0.011574622,0.016909957,0.028394938
MfQC2Kr3.png,jawi,4,jawi,jawi,1,1,0,0.00324564,0.0033855585,0.9742112,0.0029316116,0.003936573,0.0089721745,0.0033172343
Ho5VxbCR.png,pegon,1,pegon,pegon,1,1,0,0.0033639579,0.014817435,0.022815613,0.0033587632,0.0041311444,0.94767123,0.0038418176
4xS0BQgR.png,jawa,5,jawa,jawa,1,1,0,0.0051622856,0.923456,0.018942432,0.013259535,0.0084960945,0.02348233,0.007201213
bcP1tt6r.png,bali,1,bali,bali,1,1,0,0.93583494,0.014631336,0.0054646614,0.008663807,0.016876737,0.0002456743,0.01828293
iTjRussr.png,jawa,3,jawa,jawa,1,1,0,0.004226888,0.9498802,0.012276698,0.005040759,0.0054383925,0.018268237,0.0048688757
SyjbN73A.png,pegon,2,pegon,pegon,1,1,0,0.0042617866,0.015841074,0.016879212,0.003025224,0.0038048122,0.9517566,0.0044313963
kC9uGruF.png,pegon,3,pegon,pegon,1,1,0,0.017157473,0.017722102,0.024821907,0.015371077,0.011517126,0.8983806,0.015029833
WIFW8F8N.png,lampung,2,lampung,lampung,1,1,0,0.0055966713,0.00027794964,0.006636178,0.9660208,0.007282647,0.010491275,0.003694372
t8RZQZo9.png,bali,1,bali,bali,1,1,0,0.9741476,0.0065334933,0.003939613,0.002920814,0.006186923,0.00012202529,0.0061495164
ZidgBp7D.png,lampung,1,lampung,lampung,1,1,0,0.0030973223,0.00057135226,0.0050355373,0.98505867,0.0022594184,0.0006076077,0.0033699863
xeVyBGKz.png,bali,4,bali,bali,1,1,0,0.96943015,0.007621728,0.0070420657,0.005459377,0.0053718546,0.00044908642,0.0046257637
AKyG3j6t.png,jawa,5,jawa,jawa,1,1,0,0.2916132,0.64907414,0.0075271437,0.009468446,0.013835219,0.00963677,0.018845135
YXSk9d0A.png,jawi,1,jawi,jawi,1,1,0,0.0058284714,0.02108246,0.9330702,0.004237169,0.008810404,0.021858158,0.005113134
sJp74Uxz.png,bali,1,bali,bali,1,1,0,0.9760643,0.012477013,0.0017687529,0.0031690327,0.003955726,0.000119253644,0.0024458477
mPQYAKjp.png,jawa,4,jawa,jawa,1,1,0,0.004081253,0.94933665,0.016705273,0.0054936097,0.00478669,0.015374595,0.004221992
LuyjB9OG.png,jawa,5,jawa,jawa,1,1,0,0.009055893,0.9251608,0.008051247,0.008522376,0.01179582,0.02366393,0.013749784
RAtABcAT.png,pegon,2,pegon,pegon,1,1,0,0.006786054,0.018851219,0.015310973,0.00487673,0.0041719186,0.9435633,0.0064398837
Pol4mIJm.png,jawi,2,jawi,jawi,1,1,0,0.010625032,0.018210793,0.9123986,0.013636866,0.010095285,0.019844996,0.015188451
HTMqSPls.png,jawi,2,jawi,jawi,1,1,0,0.0077735987,0.02540876,0.9223188,0.004209423,0.0038624008,0.030085381,0.006341656
qLsMsCEl.png,lontara,3,lontara,lontara,1,1,0,0.004500352,0.010398009,0.0023508994,0.0062962864,0.97190225,0.000402781,0.004149474
gsORvclG.png,sunda,3,sunda,sunda,1,1,0,0.004519166,4.4767596e-05,0.017607741,0.0058925953,0.0041829133,0.00012145349,0.96763146
0T6WJ7cV.png,pegon,3,pegon,pegon,1,1,0,0.0118754525,0.019858954,0.020549463,0.013311968,0.011548704,0.9148254,0.008029989
CgjxyJdH.png,sunda,2,sunda,sunda,1,1,0,0.0075869784,0.0011024695,0.018975215,0.007619012,0.005707909,9.6320946e-05,0.9589121
X9M6unC2.png,jawi,3,jawi,jawi,1,1,0,0.003161019,0.009961831,0.9601795,0.0057180854,0.009512663,0.0080989115,0.003367942
IpgN4Fqw.png,sunda,2,sunda,sunda,1,1,0,0.0065429625,0.00047891942,0.013681876,0.005077815,0.005418976,3.444805e-05,0.968765
CW81QpRG.png,lampung,5,lampung,lampung,1,1,0,0.00644486,0.00044254263,0.0006636867,0.9558564,0.0064438237,0.022064306,0.008084374
MEnFNL0f.png,lontara,3,lontara,lontara,1,1,0,0.004107528,0.011579976,0.00125038,0.005540619,0.97369426,0.00016485719,0.003662351
jEB6CHLY.png,bali,1,bali,bali,1,1,0,0.9789128,0.0116746295,0.00032620842,0.003725671,0.0033807324,8.741283e-05,0.0018924867
TZxJlDL1.png,bali,3,bali,bali,1,1,0,0.9575197,0.01184447,0.008733565,0.009942055,0.0054037673,0.00044643597,0.0061099534
aQ1Y7rhp.png,bali,4,bali,bali,1,1,0,0.96518475,0.011648761,0.0054863887,0.0077624996,0.005179386,0.0002718207,0.0044663707
BHEgkL1B.png,pegon,2,pegon,pegon,1,1,0,0.007513483,0.023394242,0.011907839,0.0063372888,0.0062251724,0.9358496,0.008772431
FtBk0vvy.png,lontara,2,lontara,lontara,1,1,0,0.007369751,0.022896789,0.0033640647,0.007305565,0.9514792,0.00048034,0.0071041556
ZAq2aRdq.png,jawi,5,jawi,jawi,1,1,0,0.0013898131,0.010065035,0.96540153,0.005980731,0.004019163,0.010620419,0.0025232546
xwDtp9uR.png,pegon,3,pegon,pegon,1,1,0,0.0061112014,0.01845908,0.0029623017,0.0029769589,0.0022511333,0.96403044,0.0032089432
qCgD1XIt.png,pegon,2,pegon,pegon,1,1,0,0.009520464,0.02089212,0.022304796,0.0063354163,0.004729182,0.92917204,0.0070460606
kNAeelBi.png,lampung,4,lampung,lampung,1,1,0,0.0068109585,0.0024560816,0.0061565256,0.9678164,0.0061635654,0.0052052406,0.0053911605
Py4YxOFa.png,lontara,3,lontara,lontara,1,1,0,0.006087631,0.00823834,0.006866606,0.0052351947,0.9683984,0.00017198609,0.00500175
qaGjkqFC.png,jawi,5,jawi,jawi,1,1,0,0.0041253455,0.0144853,0.93826526,0.0056543383,0.013209758,0.0137546435,0.0105052255
biQSIzZf.png,bali,2,bali,bali,1,1,0,0.9679881,0.005455972,0.007861247,0.006747503,0.004285016,0.0001584444,0.0075037377
oo9uroIk.png,lontara,4,lontara,lontara,1,1,0,0.0061965673,0.015506686,0.0020024998,0.0053436835,0.96306366,0.0011510624,0.0067358725
QJpKruCo.png,lampung,4,lampung,lampung,1,1,0,0.004288108,0.008410242,0.005395207,0.96625817,0.0046865344,0.00396303,0.0069987224
iOZbfNcT.png,bali,5,bali,bali,1,1,0,0.9454143,0.0015668112,0.023697061,0.00954642,0.009489257,0.00019222243,0.0100938855
sMZ3LgWZ.png,lampung,3,lampung,lampung,1,1,0,0.0060719075,0.013275596,0.002686586,0.96324146,0.006623172,0.0005500939,0.007551215
qRSNxJfq.png,sunda,1,sunda,sunda,1,1,0,0.005991078,0.0006433243,0.015389698,0.0036841333,0.0066416203,0.00036691327,0.96728325
Ufoqua7X.png,lampung,2,lampung,lampung,1,1,0,0.0053898594,0.011889913,0.0038039577,0.9678631,0.006732947,0.00010058315,0.0042196196
Eqwx3IHd.png,lampung,5,lampung,lampung,1,1,0,0.009134008,0.010371401,0.0033474297,0.9604496,0.007103373,0.0029075874,0.0066867135
sh6HcrYm.png,jawi,5,jawi,jawi,1,1,0,0.006750766,0.009044356,0.94350505,0.009627799,0.009139206,0.01042016,0.011512642
3scxWpVY.png,lontara,5,lontara,lontara,1,1,0,0.007744775,0.015469258,0.0058371653,0.0081004985,0.9540538,0.0008693133,0.007925134
wVNoWzzC.png,jawa,2,jawa,jawa,1,1,0,0.008722425,0.95652604,0.009097818,0.006966822,0.0076636905,0.00633272,0.004690606
xqoS2z2l.png,bali,2,bali,bali,1,1,0,0.9753083,0.0029401544,0.0063937283,0.006273542,0.003035685,0.000104869985,0.005943753
QYOcZ4pZ.png,lontara,2,lontara,lontara,1,1,0,0.008124445,0.015052662,0.006600147,0.0065044696,0.95685226,0.00046943824,0.006396678
ojEKDjFZ.png,pegon,3,pegon,pegon,1,1,0,0.0088922605,0.017588137,0.033835877,0.010602602,0.0103802355,0.9029808,0.015720176
6s9qPemT.png,lampung,2,lampung,lampung,1,1,0,0.0035263353,0.007915452,0.002571026,0.9735016,0.0076341205,0.0016729984,0.0031784952
cEViaCWK.png,lontara,2,lontara,lontara,1,1,0,0.008764224,0.0011676953,0.02337376,0.0075839967,0.9524955,0.0003924681,0.006222297
pJKpoc9p.png,sunda,1,sunda,sunda,1,1,0,0.0049738404,0.00041940864,0.014080099,0.0040734294,0.0059036,0.004035986,0.9665137
FXMnHRjk.png,lampung,5,lampung,lampung,1,1,0,0.011088233,9.0005255e-05,0.0007692191,0.9471542,0.00840856,0.021766977,0.010722719
RpDaRKgl.png,lontara,2,lontara,lontara,1,1,0,0.0070910077,0.0037505797,0.021062545,0.0061291056,0.95363724,0.0002844519,0.008045063
bInPjyOs.png,jawi,3,jawi,jawi,1,1,0,0.004910843,0.011884313,0.9303593,0.0051574907,0.008455699,0.03265381,0.006578444
2sDpVpnd.png,pegon,1,pegon,pegon,1,1,0,0.0024286122,0.014121203,0.016851425,0.0048671756,0.003481847,0.9548407,0.0034090034
FjF43BaC.png,jawa,4,jawa,jawa,1,1,0,0.005190409,0.9441998,0.009247574,0.0041550323,0.005991492,0.025620792,0.0055948747
RK50IyNT.png,jawi,2,jawi,jawi,1,1,0,0.011636975,0.015758725,0.9158881,0.014661692,0.008879058,0.019083047,0.014092482
enk34B1E.png,pegon,2,pegon,pegon,1,1,0,0.0076813204,0.014708528,0.007331194,0.008842554,0.005238893,0.9499375,0.006260054
4FF2JARU.png,jawa,5,jawa,jawa,1,1,0,0.0077540497,0.9280899,0.012148323,0.009612123,0.00981613,0.021072574,0.011506855
02qV7tl8.png,sunda,2,sunda,sunda,1,1,0,0.0066651953,0.00121571,0.013561352,0.0052522705,0.0054229302,8.352412e-05,0.967799
mktAKEwW.png,lampung,5,lampung,lampung,1,1,0,0.0074686427,2.9352916e-05,0.00035325307,0.96226937,0.005958785,0.016122732,0.007797998
MSrLzdrf.png,lampung,5,lampung,lampung,1,1,0,0.009564833,0.018033551,0.00044794776,0.94936657,0.010419222,0.0040415507,0.008126281
ndN6TouG.png,lontara,4,lontara,lontara,1,1,0,0.00576562,0.0156966,0.00070326286,0.0048740115,0.966229,0.00019528902,0.006536177
gASYrxoX.png,lampung,2,lampung,lampung,1,1,0,0.005870314,0.001250624,0.0071828016,0.96606445,0.005341824,0.008328128,0.005961896
jkZZMYYt.png,jawi,3,jawi,jawi,1,1,0,0.013790107,0.020933947,0.91035354,0.014257666,0.010243853,0.017853372,0.012567525
qGcnVLcm.png,lontara,2,lontara,lontara,1,1,0,0.0067280256,0.013007057,0.008019286,0.0071338234,0.95751786,0.001018294,0.0065756217
yitDFeVv.png,sunda,1,sunda,sunda,1,1,0,0.005144042,0.00042158188,0.012730155,0.0047493223,0.0075467075,0.00029102483,0.9691172
titiXf54.png,lampung,5,lampung,lampung,1,1,0,0.0052369414,0.0007699482,0.004049535,0.9656262,0.005744639,0.0120793525,0.0064933235
AvlaBzV7.png,jawi,4,jawi,jawi,1,1,0,0.00066313863,0.015305292,0.97505647,0.0019950236,0.001173488,0.004208822,0.0015976109
JOtIrNkY.png,lampung,2,lampung,lampung,1,1,0,0.0056323796,0.014134432,0.0017626646,0.96883607,0.005414386,0.0010309181,0.0031891954
j64aPx62.png,pegon,1,pegon,pegon,1,1,0,0.003329582,0.013702437,0.010661053,0.004266181,0.005056103,0.9578048,0.0051798965
fqNBDqhL.png,lampung,5,lampung,lampung,1,1,0,0.0076465765,0.0012706193,0.022140635,0.95514417,0.007333229,0.0002562582,0.006208449
UpYYiOZ6.png,sunda,5,sunda,sunda,1,1,0,0.0068764854,0.003298126,0.016192382,0.0067844493,0.0075493315,0.0010514456,0.95824784
qlUG4Jrg.png,lontara,5,lontara,lontara,1,1,0,0.009661187,0.0032227973,0.017887766,0.009007733,0.94889814,0.00033181167,0.010990669
Y9uCrh5w.png,pegon,2,pegon,pegon,1,1,0,0.005896203,0.031063214,0.022254145,0.003989468,0.0055621103,0.9270619,0.0041729272
VOLBjEeo.png,jawi,2,jawi,jawi,1,1,0,0.007851685,0.020691058,0.91933155,0.009111154,0.0050918865,0.028712664,0.009209933
h21onedu.png,jawa,2,jawa,jawa,1,1,0,0.0042211786,0.9336447,0.02413885,0.005174269,0.004737233,0.021469539,0.006614271
IE61mkGW.png,sunda,5,sunda,sunda,1,1,0,0.0051572956,0.0021094081,0.015009565,0.0062560886,0.005544697,0.00025599397,0.9656669
Osuo0pom.png,sunda,4,sunda,sunda,1,1,0,0.0040958766,0.0031298278,0.008443607,0.004552832,0.005427529,0.0025290488,0.9718212
4Hl13bZr.png,lampung,2,lampung,lampung,1,1,0,0.0025587482,0.00031683172,0.000796126,0.9783,0.0030478977,0.010963381,0.0040171007
aCgUxoVU.png,pegon,1,pegon,pegon,1,1,0,0.0025394752,0.017036103,0.020112677,0.0029453821,0.0030657444,0.9503393,0.0039613475
WLtVLNFr.png,pegon,4,pegon,pegon,1,1,0,0.007952838,0.004552145,0.0062953876,0.009352506,0.007939769,0.95274615,0.011161081
EeINILuQ.png,pegon,2,pegon,pegon,1,1,0,0.0063301898,0.009663602,0.016026216,0.006809091,0.005528387,0.94980544,0.0058370777
RluBIiB9.png,sunda,1,sunda,sunda,1,1,0,0.0073916423,0.00015434418,0.0258555,0.0063253404,0.008269196,0.00030875384,0.9516952
nT4atQga.png,jawa,3,jawa,jawa,1,1,0,0.005364429,0.93557566,0.019474223,0.0060291705,0.006461515,0.022590492,0.004504554
ySybxgAu.png,bali,1,bali,bali,1,1,0,0.96958745,0.0006060676,0.010808574,0.0043701665,0.008015037,9.134628e-05,0.0065213544
tNpc1gKh.png,jawi,5,jawi,jawi,1,1,0,0.005060509,0.018846335,0.9223672,0.00571904,0.017824298,0.026319308,0.0038632213
H0utL44l.png,lampung,5,lampung,lampung,1,1,0,0.008914137,0.0007415457,0.0005081655,0.94643915,0.008127045,0.025760263,0.009509615
jUXXw4cF.png,jawi,5,jawi,jawi,1,1,0,0.0073536094,0.007513566,0.947308,0.0076576173,0.010477128,0.009944142,0.009745894
KLwhf7Do.png,jawi,4,jawi,jawi,1,1,0,0.0052010166,0.02802449,0.89423573,0.00553398,0.007363554,0.052459,0.007182158
IyQpvk3H.png,bali,4,bali,bali,1,1,0,0.97231257,0.013016827,0.0016774803,0.0048776027,0.0035521882,0.00020372513,0.0043596574
77qjeksi.png,lampung,4,lampung,lampung,1,1,0,0.007552092,0.0036084605,0.014059056,0.9605167,0.006257143,0.0015393383,0.006467336
UlIFRgag.png,jawa,4,jawa,jawa,1,1,0,0.011430538,0.93228626,0.01469121,0.008260107,0.007632228,0.017772976,0.007926583
7OtAaulf.png,jawa,5,jawa,jawa,1,1,0,0.011758771,0.9355817,0.007937808,0.014011975,0.009954055,0.010152611,0.010603173
XjiKh5tf.png,jawa,4,jawa,jawa,1,1,0,0.0052182632,0.96658987,0.0013948106,0.0060244924,0.0079130065,0.008216925,0.004642603
MWX7EosX.png,pegon,5,pegon,pegon,1,1,0,0.007251904,0.027009543,0.024544481,0.008347086,0.006666345,0.91922784,0.0069528637
fn4GBxFC.png,jawa,4,jawa,jawa,1,1,0,0.004103675,0.9567811,0.0076556937,0.0048140786,0.003536454,0.019549498,0.0035595065
K1ZQIPH5.png,jawa,3,jawa,jawa,1,1,0,0.0,0.9507287,0.009293349,0.024307696,0.0,0.01567019,0.0
K6iwEcDq.png,lampung,5,lampung,lampung,1,1,0,0.009165755,0.00033506015,0.00043360007,0.95409083,0.008106961,0.019473504,0.008394269
K69kKyy7.png,sunda,4,sunda,sunda,1,1,0,0.008073516,0.0003693985,0.02076809,0.008179528,0.008052912,0.000119692144,0.9544369
36447OZJ.png,jawi,4,jawi,jawi,1,1,0,0.004775273,0.015361294,0.95875937,0.003807385,0.0041837622,0.009092382,0.004020541
SajIieuj.png,lampung,4,lampung,lampung,1,1,0,0.004773834,0.0040810336,0.024530796,0.95102096,0.008657617,0.0009890524,0.0059467754
EbuUh5Gl.png,pegon,5,pegon,pegon,1,1,0,0.008880057,0.017878743,0.020719461,0.009573072,0.009552798,0.9250997,0.008296257
bbYDUDN4.png,lontara,3,lontara,lontara,1,1,0,0.0049636797,0.008894502,0.0033578884,0.005778276,0.973067,0.00023935654,0.0036992833
GyLie6rx.png,jawi,3,jawi,jawi,1,1,0,0.0063060005,0.015244069,0.9348642,0.0059382897,0.0070657274,0.02467118,0.0059103956
lYyzB0N4.png,lontara,3,lontara,lontara,1,1,0,0.0042189714,0.0016895988,0.012121128,0.0033042908,0.9753745,0.00010384918,0.0031876927
EbbRaaI8.png,jawi,4,jawi,jawi,1,1,0,0.001621622,0.010958336,0.9664143,0.0048560146,0.0036985003,0.009263961,0.003187273
c0HK8Elo.png,lontara,1,lontara,lontara,1,1,0,0.010537271,0.029792145,0.0015058861,0.009583028,0.9383401,0.00056850817,0.009673113
AEAmXsnU.png,lampung,3,lampung,lampung,1,1,0,0.008498017,0.018184086,0.004584207,0.9464243,0.009538358,0.00061859004,0.012152363
EQxiCrz7.png,jawi,3,jawi,jawi,1,1,0,0.0067139715,0.010579127,0.9513731,0.006126094,0.008958176,0.010672517,0.0055770106
GZ0OGFej.png,jawa,1,jawa,jawa,1,1,0,0.002941771,0.95222205,0.0108079575,0.016541483,0.0059762825,0.0077770813,0.0037333497
id1IvanI.png,pegon,2,pegon,pegon,1,1,0,0.008479608,0.01841053,0.014033374,0.0071123885,0.006177683,0.9387633,0.0070231105
rsN8Faxv.png,bali,3,bali,bali,1,1,0,0.971057,0.010395025,0.0013552336,0.0052801315,0.0054710866,5.7277663e-05,0.006384306
EoOITFsC.png,jawi,5,jawi,jawi,1,1,0,0.0061724647,0.017616082,0.93312466,0.008200983,0.009444249,0.017258495,0.008183115
3g0vAgB8.png,bali,1,bali,bali,1,1,0,0.82484984,0.11464654,0.0030701812,0.018970374,0.020987064,0.00085506,0.016620906
niTqA3KA.png,jawi,5,jawi,jawi,1,1,0,0.008301485,0.02466147,0.9092899,0.010816317,0.014044353,0.020128105,0.012758361
Wjy5LN2E.png,jawi,3,jawi,jawi,1,1,0,0.0049193194,0.015381471,0.95068914,0.0075591635,0.0057192813,0.009494777,0.006236854
QNb5pPkK.png,sunda,5,sunda,sunda,1,1,0,0.0068312646,0.009933064,0.0179689,0.00862837,0.007487945,0.0005747958,0.9485756
jmxX8HMw.png,jawi,2,jawi,jawi,1,1,0,0.010831073,0.018662713,0.9107086,0.01589271,0.010803194,0.019692516,0.013409181
EQP7zrcJ.png,lontara,5,lontara,lontara,1,1,0,0.0070449864,0.01338713,0.0006597066,0.007919599,0.9629148,0.00026151777,0.0078121573
rkj86slB.png,pegon,3,pegon,pegon,1,1,0,0.0056260233,0.06590132,0.050233092,0.013385567,0.0042577763,0.85712874,0.0034674995
oX8t4Zyy.png,lampung,1,lampung,lampung,1,1,0,0.00534037,0.00085614517,0.0009960596,0.96324193,0.0064303116,0.016154274,0.006980922
DwJej7bu.png,pegon,1,pegon,pegon,1,1,0,0.0036241577,0.013842686,0.012457067,0.0044431025,0.006911785,0.9535375,0.005183567
uoCPA1IS.png,jawi,1,jawi,jawi,1,1,0,0.0029468297,0.030093411,0.9198661,0.0024209013,0.0027911558,0.039364364,0.0025172217
O0uOyG4U.png,lampung,2,lampung,lampung,1,1,0,0.0046386286,0.0071045496,0.003638851,0.97404355,0.003654482,0.0033023094,0.0036176767
PS7oATYv.png,lampung,1,lampung,lampung,1,1,0,0.004390259,0.01948755,0.00065905857,0.95770895,0.010172125,0.0021037082,0.0054784245
vw155Kwq.png,jawi,1,jawi,jawi,1,1,0,0.0009821312,0.02489519,0.940593,0.0012235994,0.0060446765,0.024677342,0.0015840263
FsUBnSvQ.png,sunda,4,sunda,sunda,1,1,0,0.0051397015,0.0064026043,0.010067793,0.006905955,0.0052842777,0.0018156634,0.9643841
lC4IAj5L.png,lontara,4,lontara,lontara,1,1,0,0.0043913512,0.010177885,0.003160669,0.0063178246,0.9677784,0.00310863,0.0050652106
F2z8o4Kl.png,jawi,2,jawi,jawi,1,1,0,0.004209467,0.015818868,0.945793,0.0060275556,0.011612968,0.009538575,0.006999569
lUxTv9XY.png,pegon,5,pegon,pegon,1,1,0,0.0049463823,0.02622064,0.03106185,0.0074651893,0.0062713022,0.91801244,0.0060222014
KnFloBeJ.png,jawa,2,jawa,jawa,1,1,0,0.009458955,0.9305242,0.020358173,0.0073480164,0.01050488,0.013964652,0.007841072
uYQZ29qC.png,pegon,2,pegon,pegon,1,1,0,0.0042024353,0.013585167,0.0227731,0.00378824,0.0038039845,0.94590545,0.0059415554
mCqvPc97.png,lampung,1,lampung,lampung,1,1,0,0.007071459,0.002574241,0.015776841,0.956622,0.00722822,0.0051116063,0.0056156195
XsfSqy50.png,jawi,5,jawi,jawi,1,1,0,0.005574113,0.010324893,0.9468233,0.0028076395,0.013156741,0.018245047,0.0030684022
0QSWPyFN.png,lontara,3,lontara,lontara,1,1,0,0.0042132842,0.011127097,0.0018390947,0.0069249123,0.97093934,0.000300609,0.004655724
GitODCpS.png,pegon,1,pegon,pegon,1,1,0,0.0045100613,0.015030853,0.010190268,0.0038890804,0.003882493,0.9603825,0.002114689
DcnNqZAB.png,pegon,3,pegon,pegon,1,1,0,0.0064483783,0.01700815,0.022010183,0.0064588105,0.0047441283,0.9377265,0.0056037814
daESi0VB.png,pegon,3,pegon,pegon,1,1,0,0.017636888,0.022481399,0.039456084,0.015326289,0.015121407,0.87464756,0.01533039
gvKLbHmW.png,jawi,1,jawi,jawi,1,1,0,0.0077498793,0.021770408,0.9293243,0.007805994,0.007117907,0.022417646,0.0038137876
qtc2AB3Y.png,jawi,2,jawi,jawi,1,1,0,0.010936072,0.015947782,0.92597115,0.0068693324,0.007403408,0.017895585,0.0149766905
PI0eRyZg.png,sunda,4,sunda,sunda,1,1,0,0.004202562,0.00078155653,0.018660031,0.005503784,0.0051935785,0.0019193179,0.96373916
B1yijhN9.png,sunda,4,sunda,sunda,1,1,0,0.009963536,0.00011450474,0.028879572,0.010915599,0.010227131,5.9695052e-05,0.93984
z9U73FKq.png,lontara,3,lontara,lontara,1,1,0,0.0050117,0.010717421,0.0007759884,0.005637923,0.9735041,0.0002431049,0.0041098166
i6o1rUti.png,pegon,4,pegon,pegon,1,1,0,0.007172098,0.013864695,0.012935945,0.006519489,0.00950414,0.943927,0.0060765916
NhmyLviu.png,sunda,4,sunda,sunda,1,1,0,0.0033108715,0.001600197,0.01309271,0.004294607,0.0052955784,0.00035613816,0.9720499
n9CrPQkK.png,sunda,1,sunda,sunda,1,1,0,0.008183489,0.009041579,0.013659449,0.009406991,0.009110202,0.0003272556,0.95027095
NufCsFkJ.png,pegon,1,pegon,pegon,1,1,0,0.0019152603,0.027114348,0.022966746,0.0053941347,0.001913557,0.9391591,0.0015368944
H7EwPJvu.png,jawa,2,jawa,jawa,1,1,0,0.0041804407,0.9469017,0.018497737,0.005184651,0.005117657,0.016516618,0.0036011715
sA7aQbuA.png,sunda,4,sunda,sunda,1,1,0,0.0025410394,0.00071405864,0.013539246,0.003272201,0.0035695257,0.00010078175,0.9762632
o28cm4o0.png,pegon,2,pegon,pegon,1,1,0,0.012799767,0.010533922,0.012595148,0.0077794925,0.0075442786,0.93993586,0.008811588
oDjud9b6.png,lampung,4,lampung,lampung,1,1,0,0.007386875,0.005706111,0.011036475,0.96131104,0.0076871333,0.0005111665,0.0063610952
xlVcTL0G.png,pegon,5,pegon,pegon,1,1,0,0.009485089,0.020636877,0.020416377,0.0098961815,0.008514931,0.92321384,0.00783664
zYZ1WFgP.png,jawa,4,jawa,jawa,1,1,0,0.007890365,0.9242828,0.0151897315,0.006009985,0.0075479867,0.03453277,0.0045463177
EQTwRXHM.png,pegon,2,pegon,pegon,1,1,0,0.0065789977,0.024416197,0.018913496,0.004812148,0.0036526415,0.92837,0.013256611
NdZyUwtb.png,lampung,3,lampung,lampung,1,1,0,0.0070090024,0.013656462,0.003695382,0.9436876,0.009685609,0.015391904,0.0068741213
im2D0ANs.png,jawa,2,jawa,jawa,1,1,0,0.007976713,0.93163544,0.015325526,0.00855105,0.008826116,0.016700812,0.010984311
h7HwLEx7.png,lontara,4,lontara,lontara,1,1,0,0.008206787,0.008297997,0.015318346,0.0095110545,0.9482282,0.0013158217,0.009121887
aSRRJPmo.png,lontara,2,lontara,lontara,1,1,0,0.009109553,0.030108176,0.002316032,0.00884338,0.9387462,0.0005612297,0.010315425
ADAom9mJ.png,lontara,1,lontara,lontara,1,1,0,0.004729379,0.0061515435,0.009412099,0.0054765986,0.96779376,0.0005860377,0.0058505586
Db6ZeyKp.png,bali,5,bali,bali,1,1,0,0.9348826,0.03351822,0.0005875135,0.013611759,0.009645672,0.00021466169,0.007539566
T8BGnCHN.png,jawa,5,jawa,jawa,1,1,0,0.007355162,0.94195646,0.011226438,0.007827383,0.012559353,0.011857482,0.0072177653
DQv7n1Bf.png,pegon,1,pegon,pegon,1,1,0,0.005442837,0.0239099,0.027871732,0.008070866,0.0039299275,0.92750275,0.0032718994
qniGAf3V.png,sunda,2,sunda,sunda,1,1,0,0.0030412471,0.00018596431,0.013596217,0.004589493,0.004051906,6.382971e-05,0.97447145
ysGnFqst.png,pegon,2,pegon,pegon,1,1,0,0.0030502437,0.022773089,0.02347305,0.0064181564,0.004535835,0.93762773,0.0021218723
eTXJwT6K.png,lampung,2,lampung,lampung,1,1,0,0.0025884546,0.002658635,0.00463101,0.97616583,0.004455121,0.0064450395,0.0030558787
UeVNY2Bf.png,bali,4,bali,bali,1,1,0,0.79614395,0.1860721,0.002540063,0.004095715,0.005445569,0.0014686408,0.00423401
PFR2LDKO.png,sunda,4,sunda,sunda,1,1,0,0.0055769463,0.0073129535,0.011123732,0.0077960715,0.008167946,0.0013396142,0.9586827
6mLt9FDu.png,jawi,3,jawi,jawi,1,1,0,0.0044295606,0.008646302,0.9592158,0.0059030484,0.007837844,0.00970233,0.0042650574
khr6z7Du.png,sunda,3,sunda,sunda,1,1,0,0.0035288963,9.146858e-05,0.01207398,0.0055035325,0.0037073852,0.00018351284,0.9749112
FWFjTsEd.png,jawa,2,jawa,jawa,1,1,0,0.010594946,0.95255375,0.008089702,0.0074983826,0.0053162593,0.0056365025,0.010310512
ECmWewHc.png,jawi,4,jawi,jawi,1,1,0,0.00477615,0.020377142,0.9488343,0.0042140675,0.004013785,0.014337111,0.0034474176
p1yXHAO9.png,lampung,3,lampung,lampung,1,1,0,0.0052176304,0.0074333968,0.009451915,0.9573533,0.008727863,0.00018036601,0.011635553
IneJtpWX.png,lampung,4,lampung,lampung,1,1,0,0.005813016,0.0064425375,0.00814413,0.9686592,0.006749683,0.0005168375,0.0036746417
Vp5mBHzS.png,jawi,3,jawi,jawi,1,1,0,0.003341783,0.01099685,0.95384336,0.0036423653,0.006183962,0.018633345,0.0033583806
Cit3e0ZH.png,lontara,3,lontara,lontara,1,1,0,0.0045442963,0.011621502,0.0017197554,0.0043413183,0.97349066,0.00015756392,0.0041249366
fh3uPnH6.png,sunda,5,sunda,sunda,1,1,0,0.005735826,0.0014978148,0.0151643725,0.0070773675,0.0082486,0.00029594704,0.9619801
vf2HEIyC.png,lontara,3,lontara,lontara,1,1,0,0.0061279912,0.010911901,0.002114981,0.006219835,0.97034484,0.00021068068,0.0040697805
LSqbBLvA.png,lampung,1,lampung,lampung,1,1,0,0.005679704,0.00093197625,0.00023970215,0.96479255,0.006685791,0.013782499,0.007887808
QbWY9V0R.png,jawi,3,jawi,jawi,1,1,0,0.0060868263,0.0107443845,0.94662106,0.0070183123,0.01260907,0.010712953,0.006207248
ozibWJ0M.png,pegon,1,pegon,pegon,1,1,0,0.0051337336,0.020061346,0.013694015,0.0034550028,0.0042324713,0.94606423,0.007359125
Qg45ZQPS.png,lontara,5,lontara,lontara,1,1,0,0.004303486,0.00052411313,0.015818479,0.005324514,0.9683358,0.0003952352,0.005298313
3NWiGhoX.png,jawi,2,jawi,jawi,1,1,0,0.004066965,0.018119756,0.9302743,0.005829265,0.0045266133,0.023806345,0.013376722
FE6LbYOo.png,jawa,3,pegon,jawa,0,1,1,0.002420278,0.93631077,0.01391494,0.0027549388,0.0019522432,0.018219534,0.0244273
u078a3W0.png,jawi,1,jawi,jawi,1,1,0,0.007859497,0.016447177,0.9429204,0.0031922804,0.0042022923,0.018728316,0.006649938
VotL8Yq5.png,sunda,5,sunda,sunda,1,1,0,0.005460349,0.0012226334,0.0117568355,0.0068722605,0.0069247275,0.000160963,0.9676023
kftFuQq9.png,lampung,3,lampung,lampung,1,1,0,0.0083073,0.021161197,0.0034641828,0.94602746,0.009712329,0.00021031288,0.011117227
6mTmsrHU.png,jawi,3,jawi,jawi,1,1,0,0.0061197695,0.012977407,0.9432607,0.0071617463,0.006663384,0.01618222,0.007634811
vaqKJeRz.png,jawi,5,jawi,jawi,1,1,0,0.0049976707,0.021943385,0.9321457,0.0039052402,0.004882179,0.02011673,0.012009152
k6NcQ6Kj.png,lontara,3,lontara,lontara,1,1,0,0.007514523,0.011799134,0.0032378344,0.005040823,0.94069105,0.02350767,0.00820886
C9yQl4fH.png,jawa,1,jawa,jawa,1,1,0,0.007290815,0.93918335,0.019397182,0.005515862,0.0075348257,0.01623864,0.004839348
gpFB2Qug.png,bali,2,bali,bali,1,1,0,0.96262014,0.009531325,0.0051417635,0.0073848395,0.005566427,0.00029957897,0.009455781
3necbyp7.png,pegon,3,pegon,pegon,1,1,0,0.008348093,0.015330878,0.013190256,0.008390271,0.011373162,0.93378294,0.009584445
GHXmn67S.png,lontara,2,lontara,lontara,1,1,0,0.007904481,0.019421028,0.0012330866,0.007846522,0.9560516,0.0006267313,0.006916519
xDHco9Oq.png,lampung,5,lampung,lampung,1,1,0,0.009409812,0.01650935,0.0014077782,0.9448083,0.008953915,0.008901779,0.0100090625
q7k5dP8R.png,lampung,2,lampung,lampung,1,1,0,0.0035307093,0.005861973,0.0040640654,0.9758657,0.005632265,0.0023987112,0.002646526
t9UPPpWZ.png,pegon,5,pegon,pegon,1,1,0,0.007800245,0.02001254,0.01774745,0.010620398,0.007932183,0.928224,0.0076630716
niRPi8kB.png,sunda,3,sunda,sunda,1,1,0,0.006157803,0.007332111,0.01023445,0.006367108,0.008102586,0.00034764805,0.96145827
j1jL21k2.png,pegon,3,pegon,pegon,1,1,0,0.0073410356,0.012818208,0.017114552,0.005978032,0.006499494,0.93808013,0.012168464
BIgOWiYK.png,pegon,4,pegon,pegon,1,1,0,0.0023914624,0.006482605,0.004230688,0.003047687,0.0020067391,0.9801221,0.0017188342
HVqjDdC1.png,lontara,1,lontara,lontara,1,1,0,0.007188909,0.010314604,0.017164413,0.010592661,0.9445819,0.00049169525,0.00966579
8ePMBLJc.png,jawi,5,jawi,jawi,1,1,0,0.002636845,0.011879771,0.95858866,0.0078307735,0.004580059,0.012137762,0.0023462095
iZMgMYvK.png,lontara,4,lontara,lontara,1,1,0,0.0051028486,0.01690511,0.0012959662,0.007179122,0.96218014,0.00030542348,0.007031448
i2Id6uBU.png,pegon,2,pegon,pegon,1,1,0,0.004266809,0.018172828,0.016053135,0.001866039,0.0013304756,0.9412353,0.017075451
DYPJP7vB.png,lampung,2,lampung,lampung,1,1,0,0.0052400893,0.008149955,0.003971971,0.9738868,0.0051612677,7.2820265e-05,0.003517161
HpKembd2.png,lontara,1,lontara,lontara,1,1,0,0.0054735444,0.006496992,0.017083893,0.010404574,0.951159,0.0002908039,0.009091186
8Lt99Kmk.png,lontara,2,lontara,lontara,1,1,0,0.0082507245,0.0020922825,0.019405384,0.009231949,0.95302725,0.00015588009,0.007836488
RA7amfiN.png,pegon,3,pegon,pegon,1,1,0,0.00578153,0.0231184,0.019735629,0.0073121325,0.006391266,0.930704,0.006957103
ZP5jwO68.png,lontara,5,lontara,lontara,1,1,0,0.001984393,0.0076134154,0.0025137046,0.0026996522,0.9793185,0.00033190695,0.0055384627
6T9fE2w5.png,jawi,4,jawi,jawi,1,1,0,0.0032467844,0.009799687,0.97168344,0.0021777195,0.0058599985,0.003215853,0.0040164404
9cIOMiyV.png,pegon,1,pegon,pegon,1,1,0,0.002447939,0.016938051,0.016724376,0.0074372673,0.004328456,0.94856787,0.0035561025
iMqqhdLX.png,lampung,5,lampung,lampung,1,1,0,0.07742876,0.0999509,0.024577886,0.75524247,0.009614383,0.02666602,0.006519562
hL7dWS2v.png,sunda,2,sunda,sunda,1,1,0,0.0037304233,0.00028765565,0.008576522,0.0041744527,0.0031228345,3.1727195e-05,0.9800764
CytqtqNa.png,lampung,2,lampung,lampung,1,1,0,0.0028562192,0.001313126,0.005307596,0.9772081,0.006266836,0.0045609353,0.002487228
MKvVlAPI.png,jawa,3,jawa,jawa,1,1,0,0.0071008047,0.93876463,0.013978682,0.00780857,0.006598535,0.020964006,0.0047847154
KaJX1CaJ.png,bali,5,bali,bali,1,1,0,0.9557637,0.005094928,0.016599922,0.00554649,0.009305326,0.0001486111,0.007540924
THKOEWlU.png,sunda,2,sunda,sunda,1,1,0,0.008602232,0.003793842,0.010431747,0.0065912493,0.0044489834,0.00031779235,0.96581405
76bpCV3M.png,sunda,4,sunda,sunda,1,1,0,0.0025989416,0.0005115689,0.008365872,0.003004495,0.0038735527,0.00022207378,0.98142356
ygHC2ZR7.png,bali,5,bali,bali,1,1,0,0.95935744,0.015731223,0.0066027315,0.005947556,0.005913158,0.00048205163,0.0059658703
2reUMd07.png,jawi,4,jawi,jawi,1,1,0,0.0041949614,0.033307873,0.9356513,0.0028374244,0.007452678,0.014918037,0.0016376468
RRPXgg0Q.png,jawa,4,jawa,jawa,1,1,0,0.0050966344,0.9428768,0.008078207,0.0048684166,0.005027104,0.029090744,0.00496208
vmpyHuCK.png,lampung,2,lampung,lampung,1,1,0,0.005330508,0.00046088328,0.0006556872,0.9649832,0.004822761,0.019161988,0.004584961
wtv3YKZB.png,jawi,2,jawi,jawi,1,1,0,0.008955264,0.015731746,0.9223916,0.014773642,0.0071321973,0.016713684,0.014301835
6DZmakIy.png,jawa,4,jawa,jawa,1,1,0,0.007227313,0.9488565,0.011057502,0.0040379004,0.0038528906,0.019049758,0.0059180735
6aJKT0P7.png,lampung,4,lampung,lampung,1,1,0,0.0038182735,0.0032916486,0.006008621,0.9785226,0.0038117282,0.0016022646,0.002944881
J5TVh8iT.png,jawi,2,jawi,jawi,1,1,0,0.0063205995,0.016370308,0.9495764,0.0034898627,0.0044632256,0.010528258,0.009251392
KsF4Awut.png,pegon,2,pegon,pegon,1,1,0,0.0066078804,0.014835842,0.012120491,0.0060707964,0.004978758,0.9488484,0.006537844
zdJdGufU.png,jawi,1,jawi,jawi,1,1,0,0.0050684693,0.018828792,0.9278297,0.004620112,0.0066513303,0.03215421,0.0048473617
9bVjvl0u.png,bali,2,bali,bali,1,1,0,0.9667055,0.006837807,0.007702983,0.009735555,0.0046360902,0.00023512215,0.004146969
k3u8F2BM.png,bali,5,bali,bali,1,1,0,0.9416439,0.005220083,0.024964498,0.008261149,0.010988248,0.00017203036,0.008750124
wPRaNdDu.png,pegon,2,pegon,pegon,1,1,0,0.0055026673,0.02416169,0.010346246,0.00964541,0.0042530214,0.93772787,0.008362996
Bjz5XUB3.png,jawi,2,jawi,jawi,1,1,0,0.008745408,0.010099698,0.96118754,0.0052433275,0.0025524152,0.007812067,0.004359523
A4Ns0v3p.png,bali,2,bali,bali,1,1,0,0.9634845,0.012881155,0.003719458,0.0067574047,0.004538159,0.00034799654,0.008271241
Uk3ZI18h.png,pegon,1,pegon,pegon,1,1,0,0.0052225343,0.022876697,0.018008808,0.0033369742,0.0050111664,0.94005555,0.005488267
WTIgHMer.png,lontara,1,lontara,lontara,1,1,0,0.0037864891,0.017217463,0.0005438107,0.0076316632,0.9639345,0.0007120389,0.0061740032
DKqaspYL.png,bali,5,bali,bali,1,1,0,0.95157754,0.0089367805,0.012958571,0.008942718,0.009325442,0.0003080478,0.007950989
fqcYkupj.png,lampung,5,lampung,lampung,1,1,0,0.008290217,0.00818555,0.0009723875,0.95345,0.007589028,0.014226474,0.0072863
v7lLWHZx.png,lampung,1,lampung,lampung,1,1,0,0.004516704,0.00027395465,0.00096605084,0.97713655,0.0042139054,0.00827642,0.004616439
wWE5eSMG.png,bali,3,bali,bali,1,1,0,0.95606065,0.003211613,0.015814869,0.008836816,0.006245762,0.00040491082,0.009425353
Oir6olYX.png,jawi,5,jawi,jawi,1,1,0,0.0063199243,0.016371423,0.94133127,0.004234283,0.0076548327,0.01866027,0.005427985
aNwNduC1.png,pegon,4,jawi,jawi,0,0,0,0.012830792,0.0058723716,0.93685097,0.008794195,0.01104683,0.01927358,0.00533124
uvnNnobA.png,jawi,1,jawi,jawi,1,1,0,0.016458279,0.020095946,0.8824876,0.01839924,0.028850114,0.018676687,0.015032128
aa4YBQI1.png,sunda,5,sunda,sunda,1,1,0,0.0058863955,0.0032763567,0.010808529,0.0049090055,0.005825145,0.00022741186,0.9690672
dPiJAaut.png,lampung,2,lampung,lampung,1,1,0,0.00381825,0.0020727857,0.00794774,0.9779359,0.0028513223,0.0017297645,0.0036441397
m0mhKhmH.png,sunda,5,sunda,sunda,1,1,0,0.006195054,0.002999541,0.010073266,0.005543337,0.004954427,0.0005644232,0.96966994
PzaDnQo3.png,lampung,3,lampung,lampung,1,1,0,0.0075521907,0.0033704238,0.020889722,0.9449255,0.010525684,0.00085718447,0.011879264
ejubNquD.png,lampung,3,lampung,lampung,1,1,0,0.0059957774,0.01113411,0.005586294,0.9612435,0.0066873096,0.00054574054,0.008807198
4sR8YfcS.png,sunda,3,sunda,sunda,1,1,0,0.00807471,0.00084196083,0.041978512,0.009130577,0.01423945,0.00024052012,0.9254943
KMcrrFqD.png,bali,2,bali,bali,1,1,0,0.9702583,0.0070526847,0.0060207094,0.0052406816,0.0036214313,0.00036834323,0.0074378587
QevzLRx9.png,sunda,4,sunda,sunda,1,1,0,0.0058696135,0.0008938998,0.022863407,0.00919954,0.0071777836,0.000336153,0.9536596
0JyyDIqD.png,pegon,1,pegon,pegon,1,1,0,0.009900308,0.012562452,0.013743365,0.004896638,0.009855868,0.9420848,0.0069564832
drCAE5LH.png,sunda,5,sunda,sunda,1,1,0,0.0074184807,0.0017052558,0.015245233,0.008381273,0.008863582,0.00020190624,0.95818436
q6CMZbc4.png,jawi,4,jawi,jawi,1,1,0,0.0027410751,0.015925627,0.96245956,0.0028004425,0.0020488736,0.012402891,0.0016215887
XDfhsgSy.png,lampung,4,lampung,lampung,1,1,0,0.002573415,0.0027098516,0.002636758,0.9809614,0.002403257,0.0067282678,0.0019870377
SAE8HIJO.png,jawi,3,jawi,jawi,1,1,0,0.003538665,0.020245476,0.9645878,0.0017964628,0.0028575629,0.004537272,0.0024367715
WdqvNonA.png,jawi,5,jawi,jawi,1,1,0,0.003839322,0.013273136,0.9369014,0.0035042504,0.005200054,0.030264057,0.0070176697
7jOxSLBB.png,jawa,4,jawa,jawa,1,1,0,0.008002944,0.92686874,0.029765064,0.007109587,0.009252646,0.014478029,0.0045229895
RfhTuZBt.png,lontara,3,lontara,lontara,1,1,0,0.004977397,0.015637074,0.0007217771,0.0062913136,0.9668648,0.00026695698,0.0052406746
4AI03fCF.png,lampung,5,lampung,lampung,1,1,0,0.008198768,0.00023512816,0.0006810306,0.95374,0.008226502,0.020434387,0.008484252
GxI8yf96.png,jawa,5,jawa,jawa,1,1,0,0.010040117,0.52168363,0.076975495,0.0057773767,0.006636467,0.3726485,0.0062384806
G6lLSn3C.png,lontara,3,lontara,lontara,1,1,0,0.00405397,0.01418799,0.001836909,0.0049285763,0.97041005,0.00030470095,0.0042777946
7N1hDAfk.png,bali,1,bali,bali,1,1,0,0.9764063,0.0070836516,0.0065898052,0.0036756156,0.0034863295,8.3685714e-05,0.0026745992
2bFgjAMg.png,jawa,1,jawa,jawa,1,1,0,0.0072356355,0.94074833,0.015176111,0.007467338,0.0062002535,0.01581151,0.007360845
7fsUqLBa.png,lontara,2,lontara,lontara,1,1,0,0.0057322993,0.013212624,0.0018801353,0.0056522563,0.9679702,0.0002959232,0.005256512
XMD7q1GR.png,jawi,2,jawi,jawi,1,1,0,0.0032423069,0.013118659,0.96006817,0.0030285444,0.0020329615,0.016680993,0.0018283369
G3p5m44L.png,jawa,2,jawa,jawa,1,1,0,0.0066098482,0.94909084,0.012459666,0.008707522,0.0052475133,0.013185759,0.004698817
yy7n6dL9.png,pegon,5,pegon,pegon,1,1,0,0.0033296742,0.025429783,0.03292466,0.0045653945,0.005022557,0.92579013,0.0029377716
pJxVoXYE.png,lontara,5,lontara,lontara,1,1,0,0.00667022,0.017037831,0.0005318676,0.0073546935,0.9622868,0.00029747788,0.0058210827
PzX2M3G2.png,jawa,5,jawa,jawa,1,1,0,0.0032551999,0.9355622,0.013890243,0.0072535966,0.006008848,0.028836887,0.0051930337
Vr7P1Bma.png,lampung,4,lampung,lampung,1,1,0,0.008515756,0.008374409,0.014604547,0.95649886,0.0066604977,0.00026515088,0.005080784
QfRBydJP.png,jawi,5,jawi,jawi,1,1,0,0.011093491,0.015123831,0.5686271,0.004664742,0.008201338,0.38625824,0.006031282
OTlgPJ14.png,pegon,2,pegon,pegon,1,1,0,0.026999272,0.025231969,0.012207342,0.012203052,0.018772159,0.8786659,0.02592031
m8CKiPF4.png,jawi,3,jawi,jawi,1,1,0,0.0076637045,0.004880247,0.9576599,0.0115323905,0.009141641,0.0056061693,0.0035160503
pqHlrmfp.png,jawi,4,jawi,jawi,1,1,0,0.004035103,0.01821341,0.937826,0.004330512,0.005177986,0.024992216,0.0054247575
KvdPAGUZ.png,pegon,2,pegon,pegon,1,1,0,0.0061005456,0.024311423,0.019534778,0.014824828,0.005936461,0.9248376,0.0044545117
A2ypxs2j.png,jawi,3,jawi,jawi,1,1,0,0.0074815205,0.01426641,0.9460011,0.008033797,0.006145741,0.010821561,0.007249876
VOHC6Fv2.png,bali,3,bali,bali,1,1,0,0.97270805,0.012224515,5.8521946e-05,0.0049646585,0.004645514,6.4211046e-05,0.0053345086
P5snCxhf.png,sunda,4,sunda,sunda,1,1,0,0.002899547,0.00435543,0.0045756088,0.0024832794,0.00235248,0.00034114366,0.9829925
HPI2fQm2.png,pegon,2,pegon,pegon,1,1,0,0.0059680426,0.018799912,0.011236909,0.006329665,0.0058897296,0.9465251,0.0052505904
pjRn1OFo.png,sunda,2,sunda,sunda,1,1,0,0.0039771385,0.0006263413,0.008341571,0.004460866,0.0036539247,2.0961319e-05,0.97891915
d1oNQ8wo.png,pegon,2,pegon,pegon,1,1,0,0.004660788,0.019188851,0.020727847,0.009139555,0.0056873937,0.93455607,0.006039494
YXHnHlE4.png,jawa,4,jawa,jawa,1,1,0,0.0049509755,0.9316607,0.029055137,0.007056085,0.0042839525,0.020764768,0.002228385
UQGy8JtS.png,jawa,2,jawa,jawa,1,1,0,0.016059931,0.9267233,0.010426498,0.016288115,0.008233121,0.013545699,0.008723331
LGurRAsR.png,jawa,3,jawa,jawa,1,1,0,0.006528022,0.9439667,0.0058824057,0.008853082,0.01118418,0.011940951,0.011644619
FKKAswyW.png,lontara,5,lontara,lontara,1,1,0,0.0060555055,0.017992852,0.0010320798,0.006432241,0.96031886,0.00037635854,0.007792077
I6Fmy3R9.png,pegon,1,pegon,pegon,1,1,0,0.0031180796,0.015219533,0.017178755,0.003663842,0.004168952,0.9508395,0.005811371
6CUyXwdz.png,pegon,5,pegon,pegon,1,1,0,0.0043841023,0.022662815,0.02203,0.012154891,0.004159756,0.9303578,0.0042506303
mm9pn7Vs.png,bali,4,bali,bali,1,1,0,0.97072035,0.012249366,0.0014952968,0.0050356197,0.005246288,0.00017438689,0.0050787874
Dm86hVA1.png,lampung,3,lampung,lampung,1,1,0,0.005990064,0.016518569,0.0009922594,0.9606435,0.008047738,5.403241e-05,0.007753788
ZfFVNMVx.png,pegon,4,pegon,pegon,1,1,0,0.0075933235,0.003535882,0.011776285,0.007162664,0.007860551,0.952096,0.009975358
YrLLsBiu.png,lampung,1,lampung,lampung,1,1,0,0.011694174,0.0008242478,0.02262863,0.9417386,0.011958068,0.00088558515,0.010270782
iXpOdQsM.png,bali,4,bali,bali,1,1,0,0.96870494,0.013564999,0.00041648466,0.0047746557,0.0063073314,0.00018608166,0.0060455864
baXllJaS.png,lampung,3,lampung,lampung,1,1,0,0.007185542,0.00033012655,0.0013405606,0.95479363,0.006443735,0.019834518,0.010071938
s3htlkCa.png,jawa,5,jawa,jawa,1,1,0,0.024731241,0.87143195,0.009309871,0.028461833,0.03707849,0.011930787,0.017055893
yrqGV9ey.png,jawi,5,jawi,jawi,1,1,0,0.004362594,0.018064147,0.95034,0.0059832125,0.0057536075,0.010818243,0.0046781134
dWVX77Ng.png,lampung,1,lampung,lampung,1,1,0,0.0076652593,0.017411955,0.00049490476,0.951536,0.010339843,0.0012743177,0.011277736
ThWApk3S.png,jawa,5,jawa,jawa,1,1,0,0.0050342334,0.9574911,0.009963085,0.005493002,0.0040727104,0.01191261,0.0060333107
zscl47v6.png,bali,2,bali,bali,1,1,0,0.9544397,0.020631203,0.00052054296,0.0096049225,0.0068277176,0.00018201537,0.0077939667
E2xHpN9W.png,lampung,1,lampung,lampung,1,1,0,0.009134461,0.010353303,0.0033222686,0.9398885,0.0062058726,0.021897884,0.009197688
JtE40mxy.png,sunda,2,sunda,sunda,1,1,0,0.008196308,0.000821338,0.017087301,0.0062470175,0.010175026,0.0026108439,0.9548621
p3UxVCx6.png,lontara,4,lontara,lontara,1,1,0,0.0065129916,0.015881184,0.0030612817,0.0053743506,0.9624242,0.00056617655,0.0061797905
aPw6L75f.png,lampung,4,lampung,lampung,1,1,0,0.0033453738,0.00016747766,0.00013209815,0.9771623,0.0055592344,0.010837546,0.0027960094
kN2rnpGP.png,jawi,2,jawi,jawi,1,1,0,0.013622536,0.022298172,0.92889607,0.007544608,0.004951715,0.01854007,0.0041469177
AIIB30f5.png,jawi,1,jawi,jawi,1,1,0,0.0025072517,0.024698092,0.9340579,0.0021311406,0.0023952192,0.03270368,0.0015067235
k2rxe91A.png,jawi,4,jawi,jawi,1,1,0,0.0024433357,0.005533204,0.9647797,0.011019008,0.0054958225,0.0072166575,0.0035122465
2Fw5JKGT.png,jawi,3,jawi,jawi,1,1,0,0.006742708,0.016958,0.94690675,0.007562191,0.0079839835,0.007940297,0.0059060045
s9oq8par.png,lampung,2,lampung,lampung,1,1,0,0.0044710264,0.009191148,0.004146317,0.97202027,0.0049812426,0.0012138861,0.0039761467
2ntNUtAt.png,lontara,5,lontara,lontara,1,1,0,0.0052262913,0.0017685888,0.014185399,0.0055555743,0.9654469,0.00019765657,0.007619566
ym3QMg8b.png,jawi,4,jawi,jawi,1,1,0,0.0059245713,0.025473457,0.5186913,0.010165882,0.004393456,0.43043035,0.004921108
1skKftHj.png,lampung,4,lampung,lampung,1,1,0,0.008718306,0.00030745583,0.00013366324,0.93080133,0.022063663,0.02863861,0.009336956
RIf4QYAG.png,lontara,1,lontara,lontara,1,1,0,0.0030784667,0.007761371,0.0058700438,0.004474787,0.9747199,0.0008236537,0.0032717723
CgZjCQON.png,lampung,5,lampung,lampung,1,1,0,0.009258132,0.0075991694,0.0009089219,0.9525669,0.009758224,0.012639515,0.0072691515
mf3yRVzV.png,pegon,2,pegon,pegon,1,1,0,0.019719224,0.012314628,0.009962956,0.009206595,0.026518503,0.9074083,0.014869699
Z97vvCdi.png,jawa,1,jawa,jawa,1,1,0,0.009755095,0.9379716,0.013926015,0.008485143,0.009982783,0.011005633,0.008873766
iylG3DSP.png,sunda,2,sunda,sunda,1,1,0,0.003754413,0.00027680176,0.008815255,0.004776616,0.0032559698,5.011484e-05,0.9790709
07mLGdf9.png,pegon,2,pegon,pegon,1,1,0,0.0057817805,0.009104285,0.011565229,0.0026294207,0.007088419,0.95907736,0.0047535896
GmFXJb6t.png,sunda,1,sunda,sunda,1,1,0,0.0045093363,0.0003515077,0.023931116,0.0076131206,0.00761328,0.00036444096,0.95561713
ARLiptrr.png,lampung,2,lampung,lampung,1,1,0,0.0048800707,0.000597982,0.004549887,0.9636709,0.0049119964,0.016806116,0.0045829443
qsb0qvpf.png,jawa,3,jawa,jawa,1,1,0,0.008185368,0.9319227,0.0149313165,0.01106624,0.011845002,0.014500221,0.007549086
x48NC7aN.png,sunda,3,sunda,sunda,1,1,0,0.008305153,0.0034146763,0.016844597,0.008688424,0.008426641,0.0009246742,0.95339584
NIWXt7Bt.png,jawi,5,jawi,jawi,1,1,0,0.011419162,0.0035073734,0.84822726,0.0058651124,0.0064954036,0.011900104,0.112585664
z0F9vEvB.png,pegon,5,pegon,pegon,1,1,0,0.006101117,0.023035612,0.02109742,0.005878667,0.006040555,0.93191046,0.0059360964
GoZwAmhd.png,pegon,4,pegon,pegon,1,1,0,0.014556697,0.005193498,0.008454613,0.016212037,0.014853926,0.9270225,0.013706643
ZND535xh.png,bali,3,bali,bali,1,1,0,0.9719454,0.014442968,0.00057133887,0.005377747,0.003702941,0.00013537396,0.0038242633
c8bwohzB.png,pegon,5,pegon,pegon,1,1,0,0.0073479805,0.015637446,0.012309984,0.007872094,0.0076168566,0.9413591,0.007856596
8NQyXSfk.png,lampung,3,lampung,lampung,1,1,0,0.0070126085,0.015853785,0.0005791683,0.96245426,0.0058905305,0.00038243327,0.007827261
rmZhQS9q.png,lampung,3,lampung,lampung,1,1,0,0.0057898005,0.0097988555,0.0058841123,0.9632782,0.006186412,0.0011167141,0.007945931
HowlegsM.png,lampung,2,lampung,lampung,1,1,0,0.004589835,0.0152370725,0.0010040129,0.96981156,0.0054828115,0.00062706927,0.0032476638
r00LpDkq.png,lampung,4,lampung,lampung,1,1,0,0.0068287156,0.0017760152,0.0075139026,0.9648888,0.0090077985,0.0057526757,0.00423215
qu2ChTd9.png,pegon,3,pegon,pegon,1,1,0,0.0037404941,0.014427926,0.02066705,0.0041721305,0.0055857687,0.9464891,0.0049175606
QWMhLpwV.png,lontara,3,lontara,lontara,1,1,0,0.0058341506,0.008742627,0.006202479,0.0065075434,0.96821576,0.00012929528,0.0043681124
NrtFcdds.png,lontara,1,lontara,lontara,1,1,0,0.009182901,0.030742211,0.0014878266,0.009840964,0.94086814,0.0005076927,0.0073703583
A4uF0kin.png,lampung,3,lampung,lampung,1,1,0,0.009928307,0.02051155,0.0032430226,0.94265175,0.011279552,0.00012007522,0.01226571
M6cSqqER.png,pegon,3,pegon,pegon,1,1,0,0.0006455067,0.010834472,0.0060244054,0.0007371953,0.0031441788,0.97814953,0.00046480141
cQiK0vQy.png,lampung,4,lampung,lampung,1,1,0,0.0046610762,0.0061710137,0.00061987806,0.96612316,0.005159361,0.010530618,0.0067349016
PoYVt1VI.png,jawa,5,jawa,jawa,1,1,0,0.0086117005,0.939969,0.019299991,0.0072106766,0.0061525144,0.013008115,0.0057479944
W7inRCRn.png,lampung,3,lampung,lampung,1,1,0,0.0065320577,0.013188302,0.0031474447,0.961214,0.0073608323,0.00017347453,0.008383925
wqEYXXJi.png,lontara,2,lontara,lontara,1,1,0,0.012712849,0.02551109,0.002592676,0.011830297,0.93730146,0.00028064847,0.009770989
fFgy2ohG.png,jawi,4,jawi,jawi,1,1,0,0.0046421946,0.008729195,0.9349578,0.0048134862,0.004217571,0.03914065,0.0034991298
stEi2zK9.png,lampung,5,lampung,lampung,1,1,0,0.0056774532,0.00012586649,0.00060018233,0.9713326,0.0044678976,0.011920358,0.0058756596
V1QUQxZC.png,pegon,1,jawi,pegon,0,1,1,0.009289275,0.018422486,0.007923413,0.010331557,0.025368117,0.9194065,0.00925858
F0xGjZi6.png,pegon,3,pegon,pegon,1,1,0,0.010942839,0.026710475,0.02694627,0.014883779,0.01034842,0.8984588,0.011709466
J42XlOVU.png,sunda,3,sunda,sunda,1,1,0,0.00652439,0.0033177272,0.020316103,0.0063366373,0.0075463806,0.0006784122,0.95528024
edgoS4iD.png,jawa,4,jawa,jawa,1,1,0,0.011060726,0.9286665,0.016729072,0.006900863,0.008326189,0.02533501,0.0029817473
T7HaNv1C.png,pegon,5,pegon,pegon,1,1,0,0.0066610845,0.02492984,0.019264285,0.0066658026,0.006720563,0.9282052,0.0075531923
wbdNFcGz.png,pegon,4,pegon,pegon,1,1,0,0.0065637333,0.006276131,0.011036489,0.008369011,0.00840381,0.9489048,0.010445926
tQapF8RO.png,lampung,1,lampung,lampung,1,1,0,0.007834188,0.0021085152,0.017321372,0.9545378,0.0075474544,0.0031025193,0.007548145
zswlf4Cb.png,bali,1,bali,bali,1,1,0,0.84997636,0.0025972116,0.11239466,0.01129683,0.008597495,0.002208534,0.012928864
brqdgVPD.png,lontara,3,lontara,lontara,1,1,0,0.0047528055,0.011920581,0.0012793253,0.0048600384,0.971114,0.0005569888,0.0055162827
rzT2752S.png,jawi,4,jawi,jawi,1,1,0,0.0048988196,0.011088731,0.95339656,0.0040782536,0.0037570044,0.018880995,0.0038995699
nSiZh3rF.png,pegon,5,pegon,pegon,1,1,0,0.0045004096,0.017956596,0.017336277,0.005664069,0.003931462,0.9446818,0.005929285
NJMgyMsG.png,sunda,3,sunda,sunda,1,1,0,0.0061218045,0.0002665882,0.020646775,0.008599418,0.00860706,0.0009506914,0.9548077
zHHmeaqK.png,lampung,3,lampung,lampung,1,1,0,0.005156047,0.010815424,0.0027439299,0.9655298,0.006105843,0.000207598,0.009441307
TQG52tc1.png,jawi,5,jawi,jawi,1,1,0,0.0045705726,0.009738923,0.9600169,0.005073273,0.006013035,0.011209432,0.0033778562
u8LCWuFn.png,pegon,1,jawi,pegon,0,1,1,0.013179961,0.016720882,0.03878241,0.015423506,0.008069203,0.9005326,0.007291465
49NlPn8c.png,lontara,4,lontara,lontara,1,1,0,0.0054458305,0.014200297,0.005908014,0.008524015,0.95884335,0.0002538146,0.006824657
mjoTz75P.png,jawi,3,jawi,jawi,1,1,0,0.010284441,0.022894902,0.9271229,0.0098349275,0.008730139,0.015029513,0.0061031925
Yp6QDBoh.png,jawi,2,jawi,jawi,1,1,0,0.0066021024,0.017876875,0.950645,0.005850544,0.0021600306,0.014031719,0.0028337464
LEprC7pY.png,pegon,4,pegon,pegon,1,1,0,0.007989805,0.0019023075,0.0113166,0.006974739,0.0062039793,0.9569687,0.008643777
IY3766KV.png,pegon,1,pegon,pegon,1,1,0,0.0030824246,0.021595018,0.02086938,0.0044677784,0.0055607865,0.94093746,0.003487303
5hTsTHd1.png,lampung,5,lampung,lampung,1,1,0,0.007534747,0.0005391177,0.00017273356,0.960864,0.006597286,0.017312296,0.0069798618
CDYxjO2v.png,jawa,5,jawa,jawa,1,1,0,0.0073978263,0.93652534,0.012151469,0.009405681,0.0074640876,0.019820323,0.007235366
QJiRWLlZ.png,lampung,1,lampung,lampung,1,1,0,0.007962369,0.0011731902,0.02179328,0.95349765,0.007167441,0.00070259924,0.007703457
0nw4BPDn.png,lampung,4,lampung,lampung,1,1,0,0.0042424183,0.004849763,0.008200277,0.97221494,0.004770336,0.0020896164,0.0036326107
ChUky7uM.png,jawi,5,jawi,jawi,1,1,0,0.0048157983,0.012666293,0.9545213,0.0050918064,0.005097545,0.0135095585,0.004297599
S8uGoORP.png,lontara,5,lontara,lontara,1,1,0,0.008163303,0.011245265,0.007538662,0.0090307295,0.95560104,0.00044723894,0.00797384
ZYhj7oYc.png,pegon,2,pegon,pegon,1,1,0,0.0012517805,0.008153167,0.0072728517,0.000626523,0.000693633,0.9808753,0.00112677
XA2ABLx3.png,pegon,3,pegon,pegon,1,1,0,0.0071681007,0.019629333,0.0310931,0.0047239875,0.007401475,0.9256911,0.004292806
2gPZaPKD.png,jawa,2,jawa,jawa,1,1,0,0.006158163,0.94340897,0.016439635,0.007911595,0.006709467,0.014185699,0.0051864055
YxPGjHyZ.png,jawi,4,jawi,jawi,1,1,0,0.0045596045,0.024076499,0.95145655,0.003006155,0.004507504,0.010115296,0.002278422
jCVF7HEX.png,lontara,3,lontara,lontara,1,1,0,0.005818166,0.018832624,0.001366898,0.0077566477,0.9607645,0.0008595697,0.0046015866
LkYARhlE.png,jawi,2,sunda,sunda,0,0,0,0.034973793,0.004704891,0.29222053,0.011140241,0.017918829,0.004454501,0.6345872
TzeKbHoR.png,jawa,2,jawa,jawa,1,1,0,0.008629987,0.93598497,0.01780867,0.0096025225,0.0061273403,0.016183339,0.005663133
VWINUjz2.png,lontara,5,lontara,lontara,1,1,0,0.0060489844,0.01203996,0.008701749,0.006182412,0.9572952,0.0004454618,0.009286217
Z6jXysAp.png,pegon,4,pegon,pegon,1,1,0,0.0069272574,0.0015466292,0.0060339747,0.009171289,0.0075107235,0.9570085,0.011801668
yMDh78Be.png,jawa,2,jawa,jawa,1,1,0,0.10076464,0.6366035,0.010783551,0.06590659,0.08126129,0.011136728,0.09354368
IHa5nnph.png,jawi,5,jawi,jawi,1,1,0,0.008633882,0.017451864,0.9399009,0.003168771,0.008768725,0.01364472,0.008431167
5QvRCD7C.png,sunda,1,sunda,sunda,1,1,0,0.004861291,0.00063055404,0.017678333,0.0069180396,0.0066898013,0.00012122801,0.9631008
EQDuGgFw.png,pegon,3,pegon,pegon,1,1,0,0.008153621,0.021256698,0.023141628,0.010376012,0.008160657,0.9216848,0.00722654
JTS9vCSz.png,bali,3,bali,bali,1,1,0,0.96395653,0.0034099862,0.013016481,0.0063829273,0.0049206857,0.00038924383,0.00792424
QKmjvIsX.png,lampung,4,lampung,lampung,1,1,0,0.00674156,0.0025201524,0.0059521673,0.96371657,0.006454636,0.009599602,0.0050152396
zOb9zEBQ.png,pegon,2,pegon,pegon,1,1,0,0.0079640895,0.016769696,0.017505974,0.0070663844,0.004757151,0.94005716,0.005879633
gUAOWfT9.png,jawa,3,jawa,jawa,1,1,0,0.006288389,0.9382716,0.008760135,0.0069921445,0.007382345,0.02679929,0.005506016
w8o9vdqz.png,jawi,3,jawi,jawi,1,1,0,0.0060844338,0.017100452,0.9446587,0.0046418933,0.0044006105,0.015585352,0.007528496
wHObpyQP.png,jawa,3,jawa,jawa,1,1,0,0.015334696,0.9173142,0.022897331,0.011646655,0.009502161,0.015538565,0.0077664107
8x1w33Zs.png,lampung,2,lampung,lampung,1,1,0,0.006631317,0.006872606,0.0029139547,0.96791494,0.0034539115,0.008625441,0.0035878727
gQbkWEId.png,jawi,3,jawi,jawi,1,1,0,0.0056064036,0.017964626,0.9304517,0.00824444,0.006768243,0.025960304,0.005004277
28OAL9lX.png,jawi,4,jawi,jawi,1,1,0,0.0032163376,0.012094898,0.94223297,0.004908311,0.0028496557,0.03152534,0.0031726027
kBc7vPYT.png,lampung,5,lampung,lampung,1,1,0,0.007834774,0.003688306,0.0013608328,0.9492699,0.007971849,0.020895677,0.008978657
rwJtmnyu.png,jawa,4,jawa,jawa,1,1,0,0.013710568,0.9322842,0.0035168286,0.009140697,0.00922881,0.012419629,0.019699369
cf99gz99.png,jawi,2,sunda,sunda,0,0,0,0.018957157,0.043666735,0.29601347,0.04218889,0.054266404,0.044116795,0.50079054
8K7JiWvC.png,jawi,4,jawi,jawi,1,1,0,0.0045697573,0.022663431,0.92224175,0.0029654969,0.0070722625,0.036446683,0.004040621
DAgn42QO.png,bali,4,bali,bali,1,1,0,0.9867466,0.0053801923,0.0011768327,0.0020685047,0.002195511,0.00013641131,0.0022960308
fWFbMXZk.png,sunda,1,sunda,sunda,1,1,0,0.0054495404,0.0012968278,0.017455462,0.007218026,0.006135044,0.000101786405,0.9623434
Yqs0upEa.png,pegon,3,pegon,pegon,1,1,0,0.006720593,0.01586237,0.053661708,0.007896335,0.01006203,0.8762649,0.029531986
IOBbsUM1.png,pegon,1,pegon,pegon,1,1,0,0.0014222102,0.0067195874,0.12592553,0.0020931337,0.0021003925,0.8597049,0.0020342984
XCUbpYDK.png,lampung,2,lampung,lampung,1,1,0,0.0044544796,0.0027793024,0.0120639,0.96830654,0.0062240064,0.00201608,0.0041556777
bA5J8u5U.png,sunda,4,sunda,sunda,1,1,0,0.0049811304,0.0030891092,0.009920772,0.0041709277,0.004829848,0.00024048542,0.9727677
tE50ch5y.png,bali,2,bali,bali,1,1,0,0.95864767,0.01787021,0.00019544234,0.0063734087,0.007592601,0.00017013522,0.009150533
WwdY0jTz.png,jawa,1,jawa,jawa,1,1,0,0.006667696,0.93923134,0.015092568,0.0075705135,0.009712179,0.011869452,0.0098562315
KC67Fli8.png,lampung,4,lampung,lampung,1,1,0,0.0059787375,9.279926e-05,0.0007617841,0.97121847,0.0042369864,0.011803386,0.0059078573
9y4d9Rfp.png,jawa,4,jawa,jawa,1,1,0,0.014475247,0.9052347,0.01618007,0.0049190074,0.010639491,0.037803926,0.010747524
1NqJWig6.png,lampung,3,lampung,lampung,1,1,0,0.012225587,0.0017178475,0.0023560585,0.93199193,0.013617067,0.025416741,0.012674691
IWyH8LvJ.png,jawi,2,jawi,jawi,1,1,0,0.009435731,0.01818109,0.92164785,0.015544099,0.0057857577,0.017570166,0.011835299
IdVXZQ2R.png,lontara,3,lontara,lontara,1,1,0,0.003734191,0.009431774,0.00031680445,0.005222504,0.9765073,0.0002293026,0.0045580324
z2dcFxy0.png,pegon,4,pegon,pegon,1,1,0,0.008178394,0.005336429,0.0036002453,0.009671061,0.008851214,0.9553299,0.009032819
Z7z9QvOn.png,jawi,3,jawi,jawi,1,1,0,0.0062451307,0.0165104,0.939179,0.0058804536,0.008568028,0.017644018,0.0059729144
2GLrGUOl.png,bali,1,bali,bali,1,1,0,0.9773458,0.0076381695,0.005033753,0.0032437055,0.003722525,0.00015200615,0.0028640798
CYjoiiyF.png,lampung,5,lampung,lampung,1,1,0,0.011876059,0.0020377536,0.005900621,0.949538,0.008446287,0.0143816,0.007819697
GZiSAu2S.png,lontara,5,lontara,lontara,1,1,0,0.0047242395,0.0025542541,0.019389616,0.004055946,0.9634811,0.00014237018,0.005652387
0TuZaIlD.png,jawi,1,jawi,jawi,1,1,0,0.004399249,0.019258633,0.93887115,0.009151583,0.005258091,0.020440737,0.0026205173
SZQDPKQx.png,jawa,2,jawa,jawa,1,1,0,0.0040378007,0.9510111,0.0153266955,0.004941634,0.005106742,0.015537679,0.0040383614
8vmrVMu8.png,pegon,4,pegon,pegon,1,1,0,0.0066460706,0.0059009064,0.0045420905,0.007145904,0.0039733085,0.96844524,0.0033464816
kBytyzL4.png,pegon,2,pegon,pegon,1,1,0,0.008415708,0.018983945,0.020168876,0.006060333,0.0044323737,0.93730414,0.0046345745
zbNas0PY.png,jawa,5,jawa,jawa,1,1,0,0.0037004575,0.9676569,0.009303087,0.002831622,0.0025088072,0.010972426,0.0030266626
qVFMoOke.png,jawi,4,jawi,jawi,1,1,0,0.014291356,0.004778891,0.90714496,0.0051759714,0.005127201,0.058073305,0.0054083583
r0LamLUO.png,lontara,1,lontara,lontara,1,1,0,0.006184224,0.022050017,0.00091590843,0.007609032,0.9562761,0.00044703248,0.006517686
FtxawnSw.png,jawa,4,jawa,jawa,1,1,0,0.00665734,0.9326115,0.0093233315,0.0062295776,0.0064225188,0.03157124,0.0071845776
QWSRVDwn.png,lampung,2,lampung,lampung,1,1,0,0.009975887,0.014512523,0.0019101462,0.9594408,0.008838105,0.00064704486,0.0046754037
etug9r3Z.png,sunda,3,sunda,sunda,1,1,0,0.0046621584,0.00059698994,0.094131425,0.0057453644,0.006344346,0.0012177875,0.887302
KUjXao0f.png,sunda,3,sunda,sunda,1,1,0,0.0054443697,0.0004293075,0.01628363,0.007944529,0.0067394003,0.00046419207,0.9626946
8eiV09a9.png,jawi,3,jawi,jawi,1,1,0,0.0027275179,0.005846046,0.9566348,0.004361659,0.006008525,0.021155465,0.0032659182
Uvfh4Poy.png,bali,1,bali,bali,1,1,0,0.9521117,0.012339283,0.019670038,0.006591193,0.0050816517,0.00038275635,0.0038232992
61rDkiji.png,pegon,4,pegon,pegon,1,1,0,0.0044347476,0.0020378765,0.0128986575,0.0076220017,0.0040162997,0.96305585,0.0059344363
JJcSqlhA.png,lontara,1,lontara,lontara,1,1,0,0.0056712455,0.018028796,0.0023255013,0.0065951054,0.9598,0.00026793414,0.007311525
CqluRmji.png,lontara,4,lontara,lontara,1,1,0,0.00450378,0.009784394,0.008492531,0.0067789815,0.9644189,0.00050210906,0.005519347
FH99W4Xn.png,pegon,3,pegon,pegon,1,1,0,0.003910598,0.020510359,0.026698356,0.0051776655,0.0055549643,0.9338253,0.0043227216
j7soiotf.png,bali,3,bali,bali,1,1,0,0.97899014,0.009041796,0.00017958845,0.0044507207,0.003957715,0.00011471213,0.003265316
vQEibfvv.png,lontara,1,lontara,lontara,1,1,0,0.010151371,0.03104401,0.0015930962,0.010422793,0.93854445,0.00043808768,0.0078061507
qJwfQRNJ.png,lampung,5,lampung,lampung,1,1,0,0.005740546,0.011335456,0.0081248535,0.9618343,0.006536083,0.00032471775,0.0061040726
RDnJI8Y3.png,pegon,4,pegon,pegon,1,1,0,0.006323844,0.024499595,0.046130255,0.004594582,0.0063670455,0.9015588,0.010525682
CniB5D3a.png,jawi,1,jawi,jawi,1,1,0,0.0042723324,0.013200984,0.947407,0.007446931,0.011821763,0.012510652,0.0033403088
JOvOFyZh.png,jawa,5,jawa,jawa,1,1,0,0.010114509,0.88461405,0.007911795,0.019424235,0.045049053,0.009865637,0.023020633
85kyULwF.png,jawa,2,pegon,jawa,0,1,1,0.008959574,0.6838258,0.012330528,0.17539996,0.0070435954,0.010063885,0.10237665
SZk1VbfX.png,sunda,3,sunda,sunda,1,1,0,0.0064107017,0.0003121839,0.01721193,0.0070217075,0.0054312176,0.00013934488,0.9634729
eoN3JDT9.png,lampung,2,lampung,lampung,1,1,0,0.005575843,0.010867758,0.0032935066,0.96822006,0.0069839763,0.0003246714,0.004734168
VnIaOYNR.png,lontara,2,lontara,lontara,1,1,0,0.005208224,0.008033547,0.0098717855,0.007795486,0.96083486,0.00087617076,0.0073799035
2k8AUQjp.png,jawi,3,jawi,jawi,1,1,0,0.00333512,0.014542758,0.9255734,0.0067241294,0.0057732975,0.042121984,0.001929348
PpwnF8FG.png,jawa,2,jawa,jawa,1,1,0,0.010118689,0.9446407,0.008598484,0.0101776235,0.0053334134,0.012958373,0.008172781
sABFLHIn.png,lampung,4,lampung,lampung,1,1,0,0.004719601,0.0020644097,0.004954982,0.9708202,0.0047496413,0.007832958,0.0048581744
RSnyYS92.png,lampung,4,lampung,lampung,1,1,0,0.0064313957,0.002021395,0.0076026344,0.97229666,0.0055928254,0.0017013543,0.004353707
tMo7tXrr.png,jawi,5,jawi,jawi,1,1,0,0.0034265914,0.03526904,0.91137886,0.004061249,0.0070185713,0.03300303,0.005842594
E4Q7kqiu.png,jawa,2,jawa,jawa,1,1,0,0.0071164453,0.92471033,0.024522664,0.008187476,0.007956007,0.017355243,0.010151922
BQUXSOxV.png,pegon,2,pegon,pegon,1,1,0,0.0048736464,0.019993404,0.026127297,0.0037934897,0.0041009854,0.9373518,0.0037593192
71GVof1z.png,pegon,4,pegon,pegon,1,1,0,0.0025507533,0.005444767,0.010546434,0.0036773342,0.0021132415,0.9737731,0.0018944086
yGy9kfku.png,bali,2,bali,bali,1,1,0,0.9561238,0.0165562,0.0008432142,0.008856882,0.005662926,0.0001144235,0.01184256
sh9rUg6r.png,pegon,1,pegon,pegon,1,1,0,0.006096695,0.009778472,0.019052064,0.0077277026,0.0047597876,0.9388318,0.013753494
njilWE8X.png,lontara,2,lontara,lontara,1,1,0,0.0076926704,0.023465952,0.0031510573,0.009882635,0.94496125,0.00061926927,0.010227308
ShErqnVm.png,lampung,3,lampung,lampung,1,1,0,0.008371039,0.0030026562,0.0021669604,0.9493916,0.010382998,0.01605877,0.01062588
d8rZee19.png,lontara,1,lontara,lontara,1,1,0,0.009155688,0.027117895,0.0015239224,0.014092754,0.9382463,0.00042400532,0.009439404
1Xxn3pVV.png,jawa,5,jawa,jawa,1,1,0,0.006246459,0.9505982,0.014238073,0.0068008145,0.006432468,0.008176236,0.007507677
rHHgzn2v.png,jawi,4,jawi,jawi,1,1,0,0.010419273,0.02976737,0.90901184,0.011782152,0.0074343835,0.020141609,0.011443333
OSsYOVRr.png,lampung,3,lampung,lampung,1,1,0,0.009869463,0.012188278,0.014207857,0.9410065,0.009766427,0.0006782786,0.012283143
GcXYvZvz.png,sunda,3,sunda,sunda,1,1,0,0.006397347,0.00018152501,0.024505846,0.008928858,0.0085751,0.000293209,0.95111805
dLpc0ucL.png,jawa,4,jawa,jawa,1,1,0,0.011355428,0.9397507,0.012004277,0.009217439,0.00713415,0.014479924,0.006058218
3qxUBEL3.png,pegon,4,pegon,pegon,1,1,0,0.0068260618,0.002806886,0.023570722,0.0070732357,0.007882668,0.9406102,0.011230209
WFkzTDFm.png,lampung,5,lampung,lampung,1,1,0,0.008794633,0.0010826502,0.00051165745,0.9507625,0.008502353,0.021991195,0.008354953
4i6HoUxV.png,sunda,4,sunda,sunda,1,1,0,0.0067508905,0.00079813885,0.022191793,0.008118966,0.009608512,0.0004902805,0.9520414
MLkhv3D4.png,lampung,1,lampung,lampung,1,1,0,0.005913498,0.0008711345,0.020717658,0.958824,0.006382431,0.0006423343,0.0066489493
X45DaTJm.png,bali,3,bali,bali,1,1,0,0.95423347,0.0048730243,0.015934207,0.008672209,0.0059840987,0.00064182095,0.00966107
pGcD8YAY.png,pegon,3,pegon,pegon,1,1,0,0.017492134,0.026736287,0.029306775,0.03493458,0.013198499,0.86741185,0.010919866
nSQXg4FB.png,lampung,4,lampung,lampung,1,1,0,0.0065137604,0.00206354,0.011292401,0.96258837,0.0058366144,0.005331183,0.006374157
fU1pOpgb.png,sunda,3,sunda,sunda,1,1,0,0.0057616713,0.0006861439,0.022877822,0.0072063385,0.008689839,0.00032096167,0.9544572
tKhnWmnn.png,lampung,1,lampung,lampung,1,1,0,0.00599556,0.0017666809,0.015509703,0.9647834,0.0050101103,0.0015682525,0.0053663487
xaCVYSve.png,lampung,2,lampung,lampung,1,1,0,0.0026953674,0.0010552236,0.004043111,0.9798467,0.0023285865,0.006345196,0.0036857734
XGZEf2Aq.png,lontara,2,lontara,lontara,1,1,0,0.00913574,0.02568279,0.0026246232,0.010123434,0.94269806,0.0004418968,0.009293458
D8HdQiKc.png,pegon,2,pegon,pegon,1,1,0,0.011745051,0.014568052,0.007820595,0.0068279128,0.015694948,0.9344552,0.008888232
nwSCCwZr.png,sunda,3,sunda,sunda,1,1,0,0.007003227,0.00031942019,0.022924121,0.008394663,0.0079629375,0.00020583077,0.9531898
O4LrmJol.png,jawi,4,jawi,jawi,1,1,0,0.034867458,0.0053567006,0.94041103,0.0042645577,0.0048838663,0.004925195,0.005291171
jMqPfFaa.png,pegon,1,jawi,jawi,0,0,0,0.0015981097,0.017074304,0.9367884,0.0069507184,0.0030820384,0.02673081,0.0077756615
JZ3ti2WV.png,sunda,1,sunda,sunda,1,1,0,0.0040856134,0.00012817438,0.014317131,0.006852435,0.0062243016,0.00011190491,0.9682805
bb8YrHfu.png,lontara,3,lontara,lontara,1,1,0,0.003393137,0.009552526,0.0013141145,0.0043880856,0.9778462,0.0002110428,0.0032949334
VJRzM180.png,jawi,3,jawi,jawi,1,1,0,0.0074600303,0.015760018,0.9468865,0.0071242,0.011492252,0.0048253452,0.0064517236
YnYkIbYH.png,jawi,1,jawi,jawi,1,1,0,0.0034310406,0.023850273,0.93062663,0.0029391584,0.0028234506,0.032361563,0.003967845
R0tD3GLC.png,bali,4,bali,bali,1,1,0,0.96727085,0.014109937,0.0026648059,0.0054210564,0.0052903485,0.00047579448,0.004767194
3zpaIYZP.png,jawi,5,jawi,jawi,1,1,0,0.005387897,0.023169005,0.9227753,0.007853506,0.010784252,0.020972373,0.009057667
tFmC4wAc.png,jawi,2,jawi,jawi,1,1,0,0.011431571,0.008123108,0.92705923,0.008682385,0.0077290665,0.011146428,0.025828151
u92NiLKH.png,jawa,4,jawa,jawi,1,0,1,0.015214299,0.08084474,0.2089798,0.20708922,0.09768666,0.18813035,0.20205486
2Nty0u2v.png,jawi,1,jawi,jawi,1,1,0,0.007930826,0.027088325,0.9076162,0.00644317,0.0067545,0.037829425,0.006337624
ZrBSm0ay.png,sunda,4,sunda,sunda,1,1,0,0.006004587,0.0028938192,0.014418817,0.0064013745,0.006970589,0.00061522773,0.9626957
R7hXN0Is.png,jawa,4,jawa,jawa,1,1,0,0.0038643067,0.96586,0.008075535,0.002259963,0.0025672656,0.014795276,0.002577681
09PgyTT7.png,lampung,4,lampung,lampung,1,1,0,0.0051096403,0.0030250838,0.0016861808,0.9657214,0.006280534,0.012170666,0.006006413
CckPJb7Z.png,jawa,2,jawa,jawa,1,1,0,0.004301823,0.5262213,0.06878968,0.004185046,0.005825784,0.38640416,0.004272221
e414zUvj.png,jawa,2,jawa,jawa,1,1,0,0.007325168,0.9309592,0.026050674,0.00783712,0.00791074,0.0131119,0.0068051615
ebhZgz0E.png,lampung,5,lampung,lampung,1,1,0,0.010316478,0.020859294,0.0018173328,0.9452625,0.008776606,0.00407846,0.008889417
Xg65BY3P.png,lampung,3,lampung,lampung,1,1,0,0.006595235,0.013966333,0.00026677275,0.96409756,0.006077504,0.0030101251,0.005986449
8qPwiXrC.png,lampung,1,lampung,lampung,1,1,0,0.00343928,0.001974772,0.0002555787,0.96226656,0.0038810435,0.024538131,0.0036446117
XBhBDg7i.png,lampung,3,lampung,lampung,1,1,0,0.0069562085,0.01610411,0.00038733528,0.96027356,0.0078704655,9.3540286e-05,0.008314795
oxyndgPe.png,sunda,5,sunda,sunda,1,1,0,0.0069711865,0.0003618943,0.015186596,0.0062960745,0.005930277,7.256034e-05,0.9651813
9oqzs9qx.png,lontara,4,lontara,lontara,1,1,0,0.00797154,0.019398788,0.0016785747,0.006845679,0.9567453,0.0005711062,0.0067890743
odD0O5D3.png,pegon,3,pegon,pegon,1,1,0,0.0077634742,0.020739133,0.012777008,0.008446434,0.0058299764,0.9396419,0.00480218
IgoBASxm.png,bali,4,bali,bali,1,1,0,0.97492176,0.007947092,0.0024921307,0.005158784,0.0048953793,0.0001636531,0.0044211536
MspkLt7E.png,lampung,1,lampung,lampung,1,1,0,0.003569246,0.0015940336,0.0021226062,0.975206,0.0047112545,0.008348062,0.004448756
OLW1nlK6.png,lampung,2,lampung,lampung,1,1,0,0.0047140936,0.0006344476,0.01561332,0.9642152,0.009318688,0.00060421287,0.004900017
eErcJtxV.png,lampung,4,lampung,lampung,1,1,0,0.0037013162,0.004699654,0.00073924905,0.9745817,0.0068114055,0.006653514,0.0028130417
XykiCcpX.png,sunda,2,sunda,sunda,1,1,0,0.009415842,0.001116369,0.017407082,0.007939834,0.007987929,5.2249936e-05,0.95608056
oScQBOyb.png,pegon,1,pegon,pegon,1,1,0,0.0026008638,0.015979739,0.049825586,0.0058711837,0.0040059136,0.9179132,0.0038034916
oR112ze9.png,jawi,3,jawi,jawi,1,1,0,0.0034975933,0.17740747,0.77508056,0.007266428,0.018025955,0.011164428,0.007557634
bJLJGVlV.png,pegon,1,pegon,pegon,1,1,0,0.0031809246,0.021711474,0.022576362,0.0029559755,0.004744136,0.9404848,0.0043462785
4dxUZzmz.png,jawi,5,jawi,jawi,1,1,0,0.06788077,0.18655743,0.66221136,0.00801276,0.01969313,0.013438501,0.04220603
BEp2ecgf.png,jawi,1,jawi,jawi,1,1,0,0.031620618,0.021984901,0.8696495,0.037988137,0.011439935,0.017357554,0.009959417
WBcXXpqm.png,pegon,1,pegon,pegon,1,1,0,0.0045394325,0.031679593,0.026160914,0.0023881777,0.0027872163,0.9312541,0.0011905122
xVNy6WDB.png,bali,3,bali,bali,1,1,0,0.9537885,0.0030895763,0.016405057,0.00809745,0.0065869763,0.00051865727,0.011513688
DUny88xh.png,bali,5,bali,bali,1,1,0,0.97318065,0.01159567,0.00016817224,0.004302236,0.006728805,7.0447764e-05,0.003954016
8Rm7nDGg.png,lontara,2,lontara,lontara,1,1,0,0.004653583,0.009764152,0.0035195458,0.0043173027,0.97299814,0.0007722927,0.00397495
choTfLD5.png,sunda,3,sunda,sunda,1,1,0,0.004960282,0.0012422842,0.011213821,0.005338861,0.0058486965,0.0020988001,0.9692973
iXgnXmCv.png,jawi,2,pegon,jawi,0,1,1,0.006422624,0.036690682,0.81493527,0.002752782,0.0032383217,0.11565297,0.02030737
BRWBWS6p.png,sunda,4,sunda,sunda,1,1,0,0.0058784527,0.008101997,0.0072945696,0.004737125,0.0054497197,0.0004480238,0.96809006
VdLNM3W8.png,lampung,1,lampung,lampung,1,1,0,0.0047661527,0.0022267832,0.017882274,0.9645779,0.005603684,0.0004960141,0.004447113
oeKuS0iB.png,jawa,1,jawa,jawa,1,1,0,0.0036722699,0.9521334,0.017421909,0.0034728518,0.0034926909,0.013436341,0.0063704513
PbobTz7L.png,lampung,1,lampung,lampung,1,1,0,0.007986696,0.010870165,0.009352383,0.9544168,0.0075893216,0.00036870176,0.009415947
voBbJjsu.png,pegon,2,pegon,pegon,1,1,0,0.0068521854,0.021589573,0.017313858,0.0047210846,0.0042583286,0.9379483,0.0073167104
7Ha7hpkC.png,pegon,2,pegon,pegon,1,1,0,0.0039195553,0.013394248,0.01313518,0.005172047,0.005225839,0.95566124,0.003491851
nFqrx6N4.png,jawi,3,jawi,jawi,1,1,0,0.00566027,0.007590038,0.9513588,0.010968582,0.0146319745,0.00307565,0.0067147557
Sygn4f0M.png,lampung,4,lampung,lampung,1,1,0,0.004528871,0.00884645,0.0045844386,0.9684644,0.0062777107,0.0018309242,0.00546722
b0iF2CTT.png,bali,1,bali,bali,1,1,0,0.9739116,0.0031782906,0.010663139,0.0037036347,0.0049345996,0.00031209202,0.0032967397
GT1cETKa.png,lampung,5,lampung,lampung,1,1,0,0.008324753,0.00081177935,0.0007937493,0.9547166,0.0072310176,0.019648416,0.0084736515
aa1nwDXG.png,bali,3,bali,bali,1,1,0,0.95894,0.003504257,0.014078291,0.0083842445,0.006274929,0.00028099216,0.008537326
poxYjw8i.png,sunda,4,sunda,sunda,1,1,0,0.0062304446,0.010431104,0.008121769,0.0056621744,0.0059105647,0.0010353439,0.9626087
IcbvzgRM.png,pegon,4,pegon,pegon,1,1,0,0.006471434,0.037944846,0.044863034,0.006259228,0.0057575395,0.8919056,0.006798372
jPtFvwO7.png,lontara,5,lontara,lontara,1,1,0,0.0023282007,0.0008127098,0.0016489496,0.005722992,0.9424737,0.045602508,0.0014109863
NsTtI4KT.png,bali,1,bali,bali,1,1,0,0.9462941,0.017287841,0.0037369328,0.010346492,0.01061074,0.00022213082,0.011501735
6F1ibKfQ.png,jawa,4,jawa,jawa,1,1,0,0.0050402745,0.93819124,0.008657335,0.0053115413,0.0041845697,0.03375899,0.0048560677
BuvOP2rJ.png,bali,2,bali,bali,1,1,0,0.9680017,0.0031068898,0.010083175,0.007106482,0.004680734,0.00014738343,0.006873619
BoN0wEl6.png,lampung,2,lampung,lampung,1,1,0,0.0060964827,0.004837135,0.01309104,0.9641066,0.007268192,0.0009717489,0.0036287885
qwjDhKjI.png,sunda,1,sunda,sunda,1,1,0,0.005545136,0.00077068625,0.014400464,0.0058910237,0.007517555,0.00018485042,0.9656903
batkgbdv.png,bali,2,bali,bali,1,1,0,0.96597534,0.009030545,0.0046576145,0.0077080103,0.0060061393,0.00014783005,0.006474474
QFITA17m.png,bali,2,bali,bali,1,1,0,0.96160716,0.005635654,0.011423312,0.006719274,0.006155694,0.0005259923,0.007932862
1kFURWTM.png,sunda,1,sunda,sunda,1,1,0,0.01232952,0.00083327503,0.026928745,0.008017109,0.010448395,0.0006643447,0.9407787
pi1koaCG.png,bali,2,bali,bali,1,1,0,0.9614674,0.0059698196,0.009502552,0.007834003,0.006283825,0.00030190032,0.008640474
PKkvHovJ.png,bali,1,bali,bali,1,1,0,0.9892943,0.0030443752,9.139508e-05,0.003925618,0.002077222,3.7325764e-05,0.001529752
l3sEbeMG.png,sunda,2,sunda,sunda,1,1,0,0.0042191716,0.00052458054,0.013727073,0.0028276208,0.002906011,3.369534e-05,0.97576183
S2LnsPn4.png,bali,4,bali,bali,1,1,0,0.97099787,0.0031759061,0.0069165234,0.005976504,0.0075980304,0.000113444876,0.0052217385
h3bNR2wl.png,sunda,4,sunda,sunda,1,1,0,0.0059116157,0.008218541,0.008800003,0.0055206358,0.0060779746,0.0003385578,0.96513265
LTYUKfIW.png,bali,2,bali,bali,1,1,0,0.97233385,0.0062476653,0.0046747173,0.006290246,0.0039283233,0.00026605767,0.006259067
N2zFxSOi.png,jawa,4,jawa,jawa,1,1,0,0.011425633,0.91826814,0.020148978,0.0076318705,0.010387844,0.02272057,0.009416942
Ly2x1SVN.png,pegon,5,pegon,pegon,1,1,0,0.006675555,0.020258047,0.016056765,0.0068439473,0.0071410984,0.9332101,0.009814535
TtWbyema.png,jawi,4,jawi,jawi,1,1,0,0.007442428,0.0073670624,0.9686712,0.004955048,0.0038649752,0.0022380673,0.005461113
D2nDbjMN.png,lampung,1,lampung,lampung,1,1,0,0.0054477816,0.00077366905,0.0034048485,0.9702232,0.0033893436,0.008984827,0.007776266
sBKrWgzj.png,pegon,1,pegon,pegon,1,1,0,0.0076756193,0.011597765,0.013361989,0.005096889,0.007332244,0.94871587,0.0062196623
NYqz6rNj.png,jawa,4,jawa,jawa,1,1,0,0.004980413,0.95345527,0.0059881355,0.0041252053,0.0041618384,0.02251088,0.0047782855
RdkkAilw.png,lampung,5,lampung,lampung,1,1,0,0.01094977,0.003496235,0.000390499,0.95176584,0.009500002,0.016507434,0.0073901955
MUfGVCIU.png,lampung,4,lampung,lampung,1,1,0,0.0067312536,0.01168412,0.006124117,0.9610779,0.0067491066,0.0026885238,0.0049450067
QsiOZpZl.png,jawi,5,jawi,jawi,1,1,0,0.009762802,0.0125207435,0.9343833,0.0095997555,0.010679387,0.010041068,0.013012918
cs9cua3i.png,lampung,2,lampung,lampung,1,1,0,0.0065493723,0.00034412352,0.004699722,0.9681857,0.0041970145,0.011586574,0.004437452
qvFKrvvc.png,pegon,5,pegon,pegon,1,1,0,0.007969985,0.010091833,0.014626282,0.0066108974,0.00866727,0.9437037,0.008329924
oRGev7Pj.png,lampung,4,lampung,lampung,1,1,0,0.0032012712,0.0075651365,0.001960757,0.98092115,0.0034561877,0.00038145806,0.0025140487
FoPqbvuW.png,lontara,4,lontara,lontara,1,1,0,0.009648563,0.022898141,0.0033230397,0.009362301,0.9432047,0.0018271098,0.009736074
tcL8ft2D.png,lontara,1,lontara,lontara,1,1,0,0.0044557103,0.0035023296,0.01704239,0.0070695356,0.96172327,0.0002886844,0.0059181065
n97oYdkd.png,jawi,5,jawi,jawi,1,1,0,0.0022668326,0.016212927,0.9580601,0.004583825,0.005422008,0.00871212,0.0047422345
oVWNNlH7.png,sunda,4,sunda,sunda,1,1,0,0.0066498555,0.004441568,0.009992138,0.006324795,0.0061738286,0.0028419038,0.96357584
hMYRtlJk.png,jawa,3,jawa,jawa,1,1,0,0.0063267103,0.94248605,0.010655747,0.007665617,0.0066002016,0.017346729,0.008918812
MJ0ar3Ba.png,jawi,1,jawi,jawi,1,1,0,0.0035139783,0.013834379,0.9409436,0.007077574,0.012549751,0.01900191,0.0030787853
3ofFY2Sm.png,jawa,4,jawa,jawa,1,1,0,0.0056422483,0.9569699,0.0072073406,0.00389209,0.005373389,0.01737414,0.0035408086
siwF2MmU.png,jawa,3,jawa,jawa,1,1,0,0.006122897,0.91882205,0.016455034,0.007859344,0.007032061,0.038072746,0.005635897
NA5VHBgm.png,lampung,4,lampung,lampung,1,1,0,0.0035485115,0.005019303,0.004672512,0.9780783,0.003464268,0.0017006586,0.0035164256
OK4UFhlw.png,sunda,3,sunda,sunda,1,1,0,0.0049161096,0.00014367483,0.0122449035,0.0057343626,0.0038325295,0.00016232865,0.9729661
NFzxrArQ.png,pegon,2,pegon,jawi,1,0,1,0.0046112225,0.015020626,0.8998227,0.013621633,0.011641031,0.041453034,0.013829694
nbtW9bVE.png,bali,2,bali,bali,1,1,0,0.97039694,0.006693578,0.0060648853,0.0052666613,0.0042428807,0.0003031347,0.007031892
9rQRSZJt.png,jawi,3,jawi,jawi,1,1,0,0.0028034302,0.007051416,0.96693075,0.0058864634,0.009815921,0.005348741,0.0021633487
yRpkDAc3.png,pegon,2,pegon,pegon,1,1,0,0.0012548851,0.010783424,0.02816193,0.000967837,0.00071910396,0.9575119,0.0006009898
ZUeiocJQ.png,lampung,1,lampung,lampung,1,1,0,0.007291712,0.011446666,0.002423489,0.9626856,0.0060858014,0.0022190374,0.00784777
cWEXpCqP.png,lampung,5,lampung,lampung,1,1,0,0.006497234,0.00037011196,0.0002165178,0.95877594,0.0075371903,0.019094678,0.0075082523
QJG2flSb.png,lampung,2,lampung,lampung,1,1,0,0.0038146123,0.0047228737,0.0070124078,0.97415257,0.00542873,0.0013009708,0.0035678397
qESXeLFx.png,lampung,3,lampung,lampung,1,1,0,0.006741474,0.014260046,0.0016507201,0.96316993,0.0072768317,0.0006241001,0.0062768864
Uh5IjS1j.png,sunda,4,sunda,sunda,1,1,0,0.0067335255,0.013040371,0.010498717,0.010151406,0.00923363,0.0014397028,0.94890267
w5N9PNNM.png,sunda,3,sunda,sunda,1,1,0,0.006007209,9.8611534e-05,0.014865722,0.00543118,0.0071881823,5.629701e-05,0.96635276
TZbJEc5Q.png,lampung,1,lampung,lampung,1,1,0,0.006770863,0.0033221385,0.007783835,0.959493,0.0062291105,0.008855843,0.0075452696
ikxVtKWj.png,jawi,1,jawi,jawi,1,1,0,0.0053572557,0.02506753,0.9242617,0.009581609,0.007539305,0.022757474,0.0054351655
1ZXt5YVc.png,lontara,2,lontara,lontara,1,1,0,0.0074022557,0.002815409,0.01749883,0.006358933,0.9605028,0.00022070842,0.0052011237
VCntaz7J.png,jawi,5,jawi,jawi,1,1,0,0.008181004,0.015567019,0.9298266,0.00907119,0.012609123,0.014652451,0.010092678
ScgQLc8D.png,lontara,5,lontara,lontara,1,1,0,0.008537025,0.023371477,0.0009679588,0.0083124945,0.9498982,0.0002424783,0.008670355
L5RSkhHq.png,jawa,2,jawa,jawa,1,1,0,0.011208526,0.8780384,0.036347304,0.009818896,0.011176845,0.044555396,0.008854631
bUXrN0U8.png,pegon,1,pegon,pegon,1,1,0,0.0027303426,0.011351006,0.020433934,0.004519667,0.004094901,0.9524083,0.004461923
aR2WPQJu.png,pegon,5,pegon,pegon,1,1,0,0.0046289903,0.023998287,0.0149445925,0.004044419,0.004192712,0.9437463,0.0044447393
RdA2oMDc.png,sunda,2,sunda,sunda,1,1,0,0.005421801,0.00029746053,0.015093799,0.005127179,0.003874092,2.4061981e-05,0.9701616
1ZoygnsD.png,jawi,2,jawi,jawi,1,1,0,0.010328373,0.02646248,0.92151666,0.009044128,0.0045621665,0.022207607,0.005878563
B4fqSHPu.png,sunda,3,sunda,sunda,1,1,0,0.0034553958,0.0001305625,0.017403563,0.0056451727,0.0047270437,0.00019523343,0.96844304
pqnVdpac.png,lampung,2,lampung,lampung,1,1,0,0.0037635064,0.009495127,0.00037800265,0.97641265,0.0052431966,0.0014137386,0.0032938453
HE7pRcW0.png,jawi,5,jawi,jawi,1,1,0,0.0068553863,0.016337834,0.9230314,0.008641147,0.014719343,0.019745717,0.010669232
d8z061u0.png,jawi,4,jawi,jawi,1,1,0,0.0030178272,0.015450727,0.9587072,0.003189328,0.0042007305,0.012659871,0.0027741909
2A63cZF0.png,jawi,2,jawi,jawi,1,1,0,0.006773587,0.09956492,0.7657448,0.015163072,0.0041328184,0.10640112,0.002219632
dq7nTl0e.png,bali,2,bali,bali,1,1,0,0.95731866,0.0033522658,0.011373842,0.009430909,0.008039527,0.00026722605,0.0102176815
aDH5W4Qj.png,pegon,4,pegon,pegon,1,1,0,0.0049438286,0.065616526,0.06425319,0.0063450537,0.0060012806,0.845131,0.007709119
NElrFQPm.png,jawa,4,jawa,jawa,1,1,0,0.010285902,0.9369269,0.015427628,0.008771022,0.006361889,0.015747283,0.0064795017
8MjmtMqh.png,lampung,1,lampung,lampung,1,1,0,0.0052103703,0.0014791981,0.0053385147,0.96485496,0.005989398,0.011415331,0.0057122703
uufSFSKn.png,pegon,4,pegon,pegon,1,1,0,0.0084187,0.0035352926,0.006389097,0.010569653,0.009686889,0.9519373,0.009462966
3Smk3AKE.png,lampung,4,lampung,lampung,1,1,0,0.0047478494,0.00045556587,0.00076853763,0.9737933,0.0047371667,0.011332246,0.0041652336
U2nA0Cet.png,bali,3,bali,bali,1,1,0,0.968597,0.010657489,0.000587183,0.0051194546,0.0074810763,3.2052572e-05,0.0075257462
xOfR5IRv.png,pegon,2,pegon,pegon,1,1,0,0.0089252675,0.027367046,0.018274946,0.008532289,0.007294372,0.91919637,0.010409688
cUEn977l.png,pegon,1,pegon,pegon,1,1,0,0.0028377934,0.019049728,0.022358555,0.005043212,0.0041474067,0.94239074,0.004172718
CCzzkLVk.png,lontara,3,lontara,lontara,1,1,0,0.0056979675,0.0141620375,0.0011551351,0.006201482,0.96726525,0.000305334,0.0052128066
zPEg8b0E.png,jawa,4,jawa,jawa,1,1,0,0.0071200985,0.9473607,0.0056332126,0.0040385486,0.005785506,0.023280712,0.006781177
XGO4pjTI.png,jawi,1,jawi,jawi,1,1,0,0.0046403264,0.024837188,0.91935307,0.00349221,0.0050860303,0.038225178,0.0043659667
5zEGbmuw.png,lampung,2,lampung,lampung,1,1,0,0.0024757194,0.010572859,0.0004916102,0.9802802,0.0038193394,0.00013624887,0.0022239694
43ik68b4.png,jawi,4,jawi,jawi,1,1,0,0.0035688907,0.0094118565,0.9742019,0.0013510445,0.0038857807,0.0045026466,0.0030778248
vYCsX9US.png,lontara,5,lontara,lontara,1,1,0,0.0072546066,0.009819057,0.008888121,0.0068496843,0.9608048,0.00016136709,0.0062223375
VO9PCuJE.png,sunda,4,sunda,sunda,1,1,0,0.006213472,0.0021269359,0.018029539,0.008078147,0.0078880405,0.00035880337,0.957305
oP4vfjOb.png,sunda,5,sunda,sunda,1,1,0,0.005338103,0.001630127,0.011786201,0.0059805242,0.006535218,0.00017447722,0.9685554
C4DWB474.png,jawi,3,jawi,jawi,1,1,0,0.009244604,0.02185628,0.9375568,0.008824039,0.009046396,0.0051862537,0.008285657
cdpS87Z0.png,lampung,5,lampung,lampung,1,1,0,0.008781441,0.00011971521,0.005130345,0.9542388,0.0075255693,0.016256506,0.007947687
s1qR4aHe.png,bali,4,bali,bali,1,1,0,0.9661189,0.0081410175,0.004387463,0.0060443585,0.0070290864,0.00013536717,0.008143826
PnrEr8ZT.png,lontara,3,lontara,lontara,1,1,0,0.0055575133,0.014944176,0.0008572062,0.0062449593,0.966779,0.00040058914,0.0052165403
3DZIpr0D.png,jawi,2,jawi,jawi,1,1,0,0.004367997,0.0096745,0.9620851,0.009250264,0.0034967475,0.008107064,0.003018235
XPYzUDEj.png,jawa,2,jawa,jawa,1,1,0,0.017692652,0.905535,0.013616201,0.015048842,0.009915571,0.028226582,0.009965201
PqFZrE4J.png,lampung,5,lampung,lampung,1,1,0,0.006389525,0.0017623438,0.00913759,0.9549928,0.009268429,0.011171036,0.007278232
2GHdL2HV.png,jawi,5,jawi,jawi,1,1,0,0.009875552,0.031859767,0.92068094,0.0059468057,0.0059550838,0.019089472,0.0065923245
jDP92arf.png,lampung,5,lampung,lampung,1,1,0,0.008383856,0.017348034,0.0001271311,0.95964444,0.006061071,0.00046798744,0.007967523
23UsjIFW.png,sunda,5,sunda,sunda,1,1,0,0.0064064083,0.0022697174,0.012417642,0.007998288,0.0071836356,0.0024475679,0.9612767
CsPBfLQA.png,jawi,3,jawi,jawi,1,1,0,0.0046067415,0.012670724,0.96422565,0.0055634063,0.0043557603,0.006768916,0.0018087117
JZ1whhs3.png,lontara,3,lontara,lontara,1,1,0,0.0046713506,0.012013128,0.0011624745,0.004961914,0.9729893,0.00028279773,0.0039189802
3uK7UIKJ.png,pegon,5,pegon,pegon,1,1,0,0.0071043563,0.02197789,0.02473455,0.009438997,0.009997937,0.9191372,0.0076091085
nL4gJTNG.png,jawa,5,jawa,jawa,1,1,0,0.004779226,0.9505012,0.009102526,0.0072773336,0.0076638125,0.015423552,0.00525233
TczqNdsP.png,bali,1,bali,bali,1,1,0,0.94806576,0.00080785475,0.016249985,0.010961848,0.011016718,0.0003227577,0.012575148
cXOBfe2u.png,jawi,3,jawi,jawi,1,1,0,0.008792997,0.018265065,0.927715,0.007906965,0.009066633,0.022074949,0.006178327
Knbrhds6.png,lampung,4,lampung,lampung,1,1,0,0.0076608043,0.001094418,0.013470157,0.9546308,0.007420433,0.009067754,0.0066556125
4uAmoYZt.png,lampung,5,lampung,lampung,1,1,0,0.0055034403,0.00068079814,0.0009704482,0.9614725,0.006377764,0.018346813,0.006648318
wnz2exYX.png,sunda,4,sunda,sunda,1,1,0,0.0065346346,0.013088126,0.006523534,0.0066820816,0.0076905,0.00025743048,0.9592237
8Qt2WSim.png,lampung,4,lampung,lampung,1,1,0,0.0035835775,0.0007500077,0.0026603069,0.9777999,0.003161201,0.00896024,0.0030847501
b2xNIOw0.png,lontara,1,lontara,lontara,1,1,0,0.007770557,0.030763434,0.0014185946,0.0076748934,0.9443127,0.0003937372,0.0076660574
bN951kQr.png,jawa,3,jawa,jawa,1,1,0,0.006796212,0.93305993,0.017753014,0.008979924,0.008284895,0.021082228,0.0040438143
eHc1UOgQ.png,pegon,5,pegon,pegon,1,1,0,0.006884263,0.020112677,0.01907953,0.008002806,0.009485417,0.9283247,0.008110684
yZdJUHlj.png,pegon,3,pegon,pegon,1,1,0,0.024340989,0.0154228555,0.020272959,0.0276256,0.020803442,0.8721895,0.019344639
IvZc4Sdh.png,sunda,2,sunda,sunda,1,1,0,0.008778773,0.008257793,0.015158771,0.007728533,0.009632185,0.0005630485,0.949881
JNBuhPOK.png,bali,4,bali,bali,1,1,0,0.97987694,0.0065792995,0.000507465,0.0051214118,0.004034437,0.00010438947,0.003776125
TzqdqtA0.png,pegon,3,pegon,pegon,1,1,0,0.0030139908,0.019330014,0.061161287,0.0013658637,0.0030418304,0.91068596,0.0014010326
P1m06Z7A.png,jawa,3,jawa,jawa,1,1,0,0.0052308,0.95520544,0.012309409,0.005342223,0.004745241,0.0139756575,0.0031911037
v1OXeYbY.png,lampung,2,lampung,lampung,1,1,0,0.004969067,0.00046235614,0.00031963986,0.9733662,0.0043779863,0.012943731,0.0035610145
wgakSBPA.png,lontara,1,lontara,lontara,1,1,0,0.0066703917,0.009904629,0.01674173,0.00962099,0.94988155,0.00048952387,0.006691239
SvkcCYTX.png,bali,4,bali,bali,1,1,0,0.9733968,0.010926848,0.0006310693,0.0039897673,0.005470571,0.00012646857,0.005458436
6GA4sPiL.png,lampung,3,lampung,lampung,1,1,0,0.0074935993,0.0025958046,0.009765421,0.9536278,0.010295929,0.00846779,0.007753649
5D9e3p1c.png,lampung,5,lampung,lampung,1,1,0,0.006450951,0.0009054327,0.00022069726,0.96013355,0.0072928565,0.017532155,0.007464378
ZQ11xJiX.png,jawi,3,jawi,jawi,1,1,0,0.009731086,0.0026723165,0.9477014,0.011390124,0.017553715,0.0037612172,0.0071900687
nFajvoB2.png,lontara,5,lontara,lontara,1,1,0,0.007234933,0.009235407,0.009711763,0.006793577,0.9593321,0.0010028341,0.0066893115
HAU8PlN5.png,lontara,2,lontara,lontara,1,1,0,0.0062998286,0.016753677,0.001165146,0.004615876,0.9653103,0.00026093304,0.0055942354
iQhIXrzU.png,lampung,2,lampung,lampung,1,1,0,0.0037457356,0.0012711978,0.007576989,0.979079,0.002851631,0.0010031483,0.004472242
Cyayh52v.png,lontara,3,lontara,lontara,1,1,0,0.0052659037,0.01785629,0.005455177,0.0049759173,0.95995456,0.0005110157,0.0059812316
GCPsfsSH.png,pegon,1,pegon,pegon,1,1,0,0.0028620833,0.015658077,0.013185424,0.0055781635,0.0046848296,0.95371217,0.0043190564
KgWndiJv.png,jawa,3,jawa,jawa,1,1,0,0.0038505844,0.96168035,0.008401815,0.0040014163,0.006075639,0.011450324,0.0045398436
RJq9FlCW.png,lontara,4,lontara,lontara,1,1,0,0.0068249046,0.019203987,0.0010562525,0.008593099,0.95404285,0.00029618913,0.009982658
lDwHJQr1.png,jawi,5,jawi,jawi,1,1,0,0.0075701373,0.017071798,0.93665105,0.0070290463,0.0048760436,0.022157371,0.0046446356
69KpwbyP.png,jawi,2,jawi,jawi,1,1,0,0.04060258,0.12573378,0.73489726,0.011435256,0.038236413,0.023785274,0.025309388
jCXHi2dB.png,bali,4,bali,bali,1,1,0,0.9720427,0.004110661,0.0102763325,0.0037268845,0.005156762,0.0003148975,0.0043717776
oz6axggI.png,jawi,4,jawi,jawi,1,1,0,0.0025217053,0.03182195,0.9386414,0.0028806117,0.002679777,0.018498244,0.0029562754
3YAeVKBz.png,lampung,3,lampung,lampung,1,1,0,0.0070005534,0.004092171,0.002879202,0.9532127,0.008685319,0.015012458,0.009117617
m4z1XZzL.png,jawa,2,jawa,jawa,1,1,0,0.0050706994,0.9516517,0.013855841,0.00632979,0.006222107,0.010939486,0.0059303516
14Lt4WlT.png,sunda,3,sunda,sunda,1,1,0,0.0056509804,0.0071378397,0.011776931,0.005695486,0.006259242,0.0007662252,0.9627133
C26KLenr.png,jawi,3,jawi,jawi,1,1,0,0.0021570981,0.009075657,0.9579308,0.0031686346,0.0050416524,0.01173331,0.010892878
hou8FR6i.png,lampung,5,lampung,lampung,1,1,0,0.0065890965,0.00085101015,0.00094474613,0.949479,0.008541741,0.025114225,0.008480254
Hut8cofA.png,lampung,1,lampung,lampung,1,1,0,0.006199482,0.00057161716,0.0030913597,0.9626808,0.0072993743,0.013581152,0.0065761474
e10WL4yp.png,jawi,5,jawi,jawi,1,1,0,0.009264264,0.01844121,0.92124003,0.009442815,0.010261037,0.017340839,0.014009763
hf7YHOni.png,lontara,4,lontara,lontara,1,1,0,0.0060923593,0.017144809,0.002010994,0.006692954,0.961383,0.00060351513,0.0060723242
NA5TIdrN.png,jawi,2,jawi,jawi,1,1,0,0.012033442,0.025024813,0.9101576,0.007307329,0.0067302356,0.029000953,0.009745721
JsqQpKkl.png,pegon,3,pegon,pegon,1,1,0,0.014525492,0.020183144,0.022275345,0.020402202,0.014996353,0.8932681,0.014349276
TinA0US9.png,jawa,2,jawa,jawa,1,1,0,0.0049039596,0.94214785,0.022638377,0.0062683225,0.0057146545,0.010651923,0.0076749213
cdyCdzC7.png,jawa,3,jawa,jawa,1,1,0,0.018037558,0.9143051,0.009883044,0.016932946,0.015517875,0.01242035,0.012903142
czAlIux8.png,jawi,3,jawi,jawi,1,1,0,0.00799278,0.025061345,0.9222306,0.007841449,0.007832081,0.022907922,0.006133752
0L3z3SQN.png,bali,5,bali,bali,1,1,0,0.63708025,0.29227445,0.015149636,0.010091904,0.023320341,0.0028709597,0.01921247
RM32xtTW.png,jawi,2,jawi,jawi,1,1,0,0.008033024,0.00607347,0.9474128,0.009768529,0.008368779,0.012352904,0.007990394
qYlEZN9z.png,bali,3,bali,bali,1,1,0,0.9407235,0.0035033266,0.022866879,0.010450264,0.0080830045,0.0006712385,0.013701805
bxlXmak1.png,jawa,5,jawa,jawa,1,1,0,0.0074514328,0.9408942,0.012957496,0.008317276,0.007284118,0.01726677,0.0058286693
SuRtdxTJ.png,jawi,3,jawi,jawi,1,1,0,0.047068562,0.018876089,0.8858333,0.009978491,0.022520322,0.0063412483,0.009382054
8yjpTIAh.png,sunda,2,sunda,sunda,1,1,0,0.0036341306,0.0024625938,0.014909467,0.0036234648,0.0043429816,4.5015968e-05,0.97098225
d5y6kFuS.png,pegon,3,pegon,pegon,1,1,0,0.005644024,0.017326118,0.020575276,0.0067576217,0.008916293,0.93495315,0.005827468
VcYUUu2z.png,lampung,2,lampung,lampung,1,1,0,0.0065270825,0.00016302068,0.00028360658,0.96108615,0.0063359495,0.019308316,0.0062958435
KlctSWiv.png,lampung,5,lampung,lampung,1,1,0,0.0066363974,0.0030056098,0.014564768,0.96179914,0.007054861,0.0016025149,0.005336784
x6RVUnPi.png,lontara,2,lontara,lontara,1,1,0,0.009453735,0.0075385966,0.020292887,0.010404108,0.94301844,0.00015737802,0.009134884
SY5W0eL6.png,jawa,2,jawa,jawa,1,1,0,0.017363764,0.90966266,0.0059755915,0.01456558,0.009645621,0.026301257,0.016485527
UDpKEE02.png,sunda,3,sunda,sunda,1,1,0,0.0075717047,0.0016215977,0.016401565,0.008386858,0.010153105,0.003965766,0.9518994
U8jUC8UB.png,jawi,2,jawi,jawi,1,1,0,0.005036042,0.0112195,0.96747017,0.0043845708,0.0018187946,0.007451934,0.0026188146
2aWpINt9.png,jawa,1,jawa,jawa,1,1,0,0.01161452,0.91839314,0.01838422,0.007344783,0.010660914,0.02395414,0.009648396
08zlkoX2.png,lampung,3,lampung,lampung,1,1,0,0.008524301,0.024337715,0.0010777113,0.9402118,0.012211459,0.0049030343,0.008734097
3Wpj1kDG.png,jawi,3,jawi,jawi,1,1,0,0.0053429706,0.008095714,0.9588635,0.008162514,0.008241221,0.0051208828,0.006173125
4cClALn9.png,sunda,4,sunda,sunda,1,1,0,0.006798953,0.0006146185,0.016906524,0.0069842124,0.006180071,0.0008266559,0.96168894
c1yd0RVE.png,lontara,2,lontara,lontara,1,1,0,0.010339148,0.009870642,0.022287322,0.0069747795,0.94118017,0.0004648227,0.00888327
0ZinjJ8h.png,pegon,1,pegon,pegon,1,1,0,0.00816531,0.020404365,0.018505957,0.005620322,0.00679661,0.9372006,0.003306769
eFl19t80.png,lampung,4,lampung,lampung,1,1,0,0.0039457595,0.0032310504,0.008785049,0.9718313,0.005779343,0.002239176,0.004188208
T3IryATF.png,jawi,2,jawi,jawi,1,1,0,0.008985253,0.020315485,0.92495275,0.0047862837,0.0039442866,0.033266384,0.0037495384
nliFDXFf.png,lampung,1,lampung,lampung,1,1,0,0.00787335,0.013852192,0.005392905,0.9571085,0.008485585,0.0005205828,0.0067669153
uAfUeweZ.png,jawa,4,jawa,jawa,1,1,0,0.0039692833,0.9519238,0.008155719,0.004992647,0.005472622,0.021761985,0.0037239406
4I5C6He0.png,lontara,5,lontara,lontara,1,1,0,0.008365266,0.0148467,0.0043886765,0.009669706,0.9548625,0.0003983651,0.0074688466
WyDE9uju.png,jawi,3,jawi,jawi,1,1,0,0.003446556,0.048761386,0.91513145,0.0025989942,0.004623992,0.024387427,0.0010502288
cRp4rTDy.png,lontara,2,lontara,lontara,1,1,0,0.0065511623,0.016260413,0.0024808631,0.006553287,0.9609261,0.0008651432,0.006363013
TelalwGU.png,lontara,1,lontara,lontara,1,1,0,0.0059294747,0.017353456,0.0010175176,0.006315656,0.9625975,0.00022648527,0.006559782
4kCwDtpp.png,jawa,5,jawa,jawa,1,1,0,0.008096788,0.93454653,0.011149007,0.011308067,0.009605344,0.016818564,0.00847564
Jn5BcYtr.png,jawa,3,jawa,jawa,1,1,0,0.007032229,0.9261601,0.017794665,0.012744597,0.011448749,0.020105008,0.0047146534
1kXUAIq7.png,bali,4,bali,bali,1,1,0,0.95526433,0.024391517,0.00022507727,0.005544512,0.0066889403,0.0003134057,0.00757215
b38LRCGl.png,jawi,4,jawi,jawi,1,1,0,0.0053729727,0.017902728,0.9272459,0.015987914,0.008263711,0.018615892,0.006610886
luuPnhLk.png,jawa,5,jawa,jawa,1,1,0,0.001980876,0.9651847,0.011041007,0.0046315007,0.0027716553,0.008062012,0.0063282507
FhuLCH44.png,pegon,4,pegon,pegon,1,1,0,0.011798308,0.00538051,0.0086570075,0.018577892,0.01606706,0.92451334,0.015005809
BstH3txE.png,bali,4,bali,bali,1,1,0,0.9694193,0.009399169,0.0053411224,0.00561064,0.0048942175,0.00052613823,0.004809405
2dWrOTZ0.png,lontara,4,lontara,lontara,1,1,0,0.0056977575,0.007247257,0.0071418695,0.0047768354,0.9688128,0.0015900688,0.004733379
V6dmXQ8j.png,lampung,1,lampung,lampung,1,1,0,0.007833166,0.0044775195,0.0063467715,0.9563299,0.00944935,0.0076542953,0.007909094
mo5lpfJu.png,sunda,5,sunda,sunda,1,1,0,0.01112433,0.0008477042,0.0154349115,0.00966999,0.006636207,0.00046609394,0.95582074
91t7JrTl.png,lampung,4,lampung,lampung,1,1,0,0.006672413,0.002954314,0.0056145214,0.9673684,0.0050484464,0.007001045,0.0053408104
EFg5wH6t.png,sunda,5,sunda,sunda,1,1,0,0.0048634703,0.002501888,0.0124022225,0.0058178343,0.005350575,0.000109416564,0.96895456
RchftR0f.png,jawi,1,jawi,jawi,1,1,0,0.010012972,0.019712234,0.93141806,0.007337589,0.0077444897,0.016438052,0.0073367036
3XWDQfar.png,lampung,3,lampung,lampung,1,1,0,0.0072964355,0.0054448326,0.012896704,0.95846385,0.0069302614,0.00034101092,0.008626889
RluiVo0S.png,jawa,1,jawa,jawa,1,1,0,0.010271043,0.9367706,0.01357274,0.009429356,0.011438518,0.007994602,0.0105231255
mT2iYZyD.png,sunda,4,sunda,sunda,1,1,0,0.0050144293,0.0011996427,0.012187162,0.005156419,0.00527567,0.003143323,0.96802336
qSZlUe8k.png,lampung,5,lampung,lampung,1,1,0,0.0060905456,0.000968272,0.0020428374,0.96196145,0.0059418315,0.016091716,0.0069034304
myShL7j9.png,jawi,4,jawi,jawi,1,1,0,0.009344807,0.013204661,0.92934144,0.010526195,0.010502476,0.019007387,0.008073154
DtpUPwCx.png,lontara,2,lontara,lontara,1,1,0,0.013694826,0.021850007,0.007230037,0.008720981,0.9372998,0.0011773931,0.010027053
KxlNUzn7.png,jawa,1,jawa,jawa,1,1,0,0.025320917,0.91040736,0.011096898,0.009697304,0.014996527,0.0095661245,0.018914796
xUkeAEQ7.png,sunda,1,sunda,sunda,1,1,0,0.0068041524,0.001994339,0.018642055,0.007120283,0.008934065,0.0006665536,0.9558385
GCBUFSD6.png,pegon,5,pegon,pegon,1,1,0,0.005981339,0.023361111,0.028566783,0.006650291,0.004591321,0.92138445,0.009464689
imyRMBu5.png,pegon,1,pegon,pegon,1,1,0,0.0028450878,0.018732566,0.0148766795,0.0072332667,0.0052857115,0.9440559,0.0069708377
GisEHIBs.png,lampung,5,lampung,lampung,1,1,0,0.0073985583,0.00073710945,0.00023988936,0.95619357,0.007328132,0.019971326,0.0081314435
SLGwgWFQ.png,sunda,2,sunda,sunda,1,1,0,0.005417686,0.0014270198,0.00836164,0.005320659,0.007589915,0.004780631,0.96710247
npFTkZEl.png,jawa,1,jawa,jawa,1,1,0,0.007619068,0.9447173,0.010649727,0.0066132196,0.0063379016,0.014177653,0.009885153
g0Ki3YeX.png,pegon,5,pegon,pegon,1,1,0,0.0037815082,0.011606351,0.009802202,0.0021314183,0.0040709977,0.96531147,0.003296161
0BdtHwHo.png,lampung,5,lampung,lampung,1,1,0,0.0057279486,0.015955323,0.002535617,0.9604982,0.0071028317,0.0010350408,0.0071450863
J6eKKjs0.png,jawa,2,jawa,jawa,1,1,0,0.012282094,0.9322761,0.015623277,0.010506485,0.008137428,0.012468132,0.008706503
bII0BuJs.png,jawa,5,jawa,jawa,1,1,0,0.004495507,0.9402662,0.009381514,0.012513508,0.007848023,0.016036605,0.00945855
waT5eupf.png,sunda,2,sunda,sunda,1,1,0,0.0035424244,0.0021093318,0.006266628,0.004350839,0.004327859,4.4772205e-05,0.97935814
m6DGems1.png,jawa,4,jawi,jawa,0,1,1,0.0,0.9686809,0.016979216,0.0,0.0,0.014339883,0.0
1LxX81mj.png,bali,1,bali,bali,1,1,0,0.9380173,0.00070986204,0.02208316,0.013497687,0.011231496,0.00042887448,0.014031733
tYZZwo8Q.png,sunda,4,sunda,sunda,1,1,0,0.006987605,0.0033280156,0.015347318,0.0064299516,0.0073940097,0.00062120723,0.95989186
tsBTvthV.png,lontara,4,lontara,lontara,1,1,0,0.005493833,0.012403246,0.0006936201,0.004796502,0.971289,0.00046795388,0.004855847
sylxCbu1.png,lampung,4,lampung,lampung,1,1,0,0.0062725274,0.0074867955,0.0063835033,0.9671938,0.0056139934,0.002746181,0.004303163
imk9b4r6.png,lontara,4,lontara,lontara,1,1,0,0.004668371,0.011776616,0.0033168343,0.0052232463,0.968399,0.00073183194,0.005884129
HNvaRLps.png,jawi,1,jawi,jawi,1,1,0,0.0023316897,0.021572325,0.93903124,0.0041077733,0.0075241844,0.023053499,0.0023794086
6yDphqpC.png,jawi,1,jawi,jawi,1,1,0,0.0070185903,0.021963147,0.937552,0.0032375827,0.005934841,0.019842051,0.004452009
WjQhQf9E.png,pegon,4,pegon,pegon,1,1,0,0.008437366,0.04114387,0.049628984,0.00551943,0.0051477156,0.88400066,0.0061220215
sR5RaBni.png,pegon,1,pegon,pegon,1,1,0,0.0031532615,0.013933147,0.011929296,0.0042693457,0.003891388,0.9588321,0.0039914595
y3ms7SWl.png,jawa,3,jawa,jawa,1,1,0,0.008432183,0.92822033,0.019567972,0.009965236,0.009015531,0.018763283,0.0060355384
s3gRCrqz.png,bali,5,bali,bali,1,1,0,0.95453876,0.002530447,0.02063331,0.0065594134,0.009120742,0.00013554061,0.006481856
Yt4OzZN9.png,sunda,4,sunda,sunda,1,1,0,0.0107568605,0.000437337,0.028689828,0.012598527,0.009694501,0.0009961982,0.93682677
Yylhe9J4.png,lampung,1,lampung,lampung,1,1,0,0.0042667952,0.0016076611,0.011763656,0.9656501,0.0053402716,0.0062974,0.005074165
0yIg2TTX.png,sunda,3,sunda,sunda,1,1,0,0.005172314,0.011459427,0.009221408,0.008996864,0.005527992,0.00039848956,0.9592236
obEVSnS1.png,jawa,1,jawa,jawa,1,1,0,0.006695737,0.94995904,0.013107909,0.006884382,0.005497509,0.010856232,0.006999193
AFBPhNbP.png,sunda,2,sunda,sunda,1,1,0,0.003869601,0.00014142046,0.0085969195,0.004379099,0.0029098664,9.077446e-05,0.98001236
sDWo87at.png,jawa,4,jawa,jawa,1,1,0,0.013119458,0.9335085,0.014397796,0.010056068,0.01003248,0.010070932,0.00881486
up3YLKIQ.png,pegon,4,pegon,pegon,1,1,0,0.005867952,0.0038722607,0.007906662,0.0054176063,0.008532468,0.9624322,0.0059708953
lJvlTvSv.png,jawi,2,jawi,jawi,1,1,0,0.008802087,0.02070197,0.92161477,0.009466072,0.0076657487,0.02320776,0.008541544
ptje4qo0.png,lampung,2,lampung,lampung,1,1,0,0.0017625768,0.000112429225,0.007426081,0.9846543,0.0013339268,0.00041487944,0.004295821
EeIu96l7.png,pegon,3,pegon,pegon,1,1,0,0.006024076,0.019057563,0.022808919,0.009701803,0.008608308,0.92454344,0.009255791
ssX67UJG.png,bali,5,bali,bali,1,1,0,0.9617924,0.0027615232,0.014533074,0.007374089,0.0069512427,9.056405e-05,0.0064970134
02DYtVWP.png,lontara,1,lontara,lontara,1,1,0,0.006548664,0.01775326,0.0068411506,0.005524269,0.9563496,0.0003188731,0.0066641127
ml0G8LKd.png,pegon,5,jawi,jawi,0,0,0,0.006580103,0.007426688,0.81909907,0.011593237,0.020351663,0.12793414,0.0070151095
j6zCaxtl.png,bali,3,bali,bali,1,1,0,0.9608874,0.0057224035,0.013069961,0.0069067986,0.005433823,0.0005725741,0.0074070804
3bjvCM4C.png,lontara,4,lontara,lontara,1,1,0,0.0037535566,0.007912813,0.00361524,0.00332285,0.9751076,0.0024741224,0.0038138304
Ize2iuqX.png,sunda,1,sunda,sunda,1,1,0,0.006498856,0.0033065572,0.014450963,0.004755193,0.0063526193,0.00037252836,0.9642633
RE7R177P.png,jawa,1,jawa,jawa,1,1,0,0.0045900038,0.9468241,0.015348886,0.0049491744,0.0040205433,0.018316472,0.0059508774
rF7sKHop.png,bali,1,bali,bali,1,1,0,0.9437257,0.012608804,0.011718316,0.011803909,0.008511893,0.00020261167,0.011428685
WbigaXJX.png,pegon,4,pegon,pegon,1,1,0,0.008223559,0.003931141,0.004737233,0.0071507916,0.007826811,0.96004164,0.008088684
5kkyLLXz.png,lampung,4,lampung,lampung,1,1,0,0.007070445,0.012894228,0.0042334204,0.96483463,0.00592301,0.00037445533,0.004669815
PoQOsLAf.png,lampung,2,lampung,lampung,1,1,0,0.004092553,0.015734665,0.0023530673,0.9617805,0.010223025,0.0014013124,0.004414839
2oYhMFk5.png,sunda,4,sunda,sunda,1,1,0,0.0070597613,0.0003233406,0.022557512,0.0077820965,0.0069779716,0.000109475244,0.9551898
hcJHuAFS.png,lampung,5,lampung,lampung,1,1,0,0.0066858833,0.001648432,0.006749662,0.95829064,0.0065723304,0.012097376,0.007955729
yDsXaVgR.png,jawi,4,jawi,jawi,1,1,0,0.006311099,0.017903347,0.9209607,0.007115353,0.0077274735,0.033122808,0.006859174
FYqQ8ppo.png,pegon,1,pegon,pegon,1,1,0,0.0046726754,0.012861483,0.013544693,0.0044740024,0.006803966,0.9532727,0.0043703476
TfcA21uN.png,pegon,3,pegon,pegon,1,1,0,0.0063261255,0.016019754,0.020529637,0.005365522,0.0049116923,0.9411144,0.0057327827
lItSF14C.png,lampung,4,lampung,lampung,1,1,0,0.0057260403,0.0016290192,0.013287917,0.96713793,0.0055878838,0.0005912895,0.0060398863
aYrY3N0P.png,lampung,3,lampung,lampung,1,1,0,0.010094768,0.021923356,0.0005751798,0.9524298,0.0073066903,9.917345e-05,0.007571066
Pjd0DFHr.png,jawi,2,jawi,jawi,1,1,0,0.0053489143,0.022945816,0.92556214,0.00479065,0.006507034,0.027195664,0.0076498063
G5iDNLkt.png,lampung,5,lampung,lampung,1,1,0,0.0032252455,0.00063352037,0.0011288208,0.9708476,0.006024911,0.012962901,0.005177002
rEi5INrR.png,sunda,3,sunda,sunda,1,1,0,0.0050086686,8.267361e-05,0.019340925,0.0061788433,0.004935801,0.00013044545,0.9643226
Z5bSFyOf.png,jawi,1,jawi,jawi,1,1,0,0.003305068,0.0282378,0.92240983,0.002657156,0.0045743887,0.035470057,0.0033456765
lyoeSEFQ.png,lontara,5,lontara,lontara,1,1,0,0.009085854,0.021623774,0.0010338256,0.007744648,0.95132565,0.00061222236,0.0085739875
vCBlktfJ.png,jawi,1,jawi,jawi,1,1,0,0.026411276,0.025844157,0.90483135,0.0038265032,0.0050877165,0.02931388,0.004685203
ams0UyIa.png,pegon,1,pegon,pegon,1,1,0,0.0061722724,0.017273564,0.022179693,0.003960439,0.009231113,0.9366796,0.004503285
tfbx6iQk.png,jawi,2,jawi,jawi,1,1,0,0.0177306,0.01895474,0.90972996,0.01229461,0.0109517295,0.016548771,0.013789644
q7CjdSfv.png,pegon,3,pegon,pegon,1,1,0,0.015892392,0.01773028,0.024305522,0.013289207,0.013316845,0.9014322,0.014033495
zAap0P33.png,jawa,4,jawa,jawa,1,1,0,0.0061544296,0.9349991,0.022096705,0.0054432456,0.0045667686,0.022842698,0.0038969442
vlDt7fuJ.png,jawi,3,jawi,jawi,1,1,0,0.0047201407,0.013167743,0.9580304,0.0066441805,0.0066293287,0.008610355,0.002197742
sccA221q.png,jawa,5,jawa,jawa,1,1,0,0.0037423838,0.9522412,0.009584867,0.00799475,0.0063943965,0.0106094815,0.009432924
xFqN4S6v.png,jawi,3,jawi,jawi,1,1,0,0.0038871493,0.011938753,0.9595922,0.009521697,0.004844039,0.0081733875,0.0020426437
ryofwTi8.png,bali,5,bali,bali,1,1,0,0.9648679,0.016425151,0.00034390247,0.0061449665,0.007820469,0.00021838433,0.0041790972
f7nqO3pF.png,pegon,1,pegon,pegon,1,1,0,0.0039336816,0.016944751,0.023183357,0.0042272937,0.006277462,0.94063926,0.0047942847
6UYoKDZ6.png,lampung,2,lampung,lampung,1,1,0,0.0036476245,0.0070824944,0.0071747336,0.96913636,0.008386516,0.0015611444,0.0030110844
x8DFOy4x.png,lampung,1,lampung,lampung,1,1,0,0.0061232517,0.0011326779,0.0011015878,0.9659225,0.005003227,0.01539372,0.0053229625
cGRm8z3q.png,jawi,2,jawi,jawi,1,1,0,0.0053428146,0.017840937,0.87829274,0.0066110305,0.019491265,0.04012672,0.032294556
dsIbKUKi.png,jawi,1,jawi,jawi,1,1,0,0.0140055455,0.02249784,0.9199845,0.003845117,0.005775004,0.030780945,0.0031110449
MJNAGd5O.png,jawi,1,jawi,jawi,1,1,0,0.0021922067,0.015187748,0.9451544,0.0007673458,0.0038312369,0.027676582,0.005190401
ZXrsChlh.png,jawi,4,jawi,jawi,1,1,0,0.0053516715,0.013629097,0.95640695,0.0049765585,0.005064528,0.009267047,0.005304255
eqOaC3Td.png,jawa,4,jawa,jawa,1,1,0,0.008353526,0.9568499,0.016479596,0.0023575092,0.003321504,0.009244217,0.0033937725
LZZUYaqO.png,lontara,4,lontara,lontara,1,1,0,0.0065970053,0.0155708045,0.000686811,0.0067686755,0.9642704,0.00069762673,0.00540867
8GThUUUO.png,pegon,2,pegon,pegon,1,1,0,0.0009813075,0.020700447,0.013410974,0.00047130164,0.000646042,0.96247756,0.001312367
QZb1mAUD.png,lampung,2,lampung,lampung,1,1,0,0.0045752055,0.0014595345,0.00029579937,0.9694018,0.004349032,0.015230995,0.0046876487
tVHGMw7T.png,pegon,4,pegon,pegon,1,1,0,0.0046875984,0.012904724,0.014090263,0.0059137456,0.007480032,0.94996154,0.004962015
8LkDxhjG.png,jawa,4,jawa,jawa,1,1,0,0.015590641,0.919269,0.01261033,0.010542312,0.009806439,0.020349002,0.011832197
Px20xlVJ.png,jawi,1,jawi,jawi,1,1,0,0.0031165131,0.028566588,0.9404687,0.001576951,0.0036957979,0.021002062,0.0015732431
0QcoNbRP.png,lampung,5,lampung,lampung,1,1,0,0.008440944,0.00023927561,0.0009706895,0.95719147,0.0076714335,0.017273225,0.008212962
bBenvn7g.png,lontara,1,lontara,lontara,1,1,0,0.013896075,0.03765875,0.0019639388,0.011911532,0.9183427,0.000496804,0.015730077
8SGmO45T.png,jawi,2,jawi,jawi,1,1,0,0.0052882447,0.022096673,0.94786876,0.0029151607,0.003124141,0.0143926265,0.0043143663
dCxENrPF.png,jawi,1,jawi,jawi,1,1,0,0.0014264508,0.03782182,0.9298604,0.0021157477,0.0022200036,0.0232786,0.003276926
NWXapYVA.png,lontara,5,lontara,lontara,1,1,0,0.006549015,0.023512319,0.0011535869,0.005812592,0.9554827,0.00061027677,0.0068794875
9YpwaHYQ.png,lampung,4,lampung,lampung,1,1,0,0.0062338463,0.009210664,0.0008323964,0.9709697,0.0068352995,0.00088348915,0.005034654
TAwQPmKK.png,bali,3,bali,bali,1,1,0,0.9624874,0.0026478828,0.014598426,0.0060874685,0.005464041,0.0004243604,0.008290357
5icda3eD.png,sunda,5,sunda,sunda,1,1,0,0.0073450655,0.00088167505,0.011540305,0.010001041,0.005885985,0.0067166253,0.9576292
OV2CQGNU.png,jawi,4,jawi,jawi,1,1,0,0.0080527365,0.017234674,0.91114014,0.009146845,0.011821831,0.032578155,0.010025615
KKELYNTz.png,sunda,2,sunda,sunda,1,1,0,0.0072806696,0.00023307619,0.011689011,0.004885149,0.0052646296,8.449708e-05,0.970563
ZIcBrC5j.png,pegon,3,pegon,pegon,1,1,0,0.0061896048,0.020288946,0.021366712,0.008044542,0.007892912,0.9309897,0.005227614
5dUveaUc.png,sunda,1,sunda,sunda,1,1,0,0.008756619,0.002866929,0.0134497,0.0054483227,0.006798366,0.00025440782,0.96242565
GRzgRLrT.png,jawi,3,jawi,jawi,1,1,0,0.0046651405,0.004680947,0.97970396,0.0014112556,0.004216818,0.0030163494,0.0023054765
llobMCyU.png,lontara,5,lontara,lontara,1,1,0,0.006202966,0.009186623,0.013069581,0.0066787167,0.95682675,0.0006006213,0.007434797
kDh0nHKJ.png,jawi,5,jawi,jawi,1,1,0,0.006464775,0.019939514,0.938484,0.006483981,0.0073515596,0.0141530465,0.007123113
cH4v16Zz.png,pegon,2,pegon,pegon,1,1,0,0.0058626393,0.017351784,0.012819418,0.0046322085,0.0045813513,0.9492275,0.0055251108
RbiCvqh7.png,jawi,1,jawi,jawi,1,1,0,0.025368119,0.028345624,0.9062511,0.003160731,0.0059107295,0.022776349,0.008187381
cz53MGD5.png,lontara,1,lontara,lontara,1,1,0,0.0065742587,0.020846736,0.001468682,0.00944446,0.9540255,0.0010049832,0.0066352184
OrvM6Roe.png,jawi,3,jawi,jawi,1,1,0,0.008263058,0.018543646,0.9372769,0.007828572,0.0073769093,0.013434977,0.007275844
VeznkrRf.png,pegon,5,pegon,pegon,1,1,0,0.0022065267,0.02290452,0.029873127,0.0021964777,0.002989197,0.934787,0.0050433152
TSEYmX0S.png,jawi,2,jawi,jawi,1,1,0,0.008658773,0.017853945,0.93106216,0.007556707,0.017325263,0.011107439,0.006435666
WLGZ8Ywy.png,lampung,3,lampung,lampung,1,1,0,0.005038559,0.013551096,0.0005155219,0.96956694,0.0060942066,0.0001069569,0.005126654
gtcC3Itf.png,sunda,2,sunda,sunda,1,1,0,0.0066072815,0.009438967,0.0038803706,0.00639415,0.0057105343,0.0007407625,0.9672279
mD5xYMgl.png,pegon,3,pegon,pegon,1,1,0,0.018593375,0.018284163,0.03531255,0.019690871,0.01315948,0.883565,0.011394633
fzjB5XJq.png,pegon,1,pegon,pegon,1,1,0,0.004451761,0.01812246,0.021208005,0.007353757,0.0042512557,0.9395436,0.005069241
hJ1ujoI7.png,jawa,5,jawa,jawa,1,1,0,0.009055628,0.9168148,0.017073149,0.010645633,0.010805417,0.028341949,0.0072634546
OCr0drxC.png,jawa,2,jawa,jawa,1,1,0,0.0057385117,0.9400477,0.015017435,0.009085629,0.007351377,0.015209299,0.0075500477
oGQ50NpF.png,jawa,2,jawa,jawa,1,1,0,0.0049400656,0.9318402,0.019529518,0.0062589347,0.0051678084,0.02617738,0.0060860524
kqcAF6E1.png,lampung,5,lampung,lampung,1,1,0,0.0076512964,0.0001895352,0.0037920747,0.95487833,0.009042244,0.015887465,0.008559082
KNAz3Txi.png,lontara,3,lontara,lontara,1,1,0,0.0046175513,0.011124152,0.0011926866,0.004999756,0.9734799,0.00030976665,0.004276206
aYNgcM0f.png,sunda,2,sunda,sunda,1,1,0,0.007301051,0.0013503224,0.019383183,0.006190338,0.008958262,0.008209361,0.9486075
r7niaR1S.png,lontara,4,lontara,lontara,1,1,0,0.0057217944,0.0024457783,0.018019125,0.00927012,0.9529384,0.005152492,0.0064523015
NghfO4TE.png,pegon,4,pegon,pegon,1,1,0,0.0066177594,0.00458155,0.009391554,0.007971112,0.0077417935,0.95702946,0.0066668745
nm6LbwuL.png,sunda,4,sunda,sunda,1,1,0,0.005221006,0.0010640912,0.013625265,0.005437501,0.005500838,0.001675686,0.96747565
61TvBL5y.png,jawi,3,jawi,jawi,1,1,0,0.00583502,0.011170944,0.9474231,0.0063087004,0.0068670707,0.016381107,0.0060140886
5XnLUpz2.png,lampung,3,lampung,lampung,1,1,0,0.005406136,0.0028597089,0.017638002,0.9553389,0.0069800825,0.0039509735,0.007826239
ATaCCYT8.png,jawi,1,jawi,jawi,1,1,0,0.0047546686,0.024768068,0.9203827,0.004378621,0.0049647773,0.0365691,0.0041821413
M1xPccTs.png,jawi,4,jawi,jawi,1,1,0,0.004487994,0.009065165,0.94106966,0.0068831495,0.004303349,0.026617996,0.0075726993
ORuXtWYK.png,lampung,2,lampung,lampung,1,1,0,0.012082771,0.011819691,0.009953178,0.9516819,0.008524714,0.001655241,0.004282448
VQ6FFF5g.png,sunda,5,sunda,sunda,1,1,0,0.004782517,0.0059460336,0.008980701,0.0062164487,0.005246614,0.00077180483,0.9680558
LozqxAEF.png,jawi,5,jawi,jawi,1,1,0,0.0026502376,0.006184469,0.9713451,0.0031957114,0.004561545,0.0056641144,0.006398857
sW6k113S.png,lampung,3,lampung,lampung,1,1,0,0.0059526074,0.008369874,0.0030484372,0.96466374,0.00637394,0.0055524455,0.0060389657
CCGwP4tR.png,sunda,5,sunda,sunda,1,1,0,0.007864446,0.00083056587,0.016113928,0.0070609013,0.007880111,0.00017486283,0.9600752
LLVcMeF8.png,jawi,3,jawi,jawi,1,1,0,0.0068743,0.017854977,0.9365877,0.008373454,0.008136635,0.015772356,0.006400618
JZSUGukA.png,jawi,4,jawi,jawi,1,1,0,0.0044993204,0.031075517,0.9365303,0.0032417155,0.0047573103,0.017645877,0.0022499831
2FVuBmWQ.png,lampung,1,lampung,lampung,1,1,0,0.008715875,0.016654994,0.0033745926,0.95070314,0.010387594,0.0013019745,0.008861848
nVkau9kL.png,pegon,5,pegon,pegon,1,1,0,0.0044863536,0.02542863,0.023725247,0.0053229514,0.0044629513,0.93209815,0.004475702
Imobjmho.png,lampung,1,lampung,lampung,1,1,0,0.0039441437,0.0014948105,0.0008123177,0.97300863,0.0035253395,0.012267824,0.0049469136
73FKTrVv.png,jawa,3,jawa,jawa,1,1,0,0.0055597457,0.9389626,0.010390266,0.004061984,0.0055083,0.019129297,0.01638782
1jidwbhg.png,jawa,5,jawa,jawa,1,1,0,0.0059666876,0.9284049,0.013905662,0.011776994,0.009788172,0.020193141,0.009964372
nwqDSKV3.png,jawi,2,jawi,jawi,1,1,0,0.008364208,0.016069783,0.93123436,0.007301552,0.005301154,0.019176748,0.0125522185
KGz9p91I.png,pegon,3,pegon,pegon,1,1,0,0.0067189406,0.018458797,0.01844078,0.009022417,0.0073272306,0.9329882,0.007043673
PPnGaRFq.png,jawa,2,jawa,jawa,1,1,0,0.0077229384,0.9370157,0.016995259,0.005350347,0.010786087,0.012617477,0.0095122
jzbHXLGA.png,pegon,3,pegon,pegon,1,1,0,0.008020974,0.029217442,0.015838778,0.009815007,0.007902458,0.92414355,0.0050618798
hZhzHCox.png,jawa,3,jawa,jawa,1,1,0,0.007090526,0.6122014,0.087125905,0.010422547,0.0071239416,0.265856,0.0101797115
qnj21lPB.png,sunda,1,sunda,sunda,1,1,0,0.0043930095,0.00023669361,0.01320368,0.006196572,0.01025552,9.488864e-05,0.9656196
bgrG5mbL.png,lontara,1,lontara,lontara,1,1,0,0.0066204867,0.023154344,0.0016504847,0.00828388,0.9535024,0.0006717583,0.0061165877
p4RDClb0.png,lampung,1,lampung,lampung,1,1,0,0.00486725,0.0062373225,0.0029766692,0.967088,0.007236494,0.006008635,0.0055856667
wZk58O4Z.png,jawa,4,jawa,jawa,1,1,0,0.0040536695,0.9591625,0.0058729514,0.0046665263,0.0047109458,0.017093815,0.0044397404
BXBQcwEv.png,sunda,3,sunda,sunda,1,1,0,0.005099013,0.0054488336,0.015253674,0.0061211027,0.00804032,0.001273058,0.958764
VsY29Wj4.png,lampung,5,lampung,lampung,1,1,0,0.008219073,8.4449915e-05,0.000970024,0.96058947,0.0061137145,0.015598167,0.0084251305
LgzzeUcb.png,pegon,3,pegon,pegon,1,1,0,0.0077488758,0.013694609,0.020739526,0.010926223,0.0094686765,0.9259955,0.011426541
jggok4js.png,lampung,5,lampung,lampung,1,1,0,0.0073952633,0.0013590286,0.00069820293,0.9555117,0.0071901674,0.018614812,0.009230817
l1bjJOgG.png,jawi,5,pegon,jawi,0,1,1,0.010059633,0.010719172,0.9243263,0.008904912,0.009184517,0.011899853,0.02490571
PE2ZjPoR.png,pegon,1,pegon,jawi,1,0,1,0.008371491,0.011031157,0.66341674,0.017163683,0.0169703,0.2611969,0.021849694
3DHZnULK.png,jawa,3,jawa,jawa,1,1,0,0.006726465,0.93431604,0.014326062,0.009946765,0.01093923,0.012955163,0.010790348
vO0RLeFy.png,lampung,4,lampung,lampung,1,1,0,0.005780772,0.0037510267,0.0037200188,0.9675143,0.0067673456,0.0067831175,0.0056834198
ToSitrhF.png,jawa,4,jawa,jawa,1,1,0,0.005985057,0.95639694,0.0053008143,0.004681602,0.005023181,0.018501662,0.0041107675
UNuzIs0Y.png,sunda,1,sunda,sunda,1,1,0,0.009385501,0.00042650892,0.019043125,0.009048977,0.010884381,0.00037602545,0.95083547
RHRUrTNl.png,sunda,2,sunda,sunda,1,1,0,0.01967094,0.036894605,0.2187327,0.045556255,0.03642545,0.28920832,0.35351175
K6sLM1PX.png,jawa,5,jawa,jawa,1,1,0,0.006811145,0.93160576,0.014999299,0.010618424,0.009426963,0.019184396,0.007354048
o3vW7R22.png,jawa,1,jawa,jawa,1,1,0,0.0067322683,0.93185556,0.019170808,0.012345871,0.010052376,0.011160416,0.008682686
oYjS4eR5.png,pegon,1,pegon,pegon,1,1,0,0.0050386465,0.013802095,0.013247445,0.005637836,0.010604785,0.9451871,0.006482089
2BozHr8h.png,pegon,1,pegon,pegon,1,1,0,0.001866684,0.018726025,0.01581516,0.004200311,0.0038822677,0.9520572,0.0034523814
kaBJEVY7.png,pegon,3,pegon,pegon,1,1,0,0.0049337903,0.019376041,0.025971662,0.004638252,0.0063560656,0.9308588,0.007865328
nS70bGrD.png,lampung,1,lampung,lampung,1,1,0,0.0072290343,0.0026571644,0.01385896,0.9627537,0.0069509973,0.0004907166,0.006059352
mwagcXIb.png,sunda,4,sunda,sunda,1,1,0,0.0044184946,0.00029921823,0.013101344,0.0032474173,0.0029917823,9.847918e-05,0.97584325
SegfJjyr.png,sunda,1,sunda,sunda,1,1,0,0.0059622354,0.00039666894,0.017334357,0.0040050168,0.0061436086,0.00064103404,0.96551704
zqiAz26W.png,lampung,4,lampung,lampung,1,1,0,0.005141768,0.0002507171,0.00084403367,0.9702994,0.0059639267,0.012834243,0.0046658413
AnowqxVH.png,pegon,2,pegon,pegon,1,1,0,0.007374554,0.024914024,0.022051059,0.007382498,0.008150826,0.92039776,0.009729275
gINUEZn1.png,lampung,2,lampung,lampung,1,1,0,0.0075584548,0.00039323053,0.0004218748,0.95635396,0.006531041,0.021136804,0.007604639
EV3dVZQD.png,sunda,3,sunda,sunda,1,1,0,0.0059516113,0.011209868,0.011645041,0.007628942,0.008657161,0.00064773107,0.9542597
bGwwt5Ng.png,sunda,2,sunda,sunda,1,1,0,0.005987825,0.000109082604,0.011170276,0.0063752444,0.006243835,0.0002769248,0.9698368
WgIa0H1k.png,jawi,2,jawi,jawi,1,1,0,0.0032051385,0.00580753,0.9662409,0.0054346505,0.0048871078,0.011426248,0.0029985197
wOKSxgCq.png,jawa,5,jawa,jawa,1,1,0,0.0053920746,0.95013124,0.008317144,0.009210315,0.0073819454,0.013632539,0.0059347535
MiYLtRLS.png,jawi,1,jawi,jawi,1,1,0,0.002899437,0.018347053,0.93187934,0.0013128555,0.007912263,0.032090213,0.0055588153
KmnLOaEW.png,jawi,2,jawi,jawi,1,1,0,0.0015918093,0.011113053,0.96675074,0.0034180966,0.0020595505,0.013966142,0.0011005623
12NFsfvW.png,lampung,2,lampung,lampung,1,1,0,0.0023576876,0.0041451575,0.0016520532,0.9772316,0.008800294,0.0029798194,0.002833312
RO8EUNAS.png,lontara,4,lontara,lontara,1,1,0,0.0062202606,0.01588623,0.0019375975,0.008692946,0.9592419,0.00039383906,0.0076272576
WJkCD5kR.png,pegon,5,pegon,pegon,1,1,0,0.0046026474,0.02014402,0.009155301,0.0050816373,0.004828016,0.9513555,0.0048328736
QZRUqCbn.png,lampung,4,lampung,lampung,1,1,0,0.0037703188,0.0018135931,0.0030113552,0.9761629,0.0045340857,0.0067399614,0.003967769
BDpH623z.png,jawa,4,jawa,jawa,1,1,0,0.0033686208,0.9611458,0.00857113,0.004267086,0.004333818,0.014795129,0.0035183222
KyrSfG8z.png,lampung,5,lampung,lampung,1,1,0,0.007443463,0.0065312567,0.016105926,0.954448,0.008057549,0.0005057311,0.0069080265
LZGykrzn.png,jawa,1,jawa,jawa,1,1,0,0.118177325,0.62017834,0.015240439,0.08944968,0.06952045,0.045277923,0.04215587
Di1LVOfS.png,jawa,1,jawa,jawa,1,1,0,0.0029034377,0.96199095,0.015293127,0.002902856,0.0027205702,0.011134191,0.0030548528
W1A89xhz.png,jawa,2,jawa,jawa,1,1,0,0.003256904,0.9488726,0.014952582,0.0040423945,0.0068067047,0.011805385,0.010263307
3PlrNBxB.png,pegon,5,pegon,pegon,1,1,0,0.008786254,0.018702617,0.020480717,0.009407369,0.008066688,0.9252192,0.009337246
Z4LPxXBc.png,bali,4,bali,bali,1,1,0,0.96481854,0.011571669,0.0027633146,0.008782828,0.006384877,0.00011993851,0.005558825
TciYeQri.png,pegon,2,pegon,pegon,1,1,0,0.0013788175,0.013022874,0.017472927,0.0023452628,0.0015199522,0.9624111,0.00184904
3otpsqvf.png,jawi,3,jawi,jawi,1,1,0,0.007807253,0.010310572,0.95572156,0.0061091683,0.0065208566,0.007065615,0.0064649326
rxrM0VVY.png,sunda,4,sunda,sunda,1,1,0,0.0049136896,0.0004165135,0.01706542,0.003382417,0.004555026,0.00028738572,0.9693796
0URMoePv.png,jawi,5,jawi,jawi,1,1,0,0.0040096007,0.018046761,0.9032976,0.02567014,0.0071606515,0.033453412,0.008361745
RT0gnzwq.png,lampung,1,lampung,lampung,1,1,0,0.0033152993,0.008451847,0.00018419011,0.977522,0.00432359,0.0025782972,0.003624815
nxAQ0sp5.png,jawi,4,jawi,jawi,1,1,0,0.0036033709,0.026955096,0.94834584,0.0033622908,0.0033705737,0.01099772,0.0033651763
pXFtjODK.png,lampung,2,lampung,lampung,1,1,0,0.00471048,0.0058954256,0.008109403,0.97053933,0.00620185,0.00091251935,0.0036309885
50O7OeXb.png,sunda,5,sunda,jawi,1,0,1,0.0053118924,0.006914,0.49523512,0.006392768,0.005862757,0.010656451,0.46962705
tksmmWqQ.png,jawi,2,jawi,jawi,1,1,0,0.0058067674,0.00919922,0.94755435,0.007369488,0.006113215,0.019266665,0.0046902657
gkpEJ2xi.png,lontara,4,lontara,lontara,1,1,0,0.0068050437,0.010573338,0.007269603,0.007403276,0.9594948,0.0021230776,0.0063307965
Bo76h2Vj.png,bali,4,bali,bali,1,1,0,0.95111316,0.0005232701,0.023226904,0.004625472,0.012920928,7.62728e-05,0.0075139
Yl9avIpY.png,lampung,4,lampung,lampung,1,1,0,0.006291918,0.0011831154,0.0015073281,0.9611966,0.0061038868,0.014965519,0.008751661
6TPvnknD.png,sunda,4,sunda,sunda,1,1,0,0.007817378,0.014000726,0.0065748366,0.0072418726,0.005961486,0.0004038187,0.9579999
cyfjAgi1.png,jawi,3,jawi,jawi,1,1,0,0.012065909,0.0067881728,0.9353895,0.011581654,0.014851253,0.0058403523,0.013483086
EuM4sD43.png,sunda,2,sunda,sunda,1,1,0,0.0066114203,0.0001997884,0.018143142,0.006383218,0.0074440935,0.00018423352,0.96103406
knE3wZNB.png,sunda,3,sunda,sunda,1,1,0,0.006518456,0.011599554,0.00808989,0.006706893,0.005595328,0.00076956954,0.9607204
F2v1iesG.png,lampung,3,lampung,lampung,1,1,0,0.0071073403,0.0038109582,0.006164689,0.95776045,0.0075267833,0.010203634,0.0074261995
6kH35d5G.png,bali,2,bali,bali,1,1,0,0.96526617,0.0051888726,0.009331824,0.0081289215,0.0041346233,0.0003281693,0.007621333
K6hxCaSv.png,jawi,5,jawi,jawi,1,1,0,0.0057335906,0.008927864,0.9487951,0.008644637,0.012179877,0.008577463,0.007141562
O251vEx5.png,lampung,1,lampung,lampung,1,1,0,0.004711577,0.00046027944,0.018840196,0.96578306,0.0051430776,0.0010316995,0.0040302216
YK2vpOUY.png,jawi,4,jawi,jawi,1,1,0,0.09418523,0.013022606,0.8501372,0.007878643,0.017781554,0.0054819034,0.011512896
0sALIxsQ.png,jawa,2,jawa,jawa,1,1,0,0.020149335,0.9268177,0.009392956,0.015986843,0.0103427665,0.006269291,0.0110410405
V1mr1dfO.png,pegon,5,jawi,jawi,0,0,0,0.008866586,0.014166837,0.892014,0.013917173,0.011545711,0.04629277,0.013196927
v3cybtJ1.png,sunda,3,sunda,sunda,1,1,0,0.003975532,7.5818054e-05,0.014790997,0.005032073,0.0050094225,7.6263605e-05,0.9710399
HCaNxSv4.png,jawa,2,jawa,jawa,1,1,0,0.005984686,0.9395326,0.017599022,0.007180277,0.0063995128,0.017581847,0.005722083
tyNkM80A.png,pegon,3,jawi,pegon,0,1,1,0.011361445,0.05468766,0.2540256,0.008911375,0.014948743,0.64984614,0.006219108
N7SRVeot.png,pegon,5,pegon,pegon,1,1,0,0.0065243137,0.018278606,0.013464645,0.009178502,0.0062969313,0.9402644,0.005992642
acAkBpv3.png,lampung,3,lampung,lampung,1,1,0,0.004900788,0.012577249,0.002518066,0.96527916,0.007884283,0.00072922953,0.0061112097
SuaqlWxd.png,lontara,5,lontara,lontara,1,1,0,0.0077621373,0.015352572,0.0019937619,0.009148974,0.95829505,0.0001202327,0.0073272903
pooHvBWA.png,pegon,3,pegon,pegon,1,1,0,0.007591833,0.023968372,0.034907848,0.013071212,0.01024026,0.90204537,0.008175076
LvnmV8ep.png,pegon,1,pegon,pegon,1,1,0,0.0030576682,0.022498554,0.011159365,0.003996342,0.005759298,0.9473658,0.006162941
KmnHxbdr.png,jawi,3,jawi,jawi,1,1,0,0.0038441888,0.008352564,0.9692037,0.0050615333,0.007097748,0.0037795303,0.0026606908
oEgXwlaI.png,jawa,1,jawa,jawa,1,1,0,0.0044781873,0.95287436,0.013007652,0.0039400267,0.0043661143,0.016062304,0.005271378
p4gwmE0j.png,lontara,2,lontara,lontara,1,1,0,0.006317924,0.018204236,0.004646219,0.008141397,0.9554034,0.0006445737,0.0066423113
wI63YtzQ.png,bali,3,bali,bali,1,1,0,0.96183836,0.0041522994,0.014235962,0.0077230697,0.005042973,0.00043283758,0.006574552
b4Hg0Tla.png,sunda,1,sunda,sunda,1,1,0,0.0076018167,0.0002908937,0.019650312,0.005962019,0.008609199,0.0017804179,0.9561053
PEjgpidH.png,lontara,1,lontara,lontara,1,1,0,0.0076040784,0.025589332,0.0014822227,0.010993312,0.94595087,0.0004751368,0.007905064
f94o8PoP.png,lampung,2,lampung,lampung,1,1,0,0.003906149,0.0016670028,0.008527971,0.9780552,0.0023424316,0.0028363594,0.0026649449
4VFPj8IM.png,lampung,5,lampung,lampung,1,1,0,0.004339754,0.000139866,0.00074930926,0.9710461,0.004515103,0.011241905,0.007967969
7nbQRjoy.png,pegon,3,pegon,pegon,1,1,0,0.0044244244,0.025870344,0.024279218,0.0054811835,0.004132538,0.9308565,0.0049558245
WpxZutfw.png,sunda,4,sunda,sunda,1,1,0,0.0064672064,0.012529681,0.003466225,0.006893361,0.0060235565,0.0010705144,0.9635494
iwsszKTY.png,sunda,3,sunda,sunda,1,1,0,0.0089851655,0.00048299084,0.023684494,0.0075337365,0.008768921,0.00035613513,0.9501886
b4oa4t2p.png,bali,5,bali,bali,1,1,0,0.8981618,0.05398769,0.015321155,0.011707062,0.009563887,0.0012921845,0.009966209
egkTnE8x.png,jawi,5,jawi,jawi,1,1,0,0.0018815553,0.004390361,0.9781484,0.0012496765,0.0045873723,0.0068868008,0.0028559042
RwdjyLdO.png,pegon,5,pegon,pegon,1,1,0,0.0057834103,0.018588645,0.022422187,0.0057640364,0.0056308056,0.9368028,0.00500814
BdC9YSKj.png,sunda,2,sunda,sunda,1,1,0,0.0057957238,0.000785166,0.012509026,0.005314022,0.006448339,0.000106338506,0.96904135
Kt7xAVCN.png,jawi,2,jawi,jawi,1,1,0,0.006703737,0.02087919,0.92047125,0.010180613,0.0040456695,0.027059289,0.010660302
JeBQ57n8.png,lampung,2,lampung,lampung,1,1,0,0.005940121,0.0029189442,0.0012902238,0.9532829,0.0074358303,0.0217799,0.0073521375
AMRJRWTn.png,lampung,3,lampung,lampung,1,1,0,0.0058970274,0.002349649,0.003121912,0.95869315,0.00650979,0.015815718,0.0076127485
hMmeYYps.png,lampung,2,lampung,lampung,1,1,0,0.0021120992,0.0037504632,0.00036917665,0.9766011,0.0038010136,0.0068779774,0.0064881705
OMqtOTIh.png,jawi,4,jawi,jawi,1,1,0,0.003340062,0.0137423035,0.9605915,0.0023648415,0.0042257085,0.013635362,0.002100197
tv5yWT6p.png,pegon,1,pegon,pegon,1,1,0,0.0019639994,0.019068945,0.018590868,0.0027344634,0.0028704314,0.9525989,0.0021722822
p89msgrI.png,pegon,4,pegon,pegon,1,1,0,0.0028223123,0.03714858,0.05016003,0.0013967869,0.0043190145,0.9017872,0.0023660604
n6t0EOG4.png,lontara,4,lontara,lontara,1,1,0,0.004961431,0.019921955,0.00030190864,0.0060228035,0.96197647,0.00032453393,0.006490781
m3fP6GV3.png,lontara,2,lontara,lontara,1,1,0,0.0074520544,0.019993896,0.002415194,0.008177403,0.9543202,0.00039634455,0.0072448337
oKvnXANl.png,jawa,5,jawa,jawa,1,1,0,0.0047083437,0.96638685,0.008279633,0.0052324207,0.0047788713,0.006292664,0.004321338
4XDikUff.png,lampung,5,lampung,lampung,1,1,0,0.0070522665,0.0006981947,0.0003402729,0.96236265,0.0075451066,0.015613947,0.00638752
YCRfYfws.png,jawi,5,jawi,jawi,1,1,0,0.00793277,0.0303452,0.9257527,0.0036154562,0.008644918,0.021560038,0.0021489281
Cgext54D.png,lontara,4,lontara,lontara,1,1,0,0.0054684286,0.010398259,0.005926196,0.007036523,0.96448886,0.0006392727,0.006042476
n8BzVmHD.png,jawa,1,jawa,jawa,1,1,0,0.00341219,0.94907314,0.013630661,0.0035936858,0.0055748946,0.02133959,0.0033758495
omg1CH9r.png,lampung,1,lampung,lampung,1,1,0,0.0071337353,0.003940752,0.010814556,0.95931023,0.0072252154,0.0041419896,0.007433561
riOjCDwK.png,jawi,3,jawi,jawi,1,1,0,0.009382787,0.007343727,0.94047546,0.0103570605,0.011535683,0.0042710262,0.016634258
xxw2buGs.png,jawi,5,jawi,jawi,1,1,0,0.025333013,0.009613245,0.8998286,0.03343793,0.013760589,0.009937793,0.008088796
Hm6jG5tv.png,jawi,5,jawi,jawi,1,1,0,0.005804844,0.0133667765,0.9593056,0.004441627,0.004877896,0.008267263,0.003936073
hZbv0dby.png,lontara,5,lontara,lontara,1,1,0,0.0069318656,0.018881587,0.002550982,0.008728657,0.95469725,0.0003417993,0.007867844
c8LJa06T.png,lampung,4,lampung,lampung,1,1,0,0.0043976936,0.0012122209,0.0027673596,0.96914715,0.005514413,0.00633919,0.010622065
GCruo3Oo.png,jawa,1,jawa,jawa,1,1,0,0.0,0.98007643,0.009267352,0.0,0.0,0.010656245,0.0
NnFFxT0c.png,lontara,3,lontara,lontara,1,1,0,0.003486874,0.010207156,0.0010141055,0.005698811,0.97595686,0.00017596717,0.003460128
rVCSJAyv.png,sunda,1,sunda,sunda,1,1,0,0.0055235913,0.00027281285,0.01719443,0.003840806,0.0062068747,0.00038061707,0.9665809
emXgyRJo.png,lampung,3,lampung,lampung,1,1,0,0.010653579,0.0024977135,0.0053473767,0.9454503,0.011547466,0.015263041,0.009240555
hMafMeWu.png,lampung,2,lampung,lampung,1,1,0,0.005903477,0.008753527,0.009214021,0.9624928,0.006981919,0.0016616909,0.0049926057
UGgYElDA.png,sunda,4,sunda,sunda,1,1,0,0.0074226754,0.0038296836,0.0016574127,0.0068438104,0.008806432,0.016592797,0.9548472
3KrSzVb8.png,jawa,4,jawa,jawa,1,1,0,0.002445612,0.95922625,0.010887457,0.004851145,0.003911983,0.012903947,0.005773536
6BcnwQq4.png,pegon,1,pegon,pegon,1,1,0,0.0040083095,0.016603246,0.021008974,0.006362855,0.0041946853,0.94261754,0.005204339
K1aE1C0q.png,lampung,2,lampung,lampung,1,1,0,0.0047949,0.008354804,0.005296394,0.97187155,0.005517357,0.0012297627,0.0029352247
9oT8UBFI.png,sunda,3,sunda,sunda,1,1,0,0.007992239,0.0032307596,0.015255855,0.008654508,0.009183119,0.009040451,0.9466431
Xin7c3R2.png,jawa,2,jawa,jawa,1,1,0,0.023553535,0.8842688,0.014043827,0.024327878,0.014579039,0.018209595,0.021017402
Y4p4j3Ju.png,jawa,1,jawa,jawa,1,1,0,0.009934731,0.9317227,0.01790154,0.009558383,0.009588348,0.009723399,0.01157093
WTJmHrbc.png,jawa,2,jawa,jawa,1,1,0,0.0043527647,0.9340275,0.023704803,0.005922205,0.0049058865,0.02229036,0.004796398
c8JjnNpd.png,sunda,4,sunda,sunda,1,1,0,0.007704577,0.0008510236,0.02218523,0.009955095,0.00835712,0.0010037306,0.9499432
qvCkZIBG.png,lampung,1,lampung,lampung,1,1,0,0.0042681587,0.011834038,0.0041785506,0.969884,0.0036682135,0.0010943064,0.0050728144
L0Juo7fR.png,jawi,4,jawi,jawi,1,1,0,0.0044993255,0.0113059385,0.9560672,0.004193778,0.00599295,0.011272865,0.0066679106
mDoccykR.png,pegon,3,pegon,pegon,1,1,0,0.012514534,0.02539488,0.05587526,0.01153291,0.010798157,0.87190485,0.01197935
Xldliem9.png,lampung,4,lampung,lampung,1,1,0,0.004009147,0.0018678454,0.010107343,0.97058994,0.0061369967,0.001405113,0.005883656
MzVaN9Ia.png,lampung,2,lampung,lampung,1,1,0,0.007298659,0.0008671191,0.008886823,0.9649886,0.0042630965,0.007130311,0.0065654707
2HZBEhpc.png,sunda,3,sunda,sunda,1,1,0,0.0068840156,0.008060892,0.011384343,0.0057025286,0.00677778,0.00026102172,0.9609294
7QVe1Kty.png,pegon,4,pegon,pegon,1,1,0,0.004836304,0.007515724,0.0053294464,0.005769645,0.0034409566,0.9662694,0.0068385634
sc3HMDDu.png,bali,1,bali,bali,1,1,0,0.9585087,0.012344453,0.0013610421,0.010069345,0.010192835,0.00014798842,0.007375677
jYZgFEKy.png,jawi,2,jawi,jawi,1,1,0,0.010221885,0.016730681,0.93057156,0.010341647,0.011125016,0.013068098,0.007941014
2voeAlO4.png,sunda,1,sunda,sunda,1,1,0,0.0025658018,0.0005476191,0.00044892216,0.010727373,0.0028404496,0.006500934,0.9763688
M8nF1X7l.png,jawi,2,jawi,jawi,1,1,0,0.0039225803,0.013630229,0.9527575,0.009018554,0.0026934752,0.011190045,0.006787621
vKAoPzbw.png,sunda,5,sunda,sunda,1,1,0,0.007106193,0.00082662876,0.01652241,0.006278437,0.0071508093,0.0003183827,0.9617971
Pf3rUgkG.png,lampung,5,lampung,lampung,1,1,0,0.0054928074,0.00045993362,0.010591435,0.9643631,0.005646665,0.0058477186,0.0075983824
5ZD3KT3z.png,jawi,2,jawi,jawi,1,1,0,0.0047608353,0.014704702,0.9386263,0.006445395,0.009866924,0.021541975,0.0040539503
zw2WTz4G.png,pegon,4,pegon,pegon,1,1,0,0.0066860807,0.003745921,0.0028137967,0.0073051727,0.008612138,0.9652869,0.005549959
K4CdiUFZ.png,jawa,1,jawa,jawa,1,1,0,0.0050437753,0.93642235,0.018966086,0.0063551194,0.0058816457,0.019663919,0.007667042
YhXpdjPd.png,lampung,3,lampung,lampung,1,1,0,0.006429799,0.016002959,0.0017419413,0.96167696,0.005792672,0.0005682936,0.007787314
BIQwocMq.png,bali,5,bali,bali,1,1,0,0.95330834,0.009012824,0.014395421,0.007375238,0.007960549,0.00019766616,0.0077498904
ARR8vVuc.png,jawa,4,jawa,jawa,1,1,0,0.008189513,0.9281174,0.017607315,0.007530613,0.0061148326,0.024757657,0.007682665
tdgyJpfL.png,jawi,3,jawi,jawi,1,1,0,0.0030445294,0.0034031456,0.9754543,0.0041857865,0.005957182,0.0038187937,0.004136376
zNbRh2MA.png,sunda,5,sunda,sunda,1,1,0,0.0068735867,0.004558166,0.014150257,0.0056382385,0.007445591,0.0007669711,0.9605673
yxOMsW26.png,jawa,5,jawa,jawa,1,1,0,0.00490574,0.9357701,0.013852688,0.008516,0.0095450105,0.019920722,0.007489757
Om2FiblE.png,lampung,4,lampung,lampung,1,1,0,0.0046133674,0.0032127036,0.010715621,0.9679005,0.00447293,0.004621125,0.004463802
wUTYDkjN.png,jawi,2,jawi,jawi,1,1,0,0.0037490567,0.010969716,0.9561472,0.0031086095,0.004088679,0.018139068,0.0037976925
g1bd6NUz.png,jawi,3,jawi,jawi,1,1,0,0.01097407,0.0064886236,0.9425285,0.011832153,0.011654257,0.009903638,0.006618744
FNbzwhdk.png,lontara,2,lontara,lontara,1,1,0,0.0074173487,0.02376564,0.0009619523,0.0066348827,0.95300347,0.00013431863,0.008082437
WvH6ouf8.png,pegon,1,pegon,pegon,1,1,0,0.004570979,0.029241841,0.029213298,0.0040320363,0.005116716,0.92491525,0.0029097963
Y8ItJZ86.png,lampung,2,lampung,lampung,1,1,0,0.002356292,0.00011357798,0.0001941483,0.97878236,0.0034540417,0.011999806,0.0030998436
9sa6jMzg.png,jawa,3,jawa,jawa,1,1,0,0.001173602,0.96169245,0.011109019,0.0020022234,0.0013867303,0.020333085,0.0023028622
gmqFb9jf.png,jawa,4,jawa,jawa,1,1,0,0.005148911,0.9416052,0.007819108,0.0077204946,0.008629488,0.022515131,0.0065616597
yJVnFeI4.png,pegon,1,pegon,pegon,1,1,0,0.0035531078,0.03135677,0.020766081,0.005130863,0.0034191355,0.9299016,0.0058724126
42AuXpVJ.png,jawa,5,jawa,jawa,1,1,0,0.0075023123,0.9320024,0.012772525,0.010328645,0.009313702,0.021017244,0.007063226
gHNMppku.png,sunda,3,sunda,sunda,1,1,0,0.0054720193,0.000640452,0.020516219,0.0070262924,0.008057689,0.000543014,0.95774436
PVV0GQOL.png,jawi,2,jawi,jawi,1,1,0,0.004756902,0.0090684565,0.95343906,0.006369582,0.0046897247,0.015516615,0.0061596055
4Y3ci7R7.png,sunda,1,sunda,sunda,1,1,0,0.005862398,0.0025203591,0.0033230756,0.0049514393,0.00651513,0.008996741,0.96783096
Rw6orHeO.png,sunda,2,sunda,sunda,1,1,0,0.0035422975,9.60224e-05,0.007824163,0.0046926946,0.0031404258,9.352365e-05,0.98061085
mCUSvUv0.png,pegon,3,pegon,pegon,1,1,0,0.0053511253,0.020166023,0.030480439,0.0056019523,0.008498089,0.9235435,0.006358923
C04yfeDH.png,jawa,1,jawa,jawa,1,1,0,0.005854524,0.92007065,0.026125897,0.0113450335,0.011687512,0.015017499,0.009898872
E0tP5ymk.png,sunda,3,sunda,sunda,1,1,0,0.0065708165,0.00059394835,0.018146373,0.0059425617,0.007693055,0.00029159524,0.96076167
XOPFxom5.png,jawi,4,jawi,jawi,1,1,0,0.003819512,0.03817094,0.9288702,0.003308136,0.002979325,0.018539555,0.0043122144
b3gp8pbY.png,jawi,3,jawi,jawi,1,1,0,0.0021401835,0.013513049,0.96319646,0.002181762,0.002013838,0.01629985,0.0006548982
92weGsyW.png,bali,1,bali,bali,1,1,0,0.9698887,0.016173884,0.0018051591,0.0039042796,0.0046583405,0.00010419157,0.0034654862
OI3z5acC.png,lontara,3,lontara,lontara,1,1,0,0.0048484076,0.012352738,0.00081395614,0.004232082,0.9731065,0.0005301688,0.004116189
pZr2kTaU.png,pegon,5,pegon,pegon,1,1,0,0.010318248,0.016910186,0.019368699,0.023147924,0.010991058,0.9134,0.0058639073
ac4ubKtd.png,pegon,1,pegon,pegon,1,1,0,0.0038733354,0.014997984,0.019370964,0.0045017665,0.0048800153,0.94711804,0.0052579083
ixXTNYr2.png,bali,3,bali,bali,1,1,0,0.92194605,0.03325565,0.018930005,0.0101354895,0.007525142,0.000630893,0.0075767953
WLYj3ujK.png,jawa,3,jawa,jawa,1,1,0,0.0024788575,0.95378894,0.0162355,0.0063715903,0.0023967382,0.017401148,0.0013273932
9mgwjKFd.png,lontara,1,lontara,lontara,1,1,0,0.0022788763,0.015797906,0.00083562476,0.0042173667,0.97347474,0.00055393466,0.0028416668
vv7gFAoQ.png,sunda,2,sunda,sunda,1,1,0,0.0019649058,0.00017584761,0.005586531,0.003703524,0.002154768,8.481434e-06,0.9864058
yD1v8sp8.png,jawa,5,jawi,jawa,0,1,1,4.0332418e-28,0.9744741,0.012171358,9.655813e-09,1e-45,0.013354573,0.0
sLSwFakS.png,pegon,3,pegon,pegon,1,1,0,0.0034165909,0.018845841,0.025508884,0.004920595,0.0039351224,0.9386996,0.00467333
oHlXEVPJ.png,sunda,1,sunda,sunda,1,1,0,0.009965484,0.0001743606,0.021411264,0.0053776875,0.008870943,0.00021342254,0.9539869
4vJsCqRw.png,lontara,1,lontara,lontara,1,1,0,0.008985019,0.025824443,0.0051387995,0.011161399,0.93975055,0.00032223712,0.008817507
sLrVByPi.png,jawa,1,jawa,jawa,1,1,0,0.0065954714,0.9382617,0.019378148,0.006117376,0.0066156266,0.015555582,0.0074761077
9AsvKW1J.png,pegon,4,pegon,pegon,1,1,0,0.008537632,0.0039161844,0.0053580194,0.0073531256,0.009077374,0.9573234,0.0084343245
WqL2Jng0.png,sunda,5,sunda,sunda,1,1,0,0.0070160744,0.00091468426,0.01583759,0.0064689647,0.006677763,0.0005002277,0.9625847
8C0KEdgX.png,pegon,4,pegon,pegon,1,1,0,0.005278301,0.06455961,0.05522076,0.005213378,0.007425535,0.85290116,0.009401153
7XIHQbwu.png,jawi,5,jawi,jawi,1,1,0,0.0024441327,0.013491547,0.95138866,0.007802483,0.005085011,0.017038265,0.0027498973
vlNDLRTQ.png,jawi,2,jawi,jawi,1,1,0,0.007578423,0.019988332,0.9334605,0.008671763,0.0048913574,0.016045397,0.009364201
0H3Zkne1.png,pegon,3,pegon,pegon,1,1,0,0.004407195,0.023405235,0.025907231,0.004322788,0.0047614886,0.9312739,0.00592218
80XGkQGB.png,bali,3,bali,bali,1,1,0,0.9653388,0.011799297,0.00019696416,0.007027149,0.0061954963,7.728307e-05,0.009365039
3MoOCRjE.png,sunda,1,sunda,sunda,1,1,0,0.008973258,0.0024038525,0.02341076,0.0058565466,0.0073662573,0.00043596086,0.95155334
xFpRi7LS.png,sunda,3,sunda,sunda,1,1,0,0.0052026245,0.0012969875,0.021397347,0.007135193,0.0081026815,0.000730035,0.95613515
kpc37MAc.png,lontara,2,lontara,lontara,1,1,0,0.0029963413,0.014132473,0.016766345,0.011329986,0.9495266,0.00041484713,0.0048333737
QfpGMR0P.png,sunda,5,sunda,sunda,1,1,0,0.006482458,0.0009332069,0.01783329,0.0077864225,0.0068164566,0.0001755157,0.9599727
C0YoDOxo.png,jawi,2,jawi,jawi,1,1,0,0.0044650594,0.0099410685,0.9609896,0.008170714,0.0037220113,0.009007357,0.0037040918
X0FZeG9H.png,pegon,5,pegon,pegon,1,1,0,0.0065461583,0.019493844,0.017220067,0.007856045,0.007295054,0.934691,0.006897748
EP0uFkst.png,jawi,5,jawi,jawi,1,1,0,0.0059180246,0.034915585,0.9066616,0.0073246737,0.007566663,0.03072276,0.006890603
dkzw6cAB.png,lampung,5,lampung,lampung,1,1,0,0.0103292605,0.0015301004,0.007306833,0.95131487,0.008360628,0.012320578,0.008837727
LZQLj3qG.png,jawi,1,jawi,jawi,1,1,0,0.00628899,0.024514733,0.9325717,0.0038681712,0.004688359,0.022561984,0.0055062063
BeAHK7YT.png,sunda,5,sunda,sunda,1,1,0,0.0076455018,0.0005200953,0.01811155,0.007582376,0.006891642,0.00018106142,0.95906776
0BQwFBLH.png,lontara,4,lontara,lontara,1,1,0,0.0071380665,0.019791987,0.00074927544,0.008499625,0.9562093,0.00032589887,0.0072858003
YBbC1TXz.png,jawi,5,jawi,jawi,1,1,0,0.0037066622,0.022420505,0.9500912,0.0050819814,0.005058592,0.009751843,0.003889101
ytFPS2il.png,jawa,4,jawa,jawa,1,1,0,0.0064526116,0.94086766,0.005828841,0.006217654,0.0058605163,0.03006745,0.004705275
cYcN1Iov.png,pegon,2,pegon,pegon,1,1,0,0.006460541,0.023490496,0.017975645,0.0042396686,0.0057157446,0.9374087,0.004709238
XO3XgU7R.png,jawa,3,jawa,jawa,1,1,0,0.0066636265,0.9363781,0.017217489,0.010100598,0.009568313,0.012819965,0.0072518373
U5yY61mX.png,pegon,4,pegon,pegon,1,1,0,0.005316127,0.0070606666,0.01303738,0.010237536,0.0067612887,0.9504002,0.0071869018
28451IvI.png,sunda,1,sunda,sunda,1,1,0,0.0075613605,0.0050472273,0.011449326,0.0067599006,0.0064195567,0.0004509295,0.9623116
6ASb1ye7.png,jawa,1,jawa,jawa,1,1,0,0.008120789,0.93283165,0.015345204,0.009239727,0.006003845,0.014500198,0.013958567
8o7oyjiN.png,pegon,5,pegon,pegon,1,1,0,0.011532557,0.015434031,0.015585493,0.017897464,0.014594764,0.91381633,0.011139247
caVz0LiI.png,lampung,1,lampung,lampung,1,1,0,0.0058529032,0.011902211,0.0038844184,0.96627355,0.0055175577,0.0008171058,0.0057522957
qCCmFzrf.png,lampung,2,lampung,lampung,1,1,0,0.005126467,0.0006888617,0.00077526475,0.9665391,0.006334569,0.016657026,0.0038787825
r671hwMN.png,jawa,1,jawa,jawa,1,1,0,0.0052988995,0.95133996,0.015726268,0.0072798477,0.0046643685,0.010547811,0.0051428857
7mWJxfCJ.png,pegon,5,pegon,pegon,1,1,0,0.0061358213,0.023906644,0.02574847,0.0062758466,0.0066992175,0.925567,0.0056670085
cnfkBXfc.png,pegon,2,pegon,pegon,1,1,0,0.0048304773,0.01912449,0.016877303,0.0065127476,0.0059275124,0.9424008,0.004326693
kGptILqg.png,jawa,3,jawa,jawa,1,1,0,0.008513609,0.92271507,0.016444262,0.010973147,0.010621835,0.023578335,0.0071538244
mjHqbyRT.png,jawa,3,jawa,jawa,1,1,0,0.0027529618,0.9744284,0.01120131,0.0038401356,0.0029391246,0.002556123,0.0022820025
DvfbZVsk.png,lampung,5,lampung,lampung,1,1,0,0.009688746,0.00225893,0.004449847,0.9525632,0.008972738,0.013946152,0.008120376
tGmZuDbO.png,lampung,2,lampung,lampung,1,1,0,0.0031049633,0.002160215,0.009764493,0.9740226,0.00586803,0.0013943993,0.003685233
NC2gVhrY.png,lontara,2,lontara,lontara,1,1,0,0.0074747074,0.019679433,0.00093126885,0.007914212,0.9564546,0.00059484795,0.006950893
20MoMhPH.png,sunda,5,sunda,sunda,1,1,0,0.0066709453,0.0038869784,0.013688325,0.006579188,0.008767015,0.00031754724,0.96009004
Oe0T721d.png,pegon,3,pegon,pegon,1,1,0,0.0047543403,0.01970808,0.017477449,0.0057756645,0.0049835136,0.941279,0.0060219513
LKpVG42X.png,pegon,4,pegon,pegon,1,1,0,0.012281713,0.0024728489,0.007382563,0.008631295,0.009758973,0.9463728,0.01309987
NbIpfsLj.png,lampung,5,lampung,lampung,1,1,0,0.0048650187,0.0026370378,0.00079808984,0.96336836,0.008188962,0.012905698,0.0072368924
C46zcu85.png,jawa,4,jawa,jawa,1,1,0,0.0050943447,0.95118135,0.0091001475,0.0044771656,0.004702756,0.021199843,0.0042444104
NOAcP1RY.png,lampung,4,lampung,lampung,1,1,0,0.0058524786,0.0040796236,0.0054463474,0.9692416,0.009023988,0.002052115,0.00430378
vbZk0od1.png,sunda,1,sunda,sunda,1,1,0,0.0092684515,0.0042205346,0.018540215,0.0064384346,0.010026326,0.00042014004,0.95108587
gHn3XLbR.png,pegon,5,pegon,pegon,1,1,0,0.0042012995,0.017406724,0.026284147,0.0062106284,0.00621434,0.9347275,0.0049553523
BB9jaiNE.png,bali,5,bali,bali,1,1,0,0.95862556,0.0003782865,0.019573677,0.0064129257,0.0075902105,6.909322e-05,0.007350282
DNDkwc53.png,pegon,4,pegon,pegon,1,1,0,0.011430184,0.010049412,0.029565724,0.01237622,0.011823518,0.9099353,0.014819616
Lf2WR5Pp.png,lampung,2,lampung,lampung,1,1,0,0.0057060393,0.00020998367,0.012915332,0.9687676,0.0050370204,0.0033873103,0.003976692
M8CrDzFh.png,lontara,4,lontara,lontara,1,1,0,0.0061197504,0.0029948114,0.0024583575,0.0021414068,0.97955143,0.0044487943,0.00228535
317pHUN1.png,jawi,1,jawi,jawi,1,1,0,0.002163617,0.024782473,0.9299555,0.0029804965,0.0050279843,0.03188354,0.0032064726
w3r8sBgG.png,jawi,2,jawi,jawi,1,1,0,0.0034707007,0.019265218,0.9174356,0.0028152813,0.007939162,0.025785314,0.023288598
moZy4FT2.png,jawi,4,jawi,jawi,1,1,0,0.011105364,0.008820118,0.7986275,0.009196904,0.0041903974,0.16282639,0.0052333055
HWc74HVc.png,jawi,4,jawi,jawi,1,1,0,0.009437569,0.01872029,0.92971814,0.008261415,0.008423984,0.015641388,0.009797187
aQrd59Lz.png,sunda,4,sunda,sunda,1,1,0,0.0064426973,0.0026279334,0.014888258,0.007093563,0.0066895867,8.316513e-05,0.96217483
61eK5Vum.png,jawa,3,jawa,jawa,1,1,0,0.006195075,0.9249189,0.025881648,0.0050603664,0.006369268,0.027604733,0.0039701145
KF3VK4Ix.png,lampung,2,lampung,lampung,1,1,0,0.005987159,0.009645455,0.004044452,0.9642547,0.006323311,0.0048976345,0.0048473403
zskvPSAE.png,sunda,2,sunda,sunda,1,1,0,0.004989942,0.00031212825,0.01884495,0.005590106,0.0062047606,0.0042059035,0.95985216
7AXWXSNB.png,jawa,3,jawa,jawa,1,1,0,0.00572836,0.95100665,0.0069692344,0.006021782,0.0075247297,0.016718324,0.006031012
qzj5le1z.png,lampung,3,lampung,lampung,1,1,0,0.007806719,0.021321287,0.0008348291,0.95768946,0.005617092,0.0005582926,0.0061722905
4ss1XeOP.png,jawi,2,jawi,jawi,1,1,0,0.0019845327,0.00889298,0.9684452,0.002173186,0.0029532886,0.013626548,0.0019242557
TN4NfqlW.png,bali,5,bali,bali,1,1,0,0.9514821,0.02056791,0.00038715734,0.00977144,0.007356222,0.00014984664,0.010285355
sxdH73iI.png,bali,2,bali,bali,1,1,0,0.9653988,0.005180252,0.009725356,0.006730031,0.00558048,0.00033083916,0.0070542265
MLcaFo1y.png,jawi,2,jawi,jawi,1,1,0,0.0027812049,0.010007723,0.9646029,0.0031841602,0.0075405417,0.008728892,0.003154627
DLQHa4mD.png,lampung,2,lampung,lampung,1,1,0,0.0035861086,0.0076648123,0.008001338,0.97184485,0.0052431347,0.00017250911,0.0034873083
rT0HTsz2.png,jawi,5,jawi,jawi,1,1,0,0.0022213464,0.018973429,0.9294947,0.012593939,0.01033428,0.020079114,0.0063032927
sf5iE8mF.png,pegon,4,pegon,pegon,1,1,0,0.0078495275,0.008987566,0.011361348,0.008757027,0.006339517,0.94678175,0.009923257
3Ny1thoa.png,jawa,3,jawa,jawa,1,1,0,0.0060207755,0.93835455,0.012524937,0.008878574,0.0062930086,0.021789595,0.006138476
k2Ji621r.png,bali,5,bali,bali,1,1,0,0.97917366,0.009129077,0.0012821956,0.003643722,0.002821341,0.0008433516,0.0031065885
TS3L4tju.png,pegon,5,pegon,pegon,1,1,0,0.0067977444,0.010535147,0.012971113,0.0062221265,0.0030191804,0.95765024,0.002804385
t2ytmSoi.png,jawa,5,jawa,jawa,1,1,0,0.005908792,0.96064353,0.009445449,0.006112104,0.0034283425,0.011010545,0.0034512745
Rte1JQRv.png,jawi,2,jawi,jawi,1,1,0,0.009589397,0.017078428,0.9379301,0.008212343,0.005882792,0.013722901,0.0075839995
cZENS7JS.png,jawa,2,jawa,jawa,1,1,0,0.0074275034,0.9205332,0.023476683,0.009485767,0.015895998,0.014211546,0.008969316
W0C7TbrZ.png,pegon,2,pegon,pegon,1,1,0,0.006178184,0.023690583,0.0155442525,0.0060219783,0.0076135136,0.9321008,0.008850815
Y7LMeGDr.png,jawa,4,jawa,jawa,1,1,0,0.0039105946,0.910293,0.013475536,0.0065447832,0.0065014176,0.05379353,0.00548121
uOcM5HZ4.png,sunda,1,sunda,sunda,1,1,0,0.0067980555,0.0004041822,0.019004894,0.010136232,0.008742309,9.66602e-05,0.95481765
jStvWTlh.png,jawa,3,jawa,jawa,1,1,0,0.005898616,0.94971377,0.010550368,0.0065524112,0.0066641206,0.01498046,0.0056402907
BKOqhUlL.png,sunda,2,sunda,sunda,1,1,0,0.0058214734,0.0003471814,0.013713238,0.0057351836,0.005072981,7.5561366e-05,0.96923435
ayADa7k6.png,lampung,5,lampung,lampung,1,1,0,0.008150259,0.00013333604,0.0003424864,0.9527479,0.009417621,0.019520115,0.009688277
BFq3TvyS.png,jawa,3,jawa,jawa,1,1,0,0.0059665875,0.94252986,0.013431344,0.009077262,0.008982635,0.013197309,0.0068150503
tFuatttL.png,bali,3,bali,bali,1,1,0,0.9568566,0.0030522165,0.016443824,0.0068480694,0.0077380086,0.0004733588,0.008587823
b5xt7pZq.png,pegon,4,pegon,pegon,1,1,0,0.006733992,0.0024824573,0.014327468,0.009054019,0.008673434,0.9500499,0.008678725
ElQ8eGwf.png,lontara,4,lontara,lontara,1,1,0,0.006793239,0.020685311,0.00057376403,0.008289011,0.9546901,0.0005539431,0.008414639
wlfbV0oP.png,jawi,4,jawi,jawi,1,1,0,0.0028082484,0.0073822974,0.97067446,0.0044521573,0.0064441147,0.0050638737,0.0031747932
iaqDOZf4.png,jawa,2,jawa,jawa,1,1,0,0.006154708,0.9424857,0.026658047,0.004988253,0.005159344,0.0114542935,0.0030996716
dHPVnl9Q.png,sunda,1,sunda,sunda,1,1,0,0.012399285,0.00038354928,0.02631735,0.007323993,0.011544384,0.00034786412,0.94168353
bnbQJAN9.png,jawa,1,jawa,jawa,1,1,0,0.0053859046,0.95124465,0.01978105,0.003498412,0.004103944,0.01116137,0.004824729
mbOXkyQA.png,lampung,3,lampung,lampung,1,1,0,0.0068817707,0.004213448,0.008416603,0.952911,0.007519421,0.008225148,0.011832705
lls24cVW.png,pegon,3,pegon,pegon,1,1,0,0.006205693,0.01819621,0.01407468,0.006781886,0.006439501,0.94244635,0.0058556437
wMqZWOJU.png,pegon,2,pegon,pegon,1,1,0,0.009551186,0.021330852,0.0148768,0.0048867264,0.0045341356,0.93306494,0.011755349
NObz6T5q.png,pegon,2,pegon,pegon,1,1,0,0.004411263,0.019513622,0.010994358,0.0025680976,0.0038952876,0.95269656,0.0059208698
relGPqgF.png,sunda,1,sunda,sunda,1,1,0,0.0072035915,0.001238629,0.015771344,0.005628979,0.007547092,0.00023900795,0.96237135
u671mLSh.png,lampung,4,lampung,lampung,1,1,0,0.0056179943,0.0015832972,0.012786331,0.96695673,0.00751144,0.0020629931,0.0034811222
ZE7smt2Y.png,lampung,3,lampung,lampung,1,1,0,0.0070876344,0.018498436,0.0011279986,0.9580105,0.0074774222,5.7512592e-05,0.0077404864
8rbdmCMM.png,jawa,5,jawa,jawa,1,1,0,0.022877065,0.8748635,0.04693553,0.01384765,0.018619975,0.015485253,0.0073709674
J26dna6p.png,jawa,3,jawa,jawa,1,1,0,0.0030406006,0.96848446,0.0087469155,0.0034825231,0.004621959,0.008502676,0.003120791
wmXVo7BX.png,pegon,5,pegon,pegon,1,1,0,0.009283909,0.025491374,0.018040823,0.0036208108,0.0049304063,0.93166465,0.0069681094
NmTdsc8i.png,pegon,1,pegon,pegon,1,1,0,0.0041658385,0.0244903,0.02413417,0.009513981,0.0067166635,0.9198896,0.011089495
CQgcZsMs.png,jawi,2,jawi,jawi,1,1,0,0.006412465,0.015106807,0.9364523,0.0063691167,0.0058764177,0.015465056,0.0143179055
QSx9Tefb.png,sunda,3,sunda,sunda,1,1,0,0.0047635185,0.0016818901,0.009811843,0.0051831445,0.0052111535,0.0062018647,0.96714664
GcD27gkW.png,jawi,1,jawi,jawi,1,1,0,0.004722916,0.018695286,0.92757,0.0060447473,0.0067081666,0.02510817,0.011150729
QoexlvWW.png,lampung,2,lampung,lampung,1,1,0,0.0031418425,0.004968388,0.0016356029,0.97283214,0.0048629898,0.008412399,0.0041467105
5vXVgSn9.png,sunda,4,sunda,sunda,1,1,0,0.0079368,0.0006321659,0.024884574,0.008619494,0.008828399,0.0025346826,0.94656384
8tgIt6fh.png,lontara,5,lontara,lontara,1,1,0,0.008932642,0.019317888,0.0026745938,0.011808378,0.9495816,0.0003086068,0.0073762815
qdF48zrQ.png,pegon,4,pegon,pegon,1,1,0,0.009161951,0.0069486983,0.01733308,0.01100021,0.013623741,0.9335037,0.008428537
rscXnlOp.png,sunda,5,sunda,sunda,1,1,0,0.004923861,0.0071022967,0.0094412295,0.0043249573,0.0060764463,0.00034931238,0.96778196
gkQ3Trdr.png,sunda,1,sunda,sunda,1,1,0,0.0066270046,0.00042662572,0.01663049,0.010347271,0.008237442,0.00030668738,0.9574245
oXtKmBof.png,lampung,4,lampung,lampung,1,1,0,0.0052382695,0.014092788,0.0020411927,0.967727,0.005228679,0.00075422,0.004917863
hIcRsrmL.png,pegon,4,pegon,pegon,1,1,0,0.004583505,0.0019024408,0.015797267,0.005740256,0.0048642596,0.95703584,0.010076429
umjXSNPC.png,lontara,2,lontara,lontara,1,1,0,0.00874753,0.022970563,0.0025917382,0.010130434,0.9473786,0.00070871477,0.007472607
Mq3oZQ6U.png,pegon,1,pegon,pegon,1,1,0,0.003702836,0.015971594,0.034177035,0.0022484597,0.0044757556,0.9364544,0.0029699544
ulAMRwPr.png,pegon,1,pegon,pegon,1,1,0,0.0037476812,0.020900724,0.018035157,0.0037770276,0.0037909427,0.946039,0.003709419
VDnMSqBZ.png,lampung,2,lampung,lampung,1,1,0,0.008172,0.0078960825,0.007327686,0.9651227,0.0069357506,0.0015555903,0.0029901667
QHkFiCcp.png,bali,2,bali,bali,1,1,0,0.9738125,0.0014534924,0.009853114,0.0052226204,0.004327265,0.0001788869,0.005152011
X2JsrHDz.png,pegon,3,pegon,pegon,1,1,0,0.003194095,0.039768044,0.0061224964,0.0044987705,0.004017581,0.93750304,0.0048960713
56TjVnjr.png,jawa,1,jawa,jawa,1,1,0,0.0057173874,0.9418695,0.017729154,0.0071707075,0.009102688,0.008975929,0.009434702
2HwZGmvX.png,lampung,2,lampung,lampung,1,1,0,0.0045785303,0.0022292398,0.011572521,0.96807855,0.0072799437,0.0018956302,0.00436552
Yjxt8cGT.png,pegon,1,pegon,pegon,1,1,0,0.0027092053,0.013855675,0.01927431,0.0036580935,0.0044717537,0.9507113,0.005319681
uHp6UQZq.png,pegon,3,pegon,pegon,1,1,0,0.0028109844,0.023456367,0.008217894,0.0036429053,0.0030281078,0.9573091,0.0015346056
FWiGV8bG.png,jawa,4,jawa,jawa,1,1,0,0.0047221705,0.9191722,0.008649123,0.004058004,0.0050213225,0.052749977,0.0056271683
9rKePQ8h.png,bali,5,bali,bali,1,1,0,0.9552837,0.009874548,0.011032003,0.007550234,0.007761766,0.00027483553,0.008222963
8DwrOn2H.png,pegon,1,pegon,pegon,1,1,0,0.006042941,0.017797653,0.019874115,0.0024167176,0.004862776,0.94458556,0.004420326
C4MIcKJr.png,jawa,5,jawa,jawa,1,1,0,0.008691108,0.9264388,0.016175479,0.00844315,0.010259817,0.021533918,0.0084577855
wasmBixT.png,sunda,1,sunda,sunda,1,1,0,0.007267991,0.0007310698,0.024304459,0.0053078383,0.011937956,0.00101946,0.9494312
m3RD1Uea.png,sunda,5,sunda,sunda,1,1,0,0.006030369,0.00092013023,0.018708294,0.0049984213,0.006654835,0.00046380147,0.96222407
iMG0s3Gg.png,pegon,5,pegon,pegon,1,1,0,0.0063986066,0.024295425,0.033175495,0.008201174,0.008375087,0.9116791,0.007875188
GOFicFO7.png,jawi,4,jawi,jawi,1,1,0,0.0040410273,0.0274568,0.912803,0.0028880234,0.002489904,0.04771989,0.002601365
dMM5L69S.png,pegon,4,jawi,pegon,0,1,1,0.00875436,0.009964005,0.016000371,0.0069336304,0.005755076,0.94457674,0.008015686
dfTVX6bO.png,lampung,4,lampung,lampung,1,1,0,0.006006285,0.0030737543,0.008929014,0.96986425,0.005599034,0.0020838724,0.004443804
Hk8sR697.png,lampung,2,lampung,lampung,1,1,0,0.004406799,0.0008279315,0.005505273,0.9738591,0.0043077627,0.0068715257,0.00422158
Sfg7FrRP.png,lampung,5,lampung,lampung,1,1,0,0.0075688716,0.020133048,0.0010817007,0.95432997,0.0059028897,0.004796231,0.0061873375
fexeyBt5.png,sunda,4,sunda,sunda,1,1,0,0.005689765,0.00025177636,0.017911347,0.006887712,0.008364195,0.00012439514,0.9607708
xfPQ71PS.png,pegon,5,pegon,pegon,1,1,0,0.0061453255,0.017561631,0.013905967,0.009216617,0.005918746,0.9402871,0.0069646453
IYJUQs5I.png,pegon,3,pegon,pegon,1,1,0,0.014856587,0.02397916,0.10990825,0.018111397,0.013609536,0.804226,0.015308984
rHNoxAtO.png,lampung,1,lampung,lampung,1,1,0,0.009195621,0.0011340968,0.0014406499,0.94571155,0.008601187,0.02626966,0.0076472415
pyUvFoul.png,jawi,4,jawi,jawi,1,1,0,0.007755575,0.008984986,0.93092614,0.0072809933,0.0025966119,0.03810628,0.0043494334
32WgqzZ5.png,jawa,2,jawa,jawa,1,1,0,0.0069514825,0.95234764,0.0137312235,0.0052331346,0.008421846,0.009120209,0.0041944403
NXbP65Xh.png,bali,4,bali,bali,1,1,0,0.973899,0.009608429,0.0033230174,0.005262165,0.0035653021,0.00027605257,0.0040660314
CCg50rHr.png,pegon,5,pegon,pegon,1,1,0,0.0071483483,0.019979134,0.023541171,0.007909319,0.00742099,0.92396367,0.0100374445
oorrLnPw.png,lontara,1,lontara,lontara,1,1,0,0.0070921634,0.027816279,0.0017821467,0.008208213,0.94620866,0.00044785542,0.008444704
kCBpYVbg.png,lampung,5,lampung,lampung,1,1,0,0.0071228626,0.0013575034,0.0014764367,0.95533353,0.008272999,0.019505303,0.006931423
nhNqqDnA.png,jawi,1,jawi,jawi,1,1,0,0.0017137561,0.022531413,0.94228613,0.0031146621,0.0015372563,0.026111387,0.0027053903
iGXHsCtM.png,jawi,1,jawi,jawi,1,1,0,0.0019643775,0.035490822,0.9126427,0.005475712,0.0054433946,0.030179558,0.008803368
O1fJtSwf.png,jawa,5,jawa,jawa,1,1,0,0.018028311,0.55631423,0.07170103,0.007800489,0.012511953,0.3260835,0.0075605293
8dFryIBy.png,lontara,2,lontara,lontara,1,1,0,0.0060420735,0.022409428,0.00086721237,0.006927955,0.9559425,0.00066426577,0.007146567
7u6frnW0.png,pegon,1,pegon,pegon,1,1,0,0.0032625464,0.009287533,0.014497634,0.0053929337,0.0075634345,0.9547844,0.005211556
Qc8uSini.png,pegon,3,pegon,pegon,1,1,0,0.005991572,0.019855138,0.019662183,0.00673323,0.007067322,0.93451273,0.0061779195
TckZhNUh.png,pegon,1,pegon,pegon,1,1,0,0.0029124632,0.016746726,0.015158984,0.004151997,0.008521804,0.94613236,0.006375573
7gA3aiKb.png,sunda,1,sunda,sunda,1,1,0,0.008342262,0.00063803623,0.021149501,0.0054628667,0.008562929,0.00041154498,0.9554329
fjMJK3ym.png,jawi,3,jawi,jawi,1,1,0,0.004284753,0.015085551,0.950789,0.0037934857,0.0062603713,0.011645833,0.008140952
Fm4IAN3u.png,jawi,4,jawi,jawi,1,1,0,0.003719008,0.026317267,0.93681973,0.00317623,0.0037154525,0.023567619,0.002684664
2Q3IL49u.png,jawi,5,jawi,jawi,1,1,0,0.019018557,0.01624349,0.92309403,0.012141518,0.010351903,0.0127372155,0.0064132283
zWHu9JmI.png,jawa,1,jawa,jawa,1,1,0,0.0056216884,0.6072767,0.030323233,0.0054833353,0.004459429,0.339489,0.0073465947
w2y8Anbn.png,jawi,1,jawi,jawi,1,1,0,0.004124708,0.022125632,0.9408058,0.0035524531,0.0038915803,0.022299165,0.0032007392
kYFwV4Nv.png,jawa,3,jawa,jawa,1,1,0,0.005355335,0.9487164,0.010096018,0.006926763,0.005897363,0.016629273,0.0063788113
lkSQmQpI.png,lontara,4,lontara,lontara,1,1,0,0.0053146384,0.01600234,0.0039648633,0.0063160644,0.9605184,0.00032601244,0.0075576454
F7qxJI2B.png,pegon,1,pegon,pegon,1,1,0,0.0029774217,0.009993343,0.019038253,0.0062343474,0.0047457824,0.9501373,0.0068735746
784j5cjr.png,jawi,4,jawi,jawi,1,1,0,0.020624697,0.008146358,0.93792003,0.0066542183,0.007479342,0.014020769,0.0051546465
KnW4o205.png,lontara,3,lontara,lontara,1,1,0,0.0051640025,0.0042467606,0.0043262932,0.004724825,0.97802895,0.00039212767,0.003117012
OliUi0LA.png,lontara,4,lontara,lontara,1,1,0,0.0044212854,0.01119364,0.0027837674,0.0037093235,0.97183955,0.0004077283,0.0056447373
wDH5SGF7.png,pegon,2,pegon,pegon,1,1,0,0.008915854,0.02329131,0.026729709,0.006139665,0.006610983,0.9213267,0.00698574
xBv4KOmp.png,bali,4,bali,bali,1,1,0,0.9751728,0.010657343,0.0027764034,0.003449181,0.0035860627,0.00042138033,0.003936839
w4ppIZx9.png,jawa,1,jawa,jawa,1,1,0,4.9038652e-36,0.93157446,0.01873936,1.0409667e-07,2.2073006e-16,0.049686033,8.06388e-37
eznzZQLq.png,jawi,3,jawi,jawi,1,1,0,0.0035015487,0.0068131057,0.9733679,0.00268363,0.0032995045,0.006786544,0.0035476687
HFUcjEnZ.png,sunda,5,sunda,sunda,1,1,0,0.0067509688,0.009049784,0.009595888,0.00756999,0.0073189544,0.001394282,0.9583201
yhyEr1RP.png,lampung,1,lampung,lampung,1,1,0,0.010144212,0.008724416,0.013631924,0.9422312,0.012310987,0.0011505574,0.011806674
n1ZnQWMO.png,pegon,5,pegon,pegon,1,1,0,0.006993199,0.017530218,0.020514924,0.005638537,0.005461085,0.937689,0.006172925
crFVBO2G.png,lontara,1,lontara,lontara,1,1,0,0.0072314492,0.025165275,0.0022670573,0.010015706,0.94625807,0.0004896874,0.008572773
ZDdr885Q.png,sunda,4,sunda,sunda,1,1,0,0.0068567786,0.010609719,0.011249957,0.0059838835,0.006789166,0.00079373707,0.9577168
cj8TpDsB.png,sunda,2,sunda,sunda,1,1,0,0.0025340305,0.0017121945,0.012537733,0.0039399243,0.0028990058,0.00061815075,0.9757589
iFdTtUZO.png,lampung,4,lampung,lampung,1,1,0,0.0062891683,0.006371072,0.009959681,0.9662623,0.005257165,0.0007271355,0.0051335227
GvmnY2VG.png,jawa,2,jawa,jawa,1,1,0,0.004141178,0.9446512,0.016574195,0.004688313,0.005305532,0.01703365,0.007606096
9x7GjAkG.png,lontara,3,lontara,lontara,1,1,0,0.0052721454,0.0112278955,0.002012805,0.0048766467,0.9719468,0.00019854195,0.004465215
HpgH48Jw.png,sunda,4,sunda,sunda,1,1,0,0.0048420504,0.0013963691,0.016214432,0.0064359773,0.006106323,0.00016368665,0.9648412
d6hqWZCE.png,lontara,4,lontara,lontara,1,1,0,0.0054903193,0.014404525,0.0019494403,0.009742702,0.95319456,0.0063182716,0.008900196
ZbgO4G2N.png,jawa,5,jawa,jawa,1,1,0,0.007139336,0.92032087,0.017630747,0.009854835,0.00896837,0.022418324,0.013667659
ySCdStWj.png,jawi,5,jawi,jawi,1,1,0,0.0077697043,0.028702747,0.9266743,0.00663765,0.0055459905,0.017443132,0.00722642
a2tWAotu.png,jawi,3,jawi,jawi,1,1,0,0.0045762677,0.010598176,0.95401734,0.00614512,0.011889014,0.007507896,0.005266215
LpvjJyLN.png,pegon,4,pegon,pegon,1,1,0,0.0048536663,0.06534221,0.06728485,0.004996051,0.004851665,0.84654367,0.006127913
mlDd7KyK.png,lontara,3,lontara,lontara,1,1,0,0.0040189037,0.010699107,0.00087973836,0.005717022,0.9747048,0.00017327305,0.0038070902
Yz5n0eUO.png,bali,1,bali,bali,1,1,0,0.97333264,0.011269139,0.004636151,0.0034911886,0.0039028027,9.40372e-05,0.0032740242
s2AHtMKY.png,jawi,3,jawi,jawi,1,1,0,0.0058997837,0.002231597,0.963986,0.008901604,0.0067276293,0.0061797146,0.0060737603
l3OOvh8D.png,jawi,3,jawi,jawi,1,1,0,0.0059660724,0.004014262,0.96137947,0.007858138,0.009322184,0.00858159,0.0028782494
vBAVAQ3Y.png,pegon,3,jawi,jawi,0,0,0,0.0058431644,0.17823014,0.6315915,0.11475743,0.023983886,0.023254186,0.02233976
siKCq7qd.png,lampung,1,lampung,lampung,1,1,0,0.008373572,0.0009051282,0.01151085,0.9503451,0.010815748,0.009986161,0.008063421
QOb1UzES.png,jawi,1,jawi,jawi,1,1,0,0.00394832,0.018916557,0.9303356,0.007619624,0.0047409786,0.025604596,0.008834249
WjMQPiQi.png,jawi,5,jawi,jawi,1,1,0,0.0017713656,0.012438772,0.9624203,0.0044474066,0.0055242083,0.00958382,0.00381414
zXzVlu8P.png,jawi,5,jawi,jawi,1,1,0,0.008021408,0.016068883,0.9275519,0.011677018,0.008570491,0.016021876,0.0120883435
PnNXAUVO.png,lampung,3,lampung,lampung,1,1,0,0.00682586,0.006333012,0.011837404,0.95589787,0.007444107,0.00045675028,0.011204958
83GACi6i.png,lontara,4,lontara,lontara,1,1,0,0.0029259936,0.009765685,0.00045496642,0.003490553,0.97912955,0.0005968752,0.0036364503
FdeUt4TM.png,sunda,3,sunda,sunda,1,1,0,0.007432016,0.0012744159,0.023176126,0.0061858688,0.0067104744,0.000108168526,0.95511293
K2Vz5KrQ.png,sunda,2,sunda,sunda,1,1,0,0.0073406915,0.009861726,0.00658217,0.0051582647,0.006668107,0.0005130441,0.963876
LUp6efKA.png,pegon,2,pegon,pegon,1,1,0,0.0041357856,0.024332529,0.01844805,0.010373377,0.0036297205,0.9351808,0.0038996886
SDDP3Cyu.png,lampung,5,lampung,lampung,1,1,0,0.006407642,0.0103623895,0.0025850767,0.96779925,0.0052789776,0.0016371682,0.0059294947
QgJlFUvJ.png,pegon,4,pegon,pegon,1,1,0,0.0044380473,0.0040786485,0.0064732595,0.0051876255,0.00605442,0.96825194,0.0055161193
8eFU9TTt.png,lampung,1,lampung,lampung,1,1,0,0.006260596,0.0027465806,0.008476604,0.9683405,0.0048904545,0.0050487295,0.004236428
hjQtC0A0.png,pegon,5,pegon,pegon,1,1,0,0.0054541607,0.008326784,0.01261033,0.004442635,0.007993819,0.95402336,0.0071489173
8aYwDbSZ.png,sunda,1,sunda,sunda,1,1,0,0.008344731,0.0031525698,0.01006297,0.0058379965,0.0080666095,0.0001376378,0.9643974
5JvmYh2g.png,jawi,3,jawi,jawi,1,1,0,0.00794002,0.02085527,0.91762275,0.0096736,0.010866481,0.026936065,0.0061058444
k5fyQUD7.png,jawa,5,jawa,jawa,1,1,0,0.0062407735,0.9357624,0.011768012,0.00902223,0.010866232,0.018173333,0.008166962
4ozuY5uu.png,bali,4,bali,bali,1,1,0,0.969223,0.010166339,0.0054763006,0.00502444,0.0044365036,0.000262332,0.005411029
Un4dHFMd.png,jawa,4,jawi,jawa,0,1,1,3.571576e-14,0.9779301,0.011002621,6.508014e-17,1.0679739e-19,0.011067279,1.8430854e-18
n86MhOTz.png,sunda,2,sunda,sunda,1,1,0,0.0031578115,6.811892e-05,0.0075349663,0.0037744993,0.0028647576,2.503509e-05,0.9825749
Z1Vi06I6.png,jawi,5,jawi,jawi,1,1,0,0.008234283,0.02613582,0.90349954,0.00541076,0.007751511,0.031913012,0.017055104
AvdYMFzi.png,jawi,2,jawi,jawi,1,1,0,0.0067536007,0.015701856,0.94615996,0.005778118,0.006006763,0.010950961,0.008648686
sobv0K9w.png,pegon,2,pegon,pegon,1,1,0,0.005677984,0.027285945,0.013767211,0.011728685,0.006144888,0.929996,0.0053992723
agf2gPrx.png,pegon,4,pegon,pegon,1,1,0,0.008960516,0.0031302143,0.0092723705,0.008571015,0.010807395,0.9458074,0.013451053
3KzFDfCr.png,jawa,3,jawa,jawa,1,1,0,0.020305252,0.7591155,0.026786974,0.03366111,0.021792397,0.0046571507,0.13368161
v6YdGnIc.png,lampung,3,lampung,lampung,1,1,0,0.006375255,0.016274376,0.0002537157,0.9617456,0.007153578,8.1489336e-05,0.008115944
l6nrGYt7.png,sunda,3,sunda,sunda,1,1,0,0.004247242,0.0005961029,0.018744497,0.005904505,0.0061514615,0.00047804753,0.9638781
QfST9lXl.png,jawi,2,jawi,jawi,1,1,0,0.006992946,0.008889861,0.9605717,0.0043606223,0.0036009273,0.012709292,0.0028746477
SjrvMohO.png,jawa,2,jawa,jawa,1,1,0,0.0059439936,0.9548649,0.012245085,0.0051823948,0.0060153124,0.010102083,0.005646239
0OHll8pC.png,sunda,5,sunda,sunda,1,1,0,0.008792948,0.0050800103,0.019732103,0.007375341,0.009983328,0.00030433445,0.9487319
3Zc5SgJK.png,sunda,1,sunda,sunda,1,1,0,0.009467109,0.0015908573,0.021610076,0.0063901036,0.0073349937,0.00040518853,0.95320165
lq7Vlf8k.png,jawa,3,jawa,jawa,1,1,0,0.0,0.95787215,0.021516409,0.0,0.0,0.020611458,0.0
4Mqh7sTK.png,jawa,2,jawa,jawa,1,1,0,0.011087679,0.9235651,0.01461074,0.009265565,0.008449832,0.021404324,0.011616752
4mql8x2r.png,sunda,2,sunda,sunda,1,1,0,0.004236682,0.008871763,0.0049282447,0.0040979823,0.0044033183,0.00024132308,0.9732207
d81kXIKi.png,sunda,2,sunda,sunda,1,1,0,0.009658086,0.015811114,0.014723194,0.008978191,0.011162116,0.00023774599,0.93942964
wZCLEtlY.png,jawi,2,jawi,jawi,1,1,0,0.014775044,0.014415107,0.86608225,0.012224651,0.02203746,0.022206958,0.048258487
MrW3Cv8t.png,bali,2,bali,bali,1,1,0,0.9548213,0.0047065644,0.015089473,0.0089436835,0.0065616076,0.0003559116,0.009521478
m2M3qymP.png,jawa,5,jawa,jawa,1,1,0,0.011812996,0.9430316,0.012355964,0.009349854,0.008815129,0.009200123,0.005434325
O02qHFJp.png,jawa,1,jawa,jawa,1,1,0,0.006287149,0.9507382,0.012991172,0.005570889,0.004910447,0.013482323,0.0060197944
img8fMCz.png,jawi,2,jawi,jawi,1,1,0,0.005913681,0.012820495,0.92641157,0.010965187,0.021908259,0.014814054,0.007166748
nKhcxWbc.png,pegon,4,pegon,pegon,1,1,0,0.0065275435,0.0020999024,0.026901549,0.016148932,0.009208161,0.9304245,0.008689401
knc0fzmS.png,lampung,4,lampung,lampung,1,1,0,0.0036526902,0.008259837,0.004597852,0.9494909,0.007294795,0.023868555,0.002835355
3rsKyJtH.png,lampung,5,lampung,lampung,1,1,0,0.008791438,0.0006206123,0.000463005,0.95479363,0.007692199,0.018243534,0.009395554
1dBCTMe7.png,jawa,5,sunda,sunda,0,0,0,0.060782015,0.37429425,0.0032636777,0.17095092,0.006246165,0.0045845797,0.37987837
JcfFyYyJ.png,lampung,2,lampung,lampung,1,1,0,0.007255491,0.011878197,0.0027802924,0.96274865,0.010834719,0.0003908787,0.004111803
Ft7AWWYE.png,pegon,2,pegon,pegon,1,1,0,0.004221928,0.019026004,0.012380457,0.004784197,0.0036145933,0.949526,0.006446875
HZfSNxPT.png,sunda,5,sunda,sunda,1,1,0,0.0046540215,0.0041074962,0.010546635,0.0061271684,0.005778481,0.00047391272,0.96831226
UH8nZWdp.png,pegon,3,pegon,pegon,1,1,0,0.006664749,0.018420374,0.020132279,0.00794654,0.0073003997,0.9346901,0.0048454953
j5XPGZaQ.png,jawi,5,jawi,jawi,1,1,0,0.0020712316,0.024861444,0.9522484,0.0016584627,0.0029034968,0.013636256,0.002620834
nK3FBC1w.png,lontara,4,lontara,lontara,1,1,0,0.0054388186,0.014299936,0.002488751,0.0065709995,0.9649151,0.0002662969,0.006020086
Vf0FM8gx.png,jawi,2,jawi,jawi,1,1,0,0.006713221,0.011156135,0.9415585,0.01907346,0.0036834155,0.014241073,0.0035741904
GlTXu7cA.png,jawi,5,jawi,jawi,1,1,0,0.008100471,0.019613614,0.93311507,0.009978933,0.007853032,0.013679143,0.0076597356
qKXx9xKp.png,pegon,4,pegon,pegon,1,1,0,0.006994303,0.007327297,0.008441907,0.008516884,0.009668084,0.95128876,0.0077628293
2jb1cIa7.png,bali,1,bali,bali,1,1,0,0.9699091,0.0032665886,0.014529454,0.0049684513,0.004456457,0.0001818303,0.0026881436
36loPqHi.png,jawa,4,jawa,jawa,1,1,0,0.0063571446,0.9562784,0.006899221,0.003978304,0.0059065754,0.016566541,0.0040138103
BoG1KCaJ.png,pegon,1,pegon,pegon,1,1,0,0.003543466,0.020879922,0.017651474,0.002341644,0.0049636248,0.9450975,0.0055223624
DVj9IaKO.png,sunda,5,sunda,sunda,1,1,0,0.0055329185,0.0014634308,0.015827755,0.006271807,0.0057496587,0.0002670642,0.9648873
4TltEvq8.png,jawa,3,jawa,jawa,1,1,0,0.00839903,0.93372,0.019359825,0.0098246215,0.0078237625,0.015092178,0.005780581
BDqWdmI5.png,jawi,1,jawi,jawi,1,1,0,0.0059827007,0.027400592,0.913607,0.0044825305,0.011888931,0.031109639,0.0055287103
dHz1blrq.png,sunda,3,sunda,sunda,1,1,0,0.0073105614,0.0020746142,0.009625763,0.0063224477,0.008753727,0.011509284,0.9544036
vCFMS4jc.png,jawa,5,jawi,jawa,0,1,1,1.6984887e-16,0.9661588,0.011526137,2.0575496e-11,6.10939e-13,0.02231506,3.4894732e-10
OB3iRUNP.png,jawi,1,jawi,jawi,1,1,0,0.0049231336,0.018470204,0.9436473,0.0029977986,0.0051857564,0.022652276,0.002123499
DHV6bnhV.png,pegon,4,pegon,pegon,1,1,0,0.005210612,0.0039994577,0.0066198,0.006449683,0.0067792996,0.96346277,0.007478378
ONFMyfa6.png,pegon,2,pegon,pegon,1,1,0,0.004129033,0.014979724,0.011575434,0.0052397233,0.0042109326,0.95618135,0.0036838276
YYPX7AVR.png,lampung,2,lampung,lampung,1,1,0,0.00717319,0.023219656,0.0005869972,0.95857763,0.0058405255,8.572907e-05,0.004516282
8nz8RLRM.png,jawi,3,jawi,jawi,1,1,0,0.0048472076,0.020126343,0.94635284,0.0072649647,0.006407666,0.009332238,0.005668757
wsGNlTEQ.png,jawi,1,jawi,jawi,1,1,0,0.003706658,0.0064166635,0.92663026,0.0023640606,0.011060688,0.045752842,0.004068796
SujUTC7Q.png,sunda,3,sunda,sunda,1,1,0,0.0061584045,0.00023365695,0.021595089,0.010098728,0.0065277787,0.00019985739,0.9551865
SrGQvlZs.png,lontara,4,lontara,lontara,1,1,0,0.004987547,0.0104708485,0.00758619,0.006799923,0.9626777,0.00049429265,0.00698353
yPtUMCsZ.png,bali,5,bali,bali,1,1,0,0.9456487,0.022366226,0.0006354111,0.0076271277,0.011739011,0.00017826588,0.011805204
SJiOWAeY.png,lontara,5,lontara,lontara,1,1,0,0.0057364525,0.013538067,0.00034865437,0.0074100047,0.96551824,0.0002657608,0.007182776
qHg5OPKd.png,sunda,3,sunda,sunda,1,1,0,0.0038146006,0.00022657149,0.012688498,0.0051388494,0.004291931,0.00015063467,0.97368884
ZMeNL381.png,lampung,2,lampung,lampung,1,1,0,0.004909457,0.002722105,0.0073760008,0.96747434,0.006799755,0.006520432,0.00419786
I3DVYX67.png,jawa,3,jawa,jawa,1,1,0,0.0017321726,0.95804214,0.01725825,0.002209353,0.0016343952,0.017174186,0.0019495512
FFQQz1vB.png,sunda,2,sunda,sunda,1,1,0,0.0060271616,0.0039447313,0.010859889,0.0064151864,0.005397246,9.331636e-05,0.96726245
5XPg06x8.png,jawi,2,jawi,jawi,1,1,0,0.008413721,0.014137886,0.9238463,0.008240202,0.005733846,0.03244105,0.0071870373
hvuEmRkR.png,sunda,5,sunda,sunda,1,1,0,0.006073519,0.0010964365,0.015426833,0.004489348,0.006246757,0.0003706833,0.9662964
B82aWLEd.png,lampung,2,lampung,lampung,1,1,0,0.0045190845,0.00018911215,0.00020111234,0.96540594,0.005489512,0.02011724,0.0040779384
pueHxAjt.png,sunda,3,sunda,sunda,1,1,0,0.0048106434,7.482736e-05,0.021658482,0.007028509,0.006661621,0.00016666151,0.9595992
E676oAV2.png,sunda,4,sunda,sunda,1,1,0,0.009166899,0.0007531615,0.023567857,0.009246733,0.008391779,0.00016288258,0.9487107
wdrfsK9D.png,sunda,2,sunda,sunda,1,1,0,0.005795703,0.00028688705,0.01612918,0.005122297,0.0059719156,0.000108677574,0.9665854
hOg4HWo9.png,bali,3,bali,bali,1,1,0,0.94586116,0.021327626,0.00042881272,0.009167005,0.0077414466,0.00017367951,0.015300265
DayeYAQn.png,jawa,2,jawa,jawa,1,1,0,0.010059852,0.9296325,0.015701162,0.0098145,0.013294806,0.009069404,0.012427721
0Mqyoa0J.png,jawa,2,jawa,jawa,1,1,0,0.008648186,0.8834596,0.036110364,0.0077576227,0.009493588,0.049865726,0.004664881
G55wHgVk.png,jawi,3,jawi,jawi,1,1,0,0.0049280035,0.01372064,0.94605404,0.0049764286,0.006767855,0.017463487,0.006089481
1xrOjcUj.png,lampung,1,lampung,lampung,1,1,0,0.011738217,0.015344863,0.0016999273,0.9403761,0.011703235,0.010660262,0.008477436
3G2FsNXW.png,sunda,4,sunda,sunda,1,1,0,0.0077336533,0.0015599208,0.021429151,0.00839689,0.010058932,0.0006290352,0.95019245
6YJTysvv.png,jawi,5,jawi,jawi,1,1,0,0.009365693,0.015773565,0.925747,0.010011239,0.01302908,0.014347975,0.011725446
nubogkVa.png,lontara,5,lontara,lontara,1,1,0,0.0031114854,0.020840883,0.0012358034,0.0029350442,0.96545035,0.0021509735,0.0042754803
SsbS18ul.png,pegon,5,pegon,pegon,1,1,0,0.007815367,0.019451644,0.020605309,0.006782381,0.0052093253,0.93449086,0.005645086
YmLUVboM.png,jawa,5,jawa,jawa,1,1,0,0.005554351,0.93845415,0.012686305,0.011117171,0.013036338,0.011483529,0.007668112
HHln0Sjx.png,jawi,5,jawi,jawi,1,1,0,0.006476022,0.014298449,0.9416664,0.007340555,0.0071033873,0.015627284,0.0074878405
phTxXfMu.png,pegon,3,pegon,pegon,1,1,0,0.008111021,0.018083086,0.015880536,0.0054562367,0.0073509826,0.93750226,0.007615868
3boOyZCX.png,pegon,4,pegon,pegon,1,1,0,0.0067960946,0.010149366,0.0052346596,0.008780951,0.005405514,0.95559394,0.008039439
kI0m4DGb.png,pegon,3,pegon,pegon,1,1,0,0.0054115546,0.025254715,0.02021362,0.006665053,0.0059682764,0.9320732,0.0044136704
Nv9vaElA.png,bali,5,bali,bali,1,1,0,0.78274286,0.16136199,0.003085208,0.013661995,0.019125193,0.0015317698,0.018490937
NAETW72M.png,sunda,1,sunda,sunda,1,1,0,0.004857381,0.0013804536,0.01299149,0.0055552362,0.0066471593,0.00013478629,0.96843344
Nwgn7Wrx.png,jawi,1,jawi,jawi,1,1,0,0.0022764334,0.017315138,0.95651835,0.0010990627,0.0010284515,0.019658983,0.0021035364
Qpp3eLf2.png,sunda,4,sunda,sunda,1,1,0,0.0035655452,0.009316382,0.00518788,0.0031973475,0.0038665298,0.00021528259,0.97465116
hASwmHYn.png,sunda,4,sunda,sunda,1,1,0,0.0078000175,0.009999221,0.0056890445,0.006202964,0.0071175615,0.00011393785,0.96307725
RP2inEjd.png,bali,3,bali,bali,1,1,0,0.9590986,0.0032630335,0.016318124,0.0060924776,0.006047257,0.00073540566,0.008445123
k7TdTaMt.png,jawa,4,jawa,jawa,1,1,0,0.0055223573,0.8711525,0.028527591,0.010214715,0.007002841,0.07320433,0.00437568
ZsFYRKpw.png,jawa,3,jawa,jawa,1,1,0,0.00881411,0.9325885,0.012918589,0.01026597,0.009528554,0.019794911,0.006089298
GyjXydFw.png,bali,2,bali,bali,1,1,0,0.9545998,0.019285176,0.0029441498,0.008064313,0.006167437,0.00031848534,0.008620567
9PxgUxmc.png,jawi,3,jawi,jawi,1,1,0,0.006644557,0.0061082337,0.965952,0.007772013,0.0054336386,0.0047524534,0.0033370138
Egu4zbrX.png,jawi,4,jawi,jawi,1,1,0,0.0018570138,0.012945273,0.97364163,0.0020916066,0.0016518496,0.00682168,0.000991017
hNuAw1DH.png,jawa,1,jawa,jawa,1,1,0,0.0043928428,0.96491826,0.0068939016,0.0053718267,0.0047778147,0.0037554768,0.00988985
ZmqrOrNr.png,pegon,3,pegon,pegon,1,1,0,0.0054098996,0.021552242,0.02514796,0.005182692,0.008084604,0.92903996,0.0055827377
eZTNQmBF.png,bali,5,bali,bali,1,1,0,0.95015836,0.0027665382,0.022367826,0.00741061,0.009634552,0.00020439744,0.0074577676
7nLMmWWd.png,jawi,4,jawi,jawi,1,1,0,0.005946349,0.017998641,0.9195552,0.012722345,0.008713075,0.031251084,0.0038133748
sTHnJw8U.png,jawi,5,jawi,jawi,1,1,0,0.006649918,0.019183336,0.9361141,0.007720678,0.0072216922,0.01598139,0.0071289265
vuXlf6gO.png,sunda,4,sunda,sunda,1,1,0,0.004604123,0.0006871116,0.013454999,0.005382773,0.006081588,0.0017593192,0.9680301
Yg45eqOE.png,jawi,2,jawi,jawi,1,1,0,0.008731496,0.017319582,0.93551344,0.007835768,0.0051063937,0.015284478,0.010208897
ICJvaORz.png,jawi,5,jawi,jawi,1,1,0,0.0030070185,0.01189004,0.9556769,0.009169322,0.005364597,0.010090946,0.004801132
0mpqYu2h.png,pegon,3,pegon,pegon,1,1,0,0.0035522394,0.028885908,0.026198382,0.0068788473,0.0063729854,0.9244271,0.0036845512
Uam1Sq5X.png,pegon,3,pegon,pegon,1,1,0,0.009196492,0.020721294,0.020064164,0.01159342,0.0125149125,0.9170857,0.008824057
h6shgogS.png,sunda,5,sunda,sunda,1,1,0,0.007245488,0.0163969,0.00760296,0.009251949,0.009145156,0.00030002653,0.95005745
8RIVRVHB.png,lampung,4,lampung,lampung,1,1,0,0.0053352644,0.0003570172,0.001142939,0.964897,0.006970249,0.016159834,0.0051377267
I3XTeCOm.png,pegon,3,pegon,pegon,1,1,0,0.008231301,0.020293538,0.01972688,0.009904279,0.007007233,0.9275698,0.007266984
kdtuMKPy.png,bali,5,bali,bali,1,1,0,0.96319634,0.008965843,0.009885592,0.006354741,0.0057324027,8.806988e-05,0.005776998
8w719Fuc.png,pegon,1,pegon,pegon,1,1,0,0.0033367272,0.013192923,0.00524266,0.004152745,0.0021946065,0.96833587,0.0035444428
0ACAlV8j.png,bali,3,bali,bali,1,1,0,0.9483411,0.002906752,0.020893715,0.008607964,0.008942982,0.00048281116,0.009824671
JD2j0DKR.png,jawa,5,jawa,jawa,1,1,0,0.0047763553,0.9495189,0.007892528,0.010964308,0.007211194,0.0133732995,0.006263321
QBMs0ScI.png,lontara,4,lontara,lontara,1,1,0,0.0045502232,0.009567961,0.0006714484,0.0028399392,0.9785726,0.00041386942,0.0033840176
ogAU3Qgv.png,sunda,3,sunda,sunda,1,1,0,0.005932872,0.00023338366,0.019467697,0.0056642937,0.0067408294,0.0002489213,0.9617121
Wja7t8qL.png,sunda,4,sunda,sunda,1,1,0,0.009334646,0.009366973,0.011646009,0.0057650725,0.0074490057,0.0011644269,0.9552739
Dv9EQxtb.png,sunda,3,sunda,sunda,1,1,0,0.004046217,0.0002015766,0.015190644,0.0051045087,0.004911246,4.4802462e-05,0.970501
IiMMT8s8.png,lampung,2,lampung,lampung,1,1,0,0.0024203665,0.005470952,0.0044478527,0.9799611,0.003938281,0.00025488224,0.0035066253
4xefokN3.png,pegon,2,pegon,pegon,1,1,0,0.006782454,0.01791482,0.0138299875,0.009544815,0.007931776,0.9342367,0.009759451
FF8sOiva.png,lampung,4,lampung,lampung,1,1,0,0.003187743,0.00060208834,0.012986857,0.9747952,0.0044298773,0.0005124849,0.0034858154
cxXohjYi.png,lampung,4,lampung,lampung,1,1,0,0.00242654,0.005677003,0.00025759928,0.9820695,0.0034081705,0.0043697446,0.0017914703
ZItUwMcz.png,sunda,3,sunda,sunda,1,1,0,0.0049725124,0.00086241146,0.015926635,0.006985464,0.0056917504,0.0010043303,0.9645568
RvjfTC9l.png,bali,1,bali,bali,1,1,0,0.9779944,0.0056712176,0.0068307803,0.002945969,0.0035012402,0.00015433956,0.0029021082
sc2LvWid.png,jawa,4,jawa,jawa,1,1,0,0.011860543,0.93338305,0.01284151,0.0068036523,0.009852531,0.01789845,0.0073602106
5oiNQzmB.png,lontara,4,lontara,lontara,1,1,0,0.0040661227,0.01183512,0.00094805507,0.004646476,0.9730463,0.0008212749,0.0046365843
Aja7QzOB.png,jawa,5,jawa,jawa,1,1,0,0.004720827,0.9549544,0.010796714,0.005214788,0.0073274383,0.011950873,0.0050349673
r9GP4bHW.png,jawi,5,jawi,jawi,1,1,0,0.003000036,0.0155255385,0.95305616,0.006262306,0.0068046516,0.009555671,0.005795654
1wsMssoL.png,lampung,5,lampung,lampung,1,1,0,0.0061500636,0.0018526196,0.010951277,0.9602935,0.0068372497,0.0041124746,0.0098028835
ijH84Cp6.png,pegon,1,pegon,pegon,1,1,0,0.0031277838,0.015477602,0.02808111,0.0037232405,0.004139236,0.93904436,0.006406763
mcQMKYkK.png,sunda,5,sunda,sunda,1,1,0,0.0071373726,0.008721368,0.011486434,0.0072794114,0.008445827,0.0004886739,0.956441
3VXesh3T.png,jawi,2,jawi,jawi,1,1,0,0.0064918348,0.013821589,0.9373237,0.0090979235,0.013749874,0.009955318,0.009559832
uQLRpKXK.png,pegon,2,pegon,pegon,1,1,0,0.0039940914,0.018884439,0.01473597,0.04437484,0.0043085455,0.9107923,0.002909808
nIXyys5O.png,jawa,3,jawa,jawa,1,1,0,0.0055942116,0.94171953,0.019148026,0.005928423,0.00731687,0.015858779,0.00443416
9SU8z2Sp.png,lontara,1,lontara,lontara,1,1,0,0.007443254,0.024277786,0.001991383,0.010134449,0.94854385,0.00056485826,0.0070443656
xUeMDW7a.png,pegon,4,pegon,pegon,1,1,0,0.0065069995,0.0032343857,0.009817735,0.009182414,0.00834299,0.9565108,0.0064045596
cnMgWoWA.png,jawi,3,jawi,jawi,1,1,0,0.007230261,0.018390872,0.94051236,0.0074708876,0.006218476,0.013666935,0.0065102084
pHAAQca6.png,pegon,5,pegon,pegon,1,1,0,0.002998538,0.011877216,0.013604004,0.0033765952,0.0044216444,0.95744693,0.0062751197
xZRdzdNE.png,jawa,4,jawa,jawa,1,1,0,0.004547392,0.9467845,0.009354747,0.005381412,0.0048711174,0.024526428,0.004534411
32ljDCfS.png,pegon,5,pegon,pegon,1,1,0,0.00543829,0.019749722,0.017807573,0.0066908826,0.00535094,0.9386734,0.0062892567
aRuiHfXN.png,lontara,3,lontara,lontara,1,1,0,0.0039793686,0.015370765,0.0014714908,0.003282403,0.9719821,0.00026706397,0.0036468625
crALoLq9.png,sunda,3,sunda,sunda,1,1,0,0.008288535,0.00035503818,0.02391321,0.0075592664,0.008989543,6.876011e-05,0.95082563
7IkuKP38.png,lampung,1,lampung,lampung,1,1,0,0.008303983,0.003724354,0.011547687,0.9647329,0.0045946413,0.0014383224,0.005658061
PO7ahJNl.png,lontara,4,lontara,lontara,1,1,0,0.0074084094,0.019296221,0.00066351227,0.006370772,0.9578933,0.0014485368,0.00691926
51zsiXdc.png,pegon,3,pegon,pegon,1,1,0,0.008766202,0.022120815,0.020438438,0.0062926887,0.009557924,0.92330927,0.009514606
IV7avkWF.png,lontara,1,lontara,lontara,1,1,0,0.0042423345,0.012470494,0.0019864105,0.0055204374,0.9702762,0.00025405886,0.005250112
MF7ca6o2.png,lontara,5,lontara,lontara,1,1,0,0.0099980505,0.013366632,0.012111175,0.011763071,0.94069475,0.0013093349,0.010757034
fdtNesDb.png,sunda,3,sunda,sunda,1,1,0,0.0042116987,0.0002605082,0.008779831,0.006160256,0.004435162,0.0022457822,0.9739067
kL1yiCXg.png,pegon,5,pegon,pegon,1,1,0,0.008662942,0.017184244,0.0146984635,0.008836705,0.008101442,0.9345702,0.007946012
G7TQAlfi.png,pegon,2,pegon,pegon,1,1,0,0.007403717,0.01959238,0.019326339,0.006593438,0.007387791,0.92937815,0.010318099
6cAiELGU.png,pegon,5,pegon,pegon,1,1,0,0.0076789916,0.02071001,0.027759714,0.005157295,0.006283794,0.92558104,0.006829189
KdywFddA.png,pegon,1,pegon,pegon,1,1,0,0.0018397863,0.022253152,0.019657524,0.0033725463,0.0035872364,0.946228,0.003061837
76uSfL98.png,lontara,1,lontara,lontara,1,1,0,0.007978478,0.03441278,0.0008456694,0.011095063,0.93194556,0.00093973445,0.012782682
wsfr60G5.png,pegon,4,pegon,pegon,1,1,0,0.006539925,0.052178763,0.06788799,0.0063025425,0.0081173135,0.8516333,0.007340154
g4Pv8f24.png,jawi,2,jawi,jawi,1,1,0,0.02441745,0.026341248,0.84629047,0.035980243,0.015347983,0.01579064,0.035831973
ecGsJaBX.png,lampung,3,lampung,lampung,1,1,0,0.005393892,0.017604766,0.00042883883,0.96412855,0.007418494,0.00018570643,0.0048397016
t78VlHzz.png,jawa,1,jawa,jawa,1,1,0,0.0032904204,0.96705055,0.007543869,0.003518386,0.0035624136,0.009829456,0.005204901
BsJtjRay.png,pegon,3,pegon,pegon,1,1,0,0.011912625,0.01894576,0.019952172,0.013378385,0.014794026,0.90929896,0.011718137
Gt1Y9LUn.png,jawa,3,jawa,jawa,1,1,0,0.006227536,0.6453372,0.03982985,0.0074247583,0.008603959,0.28615698,0.0064197187
3nvzHYWb.png,jawa,2,jawa,jawa,1,1,0,3.0138618e-09,0.94303304,0.020153908,0.016059952,5.70496e-15,0.020753087,7.793632e-09
UOBuwb1F.png,lampung,3,lampung,lampung,1,1,0,0.0076843356,0.02060998,0.00042837355,0.9495389,0.012901466,5.219648e-05,0.008784747
AAHD3elo.png,jawa,5,jawa,jawa,1,1,0,0.0055231117,0.9178057,0.016533425,0.011056004,0.0087962495,0.031359613,0.008926011
GN9EVkMm.png,bali,1,bali,bali,1,1,0,0.9763848,0.011481635,0.0019823422,0.0030652164,0.0039606383,8.52988e-05,0.0030400984
VkIpoUpn.png,jawa,1,jawa,jawa,1,1,0,0.015041155,0.9184347,0.018674573,0.0120096635,0.012740707,0.0132035175,0.009895709
ytw8F8ej.png,lampung,5,lampung,lampung,1,1,0,0.0068697026,0.0006535329,0.0017515087,0.955115,0.007400446,0.019155068,0.009054707
YRGBTkWW.png,jawi,2,jawi,jawi,1,1,0,0.009092968,0.012597104,0.9364167,0.009453608,0.007105531,0.014513342,0.010820665
71kFaMc8.png,jawi,4,jawi,jawi,1,1,0,0.0026202125,0.010255231,0.9665049,0.0045583886,0.0044062734,0.009988363,0.0016667414
2cYD7bZ1.png,lampung,4,lampung,lampung,1,1,0,0.0039799153,0.0024107734,0.0083754845,0.97661954,0.0035995592,0.0014010513,0.0036137698
J3z64LUL.png,pegon,5,pegon,pegon,1,1,0,0.012094235,0.024076072,0.018897526,0.013601656,0.007643927,0.9194693,0.0042172023
1PnElars.png,lontara,4,lontara,lontara,1,1,0,0.005839761,0.014097302,0.0006977629,0.0050270665,0.9688493,0.0002627799,0.0052259243
sG7nx9ug.png,jawi,1,jawi,jawi,1,1,0,0.0047882735,0.020970235,0.9427188,0.005267365,0.0036208073,0.018452028,0.004182437
ZuK9AqqP.png,jawa,4,jawa,jawa,1,1,0,0.0054678963,0.9570609,0.0052529452,0.0046073077,0.0045695575,0.017909858,0.0051316163
bhLje3Zw.png,pegon,2,pegon,pegon,1,1,0,0.008116992,0.016072173,0.010581641,0.0048604724,0.0038183494,0.9497424,0.006807976
HZoHXGoI.png,jawa,1,jawa,jawa,1,1,0,0.007222214,0.93585426,0.02237762,0.0076164235,0.0066396696,0.015698561,0.004591388
BvN0kAmG.png,jawi,1,jawi,jawi,1,1,0,0.006638486,0.026723431,0.91126853,0.007443907,0.004720172,0.035281997,0.007923462
3OkdhLcs.png,jawi,5,jawi,jawi,1,1,0,0.005917718,0.02412454,0.8947201,0.008135885,0.012983736,0.014632274,0.03948582
AWIR6dAb.png,lampung,3,lampung,lampung,1,1,0,0.0081824325,0.011649725,0.0035808042,0.96109366,0.0062709316,0.00057212985,0.0086502675
CMfOkE7N.png,bali,1,bali,bali,1,1,0,0.9792579,0.0068614376,0.00019761268,0.0040623904,0.0057811765,7.33036e-05,0.0037661511
LEX7KiTn.png,lontara,3,lontara,lontara,1,1,0,0.0054327766,0.016173052,0.0015039608,0.0062170746,0.96515447,0.00027129616,0.005247351
EjPGZ4qv.png,lampung,1,lampung,lampung,1,1,0,0.0090393415,0.015798273,0.0030107398,0.9538465,0.008676837,0.0010952201,0.008533086
62vNYalX.png,jawi,2,jawi,jawi,1,1,0,0.020934878,0.021824691,0.87434214,0.023253134,0.017740786,0.015967287,0.025937121
6Bcfu9pj.png,jawa,3,jawa,jawa,1,1,0,0.0049621766,0.9404606,0.015380316,0.0062946463,0.0066272775,0.022509737,0.0037652687
wg2tRxri.png,sunda,1,sunda,sunda,1,1,0,0.0075423806,0.0013037524,0.015667286,0.0047763367,0.0073132263,0.0008214639,0.9625756
lT9zzUxe.png,sunda,1,sunda,sunda,1,1,0,0.006928086,0.00015797572,0.014346058,0.0062531396,0.0075118975,0.00024828812,0.9645546
y5ft18Dy.png,sunda,4,sunda,sunda,1,1,0,0.01377549,0.0028848827,0.020701112,0.0118045695,0.012589073,0.014841447,0.92340344
YU9Ae1Va.png,sunda,2,sunda,sunda,1,1,0,0.0048071947,0.0005025197,0.009328014,0.0046367925,0.0040946407,5.9274764e-05,0.97657156
doyKEzrY.png,pegon,2,pegon,pegon,1,1,0,0.0076136747,0.02027052,0.013319724,0.003694893,0.005949375,0.9383553,0.010796455
8hwaaNNd.png,pegon,5,pegon,pegon,1,1,0,0.0085582165,0.014178524,0.018746844,0.009720716,0.008588456,0.9301279,0.010079351
2tho3hUr.png,pegon,3,pegon,pegon,1,1,0,0.0053735785,0.014580222,0.015175845,0.007255859,0.0067040646,0.942571,0.0083393855
rvSEepic.png,sunda,4,sunda,sunda,1,1,0,0.006762379,0.011858527,0.0055906423,0.007004434,0.0067597283,0.00031880877,0.9617055
bs0Ff45T.png,lampung,1,lampung,lampung,1,1,0,0.006647207,0.009962462,0.007838741,0.9641239,0.0044744257,0.0008334907,0.0061197006
0uI1tH60.png,sunda,3,sunda,sunda,1,1,0,0.0029573932,0.00021059245,0.011610794,0.0035028474,0.0034642676,9.660475e-05,0.97815746
49XX2kpf.png,pegon,1,pegon,pegon,1,1,0,0.0037436474,0.025433885,0.014128469,0.0046212557,0.0022312,0.94789755,0.0019439353
FtJN0akT.png,pegon,1,pegon,pegon,1,1,0,0.007860525,0.004357577,0.004353323,0.004850288,0.0066284034,0.95859706,0.013352757
u19VMm0p.png,bali,2,bali,bali,1,1,0,0.95337516,0.021659294,0.0002604189,0.0069321655,0.006356749,0.00023049314,0.011185782
dFwzIi06.png,bali,2,bali,bali,1,1,0,0.95401174,0.020257957,0.0016132878,0.0068251896,0.009707913,0.00030018197,0.007283688
1vLHzXgD.png,jawa,5,jawa,jawa,1,1,0,0.006044963,0.95265466,0.012579948,0.0056176106,0.0055683926,0.013287073,0.004247405
AQmhZkZC.png,pegon,3,pegon,pegon,1,1,0,0.01921362,0.023883162,0.021703437,0.023131968,0.022761663,0.8686356,0.020670507
La6QyH3N.png,jawa,3,jawa,jawa,1,1,0,0.0039505293,0.9582244,0.016487163,0.0030476898,0.0046580452,0.010418652,0.003213536
6wXQUpBC.png,lontara,5,jawi,jawi,0,0,0,0.021476494,0.013483054,0.9063644,0.018417675,0.018398352,0.014422889,0.0074371486
v3ji33vL.png,jawi,5,jawi,jawi,1,1,0,0.005194481,0.009647582,0.94915724,0.0065531326,0.006417059,0.013968775,0.009061659
ruHTmE92.png,jawi,2,jawi,jawi,1,1,0,0.004823115,0.009601643,0.94833493,0.008400679,0.0048337816,0.017420324,0.0065855137
KAyOktdt.png,jawi,5,jawi,jawi,1,1,0,0.009889864,0.016291667,0.93674546,0.009301511,0.0059586177,0.014718295,0.0070946417
0bLzXm08.png,lampung,5,lampung,lampung,1,1,0,0.006603877,0.0071643014,0.0038366471,0.9656348,0.0049542356,0.0046933047,0.007112835
xsFGnes8.png,bali,3,bali,bali,1,1,0,0.95947367,0.00045851848,0.0180315,0.006464556,0.0070949304,0.00020227765,0.008274631
lf6h4EEX.png,jawa,2,jawa,jawa,1,1,0,0.012144971,0.9256768,0.0072352337,0.010513965,0.013068896,0.009566424,0.021793623
AiLJEZlc.png,lampung,1,lampung,lampung,1,1,0,0.0029943616,0.006195924,0.0017560878,0.98173296,0.001961465,0.0006549616,0.004704294
OiqEPCdq.png,jawa,1,jawa,jawa,1,1,0,0.00091071165,0.95075554,0.015503196,0.0019070237,0.0015007287,0.026997212,0.002425539
wHFKCRPA.png,lampung,3,lampung,lampung,1,1,0,0.006746243,0.010953269,0.0073968917,0.96021456,0.0077116853,0.0006730653,0.00630437
ZGGLGb1K.png,pegon,2,pegon,pegon,1,1,0,0.0068043666,0.0103394715,0.017366162,0.0064984714,0.00683614,0.9453865,0.0067688017
AclUJnc1.png,pegon,1,pegon,pegon,1,1,0,0.0013393027,0.015559113,0.016131587,0.0011866505,0.0017052268,0.96260816,0.0014699486
muW5KoG3.png,lampung,1,lampung,lampung,1,1,0,0.0073614283,0.0012546019,0.019283313,0.9565438,0.0070265587,0.0006066858,0.007923562
g87VbJJ9.png,jawa,2,jawa,jawa,1,1,0,0.007806749,0.9555514,0.0121942,0.0051038135,0.0064836517,0.007865483,0.004994632
gWDS8N5H.png,jawa,5,jawa,jawa,1,1,0,0.005750912,0.95055187,0.013128904,0.005315474,0.0084858965,0.011406589,0.0053604185
384rHTEw.png,pegon,4,pegon,pegon,1,1,0,0.006330415,0.0044554695,0.004442435,0.01058301,0.009617243,0.9555589,0.009012526
bdzUVoLO.png,jawa,5,jawa,jawa,1,1,0,0.008616987,0.94264096,0.010667909,0.007455521,0.008445835,0.014782027,0.007390672
RqgSds15.png,sunda,2,sunda,sunda,1,1,0,0.0030067505,0.007582044,0.00040183365,0.0042932904,0.002887706,9.600473e-05,0.9817324
I7gROcLG.png,pegon,2,pegon,pegon,1,1,0,0.0045910017,0.01871502,0.01741028,0.004741111,0.005585001,0.94501567,0.003942002
a03e1Ocr.png,bali,1,bali,bali,1,1,0,0.95128953,0.00068320223,0.016560558,0.010751073,0.011081918,0.00033475936,0.009298991
7M4esanM.png,lampung,2,lampung,lampung,1,1,0,0.0037791966,0.0059888167,0.004407529,0.9705776,0.005737398,0.004777908,0.0047316407
7W7HsLgF.png,jawa,1,jawa,jawa,1,1,0,0.004169877,0.9619427,0.013093029,0.0040241396,0.002635906,0.008569863,0.005564456
xr9B2gVI.png,lontara,2,lontara,lontara,1,1,0,0.0062885094,0.0059008645,0.024114508,0.010972471,0.9449908,0.0006572273,0.007075534
Q6gMABvM.png,lampung,1,lampung,lampung,1,1,0,0.0102527,0.014076413,0.008256934,0.9457359,0.009072845,0.002799011,0.009806277
Je9H5lU0.png,lampung,4,lampung,lampung,1,1,0,0.0053899353,0.0013082464,0.00027469237,0.9701385,0.0050533926,0.013938493,0.0038967577
JVcjNCAT.png,bali,1,bali,bali,1,1,0,0.9802893,0.0077253585,0.0024031578,0.0032663874,0.003911786,9.5927404e-05,0.002308044
JkTQ6yo8.png,jawa,5,jawa,jawa,1,1,0,0.0040977593,0.9424704,0.014254865,0.009807324,0.0039962893,0.019636905,0.0057364125
PGNOOhvL.png,jawa,4,jawa,jawa,1,1,0,0.008224327,0.9451679,0.00978695,0.0060009775,0.007990014,0.0144218635,0.008407984
b36W5nAj.png,jawi,1,jawi,jawi,1,1,0,0.0026950354,0.019240582,0.947196,0.002534799,0.0039821723,0.021297384,0.0030539392
Z0Agex67.png,lampung,3,lampung,lampung,1,1,0,0.011299717,0.024421476,0.00095808547,0.9420047,0.014995719,0.00027342592,0.006046953
HvGXaC13.png,jawi,1,jawi,jawi,1,1,0,0.0038592082,0.022260351,0.93185955,0.0040472765,0.008506066,0.021915236,0.0075524547
whhoxBVI.png,bali,3,bali,bali,1,1,0,0.9460916,0.017020015,0.004462758,0.0126174055,0.010571776,0.00015118625,0.0090852715
8dl6bE8B.png,pegon,2,pegon,pegon,1,1,0,0.0035810566,0.017648937,0.027069563,0.002726557,0.006265942,0.93852395,0.0041840086
XEQnxKcm.png,sunda,2,sunda,sunda,1,1,0,0.004319916,0.0024803758,0.008939267,0.0046834885,0.004306338,0.0003832911,0.9748873
XUmC1yK4.png,pegon,2,pegon,pegon,1,1,0,0.013304327,0.019818125,0.02219525,0.0090381885,0.007974396,0.9165177,0.011152034
j1t7fD4D.png,lampung,4,lampung,lampung,1,1,0,0.007193305,0.004629244,0.00409878,0.9658188,0.005641302,0.006315851,0.0063027004
gZ41g6MA.png,pegon,1,pegon,pegon,1,1,0,0.00447546,0.008799176,0.03645377,0.005549321,0.002401424,0.93329424,0.009026532
Vz3JaOKr.png,bali,2,bali,bali,1,1,0,0.94672376,0.015877761,0.008093744,0.00807249,0.009503385,0.00039632915,0.011332604
p1pLM2wZ.png,sunda,1,sunda,sunda,1,1,0,0.009338667,0.0005216048,0.023517588,0.00704495,0.010456675,0.000636592,0.9484838
FMWdLjyQ.png,jawa,5,jawa,jawa,1,1,0,0.005239794,0.9349186,0.014761493,0.008085925,0.0066931383,0.02333676,0.00696424
1IfNKLV6.png,sunda,1,sunda,sunda,1,1,0,0.010495422,0.0002914017,0.022634754,0.007515723,0.012665124,0.0006193118,0.9457783
QP15xxzF.png,lampung,4,lampung,lampung,1,1,0,0.0077010198,0.009975719,0.010044146,0.9603031,0.005651703,0.0002713521,0.00605297
ls7BTYjS.png,lampung,3,lampung,lampung,1,1,0,0.00600542,0.0015876498,0.000379872,0.9590641,0.00530277,0.019655716,0.008004458
oTeCUg8I.png,pegon,5,pegon,pegon,1,1,0,0.01396473,0.01791161,0.035569347,0.007010937,0.0146680195,0.9062156,0.00465992
2dxjNC37.png,lampung,4,lampung,lampung,1,1,0,0.0057706414,0.0009892007,0.010083689,0.9566181,0.006426648,0.01513741,0.004974369
oOPsiuNX.png,jawi,2,jawi,jawi,1,1,0,0.0036776373,0.016425136,0.9574204,0.0030541457,0.0027961263,0.014298307,0.0023281805
x6FVJaHo.png,sunda,3,sunda,sunda,1,1,0,0.0047361543,9.4428084e-05,0.01727167,0.0062892176,0.004792101,8.6145825e-05,0.9667303
5VChyH3A.png,pegon,1,pegon,pegon,1,1,0,0.0060392465,0.016682219,0.024823835,0.010506178,0.0039119483,0.9351534,0.0028832068
EBV13Hjl.png,jawa,1,jawi,jawa,0,1,1,0.0,0.97265923,0.013316691,0.0,2.3424914e-38,0.014024082,2.738324e-32
t8Z27gyx.png,pegon,1,pegon,pegon,1,1,0,0.004492839,0.017374948,0.009539299,0.0041975,0.002505983,0.95888543,0.0030039751
xhi6bewM.png,jawi,3,jawi,jawi,1,1,0,0.006368585,0.009132963,0.9536794,0.0074639115,0.0064476053,0.009627509,0.0072801164
cwbEphJO.png,pegon,5,pegon,pegon,1,1,0,0.0062488765,0.025295775,0.018255487,0.009081507,0.008288876,0.9245159,0.008313572
ZpvWSNUC.png,bali,3,bali,bali,1,1,0,0.9635899,0.003642372,0.013468369,0.007370207,0.005323433,0.00042789604,0.00617777
Ln46oUM4.png,sunda,3,sunda,sunda,1,1,0,0.005787226,0.00026514338,0.016711049,0.005324628,0.007998277,8.4993546e-05,0.9638287
tWFmMGev.png,jawi,1,jawi,jawi,1,1,0,0.006756202,0.015011976,0.9314829,0.00035190783,0.0036956235,0.03807326,0.004628104
yRK4d05e.png,lontara,5,lontara,lontara,1,1,0,0.0053436183,0.0042416775,0.014804909,0.008187216,0.95852685,0.00026800224,0.008627765
wf7QlkcF.png,lontara,4,lontara,lontara,1,1,0,0.0062945965,0.008575593,0.0026109423,0.004693787,0.9732012,0.00032735668,0.004296496
qPq71xlg.png,jawi,1,jawi,jawi,1,1,0,0.001400643,0.023531623,0.9363028,0.0037710094,0.00406066,0.025819203,0.0051140687
H68mzDnY.png,lampung,1,lampung,lampung,1,1,0,0.007894344,0.004104182,0.019608662,0.9487638,0.008185471,0.0016461387,0.009797352
szhojH5v.png,jawi,1,jawi,jawi,1,1,0,0.017733216,0.009866914,0.83356404,0.0135671655,0.028369743,0.026521523,0.07037742
HkRqR2nq.png,bali,1,bali,bali,1,1,0,0.97658384,0.0058833766,0.0016377482,0.005191543,0.005738352,3.1543594e-05,0.004933662
zgMeaHhA.png,bali,3,bali,bali,1,1,0,0.9785824,0.00861016,0.00019751131,0.0041125603,0.0045341044,5.040413e-05,0.0039128494
PTcgXTsm.png,sunda,5,sunda,sunda,1,1,0,0.006113505,0.0015982906,0.012543937,0.0062836157,0.0059904405,0.00066805835,0.9668022
XqFvs9Ur.png,lampung,2,lampung,lampung,1,1,0,0.0037232696,0.007479065,0.000340033,0.9711104,0.00784825,0.0057540312,0.0037450101
EZ9cCQSb.png,jawa,1,jawa,jawa,1,1,0,0.0031687866,0.94314027,0.025780171,0.002728438,0.0030344352,0.019824337,0.002323592
olEehOvC.png,lampung,1,lampung,lampung,1,1,0,0.0037794618,0.011335311,0.01082878,0.95199484,0.0070485654,0.009337271,0.0056758123
gqTLMfJW.png,jawi,1,jawi,jawi,1,1,0,0.0034171562,0.01962223,0.9436073,0.0045489185,0.0033088264,0.02208342,0.003412135
TCPubBtP.png,bali,2,bali,bali,1,1,0,0.96039337,0.016730756,0.0008186609,0.0081829,0.006564671,0.00012094265,0.0071886657
SkMGfMVR.png,pegon,2,pegon,pegon,1,1,0,0.006271342,0.02497292,0.017917192,0.019522376,0.006212615,0.9207733,0.0043301843
y1mF25Fp.png,jawi,1,jawi,jawi,1,1,0,0.008825328,0.029154846,0.9087539,0.0054831244,0.010732504,0.027874136,0.009176169
1bgclPhG.png,jawi,3,jawi,jawi,1,1,0,0.005334452,0.013938968,0.95362866,0.005739196,0.0106587345,0.0068935547,0.0038064374
peAZ4YSz.png,sunda,5,sunda,sunda,1,1,0,0.004335138,0.003952893,0.008712256,0.007082694,0.005386506,0.006347623,0.964183
1OiXmRJW.png,sunda,5,sunda,sunda,1,1,0,0.007623654,0.00037111278,0.02175927,0.00753027,0.008608197,0.0005815662,0.9535259
BGVcRx5Q.png,lampung,4,lampung,lampung,1,1,0,0.006096478,0.005266733,0.010984856,0.962288,0.008485708,0.001196883,0.005681374
zEH1uotX.png,bali,1,bali,bali,1,1,0,0.9747706,0.012631487,0.0023584582,0.0027476856,0.0045435717,0.00018000261,0.0027681084
bbMe8dtg.png,sunda,1,sunda,sunda,1,1,0,0.0035866264,0.00017730921,0.0100369435,0.006066393,0.0042700935,6.3036605e-05,0.9757996
aOPj52gj.png,bali,2,bali,bali,1,1,0,0.9442794,0.02490628,0.0010110794,0.007989839,0.010530315,0.00053960853,0.010743442
oXi09LgR.png,lontara,5,lontara,lontara,1,1,0,0.0066949567,0.013808799,0.0022589075,0.010323834,0.9594959,0.00053857174,0.00687897
RgQ4YWQL.png,pegon,2,pegon,pegon,1,1,0,0.005355409,0.016384572,0.013152522,0.006501013,0.004754918,0.94854945,0.0053021074
UtpCEyYg.png,jawa,2,jawa,jawa,1,1,0,0.004620669,0.9384058,0.020550668,0.006933549,0.006270942,0.018296001,0.004922358
Rf5M7Flq.png,jawa,5,jawa,jawa,1,1,0,0.008154916,0.95242286,0.014195919,0.009035476,0.0041791564,0.00944729,0.0025644605
ME23SCfi.png,lontara,1,lontara,lontara,1,1,0,0.005047001,0.016412891,0.0015597905,0.006645251,0.9635508,0.0013825726,0.0054017166
7f6Wz0RH.png,sunda,2,sunda,sunda,1,1,0,0.006117074,0.012110029,0.0046099345,0.0070061837,0.006411641,0.00018934792,0.9635557
5jAYQSFw.png,jawa,3,jawa,jawa,1,1,0,0.0,0.975258,0.0142412055,2.34e-43,0.0,0.010500807,0.0
Z6BwtxfQ.png,pegon,1,pegon,pegon,1,1,0,0.0025280179,0.015659368,0.028914712,0.0034478048,0.004760126,0.94175863,0.0029312714
Nx9nDmv0.png,pegon,5,pegon,pegon,1,1,0,0.0058961036,0.02055075,0.016496874,0.0060560196,0.006062208,0.9384097,0.0065284832
UYiZIneq.png,jawi,2,jawi,jawi,1,1,0,0.014197365,0.023068205,0.9089439,0.012126962,0.0067518596,0.022141188,0.012770461
YUuHhUd6.png,jawa,1,jawa,jawa,1,1,0,0.0058349352,0.9411967,0.017561462,0.007124148,0.0062943846,0.013987552,0.008000897
oKJSW0IQ.png,jawi,5,jawi,jawi,1,1,0,0.007323158,0.021307124,0.92567736,0.0086111305,0.008466192,0.01938142,0.009233643
WWI23xtW.png,bali,4,bali,bali,1,1,0,0.9713613,0.008687875,0.005479374,0.0035969273,0.0054063518,0.00055431365,0.004913881
P8IHSeqU.png,sunda,4,sunda,sunda,1,1,0,0.004011429,0.002592144,0.01058144,0.004767055,0.0039192773,0.0004295574,0.97369903
pKuKNcjw.png,bali,1,bali,bali,1,1,0,0.9681401,0.00387089,0.014944069,0.004044192,0.0054275454,0.00014048176,0.0034327423
yeTL3W8q.png,jawa,2,jawa,jawa,1,1,0,0.006548446,0.9372334,0.016834008,0.009800413,0.007516191,0.014668549,0.007398982
3JZPUChM.png,jawi,5,jawi,jawi,1,1,0,0.00817108,0.015756361,0.93929994,0.0073312204,0.008907608,0.014374378,0.0061594043
swRugzq1.png,jawi,2,jawi,jawi,1,1,0,0.006902899,0.025093447,0.91891414,0.007896918,0.005568533,0.02742552,0.008198577
EpLn7vnH.png,bali,3,bali,bali,1,1,0,0.9599271,0.0068083717,0.012546995,0.007816065,0.004888154,0.00088784646,0.007125433
OjDOwjqM.png,pegon,3,pegon,pegon,1,1,0,0.014170173,0.032561947,0.017480293,0.01774574,0.013966398,0.8887224,0.015352983
xVgLcZP6.png,pegon,5,pegon,pegon,1,1,0,0.003743395,0.01807705,0.013329182,0.0054265014,0.0049998118,0.9500905,0.0043336
VyvrXSkm.png,lampung,1,lampung,lampung,1,1,0,0.00793762,0.0072922553,0.008389236,0.9609941,0.0069188434,0.0028162235,0.0056516775
u9QXqVG7.png,jawi,5,jawi,jawi,1,1,0,0.005327853,0.016126195,0.93999517,0.007119355,0.007251524,0.01795497,0.006224847
sJGYM03J.png,pegon,3,pegon,pegon,1,1,0,0.005891764,0.030681988,0.023239274,0.007109678,0.006994311,0.9192683,0.0068146144
12vqzbkD.png,bali,1,bali,bali,1,1,0,0.97089887,0.007923698,0.0074946843,0.0040671984,0.0055281566,9.090726e-05,0.003996421
bmTmhvh4.png,pegon,2,pegon,pegon,1,1,0,0.00486142,0.024893623,0.031407084,0.003541978,0.00378633,0.92776245,0.003747191
rguL8jUU.png,sunda,4,sunda,sunda,1,1,0,0.005519835,0.0010047168,0.015232872,0.007875244,0.0072377766,0.0001887807,0.9629408
5heEVSyC.png,jawi,5,jawi,jawi,1,1,0,0.0064798733,0.017129796,0.9325191,0.008379503,0.005971264,0.019429564,0.010090785
F5HsHrxA.png,pegon,4,pegon,pegon,1,1,0,0.006107724,0.03152006,0.029726246,0.005756763,0.0068367124,0.9148757,0.0051767183
oU7I5lc9.png,lampung,2,lampung,lampung,1,1,0,0.005391919,0.010928673,0.0043291207,0.9673912,0.006083701,0.0005430449,0.005332337
7gy3Gwq7.png,jawi,4,jawi,jawi,1,1,0,0.0054019527,0.008287828,0.96357214,0.004207131,0.0046871635,0.009967784,0.0038759462
nFdVIMIr.png,sunda,5,sunda,sunda,1,1,0,0.0045116735,0.0009842371,0.01263974,0.0057242475,0.0043259254,0.0005752227,0.97123903
biQBq90a.png,bali,2,bali,bali,1,1,0,0.97695833,0.011272692,0.00013343507,0.0042195944,0.0036329364,7.7452874e-05,0.0037055595
EEZZRHHH.png,jawi,4,jawi,jawi,1,1,0,0.03497149,0.02152079,0.91777223,0.004642472,0.006287911,0.009466228,0.0053388886
J0AoqRmI.png,jawa,2,jawa,jawa,1,1,0,0.0051831855,0.94018435,0.01874706,0.008587924,0.0071198056,0.011663072,0.008514621
4z4JdlSU.png,bali,2,bali,bali,1,1,0,0.9477894,0.014315158,0.010890398,0.007439163,0.007389603,0.00015949363,0.012016911
xtD5j5OM.png,sunda,1,sunda,sunda,1,1,0,0.0056119715,0.00039284254,0.02353355,0.00829069,0.0053331885,0.00014665125,0.9566911
OZdxisi0.png,jawi,1,jawi,jawi,1,1,0,0.0032164706,0.018631602,0.94080335,0.0046726037,0.008460036,0.020184949,0.004030972
wl28H44h.png,jawi,3,jawi,jawi,1,1,0,0.0071871,0.0064975605,0.9624418,0.0062746364,0.010679946,0.0030812426,0.003837659
2m3rqCDG.png,jawi,4,jawi,jawi,1,1,0,0.0055159735,0.0320203,0.9330328,0.005238788,0.005651783,0.014098347,0.0044419905
H2k75epr.png,pegon,1,pegon,pegon,1,1,0,0.008193144,0.021137564,0.01954905,0.007485351,0.0034357533,0.9355089,0.004690217
X8k2ijN8.png,bali,5,bali,bali,1,1,0,0.9536333,0.0020649373,0.021598719,0.007072919,0.008428555,0.00016171864,0.007039827
CwKjjnFs.png,pegon,2,pegon,pegon,1,1,0,0.009855643,0.030987365,0.017079458,0.0078085694,0.008436215,0.9162583,0.009574547
Q2mAU4B2.png,jawa,1,jawa,jawa,1,1,0,0.004295655,0.95390147,0.014441857,0.0039539197,0.0030048138,0.01462637,0.005775898
G3TVEyQd.png,lontara,2,lontara,lontara,1,1,0,0.0072296998,0.016981013,0.0032444454,0.005973343,0.96056867,0.0006629418,0.005339835
Fqivekbx.png,sunda,4,sunda,jawa,1,0,1,0.111434095,0.37326854,0.08724191,0.026925048,0.026083782,0.058944426,0.31610218
64UcVyae.png,sunda,3,sunda,sunda,1,1,0,0.008614896,0.0008349227,0.023488192,0.009845212,0.009537139,0.0011158572,0.9465638
BjII147T.png,lontara,2,lontara,lontara,1,1,0,0.0068993676,0.02115541,0.00079349545,0.008608072,0.9544373,0.0003686495,0.0077376314
KuS7PBkd.png,lontara,4,lontara,lontara,1,1,0,0.009238296,0.0017524022,0.013993938,0.006967566,0.9502731,0.009740764,0.00803387
H1G46wiD.png,sunda,4,sunda,sunda,1,1,0,0.0059588947,0.00018561824,0.00040187978,0.0062683024,0.00743801,0.034317773,0.9454295
4peP24vI.png,jawi,1,jawi,jawi,1,1,0,0.0006954871,0.027985303,0.9413401,0.0012056149,0.0030743796,0.024552658,0.001146429
KUbQbHWO.png,lampung,5,lampung,lampung,1,1,0,0.003940678,0.0006060664,0.0015299877,0.9710405,0.00469118,0.012983604,0.0052079177
gFOUzUzP.png,pegon,4,jawi,pegon,0,1,1,0.0056626075,0.0062174974,0.020880032,0.0048865685,0.002724272,0.95577615,0.003852887
chTzKXG3.png,jawa,3,jawa,jawa,1,1,0,0.011667139,0.5403722,0.05288075,0.012223757,0.0074048797,0.365902,0.009549292
VX5KW2cE.png,lontara,2,lontara,lontara,1,1,0,0.009450416,0.008344685,0.016729629,0.010680611,0.9446286,0.0013401309,0.008825873
F4xJzofS.png,lampung,1,lampung,lampung,1,1,0,0.00542366,0.00040428192,0.014016785,0.9675144,0.004818719,0.0029985874,0.0048235236
qX0skwos.png,pegon,4,pegon,pegon,1,1,0,0.0065316656,0.022353565,0.010380156,0.008652609,0.007495018,0.93621874,0.008368197
1Kmx975i.png,jawa,1,jawa,jawa,1,1,0,0.009291355,0.9288682,0.015842209,0.009904201,0.012887213,0.013056922,0.010150023
shQ0PCF6.png,lampung,3,lampung,lampung,1,1,0,0.0074257576,0.011676696,0.0037075758,0.9614989,0.0063691596,0.0013609473,0.00796101
7YW6zFva.png,lampung,3,lampung,lampung,1,1,0,0.007047256,0.014049576,0.0015944618,0.9631824,0.0065762335,9.709968e-05,0.0074529396
PJ2U7yk4.png,lampung,5,lampung,lampung,1,1,0,0.0067432593,0.00033713243,0.00025522755,0.9630264,0.006486494,0.016564332,0.0065870876
4Bziklja.png,lontara,2,lontara,lontara,1,1,0,0.0072334353,0.018816834,0.00079256203,0.007093545,0.95908594,0.00011080164,0.0068668793
kPSqydxc.png,lampung,1,lampung,lampung,1,1,0,0.008118328,0.0040553026,0.013431412,0.9575673,0.0069489153,0.0011089966,0.00876975
lIJ2nVsN.png,jawi,1,jawi,jawi,1,1,0,0.005784947,0.024701422,0.92963356,0.0067325504,0.00564492,0.02327292,0.004229683
coMzfmwZ.png,jawa,2,jawa,jawa,1,1,0,0.0046393475,0.93749166,0.016512958,0.008213713,0.0027823928,0.019362245,0.010997664
ivo7yMiu.png,sunda,2,sunda,sunda,1,1,0,0.0056443876,0.000440646,0.01494918,0.005624015,0.005473191,3.341136e-05,0.9678352
1Ao7F9qT.png,pegon,3,pegon,pegon,1,1,0,0.0059729554,0.013990616,0.030767927,0.0065113474,0.008503616,0.92861974,0.0056337877
39xa1F3E.png,sunda,1,sunda,sunda,1,1,0,0.00698137,0.0007690591,0.020225493,0.0073314477,0.007573813,0.00035590364,0.95676297
qR2KfXSu.png,sunda,4,sunda,sunda,1,1,0,0.0051690633,0.0048674997,0.016498733,0.00344369,0.0036399856,0.00070880324,0.9656723
yUKeLjXs.png,jawa,3,jawa,jawa,1,1,0,0.008399853,0.94078785,0.017315473,0.006938816,0.007659189,0.013538084,0.0053607384
JqPlRKXa.png,lampung,4,lampung,lampung,1,1,0,0.00462356,0.0031064036,0.008017172,0.9737154,0.00496529,0.0017069543,0.0038652127
cMrCrJe4.png,jawi,3,jawi,jawi,1,1,0,0.0049588485,0.019902077,0.9358078,0.0057886913,0.005706399,0.022951936,0.0048842463
Evv1Rcph.png,bali,2,bali,bali,1,1,0,0.9724201,0.010137628,0.0020470514,0.0060609845,0.0048142322,0.00020612885,0.004313909
iNQt94uH.png,sunda,1,sunda,sunda,1,1,0,0.0076457337,0.002733395,0.015630072,0.0073977187,0.010854418,0.0005512704,0.95518744
o6Z7P2ZI.png,pegon,2,pegon,pegon,1,1,0,0.0049756486,0.019831257,0.012507416,0.005479544,0.0048269476,0.94716203,0.005217201
DpOtE8mn.png,lampung,4,lampung,lampung,1,1,0,0.0045241266,0.0070895096,0.0059437877,0.97243947,0.0054599782,0.0006255536,0.003917537
vV9417f5.png,pegon,3,pegon,pegon,1,1,0,0.005900947,0.015473017,0.020923136,0.009699783,0.0069843903,0.9351062,0.005912571
XLVozzyp.png,pegon,4,pegon,pegon,1,1,0,0.012607642,0.049409572,0.06526555,0.009335312,0.012352528,0.83897036,0.012059117
XB1pSPjA.png,jawi,4,jawi,jawi,1,1,0,0.004203957,0.023268176,0.932171,0.008543379,0.006195845,0.020294864,0.0053228596
5McxaHeM.png,pegon,1,pegon,pegon,1,1,0,0.0042321025,0.014101064,0.015532428,0.0042776405,0.0050254306,0.95347905,0.0033523063
WoUqvWS2.png,jawi,1,jawi,jawi,1,1,0,0.0022345877,0.01699128,0.94506615,0.0029312323,0.0045241495,0.023338005,0.0049145725
N6Qr0h7n.png,pegon,4,pegon,pegon,1,1,0,0.0064502954,0.028470544,0.037096344,0.008259807,0.008756294,0.9031614,0.007805334
R9e2qcfn.png,jawi,4,jawi,jawi,1,1,0,0.0029647145,0.011058392,0.96859425,0.004150016,0.0049037086,0.0065136026,0.0018153675
ia03XLHA.png,pegon,4,pegon,jawi,1,0,1,0.0073373867,0.0047231787,0.6934921,0.0027888634,0.01220989,0.27464253,0.004806016
l6Y04Z7c.png,pegon,5,pegon,pegon,1,1,0,0.005820994,0.019355856,0.01881538,0.008827817,0.0065674377,0.9344407,0.0061719813
c71o0GoH.png,lampung,1,lampung,lampung,1,1,0,0.009502345,0.0026405808,0.011103698,0.9435611,0.009947461,0.013370747,0.00987412
kMQswzFk.png,bali,5,bali,bali,1,1,0,0.947524,0.03368082,0.00047669234,0.0055144066,0.009277494,0.00017298406,0.0033536525
wXT8hD9f.png,pegon,5,pegon,pegon,1,1,0,0.010701165,0.017478025,0.015667198,0.010686857,0.010397758,0.9231034,0.011965498
3Fq9NzTa.png,bali,3,bali,bali,1,1,0,0.9617592,0.0021657224,0.01374807,0.00742016,0.0053571197,0.0004467039,0.009103013
OcJYXu8h.png,lampung,2,lampung,lampung,1,1,0,0.0033626086,0.006818065,0.005557954,0.9729868,0.0054229293,0.0034704446,0.0023811595
7W7lOoHm.png,jawi,4,jawi,jawi,1,1,0,0.005256749,0.0131690875,0.950672,0.0074309497,0.005248086,0.015291335,0.0029318465
WpcB9pPI.png,jawi,5,jawi,jawi,1,1,0,0.004003573,0.02131667,0.9206817,0.012991429,0.01317893,0.021337496,0.0064901323
94ayRS2N.png,jawi,4,jawi,jawi,1,1,0,0.004523882,0.020285198,0.9542881,0.0057598306,0.0035032725,0.007839757,0.0037998806
3SJi9u1c.png,jawi,5,jawi,jawi,1,1,0,0.005428237,0.017980536,0.9404149,0.007116662,0.0069054654,0.018228052,0.003926199
ZAHD7mxa.png,jawa,2,jawa,jawa,1,1,0,0.0053267223,0.93099064,0.028892815,0.0045187776,0.0053917505,0.017887477,0.0069918246
epNdcG5b.png,pegon,2,pegon,pegon,1,1,0,0.0063168234,0.014817686,0.0186037,0.00401896,0.0045969523,0.94399256,0.0076533686
tcTKMha4.png,jawi,5,jawi,jawi,1,1,0,0.009466652,0.016845653,0.9260502,0.009440804,0.010097154,0.01739737,0.010702184
1hOmF0YQ.png,jawi,1,jawi,jawi,1,1,0,0.0021092615,0.014634314,0.95069873,0.0044384864,0.0055685164,0.01868105,0.0038695966
Efwr5sOB.png,lampung,4,lampung,lampung,1,1,0,0.0063418183,0.0036100885,0.007401997,0.96676385,0.0054990086,0.005720431,0.0046628974
uZw33k9K.png,jawi,3,jawi,jawi,1,1,0,0.008893307,0.010760983,0.918914,0.022686254,0.0150040155,0.016201545,0.0075398753
ci4zbgCE.png,jawi,2,jawi,jawi,1,1,0,0.008929757,0.025841974,0.9140799,0.009277029,0.006470243,0.027254611,0.008146605
IL6k5YxZ.png,pegon,4,pegon,pegon,1,1,0,0.005842642,0.0035720854,0.018016962,0.007612281,0.0077492353,0.9506386,0.006568044
5y8VTWyd.png,pegon,2,pegon,pegon,1,1,0,0.004845745,0.01860578,0.011896052,0.0037242142,0.0030981728,0.9542944,0.0035357282
vtd2XfRi.png,lontara,3,lontara,lontara,1,1,0,0.0056756213,0.018490871,0.0006915253,0.006887536,0.9617042,0.00050741504,0.0060429065
m30LdfDy.png,lontara,1,lontara,lontara,1,1,0,0.0086161345,0.023734113,0.004345051,0.0076556713,0.9464778,0.00062695803,0.008544241
414RfzXR.png,sunda,1,sunda,sunda,1,1,0,0.006552936,0.0013841023,0.02034917,0.0076580825,0.009528072,0.0003396861,0.954188
qfK8vURv.png,jawi,2,jawi,jawi,1,1,0,0.004153187,0.013156181,0.9497403,0.0032531298,0.00764887,0.017463183,0.0045852996
wVS0Px11.png,jawi,2,jawi,jawi,1,1,0,0.27088737,0.011676465,0.4226069,0.043608595,0.09525789,0.021392578,0.13457023
cposr4dQ.png,lampung,3,lampung,lampung,1,1,0,0.0049668034,0.013985261,0.00036052315,0.9660215,0.0080249915,0.0005020054,0.0061389185
80auwpyg.png,bali,5,bali,bali,1,1,0,0.9579139,0.004496546,0.017380698,0.006550827,0.0077017345,0.00016164155,0.005794669
AN66JpoN.png,jawi,4,jawi,jawi,1,1,0,0.0028311976,0.026591536,0.945659,0.0041363584,0.0032860509,0.015586627,0.0019091173
8sRTep70.png,lampung,2,lampung,lampung,1,1,0,0.0045583686,0.015059775,0.00024508827,0.96772724,0.00676829,0.00104632,0.004594918
OhP3o2zs.png,jawa,3,jawa,jawa,1,1,0,0.009574616,0.91701734,0.025411172,0.007653774,0.0074574184,0.024774088,0.0081116585
7YFTMLMv.png,bali,3,bali,bali,1,1,0,0.9572409,0.004841296,0.015934182,0.0073785274,0.005378678,0.000677897,0.008548522
qQcWuBuO.png,lampung,5,lampung,lampung,1,1,0,0.007831641,0.015582304,0.001965651,0.95794946,0.007319505,0.0023228985,0.007028554
OGpRGS4B.png,lampung,2,lampung,lampung,1,1,0,0.0038518796,0.004188745,0.0045053335,0.97486264,0.004339494,0.004951766,0.0033001562
Dul3XkBD.png,sunda,2,sunda,sunda,1,1,0,0.005536099,0.00021465888,0.014728885,0.006380478,0.0042790812,5.512896e-05,0.9688056
JflzemUp.png,jawi,4,jawi,jawi,1,1,0,0.0035989096,0.018141076,0.96799755,0.002310633,0.002974999,0.0028327422,0.0021442217
xsXKliZV.png,pegon,3,pegon,pegon,1,1,0,0.0014127005,0.017948056,0.007322835,0.0033201473,0.0028158622,0.9647383,0.002442142
k1d7uwiV.png,jawi,5,jawi,jawi,1,1,0,0.009928076,0.013878614,0.9311344,0.0095129125,0.008566135,0.017527085,0.009452742
B0iW34dD.png,pegon,3,pegon,pegon,1,1,0,0.011294515,0.009744943,0.019079672,0.010560875,0.012494893,0.9310554,0.0057696505
OKUeHCon.png,sunda,5,sunda,sunda,1,1,0,0.0040406827,0.0026307863,0.008556799,0.003924475,0.004402911,0.0006432869,0.975801
dTigy80v.png,pegon,1,pegon,pegon,1,1,0,0.0051056794,0.02180507,0.010002606,0.0056336676,0.0036307345,0.95101804,0.0028042644
cAQEsVYR.png,lampung,1,lampung,lampung,1,1,0,0.009247654,0.0109942155,0.008674808,0.94590694,0.010408127,0.005916472,0.008851727
yHcRQNwH.png,jawi,4,jawi,jawi,1,1,0,0.002139202,0.010061719,0.9698073,0.002881968,0.0034129762,0.008156189,0.0035405601
njpc61Tc.png,jawi,3,jawi,jawi,1,1,0,0.0038677407,0.012792278,0.96401536,0.0068437504,0.006845931,0.0032217845,0.002413002
CaYYTk8c.png,bali,1,bali,bali,1,1,0,0.9725146,0.005886404,0.010842623,0.003953781,0.0036560153,0.000115610244,0.0030308303
AJ324pKd.png,jawi,2,jawi,jawi,1,1,0,0.008290967,0.018805496,0.9248735,0.012819728,0.0048209745,0.022353899,0.008035547
x9D690mi.png,sunda,4,sunda,sunda,1,1,0,0.0058006234,0.0040901713,0.013401337,0.006876013,0.0068278243,0.0026145112,0.96038955
JCzxBoVR.png,jawi,4,jawi,jawi,1,1,0,0.004243058,0.019067498,0.9232205,0.0073501924,0.002856285,0.034628082,0.00863437
Tqf4D8cm.png,sunda,1,sunda,sunda,1,1,0,0.010804462,0.0004780303,0.023625093,0.007215223,0.009552549,0.0005496724,0.94777495
vEyqXgNz.png,lampung,2,lampung,lampung,1,1,0,0.0039030483,0.0034058972,0.0055229208,0.9706024,0.007002126,0.005669789,0.0038938131
svLeDjUs.png,lampung,2,lampung,lampung,1,1,0,0.005039526,0.0005740691,0.0070278253,0.9634243,0.007909984,0.010758095,0.0052661183
MHFwpz6f.png,lampung,3,lampung,lampung,1,1,0,0.006432386,0.0011639227,0.0010231537,0.9715819,0.0044970457,0.011118738,0.0041828584
NmwnQfhc.png,pegon,3,pegon,pegon,1,1,0,0.0030726567,0.022463115,0.050844356,0.004014173,0.0044133337,0.9114162,0.003776251
iIN1NoGo.png,jawi,4,jawi,jawi,1,1,0,0.008401906,0.005412392,0.9613884,0.0064783045,0.00408679,0.007441336,0.006790879
qjyVNoGs.png,jawi,1,jawi,jawi,1,1,0,0.003678729,0.019598296,0.9415363,0.0039862785,0.0034641088,0.023069896,0.0046664807
o4KqgiUZ.png,lampung,2,lampung,lampung,1,1,0,0.009153993,0.0030611819,0.0062353006,0.9541755,0.008985983,0.012327931,0.0060601044
YP9bsNG4.png,pegon,3,pegon,pegon,1,1,0,0.008989179,0.022895746,0.016931796,0.0067016245,0.007224155,0.93351686,0.0037405724
3E46Meu1.png,lampung,3,lampung,lampung,1,1,0,0.00808627,0.021515261,0.0026798337,0.9448701,0.01171464,0.001294618,0.009839328
6waskL3w.png,pegon,5,pegon,pegon,1,1,0,0.004838314,0.019144287,0.017809622,0.007957018,0.0059508127,0.93512136,0.009178612
YyHsTkhO.png,jawi,3,jawi,jawi,1,1,0,0.0074049816,0.062639885,0.8271356,0.035068918,0.022969123,0.02086934,0.023912176
nhJ5mswq.png,jawi,1,jawi,jawi,1,1,0,0.0035769574,0.020500632,0.9480811,0.0026630468,0.007024074,0.013844355,0.0043097627
9NGLWxqZ.png,bali,4,bali,bali,1,1,0,0.9755678,0.008160295,0.0027253602,0.004210676,0.0053487453,0.00014500413,0.003842109
xLdIJBXr.png,lampung,1,lampung,lampung,1,1,0,0.004604499,0.0003516986,0.012803849,0.96921206,0.006056648,0.0020611596,0.004910128
k6Y8OYmk.png,jawa,3,jawa,jawa,1,1,0,0.0016527519,0.9615096,0.009500239,0.0016810012,0.0013704638,0.022546386,0.0017395434
IarP7qkC.png,jawa,5,jawa,jawa,1,1,0,0.011354402,0.87364256,0.019301279,0.019499607,0.016625324,0.025495237,0.034081604
HtZvrDyd.png,lampung,4,lampung,lampung,1,1,0,0.0030110788,0.006132455,0.0042613307,0.97945374,0.00373989,0.0010850885,0.002316446
IYJA0tku.png,jawi,3,jawi,jawi,1,1,0,0.004470179,0.00645073,0.9489957,0.028090576,0.004913114,0.004112364,0.0029672324
QH8QvHeT.png,lampung,1,lampung,lampung,1,1,0,0.0033009055,0.00926645,0.002578231,0.9734283,0.0048262468,0.0010954295,0.0055045187
jfaQydZA.png,pegon,2,pegon,pegon,1,1,0,0.007988423,0.022022938,0.018745465,0.0070052915,0.00559105,0.9291518,0.009495113
ZGb8xEWC.png,jawa,1,jawa,jawa,1,1,0,0.0124128945,0.92148995,0.018590888,0.006192798,0.00907606,0.0239646,0.008272852
ujmySv7L.png,jawa,5,jawa,jawa,1,1,0,0.0047046477,0.93392134,0.012105853,0.012206118,0.008183991,0.019726647,0.009151397
bbpvQaB8.png,lontara,5,lontara,lontara,1,1,0,0.005931126,0.011884504,0.0043391003,0.0053184577,0.9671432,0.00035400773,0.0050297445
t34RdqCj.png,sunda,5,sunda,sunda,1,1,0,0.0088676,0.00026327424,0.013139161,0.005635039,0.005601124,8.139942e-05,0.96641237
tZE8mIHe.png,pegon,2,pegon,pegon,1,1,0,0.003615915,0.020255366,0.012638405,0.0032211046,0.003042028,0.95241964,0.004807538
JiZM5KnH.png,lontara,3,lontara,lontara,1,1,0,0.0049378765,0.009571937,0.0058899047,0.004746165,0.9684448,0.0006974635,0.0057117455
S1D14EOK.png,lampung,4,lampung,lampung,1,1,0,0.004782044,0.0063741314,0.0008056454,0.96719235,0.0061565023,0.0074375737,0.0072517153
0JtpAYVm.png,lampung,4,lampung,lampung,1,1,0,0.00582729,0.0057363412,0.006955764,0.9683092,0.0054981424,0.0031590268,0.004514179
ofolMdSg.png,sunda,1,sunda,sunda,1,1,0,0.008771189,0.0019139892,0.024576776,0.003809264,0.0061150594,9.4354335e-05,0.9547194
dviw4UoK.png,lampung,4,lampung,lampung,1,1,0,0.006712899,0.0036211405,0.013729581,0.9592187,0.007594747,0.00045092104,0.008672047
IevEpHpv.png,pegon,5,pegon,pegon,1,1,0,0.005681204,0.022894919,0.02399367,0.007061764,0.006457351,0.9280295,0.005881518
KrLMWMAc.png,jawi,2,jawi,jawi,1,1,0,0.008789065,0.01896066,0.9306851,0.0052106744,0.009073869,0.0200656,0.007215085
rLZhO2nY.png,jawi,2,jawi,jawi,1,1,0,0.0033760916,0.010241917,0.9699748,0.0033440029,0.003112612,0.007032289,0.0029182145
DvEIJSbG.png,jawa,4,jawa,jawa,1,1,0,0.004955441,0.9430507,0.011032858,0.0044069835,0.004536868,0.026988452,0.0050287945
OXqptRlB.png,pegon,5,pegon,pegon,1,1,0,0.005208931,0.018050734,0.015289566,0.0072845607,0.0059589865,0.9422441,0.0059630945
pS97ozmM.png,lontara,4,lontara,lontara,1,1,0,0.0062837545,0.013518765,0.0064626643,0.0068554855,0.9586125,0.00088731595,0.007379418
WrbozBtD.png,pegon,1,pegon,pegon,1,1,0,0.0029311131,0.020833211,0.0155121945,0.0024868525,0.0025745686,0.95316744,0.0024947308
mFThGYzz.png,jawi,1,jawi,jawi,1,1,0,0.004880418,0.014016985,0.96084094,0.0028473444,0.0028348945,0.011989363,0.002590016
VsoQtcrT.png,lampung,4,lampung,lampung,1,1,0,0.0032268106,0.0063898843,0.006303117,0.9738546,0.0058901855,0.00060607435,0.0037293513
UkCvuCnW.png,jawa,1,jawa,jawa,1,1,0,0.0031669775,0.94291794,0.009706613,0.0034962045,0.008048786,0.024000647,0.008662834
VI7dGlF0.png,lampung,5,lampung,lampung,1,1,0,0.0048708743,0.0011523917,0.0068187183,0.9701609,0.004221324,0.0063464404,0.0064294194
S0UQclww.png,lontara,5,lontara,lontara,1,1,0,0.005606059,0.013983168,0.0024489684,0.0061306814,0.96560115,0.00021357091,0.0060165175
w3X46HEf.png,jawa,5,jawa,jawa,1,1,0,0.009093162,0.93056333,0.013910795,0.009957631,0.012520603,0.01477907,0.009175428
k2LxbLcE.png,lampung,4,lampung,lampung,1,1,0,0.0038862058,0.007281389,0.0029462597,0.97189766,0.0064675626,0.0036886772,0.003832262
kQsXuJdo.png,lampung,4,lampung,lampung,1,1,0,0.0033666308,0.0076371576,0.004005874,0.97622234,0.003699471,0.0026979658,0.0023706572
lOcnNeZw.png,sunda,1,sunda,sunda,1,1,0,0.0049574864,8.3053725e-05,0.015827239,0.0048054713,0.0065241787,0.00042717042,0.96737546
IDjOgd86.png,lontara,4,lontara,lontara,1,1,0,0.0025845754,0.0010190108,0.0046797576,0.0012088272,0.98785186,0.0012303626,0.00142562
NcDD6Utt.png,pegon,1,pegon,pegon,1,1,0,0.007761109,0.013958714,0.007552254,0.0062029897,0.0068834904,0.9531161,0.0045253616
su6LtMt4.png,jawa,2,jawa,jawa,1,1,0,0.0067136474,0.9309062,0.023100851,0.007074924,0.0063914657,0.020208035,0.0056049563
W9gSuSR3.png,jawi,3,jawi,jawi,1,1,0,0.0035203255,0.008043436,0.9620209,0.008236931,0.008437858,0.0058789602,0.0038617037
DB2Kmtwv.png,pegon,4,pegon,pegon,1,1,0,0.00350735,0.009394647,0.01205119,0.0047370614,0.006284948,0.95827997,0.0057448386
eemuu6xU.png,pegon,4,pegon,pegon,1,1,0,0.004838442,0.0025817358,0.0026584915,0.006857928,0.004917393,0.9708281,0.0073179137
TySgJYhc.png,bali,4,bali,bali,1,1,0,0.9724558,0.008234083,0.0054663653,0.004976293,0.003960852,0.0005047408,0.004401912
DP2jk9P6.png,jawa,4,jawa,jawa,1,1,0,0.003035766,0.97247416,0.009932966,0.0022240204,0.0022620976,0.008689106,0.0013819251
sFdSmnk6.png,jawa,4,jawa,jawa,1,1,0,0.047216997,0.71107614,0.0089511275,0.018069385,0.050157778,0.14448151,0.020047091
q8ZTSSwT.png,jawa,2,jawa,jawa,1,1,0,0.00477575,0.94391394,0.019918254,0.003977904,0.0048410837,0.01675648,0.0058166897
c559xgSL.png,lontara,1,lontara,lontara,1,1,0,0.005260454,0.017578164,0.0021468385,0.006517537,0.96059674,0.00062058517,0.0072796075
naulIztU.png,jawi,4,jawi,jawi,1,1,0,0.0051082675,0.022689022,0.95212615,0.005499977,0.0035299656,0.008157453,0.002889129
OOOurWFi.png,jawi,2,jawi,jawi,1,1,0,0.009465146,0.017348668,0.9297922,0.008119765,0.005284106,0.02028265,0.009707518
lx8tklFP.png,lampung,4,lampung,lampung,1,1,0,0.003604676,0.0036542004,0.00087107986,0.975497,0.003929513,0.008793301,0.003650189
M7t9h9Bf.png,jawi,3,jawi,jawi,1,1,0,0.0063954084,0.017481947,0.94060224,0.0070425714,0.008141825,0.014721275,0.0056146667
6eOppc9o.png,pegon,1,pegon,pegon,1,1,0,0.0031042737,0.0129917255,0.023115065,0.0060768733,0.008080369,0.941539,0.0050927615
4KF8gSAq.png,lampung,3,lampung,lampung,1,1,0,0.0060102325,0.0019851322,0.016459784,0.9622225,0.007362904,0.00023778588,0.005721704
ytGTmhSz.png,lontara,3,lontara,lontara,1,1,0,0.0060944445,0.009375622,0.0034726507,0.0042284187,0.9706308,0.0008975572,0.00530046
FYOrxmwm.png,jawi,4,jawi,jawi,1,1,0,0.0046157367,0.034443837,0.917412,0.003657574,0.0033997146,0.032962974,0.0035081063
797nxl4C.png,sunda,1,sunda,sunda,1,1,0,0.004611388,0.0013798594,0.0037618517,0.0042536985,0.005083743,9.092276e-05,0.9808185
1BR30bl5.png,jawa,3,jawa,jawa,1,1,0,0.0048546884,0.9356204,0.022415768,0.005806712,0.0061169,0.020270742,0.0049147652
61qqT2ct.png,sunda,4,sunda,sunda,1,1,0,0.00498341,0.0007153343,0.014867452,0.0043571573,0.0051179375,0.0004974369,0.9694612
Pcprtl5X.png,pegon,4,pegon,pegon,1,1,0,0.00493607,0.019383151,0.004344014,0.005741876,0.0058412733,0.9546806,0.0050728763
RNy9AEtG.png,lampung,5,lampung,lampung,1,1,0,0.0036632982,0.0007418013,0.0007973925,0.9736299,0.0032118754,0.013342769,0.0046129143
Y64dkILn.png,pegon,5,pegon,pegon,1,1,0,0.008538881,0.017492535,0.011859181,0.005567166,0.009472661,0.9393355,0.007734218
3yroYsLm.png,bali,4,bali,bali,1,1,0,0.97594243,0.009635973,0.0027555337,0.0034593744,0.004070448,0.00029730034,0.0038389924
MOl6UkKL.png,sunda,3,sunda,sunda,1,1,0,0.006036525,0.00026249397,0.016303487,0.0072007678,0.0074364725,0.0002732172,0.962487
xsjGKZnL.png,lampung,3,lampung,lampung,1,1,0,0.0075404844,0.015383257,0.0010146358,0.9565618,0.008004307,0.00057925226,0.01091628
3scCgTsu.png,lampung,4,lampung,lampung,1,1,0,0.0023887672,0.0041461373,0.008072288,0.9803954,0.0025564362,0.00049579033,0.001945166
tCjMmXVl.png,jawa,2,jawa,jawa,1,1,0,0.0046801395,0.9543548,0.010235676,0.005630102,0.009394029,0.008485674,0.007219528
J7xmz6DY.png,bali,5,bali,bali,1,1,0,0.96008176,0.017013041,0.00055171107,0.0073319054,0.00768039,0.00014661781,0.0071945894
wa4ThVzh.png,jawa,2,jawa,jawa,1,1,0,0.0024485902,0.9468398,0.020255033,0.0041480497,0.0015682548,0.020433843,0.0043064663
UPj7Gnlx.png,jawa,4,jawa,jawa,1,1,0,0.0126150455,0.9397021,0.019936169,0.0054164324,0.009337466,0.0059713265,0.007021477
E2uBfVBi.png,sunda,2,sunda,sunda,1,1,0,0.0052374424,0.0007954419,0.013362225,0.004036414,0.0043985466,0.000120681594,0.97204924
VWWl1qDB.png,jawa,5,jawa,jawa,1,1,0,0.004077055,0.957896,0.015634889,0.003555428,0.003660008,0.013243267,0.001933392
m10lIJRQ.png,lampung,1,lampung,lampung,1,1,0,0.0050099315,0.00084514095,0.026705598,0.9512957,0.004656819,0.004747456,0.0067394646
qMBB0TN7.png,jawi,4,jawi,jawi,1,1,0,0.0035995326,0.005976109,0.9599404,0.011175836,0.005522735,0.009988571,0.0037968825
FMT51PMe.png,bali,2,bali,bali,1,1,0,0.969054,0.0051553794,0.007876383,0.007103658,0.004145507,0.00027269198,0.0063923597
EbMl7kzA.png,jawi,2,jawi,jawi,1,1,0,0.0063275546,0.014375764,0.94122696,0.0032926877,0.012096354,0.016194705,0.0064858757
YTA3kuq3.png,pegon,5,pegon,pegon,1,1,0,0.006178245,0.018738162,0.018701602,0.007403807,0.006278414,0.93607444,0.0066253343
8KPZEf5C.png,bali,4,bali,bali,1,1,0,0.96809936,0.007834615,0.00830739,0.0048079486,0.0053860773,0.0007188374,0.0048457272
Wf59ivua.png,bali,1,bali,bali,1,1,0,0.9754345,0.013348457,0.0004523203,0.0047006323,0.0023171958,0.00012933907,0.003617514
lolWrF2Q.png,jawa,2,jawa,jawa,1,1,0,0.005740204,0.9497242,0.013560325,0.006608576,0.0058856527,0.01199034,0.006490737
YspoW5hj.png,lontara,4,lontara,lontara,1,1,0,0.004867372,0.013894103,0.0005905277,0.0047534383,0.9693833,0.00018892842,0.00632237
keb3Ppst.png,jawa,4,jawa,jawa,1,1,0,0.009731843,0.921758,0.02425414,0.006796199,0.0062547335,0.025368525,0.00583657
WSXEqLZH.png,lampung,1,lampung,lampung,1,1,0,0.0077065355,0.0027358122,0.023581937,0.9499491,0.007886365,0.001516402,0.006623891
tV9bZAYg.png,jawa,5,jawa,jawa,1,1,0,0.010329425,0.9373357,0.013475241,0.008683337,0.008401652,0.014246598,0.007528087
Fth67jes.png,lampung,1,lampung,lampung,1,1,0,0.0033478516,0.005986971,0.004603838,0.9678895,0.008327368,0.003356747,0.0064877304
vdEPkEPd.png,sunda,2,sunda,sunda,1,1,0,0.0042796377,0.0036426159,0.007184323,0.0030611702,0.0026289076,0.00023827051,0.9789651
wTBN5zYk.png,jawi,2,jawi,jawi,1,1,0,0.008291241,0.02003652,0.9320629,0.0067786174,0.004080143,0.021349603,0.007400961
0YzvqTf5.png,pegon,3,pegon,pegon,1,1,0,0.004371549,0.01856416,0.01843769,0.005179677,0.005966111,0.9429066,0.0045742146
rLYsNyUj.png,sunda,1,sunda,sunda,1,1,0,0.005598467,0.0007360216,0.015082329,0.006416498,0.006623,0.000142754,0.96540093
OAh447x8.png,lampung,3,lampung,lampung,1,1,0,0.005662466,0.011910612,0.0045902682,0.9625297,0.0059389975,0.00086787215,0.008500202
OigrvWkg.png,lampung,4,lampung,lampung,1,1,0,0.008117022,0.0041155335,0.0040241247,0.95196724,0.008449749,0.014399736,0.008926592
5LmqvSAX.png,lampung,2,lampung,lampung,1,1,0,0.005674303,0.0013068352,0.011157809,0.97316337,0.004551613,0.0010603764,0.0030856715
x7v1hwXE.png,pegon,2,pegon,pegon,1,1,0,0.0024017915,0.038894974,0.0308738,0.005988327,0.002372438,0.9173687,0.0020999573
mcmf86Hu.png,jawa,2,jawa,jawa,1,1,0,0.006932202,0.91838753,0.025523806,0.00672553,0.0065351054,0.02656649,0.009329449
tH9Q0Lh7.png,lampung,2,lampung,lampung,1,1,0,0.0049402015,0.018765423,0.00018999499,0.9648971,0.0075170267,0.000192047,0.00349818
OoAglC1q.png,pegon,2,pegon,pegon,1,1,0,0.00772553,0.019369898,0.016358946,0.0049995976,0.005515425,0.93694675,0.009083773
c9xgb5wW.png,pegon,4,pegon,pegon,1,1,0,0.006456784,0.008490429,0.004589197,0.009225677,0.0077416888,0.95582265,0.0076735388
n58RWMNv.png,lampung,3,lampung,lampung,1,1,0,0.0061121015,0.012849952,0.00029119293,0.96500343,0.0061987564,0.002731366,0.0068131923
v85qNYfx.png,lampung,5,lampung,lampung,1,1,0,0.008761217,0.018097656,0.00031690934,0.9495408,0.006855774,0.008022947,0.008404685
vlrLS265.png,sunda,5,sunda,sunda,1,1,0,0.006736086,0.0014435326,0.018348975,0.006074231,0.0068736416,0.00022651198,0.960297
5NWwjWMA.png,lampung,3,lampung,lampung,1,1,0,0.009046306,0.0034116518,0.0011456934,0.95606107,0.0053861276,0.016064873,0.008884239
9I028l0a.png,lontara,4,lontara,lontara,1,1,0,0.0053685387,0.015703587,0.00046868253,0.005561214,0.9672927,0.000416448,0.005188901
efLdQ9VS.png,bali,5,bali,bali,1,1,0,0.9527123,0.0032267198,0.020953707,0.006559064,0.008643943,0.00017080126,0.007733516
R7pKMBo1.png,lontara,2,lontara,lontara,1,1,0,0.0054782177,0.017862078,0.0037386143,0.0042376476,0.96376836,0.00042794298,0.004487238
h4NCJCoH.png,jawa,1,jawa,jawa,1,1,0,0.0066658743,0.9477085,0.014334092,0.005964801,0.0045552333,0.013295763,0.007475806
2OAO8C6t.png,sunda,1,sunda,sunda,1,1,0,0.0041839075,0.00037637746,0.00069294043,0.003549164,0.005992857,0.01564852,0.96955633
nVqgEdbh.png,pegon,3,pegon,pegon,1,1,0,0.014455142,0.018799495,0.034074746,0.010197725,0.011854341,0.89613205,0.014486511
gdgHLFd6.png,bali,3,bali,bali,1,1,0,0.9733705,0.010259266,0.000106231855,0.0054888697,0.004347442,6.946475e-05,0.0063581835
TFFBRW2j.png,bali,4,bali,bali,1,1,0,0.93897915,0.023945604,0.0019195736,0.008165055,0.014541244,0.0002739202,0.012175479
SleF7V4N.png,pegon,5,pegon,pegon,1,1,0,0.007121445,0.012704486,0.011135287,0.004784143,0.007175808,0.9499489,0.00712995
FOdcokqD.png,pegon,1,pegon,pegon,1,1,0,0.0037048953,0.023792751,0.020813292,0.005151175,0.002336078,0.9420816,0.0021202154
tIdxXnLF.png,lontara,5,lontara,lontara,1,1,0,0.006438084,0.013293755,0.004928856,0.007922906,0.96047324,0.00031818336,0.0066250497
tVkDiGZP.png,bali,3,bali,bali,1,1,0,0.9575807,0.0018892225,0.016601702,0.008116727,0.0058747153,0.00020196228,0.009735002
dFOJ1lEp.png,sunda,1,sunda,sunda,1,1,0,0.005419168,0.0002986996,0.015156672,0.007703836,0.007067267,8.351483e-05,0.9642708
faZhSGZI.png,jawi,1,jawi,jawi,1,1,0,0.0045266324,0.021884046,0.9269056,0.0044134674,0.009542626,0.024081916,0.008645807
0ftw03VZ.png,sunda,5,sunda,sunda,1,1,0,0.0059171496,0.005941928,0.010375079,0.006863961,0.0073026116,0.00063660304,0.9629626
S4JDOsWW.png,bali,2,bali,bali,1,1,0,0.94548684,0.019067133,0.0019057305,0.009293272,0.0062151826,9.110123e-05,0.017940724
jlC4xftw.png,jawi,4,jawi,jawi,1,1,0,0.0064105066,0.00570973,0.9753504,0.0015621544,0.0018259228,0.0061797225,0.0029615446
JaTQu1dU.png,lontara,1,lontara,lontara,1,1,0,0.007570109,0.024537249,0.0014219765,0.007990796,0.95109314,0.00044722634,0.006939534
Ayl0Cxsf.png,jawi,4,jawi,jawi,1,1,0,0.005490383,0.021351608,0.9468296,0.0059762173,0.005443336,0.010980137,0.0039287396
410aBCt5.png,pegon,1,pegon,pegon,1,1,0,0.0040570498,0.015339775,0.013510888,0.0145055875,0.007945891,0.93706596,0.007574891
5bxkBSQE.png,jawi,2,jawi,jawi,1,1,0,0.009034366,0.021027323,0.9233878,0.0076997546,0.005763359,0.02460745,0.008480003
BIgJ1ZMI.png,pegon,4,pegon,pegon,1,1,0,0.008629508,0.0021624083,0.008403468,0.011305515,0.011218636,0.9469571,0.011323318
MkP9tCuP.png,sunda,4,sunda,sunda,1,1,0,0.010972421,0.0011482259,0.028786246,0.013293887,0.014968735,0.001561794,0.9292687
yIBh3dED.png,pegon,5,pegon,pegon,1,1,0,0.0071940077,0.01791996,0.02344061,0.008582181,0.0069239736,0.929953,0.005986294
MBhRoKiP.png,sunda,5,sunda,sunda,1,1,0,0.0070116674,0.0036508318,0.014981562,0.006967301,0.008999665,0.00038923568,0.9579999
0aD9UElN.png,lampung,1,lampung,lampung,1,1,0,0.0077688694,0.0041394546,0.012762097,0.95950395,0.0067101684,0.0013649641,0.0077505647
LItzxn16.png,sunda,1,sunda,sunda,1,1,0,0.009022973,0.0017682759,0.0113573875,0.0068088546,0.010194389,0.0077677895,0.9530804
k68FCAm3.png,lampung,3,lampung,lampung,1,1,0,0.0058939764,0.0073255403,0.006811089,0.9611473,0.006658069,0.0037214775,0.0084425425
MjaVWZLF.png,pegon,2,pegon,pegon,1,1,0,0.005242102,0.018961973,0.0139544,0.006531085,0.0055468385,0.93988335,0.009880306
xmtCamMt.png,jawa,3,jawa,jawa,1,1,0,0.0047506504,0.9480632,0.013696174,0.005362742,0.005380477,0.01653688,0.006209871
CTEn69MB.png,lontara,1,lontara,lontara,1,1,0,0.009839793,0.005875312,0.027954374,0.0073793833,0.9380237,0.00033676444,0.010590634
1gxToQFA.png,sunda,1,sunda,sunda,1,1,0,0.0031996926,0.0013440772,0.00017319024,0.0079347035,0.0039138137,0.02358705,0.95984745
jlmvgfF8.png,bali,4,bali,bali,1,1,0,0.97012043,0.014045467,0.000769889,0.0053086122,0.004700419,0.00029178918,0.0047634677
73A8YtU4.png,lampung,1,lampung,lampung,1,1,0,0.003997707,0.00023358036,0.0005835053,0.9734437,0.00453218,0.010207417,0.007001926
glvK8cNb.png,bali,1,bali,bali,1,1,0,0.96825725,0.0097168945,0.00958495,0.005199237,0.003912613,0.00015030643,0.0031788738
SGwL1g2b.png,pegon,4,pegon,pegon,1,1,0,0.0073856795,0.039965026,0.03489217,0.008959082,0.014663007,0.88420093,0.00993407
ynmmkTgJ.png,sunda,4,sunda,sunda,1,1,0,0.003938573,0.006825979,0.008062628,0.0031337428,0.0045550233,0.0004517636,0.9730323
AHcKHs1S.png,lampung,5,lampung,lampung,1,1,0,0.008607883,0.0054259105,0.0021871873,0.95488703,0.007064247,0.013229128,0.008598643
Ada2YK3y.png,jawa,5,jawa,jawa,1,1,0,0.0025097113,0.95503217,0.013037108,0.0035380013,0.003758071,0.017577644,0.0045473226
vc1Bsrao.png,jawa,2,jawa,jawa,1,1,0,0.009858871,0.8702271,0.041020285,0.0070105046,0.0074714916,0.060122907,0.004288856
hCK9CeSz.png,jawa,5,jawa,jawa,1,1,0,0.004309054,0.9519227,0.008349115,0.0092175165,0.0066003604,0.013446492,0.00615473
3CNJa08i.png,jawi,4,jawi,jawi,1,1,0,0.005817676,0.011016441,0.9630371,0.0076420796,0.0045554354,0.0029999858,0.004931346
nvdVB6Uu.png,pegon,4,pegon,pegon,1,1,0,0.005423397,0.0043010856,0.011309741,0.007968327,0.007949238,0.95452255,0.008525669
cKzqxLCy.png,lampung,1,lampung,lampung,1,1,0,0.008713666,0.0042990437,0.018048905,0.94609374,0.011610922,0.0016129196,0.009620864
1bfU3rLY.png,jawa,2,jawa,jawa,1,1,0,0.005782517,0.9512172,0.0146852555,0.0077498564,0.006400602,0.00966852,0.004496142
JsrK50F8.png,pegon,5,pegon,pegon,1,1,0,0.0071688658,0.019326169,0.015529014,0.007348826,0.0069423914,0.9357449,0.007939825
pVqzh6dj.png,lampung,3,lampung,lampung,1,1,0,0.0047036177,0.0048953188,0.012242028,0.96924186,0.0026690322,0.0013430108,0.0049052103
SfIcy9Tu.png,jawi,4,jawi,jawi,1,1,0,0.005435183,0.019614607,0.9414002,0.0058790958,0.0038983542,0.02053587,0.003236772
aRqZzcov.png,sunda,1,sunda,sunda,1,1,0,0.003895166,0.000115632676,0.013030238,0.005966272,0.005542283,7.962847e-05,0.9713708
MwsTriDE.png,lampung,5,lampung,lampung,1,1,0,0.005222234,0.0008439504,0.0019121142,0.9525858,0.008937137,0.022086948,0.008411837
L5m6XGtX.png,lampung,3,lampung,lampung,1,1,0,0.0050379867,0.009031942,0.0029351076,0.9704147,0.005006092,0.0020133317,0.0055609164
EjpFMwzQ.png,bali,2,bali,bali,1,1,0,0.94197655,0.025922943,0.002558898,0.007379714,0.008917115,0.00051639293,0.0127283
m4KxWiov.png,jawa,3,jawa,jawa,1,1,0,0.0065069273,0.92934674,0.014263789,0.0074241455,0.006168116,0.02952576,0.006764579
f5xPQ3yP.png,lontara,3,lontara,lontara,1,1,0,0.0049710153,0.013615002,0.0009573246,0.00598808,0.9694444,0.00028257037,0.004741617
8Gt4pVBJ.png,bali,2,bali,bali,1,1,0,0.94903517,0.02349415,0.00057006866,0.0090908175,0.009266653,0.00023487138,0.00830829
uiJy4jPH.png,bali,2,bali,bali,1,1,0,0.9720367,0.010641834,0.0019680609,0.004702406,0.004642186,0.00021511677,0.005793658
6Uuq8o17.png,jawi,3,jawi,jawi,1,1,0,0.0019282191,0.015391986,0.9682095,0.0045528626,0.0030328329,0.0053245253,0.0015601559
cDTM5hqt.png,pegon,5,pegon,pegon,1,1,0,0.009766628,0.018470515,0.018184155,0.0077121733,0.007920708,0.9281264,0.009819488
vTubUATS.png,jawi,1,jawi,jawi,1,1,0,0.00722081,0.01972832,0.9303592,0.0053588296,0.0046835025,0.025232906,0.0074164895
viDzX4vu.png,jawa,4,jawa,jawa,1,1,0,0.0053694677,0.9206409,0.02142006,0.0041844225,0.004145748,0.039784145,0.0044551464
KZfjiigE.png,pegon,3,pegon,pegon,1,1,0,0.007971859,0.017904902,0.017387953,0.008723561,0.0077811484,0.9318976,0.008332912
j3oMsNPD.png,jawi,1,jawi,jawi,1,1,0,0.00310361,0.021101186,0.94122356,0.0012680033,0.0065895156,0.020412061,0.0063021225
43a7aA91.png,sunda,3,sunda,sunda,1,1,0,0.0059252484,8.490417e-05,0.019139163,0.0067423163,0.00726202,0.00012305322,0.9607233
6o2p2AQP.png,lampung,5,lampung,lampung,1,1,0,0.008939916,0.0011244324,0.0010470633,0.94988656,0.009135458,0.0221913,0.0076753013
IrQerVpW.png,pegon,3,pegon,pegon,1,1,0,0.009081126,0.018153364,0.01683838,0.007638781,0.008297592,0.9329103,0.007080338
BgQgYvyv.png,jawi,4,jawi,jawi,1,1,0,0.0037160693,0.022149978,0.9464511,0.004642704,0.003414336,0.015752772,0.0038730598
XFOlPGr7.png,pegon,3,pegon,pegon,1,1,0,0.009540142,0.034089103,0.112238735,0.009787695,0.009798543,0.8130989,0.01144692
qo0uaHR5.png,lampung,1,lampung,lampung,1,1,0,0.005829571,0.003617454,0.006550563,0.96441865,0.0043344037,0.010590837,0.004658425
vwX3sB0J.png,lampung,3,lampung,lampung,1,1,0,0.0070495983,0.013195943,0.007821202,0.9543406,0.007932837,0.001198981,0.008460809
AoyjV7PV.png,lampung,5,lampung,lampung,1,1,0,0.0063917893,0.0010350351,0.0002522876,0.9604808,0.0075535667,0.016009863,0.008276704
4M0Nwwp5.png,jawi,1,jawi,jawi,1,1,0,0.0036253324,0.019344691,0.9467575,0.0040790965,0.004205251,0.018639978,0.0033481265
p2JqpPyE.png,lampung,4,lampung,lampung,1,1,0,0.005282473,0.0016479247,0.01609991,0.96157,0.0077946796,0.0024605766,0.0051444108
jd34AdtB.png,sunda,2,sunda,sunda,1,1,0,0.0041541867,0.004789161,0.004705712,0.006260977,0.0047601033,0.00015992364,0.97516996
UxVjMobb.png,sunda,4,sunda,sunda,1,1,0,0.0061840885,0.003790561,0.014509437,0.0054070787,0.0076791765,0.00011954901,0.9623101
Tc1MPDek.png,sunda,2,sunda,sunda,1,1,0,0.0086188605,0.0002134319,0.02091619,0.008249902,0.008482196,0.0002969002,0.9532225
QpETTmPL.png,jawa,5,jawa,jawa,1,1,0,0.007600793,0.9425043,0.009212957,0.006215105,0.009473152,0.017414961,0.00757876
xqYbyCUH.png,jawi,2,jawi,jawi,1,1,0,0.012443259,0.006305675,0.9267505,0.014898889,0.0072005335,0.025857039,0.006544033
3a9MYErr.png,jawi,2,jawi,jawi,1,1,0,0.007628506,0.003760604,0.9624686,0.005440548,0.008747355,0.0055578128,0.006396608
LSquDGzT.png,sunda,3,sunda,sunda,1,1,0,0.004701173,0.00020701649,0.015448983,0.0055095735,0.0070995986,0.00038827147,0.9666454
MRIgYkAW.png,lampung,5,lampung,lampung,1,1,0,0.004281243,0.0007193594,0.002272208,0.96545434,0.0052988627,0.0150536625,0.006920381
VWrbux1J.png,jawi,4,jawi,jawi,1,1,0,0.0031606627,0.026852619,0.9465874,0.0038550664,0.0031157383,0.013714975,0.002713576
6B4oZNfJ.png,sunda,1,sunda,sunda,1,1,0,0.009259737,0.0029692582,0.018548222,0.00670166,0.012151428,0.0004298691,0.94993985
vGlLXBwb.png,sunda,1,sunda,sunda,1,1,0,0.0053596147,0.00056471484,0.030772224,0.010727897,0.008438084,0.00032907375,0.9438083
nVUslhCN.png,sunda,5,sunda,sunda,1,1,0,0.009319614,0.005040908,0.026891526,0.008177943,0.0113117825,0.0005935313,0.9386647
OhQKHCah.png,jawi,1,jawi,jawi,1,1,0,0.0015989612,0.016525224,0.9557584,0.0016888895,0.0031253607,0.018184893,0.0031182885
JyUjckDh.png,lampung,4,lampung,lampung,1,1,0,0.0051768012,0.0060680304,0.008525494,0.96583533,0.005967532,0.002394766,0.0060320077
h3Q2IyI2.png,lampung,4,lampung,lampung,1,1,0,0.0034729077,0.00036538352,0.0019184496,0.9750192,0.004214361,0.011157786,0.0038519178
VO5yrghf.png,lampung,5,lampung,lampung,1,1,0,0.010218348,0.0015453984,0.023770278,0.9475282,0.009155922,0.00017521872,0.0076067257
iw93B6ly.png,lontara,5,lontara,lontara,1,1,0,0.005790682,0.012692008,0.0011850889,0.008957401,0.9654345,0.0001778872,0.005762539
JSRPNyQq.png,jawa,2,jawa,jawa,1,1,0,0.0050277584,0.9296013,0.02999894,0.006117262,0.006283953,0.018517941,0.0044528907
LwHsMHtN.png,jawa,2,lampung,lampung,0,0,0,2.0136619e-07,0.0065050134,8.164649e-05,0.72538346,7.605817e-07,9.714716e-05,0.26793176
GFzt5TQ1.png,pegon,5,pegon,pegon,1,1,0,0.0061648334,0.02013452,0.021791877,0.00831872,0.0063990513,0.93024087,0.006950239
zTHtKUeq.png,jawi,1,jawi,jawi,1,1,0,0.005053836,0.027079815,0.9082175,0.0051893434,0.009094241,0.04204456,0.003320706
VKnAKT1m.png,bali,3,bali,bali,1,1,0,0.9465715,0.025017748,0.0005357088,0.009627147,0.008757516,0.00046452373,0.009025743
sTg5kUNg.png,jawa,4,jawa,jawa,1,1,0,0.0061155036,0.9394729,0.017291272,0.006579129,0.0055320384,0.019346405,0.0056626834
BL0mrFOX.png,lampung,1,lampung,lampung,1,1,0,0.0047125854,0.008261534,0.001959414,0.9697127,0.0066594607,0.0027457322,0.0059486395
WyGAHa0p.png,sunda,3,sunda,sunda,1,1,0,0.008960898,0.002665489,0.019117467,0.012155898,0.007944585,0.0022456632,0.9469101
AT1VUJWe.png,jawi,4,jawi,jawi,1,1,0,0.008025117,0.008066568,0.9572793,0.007262642,0.005237058,0.006136721,0.007992655
VkONWqm7.png,jawi,2,jawi,jawi,1,1,0,0.009018958,0.0137076825,0.94516057,0.0065665864,0.0064917677,0.01110082,0.007953583
cspUemGM.png,pegon,1,pegon,pegon,1,1,0,0.0030824628,0.013849624,0.01035265,0.00427137,0.0038928597,0.9596219,0.004929138
kVtGI6hl.png,lampung,1,lampung,lampung,1,1,0,0.005073998,0.004768375,0.002811407,0.95165247,0.012739722,0.016202247,0.0067518116
rEG9WBke.png,jawi,4,jawi,jawi,1,1,0,0.00736295,0.0041119284,0.9470437,0.0048093377,0.006254155,0.024992598,0.0054252925
bwGskpMn.png,jawi,5,jawi,jawi,1,1,0,0.0005483621,0.047663227,0.93334,0.002888366,0.0032684717,0.00947755,0.002813909
gWMu94iz.png,lontara,5,lontara,lontara,1,1,0,0.007031569,0.012495574,0.0024003193,0.00790582,0.96388286,0.00045470695,0.0058291475
zznGiaxO.png,jawi,2,jawi,jawi,1,1,0,0.011027823,0.018861106,0.9239921,0.0080012195,0.0054603135,0.024491655,0.008165798
htXV1bmP.png,pegon,4,pegon,pegon,1,1,0,0.004301489,0.009191059,0.0083685545,0.0077858004,0.0061472626,0.95880914,0.0053967037
DEIkWmiO.png,pegon,1,pegon,pegon,1,1,0,0.0057766363,0.030675123,0.031959437,0.0033932854,0.0020998318,0.92040986,0.0056858035
LPrEjt2F.png,bali,4,bali,bali,1,1,0,0.97594,0.004452419,0.0066076154,0.004604842,0.0038647403,0.00047077323,0.004059626
IN1nF6WT.png,jawa,5,pegon,jawa,0,1,1,0.02425207,0.80827886,0.0048250128,0.02430434,0.055609435,0.007250279,0.07548011
KsjLEpLs.png,jawi,4,jawi,jawi,1,1,0,0.007660317,0.02793451,0.93825614,0.007271902,0.0063627977,0.00647184,0.006042447
hvAk9QrW.png,pegon,3,pegon,pegon,1,1,0,0.004263657,0.032570314,0.05586578,0.0118927,0.005440898,0.8854851,0.0044815424
c1RY5dfN.png,pegon,4,pegon,pegon,1,1,0,0.009548204,0.034434907,0.021760283,0.0067204065,0.008971136,0.9118159,0.0067490875
ST6Z0MID.png,sunda,2,sunda,sunda,1,1,0,0.011989897,0.010671739,0.019154927,0.010586221,0.012298389,0.00012291427,0.93517596
CWffOjB5.png,pegon,3,pegon,pegon,1,1,0,0.015409075,0.027634446,0.03527603,0.020721037,0.010980997,0.88178974,0.0081886435
RGoOMljS.png,bali,3,bali,bali,1,1,0,0.9584769,0.014158653,0.0001661297,0.011527593,0.007292246,9.540025e-05,0.008283092
RqX64fxs.png,lontara,3,lontara,lontara,1,1,0,0.0054287217,0.012653667,0.000584354,0.004631802,0.97142315,0.00028395827,0.0049942574
g2SPiYaE.png,pegon,1,pegon,pegon,1,1,0,0.0025063327,0.020525238,0.027673725,0.002070607,0.0041302647,0.93907696,0.0040167887
EdGbbA02.png,pegon,2,pegon,pegon,1,1,0,0.0061619007,0.03139392,0.017931439,0.0052451454,0.00513079,0.92873293,0.0054038954
lideUQxV.png,bali,2,bali,bali,1,1,0,0.96182525,0.0009644422,0.014942539,0.0070737014,0.005522629,0.00013054696,0.009540854
hoB57XaY.png,pegon,5,pegon,pegon,1,1,0,0.006973024,0.022873148,0.022104561,0.0089262705,0.008019376,0.9253379,0.0057656826
OTuFIECD.png,pegon,3,pegon,pegon,1,1,0,0.004213675,0.020309893,0.028005395,0.0057784766,0.00601127,0.92922443,0.0064568836
10BEMUUs.png,lontara,3,lontara,lontara,1,1,0,0.0046097036,0.012701896,0.001869735,0.0049621314,0.9714794,0.00015138391,0.0042257193
UiAgGtEp.png,pegon,3,pegon,pegon,1,1,0,0.009454978,0.018347744,0.029319612,0.005696021,0.0058181584,0.92737514,0.003988345
O9TGaCZP.png,lampung,4,lampung,lampung,1,1,0,0.0070011457,0.0033105826,0.006246441,0.9685342,0.00685642,0.0040003993,0.004050861
7Y8VdQtv.png,pegon,5,pegon,pegon,1,1,0,0.006671673,0.01844729,0.017914683,0.0052716536,0.005812412,0.9415569,0.0043254523
JY7Zsb9Z.png,sunda,2,sunda,sunda,1,1,0,0.0057431147,0.00048064275,0.01329241,0.006888554,0.006460653,0.00020783518,0.96692675
jYyIC9jU.png,jawa,2,jawa,jawa,1,1,0,0.00665212,0.9349176,0.016086148,0.008078195,0.00836287,0.014504266,0.011398843
OOjmLM29.png,sunda,2,sunda,sunda,1,1,0,0.0031806629,0.0014866845,0.006978355,0.0038126516,0.0037085528,0.00017249584,0.9806606
AVG1xmZn.png,jawa,2,jawa,jawa,1,1,0,0.0071928347,0.94383836,0.011205013,0.010949031,0.007824848,0.012684548,0.0063054236
B8U0YxbB.png,lampung,4,lampung,lampung,1,1,0,0.0053498875,0.005347927,0.007172524,0.9687811,0.0062206998,0.003116659,0.0040111262
KfFEdn9d.png,bali,3,bali,bali,1,1,0,0.95287323,0.0037458166,0.01907398,0.00727211,0.006909044,0.00083478505,0.00929101
EaMmifFR.png,lampung,3,lampung,lampung,1,1,0,0.00598837,0.013630057,0.0037541005,0.9603004,0.008493047,0.00031220674,0.007521797
XHqLRFdE.png,lampung,5,lampung,lampung,1,1,0,0.007677875,0.018996831,0.0006220884,0.95612234,0.005695568,0.0010685927,0.009816697
hyvpwsX6.png,jawa,5,jawa,jawa,1,1,0,0.014877369,0.89694124,0.006150716,0.009910976,0.041815877,0.009934968,0.020368893
cmDUid0q.png,bali,5,bali,bali,1,1,0,0.9581481,0.017341048,0.0004549587,0.00809613,0.008882836,0.00021765298,0.006859291
dZf9njnv.png,pegon,1,pegon,pegon,1,1,0,0.0027764926,0.015738012,0.008819606,0.002129024,0.003491667,0.96327275,0.0037723796
TvUzfS0H.png,jawa,4,jawa,jawa,1,1,0,0.0034249865,0.9607336,0.0043972456,0.0044568037,0.01100798,0.012188707,0.003790773
djGCth5W.png,pegon,3,pegon,pegon,1,1,0,0.00786302,0.0240508,0.04159666,0.016150681,0.0077547813,0.8963513,0.006232746
Urgc99Vi.png,lontara,1,lontara,lontara,1,1,0,0.0063096853,0.024324674,0.0006786768,0.011227691,0.947942,0.00045564203,0.009061747
rqT0mwH9.png,jawa,5,jawa,jawa,1,1,0,0.021214873,0.89044684,0.010067391,0.015013125,0.03301711,0.018354734,0.011885996
ED8Ul1uF.png,sunda,1,sunda,sunda,1,1,0,0.0069696154,0.0038253756,0.010217261,0.005244299,0.0063227257,9.120263e-05,0.9673295
cD3Wqn9l.png,jawa,5,jawa,jawa,1,1,0,0.012074053,0.93465936,0.0069573,0.010115865,0.0119101135,0.0142894015,0.009993879
WhTrjObl.png,pegon,3,pegon,pegon,1,1,0,0.009897893,0.0316219,0.025821652,0.007913234,0.012503527,0.903161,0.009080821
ITCdN5NN.png,jawi,2,jawi,jawi,1,1,0,0.009234418,0.011162633,0.93113095,0.0059620487,0.017041707,0.020631721,0.004836496
4ilGqNh8.png,sunda,5,sunda,sunda,1,1,0,0.0070711356,0.0005039016,0.015737275,0.006479606,0.0070885723,9.883728e-05,0.96302074
84DfqWgd.png,jawi,5,jawi,jawi,1,1,0,0.008680132,0.026423233,0.91970074,0.00572135,0.008679963,0.022689447,0.00810508
PCZDWvIz.png,sunda,5,sunda,sunda,1,1,0,0.009972836,0.003912791,0.022568157,0.0074966443,0.010496752,0.00035252285,0.94520026
yDR0cIaR.png,pegon,2,pegon,pegon,1,1,0,0.0063653304,0.019358886,0.017678183,0.005224558,0.0062199095,0.9373291,0.007823989
ER2A9fSF.png,jawa,4,jawa,jawa,1,1,0,0.0043869023,0.89174867,0.014218053,0.0044288826,0.012373527,0.070343435,0.0025004065
EvybDrdb.png,pegon,3,pegon,pegon,1,1,0,0.0048429677,0.020977978,0.022178806,0.0021554446,0.00282718,0.94306684,0.0039508794
RooI9ETD.png,jawa,4,jawi,jawa,0,1,1,0.0,0.9698014,0.014120098,0.0,0.0,0.016078485,0.0
NGvGgWp9.png,jawi,3,jawi,jawi,1,1,0,0.0014781381,0.010138904,0.97343695,0.0013660874,0.0025362507,0.0071545397,0.003889274
3fFv55Cm.png,bali,1,bali,bali,1,1,0,0.9655746,0.00030078588,0.010551421,0.010810133,0.0068120775,0.00017647789,0.005774549
pYSqyrTl.png,pegon,1,pegon,pegon,1,1,0,0.008132988,0.015916344,0.01976956,0.03587248,0.011265275,0.7927831,0.11626022
leJG9YQw.png,sunda,4,sunda,sunda,1,1,0,0.004658713,0.0002948915,0.011081943,0.0048019206,0.004961996,0.000110570174,0.9740899
z7iw4JpX.png,jawi,3,jawi,jawi,1,1,0,0.006490829,0.015921783,0.9463847,0.005342134,0.004575557,0.019737728,0.0015472554
v9ofqRgM.png,sunda,4,sunda,sunda,1,1,0,0.0051817596,0.0004209476,0.001362157,0.006385817,0.004611045,0.020144213,0.9618941
gIap9isb.png,jawi,5,jawi,jawi,1,1,0,0.006112633,0.016096948,0.93737453,0.0071736774,0.009259714,0.016398411,0.0075840917
czSQGZpZ.png,jawa,3,jawa,jawa,1,1,0,0.0,0.96338135,0.014443638,0.0,0.0,0.02217499,0.0
h1RI2nKU.png,bali,5,bali,bali,1,1,0,0.9688016,0.0012042276,0.013609461,0.0057428335,0.005552922,8.1718965e-05,0.005007229
ona7ImsG.png,lampung,1,lampung,lampung,1,1,0,0.004667804,0.0008845564,0.00085734145,0.9683641,0.008911051,0.009927411,0.0063877325
mxO6XQgL.png,jawa,4,jawa,jawa,1,1,0,0.008041594,0.928818,0.02144214,0.011748061,0.008891802,0.014551045,0.0065074824
YuGKQg6W.png,bali,5,bali,bali,1,1,0,0.9554405,0.00580459,0.018276602,0.0073377676,0.0066163125,0.00026248998,0.006261723
zoTh0Aqg.png,lampung,2,lampung,lampung,1,1,0,0.007658292,0.014208298,0.000976137,0.9684245,0.006224916,0.0001200783,0.002387851
cOzanMsA.png,jawa,4,jawa,jawa,1,1,0,0.004948526,0.9596004,0.0027217704,0.005344668,0.007249206,0.015800973,0.004334438
O8XBRzpd.png,lampung,5,lampung,lampung,1,1,0,0.0067391247,0.013235767,0.0004949938,0.96416426,0.0059478576,0.0027214955,0.0066965553
eLB0euYJ.png,lampung,3,lampung,lampung,1,1,0,0.0077724583,0.018034467,0.0005472594,0.95946676,0.0075294105,0.00033781587,0.0063118027
7sqOKNeI.png,lampung,1,lampung,lampung,1,1,0,0.006921107,0.014919508,0.001011327,0.96244556,0.006209036,0.0010511003,0.00744235
ThJJuRUv.png,bali,2,bali,bali,1,1,0,0.9787015,0.010263336,0.0004323957,0.0044173417,0.0029755598,7.805604e-05,0.0031318471
jaletqae.png,jawi,2,jawi,jawi,1,1,0,0.0086189015,0.013692492,0.9322032,0.009369145,0.0056857364,0.02156236,0.008868126
NrqzlVyU.png,lampung,2,lampung,lampung,1,1,0,0.006020444,0.011294675,0.0031641056,0.9637365,0.007075223,0.003669531,0.0050395145
9zefkJh5.png,sunda,1,sunda,sunda,1,1,0,0.0038866277,0.00024810433,0.015424804,0.0047489707,0.0045961137,9.298182e-05,0.9710025
JZUSl78s.png,lontara,3,lontara,lontara,1,1,0,0.015769038,0.06172328,0.002542653,0.0064008865,0.9018777,0.0015634265,0.0101230005
RiNmRhtU.png,pegon,4,pegon,pegon,1,1,0,0.008568578,0.0032646519,0.017571155,0.008467561,0.0093808,0.9467879,0.005959431
dol0QGSw.png,pegon,2,pegon,pegon,1,1,0,0.0029977935,0.01852221,0.0324124,0.0027634238,0.0022588428,0.9389402,0.0021050284
9uaIGWxA.png,sunda,3,sunda,sunda,1,1,0,0.0066293185,0.008302842,0.0073111504,0.005879934,0.0063385754,0.0012667708,0.9642714
WOAnI1fQ.png,lampung,5,lampung,lampung,1,1,0,0.0075024185,0.00032787642,0.00022644894,0.9595809,0.0065390505,0.018290207,0.007533158
eBQhuFpt.png,bali,2,bali,bali,1,1,0,0.9585641,0.009148934,0.004840019,0.009860227,0.0053350977,0.00019705879,0.01205455
LEqP01xX.png,jawi,3,jawi,jawi,1,1,0,0.0031883197,0.0056516435,0.9758546,0.0036903434,0.0047862395,0.0047221254,0.002106817
vFocUbhc.png,lampung,5,lampung,lampung,1,1,0,0.010050679,0.001026239,0.008393547,0.9499666,0.008590594,0.014305817,0.007666605
TEozJLfy.png,lontara,1,lontara,lontara,1,1,0,0.007344965,0.02103104,0.0042342925,0.0096687935,0.9484957,0.00020022824,0.009024993
WCYhx674.png,jawi,3,jawi,jawi,1,1,0,0.0028089203,0.0047886674,0.97712195,0.0036731416,0.0054195374,0.004551564,0.0016362434
UaJhTZwC.png,jawi,4,jawi,jawi,1,1,0,0.010483591,0.020570908,0.90158224,0.015327107,0.028309967,0.0139189735,0.009807183
zEi3wlNQ.png,pegon,1,pegon,pegon,1,1,0,0.002342966,0.018590568,0.017126434,0.004011212,0.0032788306,0.9507249,0.0039252024
a6bdzkoy.png,pegon,4,pegon,pegon,1,1,0,0.007266362,0.03591031,0.015543182,0.006414949,0.008402061,0.916691,0.009772086
7LTx6oGx.png,lampung,2,lampung,lampung,1,1,0,0.0042945943,0.0017193825,0.013919265,0.9661097,0.007985093,0.0015143892,0.00445763
pSFQbIUh.png,bali,5,bali,bali,1,1,0,0.92941004,0.030520367,0.00050157396,0.013104769,0.010129841,0.00015252393,0.016180856
vIXUXQz3.png,lontara,1,lontara,lontara,1,1,0,0.0015106625,0.00025106184,0.007863878,0.0030996648,0.9826418,0.003005265,0.0016276824
aCl3KID2.png,jawa,4,jawa,jawa,1,1,0,0.008005878,0.95392096,0.005863718,0.0050353548,0.006516494,0.014886051,0.0057714884
RvKySjhb.png,jawa,1,jawa,jawa,1,1,0,0.0053357575,0.94940025,0.009537625,0.0067908457,0.005297494,0.015724884,0.007913186
h5HwWQrY.png,lontara,4,lontara,lontara,1,1,0,0.009100363,0.020897936,0.00059573055,0.0064099557,0.95598143,0.0002615293,0.006753106
IVdwJZQ3.png,sunda,4,sunda,sunda,1,1,0,0.004996688,0.0021797451,0.00854562,0.00582824,0.0064963372,0.0069086375,0.96504474
FsXa5l7L.png,lampung,2,lampung,lampung,1,1,0,0.0041165566,0.0023290326,0.00721256,0.9747175,0.0052479915,0.003845085,0.0025312281
tC8RdOUI.png,lampung,2,lampung,lampung,1,1,0,0.0046439464,0.003546858,0.0055092624,0.9686148,0.0072654597,0.006522874,0.0038968318
L3z4sHgC.png,lontara,3,lontara,lontara,1,1,0,0.005581149,0.009780647,0.001943281,0.0067147226,0.97146535,0.00027422313,0.004240633
Dq4M6ybC.png,lampung,1,lampung,lampung,1,1,0,0.0034205688,0.0006275121,0.0036071173,0.97781235,0.0035545263,0.006440595,0.004537317
kjIsl2pl.png,jawi,1,jawi,jawi,1,1,0,0.002487905,0.021866592,0.9379991,0.0020093415,0.004202462,0.027614981,0.0038195697
3khjfbms.png,lampung,5,lampung,lampung,1,1,0,0.0057580993,0.001199108,0.0028723,0.95914155,0.0070922244,0.016217161,0.0077195186
rD9gRMHI.png,jawi,4,jawi,jawi,1,1,0,0.0040226514,0.010687041,0.9378981,0.003543177,0.0051468913,0.03592503,0.0027770654
FBy5Bp3Y.png,pegon,2,pegon,pegon,1,1,0,0.0047333133,0.024708187,0.021278998,0.005596391,0.0025594404,0.9390136,0.0021099795
QU4zCN1G.png,jawi,3,jawi,jawi,1,1,0,0.009529667,0.008158838,0.93752396,0.007138656,0.022868916,0.005922681,0.008857345
hMYz8Lw0.png,jawi,1,jawi,jawi,1,1,0,0.0044246344,0.024958512,0.9301808,0.0037404932,0.007691278,0.02386214,0.0051421807
qfECY7rZ.png,lampung,1,lampung,lampung,1,1,0,0.013097903,0.01830058,0.017041367,0.9212665,0.01668404,0.0028856923,0.010723897
ZRVem3cC.png,lampung,3,lampung,lampung,1,1,0,0.006308127,0.01080191,0.00636486,0.95916724,0.008269532,0.002616282,0.0064721066
UuupgqNF.png,jawi,5,jawi,jawi,1,1,0,0.006347119,0.028369013,0.9105487,0.0071526105,0.008862506,0.029041765,0.009678246
yAaJfDKU.png,pegon,2,pegon,pegon,1,1,0,0.0049324743,0.01980417,0.015066218,0.0040536514,0.0038154107,0.9458684,0.006459739
HpFYoSfQ.png,sunda,4,sunda,sunda,1,1,0,0.0051470143,0.00057059363,0.021359157,0.0074098487,0.0065857875,0.00015260144,0.958775
NpQUxi6c.png,jawi,1,jawi,jawi,1,1,0,0.010122327,0.020461854,0.94444144,0.0028269757,0.0053233104,0.012767243,0.0040568807
kCichgDl.png,sunda,1,sunda,sunda,1,1,0,0.007665235,0.009356848,0.0066609676,0.008106805,0.0074095987,0.0001776822,0.9606229
x601jK7l.png,jawi,3,pegon,jawi,0,1,1,0.008571518,0.026741628,0.75303525,0.003157662,0.03519327,0.16831744,0.004983273
1JwgoIEF.png,jawi,1,jawi,jawi,1,1,0,0.007051682,0.026582135,0.91713536,0.0031242608,0.009997888,0.032872673,0.0032360181
Ob0bY4kP.png,sunda,4,sunda,sunda,1,1,0,0.0028712598,0.0029148138,0.01291425,0.0034037968,0.005513163,0.0003345433,0.9720482
Md5w4HXJ.png,pegon,5,pegon,pegon,1,1,0,0.006626194,0.016521484,0.009740975,0.0076534124,0.004768069,0.9490323,0.0056576096
RykegdIZ.png,lampung,5,lampung,lampung,1,1,0,0.0047939867,0.0037994168,0.00084973295,0.9677702,0.0056058625,0.010670046,0.006510705
zxDXwlN4.png,jawa,4,jawa,jawa,1,1,0,0.004531299,0.95783806,0.0036701246,0.006692025,0.004950751,0.013850905,0.008466801
5MEtQx2Q.png,lontara,5,lontara,lontara,1,1,0,0.00465142,0.012283411,0.003706201,0.0053523122,0.96725154,0.00022718632,0.006527942
T35q0PZp.png,lampung,3,lampung,lampung,1,1,0,0.008108549,0.0019637581,0.017970424,0.9540357,0.007634308,0.0017827915,0.008504431
BbHr3HZ4.png,jawi,4,jawi,jawi,1,1,0,0.0028833016,0.016371533,0.9608416,0.0034295677,0.0018288618,0.011362398,0.0032826776
LLEk1YwU.png,bali,4,bali,bali,1,1,0,0.9286659,0.04501678,0.003361236,0.009779323,0.008003023,0.0020506731,0.0031231013
jeY6ujqL.png,jawa,2,jawa,jawa,1,1,0,0.0107844705,0.9422866,0.015930433,0.0055967183,0.0077816313,0.010478087,0.0071421405
P3ZH5JJE.png,sunda,3,sunda,sunda,1,1,0,0.0053279456,5.749902e-05,0.021919398,0.008017981,0.0052380427,5.71631e-05,0.959382
MDmranpm.png,sunda,3,sunda,sunda,1,1,0,0.0061524003,0.000110968846,0.022510778,0.006567378,0.005607664,0.00012069103,0.9589302
aROkxhKx.png,jawi,1,jawi,jawi,1,1,0,0.0013858766,0.031383518,0.93251425,0.0015124535,0.0028158312,0.029110169,0.0012779608
lfPNLQD3.png,lampung,5,lampung,lampung,1,1,0,0.006113239,0.017986305,0.00023844147,0.9628029,0.006712725,5.7808254e-05,0.0060885926
5HTHjEO5.png,lampung,4,lampung,lampung,1,1,0,0.005092143,0.0058342917,0.0046734153,0.97140265,0.00485962,0.004180283,0.003957625
LjRL1Uov.png,jawi,3,jawi,jawi,1,1,0,0.0069014924,0.012319598,0.952269,0.007190793,0.0074318284,0.008087284,0.0057998896
GONtRSCK.png,lampung,1,lampung,lampung,1,1,0,0.004510482,0.002814579,0.0029431796,0.9720248,0.006641256,0.0055579687,0.0055076955
B5hlYCw9.png,pegon,3,pegon,pegon,1,1,0,0.013586326,0.014990019,0.04836475,0.013439719,0.010527404,0.88579553,0.013296182
uJyVz22b.png,pegon,4,pegon,pegon,1,1,0,0.01126267,0.014510416,0.01153487,0.0045037554,0.005136737,0.9435709,0.00948062
7bWLENBL.png,lampung,4,lampung,lampung,1,1,0,0.0062482483,0.0020324797,0.008708807,0.96805924,0.006325055,0.0043691844,0.004256963
tJsxtIjW.png,sunda,5,sunda,sunda,1,1,0,0.0026772688,0.0014382234,0.0009070761,0.003747012,0.0033559168,0.012142473,0.97573197
vGqfJJyN.png,lontara,2,lontara,lontara,1,1,0,0.009536725,0.017246874,0.011497312,0.012060679,0.9357371,0.0033878295,0.010533526
oeAsHoXp.png,lampung,4,lampung,lampung,1,1,0,0.0058052354,0.0024759085,0.0108789755,0.9675628,0.006626291,0.00086046924,0.0057903617
YG63h1to.png,pegon,2,pegon,pegon,1,1,0,0.009643832,0.019328654,0.014618555,0.016476443,0.0076217144,0.9213559,0.010954899
rb2CRqXi.png,lampung,4,lampung,lampung,1,1,0,0.004280585,0.00020364561,0.00014797531,0.9732282,0.0048624133,0.0132424915,0.00403469
s9T4N9Bn.png,sunda,1,sunda,sunda,1,1,0,0.0017833154,0.00010561246,0.011256733,0.00083224225,0.0016827588,0.00018571802,0.98415357
MgoJx2Oa.png,sunda,2,sunda,sunda,1,1,0,0.0051772418,0.0044975914,0.010632269,0.006061083,0.0050944365,0.00013138006,0.968406
65cMUrwL.png,pegon,5,pegon,pegon,1,1,0,0.007541409,0.020299496,0.021820758,0.007959073,0.0065749115,0.9287488,0.007055502
gRmsJmyW.png,pegon,1,pegon,pegon,1,1,0,0.003016009,0.010880476,0.010141719,0.004805192,0.0047532087,0.9595478,0.006855559
4FPKdKNU.png,pegon,1,pegon,pegon,1,1,0,0.0065803393,0.051863946,0.088742,0.005068141,0.006046792,0.834593,0.007105781
RZkMZLlR.png,sunda,3,sunda,sunda,1,1,0,0.0038761825,0.00014953625,0.015538772,0.007777814,0.0038158023,0.00010429124,0.9687376
itczxM2C.png,jawa,4,jawa,jawa,1,1,0,0.0064065782,0.9605292,0.0057003703,0.00527601,0.005667684,0.011684985,0.004735173
5PU3ryc2.png,jawi,2,jawi,jawi,1,1,0,0.008857769,0.01859858,0.92728865,0.010943227,0.0061603077,0.017833753,0.010317666
pOOwknRk.png,jawa,1,jawa,jawa,1,1,0,0.0034977414,0.96090364,0.01076891,0.0036797572,0.0034821022,0.012614745,0.0050530937
5nscBfx1.png,pegon,4,pegon,pegon,1,1,0,0.0076945345,0.0028890567,0.0078532705,0.008938565,0.007887022,0.9549999,0.009737635
4KD0VpMJ.png,lampung,2,lampung,lampung,1,1,0,0.004639208,0.0022895029,0.009420474,0.971749,0.0060662357,0.002402309,0.0034331304
0ztmF3S4.png,lontara,1,lontara,lontara,1,1,0,0.006522246,0.025024354,0.0013730266,0.010573666,0.9460477,0.00034630895,0.010112644
Fx6l90YI.png,lampung,1,lampung,lampung,1,1,0,0.0034677936,0.0021159227,0.004983986,0.9715058,0.0050478717,0.009146379,0.003732176
R8jgEFwX.png,bali,1,bali,bali,1,1,0,0.9857085,0.004306536,0.00027638517,0.0047102785,0.0028590544,5.7820438e-05,0.0020814878
HwlPgS0L.png,jawi,2,jawi,jawi,1,1,0,0.00854759,0.013594552,0.86101043,0.008903263,0.079112746,0.018690744,0.010140726
DMe5Qo5t.png,lontara,5,lontara,lontara,1,1,0,0.0069528194,0.017042084,0.0014986946,0.011134197,0.95482105,0.00017204188,0.008379135
CJejAjkr.png,lampung,5,lampung,lampung,1,1,0,0.0052760765,0.0006917008,0.0016994828,0.9614441,0.0065913424,0.01838751,0.0059098443
9cJ8Ej6R.png,lampung,2,lampung,lampung,1,1,0,0.005004687,0.005296506,0.0072953547,0.96590114,0.008710209,0.0040362612,0.003755878
27YE7m0I.png,sunda,3,sunda,sunda,1,1,0,0.0061284564,0.008989767,0.0070733977,0.0056529506,0.007097069,0.0019126306,0.9631458
bszPh1wm.png,lampung,5,lampung,lampung,1,1,0,0.0075958106,0.016485002,0.00012561896,0.96282434,0.0069251484,0.00078929786,0.0052547967
8mASCnig.png,bali,2,bali,bali,1,1,0,0.77996653,0.0026756618,0.17146051,0.0087664435,0.013506385,0.0028818012,0.020742668
Vl3ILnER.png,lampung,1,lampung,lampung,1,1,0,0.0084056165,0.0025431833,0.00064592826,0.9544089,0.007257453,0.019117963,0.007621008
XQfpd6Da.png,lampung,1,lampung,lampung,1,1,0,0.0034492747,0.00024860408,0.0005754872,0.9784551,0.0031660749,0.008840959,0.005264489
xsXFBU8Z.png,jawi,1,jawi,jawi,1,1,0,0.0062981085,0.029009609,0.9095405,0.008981482,0.007174004,0.035752185,0.003244054
jWJqpHVn.png,sunda,4,sunda,sunda,1,1,0,0.008792701,0.0044751684,0.018474488,0.008360082,0.008222289,0.0010721983,0.95060307
aOGR5fvM.png,jawa,5,jawa,jawa,1,1,0,0.029099103,0.87718546,0.010629493,0.013115887,0.046518616,0.012463598,0.010987846
gmBl4gXt.png,jawi,3,jawi,jawi,1,1,0,0.004828063,0.023716511,0.931755,0.0069921194,0.0067016184,0.018166332,0.007840371
YbpuyUsU.png,pegon,3,pegon,pegon,1,1,0,0.01821683,0.02026986,0.023490496,0.017273404,0.011514894,0.89710605,0.012128498
BPWOyNu3.png,jawa,4,jawa,jawa,1,1,0,0.0049091787,0.958242,0.008193831,0.0047459956,0.004567966,0.0159179,0.0034231234
Yf2pH5hz.png,lontara,3,lontara,lontara,1,1,0,0.0042591407,0.009341519,0.0039728684,0.006465603,0.97181547,7.258819e-05,0.004072941
kl3fdfJ5.png,jawi,4,jawi,jawi,1,1,0,0.0107009355,0.027586922,0.9162338,0.006031145,0.007956857,0.021359198,0.01013106
jLxiHQp3.png,pegon,3,pegon,pegon,1,1,0,0.0136891175,0.013744256,0.04163826,0.0133346645,0.016959162,0.88592887,0.014705606
XkRUORB4.png,jawa,2,jawa,jawa,1,1,0,0.009704305,0.92929316,0.011505472,0.00908985,0.016402077,0.012673363,0.011331657
d0wmXGuX.png,bali,1,bali,bali,1,1,0,0.9659036,0.010668315,0.00023068405,0.0064439336,0.008750428,0.000122037716,0.00788104
tXgcs1MD.png,bali,4,bali,bali,1,1,0,0.9692899,0.010212253,0.0044755857,0.005095497,0.005024161,0.0013356374,0.004566975
P0FG1OpY.png,jawi,2,jawi,jawi,1,1,0,0.013625183,0.013185482,0.9389304,0.009694075,0.010039905,0.00965613,0.0048688906
gcVyA4TX.png,lampung,3,lampung,lampung,1,1,0,0.0052884147,0.004704604,0.006670286,0.9754009,0.002853384,0.00069825334,0.004384125
lSdRDE8v.png,bali,3,bali,bali,1,1,0,0.9606471,0.005171054,0.013536055,0.007077233,0.0054361154,0.0005310366,0.007601351
3XxZii95.png,lampung,3,lampung,lampung,1,1,0,0.0037191205,0.018105328,0.00011939975,0.96235555,0.006792314,0.00028198454,0.00862631
6PeP0Fvf.png,jawa,2,jawa,jawa,1,1,0,0.00671514,0.9495383,0.011859905,0.006853869,0.0067819473,0.011087081,0.0071637486
Xgif1P74.png,jawa,2,jawa,jawa,1,1,0,0.020421702,0.9215212,0.0056922846,0.010651143,0.013663387,0.008290317,0.019759957
AFxzf44w.png,pegon,2,pegon,pegon,1,1,0,0.009095563,0.024781546,0.01825493,0.013201507,0.0072840936,0.9199847,0.00739768
YD84yjTo.png,lampung,3,lampung,lampung,1,1,0,0.0067461138,0.021343134,0.00038447694,0.9536705,0.010385486,0.00017380579,0.0072964868
rPC2TpLe.png,jawi,3,jawi,jawi,1,1,0,0.007068591,0.008044372,0.9537136,0.008503623,0.011281339,0.0053691836,0.0060193227
DwKPhBbx.png,jawa,1,jawa,jawa,1,1,0,0.004556098,0.95336187,0.0137324305,0.0043458613,0.0043532304,0.011518783,0.008131733
qEn2KS9r.png,lampung,1,lampung,lampung,1,1,0,0.003916189,0.0011837784,0.0031103813,0.97528297,0.004745592,0.006936364,0.0048246956
maPdKjah.png,jawi,5,jawi,jawi,1,1,0,0.008727125,0.017373059,0.9329197,0.0050405073,0.00562831,0.023746157,0.00656513
V0TPz3Ss.png,jawa,1,jawa,jawa,1,1,0,0.0029840579,0.95858604,0.015209261,0.0077223945,0.0032366351,0.008665977,0.0035956472
ReC2eEDA.png,jawi,1,jawi,jawi,1,1,0,0.0033466097,0.019705655,0.92657185,0.0036555624,0.012725123,0.028296046,0.005699024
cQw5VDsP.png,pegon,1,pegon,pegon,1,1,0,0.003787898,0.021001795,0.017547656,0.004367572,0.0050124004,0.94229555,0.0059871324
2O9Ur6gz.png,lampung,1,lampung,lampung,1,1,0,0.004662031,0.00034424398,0.002310477,0.9698075,0.0062255217,0.011422081,0.005228185
x1dqUZG1.png,sunda,5,sunda,sunda,1,1,0,0.0060396674,0.0007980463,0.017382534,0.006277257,0.0057237223,0.0005305761,0.9632483
3djH1cav.png,pegon,4,pegon,pegon,1,1,0,0.009221808,0.030827068,0.03388999,0.006898119,0.0071061184,0.9053087,0.006748189
Prpg6SHF.png,pegon,2,pegon,pegon,1,1,0,0.004796872,0.005839366,0.003939554,0.007916869,0.0042631924,0.9705894,0.0026548835
VjSj7azy.png,lontara,4,lontara,lontara,1,1,0,0.006559597,0.0069121206,0.020425266,0.007138924,0.9522411,0.000272898,0.006450034
rYJw0Q7o.png,lampung,5,lampung,lampung,1,1,0,0.007938298,0.00033098404,0.0003571808,0.9596113,0.007122056,0.01754937,0.0070907967
DB2MdSy4.png,lampung,2,lampung,lampung,1,1,0,0.0054038553,0.0025693008,0.015833298,0.96811813,0.004625664,0.00033086367,0.0031188575
CljvbC1u.png,jawa,3,jawa,jawa,1,1,0,0.007449024,0.93615615,0.012754496,0.010340822,0.009579465,0.016425146,0.007295002
JQRvYyh3.png,bali,2,bali,bali,1,1,0,0.9562636,0.0099113295,0.00851079,0.008464253,0.0066632996,0.0003509393,0.009835813
ADMvshXk.png,pegon,3,pegon,pegon,1,1,0,0.022693258,0.024870457,0.045967676,0.020727575,0.015720299,0.8564048,0.013615876
QS8wDcom.png,jawi,4,jawi,jawi,1,1,0,0.008178101,0.1871487,0.75850403,0.00384061,0.0035297957,0.03236415,0.006434507
bes2eX5Z.png,jawa,5,jawa,jawa,1,1,0,0.009315953,0.954434,0.010759261,0.006801742,0.0051760715,0.0083059985,0.005207065
fPdfHQBL.png,jawa,3,jawa,jawa,1,1,0,0.0033105873,0.9668018,0.007989235,0.0054510986,0.0062564863,0.0066752564,0.003515567
zoncUr23.png,bali,1,bali,bali,1,1,0,0.96584255,0.009879865,0.009501372,0.0041294983,0.00662161,0.00019394797,0.0038310734
LuOtAefB.png,sunda,3,sunda,sunda,1,1,0,0.009325718,0.00031778173,0.020745315,0.00960807,0.008564429,0.0006001063,0.95083857
Wy5AUVBj.png,lontara,5,lontara,lontara,1,1,0,0.0045574913,0.0036051266,0.012598499,0.006339243,0.9661469,0.00028521605,0.006467431
YvfGyT60.png,lampung,5,lampung,lampung,1,1,0,0.0066868514,0.004946044,0.002975855,0.9618979,0.0057167965,0.010981317,0.0067951633
uJnE05N6.png,pegon,5,pegon,jawi,1,0,1,0.013520087,0.028931413,0.8139037,0.0056517734,0.023148857,0.09428521,0.020559032
k05hCP0Y.png,sunda,4,sunda,sunda,1,1,0,0.004394114,0.012015311,0.0018334085,0.0050975583,0.0052338634,0.00039308076,0.9710326
BgKT7Vpv.png,jawi,4,jawi,jawi,1,1,0,0.0072322763,0.008424283,0.95581436,0.008261233,0.0086197015,0.005892595,0.005755495
zpWCPise.png,jawi,2,jawi,jawi,1,1,0,0.029607533,0.023269217,0.85461146,0.025750194,0.015318545,0.017841129,0.033601843
Sl5AzO37.png,jawi,3,jawi,jawi,1,1,0,0.012995435,0.015514751,0.9203915,0.012228671,0.009608266,0.020136489,0.0091248015
EdXYvBaw.png,sunda,3,sunda,sunda,1,1,0,0.004198935,4.3990676e-05,0.013111478,0.00489069,0.0045793573,7.424832e-05,0.9731013
epouWi6u.png,lontara,5,lontara,lontara,1,1,0,0.0028385397,0.00015394982,0.0052420017,0.008085013,0.98183006,7.354204e-05,0.0017769212
1Fo1hcmE.png,jawi,5,jawi,jawi,1,1,0,0.010101565,0.026120337,0.9145007,0.010020679,0.0090861125,0.021506995,0.008663544
2Uwz8K8y.png,bali,3,bali,bali,1,1,0,0.97419226,0.0030652708,0.009318609,0.005327461,0.00351866,0.00035123245,0.0042264387
sNZ1z3zl.png,lontara,1,lontara,lontara,1,1,0,0.0074009607,0.025513818,0.0015932608,0.012585281,0.9436603,0.0011944631,0.008051857
38CgWZV2.png,jawa,1,jawa,jawa,1,1,0,0.007149931,0.92728746,0.020626973,0.0074735093,0.006091928,0.022478,0.008892138
mGfhjFt9.png,sunda,2,sunda,sunda,1,1,0,0.0044174204,0.00013722219,0.011972304,0.0038791029,0.004629222,0.0014635063,0.97350127
btYCjMRA.png,jawa,2,jawa,jawa,1,1,0,0.009658412,0.9331254,0.012626593,0.009812652,0.012876285,0.008763284,0.013137431
Gz4I4XjD.png,pegon,1,pegon,pegon,1,1,0,0.0035740547,0.022383917,0.0185932,0.004276115,0.0032803705,0.94438154,0.0035108142
FLHb8XJB.png,bali,5,bali,bali,1,1,0,0.9833544,0.0006760225,0.010443919,0.0011517247,0.0030952522,0.00014326739,0.0011354426
RJwKp6HZ.png,sunda,3,sunda,sunda,1,1,0,0.0055296943,0.00011471891,0.043307394,0.0055891434,0.007467484,0.00022770063,0.93776387
9rnjtGux.png,lontara,5,lontara,lontara,1,1,0,0.005891598,0.0069921706,0.014687233,0.00830953,0.95558876,0.00043281907,0.008097996
7xPdHFbr.png,jawi,3,jawi,jawi,1,1,0,0.012803354,0.0038750314,0.9463388,0.011245193,0.014815392,0.003990237,0.006932017
SJEewbEx.png,pegon,4,pegon,pegon,1,1,0,0.005333068,0.006390254,0.008383441,0.008216491,0.005943184,0.9595773,0.006156345
HulT4cSc.png,lontara,3,lontara,lontara,1,1,0,0.004942782,0.014331582,0.003027624,0.0032048537,0.9682141,0.0019367296,0.004342389
1l0vFlxi.png,sunda,5,sunda,sunda,1,1,0,0.0056455988,0.0039156494,0.012911216,0.007133554,0.006642324,0.00048474604,0.9632669
mMEs4Pfd.png,lampung,1,lampung,lampung,1,1,0,0.006751925,0.0019306486,0.017658813,0.95725965,0.0068995263,0.0018630435,0.00763638
FBfNUjwK.png,bali,3,bali,bali,1,1,0,0.95416623,0.002730467,0.018604767,0.008387855,0.006419016,0.00041669107,0.009274911
aC5zUSwR.png,lampung,2,lampung,lampung,1,1,0,0.006273829,0.0034498302,0.008275713,0.9633864,0.0066988207,0.005451581,0.0064638895
zpogM76A.png,jawi,1,jawi,jawi,1,1,0,0.0017642115,0.022535916,0.944317,0.0028075173,0.004356948,0.020260334,0.003958015
XmssUrOJ.png,lampung,1,lampung,lampung,1,1,0,0.008215996,0.003909881,0.0097101815,0.9526884,0.007412683,0.0097959,0.008267034
CpF1ZOE0.png,jawa,4,jawa,jawa,1,1,0,0.005116228,0.94967705,0.008901325,0.005966959,0.007680844,0.011609515,0.011047992
pcYhZYvT.png,sunda,3,sunda,sunda,1,1,0,0.005974216,6.574014e-05,0.020574411,0.007095752,0.0056226873,9.216683e-05,0.960575
RWhAtFiJ.png,pegon,2,pegon,pegon,1,1,0,0.004244252,0.018789707,0.018516472,0.004606519,0.0060013277,0.9404844,0.007357305
YAkk8vKD.png,lampung,2,lampung,lampung,1,1,0,0.0038350197,0.0013660985,0.0053049927,0.9729067,0.004097789,0.007849847,0.004639586
Z9eJh1UX.png,lontara,4,lontara,lontara,1,1,0,0.0057360544,0.009801872,0.006127868,0.00483089,0.9677595,0.00064713525,0.0050966907
R2SuQszw.png,jawi,1,jawi,jawi,1,1,0,0.0041295597,0.022577442,0.93138975,0.0041100252,0.007386353,0.027286835,0.0031200193
RysCA3v7.png,lampung,1,lampung,lampung,1,1,0,0.0060168686,0.0007537806,0.00086252746,0.9621987,0.007968065,0.015408576,0.0067915535
AeKggR1s.png,bali,4,bali,bali,1,1,0,0.9649436,0.008678633,0.0036586511,0.008510259,0.008226805,0.0003816851,0.0056003793
ScXV5YHf.png,jawi,3,jawi,jawi,1,1,0,0.0114231,0.003572319,0.9433023,0.013054618,0.013443896,0.005702977,0.0095007345
3IaW9uiK.png,bali,2,bali,bali,1,1,0,0.9560755,0.0019248037,0.015340673,0.0077249403,0.0063913236,0.00016843404,0.012374453
XtFsaTdz.png,jawi,3,jawi,jawi,1,1,0,0.0075639132,0.0069118533,0.95522684,0.0071482887,0.008325281,0.006731989,0.008091831
pFod0o3g.png,pegon,2,pegon,pegon,1,1,0,0.0042031584,0.018557526,0.014737669,0.003665151,0.005847677,0.9490351,0.0039536115
7RQSIIgQ.png,sunda,2,sunda,sunda,1,1,0,0.0058810324,0.0012829106,0.014308798,0.005527965,0.005304698,0.00022791699,0.9674666
xJqB0dmD.png,jawi,3,jawi,jawi,1,1,0,0.006984577,0.0064056003,0.9581317,0.0042061214,0.0050121523,0.013600444,0.0056594093
lN1IKLWA.png,lampung,5,lampung,lampung,1,1,0,0.009229175,0.006021219,0.0058210245,0.9559947,0.005665804,0.009008078,0.008259952
p4HaeNMn.png,jawi,4,jawi,jawi,1,1,0,0.019714318,0.0170908,0.9478207,0.0024808894,0.0023437282,0.007408314,0.0031410803
1sl9l18q.png,jawi,5,jawi,jawi,1,1,0,0.005946338,0.022665985,0.92324674,0.0070195836,0.013500396,0.016992625,0.010628362
GcreyZHm.png,jawi,5,jawi,jawi,1,1,0,0.013225346,0.025532242,0.92770654,0.0061380696,0.0070978743,0.01338901,0.0069110272
9aczqg2U.png,pegon,1,pegon,pegon,1,1,0,0.0039444435,0.023458686,0.028630128,0.004755984,0.0057099247,0.9297617,0.0037390536
i6b1YQ4r.png,lampung,4,lampung,lampung,1,1,0,0.004924052,0.00066709716,0.015138645,0.9663774,0.005300742,0.0010608258,0.0065311957
5FTxbhnl.png,jawa,3,lampung,lampung,0,0,0,0.0,3.1155092e-20,7.9844856e-22,1.0,0.0,1.0945518e-21,0.0
7RtpHWlV.png,bali,2,bali,bali,1,1,0,0.9646723,0.0013115245,0.012534872,0.0073195305,0.006530677,6.375322e-05,0.0075673056
l1rEYcq8.png,jawi,2,jawi,jawi,1,1,0,0.0024281717,0.0075384295,0.9644677,0.0030154325,0.002347942,0.014802832,0.005399515
l2s10RX0.png,bali,4,bali,bali,1,1,0,0.9854996,0.004553985,0.00025641694,0.0027841835,0.0041143764,6.04304e-05,0.0027309994
ptw7Yu7X.png,sunda,5,sunda,sunda,1,1,0,0.009693152,0.00049262337,0.016321413,0.007328252,0.0076652267,0.00019094608,0.9583084
vJJY2G1Y.png,bali,2,bali,bali,1,1,0,0.96304464,0.0055544814,0.0075920764,0.007527382,0.007981681,0.00020590986,0.008093902
AfVBrFuS.png,pegon,4,pegon,pegon,1,1,0,0.0071370224,0.0060325046,0.0067297453,0.0068010264,0.008283431,0.9577101,0.0073062545
hF0BPMOq.png,jawi,5,jawi,jawi,1,1,0,0.0032249105,0.023142444,0.9417342,0.0050845766,0.0033184881,0.020846294,0.002649187
72Yjhcyc.png,sunda,5,sunda,sunda,1,1,0,0.0059083938,0.004721889,0.008521062,0.00613351,0.0064643356,0.00028930567,0.9679615
TWiNr50L.png,sunda,1,sunda,sunda,1,1,0,0.0032810671,0.0031423757,0.0033024403,0.0035037755,0.0040078093,0.0014163798,0.9813462
aOh7jxHY.png,pegon,3,pegon,pegon,1,1,0,0.005373852,0.033046927,0.007105145,0.011977165,0.0048201666,0.93423265,0.0034440751
Yh37feWW.png,lampung,5,lampung,lampung,1,1,0,0.009808331,0.008465124,0.005848608,0.9518314,0.008290745,0.006295355,0.009460414
qqEBaRIm.png,bali,4,bali,bali,1,1,0,0.9695873,0.014234484,0.00157077,0.0054970663,0.0044488907,0.00033248233,0.004328941
94x3hWHI.png,lontara,3,lontara,lontara,1,1,0,0.004581586,0.008452659,0.003774729,0.004596617,0.97415775,0.00012960637,0.004306964
A966j992.png,jawi,4,jawi,jawi,1,1,0,0.0033548076,0.017209062,0.9350064,0.0039355867,0.006311696,0.03055887,0.0036236348
5GhVgAak.png,jawa,2,jawa,jawa,1,1,0,0.009567046,0.9448304,0.013636148,0.0070727477,0.005046532,0.016480492,0.00336655
0m8t0L4t.png,lampung,1,lampung,lampung,1,1,0,0.0036151295,0.001375234,0.005412001,0.9712417,0.0045223953,0.008565353,0.005268148
OKUAqp6h.png,bali,5,bali,bali,1,1,0,0.95559484,0.01771116,0.00015794135,0.0075503523,0.006950489,0.00013132214,0.011903893
Jxkvi71P.png,sunda,1,sunda,sunda,1,1,0,0.003334338,0.0027905868,0.014284664,0.004702587,0.006639567,0.00025333566,0.967995
Whyt5aP5.png,pegon,2,pegon,pegon,1,1,0,0.005064797,0.025936928,0.010221725,0.0063424422,0.0044140927,0.9419507,0.0060693114
sk6qzcDo.png,jawa,5,jawa,jawa,1,1,0,0.0052721896,0.93995684,0.012620054,0.005256436,0.011412414,0.023211833,0.0022701684
ij195WeL.png,jawa,4,jawa,jawa,1,1,0,0.06266064,0.5468741,0.23768984,0.084475905,0.015543492,0.024694048,0.028061926
MuLHSUc0.png,bali,3,bali,bali,1,1,0,0.94937897,0.0030416576,0.020954099,0.009118915,0.0072917994,0.00082205585,0.009392413
y0ng3Odc.png,lampung,4,lampung,lampung,1,1,0,0.005646659,0.0020900273,0.0044557536,0.9716755,0.006769939,0.0054224418,0.0039396435
4nQu2nGP.png,lampung,1,lampung,lampung,1,1,0,0.0036580097,0.010416226,0.00036062504,0.97738236,0.00404154,0.000682011,0.0034592785
zijPMrku.png,bali,4,bali,bali,1,1,0,0.9869148,0.00017501351,0.007860069,0.0015248449,0.002296594,0.00013603472,0.0010926353
Ib8wHogP.png,lampung,3,lampung,lampung,1,1,0,0.010366359,0.0044072643,0.013752128,0.9472855,0.008676905,0.0041951863,0.011316657
IcAaqtw9.png,bali,4,bali,bali,1,1,0,0.97391224,0.011789653,0.001800074,0.0040171426,0.004009534,0.0005944715,0.003876958
ph4MtWkM.png,lampung,2,lampung,lampung,1,1,0,0.0044283094,0.0009796239,0.0017395598,0.9630612,0.005658171,0.01984997,0.0042831255
gKQbxd8G.png,jawi,5,jawi,jawi,1,1,0,0.0065675452,0.016856816,0.9440184,0.0055486877,0.0070642144,0.0136111295,0.006333148
tUInmlTG.png,jawi,2,jawi,jawi,1,1,0,0.0089345705,0.022226278,0.9160081,0.013402565,0.0074025914,0.021903068,0.010122722
25CIphH2.png,sunda,4,sunda,sunda,1,1,0,0.005239594,0.0034557288,0.011899348,0.0056560556,0.0058488166,0.0006130329,0.9672875
hSx9m7SH.png,jawi,1,jawi,jawi,1,1,0,0.012826979,0.024438638,0.9179492,0.0037721083,0.007269518,0.026244452,0.00749904
vzw3lVZp.png,pegon,4,pegon,pegon,1,1,0,0.008909686,0.009083642,0.011505249,0.00806599,0.009015354,0.9448314,0.00858863
x6xV4PfV.png,jawa,4,jawa,jawa,1,1,0,0.004159152,0.9494899,0.014501967,0.0040682512,0.0053838063,0.015603987,0.0067929975
OyD9xAac.png,sunda,1,sunda,sunda,1,1,0,0.0042150132,0.00052377296,0.010759231,0.004728077,0.0043065846,0.00018840567,0.9752789
CAuoBmoO.png,jawa,3,jawa,jawa,1,1,0,0.0041244593,0.9427011,0.011682878,0.010846432,0.0049596583,0.021551147,0.0041342154
3iNOdscO.png,pegon,4,pegon,pegon,1,1,0,0.0036963345,0.0048839236,0.014187414,0.0057968204,0.005647983,0.96213245,0.0036551093
bPk5Zpz2.png,jawa,5,jawa,jawa,1,1,0,0.006460897,0.93552357,0.013903242,0.010039931,0.012532339,0.013687691,0.007852274
SOJJClTE.png,jawi,4,jawi,jawi,1,1,0,0.005077139,0.03249343,0.93578863,0.003079151,0.005469256,0.0150519395,0.0030405044
IULBi4IA.png,pegon,5,pegon,pegon,1,1,0,0.0064862706,0.017215839,0.011279402,0.0042872797,0.0061668917,0.94917715,0.005387119
p2GA3b1V.png,lampung,5,lampung,lampung,1,1,0,0.01115045,0.0024532604,0.03139769,0.93510616,0.010730399,0.00086920196,0.008292908
UfM3Zs6C.png,jawa,1,jawa,jawa,1,1,0,0.0075188535,0.9466081,0.013768956,0.0060918746,0.0061281123,0.011106968,0.00877714
M67w0XRo.png,lampung,5,lampung,lampung,1,1,0,0.008933827,0.0010136497,0.003419101,0.95209086,0.0077954666,0.019295009,0.007452049
x2hMHc7Q.png,sunda,1,sunda,sunda,1,1,0,0.0034818118,0.00011533924,0.0122575,0.0030170826,0.0045443573,0.00017450268,0.9764093
npr9gVDN.png,pegon,2,pegon,pegon,1,1,0,0.007442668,0.012699776,0.008900572,0.0032457681,0.00956725,0.95145327,0.0066905906
jBZsnwCX.png,sunda,5,sunda,sunda,1,1,0,0.009276345,0.0009813023,0.021166384,0.008239167,0.008871621,0.00032233755,0.95114285
pGgXKvds.png,jawa,5,jawa,jawa,1,1,0,0.004664616,0.94839865,0.010998333,0.007324267,0.006258287,0.01598686,0.0063690166
aDnHuOoQ.png,lampung,3,lampung,lampung,1,1,0,0.0047343625,0.013700044,0.00012205249,0.9698808,0.005349401,0.00092233834,0.005290957
BbGNS8eS.png,bali,3,bali,bali,1,1,0,0.9474173,0.005454841,0.018730367,0.00875567,0.007065339,0.0009462907,0.011630095
zgatQJ4l.png,lontara,4,lontara,lontara,1,1,0,0.0041312235,0.014546867,0.0008222825,0.0038659116,0.97242785,0.00018600171,0.0040198965
KJhioPLX.png,jawa,1,jawa,jawa,1,1,0,0.0091614835,0.9341877,0.0128275035,0.007848733,0.0073732766,0.016136497,0.01246465
WvI94pUL.png,sunda,2,sunda,sunda,1,1,0,0.0023403745,0.00010712711,0.011153671,0.001696709,0.0019267347,4.8902886e-05,0.9827266
ku1tBiCe.png,lampung,5,lampung,lampung,1,1,0,0.00830374,0.0038126593,0.0072621433,0.9543498,0.008276776,0.009372135,0.008622692
bboHMM0A.png,jawa,2,jawa,jawa,1,1,0,0.005831698,0.9296445,0.012384465,0.009168159,0.011773026,0.014047149,0.017150974
gfZvoMRQ.png,jawa,1,jawa,jawa,1,1,0,0.0045236195,0.9549364,0.012733826,0.0061129257,0.004874496,0.011215636,0.005603078
GKpgefAG.png,pegon,1,pegon,pegon,1,1,0,0.005032123,0.011812997,0.017924929,0.006110944,0.005601842,0.94763166,0.0058855102
8oon1AOL.png,sunda,1,sunda,sunda,1,1,0,0.0071818307,0.0004959148,0.015563647,0.0060330904,0.009868969,0.0013168089,0.9595397
yu5sWTqw.png,pegon,5,pegon,pegon,1,1,0,0.008330584,0.016111618,0.015923912,0.007841159,0.007604399,0.93731284,0.0068755336
wp5IebUs.png,pegon,5,pegon,pegon,1,1,0,0.006401676,0.015919702,0.019619854,0.009523776,0.006269073,0.9370652,0.0052007525
1c6UAk1c.png,lampung,4,lampung,lampung,1,1,0,0.00486323,0.013679644,0.0010528027,0.9703812,0.004498426,0.0028160708,0.00270863
xToYNeIh.png,lontara,2,lontara,lontara,1,1,0,0.0058548506,0.020742038,0.000624523,0.009334278,0.9558698,0.00011609061,0.0074584796
ZmOhoW6e.png,jawa,3,jawa,jawa,1,1,0,0.005139796,0.9090353,0.036295034,0.0063504027,0.009069748,0.02862774,0.005481957
iMo0Inv4.png,jawi,5,jawi,jawi,1,1,0,0.005006546,0.029143497,0.9191081,0.008975537,0.008412937,0.020545103,0.008808207
sjqecFtC.png,jawa,5,jawa,jawa,1,1,0,0.009468398,0.94763154,0.006652424,0.010489881,0.008768979,0.008770103,0.008218567
aMvUIy3k.png,bali,4,bali,bali,1,1,0,0.96532613,0.015026947,0.001117632,0.006460695,0.0050530895,0.00044153468,0.0065738647
gXVr1Ut2.png,sunda,5,sunda,sunda,1,1,0,0.007455838,0.0013342544,0.020497568,0.0064632185,0.007574593,0.0005860318,0.95608854
GPaYfSjo.png,lontara,5,lontara,lontara,1,1,0,0.0064675584,0.018666185,0.0032736303,0.007780116,0.955507,0.00055115053,0.007754345
2hPccPXH.png,pegon,1,pegon,pegon,1,1,0,0.006070933,0.026227755,0.017729266,0.004738518,0.010505199,0.9309021,0.0038261572
sRAD4uU4.png,jawa,4,pegon,jawa,0,1,1,0.0,0.96300006,0.019258339,0.0,0.0,0.017741611,0.0
ytCIwvqi.png,pegon,2,pegon,pegon,1,1,0,0.0059288945,0.017682033,0.023677882,0.004214472,0.0049758814,0.93936616,0.0041547776
ds0Rv5xS.png,jawa,2,jawa,jawa,1,1,0,0.004077599,0.9460747,0.018517716,0.005096734,0.0048300303,0.0141150765,0.0072879894
Ebcwkptt.png,lampung,3,lampung,lampung,1,1,0,0.0042969505,0.0028256539,0.020216787,0.95798093,0.0074619045,0.0049628112,0.0022549443
HqbMRYKB.png,bali,4,bali,bali,1,1,0,0.97189,0.010136727,0.0030802265,0.0055097765,0.004476703,0.00035682335,0.0045497967
sKxuojm1.png,pegon,2,pegon,pegon,1,1,0,0.0042508096,0.018856129,0.015106999,0.0025614586,0.0029290784,0.9512114,0.0050839987
MyTRcJHD.png,jawi,1,jawi,jawi,1,1,0,0.008029771,0.020002829,0.92415667,0.007398246,0.019397825,0.013534592,0.007480099
cL4qmKGv.png,jawi,1,jawi,jawi,1,1,0,0.0043812073,0.02049648,0.93137264,0.0050269435,0.006576497,0.025834182,0.0063121426
dMIVzKI1.png,jawa,2,jawa,jawa,1,1,0,0.007263382,0.94166416,0.013018855,0.010087391,0.006805619,0.014298414,0.0068622287
y5Cbtm2F.png,sunda,2,sunda,sunda,1,1,0,0.0062935646,0.0030935744,0.013310533,0.0064037265,0.0063331244,0.00025825005,0.9643071
cpy0mqRH.png,jawa,2,jawa,jawa,1,1,0,0.012549202,0.9271989,0.010431848,0.009659876,0.012992884,0.008914122,0.018253218
5qLDYIHu.png,pegon,5,pegon,pegon,1,1,0,0.007362616,0.018442968,0.017123718,0.006242362,0.00583283,0.9385825,0.0064130877
bt2pgdc4.png,jawi,4,jawi,jawi,1,1,0,0.008475244,0.00889884,0.9531279,0.009979443,0.007927547,0.004545083,0.007045958
8zTiajrD.png,bali,5,bali,bali,1,1,0,0.43339956,0.0037654,0.22228917,0.021778367,0.032141402,0.006851632,0.2797744
OcXPaFQX.png,jawa,5,jawa,jawa,1,1,0,0.0048544398,0.93808997,0.011936346,0.0075028334,0.008883665,0.020745356,0.007987334
oexmhpcS.png,pegon,4,pegon,pegon,1,1,0,0.0057558543,0.0053465236,0.019652499,0.008101896,0.006805819,0.94598615,0.0083512105
uWYxvBxT.png,sunda,4,sunda,sunda,1,1,0,0.006739624,0.0014170434,0.018273598,0.006736614,0.0074528446,0.0003456543,0.95903456
nvF8ihif.png,pegon,4,pegon,pegon,1,1,0,0.003716309,0.021877205,0.02680451,0.0044175633,0.0043436806,0.9338832,0.0049576266
5Fob69NG.png,sunda,2,sunda,sunda,1,1,0,0.00546904,0.00085947226,0.013656126,0.0063499296,0.0039676563,0.0017463844,0.9679515
4xzqprgr.png,lontara,5,lontara,lontara,1,1,0,0.0045897337,0.012012614,0.004230229,0.006861829,0.96421677,0.0009822111,0.0071066613
colIrVVm.png,bali,5,bali,bali,1,1,0,0.9597078,0.0076952646,0.012799349,0.006166101,0.007512336,0.00016918244,0.00594996
c9VKGxzS.png,bali,5,bali,bali,1,1,0,0.95519006,0.0054884846,0.017803768,0.0058592777,0.008423515,0.0001822053,0.0070527005
E70NXbS8.png,pegon,4,pegon,pegon,1,1,0,0.009576697,0.009303352,0.011102079,0.007160487,0.011078339,0.9388282,0.012950952
0dNfMpe1.png,jawi,3,jawi,jawi,1,1,0,0.010822074,0.008286154,0.9401422,0.011481408,0.007719309,0.013515588,0.0080332635
xYIIG4tQ.png,lampung,3,lampung,lampung,1,1,0,0.0071525755,0.01991568,0.002971062,0.9536159,0.007239563,0.0003098774,0.008795344
ZJ0kth28.png,lontara,2,lontara,lontara,1,1,0,0.005587257,0.01853668,0.00238329,0.0059277965,0.9610374,0.00053360465,0.00599404
yRUSIFjf.png,lampung,4,lampung,lampung,1,1,0,0.0044918032,0.009952735,0.0014429579,0.96593565,0.006721465,0.0071678115,0.004287517
j8dx6Zln.png,pegon,5,pegon,pegon,1,1,0,0.0059046685,0.021414189,0.020674426,0.0084530795,0.0065307696,0.9294207,0.0076020896
vnAAIaMY.png,lontara,5,lontara,lontara,1,1,0,0.0051939865,0.006951289,0.009326617,0.0060343617,0.96674913,0.00054553145,0.005199044
fSBAT1m3.png,jawa,4,jawa,jawa,1,1,0,0.00724256,0.94682854,0.009910033,0.007048007,0.0070607057,0.01528912,0.0066210595
2VHtGRxd.png,pegon,4,pegon,pegon,1,1,0,0.008492595,0.0358065,0.035736635,0.0073774317,0.006732514,0.899431,0.0064233793
a7yUAJ7K.png,bali,2,bali,bali,1,1,0,0.9712077,0.013671553,0.00024869735,0.003927695,0.0034502016,6.318831e-05,0.007431013
4kSSKwSN.png,jawa,1,jawa,jawa,1,1,0,0.0077768276,0.94586265,0.013140909,0.007709732,0.00880817,0.010456403,0.0062453086
SUO3xFYL.png,jawi,2,jawi,jawi,1,1,0,0.00415926,0.015042132,0.95735604,0.0030139105,0.0030006347,0.013952515,0.003475558
e7fBnNyr.png,pegon,1,pegon,pegon,1,1,0,0.004384212,0.0139331855,0.019822398,0.0066507165,0.002694193,0.9495166,0.0029986408
pPtF9QzV.png,jawi,5,jawi,jawi,1,1,0,0.004346778,0.0065220003,0.96323574,0.006742342,0.005821563,0.0058577126,0.0074739256
n1sF4wDz.png,sunda,5,sunda,sunda,1,1,0,0.006598708,0.001478645,0.021152768,0.0065016146,0.0059769033,0.00036395344,0.95792747
M2q64lbf.png,jawa,3,jawa,jawa,1,1,0,0.011710053,0.9262192,0.016668702,0.011216687,0.011714716,0.014201912,0.008268731
x2pi1ou6.png,pegon,5,pegon,pegon,1,1,0,0.008627958,0.01918914,0.022173012,0.009497953,0.006347373,0.9236821,0.01048251
pSMo6WPe.png,jawi,2,jawi,jawi,1,1,0,0.010986857,0.015262825,0.9224034,0.007107377,0.006929396,0.028528638,0.008781522
l8Foig7d.png,lampung,4,lampung,lampung,1,1,0,0.004280361,0.0016375335,0.007743874,0.9725084,0.0045009647,0.0043790583,0.004949838
g6DmnHBa.png,jawa,3,jawa,jawa,1,1,0,0.0054299193,0.94661975,0.0089073945,0.008731665,0.005053602,0.019897474,0.0053601577
Jac8kKHI.png,lampung,2,lampung,lampung,1,1,0,0.006154542,0.00535413,0.0076844315,0.9631259,0.0059504313,0.0065342435,0.005196316
ApGZUhvx.png,bali,2,bali,bali,1,1,0,0.97371835,0.0017805547,0.008540299,0.006168332,0.0029801931,8.504464e-05,0.0067272796
n6DIOWKo.png,bali,2,bali,bali,1,1,0,0.976391,0.0013347595,0.010508954,0.004311508,0.0039190464,0.00033159964,0.0032031243
ZWrtcfSX.png,pegon,1,pegon,pegon,1,1,0,0.0008367541,0.013075739,0.0103135,0.0024318977,0.0036693548,0.96537465,0.0042980723
Xg2eO0k1.png,lampung,4,lampung,lampung,1,1,0,0.005343503,0.003819664,0.0008987072,0.9645685,0.005789702,0.014168405,0.0054116156
A5hU2GMk.png,pegon,4,pegon,pegon,1,1,0,0.00678194,0.0103828525,0.004294534,0.007794424,0.004516572,0.9586693,0.007560431
ATlAKpHJ.png,lampung,1,lampung,lampung,1,1,0,0.004607564,0.0011265189,0.017029595,0.96505904,0.006085788,0.0010603357,0.0050310898
uvQsZue4.png,jawa,2,jawa,jawa,1,1,0,0.005892616,0.9502846,0.01840138,0.003877715,0.006887547,0.010849352,0.0038066353
uvtlN1E1.png,bali,4,bali,bali,1,1,0,0.96976566,0.016536977,0.0005018178,0.0047062878,0.0048498665,0.00019709124,0.0034422793
nBQqkb60.png,bali,4,bali,bali,1,1,0,0.8879631,0.057995576,0.0011780757,0.014073265,0.01809967,0.002947256,0.01774307
ibMNVmSQ.png,jawi,3,jawi,jawi,1,1,0,0.01312113,0.007314084,0.94310427,0.015206934,0.009689003,0.0053146435,0.006249984
5kP9dIAZ.png,lampung,3,lampung,lampung,1,1,0,0.0048515094,0.010160613,0.002341963,0.9700248,0.0059340885,0.0010060369,0.0056809406
PivFJPak.png,pegon,4,pegon,pegon,1,1,0,0.009885204,0.053610053,0.046691075,0.0073863617,0.008110905,0.86606777,0.008248616
PFzxaW30.png,lampung,5,lampung,lampung,1,1,0,0.0075309635,0.00011347365,0.0020326418,0.9513033,0.009359186,0.018032484,0.011627977
fIBhv3nu.png,pegon,2,pegon,pegon,1,1,0,0.0067601,0.017350728,0.0136587,0.0038979417,0.005458965,0.9473176,0.0055559967
h9dwI4gF.png,sunda,2,sunda,sunda,1,1,0,0.0040514213,0.00036147237,0.010203822,0.004673181,0.0037712923,6.969925e-05,0.97686905
zPERuXlU.png,lontara,5,lontara,lontara,1,1,0,0.0071380315,0.01700391,0.0009485819,0.008305115,0.9592726,0.00012706697,0.007204727
rH2Ta1l1.png,pegon,1,pegon,pegon,1,1,0,0.003534608,0.014702094,0.017838325,0.002379631,0.0037301546,0.9541696,0.0036455342
PRB6Tmya.png,sunda,5,sunda,sunda,1,1,0,0.007501261,0.0033168825,0.019969206,0.0074081295,0.007941464,0.00077884033,0.95308423
5R2Txw3W.png,pegon,1,pegon,pegon,1,1,0,0.0024994917,0.0087498715,0.011093327,0.0030172993,0.0019405403,0.9716542,0.0010452409
bfdOXhPS.png,pegon,5,pegon,pegon,1,1,0,0.02045073,0.009343372,0.008277769,0.018481022,0.02140676,0.9023295,0.019710874
ZzKtrE21.png,lontara,3,lontara,lontara,1,1,0,0.005204609,0.0052121147,0.008522288,0.004244236,0.9722935,0.00022733319,0.0042958963
tZ8LPVl7.png,pegon,5,pegon,pegon,1,1,0,0.0077759,0.023891153,0.025308123,0.009242387,0.007106188,0.917769,0.008907332
D7umVvzR.png,bali,3,bali,bali,1,1,0,0.95087504,0.008016616,0.015172062,0.008093073,0.0075730192,0.0005882847,0.00968191
Nkt5Obtl.png,jawa,5,jawa,jawa,1,1,0,0.0072444184,0.9466885,0.009154983,0.007484628,0.00958747,0.011173188,0.008666842
CqTBo31E.png,pegon,1,pegon,pegon,1,1,0,0.0052211615,0.025961116,0.012002506,0.0053309556,0.0035763623,0.9451337,0.002774235
GcptziN8.png,sunda,2,sunda,sunda,1,1,0,0.0048662433,0.00021388827,0.014476725,0.0043145926,0.0048700967,0.0011613616,0.97009706
hsiSqbDw.png,lampung,1,lampung,lampung,1,1,0,0.00232899,0.00025430424,0.00011240686,0.97781986,0.0024284236,0.0124947345,0.004561289
xICf64rF.png,pegon,4,pegon,pegon,1,1,0,0.011346467,0.006012189,0.004381463,0.011262093,0.009126141,0.94983566,0.008036018
ELmNvfYZ.png,jawi,3,jawi,jawi,1,1,0,0.0031004194,0.0058551845,0.97607404,0.0030173662,0.00358709,0.006798769,0.0015670283
0S4eyP6k.png,sunda,2,sunda,sunda,1,1,0,0.0053226138,0.004856988,0.008023474,0.0049946303,0.004590894,5.7999787e-05,0.9721533
Ia18hF5j.png,bali,3,bali,bali,1,1,0,0.9546213,0.005062505,0.015282094,0.007590072,0.005558534,0.0006571765,0.011228328
kcAoxqsi.png,lampung,4,lampung,lampung,1,1,0,0.0059803994,0.0057404437,0.010111755,0.9649474,0.0071942266,0.0013160518,0.0047097593
zPa40sOZ.png,jawa,3,jawa,jawa,1,1,0,0.000896365,0.9110843,0.02638098,0.0018655135,0.0017749845,0.056589693,0.0014082527
yLzCJpjp.png,lampung,3,lampung,lampung,1,1,0,0.008333605,0.016718328,0.00092313584,0.95536464,0.007300754,0.0046584066,0.0067010405
VMhdfNzz.png,sunda,4,sunda,sunda,1,1,0,0.006859104,0.0029564516,0.013831637,0.0064876624,0.007146389,0.00043389373,0.9622849
DVugFizb.png,jawi,1,jawi,jawi,1,1,0,0.0038596871,0.030927539,0.9162772,0.0022218856,0.006837711,0.034083556,0.0057924823
BZ0Y81JW.png,sunda,3,sunda,sunda,1,1,0,0.005009274,0.0013658071,0.021064423,0.008831937,0.006412815,0.00023127838,0.9570845
rcrwfHkk.png,jawa,5,jawa,jawa,1,1,0,0.0055015082,0.94918495,0.010002842,0.0069472035,0.006315311,0.014203029,0.007845117
DlIIISAR.png,jawi,3,jawi,jawi,1,1,0,0.0019170755,0.0065581417,0.94152814,0.001918382,0.0014297167,0.044424597,0.0022239557
ccgEAW9z.png,lontara,4,lontara,lontara,1,1,0,0.0061749155,0.017124055,0.0016540122,0.008039323,0.96055275,0.00028809163,0.0061669527
IZEsqdCg.png,lontara,2,lontara,lontara,1,1,0,0.00930361,0.024241313,0.0019468403,0.009201842,0.9470068,0.00016206557,0.0081373975
LzvDXemu.png,jawa,4,jawa,jawa,1,1,0,0.0047527603,0.9569102,0.004680463,0.0055878316,0.005258245,0.019258412,0.003552099
TSdoCoZj.png,jawi,3,jawi,jawi,1,1,0,0.0025508828,0.018666252,0.9630223,0.0053370623,0.0035300965,0.004485886,0.0024075117
Y4ZGNvzd.png,jawa,2,jawa,jawa,1,1,0,0.005630374,0.9437237,0.013514182,0.008396796,0.005839044,0.01691751,0.0059784222
0pPSuyux.png,jawi,3,jawi,jawi,1,1,0,0.0055859224,0.013948381,0.9514809,0.0075996257,0.005889445,0.009642908,0.005852729
iPcR88Bu.png,lampung,4,lampung,lampung,1,1,0,0.0062042195,0.0030420444,0.012942648,0.965045,0.0065286686,0.0010541296,0.005183399
paGLwwWa.png,pegon,4,pegon,pegon,1,1,0,0.0059928135,0.0066566453,0.008108244,0.0056120427,0.008347216,0.9594103,0.005872767
Dypm9PJB.png,sunda,5,sunda,sunda,1,1,0,0.007484042,0.00033962104,0.019056706,0.005867607,0.0074474886,0.00027530224,0.95952916
tSXywCNi.png,jawi,1,jawi,jawi,1,1,0,0.008779228,0.01824143,0.9429449,0.003097864,0.004069567,0.019229196,0.0036377802
hq5oPrmk.png,lontara,2,lontara,lontara,1,1,0,0.007845589,0.013982143,0.008722075,0.010623142,0.9499195,0.0016945706,0.007212993
0ApdsSMW.png,lontara,2,lontara,lontara,1,1,0,0.005799253,0.010671753,0.0038312322,0.010027213,0.9641578,5.6329318e-05,0.0054563954
m9Tt3l86.png,bali,5,bali,bali,1,1,0,0.95439225,0.0010084931,0.021795413,0.006759771,0.008489067,0.00019607892,0.007358956
Dr4rOkbf.png,sunda,3,sunda,sunda,1,1,0,0.0037473943,0.0006774978,0.0137414485,0.0053004767,0.0036261238,0.00031568177,0.97259134
Z8YPxggW.png,bali,5,bali,bali,1,1,0,0.9563382,0.0047890726,0.017406857,0.005954904,0.008447602,0.00023762033,0.0068256487
k4aSaiW1.png,sunda,4,sunda,sunda,1,1,0,0.005005713,0.011113494,0.007842261,0.0070069777,0.0061380486,0.0004546947,0.9624388
qhE4w58k.png,lampung,1,lampung,lampung,1,1,0,0.004347309,0.008809911,0.0033965232,0.9712271,0.003462888,0.0045106607,0.0042456905
NIghSYFP.png,jawi,3,jawi,jawi,1,1,0,0.008206822,0.0066971364,0.95400065,0.008053839,0.010582682,0.006842576,0.005616186
X83737YX.png,bali,5,bali,bali,1,1,0,0.9627559,0.012743321,0.006296092,0.004342342,0.0069815,0.00013680861,0.0067439573
PO6LvZQp.png,sunda,4,sunda,sunda,1,1,0,0.018607562,0.0009332438,0.23745394,0.01237432,0.009124988,0.0012351404,0.7202709
9Ur7xb8e.png,lontara,1,lontara,lontara,1,1,0,0.00817532,0.023304798,0.0011676662,0.009456015,0.9499637,0.00043739146,0.0074950485
2TQSRKo9.png,sunda,2,sunda,sunda,1,1,0,0.0049224896,0.0016072857,0.011061847,0.0060559837,0.004945832,6.6162684e-05,0.97134036
mbX4NWWu.png,jawi,4,jawi,jawi,1,1,0,0.003683831,0.0065187453,0.969359,0.008217961,0.005221526,0.0027174172,0.0042814873
ZX84e05Z.png,pegon,3,pegon,jawi,1,0,1,0.00038613015,0.020247627,0.64293617,0.0003864868,0.00076077966,0.33501992,0.0002629435
flpOGZgZ.png,lampung,1,lampung,lampung,1,1,0,0.0043977043,0.00096917094,0.00030660554,0.9639553,0.0100123035,0.012550002,0.00780889
Dsl7p1lL.png,pegon,4,pegon,pegon,1,1,0,0.003761259,0.004726273,0.009056905,0.0076581757,0.0059851552,0.9643905,0.0044218116
U1s9G7Di.png,jawa,4,jawa,jawa,1,1,0,0.0111657195,0.92453533,0.01105114,0.006822562,0.015302742,0.0181138,0.01300865
4nsHCHSl.png,sunda,3,sunda,sunda,1,1,0,0.0053179204,0.004412947,0.012700885,0.005455598,0.005951183,0.00010423965,0.9660572
zmNJwFQF.png,jawi,5,jawi,jawi,1,1,0,0.0030048867,0.021965701,0.93491805,0.006891987,0.0060653677,0.02244273,0.0047112647
UWX4sYUh.png,lontara,2,lontara,lontara,1,1,0,0.0031947477,0.0007008129,0.012766562,0.005555975,0.9733396,8.3700164e-05,0.0043585645
q8KlJi1r.png,lampung,2,lampung,lampung,1,1,0,0.0051418585,0.0069530294,0.0041619926,0.96040404,0.009740329,0.007963907,0.0056348913
iCmbW1sw.png,jawi,2,jawi,jawi,1,1,0,0.013949282,0.016876685,0.9098118,0.015272477,0.010032152,0.016926201,0.017131401
4xNkMaCQ.png,pegon,4,pegon,pegon,1,1,0,0.007823416,0.0073414785,0.004540656,0.007946918,0.008117986,0.9549933,0.009236282
lEQ3UriU.png,sunda,1,sunda,sunda,1,1,0,0.0029368051,0.0003325993,0.014937438,0.0042519555,0.0045918273,0.0003424876,0.9726069
2GTHveOK.png,jawi,3,jawi,jawi,1,1,0,0.0118464725,0.004004611,0.94419926,0.0115038175,0.012530137,0.0036462406,0.012269434
MCLCT03C.png,bali,2,bali,bali,1,1,0,0.95530796,0.0038173387,0.01473373,0.008741874,0.0067056646,0.00023652615,0.010456922
V3lw2d1t.png,pegon,3,pegon,pegon,1,1,0,0.00726702,0.015995065,0.0077953725,0.0042933337,0.0032952556,0.9581973,0.003156704
rIgDo87I.png,bali,5,bali,bali,1,1,0,0.95144653,0.0008175563,0.0251494,0.0068432805,0.009150255,0.0001455101,0.0064474675
Wk83Jnyf.png,sunda,2,sunda,sunda,1,1,0,0.0046662325,0.009769408,0.002637115,0.0037143386,0.004636828,0.00021104053,0.97436494
W8NBCUdg.png,lampung,3,lampung,lampung,1,1,0,0.007026441,0.001959823,0.0070662154,0.9534777,0.007434031,0.012955574,0.010080277
7DQyWYpl.png,lontara,3,lontara,lontara,1,1,0,0.0049996134,0.014863087,0.0011670126,0.0062066005,0.9684843,0.00017337626,0.004105943
RFPBFqa2.png,lampung,1,lampung,lampung,1,1,0,0.0042210636,0.015300822,0.0027932979,0.9646994,0.005639825,0.0019557576,0.0053898743
z3euudDo.png,pegon,5,pegon,pegon,1,1,0,0.008591915,0.00881086,0.010260779,0.010075273,0.010029826,0.9427835,0.009447816
9SdBqEUb.png,jawa,4,jawa,jawa,1,1,0,0.005045051,0.9663296,0.0047822506,0.0038267823,0.0045187357,0.010755939,0.004741761
I23QhO2e.png,lampung,1,lampung,lampung,1,1,0,0.008810166,0.0008906016,0.025749102,0.9482319,0.0077411695,0.0017099871,0.006867098
McCfOUNp.png,jawi,2,jawi,jawi,1,1,0,0.010453249,0.023437826,0.92260647,0.009575024,0.006919891,0.013160273,0.013847322
wbwQ6MTj.png,jawi,4,jawi,jawi,1,1,0,0.004170981,0.004324236,0.9671869,0.0040231613,0.0030934762,0.007723856,0.009477319
pR0Zg6U7.png,sunda,4,sunda,sunda,1,1,0,0.0032136317,0.0008134551,0.009963281,0.004653027,0.0044279634,0.00017790882,0.97675073
A1xEUOb2.png,sunda,5,sunda,sunda,1,1,0,0.005693597,0.00055286544,0.012831339,0.0058656093,0.0047324244,0.00022163948,0.9701026
a9jsE8UY.png,pegon,2,pegon,pegon,1,1,0,0.009415603,0.019211555,0.016209379,0.00691341,0.005952703,0.93657583,0.0057215365
nlH7JszY.png,jawa,5,jawa,jawa,1,1,0,0.004133656,0.9436518,0.01232792,0.006230448,0.008488298,0.020265844,0.004902104
ydc5sUGE.png,lampung,2,lampung,lampung,1,1,0,0.005457524,0.012510755,0.0023024222,0.9639661,0.010482209,0.00015534868,0.005125667
mdX822jc.png,jawi,1,jawi,jawi,1,1,0,0.0024797977,0.022428315,0.93340564,0.0048146932,0.00893737,0.024274483,0.003659716
1RdSjBkc.png,jawa,3,jawa,jawa,1,1,0,0.0026518668,0.9737056,0.012031814,0.0027304147,0.0021398177,0.004734789,0.0020057769
uCZxKgj0.png,jawa,4,pegon,jawa,0,1,1,0.0,0.9487298,0.028204996,4.6368806e-13,2.638568e-22,0.023065252,6.4272874e-14
EkhCJ86Y.png,sunda,5,sunda,sunda,1,1,0,0.0051704054,0.005390484,0.006579815,0.005108638,0.0067506447,0.0061192266,0.96488076
5H1E66iM.png,bali,5,bali,bali,1,1,0,0.9616457,0.01684851,0.00043859656,0.0070538404,0.0056288475,0.000132206,0.008252211
S00gQLIh.png,bali,3,bali,bali,1,1,0,0.9348487,0.024892699,0.00055643404,0.011649297,0.01503072,0.0001166349,0.0129054515
uJbEMswM.png,lontara,2,lontara,lontara,1,1,0,0.0022619069,0.002758579,0.0039092614,0.0027158654,0.98663944,4.9936498e-05,0.0016649985
p5aGyCTw.png,jawa,1,jawa,jawa,1,1,0,0.0035215104,0.9595296,0.012486478,0.007407851,0.0064702365,0.008976123,0.0016081925
SFTZbwBD.png,lontara,2,lontara,lontara,1,1,0,0.0041781585,0.015174181,0.0007794595,0.0039674756,0.97066206,0.00074485573,0.0044939127
jqkobH59.png,bali,3,bali,bali,1,1,0,0.9567787,0.0144889485,0.003358835,0.009802987,0.0044271215,0.00048477287,0.010658674
sTSoLsbN.png,sunda,5,sunda,sunda,1,1,0,0.0068262476,0.008231286,0.005632468,0.006318903,0.0051329858,0.000594528,0.96726346
bopiDX32.png,lampung,5,lampung,lampung,1,1,0,0.006165855,0.006139316,0.0058542443,0.96458155,0.006249401,0.0037869425,0.0072227214
17QqJVl4.png,lampung,2,lampung,lampung,1,1,0,0.005657942,0.011427231,0.0061886557,0.962107,0.00889885,0.0006997938,0.0050204857
v7LSyNtO.png,sunda,2,sunda,sunda,1,1,0,0.005440273,0.00018525991,0.010517778,0.005163389,0.0040850127,0.00013970502,0.97446865
4s89bWS7.png,jawa,3,jawa,pegon,1,0,1,0.014750813,0.18253109,0.097392246,0.015257041,0.01194424,0.65459716,0.023527365
lNPnnzqm.png,pegon,1,pegon,pegon,1,1,0,0.0041947905,0.013502502,0.0169194,0.0073380684,0.0039772675,0.9503033,0.0037647537
jUQOcpkK.png,jawa,4,jawa,jawa,1,1,0,0.0048321504,0.95779413,0.0032135213,0.012989127,0.01066775,0.0052878624,0.0052154465
7xQzu2j4.png,sunda,1,sunda,sunda,1,1,0,0.0045850016,0.0001260006,0.012877537,0.002686977,0.0063102753,0.000105586325,0.9733085
Is6GuW1e.png,jawa,3,jawa,jawa,1,1,0,0.010082073,0.9256327,0.014946855,0.010422687,0.00963169,0.022835791,0.006448217
xXS2XH4i.png,pegon,2,pegon,pegon,1,1,0,0.0036153975,0.030897638,0.023643814,0.003260544,0.0023886042,0.93162435,0.0045696846
0S3gToBk.png,lontara,2,lontara,lontara,1,1,0,0.009652581,0.02474151,0.0034445822,0.0098490175,0.9418698,0.00016000771,0.01028248
KIZGqQjz.png,jawa,5,jawa,jawa,1,1,0,0.008660329,0.9451349,0.013041344,0.0057756314,0.007316702,0.014792215,0.005278881
GODf94LL.png,lampung,3,lampung,lampung,1,1,0,0.0055090794,0.010941456,0.0023593337,0.9648536,0.0062632198,0.002781332,0.00729193
tU5mDdLY.png,jawi,4,jawi,jawi,1,1,0,0.0034615651,0.036170367,0.93466985,0.0029033427,0.0030390061,0.015832555,0.0039234157
JJGTm10Z.png,bali,2,bali,bali,1,1,0,0.9676829,0.0117206015,0.0012422227,0.0055726008,0.004321852,0.0001281855,0.00933168
DehKXjv5.png,jawi,5,jawi,jawi,1,1,0,0.004478918,0.015740762,0.95221674,0.0045744865,0.005597446,0.011085831,0.006305874
tma1E03Y.png,jawa,3,jawa,jawa,1,1,0,0.008538026,0.93361825,0.017677112,0.008808746,0.0100764,0.014273484,0.007008122
PkOqGdW1.png,lampung,1,lampung,lampung,1,1,0,0.0066449544,0.0043525943,0.011509631,0.96041805,0.006342671,0.004846787,0.00588531
GyCiv0pf.png,jawi,3,jawi,jawi,1,1,0,0.008568358,0.0050928025,0.9379049,0.010667089,0.007919487,0.0046779844,0.025169391
ZhfqRkk5.png,jawa,4,jawa,jawa,1,1,0,0.0060314196,0.950655,0.0066606277,0.0066154716,0.007351677,0.015365907,0.0073198704
nOauZuLe.png,bali,5,bali,bali,1,1,0,0.93855023,0.013202465,0.018142816,0.007359995,0.011459092,0.00026726924,0.011018178
bN2BJT3o.png,lampung,2,lampung,lampung,1,1,0,0.0066132667,0.0133306505,0.00044721778,0.96998006,0.0065840925,7.2032555e-05,0.0029726755
rLCO2UUv.png,sunda,1,sunda,sunda,1,1,0,0.004485927,0.002789366,0.0121965865,0.0050935214,0.0052230777,0.00022492059,0.9699866
vVYH6fgH.png,pegon,4,pegon,pegon,1,1,0,0.009902681,0.0032347613,0.008447885,0.017225154,0.0154155195,0.93263847,0.013135609
F9r0oNA8.png,lontara,3,lontara,lontara,1,1,0,0.0042120614,0.013741974,0.0008415466,0.0058082836,0.9711927,0.00019852312,0.0040049227
vvhqSb3g.png,jawa,3,lampung,lampung,0,0,0,0.0,6.502198e-19,5.843888e-21,1.0,0.0,9.9213925e-21,0.0
YtvX1nfe.png,sunda,1,sunda,sunda,1,1,0,0.0045947125,0.00012975147,0.015809324,0.004822513,0.005162445,0.00014348156,0.9693377
i66QDvMv.png,bali,4,bali,bali,1,1,0,0.9642646,0.015627282,0.0024916837,0.006084539,0.005672466,0.00039198622,0.0054674516
eM7c6GtM.png,jawi,2,jawi,jawi,1,1,0,0.008417588,0.0157228,0.9318232,0.009914187,0.0057875533,0.016064249,0.012270486
TDteLaT9.png,lampung,1,lampung,lampung,1,1,0,0.0071786046,0.012507861,0.0011554863,0.9614541,0.0067652967,0.0046075676,0.006331183
DGrKKKu1.png,lampung,3,lampung,lampung,1,1,0,0.0065328376,0.014615849,0.0030338755,0.9594951,0.005384911,0.0011811417,0.0097563015
WayzUyFj.png,sunda,2,sunda,sunda,1,1,0,0.009132006,0.006297927,0.020387117,0.0075867292,0.010803214,0.0012255376,0.94456744
RXauvx92.png,bali,5,bali,bali,1,1,0,0.96729964,0.0011581619,0.014739566,0.0048306785,0.006226711,9.5509735e-05,0.0056498623
BALJdZgw.png,sunda,2,sunda,sunda,1,1,0,0.006783728,0.0024505719,0.010989405,0.0056835036,0.007319233,0.00047674973,0.9662969
O75nnVBd.png,pegon,2,pegon,pegon,1,1,0,0.006773717,0.019232055,0.013321656,0.0028689518,0.0031072965,0.9514105,0.003285924
ItjwaAmt.png,sunda,2,sunda,sunda,1,1,0,0.0058592716,0.002595516,0.012295153,0.004313452,0.0058079613,0.00021656656,0.96891207
bExhPDJN.png,lampung,1,lampung,lampung,1,1,0,0.006459787,0.0015188655,0.0029084545,0.9569389,0.0068117417,0.01810143,0.007260732
g55Aoanh.png,lampung,1,lampung,lampung,1,1,0,0.00568932,0.0148378,0.0028498764,0.95729667,0.00892445,0.0020110216,0.008390875
J7zqsaF2.png,lampung,4,lampung,lampung,1,1,0,0.0048706005,0.0032554495,0.006025817,0.97579706,0.0037489724,0.0027696174,0.0035325454
ZQ10R4X7.png,sunda,4,sunda,sunda,1,1,0,0.0070091565,0.0038881598,0.015932105,0.007348301,0.008136745,0.00021537501,0.95747006
0rWg9UMU.png,pegon,1,pegon,pegon,1,1,0,0.0040144026,0.016568458,0.012715889,0.006188933,0.004476408,0.9498735,0.006162412
2uEW8ErF.png,sunda,5,sunda,sunda,1,1,0,0.024805559,0.030094467,0.40216827,0.008038249,0.029793024,0.0117478175,0.49335262
dC0GTu83.png,pegon,4,pegon,pegon,1,1,0,0.010875241,0.0045578643,0.006929581,0.008902355,0.011228621,0.9483699,0.009136402
XJqivw43.png,jawa,5,jawa,jawa,1,1,0,0.0046744407,0.9518925,0.012302707,0.0054262974,0.004437765,0.017674519,0.0035917815
9Q3zMmm2.png,pegon,2,pegon,pegon,1,1,0,0.012090391,0.023298858,0.022670412,0.017994594,0.010213946,0.911778,0.0019538996
NDA1xh06.png,lampung,3,lampung,lampung,1,1,0,0.0071066176,0.012730911,0.006118806,0.95875055,0.007906189,0.0003882129,0.006998806
GToDW9I6.png,jawi,4,jawi,jawi,1,1,0,0.004789771,0.011200318,0.95549667,0.0060869735,0.008686499,0.009034933,0.004704846
gyJqieUo.png,lampung,3,lampung,lampung,1,1,0,0.008177528,0.0018853778,0.017766101,0.94968075,0.0108177,0.0029201298,0.008752399
KuebJatg.png,bali,4,bali,bali,1,1,0,0.970713,0.009346475,0.0064836047,0.0037651875,0.004418138,0.00038634063,0.0048872
20hRD1Xv.png,jawi,3,jawi,jawi,1,1,0,0.003346449,0.033431448,0.9336362,0.0025223766,0.0019074328,0.0202871,0.0048690173
Sb4HWpn3.png,lontara,3,lontara,lontara,1,1,0,0.0039896546,0.007183198,0.0027788512,0.004015803,0.9773368,0.00020100466,0.004494637
o0ZwMu7j.png,sunda,2,sunda,sunda,1,1,0,0.008163796,0.00790392,0.010885453,0.0076386686,0.0071625155,0.0012237016,0.957022
y3xd5WWK.png,jawi,1,jawi,jawi,1,1,0,0.0019713123,0.02434476,0.946218,0.0021445234,0.0024754673,0.019966874,0.0028791663
XcIHwaT1.png,sunda,4,sunda,sunda,1,1,0,0.0125189135,0.0029294856,0.011742968,0.011978343,0.01682204,0.020990398,0.9230178
mk4hXieL.png,bali,4,bali,bali,1,1,0,0.96191293,0.022782607,0.0020479057,0.003973186,0.0036278227,0.0012027266,0.004452918
W8uk8UMu.png,jawi,5,jawi,jawi,1,1,0,0.010285485,0.012307629,0.92839885,0.011464261,0.010923872,0.014615669,0.01200433
84Iqq2ld.png,lontara,1,lontara,lontara,1,1,0,0.0049809427,0.014588866,0.0051726927,0.0051293406,0.9621945,0.00054933975,0.007384299
8r7QEfed.png,lontara,1,lontara,lontara,1,1,0,0.005780435,0.0013505968,0.017163463,0.0055060303,0.96479934,0.00020217465,0.0051979506
OyHDygma.png,pegon,3,pegon,pegon,1,1,0,0.009188368,0.021512203,0.020467041,0.008261357,0.0069135185,0.92731404,0.006343439
Adq28TYF.png,lampung,2,lampung,lampung,1,1,0,0.0037206481,0.0010945626,0.0019536521,0.97199947,0.001966444,0.015681226,0.003583968
SBNMsD4P.png,lampung,3,lampung,lampung,1,1,0,0.005050701,0.010901854,0.00056549633,0.9762998,0.0026261883,0.00053123466,0.0040246877
DLb6RNGo.png,bali,1,bali,bali,1,1,0,0.97254306,0.0077857724,0.008332548,0.0032724466,0.004832289,0.00019943784,0.0030343793
B0ML6i63.png,jawi,3,jawi,jawi,1,1,0,0.001630377,0.0058138375,0.97392523,0.002352731,0.0021317224,0.012046287,0.002099851
EM1c15Bv.png,pegon,1,pegon,pegon,1,1,0,0.0022261124,0.010787667,0.012773195,0.0020613943,0.004528468,0.9635178,0.00410534
CXKWVvFV.png,sunda,2,sunda,sunda,1,1,0,0.006697491,0.0017194988,0.0138811795,0.006503926,0.0047664656,9.518928e-05,0.9663362
7lcf252t.png,pegon,3,pegon,pegon,1,1,0,0.0045334822,0.023288358,0.035545204,0.008229969,0.005277898,0.915828,0.0072970283
sFb6GsbY.png,jawa,2,jawa,jawa,1,1,0,0.012286536,0.9319147,0.02050841,0.007823865,0.007849036,0.012671935,0.0069456347
lDno9Wlx.png,pegon,2,pegon,pegon,1,1,0,0.0060569663,0.02627281,0.028021935,0.0064833476,0.004336524,0.9180441,0.010784255
Imn7kJmL.png,bali,4,bali,bali,1,1,0,0.97599274,0.010477422,0.002171263,0.004990272,0.0028948486,0.00044055385,0.0030329104
mduWqzzz.png,pegon,1,pegon,pegon,1,1,0,0.006356701,0.011647393,0.014256755,0.004530938,0.00829087,0.9472091,0.007708135
xthiI2CI.png,lontara,5,lontara,lontara,1,1,0,0.0067047025,0.012748009,0.004422297,0.008178924,0.96021026,0.0010775306,0.0066581913
COzWzODR.png,jawa,1,jawa,jawa,1,1,0,0.010960553,0.7103094,0.044748243,0.0057290625,0.010256511,0.21255879,0.0054373457
iynQhyGG.png,jawi,1,jawi,jawi,1,1,0,0.0038858657,0.025749214,0.9237876,0.0029908237,0.007552495,0.030192206,0.0058418848
389yJzRv.png,pegon,2,pegon,pegon,1,1,0,0.005934911,0.019571789,0.014845874,0.0049296734,0.0058244723,0.9430216,0.0058717616
NW10VoCB.png,jawa,1,jawa,jawa,1,1,0,0.0102895405,0.93142325,0.016374057,0.012349151,0.012762632,0.0068658344,0.009935624
V3TflOZW.png,jawi,1,jawi,jawi,1,1,0,0.0022244365,0.023025773,0.9342454,0.0033724273,0.008934292,0.024654849,0.0035427285
0XCagPaE.png,jawi,5,jawi,jawi,1,1,0,0.0053047216,0.02112477,0.9312977,0.0041686227,0.013362703,0.016055191,0.008686209
pd0hSGlV.png,jawa,3,jawa,jawa,1,1,0,0.012200093,0.90607506,0.018031674,0.013774266,0.014591402,0.0276296,0.0076978854
3RYFvMxk.png,jawi,4,jawi,jawi,1,1,0,0.004708614,0.03977875,0.93045765,0.005642176,0.0038618199,0.011231073,0.0043199956
JPNSDZoX.png,sunda,2,sunda,sunda,1,1,0,0.0032532287,0.0008132237,0.008411121,0.0050639138,0.003059256,7.493393e-05,0.9793243
6rm885ag.png,jawa,3,jawa,jawa,1,1,0,0.010647714,0.9256829,0.01768159,0.011473454,0.009645565,0.018047944,0.006820862
HS2aQ0lU.png,jawa,5,jawa,jawa,1,1,0,0.004994181,0.93465203,0.015435325,0.011131745,0.008629703,0.017439347,0.0077175833
u8ERg1Aq.png,lampung,1,lampung,lampung,1,1,0,0.0038654376,0.012348507,0.00052126125,0.9730776,0.0043151337,0.00031370056,0.0055584502
81peBbEt.png,pegon,2,pegon,pegon,1,1,0,0.005641122,0.016336376,0.014600992,0.004236419,0.0046387804,0.95038843,0.004157793
b0xtRwtB.png,jawi,3,jawi,jawi,1,1,0,0.0079179155,0.0031765676,0.9635698,0.0067558056,0.010632617,0.0020073527,0.005939887
VwTtEX0w.png,lampung,1,lampung,lampung,1,1,0,0.005224887,0.0066371555,0.004782607,0.9721325,0.004486193,0.002247179,0.0044894284
grjRZ1Z0.png,jawa,4,jawa,jawa,1,1,0,0.0033595122,0.87759715,0.009749224,0.0063409596,0.0032138187,0.086166374,0.013573041
XCJLzxWW.png,jawi,3,jawi,jawi,1,1,0,0.007966341,0.0032530064,0.9471029,0.013314287,0.01580194,0.0049312636,0.0076302653
cL8mHH6A.png,jawa,5,jawa,jawa,1,1,0,0.006497999,0.955762,0.010763717,0.0038379391,0.0051104897,0.012510539,0.005517342
e4dw94Kd.png,lontara,4,lontara,lontara,1,1,0,0.0051438943,0.009833355,0.0038077931,0.0057453997,0.96915776,0.00059691665,0.0057149366
bQ9SWQs2.png,jawi,2,jawi,jawi,1,1,0,0.0034339826,0.009684615,0.96215093,0.00278573,0.004847951,0.013044807,0.004052015
BFEQiHsn.png,sunda,2,sunda,sunda,1,1,0,0.0057422095,0.0069934903,0.009558969,0.0040872525,0.005073258,0.0001384986,0.96840626
6fFxulAC.png,jawi,1,jawi,jawi,1,1,0,0.0005334458,0.011201209,0.96212727,0.00045963173,0.0038093142,0.02034228,0.0015268154
JuEWGehj.png,pegon,5,pegon,pegon,1,1,0,0.007879393,0.02182204,0.01629614,0.00887514,0.008855003,0.92699105,0.009281149
PZ83s7ox.png,lampung,5,lampung,lampung,1,1,0,0.006296798,0.00050068775,0.000341773,0.9645363,0.0056486866,0.015805783,0.0068699317
5jyFZ7pN.png,jawa,1,jawa,jawa,1,1,0,0.007691859,0.9557597,0.007669959,0.0069041564,0.006940674,0.0063029774,0.008730594
xjJZPx5h.png,pegon,3,pegon,pegon,1,1,0,0.008222026,0.024881884,0.017643897,0.0085545285,0.00805707,0.9246121,0.008028495
Df09U554.png,jawa,1,jawa,jawa,1,1,0,0.00493088,0.96000886,0.007995322,0.0043617445,0.0048386403,0.010917641,0.006946881
8PZnj079.png,lontara,2,lontara,lontara,1,1,0,0.008865359,0.017338255,0.01386382,0.009121235,0.941043,0.00044783312,0.009320507
uAhwermm.png,bali,4,bali,bali,1,1,0,0.9739446,0.012705701,0.0011488145,0.004373473,0.004329922,0.00015994116,0.0033375323
kBsdC0HT.png,pegon,4,pegon,pegon,1,1,0,0.0100122355,0.036304213,0.01748713,0.006096405,0.0073903357,0.9155023,0.0072073475
es7Le3DE.png,jawa,2,jawa,jawa,1,1,0,0.0031697827,0.8873296,0.051146846,0.0044160355,0.00897297,0.03630398,0.008660859
P53cua4K.png,sunda,3,sunda,sunda,1,1,0,0.0044252924,0.00015075106,0.013703348,0.005821391,0.004911738,0.00052335433,0.97046417
Wj1itnd4.png,pegon,3,pegon,pegon,1,1,0,0.01230998,0.018395154,0.056688726,0.015914194,0.0090968665,0.875147,0.012448098
e9lqe71L.png,bali,4,bali,bali,1,1,0,0.96385676,0.015016516,0.00076910405,0.006250704,0.0076361946,0.0002387231,0.0062320298
kVpB2Xne.png,jawi,2,jawi,jawi,1,1,0,0.0050488245,0.016260207,0.9487327,0.0032960798,0.004741629,0.01766753,0.004252984
BPJZNUkB.png,pegon,3,pegon,pegon,1,1,0,0.0042305943,0.022415876,0.019267164,0.00836797,0.0045868894,0.9365391,0.0045924154
aOrYQfky.png,sunda,2,sunda,sunda,1,1,0,0.003636519,0.00028925246,0.012677362,0.0036941979,0.002812555,0.0001157328,0.9767744
CWt0ZiLs.png,jawi,3,jawi,jawi,1,1,0,0.013275484,0.0032878222,0.95723945,0.0069150985,0.008526642,0.006118513,0.004636967
vm58jOMz.png,pegon,5,pegon,pegon,1,1,0,0.0046370537,0.022179797,0.014876276,0.005249876,0.005231951,0.9421884,0.005636672
uzi58X3u.png,jawa,5,jawa,jawa,1,1,0,0.009073605,0.935539,0.0133317225,0.008337352,0.00804355,0.016656535,0.009018168
KBym4WmJ.png,lontara,4,lontara,lontara,1,1,0,0.00862602,0.023593199,0.00042459494,0.008872589,0.94575316,0.00062996655,0.012100473
IsKYcAfW.png,jawa,3,jawa,jawa,1,1,0,0.0020795607,0.95849305,0.014696773,0.0030593693,0.0043459623,0.013765952,0.0035593854
bX1CgGAP.png,jawa,1,jawa,jawa,1,1,0,0.009009233,0.93261975,0.01675114,0.007631324,0.00670319,0.016347129,0.010938193
gzyGOVh8.png,jawi,5,jawi,jawi,1,1,0,0.010009343,0.015333803,0.9440479,0.005126213,0.008717064,0.011506942,0.0052587297
DKc9wqHs.png,lampung,4,lampung,lampung,1,1,0,0.004453567,0.0029487435,0.0036168476,0.9713557,0.00615649,0.0068060025,0.0046627223
2eDIkByX.png,jawa,2,jawa,jawa,1,1,0,0.0062503894,0.94188976,0.015923724,0.007998488,0.007888437,0.011764374,0.008284857
72zV8ZdJ.png,lampung,2,lampung,lampung,1,1,0,0.009263434,0.0063800234,0.007824128,0.96430224,0.005921246,0.0032480732,0.003060898
rjiITWLj.png,pegon,2,pegon,pegon,1,1,0,0.007823281,0.02124659,0.01710549,0.006795448,0.0073663075,0.931196,0.008466804
jgKs4P74.png,lampung,4,lampung,lampung,1,1,0,0.007072959,0.0018934222,0.0153581705,0.96368676,0.0060704057,0.0011267562,0.0047914893
M4oFIeIr.png,bali,3,bali,bali,1,1,0,0.93831444,0.033461105,0.0007263709,0.015174584,0.0063236156,0.00050857646,0.0054912814
9ve90UkQ.png,jawi,2,jawi,jawi,1,1,0,0.0043321606,0.020059155,0.8964928,0.001876605,0.0032756613,0.07066588,0.0032977841
bUajFn9H.png,lontara,3,lontara,lontara,1,1,0,0.010073947,0.020548893,0.008103249,0.008028665,0.94702154,0.0006762074,0.0055474965
pqSczqTJ.png,sunda,1,sunda,sunda,1,1,0,0.0068813437,0.001560057,0.012608649,0.0070177857,0.0102483295,0.00017228836,0.9615115
Hw6soxok.png,jawa,2,jawa,jawa,1,1,0,0.0070203873,0.9295434,0.020356584,0.007920966,0.006415348,0.018643802,0.010099524
90lPg4YM.png,jawa,3,jawa,jawa,1,1,0,0.010639504,0.9373065,0.010361817,0.013175027,0.010694808,0.008699999,0.009122216
IEcahUzL.png,pegon,5,pegon,pegon,1,1,0,0.008331903,0.019854987,0.014093051,0.008768865,0.0067092786,0.9363327,0.0059092212
dmEVIQ3O.png,pegon,1,pegon,pegon,1,1,0,0.0037947297,0.021687493,0.021581857,0.005459158,0.005130408,0.93761295,0.0047333986
icT1SQIN.png,sunda,5,sunda,sunda,1,1,0,0.004613071,0.0009933506,0.007947984,0.0057052225,0.0063938405,0.0075029866,0.96684355
uLDAj2U3.png,pegon,5,pegon,pegon,1,1,0,0.009758395,0.017312357,0.01988752,0.009174743,0.0084115695,0.92875254,0.0067028566
F5RCI0R7.png,jawi,5,jawi,jawi,1,1,0,0.014870353,0.055265713,0.625114,0.050327934,0.0073286816,0.031183438,0.2159099
KKYsJw9x.png,pegon,2,pegon,pegon,1,1,0,0.005184591,0.01867835,0.015229945,0.0035885547,0.0037411272,0.9477805,0.005796952
dl1f52E6.png,sunda,4,sunda,sunda,1,1,0,0.005786799,0.005645184,0.0075042592,0.0039802445,0.004667836,0.0002720112,0.97214365
FgYxZOa3.png,lontara,5,lontara,lontara,1,1,0,0.007442699,0.012697919,0.0014907618,0.012230681,0.9594339,0.00030008817,0.0064038644
XA0atqNo.png,lampung,4,lampung,lampung,1,1,0,0.0068672528,0.00365075,0.011727363,0.96549714,0.0063711656,0.0014296543,0.0044567073
pVmZIaky.png,lampung,5,lampung,lampung,1,1,0,0.006559206,0.012530699,0.009821062,0.9580266,0.006736018,0.0004927968,0.0058336114
jjo1jAHw.png,lampung,5,lampung,lampung,1,1,0,0.011331237,0.001474774,0.0015744946,0.93398017,0.012395584,0.027826943,0.011416815
HFc4SvDg.png,lontara,1,lontara,lontara,1,1,0,0.0052297255,0.022107745,0.0016050022,0.0092899725,0.95492953,0.00032855323,0.006509439
zYS92vwD.png,sunda,3,sunda,sunda,1,1,0,0.0067804125,0.0024129797,0.022200188,0.007439291,0.008255036,0.00035396006,0.95255816
5iF43mor.png,sunda,2,sunda,sunda,1,1,0,0.004941779,0.002115056,0.00585699,0.00567516,0.004136265,0.00013207883,0.9771426
2YQgsrfv.png,pegon,5,pegon,pegon,1,1,0,0.007263544,0.013404123,0.017861933,0.008224943,0.008842195,0.9360381,0.008365285
pArvxMzZ.png,lampung,5,lampung,lampung,1,1,0,0.0083378,0.009966589,0.0019255186,0.95652866,0.0075051086,0.008172314,0.007563953
t8kiahEd.png,jawa,4,jawa,jawa,1,1,0,0.022461135,0.90703166,0.02423066,0.007072615,0.020793019,0.009614788,0.008796183
ZLQ5QBJ9.png,sunda,1,sunda,sunda,1,1,0,0.009993938,0.00029021737,0.021239096,0.009054025,0.009719931,0.00056489836,0.9491379
WVReOf7f.png,bali,5,bali,bali,1,1,0,0.95655864,0.011175086,0.009614728,0.0064834543,0.008122572,0.00031856445,0.007727076
01pIIB2i.png,pegon,5,pegon,pegon,1,1,0,0.00872482,0.010810078,0.01105563,0.006050975,0.008977736,0.9413129,0.0130678
tlLY6Ggj.png,sunda,4,sunda,sunda,1,1,0,0.00777747,0.011395337,0.00869455,0.0056082974,0.0061941617,0.00051757926,0.95981264
Ca48TFM7.png,jawa,3,jawa,jawa,1,1,0,0.0031799725,0.9518979,0.010189405,0.004087613,0.0067809173,0.019354984,0.0045090984
bjHbyQrn.png,lontara,3,lontara,lontara,1,1,0,0.0050581996,0.014752506,0.00065454084,0.0069534527,0.9676654,0.00018752909,0.0047284085
dI0n4lYQ.png,jawa,2,jawa,jawa,1,1,0,0.009497855,0.9378925,0.009275945,0.010808272,0.009665751,0.01320955,0.009650152
JS2rkA46.png,lampung,2,lampung,lampung,1,1,0,0.003829759,0.010365177,0.0042357245,0.970511,0.006091348,0.0007822878,0.004184606
lyweVvK0.png,lontara,2,lontara,lontara,1,1,0,0.0062678745,0.0011132978,0.013319914,0.010702045,0.9613675,0.001141927,0.0060874606
CjHs9E39.png,lampung,2,lampung,lampung,1,1,0,0.007162173,0.009613948,0.0040539415,0.9609316,0.007548267,0.005626279,0.0050636884
8SkCMX3d.png,lampung,2,lampung,lampung,1,1,0,0.002719132,0.0007877193,0.00032724984,0.976408,0.0028745376,0.013901436,0.0029818998
zpaHQ2Ne.png,jawi,5,jawi,jawi,1,1,0,0.01227082,0.026021954,0.9195478,0.008865607,0.007884313,0.017893344,0.0075161573
wVzuPQ7F.png,sunda,5,sunda,sunda,1,1,0,0.0053605502,0.0028805602,0.015015874,0.0064040557,0.0062197223,0.00014129467,0.9639779
P9kK0HwP.png,sunda,2,sunda,sunda,1,1,0,0.0092644775,0.013438793,0.009538842,0.00761698,0.009691554,0.00062854076,0.9498209
OkjBW7dA.png,jawi,1,jawi,jawi,1,1,0,0.008377586,0.008464108,0.6561705,0.017543547,0.005062579,0.3018872,0.002494532
LXBWvjSa.png,sunda,3,sunda,sunda,1,1,0,0.0061650206,0.00036288178,0.014382458,0.0062265005,0.006011536,0.0016620477,0.9651895
AcUSR7EQ.png,bali,5,bali,bali,1,1,0,0.95618075,0.0030840843,0.01832894,0.0066629867,0.008280351,0.00018630204,0.007276522
yPagGO9e.png,bali,1,bali,bali,1,1,0,0.96677166,0.019583208,0.00093352783,0.005606018,0.003749533,6.832151e-05,0.0032878164
76s0kCGm.png,jawa,5,jawa,jawa,1,1,0,0.014969437,0.91874844,0.011430595,0.014059938,0.012924877,0.015669612,0.01219711
rv3ENLzD.png,sunda,5,sunda,sunda,1,1,0,0.007448222,0.000479062,0.017457651,0.007904798,0.007984122,0.00016109372,0.95856494
T2Au2QKx.png,pegon,4,pegon,pegon,1,1,0,0.0067054164,0.0044321683,0.0077786967,0.013008525,0.008157356,0.9514903,0.008427567
PxRwLyI5.png,lampung,2,lampung,lampung,1,1,0,0.0032388882,0.009476651,0.00020632196,0.98054767,0.0037412029,3.223306e-05,0.0027569502
RPInnf8h.png,jawi,4,jawi,jawi,1,1,0,0.009416746,0.0062815836,0.96280295,0.0057682632,0.0053759567,0.004732337,0.005622167
W4GY91uz.png,bali,2,bali,bali,1,1,0,0.9665707,0.010876197,0.0024126298,0.0074661127,0.004562629,0.00013825472,0.007973409
hPFhFSzp.png,jawi,1,jawi,jawi,1,1,0,0.010289452,0.021535976,0.92562294,0.005773162,0.012381917,0.018082058,0.0063144397
luLUPmP3.png,pegon,5,pegon,pegon,1,1,0,0.0037403204,0.034731388,0.017956926,0.0063635344,0.0041576503,0.93005294,0.0029972517
1xeLgA9z.png,lontara,1,lontara,lontara,1,1,0,0.016086273,0.006358533,0.010513566,0.012145418,0.9383489,0.003071597,0.013475778
eOzMKBjv.png,bali,3,bali,bali,1,1,0,0.9712077,0.001948827,0.01001729,0.0047929934,0.003461498,0.00024906948,0.0083226375
bPGE2YMF.png,jawi,5,jawi,jawi,1,1,0,0.01109157,0.029493375,0.90992737,0.0078068543,0.017685896,0.01244567,0.011549298
OKBrFb5M.png,jawi,2,jawi,jawi,1,1,0,0.038939815,0.020823665,0.8317983,0.025317542,0.023074858,0.023446994,0.03659887
FUHlZ1io.png,pegon,5,pegon,pegon,1,1,0,0.009202655,0.014401986,0.017423082,0.008616377,0.008677863,0.92741877,0.014259307
yzmS4caJ.png,lampung,5,lampung,lampung,1,1,0,0.008883978,0.00071269454,0.02105293,0.9494974,0.010223686,0.0015773261,0.008051995
CKfMUSX7.png,pegon,5,pegon,pegon,1,1,0,0.005551046,0.02320583,0.020399235,0.00758593,0.005971655,0.932401,0.004885445
ygMdE1TE.png,jawi,2,jawi,jawi,1,1,0,0.010548922,0.0068157557,0.9521191,0.007133651,0.0056855716,0.011095523,0.0066014538
NedGhGYE.png,lampung,4,lampung,lampung,1,1,0,0.003916542,0.0030013341,0.0076866616,0.97618324,0.0040677073,0.0016302043,0.0035142642
gJ5lAJKL.png,lampung,2,lampung,lampung,1,1,0,0.003428587,0.0044060014,0.00030470255,0.9759208,0.004555056,0.008308216,0.0030767454
Y92rSZeI.png,jawi,4,pegon,jawi,0,1,1,0.0090945475,0.0041633663,0.9421824,0.008521811,0.015158071,0.0109476065,0.009932222
4S84Crtb.png,lampung,4,lampung,lampung,1,1,0,0.0075205215,0.0048556146,0.016530933,0.9480357,0.0067002834,0.01118539,0.00517153
qCoa3uzM.png,lontara,4,lontara,lontara,1,1,0,0.0071492833,0.016625917,0.00060915784,0.006506722,0.96320444,0.00021677812,0.005687642
cmqLtXTY.png,pegon,2,pegon,pegon,1,1,0,0.006411854,0.017009139,0.06042053,0.0020820254,0.0029109234,0.90715504,0.004010349
BRn8najA.png,lampung,4,lampung,lampung,1,1,0,0.00724168,0.0028998563,0.008825969,0.96923524,0.004819258,0.0021926707,0.0047853217
HXSB6mc8.png,jawi,4,jawi,jawi,1,1,0,0.005662238,0.012519996,0.9481147,0.004488932,0.005420638,0.01791656,0.0058769835
t1cjdbyf.png,lontara,4,lontara,lontara,1,1,0,0.007697151,0.015166508,0.008777702,0.010364096,0.946023,0.0019576137,0.010013944
q22a7lYd.png,jawi,1,jawi,jawi,1,1,0,0.0039729425,0.017676622,0.9390786,0.008012392,0.0074228863,0.018148905,0.0056875213
zGTH4Kfx.png,lampung,4,lampung,lampung,1,1,0,0.00760896,0.0005987859,0.01800175,0.96249646,0.004463079,0.00028702014,0.006543917
WIQxsVUW.png,jawa,4,jawa,jawa,1,1,0,0.004584477,0.95456946,0.007697902,0.0047207796,0.0048803086,0.019888997,0.0036581184
2ZBjOq1d.png,pegon,4,pegon,pegon,1,1,0,0.0016075476,0.016891873,0.027606288,0.0016549734,0.002662699,0.9469059,0.0026706962
9c5ageWO.png,lampung,2,lampung,lampung,1,1,0,0.0039982176,0.011347545,0.0005204665,0.97736824,0.0039478284,0.00029081703,0.002526785
rrJbsaXJ.png,sunda,3,sunda,sunda,1,1,0,0.00489549,5.5609235e-05,0.01494451,0.005453482,0.0040914593,8.396992e-05,0.97047544
MypcSoUx.png,pegon,1,pegon,pegon,1,1,0,0.0026254382,0.02177081,0.012152833,0.004352453,0.003592656,0.9513804,0.004125418
i1avTO39.png,pegon,4,pegon,pegon,1,1,0,0.004312256,0.0036113644,0.009551917,0.0061950036,0.009062137,0.9610919,0.006175449
DyApKdo9.png,sunda,2,sunda,sunda,1,1,0,0.010650113,0.001225241,0.01513566,0.0065067327,0.0062625348,7.461255e-05,0.96014506
blroylyC.png,pegon,5,pegon,pegon,1,1,0,0.0057524084,0.013744034,0.027668977,0.0067186086,0.0068655075,0.9329748,0.0062756566
KW8grxF9.png,lampung,4,lampung,lampung,1,1,0,0.0053412598,0.0062560663,0.004515988,0.9758493,0.0042524026,0.0005544447,0.0032305347
IaEqbKjN.png,jawa,5,jawa,jawa,1,1,0,0.008578141,0.93860763,0.011132037,0.011625489,0.0102144275,0.012725608,0.007116689
Os54mX6S.png,sunda,4,sunda,sunda,1,1,0,0.0067101847,0.0020338418,0.018334119,0.006937975,0.0079022255,0.00017764734,0.95790404
zJ0lXTOi.png,jawi,2,jawi,jawi,1,1,0,0.006588084,0.012229286,0.90464664,0.008728206,0.025171248,0.021150956,0.021485534
FNhwLWqC.png,jawi,5,jawi,jawi,1,1,0,0.0050349142,0.016786568,0.93825006,0.0068339487,0.0073191263,0.016753811,0.009021526
Ab22crV3.png,jawa,1,jawa,jawa,1,1,0,0.005364884,0.9437801,0.01693505,0.0061454317,0.008967584,0.009508985,0.00929795
NHHL4lFQ.png,pegon,4,pegon,pegon,1,1,0,0.007072622,0.045439433,0.24065699,0.01670744,0.021446858,0.6625313,0.006145437
46ZG2NjH.png,jawi,5,jawi,jawi,1,1,0,0.0031490985,0.021429995,0.9498419,0.0049812417,0.006300333,0.008833587,0.00546375
4yPsF9g5.png,lampung,1,lampung,lampung,1,1,0,0.005775787,0.00077354576,0.0011818224,0.96827716,0.0067532393,0.008036952,0.009201504
x18QkvSX.png,bali,1,bali,bali,1,1,0,0.9804725,0.0054289773,0.005344809,0.0030883139,0.0032593084,0.00012533015,0.0022807822
itUUFN3Q.png,jawi,4,jawi,jawi,1,1,0,0.004387833,0.01785926,0.94508237,0.0046014125,0.004795045,0.018158225,0.005115863
eb7k895p.png,jawi,5,jawi,jawi,1,1,0,0.0028638286,0.021072771,0.9464037,0.00515125,0.0035590807,0.016331552,0.004617907
nZKJkIQj.png,jawa,2,pegon,jawa,0,1,1,7.239812e-11,0.971979,0.014932693,4.8508687e-17,5.7528016e-23,0.013088279,4.3591477e-19
YlVYxHxS.png,bali,1,bali,bali,1,1,0,0.96608937,0.011931172,0.008045489,0.0045830505,0.0050670244,9.4632e-05,0.0041892747
b0tgXg74.png,jawa,3,jawa,jawa,1,1,0,0.005760962,0.9152009,0.031012118,0.0064766034,0.008089642,0.027853427,0.005606444
qdjYWKqS.png,pegon,1,pegon,pegon,1,1,0,0.005388336,0.019146133,0.017229654,0.004112184,0.0067561413,0.9416264,0.0057410654
0NFuwwa9.png,lontara,2,lontara,lontara,1,1,0,0.008097105,0.008770639,0.010410306,0.009063727,0.95699143,0.0009123113,0.0057544773
BniRWxRB.png,sunda,2,sunda,sunda,1,1,0,0.006766547,0.0018423763,0.0141557185,0.00624219,0.0072521693,0.0041044904,0.9596365
OwgnjOkG.png,sunda,1,sunda,sunda,1,1,0,0.0058264113,0.00021972171,0.01550934,0.0051887617,0.0093234815,0.00039805894,0.96353424
vKBNFzOh.png,lontara,4,lontara,lontara,1,1,0,0.006862049,0.017866442,0.0010887962,0.006065256,0.9614076,0.00066103355,0.0060488223
rcng3F5f.png,pegon,2,pegon,pegon,1,1,0,0.004950513,0.018509574,0.01696876,0.0050135804,0.0035626125,0.9475076,0.003487412
737IAoMQ.png,jawi,4,jawi,jawi,1,1,0,0.005916459,0.012954718,0.9489967,0.0059671234,0.0054128366,0.016617948,0.004134173
gB5HEKDT.png,sunda,1,sunda,sunda,1,1,0,0.003991779,0.00014441839,0.012551032,0.006011259,0.00490221,0.0002199968,0.97217923
D1SEuVlh.png,pegon,4,pegon,pegon,1,1,0,0.008174607,0.041669235,0.05504128,0.005353295,0.0065815016,0.8771151,0.0060650627
fpzWgjlW.png,jawa,5,jawa,pegon,1,0,1,0.012695289,0.450321,0.052794438,0.0077246,0.010182319,0.45741248,0.008869906
Q6FbgSFu.png,jawa,2,jawa,jawa,1,1,0,0.004677514,0.93556935,0.024235897,0.0054385616,0.005292981,0.019190906,0.0055947425
0Ukpy0Kf.png,lampung,2,lampung,lampung,1,1,0,0.0053025056,0.01139952,0.0014967525,0.9657281,0.010034922,0.0027425515,0.0032956898
oujj5yKe.png,pegon,1,pegon,pegon,1,1,0,0.006970025,0.012586984,0.007435724,0.009399049,0.030991083,0.92929006,0.00332714
Fm1h0g0O.png,lampung,4,lampung,lampung,1,1,0,0.006996883,0.0031962148,0.008096327,0.9646836,0.0061965077,0.005872821,0.0049576457
rjeI7UV7.png,sunda,3,sunda,sunda,1,1,0,0.0036567175,0.00010638746,0.012899442,0.006250503,0.002974057,0.000104024526,0.9740089
aL1AGw95.png,lampung,1,lampung,lampung,1,1,0,0.009881901,0.009547188,0.010749926,0.95449543,0.007995311,0.0012280964,0.0061022076
tkzuLmqj.png,jawi,5,jawi,jawi,1,1,0,0.0071833287,0.01757535,0.9309671,0.008198497,0.008734574,0.018855598,0.00848557
jkGkONEU.png,lampung,1,lampung,lampung,1,1,0,0.006870809,0.0058096526,0.0015281708,0.95983255,0.009143657,0.010643926,0.0061713094
7mlSBbjp.png,lontara,3,lontara,lontara,1,1,0,0.007034692,0.0006802956,0.011670419,0.0062546334,0.9677145,5.197434e-05,0.006593534
d7ZbaOFN.png,sunda,2,sunda,sunda,1,1,0,0.0040352517,0.0005199504,0.010326853,0.006067134,0.003308366,5.1607905e-05,0.9756908
fWapgWWa.png,jawa,4,jawa,jawa,1,1,0,0.0031084565,0.96250945,0.004211855,0.0050282087,0.006779936,0.013100742,0.0052614072
59izN5rT.png,lontara,2,lontara,lontara,1,1,0,0.005368598,0.01829985,0.0016131388,0.0052924245,0.962538,0.0005335175,0.006354498
hAM6bVeY.png,lontara,5,lontara,lontara,1,1,0,0.0062589794,0.01583089,0.0010289765,0.0048106294,0.9652115,0.00026118424,0.0065978984
hKZa2Gf6.png,lampung,4,lampung,lampung,1,1,0,0.006381244,0.0020037913,0.01873727,0.96096045,0.006052023,0.00016274363,0.005702547
A24iYh0N.png,jawi,5,jawi,jawi,1,1,0,0.008357873,0.013103436,0.94500935,0.0051868474,0.009948257,0.010768071,0.007626106
FhWAfPJx.png,jawi,1,jawi,jawi,1,1,0,0.00084839686,0.0075664376,0.97374,0.0010393768,0.0021825463,0.012008761,0.0026144863
7Ml5XS4z.png,lontara,1,lontara,lontara,1,1,0,0.009118138,0.029105004,0.0014455194,0.009799936,0.9419169,0.0004016023,0.008212967
fJGPBFfs.png,jawi,4,jawi,jawi,1,1,0,0.0047391555,0.009121894,0.9713106,0.003949266,0.0043333103,0.0024455534,0.0041003097
flPFfY7h.png,jawa,1,jawa,jawa,1,1,0,0.005665774,0.9649107,0.004775229,0.003394147,0.0032494327,0.013603359,0.0044013364
exNra58b.png,sunda,3,sunda,sunda,1,1,0,0.006280723,0.0016625342,0.016627824,0.0061298413,0.005585456,0.00012870262,0.9635849
jXdFCdlp.png,lampung,5,lampung,lampung,1,1,0,0.010007837,0.0039036323,0.015177554,0.9492079,0.01123057,0.00023870518,0.010233779
CyaZGGDg.png,jawa,1,jawa,jawa,1,1,0,0.006717478,0.944746,0.013515617,0.0054159807,0.0053049745,0.017422318,0.006877657
ynS8mZ98.png,lontara,1,lontara,lontara,1,1,0,0.008495694,0.025759714,0.005430431,0.009050076,0.9400276,0.00084190624,0.010394515
RssLf77r.png,bali,1,bali,bali,1,1,0,0.978157,0.0061324914,0.007003525,0.0036067942,0.0028416272,8.225573e-05,0.0021761938
JkawcB87.png,lampung,2,lampung,lampung,1,1,0,0.0035759641,0.00240775,0.00048970187,0.97083056,0.007382594,0.011646278,0.0036671269
c2pOOHQ3.png,lampung,3,lampung,lampung,1,1,0,0.003946056,0.000683427,0.003229748,0.967956,0.0045026676,0.01569204,0.0039900457
5tbApScb.png,pegon,3,pegon,pegon,1,1,0,0.006522884,0.0148093635,0.018593252,0.00580935,0.006021591,0.94254154,0.0057019573
W96OIvNn.png,jawa,2,jawa,jawa,1,1,0,0.0051053767,0.9239829,0.021393102,0.0071656355,0.0053417035,0.033101942,0.0039093597
mNXHJrev.png,lontara,4,lontara,lontara,1,1,0,0.0045746565,0.008775617,0.0040008854,0.0067339903,0.9689237,0.0011998913,0.0057912967
GujPdwfs.png,lampung,5,lampung,lampung,1,1,0,0.008543762,0.00067878433,0.0062009743,0.95344377,0.0066378377,0.014842714,0.009652214
iOqpQObF.png,lampung,4,lampung,lampung,1,1,0,0.007949597,0.004060384,0.01211911,0.96502954,0.0064036455,0.00031826692,0.004119509
ZEwdMU04.png,jawi,4,jawi,jawi,1,1,0,0.001542122,0.021612115,0.9574463,0.0013311557,0.0021992524,0.013471789,0.00239731
ZCxRZRiz.png,jawi,4,jawi,jawi,1,1,0,0.002823967,0.009773287,0.9503224,0.0031146118,0.0035642514,0.027064083,0.0033375465
rEFgR1nv.png,lampung,4,lampung,lampung,1,1,0,0.0039868853,0.0006237245,0.021869268,0.96438426,0.0046424023,0.00018482328,0.0043086438
82QdvDIf.png,bali,5,bali,bali,1,1,0,0.9685224,0.0021933625,0.014659579,0.00571356,0.004577963,8.548304e-05,0.0042475774
ZolPE3sp.png,bali,5,bali,bali,1,1,0,0.96431255,0.0031303535,0.014354955,0.005773751,0.006090587,0.000103971426,0.0062338407
An077pEe.png,jawi,2,jawi,jawi,1,1,0,0.007264933,0.008809351,0.88205916,0.009431255,0.034471318,0.025453389,0.032510627
i2MNozjh.png,jawa,1,jawa,jawa,1,1,0,0.012970923,0.9174441,0.012721218,0.015093091,0.020441363,0.00642794,0.014901403
ehQomwPW.png,pegon,3,pegon,pegon,1,1,0,0.008723307,0.018451449,0.016156627,0.007175528,0.009759254,0.93261683,0.007116918
mlld8SpK.png,lampung,3,lampung,lampung,1,1,0,0.0065259407,0.0008703911,0.018627964,0.9573718,0.006838289,0.0010386743,0.008727075
Rnck5swd.png,lontara,5,lontara,lontara,1,1,0,0.0052991225,0.003386571,0.015276073,0.0062362985,0.9611879,0.0017726561,0.006841436
j4kHn7Rn.png,jawa,2,pegon,jawa,0,1,1,1.3e-44,0.96586955,0.016457202,0.0,4.7801172e-29,0.017673248,7.687476e-38
OilgQM2G.png,pegon,1,pegon,pegon,1,1,0,0.0021991723,0.020576902,0.019750003,0.0053107133,0.0044678682,0.9432813,0.0044140285
eFUZ8YM2.png,jawa,1,jawa,jawa,1,1,0,0.17189221,0.60892135,0.0069860523,0.0428,0.10180005,0.012417551,0.055182762
TVPCDzSs.png,sunda,1,sunda,sunda,1,1,0,0.0099097015,0.00038261517,0.019547904,0.003990804,0.007253183,0.00044819695,0.9584677
5zq5iryK.png,lampung,2,lampung,lampung,1,1,0,0.007613074,0.0048771384,0.0073698726,0.96970516,0.0068136924,0.0011324162,0.0024886623
XmdcwX8F.png,lampung,4,lampung,lampung,1,1,0,0.0085320035,0.005546232,0.0075107967,0.95870924,0.007037749,0.0066379705,0.006025958
XX8Lx1fB.png,sunda,4,sunda,sunda,1,1,0,0.005895975,0.00038350598,0.015820816,0.0058995634,0.0062663737,0.001487458,0.9642464
sadgF9zG.png,jawi,2,jawi,jawi,1,1,0,0.008040356,0.013073083,0.9428203,0.009501284,0.0057535865,0.012757781,0.008053621
khl05Liw.png,lampung,4,lampung,lampung,1,1,0,0.0059682517,0.004101039,0.009398838,0.9694324,0.004792866,0.0010170977,0.0052895346
KUHCCHQp.png,pegon,1,pegon,pegon,1,1,0,0.003958518,0.0121892635,0.012201171,0.0038710404,0.006772808,0.9551645,0.0058428193
YQnqk6jG.png,pegon,1,jawi,pegon,0,1,1,0.015272627,0.028496599,0.009484768,0.05159521,0.008321382,0.8663904,0.020439046
lVgJ9bxx.png,lampung,2,lampung,lampung,1,1,0,0.0050624716,0.019166633,0.00052237575,0.96515954,0.0061086784,0.0005067987,0.0034735173
36FndVHz.png,sunda,5,sunda,sunda,1,1,0,0.0054862397,0.0042595128,0.011078046,0.005647496,0.0051604644,0.00033715175,0.9680312
McsUT6ak.png,pegon,3,pegon,pegon,1,1,0,0.0046369224,0.021495253,0.023515878,0.005953157,0.0055854614,0.93202853,0.0067848507
2flqQUsv.png,sunda,3,sunda,sunda,1,1,0,0.004381668,0.0011797553,0.019856855,0.004745685,0.008462516,6.833551e-05,0.9613052
w5LwzzPC.png,pegon,5,pegon,pegon,1,1,0,0.008651175,0.041577343,0.021622766,0.0070626307,0.006532483,0.90693873,0.007614854
FZaMaPt0.png,jawa,5,jawa,jawa,1,1,0,0.006190018,0.9349102,0.013453503,0.009000611,0.010362045,0.018281326,0.007802408
KgISEp5u.png,pegon,2,pegon,pegon,1,1,0,0.0065414617,0.025593834,0.01563756,0.00615399,0.0063597467,0.9331284,0.006584991
plLqLBYJ.png,lampung,5,lampung,lampung,1,1,0,0.00928553,0.019227969,0.0007499305,0.9489993,0.007944603,0.0051574796,0.00863525
0m4JQRur.png,sunda,4,sunda,sunda,1,1,0,0.0060664094,0.0051636486,0.010825211,0.006230339,0.0063790143,0.00022118689,0.9651141
kXGR083b.png,pegon,5,pegon,pegon,1,1,0,0.009913594,0.02271342,0.016536552,0.008565067,0.008479385,0.92517895,0.00861315
eWekIEGw.png,bali,4,bali,bali,1,1,0,0.97200465,0.0121268835,0.0023930315,0.005441312,0.004173654,0.0003822783,0.0034781115
RnOHmNYl.png,sunda,5,sunda,sunda,1,1,0,0.0064473553,0.007326084,0.0066315047,0.0059390864,0.0058561,0.00032599815,0.96747375
E2sbQGUP.png,jawa,3,jawa,jawa,1,1,0,0.011079974,0.94333124,0.00868778,0.004446383,0.011869241,0.009430497,0.01115481
MRisSbT8.png,sunda,4,sunda,sunda,1,1,0,0.007061417,0.00044087393,0.018491883,0.008478809,0.007641189,8.9045694e-05,0.95779675
LUhBfRJX.png,jawi,4,jawi,jawi,1,1,0,0.0033655353,0.021747671,0.9522271,0.0037684317,0.005501182,0.009603465,0.0037865632
KVA0M1Eg.png,jawi,3,jawi,jawi,1,1,0,0.010170257,0.0060815364,0.95331454,0.0058000293,0.007895125,0.010036556,0.006701934
xcbJEuDh.png,lontara,4,lontara,lontara,1,1,0,0.009803714,0.007839018,0.002442387,0.007898181,0.9485721,0.012409522,0.011035202
2V0q6mts.png,bali,1,bali,bali,1,1,0,0.97260207,0.015202233,0.0019803478,0.0034489448,0.0033465861,0.000145585,0.0032742778
ebXNIFT1.png,jawi,1,jawi,jawi,1,1,0,0.004056995,0.016699228,0.9370217,0.0053073643,0.006685429,0.025044044,0.0051852576
qmdP01So.png,sunda,4,sunda,sunda,1,1,0,0.005299881,0.00020188562,0.015544332,0.0050413613,0.0056715724,0.0005183094,0.96772265
h1WIcKcn.png,lontara,2,lontara,lontara,1,1,0,0.007458877,0.013251905,0.007197903,0.0084489565,0.95408183,0.0004373631,0.009123172
A9FJv264.png,bali,4,bali,bali,1,1,0,0.96647024,0.015005804,0.0009834775,0.0052092005,0.006973636,0.0003302289,0.0050272993
N9rV7Rwt.png,pegon,4,pegon,pegon,1,1,0,0.0077365814,0.016688438,0.013821697,0.0065869084,0.008550945,0.9382467,0.008368658
9ieYHEO9.png,lontara,5,lontara,lontara,1,1,0,0.008109838,0.017970193,0.0007633971,0.008409795,0.9573279,0.00033792938,0.0070809373
tHLWFLD7.png,lontara,4,lontara,lontara,1,1,0,0.0071385093,0.021888502,0.002298598,0.0075931954,0.95210403,0.00055226573,0.008424835
KAAqL8Ss.png,jawi,4,jawi,jawi,1,1,0,0.0041976254,0.014279912,0.9478216,0.005606664,0.0063596903,0.016468212,0.0052662576
yqryTEBF.png,lampung,2,lampung,lampung,1,1,0,0.00922321,0.001823101,0.0009412053,0.9417957,0.0078301085,0.027345356,0.011041348
bA3iWpOg.png,pegon,1,pegon,pegon,1,1,0,0.0056271395,0.025609659,0.020160228,0.007284904,0.0043431376,0.93233865,0.0046362556
LEKlm6d6.png,pegon,5,pegon,pegon,1,1,0,0.0070640864,0.021004034,0.014421755,0.005114612,0.0059129638,0.939639,0.006843702
AShSRAWh.png,jawa,2,jawa,jawa,1,1,0,0.004490631,0.9372593,0.024114268,0.006476784,0.006591924,0.015268203,0.005798821
oxZm2Vqe.png,lampung,3,lampung,lampung,1,1,0,0.0055425456,0.017383477,0.0030713638,0.9558257,0.005608053,0.0044448706,0.00812408
cKT5gNGi.png,jawa,1,jawa,jawa,1,1,0,0.010162766,0.93012637,0.012759268,0.012909194,0.01442425,0.0072487444,0.012369348
rxGEmp9R.png,lontara,4,lontara,lontara,1,1,0,0.0045728213,0.00064068165,0.01565168,0.0047186483,0.96781754,0.00026851418,0.006330197
Xzkxo2qn.png,jawa,3,jawa,jawa,1,1,0,0.0096145,0.92868775,0.015963357,0.010177595,0.008921072,0.01717643,0.009459319
nQLF0ka0.png,sunda,4,sunda,sunda,1,1,0,0.006194246,0.002056858,0.016155748,0.005972609,0.007701101,0.00019254765,0.961727
b4PdMTZm.png,bali,5,bali,bali,1,1,0,0.97611475,0.0032862856,0.0070047877,0.0044252384,0.0049741035,6.240504e-05,0.004132471
UmQFdXuD.png,sunda,5,sunda,sunda,1,1,0,0.0056415903,0.0043215337,0.010025812,0.0062406557,0.0060807564,0.00031604577,0.96737355
c7CpgYxp.png,bali,1,bali,bali,1,1,0,0.9688788,0.015288901,0.0033466576,0.0038505422,0.0051707993,0.00015893194,0.0033053497
U5Tk1KVn.png,jawa,4,lampung,lampung,0,0,0,0.0,6.7740618e-12,2.0138756e-13,1.0,2.1e-43,2.2820198e-13,0.0
JyPFwqdG.png,lampung,1,lampung,lampung,1,1,0,0.0074927923,0.0023947905,0.015091266,0.9594653,0.006151925,0.0017927398,0.007611189
T14TZPIy.png,bali,1,bali,bali,1,1,0,0.9771,0.011445438,0.0034881055,0.002765886,0.0030266633,8.2817176e-05,0.0020910322
zvCthzl1.png,lampung,3,lampung,lampung,1,1,0,0.006438669,0.015045999,0.0042939447,0.9552538,0.010124798,0.000115552706,0.008727201
9OvEH7GZ.png,pegon,1,pegon,pegon,1,1,0,0.003736023,0.018937718,0.017075418,0.0032203582,0.0037963733,0.94789284,0.0053411736
6Vbiz5lo.png,lontara,5,lontara,lontara,1,1,0,0.008028219,0.007294769,0.015628878,0.008823424,0.94695556,0.0028379038,0.010431194
eYwzh6hU.png,jawa,1,jawa,jawa,1,1,0,0.0057836114,0.9441682,0.015668802,0.006320013,0.0054974747,0.015009792,0.0075521586
CdwojfFX.png,jawa,4,jawa,jawa,1,1,0,0.0065294583,0.9473965,0.003105003,0.0042163488,0.0061264522,0.028137865,0.004488284
Xv5QW3Bn.png,lampung,3,lampung,lampung,1,1,0,0.0072393464,0.0035882555,0.009382514,0.95117056,0.008527896,0.010292104,0.009799372
mtg9oV0v.png,lampung,5,lampung,lampung,1,1,0,0.008486105,0.0070661386,0.0006826015,0.9521306,0.0089427335,0.015475369,0.0072164508
12mmzZbY.png,pegon,3,pegon,pegon,1,1,0,0.013887233,0.015565472,0.019772913,0.013530033,0.01351013,0.90997267,0.013761637
dsP1v2BI.png,lampung,3,lampung,lampung,1,1,0,0.007396226,0.0155541925,0.0026197536,0.95575184,0.010654976,0.0005523572,0.007470693
ooXBUwyI.png,jawa,2,jawa,jawa,1,1,0,0.005205402,0.95418096,0.0104765,0.00909055,0.0055914344,0.009308896,0.006146207
HWnzztNv.png,pegon,2,pegon,pegon,1,1,0,0.005305338,0.023748377,0.021580953,0.0070009795,0.0046492303,0.93300694,0.004708223
LLCM9WkD.png,jawi,4,jawi,jawi,1,1,0,0.0050453045,0.011050709,0.95198494,0.004027281,0.003815361,0.019873926,0.0042025726
tC2vA4ej.png,jawa,2,jawa,jawa,1,1,0,0.0063950736,0.9324405,0.020439982,0.010840028,0.0076435897,0.017078245,0.005162497
aTnVeLZ8.png,lampung,5,lampung,lampung,1,1,0,0.005942842,0.0041703167,0.011464125,0.95348763,0.0067473906,0.0101219965,0.008065651
lNSGDJUL.png,jawi,1,jawi,jawi,1,1,0,0.0010442749,0.025766585,0.93530756,0.0019104277,0.0032776254,0.030868698,0.00182487
r2fav8yN.png,bali,5,bali,bali,1,1,0,0.96545494,0.0043015275,0.010188655,0.00459311,0.009168488,0.00016500623,0.0061282134
iTepwefp.png,jawa,3,jawa,jawa,1,1,0,0.0054249093,0.946794,0.012662292,0.006330228,0.005403187,0.018014329,0.00537107
CtnP6Yix.png,pegon,2,pegon,pegon,1,1,0,0.0072619505,0.032445785,0.02437207,0.0028511635,0.003982333,0.92623967,0.0028470375
tD8TKu1R.png,pegon,4,pegon,pegon,1,1,0,0.008473192,0.0029448285,0.0044293534,0.009976617,0.009782611,0.9546077,0.009785701
aZXzzlE4.png,lampung,1,lampung,lampung,1,1,0,0.008113583,0.01689607,0.0021522942,0.95904726,0.006727166,0.0011035866,0.005960075
Qu32owKr.png,jawa,4,jawa,jawa,1,1,0,0.0051108524,0.9458092,0.022265034,0.0069353143,0.0059530092,0.009717379,0.004209292
d7hiVjdL.png,bali,1,bali,bali,1,1,0,0.9692461,0.0067526894,0.0119268065,0.0042059245,0.0044572987,0.00010615116,0.0033050296
kTYLNsA7.png,pegon,5,pegon,pegon,1,1,0,0.005294699,0.01285832,0.012708517,0.0022092955,0.0030081954,0.9605131,0.0034078984
JrrZv0Mj.png,lampung,3,lampung,lampung,1,1,0,0.008066947,0.012086893,0.009563855,0.95136017,0.008668017,0.0009261436,0.009327945
zgetwW0o.png,jawi,3,jawi,jawi,1,1,0,0.011414748,0.008954283,0.9268394,0.014135542,0.011483881,0.017964918,0.009207317
IBhOyr0n.png,jawi,5,jawi,jawi,1,1,0,0.0048543154,0.012935124,0.94848716,0.008507312,0.007655347,0.013358767,0.0042020027
fWwtToyF.png,lampung,2,lampung,lampung,1,1,0,0.012445396,0.015363751,0.0054784487,0.95047337,0.008755795,0.0019361894,0.0055470103
gX4AORVj.png,pegon,4,pegon,pegon,1,1,0,0.0072092274,0.013638498,0.012925288,0.0074352217,0.009520102,0.9422288,0.007042938
ie96YZSp.png,pegon,2,pegon,pegon,1,1,0,0.013661459,0.022494704,0.016076239,0.0065275696,0.00779241,0.9252618,0.008185774
OrW9bZSP.png,jawa,3,jawa,jawa,1,1,0,0.010421017,0.9245346,0.0034875951,0.009110488,0.0075227753,0.0064712963,0.038452256
2Ff8qqpR.png,jawi,3,jawi,jawi,1,1,0,0.0070900195,0.008948006,0.9481538,0.009516737,0.011387252,0.0072888997,0.0076154014
wRVobSt2.png,jawa,3,jawa,jawa,1,1,0,0.013492655,0.92040884,0.018550953,0.010849908,0.007747164,0.022398584,0.0065519293
ZlRY4ayL.png,sunda,2,sunda,sunda,1,1,0,0.009140074,0.003993615,0.0155900875,0.0070788064,0.011209206,0.00069441,0.95229375
ZiL8JAaV.png,sunda,3,sunda,sunda,1,1,0,0.0072237407,0.0072271186,0.01242045,0.007334161,0.007822318,0.0010170466,0.9569551
oLHV5FIS.png,pegon,2,pegon,pegon,1,1,0,0.008657268,0.031096362,0.014993228,0.0052740974,0.0072514345,0.9239818,0.008745861
OHpU8dNA.png,lampung,2,lampung,lampung,1,1,0,0.0059980564,0.00042093085,0.0012880397,0.9658343,0.005440582,0.015504938,0.0055132434
oVj1TWlY.png,jawi,5,jawi,jawi,1,1,0,0.013216014,0.019556273,0.936769,0.004275323,0.006046048,0.013813411,0.0063239005
pi5gzw5k.png,jawi,5,jawi,jawi,1,1,0,0.008741299,0.008838488,0.94205266,0.009337445,0.00984433,0.012379354,0.008806439
yntdVI9l.png,pegon,3,pegon,pegon,1,1,0,0.010624706,0.01472165,0.041815396,0.011889282,0.0102865,0.90018517,0.010477301
WYNiEt7Q.png,pegon,1,pegon,pegon,1,1,0,0.0027298774,0.02095636,0.02562617,0.0042796396,0.0036798664,0.93842226,0.004305838
sUlJ3b4M.png,pegon,4,pegon,pegon,1,1,0,0.0040213983,0.046607427,0.055293668,0.003960404,0.004475538,0.8815673,0.004074208
jyNtftnU.png,lampung,5,lampung,lampung,1,1,0,0.007872557,9.938929e-05,0.0002842419,0.95192295,0.008568323,0.022317065,0.0089353835
60xkBQIV.png,pegon,5,pegon,pegon,1,1,0,0.007715029,0.022141099,0.022555755,0.006208261,0.0060635763,0.92777306,0.0075431885
C7LyXkt4.png,lampung,5,lampung,lampung,1,1,0,0.00920427,0.019880138,0.00015538624,0.95809364,0.005334845,0.0007351784,0.006596578
m2S6DprZ.png,pegon,4,pegon,pegon,1,1,0,0.0049135443,0.0071177403,0.07263641,0.004263462,0.0053262743,0.90003544,0.0057071727
7DkU2mUH.png,lampung,5,lampung,lampung,1,1,0,0.00797456,0.0027853388,0.0004998717,0.9549667,0.009184508,0.016044179,0.008544834
6whoTkNx.png,lampung,5,lampung,lampung,1,1,0,0.007122681,0.00064701156,0.00070714194,0.9485382,0.0068448004,0.025369667,0.0107705295
StwOtJ5l.png,lampung,3,lampung,lampung,1,1,0,0.00985141,0.025660256,0.000385844,0.9439819,0.010166604,0.00011141317,0.009842606
9bARLPHC.png,lontara,1,lontara,lontara,1,1,0,0.011312082,0.008563599,0.026358427,0.0104235485,0.9337093,0.0007003735,0.008932615
pd598Yh0.png,lampung,2,lampung,lampung,1,1,0,0.0046421005,0.00053172855,0.0011808441,0.9683188,0.004109989,0.016253363,0.0049631135
kYnDxjWG.png,pegon,4,pegon,pegon,1,1,0,0.0077621206,0.0036820038,0.012155638,0.0111872535,0.010934226,0.9460404,0.008238401
LqXVR2WH.png,pegon,1,pegon,pegon,1,1,0,0.0053373002,0.013333441,0.017994745,0.0024056558,0.006440829,0.9522521,0.0022357677
rNO2oAzW.png,lampung,3,lampung,lampung,1,1,0,0.0060223597,0.014169895,0.0015636428,0.96527636,0.006510708,0.00059814664,0.005858808
dmZfFMtT.png,pegon,1,pegon,pegon,1,1,0,0.008184068,0.024050798,0.10827613,0.01488345,0.06687278,0.77270305,0.0050296914
Rw39bM3z.png,lampung,2,lampung,lampung,1,1,0,0.0029756613,0.0014053297,0.008083167,0.97638637,0.0048439475,0.0010166792,0.005288866
ceAMYsF5.png,pegon,4,pegon,pegon,1,1,0,0.007880307,0.0051883925,0.004305531,0.007899954,0.0064245304,0.9573771,0.010924223
KiN4Xswh.png,sunda,1,sunda,sunda,1,1,0,0.0052992515,0.0030086609,0.011796077,0.0034162684,0.0061075212,0.0003678771,0.9700043
zq6v2b59.png,jawa,3,jawa,jawa,1,1,0,0.0042500547,0.933519,0.011028522,0.007186897,0.0052809543,0.030569905,0.008164608
4Fb3DX6F.png,sunda,2,sunda,sunda,1,1,0,0.0030850675,0.00018096821,0.008702523,0.00422027,0.0037109358,0.00013740473,0.9799628
gpQHae15.png,pegon,5,pegon,pegon,1,1,0,0.012044092,0.016757281,0.01797794,0.015096997,0.012154945,0.91046005,0.015508711
YOG2HUqZ.png,lampung,3,lampung,lampung,1,1,0,0.0060252547,0.003833231,0.0050633503,0.94787675,0.010516673,0.01712073,0.009563981
7X5DiQmo.png,sunda,4,sunda,sunda,1,1,0,0.007294691,0.0008651544,0.024577525,0.008163822,0.009691861,0.0036889727,0.94571805
RPYtpgDE.png,sunda,1,sunda,sunda,1,1,0,0.0060807294,0.00033802033,0.016159987,0.0052933223,0.0069416696,0.00040534828,0.9647808
cPMaUNIi.png,jawi,4,jawi,jawi,1,1,0,0.006681314,0.010683577,0.95422083,0.007389639,0.003572955,0.010124888,0.0073268344
Z07mfggm.png,jawa,2,jawa,jawa,1,1,0,0.008530425,0.94243085,0.016599957,0.0069808695,0.007408425,0.009815957,0.008233512
9hEOt6ub.png,jawa,4,jawa,jawa,1,1,0,0.004228313,0.9621372,0.0046602963,0.0036968158,0.0038677545,0.01866732,0.0027422486
8Z5Jq8rH.png,pegon,4,pegon,pegon,1,1,0,0.008859793,0.0025267547,0.0067884116,0.0072822943,0.009289642,0.9576053,0.0076478776
awFahb4j.png,jawa,4,jawa,jawa,1,1,0,0.003462911,0.95036274,0.014304222,0.0026142215,0.0027700686,0.021705091,0.004780766
67gKzpkx.png,sunda,5,sunda,sunda,1,1,0,0.0037460316,0.01714814,0.0050833877,0.004150261,0.006534002,0.001781118,0.96155703
E9J3vBKn.png,pegon,3,pegon,pegon,1,1,0,0.009549572,0.070960924,0.009882999,0.06471471,0.008406477,0.83248043,0.0040048817
Um6G91jh.png,bali,5,bali,bali,1,1,0,0.97091204,0.012056826,0.00048139258,0.0057677096,0.00590498,0.00014710346,0.0047299177
fnAmSRRC.png,jawi,3,jawi,jawi,1,1,0,0.012848661,0.0066746143,0.94155246,0.012166028,0.011993184,0.0055986755,0.009166293
kgvq42pp.png,sunda,5,sunda,sunda,1,1,0,0.0056164367,0.0002680534,0.0010552654,0.0057448056,0.004082786,0.008799034,0.97443354
9O4h0dzS.png,lampung,5,lampung,lampung,1,1,0,0.008233618,0.0005472375,0.00058139465,0.95545614,0.008996475,0.018086657,0.008098473
9B7SAYzU.png,jawi,5,jawi,jawi,1,1,0,0.011852178,0.021114878,0.9119662,0.012161846,0.010874484,0.020226816,0.011803646
fYpjgh23.png,lampung,1,lampung,lampung,1,1,0,0.00871831,0.0055722664,0.0018632882,0.95705944,0.008515726,0.0100826835,0.008188299
MYfkdVKm.png,jawi,2,jawi,jawi,1,1,0,0.024400407,0.020411916,0.8807442,0.02182265,0.013751103,0.014573498,0.024296183
RIzY1NuP.png,lampung,2,lampung,lampung,1,1,0,0.004924071,0.0011644782,0.0015456993,0.96437466,0.003993967,0.017985716,0.0060114544
UqH3sEqL.png,pegon,4,pegon,pegon,1,1,0,0.008167325,0.005953395,0.006300331,0.01313846,0.010173308,0.9488499,0.0074172122
32gH0L0s.png,sunda,5,sunda,sunda,1,1,0,0.0042240126,0.0006177884,0.010881271,0.0056170835,0.005448523,0.00014354856,0.97306776
6FzYUgTa.png,jawi,3,jawi,jawi,1,1,0,0.0026991512,0.04356647,0.88019824,0.0022803908,0.0032119937,0.064355634,0.003688106
8zE4mFTK.png,pegon,3,pegon,pegon,1,1,0,0.0044363444,0.021939337,0.021875158,0.006294667,0.007666408,0.9319738,0.0058142557
RAIgESEh.png,lampung,4,lampung,lampung,1,1,0,0.0060469382,0.0076849763,0.0029642691,0.970751,0.005492576,0.0028941887,0.0041660275
yiZigEDZ.png,jawa,1,pegon,jawa,0,1,1,0.025905518,0.7613129,0.00595054,0.106814094,0.06827918,0.01080665,0.020931214
iZjPvhuJ.png,jawa,4,jawa,jawa,1,1,0,0.0031478847,0.9525842,0.01587034,0.00812103,0.008098204,0.009069179,0.0031091585
45sh6S6Q.png,sunda,1,sunda,sunda,1,1,0,0.004420261,0.00011317146,0.024200737,0.0026866125,0.005113258,0.00020532767,0.9632606
5UciNQSB.png,pegon,2,pegon,pegon,1,1,0,0.008320835,0.022709372,0.014640811,0.0039223637,0.0056324597,0.93820554,0.006568526
dPbWHOlP.png,lontara,4,lontara,lontara,1,1,0,0.0049760574,0.015853016,0.0012779962,0.005839749,0.9667295,0.0001934202,0.005130091
uUxDuYp9.png,jawi,2,jawi,jawi,1,1,0,0.008886706,0.01695527,0.9486053,0.0061232196,0.0045558466,0.012141075,0.0027325929
jFBNnLBk.png,lampung,3,lampung,lampung,1,1,0,0.0067463988,0.02021014,0.003824354,0.9551385,0.007263116,0.00029801473,0.0065195253
gMB7ZxbZ.png,lontara,5,lontara,lontara,1,1,0,0.014860204,0.0077194516,0.006554613,0.022415916,0.9423938,0.0010190195,0.0050371387
fUgKOVwq.png,sunda,5,sunda,sunda,1,1,0,0.005219422,0.003124448,0.0106709935,0.0066569806,0.0064580343,0.00063647714,0.9672337
fTmNdgGq.png,jawi,5,jawi,jawi,1,1,0,0.004556692,0.015376924,0.9467027,0.005038148,0.003573079,0.021327907,0.0034243704
u4RW006M.png,sunda,2,sunda,sunda,1,1,0,0.0033486919,0.0022782325,0.0047761477,0.0041302624,0.0033823862,1.851637e-05,0.98206574
dU34yAS6.png,lampung,3,lampung,lampung,1,1,0,0.0070059644,0.0049892897,0.010472456,0.95956737,0.007844362,0.0038809222,0.006239616
JPIHFIHv.png,sunda,1,sunda,sunda,1,1,0,0.004552936,0.0018187077,0.0005117392,0.0024648998,0.004848078,0.012618171,0.9731855
mAaV0vdU.png,bali,4,bali,bali,1,1,0,0.95526856,0.018525453,0.0030548072,0.008680296,0.009275444,0.00024083874,0.0049545188
UHyOEX8i.png,lontara,2,lontara,lontara,1,1,0,0.007438716,0.016273849,0.0069177505,0.007483658,0.9539203,0.0005536072,0.0074121393
vozWXLY9.png,jawa,1,jawa,jawa,1,1,0,0.011611639,0.9377586,0.017600136,0.00603067,0.011428255,0.008815401,0.006755321
yQNohlp1.png,bali,2,bali,bali,1,1,0,0.96432364,0.006590768,0.008347799,0.007954152,0.005617701,0.00014761345,0.0070183906
tYdHZRBX.png,jawi,1,jawi,jawi,1,1,0,0.0019432231,0.018937595,0.94788665,0.0064193783,0.0018508944,0.021585211,0.0013770653
zo0tZzQu.png,lampung,2,lampung,lampung,1,1,0,0.0034771715,0.0010433574,0.01047086,0.97394127,0.005319618,0.0008941756,0.0048535434
jfElFM2t.png,jawi,5,jawi,jawi,1,1,0,0.006734664,0.023596248,0.9315677,0.005743283,0.0073329024,0.018358838,0.0066663893
cIecrq0t.png,lampung,3,lampung,lampung,1,1,0,0.007993871,0.017828487,0.0025252237,0.95418805,0.006921815,0.00030916196,0.010233277
qX7nwYZr.png,jawa,5,jawa,jawa,1,1,0,0.003493481,0.9549789,0.010505759,0.0048185126,0.0039015291,0.018691998,0.0036098645
gmlr6Eof.png,lontara,4,lontara,lontara,1,1,0,0.004776519,0.01646831,0.0038509234,0.007602713,0.9600347,0.0002841843,0.0069827163
AarxilLX.png,lampung,3,lampung,lampung,1,1,0,0.008059675,0.008767862,0.01368978,0.9495006,0.010814199,0.0006635136,0.008504364
7IvsfeRf.png,sunda,1,sunda,sunda,1,1,0,0.007275356,0.00107952,0.022667902,0.0062807146,0.0085910475,0.0002567843,0.9538487
2Kvg57hl.png,lontara,1,lontara,lontara,1,1,0,0.007057649,0.021942021,0.0010322728,0.009768728,0.9495222,0.00072984974,0.009947259
HyeBoSST.png,jawa,2,jawa,jawa,1,1,0,0.005086571,0.9387411,0.020537943,0.005672521,0.008901417,0.013455965,0.007604529
vbf6KYBq.png,sunda,1,sunda,sunda,1,1,0,0.0072436207,0.0073566455,0.0128547,0.010452009,0.0067070886,0.00014155323,0.9552443
Zi7oBpw5.png,jawi,5,jawi,jawi,1,1,0,0.008340786,0.01533296,0.9348221,0.009157311,0.008520328,0.018279605,0.005546954
XYO0lkbh.png,jawa,5,jawa,jawa,1,1,0,0.004028369,0.9507728,0.0131576285,0.0072564115,0.0055220085,0.015548962,0.0037137538
R9M2Hx0n.png,bali,3,bali,bali,1,1,0,0.96048623,0.004082095,0.015604397,0.006826617,0.0055182045,0.00036129073,0.0071212426
xqwr2RQr.png,lontara,1,lontara,lontara,1,1,0,0.008616503,0.031205764,0.0019639896,0.006274818,0.94043505,0.0011366699,0.01036716
GVbO54Uw.png,sunda,5,sunda,sunda,1,1,0,0.007869009,0.00087710837,0.019557666,0.0076820706,0.0090530375,0.00045061568,0.95451045
A1po3O1I.png,sunda,4,sunda,sunda,1,1,0,0.008082333,0.0048935977,0.014549074,0.0062434017,0.0076008756,0.000380592,0.95825016
Zj1c07AG.png,jawi,5,jawi,jawi,1,1,0,0.0067657493,0.017488167,0.9308831,0.009887961,0.00782056,0.017763563,0.00939093
dmPCTJxL.png,sunda,4,sunda,sunda,1,1,0,0.0041788933,0.0002472653,0.015267914,0.0045477757,0.004066324,0.00017278767,0.971519
DP6BeDHW.png,bali,4,bali,bali,1,1,0,0.9618849,0.016571395,0.002667821,0.007872068,0.0050267037,0.00084625767,0.0051308405
ORErAxhx.png,jawa,1,jawa,jawa,1,1,0,0.01121173,0.9261095,0.014508612,0.009396005,0.008743794,0.013313851,0.016716486
Ahq4IHnE.png,pegon,1,pegon,pegon,1,1,0,0.0024863367,0.018367022,0.019380504,0.0039443597,0.0038685454,0.9485103,0.0034429298
qLSVYAkW.png,sunda,4,sunda,sunda,1,1,0,0.0090125585,0.0009947104,0.026365072,0.010654493,0.012239913,0.0004639405,0.94026923
U0aC8irH.png,lontara,4,lontara,lontara,1,1,0,0.006768304,0.011302294,0.008293197,0.0063965553,0.9596541,0.0006553076,0.006930208
cqPamdpJ.png,lampung,4,lampung,lampung,1,1,0,0.0067254305,0.0069871848,0.0068003777,0.9619597,0.007105046,0.0032572856,0.0071650236
KZl4Cdc8.png,jawa,1,jawa,jawa,1,1,0,0.0061078104,0.92811453,0.018982295,0.0034905176,0.006719499,0.029775979,0.0068094516
ZwFEhG11.png,sunda,2,sunda,sunda,1,1,0,0.0035702942,0.00080442167,0.006207917,0.0031547183,0.0042486168,0.0002794979,0.9817346
A0qlxQik.png,lampung,4,lampung,lampung,1,1,0,0.0061477902,0.0013950075,0.010287676,0.96260947,0.006216321,0.007468052,0.005875736
fRlNket1.png,lampung,4,lampung,lampung,1,1,0,0.0056092557,0.0072129993,0.005962293,0.96715665,0.0062888237,0.0036278095,0.0041422467
9GuOd713.png,lontara,3,lontara,lontara,1,1,0,0.0060105757,0.00029855917,0.010842766,0.0051667998,0.97275645,4.122264e-05,0.0048836726
246owfje.png,lontara,2,lontara,lontara,1,1,0,0.008664106,0.027919775,0.00091607496,0.010560238,0.9420292,0.00026067186,0.0096500255
7AbtQy1T.png,jawa,3,jawa,jawa,1,1,0,0.0037409626,0.97288215,0.008507986,0.0033990678,0.003495191,0.004871432,0.0031031468
6UUXRLnJ.png,lontara,5,lontara,lontara,1,1,0,0.007014537,0.017591605,0.0012300089,0.008273098,0.9591975,0.000224494,0.0064688614
AWQys8NS.png,lampung,3,lampung,lampung,1,1,0,0.0049889367,0.014381596,0.0009798752,0.96908015,0.0049561067,0.00012297559,0.005490325
23Sy3ZNP.png,pegon,5,pegon,pegon,1,1,0,0.0024122451,0.014616324,0.04229373,0.0035397229,0.0020883172,0.9320741,0.0029754872
m38r1Z7J.png,pegon,1,pegon,pegon,1,1,0,0.0048150215,0.023152657,0.013153396,0.003791451,0.0055532744,0.94491404,0.004620087
rVhhFQxW.png,lampung,2,lampung,lampung,1,1,0,0.004414466,0.00061982666,0.0071352264,0.9764163,0.0037786544,0.0027941947,0.0048413845
0KrHrhrP.png,lampung,5,lampung,lampung,1,1,0,0.0075674513,0.0007035873,0.0006538969,0.95576346,0.007508648,0.019987686,0.007815339
PeOG4ZHc.png,sunda,5,sunda,sunda,1,1,0,0.0056166174,0.00096557307,0.014328237,0.0055366955,0.0064635035,0.0002736855,0.96681565
zV5mfkHX.png,jawi,1,jawi,jawi,1,1,0,0.0033441023,0.014066075,0.95111316,0.0037585814,0.0069772564,0.016253317,0.0044875047
ess4Sdz3.png,jawi,4,jawi,jawi,1,1,0,0.0032696207,0.040046345,0.71400994,0.0064091873,0.0050040134,0.22631617,0.0049446085
23gnV76X.png,jawa,3,jawa,jawa,1,1,0,0.0061044088,0.94476104,0.011403723,0.010490748,0.0068617025,0.016239645,0.0041386727
bxy8C2HH.png,lampung,4,lampung,lampung,1,1,0,0.008514636,0.0021402617,0.0025218448,0.9489967,0.0100992415,0.016974784,0.010752516
t9P2hrm7.png,jawa,3,jawa,jawa,1,1,0,0.0034679938,0.95811766,0.0075254515,0.0040869154,0.007132691,0.015157359,0.0045119547
3J7A8qQP.png,jawi,1,jawi,jawi,1,1,0,0.00083893165,0.04080666,0.90812695,0.0027863814,0.0034695663,0.03976417,0.0042073764
2JxlD55B.png,sunda,3,sunda,sunda,1,1,0,0.0058150124,0.0025379616,0.0149367135,0.00741162,0.007104591,0.0017290501,0.96046495
SsPHh4iO.png,bali,2,bali,bali,1,1,0,0.9684862,0.011212767,0.0012285953,0.005866314,0.0061491835,0.0003146831,0.006742231
8IrRKvHy.png,lampung,2,lampung,lampung,1,1,0,0.003611185,0.005707733,0.0043698642,0.97567946,0.0063244198,0.0013963517,0.0029109356
NTN3eikA.png,pegon,5,pegon,pegon,1,1,0,0.00692246,0.023268448,0.01908411,0.005496997,0.00834938,0.9285477,0.008330813
zevghPYp.png,jawi,3,jawi,jawi,1,1,0,0.007085622,0.023898559,0.9270627,0.008138908,0.008064708,0.019259373,0.0064900666
S5C1pF2e.png,lampung,3,lampung,lampung,1,1,0,0.0059329667,0.025320435,0.0008459339,0.9520027,0.0068098265,9.257684e-05,0.008995548
Hed1hS9o.png,sunda,5,sunda,sunda,1,1,0,0.006334739,0.00069699186,0.020669661,0.0064154044,0.008405406,0.00046248664,0.95701534
7LgsHkzr.png,lampung,4,lampung,lampung,1,1,0,0.005025415,0.00668312,0.024966817,0.9535881,0.006378536,0.001363863,0.001994056
8Ae2NuCW.png,lampung,2,lampung,lampung,1,1,0,0.003947566,0.003451236,0.006615585,0.97659415,0.004763306,0.0009785293,0.0036495912
gDQk9Rbl.png,pegon,2,pegon,pegon,1,1,0,0.008654091,0.016732901,0.014396517,0.008200215,0.0070081423,0.93799454,0.0070136315
ThtWadqM.png,lampung,1,lampung,lampung,1,1,0,0.010213665,0.014343558,0.0015110618,0.94526076,0.009645815,0.008097243,0.0109279
Sy67Q6MI.png,jawa,5,jawa,jawa,1,1,0,0.009365843,0.9440753,0.016275471,0.00629199,0.0056666923,0.014447458,0.003877259
tstn7wUL.png,jawa,2,jawa,jawa,1,1,0,0.0045778356,0.94318867,0.0143916635,0.0053829756,0.006147756,0.017073842,0.009237231
PhimTfpf.png,lampung,4,lampung,lampung,1,1,0,0.0060239807,0.0074255653,0.004502459,0.9704617,0.0047937287,0.0030977041,0.0036948738
gwuy18Pg.png,jawa,2,jawa,jawa,1,1,0,0.014225757,0.92151105,0.01807219,0.009497446,0.009679263,0.014507235,0.012507144
oOOP2NV1.png,pegon,2,pegon,pegon,1,1,0,0.0040439847,0.009050171,0.010632512,0.005968977,0.0051987534,0.9589794,0.0061261537
9hLrZQuO.png,jawa,4,jawa,jawa,1,1,0,0.0047475765,0.9421213,0.012331988,0.0066677467,0.004088407,0.026752036,0.0032909533
bEmLUrUD.png,jawa,4,jawa,jawa,1,1,0,0.018254269,0.91455895,0.021133592,0.006240907,0.011496561,0.017571766,0.010743939
d75yDoSg.png,bali,1,bali,bali,1,1,0,0.9787637,0.0063898256,0.00016090622,0.0062576686,0.004644064,7.140171e-05,0.0037125521
iqFhjcUT.png,jawi,5,jawi,jawi,1,1,0,0.002241076,0.019833494,0.95469844,0.0032724284,0.004505621,0.012387266,0.0030617407
kyO5WFa2.png,jawa,1,jawa,jawa,1,1,0,0.0073074605,0.9396615,0.014521029,0.0063236635,0.0044457773,0.020062253,0.0076783956
Tmu8xC0Q.png,sunda,4,sunda,sunda,1,1,0,0.0064553847,0.0066230698,0.012648412,0.0067700837,0.006757673,0.00065673405,0.9600886
6vbK97DO.png,pegon,2,pegon,pegon,1,1,0,0.00400664,0.020271584,0.013756683,0.004055611,0.0048629153,0.9466885,0.0063581043
g4n8yg4t.png,jawa,3,jawa,jawa,1,1,0,0.0045274533,0.95259506,0.011759468,0.0056341975,0.008784049,0.010582376,0.0061174184
vLZ2Zzux.png,jawi,2,jawi,jawi,1,1,0,0.0035627796,0.014404193,0.9551374,0.0037406986,0.0032834825,0.013771447,0.0061000097
KhYsnJ7W.png,sunda,4,sunda,sunda,1,1,0,0.008141994,0.00031181882,0.020475669,0.008515567,0.008402607,9.012625e-05,0.95406216
ujuGmRMT.png,lampung,5,lampung,lampung,1,1,0,0.00866223,0.012497587,0.0008685168,0.9560262,0.0067646,0.008618865,0.0065620923
lyi3gocR.png,pegon,3,pegon,pegon,1,1,0,0.0068295086,0.025372084,0.023649381,0.004342793,0.006092752,0.92639965,0.007313868
O2cSxVZN.png,lontara,2,lontara,lontara,1,1,0,0.004403073,0.0056122686,0.004812162,0.0032712435,0.9788583,0.00051367824,0.002529326
3fEqP6kc.png,lampung,3,lampung,lampung,1,1,0,0.0062384075,0.0022599443,0.015625963,0.9565016,0.0067654955,0.005553954,0.0070545524
E5nhUlQh.png,jawi,4,jawi,jawi,1,1,0,0.0058325487,0.008769127,0.9662143,0.0055970075,0.004243705,0.0031114982,0.0062319078
ONiwXzzt.png,sunda,4,sunda,sunda,1,1,0,0.0042090598,0.0038590115,0.010152259,0.0043765293,0.0048855036,0.00011092451,0.97240674
HPsRFQ70.png,lampung,3,lampung,lampung,1,1,0,0.0070271827,0.0074307513,0.0024420407,0.96055484,0.007236776,0.007972033,0.007336466
crMUj9Kn.png,sunda,2,sunda,sunda,1,1,0,0.0022168455,0.00053837174,0.005297161,0.0015012121,0.0011800422,1.7599932e-05,0.98924875
ByC0Ve0y.png,lampung,3,lampung,lampung,1,1,0,0.010637144,0.0013996998,0.0007809546,0.9569874,0.007234192,0.014380133,0.008580453
xZCmkiJU.png,sunda,5,sunda,sunda,1,1,0,0.0056565963,0.0010776418,0.013731562,0.0044761915,0.005856238,0.0009371861,0.9682645
8kHe3MCX.png,jawi,3,jawi,jawi,1,1,0,0.0060845786,0.008350343,0.94835085,0.009552251,0.0051702964,0.015570055,0.0069216434
PFhisWGv.png,sunda,3,sunda,sunda,1,1,0,0.003952419,0.00049114117,0.010511321,0.005364709,0.0039259195,0.00053001405,0.9752245
cFWm7xvr.png,lontara,5,lontara,lontara,1,1,0,0.0069980593,0.022079619,0.0007621926,0.008660037,0.9540288,0.00023405012,0.007237236
mXz8xvjZ.png,bali,4,bali,bali,1,1,0,0.9753973,0.0069512343,0.0067637367,0.0027220538,0.0038049112,0.00038232992,0.0039784405
rg4wCG0l.png,lampung,5,lampung,lampung,1,1,0,0.0055865245,0.0041158623,0.000953268,0.9691251,0.005217528,0.009972159,0.005029543
duh4020T.png,jawi,1,jawi,jawi,1,1,0,0.00086409564,0.022238638,0.95023954,0.0017529731,0.0015090797,0.022130316,0.0012653602
wld2In9s.png,bali,3,bali,bali,1,1,0,0.9536842,0.0063528745,0.015178486,0.008138519,0.007267053,0.0007819681,0.008596822
K4iX9haC.png,jawa,3,jawa,jawi,1,0,1,0.021834362,0.11313302,0.7506191,0.02147208,0.018481307,0.05727707,0.017183071
sqrehIp7.png,lampung,4,lampung,lampung,1,1,0,0.0060017137,0.009519592,0.0022119607,0.9707675,0.0061205276,0.0014996136,0.003879067
DtfTQIO5.png,jawi,1,jawi,jawi,1,1,0,0.0031218377,0.016319912,0.9457291,0.0014513326,0.0027019458,0.018170651,0.012505293
B5DSxU5r.png,jawi,1,jawi,jawi,1,1,0,0.0026146313,0.023571057,0.9369564,0.004961419,0.0036409495,0.026866468,0.0013891057
NFZkQEDQ.png,pegon,1,pegon,pegon,1,1,0,0.005241611,0.015444245,0.018848915,0.0061770757,0.0077010477,0.940688,0.005899023
oLNMWwdT.png,lampung,4,lampung,lampung,1,1,0,0.004591097,0.0048802854,0.008127175,0.9672316,0.0065619773,0.0038249728,0.0047829747
6ukZAEGG.png,sunda,4,sunda,sunda,1,1,0,0.0064936345,0.0023959875,0.017067472,0.0070346305,0.008101847,0.0026340487,0.9562724
1Z9UOFIB.png,lampung,4,lampung,lampung,1,1,0,0.0052549164,0.009585357,0.0038735438,0.9690523,0.006066598,0.0012671866,0.0049000923
p5Ftkc5E.png,jawa,3,jawa,jawa,1,1,0,0.007573748,0.92926735,0.021557517,0.008027191,0.008890651,0.01904303,0.00564057
1MZvCh9m.png,jawa,2,jawa,jawa,1,1,0,0.0066078324,0.78372246,0.05108987,0.0061129215,0.007857861,0.14027376,0.0043352917
I1iNKefb.png,lontara,1,lontara,lontara,1,1,0,0.008000497,0.0122912675,0.012315296,0.009827541,0.9501088,0.0004112426,0.0070453635
LlkkfceA.png,jawi,4,jawi,jawi,1,1,0,0.0026671512,0.0039312444,0.9694885,0.006697455,0.0032249806,0.0062028617,0.007787736
xs99NspB.png,jawa,5,jawa,jawa,1,1,0,0.011396356,0.9504839,0.02013539,0.002504432,0.0036409886,0.009890173,0.0019487775
dG4aeif3.png,pegon,2,pegon,pegon,1,1,0,0.006618675,0.022688324,0.015091558,0.00450666,0.0068703257,0.93733597,0.0068885214
4OVljcTl.png,sunda,1,sunda,sunda,1,1,0,0.009602505,0.00012191577,0.021655569,0.008775998,0.010646292,0.0016384803,0.9475593
CwbuYXxg.png,sunda,3,sunda,sunda,1,1,0,0.006454427,0.0037831774,0.016886862,0.008616274,0.008353661,0.0014958695,0.9544098
MtqL4pnu.png,jawi,4,jawi,jawi,1,1,0,0.00371906,0.025242673,0.9462998,0.0030258645,0.0026787715,0.016123757,0.0029101372
yah5Hlt9.png,jawa,1,jawa,jawa,1,1,0,0.00919247,0.9246182,0.013647558,0.008697309,0.0127315875,0.016852483,0.014260408
U8HflJqF.png,jawa,2,jawa,jawa,1,1,0,0.004925639,0.9506423,0.011862104,0.0046529127,0.004815753,0.014336402,0.008764967
g1BN29ga.png,bali,1,bali,bali,1,1,0,0.9882345,0.005587352,0.00020154148,0.0033741146,0.0016009345,7.739823e-05,0.00092408684
Zw5Gi9WA.png,bali,3,bali,bali,1,1,0,0.95574826,0.0026172823,0.01785752,0.008543496,0.0057237335,0.0003471477,0.009162599
VS6yVeFH.png,sunda,5,sunda,sunda,1,1,0,0.01428059,0.011418249,0.018871527,0.008373305,0.01276289,0.0008697981,0.93342364
dD58HdSV.png,bali,2,bali,bali,1,1,0,0.9639412,0.0058855647,0.009958053,0.00568223,0.0056795944,0.00063535495,0.008218017
FqYdu6Ru.png,sunda,3,sunda,sunda,1,1,0,0.0041809473,0.00021992007,0.015148941,0.0057073655,0.0066967597,0.00071164593,0.9673344
aNZRw3AW.png,sunda,5,sunda,sunda,1,1,0,0.011179112,0.0045970036,0.024054257,0.010893968,0.010387247,0.0017255511,0.93716294
NfgTcEIU.png,lontara,1,lontara,lontara,1,1,0,0.010549754,0.035034705,0.00095112855,0.01156848,0.9309321,0.0006152953,0.010348481
pOad5fxD.png,jawi,5,jawi,jawi,1,1,0,0.0072909337,0.020426333,0.92909193,0.009259745,0.009647249,0.016884485,0.007399365
JLxwAzQt.png,lampung,1,lampung,lampung,1,1,0,0.007745409,0.00090690627,0.015919078,0.95822483,0.008496719,0.0016631761,0.007043789
imHxH9LE.png,pegon,2,pegon,pegon,1,1,0,0.007124758,0.01776812,0.012898273,0.0071928822,0.0070108944,0.94025946,0.0077455617
PRCBxPDf.png,sunda,2,sunda,sunda,1,1,0,0.005924259,0.0016833353,0.016166208,0.0075329565,0.004861294,7.5010765e-05,0.963757
Rh0uVOyy.png,jawa,5,jawa,jawa,1,1,0,0.0051110326,0.95653653,0.009497363,0.0033735149,0.012606265,0.009818,0.0030573495
vUv0Re0p.png,lontara,3,lontara,lontara,1,1,0,0.0040799547,0.01068764,0.0023057282,0.0063893823,0.97216505,0.000190657,0.0041816384
JhHaWiIj.png,lampung,5,lampung,lampung,1,1,0,0.006654139,0.0010884724,0.008751701,0.9583108,0.007850391,0.010987816,0.0063566947
5Wk3X48f.png,jawi,3,jawi,jawi,1,1,0,0.004918692,0.011006165,0.94537395,0.0101632895,0.011403205,0.008886988,0.008247738
mbItzTwS.png,jawa,2,jawa,jawa,1,1,0,0.005260305,0.94815046,0.016717019,0.005077302,0.00439459,0.017298277,0.0031020443
ZTCgJLvF.png,jawi,5,jawi,jawi,1,1,0,0.0061938437,0.016081812,0.95124066,0.004261733,0.004983994,0.014247695,0.0029902938
KkGKRr2y.png,lampung,1,lampung,lampung,1,1,0,0.006803836,0.013094416,0.00043768677,0.9647482,0.006336335,0.0018813702,0.0066981227
uwwYJVVC.png,bali,3,bali,bali,1,1,0,0.95268005,0.009400572,0.013771571,0.00728484,0.006973081,0.0009768817,0.008913044
a9XlM0Z7.png,jawi,2,jawi,jawi,1,1,0,0.004744845,0.017314723,0.9499791,0.005118826,0.0030425144,0.012134935,0.007665015
lNaf1aVv.png,lampung,5,lampung,lampung,1,1,0,0.006493124,0.0029726508,0.016551806,0.96044564,0.006447825,0.0002730782,0.006815868
p8X7oSYI.png,lampung,3,lampung,lampung,1,1,0,0.008945347,0.0010699078,0.00045192282,0.95998496,0.0058634565,0.013375858,0.010308549
ONihNPni.png,lampung,4,lampung,lampung,1,1,0,0.0042732325,0.0015148903,0.00089448027,0.9684027,0.0053257197,0.015352234,0.0042367424
dPt2vSe9.png,jawi,2,jawi,jawi,1,1,0,0.0060459403,0.0068681138,0.96412927,0.0046089166,0.0020721639,0.0123759685,0.0038995806
4SlMj3Qq.png,lampung,5,lampung,lampung,1,1,0,0.009693755,0.00071703456,0.002451296,0.9517678,0.007603011,0.021016305,0.006750875
fsRlZTJ9.png,sunda,3,sunda,sunda,1,1,0,0.00510955,0.0012071609,0.011520529,0.0056790398,0.004861644,0.002692627,0.9689294
UEJoUsbW.png,pegon,3,pegon,pegon,1,1,0,0.0066627245,0.024686085,0.022697512,0.011568792,0.0071699764,0.9218264,0.005388497
SYVCdujU.png,sunda,5,sunda,sunda,1,1,0,0.0047110394,0.002316194,0.010921206,0.0040476774,0.005186957,0.00022249554,0.9725944
R9rBD9mh.png,pegon,2,pegon,pegon,1,1,0,0.0041757682,0.021583922,0.013040273,0.0030791315,0.002080519,0.9515398,0.0045005456
6VL89qh2.png,bali,4,bali,bali,1,1,0,0.97413266,0.009724391,0.0035159271,0.0041605043,0.003472678,0.0007092645,0.0042845546
mPJNIb5k.png,jawa,3,jawa,jawa,1,1,0,0.0030148611,0.7742429,0.03306798,0.0046745525,0.005175166,0.1763808,0.0034436656
Leirld31.png,lampung,5,lampung,lampung,1,1,0,0.006986961,0.004080468,0.013500746,0.9559165,0.007977153,0.0028465402,0.00869155
hj68WFK4.png,jawa,2,jawa,jawa,1,1,0,0.0070324894,0.9416303,0.012483036,0.008348727,0.011988164,0.011102642,0.0074146185
17o1qT8X.png,lontara,5,lontara,lontara,1,1,0,0.008891512,0.018636264,0.0026844807,0.007415057,0.95381224,0.00042854843,0.008131923
OTxywEdt.png,sunda,2,sunda,sunda,1,1,0,0.0040303497,0.0005532183,0.011852719,0.0038735976,0.0034418353,2.0752284e-05,0.9762274
u5g9AqNN.png,lampung,5,lampung,lampung,1,1,0,0.0084384,0.00017858211,0.00014891979,0.9543281,0.007825451,0.021151423,0.007929031
y0QIDUs7.png,jawi,2,pegon,pegon,0,0,0,0.1242535,0.08062866,0.13382971,0.034105636,0.03571507,0.5296299,0.061837558
dANvAuQJ.png,lontara,4,lontara,lontara,1,1,0,0.0045830556,0.003958058,0.008137286,0.0047191987,0.9730805,0.000575246,0.0049465643
KvTCLGjr.png,lampung,2,lampung,lampung,1,1,0,0.0054274057,0.01166553,0.0028945785,0.9718936,0.004702451,0.0008102974,0.0026062166
qS1bQgrh.png,jawi,5,jawi,jawi,1,1,0,0.005833116,0.027603056,0.91676956,0.010770781,0.0072501795,0.026884753,0.0048886333
VLM3wkyT.png,bali,5,bali,bali,1,1,0,0.95171875,0.004260415,0.019380342,0.006411218,0.009082411,0.00011213133,0.009034737
Trj3xlBU.png,pegon,3,pegon,pegon,1,1,0,0.008729822,0.028234608,0.024892634,0.008763213,0.009879636,0.91245097,0.0070492094
YeStTAvC.png,lontara,2,lontara,lontara,1,1,0,0.008884919,0.008979396,0.012309388,0.006352848,0.95846826,0.00023466446,0.004770522
GqJKkEKA.png,lontara,5,lontara,lontara,1,1,0,0.0070722657,0.013813693,0.006881819,0.007215709,0.95823044,0.00032296896,0.006463042
UpOiuDO9.png,lontara,3,lontara,lontara,1,1,0,0.0052591423,0.014729469,0.0011059877,0.0058797006,0.96791613,0.00029600575,0.0048134886
iNpMuxSh.png,sunda,2,sunda,sunda,1,1,0,0.0081817,0.0018575798,0.01931394,0.00582166,0.0061712023,0.00012786874,0.9585261
4kQyqooN.png,lampung,2,lampung,lampung,1,1,0,0.008171883,0.014022082,0.006216188,0.95749426,0.008437906,0.00026137778,0.005396311
MbkPgDpw.png,sunda,5,sunda,sunda,1,1,0,0.0084523475,0.019858075,0.0033242938,0.008360307,0.009931101,0.00065988745,0.94941396
leFCxtZZ.png,sunda,1,sunda,sunda,1,1,0,0.0055486443,0.00023958279,0.021128777,0.0075757373,0.006595226,0.00022331573,0.95868874
H9XUnFss.png,jawi,3,jawi,jawi,1,1,0,0.0071261036,0.0039649787,0.95702416,0.008134095,0.011053401,0.0036384687,0.009058771
fxqwtxRA.png,pegon,5,pegon,pegon,1,1,0,0.005611126,0.017865667,0.018396817,0.0065613817,0.00605929,0.9389807,0.0065250425
8ZN55QSx.png,pegon,1,pegon,pegon,1,1,0,0.007983837,0.027666312,0.023503032,0.0048822933,0.0037775068,0.92607725,0.006109782
oVU4KNjz.png,jawi,4,jawi,jawi,1,1,0,0.0033473775,0.026584903,0.919024,0.015381894,0.0073045846,0.024635086,0.003722195
8opAIoER.png,lontara,1,lontara,lontara,1,1,0,0.0060726493,0.0220582,0.0016583015,0.010387424,0.95198274,0.00086115603,0.0069794687
8FxiAPqG.png,jawi,4,jawi,jawi,1,1,0,0.0068910965,0.0297811,0.94473565,0.003187333,0.0043615107,0.005807257,0.005236059
K9lW8gp8.png,lampung,2,lampung,lampung,1,1,0,0.0064000133,0.00077323796,0.0075139203,0.95975035,0.0054233703,0.014419951,0.005719225
o6N5YFs1.png,pegon,3,pegon,pegon,1,1,0,0.0061403294,0.026342655,0.015105171,0.01904165,0.007915333,0.9218341,0.003620819
bbXBqn0f.png,lampung,5,lampung,lampung,1,1,0,0.0069996947,0.0013477796,0.00015283118,0.9527873,0.008468868,0.022027282,0.00821625
5LPHfBsM.png,sunda,4,sunda,sunda,1,1,0,0.005218682,0.0009188896,0.016121548,0.004965592,0.0048606875,0.00017358408,0.96774095
WMZewgRU.png,lampung,1,lampung,lampung,1,1,0,0.0040833773,0.00067109504,0.0017095222,0.9671513,0.008474148,0.013492473,0.0044180476
kX6Rxd6e.png,sunda,4,sunda,sunda,1,1,0,0.0042192363,0.00015369963,0.013930504,0.0041701645,0.0050480287,0.00060641154,0.971872
ZqtbcfV2.png,jawi,2,jawi,jawi,1,1,0,0.0031544138,0.015299181,0.94468004,0.0028910786,0.007988639,0.016951198,0.009035513
aAZk3hSE.png,lampung,1,lampung,lampung,1,1,0,0.0052167135,0.0068241353,0.0015301235,0.972024,0.0051222895,0.0039391546,0.0053435727
jVi5Nb7h.png,sunda,4,sunda,sunda,1,1,0,0.004722735,0.008070435,0.0070632603,0.0042018737,0.0059381444,0.000695951,0.9693076
wgNDWq4v.png,pegon,4,pegon,pegon,1,1,0,0.008509377,0.03455837,0.048592538,0.008585021,0.0088681085,0.8817491,0.009137391
n0KcZf9q.png,sunda,3,sunda,sunda,1,1,0,0.006006807,0.00073477003,0.016066933,0.006435043,0.006303382,0.00095179223,0.96350133
Qm8EqPi1.png,sunda,4,sunda,sunda,1,1,0,0.008002384,0.0013691462,0.017158741,0.00612121,0.008500032,0.0025392356,0.95630926
Vi7MSviD.png,sunda,2,sunda,sunda,1,1,0,0.013434187,0.001036443,0.03885428,0.009989896,0.0035919482,0.0017433601,0.93135
nLbpboWh.png,jawa,1,jawa,jawa,1,1,0,0.0010239272,0.67188793,0.064794734,0.00179107,0.00087940437,0.25862512,0.0009978532
gO03AO06.png,pegon,4,pegon,pegon,1,1,0,0.007814973,0.0015503763,0.007766548,0.010962591,0.010382236,0.9518615,0.0096617425
Amhn5jW9.png,jawa,2,jawa,jawa,1,1,0,0.0068560224,0.65939194,0.037055314,0.0063034506,0.0073191463,0.28016007,0.0029140443
k61NjZ6K.png,lontara,5,lontara,lontara,1,1,0,0.007238685,0.022041682,0.00034530932,0.007500336,0.95510477,0.00022712379,0.007542096
tyHU0ncn.png,pegon,5,pegon,pegon,1,1,0,0.005173684,0.020857384,0.019422242,0.0052974103,0.004417204,0.94039667,0.004435512
QKnuo9yk.png,lontara,5,lontara,lontara,1,1,0,0.0065804473,0.019301709,0.00047432567,0.0067683067,0.9597126,0.00028853718,0.006874027
UTc4vdz9.png,lampung,1,lampung,lampung,1,1,0,0.0066694557,0.0019155113,0.011662174,0.9672897,0.0060071032,0.00041576553,0.0060403505
mZFwTZRw.png,sunda,3,sunda,sunda,1,1,0,0.005836119,0.0002878407,0.02162798,0.004572551,0.005483509,7.815518e-05,0.96211386
iGv3SFva.png,jawi,5,jawi,jawi,1,1,0,0.002621824,0.013990382,0.9506254,0.007863274,0.0023756607,0.020716866,0.0018065249
KLLQwlvZ.png,jawa,5,jawa,jawa,1,1,0,0.004409963,0.9269912,0.016846307,0.01149242,0.011050082,0.019070735,0.010139312
Og4KStQq.png,lampung,4,lampung,lampung,1,1,0,0.0076184943,0.0066796094,0.0045031286,0.9626346,0.0063892803,0.006028818,0.006146049
x5PHDILN.png,sunda,5,sunda,sunda,1,1,0,0.005663715,0.0011108404,0.01971898,0.006407268,0.006624023,0.00013708306,0.9603381
0qC4FVqq.png,sunda,1,sunda,sunda,1,1,0,0.0068535423,0.0002658483,0.013319552,0.0042546825,0.008200881,0.0002487677,0.96685666
pZ0mEYic.png,pegon,2,pegon,pegon,1,1,0,0.007256753,0.022615205,0.020752883,0.008525888,0.0050370456,0.9284033,0.007408918
pwDr5VqI.png,jawa,2,jawa,jawa,1,1,0,0.0070645404,0.58531505,3.435479e-05,0.0042595733,0.00781904,0.38990393,0.0056035365
VCpiEglC.png,sunda,3,sunda,sunda,1,1,0,0.007240444,0.0006222047,0.023053521,0.008502519,0.009973244,0.00023136841,0.9503767
9V9zlhos.png,pegon,5,pegon,pegon,1,1,0,0.008266345,0.00849651,0.013967396,0.0060186596,0.011179592,0.93892306,0.013148417
sc4NjpjX.png,lampung,4,lampung,lampung,1,1,0,0.003897871,0.0073005254,0.002408046,0.97454447,0.004416725,0.0047128997,0.0027194803
mcIVaq4D.png,pegon,4,pegon,pegon,1,1,0,0.0077180252,0.0026207496,0.010569704,0.009785917,0.009326205,0.94959784,0.010381584
Pby4650V.png,jawa,5,jawa,jawa,1,1,0,0.008880795,0.9324512,0.0103991395,0.011065711,0.015413476,0.01087694,0.010912761
rniIioRX.png,lampung,5,lampung,lampung,1,1,0,0.007818047,0.0009430956,0.01777754,0.9573254,0.0065829745,0.0016608514,0.007892119
0lZSWiRG.png,jawa,1,jawa,jawa,1,1,0,0.014663919,0.9126321,0.026789568,0.009464109,0.010931789,0.015733402,0.009785012
yIPIIGol.png,sunda,5,sunda,sunda,1,1,0,0.0053137536,0.004471378,0.015421053,0.0055073164,0.0067251395,0.0004129687,0.96214837
YxnBbxqi.png,lontara,5,lontara,lontara,1,1,0,0.006762732,0.012941695,0.0038208906,0.006788883,0.96314627,0.0002892896,0.006250235
LMpZdr6w.png,jawi,4,jawi,jawi,1,1,0,0.0035500298,0.00459252,0.97062933,0.0101729855,0.0051320363,0.0026787934,0.0032443418
KC67Copl.png,lampung,1,lampung,lampung,1,1,0,0.0062495144,0.0020709436,0.0064857397,0.96379006,0.0069767027,0.008621627,0.005805489
jI6RRs3b.png,lampung,3,lampung,lampung,1,1,0,0.006067857,0.0031815006,0.011977579,0.95492256,0.00680006,0.007153886,0.009896567
gt6VZEz8.png,jawi,4,jawi,jawi,1,1,0,0.0041378182,0.019806681,0.94230026,0.006469476,0.0065972144,0.017547745,0.0031408137
DLvCMQSd.png,pegon,5,pegon,pegon,1,1,0,0.007426718,0.026201542,0.027218701,0.005225508,0.0045040315,0.9254419,0.0039816
K6DR3iOg.png,jawa,5,pegon,jawa,0,1,1,0.0004658559,0.95397615,0.013647664,0.009974726,0.005942399,0.014274723,0.0017184204
BvpiB4Dh.png,sunda,1,sunda,sunda,1,1,0,0.0045087226,0.0020516315,0.0006732608,0.0047030607,0.0049961586,0.048649956,0.93441707
slpJ06Tq.png,jawi,5,jawi,jawi,1,1,0,0.010447871,0.014651068,0.93611634,0.0074605145,0.0097242,0.014508687,0.007091322
eJpGwj2d.png,bali,4,bali,bali,1,1,0,0.9716086,0.0090114875,0.0052230945,0.004221888,0.005074713,0.00024038265,0.00461992
1qCVrsWn.png,pegon,4,pegon,pegon,1,1,0,0.0082122795,0.008005275,0.008447003,0.009062816,0.010243854,0.94630194,0.009726882
gNOUps9a.png,jawa,4,jawa,jawa,1,1,0,0.009867318,0.9344563,0.01559876,0.0075360006,0.007771816,0.01997061,0.004799225
y8NpYV6g.png,jawi,3,jawi,jawi,1,1,0,0.009507864,0.0139818415,0.93531597,0.009220489,0.007869115,0.014898135,0.009206624
SjkR6t00.png,lontara,3,lontara,lontara,1,1,0,0.004653458,0.01548902,0.00063340453,0.006433875,0.96828085,0.00032716506,0.004182277
l0XxNeyF.png,jawa,1,jawa,jawa,1,1,0,0.25123236,0.60452497,0.015660204,0.023206087,0.079923406,0.009442901,0.016010098
vsb8JUb7.png,pegon,3,pegon,pegon,1,1,0,0.0064227637,0.024041908,0.021826368,0.0073768827,0.009088942,0.9217581,0.0094850315
NuDLC9af.png,pegon,5,pegon,pegon,1,1,0,0.0043076337,0.0261416,0.019868067,0.0041544465,0.005008993,0.936035,0.004484285
66WeUSS9.png,jawi,3,jawi,jawi,1,1,0,0.0034778109,0.011918532,0.9449588,0.004664892,0.006286986,0.02340382,0.0052892203
jhH8YdVc.png,lampung,3,lampung,lampung,1,1,0,0.005666371,0.01788416,0.0016364967,0.9545657,0.011792986,0.00019521323,0.00825908
85axTXwy.png,jawi,3,jawi,jawi,1,1,0,0.007183997,0.014450615,0.9378486,0.008765394,0.0066548605,0.018902453,0.006194218
nwnFLx6R.png,bali,2,bali,bali,1,1,0,0.9735266,0.006848649,0.0044652135,0.0060015335,0.0032823745,0.00015949954,0.005716197
fIWaSrgY.png,jawi,2,jawi,jawi,1,1,0,0.009612912,0.022728967,0.9240058,0.008658563,0.003960087,0.020473842,0.010559823
1qRFx2hj.png,jawa,1,jawa,jawa,1,1,0,0.0025608104,0.9424413,0.014678214,0.0011023382,0.004683964,0.012628721,0.021904642
aDKtZS9i.png,sunda,4,sunda,sunda,1,1,0,0.0059274975,0.0006874389,0.0200703,0.008778748,0.005840419,0.00041654578,0.95827913
Hlo1iXh1.png,sunda,2,sunda,sunda,1,1,0,0.004606856,0.0003105364,0.0100797275,0.004458,0.004200937,5.0668925e-05,0.9762933
ZU3lpxun.png,lampung,1,lampung,lampung,1,1,0,0.0066547836,0.0070137754,0.0021229524,0.95506686,0.007249292,0.013931541,0.00796086
6jHintl1.png,jawa,4,jawa,jawa,1,1,0,0.00696043,0.95045143,0.006543168,0.0061679697,0.0064541916,0.016922036,0.006500776
PnnAhVRs.png,pegon,4,pegon,pegon,1,1,0,0.009429037,0.0590079,0.06618259,0.005073532,0.005594437,0.8470281,0.0076844282
GR3qDnPC.png,pegon,2,pegon,pegon,1,1,0,0.005259313,0.017860664,0.015321858,0.0053039026,0.0056375763,0.9433126,0.0073041804
Eco1bIur.png,sunda,2,sunda,sunda,1,1,0,0.010552292,0.0011662046,0.07229158,0.0060660057,0.008670052,0.00054980116,0.900704
Z4cPkWb6.png,jawa,5,jawa,jawa,1,1,0,0.0048585697,0.9308204,0.0159844,0.009268645,0.008221077,0.024301998,0.0065448913
H7OEYXQz.png,lampung,1,lampung,lampung,1,1,0,0.0053492705,0.00094687665,0.0006338432,0.9629698,0.0070370445,0.01500088,0.008062378
bS7buCoz.png,pegon,5,pegon,pegon,1,1,0,0.0050069364,0.0059384564,0.01753953,0.009818248,0.006562428,0.9511019,0.0040326016
6sNjP31G.png,pegon,3,pegon,pegon,1,1,0,0.0060838573,0.015675375,0.012570941,0.0061433734,0.007953521,0.9427213,0.008851504
Reb1WHXM.png,pegon,4,pegon,pegon,1,1,0,0.009497201,0.002305802,0.013524076,0.017605081,0.013892044,0.92841184,0.014764006
M7nFsmdf.png,jawi,2,jawi,jawi,1,1,0,0.004624167,0.022229312,0.92783785,0.007138119,0.004320146,0.02343302,0.0104174325
znxrS2P8.png,sunda,4,sunda,sunda,1,1,0,0.004035968,0.00040857177,0.015611044,0.004356863,0.00456829,0.00010396093,0.97091526
4MVp0Lac.png,pegon,1,pegon,pegon,1,1,0,0.010716187,0.011741122,0.01700002,0.011547739,0.009434009,0.9327128,0.0068481597
5uxBeNlb.png,pegon,2,pegon,pegon,1,1,0,0.0056560743,0.018599605,0.017353678,0.0043742615,0.0057141646,0.94286364,0.005438571
rMHArfej.png,lontara,4,lontara,lontara,1,1,0,0.0071653747,0.01856493,0.0016533728,0.0063743894,0.95813566,0.0009810269,0.007125201
XPfGOOyB.png,jawi,4,jawi,jawi,1,1,0,0.003938651,0.020071207,0.9493064,0.0053629423,0.004652984,0.014442637,0.0022251164
dJg7qok5.png,lontara,2,lontara,lontara,1,1,0,0.0034994946,0.01300745,0.0071187997,0.0044756765,0.96624017,0.00087314856,0.004785218
TOSOMuWy.png,jawi,5,jawi,jawi,1,1,0,0.01710523,0.00921794,0.90954876,0.015556406,0.016433353,0.012343676,0.019794594
5MwC0ahT.png,pegon,5,pegon,pegon,1,1,0,0.0066022924,0.015078753,0.014290225,0.006338321,0.005544373,0.94573134,0.0064147357
0wdZAao3.png,jawa,1,jawa,jawa,1,1,0,0.0022791147,0.92134434,0.01835346,0.02581178,0.005866523,0.008831924,0.017512962
Q7Opp8OX.png,jawi,5,jawi,jawi,1,1,0,0.0106105935,0.019532105,0.9121547,0.0078961775,0.010421479,0.017321395,0.022063602
wsRVXCIm.png,pegon,3,pegon,pegon,1,1,0,0.005208763,0.015238757,0.026433265,0.006005991,0.005079937,0.9354517,0.0065816054
VNWsokw9.png,sunda,4,sunda,sunda,1,1,0,0.005960948,0.00289639,0.0109135285,0.005760993,0.005010615,0.00035150064,0.969106
NqcaaYIm.png,jawa,3,jawa,pegon,1,0,1,0.007352123,0.19063018,0.06731074,0.009050535,0.009430281,0.70758575,0.008640509
arkxsJRf.png,sunda,5,sunda,sunda,1,1,0,0.012458521,0.0009351326,0.033271804,0.0100010885,0.010710443,0.0004901406,0.9321329
9w9yZM6a.png,sunda,3,sunda,sunda,1,1,0,0.005986414,0.00088161207,0.015392189,0.0071554813,0.004980585,0.00038949758,0.9652143
JLFSRDWk.png,jawa,2,jawa,jawa,1,1,0,0.008186333,0.9327783,0.016286165,0.008735966,0.009016486,0.015601192,0.009395631
6RMk0idl.png,jawi,3,jawi,jawi,1,1,0,0.0042536054,0.009043244,0.96576095,0.005655551,0.0075504924,0.0039778,0.0037583895
0rtVmmOT.png,jawi,5,jawi,jawi,1,1,0,0.007510615,0.017755715,0.9368543,0.0040638126,0.006905382,0.019866047,0.0070440266
MXh4K5sF.png,sunda,2,sunda,sunda,1,1,0,0.003370222,0.0018878011,0.010911389,0.0029829708,0.0031911146,0.002103425,0.97555304
qav5tzTB.png,lampung,2,lampung,lampung,1,1,0,0.003310348,0.004550912,0.0048273015,0.9755781,0.005713714,0.0030337821,0.0029858167
PVFv7RjL.png,lampung,1,lampung,lampung,1,1,0,0.006179961,0.0016036602,0.0061119166,0.95642614,0.005755978,0.01691576,0.007006591
OMTWoDVs.png,jawi,3,jawi,jawi,1,1,0,0.0047792173,0.008041265,0.9627009,0.0070779887,0.005050412,0.005741224,0.0066088443
4sTL1ST4.png,jawi,5,jawi,jawi,1,1,0,0.007955982,0.009924498,0.9435919,0.010654895,0.0080056945,0.009286854,0.010580148
AZA2KNCt.png,lampung,4,lampung,lampung,1,1,0,0.0066213286,0.0054801907,0.009291443,0.9621467,0.0055736047,0.005290875,0.0055958545
p9cyEgau.png,sunda,2,sunda,sunda,1,1,0,0.0035788699,0.001739608,0.006747206,0.0050839954,0.0041588317,0.00010694904,0.9785846
3MxNQtm5.png,jawi,2,jawi,jawi,1,1,0,0.008336906,0.017479617,0.9413957,0.008216331,0.0043135034,0.012334529,0.00792343
m98PDvdz.png,lampung,3,lampung,lampung,1,1,0,0.0074594594,0.0038079661,0.008014367,0.96602803,0.0062110904,0.0045642196,0.0039149104
GDBfMyEO.png,lampung,5,lampung,lampung,1,1,0,0.010822317,0.002132675,0.002031042,0.9381606,0.009274353,0.02599399,0.011584957
oz4v3TmA.png,jawi,2,jawi,jawi,1,1,0,0.005585945,0.014882403,0.73336273,0.009835141,0.0048661367,0.21763007,0.013837562
sNPWf9oY.png,lampung,1,lampung,lampung,1,1,0,0.0060277157,0.004174235,0.009084039,0.96323913,0.005450518,0.0039559477,0.008068426
30HILJhO.png,jawa,3,jawa,jawa,1,1,0,0.008651464,0.9337458,0.010934671,0.0076259472,0.018280694,0.012758982,0.008002517
BlU5zzas.png,lampung,4,lampung,lampung,1,1,0,0.006175897,0.0022502851,0.006849777,0.963013,0.0069711013,0.00669437,0.008045526
uwNVcCGq.png,jawi,4,jawi,jawi,1,1,0,0.0022115293,0.019893877,0.9538717,0.002414871,0.0033705125,0.01592286,0.0023145406
uvgapSnx.png,jawa,1,jawa,jawa,1,1,0,0.004840605,0.9179265,0.028515209,0.004789611,0.004396957,0.035040073,0.0044910763
OoCZYmsp.png,jawi,2,jawi,jawi,1,1,0,0.006862549,0.018750163,0.9348462,0.008368605,0.004343815,0.014645484,0.012183112
rT6xHRjL.png,sunda,4,sunda,sunda,1,1,0,0.003762015,0.0029809454,0.008138738,0.003717835,0.004741422,0.002158658,0.97450036
xOeBlCjz.png,sunda,2,sunda,sunda,1,1,0,0.01055849,0.0027485024,0.061002187,0.0048882226,0.007741162,0.00023742145,0.91282403
r536Me1X.png,jawa,1,sunda,sunda,0,0,0,0.006817281,0.34657654,0.23058812,0.0073430273,0.023310347,0.028062437,0.3573022
LukX9tq6.png,pegon,2,pegon,pegon,1,1,0,0.0024891156,0.015566493,0.013445392,0.001361494,0.0026920158,0.96212476,0.002320624
o0iRrIOt.png,jawa,4,jawa,jawa,1,1,0,0.0045910636,0.9206234,0.016503405,0.0038173671,0.0038405727,0.047105737,0.003518461
6oqTLoLG.png,jawi,1,jawi,jawi,1,1,0,0.0042449418,0.022307485,0.930192,0.0066197924,0.006551117,0.027898,0.0021865983
DC4c6f35.png,sunda,2,sunda,sunda,1,1,0,0.005235665,0.0002418426,0.01251366,0.0065941215,0.0050330204,0.00030452583,0.9700772
JiFUMukJ.png,sunda,5,sunda,sunda,1,1,0,0.0051107737,0.0034775506,0.007333273,0.004670984,0.0053351233,0.0006553295,0.9734169
vhQeU3Ux.png,jawi,2,jawi,jawi,1,1,0,0.007148595,0.025143176,0.9171455,0.007825473,0.0048373807,0.028379876,0.009519959
NHMd0aUu.png,sunda,5,sunda,sunda,1,1,0,0.007951956,0.0010022182,0.01752352,0.0042525567,0.0069016865,0.00018323187,0.9621849
7MrjbxaP.png,lampung,5,lampung,lampung,1,1,0,0.009023342,0.0027817187,0.0016265283,0.95352364,0.009454631,0.016062493,0.0075276033
uwzw6Qa0.png,jawa,4,jawa,jawa,1,1,0,0.0048083146,0.9510457,0.0053332904,0.0069639743,0.0060230712,0.019299924,0.006525713
ssntx0wo.png,jawa,5,jawa,jawa,1,1,0,0.0077814846,0.89835036,0.058683965,0.008566892,0.0073904167,0.008502872,0.01072414
Iks7c4gy.png,pegon,5,pegon,pegon,1,1,0,0.009871993,0.020010496,0.01314886,0.009395142,0.0074096853,0.9326722,0.007491654
dBNh5W0O.png,jawa,3,jawa,jawa,1,1,0,0.008397465,0.92727816,0.017403435,0.0098566385,0.008824504,0.021828799,0.0064108926
YhlCrFmw.png,jawi,2,jawi,jawi,1,1,0,0.002032626,0.006290003,0.9707064,0.0016550847,0.002372551,0.014811545,0.0021318784
GHAnUfBp.png,jawi,1,jawi,jawi,1,1,0,0.004013614,0.020987228,0.9388871,0.0032229691,0.0039894274,0.025663916,0.003235653
v8QcB9Fj.png,pegon,3,pegon,pegon,1,1,0,0.009882145,0.043000977,0.3586391,0.007430313,0.022177177,0.547661,0.011209349
yV6IQDnB.png,lontara,4,lontara,lontara,1,1,0,0.004758891,0.0065278565,0.0012057645,0.0035576005,0.97427475,0.005436945,0.0042381487
uQynhWQ9.png,sunda,1,sunda,sunda,1,1,0,0.013110227,0.0005218522,0.025021777,0.004520564,0.007244057,0.0005913361,0.94899017
oL8vUxxA.png,lontara,1,lontara,lontara,1,1,0,0.0034420656,0.014929319,0.0011538985,0.005942032,0.9701208,0.00018357894,0.0042283754
mQ7Tbdzg.png,jawi,2,jawi,jawi,1,1,0,0.008290424,0.01904115,0.93281233,0.011329133,0.0066326996,0.011730912,0.010163313
Ykl4KMa9.png,jawi,4,jawi,jawi,1,1,0,0.017094566,0.010677507,0.941648,0.0066442443,0.0074475044,0.010168669,0.006319488
xrG1pW5S.png,pegon,3,pegon,pegon,1,1,0,0.020877825,0.013049143,0.011640201,0.004981504,0.013548875,0.9328587,0.0030437182
f24r30c1.png,jawi,1,jawi,jawi,1,1,0,0.003153359,0.022270098,0.9295403,0.0035628164,0.0063603595,0.03159043,0.0035227106
Kg9HXvrd.png,sunda,1,sunda,sunda,1,1,0,0.0049162903,0.009094127,0.006287027,0.0061396197,0.0070905667,0.000359748,0.9661125
b8XFQYPz.png,jawi,4,jawi,jawi,1,1,0,0.0071536065,0.016905596,0.9593145,0.0028661757,0.0050483025,0.0049078125,0.0038039486
Iaybz7Y9.png,jawa,3,jawi,jawa,0,1,1,0.0003129033,0.90229255,0.006902557,0.05667425,0.000901388,0.010638815,0.02227758
tVV2opg4.png,pegon,5,pegon,pegon,1,1,0,0.006543938,0.019682454,0.017660476,0.006809698,0.0066233804,0.9345631,0.00811702
D0FcCsf2.png,lampung,5,lampung,lampung,1,1,0,0.008329575,0.0011299786,0.01586,0.9507545,0.009170693,0.0071399417,0.0076152827
6yfIVrwP.png,jawi,5,jawi,jawi,1,1,0,0.0008313128,0.021588773,0.954546,0.0014673072,0.002247328,0.018002898,0.0013164039
0uNG9MOR.png,jawa,3,jawa,jawa,1,1,0,0.0068225246,0.9219973,0.021960327,0.009541232,0.0081442725,0.025499316,0.0060349763
plrmS1IF.png,pegon,3,pegon,pegon,1,1,0,0.00968738,0.017540338,0.023928018,0.008434702,0.010048349,0.9218821,0.0084791435
l20H0Eni.png,jawa,5,jawa,jawa,1,1,0,0.0072807786,0.9462555,0.0042721704,0.009099494,0.0100248335,0.011124537,0.011942731
kRaC7T9p.png,sunda,3,sunda,sunda,1,1,0,0.005850939,0.016261958,0.006641386,0.0065110857,0.008200055,0.0005624633,0.9559721
EGYKAu3R.png,lampung,2,lampung,lampung,1,1,0,0.005396365,0.0014333723,0.010190498,0.9713588,0.004058674,0.0027091275,0.0048530786
svnVLQms.png,jawi,1,jawi,jawi,1,1,0,0.0057959,0.016470945,0.93785006,0.0071359696,0.0049646045,0.024883267,0.0028992286
HK7r5hJQ.png,jawi,1,jawi,jawi,1,1,0,0.007850372,0.01895475,0.9376921,0.010162295,0.00441217,0.015350024,0.005578162
9wE2HCGn.png,pegon,2,pegon,pegon,1,1,0,0.008067618,0.026805254,0.020542268,0.0066388496,0.006494992,0.92438173,0.007069337
2olu5B8A.png,jawa,4,jawa,jawa,1,1,0,0.009968362,0.9324909,0.01818068,0.007218579,0.008363806,0.016797967,0.0069796625
PZjL1yKC.png,jawi,4,jawi,jawi,1,1,0,0.0009074469,0.033087876,0.93539023,0.0036200185,0.00277632,0.022257581,0.0019605407
WgJkY4Nt.png,sunda,3,sunda,sunda,1,1,0,0.005609865,0.00042384156,0.015520945,0.00563515,0.006538229,0.0010127793,0.96525925
YxT1dmdU.png,pegon,2,pegon,pegon,1,1,0,0.0050384006,0.019133069,0.011638842,0.0026683456,0.003033071,0.95300615,0.005482012
C7YjrKzi.png,pegon,3,pegon,pegon,1,1,0,0.0058944,0.023828316,0.11246392,0.010309647,0.009538547,0.8301911,0.007774156
KieQI5a4.png,lampung,5,lampung,lampung,1,1,0,0.008813848,0.0027183509,0.0007088646,0.952251,0.009678133,0.017771373,0.0080583915
jFVtkYg8.png,pegon,3,pegon,pegon,1,1,0,0.014838952,0.014723768,0.024513615,0.012361938,0.014527356,0.9038384,0.0151959695
qxLU4chO.png,lontara,5,lontara,lontara,1,1,0,0.0066474066,0.017615996,0.004954284,0.008850534,0.953818,0.0001949331,0.007918892
DxLwayyz.png,sunda,4,sunda,sunda,1,1,0,0.0043730666,0.0020019694,0.014315681,0.010687327,0.0048662387,0.049702015,0.9140537
CngA4I7x.png,pegon,2,pegon,pegon,1,1,0,0.0088724075,0.026629101,0.014988716,0.014079436,0.00620912,0.9237037,0.0055175414
RTHXDAaP.png,pegon,5,pegon,pegon,1,1,0,0.0071021947,0.018426035,0.015470885,0.012044962,0.009463423,0.92770135,0.009791056
tAa0zmPc.png,pegon,5,pegon,pegon,1,1,0,0.0072333068,0.016577553,0.016114656,0.009403887,0.007394223,0.9365747,0.0067015663
GG4HgU5v.png,lampung,4,lampung,lampung,1,1,0,0.0060925726,0.0011489888,0.0005204248,0.9646564,0.006128312,0.016573874,0.0048793834
uuGftqbu.png,pegon,4,pegon,pegon,1,1,0,0.007338616,0.0063354555,0.020702276,0.010152094,0.009046858,0.9384303,0.00799449
iw4tUgjA.png,lampung,4,lampung,lampung,1,1,0,0.008452229,0.0030889295,0.01014925,0.96396583,0.006271514,0.0021315573,0.005940707
iYaXOTjQ.png,jawa,5,jawi,jawa,0,1,1,0.00037555472,0.9582062,0.010177111,0.003275236,0.00090291654,0.00992196,0.017140971
OBt1d88Q.png,jawa,5,jawa,jawa,1,1,0,0.010250507,0.45035127,0.112457655,0.0087562045,0.008431688,0.40260962,0.0071430523
wdky0buh.png,lampung,4,lampung,lampung,1,1,0,0.0047478504,0.0022223596,0.0118363695,0.96808684,0.0071582147,0.0008760443,0.0050722454
3qYeWQ8I.png,lampung,5,lampung,lampung,1,1,0,0.007815988,0.0024194922,0.00069948623,0.9514366,0.008826716,0.019755092,0.009046676
mqkxKMRl.png,pegon,3,pegon,pegon,1,1,0,0.0038308706,0.02162768,0.013298427,0.0035492545,0.0044027036,0.94975156,0.0035395094
Y9D4HCzf.png,jawi,1,jawi,jawi,1,1,0,0.006030145,0.019606909,0.9228294,0.011242205,0.0076408866,0.024712946,0.007937574
P4ZVLBUQ.png,jawa,3,jawa,jawa,1,1,0,0.012787778,0.90898275,0.008911354,0.008295455,0.022226287,0.015277614,0.023518743
9eeA0dMk.png,lampung,4,lampung,lampung,1,1,0,0.005880637,0.004690574,0.009707025,0.9689672,0.005242225,0.0011122066,0.0044001243
ilN1fICp.png,jawi,1,jawi,jawi,1,1,0,0.0040204693,0.019130895,0.93904114,0.0040496998,0.0050247214,0.024325836,0.0044073756
nu7G4Chv.png,sunda,4,sunda,sunda,1,1,0,0.0050724535,0.0015305232,0.017439105,0.007206891,0.006835047,0.0003257081,0.9615903
wRLOMMV3.png,lampung,5,lampung,lampung,1,1,0,0.008612289,0.023771856,0.00070602883,0.95315224,0.0046233716,0.0017967562,0.0073374263
56eCE5YN.png,jawi,4,jawi,jawi,1,1,0,0.0027577623,0.02173424,0.94792885,0.005812021,0.004959342,0.014981535,0.0018262166
Ap8L0vKD.png,sunda,3,sunda,sunda,1,1,0,0.004738436,0.0030854314,0.01826546,0.006343193,0.007803934,0.0012141864,0.95854926
KOKuH4pU.png,bali,5,bali,bali,1,1,0,0.9560393,0.015192481,0.0013725727,0.00796737,0.0075436234,0.00016518589,0.011719588
VUogjgnz.png,jawa,2,sunda,sunda,0,0,0,3.9878968e-15,0.00015721153,2.6552468e-06,3.351284e-09,1.5953845e-15,2.8154757e-06,0.9998373
3F3giIcO.png,sunda,3,sunda,sunda,1,1,0,0.0066473586,0.0014307043,0.018239269,0.0072194356,0.00790404,0.00036546699,0.9581938
6ia8NL15.png,jawi,2,jawi,jawi,1,1,0,0.0083892,0.017332455,0.9271107,0.011151404,0.005942472,0.017726162,0.012347682
BpGpjYF0.png,lampung,2,lampung,lampung,1,1,0,0.0056425836,0.0043934216,0.00956133,0.9664515,0.006890105,0.0018292721,0.0052316524
ujt91Wpp.png,lampung,3,lampung,lampung,1,1,0,0.008892143,0.0037682764,0.019485764,0.9399942,0.011374435,0.0066119176,0.0098732505
uLVNsP1j.png,jawi,5,jawi,jawi,1,1,0,0.0086712,0.015951194,0.9370867,0.008189032,0.008849424,0.013314712,0.007937711
p4bw58hY.png,lontara,3,lontara,lontara,1,1,0,0.0045927116,0.008888993,0.0007615027,0.0046899766,0.977367,0.00014311705,0.003556628
zivLhmqs.png,pegon,4,pegon,pegon,1,1,0,0.0045381705,0.04822448,0.04543562,0.0022917006,0.0032570327,0.89015365,0.006099347
NhrxEqrx.png,lontara,3,lontara,lontara,1,1,0,0.0073734177,0.026763275,0.0014937479,0.004697757,0.95137715,0.0014477903,0.0068469103
iaaNN8nt.png,lampung,4,lampung,lampung,1,1,0,0.0071168905,0.006350248,0.0058586984,0.9689352,0.0065216925,0.00069903873,0.004518205
oqlvsrnX.png,lampung,3,lampung,lampung,1,1,0,0.008644502,0.020497784,0.00097284093,0.9541883,0.0071275635,0.00010404974,0.008464937
yOsadVJ7.png,lontara,2,lontara,lontara,1,1,0,0.006367282,0.013393793,0.0033185494,0.009582213,0.9611358,0.0004468201,0.0057556196
NVWWkIMY.png,jawi,3,jawi,jawi,1,1,0,0.0052065854,0.008451854,0.9636364,0.0020730074,0.013459904,0.003599771,0.0035725464
pStAr5VD.png,bali,2,bali,bali,1,1,0,0.96219295,0.014262334,0.003306705,0.0062235324,0.004642832,0.00017813915,0.009193554
NMovE2xm.png,pegon,5,pegon,pegon,1,1,0,0.0042476803,0.02100656,0.019052122,0.006059049,0.0056576896,0.9360882,0.0078886915
1S63AGRh.png,lampung,5,lampung,lampung,1,1,0,0.008513842,0.016877858,0.0007539751,0.9596533,0.0061752372,0.00096482,0.0070610167
zLLkOAZ6.png,pegon,5,pegon,pegon,1,1,0,0.004177765,0.02053406,0.017701467,0.0046073003,0.004885737,0.9431577,0.004935966
G8k9bjca.png,lampung,5,lampung,lampung,1,1,0,0.007385266,0.00059332256,0.001062889,0.95965093,0.0067850426,0.017037295,0.0074853594
L9uCJMW1.png,jawa,1,jawa,jawa,1,1,0,0.006448983,0.94158584,0.012741077,0.009239403,0.007987577,0.011612217,0.010384806
atsLw16F.png,sunda,2,sunda,sunda,1,1,0,0.005632987,0.0040380647,0.0055355737,0.004047455,0.0039298586,6.089706e-05,0.9767552
BEUmtuRC.png,pegon,5,pegon,pegon,1,1,0,0.00409931,0.023602491,0.016851474,0.0049002604,0.004179458,0.94279814,0.0035688197
Z0yt0BRQ.png,jawi,3,jawi,jawi,1,1,0,0.0046987734,0.012593961,0.9499977,0.005616261,0.0059536914,0.015370285,0.005769209
rvMQC5ZP.png,jawa,4,jawa,jawa,1,1,0,0.0048928075,0.93195665,0.027896391,0.0054079164,0.0048835934,0.020954734,0.0040079216
YZYJI441.png,jawi,2,jawi,jawi,1,1,0,0.004269332,0.015400796,0.92620796,0.01025804,0.027006062,0.012545237,0.0043125795
zRZrSUH4.png,lontara,3,lontara,lontara,1,1,0,0.0060037477,0.011061631,0.0013771091,0.004638025,0.972475,0.00070301513,0.0037414506
shtopeyt.png,lampung,3,lampung,lampung,1,1,0,0.0038296347,0.004828107,0.0018227262,0.97204393,0.0056136325,0.00651599,0.0053459075
xeJzXY5B.png,jawi,2,jawi,jawi,1,1,0,0.010234721,0.014741995,0.9255135,0.011748185,0.0076134223,0.018150682,0.011997612
vX6vPv7c.png,jawa,5,jawa,jawa,1,1,0,0.009908057,0.93743545,0.011708738,0.011443156,0.01254905,0.010302696,0.0066529196
TKGzL4tu.png,bali,4,bali,bali,1,1,0,0.972714,0.011906309,0.0012065462,0.004980618,0.004160613,0.0002151105,0.0048167715
5hcvTggc.png,jawi,3,jawi,jawi,1,1,0,0.0056633363,0.008031812,0.9568854,0.0074067437,0.0077002565,0.0059280735,0.008384384
tkGcohDy.png,lontara,1,lontara,lontara,1,1,0,0.007905709,0.023521714,0.0024176054,0.011297309,0.94166017,0.000765017,0.012432404
6NjbahYI.png,lontara,1,lontara,lontara,1,1,0,0.004717829,0.010861076,0.0016182391,0.0070806816,0.97353125,0.00033509868,0.0018557969
6QJdvWd3.png,jawa,3,jawa,jawa,1,1,0,0.0024448666,0.95952475,0.010412433,0.0054536196,0.005334842,0.012807512,0.0040220045
1av2rXzj.png,pegon,5,pegon,pegon,1,1,0,0.007827441,0.019664297,0.025422653,0.012321976,0.010290483,0.91564155,0.008831636
uDscbKnV.png,lontara,1,lontara,lontara,1,1,0,0.0061879135,0.021502618,0.0010396434,0.007989165,0.954219,0.00026311984,0.008798531
8PQpv4uD.png,jawi,5,jawi,jawi,1,1,0,0.0101756025,0.010383533,0.89538383,0.009266698,0.0046616504,0.064168364,0.005960457
635v8Ku4.png,pegon,5,pegon,pegon,1,1,0,0.007455331,0.015319673,0.023878666,0.0069615925,0.007851296,0.92946255,0.009070917
CzEp0rGn.png,jawi,3,jawi,jawi,1,1,0,0.0047004633,0.015773045,0.94859505,0.005649571,0.0029003874,0.015680892,0.0067006354
4uCu925w.png,jawa,3,jawa,jawa,1,1,0,0.008645175,0.927535,0.015959121,0.00841542,0.011491803,0.02021366,0.007739802
ReNWx1u6.png,lontara,5,lontara,lontara,1,1,0,0.005074972,0.008468798,0.008788974,0.00634845,0.9643283,0.00036170307,0.0066287676
mcpYuMQ6.png,pegon,5,pegon,pegon,1,1,0,0.0058075576,0.014020576,0.013287386,0.0066780774,0.006453901,0.9461869,0.007565618
dZc267vP.png,pegon,4,pegon,pegon,1,1,0,0.0064338585,0.0026704972,0.0089463815,0.005607554,0.0061439485,0.96385086,0.0063468413
tBQEOAjZ.png,lontara,3,lontara,lontara,1,1,0,0.0050418694,0.014952795,0.0007982946,0.006417483,0.9668787,0.00034519134,0.005565565
S7dihGqZ.png,pegon,4,pegon,pegon,1,1,0,0.0031459117,0.030174477,0.052880343,0.0030055668,0.0040719453,0.90273947,0.0039822743
Kf5MfJqj.png,jawa,3,jawa,jawa,1,1,0,0.004214548,0.94740105,0.016001265,0.006603284,0.0067401202,0.011879524,0.0071603223
YrppIPWq.png,bali,3,bali,bali,1,1,0,0.9608015,0.0015762226,0.017407248,0.0062152613,0.0058163092,0.0003163437,0.0078671165
m6pH5u0a.png,pegon,1,pegon,pegon,1,1,0,0.0035727182,0.006049382,0.009780835,0.0060655894,0.0032994207,0.96886766,0.0023643689
EbfVDAP8.png,lontara,1,pegon,jawi,0,0,1,0.0033758045,0.0081689255,0.6708466,0.0052520474,0.26378468,0.03845196,0.010120019
2OU8ugSX.png,pegon,2,pegon,pegon,1,1,0,0.004641069,0.02593996,0.018720383,0.0054271272,0.0038940627,0.93701446,0.0043629366
xD4XITS4.png,pegon,2,pegon,pegon,1,1,0,0.005759882,0.023111995,0.01566128,0.0055566,0.0029890907,0.94279397,0.0041271667
tC3bWy0s.png,jawa,4,jawa,jawa,1,1,0,0.008561992,0.9460653,0.01801805,0.0065779462,0.005027212,0.011828072,0.003921364
FXYmf7Pe.png,lampung,5,lampung,lampung,1,1,0,0.0064628855,0.0011246322,0.00065920304,0.9655034,0.005184568,0.014121938,0.006943401
epjmilg8.png,jawa,2,jawa,jawa,1,1,0,0.013639647,0.94174695,0.014230019,0.007811855,0.005440507,0.0125824995,0.004548576
00o2VAsl.png,sunda,2,sunda,sunda,1,1,0,0.008694653,0.0014727557,0.013014841,0.005783297,0.0072025927,0.00019761991,0.9636343
tYFVbvsX.png,sunda,4,sunda,sunda,1,1,0,0.004754124,0.0007560202,0.016022976,0.006069566,0.0058633448,0.0003151561,0.96621877
y1n9NcQ9.png,pegon,4,pegon,pegon,1,1,0,0.005789393,0.02831107,0.2546857,0.0059727062,0.0044610705,0.6919696,0.008810532
VTSkXIUk.png,jawi,2,jawi,jawi,1,1,0,0.010992918,0.028061738,0.888456,0.01007294,0.008953473,0.026646271,0.02681665
22FxHCSI.png,sunda,3,sunda,sunda,1,1,0,0.008583923,0.00024546235,0.02744503,0.008486163,0.010254591,0.00012488112,0.9448599
PyOaKXYD.png,lampung,4,lampung,lampung,1,1,0,0.0023905553,0.008903195,0.007891646,0.9744081,0.003986258,0.0005396619,0.0018805541
pOJqBXvL.png,jawi,3,jawi,jawi,1,1,0,0.006122967,0.01157605,0.9581017,0.008722104,0.0064440733,0.0053623756,0.0036708682
Byr7ii9D.png,jawi,4,jawi,jawi,1,1,0,0.002176853,0.01249229,0.8783466,0.0116334,0.0029839159,0.08713812,0.0052289227
kxqeRAy9.png,sunda,1,sunda,sunda,1,1,0,0.006388042,0.00072242186,0.023702407,0.008239684,0.0075068637,0.00033383156,0.95310676
RFE3aA6w.png,jawa,3,jawa,jawa,1,1,0,0.0034361524,0.9526049,0.00986396,0.002915677,0.0039306255,0.020239534,0.007009162
6MFdJULv.png,jawi,4,jawi,jawi,1,1,0,0.00826045,0.010879156,0.9372062,0.00909425,0.016923927,0.00721178,0.010424163
9aWsoHJa.png,pegon,1,pegon,pegon,1,1,0,0.0049235686,0.011258344,0.019681975,0.0042966516,0.0047591357,0.94925725,0.005822938
dTEa72VW.png,bali,5,bali,bali,1,1,0,0.94776034,0.0013441071,0.026013628,0.0067727785,0.009806892,0.0001470238,0.00815518
f63bm799.png,lampung,2,lampung,lampung,1,1,0,0.0065071913,0.017340062,0.00092732866,0.96545583,0.0059634494,0.00015387882,0.0036522108
M4OXWk2D.png,bali,5,bali,bali,1,1,0,0.9031109,0.00086830516,0.052067347,0.017383257,0.008139094,0.00080305105,0.017627921
tn9Xx4Ce.png,pegon,4,pegon,pegon,1,1,0,0.0019427172,0.005167612,0.0029791247,0.003628894,0.0019076498,0.982851,0.0015229197
UxoZ7kjL.png,jawi,4,jawi,jawi,1,1,0,0.0014964598,0.018560532,0.96319526,0.0025214837,0.0016310161,0.011356912,0.0012382417
HQ2DS2YS.png,jawa,1,jawa,jawa,1,1,0,0.004190733,0.9385719,0.02605931,0.0077395495,0.0035476421,0.017546725,0.0023441117
MKIeYWnk.png,pegon,2,pegon,pegon,1,1,0,0.0051017823,0.039443653,0.03036086,0.003011971,0.0037339604,0.9136533,0.004694391
eTUlor2N.png,sunda,5,sunda,sunda,1,1,0,0.0105308285,0.0055813426,0.016589746,0.006713972,0.007857907,0.0006054629,0.9521208
FtwQH2Wh.png,sunda,1,sunda,sunda,1,1,0,0.006594918,0.00051872304,0.024557976,0.0066504027,0.01113916,0.00020018095,0.95033866
N0kM47rL.png,sunda,5,sunda,sunda,1,1,0,0.0038284904,0.0004274073,0.005874304,0.0062849037,0.0055756457,0.013812417,0.96419686
vyGXLfpE.png,pegon,5,pegon,pegon,1,1,0,0.0058559803,0.023397027,0.022108639,0.0076824157,0.0065686717,0.9291309,0.005256361
Ja4EdC9z.png,pegon,5,pegon,jawi,1,0,1,0.0066520874,0.01306646,0.54966366,0.012323313,0.033208,0.37557083,0.009515667
uQmHilrQ.png,lampung,2,lampung,lampung,1,1,0,0.0056615723,0.0027228745,0.009566619,0.9687667,0.006686533,0.0022120606,0.0043836157
lI7FCFD5.png,pegon,5,pegon,pegon,1,1,0,0.0057177986,0.01972318,0.023216905,0.0056139724,0.0044194385,0.9374119,0.0038968136
uiS1QFaE.png,lampung,1,lampung,lampung,1,1,0,0.00396028,0.0090617165,0.0035353506,0.9641174,0.01137594,0.0012378002,0.006711558
HueiQtZL.png,jawi,1,jawi,jawi,1,1,0,0.0016679167,0.03181492,0.9338632,0.0028444596,0.003867443,0.022837237,0.0031048108
pOzsktN4.png,jawa,1,jawa,jawa,1,1,0,0.013973274,0.54376954,0.11133994,0.008864619,0.014170005,0.29723457,0.010647997
iOeB3Sla.png,jawa,3,jawa,jawa,1,1,0,0.006537534,0.94230306,0.010335986,0.007726575,0.009599143,0.016372327,0.0071253153
VV3ruI6T.png,lontara,3,lontara,lontara,1,1,0,0.006700332,0.009058796,0.006280976,0.00591241,0.96487224,0.00046148093,0.006713684
0nJGjq1L.png,pegon,1,pegon,pegon,1,1,0,0.0056386287,0.011643782,0.010396726,0.0072761434,0.004298584,0.9580773,0.0026688266
KrMAb5my.png,pegon,4,pegon,pegon,1,1,0,0.0079290485,0.034470294,0.04790402,0.009446244,0.0073358184,0.88380677,0.009107699
GRsBLf78.png,sunda,4,sunda,sunda,1,1,0,0.004212613,0.00040037354,0.02435051,0.008507789,0.012051253,4.9746926e-05,0.9504277
VmYx4ElR.png,bali,1,bali,bali,1,1,0,0.9733696,0.0061343163,0.009845784,0.0026439945,0.004793716,0.00015334485,0.0030592845
IZfyzjrg.png,jawi,4,jawi,jawi,1,1,0,0.004798101,0.021772249,0.9477337,0.0033532658,0.0037395186,0.015544736,0.0030583516
pa0t0Im3.png,jawa,3,jawa,jawa,1,1,0,0.0,0.9624566,0.019742433,0.0,0.0,0.017801,0.0
Jd49MCkK.png,jawi,1,jawi,jawi,1,1,0,0.0029009175,0.011612382,0.9554937,0.0008491516,0.0023566699,0.025301926,0.0014852753
FsbbNagd.png,pegon,2,pegon,pegon,1,1,0,0.006198807,0.01926893,0.017038016,0.00596861,0.0036897983,0.9430496,0.0047862055
9BSQ5QhX.png,pegon,4,pegon,pegon,1,1,0,0.003036674,0.010060169,0.005593862,0.005473094,0.0035750389,0.9687114,0.0035497542
sOeWUyTx.png,jawa,4,jawa,jawa,1,1,0,0.005285231,0.9615127,0.0139584625,0.0016994412,0.0039532245,0.011172213,0.0024187781
bTdv24Cd.png,lontara,5,lontara,lontara,1,1,0,0.0083405515,0.02342036,0.0021773693,0.009323811,0.9482968,0.00043870267,0.0080024535
Ps0KK5xx.png,lampung,1,lampung,lampung,1,1,0,0.005422193,0.00045618715,0.013768376,0.9693989,0.0053124954,0.0009197252,0.00472218
hbpn5DX8.png,jawa,1,pegon,jawa,0,1,1,1.0324895e-09,0.95726186,0.01893904,2.6136056e-05,1.5752494e-05,0.014706591,0.009050743
J65WKrBA.png,jawi,1,jawi,jawi,1,1,0,0.0069063874,0.02431282,0.90966296,0.0072545,0.013018795,0.0294992,0.009345313
f04zoSZD.png,lampung,3,lampung,lampung,1,1,0,0.007069045,0.009393622,0.0034998716,0.96241295,0.008721343,0.003334712,0.0055684065
5ZIdkyLl.png,jawa,2,jawa,jawa,1,1,0,0.0052071624,0.946137,0.015055787,0.0072263,0.0048846444,0.017093794,0.0043953788
0LR4IHQx.png,pegon,3,pegon,pegon,1,1,0,0.0071391673,0.016837738,0.026334722,0.0066391975,0.0063011376,0.9292379,0.0075100814
fdH8nwNs.png,lampung,3,lampung,lampung,1,1,0,0.0040964303,0.0006968452,0.012178204,0.97352546,0.0048524756,0.00018098582,0.0044695768
PMJRPQyR.png,jawi,3,jawi,jawi,1,1,0,0.009075636,0.007098165,0.9387995,0.007875295,0.0034876228,0.029421076,0.0042427066
BvkQ45Bi.png,sunda,5,sunda,sunda,1,1,0,0.008709136,0.00042670843,0.019888517,0.0069455486,0.008291925,0.00024671885,0.9554913
NbdpJWDR.png,bali,3,bali,bali,1,1,0,0.9599676,0.00080347504,0.018812304,0.006579758,0.0065951687,0.0003828852,0.006858799
u4QWhZ12.png,bali,3,bali,bali,1,1,0,0.94980764,0.005342093,0.018782804,0.009092593,0.006698526,0.00057331723,0.00970304
mX3qZV7e.png,pegon,4,pegon,pegon,1,1,0,0.009830284,0.0019851113,0.012515697,0.009265674,0.010975551,0.94363314,0.011794553
C85hc0yt.png,jawi,2,jawi,jawi,1,1,0,0.0059440467,0.013902666,0.94928914,0.0048522777,0.003579217,0.019914651,0.0025179707
3VXwC5jJ.png,lampung,4,lampung,lampung,1,1,0,0.0045628394,0.0034159357,0.010128084,0.97252154,0.004896833,0.0008619525,0.0036127986
RHBmMx0H.png,jawi,1,jawi,jawi,1,1,0,0.0029013925,0.023481151,0.93795127,0.0042084632,0.0048363595,0.023619138,0.0030022352
jzPXvklM.png,lontara,3,lontara,lontara,1,1,0,0.004717503,0.033487357,0.0029707209,0.0028660225,0.95145124,0.0012696066,0.0032375837
gTFhouBR.png,pegon,5,pegon,pegon,1,1,0,0.007587285,0.018754378,0.016713101,0.010149432,0.0077654566,0.931411,0.0076193158
BRBuQJEE.png,pegon,2,pegon,pegon,1,1,0,0.0041265273,0.016778229,0.016293809,0.003024049,0.004697691,0.94883823,0.00624152
CTq6dg71.png,bali,3,bali,bali,1,1,0,0.9420018,0.0041742474,0.0214799,0.011041901,0.008631953,0.0009246036,0.011745581
9zlvJPqL.png,jawa,1,jawa,jawi,1,0,1,0.009808143,0.4613353,0.48679158,0.00665643,0.01079643,0.006977697,0.017634401
dcERMNmL.png,sunda,1,sunda,sunda,1,1,0,0.009928353,0.0045977444,0.025148157,0.007063212,0.010309699,0.0005039029,0.942449
07SOq8PR.png,jawa,1,jawa,jawa,1,1,0,0.0047283126,0.9457854,0.013451438,0.006097928,0.005387005,0.018260678,0.006289293
9lVplFWi.png,jawi,2,jawi,jawi,1,1,0,0.0072101834,0.01137886,0.9491675,0.0071282485,0.0064613796,0.01543202,0.003221818
SBv70les.png,sunda,5,sunda,sunda,1,1,0,0.006935754,0.0028956132,0.017432963,0.0065887487,0.0071796044,0.00044983986,0.95851755
JUggMaiq.png,jawi,4,jawi,jawi,1,1,0,0.01861315,0.018999632,0.84170973,0.020335011,0.038241953,0.038380314,0.023720225
5IwTPe8G.png,lampung,5,lampung,lampung,1,1,0,0.007308347,0.0064094127,0.0018627424,0.95679027,0.0062347287,0.013373046,0.008021408
1FEQV5fS.png,jawa,5,jawa,jawa,1,1,0,0.004820387,0.9598193,0.0101545,0.006351265,0.0032109201,0.0101545,0.0054891156
gW1e4HMQ.png,sunda,2,sunda,sunda,1,1,0,0.0060184086,0.00052022055,0.01850933,0.004890986,0.004802139,0.00012667886,0.9651321
IU0LRuVy.png,lontara,4,lontara,lontara,1,1,0,0.008763574,0.015847757,0.0022334673,0.0059318496,0.95724154,0.0027112316,0.007270564
1yFFYn31.png,lampung,4,lampung,lampung,1,1,0,0.005433636,0.0032763204,0.0076046656,0.97140527,0.0047197104,0.0032827258,0.0042776247
DcJdlxEr.png,sunda,5,sunda,sunda,1,1,0,0.006421566,0.01023188,0.008165536,0.0057021547,0.007384083,0.00051693234,0.96157783
BvCZgTim.png,jawi,2,jawi,jawi,1,1,0,0.011187378,0.025304824,0.9016598,0.0066511235,0.010660284,0.024478422,0.020058133
gem8TlXK.png,jawa,2,jawa,jawa,1,1,0,0.007410329,0.71041155,0.04599532,0.006933066,0.008294048,0.21489848,0.0060572224
sgXdypIF.png,lampung,2,lampung,lampung,1,1,0,0.003048594,0.0002075852,0.00030056352,0.9748615,0.0032939154,0.013657789,0.004630079
5gn5LIPe.png,lampung,5,lampung,lampung,1,1,0,0.007282998,0.000664911,0.0004112431,0.9550706,0.00742852,0.020503772,0.008637918
NbbdoC50.png,sunda,2,sunda,sunda,1,1,0,0.0034171636,0.0003373026,0.013071728,0.002508837,0.0024128999,4.095943e-05,0.9782111
clIFepEb.png,sunda,2,sunda,sunda,1,1,0,0.007920202,0.0023038082,0.014292842,0.0059333546,0.0074974946,6.340516e-05,0.9619889
mxd41lB0.png,lontara,1,lontara,lontara,1,1,0,0.010197596,0.032661624,0.00088152336,0.01477696,0.921929,0.00079173717,0.01876144
FfJasBH5.png,sunda,5,sunda,sunda,1,1,0,0.0053041,0.0043558534,0.0068235034,0.005397342,0.0042658374,0.0009682512,0.9728851
htvzNAYB.png,pegon,3,pegon,pegon,1,1,0,0.0051014503,0.0160446,0.01381781,0.00923714,0.0065623773,0.9434951,0.0057414607
VVSABDHA.png,jawi,1,jawi,jawi,1,1,0,0.0012108111,0.044701885,0.9209504,0.0028552695,0.002151579,0.025745448,0.0023845627
fkjf2RWQ.png,lampung,5,lampung,lampung,1,1,0,0.0061191083,0.002205862,0.013316047,0.9558273,0.0070804106,0.008111667,0.007339566
Y9L6y8di.png,sunda,4,sunda,sunda,1,1,0,0.0068820715,0.00035177532,0.019319147,0.007874168,0.0077212323,0.00018339191,0.95766824
5uv6JUan.png,pegon,3,pegon,pegon,1,1,0,0.010791619,0.02133176,0.016776223,0.008007422,0.0050531905,0.9312839,0.0067558307
Tzd7xYN7.png,pegon,5,pegon,pegon,1,1,0,0.008886831,0.012003743,0.020319594,0.0056683803,0.00748687,0.93695974,0.008674711
LMkyNv4C.png,jawi,4,jawi,jawi,1,1,0,0.008598122,0.009541313,0.9656666,0.003141035,0.004139186,0.006641424,0.0022722185
DKYol1WC.png,pegon,2,pegon,pegon,1,1,0,0.00985489,0.020098932,0.012431057,0.009519999,0.0068549616,0.9258802,0.015360033
HDODZq27.png,lontara,4,lontara,lontara,1,1,0,0.008220588,0.005460257,0.005708347,0.010284347,0.93482167,0.022632137,0.012872689
gaYv1M99.png,lampung,3,lampung,lampung,1,1,0,0.007836221,0.012506097,0.00036585363,0.9709434,0.0042142505,0.00011495243,0.0040192143
cbFu1BeI.png,lontara,5,lontara,lontara,1,1,0,0.004809035,0.005454422,0.011274019,0.008880228,0.96147776,0.00047776705,0.0076267826
r3xoFgVa.png,jawa,1,jawa,jawa,1,1,0,0.013121074,0.9316913,0.02020534,0.007803878,0.00916353,0.009666267,0.0083487015
oFtjAIEK.png,pegon,1,pegon,pegon,1,1,0,0.0017004758,0.013823054,0.011459714,0.004646491,0.003722189,0.962469,0.0021790431
ZLZn3Xov.png,jawi,2,jawi,jawi,1,1,0,0.01380241,0.02132508,0.8935796,0.021150045,0.008598663,0.02372025,0.017823894
OMIFEEQY.png,lontara,2,lontara,lontara,1,1,0,0.008390532,0.02433067,0.003896952,0.008778373,0.94546074,0.00028270806,0.008860128
0Cag0VBE.png,jawi,1,jawi,jawi,1,1,0,0.003196746,0.021834923,0.9293517,0.003937326,0.008194662,0.028505934,0.004978853
YsLTE8aY.png,pegon,5,pegon,pegon,1,1,0,0.0060378993,0.018541891,0.014884285,0.009191808,0.0064078933,0.93810385,0.0068324464
7UFwyQ07.png,jawa,1,jawa,jawa,1,1,0,0.0061002476,0.9477145,0.0183337,0.0050628665,0.004309991,0.010446226,0.00803242
x1x4SPLf.png,sunda,4,sunda,sunda,1,1,0,0.004722165,0.00050463015,0.013625853,0.0047120117,0.004318055,0.0011790434,0.9709382
dn3bIxdi.png,jawa,2,jawa,jawa,1,1,0,0.006141018,0.81163514,0.09367874,0.005101085,0.006506675,0.07274365,0.004193674
j5qTiOvR.png,lampung,2,lampung,lampung,1,1,0,0.007137512,0.004427425,0.010151811,0.9640146,0.005177112,0.005609101,0.0034824274
0LcdKuyZ.png,lampung,4,lampung,lampung,1,1,0,0.0034384115,0.004037677,0.0050317217,0.9747858,0.0061008246,0.0033984052,0.0032071823
oiqsT9pU.png,bali,4,bali,bali,1,1,0,0.9648483,0.014829896,0.004197798,0.0052399137,0.005283429,0.00048374062,0.0051168716
ktC2KcLC.png,jawi,5,jawi,jawi,1,1,0,0.016127933,0.00903123,0.92391324,0.013973585,0.011473423,0.013623842,0.011856853
YOG9Fg5H.png,lampung,4,lampung,lampung,1,1,0,0.0042943587,0.0004931599,0.0026224633,0.97391033,0.0041897045,0.010658103,0.0038318192
XkxUmASi.png,bali,2,bali,bali,1,1,0,0.96523887,0.009336418,0.0046626627,0.0075196926,0.0049142884,0.0002119863,0.008116062
x49lBBdD.png,pegon,5,pegon,pegon,1,1,0,0.010773203,0.024352983,0.015314301,0.009868748,0.00935397,0.92190605,0.008430679
VslC5jqJ.png,pegon,4,pegon,pegon,1,1,0,0.0036729292,0.006037394,0.020877982,0.003884223,0.0048028957,0.95568234,0.005042181
8I5K4Vwp.png,sunda,2,sunda,sunda,1,1,0,0.0053738793,0.0005663317,0.014706075,0.0079132505,0.0068238215,5.757263e-05,0.96455914
0srIOzlg.png,sunda,2,sunda,sunda,1,1,0,0.004299875,0.00010338224,0.008871344,0.005389724,0.004158236,2.03373e-05,0.9771572
JsVB4gt6.png,sunda,5,sunda,sunda,1,1,0,0.0050906953,0.0011861203,0.015704382,0.004309366,0.0051324107,0.00020880118,0.96836823
D1C9fENR.png,bali,1,bali,bali,1,1,0,0.9797751,0.008067627,0.0029211876,0.003146802,0.0038140218,8.4605344e-05,0.0021906358
Amli5XXI.png,lampung,4,lampung,lampung,1,1,0,0.0045712753,0.0009574821,0.0041738623,0.97192603,0.005648468,0.008613486,0.0041094166
dNJ9Mk7E.png,sunda,5,sunda,sunda,1,1,0,0.006784242,0.00954324,0.012519875,0.006760842,0.00739946,0.00035205367,0.95664036
UyBEPteQ.png,lontara,5,lontara,lontara,1,1,0,0.00782073,0.021223698,0.0010838386,0.006370198,0.9565797,0.00018578544,0.006736055
vH44rVnp.png,jawi,4,jawi,jawi,1,1,0,0.005983779,0.0127959885,0.9586614,0.0032605303,0.0031979221,0.012548491,0.003551822
4vsRKfC5.png,jawi,5,jawi,jawi,1,1,0,0.012598711,0.019313209,0.9134554,0.012064735,0.016316092,0.015609794,0.010642108
gLNXyKXe.png,lampung,3,lampung,lampung,1,1,0,0.0045582973,0.001394857,0.007042284,0.9668865,0.0056224526,0.009592818,0.004902751
knxZO4EW.png,lontara,1,lontara,lontara,1,1,0,0.0046920856,0.017579695,0.0007302212,0.0081264945,0.9618839,0.00039837367,0.006589162
FpsnbGHn.png,sunda,4,sunda,sunda,1,1,0,0.006959514,0.0024407236,0.015046452,0.0074887574,0.00632732,0.0010100203,0.9607272
SUok4D8r.png,jawi,3,jawi,jawi,1,1,0,0.009086697,0.009131431,0.95725155,0.0060173264,0.005806985,0.004945318,0.0077606277
rWXkcfa0.png,lampung,5,lampung,lampung,1,1,0,0.008966229,0.0036994715,0.0007994079,0.95630664,0.0074308305,0.014169843,0.008627526
tritSZoH.png,bali,4,bali,bali,1,1,0,0.96611303,0.017150545,0.0048357625,0.0024140573,0.0037780562,0.0007148345,0.0049937447
EPIYZUxI.png,jawi,5,jawi,jawi,1,1,0,0.020074245,0.01885092,0.89858335,0.011348048,0.020696862,0.015643232,0.014803397
EbZa6Fj2.png,jawi,4,jawi,jawi,1,1,0,0.0065589375,0.020460313,0.9462166,0.0053201215,0.0036162422,0.012301215,0.0055266116
ACYSNPoT.png,jawi,4,jawi,jawi,1,1,0,0.00712053,0.0123150665,0.9584483,0.00631122,0.0048118914,0.0063022175,0.004690702
u2EF0WTd.png,jawi,4,jawi,jawi,1,1,0,0.004794999,0.003539949,0.9805717,0.0036253675,0.003843911,0.0013741334,0.002250015
txdbKyaq.png,jawa,1,jawa,jawa,1,1,0,0.010789699,0.92961395,0.024700902,0.007868144,0.005965742,0.015084621,0.005976966
wah3l5NK.png,pegon,4,pegon,pegon,1,1,0,0.003947649,0.004642541,0.015319238,0.006104965,0.0083243335,0.9566014,0.005059908
zOs8P5Dh.png,lontara,3,lontara,lontara,1,1,0,0.0036423802,0.0064680963,0.008065413,0.0028579896,0.9741424,0.00079391856,0.0040296926
8GaRNNLF.png,jawi,4,jawi,jawi,1,1,0,0.009813102,0.01290217,0.9350487,0.008215055,0.010926223,0.015306751,0.0077879294
NQffCDbt.png,sunda,4,sunda,sunda,1,1,0,0.0052248687,0.00472995,0.012015116,0.0057224375,0.006002153,0.002183846,0.9641216
6Cwi1KvE.png,lampung,5,lampung,lampung,1,1,0,0.007521079,0.001057535,0.0015553224,0.9546261,0.008642131,0.019644858,0.006952932
89JbH54L.png,jawa,5,jawa,jawa,1,1,0,0.013359247,0.5374404,0.058873568,0.008068745,0.007002128,0.3691967,0.006059334
lwmZCXrd.png,lampung,1,lampung,lampung,1,1,0,0.004315827,0.00029783623,0.00059813075,0.9693226,0.0047635916,0.015186837,0.005515191
GjMPrJGz.png,pegon,1,pegon,pegon,1,1,0,0.0017274368,0.03283511,0.02072908,0.0021084403,0.001005685,0.94010407,0.0014902346
rrY1vZZH.png,lampung,4,lampung,lampung,1,1,0,0.005441108,0.0017128885,0.010244647,0.9729364,0.0049192985,0.0012034035,0.0035422563
MMwsWkZg.png,pegon,4,pegon,pegon,1,1,0,0.0039674407,0.018409949,0.03706222,0.004998731,0.0038076984,0.92779714,0.0039568283
0ITDkFx7.png,sunda,2,sunda,sunda,1,1,0,0.005196178,0.0019983423,0.008442141,0.004541838,0.00610906,0.00014078604,0.97357154
Tu8h12WA.png,bali,3,bali,bali,1,1,0,0.94962734,0.004082257,0.019489627,0.008648174,0.00725554,0.00067016267,0.010227015
q2fheS4w.png,jawi,2,jawi,jawi,1,1,0,0.007565919,0.012769228,0.9427451,0.009586961,0.0032785228,0.018184213,0.005869998
LSTWnSJd.png,bali,3,bali,bali,1,1,0,0.95863646,0.01574362,0.00021926145,0.008767687,0.01020344,2.8606777e-05,0.00640087
fNrvS2dT.png,jawi,5,jawi,jawi,1,1,0,0.012071442,0.018405443,0.91586876,0.010566021,0.012694652,0.017139016,0.013254694
4XsRQr0i.png,sunda,2,sunda,sunda,1,1,0,0.0048265182,0.0038853306,0.011341823,0.0044712727,0.005135862,0.00034416982,0.9699949
XjGWFKhm.png,sunda,3,sunda,sunda,1,1,0,0.009701782,0.0042051068,0.08462695,0.009960115,0.013145541,0.0009775707,0.87738293
5RxuUvWF.png,bali,1,bali,bali,1,1,0,0.95343757,0.015953511,0.008390506,0.008343341,0.0085256705,0.00025017504,0.00509918
mvKHuGol.png,sunda,3,sunda,sunda,1,1,0,0.006395907,0.0006079813,0.018030006,0.0073136995,0.007289324,0.00036375204,0.9599994
88fSqUdC.png,jawi,3,jawi,jawi,1,1,0,0.004349792,0.030141609,0.9240425,0.0047755856,0.005153084,0.027524767,0.0040125395
7l7TeAo6.png,lontara,2,lontara,lontara,1,1,0,0.0050778445,0.003075183,0.015257162,0.009182301,0.9611747,0.00042072692,0.005812008
njX3Bz82.png,lampung,5,lampung,lampung,1,1,0,0.008784655,0.0013525136,0.00044557633,0.95369667,0.008436529,0.020188028,0.0070960363
z9hZinrs.png,lampung,4,lampung,lampung,1,1,0,0.0069162226,0.012832724,0.0026702557,0.9619011,0.0065716766,0.003097551,0.0060104285
RuPBy7VZ.png,pegon,3,pegon,pegon,1,1,0,0.010162684,0.022631891,0.07386369,0.011365538,0.00972228,0.8567525,0.015501351
BPTUSR7Y.png,pegon,4,pegon,pegon,1,1,0,0.005940567,0.028238058,0.014635412,0.0063266046,0.008699721,0.9269332,0.009226279
KJQ7rWl4.png,lampung,4,lampung,lampung,1,1,0,0.007309104,0.0017951063,0.026676813,0.9525063,0.006697418,0.0016855231,0.003329641
fq6xVRZJ.png,bali,5,bali,bali,1,1,0,0.98248875,0.008084779,0.0002991256,0.0026228973,0.0037661956,8.963853e-05,0.002648594
OjEHrZnA.png,sunda,1,sunda,sunda,1,1,0,0.004181941,0.0008834971,0.01620488,0.00764908,0.009076532,0.00020299572,0.9618011
XLSl3aI9.png,lampung,3,lampung,lampung,1,1,0,0.007305191,0.013477375,0.0011950175,0.9593624,0.0047668894,0.0047451737,0.009147933
wFh3nZYQ.png,sunda,3,sunda,sunda,1,1,0,0.010196952,0.002613509,0.020451717,0.009290817,0.00987137,0.0005195539,0.9470562
BJbZlSiE.png,sunda,2,sunda,sunda,1,1,0,0.0037831555,0.00079234736,0.009100094,0.0037174432,0.0034239658,2.8458928e-05,0.97915447
ee9Ga7OU.png,jawa,1,jawa,jawa,1,1,0,0.008711923,0.9604889,0.00769287,0.0077542365,0.0065800254,0.0037091465,0.0050628157
cQKPYabY.png,jawi,2,jawi,jawi,1,1,0,0.0076746093,0.02296319,0.9083474,0.012615806,0.008465806,0.02849455,0.011438608
nmC6Idyn.png,lontara,3,lontara,lontara,1,1,0,0.005517479,0.014473692,0.0007387726,0.0049257698,0.9698445,0.0003072153,0.0041925698
Lie9VpkY.png,lampung,1,lampung,lampung,1,1,0,0.011494459,0.027511872,0.0010278901,0.9326739,0.012298352,0.007327391,0.0076661585
26L0JcuU.png,lampung,2,lampung,lampung,1,1,0,0.0038077186,0.0040684403,0.007426588,0.9708182,0.0077379965,0.0026923597,0.0034486274
gnI8HK3N.png,jawi,3,jawi,jawi,1,1,0,0.008676711,0.010480358,0.94710416,0.010308316,0.005842384,0.008799529,0.008788505
95CbPmWy.png,jawi,2,jawi,jawi,1,1,0,0.0065578744,0.017149732,0.9299646,0.010064008,0.0040142876,0.023624754,0.008624657
cOuShrFp.png,sunda,3,sunda,sunda,1,1,0,0.005730017,0.0044461074,0.01723616,0.006534821,0.007674945,0.00016014086,0.95821786
BCsNKz6s.png,jawa,1,jawa,jawa,1,1,0,0.012248807,0.91589767,0.0153637985,0.014115571,0.01293772,0.011384006,0.018052435
fePNcogx.png,jawa,3,jawa,jawa,1,1,0,0.0044210674,0.8414201,0.078993715,0.0061752065,0.0053678076,0.058217883,0.005404225
Sn7jOspj.png,jawa,4,jawa,jawa,1,1,0,0.0056142067,0.94376236,0.0072198017,0.007978615,0.0092347525,0.0147131495,0.011477096
AzAcznHk.png,jawi,3,jawi,jawi,1,1,0,0.0072873496,0.020452755,0.9348473,0.00849618,0.008735179,0.0125759905,0.0076052067
YMWrVZZM.png,pegon,1,pegon,pegon,1,1,0,0.00217409,0.02263401,0.020328663,0.0029455915,0.0011069067,0.9502816,0.00052920094
oKdqQ5Qq.png,jawi,2,jawi,jawi,1,1,0,0.004284634,0.010026987,0.95426756,0.00525095,0.0063687703,0.016531704,0.0032694063
vkQTyyLc.png,lontara,2,lontara,lontara,1,1,0,0.0064943074,0.0034379736,0.015990447,0.009040881,0.9579685,0.00031237362,0.006755633
V2rjzLxE.png,jawa,1,jawa,jawa,1,1,0,0.0077324933,0.9304788,0.022621537,0.0076003554,0.008515936,0.012553949,0.010497042
TQZN2SGL.png,lampung,3,lampung,lampung,1,1,0,0.007446593,0.01585844,0.0058045145,0.95235074,0.0071893884,0.0006812955,0.010669062
snAFbtDr.png,pegon,1,pegon,pegon,1,1,0,0.004227459,0.0065015713,0.005670772,0.0023871434,0.0029202115,0.97629297,0.0019999738
eLAnsMOh.png,lontara,2,lontara,lontara,1,1,0,0.0057879547,0.016306749,0.0064674015,0.0059260605,0.95906097,0.00062126404,0.005829655
Q5JIWaRr.png,sunda,1,sunda,sunda,1,1,0,0.0064416965,0.0005538973,0.01621098,0.006089066,0.0074866405,0.0001314979,0.9630862
GWdvSt9r.png,lampung,1,lampung,lampung,1,1,0,0.0050732926,0.0059243813,0.00791395,0.97041297,0.0045712288,0.0016443382,0.0044598253
kZwWwWaK.png,pegon,2,pegon,pegon,1,1,0,0.005762876,0.021177044,0.015178954,0.004724206,0.0071564373,0.93908864,0.006911739
XsihEgPn.png,pegon,1,pegon,pegon,1,1,0,0.0026870943,0.024427645,0.024002003,0.0064004143,0.0052764155,0.93198526,0.0052211885
Sbzvd5lw.png,sunda,2,sunda,sunda,1,1,0,0.005007315,6.597812e-05,0.013150894,0.0049441895,0.0064036525,4.6421406e-05,0.97038144
uSS2Q77g.png,pegon,1,pegon,pegon,1,1,0,0.0029910882,0.017031258,0.02821724,0.004887313,0.003985589,0.93991786,0.0029696631
hm4t99w6.png,jawa,5,jawa,jawa,1,1,0,0.008503099,0.94671756,0.011460868,0.0071775904,0.0079159625,0.012587299,0.0056376383
Ig4HKh3P.png,jawi,2,jawi,jawi,1,1,0,0.0064710323,0.015061485,0.95578337,0.0040365807,0.0019197736,0.013997777,0.0027298916
WduD3kHy.png,jawi,4,jawi,jawi,1,1,0,0.005343345,0.024600463,0.93583304,0.002604896,0.0056320643,0.023750627,0.0022355393
akFfKAYh.png,jawi,4,jawi,jawi,1,1,0,0.0038272294,0.027500201,0.9432671,0.0030142157,0.0028833007,0.016598469,0.002909543
SGNi9V0D.png,jawa,1,jawa,jawa,1,1,0,0.00910708,0.9403295,0.018878564,0.0032586288,0.0069068316,0.018804966,0.002714496
5axHk0Zr.png,sunda,2,sunda,sunda,1,1,0,0.0066265836,0.0012832016,0.017761687,0.007589431,0.008071327,0.00020597767,0.95846176
BUbnBXtj.png,pegon,5,pegon,pegon,1,1,0,0.006606575,0.017081296,0.020403743,0.006591053,0.0050099976,0.9390042,0.005303168
Tk5EWo6L.png,bali,4,bali,bali,1,1,0,0.96751106,0.014627764,0.0023560668,0.0049122665,0.0055347127,0.0003282586,0.004729839
HgTPEkNx.png,jawa,2,jawa,jawa,1,1,0,0.005391681,0.9429393,0.018294841,0.005548933,0.0074819745,0.011998049,0.008345321
QtHRhxoj.png,sunda,4,sunda,sunda,1,1,0,0.0059004473,0.0003876375,0.018405817,0.00830373,0.0072021107,0.00016429639,0.9596361
eNU0EsR8.png,jawi,3,jawi,jawi,1,1,0,0.00889358,0.023198664,0.92666733,0.007924959,0.007458308,0.016579337,0.009277868
slmpFx0e.png,lampung,3,lampung,lampung,1,1,0,0.007233568,0.018573683,0.0002831303,0.9550446,0.010293188,7.57583e-05,0.008495974
YPxX04FE.png,sunda,5,sunda,sunda,1,1,0,0.012697431,0.007515073,0.021238606,0.010553342,0.009950653,0.00096560555,0.93707925
etoxWnSY.png,sunda,3,sunda,sunda,1,1,0,0.0033280726,0.012403945,0.008243668,0.007030552,0.005119051,0.0086329635,0.95524174
ypZVyTo6.png,pegon,2,pegon,pegon,1,1,0,0.0049444963,0.01838803,0.014306635,0.0031585172,0.0039569256,0.9514517,0.0037937753
HCsDEZyW.png,jawi,4,jawi,jawi,1,1,0,0.004313506,0.01376962,0.96250093,0.0058950153,0.004422335,0.006684614,0.0024140317
X4TYuC8B.png,lontara,4,lontara,lontara,1,1,0,0.006007485,0.0043276143,0.0020587447,0.004039931,0.9732539,0.0057908325,0.004521573
4ozzZrsF.png,bali,1,bali,bali,1,1,0,0.9675451,0.019529818,0.000912753,0.0040576546,0.004533372,6.747309e-05,0.0033539338
q5BCdU39.png,lampung,2,lampung,lampung,1,1,0,0.0032613736,0.008263164,0.0023880438,0.9774982,0.005373859,0.00079299184,0.0024224445
lV4fnd8F.png,jawi,4,jawi,jawi,1,1,0,0.007042249,0.02082052,0.94563544,0.0076509775,0.007196139,0.004370616,0.007284148
J4IRgv79.png,lampung,3,lampung,lampung,1,1,0,0.0073071513,0.016059622,0.004139584,0.95266426,0.008136758,0.0010142011,0.010678383
cmJVE9pE.png,lontara,3,lontara,lontara,1,1,0,0.004153062,0.0068984577,0.0057386034,0.0060777194,0.97249866,0.0003245412,0.0043089013
8l8XVnER.png,sunda,5,sunda,sunda,1,1,0,0.007039383,0.0003385089,0.019808894,0.0064946446,0.0075834817,0.0003938293,0.95834124
U3beYWPb.png,jawa,3,jawa,jawa,1,1,0,0.0067101745,0.9449847,0.019214418,0.0044991355,0.0036400917,0.01828089,0.0026706457
azzecq3P.png,sunda,1,sunda,sunda,1,1,0,0.0053445897,0.004998418,0.007163401,0.0029128974,0.0056493226,0.00014737068,0.973784
F8k2XFeR.png,jawa,4,jawi,jawa,0,1,1,4.3852744e-36,0.9289443,0.031879988,8.9916983e-07,5.9144204e-13,0.03917478,6.588138e-10
tlvD40fL.png,lampung,3,lampung,lampung,1,1,0,0.0055257194,0.013566538,0.0004696935,0.9665218,0.005207931,0.0007827572,0.007925605
lMvNQwyo.png,sunda,4,sunda,sunda,1,1,0,0.0068834857,0.006796861,0.00793858,0.0062387977,0.0047238027,0.00050675357,0.96691173
MKbKvlXR.png,lontara,1,lontara,lontara,1,1,0,0.009352856,0.027122132,0.0022635888,0.0076073254,0.9432907,0.00087013835,0.009493296
0P1hIel1.png,lampung,5,lampung,lampung,1,1,0,0.0067126914,0.017472245,0.00018757694,0.96242565,0.006015984,0.00011410497,0.0070717684
ghEez4Xn.png,jawa,1,jawa,jawa,1,1,0,0.009304306,0.93330824,0.015129784,0.008887405,0.0061896015,0.01699427,0.010186448
GWJE2q3K.png,jawi,3,jawi,jawi,1,1,0,0.008677619,0.009159288,0.94713384,0.011800288,0.00957439,0.0051680887,0.00848634
c4Glgoct.png,pegon,4,pegon,pegon,1,1,0,0.0035894467,0.01294587,0.004748587,0.004855896,0.0045385826,0.96328294,0.0060386965
wutMT2KP.png,bali,2,bali,bali,1,1,0,0.96545047,0.00577113,0.007773492,0.007245593,0.0055299583,0.00030466626,0.007924639
3m9u89Co.png,lampung,4,lampung,lampung,1,1,0,0.004468197,0.00090895226,0.00087755214,0.96749854,0.005992552,0.015135414,0.0051187696
fXvWyXhZ.png,jawi,5,pegon,jawi,0,1,1,0.0076752002,0.030058308,0.55618876,0.012476397,0.0060452106,0.38114434,0.0064118817
exjlcLmD.png,jawi,1,jawi,jawi,1,1,0,0.0064981454,0.020588918,0.93283606,0.0022922924,0.0037286934,0.028169207,0.0058867205
skkP0dPy.png,bali,3,bali,bali,1,1,0,0.97955346,0.008249295,0.000162414,0.0042367163,0.0038910636,0.00017187874,0.0037351006
mb7ZoXmC.png,jawi,3,jawi,jawi,1,1,0,0.011189807,0.007805307,0.94546694,0.0083074495,0.0095825475,0.008300597,0.009347361
pGAQK6aM.png,jawi,5,jawi,jawi,1,1,0,0.0065555284,0.009519043,0.9568494,0.007213506,0.0075469646,0.0054397015,0.0068759318
7lKgtsg7.png,lampung,4,lampung,lampung,1,1,0,0.0029416773,0.0024893333,0.0012759357,0.9805273,0.0037479189,0.006105009,0.002912838
wROuUFAf.png,pegon,3,pegon,pegon,1,1,0,0.0034036485,0.018632473,0.017282782,0.006131635,0.004366938,0.94730103,0.0028815537
nVCi1qwJ.png,jawi,2,pegon,jawi,0,1,1,0.14256023,0.041464556,0.51384866,0.22866735,0.030045211,0.012826317,0.03058774
MoHAMBo4.png,pegon,2,pegon,pegon,1,1,0,0.005823626,0.011039077,0.057897143,0.0042227646,0.0056609046,0.9100967,0.005259858
Iv5LLwp1.png,sunda,4,sunda,sunda,1,1,0,0.00638143,0.0020610334,0.01906196,0.0072617056,0.0074907914,0.00032384167,0.95741916
eDCZEZWN.png,sunda,1,sunda,sunda,1,1,0,0.008944899,0.0064136484,0.014319911,0.0067022927,0.00686018,0.00033611493,0.956423
Xp4LSHWY.png,lontara,3,lontara,lontara,1,1,0,0.005699982,0.012867165,0.0027482866,0.0046963478,0.96975267,0.0002192403,0.004016367
0YYfj8x4.png,jawi,5,jawi,jawi,1,1,0,0.013409023,0.018251564,0.9343,0.0061724805,0.0080963215,0.013993959,0.0057766554
6apEDmLp.png,lontara,3,lontara,lontara,1,1,0,0.0048640734,0.011806716,0.0029837482,0.0052394103,0.97053057,0.00019177189,0.0043837884
1viQr3tN.png,jawi,1,jawi,jawi,1,1,0,0.0026011267,0.021904193,0.92866516,0.0018128882,0.0036821472,0.0398186,0.0015158895
MwNfgpfj.png,jawa,3,jawa,jawa,1,1,0,0.009902823,0.9289419,0.014119019,0.010701348,0.009173732,0.020805515,0.0063556856
uU65EtiP.png,lampung,2,lampung,lampung,1,1,0,0.0044936696,0.0043379837,0.0029209293,0.9812949,0.0044659665,9.127134e-05,0.0023952962
oMDSNqTi.png,lampung,4,lampung,lampung,1,1,0,0.003360623,0.0019499073,0.011188116,0.97390467,0.005010614,0.00083130616,0.0037547261
2en4TJss.png,jawa,1,jawa,jawa,1,1,0,0.004271569,0.9617812,0.015052744,0.0036826844,0.0017809776,0.009103243,0.004327693
wyRcidZa.png,sunda,2,sunda,sunda,1,1,0,0.003579113,0.00080133695,0.008975888,0.005543573,0.004002896,0.0020920008,0.97500527
AWXZHp1g.png,sunda,5,sunda,sunda,1,1,0,0.0052998886,0.00020580884,0.016429449,0.0051532416,0.0057774857,0.0001305648,0.96700346
O8c4bZUP.png,sunda,1,sunda,sunda,1,1,0,0.004474636,0.0012390424,0.012898122,0.0061315964,0.0048560644,7.550599e-05,0.9703251
OuRa6UzF.png,pegon,3,pegon,pegon,1,1,0,0.00085147546,0.016034134,0.0041970746,0.0021448308,0.0021357613,0.97233486,0.002301859
rV0Dti02.png,pegon,3,pegon,pegon,1,1,0,0.0077412357,0.019917615,0.022198016,0.007695842,0.006619672,0.9292501,0.006577469
RsufypUI.png,sunda,5,sunda,sunda,1,1,0,0.0058890195,0.002448914,0.02194984,0.0065699923,0.007766178,0.0012788823,0.9540972
UCwLYTVV.png,lontara,1,lontara,lontara,1,1,0,0.008481638,0.022912195,0.012567113,0.0073028407,0.9399382,0.00044978084,0.008348243
i75qBwst.png,lontara,1,lontara,lontara,1,1,0,0.006862044,0.021656116,0.002758438,0.010444241,0.94871306,0.00043139645,0.0091347145
D9q5d0d0.png,lontara,5,lontara,lontara,1,1,0,0.0048705735,0.012569631,0.0003889509,0.0064739273,0.9694809,0.00022422988,0.0059917476
0f1lpn3d.png,jawa,5,jawa,jawa,1,1,0,0.0062871804,0.9421609,0.012129458,0.008082954,0.0075002355,0.01744265,0.0063966615
vCmHQ6AS.png,jawa,2,jawa,jawa,1,1,0,0.0123591265,0.92094064,0.011313328,0.015477334,0.009779336,0.015075801,0.015054343
o7Bem6Ry.png,lampung,3,lampung,lampung,1,1,0,0.007886159,0.02750534,0.00012762402,0.94685274,0.0065548364,9.900618e-05,0.010974203
J59J1uLT.png,sunda,4,sunda,sunda,1,1,0,0.007824102,0.0058156955,0.0139443185,0.0072137224,0.007812822,0.0010493366,0.95634
ohh5uwTd.png,sunda,5,sunda,sunda,1,1,0,0.0064553204,0.0019543066,0.016622921,0.010911358,0.007587321,0.000513371,0.9559554
hF9EVJmD.png,lampung,1,lampung,lampung,1,1,0,0.00526899,0.007434004,0.013868218,0.95792425,0.007842324,0.0013731396,0.006288985
CVH8mOlT.png,jawa,4,jawa,jawa,1,1,0,0.0,0.96408135,0.013045474,0.0,0.0,0.022873174,0.0
mQI8F8Ee.png,jawi,1,sunda,sunda,0,0,0,0.0057553654,0.0002673968,0.04541053,0.0066314833,0.007428046,0.0013983253,0.9331089
2xswc9B0.png,lontara,1,lontara,lontara,1,1,0,0.005754784,0.023231877,0.0008153938,0.0073974016,0.95608515,0.0004897552,0.0062256493
pKc8oV9J.png,lampung,2,lampung,lampung,1,1,0,0.004193572,0.006650722,0.007677393,0.971528,0.004884863,0.000167476,0.004898025
9Z8ffJUg.png,jawi,5,jawi,jawi,1,1,0,0.00557105,0.017691176,0.94445217,0.008708033,0.0030659805,0.017197186,0.0033143156
ZMhhhhsO.png,jawa,3,jawa,jawa,1,1,0,0.0036866185,0.9655136,0.013812719,0.0024322078,0.003336241,0.008686088,0.0025324242
LlpoHffP.png,sunda,4,sunda,sunda,1,1,0,0.0041321265,0.0005409582,0.014894863,0.006300573,0.0065969736,0.0014747912,0.96605974
kLTB7s8J.png,sunda,2,sunda,sunda,1,1,0,0.003914084,0.00012575778,0.009715963,0.002694699,0.0023552035,2.413055e-05,0.98117024
nDZvYsLs.png,pegon,4,pegon,pegon,1,1,0,0.007921942,0.0032575403,0.0077007976,0.004891172,0.007246021,0.96335834,0.0056240237
x0aby3Y8.png,pegon,4,pegon,pegon,1,1,0,0.0060429433,0.04669039,0.064287335,0.008607515,0.0053597335,0.8618367,0.0071755326
pQXVAoxJ.png,jawi,1,jawi,jawi,1,1,0,0.0034991517,0.015766595,0.9235323,0.01258689,0.009317137,0.02928378,0.0060141277
Yvcs9HB6.png,pegon,1,pegon,pegon,1,1,0,0.0062980703,0.015786985,0.012884962,0.0028648225,0.0069827726,0.94850683,0.0066755065
IsKLbvZE.png,jawi,3,jawi,jawi,1,1,0,0.0075632213,0.0083965575,0.9461785,0.0057468796,0.010034912,0.008756655,0.013323309
mQAPKbS2.png,lontara,1,lontara,lontara,1,1,0,0.009580254,0.029728485,0.0012585954,0.013334472,0.93447495,0.00093075284,0.010692567
GECCV06c.png,jawa,3,jawa,jawa,1,1,0,0.018633865,0.921509,0.0073590763,0.015239058,0.010162341,0.0146638835,0.012432704
bAIQViH0.png,jawa,3,jawa,jawa,1,1,0,0.011696346,0.9174219,0.017268969,0.011398144,0.013251012,0.016143674,0.012820032
2fhUf3dp.png,lampung,4,lampung,lampung,1,1,0,0.005343179,0.004762012,0.009647752,0.9696619,0.0047848974,0.0011669813,0.004633241
MU0ONRbm.png,sunda,1,sunda,sunda,1,1,0,0.009345659,0.0011579257,0.014127102,0.0076864334,0.00938395,0.0007479781,0.95755094
cWgyWFiO.png,pegon,1,pegon,pegon,1,1,0,0.002855491,0.016303463,0.022175647,0.004391246,0.0033966382,0.947548,0.0033295187
9nya48ry.png,lontara,2,lontara,lontara,1,1,0,0.010714539,0.022938646,0.0036802813,0.011700287,0.9393115,0.001313206,0.010341496
bnH2AFm3.png,lampung,2,lampung,lampung,1,1,0,0.008264097,0.01233504,0.0018196162,0.9647879,0.0069425874,0.00044104396,0.005409642
3R4ECYiB.png,sunda,2,sunda,sunda,1,1,0,0.0069893813,0.00024967993,0.0156139815,0.005619742,0.006247985,0.00017687678,0.9651024
3CZ1BtZ1.png,lontara,1,lontara,lontara,1,1,0,0.009236053,0.001117725,0.027279068,0.006334412,0.9476642,0.000634068,0.0077344333
QqGP86DM.png,bali,3,bali,bali,1,1,0,0.9543362,0.007402923,0.012102985,0.009357782,0.0058801817,0.001033049,0.009886733
oWHzuoWc.png,jawa,3,jawa,jawa,1,1,0,0.010389189,0.9222948,0.018789727,0.012056072,0.013795641,0.016711928,0.005962556
VrhmfdG0.png,jawi,4,jawi,jawi,1,1,0,0.005994108,0.009307834,0.95407206,0.010899318,0.009202828,0.0072489474,0.0032749355
y9xcJAWk.png,sunda,4,sunda,sunda,1,1,0,0.009093021,0.0012560157,0.025719043,0.008983318,0.008404293,0.00026321097,0.946281
8NRPBmba.png,pegon,4,pegon,pegon,1,1,0,0.013838441,0.0018358948,0.0072045987,0.010686939,0.017198624,0.92717415,0.022061333
gYK1b3OS.png,pegon,5,pegon,pegon,1,1,0,0.0065998547,0.017287927,0.016496254,0.0072465627,0.0067880545,0.9374584,0.008122958
H3uCqbNM.png,pegon,1,pegon,pegon,1,1,0,0.0051526893,0.02070003,0.013144897,0.0051338854,0.005081983,0.9452262,0.0055602416
EBpwJQBl.png,sunda,4,sunda,sunda,1,1,0,0.0046646846,0.0010898305,0.013439916,0.005445612,0.0061716726,0.00042824494,0.96876
ek1jlBYJ.png,lampung,1,lampung,lampung,1,1,0,0.00689405,0.0024855414,0.0012455442,0.95122427,0.00989094,0.016342863,0.011916839
kIDzEL2h.png,pegon,5,pegon,pegon,1,1,0,0.006276683,0.015661806,0.015239353,0.007813653,0.006409223,0.94374657,0.0048526484
COIzDxwb.png,pegon,4,pegon,pegon,1,1,0,0.0048462013,0.0048750485,0.0037123645,0.003903335,0.0038321184,0.9707562,0.008074858
TUzVAkMo.png,jawi,1,jawi,jawi,1,1,0,0.010062534,0.02992286,0.8943379,0.005266963,0.011233761,0.040640905,0.008535142
W0QG1Kah.png,lampung,3,lampung,lampung,1,1,0,0.00954887,0.0016941666,0.0016460563,0.94885,0.009268008,0.019369787,0.009623088
5kZL7ZOJ.png,jawi,2,jawi,jawi,1,1,0,0.010595346,0.016754584,0.9264566,0.008367476,0.012707361,0.019115658,0.0060030613
AuedFrPz.png,sunda,1,sunda,sunda,1,1,0,0.008484253,0.0002135659,0.01579828,0.005513277,0.006435935,0.00024200187,0.9633127
ovuGKXXq.png,lontara,5,lontara,lontara,1,1,0,0.007341964,0.01650048,0.0011478174,0.0080514215,0.95838577,0.00022991447,0.008342687
W8VuhI9m.png,bali,5,bali,bali,1,1,0,0.9646226,0.016727312,0.0003060723,0.0051681125,0.005593359,0.000109667635,0.007472919
eEg8v7pe.png,lampung,1,lampung,lampung,1,1,0,0.004845823,0.0019086907,0.0038033056,0.9676897,0.0050774077,0.010227993,0.0064470205
HdBoWaUu.png,jawa,1,jawa,jawa,1,1,0,0.007328255,0.9610329,0.0119217,0.0027980963,0.0038057116,0.007181615,0.005931557
LH6ovCsu.png,jawi,4,jawi,jawi,1,1,0,0.0065231463,0.028979782,0.9292444,0.0042093773,0.0058756345,0.020014985,0.0051526064
ijXGPSJc.png,jawa,1,jawa,jawa,1,1,0,0.009855658,0.93871355,0.013855608,0.008754317,0.0056780195,0.013442436,0.009700542
cdtABZzl.png,pegon,1,pegon,pegon,1,1,0,0.006645786,0.011741625,0.012329174,0.0044212383,0.0064261737,0.95580536,0.0026306636
AWZyXL55.png,lampung,1,lampung,lampung,1,1,0,0.007366924,0.0012278456,0.02152103,0.9533118,0.009842778,0.00062988413,0.0060998276
lHxQlWlC.png,lontara,1,lontara,lontara,1,1,0,0.005677363,0.021360654,0.0012506457,0.010250027,0.9540443,0.00027020712,0.00714695
9r05zL3u.png,jawa,4,jawa,jawa,1,1,0,0.0075190957,0.9052737,0.016776115,0.034236632,0.011284217,0.018806713,0.006103582
CGYnRRuQ.png,pegon,1,pegon,pegon,1,1,0,0.0018617016,0.019065239,0.027389819,0.0034471615,0.006183837,0.938564,0.0034881667
y1ZwPjeZ.png,lampung,1,lampung,lampung,1,1,0,0.004372638,0.0007887078,0.0029897986,0.9707652,0.0062250695,0.0092946375,0.0055640573
qbvCJuLX.png,lampung,3,lampung,lampung,1,1,0,0.004186603,0.012263474,0.0022762816,0.9736205,0.0037756942,0.00022005395,0.0036574611
naL9ltRt.png,bali,1,bali,bali,1,1,0,0.9694463,0.014515766,0.0022727428,0.0051105157,0.005324962,9.818927e-05,0.0032315906
45OP5nze.png,jawi,1,jawi,jawi,1,1,0,0.008356099,0.02225126,0.9179338,0.0059798816,0.0068094074,0.029134702,0.009534778
LaJ8FL8v.png,jawi,4,jawi,jawi,1,1,0,0.0056162095,0.012483487,0.8889417,0.008984376,0.005072163,0.027027845,0.051874176
gGK9qSM5.png,jawi,5,jawi,jawi,1,1,0,0.0022894687,0.01023903,0.96592087,0.0039435374,0.0054505146,0.008447108,0.0037094895
zIV981UN.png,lampung,3,lampung,lampung,1,1,0,0.007630986,0.021894459,0.0013460456,0.95009166,0.007971214,0.0009867132,0.010078994
JbdCqAec.png,pegon,2,pegon,pegon,1,1,0,0.0061635994,0.025959404,0.017225273,0.0041869488,0.004771672,0.92951125,0.012181887
7Q3alMCw.png,sunda,1,sunda,sunda,1,1,0,0.007062171,0.00034846054,0.015527998,0.0040407726,0.007159954,0.00052004517,0.9653406
O4HONI6U.png,jawi,5,jawi,jawi,1,1,0,0.0064284997,0.028591398,0.9123252,0.009661395,0.009875343,0.026572151,0.006546026
vVVfo1NX.png,pegon,1,pegon,pegon,1,1,0,0.0024379173,0.01097553,0.020445004,0.0024437485,0.0033363192,0.9575885,0.0027729508
HxWesQkU.png,pegon,4,pegon,pegon,1,1,0,0.007607563,0.0026418117,0.0037731498,0.008770178,0.009668605,0.9591007,0.008437854
2aFqtqPE.png,lontara,1,lontara,lontara,1,1,0,0.0057647782,0.022358606,0.0006351946,0.010765183,0.9508548,0.00040474115,0.009216655
pLUsgLXs.png,jawi,1,jawi,jawi,1,1,0,0.006897887,0.020965489,0.92608273,0.00696456,0.0082039805,0.025264522,0.005620721
OKVZlDu7.png,sunda,4,sunda,sunda,1,1,0,0.0054086074,0.0013018653,0.015976556,0.0067968583,0.006330835,0.0003111892,0.9638741
BVsPJhHR.png,sunda,5,sunda,sunda,1,1,0,0.0059086233,0.010581585,0.0040470758,0.0062734564,0.005573282,0.0015446523,0.96607125
9AfCzfed.png,jawi,2,jawi,jawi,1,1,0,0.008199654,0.011549153,0.9438172,0.0065866904,0.0058312123,0.014843896,0.009172232
6qouOsnF.png,pegon,3,pegon,pegon,1,1,0,0.0063602086,0.024355114,0.041754376,0.01923025,0.007514285,0.89536726,0.0054185833
D9YOSThj.png,sunda,1,sunda,sunda,1,1,0,0.0062208674,0.0020145685,0.013814212,0.004419972,0.008449168,0.00034684673,0.9647343
hKTKSUtm.png,sunda,2,sunda,sunda,1,1,0,0.004527254,0.00044950104,0.012662435,0.005215297,0.004796648,2.282909e-05,0.972326
0NO2HmZY.png,jawi,2,jawi,jawi,1,1,0,0.011587376,0.012448764,0.90837777,0.012627633,0.010246455,0.021052344,0.023659777
5H6vAKUm.png,lontara,2,lontara,lontara,1,1,0,0.013586659,0.03135476,0.0045999917,0.012463949,0.9260389,0.00042344935,0.011532316
IXBkV9il.png,lampung,1,lampung,lampung,1,1,0,0.006707277,0.002331859,0.011371822,0.9568527,0.008230426,0.006093588,0.008412329
YRDdvXQW.png,bali,5,bali,bali,1,1,0,0.96244884,0.0030468819,0.015770825,0.0056442367,0.0069188084,0.00012423402,0.0060461434
YlH1xvEM.png,lampung,5,lampung,lampung,1,1,0,0.009224695,0.0003651374,0.00054867176,0.94428277,0.009936739,0.027116317,0.008525683
rQ2am2AA.png,sunda,3,sunda,sunda,1,1,0,0.0049925195,0.0005756368,0.01778554,0.0076713376,0.006182688,0.0024496957,0.9603426
bRzorzsu.png,lontara,2,lontara,lontara,1,1,0,0.009005612,0.020578772,0.004026314,0.009807027,0.9482386,0.000615386,0.007728249
L7N16G72.png,jawa,3,jawa,jawa,1,1,0,0.008658519,0.92777383,0.011520363,0.012252567,0.011951285,0.016926523,0.010916964
XC37crB4.png,lontara,5,lontara,lontara,1,1,0,0.0055905026,0.005985279,0.012008227,0.008699069,0.95841414,0.0003920825,0.00891067
zf8g9Mcz.png,jawi,1,jawi,jawi,1,1,0,0.0018874704,0.011167603,0.96299493,0.0016336829,0.005203346,0.014381558,0.0027313652
srnwhlHz.png,jawi,5,jawi,jawi,1,1,0,0.004172684,0.011506908,0.9570407,0.005596498,0.00723295,0.0076952544,0.00675509
oSFFOCGq.png,jawi,5,jawi,jawi,1,1,0,0.0067782314,0.014917083,0.9310343,0.006096351,0.009305924,0.014571529,0.017296549
nPC2cn3W.png,jawi,3,jawi,jawi,1,1,0,0.0049803145,0.0058581163,0.9623619,0.006076133,0.0067885853,0.007198572,0.0067363894
DcrqIXdQ.png,pegon,2,pegon,pegon,1,1,0,0.0014947725,0.02269763,0.017573658,0.0030890384,0.0022708299,0.95016485,0.0027092462
uykyOR2L.png,pegon,2,pegon,pegon,1,1,0,0.0052976557,0.021714574,0.022121241,0.0043752664,0.004087074,0.9360375,0.006366658
mb3MxXhM.png,sunda,1,sunda,sunda,1,1,0,0.005104487,0.0009105652,0.0112127615,0.0028187153,0.0067352722,0.0002947525,0.9729234
VnZqJtaQ.png,sunda,3,sunda,sunda,1,1,0,0.005941694,0.00028888494,0.01705423,0.0064252163,0.0067673735,0.000877317,0.96264535
iSOANV1u.png,pegon,1,pegon,pegon,1,1,0,0.002153631,0.018251177,0.022449331,0.004494104,0.0036840613,0.9434487,0.005518842
AJoAFYv5.png,lontara,5,lontara,lontara,1,1,0,0.009376064,0.017452417,0.00094410876,0.00767878,0.9567016,0.0003029363,0.007544194
BLu4jSOQ.png,sunda,3,sunda,sunda,1,1,0,0.0040175156,0.00018024213,0.014859734,0.0069378717,0.004279381,0.00023669255,0.9694885
9Z9TXz5C.png,jawi,4,jawi,jawi,1,1,0,0.0042359326,0.0094357105,0.97001743,0.0041692164,0.004335349,0.0035121215,0.004294272
PYCZJLbJ.png,jawi,2,jawi,jawi,1,1,0,0.013821109,0.021771658,0.9096236,0.012129171,0.00906267,0.019401971,0.014189784
XO0Gjsmw.png,jawi,1,jawi,jawi,1,1,0,0.0075606774,0.022809105,0.90578353,0.009656872,0.008738342,0.034073737,0.011377632
33ptUKR9.png,lampung,5,lampung,lampung,1,1,0,0.00874487,0.019568425,0.00015013808,0.95559394,0.008551955,0.00036583428,0.007024875
DednrmIG.png,lampung,3,lampung,lampung,1,1,0,0.005182384,0.00033574444,0.00240392,0.961999,0.006542506,0.017491587,0.0060449084
IYtIiX69.png,jawi,4,jawi,jawi,1,1,0,0.008257319,0.018087337,0.9469249,0.0036014349,0.006399352,0.010155988,0.006573604
5xVwAW8Q.png,lampung,4,lampung,lampung,1,1,0,0.0063410266,0.006569279,0.011406256,0.96055233,0.008898257,0.0018996723,0.004333301
u0PADPRw.png,lampung,3,lampung,lampung,1,1,0,0.005757979,0.0008849549,0.03777651,0.92818457,0.010352899,0.0031313153,0.013911738
m1sjAz06.png,sunda,1,sunda,sunda,1,1,0,0.007930038,0.0012185469,0.020172084,0.00451777,0.009110037,0.005770587,0.951281
B0rhXx4e.png,jawi,2,jawi,jawi,1,1,0,0.014073122,0.029146222,0.90053535,0.00827328,0.006105115,0.031668838,0.010198095
pAc0Lz4m.png,pegon,3,pegon,pegon,1,1,0,0.0034997202,0.013879087,0.015213452,0.0042332867,0.0063460227,0.9523178,0.004510709
FAixk454.png,bali,1,bali,bali,1,1,0,0.9758872,0.003126922,0.010467771,0.0043966486,0.0034136584,0.00021577161,0.002492097
2ai83QsJ.png,jawi,5,jawi,jawi,1,1,0,0.008251819,0.022248242,0.93044364,0.009326095,0.008008413,0.014086711,0.0076349494
UcRIEfy8.png,jawa,3,jawa,jawa,1,1,0,0.009280388,0.92606765,0.014255164,0.011179323,0.010380298,0.020944683,0.007892374
vw5VFFkT.png,lampung,5,lampung,lampung,1,1,0,0.00487019,0.00013378644,0.000300317,0.9673501,0.006117614,0.014066034,0.00716199
UH2qtwmF.png,lampung,4,lampung,lampung,1,1,0,0.0067670937,0.0024585242,0.01039636,0.9641481,0.008345191,0.002958315,0.0049263635
GGiYvXcP.png,sunda,4,sunda,sunda,1,1,0,0.037913702,0.043207783,0.010721186,0.009990059,0.0052275043,0.0029808022,0.889959
Dg8HW8b7.png,pegon,2,pegon,pegon,1,1,0,0.0032292216,0.015476673,0.010846747,0.0019167551,0.0022883625,0.94266313,0.023579108
atmPZeH2.png,sunda,5,sunda,sunda,1,1,0,0.020771647,0.0025046302,0.109772995,0.012924155,0.0080704745,0.0018395986,0.8441165
luiWBdAH.png,sunda,4,sunda,sunda,1,1,0,0.0048359795,0.0046340087,0.013201062,0.005522314,0.007504587,0.00026322613,0.9640387
ukDsKJ3f.png,lampung,2,lampung,lampung,1,1,0,0.013548282,0.00540711,0.0018572765,0.9113687,0.0037866652,0.051640514,0.012391322
o1bsy7vZ.png,pegon,2,pegon,pegon,1,1,0,0.0055906596,0.01546349,0.01305977,0.006824888,0.003991928,0.9501747,0.004894524
pe92ak0e.png,pegon,3,pegon,pegon,1,1,0,0.009183286,0.023333343,0.08549581,0.009257431,0.008850342,0.8502977,0.013582124
rOOIsx5n.png,sunda,2,sunda,sunda,1,1,0,0.010934053,0.0051554823,0.021207763,0.009117873,0.013530072,0.0006652803,0.93938947
WGlDihDR.png,pegon,3,pegon,pegon,1,1,0,0.008107827,0.03457327,0.02373864,0.010232226,0.00633479,0.91280127,0.0042119813
mwfdU8Zh.png,sunda,3,sunda,sunda,1,1,0,0.0052266275,0.0004547277,0.016313966,0.0075809625,0.004304667,0.0003221355,0.9657968
20qSygmv.png,jawi,3,jawi,jawi,1,1,0,0.007997124,0.009619393,0.9308023,0.013499949,0.014529531,0.015074431,0.008477305
9SmEWFni.png,jawa,1,jawi,jawa,0,1,1,4.48735e-40,0.9743858,0.011343925,3.6574933e-23,4.276459e-34,0.014270216,1.3305413e-30
6ZEkTAJZ.png,jawa,4,jawa,jawa,1,1,0,0.023432124,0.8818669,0.01931249,0.011517659,0.026070466,0.016778981,0.021021405
1WOFPF9H.png,jawa,4,jawa,jawa,1,1,0,0.0031537325,0.96005964,0.007910313,0.0037294996,0.0052748937,0.0151288705,0.004743062
2UbepehD.png,jawi,4,jawi,jawi,1,1,0,0.0087282555,0.014100808,0.9196254,0.0060721654,0.014343479,0.03326915,0.0038607414
OlvWlsFC.png,lampung,3,lampung,lampung,1,1,0,0.0045099403,0.0005919332,0.0129057085,0.97318053,0.003907721,6.035179e-05,0.004843889
75UrHFpo.png,bali,4,bali,bali,1,1,0,0.97091293,0.013666016,0.0011472561,0.0048441547,0.0043315673,0.00022991427,0.0048682387
rQX0Ofpc.png,bali,2,bali,bali,1,1,0,0.9537438,0.0013444561,0.01705157,0.00929196,0.0058266167,0.00019222105,0.012549262
EM0XL13M.png,lampung,5,lampung,lampung,1,1,0,0.007420386,0.002120995,0.0035650297,0.9524259,0.0090949815,0.017111931,0.008260863
xlh7YOG0.png,lampung,1,lampung,lampung,1,1,0,0.005854569,0.008540867,0.005526865,0.95739985,0.012363877,0.0024184906,0.007895525
mtPw7KAc.png,jawa,2,jawa,jawa,1,1,0,0.0127615705,0.9348054,0.012320158,0.010683282,0.00797218,0.016513951,0.0049434835
dCWUGtVP.png,pegon,5,pegon,pegon,1,1,0,0.00608917,0.02115616,0.017937474,0.007491804,0.0071334406,0.9335929,0.0065990654
0J9ll3XL.png,pegon,2,pegon,pegon,1,1,0,0.0077126166,0.021841459,0.017430544,0.004283422,0.0039763083,0.9387527,0.006002884
4xdprXtz.png,pegon,2,pegon,pegon,1,1,0,0.0050219647,0.019795327,0.0198728,0.0064717443,0.0038895581,0.9380884,0.006860076
WqrEXrwL.png,jawa,3,jawi,jawa,0,1,1,0.0,0.9515058,0.021103777,0.0,0.0,0.02739044,3.3212614e-29
kSeqJGGj.png,pegon,2,pegon,pegon,1,1,0,0.005993928,0.009345271,0.024573466,0.0033552053,0.0043224203,0.94674945,0.005660254
vQ9mpswY.png,lontara,1,lontara,lontara,1,1,0,0.008164858,0.024714116,0.0040715127,0.012141437,0.940263,0.0007177112,0.009927491
L8xzqZny.png,jawi,1,jawi,jawi,1,1,0,0.0030993088,0.016236559,0.9455043,0.0035314194,0.009753217,0.016637836,0.0052373763
CI2u76wa.png,pegon,4,pegon,pegon,1,1,0,0.0030291514,0.051407665,0.022283573,0.0045777676,0.0024500596,0.91122264,0.0050290274
uDOpsPz7.png,bali,5,bali,bali,1,1,0,0.9519381,0.0051630433,0.019295761,0.0064946194,0.009446823,0.00020980035,0.007451816
sXgkzmHC.png,lontara,2,lontara,lontara,1,1,0,0.007926659,0.024194669,0.0020239544,0.008447707,0.9492471,0.00014613231,0.008013673
pF5Fh9Rh.png,bali,1,bali,bali,1,1,0,0.97597164,0.010233088,0.0036594255,0.0027589083,0.0051454497,8.116366e-05,0.0021503968
xkNiimIN.png,lampung,5,lampung,lampung,1,1,0,0.008264415,0.0023776058,0.0005085752,0.9533353,0.008500668,0.01829935,0.008714044
qip5xtev.png,jawa,5,jawa,jawa,1,1,0,0.009101369,0.93545204,0.0104530025,0.009906149,0.011130799,0.017885648,0.006071023
RWfpOwJM.png,jawi,1,jawi,jawi,1,1,0,0.0040461672,0.012136702,0.9566346,0.003245872,0.005900091,0.012018757,0.006017731
1zfzwRcg.png,jawi,2,jawi,jawi,1,1,0,0.003568516,0.008010872,0.9562565,0.005327926,0.0058892732,0.012310926,0.008636032
xHK5Elf7.png,sunda,5,sunda,sunda,1,1,0,0.0056367647,0.002507561,0.011340084,0.005697909,0.0059998217,0.00019780286,0.96862006
en69NuQR.png,lampung,2,lampung,lampung,1,1,0,0.0036125642,0.00019311835,0.00068734377,0.9721977,0.0035207458,0.0153263165,0.004462142
xLrTWoJt.png,jawa,2,jawa,jawa,1,1,0,0.0124739325,0.9236104,0.021135341,0.01115955,0.009977812,0.012819232,0.00882363
WSslc905.png,sunda,2,sunda,sunda,1,1,0,0.0056186,0.006043716,0.006881948,0.006043549,0.005050738,0.00027937518,0.97008204
G3HhPZ2f.png,jawa,2,jawa,jawa,1,1,0,0.007935728,0.91676915,0.015080973,0.012973939,0.020485112,0.009254895,0.017500347
LaI51zEh.png,sunda,1,sunda,sunda,1,1,0,0.0044431635,0.00025845037,0.0120933,0.0027544827,0.005964641,0.00028246958,0.97420347
kdrgfK7L.png,pegon,3,pegon,pegon,1,1,0,0.009641992,0.024284866,0.023560695,0.020567358,0.010129778,0.901546,0.010269267
LgY2oxRM.png,jawi,5,jawi,jawi,1,1,0,0.0050370838,0.011028852,0.95010215,0.007828412,0.0060124113,0.011524327,0.00846672
HnXxs0nj.png,pegon,4,pegon,pegon,1,1,0,0.0052105444,0.039914552,0.044354305,0.0038973682,0.0049125077,0.89742893,0.0042818408
NUG0ZCAD.png,sunda,5,sunda,sunda,1,1,0,0.005527411,0.0019060766,0.013884383,0.004848438,0.005408415,0.00021289215,0.9682123
QaoqPD7L.png,pegon,1,pegon,pegon,1,1,0,0.0018086896,0.028649572,0.011457388,0.0039650085,0.004132615,0.94643015,0.0035566573
jt0aqwhU.png,jawi,5,jawa,jawi,0,1,1,0.0062508294,0.07437387,0.84371567,0.022182269,0.022863232,0.010641578,0.019972462
BhiuLRr2.png,lampung,1,lampung,lampung,1,1,0,0.0077891224,0.0001679815,0.014485236,0.96134454,0.006070967,0.0025418587,0.0076003186
CAZa9BgO.png,lontara,1,lontara,lontara,1,1,0,0.0066107633,0.025487483,0.00089543534,0.010280837,0.9484923,0.0005187445,0.007714402
BrTrh4N8.png,pegon,4,pegon,pegon,1,1,0,0.006723794,0.0051212725,0.00869458,0.008336916,0.007671933,0.95706534,0.006386096
GHtlrUYI.png,lampung,5,lampung,lampung,1,1,0,0.0072167506,0.00057501334,0.0005783925,0.9453597,0.007678503,0.031702757,0.006888929
7C4dhdUD.png,pegon,3,pegon,pegon,1,1,0,0.009981805,0.013384511,0.024920234,0.0120957615,0.009273337,0.92017776,0.010166592
N9oIyPsL.png,jawa,5,jawa,jawa,1,1,0,0.01072685,0.41672727,0.17688474,0.006958602,0.0085558975,0.3730962,0.0070504174
UsOFPTQ6.png,jawa,5,jawa,jawa,1,1,0,0.003778335,0.9676618,0.007864688,0.0039738873,0.0045908066,0.008816637,0.0033138173
PQ7tQnAM.png,bali,2,bali,bali,1,1,0,0.97524977,0.0023277835,0.007517847,0.0061310893,0.003499323,0.00020529525,0.0050688647
AV21BGRM.png,jawa,3,jawa,jawa,1,1,0,0.01014664,0.89847684,0.02925049,0.012037535,0.011818411,0.031167407,0.0071027144
AGwnFjLN.png,jawi,5,jawi,jawi,1,1,0,0.010592907,0.028990598,0.9219068,0.008031433,0.006909683,0.018062301,0.0055062165
z25GgvQ7.png,bali,1,bali,bali,1,1,0,0.98001033,0.0077849673,0.0031392735,0.003239306,0.0031969459,8.188062e-05,0.0025472105
Jigrj2ce.png,bali,1,bali,bali,1,1,0,0.96922386,0.00048161787,0.009579545,0.007795597,0.006417885,0.00018137894,0.0063201147
LFeIfTGq.png,bali,3,bali,bali,1,1,0,0.9496755,0.022098849,0.00037764132,0.009350627,0.009949371,0.00029728375,0.008250813
n0goOgWX.png,jawi,3,jawi,jawi,1,1,0,0.0030045817,0.007608648,0.9649333,0.0036410054,0.0037651374,0.013939886,0.0031074723
rkMxZpwm.png,jawi,3,jawi,jawi,1,1,0,0.0060255094,0.017957725,0.9401394,0.0067090522,0.006688568,0.017068574,0.0054112775
UYMVVXz7.png,sunda,2,sunda,sunda,1,1,0,0.011069989,0.00057174667,0.02702866,0.007674739,0.009620589,0.00010540161,0.94392896
sOdkpLe0.png,lampung,3,lampung,lampung,1,1,0,0.008008306,0.01704985,0.0003811205,0.96012014,0.0068944753,5.7765792e-05,0.007488455
IQEADn7h.png,sunda,4,sunda,sunda,1,1,0,0.008351279,0.0012366404,0.021877203,0.009793226,0.0080965925,0.00025921388,0.9503858
RKoBPxWp.png,jawi,2,jawi,jawi,1,1,0,0.005550971,0.0066907993,0.9728458,0.0037058636,0.0035314483,0.0052414215,0.0024338507
pZUAPSJA.png,jawi,5,jawi,jawi,1,1,0,0.0038494482,0.027316576,0.9305855,0.0049417354,0.0056248866,0.020339642,0.007342121
i5DPKVgT.png,pegon,1,pegon,pegon,1,1,0,0.0042602667,0.009011939,0.0036732953,0.0028525884,0.0062455875,0.9661845,0.007771692
yc6kptPg.png,pegon,5,pegon,pegon,1,1,0,0.006117569,0.024355765,0.017993925,0.0048654047,0.0075988965,0.9319693,0.007099208
WEIlqzCv.png,lampung,3,lampung,lampung,1,1,0,0.0069594965,0.019201597,0.000424633,0.95537215,0.007035278,0.00051120576,0.010495607
qOLZPadE.png,sunda,3,sunda,sunda,1,1,0,0.005252322,0.00037933173,0.016986411,0.006639998,0.006487315,0.00021445473,0.96404004
N7QvjGkQ.png,jawi,1,jawi,jawi,1,1,0,0.0041174963,0.023254354,0.9279852,0.0034244996,0.0043739243,0.03367008,0.0031743655
CMiSgpjz.png,lampung,5,lampung,lampung,1,1,0,0.008213216,0.021071324,9.777036e-05,0.95519125,0.007173468,0.0004962765,0.0077566826
IvNIEbH7.png,jawa,5,jawa,pegon,1,0,1,0.013061619,0.35837537,0.14113209,0.008013308,0.008981684,0.4632064,0.0072294986
xbd4kNho.png,pegon,4,pegon,pegon,1,1,0,0.0034167585,0.005980437,0.007731707,0.003454297,0.00381948,0.9672251,0.008372232
b8cnvvu8.png,jawi,3,jawi,jawi,1,1,0,0.0062272875,0.016652692,0.9500524,0.0066519296,0.00634379,0.008447419,0.005624528
059PtM6A.png,lampung,4,lampung,lampung,1,1,0,0.0047082026,0.0026284342,0.0010986408,0.96263796,0.008312509,0.015816696,0.0047975276
eZb2ZtKt.png,lampung,4,lampung,lampung,1,1,0,0.006714125,0.0012261065,0.00048015025,0.95906734,0.005511679,0.018480837,0.008519763
c3oMeXAl.png,lampung,5,lampung,lampung,1,1,0,0.0070032505,0.001042081,0.00018335537,0.9570497,0.007570269,0.01837687,0.008774374
IqddosIj.png,jawi,4,jawi,jawi,1,1,0,0.0028374284,0.026910001,0.9486103,0.0026350322,0.0019216266,0.0153478375,0.001737834
c2bTNPmY.png,jawa,3,jawa,jawa,1,1,0,0.007881163,0.9337883,0.015390972,0.009141174,0.008679834,0.01985913,0.005259332
7fghRvc5.png,pegon,1,pegon,pegon,1,1,0,0.003234434,0.020761292,0.015902698,0.002656074,0.004113775,0.94987696,0.003454857
mVMooAGj.png,jawa,5,jawa,jawa,1,1,0,0.011791404,0.9303712,0.009939544,0.0118425,0.014577225,0.011541339,0.009936703
EGZLyhHx.png,jawa,2,jawa,jawa,1,1,0,0.0071839294,0.9539649,0.013998459,0.0053820773,0.0046550664,0.0096398,0.005175802
FFKi71pa.png,jawa,5,jawa,jawa,1,1,0,0.007970477,0.95527476,0.011485674,0.00650376,0.007672783,0.0056360667,0.0054563805
kgpc0efu.png,pegon,2,pegon,pegon,1,1,0,0.002583478,0.019481434,0.019730331,0.004495062,0.0031973026,0.94787955,0.00263281
0ZwPS01z.png,lampung,1,lampung,lampung,1,1,0,0.004873322,0.0002458991,0.00072379713,0.96864545,0.0075890254,0.013373295,0.0045492593
WpCZ3yCp.png,pegon,1,pegon,pegon,1,1,0,0.0031260403,0.015121434,0.01783481,0.003008293,0.0038825995,0.95212024,0.0049066967
jxGBmLgw.png,lampung,4,lampung,lampung,1,1,0,0.007353487,0.005811644,0.0035538876,0.9654507,0.0063826665,0.0067671845,0.004680417
H6sPeZfX.png,sunda,5,sunda,sunda,1,1,0,0.0071304915,0.014430706,0.0045954706,0.006452549,0.0061811334,0.0005886871,0.96062094
LUx7dvO2.png,jawi,5,jawi,jawi,1,1,0,0.0077702147,0.02583942,0.9198098,0.011091912,0.008058552,0.020182803,0.0072472626
zVkuWjr5.png,jawi,5,pegon,jawi,0,1,1,0.009216836,0.108746566,0.6809526,0.015715888,0.013060648,0.16356708,0.008740421
nK5Xw7Ok.png,jawa,1,jawa,jawa,1,1,0,0.063798584,0.7570768,0.008263816,0.02626836,0.06942583,0.059939276,0.015227403
VZJcgBEk.png,jawi,4,jawi,jawi,1,1,0,0.0070609986,0.018328998,0.9138478,0.007950764,0.0071645607,0.038613483,0.0070333024
BX4Gd0C8.png,sunda,4,sunda,sunda,1,1,0,0.0068033044,0.0034200882,0.016356211,0.008624244,0.0073159225,0.0029153747,0.95456487
dc2goLsE.png,jawi,2,jawi,jawi,1,1,0,0.009786183,0.018307464,0.92533916,0.009248797,0.009036246,0.017215073,0.01106699
BtU4g1Hx.png,jawi,5,jawi,jawi,1,1,0,0.008423574,0.02529009,0.92115426,0.016522534,0.010496409,0.011928706,0.0061844084
eMvkTLqG.png,lampung,1,lampung,lampung,1,1,0,0.0057180757,0.0010789604,0.015770275,0.96355337,0.00559105,0.00071071583,0.0075775897
biDJRFFE.png,bali,2,bali,bali,1,1,0,0.97074807,0.007426672,0.0045754397,0.0066806083,0.0044728206,0.00039015495,0.0057061673
xgSE9Xiu.png,sunda,1,sunda,sunda,1,1,0,0.003408392,0.00026994635,0.008991929,0.0021967797,0.0034277807,0.0002521096,0.98145306
3R1NnJ2M.png,bali,5,bali,bali,1,1,0,0.9508919,0.0013134447,0.024867734,0.0070511703,0.008733717,0.00014902872,0.006993023
7ddFScRx.png,sunda,2,sunda,sunda,1,1,0,0.006076998,0.004169925,0.011401643,0.0078030764,0.0052884473,0.00019713634,0.96506274
li75D5Fn.png,jawi,5,jawi,jawi,1,1,0,0.0098659145,0.019654835,0.91699016,0.008904253,0.012062343,0.019463824,0.013058726
qfYf8tKY.png,jawi,2,jawi,jawi,1,1,0,0.0112262685,0.010420528,0.93528193,0.00852255,0.0090151755,0.016963812,0.0085697025
HKhFOOH6.png,jawa,4,pegon,jawa,0,1,1,0.05086902,0.8693199,0.013618936,0.013118952,0.0076527945,0.018687736,0.026732657
lS6hggH7.png,bali,1,bali,bali,1,1,0,0.97683483,0.008008079,0.0046483185,0.0036976554,0.0043801167,0.000104210114,0.0023268003
VSr6yCsj.png,pegon,4,pegon,pegon,1,1,0,0.0022727593,0.024098596,0.034536503,0.002563085,0.0022976988,0.931178,0.0030533571
AloU5wrU.png,jawi,4,jawi,jawi,1,1,0,0.004072275,0.040073887,0.5361827,0.005457872,0.012893964,0.39371884,0.0076003643
MISL9rCO.png,sunda,5,sunda,sunda,1,1,0,0.0073446017,0.0010952727,0.0195092,0.0073517845,0.009025481,0.0002302552,0.9554433
vKycnJKI.png,jawi,1,jawi,jawi,1,1,0,0.0032162494,0.0278206,0.93488663,0.0019685042,0.0030447994,0.028038802,0.0010244157
sYLybXp7.png,jawi,2,jawi,jawi,1,1,0,0.0021844155,0.0075940792,0.97443813,0.0037453435,0.0014323957,0.009525109,0.0010805265
mu7kzU3n.png,jawi,1,jawi,jawi,1,1,0,0.06324667,0.019617574,0.82283354,0.022852596,0.009970572,0.02744992,0.03402914
ZkmxSFAa.png,jawa,3,jawa,jawa,1,1,0,0.0022406548,0.95980644,0.0074290903,0.0053936765,0.0042757005,0.01605325,0.0048011714
nZz5GTFx.png,jawa,5,jawa,jawa,1,1,0,0.013438718,0.9471643,0.0073312377,0.005461123,0.008801266,0.011703851,0.0060995435
CmobSflw.png,sunda,4,sunda,sunda,1,1,0,0.007970043,0.006422642,0.009918482,0.0067578238,0.0072507816,0.000478152,0.96120214
QAKFrDgQ.png,jawa,1,jawa,jawa,1,1,0,0.0045675933,0.96165997,0.010154121,0.005176341,0.0048483605,0.008899933,0.004693766
K2PaiYL2.png,pegon,3,pegon,pegon,1,1,0,0.0063093756,0.023351481,0.028919827,0.0144933285,0.008857,0.91205424,0.0060148733
NMYP4oXy.png,bali,1,bali,bali,1,1,0,0.9689998,0.012027826,0.004689511,0.004588439,0.005673711,0.00022884937,0.0037919206
banMNyl9.png,jawa,5,jawa,jawa,1,1,0,0.013972444,0.9320285,0.013504032,0.009078565,0.0077988952,0.015227539,0.008390077
9TIwmyrv.png,pegon,3,pegon,pegon,1,1,0,0.0090350825,0.04660454,0.12927756,0.0064408155,0.0056053256,0.7998878,0.0031488158
VMm4ACdA.png,jawi,3,jawi,jawi,1,1,0,0.005288091,0.019491097,0.8609563,0.027685227,0.011954385,0.069101945,0.0055228802
k1HYZC3N.png,pegon,3,pegon,pegon,1,1,0,0.0047573885,0.022376312,0.013413803,0.0039407103,0.0034344045,0.94775563,0.004321911
KfZGBti5.png,lampung,5,lampung,lampung,1,1,0,0.007920838,0.0007636636,0.00074962474,0.95013446,0.009540897,0.021462552,0.009427943
cOdlpeVb.png,lampung,2,lampung,lampung,1,1,0,0.005336773,0.009191169,0.006492106,0.9654884,0.00823595,0.00037130137,0.0048843203
GJn2h5si.png,sunda,4,sunda,sunda,1,1,0,0.008470292,0.005261301,0.03873394,0.012438965,0.009116677,0.0012671804,0.9247117
Y8wwoa2G.png,sunda,3,sunda,sunda,1,1,0,0.007757578,0.00030180364,0.023260295,0.0069967005,0.0071934992,7.7888966e-05,0.9544123
s2Wia4bd.png,jawi,4,jawi,jawi,1,1,0,0.006238616,0.012778363,0.9260761,0.0046919896,0.009948979,0.032806426,0.0074595064
cofw2LvW.png,jawi,1,jawi,jawi,1,1,0,0.007365915,0.014719826,0.93227965,0.008385846,0.011666513,0.016810568,0.008771699
dc7ZRPdw.png,sunda,5,sunda,sunda,1,1,0,0.007045464,0.00035794755,0.016138777,0.0075483,0.008675984,0.00035516196,0.9598783
5T0dm9Gw.png,sunda,5,sunda,sunda,1,1,0,0.005178665,0.0009062077,0.011183648,0.0058238264,0.00531791,0.00016849324,0.97142124
D2nMveQI.png,sunda,3,sunda,sunda,1,1,0,0.005660425,0.0043924637,0.013690896,0.005244609,0.009130881,0.0016066529,0.9602742
3ETWdE3i.png,jawi,1,jawi,jawi,1,1,0,0.006459329,0.0153149655,0.9401299,0.0038838494,0.01229416,0.017940015,0.003977832
v7fdXPDg.png,bali,3,bali,bali,1,1,0,0.9491666,0.0047405255,0.01781102,0.009724346,0.007092389,0.0006805656,0.010784522
50c0r3ps.png,lampung,4,lampung,lampung,1,1,0,0.004460293,0.001584271,0.0028070828,0.9733744,0.0047924486,0.008460577,0.0045209317
uNiCVHcx.png,pegon,1,pegon,pegon,1,1,0,0.0027431545,0.013990326,0.013881453,0.003128841,0.003394335,0.9590135,0.003848355
nm4GCtyx.png,jawi,3,jawi,jawi,1,1,0,0.002468998,0.005250534,0.9697902,0.0070073362,0.006741406,0.0049179913,0.0038235104
UBZ0Xc6l.png,pegon,3,pegon,pegon,1,1,0,0.00517223,0.018087791,0.020416245,0.0030425407,0.008384888,0.94233626,0.0025600465
YecdarSS.png,jawa,2,jawa,jawa,1,1,0,0.007424634,0.93320036,0.014662594,0.010283595,0.007949317,0.014225358,0.012254117
OaN8pLgz.png,lampung,1,lampung,lampung,1,1,0,0.006198583,0.017928535,0.00092545146,0.95325446,0.011124392,0.0003872955,0.010181282
MX3Ji3AN.png,sunda,2,sunda,sunda,1,1,0,0.0074745803,0.0002134269,0.015942933,0.0066941096,0.007184409,0.00010391443,0.9623866
vgRJHnKD.png,jawi,1,jawi,jawi,1,1,0,0.0059089377,0.021332994,0.92318803,0.008828342,0.0067690536,0.02779631,0.006176359
hYC2zOw5.png,lampung,5,lampung,lampung,1,1,0,0.007253589,0.0008597662,0.0007598533,0.9609116,0.0056648706,0.01808878,0.0064616045
MSzffMvS.png,sunda,3,sunda,sunda,1,1,0,0.0034092718,0.000107557804,0.018919535,0.0050202217,0.0047310106,9.491943e-05,0.9677174
yyOXAE0f.png,jawa,4,jawa,jawa,1,1,0,0.008801254,0.9342381,0.015840705,0.010481294,0.008251916,0.015778948,0.0066078976
oDQI5gsn.png,lampung,3,lampung,lampung,1,1,0,0.004295288,0.0017853382,0.012029028,0.97327876,0.0032530501,0.0009570235,0.0044015027
0Z2Jjwaj.png,bali,5,bali,bali,1,1,0,0.9480187,0.0030303013,0.023445595,0.00709739,0.010134969,0.00018796694,0.008085003
bwhFMiaz.png,lampung,3,lampung,lampung,1,1,0,0.004649101,0.0054881736,0.00744125,0.9674951,0.006645245,0.0041204994,0.0041606086
ITFXxOsG.png,jawi,2,jawa,jawi,0,1,1,0.034976542,0.059677284,0.85236007,0.014936896,0.010425623,0.005995312,0.021628253
v0FFyutp.png,bali,5,bali,bali,1,1,0,0.9620304,0.0012472848,0.019501293,0.0053759264,0.006423158,0.00011505652,0.005306866
4BRYud4M.png,jawa,5,jawa,jawa,1,1,0,0.0034909132,0.9357921,0.014334689,0.009496342,0.008786883,0.023108983,0.0049901027
EgX2GsDV.png,pegon,4,pegon,pegon,1,1,0,0.0015252492,0.057277914,0.39046904,0.0029848209,0.0021466613,0.54237735,0.0032190583
FAOJrTap.png,sunda,1,sunda,sunda,1,1,0,0.013321222,0.00082738406,0.025941037,0.0076933047,0.014211145,0.00070769904,0.9372981
V3alfTzs.png,sunda,5,sunda,sunda,1,1,0,0.006376594,0.012196773,0.0065173134,0.0074282773,0.0066770995,0.0041843327,0.9566196
C4r0rPb0.png,lampung,1,lampung,lampung,1,1,0,0.005238217,0.004689226,0.014564228,0.96438086,0.004363337,0.00062508404,0.0061389953
TiF8BFmI.png,lampung,4,lampung,lampung,1,1,0,0.004575222,0.0033808735,0.0014528536,0.9738549,0.0040511633,0.009637092,0.0030479685
ItBpjENw.png,lampung,1,lampung,lampung,1,1,0,0.008151808,0.016635142,0.0004326195,0.9558957,0.008360026,0.0023303123,0.008194351
p7yDELw7.png,jawi,2,jawi,jawi,1,1,0,0.09378589,0.02989653,0.83044446,0.0042309794,0.002807263,0.027798677,0.011036165
IOn7guJI.png,pegon,3,pegon,pegon,1,1,0,0.015273176,0.013754206,0.0160646,0.019796534,0.012902731,0.91203696,0.01017167
L7k1sFz3.png,jawi,1,jawi,pegon,1,0,1,0.011658505,0.02879484,0.39711255,0.0056897723,0.008904325,0.53856444,0.009275542
7HLPSYjW.png,pegon,2,pegon,pegon,1,1,0,0.0026111705,0.011254534,0.008138062,0.0018167575,0.0013538941,0.9733385,0.0014870921
04PfhVTQ.png,lampung,3,lampung,lampung,1,1,0,0.007366371,0.016419133,0.0011008194,0.9612637,0.0067489725,0.00011193533,0.006989111
ZJF4UG25.png,pegon,1,pegon,pegon,1,1,0,0.0047541508,0.020165786,0.01293131,0.006639792,0.0046318998,0.94728196,0.0035951743
M4F2zReM.png,pegon,3,pegon,pegon,1,1,0,0.0034935444,0.02010844,0.01668677,0.0054216175,0.0046107527,0.9445882,0.0050907247
cfXrWE4c.png,pegon,4,pegon,pegon,1,1,0,0.0057268958,0.0066343523,0.0066798595,0.006871273,0.0068946434,0.9618164,0.005376577
YIKSmxn7.png,sunda,5,sunda,sunda,1,1,0,0.0071959607,0.00030649191,0.017298836,0.0067965738,0.006907961,0.00034797977,0.9611462
MrRRhwJU.png,sunda,1,sunda,sunda,1,1,0,0.004714463,0.0014048662,0.022851221,0.0070566004,0.006683362,0.00021168923,0.9570777
ovMD4LsF.png,sunda,1,sunda,sunda,1,1,0,0.007512745,0.00036965203,0.020360483,0.004651551,0.0073419777,0.00044328047,0.95932037
bEz398vp.png,bali,3,bali,bali,1,1,0,0.9788602,0.008430115,0.00028027105,0.0046864194,0.004325561,0.00011757835,0.0032997741
EiNupSzt.png,pegon,3,pegon,pegon,1,1,0,0.0035688828,0.016647322,0.022183722,0.0034122365,0.0051528225,0.94512,0.0039150184
0v4qq5XW.png,jawi,1,jawi,jawi,1,1,0,0.004617027,0.021229107,0.9331596,0.0033948275,0.008457965,0.023891846,0.005249697
f5CJwsoy.png,jawa,5,jawa,jawa,1,1,0,0.008403269,0.94376755,0.013047935,0.007955471,0.007311811,0.011950095,0.007563897
JHYA3rd3.png,lampung,3,lampung,lampung,1,1,0,0.007959124,0.018556856,0.0008354819,0.955093,0.008423603,6.093724e-05,0.009070947
qDrNSpsf.png,pegon,2,pegon,pegon,1,1,0,0.014308277,0.02746062,0.012037731,0.011325246,0.011480046,0.9142683,0.009119717
2EO9FTCE.png,jawa,2,jawa,jawa,1,1,0,0.0027369158,0.9822211,9.822211e-13,0.004145545,0.0073856493,9.822211e-13,0.0035106814
KFJxWis1.png,sunda,5,sunda,sunda,1,1,0,0.007398548,0.002166383,0.015835524,0.005555315,0.006235516,0.00018984026,0.96261895
vSycO5gD.png,sunda,1,sunda,sunda,1,1,0,0.0060928557,0.00047609102,0.019017387,0.0048893825,0.006921214,0.0005326762,0.96207035
KGpeYuie.png,jawi,2,jawi,jawi,1,1,0,0.007409306,0.016848966,0.94081855,0.0069388323,0.0054616206,0.014667256,0.00785548
NCEuKjzH.png,jawa,2,pegon,jawa,0,1,1,2.9777648e-05,0.9654459,0.01968805,1.853014e-05,4.996995e-09,0.014817845,4.853759e-09
UBUA34MZ.png,lampung,3,lampung,lampung,1,1,0,0.0060195676,0.0014399441,0.0054336297,0.96356136,0.008662839,0.008371712,0.0065109525
awOVGOWV.png,jawa,5,jawa,jawa,1,1,0,0.0053801746,0.9526452,0.013775813,0.0054752133,0.00511513,0.011101654,0.0065069147
HUHXbpnk.png,lampung,2,lampung,lampung,1,1,0,0.0047443574,0.0057740905,0.004741238,0.97315323,0.004483383,0.003555143,0.0035486135
iOSiTh96.png,sunda,3,sunda,sunda,1,1,0,0.005239764,0.00035896522,0.017827526,0.004733882,0.0050665494,0.00014688808,0.9666264
v25Qnp6n.png,jawa,5,jawa,jawa,1,1,0,0.009867853,0.9419493,0.0143587245,0.008549572,0.009465513,0.008474096,0.007334999
SJL3X7Y0.png,sunda,5,sunda,sunda,1,1,0,0.006741446,0.0035761998,0.012666353,0.0065913345,0.005291313,0.00019345865,0.96493983
CChOx7ZJ.png,lampung,3,lampung,lampung,1,1,0,0.007962713,0.010379297,0.0013170046,0.9564264,0.007835873,0.008606841,0.0074719912
O6Ox0y1L.png,jawi,1,jawi,jawi,1,1,0,0.0014580844,0.018206066,0.9540721,0.0011508818,0.0034484544,0.020690704,0.00097375474
4IKYdzor.png,jawa,2,jawa,jawa,1,1,0,0.009718188,0.93101627,0.015480747,0.009082923,0.013014106,0.012021149,0.009666573
kva2zkfH.png,jawa,4,jawa,jawa,1,1,0,0.013095565,0.9404773,0.011553328,0.008496931,0.0074985796,0.012565536,0.006312637
YGpRlb2B.png,jawa,3,jawa,jawa,1,1,0,0.0066665,0.95410085,0.011032091,0.005886191,0.0064268457,0.008744163,0.007143402
nokLBlBV.png,jawa,4,jawa,jawa,1,1,0,0.007431202,0.9227408,0.032481436,0.008713665,0.007923034,0.018670745,0.002039081
W4IGoj5g.png,jawi,5,pegon,pegon,0,0,0,0.0019146712,0.020757008,0.14607452,0.0026975558,0.0035107362,0.8218804,0.0031652043
LjlINc01.png,jawa,5,jawa,jawa,1,1,0,0.011974751,0.92996633,0.011821431,0.015146434,0.010906669,0.014343164,0.0058412137
UczBR3oQ.png,jawi,1,jawi,jawi,1,1,0,0.020152163,0.010082779,0.9382648,0.0053570135,0.013131652,0.003063086,0.009948492
SIG8yqHx.png,lampung,1,lampung,lampung,1,1,0,0.0037228665,0.0060271984,0.0071030753,0.96787673,0.005640688,0.0041578803,0.0054716384
0jYWoewl.png,jawa,3,jawa,jawa,1,1,0,0.004887767,0.95537233,0.008893701,0.005136865,0.0065314583,0.014115274,0.0050626085
8u3hqe7I.png,pegon,2,pegon,pegon,1,1,0,0.0027354215,0.017242195,0.009184128,0.0052092695,0.0025006197,0.9599592,0.00316916
Uv89X7tP.png,jawa,1,jawa,jawa,1,1,0,0.03235295,0.9067549,0.014713692,0.005213838,0.014396844,0.016081117,0.010486555
IhCWlw5s.png,jawi,5,jawi,jawi,1,1,0,0.004672822,0.014729279,0.9522071,0.0064350558,0.005160244,0.01277205,0.0040232968
UIHMlYRz.png,jawi,1,pegon,jawi,0,1,1,0.0061286767,0.018311664,0.8361661,0.006859765,0.0864063,0.037904784,0.008222709
sB4HeRvh.png,pegon,5,pegon,pegon,1,1,0,0.007381642,0.016493622,0.011903138,0.005804096,0.008664361,0.9428171,0.0069359583
OFEX7PTu.png,lampung,1,lampung,lampung,1,1,0,0.004746626,0.0055730334,0.00056323817,0.97277033,0.004844166,0.007639783,0.0038628
XKjfH0QS.png,pegon,5,pegon,pegon,1,1,0,0.0020880222,0.015810441,0.017128587,0.0021130654,0.0025877291,0.9583018,0.0019702623
L6JLMT8t.png,pegon,4,pegon,pegon,1,1,0,0.007789282,0.0031895249,0.0068251495,0.012547811,0.0084292,0.9525006,0.008718466
pFtAfUA2.png,jawa,4,jawa,jawa,1,1,0,0.0049695456,0.9623448,0.0056335954,0.0040898584,0.004005773,0.0148425475,0.004113793
x6oo9Aql.png,bali,3,bali,bali,1,1,0,0.95545125,0.009689642,0.01167083,0.008097457,0.005505635,0.0010480554,0.008537067
gxawh0TK.png,jawa,3,jawa,jawa,1,1,0,0.0040588165,0.9631453,0.010229569,0.0015227406,0.0006391897,0.01975656,0.0006479339
rtw44wJm.png,lontara,2,lontara,lontara,1,1,0,0.0073505295,0.0041558063,0.016197518,0.0075720446,0.9572793,8.650406e-05,0.007358354
4H4iNRc7.png,jawa,5,jawa,jawa,1,1,0,0.005501561,0.93734753,0.010211584,0.010347408,0.007561653,0.019568352,0.009461969
Hl8xjNWf.png,pegon,5,pegon,pegon,1,1,0,0.007609001,0.019289184,0.017718043,0.009766969,0.0069863084,0.93213177,0.0064986977
92dUXFMO.png,lampung,1,lampung,lampung,1,1,0,0.0065716207,0.0039510266,0.009610837,0.9586551,0.0072315168,0.0043835426,0.009596402
9PcFRZ1a.png,jawi,3,jawi,pegon,1,0,1,0.0015965151,0.121430695,0.4155356,0.003340147,0.0057340735,0.44995975,0.0024031852
GBb3BoJ9.png,lontara,2,lontara,lontara,1,1,0,0.009645712,0.023843838,0.0011173714,0.008879155,0.94767547,0.00027010543,0.008568277
NeawVRDP.png,bali,4,bali,bali,1,1,0,0.9790815,0.0068247113,0.002502715,0.0043740943,0.003807411,0.00020953837,0.0032000248
F9CyrLAy.png,jawa,5,jawa,jawa,1,1,0,0.011908972,0.9401999,0.010242658,0.009601703,0.0073232,0.009773613,0.010949945
XI2R8ol5.png,pegon,4,pegon,pegon,1,1,0,0.003414483,0.031822737,0.012119903,0.006522919,0.0035708528,0.9395818,0.00296712
pRUGvPz0.png,lampung,2,lampung,lampung,1,1,0,0.003159098,0.0012314974,0.0115029765,0.97548705,0.005162506,0.0006540434,0.002802874
h5H6NqO6.png,lontara,5,lontara,lontara,1,1,0,0.008080511,0.015164059,0.0020151197,0.007862426,0.95999277,0.0002236062,0.0066615064
L9sm0IQZ.png,jawi,4,jawi,jawi,1,1,0,0.006100344,0.022678573,0.9228579,0.004752108,0.004201753,0.03431158,0.0050977767
omY5e6NR.png,jawa,5,jawa,jawa,1,1,0,0.005252234,0.951344,0.00713007,0.011854782,0.009626764,0.00819865,0.0065935254
TfWm5aLZ.png,bali,5,bali,bali,1,1,0,0.9509205,0.03133682,0.00069164485,0.0074848426,0.0057413727,0.00036411546,0.003460733
frP1Ukwx.png,jawa,1,jawa,jawa,1,1,0,0.00551867,0.9408491,0.018559866,0.007181333,0.006580802,0.014927842,0.006382375
tJFmzNpq.png,pegon,2,pegon,pegon,1,1,0,0.015630106,0.022407686,0.006562533,0.016289538,0.01482164,0.91228,0.0120084435
mCEbvbBD.png,jawa,1,jawa,jawa,1,1,0,0.0008299388,0.97924876,0.009732371,0.0014836681,0.0016791996,0.0057437588,0.0012823587
rYqPG6oa.png,lampung,2,lampung,lampung,1,1,0,0.0044845454,0.010512328,0.00065119547,0.976234,0.0043048984,7.2795025e-05,0.0037402264
AZyLYkMY.png,pegon,4,pegon,pegon,1,1,0,0.00454129,0.0025115777,0.011923704,0.0044952766,0.0061758063,0.96495646,0.005395928
PxN5O7vl.png,lampung,4,lampung,lampung,1,1,0,0.006969447,0.0035863463,0.012979728,0.9636599,0.005353063,0.00048258246,0.006969081
OGWZJ3Lo.png,bali,5,bali,bali,1,1,0,0.9499876,0.002314716,0.025047068,0.0065767327,0.009102389,0.00019311343,0.006778467
4Tj9ZWRb.png,jawi,2,jawi,jawi,1,1,0,0.008940473,0.0074182777,0.95467293,0.0070553683,0.0043004397,0.0084471535,0.00916537
m1olFPUG.png,lampung,2,lampung,lampung,1,1,0,0.0037022557,0.009275917,0.0030753466,0.9735605,0.0058988044,0.00034555016,0.0041415556
6CO12kU7.png,pegon,4,pegon,pegon,1,1,0,0.0042489506,0.004659944,0.007728099,0.009825704,0.0043178955,0.9630045,0.0062148618
Uih4QEem.png,jawa,1,jawa,jawa,1,1,0,0.00062489905,0.9435905,0.02710959,0.0041980874,0.0028353606,0.019583596,0.0020579996
Hqycc2CT.png,jawa,2,jawa,jawa,1,1,0,0.0131220985,0.9211858,0.01838618,0.014397087,0.0077922754,0.01594302,0.009173658
QDodtUa5.png,jawi,4,jawi,jawi,1,1,0,0.009297186,0.018491691,0.9429018,0.007508319,0.0066858325,0.008334857,0.006780364
7XKbgUuw.png,lampung,2,lampung,lampung,1,1,0,0.008638036,0.00050489395,0.0019717033,0.9511991,0.007308584,0.020991806,0.009385787
jMM7yQDq.png,jawa,3,jawa,jawa,1,1,0,0.008558364,0.9008971,0.031068781,0.008780009,0.010217069,0.03527437,0.005204278
YNwn6zBy.png,sunda,5,sunda,sunda,1,1,0,0.0073725893,0.005754912,0.012356891,0.007221205,0.006873018,0.00027380028,0.9601476
OD1NxML4.png,sunda,3,sunda,sunda,1,1,0,0.0062037585,8.5571664e-05,0.019785676,0.009777738,0.0051815244,0.00013396739,0.9588317
mtXl8mWc.png,jawi,4,jawi,jawi,1,1,0,0.009738039,0.010011084,0.9261504,0.010170371,0.008924111,0.028686516,0.0063194456
3pVcPUHm.png,pegon,5,pegon,pegon,1,1,0,0.004213332,0.036727697,0.027845621,0.0028579647,0.005493039,0.9158382,0.007024297
dvNQ3ewl.png,lampung,5,lampung,lampung,1,1,0,0.00910552,0.0046072556,0.016571125,0.95348537,0.0072287587,0.00053215795,0.008469769
K4f4r5sY.png,lampung,1,lampung,lampung,1,1,0,0.005661724,0.008999567,0.014615764,0.9478829,0.0111439675,0.004226516,0.0074696
xSWRGy3W.png,pegon,2,pegon,pegon,1,1,0,0.0041228947,0.01400416,0.012190811,0.0058603096,0.0046082353,0.9534219,0.0057915817
MdcU56qK.png,pegon,5,pegon,pegon,1,1,0,0.008235631,0.02967825,0.022821866,0.005247599,0.013488038,0.91250694,0.008021639
5sy0IqlF.png,bali,3,bali,bali,1,1,0,0.9529329,0.001245352,0.021145971,0.008102474,0.0058747977,0.0005056305,0.010192918
pTUfcyY7.png,jawa,1,jawa,jawa,1,1,0,0.006731096,0.9314563,0.017601768,0.007057755,0.0054105995,0.023024388,0.008718102
Oom4Ri7W.png,lampung,5,lampung,lampung,1,1,0,0.0055096946,0.0011872372,0.0007165882,0.96005684,0.0063204234,0.019086337,0.0071229143
C560HZz8.png,sunda,1,sunda,sunda,1,1,0,0.009578011,0.0019036537,0.016728519,0.0069174427,0.007852197,0.00029988107,0.95672023
cwHNpPeT.png,jawi,3,jawi,jawi,1,1,0,0.0066372226,0.007163227,0.936367,0.0067238617,0.0090562105,0.0264204,0.0076321033
ZNS4VDpK.png,jawi,4,jawi,jawi,1,1,0,0.003525441,0.022088822,0.94476014,0.0056375866,0.0038632604,0.015526257,0.004598391
UQ9GdfEO.png,sunda,3,sunda,sunda,1,1,0,0.0042739105,0.0019052436,0.009192063,0.0050844927,0.004704374,0.005600677,0.9692392
ZfFzg400.png,jawa,4,jawa,jawa,1,1,0,0.031049196,0.8842157,0.015881738,0.008656921,0.027740875,0.017038615,0.015417009
jAlMSOwd.png,lontara,3,lontara,lontara,1,1,0,0.0045720604,0.010804853,0.0016541487,0.005480657,0.97323024,0.0005827911,0.0036753535
jidw2Jb4.png,jawi,5,jawi,jawi,1,1,0,0.009059418,0.012609493,0.94192576,0.0045358413,0.00993455,0.011514759,0.010420164
Xj5Wpd93.png,pegon,4,pegon,pegon,1,1,0,0.006399236,0.002758272,0.007043494,0.009637053,0.009863072,0.9573928,0.006906138
Pyd1AoDN.png,lontara,3,lontara,lontara,1,1,0,0.004783905,0.012546743,0.0021271922,0.006119481,0.9696721,0.00042723474,0.004323448
NpIPw3S7.png,lontara,2,lontara,lontara,1,1,0,0.008921052,0.021494146,0.004675324,0.009612778,0.94344866,0.0008871694,0.010960777
a88RRy4F.png,lontara,4,lontara,lontara,1,1,0,0.0039374228,0.009920865,0.004125548,0.0044401363,0.97333086,0.00021098975,0.0040342305
TBPIecyV.png,jawi,4,jawi,jawi,1,1,0,0.004204173,0.032205664,0.9311311,0.004329588,0.0031240203,0.020997597,0.004007796
kdPdi24C.png,sunda,4,sunda,sunda,1,1,0,0.0063033686,0.001620014,0.019119265,0.006824744,0.007246683,0.00080000947,0.95808595
BbQr3FWQ.png,sunda,2,sunda,sunda,1,1,0,0.0046247416,0.0050385743,0.008380539,0.003524294,0.00429643,0.00010426635,0.9740312
lCltpq6D.png,lontara,2,lontara,lontara,1,1,0,0.008459001,0.022942511,0.0013416233,0.008014165,0.95176107,0.00018501452,0.007296552
Aba07xLP.png,jawa,4,jawi,jawa,0,1,1,3e-45,0.953352,0.03259007,2.1689495e-29,1.5471144e-27,0.014057939,0.0
FXBWYuzP.png,bali,5,bali,bali,1,1,0,0.95941436,0.00863012,0.012465118,0.0055721165,0.007531355,0.00015829787,0.006228589
1Qp2uts3.png,sunda,3,sunda,sunda,1,1,0,0.0047542593,0.012314284,0.0018010982,0.0049555474,0.0055191433,0.0054331687,0.96522254
gVlgBbdG.png,jawi,3,jawi,jawi,1,1,0,0.006987135,0.0142554855,0.944354,0.0071759173,0.007241726,0.013326558,0.0066591767
fXO2nyNA.png,sunda,3,sunda,sunda,1,1,0,0.004921409,3.582681e-05,0.015325758,0.004374217,0.0043215035,5.9881546e-05,0.97096133
WNmGDNed.png,jawa,1,jawa,jawa,1,1,0,0.058293324,0.90037775,0.0055998294,0.0067531853,0.007570047,0.012029774,0.009376103
wVpJ4Ksb.png,pegon,5,pegon,pegon,1,1,0,0.0043965774,0.021634012,0.013591207,0.0052053696,0.0043465886,0.94725055,0.0035757609
q6G0VIbY.png,lampung,5,lampung,lampung,1,1,0,0.0073765893,0.00035558027,0.00030444108,0.96545035,0.0057300515,0.014697472,0.0060855267
Sw0B6IsZ.png,sunda,5,sunda,sunda,1,1,0,0.00893904,0.0012527022,0.020621382,0.008606734,0.0072054365,0.00017393699,0.95320076
HoKcpTr0.png,lampung,3,lampung,lampung,1,1,0,0.008429235,0.020539755,0.00095784676,0.9525295,0.008718764,0.00020136466,0.0086236205
lYTUM12w.png,sunda,1,sunda,sunda,1,1,0,0.0038701845,0.0003008842,0.016524257,0.0054366216,0.0048006787,0.0001577825,0.96890956
A7D61LYF.png,lampung,3,lampung,lampung,1,1,0,0.005939185,0.018338159,0.0007041376,0.9595205,0.0062709693,0.00069322094,0.008533826
6OyKP4IH.png,lampung,1,lampung,lampung,1,1,0,0.004959014,0.00035222157,0.00089373806,0.9625436,0.00669729,0.015757026,0.008797097
bzwyPpve.png,lampung,4,lampung,lampung,1,1,0,0.004870341,0.002474557,0.001201301,0.969639,0.005880521,0.009380011,0.006554148
b7Y33DMB.png,jawi,1,jawi,jawi,1,1,0,0.0080068465,0.023851125,0.9252227,0.004722857,0.006534492,0.023827843,0.007834103
P4C9gxu6.png,pegon,4,pegon,pegon,1,1,0,0.006159958,0.0044025914,0.0066090724,0.006680987,0.0070094243,0.96190155,0.0072363736
h93bYqfg.png,jawa,4,jawa,jawa,1,1,0,0.016652836,0.9157043,0.014671464,0.011251501,0.018171024,0.011904543,0.011644314
cb9rjyqL.png,bali,1,bali,bali,1,1,0,0.97483915,0.010071092,0.0041941586,0.002419021,0.0051592104,0.00014908757,0.0031681748
D5crw9Eh.png,sunda,5,sunda,sunda,1,1,0,0.012762221,0.0009229213,0.024859643,0.007533696,0.015122917,0.0006026125,0.93819594
iNZ4BuiK.png,bali,1,bali,bali,1,1,0,0.96005857,0.011039619,0.009526045,0.006856019,0.008238996,0.00017653227,0.0041042417
dYpcQD9t.png,pegon,1,pegon,pegon,1,1,0,0.0029567569,0.018128341,0.020105476,0.0036274134,0.0042142305,0.9481453,0.002822501
mLWT01gy.png,jawi,3,jawi,jawi,1,1,0,0.0052790237,0.01653667,0.94712585,0.0043922467,0.0050487793,0.01544401,0.0061733173
7y9aXDQr.png,lontara,3,lontara,lontara,1,1,0,0.004252468,0.001849489,0.06325259,0.022764528,0.89249367,0.009231075,0.0061562588
PqfVijU9.png,pegon,4,pegon,pegon,1,1,0,0.0050715115,0.0034617581,0.00827195,0.0071009947,0.00707206,0.9636063,0.0054154503
CxHXAQm8.png,lontara,1,lontara,lontara,1,1,0,0.01254095,0.032599263,0.008035739,0.013454605,0.9154179,0.00042463272,0.01752692
yiqF8QCu.png,lampung,1,lampung,lampung,1,1,0,0.005669939,0.011414105,0.00072541635,0.9708702,0.0050822753,0.0018465458,0.0043914355
9iUNEAlW.png,sunda,5,sunda,sunda,1,1,0,0.008715699,0.0020062067,0.018061008,0.008622711,0.008198315,0.0005908657,0.9538052
CbVd9pQj.png,jawa,5,jawa,jawa,1,1,0,0.0071574976,0.95215803,0.008889784,0.00865715,0.007312807,0.011314825,0.00450987
cuPOZQqI.png,sunda,2,sunda,sunda,1,1,0,0.007725382,9.604809e-05,0.016894963,0.0063768188,0.0064205565,0.00013077034,0.96235543
xdWsB2ue.png,bali,4,bali,bali,1,1,0,0.9789315,0.0071215467,0.00034206183,0.0040078294,0.0054433546,4.0486084e-05,0.0041131955
H6ZRsQu8.png,lampung,1,lampung,lampung,1,1,0,0.005473846,0.0012798456,0.020899145,0.9586592,0.006666853,0.0006140766,0.0064071505
IXu0waxJ.png,sunda,1,sunda,sunda,1,1,0,0.0048488732,0.0019476782,0.014164926,0.0066936337,0.0050647464,6.534088e-05,0.9672149
Idz3ZeKB.png,lampung,1,lampung,lampung,1,1,0,0.0074777626,0.0013105135,0.011254967,0.95972204,0.0065398286,0.0067634443,0.0069314158
LRKYKRRj.png,lampung,3,lampung,lampung,1,1,0,0.006565481,0.009114422,0.0038087438,0.96350956,0.0067672054,0.0042489604,0.0059856907
jVD7NbDr.png,jawi,1,jawi,jawi,1,1,0,0.005593976,0.017421322,0.9373404,0.0014993467,0.0030032422,0.027920874,0.007220809
nBRxUToa.png,pegon,4,pegon,pegon,1,1,0,0.00301255,0.010161084,0.009379131,0.00252381,0.0016906942,0.96986693,0.00336586
gPy5quyo.png,lampung,5,lampung,lampung,1,1,0,0.010223261,0.005766432,0.0010404319,0.9418012,0.008253437,0.021603148,0.011312138
hSZ0uUrp.png,sunda,2,sunda,sunda,1,1,0,0.0063473433,0.000114662646,0.012870556,0.004886079,0.0059717773,0.0028704077,0.96693915
JrXc2T11.png,jawi,4,jawi,jawi,1,1,0,0.000980899,0.0073984005,0.98233825,0.0012487161,0.0013694938,0.004842522,0.0018216592
gtuMHjua.png,sunda,1,sunda,sunda,1,1,0,0.007850252,0.0003665307,0.025149615,0.004571206,0.008953913,0.00040730037,0.95270115
Q4QYE4BU.png,jawa,4,jawa,jawa,1,1,0,0.008505058,0.9381091,0.013525927,0.008422163,0.006279596,0.015813412,0.009344806
DS1JxWyt.png,jawi,1,jawi,jawi,1,1,0,0.005492944,0.021947116,0.9295769,0.0053964187,0.0040794006,0.03042595,0.0030812977
AkYVEgH5.png,lontara,5,lontara,lontara,1,1,0,0.00528679,0.016399467,0.003618351,0.006210012,0.9620443,0.00017400878,0.006266987
eft7xgwP.png,lampung,2,lampung,lampung,1,1,0,0.0046346956,0.000320862,0.00042632024,0.9694438,0.0052113975,0.014853221,0.005109745
OhnOPMDS.png,sunda,2,sunda,sunda,1,1,0,0.0054779444,0.0014967097,0.012593137,0.0050173737,0.004988684,4.8158658e-05,0.970378
skeds835.png,pegon,2,pegon,pegon,1,1,0,0.004449312,0.026033795,0.015364377,0.00819265,0.0046194233,0.9376529,0.0036875927
zoaZ33qe.png,jawi,5,jawi,jawi,1,1,0,0.008300637,0.012534839,0.924537,0.018134028,0.015336752,0.014784079,0.0063726846
mnRwgtWC.png,bali,1,bali,bali,1,1,0,0.9719729,0.0136981765,0.0011763645,0.005996952,0.0033944633,0.00011690319,0.0036442326
vIQ8bUn3.png,lampung,1,lampung,lampung,1,1,0,0.0055080187,0.00048635987,9.1295115e-05,0.9620256,0.0053494563,0.020620048,0.0059192386
jzfrZCcV.png,sunda,2,sunda,sunda,1,1,0,0.0037552936,0.0001387152,0.009658435,0.0036627476,0.0036869382,3.5939498e-05,0.9790619
N2lZSQx5.png,jawa,4,jawa,jawa,1,1,0,0.006183996,0.9546121,0.005544839,0.0069830157,0.0075321975,0.013223667,0.0059201634
2TCrGHEY.png,sunda,5,sunda,sunda,1,1,0,0.007870077,0.001725731,0.017327439,0.008361147,0.007848207,0.00061653124,0.9562509
sepgsbpK.png,lampung,3,lampung,lampung,1,1,0,0.0064600655,0.016235895,0.00081786606,0.9603689,0.006826079,0.001468005,0.00782319
bpM1L0YU.png,sunda,1,sunda,sunda,1,1,0,0.007399404,0.020829855,0.0040558362,0.0044352263,0.009801034,0.00067548547,0.9528032
Gkt6R2hU.png,jawa,5,jawa,jawa,1,1,0,0.0056963693,0.94101185,0.0102715455,0.010728803,0.011811587,0.014191168,0.006288645
FaLd07gG.png,jawi,1,jawi,jawi,1,1,0,0.009082848,0.018576005,0.9189557,0.010803672,0.013735256,0.024015673,0.004830853
CDwQGzvG.png,jawa,5,jawa,jawa,1,1,0,0.016193839,0.55489475,0.040829446,0.011321689,0.009397446,0.359757,0.0076058046
mNNDbCbc.png,sunda,5,sunda,sunda,1,1,0,0.006450251,0.00022996514,0.016043272,0.004220312,0.006657781,0.00023865931,0.9661598
hRnz8bDl.png,lampung,4,lampung,lampung,1,1,0,0.005538407,0.005360699,0.0075524184,0.96815044,0.006273797,0.0021501125,0.004974055
MMI4Br4B.png,jawa,4,jawa,jawa,1,1,0,0.010786591,0.90102154,0.03020542,0.0020142253,0.0026603425,0.026786665,0.026525185
P8e7aw2E.png,jawa,1,jawa,jawa,1,1,0,0.012133927,0.93603414,0.014352406,0.00685027,0.010277087,0.011265332,0.0090867635
pvZaNhMJ.png,sunda,1,sunda,sunda,1,1,0,0.011744387,0.0006731401,0.021924322,0.0061417585,0.009207539,0.00017474376,0.95013404
mCM5fojo.png,lampung,5,lampung,lampung,1,1,0,0.007313702,0.003043089,0.00032742476,0.955141,0.0072146864,0.017208735,0.009751319
zIZTR6NB.png,jawa,1,jawa,jawa,1,1,0,0.009284133,0.93520504,0.019542698,0.0074685384,0.0055919723,0.015369229,0.0075383433
zVTNPC7I.png,jawa,1,jawa,jawa,1,1,0,0.0137727205,0.9426243,0.013095918,0.006426196,0.010226261,0.0062651085,0.007589498
aBxxQmvp.png,pegon,1,pegon,pegon,1,1,0,0.0071034865,0.0145693645,0.015985698,0.005707382,0.008283603,0.9437105,0.0046400134
d6UmfdbO.png,pegon,3,pegon,pegon,1,1,0,0.008837424,0.026082685,0.021040056,0.011579035,0.009378522,0.9158618,0.0072204997
lJgEV65w.png,lampung,1,lampung,lampung,1,1,0,0.0061440514,0.0059455954,0.0037452653,0.9670925,0.006084485,0.0051801465,0.0058078617
uLik2Mic.png,pegon,3,pegon,pegon,1,1,0,0.006861147,0.030098,0.014540237,0.010564331,0.009656553,0.9218051,0.0064746044
yUVMO5qG.png,jawa,1,jawa,jawa,1,1,0,0.006007888,0.815791,0.061359856,0.0060262736,0.0044297124,0.09988909,0.00649619
dNfOrGfQ.png,lampung,4,lampung,lampung,1,1,0,0.0041680993,0.00242597,0.0030280265,0.9746474,0.004895605,0.006517642,0.0043172836
5kdb9OoQ.png,pegon,2,pegon,pegon,1,1,0,0.0063274056,0.022506176,0.014340765,0.005053018,0.003975058,0.9426104,0.0051872325
LsoqvjwM.png,lampung,2,lampung,lampung,1,1,0,0.0034237176,0.00019193895,0.00016147106,0.9766449,0.0046144943,0.011588441,0.003375075
lOgMq7yQ.png,sunda,3,sunda,sunda,1,1,0,0.005709055,0.0011231474,0.017491944,0.0053975726,0.0063093514,0.0004219498,0.96354693
I8VCU7ZW.png,pegon,2,pegon,pegon,1,1,0,0.004917138,0.018915158,0.016006123,0.010748895,0.005884835,0.93573356,0.0077942335
p9vsuZZz.png,lontara,5,lontara,lontara,1,1,0,0.009957653,0.02079858,0.0036981546,0.009671821,0.94653195,0.00097561657,0.008366181
8kNJJLPM.png,jawi,5,jawi,jawi,1,1,0,0.002140706,0.017174577,0.9533974,0.0014565567,0.0020974255,0.014718915,0.009014448
cyKqY88y.png,sunda,1,sunda,sunda,1,1,0,0.008407169,0.00040525987,0.010041576,0.0058202613,0.009183806,0.010140119,0.9560018
6xrxYDDl.png,jawa,4,jawa,jawa,1,1,0,0.007721449,0.9449718,0.01176834,0.0075749443,0.008165507,0.011895439,0.007902572
z1f7z3kk.png,jawa,3,jawi,jawa,0,1,1,1.5983321e-06,0.96362454,0.014030164,3.414596e-05,1.981561e-09,0.022289155,2.0536707e-05
Muy5AGQx.png,sunda,5,sunda,sunda,1,1,0,0.007079465,0.0005487152,0.025104985,0.007974055,0.009051028,0.00018944578,0.9500524
3MWDolhO.png,sunda,5,sunda,sunda,1,1,0,0.0055309925,0.005926195,0.009919665,0.005394105,0.00653027,0.0003592128,0.9663395
oYO6RsA7.png,sunda,3,sunda,sunda,1,1,0,0.0074582193,0.0137054175,0.0038319626,0.0074378164,0.006836307,0.003936266,0.95679396
7A2Pn7qW.png,lontara,1,lontara,lontara,1,1,0,0.00760927,0.023692237,0.0037376902,0.007817601,0.9493047,0.00018809838,0.007650396
A4FPrMVH.png,jawi,5,jawi,jawi,1,1,0,0.003676231,0.01806749,0.9458859,0.0057422845,0.0069547174,0.014949248,0.004724168
p9tPliQv.png,lontara,1,lontara,lontara,1,1,0,0.007911825,0.026901856,0.0010239223,0.012245844,0.9412597,0.0005088621,0.0101479795
EmXlGCz6.png,lontara,2,lontara,lontara,1,1,0,0.0082977805,0.0037955565,0.017846452,0.007806388,0.9535562,0.0013937529,0.0073039685
k8F92nVC.png,lontara,2,lontara,lontara,1,1,0,0.009773356,0.0040544574,0.015185994,0.0073493845,0.95555323,0.000355748,0.007727818
52ZlMYx8.png,jawi,2,jawi,jawi,1,1,0,0.0074491543,0.011328478,0.92849946,0.01244715,0.0065363226,0.023392547,0.010346775
SNprzXc1.png,sunda,4,sunda,sunda,1,1,0,0.0048863147,0.0066690263,0.008291636,0.005631533,0.0057599237,0.0003422367,0.96841943
QtuWQqsY.png,lampung,1,lampung,lampung,1,1,0,0.005036949,0.0014824658,0.0145259015,0.96976525,0.0048237746,0.00034295348,0.004022635
weY0gsNd.png,sunda,1,sunda,sunda,1,1,0,0.0045128823,0.005591991,0.011137304,0.0056019514,0.0068507646,0.00028127828,0.9660238
8jmlE7EL.png,jawi,2,jawi,jawi,1,1,0,0.0063766404,0.013528935,0.9521637,0.004936507,0.007805845,0.010849593,0.0043387995
Z8SISDUi.png,lontara,2,lontara,lontara,1,1,0,0.009378779,0.01414263,0.004708937,0.0049804617,0.9598581,0.0008509914,0.0060800137
G3HWtTBC.png,lontara,2,lontara,lontara,1,1,0,0.006787094,0.019798286,0.0032882919,0.008115345,0.95322305,0.00029653902,0.008491314
H4E5lG8W.png,sunda,3,sunda,sunda,1,1,0,0.0049520964,0.00072244235,0.014731956,0.0051685777,0.005627629,0.00021512341,0.9685823
U9uvcDLV.png,lontara,1,lontara,lontara,1,1,0,0.008904913,0.019523637,0.011471752,0.01064461,0.9383463,0.00037916633,0.010729581
vYq142ou.png,bali,4,bali,bali,1,1,0,0.97567356,0.004109808,0.008306094,0.004386559,0.003976352,0.00027736402,0.0032702729
PL0A1oKJ.png,lampung,3,lampung,lampung,1,1,0,0.0057302667,0.0031256876,0.0014997214,0.9654084,0.006368903,0.01158502,0.0062820497
1zpoKMml.png,lontara,2,lontara,lontara,1,1,0,0.00910468,0.022189742,0.002616435,0.008998607,0.94718313,0.00027553466,0.009631906
m5srt8Iw.png,jawa,2,sunda,sunda,0,0,0,0.012908335,0.4125406,0.024923623,0.015861332,0.013103275,0.0035414,0.5171214
G2yCEoRZ.png,jawi,5,jawi,jawi,1,1,0,0.00881165,0.011971924,0.93356395,0.010141427,0.010822165,0.011694594,0.012994415
Bx4XFOn6.png,jawi,3,jawi,jawi,1,1,0,0.005978782,0.012481616,0.94428563,0.0066266083,0.006509097,0.018573165,0.005545188
SPTSdbY8.png,pegon,2,pegon,pegon,1,1,0,0.002935882,0.01652324,0.017400965,0.003578066,0.0050178687,0.94913316,0.0054108263
HiQpDzOX.png,sunda,3,sunda,sunda,1,1,0,0.0065434193,0.0003281111,0.01631112,0.0063890503,0.0066827238,0.00036998763,0.96337557
cr6l2xZg.png,pegon,3,pegon,pegon,1,1,0,0.01017983,0.017111078,0.025888234,0.008132548,0.007937669,0.9197493,0.011001323
46RBQnXU.png,lampung,2,lampung,lampung,1,1,0,0.0045042597,0.0002904741,0.0004318157,0.96989924,0.005409655,0.015266688,0.004197839
a4YijKsp.png,lampung,1,lampung,lampung,1,1,0,0.0040955357,0.00028934266,0.00026785966,0.97373337,0.0044486797,0.012100597,0.0050645364
0IYlE6Qs.png,jawa,3,jawa,jawa,1,1,0,0.010799889,0.95597214,9.559721e-13,0.011751623,0.008110774,9.559721e-13,0.013365565
UyFlqvyU.png,sunda,1,sunda,sunda,1,1,0,0.008027434,0.00059911207,0.015740674,0.003145208,0.0063994885,0.0009411559,0.9651469
RiqofR4E.png,pegon,3,pegon,pegon,1,1,0,0.0039487393,0.016199822,0.019331926,0.0037764735,0.003156009,0.9489088,0.004678343
IDALtTMR.png,lampung,2,lampung,lampung,1,1,0,0.0036914484,0.004399087,0.011282936,0.9677681,0.0028038742,0.0056720315,0.0043825833
HgSnbbkJ.png,lampung,3,lampung,lampung,1,1,0,0.006409127,0.006399108,0.011212721,0.9579139,0.0069991304,0.0032156368,0.007850347
pyLcaXqi.png,bali,3,bali,bali,1,1,0,0.9576721,0.007919424,0.011038065,0.0068472777,0.006739552,0.0010660364,0.008717592
yo273UE2.png,jawi,4,pegon,jawi,0,1,1,0.023874296,0.006297874,0.89888,0.0059322235,0.0071420665,0.0138231525,0.044050395
ioOoSjCm.png,jawi,3,jawi,jawi,1,1,0,0.015039273,0.024186622,0.834893,0.026215076,0.08330508,0.0058267526,0.010534233
Dwp2FbD4.png,lampung,1,lampung,lampung,1,1,0,0.009100398,0.0030212968,0.01652752,0.95238066,0.009452859,0.0008598238,0.008657443
kVsbfCLh.png,jawa,3,jawa,jawa,1,1,0,0.0032405464,0.95912,0.014253917,0.0047199856,0.002817376,0.013910135,0.0019381369
9FifrhkL.png,jawi,1,jawi,jawi,1,1,0,0.0050003026,0.019867321,0.9369143,0.0041691866,0.0077280574,0.021862645,0.004458194
cFJGrF9B.png,jawi,2,jawi,jawi,1,1,0,0.0035401843,0.015689222,0.9216966,0.0035272907,0.0043038437,0.011333678,0.039909165
n03TIbyl.png,jawa,3,jawa,jawa,1,1,0,0.003228349,0.9456835,0.03277294,0.0039305175,0.0036070554,0.008641667,0.0021359245
wMOIJRjE.png,jawa,2,jawa,jawa,1,1,0,0.00587837,0.9420492,0.015301337,0.0072688833,0.005499322,0.019724205,0.0042786
tx4F4oiF.png,bali,1,bali,bali,1,1,0,0.9483032,0.004276115,0.016027948,0.018082725,0.008470327,0.00019708829,0.0046425066
dDlkh7c0.png,jawa,1,jawa,jawa,1,1,0,0.009702327,0.9476032,0.011824182,0.007873991,0.0056490526,0.0092176795,0.008129521
Y7HF0rUi.png,sunda,2,sunda,sunda,1,1,0,0.003740939,0.00020458292,0.013739149,0.0035931563,0.004324199,3.0113024e-05,0.9743679
vKlBdN8b.png,lampung,5,lampung,lampung,1,1,0,0.0070009385,0.00014098731,0.00017927201,0.9615011,0.00756189,0.017880095,0.005735661
XNy4Q40j.png,lontara,3,lontara,lontara,1,1,0,0.0022963667,0.008611131,0.00096237555,0.0038596843,0.97979444,0.00066857383,0.0038073647
61YSLBs3.png,lampung,3,lampung,lampung,1,1,0,0.008039,0.019721111,0.0008979277,0.9531008,0.008844478,0.000113658134,0.009282968
9ljOkdkw.png,lontara,2,lontara,lontara,1,1,0,0.007316312,0.0032647646,0.015026255,0.005868087,0.963561,0.0001759656,0.004787491
3KOZEeBl.png,lampung,2,lampung,lampung,1,1,0,0.0043795533,0.006503662,0.005854806,0.97000265,0.0065932116,0.00233714,0.0043290877
tMFBq7y2.png,bali,1,bali,bali,1,1,0,0.97672576,0.010353039,0.003050655,0.0027444724,0.004095328,8.25976e-05,0.0029481328
Sc1E0PWO.png,bali,3,bali,bali,1,1,0,0.9756772,0.0011540987,0.00784267,0.0050457693,0.005748499,9.56872e-05,0.0044361
ftcakUxV.png,jawa,4,jawa,jawa,1,1,0,0.008333775,0.9318197,0.019663043,0.0062280544,0.0047855615,0.022172619,0.0069971294
7e5SDrQc.png,pegon,4,pegon,pegon,1,1,0,0.005003195,0.0024778731,0.02550676,0.004808569,0.006308793,0.94829553,0.0075991824
1kJ3HQZk.png,sunda,3,sunda,sunda,1,1,0,0.008053664,0.0002572518,0.033463802,0.0102147665,0.011784414,0.00035541912,0.9358707
D1dXd6Lh.png,lampung,2,lampung,lampung,1,1,0,0.0034358432,0.0026997721,0.0061873877,0.97763,0.00299622,0.003594562,0.0034561679
2sXwORX2.png,jawi,5,jawi,jawi,1,1,0,0.007091826,0.011446135,0.9427347,0.010426546,0.008294747,0.011547179,0.008458864
uAxYAGo1.png,sunda,1,sunda,sunda,1,1,0,0.007349021,0.0020180505,0.014445655,0.007968257,0.007006585,0.00034339837,0.96086895
xzlLmcIf.png,bali,4,bali,bali,1,1,0,0.9745704,0.008182785,0.0043352474,0.004809474,0.0039174445,0.00026303518,0.00392162
5iwefN07.png,jawi,5,jawi,jawi,1,1,0,0.013773385,0.0019081566,0.95058256,0.006549556,0.0067348694,0.0019648862,0.018486569
Hi3AF3CP.png,sunda,3,sunda,sunda,1,1,0,0.0049693203,0.00019332027,0.01592238,0.0061387178,0.0039527738,0.00018518946,0.9686384
Gf8xn292.png,sunda,5,sunda,sunda,1,1,0,0.008163558,0.0005454657,0.018365726,0.009126039,0.008374528,0.00040614814,0.9550186
yQAw47Kt.png,lampung,3,lampung,lampung,1,1,0,0.0060475366,0.002498323,0.00075767894,0.9672729,0.004143258,0.016471079,0.002809358
cuWgXYUS.png,jawa,1,jawa,jawa,1,1,0,0.0021132473,0.94764924,0.017681856,0.0017212132,0.0051167547,0.01917474,0.006542974
oQwgrAal.png,bali,2,bali,bali,1,1,0,0.97070843,0.005661491,0.007711936,0.0062549654,0.004560468,0.0005248038,0.0045779045
bpjjUNqd.png,sunda,2,sunda,sunda,1,1,0,0.008449611,0.00012785013,0.015411215,0.0069547407,0.006546353,0.0002346935,0.9622755
eNlIGyCS.png,pegon,3,pegon,pegon,1,1,0,0.0058213286,0.016899195,0.0103707025,0.0045184446,0.0058853757,0.95195335,0.0045516063
SGSwWNym.png,lampung,2,lampung,lampung,1,1,0,0.0041495287,0.0022740336,0.0033056717,0.9756152,0.004275378,0.006219308,0.0041609136
RbtuGLbZ.png,bali,2,bali,bali,1,1,0,0.9821576,0.0027423387,0.005260249,0.003553865,0.0021773665,0.00025112266,0.0038574506
vrWwsRe1.png,jawa,4,jawa,jawa,1,1,0,0.024424175,0.9284648,0.02465832,0.0042312434,0.0035656106,0.009209645,0.0054461905
7cLsAQW5.png,lampung,5,lampung,lampung,1,1,0,0.007409533,0.0061418326,0.00085362315,0.95412296,0.007927387,0.014737088,0.008807531
f2GtJmBh.png,pegon,2,pegon,pegon,1,1,0,0.003352057,0.015813163,0.021826137,0.0040357113,0.0029957641,0.94730026,0.0046769734
JKzpVuOy.png,jawa,5,jawa,jawa,1,1,0,0.0046866606,0.952311,0.011228576,0.008025479,0.0063788383,0.012224264,0.0051451423
3Pmsibjp.png,bali,2,bali,bali,1,1,0,0.95950955,0.016886557,0.0011946296,0.0071882512,0.0063742916,0.00021867649,0.008628115
pH2scRzt.png,bali,2,bali,bali,1,1,0,0.95665205,0.0066823587,0.012711886,0.007827238,0.0074390704,0.00022347,0.00846396
kIJmGBUy.png,bali,2,bali,bali,1,1,0,0.9526149,0.010857303,0.007601857,0.010271198,0.007357647,0.00019198879,0.011105018
pMoMzBFy.png,lampung,3,lampung,lampung,1,1,0,0.0049269213,0.0015425516,0.0041851634,0.9644945,0.005910851,0.011910057,0.007029957
pcOa3wc7.png,bali,1,bali,bali,1,1,0,0.9746919,0.0141983535,0.0011420929,0.004805642,0.0027581025,7.221381e-05,0.0023316967
iDFidsd3.png,jawi,1,jawi,jawi,1,1,0,0.0015942848,0.020971099,0.94644743,0.0015973764,0.0048031607,0.020108707,0.0044779927
mCzFqbmg.png,lampung,5,lampung,lampung,1,1,0,0.009040383,0.017958429,0.0021526974,0.95332664,0.008132877,0.0009819741,0.00840707
L1uhuG6b.png,sunda,2,sunda,sunda,1,1,0,0.0065251943,0.012210066,0.0032408794,0.0074411714,0.0057897023,0.00039325928,0.9643998
Ya5Wrs6w.png,bali,4,bali,bali,1,1,0,0.97765166,0.011340285,0.00049971923,0.004142775,0.003340053,0.00032964975,0.002695827
YpBY6tVV.png,jawi,5,jawi,jawi,1,1,0,0.005107921,0.025013778,0.94369024,0.0035309417,0.0048042447,0.013861218,0.003991544
mrVVJCYe.png,lampung,2,lampung,lampung,1,1,0,0.0026865674,0.00068803335,0.00045855285,0.98132795,0.0035456973,0.00951193,0.0017812572
sySorHqE.png,lampung,3,lampung,lampung,1,1,0,0.008957715,0.01778673,0.0056434944,0.9461351,0.009603963,0.0002732608,0.011599748
9OxMniUz.png,lampung,5,lampung,lampung,1,1,0,0.007637166,0.008428954,0.00068952976,0.94981873,0.009522348,0.015525943,0.008377317
peYcc07x.png,sunda,3,sunda,sunda,1,1,0,0.008018558,0.00029768422,0.017166598,0.007606784,0.010242682,0.0055284575,0.95113915
tChVi4mS.png,jawi,1,jawi,jawi,1,1,0,0.002591969,0.025581168,0.9258605,0.00284869,0.0048468504,0.03575955,0.0025112533
A5UmJB3T.png,lampung,5,lampung,lampung,1,1,0,0.0077842604,0.0014955483,0.001394685,0.95637476,0.005477875,0.015713869,0.01175909
aNaBEBg4.png,jawa,1,jawa,jawa,1,1,0,0.01846155,0.54143935,0.14579758,0.007215402,0.019181876,0.26019803,0.0077061974
yshb82lE.png,jawi,5,jawi,jawi,1,1,0,0.008251171,0.016338091,0.9339265,0.010105164,0.009208942,0.013013149,0.009156993
xgcSZ6xH.png,lampung,3,lampung,lampung,1,1,0,0.0055219806,0.00822908,0.0064236945,0.96375936,0.007843363,0.0010804748,0.0071420325
OeRKJdnU.png,pegon,5,pegon,pegon,1,1,0,0.008257707,0.021474719,0.0347889,0.007905844,0.007701405,0.91402054,0.0058509517
LELiPluX.png,lontara,5,lontara,lontara,1,1,0,0.007748411,0.016943378,0.0018016937,0.008520595,0.95834625,0.00024027233,0.006399381
nxq94Uy5.png,lampung,3,lampung,lampung,1,1,0,0.007089057,0.009418178,0.0074249706,0.9556261,0.008215827,0.0027245008,0.00950139
fYCyFX8A.png,lampung,4,lampung,lampung,1,1,0,0.0040152115,0.009226537,0.0027852282,0.9755485,0.0044178255,0.0013693948,0.0026372282
zv8Cr4M4.png,bali,1,bali,bali,1,1,0,0.98165786,0.0063700415,0.0035995368,0.0024473222,0.0035497302,0.00013560576,0.002239892
H0CH99hz.png,pegon,1,pegon,pegon,1,1,0,0.0045865523,0.01834638,0.015209683,0.0040453183,0.0033777102,0.9530121,0.0014221946
aSsCQuvl.png,lampung,5,lampung,lampung,1,1,0,0.006449345,0.0012983326,0.011794386,0.9537166,0.006908838,0.01444373,0.005388791
mW43NDuA.png,jawa,2,jawa,jawa,1,1,0,0.007972743,0.94240165,0.017532505,0.008481488,0.0070025087,0.010918119,0.005691042
pBcVlUoo.png,pegon,5,pegon,pegon,1,1,0,0.0024889023,0.012874308,0.024146512,0.008773503,0.0048396005,0.941266,0.0056111473
B4iiSQwL.png,lampung,1,lampung,lampung,1,1,0,0.004386772,0.0016656817,0.008224836,0.9660315,0.004212289,0.010354103,0.0051247836
fOVZKkpC.png,pegon,1,pegon,pegon,1,1,0,0.0042470843,0.015931781,0.01676171,0.0043656523,0.0034486903,0.95161414,0.0036308167
e2YrPgmV.png,jawa,3,bali,bali,0,0,0,0.8609142,0.103310704,0.004021469,0.0081723565,0.010095705,0.002747765,0.0107378885
KD5ZKxg6.png,jawi,1,jawi,jawi,1,1,0,0.002977011,0.017004028,0.9466992,0.0024849118,0.0052919923,0.021706047,0.0038368548
cM8RM42O.png,jawi,2,jawi,jawi,1,1,0,0.0038878047,0.012713487,0.95341116,0.0051254975,0.0070160874,0.011186792,0.0066592214
nEcREKC9.png,bali,3,bali,bali,1,1,0,0.95866126,0.007331283,0.011689642,0.0077269603,0.0052687586,0.00063608086,0.008686094
sGiLgxcc.png,pegon,3,pegon,pegon,1,1,0,0.0048651258,0.016956167,0.022375697,0.0057124603,0.0050185444,0.94035417,0.0047178008
zuQUBXtL.png,jawa,2,jawa,jawa,1,1,0,0.019639099,0.8951158,0.013420157,0.023729393,0.012121915,0.021846976,0.014126615
olLg1W4U.png,sunda,1,sunda,sunda,1,1,0,0.0041912426,0.0003055448,0.019541575,0.007635773,0.006879061,8.239705e-05,0.9613644
VjqUxaLU.png,jawa,4,jawa,jawa,1,1,0,0.0074400282,0.9523733,0.006111236,0.005769718,0.0061763944,0.015273888,0.006855409
CnsPETlG.png,lampung,5,lampung,lampung,1,1,0,0.009015373,0.01177563,0.0014264549,0.9498229,0.008579274,0.011896997,0.0074834074
ha0P8KEw.png,lampung,3,lampung,lampung,1,1,0,0.0068694716,0.0065056137,0.0012857311,0.9635964,0.0070013828,0.00823391,0.00650757
tuZpurDO.png,jawa,2,jawa,jawa,1,1,0,0.005447659,0.9539951,0.010639408,0.0073043215,0.006158859,0.010891714,0.0055629164
XcQdzXON.png,pegon,1,pegon,pegon,1,1,0,0.0015392548,0.014604481,0.013245688,0.0015826132,0.001617848,0.9655854,0.0018246872
nbIBLU4i.png,lampung,5,lampung,lampung,1,1,0,0.008100792,0.003393402,0.015141485,0.9573382,0.008149888,0.00014081673,0.0077354414
dt6lUNBd.png,jawi,3,jawi,jawi,1,1,0,0.012221668,0.0077497186,0.94702035,0.006603708,0.01218832,0.006245343,0.007970915
F4Kg8XJg.png,bali,1,bali,bali,1,1,0,0.9596433,0.0112588825,0.013475117,0.0046848296,0.006406377,0.00038058351,0.0041508195
ENjkRnaR.png,sunda,3,sunda,sunda,1,1,0,0.00791659,0.00021482795,0.03390646,0.010571522,0.009877794,0.00021566874,0.93729705
QAoVAYoo.png,jawa,3,pegon,jawa,0,1,1,0.002904858,0.9499054,0.01950401,0.0013838905,0.0003506667,0.025338853,0.0006123754
8EFXc9Bv.png,sunda,5,sunda,sunda,1,1,0,0.0051152324,0.0017482262,0.023177834,0.005796879,0.0076047317,0.00014585198,0.9564112
BOPEBHv6.png,sunda,3,sunda,sunda,1,1,0,0.008069713,0.020092841,0.0042989524,0.008593188,0.011618708,0.0007913528,0.94653535
4BngkObB.png,lontara,4,lontara,lontara,1,1,0,0.006531607,0.014790039,0.00108587,0.006741253,0.9642063,0.00030755755,0.0063373283
tZ4td6uE.png,sunda,1,sunda,sunda,1,1,0,0.005380977,0.0009698578,0.00018107782,0.0054022153,0.006545845,0.0149286315,0.96659154
Az8IBosM.png,jawi,1,jawi,jawi,1,1,0,0.007209719,0.016260073,0.9276531,0.006025457,0.009576007,0.025233328,0.008042287
NhygCNL9.png,bali,4,bali,bali,1,1,0,0.9780059,0.0074874135,0.0040559554,0.0028351417,0.0037446308,0.00044987377,0.0034210419
PGRDwuWk.png,lampung,4,lampung,lampung,1,1,0,0.004977063,0.0023433573,0.003799004,0.97046363,0.010187923,0.0064465655,0.0017824696
0Fnt59Vz.png,sunda,4,sunda,sunda,1,1,0,0.005136174,0.003967863,0.015395306,0.008556473,0.0067069195,0.0003167234,0.9599206
RlXNamFF.png,pegon,3,pegon,pegon,1,1,0,0.0051504425,0.022384344,0.022937562,0.0067550954,0.0047568115,0.9324859,0.0055299355
pdKpU1Jr.png,sunda,1,sunda,sunda,1,1,0,0.0046340274,0.0005212699,0.015732666,0.002650874,0.0052792984,0.00434222,0.9668396
vksGGrjf.png,sunda,3,sunda,sunda,1,1,0,0.0071207113,0.0001266197,0.019237671,0.006451141,0.0070052524,0.00019026441,0.95986843
EM3HHaAP.png,sunda,4,sunda,sunda,1,1,0,0.0030558761,0.0004428988,0.0003193198,0.005120795,0.0038450325,0.0127551835,0.97446096
cqBmesnZ.png,sunda,1,sunda,sunda,1,1,0,0.030528363,0.0010076213,0.0366832,0.0073550553,0.010947772,0.0011023411,0.9123756
MI2TDEy2.png,pegon,3,pegon,pegon,1,1,0,0.0076958127,0.019971453,0.01618918,0.008481395,0.010501624,0.92994386,0.0072166696
azCvcMg1.png,jawi,5,jawi,jawi,1,1,0,0.008653733,0.023448644,0.9248369,0.010157089,0.0061356192,0.020076282,0.0066917753
p4HXvNg7.png,pegon,2,pegon,pegon,1,1,0,0.002503382,0.015359958,0.014081332,0.0037167016,0.004184862,0.9568053,0.0033484276
8H7Rwqvn.png,jawi,4,jawi,jawi,1,1,0,0.009186342,0.006784686,0.95614564,0.0048504514,0.004010964,0.0066275187,0.012394344
yQQXOZTe.png,jawa,1,jawa,jawa,1,1,0,0.0,0.9848451,0.0059599523,0.0,0.0,0.009194966,0.0
SScVelWT.png,pegon,4,pegon,pegon,1,1,0,0.004813605,0.016109362,0.032733038,0.0042603025,0.002192124,0.93444014,0.005451429
U3hovf4B.png,jawa,2,jawa,jawa,1,1,0,0.011430181,0.91426045,0.013143509,0.011729467,0.009887275,0.020536773,0.019012332
3sB82hrw.png,sunda,4,sunda,sunda,1,1,0,0.0050375545,0.00084494834,0.017638685,0.008627674,0.007965493,0.00025086632,0.95963466
T6tQ0CDb.png,lampung,4,lampung,lampung,1,1,0,0.0042069186,0.0049385703,0.010477951,0.9697674,0.005270525,0.00075164397,0.004586977
yadJrPa1.png,lontara,1,lontara,lontara,1,1,0,0.00855025,0.030729152,0.0008293667,0.006703661,0.945362,0.000839963,0.006985688
iIHgBVdd.png,lontara,5,lontara,lontara,1,1,0,0.007849393,0.018574532,0.0006845526,0.00746669,0.95652145,0.00045645583,0.008446997
8X8ZNihR.png,bali,5,bali,bali,1,1,0,0.9536261,0.0028466305,0.02175531,0.0069557037,0.007764127,0.0002083409,0.006843828
H29ZjFhk.png,jawa,3,jawa,jawa,1,1,0,0.0062405695,0.9243898,0.023028925,0.0072546094,0.0062881596,0.027481385,0.0053165094
hmb3cixu.png,lontara,4,lontara,lontara,1,1,0,0.004754036,0.01581445,0.000604571,0.005596967,0.9668959,0.00014394922,0.0061901812
En1n4yVd.png,jawi,1,jawi,jawi,1,1,0,0.0046652714,0.016519824,0.94801074,0.0015428356,0.0051097516,0.02063972,0.003511829
JerWrcdn.png,jawa,5,jawa,jawa,1,1,0,0.006675825,0.95664907,0.008188203,0.0062327567,0.0068239747,0.009896168,0.0055339597
1JIpMWlS.png,sunda,3,sunda,sunda,1,1,0,0.004257573,0.0022934948,0.0076927766,0.0061181285,0.0044664326,0.0077682696,0.96740335
Jyq4821x.png,bali,4,bali,bali,1,1,0,0.97953874,0.011141867,0.0028257156,0.0021951164,0.0018969277,0.00030544985,0.0020961242
cPg5LwT0.png,pegon,1,pegon,pegon,1,1,0,0.0015394271,0.005094893,0.013488958,0.0029469903,0.004137263,0.97091466,0.0018777703
DBwqSh5V.png,jawi,4,jawi,jawi,1,1,0,0.006184069,0.014533932,0.8861069,0.0035775702,0.0049835662,0.08122225,0.0033917201
1I7rUP6e.png,bali,5,bali,bali,1,1,0,0.9572712,0.0047111195,0.015964773,0.0064772023,0.0072333147,0.00017324423,0.008169122
KDOQRyml.png,lampung,5,lampung,lampung,1,1,0,0.007088685,0.002595227,0.008618141,0.96035296,0.0068971706,0.0077318554,0.0067159105
3bJ8IwCF.png,sunda,5,sunda,sunda,1,1,0,0.0063449596,0.0070138266,0.012527943,0.0046661287,0.006331405,0.00053716364,0.9625786
lVxOtVbY.png,lampung,4,lampung,lampung,1,1,0,0.0072940425,0.009808035,0.007461559,0.9572818,0.011439906,0.0006288463,0.006085799
N0zFdcJx.png,lampung,4,lampung,lampung,1,1,0,0.005679181,0.004437074,0.013191791,0.9640425,0.005916223,0.00044309994,0.0062901396
vkqC6dIB.png,jawi,5,jawi,jawi,1,1,0,0.0069951965,0.023547018,0.90102273,0.013094036,0.012047874,0.03688222,0.0064108428
ok67wDdY.png,bali,3,bali,bali,1,1,0,0.9645546,0.01038169,0.0034655652,0.007756828,0.007047198,0.00018465739,0.006609401
1e4RYrc3.png,lampung,3,lampung,lampung,1,1,0,0.009979489,0.0028574106,0.006436917,0.9436009,0.013186374,0.01554538,0.008393588
p9iGAY3n.png,bali,2,bali,bali,1,1,0,0.98431337,0.0018517522,0.0046385704,0.004078181,0.0022380466,0.0005224701,0.0023576547
WNd8xBu0.png,jawa,4,jawa,jawa,1,1,0,0.0034774253,0.9662896,0.0047171176,0.003769619,0.00416422,0.013796847,0.0037851455
75wthis6.png,lampung,5,lampung,lampung,1,1,0,0.011364236,0.0009876579,0.0018651161,0.94163877,0.010055283,0.024616117,0.009472835
LjSvTtSq.png,bali,2,bali,bali,1,1,0,0.96387446,0.01681733,0.00062419573,0.0072640856,0.0045021735,7.3161194e-05,0.006844654
2kkWz1MW.png,jawa,2,jawa,jawa,1,1,0,0.007950648,0.9278489,0.017516483,0.010220123,0.008219825,0.019163089,0.00908088
P6nBlhaM.png,jawi,3,jawi,jawi,1,1,0,0.0074558016,0.018484164,0.9297196,0.008470515,0.00711952,0.021295927,0.0074545825
xk33jPo0.png,bali,5,bali,bali,1,1,0,0.955357,0.00097481895,0.022014117,0.006109724,0.009131994,0.0001524418,0.0062598414
UohQNFh2.png,jawa,2,jawa,jawa,1,1,0,0.0067796535,0.9490984,0.012194931,0.0070059723,0.007946957,0.008588588,0.008385506
uz1mDG9L.png,pegon,4,pegon,pegon,1,1,0,0.007869555,0.004719021,0.007316103,0.006859013,0.009723007,0.9544847,0.009028638
sxg8ZDXl.png,jawa,5,jawa,jawa,1,1,0,0.0064995284,0.94376904,0.008342523,0.009834697,0.010983013,0.0118571175,0.008714127
WYbZ8YqA.png,lontara,3,lontara,lontara,1,1,0,0.002790696,0.0079970965,0.0017235923,0.0050309864,0.9750436,0.0030786428,0.004335424
dG7dRTQ8.png,pegon,1,pegon,pegon,1,1,0,0.01229811,0.019121943,0.020216532,0.009118816,0.0067412285,0.9267612,0.005742136
r8d8MEe2.png,lontara,5,lontara,lontara,1,1,0,0.008449472,0.018735256,0.0007812665,0.00716075,0.9583478,0.00031061465,0.0062148776
ctoU0dAx.png,jawi,3,jawi,jawi,1,1,0,0.0037545103,0.0050751586,0.9709394,0.0034799264,0.0076092463,0.006139771,0.0030019588
hBmPax98.png,lampung,1,lampung,lampung,1,1,0,0.010725234,0.007695222,0.013604815,0.94982624,0.008777811,0.00041689214,0.008953832
CpubJj5Q.png,jawi,2,jawi,jawi,1,1,0,0.0078060674,0.00973125,0.9397885,0.008328472,0.007728651,0.013158925,0.013458096
XoYuLYvK.png,lampung,5,lampung,lampung,1,1,0,0.005196271,0.0012317582,0.005359666,0.9638209,0.0062349834,0.012307396,0.0058491197
UQJcL9b3.png,bali,3,bali,bali,1,1,0,0.96899647,0.011535774,0.0013295074,0.0057098754,0.0062072836,0.00010039051,0.0061208475
zVqTzlD2.png,pegon,5,pegon,pegon,1,1,0,0.0063778567,0.021623299,0.018459298,0.00810971,0.005489472,0.93301356,0.0069268127
Gzbi7yWR.png,jawi,1,jawi,jawi,1,1,0,0.0026392473,0.020007417,0.94168,0.0019272766,0.004297146,0.027427131,0.0020217863
bBDu0fNp.png,jawi,5,jawi,jawi,1,1,0,0.003201786,0.020827796,0.948278,0.0021216355,0.0025538222,0.019777216,0.0032396528
2IIFujRS.png,lampung,5,lampung,lampung,1,1,0,0.0043927627,0.00025085473,0.00061094726,0.96850646,0.004613434,0.015115965,0.00650964
LmnJdurv.png,pegon,1,pegon,pegon,1,1,0,0.003325597,0.018826539,0.015142329,0.0041901534,0.0031216952,0.9506467,0.004746984
5PoppZ3A.png,jawa,4,jawa,jawa,1,1,0,0.006083036,0.9406741,0.011266033,0.006166829,0.007190273,0.022647155,0.005972443
eK0NTNXd.png,pegon,1,pegon,pegon,1,1,0,0.0043736855,0.007506926,0.0058236066,0.004244959,0.0068957503,0.9641962,0.006958927
aairpVWQ.png,jawa,4,jawa,jawa,1,1,0,0.00413205,0.94164366,0.013537173,0.0061048786,0.004791551,0.026349653,0.0034410886
Z5w7vmQI.png,jawi,1,jawi,jawi,1,1,0,0.00437906,0.025802318,0.9320425,0.0031512775,0.0051246863,0.027332637,0.00216758
3yYtiRhH.png,pegon,2,pegon,pegon,1,1,0,0.0014931276,0.011225906,0.014555804,0.0012858424,0.0008098198,0.9699151,0.00071445707
Al1AfgUr.png,lampung,3,lampung,lampung,1,1,0,0.00524406,0.017193906,0.0007786671,0.9607434,0.008017143,0.0005592122,0.0074636405
VfScwQyQ.png,lampung,3,lampung,lampung,1,1,0,0.0046032784,0.013280093,0.0011638061,0.9657706,0.0073694997,0.0015599667,0.006252675
Cu9dTGlX.png,lontara,3,lontara,lontara,1,1,0,0.0043374724,0.008342016,0.010225845,0.006037783,0.96537805,0.00039418257,0.0052846866
yqZlKvNz.png,sunda,2,sunda,sunda,1,1,0,0.0049152332,0.0003442084,0.012728498,0.0051841717,0.004328589,0.00052357523,0.9719757
c4qcuheH.png,lontara,5,lontara,lontara,1,1,0,0.0072364784,0.010787606,0.007969833,0.008411865,0.95701295,0.0003114477,0.008269723
BOZewUVQ.png,pegon,3,pegon,pegon,1,1,0,0.012256394,0.0168679,0.020287048,0.013719685,0.009592675,0.9173656,0.009910648
lGU0Heyr.png,bali,5,bali,bali,1,1,0,0.9534132,0.016151255,0.007195127,0.0065355375,0.008966457,0.00022526829,0.0075132097
VqRvgGxI.png,jawi,1,jawi,jawi,1,1,0,0.0012262287,0.024054708,0.8973727,0.032975093,0.014070839,0.02386751,0.006432995
r0HP2SuA.png,jawi,4,jawi,jawi,1,1,0,0.0040075677,0.02987043,0.923813,0.0045925756,0.0045564994,0.02987043,0.003289477
nEDIsF4N.png,jawa,4,jawa,jawa,1,1,0,0.0043523945,0.9432697,0.014937045,0.004301915,0.004909314,0.02279853,0.005431061
laeHyhSP.png,bali,4,bali,bali,1,1,0,0.9715025,0.0110522965,0.0021557023,0.0060016452,0.0041521173,0.00044911026,0.0046866154
q4l3dZu6.png,pegon,1,pegon,pegon,1,1,0,0.0024317822,0.021899275,0.031770043,0.00377967,0.002711756,0.9311809,0.0062266174
KE0WtNU8.png,jawa,3,jawa,jawa,1,1,0,0.012224401,0.91593194,0.02116532,0.012425181,0.012320659,0.017857831,0.008074824
IV2Aggeu.png,lampung,1,lampung,lampung,1,1,0,0.008644743,0.0039847484,0.0013759157,0.95965034,0.0064808093,0.012407962,0.007455493
