image_id,label,split,w,h,ink_h,stroke,angle,stroke_rel
tHpqlCor.png,lontara,train,942,49,49,5.656854249492381,0.0,0.11544600509168124
B494gp8Z.png,jawa,train,813,81,81,2.0,0.0,0.024691358024691357
rJZQjxc0.png,jawi,train,440,53,53,5.656854249492381,0.0,0.10673309904702605
hO9fOUhw.png,sunda,train,124,58,49,4.47213595499958,,0.09126808071427714
Q4K6YjCj.png,sunda,train,791,76,65,4.47213595499958,0.0,0.06880209161537815
PbvtXzAF.png,lontara,train,944,54,52,5.656854249492381,0.0,0.10878565864408424
bvZgcoNn.png,jawi,train,800,81,81,7.211102550927978,0.0,0.08902595741886393
vrNJOkCG.png,jawa,train,968,94,94,4.47213595499958,0.0,0.04757591441488915
qzpRIEtV.png,jawa,train,684,85,85,2.0,-1.0,0.023529411764705882
305fGZ3w.png,jawi,train,189,71,71,4.0,,0.056338028169014086
oV1rqiki.png,sunda,train,328,58,46,4.0,-1.0,0.08695652173913043
efsCVAXh.png,jawi,train,376,62,60,4.0,0.0,0.06666666666666667
SZlo4nAd.png,lontara,train,940,50,50,5.656854249492381,0.0,0.1131370849898476
Odiwgs3f.png,jawi,train,784,76,76,6.0,0.0,0.07894736842105263
XnmCJESw.png,pegon,train,181,154,154,4.0,,0.025974025974025976
3YX19rhG.png,pegon,train,638,88,88,6.0,1.0,0.06818181818181818
HRCr8t7l.png,pegon,train,139,108,108,4.0,,0.037037037037037035
jYTQSpdW.png,bali,train,1237,77,77,4.0,-1.0,0.05194805194805195
7E48jzhq.png,lontara,train,935,52,48,6.0,0.0,0.125
TVGT0l15.png,lampung,train,143,36,31,4.0,-5.0,0.12903225806451613
brPaEeqP.png,lontara,train,776,52,52,4.47213595499958,0.0,0.08600261451922268
GmuReuLR.png,sunda,train,153,137,135,2.0,,0.014814814814814815
GsOT0T5x.png,lampung,train,191,78,67,4.0,,0.05970149253731343
5rjyLVjM.png,sunda,train,216,65,40,4.0,0.0,0.1
zserujX8.jpg,bali,train,1280,720,718,6.324555320336759,,0.008808572869549804
ULOLP0Ie.png,sunda,train,245,42,34,4.0,0.0,0.11764705882352941
tzoxINik.png,jawi,train,676,52,52,5.656854249492381,0.0,0.10878565864408424
SWmX6WTA.png,lontara,train,936,52,52,4.47213595499958,0.0,0.08600261451922268
UmCiBs0K.png,jawi,train,284,60,53,4.0,0.0,0.07547169811320754
qRtpcq8R.png,lampung,train,201,81,81,2.8284271247461903,,0.034918853391928274
sEWlF4GG.png,jawa,train,603,91,91,2.0,0.0,0.02197802197802198
kg4W1LjT.png,jawa,train,944,96,92,4.0,-1.0,0.043478260869565216
gEPhuYHT.png,jawi,train,175,82,76,5.656854249492381,,0.0744322927564787
VwBH4U2s.png,jawa,train,162,58,41,4.0,,0.0975609756097561
WdbxpsD0.png,lontara,train,812,69,69,4.0,-1.0,0.057971014492753624
c5qAky23.png,sunda,train,77,40,22,4.0,,0.18181818181818182
E7eISFeD.png,jawi,train,806,83,83,8.0,-1.0,0.0963855421686747
sQzD0xtD.png,bali,train,218,78,74,2.8284271247461903,,0.03822198817224581
au9mLbd8.png,jawi,train,92,45,42,6.0,,0.14285714285714285
Pr22tEu7.jpg,pegon,train,600,400,400,2.8284271247461903,,0.007071067811865475
nY3i2PTt.png,bali,train,1548,56,56,4.0,0.0,0.07142857142857142
KxxJsUIA.png,bali,train,1409,59,57,4.0,0.0,0.07017543859649122
e5T265XU.png,pegon,train,126,111,111,4.0,,0.036036036036036036
92Scn6vQ.png,bali,train,1402,61,61,2.8284271247461903,0.0,0.046367657782724434
feSarHT2.png,pegon,train,384,90,90,6.0,0.0,0.06666666666666667
XDdeBeL4.png,sunda,train,832,70,62,4.0,-1.0,0.06451612903225806
R7Hd50RH.png,lampung,train,126,31,31,4.0,-4.0,0.12903225806451613
vZh1HlrP.png,pegon,train,201,159,155,4.0,,0.025806451612903226
NTvU9OQs.png,jawi,train,810,101,100,6.0,0.0,0.06
N8Bs9W3h.png,bali,train,1545,66,66,4.0,0.0,0.06060606060606061
F53YDFQs.png,lontara,train,928,54,53,4.47213595499958,0.0,0.08437992367923736
kFuOywWA.png,jawi,train,79,49,26,4.0,,0.15384615384615385
Z1un6yl6.png,lontara,train,937,47,46,7.211102550927978,0.0,0.1567630989332169
jUXNviVX.png,jawi,train,956,83,66,4.0,0.0,0.06060606060606061
mh4YpTLf.png,sunda,train,798,89,78,2.8284271247461903,-1.0,0.03626188621469475
ozj6KCYP.png,bali,train,1377,71,68,2.8284271247461903,0.0,0.04159451654038515
1pFJnWNU.png,jawi,train,51,50,28,4.0,,0.14285714285714285
g6icPNYH.png,lontara,train,951,50,47,4.47213595499958,0.0,0.0951518288297783
bGRWCsTu.png,jawa,train,825,82,82,4.47213595499958,-1.0,0.05453824335365341
dCSSepmf.png,bali,train,233,80,74,2.8284271247461903,,0.03822198817224581
V9zZHbxx.png,lontara,train,417,66,66,4.47213595499958,-3.0,0.06775963568181181
9RppdSnF.png,lontara,train,922,35,35,5.656854249492381,1.0,0.16162440712835374
AOntxfbJ.png,pegon,train,185,170,170,4.47213595499958,,0.02630668208823282
UW8zRXPQ.png,jawi,train,453,53,53,4.47213595499958,-1.0,0.08437992367923736
YapID8rH.png,jawa,train,566,57,57,4.0,0.0,0.07017543859649122
iLTzTF1l.png,jawi,train,118,83,72,6.0,,0.08333333333333333
dqBT88Ps.png,jawi,train,23,33,24,4.0,,0.16666666666666666
UFE3w0yF.png,bali,train,1083,64,63,4.0,0.0,0.06349206349206349
FPktjVik.png,pegon,train,155,148,148,4.0,,0.02702702702702703
ciJA1mjW.png,jawa,train,90,78,56,4.0,,0.07142857142857142
t70ANyVM.png,bali,train,1370,70,70,2.8284271247461903,-1.0,0.040406101782088436
wTOJkzj8.png,jawa,train,933,77,75,5.656854249492381,-1.0,0.07542472332656508
NGSYgYgV.png,sunda,train,150,63,57,4.0,,0.07017543859649122
nxOWgGHf.jpg,bali,train,259,194,191,2.0,,0.010471204188481676
MzfJHQdz.png,lontara,train,940,53,53,4.0,-1.0,0.07547169811320754
mASmqPJv.png,jawi,train,216,61,61,4.47213595499958,-2.0,0.07331370418032097
FD30O9tB.png,jawa,train,1013,121,117,4.47213595499958,-1.0,0.038223384230765635
sntQGqx6.png,bali,train,121,75,49,2.8284271247461903,,0.05772300254584062
iPc57tQw.png,jawi,train,956,64,63,4.0,0.0,0.06349206349206349
JlEpM3oC.png,bali,train,1352,66,66,2.8284271247461903,-1.0,0.04285495643554834
nAkbUt21.png,jawi,train,66,53,48,4.47213595499958,,0.09316949906249124
j1hLG7kG.png,lampung,train,232,81,75,4.0,,0.05333333333333334
Yk674FLr.png,sunda,train,44,54,29,6.324555320336759,,0.218088114494371
WswN2D8a.png,pegon,train,146,132,132,4.0,,0.030303030303030304
GjVx3hcd.png,pegon,train,169,161,161,4.0,,0.024844720496894408
AlMtohM9.jpg,jawi,train,1088,1316,1316,4.0,,0.00303951367781155
i1j3gXwa.png,pegon,train,141,142,142,4.0,,0.028169014084507043
jxh6yxyy.jpg,lontara,train,568,621,621,2.8284271247461903,,0.004554633051121079
ZzLibL3o.png,jawi,train,891,77,75,4.0,-1.0,0.05333333333333334
TT2py3po.png,jawa,train,917,73,72,4.0,0.0,0.05555555555555555
tuGKcLTO.png,pegon,train,101,93,51,8.246211251235321,,0.16169041669088866
ejB5lV79.png,jawa,train,591,71,71,4.0,0.0,0.056338028169014086
MQDWdzQd.png,jawi,train,23,28,23,4.0,,0.17391304347826086
lM3588zD.png,jawi,train,24,27,22,4.0,,0.18181818181818182
jxxuZl8a.png,sunda,train,748,70,43,6.0,0.0,0.13953488372093023
dsMBZPzT.png,sunda,train,166,58,55,4.0,,0.07272727272727272
xXH0p0da.png,sunda,train,801,46,37,4.0,0.0,0.10810810810810811
ODoFxn0s.png,jawa,train,879,60,57,4.0,0.0,0.07017543859649122
LLZtcVWL.png,bali,train,317,76,66,4.0,0.0,0.06060606060606061
xoBMTnSE.png,jawa,train,869,83,83,4.0,-1.0,0.04819277108433735
HC8XBClO.png,lampung,train,377,85,81,4.0,-4.0,0.04938271604938271
QpAYjE7a.png,bali,train,88,75,50,2.0,,0.04
sA9afht9.png,jawa,train,497,75,75,2.0,0.0,0.02666666666666667
p5adqFyu.png,sunda,train,834,78,70,4.0,-1.0,0.05714285714285714
BicxDosj.png,lontara,train,310,49,43,7.211102550927978,0.0,0.16770005932390647
oteXEBir.png,pegon,train,148,133,133,4.0,,0.03007518796992481
GWcehJAP.png,sunda,train,76,54,53,4.0,,0.07547169811320754
L3S94zx2.png,sunda,train,44,54,31,6.0,,0.1935483870967742
AxZ5sTvi.png,jawa,train,677,96,90,4.47213595499958,0.0,0.049690399499995326
pzzBFip4.png,jawi,train,269,65,60,4.0,0.0,0.06666666666666667
UZCz3Tc9.png,jawi,train,951,80,73,4.0,-1.0,0.0547945205479452
Uwt2QK3l.png,jawi,train,806,90,90,6.0,1.0,0.06666666666666667
snVEL8LD.png,bali,train,1412,59,59,4.0,0.0,0.06779661016949153
l6Hef28r.png,jawi,train,91,62,60,4.0,,0.06666666666666667
loTKHqLn.png,jawi,train,660,93,92,4.47213595499958,0.0,0.04861017342390848
vdLe81Di.png,jawi,train,381,66,66,2.0,0.0,0.030303030303030304
WhdB3FSi.png,jawa,train,115,84,50,4.47213595499958,,0.08944271909999159
XRspxxB1.png,jawi,train,828,80,80,6.0,0.0,0.075
6IRZgMuD.png,lontara,train,805,58,58,4.47213595499958,-1.0,0.07710579232757896
nXqKCOKa.png,bali,train,1421,58,58,4.0,0.0,0.06896551724137931
Gx7JCcSL.png,jawi,train,266,55,43,4.0,0.0,0.09302325581395349
f6fRApLW.png,sunda,train,44,54,29,6.0,,0.20689655172413793
EaGEhyHL.png,jawi,train,789,74,74,6.324555320336759,0.0,0.08546696378833459
qZBSLty4.png,lontara,train,962,51,51,5.656854249492381,0.0,0.1109187107743604
3gdGLyyS.png,bali,train,1409,64,64,2.8284271247461903,-1.0,0.04419417382415922
bRpq18iJ.png,jawi,train,807,73,73,7.211102550927978,0.0,0.09878222672504079
lp1In676.jpg,lampung,train,1000,370,370,2.0,,0.005405405405405406
bo21nCpd.png,sunda,train,768,101,66,5.656854249492381,-1.0,0.08570991287109668
NA2mW6MM.png,sunda,train,71,54,40,4.0,,0.1
FgzMhPjr.png,jawi,train,91,62,26,4.0,,0.15384615384615385
DLSJox4o.png,jawa,train,108,90,90,4.47213595499958,,0.049690399499995326
yu3XZe48.png,jawa,train,1012,61,61,4.0,0.0,0.06557377049180328
rTnbMuPc.png,bali,train,135,65,65,2.0,,0.03076923076923077
s4uPNwXr.png,lontara,train,943,57,46,5.656854249492381,0.0,0.12297509238026914
ExoD4vP2.png,jawi,train,687,85,85,5.656854249492381,0.0,0.06655122646461624
WGC3HdHJ.png,lontara,train,943,53,52,5.656854249492381,0.0,0.10878565864408424
13j6YVfp.png,lontara,train,935,50,49,5.656854249492381,0.0,0.11544600509168124
A4CGGZsR.png,jawi,train,155,102,97,7.60555127546399,,0.07840774510787618
Qb0WFKYF.png,jawi,train,959,68,67,4.0,0.0,0.05970149253731343
uBQ42CXJ.png,sunda,train,710,53,38,4.0,0.0,0.10526315789473684
bmfAMvLs.png,pegon,train,103,98,98,4.0,,0.04081632653061224
kTGitTTZ.png,jawa,train,592,91,91,2.0,0.0,0.02197802197802198
pbGKPZDB.png,lampung,train,325,110,110,4.0,,0.03636363636363636
QosnQx0a.png,sunda,train,47,42,27,4.0,,0.14814814814814814
A3amnqqs.jpg,lampung,train,480,360,360,4.0,,0.011111111111111112
gp4CQMwA.png,lontara,train,866,65,65,4.47213595499958,-1.0,0.06880209161537815
xuPX8psl.png,lontara,train,744,70,70,4.47213595499958,-1.0,0.06388765649999399
9cISqU3p.png,lampung,train,102,36,26,2.8284271247461903,,0.10878565864408424
3vUqiFim.png,jawi,train,389,60,60,4.47213595499958,0.0,0.07453559924999299
lHph2mVk.png,sunda,train,136,56,46,4.0,,0.08695652173913043
ZnCNUFWa.png,jawa,train,365,58,58,2.0,0.0,0.034482758620689655
ZAF7P4TS.png,lampung,train,678,48,41,4.0,0.0,0.0975609756097561
adQMTd4d.png,jawi,train,804,80,80,7.211102550927978,0.0,0.09013878188659973
M1LFLF2f.png,pegon,train,823,72,72,4.0,0.0,0.05555555555555555
zJfN1IUl.png,sunda,train,77,44,31,4.0,,0.12903225806451613
Uv3ZYkHU.png,lampung,train,250,40,32,2.8284271247461903,0.0,0.08838834764831845
ZB89iX5O.png,jawa,train,914,65,65,5.656854249492381,-1.0,0.0870285269152674
HpJV9OF2.png,lampung,train,261,76,76,4.0,-1.0,0.05263157894736842
2Eo65dbo.png,lontara,train,937,51,49,7.211102550927978,0.0,0.14716535818220364
mniEyr50.png,jawi,train,357,47,34,2.0,0.0,0.058823529411764705
Z2aYj4Mb.png,sunda,train,48,38,28,4.0,,0.14285714285714285
lKFokYuI.png,jawa,train,573,53,53,4.0,0.0,0.07547169811320754
DZlkHVVs.jpg,pegon,train,878,460,460,2.0,,0.004347826086956522
UD0troHv.png,lontara,train,951,50,43,5.656854249492381,0.0,0.13155474998819489
JDdQ8TGU.png,lontara,train,950,61,60,6.324555320336759,-1.0,0.10540925533894599
HpHvsaNP.png,sunda,train,56,59,30,6.0,,0.2
8hScNnfh.png,jawi,train,58,53,27,4.0,,0.14814814814814814
lJJD74rc.png,jawi,train,957,69,68,4.0,0.0,0.058823529411764705
DXzY0DKg.png,jawa,train,967,88,88,4.47213595499958,0.0,0.05081972676135886
SLBFk2LV.png,pegon,train,819,73,73,4.0,0.0,0.0547945205479452
hl9Zkp1X.png,bali,train,607,64,64,4.0,-1.0,0.0625
9dyJtrsn.png,lampung,train,522,44,32,4.0,0.0,0.125
EKZ2hjos.png,jawa,train,840,63,63,2.0,0.0,0.031746031746031744
NWuOzl3e.png,pegon,train,196,175,175,4.0,,0.022857142857142857
gJaMXpFS.png,jawa,train,576,58,52,4.0,0.0,0.07692307692307693
IWDWEDhC.png,bali,train,140,79,52,2.8284271247461903,,0.05439282932204212
XW4QHkMM.png,sunda,train,702,76,63,4.47213595499958,0.0,0.07098628499999332
v72v6rHz.png,jawa,train,999,122,108,4.47213595499958,-1.0,0.04140866624999611
ghORLgLJ.png,jawa,train,863,81,81,4.47213595499958,0.0,0.05521155499999481
HWMpicqN.png,bali,train,1455,76,74,2.8284271247461903,-1.0,0.03822198817224581
besjh4lI.png,bali,train,1410,64,64,2.8284271247461903,0.0,0.04419417382415922
Kez87I4J.png,jawa,train,670,58,58,2.0,0.0,0.034482758620689655
t3Ym3TGY.png,bali,train,1414,68,68,2.8284271247461903,-1.0,0.04159451654038515
IEjn8TEX.png,jawa,train,972,64,64,6.0,0.0,0.09375
RHtL6NXw.png,sunda,train,798,42,39,4.0,0.0,0.10256410256410256
t2n4u99T.png,jawi,train,221,43,36,4.0,0.0,0.1111111111111111
YSDnjf8f.png,lampung,train,93,27,27,4.0,0.0,0.14814814814814814
zMOhEC7Z.png,lampung,train,130,37,23,2.8284271247461903,1.0,0.12297509238026914
689030ZS.png,sunda,train,60,55,32,4.0,,0.125
MIUYemUt.png,jawa,train,912,87,87,6.0,-1.0,0.06896551724137931
JaRjy4g9.png,lampung,train,146,81,79,4.0,,0.05063291139240506
yWw2jKLf.png,bali,train,1406,56,56,2.8284271247461903,0.0,0.05050762722761054
sB5nwmQC.png,jawa,train,362,58,58,2.0,0.0,0.034482758620689655
DAgTCtts.png,bali,train,1343,75,75,4.0,-1.0,0.05333333333333334
7fLvnG6h.png,jawi,train,33,32,17,4.47213595499958,,0.2630668208823282
gllNr3XG.png,jawa,train,606,88,88,2.0,0.0,0.022727272727272728
qHmc41kt.png,bali,train,1406,66,66,4.0,0.0,0.06060606060606061
noOwJU2p.png,sunda,train,830,77,57,4.0,-1.0,0.07017543859649122
giNnvjGG.png,lampung,train,898,55,47,4.0,0.0,0.0851063829787234
wDOeDUea.png,lontara,train,886,49,47,6.324555320336759,0.0,0.13456500681567574
A8uMZawH.png,pegon,train,163,150,150,4.0,,0.02666666666666667
mU0VIMOM.jpg,jawi,train,750,469,469,4.0,,0.008528784648187633
fIodXJ1R.png,pegon,train,377,83,83,8.0,0.0,0.0963855421686747
qg0nD3g1.png,bali,train,206,80,80,2.0,,0.025
MVI2eyba.png,jawa,train,985,61,57,6.0,0.0,0.10526315789473684
c0vJ7SsN.png,lontara,train,900,49,49,4.47213595499958,0.0,0.09126808071427714
IH4Uc93c.png,sunda,train,736,60,49,4.0,-1.0,0.08163265306122448
uqkPqX5q.png,jawa,train,933,52,52,4.47213595499958,-1.0,0.08600261451922268
zGBPIVsX.png,jawi,train,26,37,23,4.0,,0.17391304347826086
veHvdin9.png,jawa,train,346,75,75,4.0,0.0,0.05333333333333334
ehQYMkng.png,bali,train,321,69,62,2.8284271247461903,-1.0,0.04561979233461597
muNHjvT1.png,jawi,train,291,64,39,4.0,0.0,0.10256410256410256
YB8a3Tvf.png,pegon,train,100,101,101,2.8284271247461903,,0.02800422895788307
VBXfIuQo.png,lampung,train,100,39,38,2.8284271247461903,,0.0744322927564787
Enpc8p6E.jpg,lampung,train,300,228,226,2.0,,0.008849557522123894
ArLIuehv.png,pegon,train,1521,750,750,4.0,,0.005333333333333333
Hc6z8jIH.png,jawi,train,799,90,89,7.211102550927978,-1.0,0.0810236241677301
3uZ754oe.jpg,jawa,train,1000,614,520,6.0,,0.011538461538461539
DOuAVBCT.png,jawa,train,932,51,51,4.0,0.0,0.0784313725490196
niytSMhh.png,jawi,train,440,67,67,4.47213595499958,-2.0,0.06674829783581462
aoPT6i3l.png,jawa,train,107,87,87,4.0,,0.04597701149425287
XZZuXKEY.png,bali,train,1420,66,64,4.0,0.0,0.0625
nHpvpCBB.png,sunda,train,100,58,46,4.0,,0.08695652173913043
m121DOJC.png,jawa,train,573,57,53,4.0,-1.0,0.07547169811320754
PsItOhnH.png,jawi,train,377,62,62,6.0,0.0,0.0967741935483871
NrSfvP0C.png,lontara,train,944,72,66,5.656854249492381,-1.0,0.08570991287109668
Y0PizvCj.png,jawi,train,114,76,69,5.656854249492381,,0.08198339492017943
RtVhw7WU.png,jawi,train,486,52,52,5.656854249492381,0.0,0.10878565864408424
FMKU5Hon.png,lontara,train,942,52,48,6.324555320336759,-1.0,0.13176156917368248
Tm3dwYeQ.png,lontara,train,935,43,43,5.656854249492381,0.0,0.13155474998819489
GmZ1gfCu.png,sunda,train,125,35,20,4.0,0.0,0.2
zpTONVp2.png,jawi,train,871,60,50,4.0,0.0,0.08
6JPcEjrb.png,sunda,train,68,42,33,4.0,,0.12121212121212122
XxWkw905.png,lontara,train,964,72,72,5.656854249492381,-1.0,0.07856742013183862
r3tGNzm6.jpg,jawa,train,2834,1223,1223,2.8284271247461903,,0.002312695931926566
fKyxPzrH.png,pegon,train,201,165,165,4.0,,0.024242424242424242
V8n1dXSm.png,lampung,train,230,68,64,4.0,-4.0,0.0625
TxG9PdgC.png,jawi,train,117,86,75,6.0,,0.08
CU4SljdE.png,lontara,train,866,54,41,5.656854249492381,0.0,0.13797205486566783
GGMdDpgF.png,jawa,train,650,51,51,4.0,0.0,0.0784313725490196
PAWQTNXw.png,jawa,train,520,91,91,2.0,0.0,0.02197802197802198
ET3InrVE.png,jawi,train,64,50,34,4.47213595499958,,0.1315334104411641
E9Tm3Fpb.png,jawi,train,817,78,78,7.211102550927978,0.0,0.09245003270420485
doyUwjr8.png,pegon,train,145,127,127,2.8284271247461903,,0.022271079722410946
6wUPvKhT.png,sunda,train,66,55,40,4.0,,0.1
t3xloWkI.png,jawa,train,493,89,89,4.0,0.0,0.0449438202247191
reK9JAqs.png,lontara,train,944,79,74,5.656854249492381,-2.0,0.07644397634449163
QBi4np6m.png,jawi,train,168,90,87,8.0,,0.09195402298850575
pugriEKg.jpg,pegon,train,768,768,733,6.0,,0.008185538881309686
sneBuutJ.png,sunda,train,803,46,40,4.0,0.0,0.1
VA317cEJ.jpg,pegon,train,677,453,393,2.0,,0.005089058524173028
wo76s5ii.png,pegon,train,150,138,138,2.8284271247461903,,0.02049584873004486
vtF71dpN.png,lampung,train,116,38,30,2.8284271247461903,5.0,0.09428090415820635
gGNLaVqC.png,jawi,train,802,84,84,6.324555320336759,0.0,0.07529232524210427
fEIpVd4O.png,jawa,train,676,59,59,2.0,0.0,0.03389830508474576
eZChotVz.png,jawi,train,82,45,34,6.0,,0.17647058823529413
EdHsJlgR.png,jawa,train,933,65,65,4.0,0.0,0.06153846153846154
813ukdjO.png,pegon,train,140,142,142,4.0,,0.028169014084507043
BLCK8n8x.png,jawi,train,205,56,47,4.0,0.0,0.0851063829787234
W1C1YnzQ.png,jawi,train,518,68,48,4.0,0.0,0.08333333333333333
91iDVf68.png,lampung,train,115,42,38,2.0,,0.05263157894736842
81j5zVEb.png,lampung,train,152,36,36,4.0,2.0,0.1111111111111111
mapjGkc3.png,bali,train,1447,56,56,4.0,0.0,0.07142857142857142
JMxapaoo.png,lontara,train,1061,46,46,4.47213595499958,0.0,0.09722034684781695
4nuIEMKJ.png,jawa,train,828,71,71,4.47213595499958,-1.0,0.06298783035210676
jtYjaI51.png,lampung,train,133,36,35,4.0,-2.0,0.11428571428571428
ydLzP6nj.png,lampung,train,126,37,27,2.8284271247461903,-1.0,0.10475656017578483
SBmp4ejo.png,jawi,train,210,75,69,5.656854249492381,,0.08198339492017943
WthKsRUl.png,lontara,train,748,56,56,5.656854249492381,1.0,0.10101525445522108
DZTo0L77.png,lampung,train,151,40,30,2.8284271247461903,0.0,0.09428090415820635
OfSyjlyN.png,jawi,train,76,49,30,2.8284271247461903,,0.09428090415820635
NQ0U6894.png,jawi,train,271,60,37,4.0,0.0,0.10810810810810811
VvWr2DRJ.jpg,pegon,train,1280,720,715,4.0,,0.005594405594405594
Mzb4wZCZ.png,jawa,train,875,76,76,4.0,-1.0,0.05263157894736842
Qb6CW7sv.png,lontara,train,944,54,52,4.47213595499958,0.0,0.08600261451922268
v6kj867e.png,lampung,train,145,31,31,2.8284271247461903,-4.0,0.09123958466923195
SsWU9PM8.png,sunda,train,40,36,25,4.0,,0.16
hgbUOPe3.png,sunda,train,67,39,31,4.0,,0.12903225806451613
sncIXO2l.png,lontara,train,868,51,51,4.47213595499958,1.0,0.08768894029410941
FjH55jbg.png,sunda,train,70,61,38,6.0,,0.15789473684210525
XOj8QBf5.png,bali,train,1371,54,54,2.8284271247461903,0.0,0.052378280087892415
qUOpSY2G.png,lampung,train,121,43,40,2.8284271247461903,,0.07071067811865475
7i1dsQVN.png,pegon,train,146,137,137,4.47213595499958,,0.032643328138683064
fVa1V6Yb.png,jawa,train,950,79,79,2.0,0.0,0.02531645569620253
BfCvYSjw.png,sunda,train,802,44,38,4.0,0.0,0.10526315789473684
9TAbChoL.png,jawa,train,653,94,94,2.0,0.0,0.02127659574468085
rAElAId0.png,jawi,train,349,69,69,4.0,0.0,0.057971014492753624
tvhWK7Hy.png,bali,train,1446,56,56,4.0,0.0,0.07142857142857142
0HGBgMZi.png,jawi,train,442,73,73,4.47213595499958,-2.0,0.06126213636985726
gOonbitg.png,lontara,train,797,49,49,4.47213595499958,0.0,0.09126808071427714
AWERVvHG.png,sunda,train,767,96,55,5.656854249492381,-1.0,0.102851895445316
o3CxD95x.png,jawa,train,434,75,75,4.0,0.0,0.05333333333333334
eLBBW2QF.png,sunda,train,805,40,40,4.0,0.0,0.1
xNBTYUed.png,bali,train,1540,61,61,4.0,0.0,0.06557377049180328
NvJjdbil.png,jawi,train,314,65,62,6.0,0.0,0.0967741935483871
kroxfm4S.png,lampung,train,143,36,30,2.8284271247461903,0.0,0.09428090415820635
4FK8CmTj.png,jawa,train,648,81,81,2.0,0.0,0.024691358024691357
IjWB2eiN.png,jawi,train,635,67,67,4.47213595499958,0.0,0.06674829783581462
VObY0cqk.jpg,pegon,train,1967,1724,1724,4.0,,0.002320185614849188
lzSevp4g.png,sunda,train,124,58,57,4.47213595499958,,0.07845852552630841
rfMDau6y.png,jawi,train,412,81,80,6.324555320336759,0.0,0.07905694150420949
1n55t9rr.png,jawi,train,69,56,25,4.0,,0.16
3xzUVc3u.png,sunda,train,162,59,53,4.0,,0.07547169811320754
dwY5xOLe.png,lampung,train,199,85,81,4.0,,0.04938271604938271
LDR67vYw.png,lampung,train,171,69,59,4.0,,0.06779661016949153
d99PX5Ja.png,bali,train,358,57,56,2.0,0.0,0.03571428571428571
oIQUcmLf.png,jawi,train,838,94,91,4.0,0.0,0.04395604395604396
PnJm72Pb.png,sunda,train,175,42,31,4.0,0.0,0.12903225806451613
58182AjM.png,sunda,train,55,56,29,6.0,,0.20689655172413793
rbX8udzi.png,lampung,train,73,31,25,2.0,,0.08
s6S2jmQV.png,sunda,train,50,55,44,5.656854249492381,,0.128564869306645
2LT7SZwr.png,jawa,train,850,66,66,4.47213595499958,0.0,0.06775963568181181
u2hfbgTK.png,jawa,train,912,76,76,4.47213595499958,0.0,0.05884389414473131
VMP4kZ1O.png,jawi,train,805,80,80,6.0,0.0,0.075
x3hDUkle.png,jawa,train,664,66,66,2.0,0.0,0.030303030303030304
UiPZ7edq.png,lontara,train,942,52,49,5.656854249492381,0.0,0.11544600509168124
Ps8l8f2o.png,lontara,train,417,52,52,5.656854249492381,-1.0,0.10878565864408424
waNwx08C.png,bali,train,1412,57,57,4.0,0.0,0.07017543859649122
yU3u4hYx.png,jawi,train,21,25,19,4.0,,0.21052631578947367
PfkSwejU.png,lontara,train,949,63,60,5.656854249492381,0.0,0.09428090415820635
3q0rYDno.png,pegon,train,140,137,137,2.8284271247461903,,0.02064545346530066
5yH82hWM.png,jawi,train,746,44,40,4.0,0.0,0.1
bNohXPr9.png,jawi,train,266,69,59,4.0,0.0,0.06779661016949153
Y0M39Mof.png,lontara,train,999,58,58,5.656854249492381,1.0,0.09753196981883415
QitMTWIs.png,sunda,train,788,75,60,4.47213595499958,0.0,0.07453559924999299
3X5nVAVF.png,bali,train,1378,64,64,4.0,-1.0,0.0625
9QkzJWYC.png,bali,train,864,864,789,16.0,,0.020278833967046894
G02HH7pZ.png,pegon,train,825,70,70,4.0,0.0,0.05714285714285714
isCRUjsC.jpg,pegon,train,1280,734,734,4.0,,0.005449591280653951
4i1G43sq.png,lontara,train,318,49,49,7.211102550927978,0.0,0.14716535818220364
mMgmhdVW.png,lampung,train,55,34,25,2.8284271247461903,,0.1131370849898476
c1Ec9G4r.png,jawa,train,909,68,68,4.0,0.0,0.058823529411764705
efuoz9rC.png,lampung,train,143,36,32,4.0,-2.0,0.125
jfpGCWXC.png,bali,train,730,61,59,4.0,0.0,0.06779661016949153
XFGzYUI3.png,sunda,train,775,67,55,4.0,-1.0,0.07272727272727272
lwSlyHKB.png,bali,train,161,74,57,4.0,,0.07017543859649122
cJWdEO6y.png,jawi,train,851,59,51,4.0,0.0,0.0784313725490196
ICgXhk2z.png,jawi,train,524,56,46,4.47213595499958,0.0,0.09722034684781695
lwmeawxL.png,jawi,train,424,71,71,6.0,1.0,0.08450704225352113
8LHeooKP.png,lampung,train,139,36,30,2.8284271247461903,-1.0,0.09428090415820635
rEohqrKO.webp,jawa,train,720,447,423,8.246211251235321,,0.0194945892464192
S7tOC4MU.png,sunda,train,790,72,60,4.47213595499958,0.0,0.07453559924999299
tHJHoMuu.png,jawa,train,916,90,90,2.0,0.0,0.022222222222222223
rAKwhp69.png,jawi,train,777,66,66,7.211102550927978,0.0,0.10925912955951482
enryLTKQ.png,jawi,train,810,92,92,8.0,0.0,0.08695652173913043
IpnJvcln.png,sunda,train,138,56,55,4.47213595499958,,0.08131156281817417
B9Ev6phT.png,jawa,train,975,80,80,2.0,0.0,0.025
DUCMjwal.png,sunda,train,115,58,54,4.47213595499958,,0.08281733249999222
C5R3SyGp.png,jawi,train,49,266,263,6.0,,0.022813688212927757
dK6iEJJq.png,jawi,train,155,45,38,4.0,0.0,0.10526315789473684
SuJZx9d8.png,jawa,train,609,51,51,4.0,0.0,0.0784313725490196
hNYgGzjN.png,sunda,train,784,67,60,4.47213595499958,0.0,0.07453559924999299
mZIWU4zy.png,jawa,train,756,71,71,3.414213562373095,0.0,0.048087514963001336
1JSBews8.png,sunda,train,150,44,34,4.0,0.0,0.11764705882352941
HT9wMEXb.png,jawi,train,62,55,26,4.0,,0.15384615384615385
BcbSC01R.png,pegon,train,149,115,115,4.0,,0.034782608695652174
MCFLQnkE.png,jawi,train,79,66,66,4.0,,0.06060606060606061
tj4d4a2b.png,bali,train,1350,64,64,2.8284271247461903,-1.0,0.04419417382415922
5h3w4knj.png,lampung,train,142,40,31,4.0,-2.0,0.12903225806451613
SUn6IPsc.png,jawi,train,302,69,43,4.47213595499958,0.0,0.10400316174417627
W7ysnf9R.png,lampung,train,262,73,68,4.0,0.0,0.058823529411764705
i5hIEwfF.png,lampung,train,198,87,87,4.0,,0.04597701149425287
JTmj62CD.png,jawa,train,816,77,77,4.0,-1.0,0.05194805194805195
HyDq4gLc.png,sunda,train,695,78,63,5.656854249492381,0.0,0.08979133729352985
CO7MjAIL.png,lampung,train,150,36,31,2.8284271247461903,0.0,0.09123958466923195
p42gQMNP.png,jawi,train,389,101,97,4.0,0.0,0.041237113402061855
e5PImHmm.png,jawi,train,80,47,40,6.0,,0.15
uuaxgu4e.png,jawa,train,662,78,78,2.0,0.0,0.02564102564102564
tzQwlTr6.png,sunda,train,35,35,23,4.0,,0.17391304347826086
e5jpkL8J.png,lontara,train,951,40,40,4.0,0.0,0.1
H8tMgkXB.png,bali,train,700,663,572,4.47213595499958,,0.007818419501747517
4pUEsJLt.png,jawi,train,802,78,78,6.324555320336759,0.0,0.08108404256841999
z4DvRMD9.png,jawa,train,555,60,60,4.0,0.0,0.06666666666666667
mWyRE1Sg.png,lontara,train,944,54,54,5.656854249492381,0.0,0.10475656017578483
Cqvfwf4R.png,bali,train,163,71,53,4.0,,0.07547169811320754
GPCSlj46.png,sunda,train,157,54,41,4.0,,0.0975609756097561
CTc2ysIM.png,jawa,train,944,91,91,4.0,-1.0,0.04395604395604396
euTF4xwC.png,bali,train,1329,73,73,4.0,-1.0,0.0547945205479452
1bvvJU62.png,jawi,train,277,41,34,4.0,0.0,0.11764705882352941
8J6Ym4G0.png,sunda,train,55,44,34,4.0,,0.11764705882352941
jQ74LL0S.png,bali,train,1123,61,61,4.0,0.0,0.06557377049180328
RQ3Do173.png,jawi,train,794,81,81,7.211102550927978,-1.0,0.08902595741886393
JkcwfeWb.jpg,pegon,train,300,445,445,2.0,,0.0044943820224719105
SaqEWIzW.png,jawa,train,134,70,33,4.47213595499958,,0.13551927136362363
xvtN14dZ.png,pegon,train,77,73,72,2.8284271247461903,,0.03928371006591931
4stMTrft.png,lampung,train,132,36,29,2.8284271247461903,-1.0,0.09753196981883415
xi9fIoRJ.png,lontara,train,938,56,50,7.211102550927978,0.0,0.14422205101855956
nMLICxfk.png,sunda,train,76,55,46,5.656854249492381,,0.12297509238026914
JK5pBo2y.png,jawa,train,363,71,71,2.0,0.0,0.028169014084507043
fVXal26M.png,jawa,train,322,72,72,2.8284271247461903,1.0,0.03928371006591931
9q9sIyuH.png,pegon,train,153,141,141,4.0,,0.028368794326241134
1NivQZuR.png,pegon,train,140,128,128,4.0,,0.03125
hAjRbN7U.png,jawi,train,828,78,78,7.211102550927978,0.0,0.09245003270420485
Vz9CR2D3.png,lampung,train,141,35,35,2.8284271247461903,-1.0,0.08081220356417687
HgaBLlL0.png,bali,train,95,68,52,2.0,,0.038461538461538464
e27L4JOG.png,sunda,train,798,83,69,2.0,-1.0,0.028985507246376812
MlAOALyQ.png,lampung,train,150,43,38,2.8284271247461903,0.0,0.0744322927564787
Zy41dldG.png,sunda,train,201,46,43,4.0,0.0,0.09302325581395349
4H561G4W.png,lampung,train,125,38,30,2.8284271247461903,-1.0,0.09428090415820635
PHU3SvOb.png,sunda,train,54,43,27,4.0,,0.14814814814814814
UDm5xGdt.png,bali,train,222,79,77,2.8284271247461903,,0.036732819801898575
xJG58zZU.png,jawa,train,645,83,83,2.0,0.0,0.024096385542168676
EUiThoUh.png,sunda,train,39,41,24,4.0,,0.16666666666666666
rSwsKzlb.png,jawa,train,840,79,79,4.0,-1.0,0.05063291139240506
28fqC0L3.png,jawa,train,864,62,62,4.47213595499958,-1.0,0.07213122508063838
YqlhtZfg.png,jawa,train,907,101,101,2.0,0.0,0.019801980198019802
o5UgfV0P.png,lontara,train,869,38,38,4.47213595499958,1.0,0.11768778828946262
DHT1x9LC.png,lampung,train,136,43,37,2.0,-1.0,0.05405405405405406
pCu64Vtj.png,jawi,train,163,42,24,2.8284271247461903,0.0,0.11785113019775793
vV9jBUYX.png,sunda,train,151,61,57,4.47213595499958,,0.07845852552630841
NEpfPr4u.png,jawa,train,855,84,84,4.0,0.0,0.047619047619047616
sXydQMIE.png,bali,train,1406,56,56,2.8284271247461903,0.0,0.05050762722761054
PSMXQz4m.png,sunda,train,112,48,30,4.0,,0.13333333333333333
cMUAQxep.png,jawi,train,795,83,83,7.211102550927978,-1.0,0.0868807536256383
Te10B6v8.png,lontara,train,944,71,71,7.211102550927978,-1.0,0.10156482466095744
BERE0as8.png,bali,train,491,73,73,2.8284271247461903,0.0,0.038745577051317676
FFMjOCYD.png,jawa,train,108,46,46,4.0,,0.08695652173913043
tNiWpROS.png,jawi,train,20,33,15,4.0,,0.26666666666666666
LjhafstK.png,jawi,train,379,59,59,4.47213595499958,0.0,0.0757989144915183
8qi9zHQz.png,lontara,train,949,56,56,2.0,0.0,0.03571428571428571
oUA794fA.png,lontara,train,556,45,36,7.211102550927978,0.0,0.20030840419244383
7tjVT2Zm.png,bali,train,1418,61,61,4.0,0.0,0.06557377049180328
YYxkJNJJ.png,pegon,train,100,115,69,7.211102550927978,,0.1045087326221446
PlXVgLO8.png,jawa,train,451,59,59,4.0,0.0,0.06779661016949153
U1WtLnQL.png,lontara,train,967,45,45,4.47213595499958,0.0,0.09938079899999065
MM5YfLRS.png,bali,train,155,51,50,2.0,0.0,0.04
yTAKomBD.png,jawi,train,30,34,24,5.656854249492381,,0.23570226039551587
1nvsGp1f.png,sunda,train,44,54,30,6.0,,0.2
TgrfwfwN.png,jawi,train,800,71,71,6.324555320336759,0.0,0.08907824394840505
zxKGCs1x.png,jawa,train,940,71,69,4.0,0.0,0.057971014492753624
yXw0zdtp.png,sunda,train,702,41,36,4.0,0.0,0.1111111111111111
2U2POJNT.png,jawa,train,657,65,65,2.0,0.0,0.03076923076923077
dIZFKnEx.png,jawa,train,992,128,128,4.47213595499958,-1.0,0.034938562148434216
TDVNSM0O.png,pegon,train,102,92,92,4.0,,0.043478260869565216
lQ2W2RnL.png,lontara,train,945,54,51,5.656854249492381,0.0,0.1109187107743604
Al6UyVrB.png,jawa,train,926,101,101,2.0,0.0,0.019801980198019802
ekE0b395.png,lampung,train,96,38,30,2.8284271247461903,,0.09428090415820635
EuAQeVvQ.png,jawi,train,379,75,75,6.0,0.0,0.08
OwsprBiF.png,lampung,train,90,44,43,4.0,,0.09302325581395349
dkWqc4sO.png,lontara,train,933,45,45,4.0,0.0,0.08888888888888889
zGLavGQo.png,bali,train,88,71,53,2.0,,0.03773584905660377
eo8lobTE.png,sunda,train,733,76,58,4.0,1.0,0.06896551724137931
6VcJt3f4.png,sunda,train,186,44,30,4.0,0.0,0.13333333333333333
V8oCxQAo.png,sunda,train,125,50,31,4.47213595499958,,0.14426245016127676
Ce520dWW.png,sunda,train,133,56,44,4.23606797749979,,0.09627427221590432
lHogjzRw.png,pegon,train,884,69,69,4.0,-1.0,0.057971014492753624
Sq4mQMmX.webp,lampung,train,500,281,263,2.0,,0.0076045627376425855
wtaEU6Uv.png,lampung,train,113,31,29,2.8284271247461903,-3.0,0.09753196981883415
ARZUedyw.png,bali,train,1420,71,70,4.0,-1.0,0.05714285714285714
YLiWKUyc.png,sunda,train,54,61,39,4.47213595499958,,0.11467015269229691
dEu2ebLU.png,sunda,train,90,42,37,4.0,,0.10810810810810811
mUmJ1MqY.png,bali,train,1514,74,71,2.8284271247461903,0.0,0.039837001756988594
HUutsxXm.png,lontara,train,925,49,49,2.8284271247461903,0.0,0.05772300254584062
aJ8Hrad5.png,jawi,train,635,67,67,4.47213595499958,-1.0,0.06674829783581462
gXHh9d8H.png,lampung,train,106,42,39,2.8284271247461903,,0.0725237724293895
DY7jFAuq.png,lampung,train,304,79,76,4.0,-1.0,0.05263157894736842
aZHluZQx.png,sunda,train,177,41,35,4.0,0.0,0.11428571428571428
JRUxainu.png,jawa,train,883,79,68,4.0,-1.0,0.058823529411764705
N5u0LgNa.png,jawa,train,867,61,61,4.47213595499958,0.0,0.07331370418032097
Z3qfTLuM.png,lontara,train,944,63,60,4.47213595499958,0.0,0.07453559924999299
NuBSFCk1.png,jawi,train,93,54,48,5.656854249492381,,0.11785113019775793
gq5Unoa5.png,lampung,train,905,48,39,4.0,0.0,0.10256410256410256
Q9QSTUAS.png,sunda,train,156,145,141,2.0,,0.014184397163120567
A93FW33J.png,sunda,train,820,62,53,4.0,-1.0,0.07547169811320754
VHx1ThVN.png,bali,train,1379,56,56,4.0,0.0,0.07142857142857142
Z9bnsKFs.png,jawi,train,375,71,71,6.0,-1.0,0.08450704225352113
PqaMUUjb.png,jawi,train,470,65,65,4.0,-1.0,0.06153846153846154
ck90bB1F.png,bali,train,1376,63,63,2.8284271247461903,0.0,0.044895668646764926
TQWzZV5A.png,lampung,train,153,36,34,4.0,0.0,0.11764705882352941
piR9UOHA.png,lontara,train,935,56,54,5.656854249492381,0.0,0.10475656017578483
6QM0u66S.png,jawa,train,851,59,59,4.0,0.0,0.06779661016949153
mnZkuvMo.png,sunda,train,79,55,44,4.47213595499958,,0.10163945352271772
Tkbr7Rrn.png,jawi,train,45,53,38,5.656854249492381,,0.1488645855129574
GnHo3paa.png,bali,train,1416,77,77,4.0,-1.0,0.05194805194805195
nGDscQIw.png,jawi,train,103,67,48,2.8284271247461903,,0.05892556509887897
alGxFTl1.png,jawa,train,1007,81,81,4.47213595499958,0.0,0.05521155499999481
89fAKwrw.png,jawi,train,896,61,49,4.47213595499958,0.0,0.09126808071427714
XKaUg4E5.png,lampung,train,226,86,78,2.8284271247461903,,0.03626188621469475
X5YNKDzJ.png,lontara,train,920,50,50,4.0,0.0,0.08
os7xl0Fv.png,jawi,train,792,78,78,6.0,0.0,0.07692307692307693
bObwH7Dz.png,bali,train,605,71,69,4.0,0.0,0.057971014492753624
52YyGz3b.png,jawi,train,356,63,60,6.0,-1.0,0.1
Cx5C6rnG.png,lontara,train,895,47,47,4.47213595499958,-1.0,0.0951518288297783
sYlUZjB3.png,jawa,train,923,83,83,4.47213595499958,0.0,0.053881156084332284
lyRKrF1d.jpg,jawi,train,1200,1690,1690,2.8284271247461903,,0.001673625517601296
18Yut8y2.jpg,sunda,train,712,712,629,2.8284271247461903,,0.004496704490852449
mS2kZ8fi.jpg,bali,train,668,375,295,2.0,,0.006779661016949152
iKqu9Zk2.png,bali,train,1314,61,61,2.8284271247461903,0.0,0.046367657782724434
J8W3QqUw.png,jawa,train,902,67,67,4.47213595499958,-1.0,0.06674829783581462
fcrD55W3.png,pegon,train,112,119,85,5.656854249492381,,0.06655122646461624
efhK1O6d.png,sunda,train,316,42,22,4.0,0.0,0.18181818181818182
3lMV2c96.png,lampung,train,214,104,102,4.0,,0.0392156862745098
Mrlqg2m9.png,sunda,train,164,146,141,2.0,,0.014184397163120567
Utnn2nU3.png,jawi,train,795,87,87,6.0,0.0,0.06896551724137931
QwEtEpis.png,sunda,train,115,47,35,4.47213595499958,,0.12777531299998798
DuLkxDKT.png,sunda,train,254,44,35,4.0,0.0,0.11428571428571428
UkKZoDie.png,sunda,train,50,47,27,4.0,,0.14814814814814814
bfve1nyr.png,jawa,train,622,71,71,4.0,0.0,0.056338028169014086
546GB4iY.png,jawi,train,280,86,85,2.0,-1.0,0.023529411764705882
e0JdedYV.png,sunda,train,114,55,46,4.0,,0.08695652173913043
XzBQcFhv.png,lontara,train,789,49,49,5.656854249492381,-2.0,0.11544600509168124
PBhcre2J.png,sunda,train,827,68,52,4.0,-1.0,0.07692307692307693
AJTtyGzl.png,bali,train,1474,67,66,4.0,-1.0,0.06060606060606061
CkinVxQR.png,jawi,train,30,45,33,4.0,,0.12121212121212122
ucv8CliR.png,lontara,train,894,70,70,4.47213595499958,-3.0,0.06388765649999399
60AwM4Fq.png,lampung,train,144,36,32,4.0,-2.0,0.125
G0WG42Z7.png,jawi,train,373,71,71,6.0,0.0,0.08450704225352113
eIJIhThP.png,lampung,train,248,83,80,4.0,,0.05
ffhLfjKO.png,pegon,train,160,155,155,4.0,,0.025806451612903226
3bpczjwB.png,bali,train,1407,61,61,2.8284271247461903,0.0,0.046367657782724434
DogN51xa.png,bali,train,287,76,64,2.8284271247461903,0.0,0.04419417382415922
jNUg0YNa.png,jawa,train,224,224,164,4.0,,0.024390243902439025
J4yyn8Uy.png,lontara,train,942,43,43,7.211102550927978,0.0,0.16770005932390647
9JVC1D5e.png,lampung,train,117,32,32,4.0,-3.0,0.125
2LAPeXU6.png,bali,train,1503,69,69,2.8284271247461903,0.0,0.04099169746008972
gBQkfb30.png,lampung,train,107,42,29,2.8284271247461903,,0.09753196981883415
J5rUUjOm.jpg,lontara,train,2764,1849,1849,2.0,,0.001081665765278529
Bpn0oyj0.png,sunda,train,208,42,35,4.0,0.0,0.11428571428571428
faBe59h8.png,bali,train,1375,61,60,2.8284271247461903,0.0,0.047140452079103175
EZnncUmP.png,jawi,train,312,49,47,4.0,0.0,0.0851063829787234
JoyPHY0u.png,sunda,train,66,43,27,4.0,,0.14814814814814814
nE0aVbtl.png,lampung,train,108,32,23,2.8284271247461903,3.0,0.12297509238026914
MM5OEUAz.png,jawa,train,653,78,78,4.47213595499958,-1.0,0.057335076346148456
qGn7QPCU.png,jawi,train,955,61,61,4.0,0.0,0.06557377049180328
HaUlrvvF.png,jawi,train,796,80,80,6.0,0.0,0.075
pEWd14x1.png,lontara,train,940,56,54,6.324555320336759,0.0,0.11712139482105109
an8cmqqQ.png,sunda,train,160,41,31,4.0,0.0,0.12903225806451613
qSLfCNmA.png,lontara,train,940,56,40,7.211102550927978,0.0,0.18027756377319945
fIvgHf9F.png,bali,train,779,61,61,2.8284271247461903,-1.0,0.046367657782724434
x6wTnu5I.png,jawa,train,963,86,86,4.47213595499958,-1.0,0.052001580872088136
4rHLRpkN.png,jawi,train,635,70,70,2.0,0.0,0.02857142857142857
0RK4QIII.png,sunda,train,803,49,41,4.0,0.0,0.0975609756097561
6p9QQQlc.png,jawa,train,284,69,69,2.0,0.0,0.028985507246376812
jwXtZIPo.png,lampung,train,130,31,31,4.0,-5.0,0.12903225806451613
zKqnFX4q.png,jawi,train,608,73,51,4.0,0.0,0.0784313725490196
3fGkBXmy.png,lontara,train,789,63,63,4.47213595499958,-1.0,0.07098628499999332
Jfg0aDbA.png,jawa,train,699,65,65,2.0,0.0,0.03076923076923077
BeLlmsS0.png,lontara,train,956,39,39,4.47213595499958,0.0,0.11467015269229691
Tl6cNjSQ.png,jawa,train,686,104,104,2.0,0.0,0.019230769230769232
RLBx5V6t.png,jawi,train,57,32,18,4.0,,0.2222222222222222
FDWa713g.png,bali,train,1411,56,56,2.8284271247461903,0.0,0.05050762722761054
PzgGMHjn.png,lampung,train,127,31,31,4.0,0.0,0.12903225806451613
QVFqAlMn.png,jawa,train,877,81,81,4.0,-1.0,0.04938271604938271
0RY4v3Mr.png,lontara,train,869,70,70,4.47213595499958,-2.0,0.06388765649999399
RTuj33f0.png,lontara,train,956,54,53,4.47213595499958,1.0,0.08437992367923736
mMIK1gKF.png,lampung,train,117,37,25,2.8284271247461903,4.0,0.1131370849898476
Bgc5xcQB.png,sunda,train,130,65,40,4.0,,0.1
WnSMMACr.png,lontara,train,895,70,70,5.656854249492381,-2.0,0.08081220356417687
N04h00pJ.png,bali,train,97,83,70,2.8284271247461903,,0.040406101782088436
7QKZu7RS.png,jawa,train,335,43,43,2.8284271247461903,-1.0,0.06577737499409744
3e0GxUY3.png,jawa,train,975,73,73,2.0,0.0,0.0273972602739726
t0F530i0.png,sunda,train,198,142,135,2.0,,0.014814814814814815
LbdIIDPH.png,bali,train,1200,700,664,6.0,,0.009036144578313253
eC8CLh5p.png,lontara,train,950,56,54,5.656854249492381,-1.0,0.10475656017578483
rYnAsYKa.png,bali,train,1370,56,56,2.8284271247461903,0.0,0.05050762722761054
5iijQVjv.png,jawi,train,287,53,31,2.0,0.0,0.06451612903225806
WC3LEzxB.png,jawi,train,202,50,41,4.0,0.0,0.0975609756097561
t6C5Fe4r.png,jawa,train,616,81,81,4.0,0.0,0.04938271604938271
iogukONZ.png,lampung,train,147,42,39,2.8284271247461903,-3.0,0.0725237724293895
wST3apPG.png,jawi,train,66,41,26,4.47213595499958,,0.17200522903844537
CCi8M4Wp.png,sunda,train,779,70,54,4.47213595499958,0.0,0.08281733249999222
2U2FBMI8.png,lampung,train,92,44,31,4.0,,0.12903225806451613
8Qd3qGTa.png,lampung,train,138,42,37,2.0,0.0,0.05405405405405406
OnISjH4b.png,bali,train,1518,61,59,2.8284271247461903,0.0,0.04793944279230831
FLAbYenf.png,jawa,train,855,68,68,4.0,0.0,0.058823529411764705
8P0TpN1l.png,sunda,train,309,74,44,4.47213595499958,0.0,0.10163945352271772
OQAQhy3X.png,bali,train,101,57,35,2.0,,0.05714285714285714
M8gaGQlP.png,jawi,train,798,93,93,7.211102550927978,0.0,0.07753873710675245
vIX9hIjR.jpg,pegon,train,640,462,462,4.0,,0.008658008658008658
HQviYMaE.png,pegon,train,174,151,151,4.0,,0.026490066225165563
Kfm4fv4c.png,sunda,train,72,55,38,4.0,,0.10526315789473684
DpQEXWZJ.png,jawa,train,677,81,81,2.0,0.0,0.024691358024691357
sHDzG055.png,jawa,train,749,91,91,4.0,0.0,0.04395604395604396
Dd7xWbLY.png,jawi,train,87,51,47,4.0,,0.0851063829787234
5ysc4FpU.png,jawi,train,163,97,96,7.211102550927978,,0.07511565157216644
ZmVXRymf.png,sunda,train,63,54,44,5.656854249492381,,0.128564869306645
EaYGOrlT.png,sunda,train,217,37,32,4.0,0.0,0.125
z2vvLBUT.png,pegon,train,201,103,103,4.0,,0.038834951456310676
9uFtnYPL.png,jawa,train,833,52,52,4.0,0.0,0.07692307692307693
06eqZ6CH.png,jawi,train,75,44,25,4.0,,0.16
DcTnvPA0.png,jawi,train,874,89,89,6.0,0.0,0.06741573033707865
ooUCUvDt.png,jawa,train,651,62,62,2.8284271247461903,-1.0,0.04561979233461597
OpZHk0xy.png,sunda,train,487,44,35,4.0,0.0,0.11428571428571428
aluaTbKZ.png,jawi,train,369,52,34,2.8284271247461903,0.0,0.0831890330807703
9ttYMU0C.png,sunda,train,138,57,39,4.0,,0.10256410256410256
OOt4JATx.png,lampung,train,148,29,29,2.8284271247461903,0.0,0.09753196981883415
NX1ipq6z.png,jawa,train,963,94,94,2.0,0.0,0.02127659574468085
lgnFKBft.png,lampung,train,239,77,68,4.0,-4.0,0.058823529411764705
hzsdmZFP.png,sunda,train,798,91,87,4.0,-1.0,0.04597701149425287
aqsxlWL5.png,jawi,train,308,58,45,4.47213595499958,0.0,0.09938079899999065
KqoNgEEr.png,sunda,train,79,46,30,4.0,,0.13333333333333333
FThF7jTW.png,lampung,train,886,43,35,2.8284271247461903,0.0,0.08081220356417687
8BzWXhj3.png,sunda,train,695,80,63,4.47213595499958,0.0,0.07098628499999332
o0e8byeJ.png,lontara,train,949,42,42,4.0,0.0,0.09523809523809523
5au8xV24.png,lontara,train,920,50,50,4.0,0.0,0.08
wsBLplFw.png,jawi,train,955,64,60,4.0,0.0,0.06666666666666667
sX2VGTUF.png,jawa,train,970,98,98,4.47213595499958,-2.0,0.04563404035713857
yJ1ahmYi.png,sunda,train,149,149,149,2.0,,0.013422818791946308
8uBBrTmA.png,lontara,train,941,61,61,4.47213595499958,0.0,0.07331370418032097
CbAjh73M.png,jawi,train,555,100,99,4.47213595499958,0.0,0.04517309045454121
iw6Q2gq4.png,bali,train,947,68,66,4.0,-1.0,0.06060606060606061
Fk7ll1RD.png,sunda,train,334,41,35,4.0,0.0,0.11428571428571428
4xcVTIui.png,jawa,train,937,89,89,4.0,-1.0,0.0449438202247191
uexUBJnb.jpg,jawi,train,320,180,135,2.0,,0.014814814814814815
emMjxGOq.png,jawi,train,22,28,23,5.656854249492381,,0.2459501847605383
i7LJu09I.png,lampung,train,98,43,41,2.8284271247461903,,0.06898602743283391
Xgu6c7a8.png,sunda,train,98,51,43,4.0,,0.09302325581395349
eLGHyiqR.png,bali,train,1400,56,56,2.8284271247461903,0.0,0.05050762722761054
pXiAetoy.png,jawi,train,399,68,42,4.0,-1.0,0.09523809523809523
bBse9E8Y.png,jawa,train,257,35,35,4.0,0.0,0.11428571428571428
RgrRqTFt.png,lontara,train,1063,46,46,4.47213595499958,0.0,0.09722034684781695
DHgrHgLr.png,sunda,train,269,42,35,4.0,0.0,0.11428571428571428
T7d3iSG8.png,jawi,train,701,69,49,4.0,0.0,0.08163265306122448
kOlIkBFH.png,bali,train,1343,70,66,4.0,-1.0,0.06060606060606061
ANUT39NX.png,jawi,train,399,78,77,4.0,0.0,0.05194805194805195
Tm3qlqOY.png,sunda,train,95,43,30,4.0,,0.13333333333333333
98OaxYfC.png,jawi,train,60,53,25,4.0,,0.16
jEdo1CjR.png,sunda,train,390,42,34,4.0,0.0,0.11764705882352941
UQ4cH1sk.png,sunda,train,44,36,31,4.0,,0.12903225806451613
Eo5PDAhP.png,pegon,train,146,125,125,4.0,,0.032
r04Xep33.png,bali,train,1513,70,70,4.0,-1.0,0.05714285714285714
wu8UrNFQ.png,lontara,train,1036,55,55,4.0,0.0,0.07272727272727272
8gbwpGQ3.png,lampung,train,92,31,27,2.8284271247461903,,0.10475656017578483
o5YdNKLt.png,jawi,train,796,79,79,6.324555320336759,0.0,0.08005766228274379
Jt0kChxc.png,sunda,train,74,38,23,4.0,,0.17391304347826086
DKleZU2C.png,jawa,train,957,73,71,4.47213595499958,0.0,0.06298783035210676
KH2fk8Tr.png,sunda,train,171,51,50,4.0,0.0,0.08
4cQJzJ58.jpg,pegon,train,1500,1225,1225,2.8284271247461903,,0.0023089201018336248
v8iQD1YR.png,lampung,train,253,62,60,2.8284271247461903,-2.0,0.047140452079103175
3Iqw2j3Z.png,jawa,train,82,39,39,4.0,,0.10256410256410256
SpF9CSFQ.png,lontara,train,938,52,48,7.211102550927978,0.0,0.1502313031443329
YJzwBZ1W.png,lampung,train,146,73,68,4.0,,0.058823529411764705
X8sf34uy.png,jawi,train,804,68,68,5.656854249492381,0.0,0.0831890330807703
e0UVxPvs.png,sunda,train,212,42,34,4.0,0.0,0.11764705882352941
3fkWEO2g.png,lampung,train,893,55,38,4.0,0.0,0.10526315789473684
c51EHp9v.png,lontara,train,882,61,59,6.0,0.0,0.1016949152542373
50M7u8ac.png,jawi,train,148,92,82,5.656854249492381,,0.06898602743283391
OEDXcIST.png,lontara,train,930,50,47,5.656854249492381,0.0,0.12035860105302937
3rqeXFQ4.png,lampung,train,153,80,72,4.0,,0.05555555555555555
uLKywNbB.png,jawi,train,197,65,65,2.0,0.0,0.03076923076923077
MEMj71vS.png,sunda,train,263,47,38,4.0,0.0,0.10526315789473684
zDgrKgYV.png,jawa,train,642,76,76,2.0,0.0,0.02631578947368421
FzUde3i5.png,sunda,train,789,72,61,4.47213595499958,0.0,0.07331370418032097
fELO1z01.png,sunda,train,792,69,65,4.47213595499958,0.0,0.06880209161537815
WiFuJUGL.png,jawa,train,912,82,82,4.47213595499958,-1.0,0.05453824335365341
B0y4rLV8.png,jawi,train,471,70,48,4.0,-1.0,0.08333333333333333
37VMQK8F.png,jawi,train,357,41,37,2.8284271247461903,0.0,0.07644397634449163
AXMZdhYS.png,lontara,train,896,52,52,4.0,-1.0,0.07692307692307693
tcMpHtgF.png,jawi,train,811,76,76,8.0,-1.0,0.10526315789473684
JNppT7xp.png,jawi,train,47,50,35,4.0,,0.11428571428571428
QuGz5D8G.png,pegon,train,815,83,83,4.0,0.0,0.04819277108433735
E6kMcEiC.png,jawi,train,81,92,83,2.0,,0.024096385542168676
2HAs2PFB.png,jawa,train,981,93,87,4.0,0.0,0.04597701149425287
Ifcb2r4C.jpg,jawa,train,1200,800,800,2.8284271247461903,,0.0035355339059327377
h6dp5flA.png,lontara,train,950,54,54,6.0,0.0,0.1111111111111111
7Bl20NPI.png,lontara,train,933,41,41,4.47213595499958,0.0,0.10907648670730682
nCZUSO47.png,lontara,train,987,49,49,4.0,0.0,0.08163265306122448
ojz5sEzd.png,lampung,train,296,76,76,2.8284271247461903,-1.0,0.03721614637823935
cSqToiMa.jpg,bali,train,640,589,567,2.0,,0.003527336860670194
N2JxkPDy.png,lontara,train,947,68,65,7.211102550927978,1.0,0.11094003924504582
ZTjt1UNI.jpg,bali,train,393,577,565,2.0,,0.0035398230088495575
XkTXJuHL.png,bali,train,1379,69,64,4.0,0.0,0.0625
C1ItbRuK.png,lampung,train,136,36,34,2.8284271247461903,-3.0,0.0831890330807703
RNff8a0B.png,jawi,train,77,51,25,2.414213562373095,,0.0965685424949238
6HyOkO6K.png,sunda,train,130,53,34,4.0,,0.11764705882352941
8SdXjc5Q.png,lampung,train,237,81,70,4.0,,0.05714285714285714
SUpeGnqL.png,jawa,train,406,61,60,4.0,0.0,0.06666666666666667
GJPk1yx2.png,lontara,train,843,69,69,4.47213595499958,-3.0,0.0648135645652113
a4jh7wTT.jpg,jawa,train,700,441,377,2.0,,0.005305039787798408
H2So05rF.png,lampung,train,155,41,41,4.0,-3.0,0.0975609756097561
DZ2S8alb.png,jawa,train,928,76,69,4.0,0.0,0.057971014492753624
WIWPKilN.png,bali,train,1363,63,63,2.8284271247461903,0.0,0.044895668646764926
e5ZjpoAU.png,bali,train,170,81,67,4.0,,0.05970149253731343
sX3Wke3m.png,sunda,train,131,58,44,4.0,,0.09090909090909091
aWiq8IgM.png,jawa,train,177,52,52,4.0,0.0,0.07692307692307693
uB9Us8VD.png,jawa,train,476,81,81,4.0,1.0,0.04938271604938271
r2g1SCRN.png,pegon,train,101,89,87,4.0,,0.04597701149425287
B4fDcO84.png,sunda,train,776,55,55,4.47213595499958,0.0,0.08131156281817417
ATKeORaE.png,bali,train,86,61,56,2.0,,0.03571428571428571
OrlluMAX.png,jawi,train,791,81,81,7.211102550927978,-1.0,0.08902595741886393
wISufpBg.png,jawi,train,71,48,41,4.47213595499958,,0.10907648670730682
zels8k1o.png,bali,train,201,59,47,2.0,0.0,0.0425531914893617
hW9ckDAr.png,jawi,train,91,61,28,4.0,,0.14285714285714285
L4cIkqat.jpg,bali,train,1280,1280,838,12.0,,0.014319809069212411
rRQpjlcO.png,jawa,train,689,93,82,4.47213595499958,0.0,0.05453824335365341
xaR1BJyC.png,jawi,train,953,72,58,4.0,0.0,0.06896551724137931
gLKafNpK.png,jawa,train,917,81,72,4.47213595499958,-1.0,0.06211299937499416
yZwl8HNa.png,jawi,train,805,81,81,8.0,0.0,0.09876543209876543
2d7sE8Pc.png,lontara,train,967,47,47,4.47213595499958,0.0,0.0951518288297783
4GdmGVjg.png,sunda,train,231,42,31,4.0,0.0,0.12903225806451613
4ElTzcrH.png,jawi,train,60,54,26,4.0,,0.15384615384615385
VivXjrOH.png,sunda,train,110,58,51,4.0,,0.0784313725490196
FtJgAj3z.png,jawa,train,630,66,66,4.0,-1.0,0.06060606060606061
AVjYB2z6.png,jawi,train,81,45,37,4.0,,0.10810810810810811
UWOkZppw.png,lampung,train,133,36,31,4.0,0.0,0.12903225806451613
rdLmkUy7.png,jawi,train,812,84,84,8.0,0.0,0.09523809523809523
gXeIZ31O.png,pegon,train,903,80,80,4.0,-1.0,0.05
QNSHDhtU.png,jawa,train,79,94,81,4.47213595499958,,0.05521155499999481
C7N9K1we.png,jawi,train,846,60,51,5.656854249492381,0.0,0.1109187107743604
fc56T1Kt.png,lampung,train,136,35,31,2.8284271247461903,1.0,0.09123958466923195
zL2KHuIF.png,lontara,train,944,56,51,5.656854249492381,0.0,0.1109187107743604
8dVCzsvx.png,pegon,train,117,115,115,4.0,,0.034782608695652174
pXLID2Oz.png,sunda,train,234,42,34,4.0,1.0,0.11764705882352941
NPGlMIWr.png,jawi,train,838,101,101,7.211102550927978,0.0,0.07139705495968296
1u2I4e7K.png,sunda,train,801,41,37,4.0,0.0,0.10810810810810811
KHeo5E5D.png,lontara,train,940,51,46,5.656854249492381,0.0,0.12297509238026914
cFylpRIG.png,lampung,train,133,36,32,2.8284271247461903,1.0,0.08838834764831845
zf4vByQe.png,bali,train,1416,64,64,4.0,-1.0,0.0625
KHGmYaNV.png,sunda,train,142,49,37,4.0,,0.10810810810810811
YJ3gjCEJ.png,sunda,train,124,56,46,4.47213595499958,,0.09722034684781695
bwQJdtjH.png,sunda,train,787,69,52,4.47213595499958,0.0,0.08600261451922268
qDr2qXBx.png,pegon,train,178,157,157,4.47213595499958,,0.028484942388532355
DOH3uoeR.jpg,bali,train,640,480,480,2.0,,0.004166666666666667
zmpVYdML.png,bali,train,1363,76,72,2.8284271247461903,0.0,0.03928371006591931
AQ479Wmf.png,sunda,train,786,80,70,4.0,2.0,0.05714285714285714
aZW70Z5d.png,jawi,train,63,34,30,6.0,,0.2
RTqafbRm.png,bali,train,207,78,50,2.8284271247461903,,0.0565685424949238
HW0gtJ3z.png,jawa,train,681,114,114,2.0,0.0,0.017543859649122806
pXrWfipo.png,jawa,train,992,73,73,4.47213595499958,0.0,0.06126213636985726
H6XrSApP.png,lontara,train,871,55,55,6.324555320336759,0.0,0.1149919149152138
R0SrSrZm.png,sunda,train,167,65,41,4.0,,0.0975609756097561
mQYCGlTg.png,bali,train,803,59,59,2.8284271247461903,-1.0,0.04793944279230831
Q3kRJ6xo.png,jawa,train,949,88,88,4.47213595499958,0.0,0.05081972676135886
qKrhfGzf.png,jawi,train,439,64,50,4.0,0.0,0.08
LhjUco2x.png,lampung,train,122,39,33,4.0,-4.0,0.12121212121212122
uIBwhlqU.png,jawi,train,627,93,93,5.656854249492381,1.0,0.06082638977948796
ckJUAUBq.png,lontara,train,940,57,52,6.324555320336759,0.0,0.12162606385262999
47WprzGZ.png,bali,train,1511,68,67,2.8284271247461903,0.0,0.04221533022009239
nbDYiJ5s.png,jawa,train,935,79,78,4.47213595499958,0.0,0.057335076346148456
GQtfL5mW.png,lampung,train,893,55,42,4.0,0.0,0.09523809523809523
HKwzw4nv.png,lampung,train,227,87,61,4.0,,0.06557377049180328
xRVYH2Wt.png,lampung,train,141,47,47,2.8284271247461903,0.0,0.060179300526514684
Zm5B81LE.png,lampung,train,120,37,29,2.8284271247461903,-4.0,0.09753196981883415
lPJpDgwW.jpg,bali,train,1200,675,675,2.8284271247461903,,0.004190262407031393
Vz1nxIKv.png,jawi,train,700,446,446,2.0,,0.004484304932735426
NB6PonAo.png,bali,train,1410,54,54,2.8284271247461903,0.0,0.052378280087892415
0ZdBQtWj.png,jawi,train,262,40,24,2.0,0.0,0.08333333333333333
CDwRTRLG.png,lampung,train,143,36,29,2.8284271247461903,0.0,0.09753196981883415
XjP6P9L1.png,pegon,train,148,118,118,4.0,,0.03389830508474576
j35vlXtu.png,lontara,train,919,82,82,4.0,-2.0,0.04878048780487805
eWDZoAtS.png,jawa,train,651,98,98,2.0,0.0,0.02040816326530612
0yw3HUMJ.png,jawa,train,1019,131,125,4.47213595499958,-1.0,0.03577708763999664
nTasNM93.png,lontara,train,235,51,45,4.47213595499958,1.0,0.09938079899999065
4mbeSD03.png,jawi,train,500,52,52,4.47213595499958,0.0,0.08600261451922268
BH0R4c3B.jpg,bali,train,735,463,353,2.8284271247461903,,0.008012541429875893
DMfn9sN7.png,jawa,train,364,60,50,4.0,0.0,0.08
tRAMwJga.png,jawi,train,255,58,58,4.0,0.0,0.06896551724137931
bG8nMmtY.png,bali,train,1421,71,71,4.0,-1.0,0.056338028169014086
vgRH3hfk.webp,lontara,train,720,565,538,4.0,,0.007434944237918215
RjPg5YEs.png,lontara,train,1046,40,40,2.8284271247461903,0.0,0.07071067811865475
p5Nke4ur.png,lontara,train,943,73,73,4.47213595499958,-1.0,0.06126213636985726
dkcNWByU.png,lontara,train,943,55,53,4.47213595499958,0.0,0.08437992367923736
ZIMyFIYP.png,jawi,train,184,51,32,4.0,-1.0,0.125
1dLNRoUS.png,lampung,train,99,48,32,4.0,,0.125
KxPXeWmk.png,lontara,train,936,51,51,5.656854249492381,0.0,0.1109187107743604
szJtpSIy.png,pegon,train,126,118,87,7.211102550927978,,0.08288623621756297
lfmVTRk6.png,bali,train,131,44,30,2.0,,0.06666666666666667
45lJaV4Z.png,sunda,train,44,54,29,6.0,,0.20689655172413793
qovgDuWs.png,jawi,train,190,48,30,2.8284271247461903,0.0,0.09428090415820635
kckfQOzE.png,lampung,train,281,80,75,4.0,-2.0,0.05333333333333334
nnhsY4Ch.png,jawi,train,408,58,58,5.656854249492381,0.0,0.09753196981883415
W2hIuZd0.png,sunda,train,42,35,24,4.0,,0.16666666666666666
GA868jP9.png,lontara,train,938,56,52,4.47213595499958,-1.0,0.08600261451922268
hqBcTp3a.png,lontara,train,543,43,39,6.16227766016838,0.0,0.15800711949149693
6sBveoL3.png,jawi,train,352,92,89,4.47213595499958,0.0,0.050248718595500896
TaKnFs4O.png,sunda,train,764,96,61,5.656854249492381,-1.0,0.09273531556544887
s6OZpx9Q.png,jawa,train,923,66,66,4.0,0.0,0.06060606060606061
2r1iIqoq.png,sunda,train,44,54,30,6.0,,0.2
6AetDGDX.png,jawa,train,535,63,63,4.0,-1.0,0.06349206349206349
vOlQz7X4.png,jawa,train,897,59,59,4.47213595499958,-1.0,0.0757989144915183
aRBdtt5d.png,lampung,train,112,36,31,2.8284271247461903,-6.0,0.09123958466923195
hf31jPKG.png,pegon,train,898,82,80,4.0,-1.0,0.05
XraAu4KR.png,sunda,train,55,56,29,6.0,,0.20689655172413793
CVfP1EKb.png,jawa,train,611,79,79,2.0,0.0,0.02531645569620253
0PmCdXWH.png,jawi,train,807,82,82,7.211102550927978,0.0,0.0879402750113168
KyG3HZrn.png,lampung,train,152,43,35,2.8284271247461903,2.0,0.08081220356417687
QUhZ58H3.png,pegon,train,183,155,155,4.0,,0.025806451612903226
iJ9kUjfo.png,bali,train,1379,61,58,4.0,0.0,0.06896551724137931
TiUZu5be.png,jawi,train,792,70,70,7.211102550927978,0.0,0.10301575072754254
twC5znxg.png,lontara,train,769,54,54,4.47213595499958,-2.0,0.08281733249999222
4kq9j1Pf.png,bali,train,584,61,60,2.8284271247461903,0.0,0.047140452079103175
3ICL8wtf.png,bali,train,1405,64,64,4.0,-1.0,0.0625
o87hFitu.png,pegon,train,65,62,62,2.8284271247461903,,0.04561979233461597
U7PXw2sv.png,jawa,train,93,43,43,4.0,,0.09302325581395349
ZoYW5UTA.png,jawa,train,984,82,82,2.0,0.0,0.024390243902439025
V4z6YJQd.png,jawi,train,803,69,69,6.0,0.0,0.08695652173913043
FPo8eKNu.webp,jawa,train,1280,720,706,4.47213595499958,,0.006334470191217535
hX1yIidx.png,sunda,train,256,70,54,4.47213595499958,0.0,0.08281733249999222
X7X88S7M.png,lampung,train,284,82,78,2.8284271247461903,-2.0,0.03626188621469475
bKCmBert.png,lampung,train,844,40,36,2.8284271247461903,0.0,0.07856742013183862
oAuDOcs1.png,pegon,train,864,60,60,4.0,0.0,0.06666666666666667
hMk547j4.png,jawi,train,151,86,71,8.0,,0.11267605633802817
YUnQJDOQ.png,lampung,train,144,43,33,4.0,0.0,0.12121212121212122
CBTHvbPw.png,jawa,train,603,59,59,4.0,0.0,0.06779661016949153
smPY9kPL.png,jawi,train,355,55,53,2.0,0.0,0.03773584905660377
j5Hqfx2s.png,lampung,train,84,33,29,2.8284271247461903,,0.09753196981883415
XBkOlqJG.png,bali,train,1405,65,65,4.0,-1.0,0.06153846153846154
zM93gk21.png,sunda,train,80,55,45,4.0,,0.08888888888888889
v0eRKhNN.jpg,lontara,train,750,500,500,4.0,,0.008
kvNQnwyn.png,sunda,train,44,36,33,4.0,,0.12121212121212122
VlCMn0lr.png,lontara,train,943,75,75,4.47213595499958,-1.0,0.0596284793999944
NI1PSZZR.png,lontara,train,760,50,50,4.47213595499958,0.0,0.08944271909999159
u68g7AwR.png,jawi,train,71,49,42,6.0,,0.14285714285714285
7XGmQ6mf.png,jawa,train,986,73,73,2.0,0.0,0.0273972602739726
9Ugdllgt.png,lampung,train,175,84,79,4.0,,0.05063291139240506
4kfjqqOT.png,jawi,train,799,87,87,7.211102550927978,1.0,0.08288623621756297
j6DBnD9K.png,sunda,train,789,73,64,4.47213595499958,0.0,0.06987712429686843
ej2161Uz.png,jawi,train,804,93,93,8.0,0.0,0.08602150537634409
oIPc51RQ.png,jawa,train,950,91,91,4.0,-1.0,0.04395604395604396
6vzR4WZ6.png,jawa,train,956,71,60,4.47213595499958,0.0,0.07453559924999299
8ofWxJYc.png,lampung,train,116,43,43,2.8284271247461903,,0.06577737499409744
SZpAml1X.png,sunda,train,280,44,35,4.0,0.0,0.11428571428571428
FeBshSio.png,lampung,train,138,42,36,4.0,-1.0,0.1111111111111111
yheWj3KC.png,lampung,train,116,36,30,2.8284271247461903,-2.0,0.09428090415820635
jcEoAn0N.png,lontara,train,938,50,50,5.656854249492381,0.0,0.1131370849898476
4vdvnZuM.png,jawa,train,899,59,59,6.0,-1.0,0.1016949152542373
zmwL3UBK.png,jawi,train,800,75,75,7.211102550927978,0.0,0.09614803401237304
Zxz9Llmw.png,bali,train,1294,64,64,4.0,0.0,0.0625
vVc2WZn3.png,jawi,train,242,65,56,4.0,0.0,0.07142857142857142
tHvUSGPF.png,sunda,train,703,49,37,4.0,0.0,0.10810810810810811
z1gWHjA6.png,sunda,train,73,55,35,5.656854249492381,,0.16162440712835374
p1nlqTvi.jpg,jawi,train,742,1080,1080,2.0,,0.001851851851851852
3MuE8FY7.png,lampung,train,293,64,64,4.0,-1.0,0.0625
9xvc7vM6.png,jawi,train,100,62,58,2.8284271247461903,,0.048765984909417075
uMBq6swg.png,bali,train,1095,71,71,4.0,-1.0,0.056338028169014086
aIrqAzFn.png,jawi,train,348,69,69,2.0,0.0,0.028985507246376812
fIpdDLFH.png,lontara,train,935,53,53,5.656854249492381,0.0,0.10673309904702605
keCE1USA.png,lampung,train,126,37,29,2.8284271247461903,-4.0,0.09753196981883415
k2FvNHaO.png,lampung,train,134,30,30,2.8284271247461903,1.0,0.09428090415820635
2DTUQgGc.png,jawa,train,648,79,79,2.0,0.0,0.02531645569620253
fQI2qgTw.png,sunda,train,523,70,53,4.0,1.0,0.07547169811320754
bKIFksG8.png,lampung,train,151,37,35,2.8284271247461903,-4.0,0.08081220356417687
J7tNGxwh.png,sunda,train,781,71,57,5.656854249492381,0.0,0.09924305700863825
glOJOXcx.png,lampung,train,93,37,29,2.8284271247461903,,0.09753196981883415
HpJ8LzOu.png,sunda,train,117,45,34,4.47213595499958,,0.1315334104411641
bdGRQd5v.png,sunda,train,311,42,35,4.0,0.0,0.11428571428571428
vJucb8db.png,sunda,train,815,67,57,4.0,-1.0,0.07017543859649122
rNoV0RcT.png,jawi,train,361,52,52,4.47213595499958,-1.0,0.08600261451922268
cszzH9hp.png,jawi,train,826,87,87,6.324555320336759,1.0,0.07269603816479034
p0ZYvG0T.png,sunda,train,265,42,31,4.0,0.0,0.12903225806451613
gS8V28Q0.png,jawa,train,689,64,64,2.0,0.0,0.03125
04Xl96UM.png,jawi,train,799,90,90,6.0,-1.0,0.06666666666666667
4Sfkw8rm.png,sunda,train,40,36,25,4.47213595499958,,0.17888543819998318
QDlvEOvV.png,sunda,train,124,56,55,4.0,,0.07272727272727272
ZbmjVhfI.png,sunda,train,57,47,31,4.0,,0.12903225806451613
qZL4Jq7a.png,lampung,train,131,31,27,2.8284271247461903,1.0,0.10475656017578483
kSGmDn7W.png,pegon,train,131,121,119,4.0,,0.03361344537815126
db0c2Z4p.png,lampung,train,1074,575,534,2.8284271247461903,,0.005296680008887997
nYwmrm3I.png,lontara,train,936,52,46,6.0,0.0,0.13043478260869565
bk0jl4qo.png,lontara,train,943,56,56,6.0,-1.0,0.10714285714285714
mgAx8AiT.png,lampung,train,92,37,29,2.8284271247461903,,0.09753196981883415
GpM40HmE.png,jawi,train,252,72,70,4.0,0.0,0.05714285714285714
F2izSnYq.png,pegon,train,149,138,138,4.0,,0.028985507246376812
g6OoA5L1.png,pegon,train,138,130,130,4.0,,0.03076923076923077
rpwRJFPi.png,lontara,train,819,65,65,4.47213595499958,-1.0,0.06880209161537815
GlcHHmBv.png,lontara,train,949,35,35,4.47213595499958,-1.0,0.12777531299998798
1zxp9geQ.jpg,jawa,train,1200,675,675,4.0,,0.005925925925925926
ih7t7yJy.png,jawi,train,110,76,70,4.0,,0.05714285714285714
bDwOcDTg.png,lampung,train,99,36,28,2.8284271247461903,,0.10101525445522108
DIlL0Urz.png,jawi,train,141,93,93,6.0,,0.06451612903225806
JWawKQ9Q.png,sunda,train,757,88,63,5.656854249492381,0.0,0.08979133729352985
vSBHNoJ1.png,jawi,train,896,72,57,4.0,0.0,0.07017543859649122
QGrVt7Vu.png,jawi,train,759,42,40,4.0,0.0,0.1
2nQQobQf.png,lampung,train,234,87,77,4.47213595499958,,0.058079687727267265
WT8CWUGj.png,sunda,train,821,67,56,4.0,-1.0,0.07142857142857142
mBTY89oL.png,sunda,train,213,48,42,4.0,0.0,0.09523809523809523
LO3HoNVO.png,bali,train,1385,68,64,2.8284271247461903,0.0,0.04419417382415922
WJRPxjha.png,lampung,train,86,39,32,2.8284271247461903,,0.08838834764831845
MsLQzDrg.png,jawi,train,123,74,57,5.656854249492381,,0.09924305700863825
Zpy0Fr7R.png,jawa,train,988,61,61,4.0,0.0,0.06557377049180328
e4Me7LMM.png,pegon,train,148,129,129,4.0,,0.031007751937984496
fhfb6Iy5.png,jawa,train,600,74,74,2.0,0.0,0.02702702702702703
KYF9xvKR.png,sunda,train,132,129,126,2.0,,0.015873015873015872
RkaUxkjW.png,lampung,train,136,41,36,2.8284271247461903,1.0,0.07856742013183862
rA5HNNrH.png,lampung,train,116,48,47,2.0,,0.0425531914893617
hXTsTsZC.png,lontara,train,216,60,52,4.47213595499958,-1.0,0.08600261451922268
nXMcwUDe.png,pegon,train,881,89,89,4.0,1.0,0.0449438202247191
4EW31qUo.png,bali,train,479,74,64,4.0,-1.0,0.0625
adLSFAug.png,lampung,train,135,37,37,4.0,-3.0,0.10810810810810811
7n8YNOrd.png,sunda,train,74,40,27,4.0,,0.14814814814814814
Vu91eBay.png,jawi,train,424,63,63,4.47213595499958,0.0,0.07098628499999332
XUDGbHlp.png,lampung,train,100,38,34,2.8284271247461903,,0.0831890330807703
v9lgekSy.png,pegon,train,839,72,72,4.47213595499958,0.0,0.06211299937499416
A3HWu1eb.png,sunda,train,35,33,18,4.0,,0.2222222222222222
YLEyhwV4.png,jawi,train,347,52,50,4.0,0.0,0.08
ztUA2eyb.png,lampung,train,122,36,31,2.8284271247461903,-5.0,0.09123958466923195
tB4d96sN.png,jawa,train,825,60,52,4.0,0.0,0.07692307692307693
xpLtIH56.png,lontara,train,941,47,47,6.324555320336759,0.0,0.13456500681567574
PgEIaKx4.png,sunda,train,702,47,38,4.0,0.0,0.10526315789473684
nGhp8rvR.jpg,lontara,train,528,800,755,4.0,,0.005298013245033113
yKdVboEu.png,pegon,train,139,126,126,4.0,,0.031746031746031744
Rj5VD0fQ.png,lampung,train,140,41,32,2.8284271247461903,-6.0,0.08838834764831845
ZHkOKSy0.png,jawi,train,801,90,90,7.211102550927978,0.0,0.08012336167697753
VnTJSRqO.png,jawa,train,854,61,60,4.0,0.0,0.06666666666666667
WHAHum19.png,lampung,train,202,76,71,4.0,,0.056338028169014086
92b3Lu4Z.png,sunda,train,61,54,45,6.0,,0.13333333333333333
GqN3J713.png,bali,train,1481,71,71,4.0,-1.0,0.056338028169014086
bkznjpsi.png,jawi,train,786,74,74,7.211102550927978,0.0,0.097447331769297
NBsppWE3.png,pegon,train,163,143,143,4.0,,0.027972027972027972
BAbW4cIv.png,jawa,train,934,98,97,4.47213595499958,0.0,0.04610449438143897
svygWLbh.png,lampung,train,274,67,57,4.0,-3.0,0.07017543859649122
NWOTfE5V.png,jawi,train,815,83,83,8.0,-1.0,0.0963855421686747
tcXc4HNt.png,jawi,train,56,32,16,4.0,,0.25
vxqbLBEN.png,sunda,train,69,39,27,4.0,,0.14814814814814814
Z4QcGBcg.png,lontara,train,828,49,49,4.47213595499958,0.0,0.09126808071427714
rIBiikZY.png,sunda,train,81,54,50,4.47213595499958,,0.08944271909999159
UAFq2GKA.png,sunda,train,45,51,49,4.0,,0.08163265306122448
cM7aMsIP.jpg,jawa,train,1024,543,543,4.0,,0.007366482504604052
0YnIb1mk.png,lampung,train,133,39,39,2.8284271247461903,2.0,0.0725237724293895
chZLlGCH.png,lontara,train,961,42,42,4.47213595499958,0.0,0.10647942749999
zGQ2vh1g.png,bali,train,1546,71,71,4.0,-1.0,0.056338028169014086
TfrcAKgY.png,sunda,train,179,69,41,5.656854249492381,,0.13797205486566783
Ei2KJkYS.png,bali,train,1416,71,71,4.0,-1.0,0.056338028169014086
qhrOiqcN.png,sunda,train,44,54,29,6.0,,0.20689655172413793
4rzA2cl1.jpg,bali,train,1706,960,960,4.0,,0.004166666666666667
PC0AuloZ.png,jawi,train,892,68,54,4.0,0.0,0.07407407407407407
EYAoWksO.png,bali,train,1360,63,63,4.0,-1.0,0.06349206349206349
r6Y1zvkz.png,bali,train,1279,73,73,4.0,-1.0,0.0547945205479452
0B9h6mx2.png,jawa,train,685,66,66,2.8284271247461903,0.0,0.04285495643554834
hGEa2KFw.png,lampung,train,214,95,92,4.0,,0.043478260869565216
nYKoXEgH.png,lampung,train,144,42,30,2.8284271247461903,1.0,0.09428090415820635
BekUheLH.png,jawi,train,197,66,66,2.0,,0.030303030303030304
tviyv7W0.jpg,lampung,train,970,544,174,14.0,,0.08045977011494253
sFkNBSo3.png,jawa,train,517,49,49,4.0,0.0,0.08163265306122448
bqKF2TcM.png,sunda,train,785,65,54,4.47213595499958,0.0,0.08281733249999222
65SxWsqy.png,jawi,train,521,74,74,6.0,0.0,0.08108108108108109
kKxTldHU.png,jawi,train,955,65,63,4.0,0.0,0.06349206349206349
9VjPtma0.png,jawa,train,650,78,78,2.0,0.0,0.02564102564102564
hhwxutSL.png,jawa,train,595,46,46,4.0,0.0,0.08695652173913043
tGgh8G2Z.png,jawi,train,376,82,80,4.47213595499958,0.0,0.05590169943749475
lhv9S38a.png,sunda,train,784,68,62,4.47213595499958,0.0,0.07213122508063838
vKu41bF1.png,bali,train,1395,66,66,4.0,-1.0,0.06060606060606061
gjbw7Txw.png,lampung,train,98,36,30,2.8284271247461903,,0.09428090415820635
zokFdUSP.png,jawi,train,16,21,17,4.47213595499958,,0.2630668208823282
U0Nfvmit.png,sunda,train,120,45,30,4.0,,0.13333333333333333
LeLdY3Qb.png,bali,train,86,58,46,2.0,,0.043478260869565216
ff0VFdBw.png,lontara,train,948,74,74,4.47213595499958,-2.0,0.06043426966215648
fOhRpUOR.png,sunda,train,157,43,35,4.0,0.0,0.11428571428571428
dKAZufxE.png,lampung,train,885,51,40,4.0,-1.0,0.1
NlJH7RsA.png,jawa,train,611,74,74,2.0,0.0,0.02702702702702703
i7vsDYaI.png,jawa,train,955,98,98,4.47213595499958,-1.0,0.04563404035713857
vvKbeERx.png,jawi,train,451,62,62,6.0,0.0,0.0967741935483871
QSVdE7IT.png,lampung,train,143,42,42,4.0,0.0,0.09523809523809523
fSfO4lAR.png,jawi,train,800,70,70,7.211102550927978,0.0,0.10301575072754254
IcMQ729U.jpg,bali,train,480,360,360,2.0,,0.005555555555555556
PUJYfPqc.png,jawa,train,107,82,59,4.0,,0.06779661016949153
8Fj6gzLT.png,lampung,train,276,72,67,4.0,-4.0,0.05970149253731343
aRd3KGa1.png,jawa,train,393,51,51,4.0,0.0,0.0784313725490196
uWSyOh6F.png,jawa,train,891,66,66,6.0,0.0,0.09090909090909091
Jeqg0M7h.png,bali,train,1375,64,60,2.8284271247461903,0.0,0.047140452079103175
JBNBOY4K.png,jawa,train,630,66,66,4.0,0.0,0.06060606060606061
tz0qToNY.png,jawi,train,796,96,96,6.0,-1.0,0.0625
V5Yi5RNT.png,lontara,train,932,47,47,6.324555320336759,0.0,0.13456500681567574
4v7HlP24.png,jawa,train,697,51,51,2.0,1.0,0.0392156862745098
KQn86KbN.jpg,bali,train,503,856,849,2.0,,0.002355712603062426
QGQKm9s0.png,lampung,train,219,80,80,4.47213595499958,,0.05590169943749475
zxipBKYy.png,jawa,train,571,66,66,2.8284271247461903,0.0,0.04285495643554834
9kSoqZEt.png,sunda,train,823,73,63,4.0,1.0,0.06349206349206349
8AuxnEhR.png,jawa,train,577,59,59,4.0,0.0,0.06779661016949153
yBtnmgOy.png,jawi,train,391,57,56,4.0,0.0,0.07142857142857142
GEO1YdWF.png,jawi,train,73,38,34,6.0,,0.17647058823529413
bI31kQ7C.png,sunda,train,54,44,23,4.0,,0.17391304347826086
F4xub8nN.png,jawa,train,667,54,54,2.0,0.0,0.037037037037037035
s7ZSiH4S.png,jawi,train,418,94,74,5.656854249492381,0.0,0.07644397634449163
oh2MaR6D.png,lontara,train,942,50,50,5.656854249492381,0.0,0.1131370849898476
1Kr2Pnpk.png,jawa,train,945,56,56,2.0,0.0,0.03571428571428571
XtCkDoX1.png,pegon,train,825,93,93,4.0,1.0,0.043010752688172046
IKinYpX9.png,sunda,train,156,136,136,2.0,,0.014705882352941176
oCVV5Hjk.png,lampung,train,269,40,32,4.0,0.0,0.125
DIA0j6SU.png,lampung,train,186,75,61,4.0,,0.06557377049180328
zZCDmzPe.png,lontara,train,952,74,74,6.324555320336759,0.0,0.08546696378833459
HnelVBgL.png,jawi,train,386,66,66,4.47213595499958,-1.0,0.06775963568181181
ZJH0XFls.png,jawa,train,915,56,56,4.0,0.0,0.07142857142857142
3OIQLttH.png,sunda,train,84,55,43,4.0,,0.09302325581395349
8EkknZD6.png,jawi,train,952,72,66,4.0,0.0,0.06060606060606061
pReQqu8e.png,lampung,train,143,33,29,2.8284271247461903,2.0,0.09753196981883415
A86cbI0P.png,sunda,train,300,282,268,2.0,,0.007462686567164179
LVq2TXoU.png,jawi,train,220,71,43,4.47213595499958,-1.0,0.10400316174417627
wezgD0gF.png,pegon,train,158,147,147,4.0,,0.027210884353741496
rriODEG0.png,jawa,train,958,86,86,2.0,0.0,0.023255813953488372
shhbB1gz.png,jawa,train,338,56,56,2.0,0.0,0.03571428571428571
xLcxiNs9.png,sunda,train,777,59,59,4.47213595499958,0.0,0.0757989144915183
qr0Dsa4r.png,jawa,train,700,730,724,2.0,,0.0027624309392265192
dYxZEzBa.png,sunda,train,820,69,59,4.0,-1.0,0.06779661016949153
BBvCgo51.png,jawa,train,988,89,88,4.0,-1.0,0.045454545454545456
LeTEDZBH.png,lampung,train,141,31,31,4.0,-2.0,0.12903225806451613
O7G1SxRA.png,sunda,train,80,55,46,4.47213595499958,,0.09722034684781695
GUq8AaWM.png,jawa,train,855,79,79,4.0,0.0,0.05063291139240506
eYz5jjXC.png,lontara,train,935,56,55,4.0,0.0,0.07272727272727272
80g7zxyM.png,jawa,train,701,112,112,2.0,0.0,0.017857142857142856
SCdW6REG.png,jawi,train,202,50,27,4.0,0.0,0.14814814814814814
RSuXHIPF.png,jawa,train,449,84,78,4.47213595499958,0.0,0.057335076346148456
I63uqhLK.png,lontara,train,943,56,55,7.211102550927978,0.0,0.1311109554714178
LliQF9GY.png,sunda,train,44,54,30,6.0,,0.2
OhtDRxOw.png,sunda,train,186,50,44,4.0,0.0,0.09090909090909091
BwRTQ582.png,jawa,train,845,72,72,6.0,-1.0,0.08333333333333333
pSKsyIru.png,sunda,train,190,58,53,4.0,-1.0,0.07547169811320754
22PuHPHT.png,lampung,train,938,48,45,4.0,0.0,0.08888888888888889
QGDNJquS.png,sunda,train,787,73,64,4.47213595499958,0.0,0.06987712429686843
ejv8VdvJ.png,jawa,train,727,87,87,2.0,0.0,0.022988505747126436
3XCKjrFv.png,bali,train,1404,62,62,4.0,0.0,0.06451612903225806
i6jX5VMn.png,sunda,train,244,45,35,4.0,0.0,0.11428571428571428
I5PChxPI.png,jawa,train,817,131,106,4.47213595499958,-1.0,0.04218996183961868
HdxdThx8.png,bali,train,1336,68,68,2.8284271247461903,-1.0,0.04159451654038515
q8IFpkSi.png,bali,train,1355,71,71,4.0,-1.0,0.056338028169014086
BY8lyTaX.png,sunda,train,801,47,41,4.0,0.0,0.0975609756097561
n3BBzqrJ.png,lontara,train,843,51,51,4.47213595499958,1.0,0.08768894029410941
baTQS37T.png,sunda,train,733,72,67,4.0,-1.0,0.05970149253731343
8zX3Bk38.png,lontara,train,925,49,49,4.0,0.0,0.08163265306122448
11J5YDvg.png,jawa,train,664,78,78,2.0,0.0,0.02564102564102564
mIZSvA7u.png,sunda,train,55,58,29,5.656854249492381,,0.1950639396376683
MXJBUBMT.png,jawa,train,656,94,94,2.0,0.0,0.02127659574468085
ATThQiJO.png,pegon,train,175,151,151,4.0,,0.026490066225165563
ezxa6soR.png,lampung,train,139,31,30,2.8284271247461903,1.0,0.09428090415820635
zSQEmPHo.png,jawi,train,540,52,52,5.656854249492381,0.0,0.10878565864408424
jYd9XEoO.png,pegon,train,156,145,145,4.0,,0.027586206896551724
o7uoMt0D.png,jawa,train,640,86,86,2.0,0.0,0.023255813953488372
lOsHKXKt.png,bali,train,1406,58,58,4.0,0.0,0.06896551724137931
YV05c7bO.png,pegon,train,927,63,63,4.0,0.0,0.06349206349206349
nz0luBwZ.png,sunda,train,692,65,59,4.47213595499958,0.0,0.0757989144915183
pSiKFjbE.png,lampung,train,138,41,34,2.8284271247461903,-2.0,0.0831890330807703
wrUViaar.png,jawa,train,987,76,76,2.0,0.0,0.02631578947368421
LtuVyyLs.png,jawi,train,323,54,51,4.0,0.0,0.0784313725490196
yK0QM0aZ.png,jawa,train,572,51,51,4.0,0.0,0.0784313725490196
F2BFe1Ft.png,pegon,train,112,94,94,2.8284271247461903,,0.030089650263257342
zIsxfEpX.png,jawa,train,136,108,99,2.0,,0.020202020202020204
6qJNCoYy.png,jawi,train,84,47,36,6.0,,0.16666666666666666
wBLg71Yy.png,lontara,train,2000,1600,1600,4.0,,0.0025
qpfkhEY1.png,pegon,train,132,132,132,4.0,,0.030303030303030304
h3l9ppZ3.png,jawa,train,640,79,79,2.0,0.0,0.02531645569620253
cwBsh56a.png,pegon,train,101,100,100,2.8284271247461903,,0.0282842712474619
5CEDhrRj.png,sunda,train,40,35,32,4.0,,0.125
fuuZiyNB.jpg,lontara,train,433,616,609,6.0,,0.009852216748768473
Qp5L2a6r.png,lontara,train,939,47,43,5.656854249492381,0.0,0.13155474998819489
A4lcvyH2.png,sunda,train,786,67,56,4.47213595499958,0.0,0.07985957062499249
Rw9cWoNQ.png,lontara,train,869,52,52,4.47213595499958,1.0,0.08600261451922268
gau3WdqE.png,jawi,train,295,45,31,2.0,0.0,0.06451612903225806
6i4aihLB.png,jawa,train,669,53,53,2.0,0.0,0.03773584905660377
OInGUFul.png,jawi,train,811,77,77,6.0,0.0,0.07792207792207792
AaFlOUh2.png,jawi,train,808,80,80,8.0,0.0,0.1
WeFVJU48.png,bali,train,113,68,37,2.8284271247461903,,0.07644397634449163
Bc8w4GiB.png,sunda,train,160,144,141,2.0,,0.014184397163120567
nN36nXcf.png,sunda,train,34,32,18,4.0,,0.2222222222222222
RdbueIP3.png,jawi,train,581,79,56,4.0,0.0,0.07142857142857142
IF7uM85N.png,bali,train,144,80,80,2.0,,0.025
bOpBfm5b.png,sunda,train,795,72,63,5.656854249492381,0.0,0.08979133729352985
aWDmeZnl.png,pegon,train,582,89,86,5.656854249492381,1.0,0.06577737499409744
aUXYRTlv.png,sunda,train,32,35,30,4.0,,0.13333333333333333
dvfU4Fz4.png,jawi,train,810,81,81,6.0,-1.0,0.07407407407407407
rruEa7kF.png,jawi,train,414,47,43,4.0,0.0,0.09302325581395349
Katgct1b.png,lampung,train,151,82,81,2.8284271247461903,,0.034918853391928274
DnGgNuXD.png,jawi,train,947,60,52,4.0,0.0,0.07692307692307693
8hHxmufk.png,bali,train,1399,56,56,4.0,0.0,0.07142857142857142
D05LoIbZ.png,jawi,train,814,85,85,8.0,0.0,0.09411764705882353
GimhRf53.png,jawi,train,24,26,24,4.47213595499958,,0.18633899812498247
bCIsakwd.png,lampung,train,102,37,27,2.8284271247461903,,0.10475656017578483
i6A1RSR1.png,jawi,train,686,91,91,6.0,0.0,0.06593406593406594
yvhE48gD.png,pegon,train,148,120,120,2.8284271247461903,,0.023570226039551587
noNn865N.png,jawa,train,655,69,69,2.0,0.0,0.028985507246376812
BaycxHhF.png,jawi,train,238,79,60,4.47213595499958,-3.0,0.07453559924999299
8aXb57MZ.png,jawi,train,36,45,27,7.211102550927978,,0.2670778722565918
KqXg11it.png,jawa,train,264,62,62,2.8284271247461903,1.0,0.04561979233461597
fru6b0zL.png,jawi,train,372,71,71,6.0,0.0,0.08450704225352113
2Ep3D91l.png,pegon,train,186,169,168,4.0,,0.023809523809523808
NZSKqCu2.png,sunda,train,802,43,38,4.0,0.0,0.10526315789473684
j2pF621b.png,sunda,train,124,42,26,4.0,,0.15384615384615385
lUs8lUdP.png,jawa,train,80,98,78,5.656854249492381,,0.0725237724293895
Co0lR3pn.png,jawa,train,635,68,68,4.0,-1.0,0.058823529411764705
qbOGYkER.png,jawa,train,114,85,85,4.0,,0.047058823529411764
8Pg4QEHg.png,sunda,train,785,73,69,4.47213595499958,0.0,0.0648135645652113
TSTe8GQ1.png,jawa,train,640,91,91,4.0,0.0,0.04395604395604396
GHmYgsU1.png,sunda,train,801,45,36,4.0,0.0,0.1111111111111111
MuR7rzdl.jpg,jawa,train,1654,2340,2303,2.0,,0.0008684324793747286
BqUmXjph.png,sunda,train,164,150,145,2.0,,0.013793103448275862
gOhGTv61.png,jawa,train,731,68,68,2.8284271247461903,0.0,0.04159451654038515
pUiOAa74.png,jawi,train,806,73,73,6.0,0.0,0.0821917808219178
iodbCLbu.png,lontara,train,946,55,54,5.656854249492381,0.0,0.10475656017578483
MK1maYWw.png,lampung,train,259,81,74,4.0,-3.0,0.05405405405405406
s9TzT5gN.png,lampung,train,138,41,41,2.8284271247461903,0.0,0.06898602743283391
3U5RoRQk.png,jawi,train,819,76,76,6.324555320336759,0.0,0.08321783316232578
MMFqryiY.png,lampung,train,194,71,66,2.8284271247461903,,0.04285495643554834
5qMFRTiX.png,jawa,train,958,72,72,4.0,-1.0,0.05555555555555555
4LRyTHiQ.png,sunda,train,706,44,41,4.0,0.0,0.0975609756097561
5AUniMPt.png,lontara,train,877,59,59,4.47213595499958,-2.0,0.0757989144915183
QeEf1zIv.png,lampung,train,179,73,57,4.0,,0.07017543859649122
8lodvJ0E.png,sunda,train,77,55,45,4.0,,0.08888888888888889
Z0SqcnG4.png,sunda,train,124,56,41,4.47213595499958,,0.10907648670730682
9fr0iKs3.png,jawi,train,135,70,43,4.0,,0.09302325581395349
HaZZ4QH2.png,lampung,train,152,42,41,2.8284271247461903,1.0,0.06898602743283391
6xDUKb3K.png,lampung,train,199,69,69,4.0,,0.057971014492753624
iI6in3eP.png,bali,train,1377,57,57,2.8284271247461903,0.0,0.049621528504319126
lU5xgYR0.png,jawi,train,361,63,50,4.0,0.0,0.08
7i8PG9Ub.png,sunda,train,214,42,34,4.0,0.0,0.11764705882352941
sJ0iKoM1.png,jawi,train,799,89,89,7.211102550927978,0.0,0.0810236241677301
Ta0x7Eph.png,bali,train,309,77,67,2.0,0.0,0.029850746268656716
mnehekz3.png,jawa,train,658,84,84,2.0,0.0,0.023809523809523808
EOH2hydY.png,jawa,train,647,66,66,2.0,0.0,0.030303030303030304
krGxZur9.png,lontara,train,944,76,76,4.47213595499958,-1.0,0.05884389414473131
kZHNa11x.png,lontara,train,724,51,51,5.656854249492381,1.0,0.1109187107743604
GGtyvDUK.png,jawi,train,865,65,46,5.656854249492381,0.0,0.12297509238026914
wbJxvXIi.png,jawi,train,423,68,47,4.0,0.0,0.0851063829787234
2SrsTCNZ.png,sunda,train,772,69,63,4.0,-1.0,0.06349206349206349
QrQvIixH.png,sunda,train,830,82,82,4.0,1.0,0.04878048780487805
EvefOGy3.png,jawi,train,818,79,79,8.0,0.0,0.10126582278481013
zM4t7zMV.png,sunda,train,784,78,70,4.47213595499958,0.0,0.06388765649999399
Xeg5Vipo.png,sunda,train,63,61,38,5.656854249492381,,0.1488645855129574
PxvIygvK.png,sunda,train,128,56,51,4.47213595499958,,0.08768894029410941
MKEj9Egy.png,pegon,train,106,122,122,2.8284271247461903,,0.023183828891362217
xJX17TF8.png,jawi,train,640,80,80,4.47213595499958,-1.0,0.05590169943749475
ewvo77IW.png,jawa,train,967,82,72,4.47213595499958,-1.0,0.06211299937499416
4Z7OoWaz.png,sunda,train,124,56,45,4.0,,0.08888888888888889
SGWBg1Sk.png,sunda,train,82,55,40,4.0,,0.1
WyrlDhoh.png,jawi,train,116,57,53,4.0,,0.07547169811320754
hiYUQY8w.png,pegon,train,112,104,104,4.0,,0.038461538461538464
Bv2oyw7P.png,pegon,train,144,133,133,4.47213595499958,,0.033625082368417894
dLaKcGAs.png,lampung,train,118,30,28,2.8284271247461903,0.0,0.10101525445522108
9hZnoYgP.png,sunda,train,110,58,37,4.0,,0.10810810810810811
Re4aIUH9.png,lontara,train,946,64,55,6.324555320336759,0.0,0.1149919149152138
alDc3OSN.png,jawi,train,179,76,70,5.656854249492381,,0.08081220356417687
pSWmA3Un.png,jawa,train,991,98,98,4.47213595499958,-1.0,0.04563404035713857
2jtMkRoa.png,sunda,train,49,46,27,4.0,,0.14814814814814814
h5GN86Z8.png,sunda,train,124,56,45,4.47213595499958,,0.09938079899999065
g5EaEpvy.png,lontara,train,956,60,60,4.0,0.0,0.06666666666666667
lvH9xi3L.png,jawa,train,884,83,83,6.0,-1.0,0.07228915662650602
7B9GsLot.png,sunda,train,689,54,37,4.0,0.0,0.10810810810810811
IYZ4iF9X.png,sunda,train,44,54,30,6.0,,0.2
5XOC7t4K.png,sunda,train,725,49,43,4.0,0.0,0.09302325581395349
sZVE2ywp.png,pegon,train,134,101,101,2.8284271247461903,,0.02800422895788307
RJPuZlBW.png,jawa,train,643,75,75,2.0,0.0,0.02666666666666667
ZpHspSiD.png,jawa,train,794,69,69,6.0,0.0,0.08695652173913043
tVLTxNyb.jpg,pegon,train,561,561,554,2.0,,0.0036101083032490976
uqQiKkIP.png,bali,train,262,77,65,4.0,-1.0,0.06153846153846154
WHOTc9Kh.png,jawa,train,950,75,75,4.0,-1.0,0.05333333333333334
OKkmXzt8.png,jawa,train,94,67,58,4.47213595499958,,0.07710579232757896
72uKrvWD.png,jawa,train,439,79,79,2.0,0.0,0.02531645569620253
pxo8iU3u.png,lampung,train,82,37,37,2.8284271247461903,,0.07644397634449163
6lzzj1My.png,jawi,train,375,76,76,6.0,0.0,0.07894736842105263
CUJFtpU0.png,jawi,train,828,92,92,8.0,0.0,0.08695652173913043
Pn2o0YTT.jpg,jawa,train,565,514,483,4.0,,0.008281573498964804
kdMmxAfq.png,sunda,train,766,96,53,5.656854249492381,0.0,0.10673309904702605
Y96AH3bs.png,lontara,train,925,49,49,4.0,0.0,0.08163265306122448
l8CCE88p.png,lampung,train,146,42,37,2.8284271247461903,0.0,0.07644397634449163
mKIZSzSN.png,sunda,train,1122,62,62,4.0,0.0,0.06451612903225806
aIifqU3i.png,jawi,train,817,104,104,8.0,0.0,0.07692307692307693
zrz1gBi8.png,pegon,train,102,94,79,2.8284271247461903,,0.03580287499678722
wNTWQ7Eu.png,jawa,train,972,101,101,4.47213595499958,-1.0,0.044278573811877026
Klwhq4ps.png,jawi,train,500,50,44,2.8284271247461903,0.0,0.0642824346533225
6L6oDkMj.png,pegon,train,87,71,71,4.0,,0.056338028169014086
bnhZPFr1.png,sunda,train,298,42,32,4.0,0.0,0.125
6Jj7eo3O.png,sunda,train,695,72,54,4.47213595499958,0.0,0.08281733249999222
wPTaDzIy.png,bali,train,99,68,33,2.8284271247461903,,0.08570991287109668
JAYqAwsv.png,bali,train,1410,63,63,4.0,-1.0,0.06349206349206349
VjC2Zk8B.png,jawi,train,944,57,54,4.0,0.0,0.07407407407407407
iYM4n0S7.png,pegon,train,180,145,143,4.0,,0.027972027972027972
FAMrEL5t.png,jawa,train,734,75,75,2.0,0.0,0.02666666666666667
GqTzvICw.png,lontara,train,766,60,60,4.47213595499958,-2.0,0.07453559924999299
kz50SphP.png,bali,train,1409,49,49,2.8284271247461903,0.0,0.05772300254584062
R7LZ7gT7.png,jawa,train,965,76,76,2.0,0.0,0.02631578947368421
cg6YBstG.png,sunda,train,167,51,41,4.0,0.0,0.0975609756097561
XzNnUpQh.png,sunda,train,47,54,43,4.47213595499958,,0.10400316174417627
aN9eOSXS.jpg,jawi,train,768,1024,682,2.0,,0.002932551319648094
oTyT8UlN.png,sunda,train,79,41,31,4.0,,0.12903225806451613
HSmSrC1f.png,jawi,train,293,64,42,4.0,0.0,0.09523809523809523
ieCwAOj8.png,lontara,train,844,47,47,4.47213595499958,-1.0,0.0951518288297783
LRUV85Nq.png,lontara,train,712,70,70,4.0,-1.0,0.05714285714285714
gEP1AjoU.png,sunda,train,140,43,27,4.0,0.0,0.14814814814814814
hXcSm3XE.png,sunda,train,112,65,54,4.0,,0.07407407407407407
JbnV2aI4.png,pegon,train,122,50,38,4.0,,0.10526315789473684
jp0XB4bC.png,jawi,train,42,39,26,4.0,,0.15384615384615385
WximjsPa.png,lampung,train,138,43,38,2.0,-1.0,0.05263157894736842
Cj6fhTfi.png,lontara,train,942,51,49,5.656854249492381,0.0,0.11544600509168124
pciJQTiE.png,lampung,train,93,38,38,2.8284271247461903,,0.0744322927564787
iNvknkP5.png,bali,train,185,68,45,2.8284271247461903,,0.0628539361054709
peQKGGlM.png,pegon,train,172,165,164,4.0,,0.024390243902439025
wgJN7jBV.png,lontara,train,866,47,47,4.47213595499958,-1.0,0.0951518288297783
fKR9IIiQ.png,jawi,train,48,44,34,6.0,,0.17647058823529413
fWOVNtAL.png,lontara,train,938,51,50,5.656854249492381,0.0,0.1131370849898476
EWKLlLMS.png,jawi,train,814,97,97,6.0,0.0,0.061855670103092786
tycI2E60.png,jawa,train,443,66,62,4.0,-1.0,0.06451612903225806
mX6JeAay.jpg,lontara,train,572,481,446,2.0,,0.004484304932735426
UYStIPdv.png,lontara,train,943,52,44,6.324555320336759,0.0,0.14373989364401726
MYzLfnpF.png,bali,train,188,68,49,2.8284271247461903,,0.05772300254584062
pikUEMoX.png,lampung,train,150,42,42,4.0,0.0,0.09523809523809523
6CYeL72O.png,sunda,train,74,44,28,4.0,,0.14285714285714285
CwYhcemU.png,jawi,train,32,31,22,6.0,,0.2727272727272727
bK8eXPbH.png,jawa,train,541,48,47,4.0,-1.0,0.0851063829787234
tcGUJD42.png,bali,train,1337,62,62,4.0,-1.0,0.06451612903225806
XE8xFXcX.png,jawi,train,259,102,90,8.0,,0.08888888888888889
fN0sbRwP.png,lampung,train,107,31,31,2.8284271247461903,-2.0,0.09123958466923195
CkxgOrzC.png,bali,train,1407,59,59,4.0,0.0,0.06779661016949153
2QJgfFSK.png,sunda,train,41,40,29,4.0,,0.13793103448275862
e7lxgzEX.png,lontara,train,477,45,45,4.47213595499958,-2.0,0.09938079899999065
tp9qoZRs.png,jawa,train,874,75,75,5.656854249492381,-1.0,0.07542472332656508
NbPLh9RR.png,jawa,train,900,49,49,5.656854249492381,0.0,0.11544600509168124
fChr7anR.png,bali,train,690,63,63,2.8284271247461903,-1.0,0.044895668646764926
eYLW9c4b.png,jawi,train,212,43,30,2.0,0.0,0.06666666666666667
XbEHmHlv.png,pegon,train,95,89,89,4.0,,0.0449438202247191
4jN9hS8W.png,sunda,train,777,60,56,4.47213595499958,0.0,0.07985957062499249
Wzbtjc6D.png,lontara,train,819,41,41,4.47213595499958,0.0,0.10907648670730682
MPS9kbYk.png,bali,train,1443,64,62,4.0,0.0,0.06451612903225806
0P0G9kXl.png,sunda,train,113,38,27,4.0,,0.14814814814814814
6xp7t7dv.png,lampung,train,144,36,34,2.8284271247461903,4.0,0.0831890330807703
VNgFlTGn.png,sunda,train,806,46,37,4.0,0.0,0.10810810810810811
McbzBlOe.png,jawi,train,553,56,49,4.0,-1.0,0.08163265306122448
3v4NqUc3.png,bali,train,759,55,55,4.0,0.0,0.07272727272727272
aqLVKvZq.png,lampung,train,152,72,71,4.0,,0.056338028169014086
CfHqeTls.png,jawi,train,271,73,73,6.0,1.0,0.0821917808219178
jIilztY5.jpg,bali,train,260,146,146,2.0,,0.0136986301369863
pS22M8WI.png,jawa,train,923,80,80,4.47213595499958,0.0,0.05590169943749475
bujx5toW.png,lontara,train,936,47,47,5.656854249492381,0.0,0.12035860105302937
g3tAkhyr.png,lampung,train,128,42,40,2.0,0.0,0.05
YUFuRAx6.png,sunda,train,1123,62,62,4.0,0.0,0.06451612903225806
h3exH7tZ.png,lampung,train,148,81,74,2.8284271247461903,,0.03822198817224581
CgDIIDUS.png,lontara,train,875,55,55,2.0,-2.0,0.03636363636363636
JBoPkgax.png,jawa,train,670,81,81,2.0,0.0,0.024691358024691357
k90N8S4u.png,jawa,train,363,67,67,2.0,0.0,0.029850746268656716
5ghxWNyR.jpg,jawa,train,585,329,329,4.0,,0.0121580547112462
9tdOj7fa.png,lontara,train,182,42,39,4.47213595499958,-1.0,0.11467015269229691
HhhrLbSz.png,bali,train,1408,67,67,4.0,0.0,0.05970149253731343
zAnFtNxA.png,jawa,train,913,73,73,4.0,0.0,0.0547945205479452
N8fx0ckv.png,sunda,train,832,68,55,4.0,1.0,0.07272727272727272
UmCki9z3.png,bali,train,133,76,50,4.0,,0.08
GOkjzosa.png,jawa,train,667,73,73,2.0,0.0,0.0273972602739726
IDpHW9DT.png,pegon,train,185,178,178,2.8284271247461903,,0.01589004002666399
oLaVz1RZ.png,sunda,train,149,42,29,4.0,0.0,0.13793103448275862
F6VAx3lT.png,jawi,train,271,61,61,4.47213595499958,-2.0,0.07331370418032097
ZUT2PB1L.png,jawi,train,937,64,51,4.47213595499958,0.0,0.08768894029410941
4ocQNYId.png,lampung,train,139,36,32,2.8284271247461903,-2.0,0.08838834764831845
2fhz1UCI.png,jawi,train,812,82,82,6.324555320336759,0.0,0.07712872341874097
2Yex6aA9.png,lampung,train,261,80,80,4.0,-4.0,0.05
cCmV6Lgk.png,lampung,train,139,36,32,2.8284271247461903,-3.0,0.08838834764831845
sqBZ8Hk7.png,bali,train,1380,69,69,4.0,-1.0,0.057971014492753624
dT68gWIu.png,jawi,train,31,33,27,4.0,,0.14814814814814814
9CLHUxKU.png,jawa,train,968,73,68,4.0,0.0,0.058823529411764705
Mze89h6X.png,lontara,train,932,50,50,5.656854249492381,0.0,0.1131370849898476
6NGSKGLk.png,lampung,train,188,76,74,4.0,,0.05405405405405406
sb2Ps29j.png,bali,train,885,64,63,4.0,0.0,0.06349206349206349
jXAPE9Eo.png,jawa,train,724,59,59,4.47213595499958,-1.0,0.0757989144915183
a2VxfwzN.png,jawi,train,807,78,78,8.48528137423857,0.0,0.10878565864408422
0qtTI1jU.png,jawa,train,775,48,48,4.0,0.0,0.08333333333333333
O9SD6pqN.png,lampung,train,152,36,34,2.8284271247461903,2.0,0.0831890330807703
XxZwwo8P.png,bali,train,1418,79,79,4.0,0.0,0.05063291139240506
3x3FnwZF.png,jawa,train,930,103,101,4.47213595499958,-1.0,0.044278573811877026
oHI7dYTY.png,jawi,train,81,48,45,4.47213595499958,,0.09938079899999065
BiHHi4at.png,sunda,train,85,39,30,4.0,,0.13333333333333333
4DqqHcE9.png,pegon,train,103,90,58,4.0,,0.06896551724137931
5JCZ9Xd0.png,jawi,train,372,76,76,6.0,0.0,0.07894736842105263
7A85hO7m.png,lontara,train,210,30,27,5.656854249492381,-1.0,0.20951312035156966
3VNuE1ij.png,sunda,train,117,56,48,4.47213595499958,,0.09316949906249124
JzKDVyzr.png,sunda,train,73,55,33,4.0,,0.12121212121212122
A4F6q5kO.png,sunda,train,125,50,37,4.0,,0.10810810810810811
2xWIPu4c.png,jawi,train,51,44,26,4.0,,0.15384615384615385
ht8WgAl0.png,lampung,train,373,84,72,4.0,-3.0,0.05555555555555555
bJgQiB3q.png,sunda,train,175,62,52,4.0,,0.07692307692307693
XbNnHsqT.png,bali,train,373,87,80,2.8284271247461903,0.0,0.035355339059327376
HSPlRvu6.jpg,lontara,train,355,259,258,2.0,,0.007751937984496124
yCjpXHMD.png,jawi,train,800,68,68,8.0,0.0,0.11764705882352941
beQ9FGMV.png,pegon,train,145,146,146,4.0,,0.0273972602739726
3ZsXk0D6.png,jawi,train,500,65,65,4.47213595499958,0.0,0.06880209161537815
kuKMn0V1.png,jawi,train,886,40,32,4.0,1.0,0.125
sXD64T1B.png,lampung,train,130,60,57,2.8284271247461903,,0.049621528504319126
i7V6mkQt.png,sunda,train,801,50,36,4.0,0.0,0.1111111111111111
GHfdMfJf.png,jawa,train,373,66,66,4.0,-1.0,0.06060606060606061
9bd0M7ij.png,pegon,train,127,122,122,2.8284271247461903,,0.023183828891362217
RCCBwFOz.png,jawi,train,457,57,57,5.82842712474619,-1.0,0.10225310745168754
Ymh2tbFw.png,bali,train,864,864,436,16.492422502470642,,0.037826657115758354
c7r3oRsw.png,lontara,train,1001,43,43,4.0,0.0,0.09302325581395349
wy19yn7P.png,bali,train,1368,63,60,2.8284271247461903,0.0,0.047140452079103175
omJSP26e.png,jawi,train,328,42,39,4.0,0.0,0.10256410256410256
iuBUw6Z0.png,jawi,train,891,47,47,4.0,1.0,0.0851063829787234
hephL39u.png,sunda,train,72,54,47,4.47213595499958,,0.0951518288297783
yG4PsbvZ.png,bali,train,1379,56,56,4.0,0.0,0.07142857142857142
3E6RGIb9.png,lampung,train,96,31,23,4.0,3.0,0.17391304347826086
yv7y2Uyf.png,pegon,train,156,155,155,4.0,,0.025806451612903226
oJe8JySY.png,bali,train,1416,84,81,2.8284271247461903,0.0,0.034918853391928274
MGaJkGc8.png,lontara,train,271,37,30,5.656854249492381,0.0,0.1885618083164127
nmN9SKz7.png,sunda,train,757,93,71,5.656854249492381,-1.0,0.07967400351397719
jHj3sS9r.png,jawa,train,412,57,54,4.0,0.0,0.07407407407407407
Uvojcyqv.png,sunda,train,802,45,40,4.0,0.0,0.1
zDUC5EK7.png,sunda,train,426,50,36,4.0,0.0,0.1111111111111111
VCA0rqrB.png,pegon,train,151,126,126,2.8284271247461903,,0.022447834323382463
auKXQuSg.png,sunda,train,760,90,57,5.656854249492381,-1.0,0.09924305700863825
Z8VqzwQC.png,bali,train,116,63,48,2.0,,0.041666666666666664
A9bGt749.png,sunda,train,63,54,44,4.47213595499958,,0.10163945352271772
VbnNzoYT.png,jawa,train,662,65,65,2.0,0.0,0.03076923076923077
ixZuvAcb.png,lontara,train,938,50,50,5.656854249492381,0.0,0.1131370849898476
7aDRp8vj.jpg,jawa,train,480,675,644,2.8284271247461903,,0.004391967585009612
XPzLX5cB.png,jawi,train,795,79,79,7.211102550927978,0.0,0.0912797791256706
aoyEVfoQ.png,jawa,train,966,83,80,4.47213595499958,0.0,0.05590169943749475
lXOU7ZRb.png,jawi,train,110,79,77,4.0,,0.05194805194805195
QSAznllM.png,pegon,train,104,84,84,2.8284271247461903,,0.033671751485073696
3dRlOZwL.png,pegon,train,123,124,124,4.0,,0.03225806451612903
O8DUo3Q0.png,pegon,train,127,96,94,5.656854249492381,,0.060179300526514684
khZ1OaBE.png,sunda,train,181,162,152,2.0,,0.013157894736842105
IIjZGtAH.png,jawa,train,896,79,78,4.47213595499958,-1.0,0.057335076346148456
kc1azKPu.png,bali,train,1552,68,68,4.0,-1.0,0.058823529411764705
toRzpmzN.png,lontara,train,754,54,54,4.47213595499958,-2.0,0.08281733249999222
1JcDslfr.png,jawi,train,541,44,32,4.0,1.0,0.125
gYf9v3FU.png,jawi,train,535,61,49,4.0,0.0,0.08163265306122448
8sJ8xcoT.png,lampung,train,137,31,28,2.8284271247461903,0.0,0.10101525445522108
zL9Uvixs.png,sunda,train,77,54,39,4.47213595499958,,0.11467015269229691
uuK4oQAM.png,jawi,train,197,56,56,4.0,0.0,0.07142857142857142
2H0tXNTD.png,jawa,train,887,69,65,4.47213595499958,-1.0,0.06880209161537815
WWCrZrGd.jpg,bali,train,1200,800,800,2.8284271247461903,,0.0035355339059327377
oLu3aUf1.png,lampung,train,144,36,30,4.0,-2.0,0.13333333333333333
gffa5wIo.png,pegon,train,172,161,161,4.0,,0.024844720496894408
V4j3pTVL.png,bali,train,1416,66,66,2.8284271247461903,-1.0,0.04285495643554834
EAumamZe.jpg,jawi,train,1024,683,678,4.0,,0.0058997050147492625
Qf2P4kf8.png,lontara,train,1160,676,367,44.40720662234904,,0.12100056300367584
9OCyzKMd.png,jawi,train,24,23,13,4.0,,0.3076923076923077
guc21whT.png,jawi,train,335,70,66,4.47213595499958,0.0,0.06775963568181181
WNbjDQsY.png,lontara,train,354,40,39,4.47213595499958,-2.0,0.11467015269229691
WQnwcXli.png,sunda,train,165,56,37,4.47213595499958,,0.12086853932431296
tSvmHzgw.png,pegon,train,172,145,145,4.47213595499958,,0.030842316931031583
dsKJVHpv.png,sunda,train,338,44,40,4.0,0.0,0.1
l3m9mDnW.png,lampung,train,269,75,69,4.47213595499958,-3.0,0.0648135645652113
r9G0LEC3.png,jawi,train,65,51,43,6.0,,0.13953488372093023
6hlKj9E8.png,jawi,train,669,46,39,4.0,1.0,0.10256410256410256
r8q94hOZ.png,sunda,train,683,74,58,4.47213595499958,0.0,0.07710579232757896
FyGyCJuF.png,sunda,train,272,44,39,4.0,0.0,0.10256410256410256
YRWrng7x.png,jawi,train,396,57,57,5.656854249492381,1.0,0.09924305700863825
jB3qCu2R.png,lampung,train,135,31,29,2.8284271247461903,0.0,0.09753196981883415
Q6izBwPY.png,jawi,train,286,51,31,2.0,0.0,0.06451612903225806
meHehKb8.png,bali,train,1379,66,62,4.0,0.0,0.06451612903225806
M0CnZ2cz.png,bali,train,1403,49,49,2.8284271247461903,0.0,0.05772300254584062
rCyplLeH.png,lampung,train,887,55,45,4.0,0.0,0.08888888888888889
hj9MdB5L.png,sunda,train,314,44,31,4.0,0.0,0.12903225806451613
Kz7831AM.png,jawa,train,662,57,57,2.0,0.0,0.03508771929824561
LckMmuIr.png,sunda,train,135,50,37,4.0,,0.10810810810810811
iv1jiudl.png,bali,train,212,83,83,2.0,,0.024096385542168676
p3Fi7ikK.png,sunda,train,794,79,78,4.47213595499958,0.0,0.057335076346148456
k0wsl0ON.png,jawi,train,798,80,80,6.324555320336759,0.0,0.07905694150420949
JDSTsd9m.png,jawi,train,366,58,58,6.0,-1.0,0.10344827586206896
cj8ZpPgo.png,bali,train,1412,56,56,2.8284271247461903,0.0,0.05050762722761054
LLcdarUM.png,sunda,train,812,49,42,4.0,0.0,0.09523809523809523
vg1mNlvD.png,sunda,train,553,48,36,4.0,0.0,0.1111111111111111
3zdl9RbT.png,jawi,train,36,36,25,4.0,,0.16
2Qb6JinM.png,sunda,train,76,54,31,4.47213595499958,,0.14426245016127676
sWuB86xZ.png,bali,train,1406,59,59,4.0,-1.0,0.06779661016949153
QNEvz4dm.jpg,pegon,train,820,457,338,2.8284271247461903,,0.00836812758800648
ErsHzyfq.png,jawi,train,382,91,91,6.0,0.0,0.06593406593406594
4RJXJvVO.png,jawa,train,817,58,56,4.47213595499958,0.0,0.07985957062499249
THKiuW6M.png,jawa,train,413,65,65,4.0,-1.0,0.06153846153846154
DN9PXJsK.png,jawa,train,952,111,111,4.47213595499958,-1.0,0.04028951310810432
wiQM3IqJ.png,jawi,train,83,48,42,6.0,,0.14285714285714285
f5Rqnzh1.png,sunda,train,130,37,32,4.0,0.0,0.125
x96FUfNK.jpg,lampung,train,225,225,168,2.0,,0.011904761904761904
lINChAs2.png,bali,train,1502,60,60,2.8284271247461903,0.0,0.047140452079103175
RIQh8NON.png,lontara,train,958,68,61,6.0,0.0,0.09836065573770492
W180Qta2.png,lontara,train,941,57,56,5.656854249492381,0.0,0.10101525445522108
0Db15pA8.png,jawi,train,34,35,27,4.0,,0.14814814814814814
ElsqQbhZ.png,sunda,train,823,76,57,4.0,-1.0,0.07017543859649122
Bq9WTgx7.png,pegon,train,861,64,64,4.0,0.0,0.0625
a7rT8TDi.jpg,jawa,train,300,194,194,2.0,,0.010309278350515464
pYL28KSV.png,jawa,train,958,86,81,4.47213595499958,0.0,0.05521155499999481
nVOjkbo9.png,jawa,train,921,72,72,2.0,0.0,0.027777777777777776
XKPPCuZU.png,jawa,train,557,81,81,4.47213595499958,-1.0,0.05521155499999481
b50JE2et.png,jawa,train,259,65,65,4.0,0.0,0.06153846153846154
W8rL1ivl.png,jawa,train,998,102,102,4.47213595499958,-1.0,0.043844470147054705
196j1AA5.png,lampung,train,139,42,42,4.0,0.0,0.09523809523809523
6TFhEP5x.png,sunda,train,171,44,27,4.0,0.0,0.14814814814814814
6gS3NXIS.png,sunda,train,729,65,60,4.0,-1.0,0.06666666666666667
iwyxuPoR.png,lontara,train,947,54,48,5.656854249492381,0.0,0.11785113019775793
NRxim99z.png,lampung,train,132,37,32,2.8284271247461903,0.0,0.08838834764831845
EZBg9JJx.png,jawa,train,568,74,74,4.0,0.0,0.05405405405405406
F8Plyiva.png,pegon,train,134,134,134,4.0,,0.029850746268656716
gENQiblp.png,sunda,train,40,36,24,4.0,,0.16666666666666666
YV3foCub.png,lampung,train,149,37,28,2.8284271247461903,2.0,0.10101525445522108
lkZUfCn0.jpg,jawa,train,954,397,372,4.47213595499958,,0.012021870846773064
POApg2ai.png,sunda,train,640,404,388,4.47213595499958,,0.011526123595359742
zOMPhDUE.jpg,lampung,train,2192,1231,1231,10.0,,0.008123476848090982
7ejFm824.png,sunda,train,77,40,26,4.0,,0.15384615384615385
Ms67SfCP.png,jawi,train,82,68,55,6.0,,0.10909090909090909
NYJMq1wS.png,jawa,train,591,73,73,2.0,0.0,0.0273972602739726
03F12zNN.png,bali,train,648,61,61,2.8284271247461903,-1.0,0.046367657782724434
EZ9bE0CW.png,pegon,train,158,133,133,4.0,,0.03007518796992481
f2Lu2HQI.png,pegon,train,929,87,87,4.0,1.0,0.04597701149425287
AScgzXu9.png,jawi,train,236,47,43,4.0,0.0,0.09302325581395349
FP3Ie4ST.png,lampung,train,322,87,87,4.0,-4.0,0.04597701149425287
WCHCFDE6.jpg,jawi,train,1024,766,764,2.0,,0.002617801047120419
3yNFUOhf.png,sunda,train,418,74,66,4.47213595499958,0.0,0.06775963568181181
Obz43fp1.png,lampung,train,100,42,40,2.8284271247461903,,0.07071067811865475
Np5YnHQS.png,bali,train,1399,56,56,2.8284271247461903,0.0,0.05050762722761054
pRc0lF7M.png,bali,train,243,77,67,4.0,0.0,0.05970149253731343
2ZTZ8Ikx.png,jawi,train,886,82,76,4.0,0.0,0.05263157894736842
XftNiUZ4.png,lampung,train,156,31,27,2.8284271247461903,-1.0,0.10475656017578483
YjPqaDjJ.png,jawi,train,811,85,85,8.0,0.0,0.09411764705882353
u943bcWl.png,pegon,train,844,67,67,4.0,1.0,0.05970149253731343
bOIpF8oq.png,jawa,train,655,85,85,2.0,0.0,0.023529411764705882
hUK8nuQB.png,jawi,train,808,81,81,7.211102550927978,0.0,0.08902595741886393
GVDAedZc.png,jawa,train,821,87,87,2.8284271247461903,-2.0,0.03251065660627805
zgOgt2be.png,pegon,train,135,119,119,2.8284271247461903,,0.023768295165934372
eHgVQniK.png,lampung,train,250,86,83,2.8284271247461903,,0.034077435237905906
FoQP5iHt.png,jawi,train,408,58,58,4.47213595499958,0.0,0.07710579232757896
QY7k8HPn.png,jawa,train,456,79,76,4.47213595499958,0.0,0.05884389414473131
LvlGhuyB.png,lontara,train,940,57,57,5.656854249492381,-1.0,0.09924305700863825
46hBzRHT.png,sunda,train,797,79,79,4.47213595499958,0.0,0.05660931588607063
e4hQQYNO.png,lontara,train,947,49,49,5.656854249492381,0.0,0.11544600509168124
ero1Ey5b.png,jawi,train,894,55,55,4.0,1.0,0.07272727272727272
zWbJCxFk.png,jawa,train,705,65,65,2.0,0.0,0.03076923076923077
OGOrvNES.png,sunda,train,824,69,60,4.0,-1.0,0.06666666666666667
kvcemRRT.png,lampung,train,275,40,35,4.0,0.0,0.11428571428571428
85jolbs7.png,sunda,train,804,48,37,4.0,0.0,0.10810810810810811
UMp0acRh.png,sunda,train,787,70,60,4.47213595499958,0.0,0.07453559924999299
ZMBv01UD.png,pegon,train,818,92,92,4.0,0.0,0.043478260869565216
Ri3Z5pPu.png,jawi,train,811,88,88,7.211102550927978,0.0,0.08194434716963611
aaGL9ufc.jpg,sunda,train,650,488,437,4.0,,0.009153318077803204
AhAzofzP.png,sunda,train,52,42,33,4.0,,0.12121212121212122
G3r5EbvY.png,bali,train,1368,66,66,4.0,-1.0,0.06060606060606061
FxsyuSxE.png,jawa,train,782,74,71,4.0,-1.0,0.056338028169014086
cHhCbyyZ.png,bali,train,1406,61,61,4.0,0.0,0.06557377049180328
T4JLatBz.png,jawa,train,855,74,74,4.0,-1.0,0.05405405405405406
YYjuRWFX.png,jawi,train,87,45,38,6.0,,0.15789473684210525
VyEA0m9Y.png,sunda,train,798,41,36,4.0,0.0,0.1111111111111111
1XIObnAS.png,lampung,train,94,36,34,2.8284271247461903,,0.0831890330807703
9HXjsPfe.png,lampung,train,92,42,42,2.8284271247461903,,0.06734350297014739
DX7h97mZ.png,jawi,train,789,96,96,6.0,0.0,0.0625
8LjNxpMR.png,jawa,train,125,106,90,4.47213595499958,,0.049690399499995326
3sagdqe0.png,lontara,train,941,49,48,5.656854249492381,0.0,0.11785113019775793
IeiK43RB.png,sunda,train,244,42,28,4.0,0.0,0.14285714285714285
3baaEuYZ.png,jawa,train,900,76,76,4.47213595499958,-1.0,0.05884389414473131
RWteoUZc.png,sunda,train,162,144,144,4.0,,0.027777777777777776
sF5OwWUB.png,jawi,train,358,69,69,2.0,0.0,0.028985507246376812
dJmigvE4.png,sunda,train,64,35,20,4.0,,0.2
USvUNK13.png,pegon,train,105,87,67,8.94427190999916,,0.13349659567162925
GMGUEqmg.png,lampung,train,567,43,35,2.8284271247461903,0.0,0.08081220356417687
fKVrUNNF.png,lontara,train,845,41,41,4.47213595499958,0.0,0.10907648670730682
esLndHHd.png,sunda,train,160,146,132,2.0,,0.015151515151515152
4NrSuMzE.png,sunda,train,37,38,31,4.0,,0.12903225806451613
Fzt8fiIZ.png,jawa,train,694,77,73,4.0,-1.0,0.0547945205479452
Wfsqr4mk.png,jawi,train,327,69,69,5.656854249492381,2.0,0.08198339492017943
LP4N8hta.png,pegon,train,93,83,83,4.0,,0.04819277108433735
MVm287Er.png,lampung,train,358,74,72,4.47213595499958,0.0,0.06211299937499416
1hjGIOew.png,sunda,train,229,43,34,4.0,0.0,0.11764705882352941
Wj6Cwahq.png,pegon,train,175,151,148,4.0,,0.02702702702702703
s2qyhZk1.png,sunda,train,124,56,52,4.0,,0.07692307692307693
gUYt9U06.png,lontara,train,867,57,57,4.47213595499958,0.0,0.07845852552630841
dW42Xqc0.png,lampung,train,147,43,42,4.0,0.0,0.09523809523809523
y0uFaJnx.png,jawa,train,1200,1200,892,2.8284271247461903,,0.003170882426845505
sfQ5NoIs.png,sunda,train,102,46,39,4.0,,0.10256410256410256
AQWqoAqN.png,jawi,train,166,79,79,5.82842712474619,,0.07377755854109101
RS7IohRL.png,pegon,train,120,100,95,4.0,,0.042105263157894736
8VHrTv1N.png,jawi,train,28,36,23,4.0,,0.17391304347826086
zngeIoPx.png,sunda,train,704,49,38,4.0,0.0,0.10526315789473684
a6e261ou.png,lampung,train,108,38,34,2.8284271247461903,,0.0831890330807703
FCyW5YHL.png,bali,train,1045,66,66,2.8284271247461903,-1.0,0.04285495643554834
f18wyMjo.png,lampung,train,137,42,33,4.0,-2.0,0.12121212121212122
UQYBS2kZ.png,lontara,train,783,48,48,4.47213595499958,0.0,0.09316949906249124
uFdt7bB5.png,sunda,train,154,44,35,4.0,0.0,0.11428571428571428
loFIcWQV.png,pegon,train,173,154,154,2.8284271247461903,,0.018366409900949288
D2qKAOzK.png,jawi,train,948,64,64,4.0,0.0,0.0625
t0lEZa9v.png,jawa,train,683,76,74,4.47213595499958,-1.0,0.06043426966215648
mg4sR2J0.png,jawa,train,103,92,58,6.0,,0.10344827586206896
uCao3z9Y.png,sunda,train,269,44,42,4.0,0.0,0.09523809523809523
8tLVMECM.png,jawa,train,285,61,60,4.47213595499958,-1.0,0.07453559924999299
oC1rLK6d.png,jawi,train,188,48,31,2.0,0.0,0.06451612903225806
VCEnvgza.png,sunda,train,783,69,61,5.656854249492381,0.0,0.09273531556544887
fm6QbtDG.png,lampung,train,207,87,83,4.0,,0.04819277108433735
TKOqx3OX.png,sunda,train,247,39,34,4.0,0.0,0.11764705882352941
2gTsOdSh.png,sunda,train,801,48,45,4.0,0.0,0.08888888888888889
zgJkvBv7.png,pegon,train,92,70,70,2.8284271247461903,,0.040406101782088436
vdWnn8ZJ.png,jawi,train,796,72,72,7.211102550927978,0.0,0.10015420209622192
pavbfL0r.png,jawi,train,951,74,65,4.0,0.0,0.06153846153846154
hf1aJZJs.jpg,jawa,train,1080,589,589,4.0,,0.006791171477079796
CPtzWwNZ.png,jawi,train,790,80,80,7.211102550927978,0.0,0.09013878188659973
6IghgWhb.png,lontara,train,941,52,51,5.656854249492381,0.0,0.1109187107743604
4gl98FhL.png,jawi,train,28,37,25,4.0,,0.16
Ea5I44NA.png,lampung,train,120,38,32,2.8284271247461903,-5.0,0.08838834764831845
6c2wMIy0.png,pegon,train,141,126,126,4.0,,0.031746031746031744
QWiHIKJs.png,jawa,train,491,92,92,2.0,0.0,0.021739130434782608
CTntcO6z.png,jawi,train,223,52,24,2.0,0.0,0.08333333333333333
2mZNt0AT.png,sunda,train,111,56,42,4.0,,0.09523809523809523
SXGvYSTO.png,jawi,train,94,45,40,5.656854249492381,,0.1414213562373095
RhkbnXZR.png,sunda,train,366,44,39,4.0,0.0,0.10256410256410256
gvNd0ddj.png,pegon,train,218,168,167,4.0,,0.023952095808383235
TCYatNAu.png,bali,train,1423,56,56,2.8284271247461903,0.0,0.05050762722761054
BnmVML2h.png,lontara,train,925,37,37,4.0,0.0,0.10810810810810811
QehIfWtf.png,lampung,train,228,97,89,4.47213595499958,,0.050248718595500896
d0wapM8f.png,jawa,train,989,65,64,4.47213595499958,0.0,0.06987712429686843
tIMDAYJQ.png,jawi,train,803,69,69,6.0,0.0,0.08695652173913043
qDZDUV0V.png,lampung,train,142,36,29,4.0,0.0,0.13793103448275862
TsobLvSj.png,jawi,train,392,46,42,4.0,0.0,0.09523809523809523
O9n4Vr4G.png,lampung,train,579,50,36,4.0,0.0,0.1111111111111111
UUwcG7MN.png,jawi,train,800,76,76,6.0,0.0,0.07894736842105263
stMRsrmu.png,pegon,train,64,61,61,4.0,,0.06557377049180328
aQDYMxch.png,lampung,train,146,40,32,4.0,-3.0,0.125
lUuAU6E8.jpg,jawi,train,830,468,468,4.0,,0.008547008547008548
smfsvzjh.png,sunda,train,452,67,55,4.47213595499958,0.0,0.08131156281817417
EJ2jp2WA.png,jawi,train,669,47,45,4.0,0.0,0.08888888888888889
m4aWwQum.png,jawi,train,37,53,36,4.0,,0.1111111111111111
DMYZiqvP.png,jawa,train,89,83,59,4.47213595499958,,0.0757989144915183
AAXxBY3x.png,jawa,train,628,64,64,4.0,0.0,0.0625
ZGSeetyF.png,sunda,train,805,42,39,4.0,0.0,0.10256410256410256
etjBsDqV.png,lampung,train,119,47,47,4.0,,0.0851063829787234
7iG2FGRP.png,lontara,train,938,58,58,5.656854249492381,-1.0,0.09753196981883415
A0JgV59j.png,bali,train,160,72,51,2.8284271247461903,,0.0554593553871802
OhAgSpZ6.png,jawa,train,902,56,56,4.47213595499958,0.0,0.07985957062499249
bq4MPug2.png,lampung,train,97,44,40,4.0,,0.1
CaH8XW8B.png,sunda,train,984,62,62,4.0,0.0,0.06451612903225806
hNpRq8k6.png,pegon,train,141,113,113,2.8284271247461903,,0.025030328537576904
FMtlSA5W.png,sunda,train,692,73,60,5.656854249492381,0.0,0.09428090415820635
m7yJoJHw.png,jawi,train,507,53,53,4.0,0.0,0.07547169811320754
wrPDipzT.png,sunda,train,757,78,53,5.656854249492381,0.0,0.10673309904702605
IgOoNAh0.png,pegon,train,165,143,143,2.8284271247461903,,0.019779210662560772
3SjKAK2h.png,jawi,train,83,47,39,4.47213595499958,,0.11467015269229691
Dv27HR1n.png,jawa,train,942,76,76,4.47213595499958,-1.0,0.05884389414473131
TrWpjvQx.png,pegon,train,369,80,80,8.0,-2.0,0.1
0airNd0l.png,bali,train,43,49,25,4.0,,0.16
bz7BRW71.png,jawa,train,756,71,70,4.0,-1.0,0.05714285714285714
3vAPDAjq.png,jawa,train,882,72,67,6.0,0.0,0.08955223880597014
GptK00yn.png,lampung,train,139,42,37,2.0,0.0,0.05405405405405406
lBskvje3.png,lontara,train,949,56,55,6.0,0.0,0.10909090909090909
sbs2aKLm.png,jawa,train,830,78,78,4.47213595499958,0.0,0.057335076346148456
jZjvp5bJ.png,bali,train,116,64,48,4.0,,0.08333333333333333
rYQuuaBs.png,sunda,train,153,49,34,4.0,-1.0,0.11764705882352941
vt3NspUc.png,jawi,train,808,85,85,8.0,0.0,0.09411764705882353
hRKdeXBd.png,lontara,train,780,48,48,4.47213595499958,-1.0,0.09316949906249124
1O6J9TlD.png,jawa,train,879,83,83,4.47213595499958,-1.0,0.053881156084332284
FWY70fUU.png,jawa,train,127,120,96,2.0,,0.020833333333333332
I0e6a2ip.png,jawi,train,284,64,63,4.0,0.0,0.06349206349206349
EaIfAc28.png,jawi,train,210,51,31,2.0,0.0,0.06451612903225806
DEK5XpBn.png,bali,train,201,84,78,4.0,,0.05128205128205128
zolG0Cqm.png,sunda,train,788,74,55,4.47213595499958,0.0,0.08131156281817417
VlGmgACZ.png,jawa,train,623,83,83,2.0,0.0,0.024096385542168676
kxRPrcuN.png,jawi,train,811,81,81,8.0,0.0,0.09876543209876543
CF3vUWBh.png,jawa,train,850,79,79,4.0,-2.0,0.05063291139240506
ufoKDtK9.png,jawi,train,452,77,57,4.0,0.0,0.07017543859649122
8E5t9hUP.png,bali,train,1413,49,49,4.0,0.0,0.08163265306122448
FSrLvwHc.png,lontara,train,947,55,55,5.656854249492381,-1.0,0.102851895445316
jBP46hUM.png,sunda,train,794,43,37,4.0,0.0,0.10810810810810811
IAjPl3Z2.png,pegon,train,115,110,108,4.0,,0.037037037037037035
dm221kD5.png,pegon,train,814,83,83,4.0,0.0,0.04819277108433735
nco16Cns.png,lampung,train,183,89,82,2.0,,0.024390243902439025
SnU6PDVr.png,jawi,train,827,75,75,8.0,0.0,0.10666666666666667
2Y5T9VU4.png,jawi,train,499,77,77,4.0,-1.0,0.05194805194805195
4a7LqZm5.png,jawa,train,673,94,94,4.47213595499958,-1.0,0.04757591441488915
DRw26AJA.png,jawa,train,995,88,77,4.47213595499958,-1.0,0.058079687727267265
ck3xe1MM.png,pegon,train,861,57,57,4.0,0.0,0.07017543859649122
f72rqGSS.png,pegon,train,152,138,138,4.0,,0.028985507246376812
Sw1X3uZv.png,bali,train,1399,54,54,4.0,0.0,0.07407407407407407
aqdlDndw.png,jawi,train,853,83,70,4.0,-1.0,0.05714285714285714
lfEgNa4m.png,bali,train,1366,64,64,4.0,-1.0,0.0625
Ip328akQ.png,sunda,train,820,65,49,4.0,-1.0,0.08163265306122448
0AGadw2m.png,sunda,train,67,39,27,4.0,,0.14814814814814814
udlQZFmz.png,jawi,train,485,73,73,4.0,-1.0,0.0547945205479452
ZsV44R7s.png,jawi,train,29,32,17,4.0,,0.23529411764705882
kzNIHUxe.png,lontara,train,470,54,54,5.656854249492381,-1.0,0.10475656017578483
doFi24BP.png,sunda,train,66,60,41,5.656854249492381,,0.13797205486566783
NFfETdXV.png,lampung,train,456,42,39,4.0,0.0,0.10256410256410256
pkPH1QQI.png,lampung,train,232,77,66,2.0,-4.0,0.030303030303030304
FUOIUHTI.png,sunda,train,181,44,35,4.0,0.0,0.11428571428571428
iLifF5nI.png,sunda,train,787,79,67,4.47213595499958,0.0,0.06674829783581462
lVH3rpy1.png,pegon,train,834,61,61,4.47213595499958,0.0,0.07331370418032097
1cvkQnDZ.png,jawa,train,576,65,65,4.0,0.0,0.06153846153846154
PVvyk4eR.png,lontara,train,878,44,44,4.0,-1.0,0.09090909090909091
8EipKWmG.png,sunda,train,812,52,36,4.0,0.0,0.1111111111111111
cBQqTwIg.png,lampung,train,118,38,38,4.0,-2.0,0.10526315789473684
0KafHdnc.png,pegon,train,75,74,73,4.0,,0.0547945205479452
bhb95vJc.png,sunda,train,55,56,30,5.82842712474619,,0.19428090415820634
Txa49y4L.png,pegon,train,130,128,124,4.0,,0.03225806451612903
vFUZvRYM.png,bali,train,1416,66,66,4.0,-1.0,0.06060606060606061
1rFY5ymX.png,sunda,train,1123,62,62,4.0,-1.0,0.06451612903225806
VIccv3aL.png,sunda,train,40,35,24,4.0,,0.16666666666666666
GOpyxAwP.png,jawa,train,423,57,57,4.0,0.0,0.07017543859649122
iXb9ohb3.png,jawi,train,690,88,88,5.656854249492381,1.0,0.0642824346533225
tsihOkEn.png,pegon,train,215,153,153,4.0,,0.026143790849673203
w9SMKTlv.png,lontara,train,868,57,57,4.47213595499958,0.0,0.07845852552630841
DibLUM0s.png,jawi,train,823,84,84,7.211102550927978,0.0,0.08584645893961879
PS2ncm3Z.png,jawa,train,649,95,95,2.0,0.0,0.021052631578947368
0nLTwBWz.png,jawa,train,668,59,59,2.0,0.0,0.03389830508474576
jKUrpvpy.png,bali,train,299,61,47,2.8284271247461903,0.0,0.060179300526514684
HNzqImsA.png,jawa,train,794,59,59,4.0,0.0,0.06779661016949153
R3jjnZkx.png,jawi,train,14,19,19,5.82842712474619,,0.30675932235506265
W0b6uSzZ.jpg,jawa,train,800,800,798,2.8284271247461903,,0.003544394893165652
EOoEfT8V.png,jawa,train,882,69,69,4.47213595499958,0.0,0.0648135645652113
hEJLNuKg.png,jawa,train,820,69,69,4.47213595499958,-1.0,0.0648135645652113
fC1kacWM.png,lampung,train,148,31,31,4.0,-1.0,0.12903225806451613
81UQojTS.png,lampung,train,315,73,70,4.0,-1.0,0.05714285714285714
N51AJir3.png,bali,train,1412,63,63,4.0,0.0,0.06349206349206349
KOjxlbon.png,jawi,train,816,80,80,7.211102550927978,0.0,0.09013878188659973
slg7fj6Y.jpg,lampung,train,566,472,452,2.0,,0.004424778761061947
PPycIyIT.png,lontara,train,831,59,59,4.47213595499958,-2.0,0.0757989144915183
Axjnt08G.png,jawa,train,932,83,83,2.0,0.0,0.024096385542168676
stfZewkr.png,lampung,train,145,41,32,2.8284271247461903,4.0,0.08838834764831845
FSeTEL4D.jpg,sunda,train,2056,2704,2704,4.0,,0.0014792899408284023
Nn39PzSC.png,jawi,train,41,39,24,4.0,,0.16666666666666666
ucAnae1X.png,sunda,train,777,67,56,5.656854249492381,0.0,0.10101525445522108
tU2GW1lZ.png,jawi,train,591,59,59,4.47213595499958,0.0,0.0757989144915183
Z9D6fGmF.png,jawa,train,259,61,45,4.0,0.0,0.08888888888888889
eWPUNO8n.png,bali,train,106,66,49,2.0,,0.04081632653061224
ksDh5N1j.png,lontara,train,947,59,59,5.656854249492381,0.0,0.09587888558461662
x5ZatseU.png,sunda,train,797,43,38,4.0,0.0,0.10526315789473684
T5Q9z9Eg.jpg,sunda,train,768,1024,779,2.8284271247461903,,0.0036308435490965216
oXWKMEYU.png,jawi,train,803,85,85,6.0,0.0,0.07058823529411765
oy9AjJSq.png,lampung,train,104,41,30,2.8284271247461903,,0.09428090415820635
D8AGWEgm.png,sunda,train,265,46,35,4.0,0.0,0.11428571428571428
sl3SaX97.png,bali,train,91,61,33,2.8284271247461903,,0.08570991287109668
If6abOkY.png,pegon,train,174,152,152,4.47213595499958,,0.029421947072365656
Dkb1nupM.png,sunda,train,44,54,30,6.0,,0.2
ORp7qPE9.png,jawa,train,652,68,68,2.0,0.0,0.029411764705882353
Q3Q4mo2P.png,jawi,train,727,67,67,4.0,0.0,0.05970149253731343
adVu2vI7.png,lampung,train,129,36,27,2.8284271247461903,-2.0,0.10475656017578483
zTzCgmK7.png,lampung,train,115,46,41,2.0,,0.04878048780487805
yMPuiUhj.png,jawi,train,955,87,83,4.47213595499958,-1.0,0.053881156084332284
ZEZPbxDE.png,jawi,train,814,80,80,7.211102550927978,0.0,0.09013878188659973
atWTdS5x.png,bali,train,1559,64,62,2.8284271247461903,0.0,0.04561979233461597
05E6cN2H.jpg,bali,train,696,464,385,2.0,,0.005194805194805195
OhI0pCEf.png,sunda,train,1203,67,67,4.0,0.0,0.05970149253731343
ZTwUaLsN.png,pegon,train,154,119,119,4.0,,0.03361344537815126
jvnmJCg3.png,lontara,train,130,57,36,6.0,,0.16666666666666666
TjWK7AcR.png,jawa,train,130,87,51,6.0,,0.11764705882352941
yH2Pop2c.jpg,jawi,train,2098,1424,1424,2.8284271247461903,,0.001986255003332999
cNXpTJrq.png,jawa,train,427,51,51,2.8284271247461903,1.0,0.0554593553871802
IsN0vy3Z.png,jawa,train,899,88,88,4.47213595499958,-1.0,0.05081972676135886
JANKXYDQ.png,sunda,train,808,46,37,4.0,0.0,0.10810810810810811
EsPJndOK.png,jawi,train,83,49,24,4.0,,0.16666666666666666
y42e51pS.png,lontara,train,933,41,41,7.211102550927978,0.0,0.1758805500226336
urCfCFDH.png,jawi,train,783,67,67,8.0,0.0,0.11940298507462686
pv2y0ifu.png,jawa,train,581,63,63,4.0,-1.0,0.06349206349206349
JvDICrXo.png,jawa,train,127,99,99,2.0,,0.020202020202020204
qZxtXrxJ.png,pegon,train,82,89,49,4.47213595499958,,0.09126808071427714
iXfNUXNk.png,lampung,train,256,106,106,4.0,,0.03773584905660377
6B6gEZsF.png,sunda,train,257,46,37,4.0,0.0,0.10810810810810811
QTLJKRy7.png,lampung,train,134,31,31,4.0,0.0,0.12903225806451613
3g73ErdB.png,jawi,train,61,53,24,4.0,,0.16666666666666666
dAP8AKc7.png,lampung,train,102,42,32,2.8284271247461903,,0.08838834764831845
FmblxCTE.png,jawi,train,380,56,39,2.8284271247461903,0.0,0.0725237724293895
GH30tjqn.png,pegon,train,614,95,95,4.47213595499958,1.0,0.04707511531578505
1tZNineB.png,pegon,train,148,133,133,4.0,,0.03007518796992481
tay5RD5S.png,pegon,train,821,103,103,4.0,0.0,0.038834951456310676
nB3tWRdP.png,jawi,train,151,94,91,2.0,,0.02197802197802198
O72oEUEN.png,jawi,train,23,22,20,6.0,,0.3
nDQ83aBq.png,jawi,train,67,59,25,4.0,,0.16
Pz1v0KGJ.png,sunda,train,131,39,19,4.0,0.0,0.21052631578947367
g5ciNG8q.png,lampung,train,135,38,33,4.0,-4.0,0.12121212121212122
QgbzhutZ.png,jawi,train,948,62,58,4.0,0.0,0.06896551724137931
zqAIhomw.png,jawi,train,68,49,46,6.0,,0.13043478260869565
k7uR3cU2.png,jawi,train,888,76,56,4.0,0.0,0.07142857142857142
HiwcczB3.png,jawa,train,775,64,64,4.0,0.0,0.0625
M4KkJkVF.png,sunda,train,93,60,44,4.0,,0.09090909090909091
c0Qsxy7e.png,jawi,train,843,64,64,7.211102550927978,0.0,0.11267347735824966
pRhmq7IU.png,jawi,train,297,47,31,2.8284271247461903,0.0,0.09123958466923195
MyFb4Qse.png,lontara,train,945,41,41,4.47213595499958,0.0,0.10907648670730682
HWLMS0b9.png,lontara,train,739,37,37,4.47213595499958,-2.0,0.12086853932431296
vYQ2SdCm.png,sunda,train,44,54,29,6.0,,0.20689655172413793
J65ljvGF.png,lontara,train,946,75,75,4.47213595499958,-1.0,0.0596284793999944
w7Mki1j1.png,lontara,train,997,75,75,2.8284271247461903,0.0,0.03771236166328254
shMN5IQx.png,sunda,train,243,42,34,4.0,0.0,0.11764705882352941
ZVhztQB0.png,sunda,train,76,55,33,4.47213595499958,,0.13551927136362363
vhZxIwJZ.png,jawi,train,220,55,55,6.0,1.0,0.10909090909090909
y5o39zul.png,sunda,train,573,73,55,4.0,-1.0,0.07272727272727272
WAymDvWY.png,pegon,train,104,81,81,2.8284271247461903,,0.034918853391928274
P7jsy3Fy.png,jawa,train,936,66,66,4.47213595499958,0.0,0.06775963568181181
5YDbEfBO.png,jawi,train,59,43,37,6.0,,0.16216216216216217
63HJb3od.png,sunda,train,1137,63,63,4.0,0.0,0.06349206349206349
TfRLGd7w.png,lampung,train,106,38,32,2.8284271247461903,,0.08838834764831845
5XhUe18W.png,jawi,train,31,35,30,4.0,,0.13333333333333333
KPamIaBc.png,sunda,train,144,52,45,4.47213595499958,,0.09938079899999065
JO5KeIvE.png,jawa,train,899,78,77,5.656854249492381,-1.0,0.07346563960379715
m3DY4h7N.png,sunda,train,730,77,56,4.0,1.0,0.07142857142857142
w48Fkyxn.png,jawa,train,908,70,70,4.0,0.0,0.05714285714285714
7bPfcRfE.png,jawa,train,890,91,90,4.47213595499958,-1.0,0.049690399499995326
aN1pE3Zk.png,jawi,train,672,62,47,4.47213595499958,0.0,0.0951518288297783
iYOBI8wk.png,lampung,train,280,76,70,4.0,-4.0,0.05714285714285714
uiL6N4Ho.png,jawi,train,788,77,77,7.211102550927978,0.0,0.09365068247958414
MDUe76ah.png,pegon,train,134,108,108,2.8284271247461903,,0.026189140043946207
9rjbkZkh.png,sunda,train,259,42,31,4.0,0.0,0.12903225806451613
lXCQl9TD.png,lontara,train,937,49,49,5.656854249492381,0.0,0.11544600509168124
v4Rz2PgN.png,sunda,train,153,55,47,4.0,,0.0851063829787234
hm392a74.png,sunda,train,757,93,85,5.656854249492381,-1.0,0.06655122646461624
bv4i3Hy5.jpg,lampung,train,387,516,516,2.0,,0.003875968992248062
EFi5au5z.png,sunda,train,715,60,37,4.0,0.0,0.10810810810810811
Ik6fnyVl.png,lampung,train,150,36,33,4.0,-1.0,0.12121212121212122
7INrLHjm.png,jawi,train,32,41,28,4.0,,0.14285714285714285
AG40WrsZ.png,jawi,train,405,65,65,6.0,1.0,0.09230769230769231
lCRJdHht.png,sunda,train,936,67,66,4.0,0.0,0.06060606060606061
6zqpabk5.png,lontara,train,705,49,49,4.47213595499958,-2.0,0.09126808071427714
pbMymOOx.png,jawi,train,838,52,46,4.0,0.0,0.08695652173913043
BXceAgzr.png,jawi,train,690,70,49,4.0,0.0,0.08163265306122448
opaiNmqq.png,sunda,train,157,52,46,4.0,0.0,0.08695652173913043
FRxoEmsj.png,jawa,train,907,52,52,4.0,-1.0,0.07692307692307693
A2gApZnB.jpg,lampung,train,488,409,409,2.0,,0.004889975550122249
r6cYFU5I.png,sunda,train,741,78,70,4.0,1.0,0.05714285714285714
NUT7LqIb.png,bali,train,1381,58,58,4.0,0.0,0.06896551724137931
G2Yo1KXC.png,sunda,train,73,55,37,4.47213595499958,,0.12086853932431296
2Dy1vF5B.png,jawi,train,803,94,94,8.0,0.0,0.0851063829787234
KWkh8Up9.png,lampung,train,937,43,41,4.0,0.0,0.0975609756097561
4WAP6hq7.png,lontara,train,377,53,51,4.47213595499958,0.0,0.08768894029410941
xdPo0cWI.png,jawa,train,776,76,74,4.47213595499958,-1.0,0.06043426966215648
5e2kJqq4.png,lampung,train,97,44,31,4.0,,0.12903225806451613
keFKqJYS.png,jawi,train,800,69,69,8.0,0.0,0.11594202898550725
7gXMJG6J.webp,lontara,train,720,405,388,4.0,,0.010309278350515464
sTPZ9pY9.png,bali,train,1353,64,64,2.8284271247461903,-1.0,0.04419417382415922
gVqz9byo.png,sunda,train,230,39,31,4.0,0.0,0.12903225806451613
XNowICYo.png,jawi,train,167,87,87,5.656854249492381,,0.0650213132125561
1NygwbYG.png,jawa,train,569,74,74,2.0,0.0,0.02702702702702703
aTe20JWs.png,lampung,train,136,31,30,2.8284271247461903,1.0,0.09428090415820635
Ikqgyq4e.png,jawa,train,517,66,66,4.0,0.0,0.06060606060606061
4da6zWMs.png,pegon,train,143,130,130,4.0,,0.03076923076923077
16KeE2XC.png,lampung,train,224,92,91,4.0,,0.04395604395604396
87FfwyLC.png,jawi,train,49,54,26,6.0,,0.23076923076923078
5b4dKJQg.png,jawi,train,89,38,38,6.0,,0.15789473684210525
wIwyYdzZ.png,jawa,train,692,83,83,2.0,1.0,0.024096385542168676
To3jYmKq.png,sunda,train,71,60,37,5.656854249492381,,0.15288795268898325
9XJwkHaD.png,lampung,train,137,42,42,4.0,-4.0,0.09523809523809523
SzEbRPDF.png,sunda,train,74,41,31,4.0,,0.12903225806451613
nLFOghtc.png,jawa,train,674,83,83,4.0,0.0,0.04819277108433735
SWcYIXIP.png,jawi,train,481,55,43,2.0,0.0,0.046511627906976744
pbRGdxNa.png,lampung,train,142,36,33,2.8284271247461903,3.0,0.08570991287109668
lK7jxLfl.png,sunda,train,75,55,43,4.47213595499958,,0.10400316174417627
24ht0nBF.png,bali,train,1344,69,69,4.0,-1.0,0.057971014492753624
n20K6eX1.png,lampung,train,149,43,33,2.8284271247461903,0.0,0.08570991287109668
4b8hSGve.png,jawa,train,659,62,62,2.0,0.0,0.03225806451612903
Ih7WzxN8.png,lampung,train,218,89,89,4.0,,0.0449438202247191
vVFcLQJA.png,jawa,train,73,95,80,4.47213595499958,,0.05590169943749475
SnpsxIJd.png,sunda,train,40,36,24,4.0,,0.16666666666666666
cD3Q9Mup.png,lampung,train,145,32,31,2.8284271247461903,0.0,0.09123958466923195
Jt110dqm.png,pegon,train,143,118,118,4.0,,0.03389830508474576
0kKWTTMk.png,jawi,train,795,83,83,7.211102550927978,0.0,0.0868807536256383
Kb0OMs2F.png,sunda,train,64,54,38,4.0,,0.10526315789473684
1uTfG4Ff.png,sunda,train,1200,68,68,4.0,0.0,0.058823529411764705
7KSDQ45c.png,lampung,train,357,73,66,4.0,-1.0,0.06060606060606061
f9cIdnQp.jpg,sunda,train,1024,581,581,2.8284271247461903,,0.004868205033986558
EsOAZSPf.png,sunda,train,761,99,61,5.656854249492381,-1.0,0.09273531556544887
s7dY6j4u.png,lampung,train,145,41,32,2.8284271247461903,1.0,0.08838834764831845
kEhxAG7h.png,jawa,train,643,84,84,2.0,0.0,0.023809523809523808
Tp5c8NpO.png,jawa,train,914,73,69,6.0,-1.0,0.08695652173913043
wEYWWhaw.png,jawi,train,254,90,78,4.0,,0.05128205128205128
VgtC2e8O.png,bali,train,1541,76,76,4.0,-1.0,0.05263157894736842
LOt4i5xE.png,jawi,train,943,68,59,4.0,0.0,0.06779661016949153
XhzyZXBX.jpg,pegon,train,830,485,482,2.0,,0.004149377593360996
JDgVQprN.png,jawa,train,562,79,79,2.8284271247461903,0.0,0.03580287499678722
eINCyDee.png,lampung,train,198,71,64,4.0,,0.0625
prGQrDIB.png,pegon,train,149,141,141,4.0,,0.028368794326241134
oIOESpST.png,lontara,train,931,46,45,5.656854249492381,0.0,0.1257078722109418
H7xpqqh7.png,pegon,train,183,160,160,4.0,,0.025
TeLvO0Kw.png,lampung,train,141,40,31,2.0,-4.0,0.06451612903225806
Imsi27LU.jpg,lontara,train,645,923,923,6.0,,0.0065005417118093175
INwD0I8T.png,sunda,train,109,56,47,4.0,,0.0851063829787234
LTPvVx2F.png,bali,train,1513,68,64,4.0,-1.0,0.0625
MDiV8shM.jpg,lampung,train,1138,316,268,2.0,0.0,0.007462686567164179
4FPOyOhR.png,lampung,train,253,55,38,4.0,0.0,0.10526315789473684
ltmCbkwb.png,lampung,train,648,43,34,2.8284271247461903,0.0,0.0831890330807703
Gyv1XEoO.png,jawi,train,67,50,37,6.0,,0.16216216216216217
wE8el0Ro.jpg,pegon,train,480,360,360,56.0,,0.15555555555555556
wxVGUVvs.png,sunda,train,126,58,45,4.0,,0.08888888888888889
WLPU0XAt.png,bali,train,1376,64,64,4.0,-1.0,0.0625
dvLMdtIG.png,pegon,train,181,167,167,4.0,,0.023952095808383235
36TapIhU.png,sunda,train,692,75,67,4.47213595499958,0.0,0.06674829783581462
qBistJyl.png,pegon,train,61,56,56,2.8284271247461903,,0.05050762722761054
hESF37wT.png,jawi,train,412,59,59,4.47213595499958,-1.0,0.0757989144915183
2uJPlmj3.png,lampung,train,374,81,81,2.8284271247461903,-3.0,0.034918853391928274
HiNNV5kJ.png,sunda,train,783,64,56,4.47213595499958,0.0,0.07985957062499249
FxLdbpDH.png,sunda,train,77,42,24,4.0,,0.16666666666666666
3uz8EaZ0.png,jawa,train,774,74,73,4.47213595499958,0.0,0.06126213636985726
ucR5bz2j.png,sunda,train,790,66,55,5.656854249492381,0.0,0.102851895445316
XxKFLYEC.png,jawa,train,313,59,59,2.8284271247461903,0.0,0.04793944279230831
3X5bGS5Y.png,bali,train,1406,63,63,4.0,-1.0,0.06349206349206349
9a3S4JO2.png,jawa,train,907,74,74,4.0,0.0,0.05405405405405406
3hpHWggd.png,jawi,train,85,55,42,4.0,,0.09523809523809523
MvEmUErU.png,jawa,train,643,76,76,2.0,0.0,0.02631578947368421
WpqyECfG.png,sunda,train,808,49,40,4.0,0.0,0.1
yvslca8v.png,jawa,train,945,59,56,4.47213595499958,0.0,0.07985957062499249
sCLYTTfG.png,lontara,train,940,46,43,6.0,0.0,0.13953488372093023
t5tOvHvB.png,jawi,train,22,24,19,6.0,,0.3157894736842105
tPQfspZA.png,sunda,train,94,58,43,4.0,,0.09302325581395349
py0rDMIZ.png,jawi,train,845,76,62,2.8284271247461903,0.0,0.04561979233461597
jNBwqzUN.png,pegon,train,63,51,38,2.8284271247461903,,0.0744322927564787
pOmkUl2v.png,jawa,train,894,59,59,4.47213595499958,0.0,0.0757989144915183
DoIjOBVM.png,sunda,train,788,72,61,4.47213595499958,0.0,0.07331370418032097
B8wfb9HN.png,pegon,train,829,60,60,4.0,-1.0,0.06666666666666667
aB7DAFWh.png,sunda,train,822,71,57,4.0,-1.0,0.07017543859649122
25yyb63f.png,sunda,train,40,35,24,4.0,,0.16666666666666666
n4tugGUl.png,jawi,train,812,74,74,7.211102550927978,0.0,0.097447331769297
n4tx9vq1.png,jawa,train,849,71,64,4.0,-1.0,0.0625
qhhWO7r3.png,lampung,train,290,89,88,4.0,-4.0,0.045454545454545456
LPLnF4DK.png,jawi,train,618,69,69,5.656854249492381,0.0,0.08198339492017943
WYngEEh9.png,jawa,train,679,88,88,2.0,0.0,0.022727272727272728
ViTPK66C.png,sunda,train,182,151,140,2.0,,0.014285714285714285
lWjk9Tvo.jpg,lampung,train,1280,720,720,4.0,,0.005555555555555556
ZEBHEINS.png,sunda,train,794,87,87,2.8284271247461903,-1.0,0.03251065660627805
lbHpRziu.png,jawa,train,937,88,88,4.47213595499958,0.0,0.05081972676135886
OwAQwrMA.png,jawi,train,69,53,40,6.0,,0.15
9Oey6um9.png,jawi,train,953,66,65,4.0,0.0,0.06153846153846154
RJoZDw1O.png,bali,train,1584,58,58,4.0,0.0,0.06896551724137931
I2EPpFdr.png,jawa,train,928,136,121,4.47213595499958,-1.0,0.03695980128098826
u6OG4OU1.jpg,jawa,train,449,252,252,4.0,,0.015873015873015872
D2soF0H4.png,sunda,train,288,42,35,4.0,0.0,0.11428571428571428
g5ky15AC.png,bali,train,1415,67,67,4.0,-1.0,0.05970149253731343
XQK4DDMk.png,lontara,train,868,57,57,4.47213595499958,0.0,0.07845852552630841
I8ZRTjr4.png,jawi,train,486,66,36,6.0,0.0,0.16666666666666666
rfUqvyMU.png,lontara,train,943,54,54,5.656854249492381,0.0,0.10475656017578483
zng5Ob2d.png,lampung,train,106,38,26,2.8284271247461903,,0.10878565864408424
cVJQ8aSY.png,jawi,train,954,72,66,4.0,0.0,0.06060606060606061
WtMWgmM1.png,jawi,train,67,49,25,2.8284271247461903,,0.1131370849898476
BW1aeOIN.png,jawa,train,951,71,71,4.47213595499958,0.0,0.06298783035210676
J4Ga75PM.png,lampung,train,328,93,92,4.47213595499958,-2.0,0.04861017342390848
5uhyW114.png,jawi,train,94,44,38,4.47213595499958,,0.11768778828946262
xBCIhZ3x.png,bali,train,1418,67,66,4.0,0.0,0.06060606060606061
sHFxjqCb.png,jawi,train,677,64,51,4.0,0.0,0.0784313725490196
3itA4GCy.jpg,bali,train,235,207,206,2.0,,0.009708737864077669
ClHmnE3M.png,sunda,train,291,39,31,4.0,0.0,0.12903225806451613
X4wgUCC9.png,jawa,train,158,44,41,4.0,0.0,0.0975609756097561
Iie8eXEM.png,jawa,train,919,95,89,4.47213595499958,-1.0,0.050248718595500896
vFFKpryr.png,lontara,train,498,46,45,5.656854249492381,-2.0,0.1257078722109418
m5pludkP.png,bali,train,84,59,43,2.0,,0.046511627906976744
p9Yo5NBN.png,lampung,train,177,101,77,4.0,,0.05194805194805195
hQncyZ7t.png,jawa,train,907,93,77,4.0,-1.0,0.05194805194805195
MseEenaa.png,bali,train,204,81,81,2.0,,0.024691358024691357
Ke1EtMqj.png,bali,train,1380,61,61,2.8284271247461903,0.0,0.046367657782724434
RLFIDPIy.png,jawi,train,89,44,43,5.656854249492381,,0.13155474998819489
atguBlcH.png,jawi,train,885,56,56,4.0,0.0,0.07142857142857142
nSWmqFez.png,sunda,train,783,69,55,4.47213595499958,0.0,0.08131156281817417
YLviXRXD.png,sunda,train,76,41,35,4.0,,0.11428571428571428
0J1XjPv7.png,lontara,train,962,58,58,6.0,0.0,0.10344827586206896
COYd1v3e.png,lontara,train,942,82,82,4.47213595499958,-2.0,0.05453824335365341
KSBl7ztu.png,bali,train,96,56,44,2.0,,0.045454545454545456
xYzq0GmI.png,jawi,train,977,64,54,4.0,0.0,0.07407407407407407
bfGFFn4n.png,jawi,train,803,69,69,6.0,0.0,0.08695652173913043
9hyZz7XW.png,jawa,train,874,77,77,6.0,0.0,0.07792207792207792
suYjfbwS.png,jawa,train,508,66,66,2.8284271247461903,0.0,0.04285495643554834
JrvEe6dP.png,lampung,train,107,37,29,2.8284271247461903,,0.09753196981883415
WwdyEjiX.png,jawa,train,422,68,68,2.0,0.0,0.029411764705882353
k2KtRniI.jpg,pegon,train,878,576,546,2.0,,0.003663003663003663
O1ykAmv8.png,jawi,train,374,84,84,4.47213595499958,0.0,0.053239713749995
moTcEMuO.png,lampung,train,340,62,62,2.8284271247461903,-4.0,0.04561979233461597
0aEaZKLB.png,bali,train,125,64,33,2.8284271247461903,,0.08570991287109668
baZWnmbC.png,jawa,train,605,66,66,4.0,0.0,0.06060606060606061
NKj6pIDe.png,lampung,train,150,37,37,2.8284271247461903,1.0,0.07644397634449163
ze6LVt3f.jpg,jawa,train,1280,720,720,8.0,,0.011111111111111112
bVfXghWK.png,jawi,train,816,80,80,7.211102550927978,0.0,0.09013878188659973
eeexVWkF.png,jawa,train,650,83,83,2.0,0.0,0.024096385542168676
Wb5NrKcT.png,pegon,train,157,138,138,2.8284271247461903,,0.02049584873004486
bGV7WduC.png,sunda,train,291,48,45,4.0,0.0,0.08888888888888889
Djrt0occ.png,jawi,train,630,82,82,5.656854249492381,0.0,0.06898602743283391
nUhgEHDQ.png,lontara,train,776,53,47,6.0,0.0,0.1276595744680851
ZPNUusQX.png,lontara,train,184,40,38,5.656854249492381,-1.0,0.1488645855129574
AYmHBQpl.png,jawa,train,679,56,56,4.0,0.0,0.07142857142857142
7gClVyOS.png,sunda,train,807,52,39,4.0,0.0,0.10256410256410256
e7sw8UqJ.png,jawa,train,894,69,69,4.47213595499958,-1.0,0.0648135645652113
MDfOSmjo.png,sunda,train,789,72,55,4.47213595499958,0.0,0.08131156281817417
g5zApoDB.png,lontara,train,942,73,72,4.47213595499958,-1.0,0.06211299937499416
HJKE5L4T.png,bali,train,1190,63,63,2.8284271247461903,0.0,0.044895668646764926
4ws9WOfJ.png,lontara,train,925,49,49,2.8284271247461903,0.0,0.05772300254584062
aHm2wwPd.png,lampung,train,695,43,38,2.8284271247461903,0.0,0.0744322927564787
Iz8SVj1m.png,jawa,train,935,71,71,4.0,0.0,0.056338028169014086
ko1fpmtd.png,jawi,train,845,76,76,6.324555320336759,1.0,0.08321783316232578
U4R2T8xm.png,jawa,train,620,81,81,2.0,0.0,0.024691358024691357
goMVEr9M.jpg,jawi,train,1200,630,630,2.0,,0.0031746031746031746
CI75W5ow.png,lontara,train,920,47,44,7.211102550927978,0.0,0.16388869433927222
pVN1uJzQ.png,lampung,train,230,70,62,4.0,-6.0,0.06451612903225806
GLuRIHuH.png,jawa,train,712,96,96,2.0,0.0,0.020833333333333332
cQqHTDoa.png,jawi,train,296,46,45,4.0,0.0,0.08888888888888889
20iTDSMa.png,sunda,train,44,54,37,6.0,,0.16216216216216217
pxgyby0r.png,jawi,train,795,75,75,7.211102550927978,0.0,0.09614803401237304
yEky4Yhm.png,lampung,train,116,31,30,2.8284271247461903,0.0,0.09428090415820635
JV0rKzui.png,lampung,train,136,36,31,2.8284271247461903,1.0,0.09123958466923195
JbqiuUPI.png,sunda,train,78,43,30,4.0,,0.13333333333333333
roT0Obt1.png,lontara,train,940,52,51,5.656854249492381,0.0,0.1109187107743604
zjL1LYpx.png,jawa,train,901,67,66,5.656854249492381,-1.0,0.08570991287109668
Pi1VW9Sr.png,jawi,train,942,62,48,4.0,0.0,0.08333333333333333
Q6NLmXjv.png,jawi,train,39,44,29,4.0,,0.13793103448275862
JlKVUNOk.png,jawi,train,817,80,80,8.0,0.0,0.1
2nDcsvi8.png,sunda,train,68,55,41,4.0,,0.0975609756097561
qMctj2TI.png,jawi,train,99,52,49,4.47213595499958,,0.09126808071427714
nB7tdnSn.png,jawi,train,600,600,208,8.0,,0.038461538461538464
YxxPgU7l.png,jawi,train,302,49,32,4.0,0.0,0.125
vE8trGvN.png,jawi,train,63,55,27,4.0,,0.14814814814814814
8XkkfSzX.png,sunda,train,66,61,51,5.656854249492381,,0.1109187107743604
MJouVHWu.png,sunda,train,40,35,30,4.0,,0.13333333333333333
UzZNRYg1.png,jawi,train,67,39,39,6.0,,0.15384615384615385
Tw5uE2Aq.png,jawa,train,858,66,66,4.0,0.0,0.06060606060606061
RMJ8zZ2X.png,sunda,train,245,43,35,4.0,0.0,0.11428571428571428
WZt7Orua.png,pegon,train,164,148,148,4.0,,0.02702702702702703
JfHP176N.jpg,lampung,train,1200,700,700,4.0,,0.005714285714285714
FlvDlpty.png,lontara,train,942,71,71,6.0,-2.0,0.08450704225352113
Y885ioF4.png,bali,train,1398,56,56,4.0,0.0,0.07142857142857142
K9owTuUE.png,bali,train,202,60,60,2.0,0.0,0.03333333333333333
pyl2oO3P.png,lampung,train,149,45,40,2.8284271247461903,1.0,0.07071067811865475
zg4EljYp.png,jawi,train,807,80,80,7.211102550927978,0.0,0.09013878188659973
WZgv1FNH.png,jawi,train,169,78,74,7.211102550927978,,0.097447331769297
pbY8GUCp.png,jawa,train,486,74,74,4.0,-1.0,0.05405405405405406
9sHcNOuO.png,jawi,train,136,47,45,5.656854249492381,,0.1257078722109418
qoLovT11.png,lontara,train,868,51,51,4.47213595499958,-3.0,0.08768894029410941
m0UETCgQ.png,lampung,train,162,48,48,2.0,0.0,0.041666666666666664
7MQLP5hC.png,jawa,train,123,93,93,4.0,,0.043010752688172046
HgZ38kSl.png,jawi,train,789,77,77,6.0,-1.0,0.07792207792207792
i7MvKsHU.png,jawa,train,507,76,76,2.0,0.0,0.02631578947368421
jPai5Qcl.png,lampung,train,157,86,82,4.0,,0.04878048780487805
ltsonDVi.png,bali,train,1517,68,63,4.0,0.0,0.06349206349206349
eTqVnadJ.png,jawa,train,620,69,69,4.0,0.0,0.057971014492753624
8rtQdXCn.png,bali,train,1386,67,67,4.0,-1.0,0.05970149253731343
vpbIBAhx.png,jawa,train,340,84,84,2.0,0.0,0.023809523809523808
h4kTZUJy.png,pegon,train,120,48,46,5.656854249492381,,0.12297509238026914
Z7MzzqtR.png,bali,train,1373,69,69,2.8284271247461903,-1.0,0.04099169746008972
BB21DgRU.png,sunda,train,469,44,37,4.0,0.0,0.10810810810810811
TZTwXRmf.png,bali,train,1545,74,71,4.0,0.0,0.056338028169014086
L0wKYVh9.png,jawi,train,832,83,83,6.0,1.0,0.07228915662650602
kMdVAUcU.png,lontara,train,935,44,43,5.656854249492381,0.0,0.13155474998819489
qfkfQRUE.png,jawa,train,891,90,86,4.47213595499958,0.0,0.052001580872088136
8Da7mGrN.png,pegon,train,105,94,85,4.0,,0.047058823529411764
HPIqKh3v.png,jawi,train,662,55,38,6.0,0.0,0.15789473684210525
QyH0EkF7.png,sunda,train,67,55,32,4.0,,0.125
mYmraZ5C.png,bali,train,198,73,73,2.8284271247461903,,0.038745577051317676
km0czfzY.png,sunda,train,155,65,43,4.0,,0.09302325581395349
YiSRGIkT.png,pegon,train,827,78,77,4.0,0.0,0.05194805194805195
nDXTDZei.png,lampung,train,885,51,41,4.0,-1.0,0.0975609756097561
UQdLpq0g.png,jawa,train,621,71,71,4.0,-1.0,0.056338028169014086
zv1OAzBd.png,lontara,train,935,53,51,4.47213595499958,0.0,0.08768894029410941
kuEFJR8y.png,lontara,train,315,46,44,6.0,1.0,0.13636363636363635
9enuJq0y.png,sunda,train,88,54,48,4.0,,0.08333333333333333
CBKGtJXU.png,jawi,train,750,43,30,5.656854249492381,0.0,0.1885618083164127
Ixmmsjw5.png,sunda,train,1196,59,58,4.0,0.0,0.06896551724137931
q9pibTZ9.png,lontara,train,939,52,52,6.0,0.0,0.11538461538461539
XmDXsCvc.webp,jawa,train,300,417,417,2.0,,0.004796163069544364
9NkwViXj.png,jawi,train,808,69,69,7.60555127546399,0.0,0.11022538080382593
OBUQrsCs.png,jawi,train,346,66,43,4.0,0.0,0.09302325581395349
ByChr7Ym.png,jawa,train,781,81,79,4.47213595499958,-1.0,0.05660931588607063
uPbsD2ID.png,sunda,train,52,42,34,4.0,,0.11764705882352941
OIPUFwK1.png,lontara,train,936,56,56,4.47213595499958,0.0,0.07985957062499249
pZMtL7pw.png,sunda,train,797,80,78,4.47213595499958,0.0,0.057335076346148456
C1AbFl1n.png,lampung,train,178,87,86,4.47213595499958,,0.052001580872088136
gQioTBnz.png,lampung,train,804,63,57,4.0,0.0,0.07017543859649122
L7tbB4rW.png,lampung,train,221,65,65,4.47213595499958,0.0,0.06880209161537815
XN2L0Pkk.png,lontara,train,1034,45,45,4.0,0.0,0.08888888888888889
ApySYVQH.png,pegon,train,386,91,91,6.324555320336759,1.0,0.06950060791578856
HBrGi15a.png,sunda,train,63,39,35,4.0,,0.11428571428571428
w6Bq3Rh3.png,lampung,train,144,65,48,2.0,,0.041666666666666664
b82ggHWL.png,sunda,train,796,104,95,2.0,-1.0,0.021052631578947368
cuKxWYj2.png,sunda,train,157,38,28,4.0,0.0,0.14285714285714285
BItvOxGo.png,bali,train,1041,66,66,4.0,-1.0,0.06060606060606061
exvusb7x.png,jawi,train,103,70,63,5.656854249492381,,0.08979133729352985
od40HX69.png,jawi,train,500,52,52,4.47213595499958,0.0,0.08600261451922268
xum0gGIa.png,bali,train,1367,49,49,2.8284271247461903,0.0,0.05772300254584062
SVR4eenU.png,lampung,train,142,36,32,2.8284271247461903,1.0,0.08838834764831845
axINQ6D3.png,jawa,train,963,71,71,4.47213595499958,0.0,0.06298783035210676
PoU7LTEl.png,sunda,train,194,60,54,4.0,0.0,0.07407407407407407
wPwqcIR6.png,jawi,train,132,51,24,4.0,,0.16666666666666666
memyy9kn.png,sunda,train,65,54,45,5.656854249492381,,0.1257078722109418
HebWPR5D.png,jawi,train,688,85,85,5.656854249492381,0.0,0.06655122646461624
Non9xPbi.png,lontara,train,943,40,40,4.47213595499958,0.0,0.1118033988749895
3XBxHC6x.png,jawi,train,57,54,26,3.414213562373095,,0.13131590624511905
39hdDn6h.png,sunda,train,800,47,37,4.0,0.0,0.10810810810810811
b7U1G6OB.png,sunda,train,43,36,29,4.0,,0.13793103448275862
yFOXnHMt.png,sunda,train,170,42,33,4.0,1.0,0.12121212121212122
w1KunOdn.png,lontara,train,938,54,54,6.324555320336759,-1.0,0.11712139482105109
kKtCuyhc.png,jawi,train,517,53,43,6.0,0.0,0.13953488372093023
ZQ20ph6F.png,jawi,train,685,57,40,4.0,0.0,0.1
FppoeY65.png,pegon,train,151,143,143,4.0,,0.027972027972027972
haMG0wzX.png,bali,train,1411,66,65,4.0,0.0,0.06153846153846154
iU4bxOvj.png,jawi,train,400,58,39,4.0,0.0,0.10256410256410256
BSI9J6Q5.png,sunda,train,47,53,29,6.0,,0.20689655172413793
IWyD6NVn.png,lampung,train,141,31,30,2.8284271247461903,0.0,0.09428090415820635
9nA77pxE.png,sunda,train,798,91,91,2.0,-1.0,0.02197802197802198
4FghFXiQ.png,jawi,train,739,53,39,4.0,0.0,0.10256410256410256
CZfJ46lw.png,sunda,train,191,44,34,4.0,0.0,0.11764705882352941
ITZyJM4t.png,lampung,train,136,43,40,2.8284271247461903,-8.0,0.07071067811865475
K5b5Oyre.png,lontara,train,934,67,64,5.656854249492381,-1.0,0.08838834764831845
DnJnUzBX.png,sunda,train,305,67,62,4.0,0.0,0.06451612903225806
KjMl6acI.png,jawi,train,53,43,29,4.47213595499958,,0.1542115846551579
tCSnngIf.png,lontara,train,935,45,42,5.656854249492381,0.0,0.13468700594029479
Jc2DCLJE.png,lampung,train,235,76,66,4.0,-4.0,0.06060606060606061
OPL6FWW9.png,lontara,train,110,45,44,5.656854249492381,,0.128564869306645
M354cifF.png,jawi,train,377,71,69,4.0,0.0,0.057971014492753624
gvY2Mlhi.png,sunda,train,71,61,37,5.656854249492381,,0.15288795268898325
CNIF2MO6.png,jawi,train,606,56,51,4.47213595499958,0.0,0.08768894029410941
Cmgazgf9.png,bali,train,1411,53,53,4.0,0.0,0.07547169811320754
DR7xzzkP.png,jawa,train,893,74,74,4.0,0.0,0.05405405405405406
vpkXnJK9.png,pegon,train,147,137,137,4.0,,0.029197080291970802
hcGJmtKd.png,sunda,train,782,70,54,4.47213595499958,0.0,0.08281733249999222
k9b3mpvL.png,sunda,train,164,65,46,4.0,,0.08695652173913043
7y8ztGPg.png,sunda,train,161,65,39,4.0,,0.10256410256410256
Xtyid4hD.png,jawa,train,958,74,74,2.0,0.0,0.02702702702702703
vOm3gsb4.png,jawa,train,888,62,62,4.0,0.0,0.06451612903225806
hXV007OF.png,bali,train,1390,62,62,2.8284271247461903,0.0,0.04561979233461597
hcZye5Sj.png,jawi,train,804,80,80,7.211102550927978,0.0,0.09013878188659973
va9We9KL.png,bali,train,64,64,24,4.0,,0.16666666666666666
nR4IvySO.png,lontara,train,841,61,61,4.47213595499958,-3.0,0.07331370418032097
9nhODgRn.png,sunda,train,134,48,39,4.47213595499958,,0.11467015269229691
Q9IOZdPn.png,jawi,train,238,41,24,2.0,0.0,0.08333333333333333
huxPExx2.png,jawa,train,866,67,67,4.0,-1.0,0.05970149253731343
Py8w6YjF.png,sunda,train,144,142,142,2.0,,0.014084507042253521
sgJcQYI6.jpg,lontara,train,444,280,269,2.8284271247461903,,0.010514598976751636
tXC4Cr6n.png,jawi,train,294,56,45,4.0,0.0,0.08888888888888889
GjJi4URV.png,jawi,train,58,57,49,5.82842712474619,,0.11894749234175897
RDN1Ptew.png,lontara,train,877,59,59,4.47213595499958,-1.0,0.0757989144915183
LBV0oWS1.png,lampung,train,102,37,25,2.8284271247461903,,0.1131370849898476
AwDbaxa3.png,jawa,train,967,91,90,4.0,-1.0,0.044444444444444446
w0tvoyQC.png,jawi,train,804,72,72,6.0,0.0,0.08333333333333333
fHEAkWZl.png,jawa,train,288,114,114,2.0,,0.017543859649122806
30409Bsb.png,lampung,train,176,79,67,4.0,,0.05970149253731343
eB13dJEf.png,bali,train,1040,64,64,4.0,0.0,0.0625
UMBrKBBb.png,sunda,train,799,50,41,4.0,0.0,0.0975609756097561
uGXVJZEH.png,jawi,train,93,90,78,4.0,,0.05128205128205128
8Eum6Ec9.png,sunda,train,120,44,35,4.0,,0.11428571428571428
PJAWNugk.png,jawi,train,84,55,26,4.0,,0.15384615384615385
4TLbxbnt.png,jawa,train,892,62,62,4.47213595499958,0.0,0.07213122508063838
AWstPzCd.png,lampung,train,811,39,35,4.0,0.0,0.11428571428571428
bIVEz5kB.jpg,sunda,train,354,355,171,10.0,,0.05847953216374269
NUi7Xsqy.png,lampung,train,164,77,69,4.0,,0.057971014492753624
lsQVR0lI.png,jawa,train,561,51,51,4.0,0.0,0.0784313725490196
aWChNSBf.png,pegon,train,81,61,32,4.47213595499958,,0.13975424859373686
WtdYMinR.jpg,pegon,train,410,418,418,2.0,,0.004784688995215311
vISSmeIs.png,lampung,train,101,38,30,2.8284271247461903,,0.09428090415820635
vJNHumL4.png,sunda,train,133,48,45,4.0,,0.08888888888888889
JZhjImHR.png,jawi,train,790,69,69,7.211102550927978,0.0,0.1045087326221446
6XJFVlyu.png,pegon,train,151,136,136,4.47213595499958,,0.032883352610291024
C3L3i6Jg.png,jawi,train,36,38,22,5.06449510224598,,0.2302043228293627
56IrbZRC.png,bali,train,1374,56,56,4.0,0.0,0.07142857142857142
cLcF0nUi.png,lampung,train,640,758,745,2.0,,0.0026845637583892616
RFosbPo8.png,lontara,train,957,58,52,6.0,0.0,0.11538461538461539
sFlWNNdA.png,lampung,train,138,36,36,2.8284271247461903,-1.0,0.07856742013183862
hCmQMvEz.png,bali,train,1479,71,71,2.8284271247461903,-1.0,0.039837001756988594
jdtL6DH2.png,jawa,train,69,42,35,4.0,,0.11428571428571428
Iyo3cC12.png,sunda,train,184,44,27,4.0,0.0,0.14814814814814814
zVEeiaMK.png,bali,train,1400,65,65,4.0,0.0,0.06153846153846154
ZXLAYYKs.png,lontara,train,945,60,52,6.324555320336759,0.0,0.12162606385262999
WkUuaX3b.png,jawa,train,657,58,58,2.0,0.0,0.034482758620689655
wIBaPaG6.png,lontara,train,949,55,51,4.47213595499958,0.0,0.08768894029410941
3NbzeLGv.png,jawa,train,936,79,79,4.47213595499958,-1.0,0.05660931588607063
eO8EF3c6.png,lontara,train,939,48,48,7.211102550927978,0.0,0.1502313031443329
BOgaZX5p.png,jawa,train,355,67,67,2.8284271247461903,1.0,0.04221533022009239
2gzej8LI.png,lontara,train,731,59,59,4.0,1.0,0.06779661016949153
SMwV3uxE.png,jawa,train,797,80,75,4.0,0.0,0.05333333333333334
NwiJZKih.png,jawa,train,591,72,72,2.0,0.0,0.027777777777777776
PYyGodVd.png,lampung,train,147,36,31,2.8284271247461903,-3.0,0.09123958466923195
PYUDpaj9.png,pegon,train,71,60,54,2.8284271247461903,,0.052378280087892415
iwxCZ1xU.png,jawi,train,22,28,21,4.0,,0.19047619047619047
x2MmE1XN.png,sunda,train,70,61,45,6.0,,0.13333333333333333
TWaDlRbb.jpg,bali,train,960,1200,1079,4.0,,0.0037071362372567192
K4HStmgL.png,jawi,train,144,115,115,4.0,,0.034782608695652174
sjULemgz.png,jawi,train,33,32,26,4.0,,0.15384615384615385
4reTZEMd.png,sunda,train,32,36,25,4.0,,0.16
LXsgL7t6.png,bali,train,1333,76,76,4.0,-1.0,0.05263157894736842
5aSIRB27.png,jawa,train,872,71,71,4.0,0.0,0.056338028169014086
hUzGeXmE.png,jawa,train,727,81,81,4.47213595499958,-1.0,0.05521155499999481
yDFD5PVJ.png,jawi,train,797,77,77,6.0,1.0,0.07792207792207792
k6oYT60e.png,lampung,train,134,31,30,4.0,-4.0,0.13333333333333333
4sQkkgkH.png,lampung,train,425,521,521,2.0,,0.003838771593090211
pXvxdew9.png,sunda,train,160,62,59,4.0,,0.06779661016949153
nATmZSax.png,sunda,train,246,39,31,4.0,0.0,0.12903225806451613
KfiwomIm.png,sunda,train,754,49,45,4.0,0.0,0.08888888888888889
OQL0J11R.png,lampung,train,814,60,45,4.0,0.0,0.08888888888888889
yylkRMsd.png,bali,train,728,59,59,2.8284271247461903,0.0,0.04793944279230831
Qq8v0hKp.jpg,jawa,train,423,568,533,2.0,,0.00375234521575985
ydlfeeQR.jpg,bali,train,1477,1108,1108,4.0,,0.0036101083032490976
HIfjNZbW.png,pegon,train,132,127,127,4.0,,0.031496062992125984
feJiIRPi.png,jawi,train,267,68,40,4.47213595499958,0.0,0.1118033988749895
flLeRwE5.png,pegon,train,605,76,76,5.656854249492381,1.0,0.0744322927564787
wZBZmXVo.png,jawa,train,894,61,60,5.656854249492381,0.0,0.09428090415820635
LnEnKwut.png,jawi,train,174,59,31,2.8284271247461903,,0.09123958466923195
9lVWK1Ji.png,lontara,train,776,51,51,5.656854249492381,-1.0,0.1109187107743604
tgD6nPYV.png,bali,train,1368,63,58,2.8284271247461903,0.0,0.048765984909417075
tygv52KQ.png,jawi,train,378,71,67,4.0,-1.0,0.05970149253731343
CNGbKP8u.jpg,jawa,train,481,280,275,2.0,,0.007272727272727273
nOkBZWxv.png,jawa,train,811,613,613,2.0,,0.0032626427406199023
UrVnEj8D.png,jawa,train,655,42,42,2.0,0.0,0.047619047619047616
d3DA6b8J.png,lampung,train,247,62,59,4.47213595499958,-4.0,0.0757989144915183
f915SexE.png,sunda,train,207,46,34,4.0,0.0,0.11764705882352941
aqJNnSR5.png,pegon,train,392,90,90,6.0,0.0,0.06666666666666667
kjcMI6OR.png,jawa,train,622,71,71,4.0,0.0,0.056338028169014086
8BnKtmC3.png,sunda,train,162,44,35,4.0,0.0,0.11428571428571428
WPV1C18L.png,jawi,train,33,30,29,4.47213595499958,,0.1542115846551579
DUacVKKU.png,jawi,train,863,71,48,4.0,0.0,0.08333333333333333
URsVqMEu.png,jawi,train,955,63,58,4.0,0.0,0.06896551724137931
OhpqFBTa.png,lontara,train,946,39,39,4.47213595499958,0.0,0.11467015269229691
Sdp96BZz.png,lampung,train,75,33,26,4.0,,0.15384615384615385
Vu0ZlUF2.png,lontara,train,931,69,69,4.47213595499958,-2.0,0.0648135645652113
2iSupLdX.png,jawa,train,800,100,100,2.0,1.0,0.02
Ls5iuy9U.png,jawi,train,173,49,31,2.0,0.0,0.06451612903225806
7hjV2je5.png,lontara,train,931,45,45,5.656854249492381,0.0,0.1257078722109418
3z3S2VTt.png,sunda,train,757,92,65,5.656854249492381,0.0,0.0870285269152674
AOARR7D1.png,jawa,train,651,94,85,4.0,-1.0,0.047058823529411764
6XQ6tGrT.png,jawa,train,914,97,97,4.0,-2.0,0.041237113402061855
p7peNOxs.png,jawa,train,912,83,83,4.0,0.0,0.04819277108433735
Wd45gxtK.png,sunda,train,145,59,54,4.0,,0.07407407407407407
xaCuetVe.png,lontara,train,939,49,49,5.656854249492381,0.0,0.11544600509168124
9jyBqFhG.png,lampung,train,141,45,45,2.8284271247461903,0.0,0.0628539361054709
zf8bKPv6.png,sunda,train,1200,900,811,7.211102550927978,,0.008891618435176298
oeMEYdyX.png,jawi,train,72,58,40,6.0,,0.15
nmQbW6CE.png,sunda,train,674,85,61,5.656854249492381,0.0,0.09273531556544887
wFgWjzL4.png,jawi,train,940,61,61,4.0,0.0,0.06557377049180328
BpMwF2nb.png,lontara,train,896,37,37,4.47213595499958,-1.0,0.12086853932431296
rhs7fk1u.png,sunda,train,654,76,64,4.0,2.0,0.0625
iWeZ1ZEc.jpg,jawi,train,235,300,300,2.0,,0.006666666666666667
DycqI7mT.png,sunda,train,122,49,39,4.0,,0.10256410256410256
h0LtJbi8.jpg,jawi,train,360,466,396,2.0,,0.005050505050505051
jvDi0wqt.png,pegon,train,137,129,129,4.47213595499958,,0.03466772058139209
W5FUdAuZ.png,sunda,train,791,72,58,4.47213595499958,0.0,0.07710579232757896
0S8GZuA8.png,lampung,train,116,31,25,2.8284271247461903,-2.0,0.1131370849898476
8dfolTMF.jpg,jawi,train,469,754,750,2.0,,0.0026666666666666666
gb8TzDfD.webp,jawa,train,1200,675,675,6.0,,0.008888888888888889
Q5TmKwnk.jpg,pegon,train,1280,720,720,2.0,,0.002777777777777778
ueiukMHt.png,jawi,train,192,43,31,2.0,0.0,0.06451612903225806
5NaVRwup.png,jawa,train,920,71,71,4.47213595499958,0.0,0.06298783035210676
CdikxegH.png,sunda,train,79,46,31,4.0,,0.12903225806451613
jkF5oQI1.png,jawi,train,91,44,41,5.656854249492381,,0.13797205486566783
vjr5eano.png,lontara,train,941,73,73,5.656854249492381,-1.0,0.07749115410263535
l9oasdzR.png,jawa,train,901,56,56,4.0,0.0,0.07142857142857142
UpC9L4O8.png,lontara,train,873,30,30,5.656854249492381,0.0,0.1885618083164127
UAKR5XNh.png,sunda,train,758,98,75,5.656854249492381,-1.0,0.07542472332656508
1ypvFmrI.png,bali,train,1177,64,64,4.0,0.0,0.0625
YDxAl6Al.png,lampung,train,240,73,65,4.0,-3.0,0.06153846153846154
wQoP5j1L.png,jawa,train,669,73,73,2.0,0.0,0.0273972602739726
ewC4kNvj.png,lampung,train,97,43,43,2.0,,0.046511627906976744
QE7E32zM.png,lontara,train,957,50,50,4.47213595499958,0.0,0.08944271909999159
wB8xUuXl.png,jawa,train,687,71,71,2.0,0.0,0.028169014084507043
IbsScyTb.png,bali,train,1384,69,65,4.0,0.0,0.06153846153846154
SRt9vg3w.png,bali,train,1415,66,61,2.8284271247461903,0.0,0.046367657782724434
HVK6NnFG.png,lontara,train,941,47,47,5.656854249492381,0.0,0.12035860105302937
RlsASDTp.png,pegon,train,148,131,131,2.8284271247461903,,0.021591046753787712
Z5Lj8agc.png,lontara,train,896,43,43,4.47213595499958,0.0,0.10400316174417627
qGKbYhBh.png,jawi,train,347,90,62,5.656854249492381,0.0,0.09123958466923195
TS2tB1xT.png,sunda,train,777,91,91,4.0,-1.0,0.04395604395604396
x53ysTFo.png,jawa,train,900,64,64,4.0,0.0,0.0625
DdzFtwA6.png,jawi,train,842,46,46,4.0,0.0,0.08695652173913043
I9Qf0QxG.png,jawa,train,620,62,62,4.0,0.0,0.06451612903225806
XVcZ3gSG.png,jawa,train,654,48,48,2.0,0.0,0.041666666666666664
p8u8qu95.png,lampung,train,111,42,39,2.8284271247461903,,0.0725237724293895
D0aGeRWT.png,bali,train,1387,68,68,2.8284271247461903,-1.0,0.04159451654038515
KaAh5Zwo.png,pegon,train,150,138,138,4.0,,0.028985507246376812
FUm1AYLk.png,jawa,train,552,79,79,4.0,-1.0,0.05063291139240506
vFM0SwNq.png,jawa,train,911,74,74,4.0,0.0,0.05405405405405406
AssUogbY.png,pegon,train,159,134,134,4.0,,0.029850746268656716
EVqXrTOD.png,pegon,train,893,71,71,4.0,0.0,0.056338028169014086
xYmtlcB4.png,lontara,train,943,54,54,5.656854249492381,0.0,0.10475656017578483
A44qASyW.png,jawa,train,403,52,52,4.0,0.0,0.07692307692307693
RagF0CFz.png,sunda,train,72,47,30,4.0,,0.13333333333333333
a9VhX8SO.png,sunda,train,661,86,54,5.656854249492381,0.0,0.10475656017578483
mkQjEPgE.png,jawa,train,1003,89,89,2.0,0.0,0.02247191011235955
59DTmuXq.png,lampung,train,136,42,28,2.0,12.0,0.07142857142857142
HG7HTZzW.jpg,lontara,train,367,238,229,6.0,,0.026200873362445413
M8UhFbf6.png,lampung,train,304,112,112,2.8284271247461903,,0.02525381361380527
NbULgg51.png,lontara,train,942,54,49,6.0,0.0,0.12244897959183673
8aExM3bI.png,lampung,train,128,38,35,2.8284271247461903,3.0,0.08081220356417687
bb2lmRKe.png,lampung,train,354,72,72,4.47213595499958,-1.0,0.06211299937499416
FQfkMBIA.png,jawi,train,884,67,61,4.0,0.0,0.06557377049180328
F8OWcAD4.png,jawa,train,187,80,80,2.0,,0.025
Jtk8o1u8.png,sunda,train,69,55,36,4.0,,0.1111111111111111
KjO2MkOE.png,jawi,train,62,53,26,2.0,,0.07692307692307693
Z9rSQW7d.png,sunda,train,191,39,31,4.0,0.0,0.12903225806451613
AKUar1TE.jpg,jawa,train,1280,720,669,6.0,,0.008968609865470852
1yslbfmO.png,sunda,train,69,61,46,5.656854249492381,,0.12297509238026914
gM4oNRpH.png,jawa,train,951,74,74,4.47213595499958,0.0,0.06043426966215648
V0SDWEzK.png,sunda,train,79,54,34,4.47213595499958,,0.1315334104411641
0y6zV4nG.png,jawi,train,790,85,85,7.211102550927978,0.0,0.08483650059915268
LkEMHDv3.png,jawi,train,149,69,68,4.47213595499958,,0.06576670522058205
qD5voz8b.png,lampung,train,789,60,50,4.0,0.0,0.08
Age0JNbQ.png,sunda,train,61,35,20,4.0,,0.2
ITHAgai3.png,sunda,train,70,54,41,5.656854249492381,,0.13797205486566783
YXbcy3oP.png,sunda,train,801,47,37,4.0,0.0,0.10810810810810811
BxMTquT0.png,jawa,train,880,67,67,4.0,-1.0,0.05970149253731343
7irIoeGE.png,jawi,train,209,59,38,5.656854249492381,0.0,0.1488645855129574
XN86ss86.png,lontara,train,936,56,54,6.0,0.0,0.1111111111111111
daByV6JQ.png,jawi,train,150,54,42,4.0,,0.09523809523809523
AUzSWcSf.png,lontara,train,287,30,27,5.656854249492381,0.0,0.20951312035156966
wLhCitPX.png,bali,train,1446,54,54,4.0,0.0,0.07407407407407407
3SpdonBg.png,jawa,train,1032,120,108,4.47213595499958,0.0,0.04140866624999611
Dv1PC14L.png,jawa,train,114,112,80,4.47213595499958,,0.05590169943749475
3oxgppGh.png,sunda,train,425,77,60,5.656854249492381,0.0,0.09428090415820635
lGKE3TNF.png,bali,train,43,49,17,2.8284271247461903,,0.1663780661615406
8cpX2pVc.jpg,lampung,train,543,154,144,2.0,0.0,0.013888888888888888
KWYOosP9.png,lontara,train,942,51,51,6.324555320336759,0.0,0.1240108886340541
kdPAng3j.jpg,lampung,train,1280,720,696,6.0,,0.008620689655172414
mgPKKBl4.png,lampung,train,95,31,29,4.0,-2.0,0.13793103448275862
qNIF9xpH.png,jawi,train,798,93,93,6.324555320336759,0.0,0.06800597118641677
KK8NwYUb.png,jawi,train,686,79,79,6.0,0.0,0.0759493670886076
L7GvB9SI.png,bali,train,586,59,59,4.0,-1.0,0.06779661016949153
lb8jqQ9Z.png,lampung,train,759,60,53,4.0,0.0,0.07547169811320754
SN1gFQw5.png,lontara,train,868,57,57,5.656854249492381,0.0,0.09924305700863825
ZXsmT0Fj.png,bali,train,1400,49,49,4.0,0.0,0.08163265306122448
PUbvkADa.png,bali,train,454,86,78,2.8284271247461903,1.0,0.03626188621469475
LbEfoyRL.png,sunda,train,40,35,28,4.0,,0.14285714285714285
j2jfekri.png,lampung,train,145,36,34,2.8284271247461903,-2.0,0.0831890330807703
1J9z8EVF.png,jawa,train,465,67,67,4.0,0.0,0.05970149253731343
8V7Dp51C.png,jawa,train,669,83,83,2.0,0.0,0.024096385542168676
Bfy60IEV.png,lontara,train,937,51,48,4.0,0.0,0.08333333333333333
FVsfhuVO.png,lampung,train,193,76,61,4.0,,0.06557377049180328
f5oMjiQk.png,sunda,train,28,35,23,4.0,,0.17391304347826086
SduoL81h.png,jawi,train,597,43,43,4.0,0.0,0.09302325581395349
xUX60Xgu.png,sunda,train,228,44,30,4.0,0.0,0.13333333333333333
8GwoggUh.png,lontara,train,938,54,53,7.211102550927978,0.0,0.1360585386967543
0N0V9FXy.png,bali,train,880,59,59,4.0,0.0,0.06779661016949153
VefKtaqY.png,sunda,train,64,55,45,4.0,,0.08888888888888889
no4XV7SZ.png,pegon,train,155,139,139,4.0,,0.02877697841726619
TF7oMvRR.png,lontara,train,940,51,49,4.47213595499958,0.0,0.09126808071427714
pZGYnrBi.png,pegon,train,153,113,113,4.0,,0.035398230088495575
LYew8Miu.png,sunda,train,178,40,35,4.0,0.0,0.11428571428571428
TxpoAc8g.png,jawa,train,1005,105,105,4.47213595499958,-1.0,0.042591770999996
sS3UYDJU.png,lampung,train,185,96,96,4.0,,0.041666666666666664
JcwVP8p1.png,lampung,train,135,36,31,4.0,-2.0,0.12903225806451613
wcNVMVpy.png,bali,train,542,67,62,4.0,0.0,0.06451612903225806
zNelCQlA.png,jawi,train,698,64,49,4.0,0.0,0.08163265306122448
9qNbmXLt.png,sunda,train,709,51,37,4.0,0.0,0.10810810810810811
kVhRKlm2.png,lontara,train,984,57,57,4.0,0.0,0.07017543859649122
ELZIsqgV.png,jawa,train,912,74,74,4.47213595499958,-1.0,0.06043426966215648
drKaI6XR.jpg,pegon,train,1247,980,980,2.0,,0.0020408163265306124
J0fKb2vw.png,lampung,train,130,28,26,2.8284271247461903,-4.0,0.10878565864408424
cWr7qr33.png,sunda,train,708,53,42,4.0,0.0,0.09523809523809523
4UCVa5j8.png,lontara,train,933,44,44,5.656854249492381,0.0,0.128564869306645
OOHUhQB2.png,jawi,train,797,73,73,6.0,0.0,0.0821917808219178
nmvGAkFu.png,jawi,train,62,52,42,5.06449510224598,,0.12058321672014237
JUmOmSgQ.png,bali,train,900,71,71,4.0,-1.0,0.056338028169014086
rAfLy9SD.png,jawa,train,663,82,82,4.0,-1.0,0.04878048780487805
FVVfuJdX.png,bali,train,1349,61,61,4.0,-1.0,0.06557377049180328
88Ooz9IA.png,jawi,train,156,69,64,4.47213595499958,,0.06987712429686843
oqcnYu2y.png,jawi,train,810,83,83,8.0,-1.0,0.0963855421686747
bBwVfDRj.png,pegon,train,123,120,120,4.0,,0.03333333333333333
Loi9EW9p.png,jawi,train,500,65,46,4.0,0.0,0.08695652173913043
3YQhv7gK.png,pegon,train,141,127,127,4.0,,0.031496062992125984
eErPkRSe.png,lampung,train,143,43,41,2.0,-3.0,0.04878048780487805
rDtYHUS6.png,jawa,train,853,71,71,4.47213595499958,-1.0,0.06298783035210676
3Q4CXWh2.png,jawi,train,276,56,37,4.0,0.0,0.10810810810810811
cVVGbu11.png,lampung,train,97,38,28,2.8284271247461903,,0.10101525445522108
2Xxw4tCi.png,sunda,train,134,47,31,4.0,,0.12903225806451613
TYJYoiL0.png,jawa,train,486,51,51,2.8284271247461903,-1.0,0.0554593553871802
bvV4zmMc.png,pegon,train,108,104,104,4.0,,0.038461538461538464
d5RdQtn0.png,bali,train,73,62,49,2.0,,0.04081632653061224
JDYNia3z.png,lampung,train,124,36,36,4.0,-8.0,0.1111111111111111
P5yudurv.jpg,lampung,train,952,476,381,2.8284271247461903,,0.007423693240803649
hXjpkoQs.png,bali,train,1402,59,59,4.0,0.0,0.06779661016949153
RHE19o0W.png,jawa,train,88,91,68,6.0,,0.08823529411764706
PBmR49Uf.png,jawa,train,664,61,61,2.0,0.0,0.03278688524590164
JvdxphQC.png,jawa,train,588,62,62,2.8284271247461903,0.0,0.04561979233461597
8DzvCPeU.png,lampung,train,178,72,62,2.8284271247461903,,0.04561979233461597
3CimsDAy.png,lontara,train,921,50,49,4.0,0.0,0.08163265306122448
dKpZfhoe.jpg,pegon,train,738,1600,1566,5.656854249492381,,0.003612295178475339
Zc20rlVi.png,jawi,train,151,37,31,4.0,-2.0,0.12903225806451613
5x79ioxC.png,lontara,train,950,59,59,5.656854249492381,0.0,0.09587888558461662
M1WsjN7B.png,bali,train,1377,62,62,2.8284271247461903,0.0,0.04561979233461597
b29ZHVzg.png,jawa,train,932,113,113,4.0,0.0,0.035398230088495575
ruBJ8985.png,bali,train,1410,61,61,4.0,0.0,0.06557377049180328
tyCBHhT7.png,bali,train,1384,76,76,2.8284271247461903,-1.0,0.03721614637823935
utXFcWR0.png,lampung,train,136,32,31,2.0,0.0,0.06451612903225806
9f2RmkhZ.png,lontara,train,895,52,52,5.656854249492381,-1.0,0.10878565864408424
uMgNTXf7.png,jawi,train,67,41,41,2.8284271247461903,,0.06898602743283391
s2rSilLa.png,jawa,train,573,64,64,4.0,0.0,0.0625
Su78hVU3.png,bali,train,199,58,46,2.0,2.0,0.043478260869565216
0ZA9rEyg.png,jawi,train,486,62,62,6.0,-1.0,0.0967741935483871
8bO3UPdr.png,sunda,train,64,43,19,4.0,,0.21052631578947367
sKvUwKyY.png,bali,train,109,65,48,2.0,,0.041666666666666664
1cLaweRD.png,sunda,train,787,65,54,4.47213595499958,0.0,0.08281733249999222
kI1F48fG.jpg,sunda,train,566,619,600,2.0,,0.0033333333333333335
QXjb5GEa.jpg,lampung,train,720,1280,1280,4.47213595499958,,0.0034938562148434217
2v8NSzWR.jpg,pegon,train,490,354,345,2.0,,0.005797101449275362
TOVwIVEf.png,sunda,train,162,63,53,4.47213595499958,,0.08437992367923736
7FbIlPLp.png,sunda,train,32,36,24,4.0,,0.16666666666666666
UJpfbfsg.png,sunda,train,79,55,38,4.47213595499958,,0.11768778828946262
gAfWps2z.png,lontara,train,113,48,32,5.82842712474619,,0.18213834764831843
v39deMFw.png,jawi,train,789,85,85,6.0,-1.0,0.07058823529411765
9l4LMazG.png,lontara,train,1366,768,669,2.0,,0.0029895366218236174
7IGLH2dO.png,lampung,train,174,99,99,4.0,,0.04040404040404041
xYBnbe3B.png,jawi,train,356,71,50,4.0,-1.0,0.08
RJm0mhjJ.png,bali,train,1345,66,66,2.8284271247461903,-1.0,0.04285495643554834
2gBPYKUy.png,lampung,train,917,49,42,4.0,0.0,0.09523809523809523
C2kiRpvg.png,lampung,train,306,95,95,4.0,-6.0,0.042105263157894736
ZkPkzMVZ.png,lontara,train,869,52,52,4.47213595499958,1.0,0.08600261451922268
TlLIdWBx.png,bali,train,985,74,74,2.8284271247461903,-1.0,0.03822198817224581
zvVGHDa8.png,lampung,train,138,43,42,4.0,0.0,0.09523809523809523
meR0J78v.png,sunda,train,488,77,77,4.0,0.0,0.05194805194805195
2K3X6GAy.png,bali,train,1378,66,66,4.0,-1.0,0.06060606060606061
fpsgb5GV.png,lampung,train,144,35,31,2.8284271247461903,1.0,0.09123958466923195
6Cev0IvT.png,jawi,train,778,82,81,6.0,0.0,0.07407407407407407
DDZDSwBa.png,sunda,train,112,58,51,4.0,,0.0784313725490196
d81F6pxi.jpg,lampung,train,735,1040,931,6.0,,0.00644468313641246
latPvf22.png,lampung,train,154,36,29,4.0,0.0,0.13793103448275862
nVk03uTF.png,sunda,train,124,56,54,4.0,,0.07407407407407407
0QFllkcj.png,lampung,train,152,41,31,4.0,-2.0,0.12903225806451613
0RDJIi3l.png,sunda,train,79,46,26,4.0,,0.15384615384615385
zSKBF5ad.png,jawa,train,605,72,72,2.0,0.0,0.027777777777777776
GwIOVaAX.png,jawa,train,313,51,49,4.0,0.0,0.08163265306122448
oJequP2s.png,jawi,train,434,56,39,5.656854249492381,0.0,0.145047544858779
KpRcwnvc.jpg,lontara,train,404,316,162,6.324555320336759,,0.039040464940350364
NZBjmIhk.png,jawa,train,527,98,98,2.0,0.0,0.02040816326530612
vS2CTeHK.png,jawa,train,804,86,86,4.0,-1.0,0.046511627906976744
eKB19B9H.png,bali,train,1335,62,62,4.0,-1.0,0.06451612903225806
Tm8uX9iq.png,bali,train,1360,63,63,4.0,0.0,0.06349206349206349
mpyCVm2l.png,lampung,train,145,43,39,2.8284271247461903,0.0,0.0725237724293895
4pwX2kyE.png,jawi,train,829,77,77,6.0,0.0,0.07792207792207792
pTjUat0g.png,bali,train,1416,71,71,4.0,-1.0,0.056338028169014086
YRgtG06r.png,jawa,train,917,78,78,4.0,0.0,0.05128205128205128
ZJApdQO8.png,bali,train,1379,59,59,4.0,-1.0,0.06779661016949153
BBsr7HcW.png,lontara,train,930,51,50,4.0,0.0,0.08
qWzOPFo0.png,jawi,train,802,76,76,7.211102550927978,-1.0,0.09488292830168392
N8Yk7V2S.png,pegon,train,132,132,131,4.0,,0.030534351145038167
RZCNpDjT.png,lampung,train,154,40,31,4.0,0.0,0.12903225806451613
k7EpqbzA.png,bali,train,1518,61,61,4.0,0.0,0.06557377049180328
uKajDrCg.png,sunda,train,156,44,40,4.0,0.0,0.1
Stz7sK8i.png,jawa,train,645,75,75,2.0,0.0,0.02666666666666667
bVgj6Mdi.png,jawa,train,861,62,60,4.0,0.0,0.06666666666666667
cb7H0D9R.png,jawi,train,35,32,22,6.0,,0.2727272727272727
8ceaN5wf.png,sunda,train,169,42,30,4.0,0.0,0.13333333333333333
rcZRQhKq.png,lampung,train,151,42,40,2.8284271247461903,-1.0,0.07071067811865475
kNo6RDgF.png,jawi,train,450,63,59,4.0,-1.0,0.06779661016949153
4cnCZdqC.png,lontara,train,934,57,51,4.47213595499958,0.0,0.08768894029410941
pUEcgZgt.png,jawi,train,214,79,73,4.0,,0.0547945205479452
GlbexYJY.png,jawa,train,869,70,70,4.0,0.0,0.05714285714285714
5qK8FD2Q.png,lontara,train,401,52,42,5.656854249492381,0.0,0.13468700594029479
Qloh0D5F.png,jawi,train,678,45,32,2.0,0.0,0.0625
hbVoPQCx.png,sunda,train,106,58,54,4.0,,0.07407407407407407
KRf6HW6W.png,pegon,train,101,90,90,4.0,,0.044444444444444446
WjjjhAoK.png,jawa,train,990,75,75,2.0,0.0,0.02666666666666667
HtTc2pix.png,lontara,train,935,50,44,5.656854249492381,0.0,0.128564869306645
fyBYiJYM.png,bali,train,448,66,66,2.8284271247461903,0.0,0.04285495643554834
cgV69blO.jpg,jawi,train,1080,763,655,2.0,,0.0030534351145038168
GzgHn1P7.png,lampung,train,149,42,42,2.8284271247461903,0.0,0.06734350297014739
lqAQn4yG.png,lampung,train,125,29,29,2.8284271247461903,-2.0,0.09753196981883415
wWTo0MFR.png,lontara,train,703,54,54,4.0,0.0,0.07407407407407407
NRYHEHUN.png,lontara,train,395,50,50,4.47213595499958,0.0,0.08944271909999159
P64Ivxum.png,jawi,train,832,79,79,7.211102550927978,0.0,0.0912797791256706
UVZEzER1.png,lontara,train,847,36,36,4.47213595499958,-2.0,0.12422599874998833
esHtTrpO.png,lontara,train,947,56,56,4.47213595499958,-1.0,0.07985957062499249
hGhWp1NA.png,jawa,train,928,76,76,4.0,0.0,0.05263157894736842
kqud6xaj.png,bali,train,111,56,45,2.0,,0.044444444444444446
57yHneEm.png,sunda,train,789,69,60,4.47213595499958,0.0,0.07453559924999299
ml4uHLlO.png,sunda,train,819,71,55,4.0,-1.0,0.07272727272727272
MzTT3zZ0.png,sunda,train,146,48,44,4.0,0.0,0.09090909090909091
xHew3tgK.png,jawi,train,770,63,53,4.0,0.0,0.07547169811320754
lwvKN1mf.png,jawa,train,912,82,82,4.47213595499958,-1.0,0.05453824335365341
fI28pTaG.png,jawa,train,329,52,52,4.0,0.0,0.07692307692307693
DnWDDnKs.webp,pegon,train,600,338,338,2.0,,0.005917159763313609
szoyK3vk.png,sunda,train,124,58,47,4.47213595499958,,0.0951518288297783
lkCM0ApG.png,jawa,train,760,71,69,4.0,-1.0,0.057971014492753624
GGJKEOHR.png,jawa,train,840,66,66,4.47213595499958,0.0,0.06775963568181181
ckJND3QK.png,jawi,train,121,31,20,4.0,0.0,0.2
LBlGLJh4.png,pegon,train,144,151,151,4.0,,0.026490066225165563
JjMbsu9W.png,jawi,train,466,63,63,5.656854249492381,1.0,0.08979133729352985
Ii5jq5tb.png,sunda,train,182,74,56,5.656854249492381,,0.10101525445522108
OBChuUs5.png,lontara,train,931,51,49,6.324555320336759,0.0,0.12907255755789304
kUOr3bB8.png,jawi,train,74,58,43,6.0,,0.13953488372093023
RRqYagJ5.png,sunda,train,821,68,54,4.0,-1.0,0.07407407407407407
H89KMDbC.png,jawi,train,955,82,69,4.0,0.0,0.057971014492753624
DRyqEjHp.png,jawa,train,739,86,86,4.0,-1.0,0.046511627906976744
ulyIU2GL.png,sunda,train,730,66,49,4.0,-1.0,0.08163265306122448
bSmzSSsW.jpg,lampung,train,700,350,269,2.0,,0.007434944237918215
conX5YDI.png,lontara,train,949,35,35,4.0,-1.0,0.11428571428571428
HDyDD40V.png,jawi,train,395,51,49,6.0,0.0,0.12244897959183673
sO4z1h9a.png,lontara,train,803,49,49,4.0,0.0,0.08163265306122448
kJa4pVAt.png,lampung,train,145,42,42,2.0,0.0,0.047619047619047616
AzC6Ngq5.png,bali,train,1540,63,63,2.8284271247461903,0.0,0.044895668646764926
p3mRH8k9.png,jawi,train,42,33,29,4.0,,0.13793103448275862
haK6l0mj.png,jawa,train,977,66,66,2.0,0.0,0.030303030303030304
5RFPyYko.png,jawa,train,494,114,114,2.0,0.0,0.017543859649122806
Nm33djBd.png,pegon,train,826,81,81,4.47213595499958,0.0,0.05521155499999481
6rU10qVE.png,jawa,train,874,71,59,4.0,-1.0,0.06779661016949153
Bi3agbH6.png,lontara,train,857,59,59,5.656854249492381,-2.0,0.09587888558461662
iGdvsmXp.png,jawi,train,75,43,40,6.0,,0.15
cCReGwbS.png,bali,train,1453,70,70,4.0,0.0,0.05714285714285714
0lPkokiG.jpg,lampung,train,1000,915,788,10.0,,0.012690355329949238
BcdssRE5.png,jawa,train,941,66,60,4.47213595499958,0.0,0.07453559924999299
KFHipTFg.jpg,jawa,train,240,172,167,2.0,,0.011976047904191617
CtRDviFi.png,sunda,train,793,50,36,4.0,0.0,0.1111111111111111
ATVIVynT.png,jawi,train,58,45,25,4.0,,0.16
Naf8DwKt.png,sunda,train,44,54,31,6.0,,0.1935483870967742
7roqip05.png,sunda,train,655,80,63,5.656854249492381,0.0,0.08979133729352985
dWtx8gvp.png,jawi,train,486,100,95,6.0,0.0,0.06315789473684211
3zbf5W4B.png,lontara,train,818,40,40,4.47213595499958,0.0,0.1118033988749895
GgxjirJ3.png,jawa,train,854,66,66,4.0,-1.0,0.06060606060606061
2OlQVE2N.png,pegon,train,105,75,50,6.0,,0.12
ZSYJH5VG.png,jawi,train,375,72,72,6.0,0.0,0.08333333333333333
GPLTojcO.png,lampung,train,155,36,34,2.0,-5.0,0.058823529411764705
9s8Bhmvh.png,lontara,train,865,71,71,4.47213595499958,-2.0,0.06298783035210676
lDTf1iaZ.png,jawa,train,891,79,75,4.47213595499958,0.0,0.0596284793999944
lWqGfthg.jpg,jawi,train,250,377,284,4.0,,0.014084507042253521
iKHNIvf8.png,pegon,train,154,131,131,2.8284271247461903,,0.021591046753787712
kfDuOEST.png,jawi,train,831,45,42,4.0,0.0,0.09523809523809523
DlIWXqaP.png,jawi,train,389,57,51,6.0,0.0,0.11764705882352941
KSS3erX3.png,sunda,train,712,53,37,4.0,0.0,0.10810810810810811
j3myIAOs.png,bali,train,213,58,56,2.0,0.0,0.03571428571428571
CuJLhxdY.png,jawa,train,618,84,84,4.0,-1.0,0.047619047619047616
3LGwwLqE.png,pegon,train,161,150,148,4.0,,0.02702702702702703
lFWhw6zZ.png,lontara,train,936,51,51,5.656854249492381,0.0,0.1109187107743604
GtFrXMZ2.png,sunda,train,71,61,43,5.656854249492381,,0.13155474998819489
xJBRkfU6.png,bali,train,1398,59,59,4.0,0.0,0.06779661016949153
Mb4Dtbtk.png,jawi,train,58,55,35,4.0,,0.11428571428571428
TPjl9pb9.png,sunda,train,40,35,24,4.47213595499958,,0.18633899812498247
FONFMieM.png,lontara,train,945,45,44,5.656854249492381,0.0,0.128564869306645
syfMB5i1.png,lampung,train,149,36,29,4.0,2.0,0.13793103448275862
Uzp4wJfZ.png,lampung,train,103,44,31,4.0,,0.12903225806451613
ZOJNOSoS.png,sunda,train,126,58,46,4.47213595499958,,0.09722034684781695
vfn8246d.png,jawa,train,919,74,74,4.0,0.0,0.05405405405405406
lf1NA7Yz.png,jawi,train,121,38,34,4.0,0.0,0.11764705882352941
AkdjzDcY.png,bali,train,1514,61,61,2.8284271247461903,0.0,0.046367657782724434
UQcTiICv.png,jawi,train,119,81,73,6.0,,0.0821917808219178
qKCjTzaN.png,jawa,train,889,73,73,4.0,0.0,0.0547945205479452
c5vOU9Ed.png,bali,train,1548,56,56,2.8284271247461903,0.0,0.05050762722761054
QFDYs1zj.png,pegon,train,153,156,156,4.0,,0.02564102564102564
jaeOGFiu.png,lampung,train,235,89,89,4.0,,0.0449438202247191
p5RQxEEQ.png,sunda,train,164,58,51,4.0,,0.0784313725490196
mdcWJNhe.png,jawa,train,916,68,68,4.0,0.0,0.058823529411764705
6xjkxiUz.png,jawa,train,116,82,54,4.0,,0.07407407407407407
RA3JJ73G.png,jawa,train,542,110,105,4.47213595499958,-1.0,0.042591770999996
A1YI6YAE.png,lampung,train,117,38,34,4.0,4.0,0.11764705882352941
dFl0KuYJ.png,sunda,train,166,153,132,2.0,,0.015151515151515152
k8urWBU9.png,jawa,train,1005,106,106,4.47213595499958,-1.0,0.04218996183961868
ReeXHTHV.png,bali,train,1243,56,56,2.8284271247461903,0.0,0.05050762722761054
Jb4ww86B.png,bali,train,1555,66,66,4.0,0.0,0.06060606060606061
i1hlrJir.png,jawi,train,152,78,71,6.0,,0.08450704225352113
XdEdDVjt.png,bali,train,451,73,67,2.8284271247461903,0.0,0.04221533022009239
pb5Keklp.png,jawi,train,32,37,26,4.0,,0.15384615384615385
DMKj60Wf.png,sunda,train,796,87,76,2.8284271247461903,-1.0,0.03721614637823935
quqqBFaT.png,pegon,train,820,86,86,4.47213595499958,0.0,0.052001580872088136
yc1w3IGR.png,jawi,train,80,53,52,5.82842712474619,,0.1120851370143498
mb4HqMUq.png,sunda,train,64,54,38,4.47213595499958,,0.11768778828946262
hB6WAl6r.png,pegon,train,196,163,163,4.0,,0.024539877300613498
4i7Nrw6G.png,jawi,train,809,76,76,8.0,0.0,0.10526315789473684
ttE3AN4T.png,jawa,train,835,61,59,4.0,-1.0,0.06779661016949153
hRKL1niD.png,lampung,train,96,36,22,2.8284271247461903,,0.128564869306645
707uZmNF.png,lampung,train,154,37,31,4.0,0.0,0.12903225806451613
wPfngsjL.png,jawi,train,806,87,87,8.0,-1.0,0.09195402298850575
m2Ui2a65.png,sunda,train,805,51,46,4.0,0.0,0.08695652173913043
VKPxizTW.png,bali,train,1410,69,67,2.8284271247461903,0.0,0.04221533022009239
gHwP5faW.png,lontara,train,945,58,55,7.211102550927978,0.0,0.1311109554714178
n2fooew4.png,lontara,train,426,68,68,4.47213595499958,-2.0,0.06576670522058205
qv8MPAZZ.png,jawa,train,900,71,71,2.0,0.0,0.028169014084507043
HlHV3i61.png,jawa,train,894,96,96,4.47213595499958,-1.0,0.04658474953124562
W1I6n8PU.png,bali,train,1510,64,64,4.0,0.0,0.0625
qXCFidUW.png,pegon,train,133,128,128,2.8284271247461903,,0.02209708691207961
v4Wtdh0k.png,jawa,train,628,91,91,2.0,0.0,0.02197802197802198
brW64y2l.png,lampung,train,103,38,31,2.8284271247461903,,0.09123958466923195
DLftqOJn.png,jawa,train,661,73,73,2.0,0.0,0.0273972602739726
qzbZzHEh.png,lampung,train,147,31,29,2.8284271247461903,0.0,0.09753196981883415
K80SJ6gJ.png,jawi,train,244,48,31,2.0,0.0,0.06451612903225806
pq8rWA4S.png,jawi,train,557,52,52,6.0,0.0,0.11538461538461539
KK5wchO8.png,sunda,train,81,41,31,4.0,,0.12903225806451613
I3bk9vMY.png,jawa,train,474,67,67,4.0,1.0,0.05970149253731343
OcIQAZm5.png,jawi,train,80,77,77,6.0,,0.07792207792207792
hUJeFeCS.png,lampung,train,334,62,61,4.0,0.0,0.06557377049180328
je4CKCGF.png,sunda,train,794,82,67,4.47213595499958,0.0,0.06674829783581462
xXjlWoIB.png,sunda,train,161,42,35,4.0,0.0,0.11428571428571428
K3XaiW1B.png,lampung,train,139,31,28,2.8284271247461903,0.0,0.10101525445522108
RTFSbVj1.png,lampung,train,212,98,98,4.0,,0.04081632653061224
vWeSwS0f.png,lampung,train,247,68,68,4.0,-2.0,0.058823529411764705
A2eg6TZk.png,jawi,train,85,40,37,6.0,,0.16216216216216217
44OG5x3s.png,sunda,train,40,35,24,4.0,,0.16666666666666666
xoWpVy3M.jpg,bali,train,500,500,500,4.0,,0.008
CqSvfsrM.jpg,lampung,train,570,588,561,2.0,,0.0035650623885918
qyRWutkF.png,jawi,train,66,60,49,6.0,,0.12244897959183673
V1BoyGIl.png,lampung,train,140,36,26,2.8284271247461903,0.0,0.10878565864408424
NMa5ZOZt.png,sunda,train,826,73,66,4.0,-1.0,0.06060606060606061
h3ujPFJx.png,sunda,train,212,43,28,4.0,0.0,0.14285714285714285
wJLSOF58.jpg,lontara,train,770,450,426,2.0,,0.004694835680751174
IgWWRlLR.png,jawi,train,807,88,88,6.324555320336759,0.0,0.07186994682200863
VVERUvw3.png,jawa,train,373,46,46,4.0,0.0,0.08695652173913043
V7shHs7j.png,lontara,train,938,44,43,5.656854249492381,0.0,0.13155474998819489
IyEAH5U6.png,pegon,train,86,64,64,2.8284271247461903,,0.04419417382415922
l21VSeGL.png,jawa,train,970,75,75,4.47213595499958,0.0,0.0596284793999944
zhbMkIs9.png,jawi,train,810,76,76,6.0,0.0,0.07894736842105263
1WPyj5A3.png,lontara,train,887,66,66,4.47213595499958,-2.0,0.06775963568181181
SEvq1hMB.png,bali,train,1411,64,62,2.8284271247461903,0.0,0.04561979233461597
du5jmDay.png,jawa,train,933,73,72,4.0,0.0,0.05555555555555555
Ddq9TJSX.png,sunda,train,800,43,38,4.0,0.0,0.10526315789473684
ODB5WupS.png,bali,train,1400,58,58,2.8284271247461903,0.0,0.048765984909417075
8JJuN4wc.png,pegon,train,143,137,137,4.0,,0.029197080291970802
hN8k7EQS.png,bali,train,391,72,65,4.0,-1.0,0.06153846153846154
yybF3m5Z.png,jawi,train,817,79,79,8.0,0.0,0.10126582278481013
eM3xPkcX.png,jawa,train,973,76,76,2.0,0.0,0.02631578947368421
vFEzgwPg.png,jawa,train,834,66,66,5.656854249492381,0.0,0.08570991287109668
jZVd3dMy.png,jawa,train,900,71,71,4.0,0.0,0.056338028169014086
nihsCLVc.png,jawi,train,235,67,59,7.211102550927978,0.0,0.12222207713437251
3ZfYenHe.png,lontara,train,937,56,54,6.0,0.0,0.1111111111111111
1pjoI8Vk.png,sunda,train,310,37,33,4.0,0.0,0.12121212121212122
dBoBgDiR.png,jawi,train,339,68,68,5.656854249492381,0.0,0.0831890330807703
SxMWNLTh.png,sunda,train,788,73,57,4.47213595499958,0.0,0.07845852552630841
TgOWUXvR.png,lampung,train,262,65,50,4.47213595499958,-1.0,0.08944271909999159
HEZdK2Q0.png,lampung,train,153,42,41,2.0,0.0,0.04878048780487805
YlwWbGg5.png,jawi,train,38,30,27,4.0,,0.14814814814814814
GUNVgR19.png,sunda,train,1196,62,62,4.0,0.0,0.06451612903225806
kTFSjevF.png,jawi,train,196,55,48,4.0,0.0,0.08333333333333333
0GHckJbq.png,sunda,train,665,79,49,5.656854249492381,-1.0,0.11544600509168124
Vq2yShDg.png,lampung,train,892,55,49,4.0,0.0,0.08163265306122448
Inm8bNSA.png,sunda,train,250,42,37,4.0,0.0,0.10810810810810811
EnhSkTfz.png,jawa,train,306,300,300,,,
PwoM0tyX.png,jawi,train,60,52,26,4.0,,0.15384615384615385
knoFpOfg.png,lontara,train,236,49,42,4.47213595499958,0.0,0.10647942749999
3vKf3saV.png,lampung,train,104,38,25,2.8284271247461903,,0.1131370849898476
JIVqdSLV.png,jawa,train,473,50,50,2.8284271247461903,0.0,0.0565685424949238
qkYiMCMr.png,jawi,train,791,85,85,6.0,0.0,0.07058823529411765
wc82l2do.png,pegon,train,173,146,146,4.0,,0.0273972602739726
J5DkO3dk.png,jawi,train,53,47,25,4.0,,0.16
ThNR2Trc.png,jawi,train,44,44,22,4.0,,0.18181818181818182
UjwHu6WB.png,jawa,train,312,151,151,2.0,,0.013245033112582781
SzRbIeqA.png,lontara,train,866,54,54,4.47213595499958,0.0,0.08281733249999222
O9S6paus.png,pegon,train,844,71,71,4.0,1.0,0.056338028169014086
NE1L1AGP.png,jawi,train,100,137,137,4.0,,0.029197080291970802
4vfmWhwX.png,bali,train,1418,64,62,4.0,0.0,0.06451612903225806
LCP4Qoi4.png,lampung,train,121,38,34,4.0,-2.0,0.11764705882352941
e0n0nE8Z.png,lampung,train,137,37,31,2.8284271247461903,0.0,0.09123958466923195
TgirLX7r.png,jawi,train,39,29,27,4.0,,0.14814814814814814
qZZ6OWjy.png,jawa,train,889,44,44,4.0,-1.0,0.09090909090909091
ShG14p8V.png,bali,train,507,70,70,2.0,0.0,0.02857142857142857
cNrccj3K.png,jawa,train,815,84,80,4.47213595499958,0.0,0.05590169943749475
dy8SvhhT.png,sunda,train,168,147,147,2.0,,0.013605442176870748
u3c9ZTqQ.jpg,jawa,train,720,452,396,2.0,,0.005050505050505051
Aa9HGdD5.png,bali,train,1408,67,67,4.0,0.0,0.05970149253731343
9rsZr7JG.png,jawi,train,793,71,71,7.211102550927978,0.0,0.10156482466095744
20FxmV49.png,jawa,train,522,101,82,4.47213595499958,0.0,0.05453824335365341
1WWcZhSj.png,lontara,train,940,57,55,4.47213595499958,0.0,0.08131156281817417
ZX7GGGbT.png,jawa,train,106,83,67,5.656854249492381,,0.08443066044018478
A3q9jZtf.png,jawi,train,375,76,76,6.0,0.0,0.07894736842105263
SzmxwxNp.png,jawa,train,790,87,87,4.47213595499958,-1.0,0.051403861551719304
zV97GX1O.png,lontara,train,490,42,42,6.0,0.0,0.14285714285714285
gNBbqikL.png,lontara,train,937,55,52,7.211102550927978,1.0,0.1386750490563073
CuVzOrbM.png,sunda,train,824,79,79,4.0,1.0,0.05063291139240506
0RrfREkM.jpg,pegon,train,747,531,525,2.0,,0.0038095238095238095
w9XmvLj8.png,pegon,train,97,76,51,4.47213595499958,,0.08768894029410941
Kd0EJ2dJ.png,jawi,train,40,27,27,2.0,,0.07407407407407407
14vVVl4E.png,pegon,train,800,595,595,2.0,,0.0033613445378151263
QcyZjZ3X.png,bali,train,1414,63,62,4.0,0.0,0.06451612903225806
9aRfOJ47.png,bali,train,1384,56,56,2.8284271247461903,0.0,0.05050762722761054
7b6sWGiU.png,jawi,train,403,56,54,4.0,0.0,0.07407407407407407
XubF5e3W.png,jawi,train,52,25,19,4.0,,0.21052631578947367
BtN0snf5.jpg,pegon,train,744,536,536,2.0,,0.0037313432835820895
Dj1KI6OH.png,jawi,train,30,29,19,5.656854249492381,,0.2977291710259148
0YA9J5W1.png,bali,train,415,79,76,4.0,0.0,0.05263157894736842
Dd0jNE9v.png,sunda,train,73,61,47,5.656854249492381,,0.12035860105302937
53pq8UKZ.png,jawi,train,42,42,30,4.0,,0.13333333333333333
NaTwFOSV.png,bali,train,103,85,76,2.0,,0.02631578947368421
fB3TuwJs.png,jawa,train,883,77,70,6.0,-1.0,0.08571428571428572
Kw4PRAzE.png,lontara,train,874,47,47,4.47213595499958,-1.0,0.0951518288297783
dRClM9eF.png,bali,train,1519,68,68,4.0,-1.0,0.058823529411764705
L29NxC85.png,jawa,train,953,73,73,4.47213595499958,0.0,0.06126213636985726
x6TUP3bb.png,jawi,train,24,31,24,4.0,,0.16666666666666666
z62bzXr7.png,lampung,train,257,77,76,4.0,-1.0,0.05263157894736842
dfp1vbRJ.png,jawa,train,355,67,67,2.8284271247461903,1.0,0.04221533022009239
LjHQdn9x.png,lontara,train,931,42,42,7.211102550927978,0.0,0.17169291787923757
VDrAXlPc.png,lontara,train,945,58,58,6.324555320336759,0.0,0.1090440572471855
0TBRdSix.png,jawa,train,676,106,106,2.0,0.0,0.018867924528301886
WDbmuVat.png,lampung,train,143,42,37,2.0,1.0,0.05405405405405406
x9REW93s.png,jawi,train,802,83,83,7.211102550927978,0.0,0.0868807536256383
h0pKPA3F.png,jawi,train,587,43,32,2.0,0.0,0.0625
2WAaMM0i.png,sunda,train,803,87,66,4.47213595499958,0.0,0.06775963568181181
MscHvNuk.png,pegon,train,137,119,119,2.8284271247461903,,0.023768295165934372
RaqdcaK4.png,sunda,train,822,73,60,4.0,-1.0,0.06666666666666667
pVm5BPbD.png,lampung,train,78,31,29,4.0,,0.13793103448275862
rKVeTtSS.png,lampung,train,148,44,33,4.0,0.0,0.12121212121212122
RZTQWF8q.png,lampung,train,99,36,26,2.8284271247461903,,0.10878565864408424
YXJ9nyYF.png,jawi,train,951,82,78,4.0,0.0,0.05128205128205128
0qieWTAa.jpg,pegon,train,446,330,321,2.0,,0.006230529595015576
IE5oHD3M.png,jawa,train,818,74,73,4.47213595499958,0.0,0.06126213636985726
IoxFDRN1.png,jawi,train,66,81,81,6.0,,0.07407407407407407
gKU8FXn9.png,lampung,train,126,37,32,4.0,-2.0,0.125
48uWCL2y.png,lontara,train,931,51,49,7.211102550927978,0.0,0.14716535818220364
MjQUIIgU.png,jawa,train,844,64,64,4.47213595499958,0.0,0.06987712429686843
MLaSwjle.png,sunda,train,130,51,40,4.0,,0.1
b3mX8O1h.png,sunda,train,250,39,34,4.0,0.0,0.11764705882352941
tW90ex0w.png,bali,train,1340,59,59,4.0,-1.0,0.06779661016949153
CKwdiRJV.png,lontara,train,868,57,57,4.47213595499958,0.0,0.07845852552630841
bBVQpdj1.png,lampung,train,82,39,38,4.0,,0.10526315789473684
YG6yAvc0.png,lampung,train,136,36,33,3.414213562373095,-1.0,0.10346101704160894
I3dQluWZ.png,jawa,train,928,58,58,2.0,0.0,0.034482758620689655
0DswLBCf.png,jawi,train,113,69,62,6.0,,0.0967741935483871
xSW9pTyw.png,jawa,train,993,83,83,2.0,0.0,0.024096385542168676
Bu311bOJ.png,sunda,train,228,46,39,4.0,0.0,0.10256410256410256
peQYqrbb.png,jawi,train,798,99,99,6.324555320336759,0.0,0.06388439717511878
7Wq83fQ5.png,jawa,train,845,79,75,4.0,0.0,0.05333333333333334
CUwmDZOk.png,bali,train,83,60,31,2.0,,0.06451612903225806
hcC86FhH.png,jawi,train,952,68,67,4.0,-1.0,0.05970149253731343
hKYgVN4A.png,lampung,train,145,36,36,2.8284271247461903,-4.0,0.07856742013183862
UGgD2DKA.png,jawi,train,789,74,74,6.0,1.0,0.08108108108108109
JUcIlUlw.jpg,jawa,train,480,360,333,2.0,,0.006006006006006006
6VqN6Pck.png,sunda,train,797,78,74,4.47213595499958,0.0,0.06043426966215648
yGjvgw2c.png,jawa,train,675,82,82,2.0,0.0,0.024390243902439025
5RrsLcjU.png,pegon,train,148,123,123,4.0,,0.032520325203252036
DiTgY9CI.png,jawi,train,51,43,25,5.06449510224598,,0.2025798040898392
ZTfpmt2B.png,lontara,train,911,44,44,4.47213595499958,0.0,0.10163945352271772
W9KU9Wvz.png,bali,train,166,80,76,4.0,,0.05263157894736842
XLNKCy5O.png,sunda,train,40,35,24,4.0,,0.16666666666666666
tqy9vNiv.png,lontara,train,932,72,72,4.47213595499958,-2.0,0.06211299937499416
4Ta1hfxP.png,sunda,train,687,62,59,4.0,0.0,0.06779661016949153
sGcIIOD4.png,pegon,train,182,178,178,4.0,,0.02247191011235955
iqPiMuzH.png,pegon,train,836,75,75,4.47213595499958,0.0,0.0596284793999944
yTfUtOrl.png,lontara,train,810,46,46,4.47213595499958,-1.0,0.09722034684781695
CPGVPQih.png,jawi,train,35,33,27,5.656854249492381,,0.20951312035156966
Pwxovv4w.jpg,pegon,train,768,472,472,2.0,,0.00423728813559322
pVaurMOE.png,sunda,train,729,331,316,2.0,,0.006329113924050633
p351Z4S5.png,lontara,train,933,47,47,7.211102550927978,0.0,0.15342771384953144
nPilQvB7.png,bali,train,645,67,66,2.8284271247461903,-1.0,0.04285495643554834
W9YzgCDe.jpg,bali,train,870,1160,1160,2.0,,0.0017241379310344827
g4u9buSM.png,jawi,train,154,49,31,2.0,0.0,0.06451612903225806
zpjnHXjv.png,jawa,train,776,83,78,4.47213595499958,-1.0,0.057335076346148456
XLpfTPXq.png,lontara,train,931,51,47,5.656854249492381,0.0,0.12035860105302937
sraqOBct.png,lampung,train,126,31,23,4.0,-2.0,0.17391304347826086
HOn1Kjg3.png,lampung,train,95,42,33,2.0,,0.06060606060606061
QepjZS9b.png,sunda,train,798,45,38,4.0,0.0,0.10526315789473684
3mcFdk7G.png,pegon,train,172,155,155,4.0,,0.025806451612903226
DraaCBcD.png,jawa,train,902,81,81,6.0,0.0,0.07407407407407407
ZxaB1nEC.png,jawi,train,472,51,51,4.47213595499958,0.0,0.08768894029410941
aeFnWHXI.png,lampung,train,290,80,76,4.0,-3.0,0.05263157894736842
KMr4VEKF.png,lampung,train,147,37,36,2.8284271247461903,0.0,0.07856742013183862
ZwWrOa3o.png,jawi,train,793,81,81,7.211102550927978,0.0,0.08902595741886393
cJsdBlLn.png,lampung,train,718,43,38,2.8284271247461903,0.0,0.0744322927564787
m2in5eft.png,jawi,train,809,77,77,8.0,0.0,0.1038961038961039
j9iNhn8A.png,jawa,train,913,64,64,4.47213595499958,0.0,0.06987712429686843
XG5wyJgA.png,jawi,train,220,48,47,4.0,0.0,0.0851063829787234
crv2qL3d.jpg,jawa,train,483,341,341,2.0,,0.005865102639296188
r2BpthqB.png,lampung,train,111,38,36,2.8284271247461903,,0.07856742013183862
LDOS19XN.png,pegon,train,816,66,66,4.0,1.0,0.06060606060606061
nKVKvIRz.png,sunda,train,807,58,44,4.0,0.0,0.09090909090909091
5U9QYXrR.png,jawi,train,47,50,42,6.324555320336759,,0.15058465048420855
GaYpPtLD.png,bali,train,512,70,69,4.0,-1.0,0.057971014492753624
Skes3FaH.png,jawi,train,23,35,16,4.0,,0.25
gu5us0CH.png,lampung,train,151,40,37,4.0,-5.0,0.10810810810810811
IIUI6655.png,lontara,train,875,55,55,4.47213595499958,-1.0,0.08131156281817417
bUK22ID9.png,lampung,train,156,47,47,2.414213562373095,0.0,0.05136624600793819
3V2y3BS8.png,sunda,train,40,36,25,4.0,,0.16
2XWwj13J.png,jawi,train,794,82,82,7.211102550927978,0.0,0.0879402750113168
HKuAo8pN.png,sunda,train,800,42,37,4.0,0.0,0.10810810810810811
1loLOIK0.png,jawi,train,819,89,89,5.656854249492381,0.0,0.06356016010665597
buiY6ByJ.png,jawi,train,866,60,49,4.0,0.0,0.08163265306122448
1VswsgkH.png,pegon,train,114,108,108,2.8284271247461903,,0.026189140043946207
26CqbMpI.jpg,sunda,train,415,405,322,4.47213595499958,,0.013888620978259564
4hL6fgAt.png,sunda,train,172,65,41,4.0,,0.0975609756097561
d2jkqGaU.png,jawi,train,149,120,120,4.0,,0.03333333333333333
fSs4JQ76.png,jawa,train,624,76,76,4.0,0.0,0.05263157894736842
2nbQorQ6.png,lontara,train,945,53,48,6.324555320336759,0.0,0.13176156917368248
PgwtcEoX.png,jawa,train,93,60,45,4.47213595499958,,0.09938079899999065
segKORP7.png,lampung,train,107,36,33,2.8284271247461903,,0.08570991287109668
ptggm8Dm.png,jawa,train,616,83,83,2.0,0.0,0.024096385542168676
WjO9Cz5R.png,jawi,train,123,31,24,4.0,0.0,0.16666666666666666
NCiHszCQ.png,jawi,train,49,52,26,4.0,,0.15384615384615385
pI6H93As.png,lontara,train,937,59,54,5.656854249492381,1.0,0.10475656017578483
k6xPHhli.png,bali,train,1393,66,66,2.8284271247461903,-1.0,0.04285495643554834
EIbBGv9G.jpg,bali,train,768,1024,496,2.0,,0.004032258064516129
fAFoe01T.png,jawi,train,349,64,62,4.0,0.0,0.06451612903225806
lCnwzD6t.png,jawi,train,719,59,47,4.47213595499958,0.0,0.0951518288297783
xJKkDOHT.png,lontara,train,938,59,54,4.47213595499958,0.0,0.08281733249999222
BrB0zdoq.png,jawa,train,616,71,71,4.0,0.0,0.056338028169014086
ptAschbP.png,lampung,train,282,77,67,4.0,-3.0,0.05970149253731343
0wrkeCaA.png,sunda,train,577,60,60,4.0,0.0,0.06666666666666667
2Z5KwPmp.png,lampung,train,280,82,76,4.0,-1.0,0.05263157894736842
8pOxiJ2F.png,lontara,train,955,61,54,5.656854249492381,0.0,0.10475656017578483
9WzBLHSF.png,bali,train,524,66,66,2.8284271247461903,-1.0,0.04285495643554834
nBOckJ2O.png,jawi,train,881,67,55,4.0,0.0,0.07272727272727272
hX81sT54.png,lontara,train,941,49,46,5.656854249492381,0.0,0.12297509238026914
AHdpVHM7.png,sunda,train,802,56,38,4.0,0.0,0.10526315789473684
cjnsTa5k.png,sunda,train,731,68,57,4.0,-1.0,0.07017543859649122
tu86jf4F.png,lampung,train,149,41,41,2.8284271247461903,-3.0,0.06898602743283391
hDoKvj7h.png,sunda,train,161,63,39,4.0,,0.10256410256410256
HKpOw0E7.png,jawi,train,215,57,50,4.0,0.0,0.08
TMIIvH9S.png,jawi,train,482,55,38,2.8284271247461903,0.0,0.0744322927564787
IPSizNWQ.png,jawi,train,78,71,71,6.0,,0.08450704225352113
u7i9RALq.png,lampung,train,139,42,37,2.8284271247461903,-3.0,0.07644397634449163
oNV6d8Ue.png,sunda,train,783,65,56,5.656854249492381,0.0,0.10101525445522108
r96Tl3Hf.png,bali,train,194,68,68,2.0,,0.029411764705882353
6AktV6iu.png,bali,train,1501,68,68,4.0,-1.0,0.058823529411764705
g45mFPbB.png,lontara,train,954,56,53,7.211102550927978,0.0,0.1360585386967543
68vAJ2QF.png,sunda,train,357,47,36,4.0,0.0,0.1111111111111111
sGuwuaSx.png,sunda,train,73,55,39,4.0,,0.10256410256410256
sSIPm67w.png,bali,train,1372,65,65,4.0,-1.0,0.06153846153846154
9loTSMIh.png,pegon,train,844,74,74,4.0,0.0,0.05405405405405406
ePMlluIs.png,jawa,train,984,66,66,2.0,0.0,0.030303030303030304
fB1k6OYk.jpg,jawa,train,1000,750,750,4.47213595499958,,0.00596284793999944
P52dvVOv.png,lontara,train,939,55,53,5.656854249492381,0.0,0.10673309904702605
RJVhHjwp.png,sunda,train,706,52,46,4.0,0.0,0.08695652173913043
DcqIVlkQ.png,sunda,train,798,91,84,2.0,-1.0,0.023809523809523808
UmAM2xxw.png,bali,train,667,56,56,2.8284271247461903,0.0,0.05050762722761054
SjgjW4Tx.png,jawi,train,398,58,56,4.0,0.0,0.07142857142857142
vNfPJkvY.png,jawi,train,126,47,34,4.0,,0.11764705882352941
BYVSlwwq.png,jawi,train,94,72,54,5.656854249492381,,0.10475656017578483
S956mZFT.png,bali,train,1489,73,73,4.0,-1.0,0.0547945205479452
wfFUMS9o.png,lontara,train,1014,62,62,4.0,0.0,0.06451612903225806
WZfesrhL.png,lontara,train,940,52,52,5.656854249492381,0.0,0.10878565864408424
B9ufMYFb.png,jawi,train,402,62,39,4.47213595499958,0.0,0.11467015269229691
3LzGlLOu.png,lampung,train,167,65,46,4.0,,0.08695652173913043
0ZesCcre.png,lontara,train,941,51,48,4.0,0.0,0.08333333333333333
ZiWzQeWe.png,bali,train,89,60,46,2.0,,0.043478260869565216
d9Khp4Mf.png,lontara,train,942,54,51,5.656854249492381,0.0,0.1109187107743604
6Dsgv9Et.png,jawa,train,911,58,58,4.47213595499958,0.0,0.07710579232757896
NZrTPBsT.jpg,jawa,train,736,1308,1308,4.0,,0.0030581039755351682
0MabuhkW.png,bali,train,101,64,64,2.0,,0.03125
CnouVewX.png,lontara,train,378,49,44,5.656854249492381,-2.0,0.128564869306645
QMe5Qa85.jpg,lampung,train,1200,675,579,4.0,,0.0069084628670120895
9JyFzjKx.png,lampung,train,146,40,35,4.0,-5.0,0.11428571428571428
feyznHRD.png,jawa,train,1013,111,111,4.47213595499958,-1.0,0.04028951310810432
jXxnptdy.png,jawa,train,663,78,78,2.0,0.0,0.02564102564102564
wkyRylPr.png,lampung,train,937,43,37,4.0,0.0,0.10810810810810811
gmPHWaMA.png,pegon,train,130,124,119,2.8284271247461903,,0.023768295165934372
Vtqkkqds.png,lampung,train,236,88,88,2.8284271247461903,,0.03214121732666125
ksrg3wo4.png,pegon,train,120,119,117,2.8284271247461903,,0.024174590809796496
GW5uvkRW.png,jawa,train,681,74,74,2.0,0.0,0.02702702702702703
RjekL8VN.png,sunda,train,801,48,47,4.0,0.0,0.0851063829787234
nQUE5SqL.png,jawi,train,788,76,76,6.324555320336759,0.0,0.08321783316232578
9W5axwiz.jpg,pegon,train,1239,1800,1800,2.0,,0.0011111111111111111
Tm9OdQXS.png,lampung,train,99,40,30,2.8284271247461903,,0.09428090415820635
6n8WgRf6.png,lontara,train,941,63,57,4.47213595499958,1.0,0.07845852552630841
fZ10vd5k.png,sunda,train,55,56,29,6.0,,0.20689655172413793
JP3qTWWa.png,jawi,train,789,88,88,8.0,1.0,0.09090909090909091
X7Mu75aM.png,bali,train,85,75,49,2.8284271247461903,,0.05772300254584062
enIvDFOG.png,jawi,train,860,70,48,4.47213595499958,0.0,0.09316949906249124
g9oS32ZH.png,lampung,train,75,33,23,2.8284271247461903,,0.12297509238026914
TBkFjG3r.png,lampung,train,274,84,78,4.0,-6.0,0.05128205128205128
h6uvGoiY.png,jawa,train,637,80,80,4.0,0.0,0.05
IilOTwi9.png,bali,train,1363,69,66,2.8284271247461903,0.0,0.04285495643554834
jihYyOVk.png,pegon,train,70,96,69,2.0,,0.028985507246376812
4QqymdHS.png,jawi,train,797,113,109,7.211102550927978,0.0,0.06615690413695392
N5yUUVmc.png,lampung,train,145,40,31,2.8284271247461903,1.0,0.09123958466923195
jVRM9bLG.png,pegon,train,398,113,113,7.211102550927978,0.0,0.0638150668223715
BvzTd4IL.png,jawi,train,790,86,86,7.211102550927978,0.0,0.08385002966195323
Hn3NR2qi.png,jawa,train,597,99,99,2.0,0.0,0.020202020202020204
FDimLVa3.png,jawa,train,842,79,79,4.0,-1.0,0.05063291139240506
WAOz0ZE4.png,jawa,train,900,56,56,4.0,0.0,0.07142857142857142
GXjQi5XT.png,jawi,train,802,88,88,7.211102550927978,0.0,0.08194434716963611
XjzuHQqf.png,jawi,train,85,46,34,6.0,,0.17647058823529413
nZXPsFKH.png,bali,train,203,86,86,2.8284271247461903,,0.03288868749704872
UAr5UbQU.png,sunda,train,428,67,53,4.47213595499958,0.0,0.08437992367923736
8nXUopAm.png,pegon,train,152,148,148,4.0,,0.02702702702702703
vXtcdKz0.png,pegon,train,82,70,32,8.48528137423857,,0.2651650429449553
VwGQA44N.png,lampung,train,272,87,86,2.8284271247461903,2.0,0.03288868749704872
eAW798Xv.png,sunda,train,739,65,56,4.0,1.0,0.07142857142857142
xna93YNK.png,jawi,train,324,70,70,5.82842712474619,2.0,0.08326324463923128
m8WqQXdM.png,lontara,train,943,53,50,4.47213595499958,0.0,0.08944271909999159
1aIVpZ2l.jpg,lampung,train,830,556,556,4.0,,0.007194244604316547
N7QMo30a.png,jawi,train,380,70,70,5.656854249492381,0.0,0.08081220356417687
q8zqGHIi.png,jawa,train,103,81,56,4.47213595499958,,0.07985957062499249
FfT3Mhg3.png,jawi,train,330,66,66,6.0,0.0,0.09090909090909091
UPhGM4Nl.png,lampung,train,136,31,28,2.8284271247461903,-2.0,0.10101525445522108
i5E7A3yA.png,bali,train,524,77,69,2.8284271247461903,-1.0,0.04099169746008972
Etv2CI1N.webp,lampung,train,136,296,290,6.0,,0.020689655172413793
aM48OAaT.png,lampung,train,211,72,59,4.0,,0.06779661016949153
pBfubdWd.png,jawi,train,777,67,67,6.0,0.0,0.08955223880597014
Gc67aHgm.png,jawa,train,585,47,47,4.0,-1.0,0.0851063829787234
OCzTk2QT.png,jawa,train,630,88,88,2.0,-1.0,0.022727272727272728
cHq3BUes.png,sunda,train,51,43,26,4.0,,0.15384615384615385
xHinAwkA.png,jawi,train,793,77,77,6.0,0.0,0.07792207792207792
ZhOGt7p1.png,jawa,train,908,61,58,4.47213595499958,0.0,0.07710579232757896
jz49o2DX.png,sunda,train,781,60,56,4.47213595499958,0.0,0.07985957062499249
u3JBbYe7.png,lontara,train,610,44,42,4.47213595499958,-2.0,0.10647942749999
9ZKX8f9o.png,jawa,train,942,56,56,4.47213595499958,0.0,0.07985957062499249
n6Z6w8bi.png,jawi,train,950,61,57,4.0,0.0,0.07017543859649122
NY7qPAoP.png,jawi,train,893,46,46,4.0,1.0,0.08695652173913043
qDNjjL14.png,bali,train,1406,64,64,4.0,0.0,0.0625
W40aaNZO.png,jawi,train,125,67,62,5.82842712474619,,0.09400688910880951
iwpAaVS9.png,jawa,train,434,58,58,4.0,0.0,0.06896551724137931
SZoM5n9t.png,lontara,train,933,46,41,6.0,0.0,0.14634146341463414
JKBbhzU0.png,jawa,train,740,79,77,4.0,-1.0,0.05194805194805195
0iwTJE6k.png,lampung,train,79,31,28,2.8284271247461903,,0.10101525445522108
vFnuGssw.jpg,lampung,train,1000,1673,1516,6.0,,0.00395778364116095
TMsy6o0B.png,lontara,train,918,95,95,4.47213595499958,-2.0,0.04707511531578505
bexck0P3.png,jawi,train,449,94,94,4.0,-1.0,0.0425531914893617
x2L9BHva.png,jawa,train,658,66,66,2.0,0.0,0.030303030303030304
xNFgcLhi.png,lontara,train,971,56,56,7.211102550927978,1.0,0.12876968840942818
PilQ27zJ.png,lampung,train,151,64,54,4.0,,0.07407407407407407
r1npzOw1.png,bali,train,102,51,31,2.0,,0.06451612903225806
UI3jGyTt.png,lampung,train,155,88,81,4.47213595499958,,0.05521155499999481
Nvn5qA11.png,lampung,train,105,42,31,4.0,,0.12903225806451613
xhaFelwo.png,lampung,train,121,43,40,4.0,,0.1
ns70wY86.png,jawa,train,438,93,76,4.47213595499958,0.0,0.05884389414473131
CGBrUkff.png,pegon,train,156,127,127,4.0,,0.031496062992125984
4DT4yDiz.png,jawi,train,651,54,54,5.656854249492381,0.0,0.10475656017578483
cM6x8sr0.png,jawa,train,993,87,87,4.47213595499958,0.0,0.051403861551719304
zBuMPvSO.jpg,pegon,train,300,225,225,2.0,,0.008888888888888889
G3idkeXi.png,sunda,train,144,63,57,4.0,,0.07017543859649122
7jzKCt3u.png,bali,train,1343,70,70,4.0,-1.0,0.05714285714285714
dWZoWlr6.png,jawi,train,799,76,76,7.211102550927978,0.0,0.09488292830168392
0yrRzznr.png,lampung,train,164,78,66,4.0,,0.06060606060606061
RRw3rIar.png,jawi,train,374,62,62,5.656854249492381,-1.0,0.09123958466923195
vmKyrebs.png,pegon,train,74,60,52,2.8284271247461903,,0.05439282932204212
xtQ6Whrv.png,pegon,train,890,74,74,4.0,-1.0,0.05405405405405406
h0stjJad.png,jawi,train,139,79,73,4.47213595499958,,0.06126213636985726
NBrSCBP4.png,lontara,train,778,46,46,4.47213595499958,-2.0,0.09722034684781695
HTEj5HZX.png,lampung,train,113,51,50,2.0,,0.04
OowsNhfe.png,jawi,train,524,57,57,5.656854249492381,0.0,0.09924305700863825
19QcPWu7.png,pegon,train,141,132,132,4.0,,0.030303030303030304
EDVlXN07.png,jawa,train,551,65,65,2.0,0.0,0.03076923076923077
jIS5kZuK.png,jawi,train,303,56,37,4.0,0.0,0.10810810810810811
zRCncChp.png,sunda,train,762,85,69,5.656854249492381,0.0,0.08198339492017943
bhu1tYdU.png,lampung,train,567,48,48,4.0,0.0,0.08333333333333333
GstOwJqY.png,lampung,train,96,38,25,2.8284271247461903,,0.1131370849898476
5s7tp5tB.png,lontara,train,937,48,45,6.324555320336759,-1.0,0.1405456737852613
Ln2QRnMi.png,jawa,train,774,76,72,6.0,0.0,0.08333333333333333
QLqHeQdT.png,bali,train,1402,74,71,4.0,-1.0,0.056338028169014086
y3XQDMZv.jpg,sunda,train,960,1200,1200,4.0,,0.0033333333333333335
IQlmOYcA.png,bali,train,209,67,60,2.8284271247461903,0.0,0.047140452079103175
HrgEozJY.png,lampung,train,375,243,243,2.0,,0.00823045267489712
F10uF6Co.png,jawi,train,14,19,17,4.0,,0.23529411764705882
ssaRhf3L.png,sunda,train,136,63,55,4.0,,0.07272727272727272
OPXC9kMl.png,lontara,train,942,52,52,5.656854249492381,0.0,0.10878565864408424
bJ67yc1f.png,jawi,train,812,78,78,8.0,0.0,0.10256410256410256
LnPrhTAZ.png,jawa,train,926,82,82,4.0,0.0,0.04878048780487805
VZO71h9x.png,bali,train,262,78,69,2.8284271247461903,0.0,0.04099169746008972
hRg2qwvr.png,pegon,train,140,140,140,2.8284271247461903,,0.020203050891044218
TGQ7mHxT.png,bali,train,235,70,64,2.8284271247461903,0.0,0.04419417382415922
pZxR2XMH.png,jawi,train,289,40,30,2.0,0.0,0.06666666666666667
Jm77pTKe.jpg,jawa,train,650,412,409,2.0,,0.004889975550122249
afHczR2W.png,sunda,train,186,43,30,4.0,0.0,0.13333333333333333
AGklOEmZ.png,jawa,train,888,84,83,4.0,-2.0,0.04819277108433735
0tfJxB1a.png,lampung,train,135,29,28,2.8284271247461903,2.0,0.10101525445522108
0wy1wNHA.png,lampung,train,232,93,73,4.0,,0.0547945205479452
lMUp3E7m.png,lampung,train,901,55,44,4.0,0.0,0.09090909090909091
R2GXP3Pu.png,jawa,train,574,58,58,4.0,0.0,0.06896551724137931
oJ455hvM.png,bali,train,205,78,78,2.8284271247461903,,0.03626188621469475
YIJmH1np.png,jawa,train,667,120,120,2.0,0.0,0.016666666666666666
sOL5z0Ty.png,sunda,train,289,47,31,4.0,0.0,0.12903225806451613
pNOkdJT3.png,lontara,train,920,45,42,7.211102550927978,0.0,0.17169291787923757
RPjhIvRd.png,lampung,train,139,43,37,2.8284271247461903,-2.0,0.07644397634449163
XvUUuTIf.png,bali,train,1426,68,66,4.0,0.0,0.06060606060606061
4BuYYd9i.png,jawa,train,617,65,65,4.0,-1.0,0.06153846153846154
JFkmuSPK.png,bali,train,1373,56,56,4.0,0.0,0.07142857142857142
ZGCPT31t.png,lontara,train,491,52,45,6.0,0.0,0.13333333333333333
Yy7R5voO.png,sunda,train,44,54,29,6.0,,0.20689655172413793
qir2Iqgs.png,jawa,train,335,55,55,4.0,0.0,0.07272727272727272
gJeXo3I5.png,lontara,train,638,53,53,6.324555320336759,0.0,0.11933123245918413
J3uxBvVe.png,sunda,train,110,55,48,4.0,,0.08333333333333333
taMMuUIx.png,lampung,train,139,42,36,2.0,-4.0,0.05555555555555555
gYMNzfMo.png,jawa,train,467,49,49,2.8284271247461903,0.0,0.05772300254584062
xetlJ61H.png,lampung,train,139,47,39,2.0,,0.05128205128205128
IKWbnGgJ.png,jawa,train,667,64,64,2.0,0.0,0.03125
SkRildHW.png,jawa,train,958,75,75,4.47213595499958,0.0,0.0596284793999944
oqkddZCi.png,jawa,train,928,77,77,4.0,0.0,0.05194805194805195
RLNrUopx.png,sunda,train,301,43,36,4.0,0.0,0.1111111111111111
vJaL3ISU.png,sunda,train,63,39,23,4.0,,0.17391304347826086
L5ew6cf9.jpg,pegon,train,1200,948,947,6.0,,0.006335797254487857
mDJIHdCv.png,bali,train,301,59,58,2.0,0.0,0.034482758620689655
n0tHVInl.png,pegon,train,75,71,49,8.0,,0.16326530612244897
NVwmEwMO.png,lampung,train,185,62,59,2.0,,0.03389830508474576
MOjCWfLE.png,bali,train,143,51,47,2.0,,0.0425531914893617
7JRMQWBP.png,jawa,train,920,63,63,4.0,0.0,0.06349206349206349
Ve8qLRWH.png,jawi,train,157,75,70,6.0,,0.08571428571428572
hTRcU7KL.png,lontara,train,940,55,55,5.656854249492381,0.0,0.102851895445316
FoQ1SzDc.png,lampung,train,890,55,42,4.0,0.0,0.09523809523809523
I0u2MD7s.png,pegon,train,179,172,172,4.0,,0.023255813953488372
cbBRxFl5.png,lontara,train,939,54,44,6.324555320336759,0.0,0.14373989364401726
bnmNrxH6.png,jawa,train,889,89,81,4.47213595499958,0.0,0.05521155499999481
XE1yQhgw.webp,sunda,train,2048,1152,1152,4.0,,0.003472222222222222
PIFFpjeF.png,sunda,train,64,42,27,4.0,,0.14814814814814814
FbkL6zeW.png,jawi,train,561,64,45,4.0,0.0,0.08888888888888889
hCeHsO0X.png,lampung,train,144,36,36,2.8284271247461903,4.0,0.07856742013183862
cSWRFRxB.png,jawa,train,899,72,72,6.0,-1.0,0.08333333333333333
dGE8N3Cx.png,lampung,train,142,41,34,2.8284271247461903,1.0,0.0831890330807703
4iwimPuq.png,bali,train,208,82,69,2.0,,0.028985507246376812
uMCxq53Z.png,lampung,train,158,81,81,2.8284271247461903,,0.034918853391928274
ajhbUFb1.png,jawi,train,505,49,49,4.0,0.0,0.08163265306122448
uIB2VqCb.png,lampung,train,99,38,33,4.0,,0.12121212121212122
EzWw7doT.png,sunda,train,319,43,27,4.0,0.0,0.14814814814814814
PdPkWWHH.png,jawi,train,53,36,25,4.0,,0.16
4Rrltc8X.png,lampung,train,127,35,32,2.8284271247461903,2.0,0.08838834764831845
K88CO7Tb.png,sunda,train,64,60,46,6.0,,0.13043478260869565
cR3O0tPt.png,lontara,train,946,80,80,4.47213595499958,-1.0,0.05590169943749475
S1ZzFAvu.png,lampung,train,251,92,88,4.0,,0.045454545454545456
V4henON5.png,jawa,train,673,84,84,2.0,0.0,0.023809523809523808
T4CwXbxe.jpg,bali,train,870,286,286,4.0,-1.0,0.013986013986013986
EejC1Gpc.png,lontara,train,978,60,60,4.0,0.0,0.06666666666666667
LHzILCt5.png,jawi,train,798,74,74,6.0,0.0,0.08108108108108109
SYQyPFMm.png,lampung,train,147,36,36,2.8284271247461903,3.0,0.07856742013183862
FXEiRhg0.png,bali,train,90,62,48,2.0,,0.041666666666666664
0Zb29GIM.png,jawa,train,506,89,89,2.0,0.0,0.02247191011235955
WhDJigwu.png,jawi,train,29,32,26,5.06449510224598,,0.1947882731633069
pYoucazY.png,bali,train,1395,63,63,2.8284271247461903,-1.0,0.044895668646764926
DjkVpXOe.png,lampung,train,745,49,40,4.0,0.0,0.1
j4Ob2WUG.png,jawa,train,522,60,60,2.8284271247461903,0.0,0.047140452079103175
iZnqgWWc.png,jawa,train,633,88,88,2.0,0.0,0.022727272727272728
Nj8BpDDz.png,sunda,train,118,60,41,4.0,,0.0975609756097561
WAMz5qlK.png,sunda,train,127,47,43,4.0,,0.09302325581395349
vZ3FHr4C.png,jawa,train,581,89,89,4.0,0.0,0.0449438202247191
x7pzCUYv.png,pegon,train,862,72,72,4.0,0.0,0.05555555555555555
adTHtUHd.png,lontara,train,889,44,44,4.47213595499958,-1.0,0.10163945352271772
Pn086937.png,lampung,train,127,36,31,2.8284271247461903,-1.0,0.09123958466923195
7RxzqF7t.png,jawi,train,794,92,92,8.0,-1.0,0.08695652173913043
HEAYE6QE.png,sunda,train,801,73,61,4.47213595499958,0.0,0.07331370418032097
6shJrnnF.png,jawa,train,942,73,73,4.47213595499958,0.0,0.06126213636985726
Bwt9E0hk.png,jawi,train,787,69,69,7.211102550927978,0.0,0.1045087326221446
PKjyMLm7.png,lontara,train,936,65,52,5.656854249492381,-1.0,0.10878565864408424
6nPmixt0.png,sunda,train,222,39,31,4.0,0.0,0.12903225806451613
I0LX9AHT.png,lampung,train,265,82,76,4.0,-5.0,0.05263157894736842
47bEsIKj.png,jawa,train,460,68,68,2.8284271247461903,1.0,0.04159451654038515
HgqF6Pqp.png,lontara,train,867,60,60,4.47213595499958,-2.0,0.07453559924999299
FDEwreEi.png,lampung,train,117,37,32,4.0,-3.0,0.125
lwCYaowC.png,pegon,train,399,85,85,6.324555320336759,0.0,0.07440653318043246
qyPXddz2.jpg,pegon,train,800,800,800,2.0,,0.0025
TAAqV9K9.png,jawa,train,976,92,92,2.0,0.0,0.021739130434782608
nwF2uotn.png,sunda,train,56,43,27,4.0,,0.14814814814814814
2BEyDibF.png,pegon,train,138,128,128,4.0,,0.03125
O1vH5YwI.png,jawa,train,609,112,112,2.0,0.0,0.017857142857142856
jNOLmgQL.png,jawa,train,654,56,56,2.0,0.0,0.03571428571428571
dwal2hSL.png,lontara,train,938,49,39,5.82842712474619,0.0,0.1494468493524664
6BNeWMqa.png,jawi,train,812,87,87,7.211102550927978,0.0,0.08288623621756297
0og3oXGS.png,jawi,train,816,88,88,7.211102550927978,1.0,0.08194434716963611
WtLnNJFk.png,sunda,train,77,61,55,4.0,,0.07272727272727272
9H7mzKdA.png,bali,train,1375,64,64,2.8284271247461903,0.0,0.04419417382415922
x4VTS4EG.png,pegon,train,130,124,124,4.0,,0.03225806451612903
yb86tnoe.png,jawi,train,164,88,76,4.47213595499958,,0.05884389414473131
QbfRXOMt.png,bali,train,1384,76,76,4.0,-1.0,0.05263157894736842
u0s5BGpz.png,bali,train,1408,61,61,4.0,0.0,0.06557377049180328
ZeasGJyj.png,pegon,train,147,126,126,4.0,,0.031746031746031744
256krqfp.png,sunda,train,40,35,29,4.0,,0.13793103448275862
6KSo7Gog.png,jawi,train,802,98,98,6.324555320336759,0.0,0.06453627877894652
WTnuiFai.png,bali,train,132,59,32,2.0,,0.0625
EK2HtJoO.png,lampung,train,172,77,70,4.0,,0.05714285714285714
qFKpeT4W.png,sunda,train,138,56,56,4.47213595499958,,0.07985957062499249
U0VZtyQG.png,pegon,train,43,50,50,2.8284271247461903,,0.0565685424949238
50t210oB.png,sunda,train,723,69,55,4.0,-1.0,0.07272727272727272
IZOvkFnb.png,jawi,train,51,49,26,4.23606797749979,,0.1629256914422996
z1Bh05Xj.png,sunda,train,792,69,55,4.47213595499958,0.0,0.08131156281817417
HQdqHenE.png,jawa,train,769,84,81,4.0,0.0,0.04938271604938271
BH4GQEXv.png,sunda,train,55,56,31,5.656854249492381,,0.1824791693384639
6k0z1nYo.png,jawi,train,49,45,26,4.0,,0.15384615384615385
AjwosTfp.png,pegon,train,625,905,905,2.0,,0.0022099447513812156
sTF5JF4F.png,jawa,train,992,93,93,4.47213595499958,0.0,0.048087483387092254
jgTWj9Ty.png,jawi,train,843,81,64,4.0,0.0,0.0625
Es5vv048.png,lampung,train,89,43,28,2.8284271247461903,,0.10101525445522108
cE2bXLyt.png,pegon,train,819,60,60,4.0,0.0,0.06666666666666667
946vQ9LQ.png,jawi,train,279,71,51,4.0,0.0,0.0784313725490196
Zg8oA7E0.png,sunda,train,41,44,27,4.0,,0.14814814814814814
esnjGQul.png,lampung,train,594,56,37,4.0,0.0,0.10810810810810811
S2FxkwQy.png,sunda,train,81,54,37,4.47213595499958,,0.12086853932431296
RY9pKXN7.jpg,bali,train,500,300,300,2.0,,0.006666666666666667
pQD7Qj8N.png,bali,train,158,51,39,2.0,0.0,0.05128205128205128
kne37dqn.jpg,jawa,train,1280,720,720,4.47213595499958,,0.006211299937499416
LGE9zS04.png,jawi,train,805,84,84,6.0,0.0,0.07142857142857142
ExPEyQWf.png,pegon,train,851,53,53,4.0,0.0,0.07547169811320754
Sfo6dZpC.png,lontara,train,796,38,38,4.47213595499958,-1.0,0.11768778828946262
gF7KzaLt.png,pegon,train,139,123,123,4.0,,0.032520325203252036
glUdQABh.png,pegon,train,155,153,153,2.8284271247461903,,0.018486451795726735
b9hk8Iir.png,jawi,train,410,53,53,6.0,0.0,0.11320754716981132
eg2cftsm.png,jawi,train,35,33,30,4.0,,0.13333333333333333
2cxCSqBA.png,lampung,train,131,37,28,4.0,-2.0,0.14285714285714285
VeKZboCk.png,lampung,train,107,48,47,2.0,,0.0425531914893617
qXTvUDpp.png,jawa,train,806,61,60,4.0,-1.0,0.06666666666666667
rlAo2Dbn.png,sunda,train,755,79,68,5.656854249492381,0.0,0.0831890330807703
iT8p6V9g.png,bali,train,99,46,38,2.0,,0.05263157894736842
rwhBNoli.png,jawi,train,175,51,30,2.0,0.0,0.06666666666666667
j8Ca2MNo.png,bali,train,212,61,61,2.0,0.0,0.03278688524590164
gekcXoV6.png,jawi,train,400,62,44,4.0,0.0,0.09090909090909091
lBQfj5Tg.png,jawi,train,60,51,26,4.0,,0.15384615384615385
OHeT6bhg.png,sunda,train,571,46,38,4.0,0.0,0.10526315789473684
8LgQHBWJ.png,sunda,train,69,37,28,4.0,,0.14285714285714285
E1sMhlU6.png,jawa,train,916,76,76,2.0,0.0,0.02631578947368421
0adtYzoP.png,lampung,train,152,40,33,2.8284271247461903,4.0,0.08570991287109668
z0U5RS9E.png,sunda,train,820,67,55,4.0,-1.0,0.07272727272727272
c0yCauCn.png,bali,train,1552,71,71,4.0,0.0,0.056338028169014086
pZ4jPKQt.png,jawi,train,82,63,54,4.0,,0.07407407407407407
wVSJnIqQ.png,sunda,train,235,40,35,4.0,0.0,0.11428571428571428
TqM6sElv.png,jawi,train,301,58,55,4.0,0.0,0.07272727272727272
EbCet6oh.png,jawi,train,81,49,24,4.0,,0.16666666666666666
YexLSh1S.png,sunda,train,124,58,46,4.47213595499958,,0.09722034684781695
zFmjFJQ6.png,sunda,train,71,47,31,4.0,,0.12903225806451613
ROJHaGXX.png,jawi,train,874,60,51,5.656854249492381,0.0,0.1109187107743604
8A3ZrtYF.png,jawa,train,326,74,62,4.47213595499958,0.0,0.07213122508063838
G87c0lVn.png,jawi,train,849,68,53,4.0,0.0,0.07547169811320754
w2RraQPy.jpg,pegon,train,300,225,225,2.0,,0.008888888888888889
KgLrlvQi.png,lampung,train,147,72,71,4.0,,0.056338028169014086
aBB1Z8RF.png,bali,train,1416,71,71,4.0,-1.0,0.056338028169014086
sutQHxh9.png,lontara,train,992,52,52,4.47213595499958,0.0,0.08600261451922268
InRjyE6O.png,jawi,train,831,46,46,4.0,0.0,0.08695652173913043
inLrY10b.png,jawi,train,793,88,88,6.0,-1.0,0.06818181818181818
GgFGc8Sz.png,sunda,train,169,140,136,2.8284271247461903,,0.020797258270192576
tGpvOFlV.png,jawa,train,393,58,58,4.0,0.0,0.06896551724137931
228yIFIE.png,bali,train,1040,66,66,4.0,0.0,0.06060606060606061
iCpyVmY9.png,pegon,train,85,59,38,5.656854249492381,,0.1488645855129574
RHf49ZhD.png,jawi,train,381,53,53,5.656854249492381,0.0,0.10673309904702605
tl3IX4js.png,jawa,train,605,77,73,4.47213595499958,0.0,0.06126213636985726
ivUufIe8.png,bali,train,1414,56,56,4.0,0.0,0.07142857142857142
7RhX687E.png,pegon,train,900,75,75,4.0,1.0,0.05333333333333334
96QJ34En.png,jawa,train,461,85,75,4.47213595499958,0.0,0.0596284793999944
q5bf1EMd.png,sunda,train,757,92,89,6.0,-1.0,0.06741573033707865
MwYzMNCH.png,lontara,train,833,51,51,4.47213595499958,-2.0,0.08768894029410941
SF44HsU7.png,pegon,train,115,97,97,4.0,,0.041237113402061855
VK4f1P3r.png,lampung,train,108,49,49,2.0,,0.04081632653061224
EZ8UgovW.png,lampung,train,190,68,51,4.0,,0.0784313725490196
jKrkTGqt.png,lampung,train,128,31,31,2.8284271247461903,-2.0,0.09123958466923195
52JFCtsx.png,jawa,train,909,66,66,2.0,0.0,0.030303030303030304
M3kHpfc3.png,sunda,train,752,88,63,5.656854249492381,0.0,0.08979133729352985
8MjE9LQ5.png,lontara,train,875,62,62,4.47213595499958,-1.0,0.07213122508063838
QQi5Tfng.png,jawa,train,576,65,65,4.0,0.0,0.06153846153846154
X97SgL7K.png,sunda,train,147,42,33,4.0,0.0,0.12121212121212122
85lb3nur.png,jawi,train,526,70,70,4.47213595499958,0.0,0.06388765649999399
S7QW6kSt.png,bali,train,404,81,78,4.0,0.0,0.05128205128205128
W5Zgl7D7.png,lampung,train,112,41,25,2.8284271247461903,,0.1131370849898476
3AK8Uu5E.png,bali,train,1375,61,61,4.0,0.0,0.06557377049180328
GqIaLzPa.png,jawa,train,640,74,74,2.0,0.0,0.02702702702702703
AT2ggO6N.png,jawa,train,926,74,74,4.0,0.0,0.05405405405405406
zEKfb4Px.png,jawa,train,660,71,71,4.0,0.0,0.056338028169014086
cWXhhLTH.png,jawi,train,945,58,49,4.0,0.0,0.08163265306122448
d1TnxtrQ.png,sunda,train,799,91,81,2.8284271247461903,-1.0,0.034918853391928274
eRhBRVGT.png,lampung,train,291,80,78,4.0,-5.0,0.05128205128205128
E3CdR6fQ.png,pegon,train,147,145,145,4.0,,0.027586206896551724
jut5gxjK.png,jawi,train,382,62,61,5.656854249492381,1.0,0.09273531556544887
80IMmLOI.png,bali,train,71,61,51,2.0,,0.0392156862745098
AZSBFxTH.png,lampung,train,82,38,29,2.8284271247461903,,0.09753196981883415
CMhKnPqc.png,sunda,train,654,76,65,5.656854249492381,0.0,0.0870285269152674
TlENSHA8.png,sunda,train,65,46,27,4.0,,0.14814814814814814
tTKbehgk.png,bali,train,1361,69,69,4.0,-1.0,0.057971014492753624
6W4aU5Cg.png,sunda,train,282,43,35,4.0,0.0,0.11428571428571428
W430EtBO.png,lampung,train,152,42,42,2.8284271247461903,0.0,0.06734350297014739
LkJkjz8X.png,lampung,train,884,39,36,2.8284271247461903,0.0,0.07856742013183862
9rK6DI1d.png,jawa,train,881,66,66,4.0,0.0,0.06060606060606061
FLLI9khJ.jpg,jawi,train,300,187,187,2.0,,0.0106951871657754
zzcUZhKM.png,jawa,train,392,75,67,2.8284271247461903,1.0,0.04221533022009239
3cJKzTvd.png,sunda,train,151,54,41,4.0,,0.0975609756097561
JtsHS4lO.png,jawi,train,536,69,69,6.0,0.0,0.08695652173913043
YZEJQ1iA.png,jawa,train,434,72,72,2.8284271247461903,1.0,0.03928371006591931
ynf0ei56.png,jawa,train,408,46,46,4.0,0.0,0.08695652173913043
ogPEoW0X.jpg,sunda,train,800,400,400,4.0,,0.01
nTiwCHmF.png,pegon,train,146,140,140,4.47213595499958,,0.031943828249996996
6NC0vexR.png,jawi,train,132,31,29,6.0,0.0,0.20689655172413793
59tMM4UE.png,lontara,train,747,53,53,4.0,0.0,0.07547169811320754
ATAmVTbp.png,jawi,train,799,75,75,8.0,0.0,0.10666666666666667
HEcsD6AX.png,bali,train,5000,1705,1689,24.73863375370596,,0.014646911636297194
0X1noIHO.png,lontara,train,931,49,49,4.47213595499958,0.0,0.09126808071427714
5KGin5ao.png,pegon,train,820,104,104,4.0,-1.0,0.038461538461538464
LqxphThX.png,jawi,train,467,75,53,4.0,-1.0,0.07547169811320754
8W7ONxAA.png,jawa,train,944,81,73,4.0,-1.0,0.0547945205479452
uKebVgpd.png,jawa,train,891,56,56,4.0,0.0,0.07142857142857142
9ZlgBAKg.png,jawi,train,87,32,23,4.0,,0.17391304347826086
zasgaCVk.jpg,pegon,train,1320,990,850,20.8806130178211,,0.02456542707978953
vvDlbkMj.png,jawi,train,243,67,39,5.656854249492381,0.0,0.145047544858779
1GrWUSqh.png,sunda,train,785,69,56,4.47213595499958,0.0,0.07985957062499249
IZwQ8PFs.png,sunda,train,39,35,24,4.0,,0.16666666666666666
TBPe62pw.png,jawa,train,883,72,72,4.0,-1.0,0.05555555555555555
lMYeOBxo.png,bali,train,1432,54,54,4.0,0.0,0.07407407407407407
zfCKqwfY.png,lontara,train,804,50,50,4.47213595499958,-2.0,0.08944271909999159
HAcO5Bc2.png,jawa,train,1005,90,90,4.47213595499958,-1.0,0.049690399499995326
fQ8cDVLW.png,jawa,train,963,79,79,4.47213595499958,-1.0,0.05660931588607063
JyRhOG7t.png,sunda,train,124,54,53,4.0,,0.07547169811320754
cGKjvPmI.png,jawa,train,436,52,52,2.8284271247461903,0.0,0.05439282932204212
onriYlId.png,jawa,train,114,81,81,4.0,,0.04938271604938271
hiCuBuAe.png,jawa,train,902,70,70,2.0,0.0,0.02857142857142857
8U4Q12tu.png,lampung,train,144,36,35,2.8284271247461903,3.0,0.08081220356417687
mSezCFIE.png,lontara,train,939,81,81,5.656854249492381,-2.0,0.06983770678385655
AC7u1TO8.png,jawi,train,20,17,17,2.0,,0.11764705882352941
LvBqIqFv.png,lampung,train,139,31,31,2.8284271247461903,-1.0,0.09123958466923195
PzwFtO0w.png,jawi,train,949,62,53,4.0,0.0,0.07547169811320754
3N5as1d8.png,lontara,train,848,56,56,4.47213595499958,1.0,0.07985957062499249
d0ssbEN9.png,jawa,train,677,69,69,2.0,0.0,0.028985507246376812
OxS7fXK2.png,jawa,train,927,93,93,4.0,-1.0,0.043010752688172046
DfJiDkYP.png,bali,train,85,75,50,2.8284271247461903,,0.0565685424949238
tI1VGJRl.png,jawi,train,950,68,57,4.0,0.0,0.07017543859649122
YDTCOOxQ.png,jawi,train,366,66,66,4.47213595499958,-2.0,0.06775963568181181
Uk7G5B6Y.png,lampung,train,373,81,77,4.0,2.0,0.05194805194805195
97WdaxBp.png,jawi,train,316,65,65,2.0,0.0,0.03076923076923077
Cn5MbohQ.png,sunda,train,51,44,26,4.0,,0.15384615384615385
RP3Nu0cU.png,jawa,train,918,68,65,4.0,-1.0,0.06153846153846154
CMJ08Y3i.png,sunda,train,793,71,62,4.47213595499958,0.0,0.07213122508063838
gpcToES9.png,lampung,train,104,38,32,2.8284271247461903,,0.08838834764831845
ZL5DeXGh.png,pegon,train,111,77,77,2.8284271247461903,,0.036732819801898575
Zm78KvRV.jpg,pegon,train,1360,903,653,4.0,,0.006125574272588055
F4lTayfy.png,jawa,train,978,90,90,4.0,-1.0,0.044444444444444446
Phy7PuM9.png,lontara,train,946,56,52,5.656854249492381,0.0,0.10878565864408424
6k5O7gob.png,pegon,train,816,67,67,4.0,0.0,0.05970149253731343
tmR92W4e.png,pegon,train,188,153,153,4.0,,0.026143790849673203
YOYCZDkj.png,bali,train,1350,68,67,4.0,-1.0,0.05970149253731343
YvWTkXxw.png,pegon,train,379,107,96,6.0,-2.0,0.0625
xtXw0TeJ.png,lampung,train,164,72,67,4.47213595499958,,0.06674829783581462
AJ7e3EE8.png,jawi,train,156,85,72,4.47213595499958,,0.06211299937499416
mHXRdDDb.png,lampung,train,153,36,32,2.8284271247461903,-3.0,0.08838834764831845
Ez9ITg09.png,lampung,train,152,71,59,2.0,,0.03389830508474576
lnSEIPcz.png,bali,train,1376,57,57,2.8284271247461903,0.0,0.049621528504319126
nGtk5is1.png,jawi,train,693,52,52,2.8284271247461903,0.0,0.05439282932204212
jANZZM42.png,jawa,train,898,76,70,4.0,-1.0,0.05714285714285714
1ITIDhKX.png,lampung,train,83,33,28,2.8284271247461903,,0.10101525445522108
pL1TEs2W.webp,pegon,train,759,450,449,4.0,,0.008908685968819599
qFN68Aja.png,lontara,train,940,53,53,5.656854249492381,0.0,0.10673309904702605
iXE7FVx4.png,sunda,train,694,74,55,5.656854249492381,0.0,0.102851895445316
RPAbitNJ.png,jawi,train,36,38,24,4.0,,0.16666666666666666
H5s9IUaI.png,sunda,train,167,62,49,4.0,,0.08163265306122448
LlwIqrqS.png,bali,train,1457,61,61,4.0,0.0,0.06557377049180328
p1ZmXQgH.png,lontara,train,868,63,60,4.47213595499958,1.0,0.07453559924999299
GcWEasCe.png,pegon,train,160,155,155,4.0,,0.025806451612903226
3s2swDnP.png,jawa,train,928,71,71,4.0,0.0,0.056338028169014086
fMTbUwVX.png,sunda,train,327,43,36,4.0,0.0,0.1111111111111111
8Aqs59wk.png,jawi,train,154,56,53,6.324555320336759,,0.11933123245918413
hsGNHx9x.png,lampung,train,138,36,32,4.0,1.0,0.125
dqDHk311.png,jawi,train,37,44,40,4.0,,0.1
M6WzE34H.png,sunda,train,243,46,35,4.0,0.0,0.11428571428571428
nvDb3CIV.png,lontara,train,312,67,67,4.47213595499958,-2.0,0.06674829783581462
KD4ldo29.png,sunda,train,98,54,46,4.47213595499958,,0.09722034684781695
zXdfyU5t.png,jawi,train,797,72,72,8.0,0.0,0.1111111111111111
5a1ltj1G.png,lampung,train,237,115,115,4.0,,0.034782608695652174
I4lzSJd9.png,jawi,train,84,57,26,4.0,,0.15384615384615385
jHlVtGNK.png,bali,train,1549,67,67,4.0,0.0,0.05970149253731343
yUrGJcUt.png,jawa,train,330,58,58,2.0,0.0,0.034482758620689655
dQCt4xEf.png,sunda,train,127,58,52,4.47213595499958,,0.08600261451922268
HoS22JtW.png,lampung,train,84,33,28,2.8284271247461903,,0.10101525445522108
isAtYRoW.png,lontara,train,867,51,50,7.211102550927978,0.0,0.14422205101855956
63nSwhQm.png,lampung,train,140,42,41,4.0,0.0,0.0975609756097561
8WvuXUrM.png,sunda,train,75,42,30,4.0,,0.13333333333333333
rPMoSL7U.png,bali,train,1408,61,61,2.8284271247461903,0.0,0.046367657782724434
VhstHNtA.png,jawa,train,911,62,62,4.47213595499958,0.0,0.07213122508063838
7TRA99ha.png,jawa,train,625,63,63,4.0,-1.0,0.06349206349206349
A6aMCzpT.png,bali,train,1508,66,63,4.0,0.0,0.06349206349206349
yMbFuZGH.png,sunda,train,57,54,38,6.0,,0.15789473684210525
ogy0fw9T.png,lampung,train,209,65,52,2.8284271247461903,-4.0,0.05439282932204212
jDlTjgIJ.png,sunda,train,58,44,26,4.0,,0.15384615384615385
9rr8VvDa.jpg,jawa,train,640,492,463,2.0,,0.004319654427645789
ZizWqC7c.png,sunda,train,783,60,55,4.47213595499958,0.0,0.08131156281817417
3ybdR83A.png,lampung,train,142,42,35,2.8284271247461903,3.0,0.08081220356417687
gamIe9vt.png,lampung,train,135,36,32,2.8284271247461903,-2.0,0.08838834764831845
LjhcNU81.png,sunda,train,330,42,41,4.0,0.0,0.0975609756097561
Xpqd8vk4.png,lontara,train,944,54,52,6.0,0.0,0.11538461538461539
VjLH5u4P.png,jawi,train,85,45,43,4.0,,0.09302325581395349
NFZIt3sH.png,lontara,train,404,316,56,6.0,,0.10714285714285714
Y1SMqClf.png,bali,train,1388,69,64,4.0,0.0,0.0625
LG4wGEN4.png,lampung,train,162,78,61,4.0,,0.06557377049180328
bgn3EjVU.jpg,lampung,train,201,280,275,2.0,,0.007272727272727273
6dURbwBE.png,jawi,train,802,70,70,6.0,-1.0,0.08571428571428572
z5To7Zqy.png,jawi,train,799,77,77,6.0,0.0,0.07792207792207792
jHeGsTl9.png,lontara,train,940,47,43,6.0,0.0,0.13953488372093023
4jgnGbPq.png,sunda,train,570,87,54,5.656854249492381,0.0,0.10475656017578483
gjpwMgUj.png,bali,train,132,59,43,2.0,,0.046511627906976744
IM4mwRgD.png,lampung,train,265,93,93,4.0,,0.043010752688172046
WbYvLu7A.webp,pegon,train,2560,1440,1440,8.0,,0.005555555555555556
Ie4HfMZF.png,pegon,train,130,116,116,2.8284271247461903,,0.024382992454708537
Fa9Sqkkj.png,jawi,train,201,36,23,2.0,0.0,0.08695652173913043
fUmrSdl8.png,lontara,train,944,75,75,4.47213595499958,-1.0,0.0596284793999944
1hT5vZVa.png,jawa,train,300,39,39,4.0,0.0,0.10256410256410256
9E4qY7C5.png,jawa,train,358,72,72,4.0,1.0,0.05555555555555555
lNDHae3z.png,jawi,train,22,31,21,4.0,,0.19047619047619047
Qb63FDof.png,sunda,train,43,36,26,4.0,,0.15384615384615385
Uq6hztpW.png,bali,train,1409,49,49,2.8284271247461903,0.0,0.05772300254584062
bkQMbuRg.png,jawa,train,354,66,66,4.0,-1.0,0.06060606060606061
gWgjb1jF.png,lampung,train,211,84,81,4.0,,0.04938271604938271
wnnJ84RO.png,sunda,train,717,91,84,2.8284271247461903,-1.0,0.033671751485073696
7hmKyk9t.png,jawi,train,257,59,56,4.0,0.0,0.07142857142857142
z4emnKC6.png,jawi,train,309,46,31,2.0,0.0,0.06451612903225806
y7L2loRm.png,jawa,train,679,76,76,2.0,0.0,0.02631578947368421
IcxctJMu.png,jawa,train,675,74,74,2.0,0.0,0.02702702702702703
8sPDOugH.png,sunda,train,528,73,54,4.47213595499958,0.0,0.08281733249999222
2snfANZe.png,sunda,train,431,97,55,5.656854249492381,0.0,0.102851895445316
OxuzrqgY.png,jawa,train,590,66,66,4.0,1.0,0.06060606060606061
8fqiqkQW.png,bali,train,1586,56,56,4.0,0.0,0.07142857142857142
9N5DsZPR.jpg,lampung,train,736,1308,1308,2.0,,0.0015290519877675841
6dpQV8vo.png,lontara,train,934,72,72,5.656854249492381,-1.0,0.07856742013183862
cz3x28z7.png,jawa,train,842,75,75,6.0,0.0,0.08
5jKjFSrz.png,jawi,train,405,69,58,4.0,0.0,0.06896551724137931
NHV79M5y.png,pegon,train,75,69,39,6.767828935632369,,0.17353407527262485
wzc486zM.png,jawa,train,663,74,74,2.0,0.0,0.02702702702702703
8YdXarDv.png,bali,train,88,58,34,2.0,,0.058823529411764705
VFfAUsan.png,lampung,train,887,55,39,4.0,0.0,0.10256410256410256
Qm0ta5uo.png,jawa,train,53,31,26,4.0,,0.15384615384615385
cDBca7cE.png,lampung,train,112,38,38,2.8284271247461903,,0.0744322927564787
3x7VYaFh.png,lampung,train,131,39,39,4.0,0.0,0.10256410256410256
jW64hBug.png,jawa,train,927,76,60,4.0,-1.0,0.06666666666666667
SIL4wPps.png,jawi,train,394,55,53,4.0,0.0,0.07547169811320754
6ENdNftF.png,jawi,train,809,75,75,4.47213595499958,0.0,0.0596284793999944
Fo30St5x.png,pegon,train,122,122,122,2.8284271247461903,,0.023183828891362217
WnYHhg5j.png,bali,train,382,72,53,4.0,0.0,0.07547169811320754
GU1F6lcF.png,sunda,train,218,44,35,4.0,0.0,0.11428571428571428
gQvPKt46.png,sunda,train,143,50,43,4.0,,0.09302325581395349
bLTNpPQA.png,lampung,train,80,26,25,2.8284271247461903,-4.0,0.1131370849898476
JEm2YNFD.jpg,jawa,train,600,356,351,2.0,,0.005698005698005698
y6VQ6w9q.png,jawi,train,329,61,39,4.0,0.0,0.10256410256410256
a2qh7aww.png,jawa,train,1024,335,271,4.0,0.0,0.014760147601476014
zdGnMG5X.png,sunda,train,55,39,27,4.0,,0.14814814814814814
0pQOih09.jpg,jawa,train,626,338,338,2.0,,0.005917159763313609
roSK9yTZ.png,lontara,train,866,74,74,5.656854249492381,-1.0,0.07644397634449163
pJKK2jvz.png,sunda,train,242,42,31,4.0,0.0,0.12903225806451613
4PIoUXqu.png,lampung,train,939,56,38,4.0,0.0,0.10526315789473684
ATHfH6CO.png,jawi,train,549,67,53,4.0,0.0,0.07547169811320754
YC50Y2xf.png,bali,train,397,80,77,4.0,0.0,0.05194805194805195
tCMyaOLi.png,jawi,train,789,68,68,6.0,0.0,0.08823529411764706
Pme1oSin.png,lampung,train,125,44,36,2.0,,0.05555555555555555
3l3Fe0pB.png,jawa,train,271,55,42,4.0,-1.0,0.09523809523809523
tEXmYAkO.jpg,lontara,train,400,391,385,2.0,,0.005194805194805195
b8z69zOQ.png,lontara,train,854,42,42,4.47213595499958,0.0,0.10647942749999
7HldtC9V.png,bali,train,111,56,47,2.0,,0.0425531914893617
e2zApEOz.png,jawi,train,67,60,26,2.0,,0.07692307692307693
GsMZInH1.png,jawa,train,119,56,29,4.47213595499958,,0.1542115846551579
5WIKbWAn.png,jawi,train,139,87,76,6.0,,0.07894736842105263
7K1A9uFM.png,lontara,train,980,60,60,4.47213595499958,1.0,0.07453559924999299
wfzlBCWc.png,pegon,train,877,69,69,4.0,0.0,0.057971014492753624
B5E2DD4E.png,sunda,train,901,67,67,4.0,0.0,0.05970149253731343
E0hQXlzU.png,sunda,train,792,40,36,4.0,0.0,0.1111111111111111
YUgHvvdQ.png,bali,train,1590,61,58,4.0,0.0,0.06896551724137931
fhztY2U3.png,lontara,train,687,36,35,4.47213595499958,0.0,0.12777531299998798
sTA1nYFq.png,sunda,train,240,42,31,4.0,0.0,0.12903225806451613
mKTXY7yc.png,lontara,train,947,46,46,4.47213595499958,0.0,0.09722034684781695
oXIGnv2g.png,sunda,train,802,52,41,4.0,0.0,0.0975609756097561
ioFqOutV.png,jawi,train,606,66,66,4.47213595499958,0.0,0.06775963568181181
rZIKxisy.png,jawi,train,504,62,62,4.47213595499958,0.0,0.07213122508063838
DSzuCQn3.png,jawa,train,957,58,58,4.0,0.0,0.06896551724137931
aoDqHcXM.png,jawa,train,970,88,88,4.47213595499958,0.0,0.05081972676135886
1icXIUfR.jpg,jawa,train,750,487,487,2.0,,0.004106776180698152
xmBBDOZ6.png,jawa,train,305,42,42,4.0,0.0,0.09523809523809523
1hsmUST1.png,jawa,train,907,81,81,4.0,-1.0,0.04938271604938271
VutEMVio.png,jawa,train,945,66,66,2.0,0.0,0.030303030303030304
EYMhIRJg.png,sunda,train,781,69,56,4.47213595499958,0.0,0.07985957062499249
EvWOEOgu.jpg,jawa,train,630,458,458,4.0,,0.008733624454148471
1rPuWUQc.png,jawa,train,924,82,82,2.0,0.0,0.024390243902439025
RkH3Vfp4.png,jawa,train,618,56,56,2.8284271247461903,0.0,0.05050762722761054
MXafWxbJ.png,jawa,train,690,86,78,4.47213595499958,0.0,0.057335076346148456
r5seh29X.png,lontara,train,498,79,79,4.0,-2.0,0.05063291139240506
CgTgNi2V.png,sunda,train,71,55,43,4.0,,0.09302325581395349
p2CxhXPz.png,jawi,train,823,80,80,6.0,0.0,0.075
MFJuflPy.png,sunda,train,751,87,60,5.656854249492381,0.0,0.09428090415820635
cH9bWQc1.png,sunda,train,799,91,91,2.8284271247461903,-1.0,0.03108161675545264
VIeXlYBa.png,lampung,train,194,84,58,2.8284271247461903,,0.048765984909417075
OuOGf9fY.png,jawa,train,287,61,61,4.0,-1.0,0.06557377049180328
LUE7RMJC.png,lontara,train,871,46,46,4.47213595499958,0.0,0.09722034684781695
q5IPy066.png,lampung,train,150,36,34,2.8284271247461903,0.0,0.0831890330807703
FBQDQBpe.png,pegon,train,169,151,151,4.0,,0.026490066225165563
NHfOmNh0.png,lontara,train,837,42,42,5.656854249492381,-1.0,0.13468700594029479
GLILkmon.png,sunda,train,800,48,41,4.0,0.0,0.0975609756097561
L3pUypPe.png,pegon,train,897,82,82,4.0,0.0,0.04878048780487805
XT14baEq.png,sunda,train,702,48,37,4.0,0.0,0.10810810810810811
RstopTOq.png,lontara,train,764,50,50,5.656854249492381,-2.0,0.1131370849898476
DTh1jwdO.png,jawa,train,129,100,100,4.0,,0.04
MeeOibKI.png,bali,train,1530,73,73,2.8284271247461903,-1.0,0.038745577051317676
fRrkaLW7.png,lampung,train,146,44,44,2.0,1.0,0.045454545454545456
R2JFjqRr.png,sunda,train,143,58,51,4.0,,0.0784313725490196
pIe2Shm6.png,jawi,train,440,81,55,4.0,-1.0,0.07272727272727272
9EqCUPK2.png,jawa,train,728,129,129,2.0,0.0,0.015503875968992248
zRvw8GJh.png,sunda,train,145,42,34,4.0,0.0,0.11764705882352941
BlrqXrR3.png,sunda,train,447,89,52,5.656854249492381,0.0,0.10878565864408424
WuXGnCLb.png,bali,train,204,67,67,2.0,0.0,0.029850746268656716
79vWCUW8.jpg,lampung,train,600,338,338,2.0,,0.005917159763313609
9GPJrzaR.png,lontara,train,958,54,54,4.47213595499958,0.0,0.08281733249999222
nSffF8XA.png,jawa,train,585,61,61,4.0,0.0,0.06557377049180328
4PF45YGB.png,sunda,train,379,79,59,5.656854249492381,0.0,0.09587888558461662
02An4T7T.png,sunda,train,44,54,39,6.0,,0.15384615384615385
B8z4S0De.png,jawa,train,904,61,61,4.47213595499958,0.0,0.07331370418032097
cNINOH03.png,lampung,train,145,31,26,4.0,0.0,0.15384615384615385
Bz01Prso.jpg,jawi,train,689,591,489,4.0,,0.0081799591002045
dAIV9TwV.png,jawi,train,72,52,25,2.8284271247461903,,0.1131370849898476
BRUXNKdg.png,jawa,train,659,96,96,2.0,0.0,0.020833333333333332
gJDglhRM.png,jawa,train,923,78,78,2.0,0.0,0.02564102564102564
BacEIvNg.png,lontara,train,943,51,46,5.656854249492381,0.0,0.12297509238026914
mjuI3nGZ.png,sunda,train,799,91,91,2.8284271247461903,-1.0,0.03108161675545264
jdCvJbl9.png,sunda,train,786,75,57,4.47213595499958,0.0,0.07845852552630841
johVZUvs.png,jawa,train,600,450,450,2.0,,0.0044444444444444444
9DlBUhat.png,pegon,train,161,153,153,4.0,,0.026143790849673203
NVotWlLu.png,lampung,train,201,74,57,2.8284271247461903,,0.049621528504319126
VJCL7tIj.png,jawi,train,87,54,25,4.0,,0.16
BJ5K7OU4.png,sunda,train,803,50,41,4.0,0.0,0.0975609756097561
2ZPY6Ojj.png,lontara,train,946,56,51,6.0,0.0,0.11764705882352941
Ktz3gxYq.png,jawa,train,583,65,65,4.0,0.0,0.06153846153846154
CDmbODSB.png,lampung,train,144,41,37,2.0,-1.0,0.05405405405405406
RiDy3edM.png,lontara,train,867,43,43,4.47213595499958,-1.0,0.10400316174417627
bDTNOUEY.png,jawa,train,608,84,84,2.0,0.0,0.023809523809523808
8cEuXyGr.png,sunda,train,690,73,67,4.47213595499958,0.0,0.06674829783581462
1ckKABsF.png,sunda,train,262,37,31,4.0,0.0,0.12903225806451613
PitPRSez.png,jawa,train,978,91,89,4.0,-1.0,0.0449438202247191
n2t4ay2m.png,bali,train,126,74,69,2.0,,0.028985507246376812
jVQNi4td.png,jawi,train,311,66,66,6.0,-3.0,0.09090909090909091
UWU9GyhN.png,jawi,train,792,92,92,6.324555320336759,-1.0,0.06874516652539955
fwEzOD0h.png,jawi,train,26,44,24,4.47213595499958,,0.18633899812498247
a4LNyetw.png,lampung,train,938,49,43,4.0,0.0,0.09302325581395349
hIbi1sTO.png,lampung,train,124,42,42,2.8284271247461903,,0.06734350297014739
KhUAQ5qF.png,jawa,train,668,96,96,2.0,0.0,0.020833333333333332
NWNZlIey.png,pegon,train,142,134,134,4.0,,0.029850746268656716
ta4EJLMk.png,jawi,train,24,27,23,5.656854249492381,,0.2459501847605383
0wklKaVE.png,pegon,train,101,102,102,4.0,,0.0392156862745098
mpNxLrg5.png,jawi,train,495,63,63,6.0,1.0,0.09523809523809523
EaPdz2Da.png,jawi,train,520,55,46,4.0,0.0,0.08695652173913043
QwWFIe0g.png,jawa,train,943,83,83,4.0,0.0,0.04819277108433735
DAZyha4L.png,jawa,train,359,104,104,2.0,0.0,0.019230769230769232
aNFQ2IIy.png,jawa,train,679,117,117,2.0,0.0,0.017094017094017096
QyFBpq4o.png,lampung,train,232,83,81,2.8284271247461903,,0.034918853391928274
zZUjT7jH.png,pegon,train,826,101,101,4.0,0.0,0.039603960396039604
6aUkvJCS.png,jawi,train,797,78,78,8.0,-1.0,0.10256410256410256
d9BsOFKE.png,lampung,train,555,56,37,4.0,-1.0,0.10810810810810811
xFfdDrWx.png,lontara,train,936,54,54,6.324555320336759,0.0,0.11712139482105109
ccgBy6Xg.png,jawa,train,642,73,73,4.0,-1.0,0.0547945205479452
DupVnEJp.png,jawa,train,334,44,44,2.0,0.0,0.045454545454545456
ZsxnQeUw.png,lontara,train,916,46,46,4.47213595499958,-2.0,0.09722034684781695
wyVjdYZa.png,jawa,train,581,51,47,4.0,-1.0,0.0851063829787234
Xx9Hy0FJ.png,jawa,train,984,78,74,4.47213595499958,0.0,0.06043426966215648
BxmUAchE.png,jawa,train,298,75,75,2.0,0.0,0.02666666666666667
xRERpbmu.png,lontara,train,126,57,46,5.656854249492381,,0.12297509238026914
xvQZ55I2.png,lontara,train,942,56,54,6.0,0.0,0.1111111111111111
z5dSF1Z0.jpg,jawi,train,787,1106,1102,2.0,,0.0018148820326678765
6I1DfcJg.png,bali,train,1555,61,61,2.8284271247461903,0.0,0.046367657782724434
NJiO6TAV.png,lampung,train,134,37,30,2.8284271247461903,-3.0,0.09428090415820635
dJRR1bNu.png,jawi,train,807,77,77,6.0,-1.0,0.07792207792207792
Em0erW8V.png,bali,train,1416,69,69,4.0,-1.0,0.057971014492753624
oQa8mbBL.png,jawa,train,882,76,76,4.47213595499958,-1.0,0.05884389414473131
v7sgUN1H.png,lontara,train,940,56,54,5.656854249492381,1.0,0.10475656017578483
nIPZIx3T.png,bali,train,1340,69,69,4.0,-1.0,0.057971014492753624
5j2wFAN7.png,sunda,train,45,54,35,6.0,,0.17142857142857143
ArdB4Cxd.png,jawa,train,559,66,66,4.0,0.0,0.06060606060606061
OYMbl0Bl.png,bali,train,1063,62,61,2.8284271247461903,0.0,0.046367657782724434
xlOxBqCr.png,jawa,train,648,81,81,2.0,0.0,0.024691358024691357
ULC4a1Pn.png,bali,train,660,74,66,2.8284271247461903,-1.0,0.04285495643554834
CjvgKMVf.png,jawi,train,810,69,69,6.0,0.0,0.08695652173913043
DYYniDA0.png,jawi,train,803,73,73,7.211102550927978,0.0,0.09878222672504079
yGr3MVEc.png,sunda,train,44,37,36,4.0,,0.1111111111111111
sVmScoBU.png,jawi,train,276,48,32,2.0,0.0,0.0625
McFkOTjK.png,lontara,train,765,60,60,4.47213595499958,-2.0,0.07453559924999299
ycC0XHyp.png,jawa,train,632,83,83,2.0,0.0,0.024096385542168676
m54NcLeq.png,sunda,train,44,54,29,6.0,,0.20689655172413793
278DH40s.png,bali,train,1384,66,66,4.0,0.0,0.06060606060606061
yXgIiUWV.png,jawi,train,503,64,64,6.0,-1.0,0.09375
i8bBaMP6.png,sunda,train,92,58,45,4.0,,0.08888888888888889
RZ24f0Mh.png,jawi,train,365,60,60,6.0,0.0,0.1
rxemDF9d.png,lampung,train,177,112,109,4.0,,0.03669724770642202
zlWOC3fd.png,lampung,train,120,32,29,2.8284271247461903,0.0,0.09753196981883415
sONIkA2u.png,pegon,train,109,102,87,4.0,,0.04597701149425287
9vAagRwJ.png,jawa,train,906,55,55,2.0,0.0,0.03636363636363636
qCfPBStn.png,jawa,train,359,49,49,4.0,0.0,0.08163265306122448
yb7nIkrc.png,lampung,train,260,73,70,4.0,-3.0,0.05714285714285714
thvgVXP5.png,jawi,train,101,62,45,2.8284271247461903,,0.0628539361054709
0zS7Oqk2.png,sunda,train,132,54,53,4.47213595499958,,0.08437992367923736
lDRtzr60.png,jawa,train,895,76,76,4.0,-1.0,0.05263157894736842
DSf8SlDb.png,jawi,train,472,53,53,5.656854249492381,1.0,0.10673309904702605
GVqxMBMQ.jpg,bali,train,1706,960,960,2.0,,0.0020833333333333333
N2eWXmHy.png,jawa,train,648,89,89,2.0,0.0,0.02247191011235955
BHr4Mwsc.png,lontara,train,936,74,74,4.47213595499958,-2.0,0.06043426966215648
7WuoTkhU.png,pegon,train,98,99,90,2.8284271247461903,,0.03142696805273545
A5auRw12.png,jawa,train,857,72,72,4.47213595499958,0.0,0.06211299937499416
fTSBZbEt.png,lontara,train,942,68,68,4.0,-2.0,0.058823529411764705
3pAe9lMF.png,lontara,train,943,54,49,6.0,0.0,0.12244897959183673
7EGLeWm4.png,jawi,train,380,59,59,4.47213595499958,-1.0,0.0757989144915183
hioQpFpk.png,sunda,train,727,78,68,4.47213595499958,0.0,0.06576670522058205
Hd6xFGtB.png,lontara,train,941,50,46,4.0,0.0,0.08695652173913043
6J2dhgt1.png,lontara,train,110,63,41,4.0,,0.0975609756097561
iM5IYObF.png,jawa,train,356,58,58,4.0,0.0,0.06896551724137931
OeCwdBQ9.png,bali,train,1487,74,74,4.0,-1.0,0.05405405405405406
j68Kd21T.png,jawi,train,536,64,64,5.656854249492381,0.0,0.08838834764831845
3OW9abKi.webp,pegon,train,400,300,300,2.0,,0.006666666666666667
LkzMEO2H.png,jawi,train,260,49,25,2.0,0.0,0.08
tLS37Mqi.png,bali,train,1414,61,61,4.0,0.0,0.06557377049180328
z7YRekG7.png,lontara,train,935,55,52,4.47213595499958,0.0,0.08600261451922268
AB42qszd.jpg,jawa,train,254,198,183,2.0,,0.01092896174863388
t89vfsjM.png,jawa,train,863,60,60,4.0,0.0,0.06666666666666667
GYLPpcoX.png,jawi,train,944,60,58,4.0,0.0,0.06896551724137931
Ku2Zj2ob.png,lampung,train,162,74,68,4.0,,0.058823529411764705
z06wgOAm.png,bali,train,123,65,36,4.0,,0.1111111111111111
GD5a6bwi.png,lampung,train,149,42,42,2.8284271247461903,1.0,0.06734350297014739
1it2nTHK.png,jawi,train,20,28,25,5.656854249492381,,0.2262741699796952
OxShy2Kr.png,lontara,train,941,70,66,6.0,-1.0,0.09090909090909091
WFmFkVXP.png,pegon,train,171,149,149,4.0,,0.026845637583892617
QOxAMrkO.png,lontara,train,947,75,70,5.656854249492381,-1.0,0.08081220356417687
cSRKI1Eo.png,sunda,train,98,58,46,4.0,,0.08695652173913043
O4JCHlaE.png,lampung,train,134,35,29,4.0,-5.0,0.13793103448275862
skuRibYx.png,bali,train,1368,62,62,2.8284271247461903,0.0,0.04561979233461597
LZ7Kq86m.png,sunda,train,124,63,56,4.0,,0.07142857142857142
PN7DuOxW.png,sunda,train,782,65,63,4.47213595499958,0.0,0.07098628499999332
AI9V1e4k.png,lampung,train,86,37,28,4.0,,0.14285714285714285
Z9OEjLFi.png,jawi,train,947,75,67,4.0,0.0,0.05970149253731343
ypOqZZHI.png,pegon,train,142,130,130,4.0,,0.03076923076923077
ba5StGlD.png,jawa,train,901,63,63,4.0,0.0,0.06349206349206349
HCofwuMG.png,jawa,train,749,66,66,4.47213595499958,0.0,0.06775963568181181
68e04qUG.png,sunda,train,667,84,55,5.656854249492381,0.0,0.102851895445316
YObQP7mc.png,bali,train,1556,54,54,4.0,0.0,0.07407407407407407
RquAdAqT.png,pegon,train,378,100,100,6.324555320336759,-1.0,0.0632455532033676
0ECdpw0Q.png,jawi,train,93,49,49,6.0,,0.12244897959183673
bX7Dldkx.png,sunda,train,819,84,84,4.0,2.0,0.047619047619047616
sJWMUaDF.png,sunda,train,44,54,30,6.0,,0.2
RIgqCbWD.png,lontara,train,990,47,47,4.0,0.0,0.0851063829787234
mMdGIwma.png,jawi,train,509,65,65,5.656854249492381,0.0,0.0870285269152674
4bP8wrjs.png,jawi,train,16,23,23,4.0,,0.17391304347826086
rxyVUgTT.png,jawa,train,111,94,79,5.656854249492381,,0.07160574999357444
zS66xGK1.png,jawa,train,360,137,126,4.0,,0.031746031746031744
p7xoNEji.png,bali,train,1347,56,56,4.0,0.0,0.07142857142857142
By0GQ8yc.png,sunda,train,177,42,31,4.0,0.0,0.12903225806451613
RIQ7tDw4.png,jawi,train,819,59,58,4.0,0.0,0.06896551724137931
4O8W3tzT.png,pegon,train,156,158,158,4.0,,0.02531645569620253
VaE0mZmW.png,jawi,train,42,42,28,2.0,,0.07142857142857142
CaFdFFxV.png,lampung,train,86,44,39,2.0,,0.05128205128205128
YD7hntCS.png,jawi,train,947,66,52,4.0,0.0,0.07692307692307693
51Cixch0.png,bali,train,76,58,30,2.8284271247461903,,0.09428090415820635
Btbg3dEE.png,pegon,train,820,116,116,4.0,-1.0,0.034482758620689655
XchTCHfY.png,bali,train,1405,59,59,4.0,0.0,0.06779661016949153
P7pWofbr.jpg,jawa,train,537,929,834,2.0,,0.002398081534772182
bX4sjXeW.png,pegon,train,113,89,82,4.47213595499958,,0.05453824335365341
XvltVda2.png,jawa,train,919,59,59,4.0,0.0,0.06779661016949153
pyQ84Yr4.png,jawi,train,280,99,95,7.211102550927978,,0.07590634264134714
Ak09YdoW.png,lontara,train,936,53,52,4.47213595499958,0.0,0.08600261451922268
wPvgJErT.png,jawi,train,888,44,37,4.0,1.0,0.10810810810810811
VTrqKzpy.png,bali,train,1410,57,57,4.0,0.0,0.07017543859649122
KACcMSvB.png,jawa,train,362,52,52,4.0,0.0,0.07692307692307693
D8CHBmIE.png,jawi,train,94,53,45,6.0,,0.13333333333333333
EMKk06Ac.png,jawi,train,793,74,74,7.211102550927978,0.0,0.097447331769297
0C1sE7yC.png,lampung,train,280,61,57,4.0,0.0,0.07017543859649122
HUS3Q1se.png,sunda,train,31,35,30,4.0,,0.13333333333333333
5HVOJkl4.png,bali,train,173,64,38,4.0,,0.10526315789473684
b3REldwn.png,jawi,train,53,66,51,6.0,,0.11764705882352941
QlDLPzwK.png,pegon,train,171,165,158,4.0,,0.02531645569620253
74o5tK1T.png,lontara,train,937,51,50,5.656854249492381,0.0,0.1131370849898476
bUWyh8nq.png,jawa,train,921,66,66,4.0,0.0,0.06060606060606061
upopagai.png,lampung,train,120,36,31,4.0,0.0,0.12903225806451613
u1R2Q9rl.png,jawi,train,802,83,83,6.0,0.0,0.07228915662650602
oSjsdcIc.jpg,lontara,train,454,675,641,2.0,,0.0031201248049922
vII1fZnp.png,lampung,train,107,43,42,2.8284271247461903,,0.06734350297014739
07pXWflD.png,pegon,train,168,158,158,4.0,,0.02531645569620253
6UyDaKw2.png,jawa,train,866,58,58,4.0,0.0,0.06896551724137931
QQXTSG81.jpg,lampung,train,781,622,597,2.8284271247461903,,0.004737733877296801
aGV33QrD.png,jawi,train,106,97,92,4.47213595499958,,0.04861017342390848
h3TbKd64.png,bali,train,1447,64,64,4.0,0.0,0.0625
FOTvlbGm.png,bali,train,1386,79,76,4.0,0.0,0.05263157894736842
j0jdzWTT.jpg,lampung,train,566,226,205,2.0,,0.00975609756097561
2zRgk90B.png,jawa,train,285,51,51,4.0,0.0,0.0784313725490196
41bEJMvp.png,jawi,train,877,60,60,4.0,0.0,0.06666666666666667
MUdEbs86.png,sunda,train,177,54,49,4.47213595499958,-1.0,0.09126808071427714
tmI2BcOR.png,jawa,train,741,69,69,4.0,0.0,0.057971014492753624
FG3ueBkZ.png,jawi,train,346,63,63,5.656854249492381,-1.0,0.08979133729352985
VvkahcJH.png,lampung,train,146,44,44,2.8284271247461903,-6.0,0.0642824346533225
3s4DI3By.png,sunda,train,827,76,53,4.0,-1.0,0.07547169811320754
W1sIfo57.png,sunda,train,73,44,31,4.0,,0.12903225806451613
g3JT4dEA.png,pegon,train,81,69,67,2.8284271247461903,,0.04221533022009239
IINLIyaj.png,jawi,train,21,37,24,4.0,,0.16666666666666666
34KmzoiV.png,jawa,train,368,86,86,2.0,0.0,0.023255813953488372
C4lix8rF.png,sunda,train,39,36,26,4.0,,0.15384615384615385
RvnDiOyf.png,pegon,train,210,161,161,4.0,,0.024844720496894408
LTYnkG9v.png,bali,train,101,54,34,2.0,,0.058823529411764705
wsmiptYu.png,jawi,train,434,78,78,5.656854249492381,0.0,0.0725237724293895
dFUfTjGL.png,sunda,train,833,81,81,4.0,1.0,0.04938271604938271
CFLwmmBp.png,lontara,train,838,56,50,4.0,0.0,0.08
94ewkTDx.png,lampung,train,134,30,30,2.8284271247461903,-3.0,0.09428090415820635
XBgs9VLN.png,lampung,train,151,41,34,4.0,-1.0,0.11764705882352941
OOgfsu4i.png,bali,train,308,68,50,2.8284271247461903,0.0,0.0565685424949238
HKx3rqPr.png,bali,train,1402,69,69,2.8284271247461903,-1.0,0.04099169746008972
Se1AkYtw.png,lontara,train,888,34,34,4.0,0.0,0.11764705882352941
U1LFb1er.png,sunda,train,34,36,28,4.0,,0.14285714285714285
UZqVfOOv.png,jawa,train,785,58,55,4.0,-1.0,0.07272727272727272
pEHgFPsi.png,pegon,train,271,99,99,6.0,,0.06060606060606061
P4GmIvf9.png,sunda,train,84,55,35,4.47213595499958,,0.12777531299998798
gYaBdDiJ.png,sunda,train,802,49,37,4.0,0.0,0.10810810810810811
nwpqPVL8.png,jawa,train,393,51,51,4.0,-1.0,0.0784313725490196
vGMFVHII.png,bali,train,165,93,66,4.0,,0.06060606060606061
yEDBuUF3.png,pegon,train,177,170,170,4.47213595499958,,0.02630668208823282
tISBO4EK.png,sunda,train,242,42,35,4.0,0.0,0.11428571428571428
GoGj1Sor.webp,jawa,train,644,277,277,2.0,,0.007220216606498195
tIopNkaY.png,sunda,train,125,63,39,4.0,,0.10256410256410256
9H42Na54.png,jawa,train,569,75,73,4.0,0.0,0.0547945205479452
YZJjbcRD.png,sunda,train,84,54,42,4.0,,0.09523809523809523
mStZ1KIy.png,sunda,train,72,39,31,4.0,,0.12903225806451613
Z7wXfMoS.png,lontara,train,865,30,30,4.47213595499958,0.0,0.14907119849998599
1DuVGqHK.png,jawa,train,667,81,81,2.0,0.0,0.024691358024691357
1LrlK8lQ.png,jawi,train,380,72,72,6.0,0.0,0.08333333333333333
wbjBLuBU.png,jawi,train,381,62,62,5.656854249492381,-1.0,0.09123958466923195
N0uTbQoJ.png,jawa,train,919,83,83,5.656854249492381,-1.0,0.06815487047581181
ZN0ngQmb.png,bali,train,1358,66,63,4.0,0.0,0.06349206349206349
K22jcckA.png,lontara,train,766,65,64,4.47213595499958,0.0,0.06987712429686843
BKiPcjAR.png,sunda,train,99,51,31,4.47213595499958,,0.14426245016127676
2aiuUYUz.png,bali,train,1397,56,56,4.0,0.0,0.07142857142857142
22mjcWoR.png,lampung,train,133,42,36,2.8284271247461903,-1.0,0.07856742013183862
MEeNEAtO.png,lampung,train,292,84,83,4.0,-7.0,0.04819277108433735
PD4OP0Gm.png,lampung,train,938,56,39,4.0,0.0,0.10256410256410256
GpJFtA35.png,jawi,train,79,62,28,4.0,,0.14285714285714285
WqcfATow.png,jawi,train,80,49,39,4.0,,0.10256410256410256
fbHJHq2G.png,jawa,train,896,70,70,4.47213595499958,-1.0,0.06388765649999399
49GVFYZ3.png,pegon,train,811,69,69,4.0,0.0,0.057971014492753624
D7uzmJQg.png,sunda,train,55,56,30,6.0,,0.2
18ORA4b9.png,sunda,train,81,61,57,6.0,,0.10526315789473684
HWaOfeV1.png,sunda,train,171,52,50,4.0,0.0,0.08
cnr5Hz2z.png,jawi,train,31,33,25,4.0,,0.16
jPMwzlFa.png,lontara,train,928,57,48,4.47213595499958,0.0,0.09316949906249124
r5siQaoT.png,sunda,train,406,77,56,4.47213595499958,0.0,0.07985957062499249
Rq6ARtYz.png,lontara,train,938,47,47,5.656854249492381,0.0,0.12035860105302937
s6pHIPUp.png,sunda,train,57,46,34,4.0,,0.11764705882352941
Y2d7yaWa.png,pegon,train,838,70,70,4.47213595499958,0.0,0.06388765649999399
qcRRtg6b.png,jawi,train,314,48,39,4.0,0.0,0.10256410256410256
INdCbl0V.png,lontara,train,942,53,42,5.656854249492381,0.0,0.13468700594029479
8FLb8Z9e.png,sunda,train,94,58,48,4.0,,0.08333333333333333
uDCpeB83.png,sunda,train,711,50,41,4.0,0.0,0.0975609756097561
6jg6wZYM.png,jawi,train,814,89,89,6.0,0.0,0.06741573033707865
VsHm90ho.png,bali,train,1353,61,61,4.0,0.0,0.06557377049180328
oIBpwfyT.png,pegon,train,150,137,137,4.0,,0.029197080291970802
gFy7NjCi.jpg,lontara,train,330,248,248,2.0,,0.008064516129032258
AywtGwk9.png,bali,train,1524,81,76,2.8284271247461903,-1.0,0.03721614637823935
4z8VHvRp.png,sunda,train,139,41,34,4.0,0.0,0.11764705882352941
RU6V54Sr.png,jawi,train,554,86,83,4.47213595499958,0.0,0.053881156084332284
BNztnT3G.png,sunda,train,803,46,43,4.0,0.0,0.09302325581395349
C0lB4USX.png,sunda,train,792,82,61,4.47213595499958,0.0,0.07331370418032097
Ae0oHfNq.png,sunda,train,79,55,49,4.0,,0.08163265306122448
rEdU1wa7.png,jawa,train,679,66,66,2.0,0.0,0.030303030303030304
ipvFnC6O.png,lampung,train,107,38,32,4.0,,0.125
vQjPlfLj.png,jawa,train,899,71,71,4.47213595499958,-1.0,0.06298783035210676
eAUV4zzw.png,jawa,train,989,104,104,4.47213595499958,-1.0,0.04300130725961134
cJiLsIOo.png,jawa,train,1018,66,59,4.0,0.0,0.06779661016949153
IraZdZJK.png,jawa,train,936,41,41,4.47213595499958,0.0,0.10907648670730682
VbSkTOYp.png,bali,train,1380,70,70,2.8284271247461903,-1.0,0.040406101782088436
RsXRpf3C.png,sunda,train,371,77,75,4.0,1.0,0.05333333333333334
48vzxUs0.png,bali,train,227,78,70,4.0,,0.05714285714285714
FFfDCnjR.png,jawi,train,28,37,29,4.0,,0.13793103448275862
u29gOzoJ.png,lampung,train,140,36,36,2.8284271247461903,-4.0,0.07856742013183862
QI5W6ITd.png,jawa,train,896,61,58,4.0,0.0,0.06896551724137931
5do5nCv1.png,pegon,train,125,58,49,4.0,,0.08163265306122448
Ms8pcT4l.png,lampung,train,276,80,64,4.47213595499958,-3.0,0.06987712429686843
EZKsfIau.png,sunda,train,190,54,54,4.0,0.0,0.07407407407407407
ZvyrSx94.png,lampung,train,123,37,34,2.8284271247461903,-4.0,0.0831890330807703
bHwRnMpK.png,jawi,train,607,59,59,5.656854249492381,0.0,0.09587888558461662
W7MDlp91.png,sunda,train,69,60,53,4.0,,0.07547169811320754
pGantmFT.png,jawa,train,442,47,47,4.0,0.0,0.0851063829787234
6KqyMPaR.png,jawi,train,32,37,25,4.0,,0.16
dgElFnJV.png,sunda,train,85,42,23,4.0,,0.17391304347826086
XwipKGQf.png,lampung,train,251,40,32,2.8284271247461903,0.0,0.08838834764831845
CyXkBtVS.png,lampung,train,152,40,40,2.0,0.0,0.05
nY2ugXgV.png,jawa,train,937,66,65,4.0,0.0,0.06153846153846154
djKIdhTA.png,jawa,train,703,68,68,2.0,0.0,0.029411764705882353
eytvM7Si.png,bali,train,1406,67,67,2.8284271247461903,-1.0,0.04221533022009239
nmq6WURI.png,lampung,train,135,37,26,2.8284271247461903,0.0,0.10878565864408424
mb46dG7l.png,jawi,train,53,47,26,4.0,,0.15384615384615385
sFKpVlPG.png,pegon,train,52,46,42,4.0,,0.09523809523809523
yjdyA4ew.png,pegon,train,181,180,180,4.0,,0.022222222222222223
cOZbNfgE.png,jawi,train,251,45,25,2.8284271247461903,0.0,0.1131370849898476
j3znPujb.png,bali,train,80,59,46,2.414213562373095,,0.05248290352984989
qPNhM6FV.png,jawa,train,921,91,91,4.47213595499958,-1.0,0.04914435115384153
76C4p8SR.png,jawa,train,855,74,74,4.47213595499958,0.0,0.06043426966215648
O8aBXoZi.png,jawa,train,937,76,72,4.0,-1.0,0.05555555555555555
dwdinPSa.png,jawi,train,352,54,54,4.47213595499958,-1.0,0.08281733249999222
yAiMAkKx.png,sunda,train,818,67,60,4.0,-1.0,0.06666666666666667
3SFhyLrZ.png,lampung,train,940,43,42,4.0,0.0,0.09523809523809523
a7FYASKP.png,sunda,train,32,36,23,4.0,,0.17391304347826086
U1JwRdX1.png,jawa,train,675,76,76,2.0,1.0,0.02631578947368421
JGiGPGjv.png,sunda,train,215,51,35,4.0,-1.0,0.11428571428571428
iCzpnrgn.png,jawa,train,882,79,79,4.47213595499958,-1.0,0.05660931588607063
KCfLxLJI.png,sunda,train,150,42,31,4.0,0.0,0.12903225806451613
MoxwL7uB.png,jawi,train,26,24,17,6.0,,0.35294117647058826
FjY2bKk1.png,jawi,train,283,58,39,4.0,0.0,0.10256410256410256
2xqocgnn.png,jawi,train,795,79,79,6.324555320336759,0.0,0.08005766228274379
QrBIyo4p.png,jawa,train,894,95,95,4.0,-1.0,0.042105263157894736
KXX9rqp9.png,jawa,train,762,54,54,4.0,0.0,0.07407407407407407
Okf3d3Wh.png,pegon,train,151,133,133,4.0,,0.03007518796992481
iwC3WfNp.png,jawa,train,633,73,73,4.0,0.0,0.0547945205479452
nJkTe6nm.png,jawa,train,634,110,110,2.0,0.0,0.01818181818181818
Qn3NCkjC.png,jawi,train,294,46,30,2.0,0.0,0.06666666666666667
Tl7C65lw.png,jawa,train,586,73,72,4.0,0.0,0.05555555555555555
i4AFpU25.png,lampung,train,92,36,28,2.8284271247461903,,0.10101525445522108
mBBZjQIj.png,sunda,train,181,44,35,4.0,0.0,0.11428571428571428
WaAj0hRS.png,bali,train,138,61,38,2.8284271247461903,,0.0744322927564787
dMNkE1Ou.png,pegon,train,828,70,70,4.0,0.0,0.05714285714285714
YwbjuaDk.png,lontara,train,953,64,61,4.47213595499958,0.0,0.07331370418032097
OrtLHxsW.png,bali,train,1137,74,74,4.0,-1.0,0.05405405405405406
jY7HKXHU.png,jawa,train,525,56,56,4.0,0.0,0.07142857142857142
IcvwoHi5.png,jawa,train,648,83,83,2.0,0.0,0.024096385542168676
Upp8Rm0A.jpg,jawa,train,972,632,606,4.0,,0.006600660066006601
ge440A3b.jpg,lontara,train,4608,3456,3456,7.211102550927978,,0.0020865458770046234
HstbKfBE.png,lampung,train,147,41,35,4.0,-2.0,0.11428571428571428
P28A3Spn.png,bali,train,125,88,69,2.8284271247461903,,0.04099169746008972
9Wfypakb.png,jawi,train,566,54,54,5.656854249492381,1.0,0.10475656017578483
nhSNQ4NX.png,lampung,train,99,31,29,2.8284271247461903,-1.0,0.09753196981883415
poQCWyYr.png,lampung,train,238,111,100,4.0,,0.04
U6fObyJX.png,sunda,train,134,43,28,4.0,0.0,0.14285714285714285
QCEUSMHO.png,pegon,train,380,82,81,6.0,-1.0,0.07407407407407407
k5zKCoob.png,jawa,train,813,72,72,4.0,-1.0,0.05555555555555555
08aYHbC0.png,jawi,train,443,62,47,4.0,0.0,0.0851063829787234
7ZPRW0FR.png,sunda,train,85,54,39,4.47213595499958,,0.11467015269229691
hWfvS5zU.png,pegon,train,123,112,112,4.0,,0.03571428571428571
WFYK7wVf.png,jawi,train,81,47,43,4.47213595499958,,0.10400316174417627
PqGoUotM.png,lontara,train,938,52,52,6.324555320336759,0.0,0.12162606385262999
tYyESj0U.png,bali,train,1373,66,66,2.8284271247461903,-1.0,0.04285495643554834
C2ddQCGg.png,lampung,train,128,42,42,2.0,0.0,0.047619047619047616
6pvIX459.png,jawa,train,910,66,66,4.0,0.0,0.06060606060606061
TbERKONw.png,lontara,train,936,42,42,4.0,0.0,0.09523809523809523
jBaqIxtA.png,sunda,train,676,71,52,4.0,-1.0,0.07692307692307693
U5yl4IIX.png,jawa,train,623,62,62,2.8284271247461903,-1.0,0.04561979233461597
Cu9T369R.png,lontara,train,579,58,50,7.211102550927978,0.0,0.14422205101855956
rrf91bbL.png,sunda,train,99,63,52,4.0,,0.07692307692307693
dpMqwLL2.png,bali,train,237,74,64,2.8284271247461903,0.0,0.04419417382415922
GlyqwkS4.png,lontara,train,665,47,47,4.47213595499958,-3.0,0.0951518288297783
HcdfCAZd.png,sunda,train,175,53,46,4.47213595499958,-1.0,0.09722034684781695
OFPHRovZ.png,jawi,train,86,57,21,4.0,,0.19047619047619047
xhefJcO0.png,bali,train,426,59,57,2.0,0.0,0.03508771929824561
6xN5Fd2w.png,pegon,train,118,120,120,2.8284271247461903,,0.023570226039551587
ih1FqWkA.png,jawa,train,145,113,113,2.0,,0.017699115044247787
zmMtAnw5.png,lontara,train,939,54,52,5.656854249492381,0.0,0.10878565864408424
pjCt6g2D.png,jawi,train,39,51,29,4.0,,0.13793103448275862
Fe9H6IP8.png,jawi,train,806,97,97,6.324555320336759,0.0,0.06520160124058515
CqMnPFZn.png,lampung,train,139,42,33,2.8284271247461903,-4.0,0.08570991287109668
ojFD6pZm.png,jawi,train,840,68,64,4.0,0.0,0.0625
clb99A33.png,jawi,train,155,72,59,5.656854249492381,,0.09587888558461662
0vvMc4ds.png,jawa,train,677,63,63,4.0,0.0,0.06349206349206349
wzGba4AH.png,sunda,train,76,54,38,5.656854249492381,,0.1488645855129574
70l0mxku.png,sunda,train,712,48,39,4.0,0.0,0.10256410256410256
b89RUQx5.png,lontara,train,940,48,48,5.656854249492381,0.0,0.11785113019775793
YaAJvlaX.png,jawi,train,785,89,89,7.211102550927978,-1.0,0.0810236241677301
nhKXB7Qo.png,lontara,train,933,64,60,5.656854249492381,-1.0,0.09428090415820635
r2DdB2yi.png,pegon,train,178,178,178,4.0,,0.02247191011235955
frLXoSeF.png,bali,train,1409,54,54,4.0,0.0,0.07407407407407407
98RpO4vT.png,jawa,train,487,90,63,4.47213595499958,0.0,0.07098628499999332
9D9NLBaF.jpg,sunda,train,736,1152,1087,2.0,,0.0018399264029438822
0CDi1L7T.png,bali,train,1536,59,59,4.0,0.0,0.06779661016949153
hcpkttpU.png,sunda,train,437,44,35,4.0,0.0,0.11428571428571428
B9qWsgCy.png,bali,train,362,66,66,4.0,-1.0,0.06060606060606061
c0wO7CYR.png,sunda,train,203,46,39,4.0,0.0,0.10256410256410256
s1YcGI2I.png,jawi,train,798,70,70,8.0,0.0,0.11428571428571428
1a4UsITZ.png,lampung,train,150,43,41,2.414213562373095,0.0,0.058883257618855975
19bwMYLN.png,jawa,train,906,64,64,2.0,0.0,0.03125
lyKlRbaX.png,jawa,train,1011,83,83,4.47213595499958,0.0,0.053881156084332284
80ojwRWZ.png,pegon,train,896,88,88,4.47213595499958,-1.0,0.05081972676135886
hr0dfYh7.png,lontara,train,948,48,48,5.656854249492381,0.0,0.11785113019775793
7JlX3bAd.png,lampung,train,90,37,29,4.0,,0.13793103448275862
TZXjeSy0.png,lampung,train,581,203,157,12.649110640673518,,0.08056758369855745
kPaABd0l.png,lontara,train,954,60,60,4.47213595499958,-1.0,0.07453559924999299
HT5rmqMe.png,sunda,train,787,70,59,4.47213595499958,0.0,0.0757989144915183
DXszkDdN.png,jawi,train,800,79,79,6.324555320336759,0.0,0.08005766228274379
UdhDfaAy.png,jawa,train,546,74,74,2.0,0.0,0.02702702702702703
vRes0AJq.png,lampung,train,114,36,27,2.8284271247461903,-1.0,0.10475656017578483
8ua1wfDX.png,jawi,train,802,79,79,7.211102550927978,-1.0,0.0912797791256706
Oez2NizN.png,pegon,train,114,109,107,4.0,,0.037383177570093455
0XmV3sqy.png,lontara,train,941,61,60,4.0,0.0,0.06666666666666667
VhDTXgrp.png,lontara,train,938,51,51,6.324555320336759,0.0,0.1240108886340541
vgioF8rC.png,jawa,train,920,59,59,4.0,0.0,0.06779661016949153
TxMU41VO.png,lampung,train,127,36,27,2.8284271247461903,-2.0,0.10475656017578483
CuRMXZBz.png,pegon,train,119,107,102,2.8284271247461903,,0.0277296776935901
dP4RZxcI.png,jawi,train,63,55,26,2.8284271247461903,,0.10878565864408424
17nQ7hxB.png,jawa,train,811,51,48,4.0,0.0,0.08333333333333333
m8IB76jQ.png,sunda,train,44,54,30,6.0,,0.2
GhwXgGfR.png,bali,train,90,68,50,2.0,,0.04
7PsKowCN.png,lontara,train,966,45,45,4.47213595499958,0.0,0.09938079899999065
BUFPaVQZ.png,sunda,train,209,45,42,4.0,0.0,0.09523809523809523
d3UqJGKe.png,jawi,train,442,58,44,4.0,0.0,0.09090909090909091
hrxUi4So.png,jawi,train,797,83,83,6.0,0.0,0.07228915662650602
bKY1z0HZ.png,bali,train,177,77,48,4.0,,0.08333333333333333
27D56YjS.png,lampung,train,148,45,45,2.8284271247461903,1.0,0.0628539361054709
TKGLdJm3.png,sunda,train,109,42,35,4.0,,0.11428571428571428
fvQqQR7V.png,jawa,train,346,74,74,2.0,0.0,0.02702702702702703
01MMZ5aI.png,jawa,train,952,76,71,4.47213595499958,0.0,0.06298783035210676
0dfivSA8.png,lontara,train,811,53,53,4.47213595499958,1.0,0.08437992367923736
4HAoOb3l.png,jawi,train,882,64,62,4.0,0.0,0.06451612903225806
nbFy3gmG.png,bali,train,1370,61,61,4.0,0.0,0.06557377049180328
3MmTjrlP.png,jawa,train,642,84,84,2.0,0.0,0.023809523809523808
Cd46zhcT.png,pegon,train,174,172,172,4.0,,0.023255813953488372
BpNhg6ls.png,sunda,train,674,78,58,5.656854249492381,0.0,0.09753196981883415
6KVqgrdM.png,pegon,train,175,156,156,4.0,,0.02564102564102564
JYtblEYm.png,jawa,train,336,51,51,4.0,0.0,0.0784313725490196
IGQ5z17r.png,jawa,train,939,70,70,4.0,0.0,0.05714285714285714
nbRDI49S.png,jawi,train,128,47,47,4.0,,0.0851063829787234
Zi9CGwaW.png,jawi,train,19,15,15,6.0,,0.4
wXDIdAIQ.png,lampung,train,191,76,72,4.0,,0.05555555555555555
j8hvrMrh.png,jawi,train,22,33,17,4.0,,0.23529411764705882
gELOnTQ8.png,sunda,train,83,55,41,4.47213595499958,,0.10907648670730682
H97vIDFG.png,jawi,train,803,89,89,8.0,0.0,0.0898876404494382
MXWpeYmn.png,pegon,train,97,84,82,4.0,,0.04878048780487805
qoikUBwF.png,sunda,train,44,54,29,6.0,,0.20689655172413793
txixAaRu.png,jawi,train,77,39,39,2.8284271247461903,,0.0725237724293895
k9F7RsAo.png,jawi,train,530,66,66,4.0,0.0,0.06060606060606061
nbXcyVS0.png,lampung,train,149,41,33,4.0,-1.0,0.12121212121212122
xWAVcyUQ.png,jawa,train,934,78,78,2.0,0.0,0.02564102564102564
p1KvJOpI.jpg,jawa,train,768,1024,823,2.0,,0.002430133657351154
C566ep0O.png,jawi,train,809,80,80,8.0,0.0,0.1
cqOKstEs.png,jawa,train,618,79,79,2.0,0.0,0.02531645569620253
GOJYN8Ke.png,sunda,train,143,42,35,4.0,0.0,0.11428571428571428
f2iyc947.png,jawi,train,121,31,29,4.0,0.0,0.13793103448275862
Chi8tOxt.png,jawa,train,831,82,82,4.0,-1.0,0.04878048780487805
nXFMMzKG.png,jawi,train,953,65,60,4.0,0.0,0.06666666666666667
MuQjkMD7.png,jawi,train,205,92,91,4.0,,0.04395604395604396
4t6j7WDj.jpg,lampung,train,1270,954,945,4.0,,0.004232804232804233
EYfOQbjR.png,sunda,train,74,44,26,4.0,,0.15384615384615385
qBGQp2f4.png,sunda,train,223,46,34,4.0,0.0,0.11764705882352941
NjSjleEK.png,sunda,train,735,73,65,4.0,2.0,0.06153846153846154
RBrgVb0r.png,jawi,train,858,103,103,4.0,0.0,0.038834951456310676
CxqhB2vV.png,bali,train,1427,67,67,4.0,-1.0,0.05970149253731343
QhTBtVpk.png,bali,train,96,67,67,2.0,,0.029850746268656716
pn7Eltsw.png,pegon,train,844,81,81,4.0,0.0,0.04938271604938271
xwvLPfJ9.png,pegon,train,908,88,88,4.47213595499958,-1.0,0.05081972676135886
8GWAk0ds.png,lampung,train,123,36,29,2.8284271247461903,4.0,0.09753196981883415
9qkJVgk3.png,jawi,train,75,51,25,2.0,,0.08
IBkfr9Dk.png,jawi,train,416,74,74,4.0,0.0,0.05405405405405406
AyNqhpo3.png,jawa,train,997,79,79,2.0,0.0,0.02531645569620253
ZfZb7Wre.jpg,jawa,train,1440,1920,1920,2.0,,0.0010416666666666667
g9f8i1Ui.png,jawa,train,635,83,83,4.0,0.0,0.04819277108433735
j76Ic5Y3.png,jawi,train,41,38,29,4.47213595499958,,0.1542115846551579
KC6zdFaL.png,jawa,train,997,100,100,4.0,-1.0,0.04
mKhQBdwA.png,sunda,train,112,61,52,4.0,,0.07692307692307693
gFMueXPs.png,jawi,train,313,60,36,4.0,0.0,0.1111111111111111
vk31wBev.png,jawi,train,379,63,62,4.47213595499958,-1.0,0.07213122508063838
78ORQc4c.png,sunda,train,800,42,39,4.0,0.0,0.10256410256410256
p4pi6VXK.png,jawa,train,842,67,67,2.0,0.0,0.029850746268656716
hz0i0VAL.jpg,jawi,train,654,480,480,4.0,,0.008333333333333333
kf8yJyhK.png,jawa,train,930,64,63,4.47213595499958,0.0,0.07098628499999332
CqZCTB8q.png,jawa,train,919,72,72,4.0,0.0,0.05555555555555555
g3kvSk1p.png,jawi,train,49,50,26,4.0,,0.15384615384615385
GAOgnfKS.png,pegon,train,143,116,116,4.0,,0.034482758620689655
iM3DEjm8.png,lontara,train,860,63,60,7.211102550927978,-1.0,0.1201850425154663
JKN982kq.png,jawi,train,755,96,95,4.0,0.0,0.042105263157894736
ufnc7kuz.png,jawi,train,618,69,69,5.656854249492381,0.0,0.08198339492017943
oQ8UwTaE.png,pegon,train,70,60,60,4.0,,0.06666666666666667
QG8yrGd8.png,lampung,train,247,70,59,2.8284271247461903,-2.0,0.04793944279230831
6caK0TCI.png,jawi,train,587,78,78,4.47213595499958,-1.0,0.057335076346148456
OqCvqOrQ.png,pegon,train,82,69,62,2.8284271247461903,,0.04561979233461597
JLXQASMz.png,jawa,train,389,67,65,4.0,0.0,0.06153846153846154
D1c1o2WU.png,lontara,train,882,41,41,4.47213595499958,0.0,0.10907648670730682
XJSwtqJo.png,sunda,train,779,65,59,4.47213595499958,0.0,0.0757989144915183
AanAhSMP.png,jawi,train,60,51,25,4.0,,0.16
LDln3bUH.png,jawa,train,923,64,64,4.0,0.0,0.0625
2WFx5pUQ.png,jawa,train,709,88,88,4.0,0.0,0.045454545454545456
l04dtfsw.png,lampung,train,172,43,33,2.8284271247461903,0.0,0.08570991287109668
VoOkCBlG.png,sunda,train,239,42,37,4.0,0.0,0.10810810810810811
44PoGOC6.png,jawi,train,83,47,20,4.0,,0.2
bnCQCCP0.png,jawi,train,895,53,37,4.23606797749979,0.0,0.11448832371621054
lcJFatXl.png,jawi,train,161,51,38,4.0,-6.0,0.10526315789473684
pYOWOnoZ.png,jawi,train,57,56,27,4.0,,0.14814814814814814
21ExR9Ru.png,sunda,train,81,47,31,4.0,,0.12903225806451613
I2f3AdpP.png,jawa,train,909,76,76,4.47213595499958,-1.0,0.05884389414473131
EFJyYqoz.png,jawa,train,479,46,46,4.0,0.0,0.08695652173913043
Fpi34fCB.png,lampung,train,158,45,45,2.8284271247461903,-5.0,0.0628539361054709
9nxofWC0.png,jawi,train,804,40,40,4.0,0.0,0.1
ZMAb47Da.png,jawi,train,35,45,26,4.0,,0.15384615384615385
2fkdzLjc.png,lampung,train,289,75,69,4.0,-4.0,0.057971014492753624
hwqyFzh5.png,bali,train,90,61,48,2.0,,0.041666666666666664
KN9Iw5q8.png,lampung,train,264,77,67,4.0,-3.0,0.05970149253731343
p3gMu4xn.png,jawa,train,970,77,77,2.0,0.0,0.025974025974025976
oCvVQCcJ.png,jawa,train,853,94,94,4.0,-2.0,0.0425531914893617
GgCJQTs8.png,jawa,train,705,110,110,2.0,0.0,0.01818181818181818
hJoHn83a.png,sunda,train,32,36,24,4.0,,0.16666666666666666
vNZuhbRM.png,jawi,train,564,83,78,4.47213595499958,0.0,0.057335076346148456
BhcaOKnO.png,lontara,train,1024,44,44,4.47213595499958,0.0,0.10163945352271772
a38mKtUf.png,jawi,train,789,78,78,7.211102550927978,0.0,0.09245003270420485
QS4dasqK.png,jawa,train,328,59,59,4.0,1.0,0.06779661016949153
CUahBk8n.png,jawi,train,624,82,82,4.47213595499958,-2.0,0.05453824335365341
DYeVyAyC.png,sunda,train,72,42,23,4.0,,0.17391304347826086
fgR4T1WK.png,bali,train,234,60,58,2.0,0.0,0.034482758620689655
o7wasDKU.jpg,jawi,train,1237,1600,1358,2.0,,0.0014727540500736377
bZm9gGmC.png,sunda,train,160,35,25,4.0,0.0,0.16
GE0IcGGu.png,jawa,train,127,69,69,4.0,,0.057971014492753624
tOrVRjPb.png,jawa,train,115,66,43,4.0,,0.09302325581395349
Kgpk7ZZg.png,bali,train,167,60,44,2.8284271247461903,,0.0642824346533225
NVx8YxxP.png,jawi,train,142,45,38,4.0,0.0,0.10526315789473684
37GylGd0.png,lampung,train,231,74,71,2.8284271247461903,-7.0,0.039837001756988594
6fEMM1Oz.png,bali,train,1335,59,59,4.0,-1.0,0.06779661016949153
A9sXDe5H.png,lontara,train,435,57,53,4.47213595499958,-1.0,0.08437992367923736
RSGUES1l.png,sunda,train,819,75,68,4.0,-1.0,0.058823529411764705
T5ThUHie.jpg,jawi,train,840,570,570,2.8284271247461903,,0.0049621528504319124
u6O8GoiS.png,sunda,train,144,43,38,4.0,0.0,0.10526315789473684
NkCNXRcC.png,jawa,train,560,94,94,4.0,0.0,0.0425531914893617
i95CZtB9.png,jawa,train,811,59,59,4.0,0.0,0.06779661016949153
86I8SQzL.png,jawi,train,799,84,84,6.324555320336759,1.0,0.07529232524210427
kkZ1uJIR.png,jawi,train,689,87,64,4.47213595499958,-1.0,0.06987712429686843
sVKuUOSv.png,pegon,train,136,122,122,4.0,,0.03278688524590164
oEexlTsq.png,jawi,train,800,81,81,6.0,0.0,0.07407407407407407
Dry3qSLh.png,jawi,train,782,74,74,6.324555320336759,0.0,0.08546696378833459
KNBLkUcH.png,bali,train,132,90,86,4.0,,0.046511627906976744
NUd1UDvM.png,lontara,train,975,51,51,4.0,0.0,0.0784313725490196
IXK7zxuZ.png,jawa,train,943,93,93,4.0,-1.0,0.043010752688172046
1KefcIhj.png,jawi,train,382,61,61,6.0,-1.0,0.09836065573770492
spliyOqu.png,lampung,train,147,36,32,2.8284271247461903,0.0,0.08838834764831845
EjBO4VeV.png,jawa,train,677,76,76,2.0,1.0,0.02631578947368421
WDR2ShTy.png,pegon,train,691,87,87,4.0,0.0,0.04597701149425287
TXWQkfQ4.png,jawa,train,642,112,112,2.0,0.0,0.017857142857142856
uTFMKoRL.png,sunda,train,281,48,38,4.0,0.0,0.10526315789473684
HzzA7VHe.png,lontara,train,933,67,55,6.0,-1.0,0.10909090909090909
R89F1Atb.png,jawa,train,812,64,64,4.0,0.0,0.0625
UIaLnvhh.png,lampung,train,285,80,79,4.23606797749979,-3.0,0.05362111363923785
mFUCWEED.png,jawi,train,34,41,24,4.0,,0.16666666666666666
Sj0tYd67.png,jawi,train,100,60,45,2.8284271247461903,,0.0628539361054709
pabCL57q.png,pegon,train,114,84,84,2.8284271247461903,,0.033671751485073696
PzpijjpM.png,lampung,train,148,44,44,4.0,0.0,0.09090909090909091
Mqn2TGZS.png,jawi,train,884,68,65,4.0,0.0,0.06153846153846154
Ztg57klF.png,jawa,train,576,44,44,4.0,0.0,0.09090909090909091
3l22B7OQ.png,jawa,train,651,85,85,2.0,0.0,0.023529411764705882
S2lydPJ3.jpg,pegon,train,355,492,492,2.0,,0.0040650406504065045
rUbk08HG.png,lampung,train,327,48,35,4.0,0.0,0.11428571428571428
ANzN1TIu.png,pegon,train,186,147,147,4.0,,0.027210884353741496
lQXSutzH.png,jawa,train,667,81,81,4.0,0.0,0.04938271604938271
LdAfbYLV.png,lontara,train,979,48,48,4.47213595499958,0.0,0.09316949906249124
z93c8GUg.png,bali,train,375,79,68,4.0,0.0,0.058823529411764705
VsZpO7bY.png,pegon,train,420,60,60,4.0,0.0,0.06666666666666667
a0CO5Rbb.png,jawa,train,372,68,68,4.0,0.0,0.058823529411764705
exqWyPOU.png,sunda,train,171,42,31,4.0,0.0,0.12903225806451613
fiFlK8a2.png,jawa,train,355,47,47,2.0,0.0,0.0425531914893617
jQg8o3pa.png,bali,train,1412,57,57,4.0,0.0,0.07017543859649122
UuFHKhPB.png,lontara,train,877,53,53,4.47213595499958,-2.0,0.08437992367923736
i8aNlkNv.png,pegon,train,162,142,142,4.0,,0.028169014084507043
DKyDdSq4.png,jawa,train,423,59,59,4.0,0.0,0.06779661016949153
qkwpx4OH.png,jawa,train,823,81,81,4.47213595499958,0.0,0.05521155499999481
FPuPjmRC.png,lontara,train,948,49,49,5.656854249492381,0.0,0.11544600509168124
w6X8UUSv.png,jawi,train,152,88,80,6.0,,0.075
Pjd219XL.png,jawa,train,988,83,83,4.47213595499958,0.0,0.053881156084332284
UvIhehD6.png,jawi,train,799,76,76,8.0,0.0,0.10526315789473684
RVHspG2D.png,jawi,train,801,76,76,6.324555320336759,0.0,0.08321783316232578
HBj1uyhH.png,jawi,train,365,95,83,5.656854249492381,0.0,0.06815487047581181
CkGqSZv5.png,jawa,train,354,60,60,2.8284271247461903,0.0,0.047140452079103175
KxJaPGN8.png,jawa,train,882,82,69,4.47213595499958,-1.0,0.0648135645652113
OHoXioVL.png,sunda,train,787,74,70,4.47213595499958,0.0,0.06388765649999399
MICLdVDB.png,lontara,train,940,51,51,4.0,0.0,0.0784313725490196
yb8drFcF.png,jawa,train,397,81,81,2.0,0.0,0.024691358024691357
yLFKh66e.png,sunda,train,43,37,32,4.0,,0.125
kalEX9GD.png,jawa,train,906,65,65,2.0,0.0,0.03076923076923077
WfmnDtRN.png,sunda,train,173,39,32,4.0,0.0,0.125
xkUMcjKo.png,lontara,train,943,55,53,5.656854249492381,-1.0,0.10673309904702605
aGRaVan8.png,lampung,train,148,41,36,2.8284271247461903,-6.0,0.07856742013183862
N0bb2f2V.png,pegon,train,842,70,70,4.0,0.0,0.05714285714285714
Zo51afLu.png,bali,train,1411,63,63,2.8284271247461903,-1.0,0.044895668646764926
vFM0jy9H.jpg,jawa,train,847,999,993,4.0,,0.004028197381671702
EYpmsJp4.jpg,bali,train,1024,768,768,2.8284271247461903,,0.0036828478186799354
JqpiLypx.png,pegon,train,190,160,160,4.0,,0.025
MZ9jtSor.png,lampung,train,145,35,29,2.8284271247461903,-1.0,0.09753196981883415
gEkmXKul.png,jawa,train,915,53,53,4.0,-1.0,0.07547169811320754
WEajVawh.png,,test,47,44,38,6.0,,0.15789473684210525
qA1ZrD98.png,,test,148,47,47,2.0,-1.0,0.0425531914893617
G4lDbpor.png,,test,407,70,41,4.0,0.0,0.0975609756097561
fDI0VO86.png,,test,808,67,67,7.211102550927978,0.0,0.10762839628250714
J9SshuHf.png,,test,1447,56,56,6.0,0.0,0.10714285714285714
aZwZsKoj.png,,test,97,41,41,4.0,,0.0975609756097561
5sibrN1x.png,,test,919,80,80,6.0,0.0,0.075
OQTuij3P.png,,test,160,138,138,4.0,,0.028985507246376812
ItQogqk5.jpg,,test,720,961,961,2.0,,0.002081165452653486
ZqydnzgJ.png,,test,423,340,340,2.0,,0.0058823529411764705
PVjGocDm.png,,test,868,66,66,4.0,5.0,0.06060606060606061
VJtZBYhT.png,,test,392,102,102,8.0,0.0,0.0784313725490196
0CSBXH8E.png,,test,151,98,98,2.0,,0.02040816326530612
Qs5gOQRU.png,,test,886,77,77,4.47213595499958,0.0,0.058079687727267265
3pEwqbyv.png,,test,162,82,58,4.0,,0.06896551724137931
LYSJlPHg.jpg,,test,1024,1024,1000,4.0,,0.004
RuN8j9dn.png,,test,139,42,34,5.656854249492381,-7.0,0.1663780661615406
r0elQ0IA.jpg,,test,480,288,288,4.0,,0.013888888888888888
2vGITeza.png,,test,137,42,39,4.0,-3.0,0.10256410256410256
8cP0TG9G.png,,test,794,71,71,5.656854249492381,0.0,0.07967400351397719
j6anMMkb.png,,test,94,36,36,4.47213595499958,,0.12422599874998833
KTQSUrrc.jpg,,test,1200,800,800,4.47213595499958,,0.005590169943749474
m5VeP6bO.png,,test,357,63,63,4.47213595499958,-1.0,0.07098628499999332
SnCZ4PQw.png,,test,170,146,146,4.0,,0.0273972602739726
wBQ3yw10.png,,test,412,63,63,4.47213595499958,-2.0,0.07098628499999332
AdpKUfiD.png,,test,224,96,88,2.8284271247461903,,0.03214121732666125
KEu2kTL0.jpg,,test,1503,986,734,8.0,,0.010899182561307902
vDh3sqrP.png,,test,798,43,37,4.0,0.0,0.10810810810810811
vlFWLeRt.jpg,,test,750,938,938,6.0,,0.006396588486140725
i3o0uiBI.png,,test,168,143,143,4.47213595499958,,0.03127367800699007
GzY7jkaJ.png,,test,781,60,60,20.0,0.0,0.3333333333333333
G3QE12Wa.png,,test,932,53,53,20.0,0.0,0.37735849056603776
OejnTLcZ.png,,test,665,525,500,2.8284271247461903,,0.005656854249492381
XSED2XWK.jpg,,test,1080,1440,1313,6.0,,0.00456968773800457
inXsqhEY.png,,test,82,55,50,4.47213595499958,,0.08944271909999159
ndpkiGAu.jpg,,test,405,626,626,2.0,,0.003194888178913738
bJbum0jm.png,,test,885,64,64,4.47213595499958,-2.0,0.06987712429686843
vhJKwyt6.png,,test,113,48,48,2.0,,0.041666666666666664
HC8195r5.jpg,,test,1024,683,616,4.0,,0.006493506493506494
FsRveb1q.png,,test,150,141,141,2.8284271247461903,,0.02005976684217156
I9EOqAYR.png,,test,708,48,48,4.0,3.0,0.08333333333333333
1ylSINFk.png,,test,915,59,59,4.0,-2.0,0.06779661016949153
os7DW2YN.png,,test,124,58,58,4.0,,0.06896551724137931
lYmPrQa7.png,,test,143,138,138,4.0,,0.028985507246376812
DouTwCmZ.jpg,,test,768,503,397,2.0,,0.005037783375314861
JM5Rlwfw.png,,test,134,124,124,6.0,,0.04838709677419355
4ONNN3sr.png,,test,796,88,88,8.0,8.0,0.09090909090909091
26WUdDnL.jpg,,test,500,333,333,4.0,,0.012012012012012012
sXLZOJSp.jpg,,test,300,243,243,2.0,,0.00823045267489712
TdLGEb6y.png,,test,848,43,43,12.0,0.0,0.27906976744186046
eJBz6Ijo.png,,test,611,47,44,5.656854249492381,0.0,0.128564869306645
QfVxUOA8.png,,test,375,39,39,6.0,-5.0,0.15384615384615385
xKDQ2khc.png,,test,76,55,54,6.0,,0.1111111111111111
J0DSglN2.png,,test,821,91,91,8.0,-5.0,0.08791208791208792
S9OQQwUs.png,,test,134,121,121,2.8284271247461903,,0.023375430783026365
Y3FTOh22.png,,test,127,31,31,7.211102550927978,-8.0,0.23261621132025737
U8zdIIUJ.png,,test,815,79,79,8.0,4.0,0.10126582278481013
MXzGfFQm.jpg,,test,716,476,476,2.0,,0.004201680672268907
TWwOlCLX.webp,,test,700,436,400,6.0,,0.015
aYPxmfJH.png,,test,116,79,78,6.0,,0.07692307692307693
Z7BTkpZi.png,,test,828,49,49,14.0,0.0,0.2857142857142857
3ZJwNBAE.png,,test,838,84,84,6.324555320336759,-3.0,0.07529232524210427
VjUX1UMA.jpg,,test,1500,1600,1600,8.94427190999916,,0.005590169943749474
Pe5YLNR7.png,,test,865,76,76,6.0,1.0,0.07894736842105263
yDpRmpun.jpg,,test,3120,4160,4160,7.211102550927978,,0.001733438113203841
7WFSRZdK.png,,test,214,43,35,4.0,0.0,0.11428571428571428
ih56UWvz.jpg,,test,1706,960,960,7.211102550927978,,0.007511565157216644
SkISLMsf.png,,test,104,46,33,4.0,,0.12121212121212122
na92LGMz.png,,test,970,56,56,6.0,0.0,0.10714285714285714
1ZVk0eST.png,,test,135,36,33,4.0,-3.0,0.12121212121212122
gdOOKVnw.png,,test,143,40,31,4.47213595499958,0.0,0.14426245016127676
ehzSl5Ig.png,,test,942,56,56,6.324555320336759,6.0,0.11293848786315641
fWSSeXCX.webp,,test,960,695,688,2.0,,0.0029069767441860465
zNfsepUJ.png,,test,55,46,33,8.0,,0.24242424242424243
fkJRTTfO.png,,test,820,85,85,4.0,-1.0,0.047058823529411764
pgSyyi4V.png,,test,1112,67,67,4.0,-5.0,0.05970149253731343
YZumQKNy.jpg,,test,720,985,985,2.0,,0.0020304568527918783
WiADA2MM.png,,test,882,51,51,5.656854249492381,0.0,0.1109187107743604
OZQEsgPy.png,,test,89,31,23,2.0,,0.08695652173913043
HLdt1ZzI.png,,test,925,36,36,6.324555320336759,0.0,0.17568209223157663
9JSbMpTZ.jpg,,test,224,224,224,2.0,,0.008928571428571428
dzq5cujj.jpg,,test,1000,1778,1778,6.0,,0.003374578177727784
OsqMdOFN.png,,test,735,60,60,4.0,-11.0,0.06666666666666667
HgwXDSUQ.png,,test,52,46,29,4.0,,0.13793103448275862
pTQL9HRj.png,,test,807,91,91,6.0,0.0,0.06593406593406594
3nLgwaxm.png,,test,311,78,71,4.47213595499958,-8.0,0.06298783035210676
TXqX2mWJ.png,,test,102,73,58,6.0,,0.10344827586206896
q0xsg3Dy.jpg,,test,4608,3456,3456,6.324555320336759,,0.0018300217940789233
F9izBJpz.png,,test,132,59,48,4.0,,0.08333333333333333
t82u4xu2.png,,test,483,44,44,5.656854249492381,-2.0,0.128564869306645
jg4VFZds.jpg,,test,300,238,231,2.0,,0.008658008658008658
lUuephPg.jpg,,test,824,448,437,2.0,,0.004576659038901602
OnWsj9bp.png,,test,135,36,32,4.0,0.0,0.125
1c7Wpj98.png,,test,1414,49,44,8.0,0.0,0.18181818181818182
WSBZPBmt.png,,test,932,78,75,4.0,1.0,0.05333333333333334
aQis1ndJ.jpg,,test,236,376,376,2.0,,0.005319148936170213
zFNBzMgh.jpg,,test,1080,1440,1440,2.8284271247461903,,0.0019641855032959655
BKre5xTa.jpg,,test,1024,1024,1010,2.0,,0.0019801980198019802
vE1lC5ua.jpg,,test,800,437,386,2.0,,0.0051813471502590676
F50UsMaR.webp,,test,2048,2899,2755,8.246211251235321,,0.0029931801274901346
26z1ANyb.jpg,,test,768,1024,916,2.0,,0.002183406113537118
CnBToLjM.png,,test,941,51,51,8.0,-2.0,0.1568627450980392
uNqqe0I4.png,,test,689,68,56,5.656854249492381,0.0,0.10101525445522108
WBPdHXL5.png,,test,573,65,65,6.0,0.0,0.09230769230769231
U7vvUNPB.png,,test,109,38,30,4.0,,0.13333333333333333
wLoVkfTl.png,,test,803,43,43,22.0,0.0,0.5116279069767442
Eys3trgy.png,,test,32,36,36,4.0,,0.1111111111111111
fGihSJCN.png,,test,795,79,79,7.211102550927978,-1.0,0.0912797791256706
rHj8SiVp.png,,test,601,897,897,2.0,,0.002229654403567447
Lm3wIDHm.png,,test,392,98,98,2.8284271247461903,0.0,0.02886150127292031
m7bhJXyj.png,,test,688,74,74,6.0,6.0,0.08108108108108109
3BUyPwJk.png,,test,846,89,89,6.0,0.0,0.06741573033707865
UnwSaMS8.png,,test,1400,990,905,2.0,,0.0022099447513812156
Fj83bcac.jpg,,test,794,1024,952,2.0,,0.0021008403361344537
AvWpUyyu.png,,test,119,110,110,4.0,,0.03636363636363636
FWqUTKFt.jpg,,test,4344,3258,3258,8.0,,0.0024554941682013503
GtqK3cHR.jpg,,test,480,357,354,2.0,,0.005649717514124294
nGSdmtoh.png,,test,148,128,128,4.0,,0.03125
pVthZwP1.png,,test,676,94,94,5.656854249492381,0.0,0.060179300526514684
5eX664EA.png,,test,945,58,58,4.0,0.0,0.06896551724137931
ScnmEXLU.png,,test,895,51,51,4.47213595499958,-1.0,0.08768894029410941
n6DUkpEY.png,,test,250,88,88,8.0,,0.09090909090909091
xUGmT8fC.png,,test,800,46,41,4.0,1.0,0.0975609756097561
Xre8jQe3.webp,,test,952,700,612,2.0,,0.0032679738562091504
C6hR7VXO.png,,test,868,51,42,6.0,1.0,0.14285714285714285
8I2L3o6S.png,,test,1401,59,59,4.0,-1.0,0.06779661016949153
SxoWWkm3.png,,test,278,32,32,4.47213595499958,1.0,0.13975424859373686
aq9Gx8p5.png,,test,807,74,74,12.0,0.0,0.16216216216216217
k5xdnWK8.png,,test,500,380,333,2.0,,0.006006006006006006
hJmQnS4O.png,,test,696,74,58,4.0,1.0,0.06896551724137931
Dpu9hYWa.png,,test,804,76,76,8.0,1.0,0.10526315789473684
xQjZVApr.png,,test,180,156,156,4.47213595499958,,0.028667538173074228
OqzKJN52.png,,test,832,40,37,4.0,0.0,0.10810810810810811
LvoCIxWk.png,,test,793,69,60,5.656854249492381,0.0,0.09428090415820635
jDvkwspJ.png,,test,886,48,48,4.47213595499958,0.0,0.09316949906249124
iSe2cw0a.png,,test,277,51,33,4.47213595499958,0.0,0.13551927136362363
5kT0KM0c.png,,test,92,37,35,4.47213595499958,,0.12777531299998798
5K4PiZGI.png,,test,789,71,71,5.656854249492381,-10.0,0.07967400351397719
AdLJqOB1.png,,test,56,47,42,4.47213595499958,,0.10647942749999
1RE1VcHj.jpg,,test,1080,687,687,4.0,,0.005822416302765648
Mgzl4MJw.png,,test,194,55,53,4.0,-12.0,0.07547169811320754
H036HViM.jpg,,test,601,563,563,2.0,,0.003552397868561279
n5DNTpPv.png,,test,76,69,68,2.8284271247461903,,0.04159451654038515
G53WDmJS.png,,test,467,68,67,4.0,0.0,0.05970149253731343
yuiAa6pM.jpg,,test,1024,416,415,2.0,,0.004819277108433735
8QbQfOFO.png,,test,105,92,90,6.324555320336759,,0.07027283689263066
ErGST9sT.jpg,,test,640,129,129,4.0,-3.0,0.031007751937984496
KLS2GwTM.png,,test,402,45,45,4.0,0.0,0.08888888888888889
PFdjl0p9.jpg,,test,480,354,354,2.0,,0.005649717514124294
Pcz6TMby.png,,test,150,148,148,4.0,,0.02702702702702703
ItKYqOPE.jpg,,test,830,556,508,4.0,,0.007874015748031496
a9BmtPJb.jpg,,test,768,544,414,2.0,,0.004830917874396135
EMRQOOsO.png,,test,132,63,51,4.47213595499958,,0.08768894029410941
nQwYl20J.png,,test,1172,64,64,4.0,4.0,0.0625
10YNnodr.png,,test,146,42,42,6.0,8.0,0.14285714285714285
x8yJPsGV.png,,test,418,68,68,4.0,2.0,0.058823529411764705
y4Div1Ps.jpg,,test,404,316,291,2.0,,0.006872852233676976
IwuTnbUj.png,,test,146,37,35,5.656854249492381,5.0,0.16162440712835374
6nRakZMt.png,,test,864,864,273,14.142135623730951,,0.05180269459242107
4PdmVIkP.png,,test,795,45,45,10.0,0.0,0.2222222222222222
4sMBUagD.png,,test,1200,800,413,4.0,,0.009685230024213076
lFWeSmNZ.png,,test,936,72,72,5.656854249492381,-2.0,0.07856742013183862
mHeGx7ZL.png,,test,347,45,45,4.0,0.0,0.08888888888888889
xlXgf5c2.png,,test,867,46,46,24.0,0.0,0.5217391304347826
NtuvqiQ4.png,,test,449,66,66,6.0,-2.0,0.09090909090909091
PbWauHfe.png,,test,129,36,36,4.0,8.0,0.1111111111111111
ipYw1jbF.jpg,,test,1320,990,850,20.8806130178211,,0.02456542707978953
emcWShUR.png,,test,902,67,67,4.0,-2.0,0.05970149253731343
zpaJVslx.png,,test,640,279,277,2.0,,0.007220216606498195
K3eaNag9.png,,test,1707,900,900,4.0,,0.0044444444444444444
YBRfQm8i.jpg,,test,289,128,109,4.0,,0.03669724770642202
TqNcmXGk.png,,test,57,55,43,2.0,,0.046511627906976744
75FTutS8.png,,test,233,62,53,4.0,6.0,0.07547169811320754
svOhCBGO.png,,test,122,42,26,4.0,,0.15384615384615385
Y43lbNxD.jpg,,test,660,400,400,2.0,,0.005
PHspQViJ.png,,test,131,43,42,4.0,-2.0,0.09523809523809523
irfN8SvM.png,,test,468,236,196,2.0,,0.01020408163265306
6keS2q1W.png,,test,627,76,76,10.0,1.0,0.13157894736842105
iqjxUJyG.png,,test,76,71,64,4.0,,0.0625
056AqPTe.jpg,,test,800,439,439,4.0,,0.009111617312072893
tuQn2tFG.jpg,,test,1280,720,720,5.656854249492381,,0.007856742013183862
VCETFUEm.png,,test,88,52,34,4.0,,0.11764705882352941
KbH41LGp.png,,test,473,75,69,2.8284271247461903,1.0,0.04099169746008972
uDeervHv.png,,test,947,56,56,22.0,0.0,0.39285714285714285
kOzZg1JG.jpg,,test,1280,720,720,12.649110640673518,,0.017568209223157664
VYOpwZqb.png,,test,99,38,38,4.47213595499958,,0.11768778828946262
tFNYQUUg.png,,test,791,80,80,5.656854249492381,-10.0,0.07071067811865475
ZjFyliaI.png,,test,798,96,96,6.0,0.0,0.0625
ikM06HcP.png,,test,792,72,72,8.0,-4.0,0.1111111111111111
zLGulVUF.png,,test,891,88,88,4.0,0.0,0.045454545454545456
XBafp2ut.png,,test,792,86,86,8.246211251235321,0.0,0.09588617733994559
XziMPG8z.png,,test,153,58,52,5.656854249492381,,0.10878565864408424
24T5SZRZ.png,,test,1007,76,76,4.47213595499958,0.0,0.05884389414473131
Osd5jaCP.png,,test,22,26,24,4.47213595499958,,0.18633899812498247
P8cAscCZ.png,,test,176,89,89,3.414213562373095,,0.03836195013902354
jM8Jsl4A.png,,test,60,32,32,6.767828935632369,,0.21149465423851152
s74sHDUk.png,,test,200,46,42,4.0,-4.0,0.09523809523809523
0n7QAEVG.png,,test,113,86,59,4.0,,0.06779661016949153
l7zErLnw.jpg,,test,279,494,442,2.0,,0.004524886877828055
LPbJ8Xa9.png,,test,963,97,97,6.0,2.0,0.061855670103092786
uneupKp4.jpg,,test,1024,714,714,2.8284271247461903,,0.003961382527655728
RQ3dXMka.png,,test,104,58,52,4.47213595499958,,0.08600261451922268
gPxFUf2Q.png,,test,138,36,33,4.0,11.0,0.12121212121212122
gCeXTM6f.png,,test,2226,3356,3298,6.0,,0.0018192844147968466
RCAhhZd5.png,,test,929,47,45,6.0,0.0,0.13333333333333333
EZsD6yU2.png,,test,180,90,75,6.324555320336759,,0.08432740427115679
YwAccQRI.jpg,,test,600,423,405,2.0,,0.0049382716049382715
YUSbZwlL.png,,test,167,156,156,2.8284271247461903,,0.018130943107347374
etGskeZb.png,,test,108,50,46,2.0,,0.043478260869565216
hLjOXcIt.png,,test,119,36,34,4.0,4.0,0.11764705882352941
XHfBbGro.png,,test,1199,67,67,4.47213595499958,-1.0,0.06674829783581462
qq4ruweS.png,,test,132,44,44,6.0,-11.0,0.13636363636363635
88um4MLL.png,,test,683,71,71,8.0,0.0,0.11267605633802817
mh0dnpYt.png,,test,203,58,42,4.0,-2.0,0.09523809523809523
EkcAINcb.jpg,,test,395,720,720,2.0,,0.002777777777777778
t4WWJWrm.png,,test,461,63,63,6.0,8.0,0.09523809523809523
CnD6r3Nc.png,,test,704,50,36,4.0,0.0,0.1111111111111111
KErle2IZ.png,,test,126,43,43,4.47213595499958,,0.10400316174417627
OxqIjBqf.png,,test,1280,865,865,7.211102550927978,,0.0083365347409572
eQdRb66P.bmp,,test,822,667,664,2.0,,0.0030120481927710845
rAp05mwt.jpg,,test,1200,750,750,2.0,,0.0026666666666666666
NOtYR2fS.png,,test,147,41,36,4.0,0.0,0.1111111111111111
2JOdaZIF.jpg,,test,449,252,252,5.656854249492381,,0.022447834323382463
U7VOFbSp.png,,test,142,59,54,6.0,,0.1111111111111111
8oq6zqeT.jpg,,test,768,1024,820,2.0,,0.0024390243902439024
A8vOjcCg.png,,test,338,86,80,10.0,0.0,0.125
Pof0hs8v.png,,test,788,82,82,6.0,-2.0,0.07317073170731707
wHZdMejr.jpg,,test,768,1024,745,2.0,,0.0026845637583892616
UNtkdcp9.png,,test,509,62,62,5.656854249492381,1.0,0.09123958466923195
XkbrUkn5.png,,test,929,47,21,16.0,0.0,0.7619047619047619
31eEtdGH.png,,test,598,59,59,4.0,2.0,0.06779661016949153
eGkKGqww.png,,test,669,73,73,4.0,0.0,0.0547945205479452
7CyTFt1f.png,,test,133,43,43,4.0,7.0,0.09302325581395349
oY0gb7Sn.jpg,,test,750,500,500,2.0,,0.004
LfkwfRXY.png,,test,951,61,61,20.0,0.0,0.32786885245901637
Ep42uvIt.jpg,,test,736,515,444,4.0,,0.009009009009009009
Dm7oXhal.png,,test,153,37,31,4.0,-1.0,0.12903225806451613
VoJ1Xg9b.png,,test,96,99,79,4.47213595499958,,0.05660931588607063
GFi010T3.png,,test,604,81,81,4.47213595499958,8.0,0.05521155499999481
3thCZSyH.jpg,,test,569,753,726,2.0,,0.0027548209366391185
LiB3gmQw.png,,test,1299,1672,1606,10.0,,0.0062266500622665
fI8C362v.png,,test,55,56,29,5.656854249492381,,0.1950639396376683
pFSi98wx.png,,test,581,73,73,8.0,-1.0,0.1095890410958904
K1OaxX8K.png,,test,854,57,57,4.0,0.0,0.07017543859649122
MLej2rDG.png,,test,138,36,31,4.0,-5.0,0.12903225806451613
VbUDzy4i.jpg,,test,500,291,236,2.0,,0.00847457627118644
ujjDXtsH.png,,test,144,138,138,4.47213595499958,,0.03240678228260565
o6wvvIED.jpg,,test,330,255,252,2.0,,0.007936507936507936
UIyE3mPI.png,,test,240,80,78,4.0,-11.0,0.05128205128205128
DFkLcO4k.png,,test,373,53,53,4.0,7.0,0.07547169811320754
KjfiynKK.jpg,,test,600,450,436,2.0,,0.0045871559633027525
FBTHN0rk.jpg,,test,300,172,172,2.0,,0.011627906976744186
bxQcDY0h.png,,test,457,64,64,2.8284271247461903,0.0,0.04419417382415922
oJMW3lXi.png,,test,847,59,59,4.47213595499958,0.0,0.0757989144915183
UZkcwMR2.png,,test,142,128,128,4.0,,0.03125
ay6KXtZE.png,,test,942,52,52,4.0,1.0,0.07692307692307693
O2jk1qCX.png,,test,111,101,100,4.0,,0.04
iQAE0e2j.png,,test,921,73,73,24.0,-1.0,0.3287671232876712
JR8H0DtD.png,,test,706,46,43,4.0,0.0,0.09302325581395349
O8zOrSNi.png,,test,99,37,35,6.0,,0.17142857142857143
XNKeg34p.png,,test,139,120,120,2.0,,0.016666666666666666
YUrX9JYE.png,,test,74,45,25,4.0,,0.16
GsTqjyBm.png,,test,945,72,67,4.0,0.0,0.05970149253731343
ezwvAKNA.png,,test,260,64,57,4.0,0.0,0.07017543859649122
mgq2eH5y.png,,test,691,66,66,4.47213595499958,0.0,0.06775963568181181
1kBHFF7b.png,,test,590,64,64,4.0,0.0,0.0625
8fctJinJ.png,,test,145,62,59,6.0,,0.1016949152542373
TQ0omJqB.png,,test,86,74,66,2.8284271247461903,,0.04285495643554834
Y4p39xPf.png,,test,169,153,153,4.47213595499958,,0.029229646764703136
D2al3WFj.png,,test,590,66,66,6.0,1.0,0.09090909090909091
aFNQd7Wq.jpg,,test,640,480,480,2.0,,0.004166666666666667
lEgRN8gs.png,,test,87,38,28,4.47213595499958,,0.15971914124998499
00T8kKS9.png,,test,180,50,47,4.47213595499958,-5.0,0.0951518288297783
dNOv6cil.png,,test,791,71,63,4.47213595499958,0.0,0.07098628499999332
pkr1vakn.png,,test,147,36,36,4.0,1.0,0.1111111111111111
3PuR8UUd.png,,test,149,60,44,4.0,,0.09090909090909091
Ybv4ejqR.jpg,,test,1024,1024,911,2.0,,0.0021953896816684962
fJlFp9qb.png,,test,274,44,44,4.0,-18.0,0.09090909090909091
SegSnPMo.png,,test,117,36,31,4.47213595499958,4.0,0.14426245016127676
jTbRy3wy.png,,test,776,61,61,5.656854249492381,-2.0,0.09273531556544887
wfrQPPz0.png,,test,177,63,63,4.47213595499958,,0.07098628499999332
l7zm4ex5.jpg,,test,640,558,558,2.0,,0.0035842293906810036
i2Po8naX.png,,test,952,52,52,4.47213595499958,0.0,0.08600261451922268
J1wE89Kg.png,,test,942,54,51,5.656854249492381,-2.0,0.1109187107743604
IFsvMMMZ.png,,test,933,83,83,6.0,-1.0,0.07228915662650602
JxJ5O6S2.png,,test,164,160,160,4.0,,0.025
bdWh7vZy.jpg,,test,774,1032,807,2.8284271247461903,,0.003504866325583879
xKOr051L.png,,test,129,112,102,4.0,,0.0392156862745098
u04JTLXq.png,,test,356,66,66,4.0,1.0,0.06060606060606061
wZXItSQr.png,,test,276,47,47,2.0,9.0,0.0425531914893617
kiTqS47o.png,,test,658,83,83,2.0,3.0,0.024096385542168676
2DNZmXTB.png,,test,140,143,143,4.0,,0.027972027972027972
FwX91kPV.png,,test,149,43,26,4.0,0.0,0.15384615384615385
KUPPAWQo.png,,test,369,56,56,4.0,-5.0,0.07142857142857142
ZkaIdXph.png,,test,97,91,91,2.8284271247461903,,0.03108161675545264
ipee2D8y.png,,test,1049,61,61,4.0,0.0,0.06557377049180328
3htXo3T1.png,,test,146,44,44,4.0,14.0,0.09090909090909091
VpiyizbZ.png,,test,155,75,65,4.47213595499958,,0.06880209161537815
Osr6x8QO.jpg,,test,790,445,445,2.0,,0.0044943820224719105
pEh1Rkyx.png,,test,389,97,97,7.211102550927978,0.0,0.07434126341162864
hkW7FAtu.png,,test,147,36,33,4.47213595499958,-2.0,0.13551927136362363
EfsKBSzv.png,,test,201,106,106,7.211102550927978,,0.06802926934837715
ucJ8RJ0x.png,,test,194,162,162,5.656854249492381,,0.034918853391928274
KWPvaaiz.png,,test,850,68,68,6.0,0.0,0.08823529411764706
3P33Mx6w.png,,test,239,58,58,2.0,0.0,0.034482758620689655
m8gGjDUO.png,,test,949,63,63,6.0,3.0,0.09523809523809523
2kwxMF1P.png,,test,1377,54,54,4.47213595499958,0.0,0.08281733249999222
YrcxD0Iz.png,,test,805,75,75,7.211102550927978,0.0,0.09614803401237304
LDnDYpYN.png,,test,941,48,48,7.211102550927978,-11.0,0.1502313031443329
Ql34AEov.png,,test,161,152,147,4.47213595499958,,0.030422693571425713
0G6K6Mgx.png,,test,928,72,63,4.0,0.0,0.06349206349206349
rCFHzah9.jpg,,test,750,375,375,2.0,,0.005333333333333333
nYuKVvtP.png,,test,55,44,37,4.0,,0.10810810810810811
iMzXnHzi.png,,test,940,59,58,4.0,0.0,0.06896551724137931
H2wD2Cwp.jpg,,test,800,534,518,2.0,,0.003861003861003861
nmE8gjqc.png,,test,139,131,131,4.0,,0.030534351145038167
hu2IO3uu.png,,test,119,77,58,4.47213595499958,,0.07710579232757896
pOdWxgnU.jpg,,test,743,534,533,2.0,,0.00375234521575985
Urll2kV8.png,,test,162,148,148,4.0,,0.02702702702702703
3WOfUs8V.jpg,,test,780,552,552,2.0,,0.0036231884057971015
QnomGMrW.png,,test,830,805,790,4.0,,0.005063291139240506
qdyOBJMm.png,,test,146,36,36,4.0,-3.0,0.1111111111111111
AJtfjse4.png,,test,899,61,61,4.47213595499958,0.0,0.07331370418032097
uo2fXOOg.png,,test,88,38,32,4.47213595499958,,0.13975424859373686
bzYOfktG.jpg,,test,1706,960,960,4.0,,0.004166666666666667
MEIIpTFk.jpg,,test,1200,800,780,4.0,,0.005128205128205128
vbTrP2XB.png,,test,74,38,33,4.0,,0.12121212121212122
cgKILzhK.png,,test,143,143,143,4.0,,0.027972027972027972
wddJmAo6.png,,test,621,46,46,6.324555320336759,-1.0,0.1374903330507991
iApRoWXi.png,,test,647,73,73,2.0,0.0,0.0273972602739726
hzmyHjwd.png,,test,344,43,43,2.0,0.0,0.046511627906976744
ANvXuugy.jpg,,test,750,500,495,2.0,,0.00404040404040404
mHPYOxBd.png,,test,148,41,41,6.0,1.0,0.14634146341463414
3Vb1a9Jq.png,,test,923,56,56,2.0,0.0,0.03571428571428571
ZBvUKEFY.jpg,,test,700,493,493,42.0,,0.08519269776876268
j2A8mZqi.png,,test,1399,54,54,8.0,2.0,0.14814814814814814
GVuvm0Fe.png,,test,143,43,39,4.0,-6.0,0.10256410256410256
yH8kDyOL.png,,test,140,31,31,2.8284271247461903,-2.0,0.09123958466923195
pmpFP6tE.jpg,,test,1200,800,763,6.0,,0.007863695937090432
HmO2XhX4.png,,test,139,41,39,5.656854249492381,6.0,0.145047544858779
DzyTnG3l.png,,test,104,44,33,4.0,,0.12121212121212122
2vw5LSXt.png,,test,147,140,140,4.0,,0.02857142857142857
BdjIUfGT.png,,test,819,70,70,4.47213595499958,0.0,0.06388765649999399
a2xlyNPU.png,,test,258,90,83,6.0,,0.07228915662650602
jKDXOxK5.png,,test,629,79,79,6.0,-1.0,0.0759493670886076
tCOj1eAD.png,,test,131,123,123,5.656854249492381,,0.045990684955222606
2T7yQYeE.jpg,,test,600,471,471,4.0,,0.008492569002123142
VPd59w2G.png,,test,61,54,45,6.0,,0.13333333333333333
TkC0OpHV.png,,test,135,38,34,4.47213595499958,-12.0,0.1315334104411641
fEklPkNb.png,,test,93,79,72,2.8284271247461903,,0.03928371006591931
nb7zv9pn.png,,test,145,31,31,6.0,0.0,0.1935483870967742
3Ab69ql6.jpg,,test,640,376,376,2.0,,0.005319148936170213
T2fp5mfj.png,,test,158,42,41,6.0,-3.0,0.14634146341463414
fjnGrtEu.png,,test,920,224,154,19.79898987322333,0.0,0.128564869306645
HgFDeeQj.png,,test,532,49,49,4.0,0.0,0.08163265306122448
khaxzjZo.png,,test,67,38,38,2.0,,0.05263157894736842
AGHPVJzn.png,,test,630,83,83,2.0,0.0,0.024096385542168676
nNFES8AI.png,,test,274,51,38,4.47213595499958,-2.0,0.11768778828946262
o36fxQgG.jpg,,test,600,600,514,2.0,,0.0038910505836575876
94w0nbLY.jpg,,test,1158,1600,1600,8.48528137423857,,0.005303300858899106
WfW6DiJL.png,,test,798,74,74,4.0,-1.0,0.05405405405405406
3VEBASAg.png,,test,215,57,51,2.0,-2.0,0.0392156862745098
T0d4kIfP.jpg,,test,480,272,267,2.0,,0.00749063670411985
fL2JmXEd.png,,test,80,55,50,4.47213595499958,,0.08944271909999159
XptxcyjW.png,,test,917,67,67,2.0,0.0,0.029850746268656716
EnCEWDE8.jpg,,test,750,500,481,5.656854249492381,,0.011760611745306404
KBBAssZV.webp,,test,750,500,500,2.0,,0.004
5K0ntO8j.png,,test,97,45,45,4.47213595499958,,0.09938079899999065
4Exa86KL.png,,test,139,120,120,4.0,,0.03333333333333333
mx7LCCNB.png,,test,875,55,55,4.47213595499958,-1.0,0.08131156281817417
9KPYHyTK.jpg,,test,768,1024,819,2.0,,0.002442002442002442
SCCerkBY.jpg,,test,1654,2340,2235,4.0,,0.0017897091722595079
IINdF7pr.webp,,test,1200,676,676,4.0,,0.005917159763313609
5IMxeqAJ.png,,test,342,77,77,4.0,-1.0,0.05194805194805195
chtz5jzk.jpg,,test,768,1024,842,2.0,,0.0023752969121140144
8jfXGtZJ.png,,test,734,56,56,4.47213595499958,0.0,0.07985957062499249
sZuRUcfR.png,,test,430,61,61,6.0,0.0,0.09836065573770492
5wSDIkxd.png,,test,296,91,89,6.0,-1.0,0.06741573033707865
WsL7EGKU.jpg,,test,801,435,401,2.0,,0.004987531172069825
TttzcFgE.jpg,,test,650,367,348,2.0,,0.005747126436781609
EqOy0Ygp.jpg,,test,414,95,95,2.0,0.0,0.021052631578947368
MWUxUolm.png,,test,1378,66,66,56.0,0.0,0.8484848484848485
vI3WShwa.bmp,,test,144,254,236,4.0,,0.01694915254237288
yPoCDaF4.png,,test,44,54,30,6.0,,0.2
xR0SEbgG.png,,test,903,59,59,5.656854249492381,0.0,0.09587888558461662
fF7SuGhV.png,,test,79,58,53,6.324555320336759,,0.11933123245918413
W6smHRuA.png,,test,785,60,52,4.0,0.0,0.07692307692307693
EMntqvyh.png,,test,89,84,84,10.0,,0.11904761904761904
4OR8cPdh.jpg,,test,1082,767,744,8.0,,0.010752688172043012
zdu2Zw13.png,,test,160,126,126,2.8284271247461903,,0.022447834323382463
W2n52G1r.jpg,,test,1024,874,613,6.0,,0.009787928221859706
hgfKArJw.png,,test,480,309,309,4.0,,0.012944983818770227
DVXTo7I6.png,,test,838,67,67,6.0,0.0,0.08955223880597014
QlEiR0iG.jpg,,test,1280,720,720,8.94427190999916,,0.012422599874998832
vmQ5ocag.png,,test,795,70,63,14.0,0.0,0.2222222222222222
6walxVK4.jpg,,test,768,768,761,6.0,,0.00788436268068331
yOU77fDe.png,,test,964,58,58,4.0,1.0,0.06896551724137931
VYSBSqiL.png,,test,257,63,52,4.0,-7.0,0.07692307692307693
X2RZw52N.png,,test,1410,61,61,4.0,-1.0,0.06557377049180328
pWnaLPgR.jpg,,test,736,515,505,4.0,,0.007920792079207921
TkcyO0pK.jpg,,test,768,1024,1009,2.0,,0.0019821605550049554
wEqxO932.png,,test,203,67,66,4.47213595499958,-4.0,0.06775963568181181
PpusvmqU.png,,test,659,56,56,4.47213595499958,0.0,0.07985957062499249
5u5TVLbj.png,,test,168,65,58,4.0,,0.06896551724137931
05JGzTkN.png,,test,497,112,108,5.656854249492381,0.0,0.052378280087892415
vGWIjnJU.png,,test,155,150,150,4.0,,0.02666666666666667
RyJnmmhF.png,,test,788,75,75,8.0,1.0,0.10666666666666667
0N0MItKu.png,,test,263,64,50,6.0,-7.0,0.12
4IateSUS.png,,test,454,79,79,6.0,-11.0,0.0759493670886076
WrucuNTl.jpg,,test,830,1478,1009,6.0,,0.005946481665014866
nrjSuQUI.png,,test,209,174,174,4.47213595499958,,0.025701930775859652
zT9aeQxi.jpg,,test,1706,960,960,4.0,,0.004166666666666667
Q9imR7oT.jpg,,test,768,544,483,2.0,,0.004140786749482402
c8jZaveK.png,,test,856,64,64,4.0,5.0,0.0625
nIhqTJNj.png,,test,88,87,64,4.47213595499958,,0.06987712429686843
lWYdBjrk.png,,test,1194,62,62,4.0,0.0,0.06451612903225806
HUGi0nLM.jpg,,test,500,330,306,6.0,,0.0196078431372549
rErI59dc.png,,test,130,111,111,4.0,,0.036036036036036036
2yagSjhm.png,,test,243,286,286,2.0,,0.006993006993006993
h8v2QrgF.png,,test,455,66,63,4.0,0.0,0.06349206349206349
WayCSImu.png,,test,90,90,90,4.0,,0.044444444444444446
7VMfcMHI.png,,test,187,64,53,4.0,,0.07547169811320754
9zGlcdIa.png,,test,130,38,32,2.8284271247461903,-7.0,0.08838834764831845
s05yO8BP.png,,test,398,40,37,4.0,4.0,0.10810810810810811
YLBrPsjO.png,,test,662,59,32,4.0,0.0,0.125
TXkxko1i.jpg,,test,1033,774,774,6.324555320336759,,0.008171260103794263
95YZVrDD.png,,test,124,58,58,6.0,,0.10344827586206896
7ckJIDU4.png,,test,145,136,136,4.0,,0.029411764705882353
loTQb3H7.png,,test,89,38,34,2.8284271247461903,,0.0831890330807703
34HKXjV9.png,,test,706,49,49,4.0,0.0,0.08163265306122448
rZnOMgbJ.png,,test,78,55,30,4.0,,0.13333333333333333
6W0xinoW.png,,test,324,60,48,4.47213595499958,0.0,0.09316949906249124
BF2a88L9.webp,,test,1200,728,660,10.0,,0.015151515151515152
vdHe3qEg.png,,test,594,30,30,4.47213595499958,2.0,0.14907119849998599
nGYbQt8U.png,,test,150,43,43,4.0,-1.0,0.09302325581395349
r7fakC6Y.png,,test,576,68,68,4.0,0.0,0.058823529411764705
01eMwHuH.png,,test,793,78,78,7.211102550927978,0.0,0.09245003270420485
mzWOtlbp.png,,test,902,59,59,4.0,3.0,0.06779661016949153
iiCd7aNl.jpg,,test,242,280,275,2.0,,0.007272727272727273
NjeIgej1.png,,test,93,89,85,4.0,,0.047058823529411764
r3Ups2lg.png,,test,809,90,90,8.0,0.0,0.08888888888888889
AQwUoSbi.png,,test,1126,67,67,30.0,0.0,0.44776119402985076
USzzfXaO.png,,test,785,75,69,6.0,1.0,0.08695652173913043
nWpj5DQ3.png,,test,802,90,90,7.211102550927978,4.0,0.08012336167697753
ak3GwgIz.png,,test,794,76,76,7.211102550927978,1.0,0.09488292830168392
a48ZKsTM.png,,test,150,144,144,4.0,,0.027777777777777776
3f76p0cH.png,,test,386,90,90,7.211102550927978,1.0,0.08012336167697753
WIzFRrQw.png,,test,116,38,33,5.656854249492381,-3.0,0.17141982574219336
t0CUnaq7.png,,test,144,61,35,4.47213595499958,,0.12777531299998798
CURsUyvi.jpg,,test,480,360,357,2.0,,0.0056022408963585435
rSIh1IgC.png,,test,765,77,77,4.0,3.0,0.05194805194805195
TSJcHALM.jpg,,test,700,368,312,2.0,,0.00641025641025641
gxSxzmWq.png,,test,626,443,438,2.0,,0.0045662100456621
hS8BXVxE.png,,test,808,86,86,8.246211251235321,0.0,0.09588617733994559
FJIb3JJZ.png,,test,293,47,47,4.0,7.0,0.0851063829787234
103HUaxy.png,,test,101,42,31,2.8284271247461903,,0.09123958466923195
KJdY1jWR.jpg,,test,752,564,445,2.0,,0.0044943820224719105
qO6OKcRs.jpg,,test,716,537,534,2.8284271247461903,,0.005296680008887997
BpemwSh9.png,,test,170,136,136,2.8284271247461903,,0.020797258270192576
XMWlmHYn.webp,,test,1200,675,450,2.8284271247461903,,0.00628539361054709
cIvpkHsH.jpg,,test,453,472,449,2.0,,0.004454342984409799
iN8lmlCB.png,,test,120,114,113,2.8284271247461903,,0.025030328537576904
YtqTEdMc.png,,test,940,42,42,2.8284271247461903,-7.0,0.06734350297014739
TsW7zvts.png,,test,812,46,46,4.47213595499958,-2.0,0.09722034684781695
Y978qcT3.jpg,,test,705,667,663,2.0,,0.0030165912518853697
RsrT9tlT.png,,test,970,114,114,4.47213595499958,0.0,0.03922926276315421
VEr26nUc.png,,test,595,54,54,6.0,0.0,0.1111111111111111
fLvo3NSl.png,,test,787,75,75,4.0,0.0,0.05333333333333334
Kmt3tBTF.png,,test,665,34,34,4.0,0.0,0.11764705882352941
0yYINh3K.png,,test,423,77,77,5.656854249492381,-7.0,0.07346563960379715
JC72Wvwy.png,,test,114,66,54,4.0,,0.07407407407407407
TCGOSVcJ.png,,test,386,93,93,6.0,-1.0,0.06451612903225806
Kvzj3Pv0.png,,test,759,57,47,2.8284271247461903,2.0,0.060179300526514684
33wj8h0R.png,,test,1014,45,45,6.0,0.0,0.13333333333333333
yZhMQJBZ.jpg,,test,300,225,225,2.0,,0.008888888888888889
0GsnAjkh.jpg,,test,1200,677,674,4.47213595499958,,0.00663521655044448
UtmpkmTz.jpg,,test,736,1164,1118,2.0,,0.0017889087656529517
u18BMse4.jpg,,test,1024,535,535,2.8284271247461903,,0.005286779672422786
cgrMsZJ8.png,,test,237,46,41,2.8284271247461903,0.0,0.06898602743283391
yEwOuwUz.jpg,,test,1200,1599,1405,2.8284271247461903,,0.0020131153912784274
GtmANNHc.png,,test,147,132,132,4.47213595499958,,0.03387981784090591
FNnSLEoz.jpg,,test,700,700,367,4.0,,0.010899182561307902
hO5C0YCv.png,,test,964,62,62,7.211102550927978,-13.0,0.11630810566012868
WUwowK3j.jpg,,test,736,1004,1004,4.0,,0.00398406374501992
g1V2Jf5T.png,,test,169,58,48,6.0,,0.125
G9emTgSa.png,,test,197,78,74,5.656854249492381,,0.07644397634449163
3nA3W49u.jpg,,test,588,971,971,2.8284271247461903,,0.0029129012613246037
5RITOks4.png,,test,608,55,39,4.47213595499958,0.0,0.11467015269229691
hOmpjJmw.png,,test,56,42,25,4.0,,0.16
3MWxF7cW.png,,test,316,46,35,4.0,0.0,0.11428571428571428
deHZj2TH.png,,test,1376,64,64,4.0,4.0,0.0625
0u4WUqfd.png,,test,389,83,79,4.0,2.0,0.05063291139240506
wX7bM0kB.png,,test,382,102,102,8.0,0.0,0.0784313725490196
08ir1p0K.png,,test,183,70,64,4.47213595499958,,0.06987712429686843
Q0tOdDTQ.png,,test,49,42,33,4.47213595499958,,0.13551927136362363
Cs3YLT81.png,,test,519,67,67,4.0,0.0,0.05970149253731343
nq6bdC2J.jpg,,test,330,549,545,2.0,,0.003669724770642202
hSV8sh6t.png,,test,127,121,83,4.0,,0.04819277108433735
8vFap5BO.png,,test,1388,84,81,4.0,-1.0,0.04938271604938271
3sAJUg9D.png,,test,328,58,58,4.0,0.0,0.06896551724137931
FfhHxvVH.png,,test,936,70,70,6.324555320336759,-5.0,0.09035079029052513
5tEuNxV2.png,,test,832,82,82,10.0,0.0,0.12195121951219512
0QmUSo8n.jpg,,test,774,947,947,2.0,,0.0021119324181626186
WHISm4Km.png,,test,920,59,59,6.324555320336759,-1.0,0.10719585288706371
MnP02zXP.png,,test,500,125,110,10.0,0.0,0.09090909090909091
EFM6OYGv.png,,test,89,36,29,4.0,,0.13793103448275862
6op2Y2yh.png,,test,805,55,55,4.0,-3.0,0.07272727272727272
d7cXQ2Qo.png,,test,116,106,104,2.8284271247461903,,0.02719641466102106
323hhBsX.png,,test,288,64,57,4.0,0.0,0.07017543859649122
GYYGbbBG.png,,test,110,80,74,4.47213595499958,,0.06043426966215648
PX3mxCZj.png,,test,216,63,62,4.0,-7.0,0.06451612903225806
LnSqXuEu.png,,test,872,68,68,28.0,0.0,0.4117647058823529
NOBQTAfI.png,,test,163,144,144,4.0,,0.027777777777777776
GmgmFkbL.png,,test,61,42,27,4.0,,0.14814814814814814
rR8Jn0tX.png,,test,139,40,32,4.0,0.0,0.125
JpskgVWZ.png,,test,783,66,66,5.656854249492381,-7.0,0.08570991287109668
HAzZ4mgu.png,,test,1400,56,56,4.0,0.0,0.07142857142857142
tcTkCXgy.png,,test,130,62,51,4.0,,0.0784313725490196
kyWx0ZQy.png,,test,86,75,65,10.0,,0.15384615384615385
xU9Yyahd.png,,test,1403,61,61,4.0,0.0,0.06557377049180328
GKqjIlWl.png,,test,997,58,58,4.0,3.0,0.06896551724137931
pfViDMBL.png,,test,948,67,44,7.211102550927978,0.0,0.16388869433927222
EAYCAQ59.png,,test,156,46,33,4.0,-2.0,0.12121212121212122
l59U3nzg.png,,test,487,52,52,4.0,4.0,0.07692307692307693
XYvglGWB.png,,test,161,145,133,2.0,,0.015037593984962405
2HeVFuqg.png,,test,218,104,70,4.0,,0.05714285714285714
BqEBJVOi.png,,test,663,95,95,6.0,2.0,0.06315789473684211
KRx3Vmia.png,,test,1410,61,61,4.0,0.0,0.06557377049180328
l4bmCKrg.png,,test,340,77,77,4.47213595499958,-11.0,0.058079687727267265
s9WmvGWk.png,,test,154,134,134,4.47213595499958,,0.03337414891790731
KhpaPPC0.png,,test,886,81,81,6.0,10.0,0.07407407407407407
YeQKBE9M.png,,test,825,79,79,4.47213595499958,0.0,0.05660931588607063
kSLTls5b.jpg,,test,768,1024,925,4.0,,0.004324324324324324
43HAydRQ.png,,test,1357,69,69,4.47213595499958,-1.0,0.0648135645652113
e2cUfICY.png,,test,190,144,144,4.0,,0.027777777777777776
IQ8kGbtE.png,,test,673,99,99,2.0,0.0,0.020202020202020204
OIaA5eXo.png,,test,621,86,86,4.0,-8.0,0.046511627906976744
ulIaHLEa.png,,test,776,54,54,7.211102550927978,-2.0,0.1335389361282959
91m3Rxef.jpg,,test,200,150,150,2.0,,0.013333333333333334
cGozUXSG.jpg,,test,790,445,445,4.0,,0.008988764044943821
1bbYyX22.png,,test,1444,48,48,4.0,-1.0,0.08333333333333333
89dSOcz7.png,,test,876,66,66,6.0,0.0,0.09090909090909091
MgAgepYl.png,,test,214,68,52,4.0,-5.0,0.07692307692307693
hqJ103Sp.jpg,,test,1024,768,740,4.0,,0.005405405405405406
D7NbcemQ.png,,test,406,64,64,4.47213595499958,10.0,0.06987712429686843
4X7I7UNx.png,,test,936,67,66,5.656854249492381,-1.0,0.08570991287109668
LTy8fniU.png,,test,130,38,35,4.47213595499958,-2.0,0.12777531299998798
HI5mb7iB.png,,test,151,41,41,4.47213595499958,-13.0,0.10907648670730682
raGbK5Tu.png,,test,625,630,629,2.0,,0.003179650238473768
P9E70Dmo.png,,test,146,44,44,4.0,-10.0,0.09090909090909091
86AuEeEl.png,,test,136,35,33,4.47213595499958,0.0,0.13551927136362363
90fjiYcU.png,,test,580,74,74,4.47213595499958,-3.0,0.06043426966215648
PDsak7xf.png,,test,170,146,146,4.47213595499958,,0.03063106818492863
OvOP7g6o.png,,test,147,132,132,5.656854249492381,,0.04285495643554834
qATEq0HP.jpg,,test,414,276,236,2.0,,0.00847457627118644
EcXKkfB4.png,,test,91,76,75,4.0,,0.05333333333333334
Pt4L9F8V.png,,test,148,35,31,2.8284271247461903,0.0,0.09123958466923195
jTD8Zh8H.png,,test,491,81,81,2.0,0.0,0.024691358024691357
7dPUZjhP.png,,test,962,89,89,4.47213595499958,0.0,0.050248718595500896
S6L0aYU5.png,,test,74,42,35,4.0,,0.11428571428571428
oMiIYb91.jpg,,test,1366,616,605,4.0,,0.006611570247933884
OkORWxGB.png,,test,137,136,136,4.0,,0.029411764705882353
fNNSh4tQ.png,,test,267,63,40,6.324555320336759,4.0,0.15811388300841897
pZsW1GoY.jpg,,test,1200,800,590,5.656854249492381,,0.009587888558461662
hSxVaXor.jpg,,test,739,492,491,2.0,,0.004073319755600814
fCHu0AYO.jpg,,test,1060,597,597,2.0,,0.0033500837520938024
fgVE5ccy.png,,test,864,864,274,15.231546211727817,,0.0555895847143351
myxkjkgQ.webp,,test,1200,675,569,4.0,,0.007029876977152899
OEWabCe7.jpg,,test,790,444,408,4.0,,0.00980392156862745
Qdwfb3Ge.png,,test,137,40,37,4.47213595499958,-3.0,0.12086853932431296
jmtUqfDV.png,,test,936,76,76,6.0,0.0,0.07894736842105263
nwCtXeZ4.png,,test,580,80,70,6.0,1.0,0.08571428571428572
z2vsKyPU.jpg,,test,500,272,272,2.0,,0.007352941176470588
kYXFycIv.png,,test,861,56,56,38.0,0.0,0.6785714285714286
CXBsxs5B.png,,test,895,260,172,7.211102550927978,0.0,0.04192501483097662
Orjz0RPU.jpg,,test,347,280,275,2.0,,0.007272727272727273
J1ixlQWm.png,,test,249,84,76,5.656854249492381,,0.0744322927564787
kVmtA8MR.png,,test,806,47,45,4.0,0.0,0.08888888888888889
d1ToAyba.png,,test,1408,61,61,10.0,0.0,0.16393442622950818
lPzv5eqY.png,,test,833,73,73,6.0,0.0,0.0821917808219178
pku4lkFa.png,,test,225,79,79,2.0,,0.02531645569620253
RUb8zlTE.png,,test,255,85,75,5.656854249492381,4.0,0.07542472332656508
Oys3soEI.png,,test,55,56,29,5.82842712474619,,0.20098024568090309
reA9BLpu.png,,test,234,47,47,4.47213595499958,11.0,0.0951518288297783
OiiDyhUF.png,,test,484,53,53,4.47213595499958,2.0,0.08437992367923736
i3He2y1Y.png,,test,152,65,61,4.47213595499958,,0.07331370418032097
J7G57bTW.png,,test,938,53,53,6.0,0.0,0.11320754716981132
uRe54tg1.png,,test,849,75,75,6.0,0.0,0.08
phH6CAnL.jpg,,test,224,224,176,6.0,,0.03409090909090909
SagDWqdN.png,,test,100,44,44,4.0,,0.09090909090909091
niyHlOIV.png,,test,519,56,56,4.0,0.0,0.07142857142857142
mS4vyvre.png,,test,140,60,57,4.0,,0.07017543859649122
VE3D743t.png,,test,803,67,67,4.0,8.0,0.05970149253731343
a5zGM5iK.jpg,,test,1200,675,323,25.059928172283335,,0.07758491694205367
Q2NwIzMD.png,,test,114,108,103,4.0,,0.038834951456310676
98PJUOnr.png,,test,119,120,107,4.47213595499958,,0.04179566313083719
LOM2Cl5C.png,,test,149,146,146,2.8284271247461903,,0.019372788525658838
ZyfCy8J2.png,,test,577,66,66,7.211102550927978,-3.0,0.10925912955951482
s53qLnER.png,,test,917,58,58,4.47213595499958,0.0,0.07710579232757896
oam3a8sH.png,,test,750,375,358,2.8284271247461903,,0.007900634426665337
QXGCGLVW.png,,test,906,66,66,6.0,-1.0,0.09090909090909091
XTddzS4X.png,,test,246,141,125,4.47213595499958,,0.03577708763999664
731K7Cai.jpg,,test,768,1024,991,4.0,,0.004036326942482341
7TmjWUdk.png,,test,1414,49,49,4.0,0.0,0.08163265306122448
dUllUsCz.jpg,,test,960,1449,1092,6.0,,0.005494505494505495
jK32E0JD.png,,test,872,68,60,4.0,-1.0,0.06666666666666667
feCJMsmX.png,,test,437,703,703,6.324555320336759,,0.00899652250403522
h5nYoAdw.png,,test,941,63,63,2.8284271247461903,0.0,0.044895668646764926
Hv8tHeqB.png,,test,594,56,46,2.8284271247461903,-3.0,0.06148754619013457
tQWUm1oA.png,,test,640,81,81,2.0,0.0,0.024691358024691357
RbxPyn4x.png,,test,225,64,59,4.47213595499958,-1.0,0.0757989144915183
QFfZe8ew.png,,test,1411,66,63,2.8284271247461903,0.0,0.044895668646764926
Tv6WAzx4.png,,test,347,59,59,5.656854249492381,-2.0,0.09587888558461662
54J05dmZ.png,,test,905,1280,1193,4.0,,0.003352891869237217
I29sCR8B.png,,test,152,43,40,2.8284271247461903,-1.0,0.07071067811865475
edRKaasR.jpg,,test,768,1024,789,2.0,,0.0025348542458808617
UnICwyqg.png,,test,294,50,40,2.0,0.0,0.05
JYfbeH12.jpg,,test,1024,768,768,2.8284271247461903,,0.0036828478186799354
Ky0oQWpj.png,,test,827,40,40,4.0,0.0,0.1
ChZIBpdG.png,,test,973,96,96,5.656854249492381,-1.0,0.05892556509887897
VuSyev7a.png,,test,256,99,97,5.656854249492381,,0.0583180850463132
okSu4ciV.png,,test,553,67,61,4.0,0.0,0.06557377049180328
CXBUMBFn.png,,test,809,92,92,6.324555320336759,0.0,0.06874516652539955
KewGrZpD.png,,test,402,68,68,6.0,6.0,0.08823529411764706
0RAnFoKU.png,,test,206,173,173,2.8284271247461903,,0.016349289738417285
P9JfVGGD.png,,test,284,76,76,2.8284271247461903,-5.0,0.03721614637823935
DaAz8lL4.png,,test,188,69,55,4.47213595499958,,0.08131156281817417
nRdhCMHl.png,,test,206,77,75,5.656854249492381,,0.07542472332656508
Zi7kJrQs.png,,test,118,49,33,4.47213595499958,,0.13551927136362363
JyGnx4Yb.png,,test,161,160,160,6.0,,0.0375
dPgoqmRa.png,,test,84,54,35,4.47213595499958,,0.12777531299998798
qDDmJZ7z.png,,test,308,47,47,4.0,0.0,0.0851063829787234
Whk8ayUq.png,,test,702,50,41,4.0,0.0,0.0975609756097561
MCWevjoy.jpg,,test,657,720,706,4.47213595499958,,0.006334470191217535
lKlzHcor.png,,test,900,219,150,19.79898987322333,0.0,0.13199326582148888
oal4ko2F.png,,test,144,64,63,6.0,,0.09523809523809523
tKOzQYKm.png,,test,840,450,450,4.0,,0.008888888888888889
59tDe5Gv.webp,,test,2048,2899,2755,8.94427190999916,,0.003246559676950693
oGT8HWEq.png,,test,951,68,57,4.0,0.0,0.07017543859649122
JlYULXkv.png,,test,35,38,26,2.8284271247461903,,0.10878565864408424
6VezOnWn.jpg,,test,889,500,500,4.0,,0.008
wxpzk5d3.png,,test,783,65,65,6.0,-3.0,0.09230769230769231
AnSP4JJ3.jpg,,test,870,653,653,2.0,,0.0030627871362940277
nGWPVJWU.png,,test,99,38,32,4.0,,0.125
vMXZNRut.png,,test,949,73,73,6.324555320336759,-2.0,0.08663774411420218
oU4Afjm0.png,,test,931,62,62,2.0,0.0,0.03225806451612903
xLY3M8f5.png,,test,813,92,92,8.0,0.0,0.08695652173913043
1nxydDHq.png,,test,355,60,35,4.0,0.0,0.11428571428571428
Dhgw3OD7.png,,test,937,50,50,5.656854249492381,1.0,0.1131370849898476
3mAvzleS.png,,test,922,75,75,6.0,0.0,0.08
im6uI6sb.png,,test,82,40,37,4.0,,0.10810810810810811
zEYv6W21.png,,test,580,84,84,5.656854249492381,4.0,0.06734350297014739
aCi9dvle.png,,test,73,214,203,6.0,,0.029556650246305417
j4rJdmko.png,,test,80,26,26,4.47213595499958,-14.0,0.17200522903844537
TZ1ueTRt.png,,test,527,70,54,4.0,3.0,0.07407407407407407
hel3KOlu.png,,test,150,47,47,4.47213595499958,-1.0,0.0951518288297783
Krjvxple.jpg,,test,1700,2313,2224,4.47213595499958,,0.0020108524977516095
0b658G9J.png,,test,506,79,79,6.0,4.0,0.0759493670886076
4MUwwG4m.png,,test,674,59,59,4.0,-12.0,0.06779661016949153
LWZ0IOje.png,,test,791,81,81,8.0,0.0,0.09876543209876543
G7edH2Ra.png,,test,216,170,170,4.0,,0.023529411764705882
GtRD7Rmf.png,,test,286,68,68,4.0,-12.0,0.058823529411764705
dfssXIo8.jpg,,test,1280,720,720,2.0,,0.002777777777777778
cln7Plo6.png,,test,242,91,91,10.0,,0.10989010989010989
OeILLbO4.jpg,,test,665,374,374,2.8284271247461903,,0.007562639370979118
ZaYgfQQL.png,,test,201,61,60,2.0,0.0,0.03333333333333333
KbrCt83X.png,,test,134,129,129,6.324555320336759,,0.04902756062276557
bn00IwdS.jpg,,test,2448,3696,2784,7.211102550927978,,0.002590194881798843
DcbTyhLk.png,,test,106,77,61,6.324555320336759,,0.103681234759619
qi2VSDd6.png,,test,272,93,63,7.211102550927978,,0.11446194525282505
pqtG762h.png,,test,815,53,53,4.0,-1.0,0.07547169811320754
b4mplqNJ.png,,test,127,75,69,8.0,,0.11594202898550725
KEBMdQDz.jpg,,test,1024,1024,766,4.0,,0.005221932114882507
OQWkQ4vH.png,,test,656,58,58,2.0,0.0,0.034482758620689655
uiAFa39T.png,,test,548,66,66,4.0,1.0,0.06060606060606061
u8gRNSJu.jpg,,test,768,1024,918,2.0,,0.002178649237472767
oI6wrK4S.png,,test,142,36,36,7.211102550927978,-7.0,0.20030840419244383
WvFIkFHu.png,,test,238,87,57,4.0,,0.07017543859649122
KR5EpRnz.png,,test,399,95,95,8.0,-3.0,0.08421052631578947
4Pc0Kc1p.jpg,,test,830,556,482,2.0,,0.004149377593360996
eiFKAMFN.png,,test,2822,1698,923,56.0,,0.06067172264355363
VKy7LWsI.png,,test,812,76,76,10.0,0.0,0.13157894736842105
dng6mbzW.png,,test,591,60,60,4.0,-5.0,0.06666666666666667
XOb5w4Tj.jpg,,test,768,1024,835,4.0,,0.004790419161676647
du6bZvPZ.png,,test,949,34,34,4.0,0.0,0.11764705882352941
yhu5vLZ2.png,,test,155,42,40,4.0,-15.0,0.1
dZIHQ6IO.jpg,,test,1200,800,800,4.0,,0.005
pvGzanwP.png,,test,921,64,62,8.0,-1.0,0.12903225806451613
Sto0xADH.png,,test,682,43,43,6.0,7.0,0.13953488372093023
h5xnSsJF.png,,test,904,99,99,6.0,0.0,0.06060606060606061
Z6ZSedJs.png,,test,218,161,161,4.47213595499958,,0.02777724195651913
0Be8uAsz.png,,test,895,78,78,4.47213595499958,-2.0,0.057335076346148456
9KzA3sXY.png,,test,142,36,30,4.47213595499958,0.0,0.14907119849998599
rZpMW2CH.png,,test,142,122,122,4.0,,0.03278688524590164
87cOoBaA.png,,test,976,106,106,6.0,-1.0,0.05660377358490566
PgHL2J1Y.jpg,,test,400,300,266,4.0,,0.015037593984962405
NHCgSr47.jpg,,test,740,454,454,4.0,,0.00881057268722467
EtYbzPDr.png,,test,94,43,43,2.8284271247461903,,0.06577737499409744
8a3JTa3q.png,,test,159,119,119,4.47213595499958,,0.03758097441176117
MgJkaaVi.png,,test,691,80,57,4.47213595499958,0.0,0.07845852552630841
fCvfu7Us.png,,test,449,51,51,6.0,7.0,0.11764705882352941
81HeWJBq.png,,test,254,98,98,2.8284271247461903,,0.02886150127292031
qAqrMJcb.png,,test,182,40,40,4.47213595499958,-10.0,0.1118033988749895
Ipz3NlA5.png,,test,441,68,51,4.0,-1.0,0.0784313725490196
YuvQpaWw.png,,test,911,90,90,5.656854249492381,-6.0,0.0628539361054709
XVc6dD9e.png,,test,932,32,32,4.47213595499958,0.0,0.13975424859373686
0gywkqZS.png,,test,1375,57,57,2.8284271247461903,0.0,0.049621528504319126
kdvH7v80.png,,test,144,36,36,5.656854249492381,0.0,0.15713484026367724
47iZwzAU.png,,test,815,69,69,8.0,0.0,0.11594202898550725
40oY2xIY.jpg,,test,1600,1100,1002,2.8284271247461903,,0.0028227815616229442
EVa764br.png,,test,670,100,100,2.0,1.0,0.02
8suclccs.png,,test,1401,64,64,2.8284271247461903,0.0,0.04419417382415922
BNarjjGj.png,,test,1200,800,783,10.0,,0.01277139208173691
vzYKFY2J.png,,test,132,131,115,4.0,,0.034782608695652174
uZCXeRsn.jpg,,test,404,316,267,2.0,,0.00749063670411985
7O7h7FxL.png,,test,800,64,64,22.0,0.0,0.34375
hiiIL22I.jpg,,test,932,719,719,2.8284271247461903,,0.003933834665850056
ZyABnADj.png,,test,961,76,76,4.0,-1.0,0.05263157894736842
PQQXgTWv.png,,test,802,87,87,4.0,5.0,0.04597701149425287
bVqDZDkZ.jpg,,test,800,800,800,2.0,,0.0025
cOV7dwV9.png,,test,167,48,39,2.8284271247461903,0.0,0.0725237724293895
VHglU5tG.png,,test,131,42,41,4.0,11.0,0.0975609756097561
eizJ5AcS.png,,test,231,61,61,5.656854249492381,2.0,0.09273531556544887
Cz8bkDL2.png,,test,538,55,41,4.47213595499958,0.0,0.10907648670730682
v977Z2zw.png,,test,493,69,63,4.47213595499958,-2.0,0.07098628499999332
NlR91Rwp.webp,,test,710,473,473,2.0,,0.004228329809725159
nifwsZzJ.png,,test,823,60,60,6.0,0.0,0.1
w3IjrsOh.jpg,,test,5664,4248,4248,4.0,,0.0009416195856873823
YpHPQVh6.png,,test,250,74,66,4.0,-3.0,0.06060606060606061
JPtO2j4w.jpg,,test,800,535,517,2.0,,0.0038684719535783366
v4Nqvjpm.png,,test,985,84,84,5.656854249492381,-1.0,0.06734350297014739
VgWTSZGj.png,,test,943,76,73,4.47213595499958,0.0,0.06126213636985726
gB3m7wJI.png,,test,171,166,154,4.0,,0.025974025974025976
HGqtBqjD.png,,test,1004,53,29,18.0,0.0,0.6206896551724138
NNhdDS0q.png,,test,39,36,30,4.0,,0.13333333333333333
Ox0GYt25.png,,test,174,43,36,4.0,2.0,0.1111111111111111
AWadd36B.png,,test,836,69,69,4.47213595499958,4.0,0.0648135645652113
0PyAzQHo.png,,test,826,42,42,6.0,0.0,0.14285714285714285
Xvvd7Ac1.png,,test,78,36,35,5.656854249492381,,0.16162440712835374
OTGZSY5w.png,,test,860,62,62,4.47213595499958,0.0,0.07213122508063838
XHbRwo0Z.jpg,,test,400,290,284,2.0,,0.007042253521126761
m2kSqjTS.png,,test,1299,1672,1606,6.0,,0.0037359900373599006
uKjRsBx4.png,,test,124,63,46,4.0,,0.08695652173913043
RehnVJdJ.png,,test,108,36,29,4.47213595499958,0.0,0.1542115846551579
jqjMd0Yx.png,,test,766,69,69,4.0,-1.0,0.057971014492753624
R1SZovgr.png,,test,146,154,154,4.0,,0.025974025974025976
wNwpg3Ar.jpg,,test,300,400,395,2.0,,0.005063291139240506
tSvo48rE.png,,test,711,61,61,20.0,0.0,0.32786885245901637
YIMADrYw.png,,test,162,72,52,4.0,,0.07692307692307693
et1jPHue.png,,test,877,53,53,5.656854249492381,-3.0,0.10673309904702605
eSQjEze4.jpg,,test,300,407,351,2.0,,0.005698005698005698
SMVfGAZD.png,,test,776,76,76,6.324555320336759,0.0,0.08321783316232578
jsVNMUj5.png,,test,761,68,68,4.0,13.0,0.058823529411764705
NbEwAuct.jpg,,test,1000,430,430,58.0,,0.13488372093023257
nrkhPH5U.png,,test,50,42,38,4.47213595499958,,0.11768778828946262
elVJofGn.png,,test,294,79,76,4.47213595499958,-3.0,0.05884389414473131
alj4mF6e.png,,test,138,42,42,4.47213595499958,1.0,0.10647942749999
QKQTTMjT.png,,test,171,44,41,4.0,0.0,0.0975609756097561
ajknS84q.png,,test,792,76,76,4.47213595499958,1.0,0.05884389414473131
Li8nbn2t.jpg,,test,2288,3612,3612,7.211102550927978,,0.0019964292776655534
4AaKRtzE.png,,test,389,81,81,8.94427190999916,0.0,0.11042310999998962
K9e8TMyg.jpg,,test,448,323,319,2.0,,0.006269592476489028
V2LAceRJ.png,,test,1539,58,58,10.0,0.0,0.1724137931034483
3asehMfn.jpg,,test,1280,720,720,4.0,,0.005555555555555556
hhV3ZKbu.jpg,,test,696,461,458,2.0,,0.004366812227074236
66o6eVNi.png,,test,816,62,59,4.0,-2.0,0.06779661016949153
qmKWKSxE.png,,test,994,74,74,4.47213595499958,0.0,0.06043426966215648
VJM1WbBN.jpg,,test,579,530,457,5.656854249492381,,0.012378236869786391
c8MnpMk4.jpg,,test,1200,1200,978,12.0,,0.012269938650306749
TaAdHNlI.png,,test,787,88,81,4.47213595499958,0.0,0.05521155499999481
kJJAyZKM.jpg,,test,768,512,510,4.0,,0.00784313725490196
K2sHB4Jk.jpg,,test,340,191,185,2.0,,0.010810810810810811
sa1rVmqD.png,,test,164,138,138,5.656854249492381,,0.04099169746008972
MUAVkDjK.jpg,,test,600,450,450,4.47213595499958,,0.009938079899999066
g31rgeLv.png,,test,153,43,42,2.8284271247461903,1.0,0.06734350297014739
mR8bW1pV.png,,test,1411,65,65,4.0,-4.0,0.06153846153846154
N2Q2ULqo.png,,test,237,42,40,4.0,1.0,0.1
BzZAMGZC.jpg,,test,1150,1500,1500,4.0,,0.0026666666666666666
ubtIWQXy.png,,test,136,135,135,4.47213595499958,,0.03312693299999689
5p0Dj1Vk.webp,,test,678,828,758,8.0,,0.010554089709762533
zMMYfB6o.jpg,,test,1200,677,622,6.0,,0.00964630225080386
4x8Igjnl.png,,test,108,36,32,4.0,-13.0,0.125
RPlubVFj.png,,test,951,57,50,4.0,0.0,0.08
XRQyv1Zd.png,,test,137,36,30,4.0,3.0,0.13333333333333333
XRUfcTAX.png,,test,947,69,69,6.324555320336759,0.0,0.09166022203386608
WUWpvdeZ.png,,test,295,107,105,4.0,,0.0380952380952381
i9i4gTem.png,,test,480,109,94,4.47213595499958,-3.0,0.04757591441488915
n3d8txPT.png,,test,73,44,43,4.0,,0.09302325581395349
1aQ8f5iK.png,,test,82,633,633,4.47213595499958,,0.00706498571089981
hdJrfq4s.png,,test,530,66,66,6.324555320336759,1.0,0.09582659576267817
rWnMvbQk.jpg,,test,840,840,529,2.0,,0.003780718336483932
KXd0P9dH.png,,test,373,66,63,4.47213595499958,-1.0,0.07098628499999332
9oawFahu.png,,test,853,69,69,4.0,-5.0,0.057971014492753624
8nBGe8RJ.png,,test,173,58,40,4.0,,0.1
ZebzJoUL.jpg,,test,236,312,301,2.0,,0.006644518272425249
SSysKnwZ.png,,test,830,56,56,4.47213595499958,-1.0,0.07985957062499249
ZiZ0rzRd.png,,test,804,84,84,7.211102550927978,-3.0,0.08584645893961879
sOyFalPj.png,,test,118,36,29,4.0,-7.0,0.13793103448275862
svxunifc.png,,test,939,42,42,6.0,1.0,0.14285714285714285
G1iATUqO.png,,test,923,86,86,6.0,-3.0,0.06976744186046512
ycdhjkBF.png,,test,1160,676,224,45.254833995939045,,0.20203050891044216
51T6XKh2.png,,test,891,63,63,6.0,3.0,0.09523809523809523
8pahLIpm.png,,test,100,63,41,8.0,,0.1951219512195122
uP9TwtV2.jpg,,test,960,720,697,4.0,,0.005738880918220947
aBQT6TJI.png,,test,949,50,50,4.0,0.0,0.08
u3VWNChV.png,,test,119,113,113,4.47213595499958,,0.039576424380527254
TTEUFyJY.png,,test,628,65,65,4.0,-12.0,0.06153846153846154
4Jij6v9g.jpg,,test,1024,1024,1024,2.0,,0.001953125
UzaG4Ggg.jpg,,test,612,408,408,4.0,,0.00980392156862745
ix1amEQM.png,,test,78,56,56,4.0,,0.07142857142857142
qGkM4Ur2.png,,test,294,68,68,4.0,15.0,0.058823529411764705
X5VKmeBa.jpg,,test,399,501,452,4.0,,0.008849557522123894
yA7xTpY5.png,,test,925,69,69,2.0,0.0,0.028985507246376812
8HI5NDWB.png,,test,677,89,89,2.0,-7.0,0.02247191011235955
ro26fXD7.png,,test,124,40,31,2.8284271247461903,5.0,0.09123958466923195
4YGovcfJ.png,,test,783,72,64,7.211102550927978,0.0,0.11267347735824966
aaqExlVp.jpg,,test,870,660,561,30.528675044947494,,0.054418315588141704
HOYLoAta.jpg,,test,620,350,350,2.0,,0.005714285714285714
nm7BXcSo.png,,test,77,44,34,4.0,,0.11764705882352941
S3sYitMU.png,,test,814,104,104,8.0,0.0,0.07692307692307693
bt2RKsKm.png,,test,1367,63,63,4.47213595499958,0.0,0.07098628499999332
vvTcbLTG.jpg,,test,1920,1080,1036,10.0,,0.009652509652509652
xKb8yzNs.jpg,,test,700,500,483,4.47213595499958,,0.009259080652173042
h2iLpucQ.png,,test,68,39,19,4.0,,0.21052631578947367
QzYrzlso.webp,,test,1200,1200,1087,2.0,,0.0018399264029438822
WNT3Tnrb.png,,test,945,58,58,4.0,3.0,0.06896551724137931
K8weUhmt.png,,test,112,67,66,4.0,,0.06060606060606061
9odq553u.png,,test,103,63,45,4.0,,0.08888888888888889
ol8RyevU.jpg,,test,1280,720,720,4.0,,0.005555555555555556
dRCVp0zD.jpg,,test,1200,630,438,160.0,,0.365296803652968
k0Lb4cxJ.png,,test,1355,68,68,4.0,-2.0,0.058823529411764705
H0jEMsB8.png,,test,224,224,164,2.0,,0.012195121951219513
NiDKo5Nd.png,,test,939,43,43,5.656854249492381,0.0,0.13155474998819489
5CHegCkK.jpg,,test,741,400,28,5.656854249492381,,0.20203050891044216
OoUyvEqb.png,,test,536,63,63,4.0,0.0,0.06349206349206349
wp6wkjKx.png,,test,1414,56,56,2.8284271247461903,0.0,0.05050762722761054
wYewV5up.png,,test,791,79,79,7.211102550927978,0.0,0.0912797791256706
iiCqsrGo.png,,test,78,44,42,4.0,,0.09523809523809523
uAEERgsB.png,,test,794,80,80,6.0,3.0,0.075
SVxHx8pl.png,,test,373,77,77,8.246211251235321,-3.0,0.10709365261344574
Q7bs1lcv.png,,test,71,51,32,2.0,,0.0625
FoTOgdqM.png,,test,87,78,76,2.8284271247461903,,0.03721614637823935
4IujtzpE.png,,test,78,42,33,4.0,,0.12121212121212122
akkU0GuM.jpg,,test,250,174,153,2.0,,0.013071895424836602
RQKLdl0d.png,,test,146,42,41,4.47213595499958,13.0,0.10907648670730682
ZgnNANis.png,,test,956,67,67,6.0,0.0,0.08955223880597014
Bp5dKMs8.jpg,,test,992,1256,1247,4.0,,0.0032076984763432237
NY6h9a11.png,,test,131,42,28,4.0,0.0,0.14285714285714285
HDUihU2T.jpg,,test,250,357,337,2.0,,0.005934718100890208
7okaG787.png,,test,507,67,67,6.0,0.0,0.08955223880597014
FGZEAU1U.png,,test,151,38,38,4.47213595499958,-10.0,0.11768778828946262
aOLaO5JM.jpg,,test,640,480,302,24.0,,0.07947019867549669
g9Kn0JHj.png,,test,814,81,81,5.656854249492381,0.0,0.06983770678385655
ZKfXeHba.jpg,,test,5664,4248,4248,4.0,,0.0009416195856873823
qjtA37ao.png,,test,198,58,56,2.0,0.0,0.03571428571428571
RzcsA0iU.jpg,,test,270,300,292,2.0,,0.00684931506849315
lYKRQ4Ej.jpg,,test,500,252,231,2.0,,0.008658008658008658
kTe41wZp.png,,test,392,59,59,4.0,-3.0,0.06779661016949153
eKyhXzpC.png,,test,1405,61,61,2.8284271247461903,-1.0,0.046367657782724434
xHufZeXk.jpg,,test,1024,576,576,2.0,,0.003472222222222222
NSoDh4XV.png,,test,118,57,47,4.0,,0.0851063829787234
qZbzOws6.png,,test,133,130,124,4.0,,0.03225806451612903
p9MS8QOZ.png,,test,146,143,143,2.8284271247461903,,0.019779210662560772
pqiXIbz1.jpg,,test,260,280,275,2.0,,0.007272727272727273
O7buaCxu.png,,test,807,76,76,8.48528137423857,0.0,0.11164843913471802
gZ6JRRo1.jpg,,test,320,266,266,2.0,,0.007518796992481203
r9pkij31.png,,test,865,115,107,30.0,0.0,0.2803738317757009
7z5jC5dJ.png,,test,139,43,43,4.47213595499958,0.0,0.10400316174417627
1bSnuvCQ.jpg,,test,4608,3456,3456,10.0,,0.0028935185185185184
w1TYNXxv.png,,test,864,864,373,18.0,,0.04825737265415549
mVWaBWn7.png,,test,145,36,36,5.656854249492381,2.0,0.15713484026367724
9uBBnvVC.jpg,,test,1280,720,720,4.0,,0.005555555555555556
OBJjW2qr.png,,test,757,92,92,4.0,-8.0,0.043478260869565216
lrxdOlAT.png,,test,140,32,32,4.0,-9.0,0.125
Y9Wo1fXp.png,,test,85,67,58,2.8284271247461903,,0.048765984909417075
8aIpqRW3.png,,test,794,87,80,2.0,-1.0,0.025
DmsOlx6D.png,,test,939,52,49,4.47213595499958,0.0,0.09126808071427714
xDkXQvEj.png,,test,623,47,42,4.0,0.0,0.09523809523809523
gwK0nORp.jpg,,test,301,276,257,2.0,,0.007782101167315175
ewJz6r3b.png,,test,710,59,59,4.0,-5.0,0.06779661016949153
xNKGV4NH.png,,test,107,101,84,2.8284271247461903,,0.033671751485073696
dvQD5M5A.jpg,,test,770,434,315,8.0,,0.025396825396825397
JT80OyO5.png,,test,147,36,36,5.656854249492381,-11.0,0.15713484026367724
9SwD0Cng.png,,test,248,41,34,6.0,0.0,0.17647058823529413
RKS9K2Fn.png,,test,164,133,98,2.0,,0.02040816326530612
QDQKS6ep.png,,test,952,49,49,38.0,0.0,0.7755102040816326
iCbYEi4m.png,,test,213,44,44,4.0,-5.0,0.09090909090909091
nMQ4F1xT.jpg,,test,679,455,453,2.0,,0.004415011037527594
Kol75L34.png,,test,202,58,30,6.16227766016838,-1.0,0.205409255338946
APvuixRi.png,,test,153,42,42,5.656854249492381,-1.0,0.13468700594029479
cXMgNAwJ.png,,test,144,143,143,4.0,,0.027972027972027972
j9Sd0Ui3.webp,,test,700,465,415,2.0,,0.004819277108433735
MbkiEXjb.png,,test,299,59,56,4.0,0.0,0.07142857142857142
3fw8duj3.png,,test,54,45,45,4.0,,0.08888888888888889
9ujMxB0H.png,,test,154,138,138,4.0,,0.028985507246376812
gebXt5nB.png,,test,285,85,78,6.0,-5.0,0.07692307692307693
dox3Caag.jpg,,test,310,320,316,2.0,,0.006329113924050633
pXsBWAib.png,,test,116,105,105,6.0,,0.05714285714285714
CO9rKb3f.png,,test,1001,280,280,2.0,1.0,0.007142857142857143
9QpMUepB.png,,test,877,61,61,4.0,5.0,0.06557377049180328
8vgm8wKA.png,,test,435,73,73,2.8284271247461903,3.0,0.038745577051317676
EoiXaNBt.png,,test,891,71,71,6.0,0.0,0.08450704225352113
KtJsjnsZ.png,,test,165,142,142,4.47213595499958,,0.03149391517605338
gH2GwWBW.png,,test,90,36,35,4.47213595499958,,0.12777531299998798
GYZj43GE.jpg,,test,768,1024,692,2.0,,0.002890173410404624
n1Iuhvj5.png,,test,733,68,65,4.0,-3.0,0.06153846153846154
rtb326oA.png,,test,874,57,57,6.0,-1.0,0.10526315789473684
5MKxqZuH.png,,test,962,74,74,4.47213595499958,3.0,0.06043426966215648
65wJVNGh.png,,test,637,90,90,4.0,0.0,0.044444444444444446
XfeKKCjv.png,,test,164,143,143,4.47213595499958,,0.03127367800699007
qaXGDMJG.png,,test,910,56,56,8.0,0.0,0.14285714285714285
CEawXvVN.png,,test,279,81,58,4.47213595499958,-3.0,0.07710579232757896
TpM2nulH.png,,test,657,63,63,6.0,2.0,0.09523809523809523
LA6ocSc4.png,,test,807,56,56,4.0,-8.0,0.07142857142857142
7O1Z9Ieg.png,,test,88,73,73,4.0,,0.0547945205479452
ZLwA6wXB.png,,test,797,81,62,6.0,-2.0,0.0967741935483871
QaGkv1XE.png,,test,303,55,36,4.0,0.0,0.1111111111111111
u3NoAYng.png,,test,138,133,127,4.47213595499958,,0.03521366893700456
2jgQzL0Z.png,,test,149,45,44,2.8284271247461903,1.0,0.0642824346533225
PHFLYaNx.png,,test,788,41,41,4.47213595499958,0.0,0.10907648670730682
Wcg5HVar.png,,test,133,43,43,4.0,0.0,0.09302325581395349
pm6H79rh.png,,test,153,73,62,6.60555127546399,,0.1065411496042579
XmPemLJt.png,,test,378,72,69,4.0,1.0,0.057971014492753624
aUdw5dsN.png,,test,826,79,66,4.0,-1.0,0.06060606060606061
C2rmpLAR.png,,test,1545,53,53,4.0,-1.0,0.07547169811320754
ltWHwNeH.png,,test,1446,64,64,12.0,0.0,0.1875
uT2vYMoU.jpg,,test,1200,675,675,2.0,,0.002962962962962963
EcNEHVd7.png,,test,140,37,35,4.0,-5.0,0.11428571428571428
2AxMK7gr.png,,test,300,245,234,2.0,,0.008547008547008548
bop5vEvK.png,,test,993,558,558,4.0,,0.007168458781362007
TIWzxvnQ.png,,test,43,41,30,6.0,,0.2
7yw3UO3l.png,,test,829,30,30,4.47213595499958,0.0,0.14907119849998599
3XYHokqa.png,,test,404,316,44,6.0,,0.13636363636363635
BjCddVpD.png,,test,143,36,36,4.47213595499958,0.0,0.12422599874998833
A7o2WBJc.png,,test,933,50,50,6.0,7.0,0.12
93NRlevh.jpg,,test,628,1141,1004,2.0,,0.00199203187250996
vqVon2XC.png,,test,132,113,113,4.0,,0.035398230088495575
IRNP6nIx.png,,test,97,44,43,4.0,,0.09302325581395349
qrAaDALi.jpg,,test,579,206,187,2.0,,0.0106951871657754
OE8aYn28.png,,test,191,88,59,5.656854249492381,,0.09587888558461662
EpFBZRyY.png,,test,239,76,66,10.198039027185569,-4.0,0.154515742836145
58w1SSBz.png,,test,225,83,83,4.0,,0.04819277108433735
Vtgd35hU.png,,test,921,71,71,6.324555320336759,3.0,0.08907824394840505
lcZIlQln.png,,test,954,68,62,4.0,0.0,0.06451612903225806
fpIL7VTV.jpg,,test,750,544,544,2.0,,0.003676470588235294
Ay9ShDpL.png,,test,151,40,40,4.47213595499958,5.0,0.1118033988749895
dnS6qlsM.png,,test,135,30,28,4.0,3.0,0.14285714285714285
zbfjxVrH.png,,test,108,58,42,6.0,,0.14285714285714285
bO7P6Bkt.png,,test,1200,800,604,4.47213595499958,,0.007404198600992682
JMUbIuxW.png,,test,802,81,81,7.211102550927978,0.0,0.08902595741886393
x8uS9FTz.png,,test,1280,671,514,12.0,,0.023346303501945526
RvR6VzKd.png,,test,792,77,77,7.211102550927978,0.0,0.09365068247958414
152nPU4v.png,,test,232,78,71,4.0,,0.056338028169014086
FFjj4Gt3.jpg,,test,812,1024,1024,2.0,,0.001953125
EuBFu1a2.png,,test,840,82,82,10.770329614269007,0.0,0.13134548310084154
WPH4MRoI.jpg,,test,768,1024,859,2.0,,0.002328288707799767
YMl6HdPy.png,,test,96,36,36,5.656854249492381,,0.15713484026367724
0LozFGtf.png,,test,140,31,27,4.47213595499958,1.0,0.16563466499998444
DlYwCXLq.png,,test,324,100,94,5.656854249492381,2.0,0.060179300526514684
keYZq33p.png,,test,799,65,65,6.324555320336759,-1.0,0.09730085108210398
w2cIWsFj.png,,test,134,88,88,4.0,,0.045454545454545456
zrUNvOrx.png,,test,159,139,136,4.47213595499958,,0.032883352610291024
iPjo2ktw.png,,test,141,37,32,4.0,0.0,0.125
PPx6NNeK.png,,test,796,89,89,7.211102550927978,-2.0,0.0810236241677301
bhK7v2jl.png,,test,118,31,27,4.47213595499958,0.0,0.16563466499998444
XMe2g54q.png,,test,822,65,65,6.0,0.0,0.09230769230769231
GUbQCM3T.png,,test,776,69,69,6.0,0.0,0.08695652173913043
K3HrZflH.png,,test,132,36,30,5.656854249492381,-7.0,0.1885618083164127
JDK2V2xX.jpg,,test,868,868,729,8.0,,0.010973936899862825
dZTPToBV.png,,test,979,135,135,6.0,-11.0,0.044444444444444446
PJdnk3lm.png,,test,960,74,62,4.47213595499958,0.0,0.07213122508063838
JqbYEJn9.png,,test,58,42,38,4.47213595499958,,0.11768778828946262
fUMzeXB8.png,,test,811,90,90,4.0,0.0,0.044444444444444446
DA4kTYgw.jpg,,test,500,500,426,2.0,,0.004694835680751174
03CmPGkT.png,,test,166,100,83,5.656854249492381,,0.06815487047581181
sZitfzyO.png,,test,389,64,64,4.0,0.0,0.0625
2GJWBApQ.png,,test,180,156,156,4.0,,0.02564102564102564
4655GZzK.png,,test,144,44,42,2.0,0.0,0.047619047619047616
08NfpYut.png,,test,384,90,90,7.211102550927978,-1.0,0.08012336167697753
h3g0czx2.png,,test,162,133,133,4.0,,0.03007518796992481
hk9RQTry.png,,test,106,93,66,4.0,,0.06060606060606061
Zz2volKH.jpg,,test,1200,800,800,4.0,,0.005
eMQyYGpQ.png,,test,111,63,57,4.47213595499958,,0.07845852552630841
Hi29doMI.png,,test,40,35,28,4.0,,0.14285714285714285
YpqYLMls.png,,test,113,42,36,4.0,,0.1111111111111111
NDvBjnG7.jpg,,test,502,720,711,2.0,,0.0028129395218002813
9HLf4SFI.jpg,,test,1080,1080,1016,4.0,,0.003937007874015748
ZB2R1d8J.png,,test,888,70,70,4.0,0.0,0.05714285714285714
5qer90We.jpg,,test,640,480,480,4.0,,0.008333333333333333
IBmEBKAa.png,,test,1546,56,56,2.8284271247461903,0.0,0.05050762722761054
74idLsML.png,,test,109,88,88,4.0,,0.045454545454545456
z1R8PWlY.jpg,,test,1024,538,486,4.0,,0.00823045267489712
UBKtB1Oc.png,,test,844,72,72,4.0,1.0,0.05555555555555555
Q6XCuJlD.png,,test,138,145,139,4.0,,0.02877697841726619
idfEwQVG.png,,test,185,166,166,4.0,,0.024096385542168676
yNa3HysK.png,,test,144,40,40,4.47213595499958,-11.0,0.1118033988749895
MBKVuyos.jpg,,test,260,280,252,2.0,,0.007936507936507936
i0emcfgO.png,,test,1413,64,64,4.47213595499958,1.0,0.06987712429686843
dozYNIIq.jpg,,test,875,535,535,2.0,,0.003738317757009346
7dSHxdbK.png,,test,941,72,72,4.0,-3.0,0.05555555555555555
Ug2YwR91.png,,test,108,39,32,2.8284271247461903,,0.08838834764831845
hFzwSHJo.jpg,,test,800,500,493,4.0,,0.008113590263691683
DKYyzKJl.webp,,test,800,449,449,5.656854249492381,,0.012598784520027573
m4ozFNVG.png,,test,647,76,76,4.0,-2.0,0.05263157894736842
kiILGiOh.png,,test,393,84,84,7.211102550927978,-1.0,0.08584645893961879
KrSZbpXE.webp,,test,1200,675,648,2.0,,0.0030864197530864196
lWLK4H0M.jpg,,test,686,386,386,2.0,,0.0051813471502590676
ysYHSOU8.png,,test,118,114,114,4.23606797749979,,0.03715849103069991
c7L3eKPC.png,,test,840,77,77,6.0,0.0,0.07792207792207792
0WkhIplx.png,,test,222,78,78,4.47213595499958,,0.057335076346148456
6coEpME3.png,,test,180,170,170,5.656854249492381,,0.03327561323230812
6bCoahIm.png,,test,154,145,145,4.0,,0.027586206896551724
peNDJF4b.png,,test,343,85,85,4.47213595499958,10.0,0.05261336417646564
pDvLygmX.png,,test,890,58,58,6.0,0.0,0.10344827586206896
yiJYAIaE.png,,test,645,74,74,4.0,-6.0,0.05405405405405406
9XCWkKHR.png,,test,82,104,46,8.0,,0.17391304347826086
cgHSsmtb.png,,test,135,31,31,5.656854249492381,0.0,0.1824791693384639
YM3XRFaS.jpg,,test,1024,678,678,7.211102550927978,,0.010635844470395249
KCwPhJOR.png,,test,885,81,81,4.47213595499958,-3.0,0.05521155499999481
ISiY75Bj.png,,test,131,131,115,2.8284271247461903,,0.024595018476053828
VrkXL7CM.jpg,,test,674,505,505,4.0,,0.007920792079207921
5xvOZlms.png,,test,125,120,120,2.8284271247461903,,0.023570226039551587
2Orl9nKh.png,,test,269,77,77,4.0,-4.0,0.05194805194805195
zLGTidae.png,,test,205,45,36,4.0,1.0,0.1111111111111111
L5aixmxr.jpg,,test,1200,675,672,4.47213595499958,,0.006654964218749375
FTIQOELb.png,,test,938,57,57,6.0,0.0,0.10526315789473684
32fihWfl.png,,test,820,89,89,4.0,-5.0,0.0449438202247191
H1LyYAs1.png,,test,71,72,59,4.0,,0.06779661016949153
RjDCO5Qf.png,,test,547,69,69,4.0,-4.0,0.057971014492753624
2L07gdL9.png,,test,165,142,142,4.0,,0.028169014084507043
oV3DKp9V.png,,test,386,77,77,6.324555320336759,2.0,0.08213708208229557
LrLRmKID.png,,test,134,31,29,6.0,-2.0,0.20689655172413793
ryXAdzPy.png,,test,124,54,44,4.47213595499958,,0.10163945352271772
7OfVqjsr.png,,test,124,58,53,6.0,,0.11320754716981132
mPJCe6hs.jpg,,test,600,400,354,4.0,,0.011299435028248588
tCGh0ODM.png,,test,195,93,87,5.656854249492381,,0.0650213132125561
WcjGi7bD.jpg,,test,433,559,527,2.0,,0.003795066413662239
23BRi8rh.png,,test,129,63,37,4.47213595499958,,0.12086853932431296
VpMXVzaB.png,,test,143,42,32,4.47213595499958,0.0,0.13975424859373686
JNjLmV4a.png,,test,949,42,42,18.0,0.0,0.42857142857142855
hWyETqrp.png,,test,309,42,42,4.0,-4.0,0.09523809523809523
R180IYOy.jpg,,test,900,1200,1200,2.0,,0.0016666666666666668
oRHEsOjD.jpg,,test,1123,816,816,2.0,,0.0024509803921568627
a9Fj36gc.jpg,,test,610,409,409,2.0,,0.004889975550122249
bJLlA28Q.png,,test,149,118,118,4.0,,0.03389830508474576
DDxkeTH4.png,,test,797,76,76,7.211102550927978,-1.0,0.09488292830168392
DL5cetUZ.png,,test,146,124,124,4.0,,0.03225806451612903
oKJuL12U.png,,test,429,66,66,5.656854249492381,1.0,0.08570991287109668
8gUDOxBV.png,,test,111,36,31,4.0,6.0,0.12903225806451613
d7fok4Jf.png,,test,180,160,160,4.0,,0.025
LsJ8PBga.png,,test,364,64,64,4.47213595499958,7.0,0.06987712429686843
DhpqsuuD.png,,test,92,83,56,4.0,,0.07142857142857142
ENuhPIJQ.png,,test,1080,147,114,8.246211251235321,0.0,0.07233518641434493
ZiyyJUyV.jpg,,test,1200,672,661,7.211102550927978,,0.01090938358688045
hrTYW18L.png,,test,156,145,145,4.0,,0.027586206896551724
KoIlcF7n.png,,test,269,49,49,4.0,3.0,0.08163265306122448
H0nZSBs8.png,,test,943,49,49,4.47213595499958,4.0,0.09126808071427714
TX9kKp0G.png,,test,958,71,71,4.0,-3.0,0.056338028169014086
dHO7548y.png,,test,917,63,54,4.0,0.0,0.07407407407407407
4f0bFHQS.png,,test,679,73,73,4.47213595499958,0.0,0.06126213636985726
ERrLQ3NB.png,,test,638,90,90,2.0,0.0,0.022222222222222223
SugTrIfE.png,,test,168,154,154,4.0,,0.025974025974025976
6nVTYWdq.png,,test,360,81,75,4.47213595499958,1.0,0.0596284793999944
TSJUX46n.png,,test,897,88,88,4.0,-4.0,0.045454545454545456
Yhiz4g2U.png,,test,209,159,159,4.0,,0.025157232704402517
6BEvEUwu.png,,test,335,56,50,6.767828935632369,0.0,0.13535657871264736
1yKxPNOF.jpg,,test,728,450,359,2.0,,0.005571030640668524
cGmtpLhk.png,,test,77,46,45,4.0,,0.08888888888888889
d8vlc36Q.jpg,,test,840,672,660,6.0,,0.00909090909090909
ceQacvZu.png,,test,131,35,25,2.8284271247461903,-4.0,0.1131370849898476
OkrpnHI7.png,,test,901,38,38,8.0,0.0,0.21052631578947367
zBEwedW3.png,,test,349,79,75,6.0,1.0,0.08
bnfVNZsA.jpg,,test,977,570,570,4.0,,0.007017543859649123
DYpX7zIX.png,,test,133,39,31,5.656854249492381,-3.0,0.1824791693384639
VznA3kbQ.jpg,,test,2512,1752,1537,6.0,,0.003903708523096942
crG5H1Hg.png,,test,163,164,164,4.0,,0.024390243902439025
kwbsscuk.png,,test,73,60,42,10.0,,0.23809523809523808
RoTutvHV.png,,test,139,36,36,4.47213595499958,4.0,0.12422599874998833
0a7wQbeX.png,,test,190,77,70,6.0,,0.08571428571428572
Ruuz1e9B.png,,test,628,74,74,6.0,0.0,0.08108108108108109
Wh7DIkXi.png,,test,342,70,70,4.47213595499958,1.0,0.06388765649999399
mVeOzpW4.jpg,,test,245,400,390,2.0,,0.005128205128205128
Ay9ut7Ah.png,,test,838,87,87,4.47213595499958,0.0,0.051403861551719304
tmI3uCUC.png,,test,328,71,71,5.656854249492381,2.0,0.07967400351397719
NVC7yckQ.png,,test,21,28,18,5.656854249492381,,0.3142696805273545
iMpL5sMu.png,,test,789,54,52,4.47213595499958,0.0,0.08600261451922268
Jb6p2XUL.png,,test,138,87,75,4.0,,0.05333333333333334
NQ4C3L7O.png,,test,801,41,37,4.0,0.0,0.10810810810810811
AOijj7wu.jpg,,test,675,450,450,2.0,,0.0044444444444444444
5YzXO6Bv.png,,test,146,42,42,4.47213595499958,0.0,0.10647942749999
3TzdfqFP.png,,test,1542,56,56,4.0,0.0,0.07142857142857142
pqfcNQl2.jpg,,test,673,373,373,2.0,,0.005361930294906166
ORmZmU6c.png,,test,130,119,115,4.0,,0.034782608695652174
7mBicLAI.png,,test,812,91,91,2.8284271247461903,-1.0,0.03108161675545264
DPlxUboY.png,,test,1547,73,73,4.0,0.0,0.0547945205479452
czonWT2R.png,,test,375,243,243,2.0,,0.00823045267489712
ErQMK3aS.jpg,,test,376,484,465,2.0,,0.004301075268817204
tTqyYtRU.png,,test,871,57,50,7.211102550927978,0.0,0.14422205101855956
WFXTeJuH.png,,test,161,147,141,2.8284271247461903,,0.02005976684217156
qKE9HlEW.png,,test,630,76,76,2.0,0.0,0.02631578947368421
tZXzX4LT.jpg,,test,1079,1015,989,4.0,,0.004044489383215369
vNdb2CIb.png,,test,539,57,57,4.0,0.0,0.07017543859649122
24Ya45ra.png,,test,145,31,31,4.47213595499958,0.0,0.14426245016127676
u3zlnDGD.png,,test,128,38,31,4.0,1.0,0.12903225806451613
x6XqsJiB.jpg,,test,768,1024,841,2.0,,0.0023781212841854932
mPZVwZ0A.png,,test,101,43,38,2.0,,0.05263157894736842
65TY0a9M.png,,test,1027,40,40,8.246211251235321,1.0,0.20615528128088303
CAtOcJgM.webp,,test,1200,675,675,4.47213595499958,,0.006625386599999377
0wyhwwt2.jpg,,test,475,267,267,2.0,,0.00749063670411985
WLDo1RbW.png,,test,66,48,46,4.0,,0.08695652173913043
ldyaKhEA.jpg,,test,358,1024,1015,2.0,,0.0019704433497536944
0tdPUH81.png,,test,659,74,74,4.0,-12.0,0.05405405405405406
1hZMcGvT.png,,test,568,52,52,6.0,0.0,0.11538461538461539
NCCpBo66.jpg,,test,1000,1414,1411,4.0,,0.002834868887313962
lP6F45t9.png,,test,897,81,81,4.0,-3.0,0.04938271604938271
BWwQs87e.jpg,,test,850,803,803,2.0,,0.0024906600249066002
CNxlN8DZ.png,,test,801,45,45,2.8284271247461903,0.0,0.0628539361054709
sOsQCyDE.png,,test,1408,63,61,2.8284271247461903,0.0,0.046367657782724434
70y7dEjo.png,,test,356,88,79,4.0,-9.0,0.05063291139240506
EbTdvepg.png,,test,156,145,145,4.0,,0.027586206896551724
Do2TlKOY.png,,test,162,156,155,4.0,,0.025806451612903226
yf1UwE2n.png,,test,116,36,36,4.0,12.0,0.1111111111111111
edJIl8Kh.jpg,,test,495,640,308,2.0,,0.006493506493506494
T24kNPOi.png,,test,105,39,39,4.47213595499958,,0.11467015269229691
D5zDImAS.jpg,,test,736,1308,1149,2.0,,0.0017406440382941688
w5c6oVVG.png,,test,937,53,53,40.0,0.0,0.7547169811320755
0w9yioJV.png,,test,638,479,429,4.0,,0.009324009324009324
qpwMjJNL.png,,test,624,101,101,5.656854249492381,3.0,0.05600845791576614
Z9wTjC40.png,,test,595,842,755,2.0,,0.0026490066225165563
ML8Xiqip.jpg,,test,453,642,640,2.0,,0.003125
yvntpoy9.png,,test,498,50,44,2.8284271247461903,0.0,0.0642824346533225
yjoCQYCw.png,,test,736,61,61,2.8284271247461903,5.0,0.046367657782724434
vyWZjIyU.png,,test,94,42,31,2.8284271247461903,,0.09123958466923195
wCG42W9w.png,,test,802,87,87,2.0,0.0,0.022988505747126436
Nq3se1Ox.png,,test,100,47,43,4.0,,0.09302325581395349
Pye0QO61.jpg,,test,245,300,300,2.0,,0.006666666666666667
48gMlXRq.png,,test,154,147,143,4.47213595499958,,0.03127367800699007
V2WNVFYg.png,,test,674,61,61,4.0,-5.0,0.06557377049180328
yGGznWQt.png,,test,84,39,36,4.47213595499958,,0.12422599874998833
HJRFkhWu.webp,,test,1200,675,675,7.211102550927978,,0.010683114890263672
fJmQsHZ2.jpg,,test,1200,675,675,4.0,,0.005925925925925926
hkcIa6sl.jpg,,test,570,932,917,2.0,,0.0021810250817884407
l231HyFQ.png,,test,170,82,72,5.656854249492381,,0.07856742013183862
CaBDFN2e.jpg,,test,1284,1011,1011,6.0,,0.005934718100890208
QssNv1oE.png,,test,856,43,43,5.656854249492381,-8.0,0.13155474998819489
PlrcJU6H.png,,test,1410,59,59,5.656854249492381,0.0,0.09587888558461662
ZRD0PMLB.jpg,,test,1500,1600,1546,10.0,,0.00646830530401035
K63EPQQq.png,,test,109,45,45,4.23606797749979,,0.09413484394443977
rAHK0E32.jpg,,test,600,423,405,2.0,,0.0049382716049382715
rcrdiDBU.png,,test,152,146,146,4.0,,0.0273972602739726
xV9ONO3u.png,,test,826,53,53,5.656854249492381,-2.0,0.10673309904702605
G6x2O46A.png,,test,896,76,76,5.656854249492381,2.0,0.0744322927564787
cO5C004C.png,,test,889,65,65,4.47213595499958,3.0,0.06880209161537815
3xKp8zpl.jpg,,test,320,180,160,2.8284271247461903,,0.017677669529663688
K6w1B8dc.png,,test,75,55,32,5.656854249492381,,0.1767766952966369
T66EkZDT.png,,test,629,106,106,6.0,-2.0,0.05660377358490566
fLQ84oD6.jpg,,test,1200,799,799,2.0,,0.0025031289111389237
SBgzmmnt.png,,test,554,51,51,4.47213595499958,0.0,0.08768894029410941
S1OGzZ64.png,,test,651,75,75,4.0,-10.0,0.05333333333333334
iYhSzOyi.png,,test,120,111,85,6.0,,0.07058823529411765
SDARR9F3.png,,test,855,72,72,2.0,0.0,0.027777777777777776
ooq1TFcW.png,,test,237,51,44,4.0,0.0,0.09090909090909091
BvLkM6aL.png,,test,334,39,37,2.0,0.0,0.05405405405405406
xEOSklqL.png,,test,341,59,59,8.0,0.0,0.13559322033898305
vsk9QtTb.png,,test,133,36,34,4.0,-5.0,0.11764705882352941
bYN8mgMF.png,,test,253,87,61,5.656854249492381,,0.09273531556544887
BlFJx9p2.png,,test,161,75,62,6.0,,0.0967741935483871
jHWzMZBX.png,,test,93,47,38,5.656854249492381,,0.1488645855129574
VxtFRGfW.png,,test,939,72,72,4.47213595499958,-1.0,0.06211299937499416
Bd663sGX.png,,test,1405,61,61,4.0,0.0,0.06557377049180328
DqnWrNtX.png,,test,382,79,79,5.656854249492381,0.0,0.07160574999357444
JkkPy6AQ.png,,test,797,82,82,6.0,2.0,0.07317073170731707
CyWHK8cb.png,,test,808,76,76,6.0,0.0,0.07894736842105263
9lfnHqnq.png,,test,89,42,31,4.0,,0.12903225806451613
k6yv0IDG.png,,test,1500,500,260,4.0,0.0,0.015384615384615385
X5ay6OdE.png,,test,1551,66,66,18.0,0.0,0.2727272727272727
wKwx8cCl.jpg,,test,500,690,690,2.0,,0.002898550724637681
FycvTEy1.png,,test,680,123,123,2.0,0.0,0.016260162601626018
i8bGpRKt.png,,test,132,56,42,4.0,,0.09523809523809523
Uvfd1mdN.png,,test,1289,69,69,4.0,-1.0,0.057971014492753624
D0ZuPqP9.png,,test,831,70,70,10.0,0.0,0.14285714285714285
XHYDtihP.jpg,,test,870,1160,1160,2.0,,0.0017241379310344827
H8XMLMoN.png,,test,133,98,62,6.0,,0.0967741935483871
StrB0qdK.png,,test,386,78,78,7.211102550927978,-4.0,0.09245003270420485
Dhc3vAQj.jpg,,test,1108,1477,1477,6.0,,0.004062288422477996
EgmLlFKZ.png,,test,862,56,56,4.0,0.0,0.07142857142857142
yAkija0y.png,,test,193,80,79,2.0,,0.02531645569620253
SGrqxQ9u.png,,test,782,71,71,6.0,0.0,0.08450704225352113
iQGZLiZl.png,,test,151,44,44,5.656854249492381,5.0,0.128564869306645
CMo54J89.jpg,,test,634,634,634,8.0,,0.012618296529968454
arezgmsE.png,,test,665,49,49,2.0,0.0,0.04081632653061224
1XZHKujf.png,,test,118,38,35,2.0,-7.0,0.05714285714285714
4nHzJCWR.png,,test,581,57,55,4.47213595499958,0.0,0.08131156281817417
8axHGxnX.jpg,,test,300,168,135,2.0,,0.014814814814814815
LoxzO9bz.png,,test,864,864,272,16.0,,0.058823529411764705
hND1kQVy.png,,test,576,52,52,4.0,0.0,0.07692307692307693
hGcwwDiR.png,,test,177,100,95,5.656854249492381,,0.05954583420518295
t87RBrU5.png,,test,1424,61,61,10.0,0.0,0.16393442622950818
fyQWaVK3.png,,test,76,32,29,2.0,,0.06896551724137931
nmtWWO8J.png,,test,681,58,58,4.0,0.0,0.06896551724137931
FHx7Z7Pt.png,,test,146,40,34,4.47213595499958,2.0,0.1315334104411641
CybNCann.png,,test,659,101,101,2.0,7.0,0.019801980198019802
zAe4xcKI.png,,test,171,153,153,4.0,,0.026143790849673203
76EpQXpN.png,,test,974,77,77,4.47213595499958,0.0,0.058079687727267265
mqFxina4.png,,test,885,50,50,4.0,0.0,0.08
CFWgyt1V.png,,test,717,61,61,6.0,3.0,0.09836065573770492
QEsx1HUL.png,,test,148,40,31,4.0,-3.0,0.12903225806451613
mNAn6g2p.jpg,,test,1108,1477,945,10.0,,0.010582010582010581
pgv16KNB.png,,test,669,66,66,4.0,4.0,0.06060606060606061
hzd4Ktmp.png,,test,559,67,67,4.47213595499958,-1.0,0.06674829783581462
2YSySWcS.jpg,,test,1477,1108,1108,2.0,,0.0018050541516245488
5DCOY2zY.png,,test,84,55,33,4.0,,0.12121212121212122
WAwRYLGo.jpg,,test,500,396,396,2.0,,0.005050505050505051
BCm3HwjR.jpg,,test,640,375,375,2.0,,0.005333333333333333
Sq8qiGnA.png,,test,815,79,79,6.324555320336759,0.0,0.08005766228274379
wKMxEpHX.png,,test,584,72,72,8.0,0.0,0.1111111111111111
B2HKyGTf.png,,test,190,72,72,4.0,,0.05555555555555555
WRwiRSHE.png,,test,694,461,434,2.0,,0.004608294930875576
8H61GdWM.png,,test,1444,59,59,4.0,0.0,0.06779661016949153
w7C1zxjQ.png,,test,866,57,57,4.0,-4.0,0.07017543859649122
