bali,jawa,jawi,lampung,lontara,pegon,sunda,image_id
0.030226204344427264,0.02049442807063203,0.1735285360819387,0.02474727768905933,0.05735753654458795,0.032124232374959816,0.661521784894395,WEajVawh.png
0.015393122963034273,0.011738846084279133,0.012072237657942075,0.9161759628153903,0.013972615419311243,0.018148530990515853,0.012498684069527338,qA1ZrD98.png
0.02215488099023003,0.02106322405828083,0.795815407923109,0.021485188809862707,0.041628804026541344,0.03446617557669441,0.06338631861528152,G4lDbpor.png
0.02303289595540675,0.025916110812424044,0.8478660920982556,0.018542492038994645,0.03069161606308458,0.035934253199915195,0.018016539831919202,fDI0VO86.png
0.2724593846002667,0.12146958384268389,0.2004479689298047,0.13739320581336228,0.12296652344377161,0.05484758724825263,0.09041574612185824,J9SshuHf.png
0.015519459928407673,0.010535040112991539,0.012075712244847167,0.9172649887883608,0.015929242534999458,0.0169112972674238,0.011764259122969313,aZwZsKoj.png
0.017392670088309414,0.8980007578324856,0.013523214729340042,0.016760033389663982,0.017418348668439748,0.021533669482341696,0.015371305809419571,5sibrN1x.png
0.011277358367024657,0.00952726649703251,0.0089433990078077,0.009660869589895392,0.0118250104182825,0.940009086779866,0.008757009340091052,OQTuij3P.png
0.8811164123524591,0.01343632741113561,0.014597660957164364,0.01419131130360135,0.01837255321903188,0.03458733294638141,0.023698401810226356,ItQogqk5.jpg
0.014341024579050088,0.010470634962565072,0.022236076384059826,0.009554298730551329,0.01174902243753527,0.9207368361084736,0.010912106797764819,ZqydnzgJ.png
0.013222246923260336,0.008793453039459423,0.009855188460068724,0.01537863404853639,0.9274383936294258,0.015316175106959479,0.0099959087922899,PVjGocDm.png
0.01213929491600647,0.008324956542988279,0.015545464905045154,0.01103063491676467,0.010154387945289289,0.934398368847736,0.00840689192617015,VJtZBYhT.png
0.01703532965935257,0.9042032521927756,0.013406021093371249,0.013145151217988196,0.021378876581614654,0.018187860203083713,0.012643509051813958,0CSBXH8E.png
0.010485979647533297,0.008723548583627852,0.012065136612671818,0.012313889934909035,0.0115129115558537,0.935509447478626,0.009389086186778226,Qs5gOQRU.png
0.9216372773478121,0.010777171173959363,0.01039879789688869,0.013469602876670313,0.015123342106644577,0.01778328043282,0.010810528165205054,3pEwqbyv.png
0.019525227236881337,0.01607372828916458,0.012964001205934744,0.9115943858913672,0.013807781588330001,0.017302100451513144,0.008732775336808914,LYSJlPHg.jpg
0.016324887374227416,0.011810890465178617,0.01326201039599322,0.9079327007830967,0.016527458017611792,0.02165834385839597,0.012483709105496366,RuN8j9dn.png
0.07164447787406115,0.05748098683373447,0.5681494381495804,0.04751871645867166,0.12209953729585636,0.06442092458843135,0.0686859187996646,r0elQ0IA.jpg
0.015109182154326151,0.011717801425071945,0.014730130979184308,0.9053728660878733,0.013191991557639518,0.021938688958560767,0.017939338837344013,2vGITeza.png
0.0167635698977842,0.014171670857782348,0.01273954065667858,0.015110875012477876,0.018470543352264397,0.018458537189726943,0.9042852630332858,8cP0TG9G.png
0.01546429455206876,0.010490819257911368,0.011512512772092247,0.9171055694387833,0.014254180232130783,0.01703024583692857,0.01414237791008493,j6anMMkb.png
0.029518953146827127,0.023466145942336286,0.7501677896333283,0.06677978262861689,0.039680031468347886,0.06740495684224528,0.02298234033829838,KTQSUrrc.jpg
0.018012176663128546,0.013993648233677977,0.8885380476222122,0.01671492642097087,0.02431453401279089,0.024122388064257136,0.014304278982962576,m5VeP6bO.png
0.011786571183002918,0.00910184265857723,0.008752378198465915,0.011283163520587364,0.013312182349484275,0.9370259716796282,0.008737890410254074,SnCZ4PQw.png
0.014941075936953669,0.015195843397049724,0.8786842199823612,0.01709843692775948,0.027075973973663476,0.02910458287800454,0.017899866904207952,wBQ3yw10.png
0.9140293096669355,0.015649573520959532,0.007531755681003444,0.018397032234865243,0.012785894395541139,0.016819167283136604,0.01478726721755845,AdpKUfiD.png
0.9273060261763115,0.009123241875761667,0.01030419707035709,0.013254123365640904,0.011029678349899,0.015616695044648504,0.01336603811738142,KEu2kTL0.jpg
0.018403021732458287,0.012298166777015257,0.012922083425089551,0.016636591125479067,0.017822773753793885,0.019514283578770258,0.9024030796073937,vDh3sqrP.png
0.031700996519679184,0.025423896731748986,0.45244896673891527,0.018192487913090354,0.01875771935669961,0.42624036958234274,0.027235563157523734,vlFWLeRt.jpg
0.011774069010108443,0.008998829126158835,0.00928981228601057,0.011347785132672546,0.011784050381125,0.9389151721322021,0.00789028193172263,i3o0uiBI.png
0.01908621214645264,0.10040350574023023,0.02061279468791067,0.01449022140556101,0.036591036012870566,0.02165878673848042,0.7871574432684944,GzY7jkaJ.png
0.020732534823507155,0.02272543046501287,0.025611208290636917,0.5064474727808785,0.3406008267044264,0.033864973135021716,0.050017553800516555,G3QE12Wa.png
0.014419414394129845,0.015057713990676961,0.2064049031014361,0.02915993938379769,0.013904876025805087,0.695248255680652,0.025804897423502345,OejnTLcZ.png
0.025365818405340322,0.8962966681011002,0.013067245883223952,0.016781394223204172,0.015722855052210424,0.019352716417873356,0.013413301917047368,XSED2XWK.jpg
0.01656174147292668,0.014097450392321848,0.012512263230760245,0.014899350979797018,0.015463424478971092,0.02073324812553868,0.9057325213196845,inXsqhEY.png
0.02490271429874061,0.8764234117456388,0.016845551600229176,0.01749658359306903,0.024199449580798123,0.015730240895033595,0.02440204828649067,ndpkiGAu.jpg
0.9227541457912374,0.014968877768029992,0.009795497602902905,0.012462540125334615,0.014136310382301514,0.016261074469766067,0.009621553860427524,bJbum0jm.png
0.014170513040099624,0.00967783322649016,0.012107707368117957,0.9170919254211387,0.012127167706820218,0.016560497964557434,0.018264355272775874,vhJKwyt6.png
0.08619248306025355,0.3572183028068598,0.15797547489455327,0.0923938116270209,0.08728069139269883,0.09446446292896807,0.12447477328964565,HC8195r5.jpg
0.012355560163004537,0.009224247421657745,0.008352057174715617,0.010347676724710608,0.011845040234239563,0.9378809759036496,0.009994442378022194,FsRveb1q.png
0.020529907791962437,0.01944995526065173,0.022950793713811396,0.015906107477765073,0.025488921604449023,0.021059305767543994,0.8746150083838165,I9EOqAYR.png
0.019608701188206085,0.8952900287358917,0.014004176034467736,0.02019934761521206,0.017443589828797713,0.020996740048216674,0.012457416549208058,1ylSINFk.png
0.018860145331751905,0.014382052873017664,0.01624001561801463,0.011576920398479486,0.01591124075774354,0.019370167104288752,0.9036594579167039,os7DW2YN.png
0.012550522382999769,0.00870330462614072,0.008836940778953726,0.009743480657807318,0.01276626528806377,0.9379596408503191,0.0094398454157158,lYmPrQa7.png
0.018165931815094065,0.011583851777269078,0.01166680263281918,0.9185930031132781,0.013598309373860803,0.016938999557460154,0.00945310173021852,DouTwCmZ.jpg
0.010803694874434906,0.010012586078531288,0.009777465848142566,0.009924659015018602,0.0127435348670908,0.927208143966341,0.019529915350441046,JM5Rlwfw.png
0.018482981976073284,0.016362938349481482,0.890457045130314,0.016554974949877264,0.0198455316263519,0.02454304012145315,0.01375348784644887,4ONNN3sr.png
0.01571141393807332,0.9046992698147545,0.010793849312362647,0.013920059086303694,0.018288857704882443,0.018390241077927052,0.01819630906569642,26WUdDnL.jpg
0.01532608214585795,0.012732076318578969,0.011629359735869281,0.921261806058868,0.011491163118594995,0.017920972774070898,0.009638539848159825,sXLZOJSp.jpg
0.019393565022978204,0.030351876271553724,0.027379561106608004,0.05824091105629534,0.7682233605666873,0.03286087764306676,0.06354984833281063,TdLGEb6y.png
0.01469001225316339,0.011018303360922344,0.010235021157048593,0.013847817370003665,0.9215755770842403,0.016915147789623816,0.011718120984997934,eJBz6Ijo.png
0.015447014637095724,0.016486148195828106,0.014863472773171705,0.021852705158620978,0.019387159297118515,0.020079246624583325,0.8918842533135818,QfVxUOA8.png
0.01981441742024766,0.014504737224749454,0.8936313380015962,0.01486418807547441,0.021860861559585457,0.02398714844251937,0.011337309275827387,xKDQ2khc.png
0.016406206523927075,0.014857693325023739,0.8874965634448392,0.017897404935624823,0.01937953838128523,0.029378017932816518,0.014584575456483496,J0DSglN2.png
0.011505016619698005,0.009415491308854758,0.008256915463672373,0.010158642680530577,0.01100274305499808,0.9401736668675141,0.009487524004732012,S9OQQwUs.png
0.012569525416542058,0.010359457071889589,0.011863804527763915,0.9205034978333245,0.01754740261026586,0.015987025119272597,0.0111692874209415,Y3FTOh22.png
0.016367042654091286,0.015044526786379919,0.8862824900296221,0.021037769844730443,0.020663440047650715,0.025396785615706786,0.015207945021818617,U8zdIIUJ.png
0.012870674112979555,0.018082575624819075,0.11804980821566549,0.019094221971627967,0.017467692201380492,0.8007129274370959,0.013722100436431559,MXzGfFQm.jpg
0.02344254991178031,0.018442627556185608,0.6737851836776689,0.02430260008492248,0.019602073981168255,0.22380811141686538,0.01661685337140891,TWwOlCLX.webp
0.01484135216594947,0.01446223851910532,0.8995965760984104,0.013910415907154191,0.01723047910814504,0.0270679965153032,0.012890941685932278,aYPxmfJH.png
0.024955486842579103,0.04033885844384039,0.03575851534382833,0.08611298652317904,0.701390878397418,0.06733110980274307,0.04411216464641205,Z7BTkpZi.png
0.017740140311291,0.016569712181367626,0.8864649560220916,0.01928597339448673,0.021139995178563267,0.024734733762184342,0.01406448915001536,3ZJwNBAE.png
0.018221730571241743,0.9025418192420498,0.013358696724895699,0.015292155217681968,0.015079846230503017,0.019412191662464072,0.016093560351163765,VjUX1UMA.jpg
0.013732411349510532,0.012264148301229332,0.009727982616539111,0.01291575696472213,0.9250995334864681,0.016047673416355553,0.010212493865175283,Pe5YLNR7.png
0.015107562881356212,0.014935494468985653,0.4720940297202267,0.014347499067495575,0.01754508521439695,0.45477321320820235,0.011197115439336503,yDpRmpun.jpg
0.01809209965229259,0.012710232789928558,0.013039642569018009,0.01622160547860283,0.01718024176903756,0.01971454988390292,0.9030416278572175,7WFSRZdK.png
0.9296527220005425,0.011402199860076031,0.009317567325133069,0.013062022794799932,0.012584569415561537,0.014424558688731836,0.009556359915155285,ih56UWvz.jpg
0.018009963862405436,0.012798828248869212,0.013289732461979375,0.017276893887727594,0.017616979609585526,0.02093890308051169,0.9000686988489213,SkISLMsf.png
0.014368757238383703,0.010758150799953806,0.01001888543075796,0.012854139061920686,0.9227180473673542,0.017488090291622113,0.011793929810007556,na92LGMz.png
0.016169762635581293,0.011795057431385262,0.012337149525839877,0.9131698195084571,0.014235223826873233,0.019050667171547946,0.01324231990031525,1ZVk0eST.png
0.015072645787331695,0.01141429626708806,0.011442844134920619,0.913962102942812,0.015060540299094278,0.01771324281185953,0.015334327756893584,gdOOKVnw.png
0.014806748007801847,0.010886430075396858,0.011515113809156225,0.01244782608590435,0.9227286591639541,0.01655748056545082,0.011057742292335884,ehzSl5Ig.png
0.011075826528708891,0.00966536887107292,0.03144617821537639,0.010328106951817354,0.011591676403136679,0.9143684496606056,0.011524393369282111,fWSSeXCX.webp
0.016911819333549242,0.013234125205086489,0.37276318010042975,0.4279049707478241,0.08243860588337884,0.044591896346675854,0.04215540238305567,zNfsepUJ.png
0.012250080556637184,0.009958597306055524,0.008746494848547134,0.011456801710291563,0.011181042509573219,0.9377163720077167,0.008690611061178705,fkJRTTfO.png
0.019165123016820735,0.014324341021397305,0.011783547909108506,0.016351765368810535,0.021682311372846548,0.0209307996192618,0.8957621116917547,pgSyyi4V.png
0.11132635725748583,0.0912828746387802,0.15339255355559978,0.11480474594549128,0.12070347569546433,0.11410717847493768,0.294382814432241,YZumQKNy.jpg
0.014522634073784946,0.01743851138470473,0.013217608665404062,0.858654004763806,0.06653169487182983,0.01710590646669679,0.012529639773773745,WiADA2MM.png
0.015003825131146963,0.01099505919564742,0.011628709694265884,0.917349609379241,0.014587739548086273,0.01725520990761476,0.013179847143997734,OZQEsgPy.png
0.011590988316616958,0.010742589411666347,0.011621814150159771,0.019948858084493093,0.9121702002444788,0.018798893430770642,0.015126656361814391,HLdt1ZzI.png
0.7397345132868326,0.17015266793803469,0.013266787157500542,0.018225484023561285,0.02428234403149608,0.023263067651725904,0.01107513591084899,9JSbMpTZ.jpg
0.014207897879384803,0.010494984690097764,0.1288086470376269,0.012398663756709746,0.01443345070885185,0.8093718796998806,0.010284476227448335,dzq5cujj.jpg
0.01697437954021381,0.013640457560926642,0.8880316649872023,0.016235407488003586,0.026422608585644974,0.023322734526005258,0.015372747312003396,OsqMdOFN.png
0.01869415209474285,0.012202413314998845,0.01240809273955536,0.020340949020227008,0.01926917523950435,0.02115704127383036,0.8959281763171412,HgwXDSUQ.png
0.016548264243455384,0.0165942713437666,0.8792268136492787,0.02281120951954308,0.0198820752800831,0.028793035504744973,0.01614433045912817,pTQL9HRj.png
0.01468391588880561,0.012539594048767819,0.011616889175738753,0.9128656932450154,0.016158348936158466,0.018932994710048362,0.013202563995465572,3nLgwaxm.png
0.016191391026468202,0.9040226099764869,0.012213495763681387,0.01676335137837456,0.01568472519901044,0.02007623099373579,0.015048195662242598,TXqX2mWJ.png
0.03427741420992984,0.02444037059330474,0.06723897538073607,0.024341696131584746,0.32820348618535533,0.4890245124265946,0.03247354507249463,q0xsg3Dy.jpg
0.9017177943659407,0.01649625027487353,0.012656617034030574,0.013140601537552967,0.019921385118884177,0.01714391724473949,0.01892343442397857,F9izBJpz.png
0.016643425946433497,0.015165512963287614,0.016287450007032828,0.018509552028205128,0.019807104153644443,0.0203205024032852,0.8932664524981113,t82u4xu2.png
0.016288145292231198,0.016201661761080455,0.16582610256500271,0.01897666511811339,0.01907202803449618,0.747920839195556,0.015714558033520072,jg4VFZds.jpg
0.08456281572417823,0.332929672018007,0.034593256079106,0.3654746815792092,0.14742444265974827,0.019075274703302576,0.01593985723644869,lUuephPg.jpg
0.01409083708938253,0.011234172552317026,0.011017672134457233,0.9181847255159725,0.014938439843954255,0.017514971087006666,0.013019181776909711,OnWsj9bp.png
0.06488886186218976,0.7624129952262224,0.030061251702599334,0.03331428024102111,0.04519384931892754,0.031635677256053436,0.03249308439298636,1c7Wpj98.png
0.0182392907481259,0.8961763411057116,0.014659362166044073,0.016156072957297395,0.019384276315941026,0.0214336696604752,0.01395098704640457,WSBZPBmt.png
0.09796964984360133,0.8303053518296555,0.012017878453910131,0.01161295337674854,0.01939764569866597,0.017486686530076772,0.011209834267341772,aQis1ndJ.jpg
0.017726107105519365,0.013016961147778065,0.6251845460614658,0.018315306125795034,0.02354083998764874,0.28667111046240085,0.015545129109392269,zFNBzMgh.jpg
0.036287139822259874,0.8380885611462878,0.017269650069962537,0.024201749091167443,0.030098467813784686,0.01482730481696234,0.03922712723957531,BKre5xTa.jpg
0.023527474445592465,0.01844289276930306,0.7053696237277327,0.030761174778251556,0.017773049809929022,0.1657829331805521,0.03834285128863903,vE1lC5ua.jpg
0.016309234838516862,0.023296069435573927,0.40775470141354286,0.05802126616887743,0.024754084135813627,0.4537730971356411,0.0160915468720342,F50UsMaR.webp
0.03378371269788897,0.04394368842374778,0.7541495112529235,0.07825557361147292,0.02408680137399982,0.04092227191737268,0.02485844072259425,26z1ANyb.jpg
0.015554988529458271,0.017063210367755165,0.01353974276291511,0.013804324949276237,0.9041779713994,0.017318283741781456,0.018541478249413778,CnBToLjM.png
0.01849473153240368,0.012490960186510745,0.012805311328049759,0.016556008070500478,0.017574499951490283,0.01965495351886961,0.9024235354121755,uNqqe0I4.png
0.016167432642863324,0.8954581674367763,0.014135052128421269,0.014243142410409717,0.019891902980301437,0.02113149958518091,0.018972802816047185,WBPdHXL5.png
0.014270428695861846,0.01127489327534769,0.012045239520497377,0.9169718098312882,0.013448822589961764,0.019148288818687666,0.012840517268355478,U7vvUNPB.png
0.08611918320984982,0.14049928582139015,0.04723050270080128,0.028334163501922,0.07200994103478535,0.0401885789990374,0.585618344732214,wLoVkfTl.png
0.01310953899868304,0.02050412829987845,0.02074816111714507,0.008276526087489147,0.015913417464110673,0.015727861062762933,0.9057203669699307,Eys3trgy.png
0.018744145810375156,0.014464738791914908,0.8962023671192145,0.0156095445295344,0.019204294066812105,0.0217408759648187,0.01403403371733022,fGihSJCN.png
0.010888962677457667,0.009239883965615337,0.031644489718612036,0.01004063726031639,0.010959682922202917,0.917068622096447,0.010157721359348795,rHj8SiVp.png
0.014495988288023811,0.010551208569124707,0.1666587058324584,0.012235271472277025,0.01451036824664246,0.7702668698406234,0.011281587750850221,Lm3wIDHm.png
0.018614061592606486,0.01830452509000687,0.8761767222738049,0.02042193538231078,0.026003484629024364,0.02452624781554358,0.01595302321670295,m7bhJXyj.png
0.015295138847117497,0.9013141741841147,0.013977489194701074,0.014579445197208668,0.016737060610089814,0.02079367562150019,0.01730301634526798,3BUyPwJk.png
0.021139680423954886,0.8886308614459031,0.015114126546775889,0.01800149607445646,0.017773568119509114,0.023645805388290485,0.01569446200111002,UnwSaMS8.png
0.015610719782601538,0.8940158956024323,0.01077775233074426,0.0247100609262173,0.0175719932457373,0.02284141816442283,0.014472159947844421,Fj83bcac.jpg
0.012442526513569706,0.008744482838999873,0.008368903109247785,0.010517714448856475,0.011160357319123442,0.9395274688957136,0.009238546874489145,AvWpUyyu.png
0.013506331316845213,0.010717977488423255,0.007466288189611678,0.01271033472893853,0.9190429579602852,0.022959863087152713,0.013596247228743258,FWqUTKFt.jpg
0.050824513627237555,0.8704120932942319,0.01395725801420516,0.017336148295160718,0.014979565012931564,0.020368833615794436,0.012121588140438793,GtqK3cHR.jpg
0.012647108414820382,0.009215225668066214,0.010414309585813134,0.009677116981079498,0.01079112770821537,0.9374113805728828,0.009843731069122716,nGSdmtoh.png
0.02312957719074206,0.8934576138498251,0.013299481213439223,0.01322645546285756,0.025980483638120177,0.019817620419028167,0.011088768225987613,pVthZwP1.png
0.017002834591582885,0.8810502923370509,0.012141499891033894,0.020352188366033037,0.03269426686801086,0.02102560769081086,0.015733310255477605,5eX664EA.png
0.014999238700347289,0.01140499461575333,0.010412909307644451,0.013107442595925986,0.9216397637219916,0.01727805178683628,0.011157599271500987,ScnmEXLU.png
0.012835074821884538,0.007454068458785157,0.044746318516762126,0.008994126963787995,0.012194319191818606,0.904154662239829,0.00962142980713258,n6DUkpEY.png
0.017629334936005568,0.013877845518887632,0.012862833866307374,0.015381554476310408,0.018724533985592692,0.019629808971670486,0.901894088245226,xUGmT8fC.png
0.061544476839567264,0.17190898482888817,0.12659997752635277,0.10682814923484305,0.10825161615118684,0.2423533771714968,0.1825134182476651,Xre8jQe3.webp
0.015311981002214713,0.011696902737745363,0.010399106803931793,0.013330862991099998,0.9204393930341052,0.017588673736234427,0.011233079694668493,C6hR7VXO.png
0.9249828469849231,0.010415484911818224,0.01034172193644542,0.01297485823640505,0.01387492335243072,0.016500173715538115,0.010909990862439286,8I2L3o6S.png
0.015645649849052597,0.010694768958551754,0.011160990503792448,0.012342262424810147,0.9224291837314041,0.016248316825950758,0.01147882770643804,SxoWWkm3.png
0.01648324779817264,0.018486839152584016,0.8715150527551755,0.020550409115527628,0.02300336163128212,0.032048682782391355,0.01791240676486673,aq9Gx8p5.png
0.01946663910680744,0.01486056443117228,0.0087503314910761,0.018841515847771582,0.017144842978889036,0.01841621998117745,0.9025198861631061,k5xdnWK8.png
0.017592629978601823,0.014553533132212368,0.8830465333061215,0.01738325209625483,0.029501377136009543,0.022334031628985083,0.015588642721814672,hJmQnS4O.png
0.017466155727645486,0.014660380886717164,0.8908038013823607,0.01779563769974493,0.019337673660405418,0.024509960922475746,0.015426389720650645,Dpu9hYWa.png
0.011973844419700685,0.009522375488044335,0.008639439771197115,0.010982336090535973,0.01466818158083721,0.9347318119430982,0.009482010706586504,xQjZVApr.png
0.015521892278005895,0.012620242705521558,0.011876881993713381,0.9140619241999465,0.015972396187796282,0.01785589834083317,0.01209076429418319,OqzKJN52.png
0.017887320282592645,0.012354542355816534,0.011993038784346013,0.016354100757685293,0.018612410870858825,0.01894318510252865,0.9038554018461721,LvoCIxWk.png
0.014275974085585291,0.011400983317230138,0.010616382876279107,0.012907671357126279,0.9229117311158346,0.017069309378841366,0.010817947869103197,jDvkwspJ.png
0.015342680827699273,0.012790626700495208,0.01104114150065249,0.91484803658057,0.01567065158967611,0.01854498602079614,0.011761876780110671,iSe2cw0a.png
0.017885964230695522,0.013247747795728144,0.011431664631554674,0.91181675107737,0.012898941066207667,0.018103731061601628,0.01461520013684239,5kT0KM0c.png
0.018481924649113725,0.012251767557471621,0.013377211525167122,0.017710507813071232,0.02190525230554668,0.020322470614732045,0.8959508655348977,5K4PiZGI.png
0.011026230724392594,0.008864430539194513,0.009770848251221664,0.013034264767286386,0.014552515205770552,0.9309266367942429,0.01182507371789138,AdLJqOB1.png
0.024966091744487304,0.3647670135619966,0.015026218876774699,0.02174159356338315,0.06121185034426274,0.04245315785832157,0.4698340740507739,1RE1VcHj.jpg
0.013264510499633115,0.012133040604540969,0.8817735726960597,0.013522750707221176,0.02857273030954353,0.03937451696459155,0.011358878218409899,Mgzl4MJw.png
0.06592911457678709,0.04915269786628265,0.011783554324849635,0.019602822337548256,0.03395173843122114,0.0711476109375048,0.7484324615258064,H036HViM.jpg
0.012907088535915346,0.007864292777341273,0.011564848676092192,0.007800044918165698,0.012431773261389995,0.9374880321078451,0.009943919723250368,n5DNTpPv.png
0.01821193502524595,0.8990304079362609,0.014149483686087535,0.015599917367964644,0.01807179198726598,0.021085878537425568,0.013850585459749553,G53WDmJS.png
0.01993493086964013,0.898428178814965,0.012705277023776282,0.017356547595829448,0.016906641528796278,0.018372397621261777,0.016296026545731236,yuiAa6pM.jpg
0.012959886503768978,0.008286288622758032,0.02941640924702228,0.009722484585927896,0.012530679239756393,0.9168211322865959,0.010263119514170598,8QbQfOFO.png
0.048134656181477345,0.06108032402071718,0.7207334416058193,0.0424285975301653,0.051392476739704575,0.05295188460335302,0.023278619318763464,ErGST9sT.jpg
0.017293168904140475,0.8996666890182097,0.01253290872956211,0.016200208859429865,0.019795900462073142,0.020830465126432895,0.013680658900152015,KLS2GwTM.png
0.012492718274053582,0.015501082951691527,0.11741325184525746,0.025626945763388025,0.013447917749231219,0.8057752150154533,0.009742868400924939,PFdjl0p9.jpg
0.011224331760065301,0.009295353873375154,0.00834764751085913,0.00975187534344613,0.012028457076045787,0.9404261953920713,0.008926139044137037,Pcz6TMby.png
0.016215278080970317,0.9044956210206438,0.011365826822893683,0.014579026710959727,0.017777040571660775,0.019372750291848848,0.016194456501022997,ItKYqOPE.jpg
0.017930782751454058,0.012380619403471866,0.012131603382255293,0.9157910524324088,0.014468318162269695,0.01760295646671472,0.00969466740142554,a9BmtPJb.jpg
0.018969147322130973,0.013126079165635393,0.012711579192303587,0.01626051015916303,0.017774016944389,0.021338910992240386,0.8998197562241377,EMRQOOsO.png
0.6649619390707704,0.20775723702025753,0.02028569301823711,0.022582431873783684,0.03806421673118265,0.03054385930949109,0.01580462297627772,nQwYl20J.png
0.021371453939443386,0.012653546787531547,0.012574478457422975,0.9068095241764516,0.017767305963919754,0.014898070074354577,0.013925620600876229,10YNnodr.png
0.921997593423497,0.011134607487260775,0.01007480999166242,0.013733139168015324,0.01598683108378658,0.016411362498513844,0.01066165634726402,x8yJPsGV.png
0.05759677988011258,0.04722613312515788,0.04586859394337232,0.05210169313112467,0.5955869594158419,0.04337849509443893,0.15824134540995172,y4Div1Ps.jpg
0.015118736381749567,0.012309862310353942,0.014011223053206793,0.9139240682987803,0.015060882123395427,0.01752909734136506,0.012046130491148908,IwuTnbUj.png
0.9261165881625416,0.017924364197336267,0.008636010076974563,0.008559655944046295,0.010783453774491894,0.014115625417069422,0.013864302427539731,6nRakZMt.png
0.09563560987608095,0.07838755941178696,0.3042984197639248,0.10096416986382203,0.2805691634346279,0.05939594094003335,0.08074913670972399,4PdmVIkP.png
0.01731479215349967,0.9039564084584336,0.012859447487650222,0.01418261133599701,0.017604563428262002,0.01821459932194906,0.01586757781420835,4sMBUagD.png
0.013458997859739386,0.010601489429119962,0.00920762141973773,0.014771867645441125,0.9237903892495216,0.016905893405063727,0.011263740991376189,lFWeSmNZ.png
0.01728818998838578,0.9009110511233194,0.01239101757790221,0.017683076570614013,0.017227008483286003,0.0210033701101418,0.013496286146350966,mHeGx7ZL.png
0.04168941889515663,0.044949068743509804,0.06518768256249555,0.06408953193751982,0.6311713037967059,0.0569263730956317,0.09598662096898053,xlXgf5c2.png
0.017149371818651993,0.015011020554460278,0.8882780022135824,0.016349760888585342,0.023475180361536927,0.023801790893167075,0.015934873270015925,NtuvqiQ4.png
0.014067602906507836,0.011544610620588373,0.011049521601376452,0.9187171260606816,0.013462122809685515,0.017631055882818304,0.013527960118341995,PbWauHfe.png
0.015142111199752409,0.01646107498377878,0.1821594941638985,0.03483271282228422,0.047254650587844844,0.6917783189576825,0.01237163728475867,ipYw1jbF.jpg
0.01868470673040484,0.8968045455778999,0.012438626389240435,0.018231731185453716,0.02009481266030986,0.021663246657370645,0.012082330799320605,emcWShUR.png
0.011822536351934258,0.01075545174238206,0.011640942551562712,0.01267241627434211,0.01353730492522542,0.9270677757338506,0.01250357242070286,zpaJVslx.png
0.928933506567428,0.011020758363376251,0.008557854044766776,0.014321917981661872,0.011878348000779346,0.0145934909853043,0.010694124056683475,K3eaNag9.png
0.016871155634585917,0.013941345208272555,0.0076146018110279535,0.015266325308418902,0.9185071064151484,0.016618839973502633,0.011180625649043733,YBRfQm8i.jpg
0.019338285042011488,0.014111247499917157,0.011993493795608195,0.041271307531660674,0.015355320498975885,0.02078229848809715,0.8771480471437295,TqNcmXGk.png
0.016171077746570277,0.013073940663643271,0.8794700159368427,0.014554013627972071,0.030795512586682106,0.02849396618690913,0.017441473251380492,75FTutS8.png
0.01917053696462128,0.012610024746605716,0.013391298479891267,0.0180010677862525,0.018967020736079594,0.02288129873767398,0.8949787525488755,svOhCBGO.png
0.010623577957220718,0.010275018225819908,0.03588584908334511,0.020636639437799108,0.011512969804385674,0.8998015244628135,0.01126442102861595,Y43lbNxD.jpg
0.01693188588941998,0.012289337021204823,0.013598772617514795,0.9110928877542426,0.013604366368711882,0.0188202432904268,0.013662507058479286,PHspQViJ.png
0.9273811380428791,0.00944073627813164,0.00929784050084349,0.013463010154903022,0.014215924768518651,0.015071720571829858,0.011129629682894195,irfN8SvM.png
0.016631289584398502,0.893156986612819,0.015345401896912348,0.014433899589485568,0.019687940359328065,0.021307893218097385,0.019436588738959083,6keS2q1W.png
0.01080505885583773,0.0069494703692445465,0.017864067635713774,0.007691807772128928,0.014507953161031453,0.9344491471757369,0.007732495030306641,iqjxUJyG.png
0.012859627205549316,0.009502139916174586,0.01005898013952095,0.010694612599360508,0.011718510592992032,0.935644353380803,0.009521776165599544,056AqPTe.jpg
0.014612203671076445,0.014454730348978739,0.538218356533464,0.032407198334008666,0.021637432665865885,0.3682331316600769,0.010436946786529316,tuQn2tFG.jpg
0.017669337205303913,0.011319746606113717,0.012774232237189403,0.01765292648003302,0.014897333744877428,0.019842515512418238,0.9058439082140642,VCETFUEm.png
0.9274817117284089,0.010094315764066575,0.01011401930709879,0.012196700390900579,0.01318725873406763,0.015327384622180853,0.011598609453276662,KbH41LGp.png
0.05399863818119773,0.06752285092355413,0.2450569534643737,0.35448692591274555,0.15871563877328182,0.05340862938741599,0.06681036335743111,uDeervHv.png
0.9256014429875059,0.01831869007079872,0.00618127078833532,0.009323677257885753,0.012407516505721292,0.02010901653726523,0.008058385852487703,kOzZg1JG.jpg
0.016221371917526352,0.011694939027555345,0.013469287642756766,0.9101496026802357,0.015878362039993134,0.020425228730774604,0.012161207961157997,VYOpwZqb.png
0.01653751646797895,0.017573014096550328,0.7847789541359262,0.02241921314146085,0.04194307770925839,0.10055146271446198,0.016196761734363345,tFNYQUUg.png
0.02040385198561611,0.014406129011188313,0.8012092638844059,0.019330164607377666,0.018248507959588118,0.11210465434940697,0.014297428202416954,ZjFyliaI.png
0.024022144355922752,0.13427346358631814,0.039430785615191526,0.014771313746379957,0.03997948191446921,0.022408682978594323,0.7251141278031241,ikM06HcP.png
0.012030602476365145,0.009246548194048586,0.00990146101771859,0.010412283202195154,0.012074679604532446,0.9377263109126768,0.008608114592463354,zLGulVUF.png
0.015139871041628792,0.015211633130414895,0.4630811595058269,0.020071180682627594,0.0343298895011047,0.43897831898329864,0.013187947155098526,XBafp2ut.png
0.01897325123793074,0.012484146409818167,0.012096640161216237,0.01606851025058311,0.017526558265319764,0.021865398209679348,0.9009854954654525,XziMPG8z.png
0.017848752623298717,0.8953195581616382,0.012885251007602253,0.019379751321137215,0.02027273913545949,0.021076269795426362,0.013217677955437827,24T5SZRZ.png
0.01784158200030576,0.011877747646744236,0.8660271990013833,0.03525956134625467,0.029694389963038283,0.027200484255317438,0.012099035786956477,Osd5jaCP.png
0.014341497279032445,0.012117082171569971,0.010110158215955373,0.9168406969823095,0.014562471683731695,0.017884235068001016,0.014143858599400067,P8cAscCZ.png
0.014341100251267284,0.010904880883434071,0.012624274787340777,0.9169339412504784,0.014508164159795566,0.019876571197099478,0.010811067470584308,jM8Jsl4A.png
0.01510192663847886,0.01701340194757387,0.012471042713611618,0.014565411434226006,0.018774418193276157,0.018845302622518257,0.9032284964503153,s74sHDUk.png
0.013523224091789816,0.012634979428226731,0.7479945214147448,0.010783170140042294,0.02168842478094629,0.1749080239363837,0.018467656207866324,0n7QAEVG.png
0.04346783060132338,0.30267828786435236,0.06410906301762063,0.04092259998160682,0.023397227878832035,0.026406384044422665,0.49901860661184205,l7zErLnw.jpg
0.02609626579067285,0.8777962893422012,0.013311061472386435,0.029307049013114046,0.024052406924133882,0.01834560848549523,0.011091318971996226,LPbJ8Xa9.png
0.014269428445706745,0.011744319090319442,0.014435025966209903,0.011077062484199396,0.013121042113024428,0.9246528788204224,0.010700243080117747,uneupKp4.jpg
0.018297806063111703,0.013692413662764252,0.011657635782365639,0.016482074017509934,0.016379344666082832,0.021694887779480317,0.9017958380286855,RQ3dXMka.png
0.015973871711486926,0.012005748463658051,0.0132902435496579,0.9127190007655299,0.01626566527917089,0.018454443019051775,0.011291027211444694,gPxFUf2Q.png
0.05469038535051289,0.047699380085474495,0.6826300952323588,0.14010598507545052,0.0205028664738922,0.035369912581445735,0.01900137520086531,gCeXTM6f.png
0.014938405871067767,0.0114859279346878,0.010731190885869893,0.013008189316884893,0.9214317568102398,0.01722599369425174,0.011178535486998051,RCAhhZd5.png
0.014128859549576605,0.013520097499468258,0.01032298300744689,0.9158002927393849,0.016835576112834275,0.01916035908021794,0.010231832011071102,EZsD6yU2.png
0.016007391696440144,0.011925886946356584,0.011248029194910148,0.9203549320278361,0.012421440871146045,0.017745300689173238,0.010297018574137852,YwAccQRI.jpg
0.012535210045484265,0.01005024258805014,0.008500840620283431,0.011656635231537284,0.012294905044873605,0.9355541467803704,0.00940801968940099,YUSbZwlL.png
0.01538225181388463,0.011440889064444437,0.010566301461435789,0.9194629899495105,0.014566309835599195,0.017249576266562074,0.011331681608563465,etGskeZb.png
0.016345049206817903,0.012179253223634634,0.01195974648969912,0.9117864380564015,0.016064472984365995,0.019322566954862598,0.012342473084218486,hLjOXcIt.png
0.9228914379349108,0.010956345933400398,0.010446702233771244,0.012930054019631201,0.014685123536848404,0.017205797799812662,0.010884538541625152,XHfBbGro.png
0.015154579810413012,0.011990795539744376,0.011310704303638402,0.915066536598343,0.017413851578734936,0.01797492121755724,0.011088610951568984,qq4ruweS.png
0.018344904071200548,0.01943684308451993,0.8612437862402936,0.017662811471713245,0.032447662903340044,0.03327433523191508,0.0175896569970175,88um4MLL.png
0.01697614944325048,0.011460412739767705,0.8777260793510587,0.017037548582825517,0.024862878672231966,0.033598745846465564,0.018338185364400027,mh0dnpYt.png
0.012208009072897994,0.01761151495962634,0.1446387375654315,0.019000517974424345,0.016954594469612894,0.7715992297448204,0.01798739621318656,EkcAINcb.jpg
0.015280099319234264,0.01234919560385412,0.6347548373510058,0.05311629045042474,0.12391748895338447,0.14508127952902655,0.015500808793070055,t4WWJWrm.png
0.01883794839428641,0.012271533507036057,0.012491169020288018,0.016770928660640453,0.017756604348561078,0.019490737799744536,0.9023810782694435,CnD6r3Nc.png
0.014843894599141368,0.01111365051693652,0.012521057705723768,0.9144598166155016,0.014356371840017923,0.020281586821179563,0.012423621901499373,KErle2IZ.png
0.01990005031996568,0.015214022758621212,0.8716421861467122,0.019674040700514796,0.026464922536486572,0.030965159950296993,0.016139617587402295,OxqIjBqf.png
0.016327302678250045,0.010517562268174328,0.011255188618794005,0.9202926068413515,0.015694865473671833,0.017004111589724757,0.008908362530033595,eQdRb66P.bmp
0.016895292631615065,0.013524967875992847,0.012594781162022256,0.9171603009631994,0.011601710994441438,0.018510441472690355,0.009712504900038612,rAp05mwt.jpg
0.015407174367443549,0.01177589979240724,0.012860019077240029,0.9132069372295518,0.0156519092000069,0.018425983351633434,0.01267207698171697,NOtYR2fS.png
0.022042147519724258,0.8800633969233511,0.016642370175862904,0.018113610116713554,0.01863081475205162,0.02469739020901917,0.01981027030327754,2JOdaZIF.jpg
0.013805439578172051,0.013320084409141633,0.011162333161917493,0.9134153287825597,0.016871382761982488,0.019806914626138903,0.011618516680087603,U7VOFbSp.png
0.02424723318538454,0.01673569908230798,0.010147398714869712,0.27757254670946924,0.641357086838166,0.015785881542301698,0.01415415392750087,8oq6zqeT.jpg
0.012399479720021398,0.007379729806227241,0.020161924131813648,0.008424132682460627,0.011081977026813915,0.931719708021804,0.008833048610859085,A8vOjcCg.png
0.0142047087032319,0.013485309322846292,0.8832566752748047,0.017770387146387675,0.01818141038966348,0.0380767627253932,0.015024746437672761,Pof0hs8v.png
0.02463334278256747,0.04298240526861037,0.23961718805698506,0.6125857142689787,0.02830294165985713,0.041688396252932636,0.010190011710068472,wHZdMejr.jpg
0.01863250582030191,0.014376991452930324,0.8915707631186583,0.016981718234162793,0.022652995742269526,0.021087218932842842,0.014697806698834321,UNtkdcp9.png
0.07720097199863363,0.07384044633704216,0.21229259503814074,0.22198105810799174,0.22432373100582792,0.06491266519591476,0.12544853231644917,XkbrUkn5.png
0.018688450660478508,0.8939271197597181,0.013368934737030273,0.017875552028153198,0.020994761596264337,0.021943177803455196,0.013202003414900368,31eEtdGH.png
0.018131913120256023,0.8991828161655956,0.012802706919657967,0.015398596211287655,0.019291514942061976,0.020762268760425355,0.014430183880715505,eGkKGqww.png
0.021260713804421197,0.08185228933769324,0.06403207726411247,0.013314330160604074,0.03181195001994161,0.017376359452943312,0.7703522799602841,7CyTFt1f.png
0.03182529731004182,0.7307175751732131,0.01015135748915627,0.03000391833708903,0.020778174604071872,0.025311860596656095,0.15121181648977178,oY0gb7Sn.jpg
0.01818782040098886,0.015135088354846449,0.8483808863984429,0.01852888353714975,0.030884449312461683,0.053724653355934425,0.015158218640176038,LfkwfRXY.png
0.919035510391625,0.010942870987991038,0.008372033127205452,0.01370632129702209,0.01715938670710751,0.016298636518407527,0.014485240970641411,Ep42uvIt.jpg
0.015026502152277844,0.01256475844881027,0.01184843645998107,0.9139934713370946,0.018180897881412174,0.015447439732861173,0.012938493987562777,Dm7oXhal.png
0.020132433495413486,0.9025340843613974,0.010265253177259548,0.017997802315736465,0.013975620286085445,0.02071321267097041,0.014381593693137249,VoJ1Xg9b.png
0.01964599331371634,0.9015044925739393,0.01296762632013653,0.016091831793775373,0.01685302667229071,0.02118350961540743,0.011753519710734385,GFi010T3.png
0.022516278435529048,0.3144767515242536,0.009411152105163228,0.02082611140049542,0.016914495348942793,0.023539021310338,0.5923161898752779,3thCZSyH.jpg
0.024322510639513583,0.8864377129281621,0.013553354736300005,0.01656944455459944,0.01799324066688756,0.02381715551279474,0.017306580961742424,LiB3gmQw.png
0.01602333407672236,0.014156096263056975,0.014159771447071668,0.01614762031301368,0.01636668069571683,0.019651226435503946,0.9034952707689146,fI8C362v.png
0.03059561454527577,0.8862597611921619,0.014797722562602722,0.01612428220074817,0.0212645740603697,0.020554313002597902,0.010403732436243722,pFSi98wx.png
0.018999757621564178,0.8983989363759097,0.014315250363611708,0.016391279035727856,0.01784794039071167,0.02052035996380006,0.013526476248674743,K1OaxX8K.png
0.015253213247368225,0.011801858231358353,0.011110841714180687,0.9172434653319627,0.013804658692424972,0.01797209920434075,0.012813863578364263,MLej2rDG.png
0.019218923562416154,0.027756123640638113,0.008004719102126624,0.01362031791240415,0.904963637285018,0.015251733190725836,0.011184545306670936,VbUDzy4i.jpg
0.01164145702270874,0.009385284987582222,0.008651902732332266,0.011136665183266295,0.012684558489915312,0.9377079378682375,0.00879219371595777,ujjDXtsH.png
0.18997404149605823,0.035799207591792045,0.015837381643484173,0.04347773716862852,0.6612555852087947,0.023546309682000863,0.030109737209241427,o6wvvIED.jpg
0.014881892844026617,0.012777369786842713,0.010980991511733764,0.9135808542452393,0.017676302257388053,0.018392878308153577,0.011709711046616014,UIyE3mPI.png
0.016651774986696018,0.8983248611668939,0.01241770423138112,0.01712163837203474,0.01805192428457004,0.02206238733678465,0.015369709621639633,DFkLcO4k.png
0.017726088711907968,0.9054464529877928,0.012326111597911889,0.014681045774383412,0.016344519651599616,0.018725764201577365,0.014750017074826977,KjfiynKK.jpg
0.013776998919837047,0.011353701903418957,0.016293079312760257,0.010491751278911863,0.012687351979497136,0.9241647840223036,0.01123233258327124,FBTHN0rk.jpg
0.01848789750726483,0.8974863002617492,0.011931304798568677,0.01829880607118003,0.02017913051877971,0.021040044481441006,0.012576516361016546,bxQcDY0h.png
0.017624158518686813,0.8971615388515266,0.013797770188503325,0.01590598591443964,0.016236907735259477,0.02237472092808451,0.01689891786349978,oJMW3lXi.png
0.01251878631119924,0.009454131182884093,0.008939433873803209,0.010496152584543436,0.012342726201642337,0.9366180637428962,0.009630706103031433,UZkcwMR2.png
0.038628060528610245,0.028311393338624702,0.1772406338243103,0.09905793766959438,0.5317605818652851,0.04002645249267963,0.08497494028089565,ay6KXtZE.png
0.021998564392195927,0.807829972386295,0.013924991372655484,0.015318271738054801,0.015051710599657856,0.019184230848167862,0.10669225866297323,O2jk1qCX.png
0.03135005108888252,0.8055190871173709,0.03931818961454099,0.034011021986879386,0.02715782518024663,0.03152071942659898,0.03112310558548067,iQAE0e2j.png
0.019306945451725465,0.17126583736202874,0.02037658971490716,0.014042152008798731,0.04076113480192005,0.025453902146690986,0.7087934385139288,JR8H0DtD.png
0.015178738554895299,0.010372841763407768,0.01094303050362646,0.9101242642926108,0.023260671328479993,0.01823399816249121,0.011886455394488408,O8zOrSNi.png
0.010294490103265396,0.010702867583789558,0.00829188155379719,0.01005101814355818,0.013203934673155582,0.937967069464747,0.009488738477687145,XNKeg34p.png
0.01902890804803393,0.012627540615654107,0.014871066648593678,0.01610593856314781,0.018302545242697622,0.023194557446725567,0.8958694434351472,YUrX9JYE.png
0.017815850864749936,0.013034668067798526,0.8882703827421207,0.017733518174245327,0.024953446196312838,0.02238921913387082,0.015802914820901817,GsTqjyBm.png
0.018422422910611507,0.015045736678269379,0.8986085698821883,0.015845535572921864,0.021359795947661568,0.01701151183056015,0.013706427177787226,ezwvAKNA.png
0.01952902749747634,0.013876194762106978,0.8918919301796091,0.016767994957983118,0.021016649258072565,0.02170390146352253,0.0152143018812293,mgq2eH5y.png
0.017098845421471078,0.8984870890758202,0.013260482133439588,0.016316353819493815,0.017418018409291174,0.021361476369928033,0.016057734770556137,1kBHFF7b.png
0.015895447929723156,0.02027709640852014,0.717686473692796,0.06916890096914254,0.11034035588907416,0.049340228523241755,0.017291496587502116,8fctJinJ.png
0.010731243812812059,0.010718370091861683,0.008731019167411406,0.0127104953119332,0.015022002401927591,0.933146359151776,0.008940510062278221,TQ0omJqB.png
0.011361983335606158,0.0092644384966736,0.008468781591255414,0.00997643310833438,0.012038155390557349,0.9405905549094941,0.008299653168078996,Y4p39xPf.png
0.019060231277670536,0.9012087639152011,0.012831992018036703,0.014588605709538044,0.017591219482739277,0.020458877165414276,0.014260310431400141,D2al3WFj.png
0.01923636411102981,0.908123627688932,0.010234679939651666,0.01592578442073719,0.014950376735724785,0.018874556673298157,0.012654610430626554,aFNQd7Wq.jpg
0.015055319763393832,0.011931925199014424,0.013272577354177587,0.9133066682332736,0.01450229261719585,0.019991135341133892,0.011940081491811038,lEgRN8gs.png
0.015689391792563213,0.012809875592415237,0.9037771693773682,0.014691999234534603,0.020862379593633025,0.018353009930679825,0.01381617447880589,00T8kKS9.png
0.017863369038989066,0.012382729447619893,0.012268433310012527,0.017642768906337907,0.01990597387711816,0.018667452032573813,0.9012692733873486,dNOv6cil.png
0.016774728380028824,0.011975961171937296,0.012766453925301962,0.9105204631098214,0.016959345244431667,0.01870287041740909,0.012300177751069591,pkr1vakn.png
0.018715069305487497,0.013658737654896266,0.011458294574133334,0.015663356162311147,0.021441121941460146,0.022266779641648683,0.8967966407200629,3PuR8UUd.png
0.014451952795294112,0.013223335244283855,0.01241707501707392,0.9203337749988572,0.01169342993901406,0.018114061601162704,0.009766370404314275,Ybv4ejqR.jpg
0.0158392581948927,0.015232981477934263,0.012238788820333977,0.01787236770180133,0.01960257790642136,0.020882056694604655,0.8983319692040117,fJlFp9qb.png
0.015169882903271568,0.009815311516909593,0.01314316328478761,0.9172019149438293,0.018289350404197737,0.015537903148408158,0.010842473798596078,SegSnPMo.png
0.014818119216196213,0.011857331058469965,0.010643987416551969,0.011995652124412441,0.9225333100404318,0.017166588833374057,0.0109850113105634,jTbRy3wy.png
0.015884892370313618,0.012958198078447069,0.011488990323818785,0.9123242215152697,0.015520243543841381,0.01923574544836344,0.01258770871994612,wfrQPPz0.png
0.052804352492385395,0.03628814247104454,0.036258262506330304,0.053333798072752216,0.45130218549090434,0.2964912140087879,0.07352204495779538,l7zm4ex5.jpg
0.016044981489637615,0.011892897379828899,0.016850745833313956,0.014329504399737463,0.9071296907792237,0.021765878240397406,0.011986301877860785,i2Po8naX.png
0.014332331718449914,0.011769515971887856,0.01023973746714545,0.01248887549900683,0.923330398018528,0.017184969040519825,0.010654172284461989,J1wE89Kg.png
0.019762323776729387,0.8954094122946735,0.014784415126803344,0.01675500495762777,0.01832562144324802,0.021440309482175277,0.0135229129187427,IFsvMMMZ.png
0.012275541041420921,0.009993272352080501,0.010973614829411204,0.009506554474907702,0.012581882871135625,0.9363711535049022,0.008297980926141906,JxJ5O6S2.png
0.04567386198711673,0.7218681583736261,0.02882861359311521,0.06768730796746883,0.02687630504602901,0.06227707920178586,0.04678867383085833,bdWh7vZy.jpg
0.011306482589304135,0.008561688561980108,0.00932912309256445,0.008575552318981803,0.010997512858604161,0.9423980388410375,0.008831601737527842,xKOr051L.png
0.028128731096603226,0.8820855958605481,0.013432308002085369,0.015929745335725186,0.026150177476962237,0.022549145812458492,0.01172429641561736,u04JTLXq.png
0.016126590896086278,0.01371808576169834,0.012442786287746248,0.014286842875262804,0.018908813926482932,0.01968834623566542,0.904828534017058,wZXItSQr.png
0.017806834131173364,0.8944596796855799,0.013321675096337323,0.017144450007347312,0.019216941867217268,0.023144750393273048,0.014905668819071932,kiTqS47o.png
0.009962905001000397,0.008502031838590137,0.012337590368760316,0.008571012951363526,0.011935268427644447,0.9405868064916353,0.00810438492100592,2DNZmXTB.png
0.023259293335162582,0.1899846132287832,0.024488660675313738,0.017506158862396298,0.03640420166115116,0.02844814389537536,0.6799089283418176,FwX91kPV.png
0.01911082212122686,0.8924247794916967,0.01198515023476128,0.014080086886893198,0.029450559743421163,0.02103259900973872,0.011916002512262143,KUPPAWQo.png
0.011299630067268824,0.010304066948630505,0.008362657563624597,0.010995511503205185,0.013041986834352948,0.9355815554640433,0.010414591618874633,ZkaIdXph.png
0.9249237898294413,0.012291972198360557,0.009896747632987774,0.011926204508908907,0.014258856876792375,0.016093580371327992,0.010608848582181054,ipee2D8y.png
0.01832818564732901,0.013199036461329871,0.012533420618895428,0.01709511064197593,0.016342110893498647,0.020650333492824687,0.9018518022441462,3htXo3T1.png
0.016475221365026403,0.01065752528829659,0.011181292864371712,0.9108261994690592,0.018484263535451666,0.020891096384079426,0.011484401093714954,VpiyizbZ.png
0.01580004415471065,0.011675868943093958,0.010650639315602967,0.9165033032914931,0.016294065797781282,0.01939595498914836,0.009680123508169821,Osr6x8QO.jpg
0.011529635550067445,0.008841208739820196,0.06401135593280108,0.010308157045664072,0.014660393780808778,0.8780466428929549,0.012602606057883634,pEh1Rkyx.png
0.016056954909722525,0.011292207297106414,0.01138726703392324,0.9105478836018521,0.020073239047921403,0.01869000482139586,0.011952443288078375,hkW7FAtu.png
0.01301434900917132,0.021618311604301294,0.012822052597914224,0.8872174897048277,0.017839667866812847,0.022761926712135998,0.02472620250483665,EfsKBSzv.png
0.012040556406002986,0.008958798797363244,0.00984260902713988,0.009707202081419248,0.01150781705386848,0.9386272950555175,0.009315721578688882,ucJ8RJ0x.png
0.018581989714693263,0.8974625792620718,0.013939572155435235,0.01615663337957107,0.01965375516668861,0.02094638217885684,0.013259088142683298,KWPvaaiz.png
0.9224771695123133,0.01039649900370434,0.010949859147755262,0.01295639024421969,0.015479537557862286,0.016715605242746838,0.011024939291398332,3P33Mx6w.png
0.014441798059120062,0.010182471634522353,0.009843398349532559,0.014187862352740555,0.9225724614051526,0.01668531257989351,0.012086695619038376,m8gGjDUO.png
0.11255389473803834,0.5861642163476001,0.03815515208655895,0.09430131769009151,0.043206739407051636,0.047598086704589156,0.07802059302607027,2kwxMF1P.png
0.01798555555203632,0.01492805869877751,0.8818439814023102,0.017408288236451953,0.023706795160158854,0.028943195597659503,0.015184125352605618,YrcxD0Iz.png
0.011480754152535981,0.008727665307923481,0.0086702936919608,0.04331327257809214,0.9029272740271954,0.014226232231499183,0.010654508010792714,LDnDYpYN.png
0.0123442081063715,0.009012278064909023,0.009097644052862616,0.01056436437580172,0.01415989336263108,0.9363812056815586,0.008440406355865538,Ql34AEov.png
0.016278905690497815,0.834678621470063,0.01773466832461724,0.01908406195025925,0.0184892766496899,0.026507907758718408,0.06722655815615433,0G6K6Mgx.png
0.32000240133852853,0.5795079450105871,0.01086575400877911,0.017651916850696264,0.022315989241917154,0.02918733192618205,0.02046866162330981,rCFHzah9.jpg
0.01811419332878885,0.015252657376071111,0.012989340780337092,0.013978624646163442,0.01816874719596488,0.02158334775176652,0.899913088920908,nYuKVvtP.png
0.029667080564374938,0.02239752063432881,0.07326140248843231,0.02447390902346371,0.7928236479379928,0.03453181380715831,0.022844625544249007,iMzXnHzi.png
0.015928544712020404,0.8950007594714965,0.011338506215907034,0.016025365510814862,0.01324237300725927,0.019457178837285614,0.0290072722452163,H2wD2Cwp.jpg
0.011792704075985868,0.009894268321922113,0.009769346465935481,0.011601385209048968,0.010560213492906768,0.9352008373441931,0.011181245090007721,nmE8gjqc.png
0.014756397363387685,0.01161759325565372,0.8169283106175133,0.017422865015651042,0.018420237121104126,0.10685325485150163,0.014001341775188417,hu2IO3uu.png
0.013937861237289916,0.010883022851079843,0.024887975994086937,0.00930831177566749,0.01076836253668619,0.9176732355322665,0.01254123007292294,pOdWxgnU.jpg
0.010584997991172875,0.008615364254121904,0.010352677234774833,0.008671387472718247,0.010999138240292755,0.9416665499740985,0.009109884832820967,Urll2kV8.png
0.010738649834867775,0.010744716841283707,0.028274890823733873,0.02573326343465565,0.018460166595925705,0.8920736849396951,0.013974627529838088,3WOfUs8V.jpg
0.01647934669758621,0.013161025526232018,0.45177529894682156,0.01988523813387922,0.015494734482385471,0.4720465930657155,0.011157763147379955,QnomGMrW.png
0.01479927563776546,0.011706253121173113,0.01247809214190237,0.9163593497801706,0.01658401887821028,0.016665353080380786,0.011407657360397384,qdyOBJMm.png
0.020220391277772507,0.8966280263545923,0.014181161089531383,0.01670066227603422,0.018912445301770105,0.020586232993687482,0.012771080706612264,AJtfjse4.png
0.018199707412518272,0.013477653924674723,0.013324589261805414,0.017221723403734644,0.018603065192276377,0.022733696556712812,0.8964395642482778,uo2fXOOg.png
0.8741016039181725,0.049535709722157706,0.010515062109593572,0.01575354829905074,0.018809736998423497,0.017764334977187678,0.013520003975414408,bzYOfktG.jpg
0.014647769711702924,0.012298535533274967,0.010409985831224563,0.9151295424500301,0.015746858412470817,0.0192732694369463,0.01249403862435049,MEIIpTFk.jpg
0.018091848438512782,0.014225334604676574,0.013467515077593384,0.016989408302114855,0.01964742041381325,0.022286322610667725,0.8952921505526215,vbTrP2XB.png
0.012390767199909548,0.008885605592414981,0.008446642822074395,0.009967998491112883,0.013935673128819067,0.9377432509080158,0.008630061857653245,cgKILzhK.png
0.012986618079476986,0.009317928471154471,0.011557858714573228,0.014717115588368843,0.9195999029082408,0.017476904650381014,0.014343671587804613,wddJmAo6.png
0.017985111073542653,0.8993108666692431,0.012936531847118423,0.016921677821012483,0.016850145533236008,0.02174745596726187,0.014248211088585667,iApRoWXi.png
0.017119052807925958,0.883864642377118,0.015611831662080933,0.02204476387007891,0.022005082297415324,0.021126762020484868,0.01822786496489597,hzmyHjwd.png
0.10394850040166567,0.3559421018595998,0.012087585755388803,0.026494587772039592,0.05878110097557084,0.058067057222273996,0.38467906601346125,ANvXuugy.jpg
0.015848899693306356,0.011902076907236577,0.011649179955085857,0.9111127542074815,0.019076060431145122,0.01991817987528707,0.0104928489304574,mHPYOxBd.png
0.026728223292313474,0.8453786701223752,0.017989801153366167,0.023781481821688696,0.02959863860428611,0.02499312816851,0.03153005683746043,3Vb1a9Jq.png
0.013620229317004523,0.023673234452638588,0.01184342940261453,0.8730420798023545,0.0279574931970142,0.027459090260896324,0.022404443567477464,ZBvUKEFY.jpg
0.4504018622675776,0.42657280190445734,0.02220657912253332,0.01835599137265819,0.04486503389219507,0.02542754433906415,0.01217018710151433,j2A8mZqi.png
0.01703494733027363,0.013051259178834988,0.013161552561038663,0.016616548000492476,0.019717245345595564,0.02038431626820228,0.9000341313155624,GVuvm0Fe.png
0.016147172368551316,0.011529664632987352,0.011969165105730224,0.9126616297040103,0.015132132551112783,0.01917042410139364,0.013389811536214411,yH8kDyOL.png
0.017564652814627813,0.8995630674178436,0.0109693155183755,0.01351000791484722,0.026261831609253782,0.016640652734233992,0.015490471990818011,pmpFP6tE.jpg
0.014610393880449083,0.011197056146294043,0.011706947204343471,0.9163835265915503,0.01564319663613008,0.017732037565593613,0.012726841975639346,HmO2XhX4.png
0.017061425973766055,0.011706670710595354,0.011126042376190798,0.9149772469916118,0.015350295153637145,0.017636683605990272,0.012141635188208717,DzyTnG3l.png
0.013535235094553882,0.01037572024035532,0.008463001728619432,0.01220072414948801,0.016739435203972888,0.9287137811661799,0.009972102416830447,2vw5LSXt.png
0.012920294313383707,0.008830305267232871,0.011504920387911347,0.009407228532407202,0.010607908799911515,0.9382149212437128,0.00851442145544075,BdjIUfGT.png
0.014916405034551675,0.013744268956577798,0.010305093359178825,0.9144211909018711,0.015485366730663067,0.019559770596527838,0.01156790442062967,a2xlyNPU.png
0.019639155089065302,0.8977744280890338,0.013404968328306177,0.01583674811015172,0.018763149775174775,0.021931643235219653,0.012649907373048585,jKDXOxK5.png
0.01186921722362557,0.008859856955830626,0.008951211404074065,0.010482926720645366,0.011014612724678326,0.9386533830890242,0.010168791882121919,tCOj1eAD.png
0.03503064898595048,0.027202236853921397,0.02209287787548663,0.030574043268200023,0.8154439623570771,0.02363592934980677,0.046020301309557796,2T7yQYeE.jpg
0.014986779105259584,0.010344071204160412,0.01717382504260021,0.021852582157152738,0.025425118132874347,0.016109626129973124,0.8941079982279797,VPd59w2G.png
0.017021357691326226,0.009562706717132937,0.012022098063348304,0.9142984680997059,0.019516148150912446,0.017210597151754554,0.010368624125819379,TkC0OpHV.png
0.011605211218058414,0.00994275488748406,0.008917134776764205,0.01324000785462398,0.013148967611333074,0.9344395140551967,0.00870640959653965,fEklPkNb.png
0.01571676957787497,0.009645662251516092,0.02071929411419775,0.8451821898220958,0.08004915807396376,0.017577865575941633,0.011109060584409906,nb7zv9pn.png
0.012585861736355147,0.009397482553518112,0.017428796951632318,0.009818667099984819,0.013746145810058086,0.9251253776598028,0.011897668188648774,3Ab69ql6.jpg
0.021863489544635694,0.1421770537476698,0.11835422050427216,0.016577961893212763,0.032217921070306785,0.03644497853797059,0.6323643747019323,T2fp5mfj.png
0.014913436954367854,0.010347979620691613,0.012534178234365567,0.9149982056251039,0.018499989177904387,0.016359405735456328,0.012346804652110369,fjnGrtEu.png
0.02580192306013015,0.018315602430838872,0.6804423094898018,0.02788493884192176,0.041342842181788984,0.18310814319186502,0.023104240803653288,HgFDeeQj.png
0.01956090065347703,0.015670274562804468,0.012134605360063321,0.03571385266495769,0.020329358681282154,0.02402251170758054,0.8725684963698347,khaxzjZo.png
0.01759969491672652,0.8981676970895689,0.012596913090938109,0.016848424696715422,0.01842253392724729,0.021454967695494286,0.01490976858330941,AGHPVJzn.png
0.01652981872792735,0.013366373793066516,0.011190735772020656,0.8966587752323489,0.032355115004678074,0.01849615273179922,0.011403028738159295,nNFES8AI.png
0.02400085958169946,0.8974479223823757,0.012149134601459943,0.016523318987200823,0.014994442339512245,0.021216644645654426,0.013667677462097391,o36fxQgG.jpg
0.015426503768817684,0.011794783340792488,0.009713243424535245,0.9206163693540186,0.015397498732663625,0.01654643719976475,0.010505164179407504,94w0nbLY.jpg
0.021254968011496796,0.8951943143090126,0.014158002137695433,0.016509552801094014,0.01887301057232519,0.021550704211461734,0.0124594479569143,WfW6DiJL.png
0.9203384429257001,0.011498890870006866,0.010398194107260124,0.01276274065198762,0.016125660137504286,0.017399566295726025,0.011476505011814912,3VEBASAg.png
0.016589129565968745,0.009556220879816517,0.006532539654388443,0.014024792741269615,0.9273370806228964,0.012224753220502281,0.013735483315157861,T0d4kIfP.jpg
0.020574158625078744,0.012683304843853193,0.014095005099166271,0.01370714786934856,0.0149942721123764,0.017468733055493187,0.9064773783946836,fL2JmXEd.png
0.8068184130264994,0.06853260687065074,0.017927958682794818,0.02424149451450654,0.026847609212681634,0.0303978039299456,0.02523411376292121,XptxcyjW.png
0.018661741534370977,0.08973684073305117,0.00948062431632448,0.018702834396762485,0.7931603586807048,0.04581646908263524,0.024441131256150782,EnCEWDE8.jpg
0.22159323026454608,0.10549590081524274,0.01307706016356314,0.028904415971490016,0.05964068594697053,0.08403708976876331,0.4872516170694242,KBBAssZV.webp
0.01595280318819675,0.012154015371549191,0.012236573552204207,0.9165702926012905,0.01310374536129425,0.017567275721005072,0.01241529420446005,5K0ntO8j.png
0.012055663512695365,0.00905959823851053,0.009954480076959975,0.008493280725332775,0.011967586755046871,0.9383759954960522,0.010093395195402349,4Exa86KL.png
0.015614027619108645,0.011840030222863186,0.01074515015342353,0.013105387664505239,0.9196155734286879,0.017263640716861484,0.011816190194550099,mx7LCCNB.png
0.5445925654978099,0.22700881046635013,0.05393037452560602,0.07881298625088484,0.01696550920525968,0.027437102580993356,0.05125265147309619,9KPYHyTK.jpg
0.5037198814772916,0.19157316194659074,0.02516110031429249,0.05589319025222496,0.08440890397081598,0.02827544551531063,0.11096831652347365,SCCerkBY.jpg
0.01289740314061335,0.011431878698452356,0.049580185140695524,0.013181887075612774,0.010022175560087764,0.8893086253684881,0.013577845016049967,IINdF7pr.webp
0.017402536884446453,0.9039082483186279,0.011036552352427023,0.01578316218285323,0.018311803850087384,0.021265773726904094,0.012291922684653947,5IMxeqAJ.png
0.02771101310603106,0.07518239305855269,0.02906420671093044,0.03392847677894979,0.7838231094104948,0.01731814487644064,0.032972656058600586,chtz5jzk.jpg
0.9151981342770356,0.019648650500934964,0.01083824084194023,0.011750690421557715,0.016766236426424812,0.016257546738872038,0.009540500793234768,8jfXGtZJ.png
0.015663513532900762,0.8982181241846277,0.012730604835748584,0.01654903274460945,0.020670426707122207,0.021384786189559815,0.014783511805431407,sZuRUcfR.png
0.017549662500850834,0.9009447196635103,0.012049600815925475,0.015514989557086944,0.016187276611983634,0.021999040642456023,0.015754710208186855,5wSDIkxd.png
0.012167526355348523,0.00862533898602024,0.007514349426498805,0.012195744695799055,0.9313820387049752,0.013342485716320865,0.014772516115037607,WsL7EGKU.jpg
0.9221587677941232,0.013559493467031563,0.008234883594744582,0.013067903025127527,0.015322633395517196,0.01625624096903131,0.011400077754424648,TttzcFgE.jpg
0.01358194579780353,0.009466534000694693,0.01485197920565085,0.013989381005585671,0.012287217912761933,0.9248198606438187,0.011003081433684694,EqOy0Ygp.jpg
0.6049613997832681,0.060635186461502025,0.07528634268053422,0.07301704751845448,0.06268123160387215,0.061663509487821164,0.06175528246454777,MWUxUolm.png
0.02176320453801763,0.025357607089408964,0.013346224258317252,0.03337064868398465,0.01575272778903372,0.02518328744877394,0.8652263001924639,vI3WShwa.bmp
0.0183284723853905,0.013796242012397614,0.015657075633218782,0.014594456921981877,0.017779668578465167,0.021292081309744436,0.8985520031588015,yPoCDaF4.png
0.0156506024044142,0.870480566335593,0.015342671170315037,0.015178876365378288,0.02289539308690911,0.023394669719113,0.037057220918277324,xR0SEbgG.png
0.02177544575928234,0.011871046885101318,0.02559275409475522,0.020526891951768603,0.02164852346213083,0.019211975151845462,0.8793733626951162,fF7SuGhV.png
0.028021544839615165,0.14483347292679216,0.022308863255776832,0.01700378900229154,0.04761918441941555,0.028221519289297104,0.7119916262668117,W6smHRuA.png
0.020054834655786245,0.03806483742261983,0.8081753381552449,0.020314065456057684,0.029070830898292176,0.043492982406851365,0.040827111005147854,EMntqvyh.png
0.01615170588834086,0.014228444704973281,0.010211401904697225,0.9175407403639309,0.013770307722134542,0.01768375553841241,0.010413643877510754,4OR8cPdh.jpg
0.009290439162003002,0.01340921119044329,0.008134254085279855,0.0156696718580785,0.013893797915393186,0.9286985287084557,0.01090409708034661,zdu2Zw13.png
0.015433882712336778,0.014197124785951833,0.10316734649677706,0.04701934140255025,0.027921340907823545,0.7817351527039689,0.010525810990591616,W2n52G1r.jpg
0.513391200722962,0.38759234000576914,0.01130722340845607,0.014280832562379695,0.025341852233039218,0.028950957604618827,0.019135593462774957,hgfKArJw.png
0.016340578737812417,0.013225585328448133,0.15602768770323924,0.015187970493264738,0.02437008047160255,0.7609411259945414,0.013906971271091353,DVXTo7I6.png
0.0917368100627475,0.08625074739857454,0.45799552396403964,0.12073972130147496,0.08440085787055648,0.05604391794698754,0.10283242145561929,QlEiR0iG.jpg
0.018214834612231466,0.01489231304386884,0.015508900827921945,0.01570356252128674,0.02171509932501988,0.01977577943117415,0.8941895102384969,vmQ5ocag.png
0.018423111714112626,0.012546352795244003,0.43072534557635594,0.018330156681070325,0.018983623797188397,0.49006506234643316,0.010926347089595643,6walxVK4.jpg
0.9178337366953713,0.01127752748088987,0.010042973045132658,0.013980998917865606,0.014673640953096806,0.01760067609020426,0.014590446817439323,yOU77fDe.png
0.015384605554909633,0.01009810053395382,0.7973473887263771,0.016266353505672532,0.03863619409664892,0.04588304242022601,0.07638431516221184,VYSBSqiL.png
0.909620998334472,0.017660632028662797,0.010976419605763937,0.01439563334872423,0.01716806840637963,0.019066250371758527,0.011111997904239083,X2RZw52N.png
0.923278570401377,0.011471702656085143,0.0072501891346985065,0.014389204609155881,0.015372989347341475,0.015524650427113356,0.012712693424228585,pWnaLPgR.jpg
0.016274317937614365,0.011278943945875036,0.010631384756282372,0.9236547631384081,0.012522818203562722,0.016361085239469914,0.00927668677878762,TkcyO0pK.jpg
0.015314169169598445,0.012282584169708137,0.010988787769029883,0.9140659202149239,0.01617476872341548,0.018312490664876217,0.01286127928844805,wEqxO932.png
0.015616420132805986,0.8983733747929483,0.013855812955428912,0.014680419913576803,0.01569414922137209,0.02194569662500184,0.019834126358866215,PpusvmqU.png
0.01643496664376195,0.011717972605963047,0.011655214959852073,0.019024903467203307,0.01706307468835514,0.02082713184900433,0.9032767357858601,5u5TVLbj.png
0.02026526476778272,0.8947178509365677,0.012299554525124073,0.018572376697979363,0.02016444230600021,0.022235001591703087,0.01174550917484284,05JGzTkN.png
0.01216977933129477,0.017615894448653156,0.012743401642949367,0.011519858970816945,0.013311265567344155,0.9218028435061338,0.010836956532807905,vGWIjnJU.png
0.017867676849600972,0.01434211869322187,0.8951613270440667,0.017213796712012445,0.01843841817797399,0.02238474469497457,0.0145919178281495,RyJnmmhF.png
0.020611684830433262,0.018089338908995212,0.6682912034356401,0.07710990821554278,0.15920539459403665,0.03693788737896836,0.019754582636383668,0N0MItKu.png
0.014167718518804653,0.01755523509772218,0.42668457387812964,0.019782363702831353,0.028549305771320206,0.4677830532980606,0.025477749733131494,4IateSUS.png
0.18954206136724897,0.2973771827554859,0.03637385190809978,0.015982836360975756,0.04302274741730451,0.282817463733232,0.13488385645765305,WrucuNTl.jpg
0.010883936067986748,0.00881140957273498,0.008901978094036735,0.010509713690559034,0.011948074706008494,0.9392351178391903,0.00970977002948359,nrjSuQUI.png
0.9229150372998033,0.020071441927980965,0.00896521720682765,0.010842606218144384,0.012930750915206641,0.014082732554194812,0.010192213877842107,zT9aeQxi.jpg
0.9023643144775841,0.010758031740716961,0.012518418269203146,0.01556084038498667,0.01383205586312666,0.027844486652155546,0.017121852612226866,Q9imR7oT.jpg
0.016499653414168064,0.013731853108775246,0.9000696445606206,0.014913599840456333,0.02010414585195875,0.019378082278879383,0.015303020945141585,c8jZaveK.png
0.019021360000789054,0.9005334453524461,0.011512083890677044,0.015014059946662031,0.013901985808723163,0.02107815440613566,0.01893891059456709,nIhqTJNj.png
0.018555032409216986,0.013550977380308287,0.012536858889407055,0.016586086676131685,0.01959023005690965,0.020488423330455773,0.8986923912575706,lWYdBjrk.png
0.23552669042271215,0.04620935861150157,0.07140146952489856,0.043296684248849096,0.06241064677675788,0.3500486518231679,0.19110649859211276,HUGi0nLM.jpg
0.012060551823633567,0.00983817370123995,0.008339770235413402,0.011513640182557053,0.011141218460830861,0.937284779491805,0.00982186610452031,rErI59dc.png
0.04412270137895311,0.06700541725292274,0.009933989344810204,0.019617141800027015,0.8068524473446438,0.022168690802269873,0.030299612076373272,2yagSjhm.png
0.9266050073413558,0.010003661435320605,0.010071882032983075,0.0125577289024491,0.013925111797404948,0.015469815840935939,0.011366792649550787,h8v2QrgF.png
0.011575344291642479,0.008481146735834165,0.009014661081763232,0.010892544941228984,0.010200310501078166,0.9406187526073035,0.009217239841149426,WayCSImu.png
0.01869818758430048,0.01409960723606131,0.012643179445487141,0.01659037122939714,0.017986546473325822,0.020818693668680374,0.8991634143627477,7VMfcMHI.png
0.0176675785630955,0.01256237970660808,0.011888793764244367,0.9119550686615272,0.015602978092993738,0.017985480175387463,0.01233772103614376,9zGlcdIa.png
0.014891790679259187,0.010937847637140051,0.011106543405769198,0.9178458595897834,0.017464761446339145,0.0165920922410244,0.011161105000684828,s05yO8BP.png
0.04251428412615575,0.4552179926942266,0.08850672936864416,0.08918212922915647,0.05987117338832645,0.07285048414919745,0.19185720704429318,YLBrPsjO.png
0.012889009671232429,0.008512063960953907,0.010933489567860112,0.010245533392181178,0.01214524197501007,0.9368315474672327,0.008443113965529464,TXkxko1i.jpg
0.016663689872945153,0.02537930948266038,0.01293939808476971,0.008890235695264353,0.01692677414032826,0.017950720894110657,0.9012498718299214,95YZVrDD.png
0.012122319666573142,0.009755701325680209,0.008619963670187709,0.010727802421441852,0.012564991299558403,0.9366170542466573,0.00959216736990139,7ckJIDU4.png
0.013301819415659763,0.009616774590929137,0.01162949294252147,0.9248279922517189,0.011728734249836486,0.015676795577670495,0.01321839097166381,loTQb3H7.png
0.01789360186398769,0.01717290752824454,0.8720834774192963,0.0178853098386847,0.022886446127650905,0.03192882885757356,0.020149428364562405,34HKXjV9.png
0.017287716886240936,0.013273673261727043,0.014355372023623112,0.015163071302874373,0.01585376344041197,0.019251113980421796,0.9048152891047007,rZnOMgbJ.png
0.016820154853240236,0.014694680718440318,0.8972384801512167,0.016671063425669926,0.024352706055800685,0.017838474720025515,0.01238444007560668,6W0xinoW.png
0.01776182199097495,0.012634270780246343,0.011407876007211881,0.9133802712761094,0.013759077585402282,0.0179537089215131,0.01310297343854184,BF2a88L9.webp
0.014884295538728262,0.011033865048743055,0.010358966154889179,0.013004824131459444,0.9224142383198632,0.016735838467225105,0.011567972339091724,vdHe3qEg.png
0.015509043497866106,0.011514481824509,0.011515611859102074,0.9151801318227397,0.016562844861596378,0.01804283626080067,0.01167504987338601,nGYbQt8U.png
0.017922104034726057,0.9070944289128358,0.01261741427218709,0.012497183984110953,0.019180363986452377,0.01827871351536861,0.012409791294319017,r7fakC6Y.png
0.018878553962302563,0.01470820769413637,0.8941474886243107,0.017344601315331065,0.01727009786918547,0.023112606262634873,0.01453844427209886,01eMwHuH.png
0.021712431372377904,0.029998992401962334,0.1246914565033046,0.06708559486923568,0.07797794584368022,0.6282115263056613,0.05032205270377802,mzWOtlbp.png
0.9287885694401627,0.009849378832154438,0.009539475432295916,0.011835008702499181,0.013723958325401579,0.014519519271304182,0.011744089996181923,iiCd7aNl.jpg
0.010826286596667668,0.010542201075540047,0.01578709267423244,0.016444286000718917,0.016214091204158006,0.8933974218808197,0.036788620567863285,NjeIgej1.png
0.016400645318313152,0.01344433768298987,0.9016755202046502,0.01611716947093044,0.016424220043321697,0.022491471928500296,0.013446635351294426,r3Ups2lg.png
0.052423895096727825,0.10696948835247641,0.09486727665018965,0.06632058113929624,0.1043060959458471,0.05411599254877051,0.5209966702666924,AQwUoSbi.png
0.027689890322843285,0.04607751386461002,0.02904197795848847,0.01599223363099154,0.0891460568809126,0.02204895836330021,0.7700033689788539,USzzfXaO.png
0.016898025360376847,0.01612177744610189,0.8631889362035496,0.02009311704113441,0.021417410539589943,0.048449513460415025,0.013831219948832334,nWpj5DQ3.png
0.020120835426551558,0.014277572223673133,0.8955322837969033,0.01656208011133366,0.01860411072039969,0.020555480476182084,0.014347637244956487,ak3GwgIz.png
0.01197581688886896,0.009321380890404527,0.008472998722073015,0.011368327758564889,0.012387979986395755,0.9375996544640035,0.008873841289689202,a48ZKsTM.png
0.01067619374772139,0.008322290366240576,0.013799703746192025,0.010985507881089356,0.009747353136463039,0.9369288930502991,0.009540058071994659,3f76p0cH.png
0.017772128566045018,0.011315175550201825,0.012868261365633285,0.9107232399580697,0.017483432482696626,0.018723053447271817,0.01111470863008171,WIzFRrQw.png
0.9286782176248483,0.009947397031455809,0.010683371556452369,0.011420323630826078,0.013914325931961003,0.01525862939742447,0.01009773482703197,t0CUnaq7.png
0.01445442063296,0.012396088958161595,0.009861058118187053,0.9219331047257062,0.014706524847922526,0.01640044981399926,0.010248352903063302,CURsUyvi.jpg
0.018649895095094973,0.013829941634585003,0.012429740264306167,0.01749927654884893,0.022321933558775056,0.021879751301754416,0.8933894615966353,rSIh1IgC.png
0.018103809347777618,0.02061864070521185,0.007001005843822098,0.016429097446858186,0.01621026916221807,0.016201328431743198,0.905435849062369,TSJcHALM.jpg
0.0444486393900253,0.020680366570611865,0.01797285449155511,0.05469146630217321,0.7054286304498315,0.034418916455340044,0.12235912634046289,gxSxzmWq.png
0.01506548088953422,0.013431676228571287,0.8879549275467659,0.018180481756222576,0.01782899304696694,0.030872268812436886,0.016666171719502295,hS8BXVxE.png
0.013849831929309839,0.012079440834936122,0.9093577568460762,0.013087512511580107,0.018947061999723926,0.01879168512908436,0.01388671074928938,FJIb3JJZ.png
0.015902656027963827,0.01246207300955347,0.012244947039072569,0.9114680989414407,0.014661792355284586,0.020322615838569036,0.012937816788115933,103HUaxy.png
0.044016469773957304,0.8884393875846094,0.011105213572697548,0.014992442160173586,0.015425787547582606,0.017893995647177034,0.008126703713802516,KJdY1jWR.jpg
0.01480511922079097,0.010061216750664164,0.13380529149963394,0.013227806320592839,0.013123526032494743,0.8039172320737448,0.011059808102078624,qO6OKcRs.jpg
0.012367950478740567,0.010182589063826528,0.008818821433420818,0.011321983623472929,0.011277714103792668,0.9364845778133517,0.009546363483394738,BpemwSh9.png
0.019547811166251282,0.9012893161638444,0.014136753367194813,0.017499709188350823,0.014537495791742289,0.019870013949015095,0.013118900373601198,XMWlmHYn.webp
0.05088805251662798,0.04078070451439438,0.7507108822685751,0.044293605099653105,0.03541993396343251,0.03129169125154796,0.04661513038576889,cIvpkHsH.jpg
0.011739548354070473,0.01051587790592683,0.008520305881417015,0.01227524463186587,0.0142633777788784,0.9333756471602281,0.009309998287613197,iN8lmlCB.png
0.016334210608370904,0.013197896256529121,0.011777472337177873,0.9114758710746502,0.015294084868982732,0.019742328964215978,0.012178135890073206,YtqTEdMc.png
0.014648948878888688,0.011187785312122613,0.010312800162174273,0.012583199164791045,0.9233960109301533,0.016646221420954725,0.011225034130915437,TsW7zvts.png
0.016135733034583537,0.012580619345678345,0.012362947907870509,0.9194309859561516,0.010663808480218251,0.018084130015927066,0.01074177525957069,Y978qcT3.jpg
0.017098465716614886,0.8954629087029653,0.01282418054646659,0.017073787203292706,0.022780973109011428,0.02123855964049675,0.013521125081152222,RsrT9tlT.png
0.01771497183585486,0.014588853436595797,0.8944894408959252,0.016158389522002457,0.023246015848322615,0.020212977671610757,0.013589350789688124,VEr26nUc.png
0.02677332031593537,0.06924552825479457,0.17571147666929265,0.10204191453855964,0.06461206562080414,0.07248726798466679,0.48912842661594674,fLvo3NSl.png
0.0868400273358482,0.4326255772732729,0.16246212894976322,0.08431530088093936,0.10570949028936952,0.06632574794720311,0.061721727323603814,Kmt3tBTF.png
0.0172901125740776,0.013839642575690921,0.5098267182897553,0.015980963518090995,0.02238669854434361,0.40897402616671774,0.011701838331323744,0yYINh3K.png
0.9268153471087567,0.013914691679000682,0.008390275275835937,0.011112339311446453,0.014879061351284598,0.015130178617521767,0.009758106656153594,JC72Wvwy.png
0.01301251780732266,0.00929715883278931,0.014819398843755837,0.009352233843673351,0.01198832152664223,0.9315656630451846,0.009964706100631918,TCGOSVcJ.png
0.01683727260692846,0.01218813423245519,0.8935928072254908,0.016534278374653086,0.020565678797808136,0.021596857540563917,0.018684971222100454,Kvzj3Pv0.png
0.03574263084592714,0.02701398580985869,0.09881755282766384,0.03329461795397455,0.7231830340357671,0.05569073339902636,0.02625744512778231,33wj8h0R.png
0.018301308296980845,0.896785957217823,0.013669269581523322,0.01584074075793388,0.01970965073634755,0.021075673838245757,0.014617399571145736,yZhMQJBZ.jpg
0.017685316366423846,0.012932103026393934,0.011769297340286847,0.9151798505158016,0.01459276174835283,0.01714611621955498,0.010694554783186093,0GsnAjkh.jpg
0.09741744881623,0.652048631552556,0.023402926346222087,0.14150288292382704,0.01729497920581837,0.02165037440523859,0.04668275675010805,UtmpkmTz.jpg
0.23665873408168872,0.5731923528380466,0.017464070289343457,0.015695084651871718,0.031605600971483155,0.06803625180929843,0.05734790535826786,u18BMse4.jpg
0.01901716888721647,0.015649547394896456,0.8939286446082159,0.01474226674018432,0.02194635463127622,0.022430506330570397,0.012285511407640507,cgrMsZJ8.png
0.03072179193420816,0.03183972424034965,0.4616952504750008,0.027486492182001037,0.04002237377421667,0.3732346150479788,0.034999752346244736,yEwOuwUz.jpg
0.01243248660935128,0.00934951098202745,0.009028657583325625,0.010492815113055996,0.011737335822747753,0.9375869295796182,0.00937226430987372,GtmANNHc.png
0.017068123325781545,0.012535088440306688,0.01154266229192446,0.9175486937048107,0.012181838296497355,0.018804709054110625,0.01031888488656859,FNnSLEoz.jpg
0.010592486109135752,0.008160382580678095,0.007855595907077717,0.01954069451520001,0.9246301573594893,0.017559608969827143,0.011661074558591998,hO5C0YCv.png
0.024083367036382176,0.9081187159048614,0.012855770228728889,0.015524570137966789,0.013081591836289517,0.015396731064772368,0.010939253790998953,WUwowK3j.jpg
0.017625952088273306,0.013174538154493525,0.01310198945589858,0.016703296978640765,0.018534433389103384,0.02206514022097463,0.8987946497126158,g1V2Jf5T.png
0.015080516174737338,0.010954083941744627,0.010490715027876525,0.9152065447738185,0.016227307211979465,0.01766548036111317,0.014375352508730385,G9emTgSa.png
0.011377559452126037,0.009349221495609522,0.09324829689000677,0.010510098397025205,0.012084710498661683,0.8530659586024006,0.010364154664170155,3nA3W49u.jpg
0.022068321237420144,0.015752570847944354,0.01372209260799614,0.7997361155469112,0.11619282272081193,0.02022984308319531,0.012298233955720909,5RITOks4.png
0.017596378405815644,0.013811066015855513,0.013271036312581063,0.01713581456617213,0.018679716532353015,0.019943624444393983,0.8995623637228286,hOmpjJmw.png
0.01798113185491862,0.01390088707763136,0.013152416533272626,0.01626311832231327,0.01871305981147612,0.020277806393589736,0.8997115800067981,3MWxF7cW.png
0.9217840653581859,0.01068015228273048,0.010146284210527216,0.012943021876176183,0.01552157828900845,0.017614992040924655,0.011309905942447157,deHZj2TH.png
0.014543414296010238,0.011766631767622663,0.7827096479982749,0.022060696933124093,0.0372706647991675,0.11278576244507812,0.01886318176072254,0u4WUqfd.png
0.011933927082648508,0.008408083646970932,0.016030520496573757,0.010880506102404338,0.010724571274278305,0.933500245170627,0.0085221462264972,wX7bM0kB.png
0.014623830333063127,0.011635713311423487,0.010766750832398954,0.9153038873140256,0.017273237608796992,0.017540431673571374,0.012856148926720523,08ir1p0K.png
0.018823635293722753,0.014775529946031919,0.012869900443988048,0.01807049114616017,0.01965788273049142,0.025090368974527655,0.8907121914650782,Q0tOdDTQ.png
0.9132519519964315,0.016516703250309323,0.010550700057729904,0.013533275276081622,0.014380394654600559,0.017934115267739578,0.013832859497107438,Cs3YLT81.png
0.017105319759081826,0.8523668479070718,0.012173831608690676,0.05359941438308682,0.02023519564301145,0.022627706812178097,0.021891683886879346,nq6bdC2J.jpg
0.011740355139393586,0.009187566158092273,0.008827825344799475,0.009919396966982602,0.010549943556962043,0.9410394479127703,0.008735464920999733,hSV8sh6t.png
0.9226847289395647,0.012610333016144948,0.00924354908853928,0.01311949591734809,0.014248361523144107,0.016025999617847002,0.012067531897411981,8vFap5BO.png
0.017812347159797397,0.8967392667143059,0.012108719653716023,0.01829112601262601,0.020411698066872604,0.021136183458134068,0.013500658934548113,3sAJUg9D.png
0.01443809869208707,0.01089013287938141,0.00989584475079663,0.013729330709475874,0.9231386831412124,0.016432311045432735,0.01147559878161396,FfhHxvVH.png
0.016424579735170326,0.013211991102231322,0.8998386566370293,0.016110569120164942,0.017891725201392598,0.022031883999687783,0.014490594204323646,5tEuNxV2.png
0.08184042218823141,0.6472576031841426,0.027696959984826058,0.05560567128996628,0.029386497978914784,0.09391469283522354,0.06429815253869527,0QmUSo8n.jpg
0.01636563373538312,0.8921186477752124,0.01537830054112575,0.017630003182445127,0.016948839975547796,0.02141351714471207,0.020145057645573578,WHISm4Km.png
0.0234772019027188,0.021366497386929584,0.847054410796433,0.013307917621861986,0.03157670115151768,0.03412269360997317,0.029094577530565963,MnP02zXP.png
0.013588800986895907,0.009454573803477754,0.010704403855256636,0.9209889362092893,0.018019343203723077,0.016674109306118227,0.010569832635239043,EFM6OYGv.png
0.016688762554545666,0.012613708042852483,0.011960754819934092,0.01597574232199813,0.02130493787286155,0.019274763318947407,0.9021813310688607,6op2Y2yh.png
0.011767006863220157,0.010334312849825333,0.008756533761895875,0.014262786403923552,0.012600539311235327,0.9334962284936232,0.008782592316276504,d7cXQ2Qo.png
0.015683259489084465,0.013678138159474332,0.9032541469840065,0.014488733064572264,0.021936382556990555,0.018438171052808018,0.012521168693063864,323hhBsX.png
0.019955594518176894,0.9047292703293373,0.014201796669047098,0.012894406031723708,0.015322533489636284,0.018838321556748288,0.014058077405330546,GYYGbbBG.png
0.014770711458788896,0.011578541874205732,0.011795625282779805,0.913462849026972,0.016052028314318956,0.017663401136419423,0.014676842906515433,PX3mxCZj.png
0.07086713218286797,0.06855773412757078,0.17400790579970968,0.10902677421606097,0.4428575486854823,0.06394430841077806,0.07073859657753022,LnSqXuEu.png
0.011642221511423124,0.009556333271485496,0.008287680151354039,0.01055797142274905,0.011517121051223309,0.9391305580802669,0.009308114511498038,NOBQTAfI.png
0.020840112217266518,0.013450122492756877,0.013840214079787269,0.01533634379209814,0.01735244723627119,0.022015092192177194,0.8971656679896428,GmgmFkbL.png
0.015747703267643985,0.011707728804974189,0.011225767193097057,0.9168826251247177,0.015399888245850554,0.017629335493558693,0.011406951870157972,rR8Jn0tX.png
0.014267725920548013,0.01667388860013811,0.012044973402641889,0.015169549473289093,0.02138831900411245,0.014448243362978022,0.9060073002362923,JpskgVWZ.png
0.9240754122593436,0.010308673588310169,0.010543782364822517,0.012810632763629395,0.014177561025510505,0.0165192955852505,0.011564642413133389,HAzZ4mgu.png
0.02006244810973236,0.012624409209215943,0.01258412030487413,0.017333263296033602,0.01802242103635795,0.02141394682776362,0.8979593912160226,tcTkCXgy.png
0.011656550545938152,0.010099097844998139,0.3858204582261548,0.009327427279707933,0.016706843857603283,0.5569943183343491,0.009395303911248607,kyWx0ZQy.png
0.9243451136626094,0.011764837316139524,0.009807537739909734,0.013427818995451831,0.014543767087187926,0.016614939812347886,0.009495985386353649,xU9Yyahd.png
0.015091752315356064,0.011462905971578646,0.010478806423988752,0.012324099727951333,0.9237188523980636,0.015609640166196453,0.011313942996865164,GKqjIlWl.png
0.013662487093246911,0.010601432274648798,0.010277204963432792,0.01408922085684668,0.9227936686615955,0.016563029073469293,0.012012957076760195,pfViDMBL.png
0.018441032430362735,0.014188877140498773,0.01366323828047258,0.01567960312925633,0.01901480651209527,0.021234517455423076,0.8977779250518912,EAYCAQ59.png
0.015064399511768462,0.012192472594035976,0.010727395559234125,0.013378522740036963,0.919804535982504,0.017469178556500112,0.011363495055920436,l59U3nzg.png
0.016200800895550024,0.014463233097892658,0.011855184177480528,0.013597136003324076,0.01700099299633822,0.020327387632085962,0.9065552651973287,XYvglGWB.png
0.9236938736065096,0.011865413419001514,0.008778259532892286,0.012423643048830929,0.01390350996995035,0.01752504884173866,0.011810251581076753,2HeVFuqg.png
0.018128519022654895,0.8989112405039931,0.013262923107744734,0.016630010023245923,0.016148954970118333,0.021847193197966276,0.015071159174276608,BqEBJVOi.png
0.08905964375899042,0.7972806020380829,0.01649074099041255,0.03361974650626336,0.022846246444911334,0.025193106252750765,0.015509914008588593,KRx3Vmia.png
0.01531454446878389,0.01293520094468532,0.01144280321981914,0.91136909055451,0.018547178759323966,0.01824740348571758,0.01214377856716017,l4bmCKrg.png
0.011266982569946134,0.009265645312130635,0.010237249492164627,0.008815933237299307,0.011601736176821677,0.9377367982566641,0.011075654954973643,s9WmvGWk.png
0.019029296563351526,0.8905013699575864,0.015211475673312786,0.017422254902320043,0.018076306430727388,0.022942589838489576,0.01681670663421234,KhpaPPC0.png
0.012463886869670144,0.010080898608909306,0.009021406357980525,0.012509519209173712,0.011558418644603205,0.9360333049979411,0.008332565311722,YeQKBE9M.png
0.02935011903331892,0.021171404000768074,0.7348104914847093,0.05577567746837665,0.03276491387202092,0.11215756440318507,0.013969829737621056,kSLTls5b.jpg
0.9240699346531356,0.011008509639003327,0.010542347920217649,0.012858209253754235,0.014839466191792624,0.016376211547510133,0.010305320794586565,43HAydRQ.png
0.012018499488523703,0.008102455204772669,0.008488313264225474,0.00939308600324769,0.011273060166845447,0.9425280273129866,0.008196558559398319,e2cUfICY.png
0.019820049406644603,0.8978456510903365,0.012588351310673448,0.015954710329586334,0.01893976900347113,0.02088176694376411,0.013969701915523913,IQ8kGbtE.png
0.019230289279058458,0.019508117324242378,0.27402485723065106,0.03218581187177698,0.10282968123683285,0.5028357751890761,0.04938546786836216,OIaA5eXo.png
0.015093315737398244,0.01131848104069345,0.011007483092700896,0.012002681370548617,0.9200991968347931,0.017535719576688168,0.012943122347177533,ulIaHLEa.png
0.017269908181393977,0.02064230232537855,0.2129049981109624,0.014114877257949224,0.02198262617833035,0.6799860169987328,0.03309927094725282,91m3Rxef.jpg
0.01824595525084233,0.011612236454933571,0.011416261314408184,0.9156299607763738,0.015459994495617793,0.01858396028964791,0.009051631418176281,cGozUXSG.jpg
0.9198015063747299,0.014041382285983974,0.010225785089897393,0.012025708110203981,0.015844297780537732,0.01698359950607668,0.011077720852570465,1bbYyX22.png
0.018208526383348276,0.895286780231731,0.01483299830586308,0.01662597787109992,0.016519277716686244,0.023138985817510928,0.015387453673760543,89dSOcz7.png
0.01518679958931524,0.012017253761500535,0.01030526092459356,0.9146890559264029,0.016041714422822994,0.018216732290831657,0.013543183084533094,MgAgepYl.png
0.3929173084247924,0.48333467521967466,0.010665491490270743,0.01630361905760363,0.02929480183459049,0.03633377102241932,0.031150332950648806,hqJ103Sp.jpg
0.016400070384176884,0.9010675488416833,0.011984057213652663,0.014879449389973562,0.019681632315211813,0.021835231948439088,0.014152009906862667,D7NbcemQ.png
0.014987092908961741,0.011681430875747098,0.010555383133218504,0.012443980415197503,0.9214889347280917,0.01733244747600321,0.011510730462780585,4X7I7UNx.png
0.016068140028529035,0.011550203260520375,0.011893599039996714,0.9111362928882638,0.018405186686202526,0.019146644118809616,0.011799933977678168,LTy8fniU.png
0.016711406199672336,0.011851417975650513,0.013061709637761546,0.9112861849754816,0.015816218773389828,0.019712297768567755,0.011560764669476429,HI5mb7iB.png
0.02109314138979363,0.8565829521311394,0.02336292202672225,0.021418280916313166,0.027782022171664245,0.028209419003126773,0.02155126236124045,raGbK5Tu.png
0.020907145214796863,0.011624528032844427,0.03648524884797793,0.032431771027222174,0.8660284084707855,0.01688176396505884,0.015641134441314264,P9E70Dmo.png
0.01654072257793587,0.01231460412573096,0.012743433286707934,0.912107266048416,0.0155368431080203,0.018397093165826783,0.012360037687362107,86AuEeEl.png
0.7166609279383024,0.17555632567412444,0.015118290962522063,0.02205543382029847,0.030271829602269335,0.025972576316339514,0.014364615686143714,90fjiYcU.png
0.012512450650560747,0.008698048171020687,0.009509499915266655,0.010266031458707567,0.011306569492492324,0.9385605208431954,0.009146879468756374,PDsak7xf.png
0.012497949598630036,0.009348936051441954,0.010582942198441648,0.011455149204189346,0.014301505924746768,0.9329920117972306,0.008821505225319801,OvOP7g6o.png
0.22347026411677012,0.5975591743917591,0.009326649785630716,0.035369420799627474,0.10293066459113347,0.014291244809889123,0.017052581505189963,qATEq0HP.jpg
0.011261253745528296,0.008099670123889489,0.00877109885624078,0.010731163611671962,0.012808099857504585,0.9388939821181973,0.009434731686967698,EcXKkfB4.png
0.017246389307749105,0.012125496790386481,0.011824767173641977,0.9129249338278701,0.01617602143595812,0.017785985095980766,0.011916406368413658,Pt4L9F8V.png
0.01767081964366253,0.8969644313375437,0.013395095918019906,0.01520247415574513,0.018831276199534272,0.022604354128724073,0.015331548616770458,jTD8Zh8H.png
0.017630199983247403,0.8993956088569515,0.012535522713698996,0.01761596104377845,0.01936363065662082,0.020553889605367883,0.012905187140334898,7dPUZjhP.png
0.017326178223943688,0.014426590159262707,0.011753759930136285,0.018916874880116306,0.017667491280539266,0.02175524054268496,0.8981538649833167,S6L0aYU5.png
0.017238134293781706,0.03003405845582626,0.0941032690239165,0.05539091993542368,0.039596188716195316,0.7460251862647422,0.017612243310114333,oMiIYb91.jpg
0.012693999450599455,0.008679860679468137,0.009855490070157565,0.01102136359780494,0.011974218629020383,0.9364105091145053,0.009364558458444215,OkORWxGB.png
0.014501071223165674,0.01115300551983525,0.010470389395616276,0.01357360646178068,0.9223335123296852,0.01710004116393683,0.010868373905979993,fNNSh4tQ.png
0.9189047317893758,0.01481638260806308,0.009923100676067578,0.013561408459291057,0.014933880118516697,0.01733164294735544,0.010528853401330418,pZsW1GoY.jpg
0.9196225481014881,0.01456518905375028,0.009769928660416854,0.01400978782379288,0.014518432611996252,0.01702126755213785,0.010492846196417634,hSxVaXor.jpg
0.012467460586675087,0.008665755791177624,0.016618229671467265,0.010681603311470767,0.011489615742881102,0.9296848098242514,0.010392525072076764,fCHu0AYO.jpg
0.043435799316140056,0.6600447020891613,0.02614755660655558,0.020000663635355423,0.0387215333338297,0.04199641467941112,0.16965333033954677,fgVE5ccy.png
0.9299773902523703,0.01100040387872735,0.008629070288852639,0.012707895978414475,0.013938374632126849,0.013802161107390043,0.009944703862118199,myxkjkgQ.webp
0.016090643101854644,0.011966981154968727,0.010044758280782507,0.9196639924645578,0.013640147162588743,0.016936031521675242,0.011657446313572283,OEWabCe7.jpg
0.01513643650056568,0.012219239822620354,0.012256531599206694,0.913022815249828,0.016061878143642704,0.018168022256553357,0.013135076427583376,Qdwfb3Ge.png
0.02204569143959417,0.8918899865039457,0.01303119301436029,0.016944469132243893,0.021900411827792003,0.022045320495415778,0.012142927586648231,jmtUqfDV.png
0.01938718714446731,0.013975678183209824,0.823328967748904,0.0170613663469413,0.019986507964316388,0.09062030357504167,0.015639989037119485,nwCtXeZ4.png
0.03102663812732444,0.07913006247367829,0.009265281878156364,0.012804238769041918,0.8196951147632939,0.02841159210400169,0.01966707188450333,z2vsKyPU.jpg
0.05484153659280007,0.2560418297940913,0.07514447240879289,0.12086326957464244,0.18066981014814337,0.06531659661754594,0.24712248486398408,kYXFycIv.png
0.021601234618335793,0.014766659590108356,0.7828967475182562,0.021297933498531235,0.014819255965107348,0.12850347588218516,0.016114692927475898,CXBsxs5B.png
0.4668716883246381,0.2657933182510871,0.010815267228289759,0.05175117816171532,0.054229153406429975,0.08004507787270516,0.07049431675513448,Orjz0RPU.jpg
0.01492579770192903,0.012215823203792638,0.010218765273248392,0.9142137845442905,0.016209286795450435,0.01881360261728291,0.013402939864005942,J1ixlQWm.png
0.03252839694015685,0.33440931876909125,0.04843800155483377,0.01628369011426701,0.05589099692501055,0.02484955791679465,0.48760003777984584,kVmtA8MR.png
0.46270925637446714,0.06835432998614058,0.16298133697805423,0.07780175493530858,0.0933693519499626,0.06854454815078695,0.06623942162527985,d1ToAyba.png
0.024775097084607324,0.044274532850819774,0.45598645559440343,0.2520372636610698,0.08924415378135848,0.0960156513343827,0.03766684569335845,lPzv5eqY.png
0.9249557806074753,0.009838698438781785,0.010278417586976422,0.012896981229801338,0.014551365382880075,0.016688880762793245,0.010789875991292037,pku4lkFa.png
0.015119230613342468,0.012282434708801955,0.010595622660457379,0.9167584453951212,0.01523746446261437,0.01839171757424576,0.011615084585416649,RUb8zlTE.png
0.01947606967439039,0.01387856465157811,0.014510053382853966,0.01830885823132184,0.018908115485074015,0.021978534707775534,0.8929398038670062,Oys3soEI.png
0.013583051503423867,0.010516343026244882,0.010129968169574262,0.012816501839434885,0.9236681939435242,0.01768193751227268,0.011604004005525251,reA9BLpu.png
0.01472597287516727,0.011566236619214932,0.010634613296573028,0.011651138206148683,0.9249961597775492,0.016160984372804128,0.01026489485254271,OiiDyhUF.png
0.013655127572154233,0.011123377739112626,0.012183321628106132,0.9198807920169052,0.011563752686606286,0.016985675444760796,0.014607952912354737,i3He2y1Y.png
0.04592694879228925,0.03571232465673456,0.13941948803781123,0.09678329753714651,0.571257044514414,0.04360851404336279,0.06729238241824162,J7G57bTW.png
0.03446606111202649,0.022643178962478274,0.14518919059907814,0.028181405485673383,0.04222525232016096,0.705492686870653,0.02180222464992972,uRe54tg1.png
0.039611646416585156,0.8838955876702963,0.012599120949013363,0.01613883968558776,0.013352845870922827,0.02039161914269017,0.014010340264904572,phH6CAnL.jpg
0.01408285839339903,0.04499264623204656,0.009860611659754642,0.8933534914674631,0.008861422336936361,0.014502164839369303,0.014346805071030927,SagDWqdN.png
0.01843262088404378,0.8978065553532606,0.013485876278499342,0.016115816059522635,0.01793208547602996,0.020556593728160936,0.01567045222048269,niyHlOIV.png
0.01727788783709969,0.013560380700231814,0.01234150927460274,0.01855571833844443,0.016632350784050124,0.02133305044641987,0.9002991026191512,mS4vyvre.png
0.018411473279311235,0.8996328996768165,0.012972254405144535,0.01575669527424544,0.0187249091885144,0.021048473336777663,0.013453294839190328,VE3D743t.png
0.01735657655011034,0.012072989797059213,0.011577810625807542,0.9142600890260916,0.012121064639231205,0.018936537333641874,0.013674932028058306,a5zGM5iK.jpg
0.012395717404939107,0.00967229988439843,0.008235256987971472,0.013489080741186696,0.013723408705029347,0.9336241440416057,0.00886009223486925,Q2NwIzMD.png
0.011780518017665987,0.009241043560851083,0.009138213628840004,0.01019646821931756,0.012313306338500897,0.9365815261595696,0.010748924075255057,98PJUOnr.png
0.012121930816233658,0.010117005339754553,0.009061453544766049,0.011025993474936702,0.013879388496097328,0.9340642595663823,0.009729968761829386,LOM2Cl5C.png
0.017425089097896272,0.013252436083591234,0.8932628710697909,0.01723071217408292,0.02155090169756571,0.02196853950641532,0.015309450370657816,ZyfCy8J2.png
0.037645358034299706,0.7624209454821296,0.05285583465582522,0.04051065474345353,0.034451840853732506,0.040636903953518225,0.031478462277041194,s53qLnER.png
0.9171372570950223,0.027655273332379732,0.007453556542115339,0.01151832388357037,0.013362080555691594,0.013407983344246177,0.009465525246974702,oam3a8sH.png
0.042552912287477776,0.6440448785176361,0.05835453492892306,0.05306291893938213,0.05555182342555458,0.04319593012441023,0.10323700177661613,QXGCGLVW.png
0.9220962652302056,0.009982685423787704,0.010052783452423638,0.01334476831390117,0.015254910502521344,0.017593256409303502,0.011675330667857213,XTddzS4X.png
0.7549153105877441,0.09289597451000084,0.014690685434775499,0.026193599018680402,0.04661271192592052,0.027061283118421313,0.0376304354044575,731K7Cai.jpg
0.9246779939132057,0.011052200809303631,0.010516737302516246,0.012506983452868001,0.013985622925863686,0.016277069867924217,0.010983391728318463,7TmjWUdk.png
0.05125121550393956,0.04264058775053251,0.44418405691500745,0.02427488194695899,0.031640266295932744,0.35297890071605764,0.05303009087157097,dUllUsCz.jpg
0.03074355660017316,0.021396416739630154,0.10293973354714799,0.027356574501068338,0.7571763462998847,0.03674504155134116,0.02364233076075458,jK32E0JD.png
0.019034867751890054,0.0074769786581084605,0.00918548412719462,0.0591128218360627,0.8777930653494541,0.01448283634244826,0.012913945934841808,feCJMsmX.png
0.01497344167286901,0.011037667359874076,0.010503017838727799,0.012952999469266303,0.9204778637192419,0.017221280038185786,0.012833729901834979,h5nYoAdw.png
0.015058524359750972,0.012750899241547892,0.010929029938976511,0.9193530509970325,0.014796812941269666,0.016554295161010597,0.010557387360411865,Hv8tHeqB.png
0.018961199503938146,0.897289837874856,0.012344808587343692,0.016131871592393,0.01844602813463318,0.021926109743787364,0.014900144563048659,tQWUm1oA.png
0.01619385187918765,0.012858362781413609,0.01277998774165861,0.9103194448491297,0.0158250678337876,0.019610966418306102,0.012412318496516615,RbxPyn4x.png
0.9253582148722794,0.009878558194264506,0.010518453811391468,0.012717872166267607,0.013810661800170421,0.016305316430216255,0.011410922725410345,QFfZe8ew.png
0.01642107384027456,0.014674151140368802,0.8977795937434345,0.016906141130744946,0.018369873605152957,0.02256321676389899,0.013285949776125133,Tv6WAzx4.png
0.05556658688557429,0.0786132143583088,0.27224248022666264,0.41086026624958,0.047978347937140675,0.06717971565825977,0.06755938868447389,54J05dmZ.png
0.015002955152031741,0.011453933575359083,0.011506061267673664,0.9171267640183558,0.014610008115646616,0.01746372850669838,0.012836549364234512,I29sCR8B.png
0.024139181677232245,0.019067903272153193,0.012279351944441881,0.0359621311630955,0.022970935150524657,0.017479563214411756,0.8681009335781408,edRKaasR.jpg
0.01769775024631546,0.020894709752436205,0.845872484561984,0.017304667023450095,0.02422723285827911,0.04176432667352315,0.03223882888401185,UnICwyqg.png
0.22710339867193013,0.6733255998712303,0.009139836478726173,0.013815396653056092,0.024732817165417222,0.032622980372884025,0.019259970786756005,JYfbeH12.jpg
0.05665802945647691,0.048885574584506375,0.22406517348560623,0.3812766883282941,0.15540315126558418,0.07101681119934847,0.06269457168018375,Ky0oQWpj.png
0.017683695732145017,0.8910295499389935,0.014276342972185833,0.018788899052849396,0.021711751264130802,0.02302681921814595,0.01348294182154946,ChZIBpdG.png
0.014435678454642059,0.012356933106179174,0.012653309802351787,0.9177403176043996,0.016906264338766103,0.016998826092167497,0.008908670601493867,VuSyev7a.png
0.01823166278635758,0.013178041989516734,0.012333220065841838,0.015344653074740349,0.01969178329701938,0.019945682800801785,0.9012749559857223,okSu4ciV.png
0.017837241130869753,0.01415795004835077,0.8921022902320169,0.015862738493597105,0.018174006954591967,0.027538356654352607,0.014327416486220833,CXBUMBFn.png
0.0146774048526031,0.013348469691703658,0.8906952561255717,0.01771757894612047,0.022134567785943755,0.024787504153037924,0.016639218445019616,KewGrZpD.png
0.011597103688779866,0.009746232837487033,0.0100538983481573,0.010808227734171512,0.011735739977856272,0.9360006930080974,0.010058104405450604,0RAnFoKU.png
0.014242175983796495,0.012061693290800583,0.010566262908985538,0.9126151206748011,0.01903033217529497,0.018351681977558137,0.013132732988763312,P9JfVGGD.png
0.923625004695485,0.01050962241105517,0.01007476357261748,0.012072052782477746,0.01670536639315985,0.016457595627050767,0.010555594518154028,DaAz8lL4.png
0.015983293397959765,0.9002681381988736,0.013034188778644377,0.01690793721782169,0.01454278858078697,0.02246184544361114,0.016801808382302552,nRdhCMHl.png
0.016941324651409476,0.013118131987704163,0.012796987445319588,0.019098314888048383,0.018838345101586256,0.021748710393246093,0.8974581855326861,Zi7kJrQs.png
0.012242522136383223,0.008726921687283219,0.009186886553910598,0.008816874680518524,0.012374605630633927,0.9400665013905767,0.008585687920693792,JyGnx4Yb.png
0.01807022036810438,0.013127789665923892,0.012591507090282884,0.016963883264743934,0.01895439928412531,0.01923560548313307,0.9010565948436865,dPgoqmRa.png
0.01593631473751673,0.8983937774252372,0.011283471021240806,0.016968026833522522,0.020889525280746425,0.018898963216525448,0.017629921485210726,qDDmJZ7z.png
0.019056154931064846,0.012243617258437391,0.012315687267554247,0.016005336506423006,0.017718762436246222,0.01922544519625594,0.9034349964040184,Whk8ayUq.png
0.014306098675484252,0.00940529306634581,0.005670917912379935,0.020037953736704615,0.9256477629556479,0.014036401141908416,0.010895572511529075,MCWevjoy.jpg
0.015191939212539644,0.01053447148797835,0.012578188820336511,0.9159898335678,0.016859813809115477,0.016475361704666753,0.01237039139756348,lKlzHcor.png
0.015176959298617027,0.013310657171821238,0.8034309428108912,0.016360028915624495,0.019807683794520074,0.11728678152458631,0.014626946483939484,oal4ko2F.png
0.013935853907254606,0.9051765195283356,0.010560254069035338,0.013652451960755995,0.015643455637484566,0.01935492538255427,0.021676539514579603,tKOzQYKm.png
0.014356334263829523,0.02328447265686371,0.7366823018643435,0.052940140884393264,0.027493126743354517,0.12997594048370853,0.015267683103507035,59tDe5Gv.webp
0.018509070003439633,0.012920682531928223,0.8830965240029979,0.01741615010829235,0.028859074169147632,0.025460056990531426,0.013738442193662942,oGT8HWEq.png
0.018190213283451266,0.013725947370498214,0.01254706273959009,0.016038190785598653,0.015605090256771684,0.020179252220085424,0.9037142433440047,JlYULXkv.png
0.012287971488178753,0.01040797699453408,0.010554123978491115,0.013434739437870638,0.013647474534345328,0.9309833830809895,0.008684330485590605,6VezOnWn.jpg
0.01794480972279564,0.01404280503876679,0.01363757794022713,0.014636499316722104,0.019543935206082688,0.020380724219349406,0.8998136485560562,wxpzk5d3.png
0.7877463884698207,0.11105822649992829,0.014915310435572862,0.01902217805964056,0.024731764561463233,0.028681033488695228,0.013845098484879173,AnSP4JJ3.jpg
0.015363458335874608,0.011336479717326188,0.011797247908017143,0.9156248138470205,0.014423122333546349,0.019570457039697342,0.011884420818517913,nGWPVJWU.png
0.015467792394520428,0.010973989322602299,0.012291915505043332,0.010945636027830325,0.9241303775740357,0.01515783384764455,0.011032455328323263,vMXZNRut.png
0.056189403684713736,0.6734568431357564,0.06119600589344291,0.03611990043568246,0.10306176478462903,0.04583954665381787,0.024136535411957708,oU4Afjm0.png
0.017699034722399254,0.01407291517523306,0.8962023944508672,0.01632457597554118,0.018040811435376846,0.024153774166774798,0.013506494073807471,xLY3M8f5.png
0.013939435700087988,0.01202275391415233,0.8847151306922857,0.01443448875027328,0.020739386078286428,0.03060622458111909,0.023542580283795224,1nxydDHq.png
0.018442932415917865,0.015995669309343506,0.023379483095224897,0.0872142598679409,0.8077430477716975,0.022830779398746753,0.024393828141128567,Dhgw3OD7.png
0.018716983238795653,0.8973946591895354,0.0139386726243614,0.01590178257076658,0.018505085275786596,0.02107584351074572,0.014466973590008652,3mAvzleS.png
0.014722680223401261,0.016611377465147074,0.013062904137277434,0.014976991863225524,0.015000921786202165,0.020761056750895714,0.9048640677738506,im6uI6sb.png
0.02356332808129743,0.01653166793178066,0.5358035035064483,0.017674137124261646,0.029150917081387083,0.3603144070791201,0.01696203919570477,zEYv6W21.png
0.025075717210462745,0.016770317974195734,0.7738079735552331,0.013034432996741604,0.02337302849064944,0.13226643015588344,0.015672099616833968,aCi9dvle.png
0.016471259130186836,0.010510722796679714,0.012186194200366322,0.9125069577453196,0.016711316344987844,0.02005712878013204,0.011556421002327505,j4rJdmko.png
0.01862779619287315,0.014141032228542025,0.013144117877178285,0.016833478010346566,0.021220195050258774,0.021884886052424574,0.8941484945883765,TZ1ueTRt.png
0.013989601274440693,0.012351192516766302,0.012681308663066914,0.9192127528180059,0.01370797251656368,0.016009353753996966,0.012047818457159508,hel3KOlu.png
0.015219406967411258,0.011391620811862851,0.2582261331929242,0.020955678993874675,0.012645588040535732,0.6707377814598187,0.010823790533572807,Krjvxple.jpg
0.015845597653741265,0.0156275514106484,0.895310790030176,0.012619468308855162,0.025885419631146534,0.022089342494019885,0.012621830471412984,0b658G9J.png
0.016522781087535722,0.012004243434981219,0.887110758560383,0.016399383317189865,0.025489749289532106,0.028033777473526207,0.014439306836851828,4MUwwG4m.png
0.015022849732767744,0.017788433382294876,0.016211097196226848,0.02511052384105114,0.029599911786505024,0.022977975293317993,0.8732892087678363,LWZ0IOje.png
0.011496526454431142,0.010223754554168905,0.00895432164324045,0.012019793748956951,0.013890945011049316,0.9337097640196935,0.009704894568459745,G7edH2Ra.png
0.018900761356099874,0.015285442874755865,0.900218031962941,0.015423383326499982,0.020781827988800038,0.018473709896699626,0.010916842594203585,GtRD7Rmf.png
0.012514778744265783,0.014772745672538074,0.534068576022726,0.01780319798230836,0.017884130929691246,0.3919407391579485,0.011015831490522095,dfssXIo8.jpg
0.012453929138973705,0.00829040714826751,0.017958453036421063,0.0086804979522849,0.01274945316009277,0.930120149759652,0.009747109804308044,cln7Plo6.png
0.9267848288194811,0.009340527539893168,0.009393650086349913,0.013798956532120996,0.01262917132364923,0.015962010784658386,0.012090854913847336,OeILLbO4.jpg
0.9223922273997818,0.010226268371462609,0.011113574874961951,0.013044216441164528,0.014915313155885934,0.01726521400329483,0.011043185753448308,ZaYgfQQL.png
0.026404529534663358,0.03849305156539573,0.13480021376231388,0.017976657130968444,0.11360616420171503,0.6318208826042033,0.03689850120074018,KbrCt83X.png
0.034890283593639985,0.03584752149295227,0.476905852620679,0.022731505716037752,0.028407878105178058,0.3570480941476155,0.0441688643238973,bn00IwdS.jpg
0.017554836065292827,0.013934961367714277,0.8981261724108334,0.014715304492255842,0.02275468819221018,0.020987801153821404,0.011926236317871904,DcbTyhLk.png
0.01759462411200391,0.014878154334449523,0.8945722256951883,0.014867364558069196,0.01904967328280565,0.02655178932529908,0.01248616869218425,qi2VSDd6.png
0.017373901903836444,0.9004699056041077,0.01385797324666147,0.01614984005587052,0.017473511347035307,0.020437510097169837,0.014237357745319002,pqtG762h.png
0.018409551447734037,0.8950592302233937,0.013999895199320388,0.01645350860617675,0.015635401858446765,0.021843191833678756,0.018599220831249492,b4mplqNJ.png
0.02088294271892182,0.896523076471512,0.013172798295731352,0.01755701779112124,0.015462012459243913,0.02127820331338861,0.015123948950081133,KEBMdQDz.jpg
0.017202916396131064,0.8952352288507688,0.013408174560638947,0.015419652079692115,0.017581370755204755,0.021071305688739526,0.020081351668824805,OQWkQ4vH.png
0.01763013602619262,0.9028447206334898,0.011175556024202395,0.016666181918684762,0.018644128948831114,0.020667391167224446,0.01237188528137501,uiAFa39T.png
0.2369777951452987,0.22966592754897325,0.10722522555179011,0.2267408922990259,0.0868161797513923,0.04419663546096767,0.06837734424255215,u8gRNSJu.jpg
0.015249817411975352,0.01163155068943111,0.012961547902809853,0.911036312754098,0.01886877577556619,0.018180703516332285,0.012071291949787243,oI6wrK4S.png
0.014996259066885778,0.011668829004375107,0.011056315357406086,0.9133230667450285,0.015856305347037674,0.017956049766021408,0.015143174713245503,WvFIkFHu.png
0.013535849084093946,0.011736385587030032,0.7442316498626023,0.01380964979534155,0.016294638877060095,0.18019382123761468,0.020198005556257406,KR5EpRnz.png
0.0161330534762464,0.009211444327934203,0.01606667681201765,0.010136671035876642,0.012956831977855724,0.9240775875273218,0.011417734842747482,4Pc0Kc1p.jpg
0.020678844549341414,0.8965445932754484,0.014791072439228553,0.01718682673116679,0.014019000015250322,0.021784059070641147,0.014995603918923451,eiFKAMFN.png
0.01760654690022817,0.015056546639612315,0.8922205143121984,0.017133868735465362,0.020769994438802834,0.023485791445155283,0.013726737528537744,VKy7LWsI.png
0.01899544210487485,0.8953069496868358,0.014197328156006097,0.018061163404580423,0.020224991857825707,0.020773618599742305,0.012440506190134919,dng6mbzW.png
0.012778987928074154,0.010533554220481103,0.00971782593400234,0.9254774387769723,0.01638900523854469,0.015056934123561105,0.010046253778364158,XOb5w4Tj.jpg
0.048299662338822755,0.0544332057284455,0.22041679157242525,0.2445985226819265,0.29752211975417386,0.051280931640867555,0.08344876628333864,du6bZvPZ.png
0.015866889110777837,0.012238746441417649,0.011097224758636115,0.9141893528911307,0.015779989785449547,0.01954842988524797,0.011279367127340092,yhu5vLZ2.png
0.013262196885535945,0.008022661425481876,0.006862992649989473,0.014454352126796442,0.9340133376903934,0.012545160327995016,0.010839298893807928,dZIHQ6IO.jpg
0.019438831894597667,0.8961351723265402,0.015677404074725638,0.015589868945194226,0.01882456605422796,0.02087773361024954,0.013456423094464695,pvGzanwP.png
0.04214387127893093,0.032431161451208876,0.12772044124845525,0.5347661571119443,0.18262975188566313,0.04884045107908615,0.03146816594471128,Sto0xADH.png
0.017890962744214155,0.895163940911352,0.014307014819213107,0.01727233855243831,0.017101917417529942,0.021862300480870414,0.016401525074382098,h5xnSsJF.png
0.010930036687175676,0.009470909161476419,0.008626039088816874,0.013277308590202952,0.0120088513362403,0.9365304651183705,0.009156390017717342,Z6ZSedJs.png
0.01232302922017102,0.00952590284814744,0.009180819469081286,0.010716809952801946,0.011913369373706033,0.937231670070843,0.009108399065249425,0Be8uAsz.png
0.014598346027036626,0.010808923331783791,0.011071751517427652,0.9187051585901184,0.01775920139747692,0.016627941678061548,0.010428677458095188,9KzA3sXY.png
0.012302807991273729,0.008307629906560142,0.009603407897755458,0.008777774120648809,0.010346454664203397,0.9417534733446834,0.00890845207487519,rZpMW2CH.png
0.017511704776242504,0.9027694285056607,0.011304631446967993,0.01801678944785831,0.01933684745400877,0.01846708284710807,0.012593515522153773,87cOoBaA.png
0.015322279889889153,0.010695057140767125,0.01069978311399026,0.9253181202314797,0.011885308334530612,0.017171559117152298,0.008907892172190679,PgHL2J1Y.jpg
0.021876297110806627,0.027015848162841898,0.1557982846775473,0.03486303012478633,0.018320076047131584,0.7259284053124374,0.01619805856444878,NHCgSr47.jpg
0.015292661019090843,0.010473588660254562,0.010395528168515796,0.9159922149257909,0.015216728699089715,0.018103611089468778,0.014525667437789411,EtYbzPDr.png
0.01189288452468367,0.008533398948897528,0.00994776313954858,0.009519146014675735,0.010133416454739972,0.9421634636696773,0.007809927247777187,8a3JTa3q.png
0.019056881043204917,0.01288234145174096,0.011951346168983516,0.015854059576638865,0.01882984250760714,0.019268066102333867,0.9021574631494909,MgJkaaVi.png
0.017893757603403556,0.015396768818205592,0.8902328357863546,0.016309574499654863,0.020534843059481975,0.024248613385700366,0.015383606847199211,fCvfu7Us.png
0.014322668128060045,0.012998751791591328,0.010181827033766137,0.9181116832978132,0.01592787375146473,0.01753111923794055,0.010926076759364087,81HeWJBq.png
0.014803106113718956,0.167269224483847,0.015407741990818697,0.010973597019575038,0.0302959767238014,0.01981562356751006,0.7414347301007289,qAqrMJcb.png
0.01847365745664197,0.013189680059884152,0.8885979180083922,0.01689364803661726,0.025207319778586375,0.023336827974079856,0.014300948685798131,Ipz3NlA5.png
0.017360150085067905,0.892843169803851,0.013563557445717977,0.019513481078442245,0.015800416731053125,0.022138230094890306,0.01878099476097749,YuvQpaWw.png
0.01571262358689051,0.012346359532132993,0.012159702917287263,0.020147668385743,0.9084092651664717,0.019799619444827922,0.011424760966646656,XVc6dD9e.png
0.9247740204899838,0.010477292279590886,0.01036471794786918,0.013214392681141865,0.013504743750987914,0.01615467438050667,0.011510158469919794,0gywkqZS.png
0.013021153775500578,0.010947687687238545,0.011413123384094078,0.918304355134928,0.018836652050313075,0.016189010936709495,0.011288017031216091,kdvH7v80.png
0.021404312431186876,0.06207843146037132,0.01651006229485714,0.018792504577507717,0.041674239644071985,0.027291103813898578,0.8122493457781064,47iZwzAU.png
0.047453449880617664,0.20665975271442855,0.061889097256636584,0.16179742894250307,0.10679631214490992,0.37138386148810776,0.044020097572796554,40oY2xIY.jpg
0.019327003986658826,0.8969163825616967,0.012269732273863585,0.016219008769936268,0.018846178459098938,0.02177145881872933,0.01465023513001644,EVa764br.png
0.4426139533752848,0.3982080836555724,0.0235279652021129,0.02577139741592955,0.045208929375982546,0.039417790559410984,0.02525188041570678,8suclccs.png
0.017195856485277775,0.012730146494652123,0.010969128196228,0.9151122423637433,0.014099334732464303,0.017574875084872533,0.012318416642762042,BNarjjGj.png
0.010934973019530687,0.0103610892194133,0.008080676509648057,0.011963237155742837,0.011685098326776406,0.9378994262017372,0.009075499567151396,vzYKFY2J.png
0.03943988906053814,0.8798239767090885,0.01360701780321753,0.016601304545422753,0.019214202561394313,0.021873097334456425,0.009440511985882319,uZCXeRsn.jpg
0.01830158196149246,0.023990706746657382,0.7529266055814751,0.035423305486317995,0.05696976162391211,0.07663728412747274,0.035750754472672175,7O7h7FxL.png
0.01494074866703667,0.021726711652130578,0.009345326570941722,0.01624085086787017,0.016600634065588003,0.02103250646157751,0.9001132217148553,hiiIL22I.jpg
0.017901026550153857,0.8984300265962186,0.012197585954730621,0.015936564818922458,0.01921656783323736,0.022622821294019786,0.013695406952717353,ZyABnADj.png
0.02269306219910283,0.023804423712710205,0.009714206229078325,0.012547876786691997,0.02489065254739932,0.017344928352011662,0.8890048501730057,PQQXgTWv.png
0.014946184609005212,0.013845326024880788,0.011778232971202644,0.9204356980611179,0.011534833751300053,0.018811508663741164,0.008648215918752427,bVqDZDkZ.jpg
0.016918112327282107,0.014203653446539006,0.011242115444266764,0.911163920904093,0.015587379507282548,0.01850928830210247,0.012375530068434028,cOV7dwV9.png
0.017611841297381577,0.014491452431841977,0.013841315375877034,0.01312644644496025,0.02214571836615338,0.017141784382958707,0.901641441700827,VHglU5tG.png
0.018811018355672303,0.014011053265307105,0.887250334217252,0.017646292627669098,0.02145580786003819,0.025943284499851532,0.014882209174209696,eizJ5AcS.png
0.015657747888218783,0.0127401118060138,0.011542098920701318,0.9136200489089784,0.015535882385286675,0.019037946842474666,0.011866163248326244,Cz8bkDL2.png
0.018643440881282572,0.014891976296123747,0.8686026099610255,0.019661723619528306,0.035863142040356996,0.02534645711606604,0.016990650085617044,v977Z2zw.png
0.013562681094292364,0.011804880275445361,0.022032778922534267,0.014615296613214868,0.013301357018723526,0.9132595829280594,0.011423423147730127,NlR91Rwp.webp
0.011654290443668915,0.009696286537324027,0.011570407680739737,0.011952300816930456,0.01284551253811922,0.9338015259920759,0.008479675991141624,nifwsZzJ.png
0.0210651857651272,0.01673523176231335,0.8077908888679239,0.023431504303633017,0.019923960139748426,0.0950971375892827,0.015956091571971334,w3IjrsOh.jpg
0.01728354085529838,0.014189080149653772,0.01190534307289889,0.9046824164515236,0.01800414020042395,0.020979642095744266,0.012955837174457219,YpHPQVh6.png
0.01473706783912997,0.013483094353214101,0.04207014259268632,0.010029591388284154,0.010143551007930105,0.899696420487191,0.009840132331564362,JPtO2j4w.jpg
0.01790198373083575,0.896179669221693,0.013194100613154746,0.02003685487719499,0.019552105814718647,0.02089569057986974,0.012239595162533094,v4Nqvjpm.png
0.017953252680634614,0.8994787201608088,0.013538358564710893,0.015631592474756106,0.018105085082084443,0.02084106578032319,0.014451925256682046,VgWTSZGj.png
0.011129842193354177,0.010368912160424102,0.008676674504987512,0.014147428924084497,0.011606270542987067,0.9363028211425982,0.007768050531564437,gB3m7wJI.png
0.06239466259980688,0.06501190955054634,0.10384826974593579,0.1733953493479617,0.4154972487230558,0.07184452821667822,0.10800803181601519,HGqtBqjD.png
0.01843714150924244,0.012927949220040397,0.01348488890322356,0.016396531444771944,0.01997931568189819,0.02122306930353244,0.897551103937291,NNhdDS0q.png
0.0173575805701489,0.01388183489469513,0.01430954997897858,0.014733327528278852,0.016791226504826597,0.019320909845679888,0.903605570677392,Ox0GYt25.png
0.024665556784851793,0.02046610711154513,0.3701301564544642,0.02536076089341342,0.03778038214747674,0.48210081787693665,0.03949621873131209,AWadd36B.png
0.02061085336809419,0.01728835760032933,0.012675586028252878,0.8853765694290928,0.03618860891819483,0.017100155310747944,0.010759869345287915,0PyAzQHo.png
0.01694244479149209,0.013974725634044042,0.013723291376828237,0.014628277644236349,0.015477773894905126,0.019568324730517263,0.9056851619279769,Xvvd7Ac1.png
0.013343479793440577,0.014145256751387692,0.012666903194594025,0.017603813146031363,0.9096839903561204,0.016667487358194476,0.015889069400231427,OTGZSY5w.png
0.017600492470439003,0.012304916534647034,0.49295425764428363,0.02109299607850994,0.01899943805765567,0.4250696459664408,0.011978253248023985,XHbRwo0Z.jpg
0.021075123408727844,0.9000713763079459,0.012648935147294432,0.015505791165088018,0.01703498707328675,0.020388770193044078,0.013275016704612948,m2kSqjTS.png
0.017908455036060516,0.01077525060060872,0.012132425067040492,0.016677274768154803,0.013997049095987202,0.015638976868168307,0.91287056856398,uKjRsBx4.png
0.015079898194145255,0.011430447984335962,0.010982922701459978,0.9158572069971609,0.01668134480800326,0.017272441680719168,0.012695737634175497,RehnVJdJ.png
0.9175608641383718,0.012348069698526767,0.008741309259105141,0.014701973738072822,0.016127197128086405,0.016413717347393855,0.014106868690443187,jqjMd0Yx.png
0.013016912846325852,0.009656884182624918,0.010642800408713755,0.009173567116225492,0.011419444491173358,0.9365416198764237,0.00954877107851285,R1SZovgr.png
0.016465647817495647,0.018975577014812887,0.841373444208039,0.019608062525965503,0.01803441653080613,0.0724687914733288,0.01307406042955204,wNwpg3Ar.jpg
0.03529531614956729,0.7761932519159318,0.04367177942769769,0.03229484193696142,0.042978798858865734,0.042833100970750194,0.026732910740225973,tSvo48rE.png
0.01526579125682515,0.011882189761263073,0.012334306175282627,0.9137099005350715,0.014403485767803457,0.018708444813938397,0.013695881689815984,YIMADrYw.png
0.014747397435884473,0.011538660864089093,0.010570974126352392,0.01241106021682994,0.9229618004529534,0.01658524981457634,0.011184857089314309,et1jPHue.png
0.014773403921858061,0.011703507569557453,0.021748173399110064,0.011381378682613066,0.013224924118229226,0.9159709434263841,0.011197668882247932,eSQjEze4.jpg
0.01602014760850578,0.014986606927208383,0.8691849111082618,0.02269346146228533,0.023805301579978976,0.039993094012979936,0.013316477300779821,SMVfGAZD.png
0.0187963673181477,0.9004307434458745,0.011606079984819028,0.01923636227143396,0.018332790578539798,0.02014440730305521,0.011453249098129909,jsVNMUj5.png
0.01321617148972804,0.010995823878414867,0.011900916264829283,0.9229792982536189,0.010866464534676101,0.017990717585510622,0.012050607993222117,NbEwAuct.jpg
0.013509977441975842,0.021022207940222776,0.029315671918576636,0.012250493822138999,0.012183200293182737,0.01652738161465541,0.8951910669692476,nrkhPH5U.png
0.014177042867864703,0.012767337448641026,0.012378338689582878,0.914006914633125,0.015936147588319106,0.019460059457900282,0.01127415931456705,elVJofGn.png
0.02131790192075263,0.012821984744317661,0.01583546170361983,0.8942993876599612,0.030576376511726188,0.01614881526306432,0.009000072196558018,alj4mF6e.png
0.021581172113054166,0.011717432820377767,0.014341939683564415,0.014744883618971732,0.034717429193054504,0.016143389408924045,0.8867537531620535,QKQTTMjT.png
0.017658131522915642,0.8981851124989101,0.01335500734524971,0.016040298577234224,0.018185350481002192,0.021881855255767302,0.014694244318920774,ajknS84q.png
0.020073358262965663,0.018669445962396513,0.802306535506608,0.02230773416522239,0.021616278763381593,0.09908943227350449,0.01593721506592137,Li8nbn2t.jpg
0.01755608967332172,0.014763621524484804,0.4196322436361756,0.016303312122322645,0.023638846062322545,0.49564062472487425,0.012465262256498568,4AaKRtzE.png
0.019144338823229853,0.9012863841447647,0.013185504620274369,0.01667841501217663,0.015529244272834291,0.02025798510431688,0.013918128022403331,K9e8TMyg.jpg
0.4377425842281647,0.13648449872112206,0.12635682415180238,0.08239781745971926,0.0899757606167436,0.05948219297999169,0.06756032184245633,V2LAceRJ.png
0.01548787576624106,0.016592951805360873,0.009782972849506816,0.9136100944488563,0.012046170092090724,0.01981661154495462,0.012663323492989617,3asehMfn.jpg
0.013599481961062448,0.010313568002084357,0.0232938700787872,0.012170843647454766,0.013449122640100494,0.9142677287932764,0.012905384877234388,hhV3ZKbu.jpg
0.018705277762261937,0.013136510418627085,0.012134577801372854,0.01671927293093471,0.021167818038196843,0.021703505709169794,0.8964330373394368,66o6eVNi.png
0.018470182424586305,0.8965276598929893,0.012899560040982454,0.017796099574372996,0.018889366409001986,0.021712412850254565,0.01370471880781222,qmKWKSxE.png
0.015846597120122933,0.012864891317228885,0.009694158664608057,0.9102501414797282,0.0232451833897254,0.016565539390735424,0.011533488637851242,VJM1WbBN.jpg
0.014791171082021567,0.010897237479833967,0.009515380415281166,0.919897508898598,0.016265424552973258,0.01727075005625322,0.011362527515038868,c8MnpMk4.jpg
0.019322941906865683,0.898213526822302,0.01432846281632221,0.016402376266323276,0.018335722864460224,0.02068568623794621,0.012711283085780362,TaAdHNlI.png
0.02906027424978886,0.884142301819008,0.010565183380368473,0.014023536064886885,0.023152117486266954,0.024622794413537246,0.014433792586143523,kJJAyZKM.jpg
0.01473349743860701,0.043756722286868804,0.008632790069691431,0.8744799523788818,0.014931380147018128,0.019302443269349323,0.024163214409583713,K2sHB4Jk.jpg
0.012072743325397237,0.010274972577389603,0.00975058166327171,0.011615013623505352,0.012843072073560561,0.9319607910776897,0.011482825659185911,sa1rVmqD.png
0.0134647378721902,0.008653084692598626,0.008198702058980432,0.014144646829500312,0.9271038003288892,0.016884812225988595,0.01155021599185276,MUAVkDjK.jpg
0.035538974582659325,0.018496760372856313,0.015844907502660974,0.8795010629215074,0.02245430402673948,0.016749096802964707,0.011414893790611568,g31rgeLv.png
0.8978004372264051,0.03298714273227176,0.009813840280742916,0.013704048999348396,0.017929489978813228,0.01689767844559916,0.010867362336819415,mR8bW1pV.png
0.020826501599356596,0.114073905826875,0.024846452598775676,0.012679033384155089,0.02653670149725132,0.01692563219950225,0.784111772894084,N2Q2ULqo.png
0.02159532185700218,0.9035938455903807,0.01240193214226729,0.014936952452453087,0.013614532422724646,0.020693161431155203,0.013164254104017017,BzZAMGZC.jpg
0.012136169987551177,0.009141867519565753,0.007883616336633101,0.01152904500643875,0.013114520491706522,0.9371121449941473,0.009082635663957343,ubtIWQXy.png
0.020561497194203738,0.013596840900526212,0.010270332917262441,0.017781460731201036,0.01664694606308941,0.021144176472857882,0.899998745720859,5p0Dj1Vk.webp
0.1725100983603248,0.7457537255821585,0.012062737743589663,0.01673369669777106,0.018259266118855484,0.016526329309436052,0.01815414618786436,zMMYfB6o.jpg
0.016478407784050537,0.013658199505263771,0.010876789025533037,0.9140489868494421,0.01515089014978194,0.017346014372831856,0.012440712313096479,4x8Igjnl.png
0.01919280375922117,0.013614695453221737,0.8759452433242199,0.01824148007308765,0.03495082553907887,0.023311971066213667,0.014742980784956916,RPlubVFj.png
0.015402871006400934,0.011417781398448627,0.01189343696821924,0.9131144506522118,0.0214590839687817,0.016597262905694833,0.010115113100242889,XRQyv1Zd.png
0.05286751918055441,0.06388607514191841,0.179726560177675,0.07706437259713768,0.49915077314989553,0.06418203563576859,0.06312266411705036,XRUfcTAX.png
0.013680385286160168,0.012436646047946979,0.009552654236149583,0.917937188613924,0.0156649354699365,0.017537624164712808,0.013190566181169972,WUWpvdeZ.png
0.01790856222939114,0.8975801650210423,0.012745073968487966,0.01731758213006411,0.019320337084818447,0.021689329391047847,0.013438950175148335,i9i4gTem.png
0.019025218215631873,0.01261906340918573,0.012851291117363661,0.01682263339241821,0.018578177630055627,0.02222680477113836,0.8978768114642065,n3d8txPT.png
0.03086241968814988,0.022287422137212704,0.0343281021552801,0.04603423065023743,0.773456537670336,0.03204716835529233,0.0609841193434915,1aQ8f5iK.png
0.02165297030023216,0.014733042575932923,0.866540107317728,0.017396803042492234,0.04146305281833849,0.020927837501558445,0.017286186443717762,hdJrfq4s.png
0.017905744030702154,0.011478834408722553,0.011849933092937729,0.918419633561725,0.013352516282491395,0.016791942169312492,0.010201396454108598,rWnMvbQk.jpg
0.016727468244127176,0.013004491232826576,0.8978750406673026,0.013309064701818227,0.028584977257075806,0.0177957880565457,0.012703169840304031,KXd0P9dH.png
0.019829429578632315,0.8958845761617976,0.014252313275635581,0.016334470009961966,0.018927725326206693,0.021300130634700338,0.0134713550130653,9oawFahu.png
0.01789526631781506,0.011258484312924194,0.014465192724910331,0.013693161212424722,0.02436791429972643,0.015784254663393508,0.9025357264688058,8nBGe8RJ.png
0.021973479375511636,0.37053076649280065,0.009718416319163491,0.020484814727764204,0.016923337368585444,0.024053026753835426,0.5363161589623393,ZebzJoUL.jpg
0.014922930848120755,0.011304594281044803,0.010148206555927101,0.012914171345536013,0.9228568941480667,0.01656084619381697,0.011292356627487557,SSysKnwZ.png
0.01636408847155501,0.014272954321937004,0.898612735554751,0.01502340146819835,0.02000744230086177,0.0225460847760862,0.013173293106610653,ZiZ0rzRd.png
0.015042799087598816,0.011980002461564297,0.012989814112133485,0.911706091505571,0.014012364556488466,0.020218174315175957,0.01405075396146801,sOyFalPj.png
0.055600142357085346,0.046028474344988676,0.1417574053886394,0.08265608294276018,0.5692437243461399,0.04605708693878124,0.05865708368160529,svxunifc.png
0.02020193931664657,0.895883589617027,0.01412321307153475,0.016739219132546383,0.018429278983525088,0.021301842083138615,0.013320917795581741,G1iATUqO.png
0.01864959351688978,0.008882030322040262,0.011202457294044229,0.016953196921000092,0.8960889831691828,0.02061366318335147,0.027610075593491268,ycdhjkBF.png
0.017968160330063748,0.8993102102065473,0.014049145151283407,0.016236356774831186,0.01764964558346919,0.020398837706858335,0.014387644246946838,51T6XKh2.png
0.014330442035411733,0.008524485232403208,0.10394229937295985,0.010218150654727793,0.019569593421167365,0.8332026392109112,0.010212390072418816,8pahLIpm.png
0.017774645343643893,0.9032199580981743,0.01268971225278136,0.015555570454640011,0.0164637031004855,0.01933441625881633,0.0149619944914585,uP9TwtV2.jpg
0.022829524030538863,0.018955028933460773,0.058984384886264715,0.018819211049126185,0.8216514923196861,0.03834096574537692,0.020419393035546306,aBQT6TJI.png
0.011201202846144934,0.008434729379372431,0.017460787118565607,0.008154230020077608,0.01366122943681965,0.9310694418132691,0.010018379385750583,u3VWNChV.png
0.018642572607202583,0.8915705820432696,0.013545489787747122,0.021499921538105787,0.02031451284381893,0.02189348828241602,0.012533432897439991,TTEUFyJY.png
0.06167288008676234,0.6888745028632764,0.03218762225974757,0.06741526114412472,0.04207603820026791,0.026476841067223165,0.08129685437859767,4Jij6v9g.jpg
0.014467925292886524,0.009754871802784029,0.02615747316791065,0.011822836809992238,0.016947163874300265,0.905655345041203,0.015194384010923318,UzaG4Ggg.jpg
0.021838924324412007,0.014402529953216465,0.8364143995890775,0.015184364169261357,0.057576559539568514,0.03981133981474559,0.014771882609718446,ix1amEQM.png
0.9239848559993182,0.010372289787919115,0.009726488404769473,0.0123633627034685,0.014253324595431821,0.016952538592413184,0.01234713991667966,qGkM4Ur2.png
0.016267124907435836,0.015798031348115433,0.014977825759916085,0.9127764889860781,0.011007098740237625,0.017511356661445928,0.011662073596770984,X5VKmeBa.jpg
0.018991387891192427,0.9003860133440081,0.012971337696411908,0.015190321929267194,0.01811556879486905,0.020578899104805735,0.013766471239445618,yA7xTpY5.png
0.018751117736692868,0.8991717876423022,0.011783844134674204,0.016425821368198056,0.01672591618318856,0.02190826289152518,0.015233250043418767,8HI5NDWB.png
0.017661777527169527,0.011801850871961521,0.01203661307034703,0.9097907376217522,0.01784280504172598,0.019035773158936627,0.011830442708107004,ro26fXD7.png
0.018739036998371934,0.014647058641307853,0.013578558498128284,0.014138394924357433,0.026634198787565715,0.016222314036040762,0.8960404381142281,4YGovcfJ.png
0.014258843938067367,0.010831109853526654,0.008630365830285116,0.011914628032409941,0.9209147630843612,0.015600455031144187,0.017849834230205544,aaqExlVp.jpg
0.02222286277265483,0.8908563677830793,0.013336758421785814,0.017651023112795466,0.018572210652779603,0.021855428581406038,0.015505348675498905,HOYLoAta.jpg
0.012607460189742289,0.20767925663180967,0.019185023065657374,0.010973199457052359,0.019007006187370522,0.020984018257132617,0.7095640362112353,nm7BXcSo.png
0.01567921993681625,0.013429415054679062,0.8981823484114656,0.015094885432874428,0.019017793886400614,0.026783229416030358,0.011813107861733651,S3sYitMU.png
0.5596673493447433,0.2538941958228108,0.029729510915096367,0.03207695050441392,0.036846404133893895,0.04384934869651329,0.04393624058252842,bt2RKsKm.png
0.04340936303629335,0.03878718398033269,0.017456213739100855,0.8419423436349831,0.018299449286527766,0.024972968373022836,0.015132477949739362,vvTcbLTG.jpg
0.016380445748106952,0.011884946679007342,0.010242167171205765,0.9188546012648683,0.01389011211417222,0.017383007145179555,0.01136471987745978,xKb8yzNs.jpg
0.018455906809916885,0.01377131172263133,0.016328991548872015,0.016478965214598112,0.017445303860246886,0.019344160536241044,0.8981753603074937,h2iLpucQ.png
0.03214917165154259,0.8945770280684698,0.012176903203246669,0.017516344839147203,0.016145113906029962,0.017056806387910375,0.010378631943653441,QzYrzlso.webp
0.013570302234270632,0.010633880469093134,0.009630444366886698,0.017157214583647724,0.9208742237545712,0.016992686294471294,0.011141248297059297,WNT3Tnrb.png
0.9230938785231968,0.010693223230529795,0.01005513836358107,0.013087226701608171,0.014524005604954876,0.01779435171997255,0.01075217585615676,K8weUhmt.png
0.018944252500879673,0.014206610815188314,0.014670608585774843,0.01698474998325826,0.01794727768780676,0.02013620060863393,0.8971102998184582,9odq553u.png
0.049510984410110606,0.873589753270859,0.011176584524640688,0.01351125357422112,0.022516248071267234,0.018237624651221526,0.011457551497679875,ol8RyevU.jpg
0.0123527550310708,0.009670134761256194,0.007745606211409501,0.015487486740532557,0.9274870787684643,0.01573766731122474,0.011519271176041913,dRCVp0zD.jpg
0.9246442095098695,0.010904365170898036,0.0098679596381108,0.012800780786318614,0.014581809871941048,0.016364093493183334,0.01083678152967861,k0Lb4cxJ.png
0.025401836459121974,0.8888161361272292,0.013556825637163266,0.01405145654920556,0.01597078997011963,0.02539536061817569,0.0168075946389846,H0jEMsB8.png
0.012514567022418169,0.012734847820024337,0.01545577391031546,0.8915647231235088,0.032357563762892304,0.01979860060251417,0.01557392375832684,NiDKo5Nd.png
0.014838843729446577,0.010684241458919526,0.009977405653534286,0.014835228095696967,0.9204706647961679,0.017234677121413085,0.011958939144821618,5CHegCkK.jpg
0.01990324409123145,0.8948209456050478,0.011708243898960127,0.015370917062753115,0.026302282963050004,0.020261718070424185,0.011632648308533356,OoUyvEqb.png
0.924132615133248,0.010229603976110058,0.010566509856330852,0.012980507297708634,0.013836181761410873,0.016634940780921835,0.01161964119426982,wp6wkjKx.png
0.019522279532716992,0.014348310018980773,0.8941825251810103,0.017398403557707227,0.017937354053927785,0.02193809250676198,0.01467303514889493,wYewV5up.png
0.017032252815097574,0.014433763598552241,0.012656805881507027,0.018155363976219675,0.014346087076738512,0.02033478635363676,0.9030409402982483,iiCqsrGo.png
0.016201989565009022,0.012996915713204488,0.011647632660646608,0.01641582511693331,0.0192801865935768,0.017983407090034376,0.9054740432605956,uAEERgsB.png
0.014989380119327914,0.01372584922040447,0.4819435869940298,0.013917879703512447,0.017182666175960058,0.4461694259837784,0.012071211802986887,SVxHx8pl.png
0.01966037780694245,0.014247070223503541,0.900610723416363,0.01673515467918304,0.015307600358438301,0.01998107869327709,0.013457994822292601,Q7bs1lcv.png
0.013337424106804382,0.00957313840474756,0.008890909641011064,0.010896058352031408,0.011980110800264478,0.9357972267663245,0.009525131928816596,FoTOgdqM.png
0.012088760298845536,0.02809994763010971,0.015826101566374068,0.010863354670470098,0.017548919657561935,0.017952654131218417,0.8976202620454202,4IujtzpE.png
0.7792952086849466,0.14496574379450194,0.011134911471741445,0.01201817666106766,0.01874156716278107,0.023739085416926084,0.010105306808035112,akkU0GuM.jpg
0.019269455038247053,0.012718780976956468,0.010844364907664305,0.7670691601293553,0.16248194104933975,0.016971536007261197,0.010644761891175965,RQKLdl0d.png
0.01811698238151801,0.8974625618532551,0.013627624209284758,0.01822903345710738,0.019428287586335725,0.020874823939956034,0.012260686572542853,ZgnNANis.png
0.035281496725230406,0.2853341092588312,0.01641244438549336,0.030035535316255753,0.14435734326147184,0.10507969631010487,0.38349937474261264,Bp5dKMs8.jpg
0.018513795836681855,0.01327171245508293,0.013087056184285614,0.017903647973415593,0.01855872016437179,0.021406145182299753,0.8972589222038625,NY6h9a11.png
0.022883808439475142,0.9051681034607443,0.011062400210766696,0.015487125096801294,0.013558886658356441,0.019158651035596302,0.012681025098259736,HDUihU2T.jpg
0.028905691791315174,0.8824049203624131,0.012349788573220874,0.015911939457394175,0.03236242188193764,0.01948803190196315,0.00857720603175607,7okaG787.png
0.015642723534596416,0.010959935902104815,0.011863070785661624,0.9154573579999068,0.014539510588702759,0.018339508748333896,0.013197892440693757,FGZEAU1U.png
0.016212505467145328,0.01274412286221798,0.01050165097736125,0.9137725941960859,0.016143846913248296,0.019927722430562383,0.010697557153378844,aOLaO5JM.jpg
0.015566775584069844,0.016547101042680486,0.8627531713125466,0.020702067961910944,0.01914817305085367,0.04770200566276498,0.017580705385173437,g9Kn0JHj.png
0.014377953538996732,0.017886044020608442,0.04003774380634443,0.016654305469600103,0.010861950323707799,0.8817250225331256,0.018456980307616954,ZKfXeHba.jpg
0.9242564482787496,0.010132152856827708,0.01062586160750927,0.013851640298480183,0.013287244142177971,0.016117451225776316,0.011729201590478794,qjtA37ao.png
0.06350372097198335,0.846203073369505,0.010060210716164444,0.01454885471414379,0.02436009778403687,0.027174637283842645,0.014149405160323666,RzcsA0iU.jpg
0.020502904351537024,0.3202935610678983,0.012579585499796353,0.3771293938541265,0.06924086377187597,0.047940057923598275,0.1523136335311675,lYKRQ4Ej.jpg
0.013527923039512271,0.014730629871097623,0.7952709974712618,0.02044086979817297,0.08618596075762794,0.04969680146145844,0.020146817600868883,kTe41wZp.png
0.9249426600661701,0.01030210612301433,0.01024427951357477,0.012557551752922108,0.014020158314971127,0.016477777378956875,0.011455466850390474,eKyhXzpC.png
0.012686440220143477,0.009835220275354507,0.02470174666640742,0.01041723221101798,0.013776861709697752,0.920596530455971,0.007985968461407996,xHufZeXk.jpg
0.01713634916530377,0.013141314903717307,0.01187289058220498,0.017516565265460304,0.018161748831120934,0.022619907046248743,0.899551224205944,NSoDh4XV.png
0.011703546089271181,0.009736847766373156,0.009295525856388395,0.010105323718791527,0.01177469142318543,0.9385250589749857,0.008859006171004562,qZbzOws6.png
0.011992226456342453,0.009927553396998398,0.009475609144752923,0.009428382438321255,0.01202331707292065,0.9381966695165476,0.00895624197411682,p9MS8QOZ.png
0.020959572300079214,0.8939941978206546,0.01240334687273197,0.015833858889610686,0.0173609765145419,0.02230871872199686,0.01713932888038471,pqiXIbz1.jpg
0.030758836767639332,0.037840183247132626,0.6847267655945668,0.06723778275739507,0.06560417281335666,0.08087781563888415,0.03295444318102526,O7buaCxu.png
0.017860282078801932,0.8958741097058034,0.01162921421165444,0.013982770131234265,0.020519424453885812,0.016730938922498197,0.023403260496121868,gZ6JRRo1.jpg
0.015697393883278322,0.013526469556420789,0.8483193201751897,0.016391016286154383,0.022562716138568573,0.06458788388421247,0.018915200076175663,r9pkij31.png
0.015305789463104189,0.011811738421552368,0.012815129617834833,0.9125714093023014,0.015085260087401558,0.01922312005398121,0.013187553053824495,7z5jC5dJ.png
0.030929375083770538,0.1484203161928923,0.016776436659350843,0.041026206596345545,0.7192605348818557,0.017214864469893433,0.026372266115891628,1bSnuvCQ.jpg
0.9225157965124906,0.011959997041954839,0.013262389360666094,0.010733703796210806,0.009141260162244303,0.017396585346388778,0.01499026778004473,w1TYNXxv.png
0.017368830569292018,0.010643021190564478,0.013083311957531568,0.9116268913489046,0.020691328361852418,0.016251958285038403,0.010334658286816413,mVWaBWn7.png
0.016436056718976112,0.012535390235503732,0.01031625982912176,0.9167220412161884,0.014079628511810133,0.01923249949073759,0.010678123997662154,9uBBnvVC.jpg
0.018036071579735347,0.01397876239949579,0.011799720996968929,0.01676355453638136,0.021292417857440217,0.02143187151005992,0.8966976011199186,OBJjW2qr.png
0.014586355381340534,0.010608782798034313,0.012268410745166634,0.9198671606551608,0.014709930384379576,0.01759384547017424,0.010365514565743892,lrxdOlAT.png
0.011626556039910006,0.009908388512989912,0.00860974331912282,0.011419112939164889,0.013379499049027336,0.9363487333717788,0.008707966768006337,Y9Wo1fXp.png
0.020529191114323858,0.014427073979610123,0.010733172055960761,0.016876941309455586,0.019405963964651066,0.021400525141738007,0.8966271324342605,8aIpqRW3.png
0.014595528967248047,0.011474039784421805,0.01047165361441559,0.012137899185506597,0.9232591767375211,0.016764719946555255,0.011296981764331639,DmsOlx6D.png
0.018551395255701316,0.012210542525837273,0.012803433263656891,0.01713568692338098,0.017980696048380585,0.01952150633481195,0.901796739648231,xDkXQvEj.png
0.022146223082308007,0.8912549961815716,0.013644898458183488,0.016291381476952204,0.018328677049558685,0.021433277341042167,0.016900546410383976,gwK0nORp.jpg
0.925659324355049,0.009812248313179806,0.011297709793318834,0.012304467835336739,0.014528704882505104,0.01610276917682383,0.010294775643786561,ewJz6r3b.png
0.012564202032830226,0.009312514350082946,0.014879411728107495,0.008717640818341383,0.014855775578038443,0.9299400772054363,0.00973037828716326,xNKGV4NH.png
0.02070046541879469,0.9082123743247376,0.012283656321614963,0.013405660320761056,0.016916221972806643,0.016911943660472998,0.011569677980811991,dvQD5M5A.jpg
0.015873775586804563,0.011980264133885594,0.01147129013589686,0.9157585171344845,0.015854851721429704,0.017267834883174838,0.01179346640432394,JT80OyO5.png
0.018037444627415373,0.01620637345178891,0.012606233743146756,0.017110626799037226,0.02129969673589542,0.021637267569373203,0.893102357073343,9SwD0Cng.png
0.017756802936588545,0.016115458792166255,0.012633466924685501,0.018285679864134447,0.013887214912386791,0.021917259468662697,0.8994041171013759,RKS9K2Fn.png
0.05851049526583194,0.05393972454033493,0.35316687280695275,0.1163362251442019,0.2621408574702363,0.056528561115338084,0.09937726365710411,QDQKS6ep.png
0.016298165718482728,0.01360669467265005,0.012051444747811228,0.013010752470550235,0.025124799701306606,0.015974758728665737,0.9039333839605336,iCbYEi4m.png
0.010373304216436764,0.011114270194847228,0.05558931200631585,0.017430117961036933,0.010228701353715194,0.8867358042570096,0.008528490010638417,nMQ4F1xT.jpg
0.015367013077082431,0.8892480498917754,0.013731319282993204,0.015119565795662145,0.021580983157227607,0.020829339632643887,0.02412372916261544,Kol75L34.png
0.016829641668498575,0.011062503920883347,0.013077885166360886,0.9097059293357365,0.018098169952762526,0.017908223782712597,0.013317646173045474,APvuixRi.png
0.012531346210904857,0.010208776536714374,0.008523797306420663,0.009791977209688479,0.012192422502370464,0.937084011468173,0.009667668765728155,cXMgNAwJ.png
0.02216579415990475,0.915043867468061,0.0098024126142105,0.012587546949250138,0.01629735180023867,0.014412040828343553,0.00969098617999144,j9Sd0Ui3.webp
0.015598599976277081,0.013792848153025736,0.892607264424895,0.015169088771480422,0.030369787926849783,0.0197321807169872,0.012730230030484685,MbkiEXjb.png
0.010783110017079687,0.00977075484386947,0.00925450887439288,0.012435112543697942,0.01617467260295664,0.9322111870043102,0.009370654113693287,3fw8duj3.png
0.011784825739989437,0.00874482956626385,0.009446603553361846,0.01021799770968463,0.01113662632696158,0.9389502561277989,0.009718860975939752,9ujMxB0H.png
0.014905490415084119,0.012475673408866739,0.011101363010032714,0.9123139593004279,0.015747772350222053,0.019375323666109022,0.014080417849257527,gebXt5nB.png
0.017310280124738533,0.017461961014113812,0.010127833123068367,0.9110092872043969,0.01114778432254494,0.017921635200387302,0.015021219010750212,dox3Caag.jpg
0.010438267639457325,0.008398899977595308,0.009312902679394074,0.010088760453145381,0.015018515633902024,0.9391400557028922,0.007602597913613873,pXsBWAib.png
0.1471332178784443,0.254087964197243,0.013250613837114062,0.03718539222756241,0.06907625313915898,0.05236837901419876,0.42689817970627847,CO9rKb3f.png
0.0202039069428496,0.8732697088991186,0.018820598363827375,0.016067325544145687,0.02268201525024468,0.02320910825210435,0.02574733674770984,9QpMUepB.png
0.7698771835945745,0.15148023986103182,0.009904925925385328,0.01574875657601631,0.023718390603860398,0.018798181775425478,0.010472321663706177,8vgm8wKA.png
0.01579769644059848,0.9023152324629145,0.014117333848918117,0.016480741705566283,0.015398006711791364,0.018525211229383116,0.017365777600828407,EoiXaNBt.png
0.01207406966219633,0.011122115158640151,0.009087515879577675,0.009362919672352537,0.012410078449855668,0.9355918627678962,0.010351438409481462,KtJsjnsZ.png
0.015188085589374515,0.010777495804713315,0.010605160019968517,0.9178131747213605,0.017667619668221248,0.016947666285945615,0.011000797910416268,gH2GwWBW.png
0.014898327256503746,0.011771292061450361,0.009476794880100833,0.9265412162317018,0.01298858091213528,0.01641845059195631,0.00790533806615153,GYZj43GE.jpg
0.019069836817930993,0.013175885881030507,0.012377391460198523,0.017204816099926183,0.021827233260291817,0.021914967858981452,0.8944298686216404,n1Iuhvj5.png
0.016597186117294042,0.8901103455003773,0.013883488022946089,0.018438172509415426,0.01610734254462883,0.021463311521338256,0.023400153784000045,rtb326oA.png
0.016427637742525602,0.9025700054028999,0.012491282395131208,0.01526339777988168,0.017982759835783863,0.0217609243815474,0.01350399246223031,5MKxqZuH.png
0.08427238853490013,0.8190460573528886,0.014015497177620198,0.01666992297931447,0.027059963522539636,0.02606668994551038,0.01286948048722653,65wJVNGh.png
0.013276472967915735,0.009585998814326951,0.010240816916160767,0.010487679429660926,0.012692431141354881,0.9342420799122888,0.009474520818291927,XfeKKCjv.png
0.04862531576968216,0.5779299016339574,0.12305444098601429,0.048019170975370805,0.05606866082298726,0.0485588124947174,0.0977436973172707,qaXGDMJG.png
0.014221545872983294,0.01182144386694953,0.010037936262329556,0.9154618603205801,0.019383318010242602,0.016978768401817473,0.012095127265097191,CEawXvVN.png
0.018939241404901982,0.8941457726588322,0.013877912822793884,0.01845057791318458,0.020033164767966134,0.020914991591942964,0.013638338840378388,TpM2nulH.png
0.01817275574066187,0.8719944236708791,0.017292018634700035,0.018063214403304887,0.023171381106677554,0.02119090904962101,0.030115297394155593,LA6ocSc4.png
0.9205634148051518,0.010547824070633566,0.009109966987410931,0.014285560427234587,0.014902484288384777,0.017572184767386888,0.013018564653797488,7O1Z9Ieg.png
0.017031613279005594,0.01324664338762764,0.012188105454990774,0.013881130814693577,0.01972885060275176,0.018576656772668405,0.9053469996882623,ZLwA6wXB.png
0.01870882700269149,0.012913946427651845,0.8901343752644602,0.016054145771039707,0.023704437606810447,0.023168935158218083,0.015315332769128364,QaGkv1XE.png
0.015453666403299057,0.017089133003324843,0.0153454221672111,0.01729357876604671,0.016251244532525612,0.023351130345638665,0.8952158247819539,u3NoAYng.png
0.01592573840079196,0.012231157132304653,0.01184837624899315,0.9147955723330398,0.01488787978649928,0.018380150769557246,0.01193112532881388,2jgQzL0Z.png
0.015171056229897426,0.01160846430365683,0.010752224321772745,0.012233185743336083,0.9215845336757754,0.01744888983530508,0.011201645890256615,PHFLYaNx.png
0.024650823994903502,0.8788546597502466,0.016921607936245676,0.015133640758447722,0.016420525934157486,0.020627611296250094,0.027391130329749054,Wcg5HVar.png
0.010278049389185397,0.016667295906775827,0.009847912863257601,0.9134029296320059,0.019503827213307873,0.015415051615979369,0.014884933379488166,pm6H79rh.png
0.014053880528574004,0.01180346824836834,0.8809967902571865,0.013892870541581618,0.01750922598122699,0.050028888035796006,0.011714876407266548,XmPemLJt.png
0.017338307494849443,0.013367717010353561,0.011784411851432915,0.016790745563446372,0.02023724442956416,0.021133849283073092,0.8993477243672805,aUdw5dsN.png
0.9236806447505451,0.010565158624810233,0.01099119680510101,0.012502850291642997,0.01523057214070983,0.016424443334804015,0.010605134052386842,C2rmpLAR.png
0.06731242137728391,0.07085037028861707,0.18003005927789148,0.3090572029908346,0.15815886145221203,0.05751198523920061,0.15707909937396036,ltWHwNeH.png
0.014568780135257458,0.011788631667515894,0.013374080277770923,0.010536782700917171,0.012096443683989277,0.9272708263219863,0.010364455212562861,uT2vYMoU.jpg
0.014771075904831624,0.01245431872794302,0.011209145184175307,0.9131351923204389,0.01819091912349317,0.018465059884130695,0.011774288854987125,EcNEHVd7.png
0.6292906007747167,0.05025589345480873,0.043841253481885965,0.06677423140819602,0.06737928627661534,0.0573552853788256,0.08510344922495162,2AxMK7gr.png
0.015103343256483697,0.902139783392502,0.01063873639143517,0.014142478222697014,0.017276494077179506,0.01955884262025504,0.021140322039447428,bop5vEvK.png
0.018511623309494088,0.01614932583461233,0.8936699006811845,0.014756352544598223,0.018723384685339323,0.02489951511068012,0.013289897834091315,TIWzxvnQ.png
0.015636829383057393,0.013315807340660032,0.012537505721335485,0.019048406844322435,0.9088627998631127,0.01970011041766561,0.010898540429846119,7yw3UO3l.png
0.012947142724604645,0.009120609869767527,0.008335220632460427,0.015269747535461725,0.9223223554076085,0.017073220295258575,0.014931703534838432,3XYHokqa.png
0.014834819800938384,0.011624522737975485,0.011643491370524742,0.916515303691399,0.015854536120709625,0.017927419645734435,0.01159990663271832,BjCddVpD.png
0.020640575343188857,0.016877062209595197,0.02790469081820194,0.024214341598673673,0.8675688526985763,0.02445215186493076,0.018342325466833287,A7o2WBJc.png
0.3489580791570674,0.08502358260421253,0.13726044007933974,0.27719151880705944,0.04706385522102226,0.0391544070822062,0.06534811704909244,93NRlevh.jpg
0.011548825449956222,0.011222184989565002,0.009292073214567603,0.010093688681470583,0.013170920219654806,0.9343956297916532,0.010276677653132626,vqVon2XC.png
0.01572533758314812,0.0131262718490536,0.011635123068437694,0.9123737399291441,0.013926139362501807,0.02112000016330636,0.012093388044408376,IRNP6nIx.png
0.013024598298451488,0.01674501791602178,0.012554485868414681,0.013378947063356742,0.016145112147539838,0.015497178927367423,0.912654659778848,qrAaDALi.jpg
0.015326793802036328,0.01213474264438787,0.010488389142259028,0.9136285955208461,0.0162902424890966,0.019439543065486144,0.012691693335887901,OE8aYn28.png
0.01402293398522598,0.013967761618027694,0.011912419658660661,0.911543993372469,0.01649133142814296,0.019979015609789923,0.012082544327683664,EpFBZRyY.png
0.017210760396807714,0.011593303471837752,0.011878829057339255,0.9077730731213232,0.01824626221237306,0.019100607560897244,0.014197164179421939,58w1SSBz.png
0.020105665411175387,0.8916444856644006,0.012151453416636737,0.013854243371249972,0.02765719499590319,0.02187734185745099,0.012709615283183035,Vtgd35hU.png
0.020208513135862423,0.013194239494238109,0.8645087183764579,0.01783168803241552,0.04357899238038873,0.02608141452835013,0.014596434052287194,lcZIlQln.png
0.012698261364988198,0.010485274581414414,0.02833189289618569,0.009731391605063245,0.013757967582448247,0.9130718606403173,0.011923351329583031,fpIL7VTV.jpg
0.016735212101170172,0.012184725462651024,0.01358799576184595,0.908312285111157,0.01721708324317755,0.019780515853090222,0.012182182466908073,Ay9ShDpL.png
0.015106613298162794,0.011339832950930637,0.011430343416009759,0.9164302797442906,0.016677941850314994,0.01705427822037068,0.011960710519920387,dnS6qlsM.png
0.015253601993474955,0.016141992247873372,0.901743961483947,0.013970101843763672,0.01481488445701431,0.022864466735127504,0.015210991238799237,zbfjxVrH.png
0.020089698508546177,0.8946600761405412,0.013524688514999075,0.0168603591085241,0.016737148595581182,0.022225343280288072,0.015902685851520278,bO7P6Bkt.png
0.05427187787216138,0.06672743839944599,0.6640473539792516,0.03991139712653413,0.0872403075715644,0.057789436106071845,0.03001218894497058,JMUbIuxW.png
0.015688082474844205,0.02086416097374909,0.009342710518263943,0.014785868984428633,0.016088695352716502,0.018850128823867086,0.9043803528721304,x8uS9FTz.png
0.017052722148090418,0.014549508416931553,0.8979809225897546,0.014846489241304162,0.01836047789500801,0.023249411017349807,0.013960468691561331,RvR6VzKd.png
0.013183847676165289,0.012908825781191388,0.011601478789503215,0.9164926111362444,0.01311333128975629,0.018222295177776023,0.014477610149363385,152nPU4v.png
0.031598981528966785,0.06702313766467707,0.014508452623793697,0.027779888831508316,0.03242528418036267,0.03842953152936859,0.788234723641323,FFjj4Gt3.jpg
0.02293157755910849,0.026278094154905302,0.39445679992270133,0.040875752274973476,0.08488177520407598,0.39766812481231706,0.03290787607191831,EuBFu1a2.png
0.1349530207887444,0.20288920666024768,0.1549553954586622,0.10656067354722129,0.08044564745452921,0.12143885131730023,0.198757204773295,WPH4MRoI.jpg
0.015089597154641707,0.011856598721787421,0.011133879589552014,0.9148034567350308,0.01577233419665161,0.019904505670914098,0.011439627931422168,YMl6HdPy.png
0.08326132097149377,0.02965680794058901,0.06477323868344684,0.7078456800434132,0.05655705230610576,0.025102552011565794,0.03280334804338557,0LozFGtf.png
0.015343288763494037,0.01416406371517527,0.011576309698068473,0.909729747066681,0.0198208088322327,0.01798633115675357,0.01137945076759496,DlYwCXLq.png
0.015515523916922933,0.011680246180488562,0.010521551675820815,0.012479931421465699,0.9218616061549219,0.016867674755064888,0.011073465895315191,keYZq33p.png
0.01172584474674069,0.010298845022956953,0.008326359364335536,0.010907452857040778,0.01336104202965196,0.9362229085586137,0.009157547420660347,w2cIWsFj.png
0.012232425885713388,0.009544554993419501,0.009065553861572699,0.011500644663206569,0.013739284634709891,0.9351717879512884,0.008745748010089338,zrUNvOrx.png
0.021962152855965117,0.013646307110741027,0.01628277945292191,0.013238812859880555,0.06794524765517827,0.016914659159957025,0.850010040905356,iPjo2ktw.png
0.01933481363327147,0.015113236127076319,0.8925079087675796,0.0165714998031024,0.020019650372955333,0.02123193491197816,0.015220956384036703,PPx6NNeK.png
0.014597999125189559,0.011619035821160879,0.011969109126180624,0.9171226393999049,0.01301262674847881,0.01752496142160722,0.01415362835747798,bhK7v2jl.png
0.018481596554418327,0.019024531467249466,0.7961050547997282,0.018131884285582916,0.02186718709060417,0.10863139645193172,0.017758349350485224,XMe2g54q.png
0.016367440351460073,0.01363728632086563,0.8979803486686524,0.01619974018768481,0.016243901675902266,0.024610666425023332,0.014960616370411284,GUbQCM3T.png
0.015867024026504285,0.012294258412932076,0.012333773979997558,0.9108232407682534,0.01794787376809847,0.018573923927387652,0.01215990511682655,K3HrZflH.png
0.01314553327709463,0.010827049257672887,0.007002502886381266,0.020039775805869367,0.9229614252936393,0.016401722032345217,0.009621991446997174,JDK2V2xX.jpg
0.016190757657251496,0.8931286179196638,0.015045681884283815,0.020066416064457585,0.020304054584715434,0.020952248904689375,0.014312222984938592,dZTPToBV.png
0.01573212191950956,0.011750330447318196,0.012204399037639358,0.013679340833985065,0.91643142002143,0.018655284658264028,0.011547103081853652,PJdnk3lm.png
0.017465290067333904,0.016929663179142948,0.011892388817829625,0.011664615667406354,0.017588768570634156,0.017704801855848048,0.9067544718418048,JqbYEJn9.png
0.012486420179559459,0.009723595802258197,0.009503678132983355,0.011292026259850417,0.01100954476224899,0.9367698096351382,0.009214925227961258,fUMzeXB8.png
0.024944399403414464,0.03192581727659978,0.06068303206736856,0.7904436571343605,0.04145184656542821,0.029523192499978763,0.02102805505284967,DA4kTYgw.jpg
0.015945546739131275,0.012306638805303315,0.8857787055645797,0.01612526126561308,0.02850029600361924,0.028510986965198427,0.012832564656554824,03CmPGkT.png
0.017104913962374825,0.9023851780023662,0.010869454358694026,0.016845877821552425,0.01989712832078387,0.020310757483032155,0.012586690051196694,sZitfzyO.png
0.011413153017436912,0.008772711569410578,0.010181720569171155,0.009667456474789667,0.012127054439476792,0.9388061330191639,0.009031770910551027,2GJWBApQ.png
0.016269299722302424,0.010159793011009052,0.012909308191356267,0.9016745226920788,0.03356887252584267,0.015658818542302617,0.00975938531510815,4655GZzK.png
0.012812434107675089,0.00910294708438229,0.18397317469995378,0.010568194832919696,0.016854348398893167,0.7571531657380616,0.009535735138114306,08NfpYut.png
0.011409383484488467,0.009719416775799756,0.008461160681355714,0.010975378017361509,0.011627230734688418,0.93897104903729,0.00883638126901612,h3g0czx2.png
0.01043544229363674,0.008096305648082322,0.008462587193031484,0.011962268511936726,0.014684452182826232,0.9383409066091956,0.008018037561291049,hk9RQTry.png
0.03826564065357215,0.02752322041089749,0.6725978304609809,0.07163741875301147,0.03503931552741961,0.11160471743909225,0.04333185675502614,Zz2volKH.jpg
0.017649188289242113,0.012452437791519036,0.013038092301661742,0.02013374300318748,0.017468864537038414,0.02143753523242078,0.8978201388449303,eMQyYGpQ.png
0.017879110642233347,0.0113212703089929,0.020625964364107612,0.011302607307979428,0.02346917405970602,0.015184466835173886,0.9002174064818069,Hi29doMI.png
0.013175575841975993,0.010409101981358165,0.011836943385343504,0.9226816764409664,0.013000143447233142,0.01597455989350186,0.012921999009620941,YpqYLMls.png
0.024523353196226293,0.9093923175912645,0.010524128164978334,0.012774971061924604,0.01605566401929302,0.014300752472047104,0.012428813494266364,NDvBjnG7.jpg
0.17713667753105716,0.31728088299388835,0.03226227018746547,0.3289900144768053,0.04513282484984128,0.028116205801758554,0.07108112415918386,9HLf4SFI.jpg
0.018081317677421077,0.8992015355656134,0.013595454957576567,0.015516526211298884,0.01990726540956388,0.020223830327292067,0.013474069851234172,ZB2R1d8J.png
0.03058803859960012,0.07101369930087299,0.016493605181556063,0.026582534160392073,0.6992205907059895,0.12206360245986783,0.03403792959172143,5qer90We.jpg
0.9197273331061971,0.011562290457041314,0.009949697904921681,0.012649417851385736,0.015823833602413597,0.017896667519054756,0.012390759558985675,IBmEBKAa.png
0.013447152822055716,0.00981026356205453,0.009612482603323796,0.014216310205703481,0.01958174199881819,0.9243247792386808,0.009007269569363418,74idLsML.png
0.06124995971557613,0.13423406885802913,0.007187249496639787,0.0142069759685798,0.7443383547931324,0.02078415143662881,0.01799923973141401,z1R8PWlY.jpg
0.01288459383345642,0.009142595245801143,0.009263529953034286,0.010711588018817924,0.012881569891355938,0.936064672145835,0.00905145091169936,UBKtB1Oc.png
0.012426940371954248,0.009388291904650884,0.009239936545014177,0.010013817004716137,0.013929210146235077,0.9361359693819358,0.008865834645493767,Q6XCuJlD.png
0.01146507318653432,0.010273395190982432,0.008198573532416669,0.011583263534789218,0.014117277428074827,0.935780335830904,0.008582081296298436,idfEwQVG.png
0.01481754081275682,0.011084692720552054,0.010728353115995442,0.9162923818981141,0.01857352695388574,0.017354913775646946,0.011148590723048989,yNa3HysK.png
0.022310725751145837,0.8865703864359741,0.014331745019680727,0.016865902500113338,0.02090728023840949,0.02345308647457852,0.015560873580097844,MBKVuyos.jpg
0.9234175531026798,0.013389075909797196,0.010064796074016146,0.011338909473317576,0.015654230258764702,0.01640437426077131,0.009731060920653367,i0emcfgO.png
0.017336972917710688,0.01631696602301705,0.19821190732882418,0.02634263748620369,0.017315869476263415,0.6938508731362003,0.030624773631780716,dozYNIIq.jpg
0.01922497522899181,0.016706894382482816,0.06464329230909338,0.026762278501364527,0.8213591404013322,0.030632313427394014,0.020671105749341345,7dSHxdbK.png
0.01579191721850828,0.011441735680259541,0.010607185257214343,0.9145822825109278,0.016912580477681155,0.01895604592886362,0.011708252926545192,Ug2YwR91.png
0.017845141550315,0.8964308593963844,0.013536239245541598,0.015366099964718568,0.022068516070627858,0.020322757340630097,0.014430386431782488,hFzwSHJo.jpg
0.01676516863199471,0.012443402790009463,0.010947844786585188,0.9139445967705789,0.01705238138558513,0.01867820821285699,0.010168397422389617,DKYyzKJl.webp
0.017640224096992438,0.8993822993554866,0.012010585973140957,0.016210516408350847,0.018346756949168284,0.02228306708726628,0.014126550129594632,m4ozFNVG.png
0.012435985820795234,0.009314321216614041,0.012847060029256997,0.011483988625589057,0.01082833366425905,0.9345481004083478,0.008542210235138037,kiILGiOh.png
0.02488500340355456,0.9037406683092056,0.00915676286291934,0.016102189099127712,0.01654652562142787,0.01633661050260302,0.013232240201162027,KrSZbpXE.webp
0.028136646556349766,0.7553745389870757,0.009047483637616037,0.020323139702698945,0.05653144162721187,0.023516430411196533,0.10707031907785121,lWLK4H0M.jpg
0.011393925703493669,0.008815213344602495,0.009548242334742312,0.008923326764844532,0.011731970024430159,0.9410640721068726,0.008523249721014427,ysYHSOU8.png
0.018637945829408694,0.8932277446943928,0.014933860262431672,0.016832330864076837,0.018705124825664502,0.02253814443744575,0.015124849086579734,c7L3eKPC.png
0.01343056339319577,0.011947624534112517,0.011706362161184581,0.920650770291196,0.014451443113587195,0.016404877750003887,0.011408358756720098,0WkhIplx.png
0.011397273280162098,0.008933508658294606,0.01164944585338429,0.009709708116362336,0.011516507665755557,0.9385072608388875,0.008286295587153675,6coEpME3.png
0.012286602667076965,0.008917418093448357,0.009280861867519367,0.01009258556793706,0.011876841419449563,0.9389449273179838,0.008600763066584739,6bCoahIm.png
0.015746160171134633,0.8957114810125887,0.011442751034125866,0.02017957863227976,0.018610985960024848,0.0227394704178214,0.015569572772024795,peNDJF4b.png
0.02918988031391645,0.022184235370731813,0.41752322735560254,0.02461672788473509,0.06508274548050064,0.413127293825876,0.028275889768637645,pDvLygmX.png
0.017289216523040406,0.8991464813925804,0.013085536146876247,0.0159942993558124,0.016995171676337836,0.021874602031074837,0.015614692874277733,yiJYAIaE.png
0.010101339051589216,0.012769939509276051,0.036510059574985,0.03715989519941125,0.021835449803551912,0.8689779891517382,0.012645327709448309,9XCWkKHR.png
0.01604079339436959,0.012057534346958073,0.012172857027940227,0.9116491051396679,0.016004360492177714,0.019200386240746655,0.012874963358139794,cgHSsmtb.png
0.12344794378987194,0.07891963299597814,0.48717099333715214,0.0669100748193135,0.08281586900273193,0.08062179638101707,0.08011368967393533,YM3XRFaS.jpg
0.012293047699612068,0.008931866237810084,0.010572019321035572,0.011792872252890848,0.012889063708341225,0.934406617627521,0.00911451315278937,KCwPhJOR.png
0.012017745202158332,0.010028191344843427,0.010233244517704833,0.012820076887170725,0.01405218053717804,0.9307710740577949,0.010077487453149719,ISiY75Bj.png
0.015680991279294374,0.01149219096204856,0.010770132838439056,0.9166480508879106,0.01522469091532005,0.020189138932747784,0.009994804184239625,VrkXL7CM.jpg
0.010894993378400367,0.008411199231222865,0.008588225277192088,0.01118994553861489,0.014438992402793815,0.9354587594794322,0.011017884692343747,5xvOZlms.png
0.9243732520250807,0.010034350673762783,0.010016294628938263,0.013315687010904942,0.01378815619152159,0.01691047825427861,0.011561781215513042,2Orl9nKh.png
0.01946343944661797,0.013029700365521835,0.012782126289043402,0.016783086030441045,0.01771804320441141,0.020754077097188166,0.8994695275667762,zLGTidae.png
0.01895934551913654,0.012330865107232514,0.8618410624176404,0.018726424036452735,0.04149431692185776,0.03708063033421407,0.009567355663466063,L5aixmxr.jpg
0.013776786232030857,0.010942625526562876,0.009684050913371985,0.014246045838693492,0.9217952235311302,0.017511358562814917,0.012043909395395692,FTIQOELb.png
0.027541795006887006,0.027098584227827283,0.20877467741806352,0.032788870462357546,0.05683496751605187,0.6244791535696955,0.022481951799117206,32fihWfl.png
0.010737565757204283,0.01012454347026404,0.007905221368265134,0.011631617927329604,0.011842702327537724,0.9389117242715983,0.008846624877800857,H1LyYAs1.png
0.923730082333789,0.011237820799107793,0.009847028557401159,0.013412735976949374,0.014535167302065718,0.016201383897540198,0.011035781133146768,RjDCO5Qf.png
0.01093866605606997,0.009314983565972062,0.008312447044985367,0.011368705871970525,0.012056676942245126,0.9394653451614176,0.008543175357339481,2L07gdL9.png
0.01470352581056938,0.014827381190417136,0.6876905976174015,0.013895559829029208,0.019501228666562814,0.23794347350829415,0.011438233377725964,oV3DKp9V.png
0.015903639778071462,0.009755622034464144,0.012813077867800674,0.844935123050837,0.08846882562224971,0.01748491048391899,0.010638801162658158,LrLRmKID.png
0.01750517030410015,0.013752943090639711,0.01354791896582771,0.016394275415824475,0.016624079732709254,0.02221280839054605,0.8999628041003527,ryXAdzPy.png
0.025149297480376438,0.014009310601018368,0.014414095949472943,0.014133153058087993,0.025208856911740896,0.019116979658596017,0.8879683063407073,7OfVqjsr.png
0.019288564583218502,0.8960552482943548,0.012814575033815532,0.01558256241402726,0.018949474111240972,0.02087526976672505,0.016434305796617886,mPJCe6hs.jpg
0.016643759774731863,0.01322679656281755,0.010882196381201425,0.9132637893395662,0.01582235981522378,0.018202792921988405,0.011958305204470727,tCGh0ODM.png
0.013187955793634682,0.010266496356065646,0.007494179605932844,0.014966824209805964,0.9250661415506187,0.01806424017951569,0.010954162304426415,WcjGi7bD.jpg
0.923748470347563,0.009669334604365651,0.011288072916460393,0.012898584851415295,0.014895677575347358,0.016770017302619615,0.010729842402228736,23BRi8rh.png
0.014433364734450125,0.011994822728343525,0.013128477747256753,0.912961916630563,0.01931407442501831,0.017215419994078465,0.010951923740289853,VpMXVzaB.png
0.07963665341671437,0.06213399502313588,0.1612610741546063,0.3739569586289547,0.15745637513585037,0.06598615103085892,0.09956879260987937,JNjLmV4a.png
0.018026072246860963,0.014193111101929928,0.013550431521409839,0.016061208138000004,0.017839327566844903,0.020908223674527666,0.8994216257504268,hWyETqrp.png
0.01454113779004972,0.015633888653185036,0.6976908167901194,0.01730259674606451,0.021272056283709602,0.222476003528989,0.011083500207882858,R180IYOy.jpg
0.07926069412583123,0.08681015817874213,0.014342456801849174,0.045383529765278624,0.029893642307176383,0.7208850651737351,0.023424453647387405,oRHEsOjD.jpg
0.012995994184610605,0.008644615150902016,0.044215845308621285,0.011090038826961222,0.011993059237390318,0.9004674764773156,0.010592970814199031,a9Fj36gc.jpg
0.011427717510737883,0.009944829550472527,0.008830506623883424,0.010323175374313789,0.01137926704327635,0.9393948753504817,0.008699628546834348,bJLlA28Q.png
0.019183962020786323,0.014429623928352123,0.8944680660084356,0.0176954205460514,0.017212796219421,0.0227482184368892,0.014261912840064233,DDxkeTH4.png
0.01148822476542102,0.009347858214710871,0.008449143152511702,0.011141090339372927,0.01060423522965517,0.9398425064171398,0.009126941881188372,DL5cetUZ.png
0.017112882357239265,0.013364745671494926,0.8964289616008981,0.01653774797513887,0.022724461296647645,0.01979029057249152,0.014040910526089629,oKJuL12U.png
0.015098329462642734,0.013238128206423987,0.012429396032090187,0.9130891533282275,0.013647714518060258,0.01877950348619758,0.013717774966357746,8gUDOxBV.png
0.011743004805960208,0.009370191695692637,0.008287412994946461,0.01131022137621159,0.01159433263573314,0.9395191779648069,0.00817565852664907,d7fok4Jf.png
0.014710450324633658,0.8984687627294796,0.012399418194601757,0.014656634216450581,0.02124712518414138,0.022102563374168282,0.016415045976524538,LsJ8PBga.png
0.013287607352023455,0.008540479970787253,0.02080379893830518,0.007854800353500993,0.0114630854394079,0.9292776058439813,0.00877262210199382,DhpqsuuD.png
0.01729022358410847,0.012690460242548324,0.011280254772536804,0.9120348575888197,0.015226894278793646,0.017746167210826846,0.013731142322366103,ENuhPIJQ.png
0.015869404528561275,0.9061823263049659,0.010823404608674193,0.014417545860288521,0.017885255446222305,0.018704323858937257,0.016117739392350613,ZiyyJUyV.jpg
0.010942177458095536,0.008125317757568612,0.010303342465546575,0.009150664091206125,0.010773874563106358,0.9413977645609686,0.009306859103508123,hrTYW18L.png
0.01808467158910178,0.012097115161262783,0.012852464819060074,0.016542993742795428,0.0186385156634751,0.018174111375900588,0.9036101276484041,KoIlcF7n.png
0.015763711646970897,0.012156678807623602,0.010800862364216695,0.01361283856817799,0.9179971447459747,0.01813600410050751,0.011532759766528535,H0nZSBs8.png
0.026850617882443657,0.021442340029253902,0.07004179129616726,0.023300512288846303,0.8050925681367334,0.033137224561620424,0.020134945804935175,TX9kKp0G.png
0.016970268199388756,0.8972969085439149,0.012738904233988496,0.01685126938701318,0.020155602184017254,0.0210142879933517,0.014972759458325635,dHO7548y.png
0.020484535402381075,0.8968958689772132,0.014042991800475926,0.015316174846632724,0.02022532087528231,0.0204667536108434,0.012568354487171534,4f0bFHQS.png
0.019950629932693215,0.8980868068821136,0.0135760857228304,0.01576690645510474,0.017415963076466198,0.021326422474079634,0.01387718545671211,ERrLQ3NB.png
0.010956279770951097,0.009722662643789206,0.009948899264040165,0.008602140603504399,0.010598769743096571,0.9420508688820475,0.008120379092571076,SugTrIfE.png
0.01473954224601838,0.012515216921988708,0.011017385976991012,0.9130492067627177,0.01802878927294082,0.01811141444697384,0.012538444372369534,6nVTYWdq.png
0.010918833029330758,0.008382293852757749,0.02124934325404352,0.010766796605709755,0.013050133036064324,0.9275299031939749,0.008102697028118895,TSJUX46n.png
0.009764159541200324,0.01000080484475489,0.009563434511854898,0.008731439004859681,0.011592838459210077,0.9401069003616931,0.010240423276427102,Yhiz4g2U.png
0.014175749654616529,0.011248110008792538,0.01071462026338466,0.013651960755125495,0.9211056886736531,0.01713479940956104,0.011969071234866572,6BEvEUwu.png
0.046393481886800494,0.044306523696697415,0.5546993967514642,0.029697457971269235,0.02791930951090238,0.27211737521417306,0.02486645496869331,1yKxPNOF.jpg
0.016415272518924322,0.01625329198599177,0.013222828416633881,0.016042773810685015,0.019867762451886505,0.020038342620700277,0.8981597281951783,cGmtpLhk.png
0.02279213398693496,0.018429734454208955,0.8270161440168231,0.039382161319691564,0.027113602795077917,0.0536103221165651,0.011655901310698399,d8vlc36Q.jpg
0.01647109912676071,0.011724896852154599,0.012360077655606202,0.9123965696385117,0.016783700979886317,0.018576119368262017,0.011687536378818473,ceQacvZu.png
0.04437599657854473,0.06443312207156768,0.11619345565003089,0.3089498219527785,0.10104662534093231,0.06151462411996774,0.3034863542861781,OkrpnHI7.png
0.014171068659480706,0.01161883460967164,0.010674348878255913,0.9191106666827189,0.01621253472065346,0.017186483775487774,0.011026062673731593,zBEwedW3.png
0.012581590188396113,0.11130034700926324,0.007662618286270672,0.018756017289321688,0.019239933864971404,0.024478334584188983,0.8059811587775879,bnfVNZsA.jpg
0.014136113701054887,0.011726023445046068,0.011528336535513026,0.9154016222578868,0.01585583940120425,0.01923307436649658,0.01211899029279844,DYpX7zIX.png
0.7255945580330584,0.18529621652870132,0.013058780108920403,0.013422950417259504,0.021614001697954865,0.027996215004453977,0.013017278209651506,VznA3kbQ.jpg
0.013454345431793543,0.009075007175090426,0.009672050177663623,0.010260463436837803,0.012928978923534886,0.934719522494086,0.009889632360993748,crG5H1Hg.png
0.0211953554794209,0.018539337778315654,0.5467941689338736,0.016265774066281758,0.027160447653284035,0.030143483504858053,0.3399014325839661,kwbsscuk.png
0.013600078052072159,0.0181693366337767,0.021124390387119957,0.8460351275824575,0.060247709567135696,0.0211925183635979,0.019630839413840043,RoTutvHV.png
0.013780810837626334,0.01295389004928411,0.011268639399950047,0.9182400165698006,0.01691769479366805,0.016248925752243352,0.010590022597427383,0a7wQbeX.png
0.01847680754308825,0.8933126053844862,0.014971317525603125,0.015803253885878055,0.018750095981530112,0.02295019957581566,0.015735720103598628,Ruuz1e9B.png
0.01582407038475466,0.011882349505837794,0.010447788248536222,0.0126916029284054,0.9208616778290073,0.01758225419260265,0.01071025691085591,Wh7DIkXi.png
0.016606054074629117,0.022928713954404108,0.22435797619798045,0.01786743368999034,0.021685768264126513,0.6743186594188478,0.0222353944000216,mVeOzpW4.jpg
0.012092711788035424,0.009019051522180544,0.009075107119184179,0.010140466732557484,0.012977385916889798,0.937797554520395,0.008897722400757617,Ay9ut7Ah.png
0.017661358784538204,0.014558740800498174,0.8827864441464713,0.018452450133554774,0.028300825796709433,0.024491934866438074,0.013748245471790016,tmI3uCUC.png
0.14838673608828634,0.022130888471533352,0.735019243879093,0.022665238024736578,0.024378424620889565,0.021313543713784376,0.026105925201676917,NVC7yckQ.png
0.014864157760762955,0.010971928180346703,0.010073646801087466,0.01365135030684112,0.9226389222257965,0.01635006305212843,0.011449931673036776,iMpL5sMu.png
0.018042467652422345,0.012861422404286362,0.8945008741842878,0.01593992995438253,0.022027189971946103,0.022906930712313586,0.01372118512036106,Jb6p2XUL.png
0.019199621288351166,0.012243425777516765,0.013387555515508414,0.016436749001844754,0.018785146213120076,0.02008471064738087,0.899862791556278,NQ4C3L7O.png
0.898004408357508,0.0350723281894197,0.008551117593717333,0.011853082005674274,0.0167096428487651,0.022199807279033066,0.007609613725882483,AOijj7wu.jpg
0.016149622611281705,0.012713019358641544,0.013360359060448945,0.9045572095974904,0.015776356256199928,0.019868445703651115,0.017574987412286323,5YzXO6Bv.png
0.9229444553351644,0.010630962162227215,0.010717409844601388,0.013178332345755888,0.014818352487416303,0.016377314113393555,0.011333173711441139,3TzdfqFP.png
0.014065985395593636,0.010778771132025787,0.019537972338859892,0.01219297083193203,0.01368810832366028,0.9176220112389822,0.012114180738946127,pqfcNQl2.jpg
0.011890114664328764,0.010233661209662676,0.007593515688519533,0.010450034889750324,0.012926666865734173,0.9384932274180435,0.008412779263961027,ORmZmU6c.png
0.018334338271775226,0.014195478630761166,0.010250876769580534,0.01685949726122493,0.018695633725211255,0.021376462599513594,0.9002877127419335,7mBicLAI.png
0.6940168613010798,0.07693306314661506,0.04022130970705377,0.0382990947473987,0.055334676265985885,0.04267670654648768,0.05251828828537912,DPlxUboY.png
0.018084256740921352,0.010804941124088193,0.012315913428229417,0.9147912832051766,0.015503705056582748,0.018579678508985353,0.00992022193601616,czonWT2R.png
0.02144901540965586,0.8989001211444609,0.012722012304614125,0.01575567455408707,0.017312945356233064,0.020535056986022655,0.013325174244926252,ErQMK3aS.jpg
0.014369944517819606,0.010754626850601696,0.010106992131933525,0.012822701463333544,0.9236267064131022,0.016566350825310855,0.011752677797898478,tTqyYtRU.png
0.01240994366255315,0.009933667621309355,0.009181508556483272,0.010734512351949466,0.012893297296857908,0.9353948338008861,0.009452236709960937,WFXTeJuH.png
0.01916102949880016,0.8980299933807171,0.01291993697132493,0.01647610265320352,0.017274304287715057,0.021404770802526615,0.014733862405712578,qKE9HlEW.png
0.03665548978697361,0.06654603558986108,0.010366174239181597,0.5410765466362938,0.27755631952193516,0.02210891628799124,0.045690517937763485,tZXzX4LT.jpg
0.01797926052710725,0.013912167653998178,0.8911875971735477,0.016528726626492584,0.023047256211806623,0.021943664123479412,0.015401327683568175,vNdb2CIb.png
0.014119762347084891,0.01306217948304588,0.011549395626975417,0.9136460967926435,0.01449109165831861,0.0190105857186474,0.014120888373284245,24Ya45ra.png
0.016827238455394255,0.011806944263641865,0.013565051036002784,0.9113414425844093,0.015519694883767152,0.0193234533200094,0.0116161754567752,u3zlnDGD.png
0.01410310491139935,0.012767101463917019,0.009796767139600215,0.9217370323079119,0.01443364943657512,0.01796034450029945,0.009202000240296949,x6XqsJiB.jpg
0.01520005242732603,0.011049349748937103,0.012042062561721554,0.9212486364713739,0.012113844723522022,0.017767310401831115,0.010578743665288482,mPZVwZ0A.png
0.03381848151942764,0.028027576183016312,0.06658642996949984,0.0368916024969818,0.7609542454859003,0.04318715511878864,0.030534509226385436,65TY0a9M.png
0.012571806356097604,0.013568618897836945,0.014280238816884547,0.010103255205680043,0.014446313814757885,0.9159311191914716,0.019098647717271638,CAtOcJgM.webp
0.013391927256180713,0.01584181315703069,0.06461070012271568,0.01101707346178741,0.014796665396518818,0.864992695483479,0.015349125122287737,0wyhwwt2.jpg
0.018765370049684732,0.012895695371720436,0.012348197843313074,0.016774757471737463,0.017177202627172306,0.023033898801640203,0.8990048778347319,WLDo1RbW.png
0.10408954488963822,0.7511759726949648,0.011153505789598993,0.016071223472895697,0.04953174668729539,0.020779350033299854,0.047198656432307,ldyaKhEA.jpg
0.01990419906003711,0.8966225379027606,0.013371358581736334,0.01665482178213025,0.01834576632582839,0.02255758398920755,0.012543732358299711,0tdPUH81.png
0.022615939492383896,0.8065924168791808,0.028683954424570262,0.024596351834917273,0.03685435936630671,0.03352495788275714,0.04713202011988391,1hZMcGvT.png
0.01804342643418668,0.017194029716126914,0.019022307318803614,0.9040186028482884,0.012544799616176697,0.01649163505685277,0.012685199009564992,NCCpBo66.jpg
0.013618211745396144,0.011081636145288853,0.013070396569249779,0.012348214391530174,0.923939587238177,0.016512304739475604,0.009429649170882305,lP6F45t9.png
0.014325208391652808,0.012124136451580565,0.05079400467150047,0.016936872970658125,0.016798247347979415,0.8634179556271819,0.0256035745394466,BWwQs87e.jpg
0.043196244903208045,0.3286424326000051,0.02886299049679176,0.03076362866479037,0.061480238218034035,0.051044358948152645,0.45601010616901816,CNxlN8DZ.png
0.9246225050163647,0.010389864055581876,0.010265559460805823,0.01277905139693029,0.014298309985175311,0.01635607282958038,0.011288637255561609,sOsQCyDE.png
0.013563340555511902,0.011855975258464437,0.901735957544118,0.013430932587993794,0.01855350867260647,0.030748891158561394,0.010111394222743863,70y7dEjo.png
0.012525898502949375,0.009399807006438466,0.008900782604599295,0.01057426218191172,0.013103128078875658,0.9370987813825978,0.00839734024262761,EbTdvepg.png
0.012213547018171834,0.008936959796117735,0.011242432904064603,0.008211457697000008,0.012022765960009875,0.9391065309597254,0.008266305664910658,Do2TlKOY.png
0.01647357273410917,0.010693243892487922,0.014501287717887404,0.9035429456604719,0.02930083592955962,0.016107470577173023,0.009380643488311014,yf1UwE2n.png
0.9336838947369456,0.013317200915835426,0.007093149033547845,0.010734134699414625,0.014653993026217057,0.013255775297520481,0.007261852290519047,edJIl8Kh.jpg
0.01635593795418295,0.011311437574377612,0.012492712360199736,0.9137668375788062,0.015310006321089814,0.018820782279965826,0.011942285931377885,T24kNPOi.png
0.01622090138865837,0.01258563953780118,0.013472246311628563,0.916064917268085,0.01389583020216334,0.018059706533308927,0.009700758758354492,D5zDImAS.jpg
0.06474521871308689,0.0560886884732411,0.37762294593637086,0.1064180485373468,0.28591311864411983,0.04951347669355578,0.05969850300227871,w5c6oVVG.png
0.024189270819965185,0.039270483562949356,0.13534530551138385,0.029198192652831485,0.05120289299038929,0.6436079770611931,0.07718587740128782,0w9yioJV.png
0.021101268212278198,0.8967798475879855,0.013567419004466725,0.016192751162187834,0.01920874683586347,0.020966322807784578,0.012183644389433725,qpwMjJNL.png
0.6918560642726549,0.10219895752686856,0.05251939636918877,0.06686982121695081,0.02653307541812136,0.023156810670033074,0.03686587452618258,Z9wTjC40.png
0.012611084355495286,0.01066137608780882,0.045220134532197746,0.015799640665791304,0.012373609658478831,0.8938933584600344,0.009440796240193621,ML8Xiqip.jpg
0.016778151182847246,0.012725817094936304,0.9024761646945366,0.015593244176471446,0.016090173557399206,0.019041760026180098,0.017294689267629004,yvntpoy9.png
0.04959599997957641,0.05887389572832933,0.4777286224486697,0.07537729030468182,0.041711279004769564,0.08719687440952714,0.20951603812444614,yjoCQYCw.png
0.020402520114728807,0.013118973668849624,0.013300435397283423,0.01623744281804381,0.018507561872776836,0.023461416507965648,0.8949716496203519,vyWZjIyU.png
0.02004919954315427,0.013668548754978726,0.009665270487442612,0.02118881237679477,0.017164915648722915,0.01944674643130482,0.8988165067576019,wCG42W9w.png
0.03133066548896622,0.012851334804545495,0.01709582281463288,0.02049406541207931,0.18625208149450584,0.023219276848373938,0.7087567531368963,Nq3se1Ox.png
0.012672671170992208,0.010402322775906218,0.015510911083845507,0.013160966440451219,0.00989370311966552,0.9273901310338865,0.010969294375252805,Pye0QO61.jpg
0.01142349983585371,0.009804219972267457,0.008964849145457572,0.012191334217952075,0.011578173161028741,0.9371540526052204,0.008883871062220147,48gMlXRq.png
0.01952277246807278,0.8992215882223313,0.013522747016576376,0.015888774083202863,0.017220560810190556,0.020242108331072296,0.01438144906855388,V2WNVFYg.png
0.017965432601688903,0.010117796948309738,0.013351607975862118,0.9119296471995698,0.0142166781573709,0.019830182395511563,0.012588654721687126,yGGznWQt.png
0.014960457051927441,0.010943834870725356,0.008344964251668809,0.014687058786612441,0.9215669409447195,0.017434514319891584,0.012062229774454793,HJRFkhWu.webp
0.015736238537836632,0.014146799697583798,0.018382887060740052,0.01010754433110805,0.011780194132670067,0.919127598621456,0.01071873761860528,fJmQsHZ2.jpg
0.017779306399308137,0.017464949215044757,0.7421808220269506,0.021402411389155232,0.030731798718593505,0.1597967393766831,0.0106439728742647,hkcIa6sl.jpg
0.014302483343452372,0.01064776685032201,0.011579275778825827,0.9174956201579757,0.015570279568140227,0.016947081321259775,0.013457492980024105,l231HyFQ.png
0.9217861062824987,0.015325646157311726,0.010292818470958845,0.012468009123040412,0.013063442163554106,0.014996934415127606,0.012067043387508686,CaBDFN2e.jpg
0.03218646097990556,0.04599026322002032,0.053135523405204374,0.08018922184266689,0.6698848682085696,0.04541511286378885,0.07319854947984446,QssNv1oE.png
0.26224649362258245,0.12570223860357504,0.08703951691815777,0.23545671957640776,0.12579318853549934,0.07270638757605973,0.09105545516771794,PlrcJU6H.png
0.02110452421553475,0.8897815339651174,0.013723778957100327,0.016952854707414148,0.022172289638924918,0.021563847953086364,0.014701170562822146,ZRD0PMLB.jpg
0.019152134343964858,0.013737891139550009,0.013643357668642877,0.017809115872545484,0.018170730305071693,0.021453401208676608,0.8960333694615483,K63EPQQq.png
0.016007391696440144,0.011925886946356584,0.011248029194910148,0.9203549320278361,0.012421440871146045,0.017745300689173238,0.010297018574137852,rAHK0E32.jpg
0.010539586508290535,0.00949147028701492,0.009055756631184212,0.009918420570494933,0.012607496780843145,0.9392413399331876,0.009145929288984691,rcrdiDBU.png
0.015048846259661325,0.011565966401901027,0.011046644407544628,0.011718592378952073,0.9229993285603711,0.016523475402043852,0.011097146589525889,xV9ONO3u.png
0.018126508595935113,0.8970667762739962,0.013645862697504323,0.0165566319530411,0.017281121852225422,0.02172183146287672,0.015601267164420885,G6x2O46A.png
0.014720356580236285,0.011926760568760988,0.010487680739844303,0.011959739266826547,0.9242417271023026,0.016791989790247586,0.009871745951781846,cO5C004C.png
0.0188790653417761,0.014420172542897089,0.010457071008067122,0.018786160636032966,0.018124729803611694,0.0211394017856445,0.8981933988819705,3xKp8zpl.jpg
0.018422665288129504,0.012738606706316744,0.013550831266137955,0.016796828017317977,0.017135312474406708,0.02306028641098078,0.8982954698367103,K6w1B8dc.png
0.02087200550846102,0.9009506673209984,0.011442121100305744,0.015313820579659678,0.0183033747904053,0.020230103847014652,0.012887906853155273,T66EkZDT.png
0.36597628935674253,0.3996131293161971,0.018093676094392323,0.022857754703122103,0.04068392884761285,0.07087332195135505,0.081901899730578,fLQ84oD6.jpg
0.025044590296694168,0.7672474440591461,0.029129633935744203,0.03298463182099861,0.09586848499351663,0.02672161952304066,0.023003595370859654,SBgzmmnt.png
0.01791275049598906,0.013182829641967944,0.014178715165796524,0.016261499282857358,0.01875132857647849,0.01964545233846381,0.9000674244984468,S1OGzZ64.png
0.012758507497620485,0.007976118223414892,0.054852983368491336,0.009935892997320587,0.015551924791010103,0.8897623869889996,0.009162186133142883,iYhSzOyi.png
0.07145906532112338,0.055154409160586684,0.4066061573057266,0.09515617697724019,0.24905608924664838,0.05203763500325749,0.07053046698541723,SDARR9F3.png
0.01808086285575392,0.016671277154052373,0.8964542739185051,0.01615276955668303,0.022749226320467643,0.01763841962905844,0.012253170565479487,ooq1TFcW.png
0.0143912334964048,0.01313852728794591,0.011872400328987948,0.9124867316201716,0.014870058398846555,0.018243364258778726,0.014997684608864567,BvLkM6aL.png
0.014172144463321412,0.00995010116017395,0.009671790336881597,0.01463914514202804,0.9189961817202761,0.01713460879960795,0.015436028377711072,xEOSklqL.png
0.016561928852693312,0.011382996450455127,0.012694131473998569,0.9151052755545059,0.014506788227426487,0.018271046864593986,0.011477832576326643,vsk9QtTb.png
0.013131318463261816,0.011278245656356621,0.010349371054370953,0.9221438988659525,0.015947547628802995,0.016445954104802894,0.010703664226452164,bYN8mgMF.png
0.5436191448655011,0.3711326241929711,0.010083287625275002,0.017053384284920335,0.025656098225855163,0.018043291940526292,0.014412168864950925,BlFJx9p2.png
0.017665421330843305,0.012855054669672822,0.01250060269440927,0.016014490620698395,0.01698108331415852,0.01977935468027251,0.9042039926899452,jHWzMZBX.png
0.014052837328536735,0.01120478581665603,0.010323097629285863,0.011821757183990655,0.9247079203566217,0.01731979516248571,0.010569806522423144,VxtFRGfW.png
0.9239710164296376,0.0102446157282787,0.010577606536776262,0.012907422174531846,0.014316673133000868,0.016353692615522074,0.011628973382252609,Bd663sGX.png
0.01636894157521724,0.01210857406838485,0.8938666616326281,0.014787714519858244,0.02381007207314402,0.027260296127159515,0.01179774000360812,DqnWrNtX.png
0.019957701949766062,0.1946157124354479,0.02423907399535777,0.01895243874613481,0.10587176327209766,0.023024367897635473,0.6133389417035602,JkkPy6AQ.png
0.017603074213778803,0.013576470603748508,0.7913044050980169,0.016669832596534036,0.018012423724327833,0.12946023641490592,0.013373557348687901,CyWHK8cb.png
0.019896566383378365,0.012702033907921437,0.012644353289785294,0.01640510722720096,0.017210039380632088,0.022025376903149357,0.8991165229079326,9lfnHqnq.png
0.020593410022060145,0.015087875003850828,0.00985887070195018,0.018452537431060432,0.01938652163065919,0.019244571592064753,0.8973762136183543,k6yv0IDG.png
0.7797777462044084,0.037985040648751224,0.024761662881886772,0.051971298164654366,0.0352542496595357,0.035997284310146996,0.03425271813061652,X5ay6OdE.png
0.012538656075730417,0.014304498038798939,0.0986207623394877,0.0346503670566436,0.012022131693079263,0.8174058485322299,0.010457736264030307,wKwx8cCl.jpg
0.022714711442319922,0.8910141080478768,0.014034997768972707,0.015310194504260794,0.023832654955410246,0.021198944219663896,0.01189438906149571,FycvTEy1.png
0.018992613965546527,0.013832577188423716,0.012469947388200352,0.01850961659986853,0.019368589471093465,0.02159591472055736,0.89523074066631,i8bGpRKt.png
0.9244236907640213,0.010470083415526311,0.010137065110678368,0.012726666568423533,0.014678105142341885,0.01651330651645138,0.0110510824825574,Uvfd1mdN.png
0.062478065048748574,0.14815630685947676,0.19709634020728817,0.06335577244129587,0.27821054180756233,0.10919109348241449,0.14151188015321386,D0ZuPqP9.png
0.8917221639627056,0.0272746183909042,0.007274760453243552,0.011642119185665527,0.019522082603583735,0.027877280496619705,0.014686974907277503,XHYDtihP.jpg
0.020644649066930972,0.014942487938595572,0.7479057771426392,0.021482088330717405,0.13426398207816476,0.046975803713150244,0.01378521172980178,H8XMLMoN.png
0.014056645312685514,0.009927766899416546,0.2348114609441819,0.012184516138434607,0.013559547249131484,0.7058700715806381,0.009589991875511947,StrB0qdK.png
0.908827630570222,0.032100949774596134,0.0080212431382395,0.017184549058704514,0.013485926311685733,0.013613994264074312,0.00676570688247792,Dhc3vAQj.jpg
0.012432777436392057,0.009736399736690554,0.009250735038351344,0.012256658095507758,0.01390642428704334,0.9335791142583449,0.008837891147669903,EgmLlFKZ.png
0.9248315324240325,0.010109031261734219,0.010177882349012984,0.013052802669079367,0.014401042287397562,0.016982839367873946,0.010444869640869457,yAkija0y.png
0.019369279778817073,0.017186163512954405,0.015722276366614028,0.01632775077620901,0.03452570060168528,0.017844122960062724,0.8790247060036576,SGrqxQ9u.png
0.01613625426057759,0.012568977353285441,0.012300606435943951,0.9104428023491788,0.015432552715539862,0.02000687425761446,0.013111932627859663,iQGZLiZl.png
0.17571156857639003,0.42346839844447093,0.05660157814951611,0.07481866481158446,0.05800827379813235,0.044214645330431936,0.16717687088947425,CMo54J89.jpg
0.019660624483998333,0.8977163387532391,0.01336189060163084,0.015803443877798296,0.017559679791407556,0.020914452095594508,0.014983570396331369,arezgmsE.png
0.017136141258887284,0.01189402505892851,0.012092186019583331,0.9124632891146511,0.016171564291466416,0.019732373772644758,0.010510420483838517,1XZHKujf.png
0.018424635786998513,0.896082427407616,0.014735636688194071,0.016014861957517345,0.019935357212646214,0.020425323313107313,0.014381757633920553,4nHzJCWR.png
0.015700769870528836,0.9012546000633701,0.010693204526471798,0.01573063099604845,0.018201039098574266,0.019510691235531043,0.018909064209475364,8axHGxnX.jpg
0.7341322293113242,0.1846447609944707,0.012414540646929756,0.012312801375800477,0.012109910303083943,0.020198395047719968,0.024187362320671004,LoxzO9bz.png
0.01822386706661506,0.8991876333358741,0.013689492937087946,0.017208727768885317,0.017381085529042772,0.02029754937236314,0.014011643990131559,hND1kQVy.png
0.015359047099763717,0.01133968630106404,0.009688263882586326,0.9110896295399996,0.0213268075978741,0.02082935648651731,0.01036720909219472,hGcwwDiR.png
0.24483092396526823,0.1377957634847254,0.09384852737905916,0.152374939586214,0.11763987620629679,0.08560300662679221,0.1679069627516442,t87RBrU5.png
0.015489530556174752,0.01164077557291619,0.01132315074608325,0.9143587166439244,0.015109996827172952,0.01922555930831269,0.01285227034541558,fyQWaVK3.png
0.016909760182492534,0.9008440747133344,0.013606886658543737,0.013799966843879064,0.016980781394694548,0.020773414931779373,0.017085115275276303,nmtWWO8J.png
0.015497380356719038,0.011134130760113527,0.01208418562272599,0.9162809263156909,0.01636300339210207,0.01705913250448004,0.011581241048168522,FHx7Z7Pt.png
0.02576082080961379,0.8934981107766363,0.01337084233546621,0.015532174943449972,0.018392968032202327,0.021237581357669164,0.012207501744962311,CybNCann.png
0.012408273222328247,0.008287818884765078,0.01021512517090393,0.01023151181087766,0.012316423886844794,0.9379479935547061,0.008592853469573957,zAe4xcKI.png
0.018899817690313674,0.8948470446070204,0.013704524112855502,0.016844817909832062,0.019234942342321558,0.021994369171438453,0.014474484166218432,76EpQXpN.png
0.029162490211818697,0.02632552713771751,0.05862294950088439,0.766266067026319,0.04448496155319927,0.04904452144577703,0.026093483124284066,mqFxina4.png
0.01927392254065534,0.8914805543947187,0.015943970487154967,0.018130890825893257,0.017454299401279533,0.022618370040582716,0.015097992309715522,CFWgyt1V.png
0.015269016842152825,0.01163943148276764,0.011532151268544719,0.9162213035850986,0.015615978794372067,0.01821096742283795,0.011511150604226443,QEsx1HUL.png
0.9317670349944898,0.011508227043031042,0.0077119617658459386,0.011580223940709716,0.012963113025911115,0.014957959239446064,0.009511479990566306,mNAn6g2p.jpg
0.01959368059936977,0.8981732976284889,0.013788063266170858,0.015399858312891406,0.01841176806427346,0.021131412186621533,0.013501919942184137,pgv16KNB.png
0.018657487996085447,0.8977840680766596,0.014836249646040522,0.015953450534719284,0.018044649949028914,0.020577485340689632,0.01414660845677656,hzd4Ktmp.png
0.9228682030770832,0.012978179763251474,0.009161162920860449,0.012457053542678629,0.01452103686864653,0.016038052952803965,0.011976310874675797,2YSySWcS.jpg
0.01909971495771431,0.013739661432694344,0.013249283437205911,0.01786721595147098,0.01765888654545179,0.02128387624973817,0.8971013614257245,5DCOY2zY.png
0.7436497849915501,0.18204253363209164,0.007686282787101925,0.011626847582466997,0.01752996934422385,0.029153399207973198,0.008311182454592421,WAwRYLGo.jpg
0.2719107759531706,0.19465242678378375,0.02410994316083597,0.028487995175293344,0.06223431677141354,0.09250083609906923,0.3261037060564336,BCm3HwjR.jpg
0.019373680551560076,0.030458343168772918,0.017807279480749023,0.0232817266300704,0.8469967722512205,0.026202058293585805,0.03588013962404114,Sq8qiGnA.png
0.013920750364101847,0.012014803033362992,0.8964512545118207,0.013808550411884687,0.018637334167841017,0.031963121110600436,0.013204186400388401,wKMxEpHX.png
0.015390280317371727,0.012491770168422515,0.011359473958668322,0.9151146679009192,0.013982028452387654,0.01965087645282033,0.012010902749410156,B2HKyGTf.png
0.9157503822478905,0.015246973757277774,0.011010067078590445,0.012949522609978534,0.015632565413573347,0.019010630741567742,0.010399858151121735,WRwiRSHE.png
0.9240417512087555,0.01010719867097742,0.010565792521403692,0.012858279800400104,0.014297943847699335,0.01655357534537074,0.01157545860539331,8H61GdWM.png
0.010668625859095067,0.009408682803170755,0.010972201514648634,0.012535477441548476,0.016350105648671412,0.9317227869418063,0.008342119791059397,w7C1zxjQ.png
