bali,jawa,jawi,lampung,lontara,pegon,sunda,image_id
0.032103175214055105,0.020684817573743356,0.15495698043904274,0.023508444838573266,0.055368029239889975,0.03192105846327837,0.6814574942314172,WEajVawh.png
0.015417937921483944,0.01178270963680589,0.011972005541423967,0.9161505528550926,0.014073976621595997,0.018191467782692886,0.012411349640904824,qA1ZrD98.png
0.022567851393389963,0.02136485198746642,0.7785953264985317,0.022377890256407833,0.03961341553186543,0.034075716204798386,0.08140494812754026,G4lDbpor.png
0.025406764214942697,0.025203426327865437,0.8483108107632092,0.01868503664283419,0.029766788453248996,0.0346431871078479,0.017983986490051524,fDI0VO86.png
0.2930265808818422,0.11407575212695245,0.19827715716768862,0.12996386536587134,0.11951811634646867,0.05605612834477046,0.08908239976640632,J9SshuHf.png
0.015565600894766942,0.010563487926704081,0.011990008030344054,0.9172431165488212,0.015977902145326288,0.01698643100815381,0.011673453445883422,aZwZsKoj.png
0.01755525822900763,0.8983856746936799,0.013411325524962003,0.016727038985379496,0.017355651176652317,0.021420311228491442,0.015144740161827189,5sibrN1x.png
0.011574761206954748,0.009594273760380825,0.008869235889427217,0.009933996127445067,0.011984771620745282,0.9391683997035245,0.008874561691522228,OQTuij3P.png
0.8834224073569282,0.012774593274952986,0.014347271145507953,0.014102229694296349,0.018246952820082037,0.034015090427760165,0.023091455280472337,ItQogqk5.jpg
0.014407537428210567,0.009970151495303437,0.02007947283451545,0.009331074549462833,0.011571959087896806,0.9239350516660138,0.010704752938597286,ZqydnzgJ.png
0.013503242938041515,0.008931917762303019,0.009990093786453545,0.01534406669961208,0.9266156493459322,0.015453904411322402,0.010161125056335344,PVjGocDm.png
0.012662117951810797,0.008545182223496968,0.01427045484419537,0.011249985060286053,0.010413872522307788,0.9343188828074349,0.008539504590468077,VJtZBYhT.png
0.01739155783927882,0.9027241918070573,0.013521645168837738,0.013333624120762388,0.02170582042758406,0.0185796501247864,0.012743510511693264,0CSBXH8E.png
0.010828396694128604,0.008709356355826219,0.01160775497502839,0.012520025393664582,0.011585548449307696,0.9353057320126772,0.009443186119367241,Qs5gOQRU.png
0.9218886782336374,0.010674459498772033,0.010383191941819327,0.013520241287752892,0.015109003976568345,0.01763950306833418,0.010784921993115787,3pEwqbyv.png
0.019027797566039784,0.01496826223684499,0.012592461524920277,0.9145822004721774,0.013441361360387328,0.016887076160717128,0.008500840678913177,LYSJlPHg.jpg
0.01648001613479365,0.011641877143701794,0.01320837280036322,0.9082630069872788,0.016626788878378148,0.021478873673788437,0.012301064381696071,RuN8j9dn.png
0.08188714533345282,0.05649012255592901,0.5591269043680087,0.0468758721361137,0.12401198292053855,0.0646401702162348,0.06696780246972245,r0elQ0IA.jpg
0.014994389427085324,0.011442465923911052,0.014720824791257102,0.906824863651743,0.013209759687366636,0.021556587950774288,0.017251108567862456,2vGITeza.png
0.01718276887226709,0.0141755563622692,0.012655448311442573,0.015056989806019935,0.018430328183246927,0.018501059057925595,0.9039978494068287,8cP0TG9G.png
0.015565126062987648,0.010630163230379007,0.011475096104378217,0.9166603791319089,0.014489866854796696,0.01718922051659308,0.013990148098956521,j6anMMkb.png
0.031418151033806,0.022926274072437212,0.7513050643089069,0.06590352596563055,0.03989633386817437,0.06571202088237381,0.022838629868671353,KTQSUrrc.jpg
0.01820131497792722,0.014009131820733824,0.8893674260998753,0.01650601910059568,0.02386847800086357,0.02378258044144159,0.014265049558563071,m5VeP6bO.png
0.012116733419823682,0.009226397559250818,0.008696285724588455,0.011561275178310928,0.013581532041943936,0.9359368319236568,0.008880944152425407,SnCZ4PQw.png
0.01514226243503903,0.014767263913514147,0.8824100987668135,0.016663512615008504,0.025800634146983192,0.02804542146088333,0.01717080666175836,wBQ3yw10.png
0.9137691708299843,0.01467382925938064,0.007797354643012796,0.018242853292020408,0.013192591983808623,0.017063487410933196,0.015260712580859915,AdpKUfiD.png
0.9277481432086628,0.008993491290567696,0.010136369495375183,0.013346679553508111,0.011059685889605288,0.015617703716560735,0.013097926845720134,KEu2kTL0.jpg
0.018597990728111115,0.01228144788461455,0.01298359418189097,0.016569663906700786,0.017858159170177277,0.019543709532718997,0.9021654345957864,vDh3sqrP.png
0.033297814433116725,0.024308202512334606,0.42698912291495955,0.01757362744815453,0.0183717116033193,0.45205411688468045,0.027405404203434822,vlFWLeRt.jpg
0.012028819947981044,0.009038210920383129,0.009202256623468786,0.011545958072217751,0.011938016352894563,0.9382705876863893,0.007976150396665669,i3o0uiBI.png
0.0198897613520796,0.08504576418952628,0.020315845883293698,0.013897027735740454,0.034851766560949814,0.021096608367469603,0.8049032259109404,GzY7jkaJ.png
0.02126905323035683,0.02234783952367373,0.024913122778823408,0.4562644121794606,0.38932841391839496,0.03305473695334962,0.05282242141594087,G3QE12Wa.png
0.0139678813367674,0.014148173296489115,0.17321532315946828,0.026758346295833166,0.012745763887392837,0.735450162170906,0.023714349853143194,OejnTLcZ.png
0.02496543873021323,0.896363366743251,0.012992980434812838,0.01696992955249347,0.01588908275561521,0.01947108298126883,0.013348118802345214,XSED2XWK.jpg
0.01684152051571406,0.013858632639382975,0.012531216898118498,0.014953900578577818,0.015607421547664294,0.020668149780891952,0.9055391580396505,inXsqhEY.png
0.02472259595176161,0.8782382202165337,0.01678341173987145,0.01750292459499502,0.023550231153812877,0.016073387461548207,0.023129228881477,ndpkiGAu.jpg
0.9223412598330936,0.014383698195926312,0.009979902083437176,0.012741194550534626,0.01430116427514507,0.016354510912530665,0.009898270149332701,bJbum0jm.png
0.014231148159717865,0.009843431547750144,0.012001620760991701,0.9172226163023698,0.012373621674319747,0.01668345357237479,0.017644107982476103,vhJKwyt6.png
0.08925786770659751,0.3472509928422055,0.15715211225891898,0.09596797695909243,0.08965729754274868,0.09953201908660549,0.12118173360383153,HC8195r5.jpg
0.012652698331133378,0.00923976536268183,0.008290379910518082,0.01046985995516849,0.011950738611192346,0.9372943803850551,0.01010217744425075,FsRveb1q.png
0.02210959774483959,0.018915927162789236,0.023633442300003433,0.0157394375272856,0.025450837987264323,0.02144131253358838,0.8727094447442296,I9EOqAYR.png
0.01976586652184007,0.8954015680137691,0.013991127837238453,0.019951229634780944,0.017421586098050116,0.020966517915406636,0.012502103978914615,1ylSINFk.png
0.020002792999015265,0.01407711797915034,0.0163373062156388,0.01165604099819348,0.01597500925387739,0.019715843380571356,0.9022358891735535,os7DW2YN.png
0.012878755234607759,0.008764541464872233,0.008798016822993082,0.009980453819987023,0.012974777462164968,0.9370207839036365,0.009582671291738516,lYmPrQa7.png
0.018293024552437767,0.01132980152144854,0.01189187325057364,0.9181010876967284,0.013721132967154753,0.01716095212668065,0.009502127884976156,DouTwCmZ.jpg
0.011118475619414349,0.009982128809555402,0.009651298065394035,0.009923476417029647,0.013014306077571777,0.9260250558543848,0.020285259156650137,JM5Rlwfw.png
0.018667223349403777,0.01618697965092766,0.8911084328899209,0.016553321890216282,0.019678990299777974,0.02413556765044051,0.013669484269312844,4ONNN3sr.png
0.016146262611131224,0.9040139252014451,0.010807170295763276,0.014162513637733314,0.01847690870083237,0.01865415308153255,0.01773906647156222,26WUdDnL.jpg
0.015496287353233123,0.012489879867364589,0.01182586988636085,0.9207136856402033,0.01164978051173766,0.01811744906902262,0.00970704767207789,sXLZOJSp.jpg
0.02174154906320539,0.03341229054558316,0.029746751157731014,0.053666699605036706,0.7627126308652196,0.03252934993689488,0.06619072882632934,TdLGEb6y.png
0.014751572039110726,0.01097179159072793,0.010363298038271058,0.013860307834194317,0.9214794155126079,0.016871343589689856,0.0117022713953982,eJBz6Ijo.png
0.01602074546232845,0.015726315316673234,0.014914963051641332,0.021132227921161657,0.01967045934537453,0.020450826328716323,0.8920844625741045,QfVxUOA8.png
0.020224388442906745,0.01447644120399012,0.8931919622999996,0.01518968788537929,0.021849202118017892,0.023534154614599255,0.011534163435106996,xKDQ2khc.png
0.01657088911608828,0.01469916673088967,0.8889448018455212,0.01768260960129731,0.019238033487321157,0.028393966636019195,0.014470532582863361,J0DSglN2.png
0.011698809377555942,0.009402006937808594,0.00815800903364165,0.010309246984826449,0.011109229975850936,0.9396916669584101,0.009631030731906316,S9OQQwUs.png
0.01264095720118286,0.010249237082341902,0.011691653447564641,0.9209762155345671,0.01743269386709764,0.016056325749258374,0.010952917117987467,Y3FTOh22.png
0.01648774182994116,0.014650070934367246,0.8887946586856207,0.020541840841399386,0.020039988959193362,0.024647976868602,0.014837721880876021,U8zdIIUJ.png
0.012237935163653449,0.016381704205433546,0.1072347152162151,0.01748541697342732,0.017447998068444413,0.8161093670010389,0.013102863371787269,MXzGfFQm.jpg
0.023592866965784054,0.017868242161454814,0.653300194856892,0.023544977865799916,0.01881777664306427,0.24681779703426424,0.016058144472740715,TWwOlCLX.webp
0.015679119879819674,0.014695973503823723,0.8982055524148312,0.014582339753433262,0.017610879646026506,0.02596598717920605,0.013260147622859394,aYPxmfJH.png
0.02675242983870131,0.03885914078147927,0.03548743930826998,0.07684264284137624,0.7141026776411773,0.062226771640741224,0.04572889794825466,Z7BTkpZi.png
0.018077216704298318,0.01627419771587157,0.8875316755825591,0.019017398995489498,0.02059735921306242,0.024572022213618,0.01393012957510113,3ZJwNBAE.png
0.01871542471766158,0.9010654661741738,0.013396179600055538,0.015713331899463282,0.01547082357770539,0.019925259736331438,0.01571351429460903,VjUX1UMA.jpg
0.013789176692042306,0.011988543046844309,0.009795969093597229,0.012921575865000177,0.9254172912819703,0.015923368359105846,0.010164075661440024,Pe5YLNR7.png
0.015137778572856348,0.014864346895230833,0.4568158745211208,0.014128763803049072,0.017112200609245024,0.4708787852815843,0.011062250316913646,yDpRmpun.jpg
0.01830002309863168,0.012614636221461695,0.013205545812139797,0.016229219752253686,0.017215451186451836,0.01981712389546197,0.9026180000335994,7WFSRZdK.png
0.9306498657859289,0.011149822244571665,0.009199415247109096,0.01293310461219183,0.012560822814766535,0.014230254514504992,0.00927671478092719,ih56UWvz.jpg
0.018212292557116393,0.012777654563857979,0.013401200868449896,0.01726346017195143,0.01770841998646205,0.021001169070383265,0.8996358027817789,SkISLMsf.png
0.014330487242818294,0.010707113683202062,0.01004177647657548,0.01299065722731599,0.9228523739848108,0.017409389854453162,0.01166820153082415,na92LGMz.png
0.01621563244405473,0.011793763411976596,0.012326391423219563,0.9132387004264948,0.0142702554811559,0.01898509767211802,0.013170159140980306,1ZVk0eST.png
0.01518889522992716,0.011377429120295674,0.011551932381135567,0.9139778916054409,0.014999593953660585,0.017671092957262415,0.015233164752277647,gdOOKVnw.png
0.014953800687849395,0.010796658511526832,0.011387915936955829,0.012426200230911658,0.9229334609597072,0.016462770281166085,0.01103919339188303,ehzSl5Ig.png
0.011082087588918332,0.009115919988249654,0.027732924078779284,0.009935433478644947,0.01161546205310026,0.9193620547503898,0.011156118061917781,fWSSeXCX.webp
0.019927348591966935,0.01378638095215928,0.3383718809799066,0.41348505779241457,0.10506989339267354,0.04443946422650236,0.06491997406437677,zNfsepUJ.png
0.012500503917970526,0.010012667791280109,0.00866942748662353,0.011594672662866182,0.011274986849199187,0.9370641037041513,0.008883637587909205,fkJRTTfO.png
0.019328226727444105,0.014238953993252383,0.01179319957791198,0.016204205704583457,0.021298185346686403,0.020765673801708122,0.8963715548484136,pgSyyi4V.png
0.10999387936460787,0.08720942975396849,0.14381815642465112,0.11024404138918001,0.11557387846776665,0.1120620743127705,0.3210985402870554,YZumQKNy.jpg
0.015353180501237506,0.017229432146668795,0.013243310126549055,0.852423197881557,0.07219410561280083,0.0169391859546019,0.012617587776585072,WiADA2MM.png
0.015077395269479875,0.011106001402377469,0.011590048336477057,0.9168346615508915,0.014824823928127577,0.0174493386919976,0.013117730820648947,OZQEsgPy.png
0.01173427501432721,0.01045790954069427,0.011300133383430831,0.018679828744226273,0.9146797446941947,0.018253918084687803,0.014894190538438934,HLdt1ZzI.png
0.7507706324127383,0.16048044633688022,0.0125801486418275,0.017598713297052405,0.024200760961906407,0.022919574972898718,0.011449723376696473,9JSbMpTZ.jpg
0.01418499044375477,0.009714702112599054,0.10740495360842044,0.011949626878100122,0.013809326736311685,0.833050109092554,0.009886291128259913,dzq5cujj.jpg
0.016937823694306797,0.013495069136148171,0.8900016040462606,0.016078074369063486,0.025670828118816533,0.022611323112128476,0.01520527752327584,OsqMdOFN.png
0.01884399573917608,0.012287874522135605,0.012605176791096118,0.020245018949213562,0.0196446911745023,0.021554891952569117,0.8948183508713072,HgwXDSUQ.png
0.016794282499736954,0.0161699959473844,0.8817332423900359,0.02189643784041793,0.019153103958658817,0.028454294252328823,0.015798643111436986,pTQL9HRj.png
0.014740530944354636,0.012364429831396028,0.011696734171059549,0.9133125225056818,0.01603403511657884,0.018788795433069296,0.013062951997859876,3nLgwaxm.png
0.016081584209952947,0.9038948652154848,0.012125592472570975,0.017024712099885736,0.015894167613010695,0.020062137079541794,0.014916941309553152,TXqX2mWJ.png
0.034345097912798106,0.02187495076068006,0.0581857325980868,0.022604434645937026,0.4126327687999798,0.42019151660226617,0.030165498680252124,q0xsg3Dy.jpg
0.9010880496223374,0.0157465450141822,0.012853447249316596,0.013479327139873133,0.020399370881542,0.017385476626702832,0.019047783466045944,F9izBJpz.png
0.016816729653263543,0.014533021925939325,0.01582503831247424,0.01820265220478122,0.01981471322455529,0.020217830956042435,0.8945900137229439,t82u4xu2.png
0.016108627153087536,0.015015596638193223,0.1415291686051012,0.01771255068712487,0.01810985342106074,0.7768239581308183,0.014700245364614064,jg4VFZds.jpg
0.10559741273927893,0.2969259688968674,0.032617409537627665,0.375419397856995,0.15671054502669302,0.01807908287329105,0.014650183069246928,lUuephPg.jpg
0.014084259556115334,0.011113906723514505,0.01105898475869405,0.9186228130462749,0.014908254558510543,0.01737098993867861,0.012840791418211903,OnWsj9bp.png
0.08797751290736898,0.7345006037228321,0.030957255076048566,0.032935152218002646,0.04640037964164704,0.03348187930175336,0.0337472171323472,1c7Wpj98.png
0.01837804430019689,0.8961159898941659,0.014521614118607576,0.01619509388064324,0.01937310492516598,0.021522681753674815,0.013893471127545477,WSBZPBmt.png
0.09477726439008485,0.8317025788865856,0.012209941443873162,0.011761623026582926,0.02001399040146372,0.01784105779748737,0.011693544053922204,aQis1ndJ.jpg
0.018075778441976505,0.012795127918662795,0.6759556746747306,0.018025815604599343,0.02351871847592937,0.23673972451899644,0.01488916036510493,zFNBzMgh.jpg
0.0333216804781585,0.8528634579039748,0.016122659650596418,0.022463506153162064,0.026930814710821174,0.014439695721367397,0.033858185381919634,BKre5xTa.jpg
0.023088081990493784,0.01698036100996723,0.7061694952044232,0.029036813353908616,0.016743564064372378,0.17254865960134363,0.03543302477549118,vE1lC5ua.jpg
0.016047688000936405,0.021586938454166836,0.39868828880714446,0.05754469836370392,0.02437846578785121,0.46652168844488523,0.015232232141311901,F50UsMaR.webp
0.03276024092205563,0.04084111832616176,0.7625414052296701,0.07862938189475194,0.022802556014178427,0.03922644662319851,0.023198850989983595,26z1ANyb.jpg
0.01618820041980923,0.017892278348411315,0.013569178562043769,0.013875767243146566,0.9021486435949796,0.01748504882614619,0.018840883005463445,CnBToLjM.png
0.0186739916233574,0.01249000532862862,0.01290232803181879,0.016500084022423357,0.017548593280869582,0.01964946151937879,0.9022355361935234,uNqqe0I4.png
0.01636318523864364,0.8952971945660008,0.014066228806770666,0.014358468108736764,0.019851330695474737,0.021187511650392083,0.018876080933981458,WBPdHXL5.png
0.014447459888225267,0.011215768121622456,0.0120574789602501,0.9166569817050902,0.0135926709315611,0.019191507625480535,0.012838132767770323,U7vvUNPB.png
0.09113043198341855,0.12723390288177477,0.04783586871683862,0.02773385346152713,0.07215908896747793,0.040057851074950114,0.5938490029140129,wLoVkfTl.png
0.014835045582239529,0.018313605172858984,0.020603313772542355,0.008339319837968057,0.01594593365905567,0.015750590123622253,0.9062121918517132,Eys3trgy.png
0.01924402983291518,0.014504952362590268,0.8955255480974731,0.015809455410646135,0.018958949390471252,0.02178921942997071,0.01416784547593342,fGihSJCN.png
0.010955252811498796,0.008718552554114327,0.027804448197135383,0.009713488597109712,0.010924899063282987,0.9219718668662084,0.009911491910650522,rHj8SiVp.png
0.014549054768811236,0.010218555233683684,0.1312821937905416,0.011760515196968814,0.013682108177869464,0.8076440551361826,0.010863517695942682,Lm3wIDHm.png
0.01869445017653206,0.017890385765661338,0.8789028832918997,0.019896148170670307,0.02516010353149835,0.02380389343583887,0.015652135627899324,m7bhJXyj.png
0.015603281101808518,0.9010382405162297,0.013865134901165005,0.014725038343474274,0.01681268695752173,0.02105909272001397,0.01689652545978672,3BUyPwJk.png
0.021253522343087503,0.8879299673134222,0.015150490241086499,0.01831270658397288,0.018134671607794025,0.023768606237941414,0.015450035672695416,UnwSaMS8.png
0.016023131469579906,0.8922992364500038,0.011054526182547734,0.024596874604899507,0.018202304396274436,0.02297726911504188,0.014846657781652707,Fj83bcac.jpg
0.012576346747384377,0.008751365157056311,0.008275892373275352,0.010613938621721736,0.011253341567382382,0.9391698936674836,0.009359221865696226,AvWpUyyu.png
0.013732156363969147,0.010420967578203941,0.007500021881610108,0.012444003177818939,0.920840726989662,0.02190447339332708,0.013157650615408753,FWqUTKFt.jpg
0.04539785436280653,0.8742956467689891,0.014169624496816469,0.017500029180373813,0.015333126919321241,0.020910544232274206,0.01239317403941882,GtqK3cHR.jpg
0.012854558048636465,0.00918315616619501,0.010139642419945433,0.009908282192998226,0.010981672855009506,0.9370374958981567,0.009895192419058629,nGSdmtoh.png
0.02338019059712922,0.8921438001847803,0.013357887220859049,0.013228972832912071,0.026350544226273056,0.020129865908639175,0.011408739029406893,pVthZwP1.png
0.01765335038350448,0.8766775797877566,0.012452022702455953,0.021012423432328883,0.03478998249363621,0.021313630362032706,0.016101010838285027,5eX664EA.png
0.015011397699274674,0.011327575390428753,0.010436552093130026,0.013224273485208576,0.921756244993416,0.01716676311947603,0.01107719321906608,ScnmEXLU.png
0.013075428756746756,0.007461661516044669,0.03762711952864864,0.009134017996485968,0.01200810514531305,0.9111061061925112,0.009587560864249531,n6DUkpEY.png
0.01806268790929274,0.013589411888501364,0.012952699692069617,0.015376117821232568,0.018730384934228465,0.01976125558317427,0.901527442171501,xUGmT8fC.png
0.07396849529370317,0.1814847308625004,0.1182209018393901,0.10857248152271509,0.11170981723207546,0.22421440510442636,0.18182916814518935,Xre8jQe3.webp
0.015271130997428117,0.011540521423667035,0.010406429153757522,0.0133915726730894,0.9207780575958423,0.01744241162290826,0.011169876533307433,C6hR7VXO.png
0.9248149416458085,0.010387605174598287,0.010377224534443282,0.013031892173495789,0.013949170330855087,0.01648096079602333,0.010958205344775719,8I2L3o6S.png
0.015639406225907402,0.010605940774052554,0.011170707208052038,0.012364845513857322,0.9226564466984875,0.016156421944354554,0.011406231635288509,SxoWWkm3.png
0.017694770514584506,0.019021308729932736,0.8709663197176207,0.020078153483542877,0.023372230329266462,0.0314619101402914,0.017405307084761297,aq9Gx8p5.png
0.019620629811937167,0.014833126094372042,0.008973103033661363,0.019210342402546328,0.017480748165882375,0.018933972262451648,0.9009480782291491,k5xdnWK8.png
0.017600539130781957,0.014370457326490215,0.8858792721912098,0.017214706248665192,0.02786396292669286,0.0216471678147316,0.015423894361428289,hJmQnS4O.png
0.017816767892743005,0.01462197989126911,0.8912112335362472,0.01773273043745328,0.018920076193207982,0.024252507544861104,0.01544470450421832,Dpu9hYWa.png
0.012441106610354587,0.009612535012744946,0.008663942411502184,0.011261735353439604,0.014925832800144699,0.9334221741253655,0.009672673686448615,xQjZVApr.png
0.01561992285366921,0.012475229569131155,0.011933420458011868,0.9142705924253056,0.01586825385938504,0.017765599592611446,0.012066981241885568,OqzKJN52.png
0.017988742436713848,0.01231127876288473,0.01207217818768509,0.016346106238980463,0.018539890427943167,0.018954835991006683,0.9037869679547861,LvoCIxWk.png
0.014306927283759038,0.011292522915505318,0.010612270131745406,0.013010802935342765,0.9230329318778516,0.016945934210040002,0.010798610645755848,jDvkwspJ.png
0.015463594285843587,0.012673608284428846,0.011174126310981806,0.9148568185975632,0.015612931992069229,0.018454925704815942,0.01176399482429744,iSe2cw0a.png
0.018300267660260508,0.013218966165552567,0.011389540952536407,0.9107561655082294,0.01307536353510021,0.018281144876671936,0.014978551301649105,5kT0KM0c.png
0.019038386824203384,0.012197728113471125,0.01356876775180028,0.017602004907896755,0.02203012053752292,0.02060703510251268,0.8949559567625929,5K4PiZGI.png
0.011340710764873276,0.008833337125102338,0.009588009125701432,0.01296041618888836,0.014712608473463732,0.9307775141150004,0.011787404206970368,AdLJqOB1.png
0.027274834447360764,0.36464032771063926,0.015316111869295284,0.021501373296380702,0.06307552197194254,0.043932975894778396,0.46425885480960305,1RE1VcHj.jpg
0.013299570510956926,0.012244311324879012,0.8868064562598785,0.013636210986903497,0.02698082365193392,0.035349804267208774,0.011682822998239138,Mgzl4MJw.png
0.05828994500765727,0.04053334631697741,0.0109673772526826,0.018295781824533595,0.030846077576306887,0.060286284482957524,0.7807811875388848,H036HViM.jpg
0.0134042232706629,0.007815181396576549,0.011207099737520062,0.007859945781393084,0.012670078603409927,0.9368764644453857,0.010167006765051887,n5DNTpPv.png
0.018474045093775423,0.8988240577270518,0.01404377373843786,0.01569554641794085,0.018057334942315012,0.02116895672184555,0.013736285358633773,G53WDmJS.png
0.019897309869000283,0.898160949268897,0.012812937518477662,0.01755756147769455,0.01690742083686122,0.018349390119339327,0.01631443090973013,yuiAa6pM.jpg
0.013073344815462176,0.008079435923171901,0.025508017720250395,0.009912328221089561,0.01202658787060813,0.9208427271431779,0.01055755830624003,8QbQfOFO.png
0.047877167694843056,0.05836876573279577,0.727810942388565,0.04065335031573707,0.05150503286855931,0.052154647395570644,0.021630093603929312,ErGST9sT.jpg
0.017454432417706355,0.8998673509287178,0.012498964913438652,0.01612492674695055,0.01966340472151819,0.020759710579390245,0.013631209692278129,KLS2GwTM.png
0.01193443891065239,0.014354615302211824,0.09978934278480502,0.023249350713796,0.012802174588871236,0.8287202854690187,0.009149792230645038,PFdjl0p9.jpg
0.011465208553011825,0.009285005625443073,0.00826951954667855,0.009882938107395833,0.012108818383465966,0.9399685035614898,0.009020006222514932,Pcz6TMby.png
0.01653813698065616,0.9038178850404088,0.011441851519413496,0.014734997571982137,0.017896753298342494,0.01941228315964072,0.01615809242955635,ItKYqOPE.jpg
0.017999595423567605,0.012089610099281915,0.012246246752317457,0.915745794558638,0.01452936742409986,0.017663179883745654,0.00972620585834938,a9BmtPJb.jpg
0.019116421534912848,0.013023876540302461,0.012830075060326022,0.016306857698216028,0.01782867310898446,0.021432071193250427,0.8994620248640077,EMRQOOsO.png
0.6626061583005222,0.20820416150672114,0.020377314007659054,0.022940373013199074,0.0381007802214938,0.030908901354204224,0.016862311596200587,nQwYl20J.png
0.02727652115403447,0.013440087308434795,0.01241822691382127,0.8996046692357408,0.01774515349310671,0.015272851576867787,0.014242490317994282,10YNnodr.png
0.9214339054349553,0.0110526894952189,0.010142247783547453,0.013910076432567033,0.01620543901662412,0.01649946050821572,0.010756181328871352,x8yJPsGV.png
0.05406272703980967,0.04198123020550279,0.0402019605158455,0.046311240306567636,0.64098348128826,0.039516403735615296,0.13694295690839908,y4Div1Ps.jpg
0.015214649331823388,0.012174154870809663,0.014121942135544055,0.9139464962665017,0.014978031902090393,0.017556576928518565,0.012008148564712209,IwuTnbUj.png
0.9272714709052701,0.017531402303508813,0.008387416262267992,0.008513766716352482,0.010586417850421172,0.014062630543175145,0.013646895419004247,6nRakZMt.png
0.10639530788287498,0.07357811601323506,0.2927606894013024,0.10014289209775679,0.276114025405355,0.06055294100868488,0.09045602819079088,4PdmVIkP.png
0.01751575038154933,0.9028458088723994,0.01285692785560129,0.014618870669974483,0.01784281282318507,0.01864451729120272,0.01567531210608774,4sMBUagD.png
0.01365769400359956,0.010603890045336519,0.009278909148303467,0.01468934907591322,0.9235002098532814,0.01692876639806091,0.0113411814755048,lFWeSmNZ.png
0.017411626362582564,0.9012893668657529,0.01231802024707908,0.017530385281718425,0.01717322135052497,0.02087961838053557,0.013397761511806635,mHeGx7ZL.png
0.04284609455911089,0.04593249050924538,0.06387881887861888,0.06392416307102249,0.6293145879465917,0.05785442429448836,0.09624942074092226,xlXgf5c2.png
0.017544406826876788,0.015045554877480032,0.8885658717608991,0.016369446665292216,0.023030278168055536,0.02344104195738704,0.016003399744009265,NtuvqiQ4.png
0.014114128095772636,0.011451588562495143,0.01120388248305454,0.9187284472999482,0.01340097188501581,0.017638081222697652,0.01346290045101592,PbWauHfe.png
0.014160943337155256,0.014307219671389846,0.14504643896646877,0.029924028109805743,0.03931930304460017,0.7457171656094868,0.011524901261093425,ipYw1jbF.jpg
0.019013045655811276,0.8965080385660477,0.01247446151034348,0.017998775658830218,0.02009684663680668,0.02169320424781596,0.012215627724344796,emcWShUR.png
0.012333223215682369,0.010916970003774305,0.010856421260155288,0.012782536282723151,0.013600267406796386,0.9270520603568068,0.01245852147406167,zpaJVslx.png
0.9299877457339669,0.010700685045702705,0.008416087290731514,0.014082028408786331,0.011885771054943003,0.014469737191185654,0.010457945274683791,K3eaNag9.png
0.01655323043955686,0.013493166453737267,0.007822152520771631,0.015160168819436541,0.9190087613813057,0.016891340262122346,0.011071180123069837,YBRfQm8i.jpg
0.019083431893595557,0.013971155396620083,0.01192534636713724,0.03858371799063333,0.015750624107649016,0.02099045302331288,0.879695271221052,TqNcmXGk.png
0.016645256220075448,0.013235752324266157,0.8787731775367527,0.014911605193313112,0.029614023504974423,0.029228200858195583,0.01759198436242273,75FTutS8.png
0.01913278376351196,0.012560847398469271,0.01343144797089514,0.017940567810713137,0.01896402436330136,0.022824007846777555,0.8951463208463315,svOhCBGO.png
0.010567353349305152,0.009650773605803024,0.03096824539326353,0.019041573403027916,0.01140964143701083,0.9075406387504421,0.010821774061147359,Y43lbNxD.jpg
0.017150895812245222,0.01227673440222649,0.013706772077003491,0.9103503850730247,0.01376563023565628,0.019097284396295253,0.013652298003548695,PHspQViJ.png
0.9269677821846152,0.00941845076646591,0.00929335074565418,0.013663555408997637,0.014402329820295188,0.015163143165785346,0.011091387908186513,irfN8SvM.png
0.01708666429919606,0.89240625852834,0.01522699552037395,0.014550290930950211,0.019905705804034304,0.021703328391353083,0.01912075652575238,6keS2q1W.png
0.011108655360419413,0.006894075901054835,0.01732815166788841,0.007745464935017898,0.0147203390281176,0.9343642186948163,0.007839094412685444,iqjxUJyG.png
0.013196958226622436,0.00950316754709284,0.00983730874771152,0.0108923908257016,0.011909507982157683,0.9350497955305307,0.009610871140183148,056AqPTe.jpg
0.01567472496619454,0.014490171512494475,0.5444068984330122,0.0337441367703833,0.02218041781868469,0.3588274600270003,0.010676190472230524,tuQn2tFG.jpg
0.017589496105343976,0.011327752724210546,0.01283208650059866,0.01753353548601394,0.015046488281421811,0.01991925602294553,0.9057513848794655,VCETFUEm.png
0.9271956119617525,0.010101913380223478,0.010177464341011676,0.012354063283144848,0.013291692316364541,0.015236329373386972,0.01164292534411593,KbH41LGp.png
0.0545814538228184,0.06418879525519164,0.22944082825501427,0.37757707215110775,0.1544153840704041,0.05212703617018191,0.067669430275282,uDeervHv.png
0.9269689614383828,0.017063300262690824,0.00614432794547219,0.009087365720141965,0.0124707465443763,0.020250600703878723,0.00801469738505712,kOzZg1JG.jpg
0.016274066535155254,0.011558004173262205,0.013415503265246511,0.9106365792294123,0.015721901931942263,0.020280504121869276,0.012113440743111993,VYOpwZqb.png
0.016366022917457874,0.017056068545612698,0.80747596702354,0.021212230327445684,0.03748782473428051,0.08460978275506738,0.01579210369659579,tFNYQUUg.png
0.021230046436529863,0.01498962275829388,0.7933940307625886,0.020089828718265867,0.01829119340387979,0.11732622465843237,0.014679053262009738,ZjFyliaI.png
0.02836502643013722,0.11877342522964754,0.04719487617445139,0.01482738862659607,0.03961725521042226,0.023080349581899043,0.7281416787468467,ikM06HcP.png
0.012367978140672144,0.009294932847109262,0.009701123012619838,0.010670294137547411,0.012185206987460628,0.9370300744151838,0.008750390459407072,zLGulVUF.png
0.015650535944550962,0.015038264560152833,0.47817924486534386,0.019676825770938638,0.03523882888423447,0.42256564745342556,0.013650652521353644,XBafp2ut.png
0.019075550620911944,0.012469563564972103,0.012221225615207467,0.01616047874305103,0.01763068380987557,0.021933287347893644,0.9005092102980883,XziMPG8z.png
0.01810918445866189,0.8954753846524686,0.012903847308850866,0.019126505522692735,0.020093204860224274,0.021072466270125708,0.013219406926976079,24T5SZRZ.png
0.017719773047994606,0.012042748838427368,0.8710863405508872,0.03301321893074541,0.027854569155601912,0.026259785280169964,0.012023564196173646,Osd5jaCP.png
0.014566969037819975,0.012077109310633737,0.010217208303941452,0.916501271641642,0.014657833124240202,0.017931911432567383,0.014047697149155462,P8cAscCZ.png
0.01445837598028452,0.010800638973437006,0.012514715497364052,0.9169995325252327,0.014568422557303172,0.01988649981531752,0.010771814651061012,jM8Jsl4A.png
0.015978406522258178,0.016510022249372345,0.01270455235896899,0.01467393072241527,0.018912970498476886,0.019192783911079075,0.9020273337374293,s74sHDUk.png
0.013924936049060756,0.012292877268082491,0.7830249450855398,0.010832209896350893,0.021154228382761955,0.14120692286045172,0.017563880457752465,0n7QAEVG.png
0.05503795877982106,0.2596524549493277,0.06538231174638927,0.05812327614843252,0.022829945854851732,0.028070271098203876,0.5109037814229738,l7zErLnw.jpg
0.03172649793522441,0.870337343666164,0.013665834581859366,0.028242302703623007,0.02486439619339664,0.019310170918827523,0.01185345400090496,LPbJ8Xa9.png
0.014632208899260667,0.011426089726866519,0.01363622355255905,0.011110790721016535,0.013239471822164704,0.9253762668865686,0.010578948391564017,uneupKp4.jpg
0.01830688334865718,0.013645972096503329,0.011801233695365038,0.016492179938378117,0.016302769929021,0.021607560252438276,0.9018434007396372,RQ3dXMka.png
0.016194481251823385,0.011944113670559626,0.01347545950571041,0.9122288347102376,0.016298965788352528,0.01849414845622512,0.011363996617091336,gPxFUf2Q.png
0.052327622769603316,0.04104595168565352,0.7178384354430298,0.1167377121711651,0.019648945726642005,0.03550187916247709,0.016899453041429143,gCeXTM6f.png
0.014910075433476,0.011362132124463823,0.010738678145678304,0.013112974431003907,0.9216758145863577,0.01708773967288749,0.011112585606132742,RCAhhZd5.png
0.014522305722901824,0.013358877965818776,0.010439018905283605,0.915059835840682,0.016953198434343307,0.019249664327589296,0.01041709880338123,EZsD6yU2.png
0.016363207561587927,0.011815611254322768,0.01144210594994464,0.919399473780875,0.012578690279970798,0.01802244748589132,0.010378463687407522,YwAccQRI.jpg
0.012826975996721425,0.010017967997954466,0.008531466837467333,0.01181033102913097,0.012449749218967786,0.9348263936970116,0.009537115222746658,YUSbZwlL.png
0.015579995763785012,0.011528635909194397,0.010480915592397937,0.9186900265128111,0.014826944051262118,0.017415792640122427,0.011477689530427156,etGskeZb.png
0.016368847521733176,0.012098696926512227,0.01198717828771952,0.9122580756804255,0.01589049143327589,0.019173266672650756,0.012223443477683116,hLjOXcIt.png
0.9229591093828703,0.010832641328276747,0.010463421576004743,0.01298814709241264,0.014687105172852565,0.017171746604999337,0.010897828842583545,XHfBbGro.png
0.015239083223335738,0.011943539657001536,0.011347247185602873,0.9151652304767901,0.01736182921595794,0.017936461549171764,0.011006608692139978,qq4ruweS.png
0.019284954795690777,0.019977242888980125,0.8598285517536837,0.017414286204561265,0.031134593594589435,0.034750952749141986,0.017609418013352786,88um4MLL.png
0.01755229156139475,0.011724214680395901,0.8758186589873745,0.01732351521471938,0.024414567532372776,0.034691429718394326,0.01847532230534838,mh0dnpYt.png
0.012594999290168274,0.01719960538994558,0.17610019539164956,0.019688741869641667,0.017689047289176932,0.7382313606895406,0.018496050079877355,EkcAINcb.jpg
0.015514878480358318,0.012770154745296457,0.6406121994483243,0.04744872721222388,0.14780563554186515,0.12031760352067006,0.015530801051261891,t4WWJWrm.png
0.019040033158298882,0.01224119725204084,0.012591974433950381,0.01671753756966728,0.01778893092883387,0.01952821396129736,0.9020921126959114,CnD6r3Nc.png
0.01500234096587556,0.011019207782247999,0.01257433849837367,0.914442692071446,0.014432963246090863,0.020264398038755144,0.012264059397210758,KErle2IZ.png
0.020629345871432985,0.01497434941217051,0.8715252213018337,0.019710621420314694,0.026559946179107834,0.030805615620305503,0.015794900194834587,OxqIjBqf.png
0.01659809825524967,0.010410683172418044,0.011468551951968803,0.9192097336079146,0.015843836392171688,0.017349520218997418,0.009119576401279729,eQdRb66P.bmp
0.016905349798343437,0.013189261730156644,0.012656122175562643,0.9173696101478346,0.011717437858090807,0.018444317758442245,0.00971790053156955,rAp05mwt.jpg
0.015519647608642563,0.011736652633359896,0.012995760654682966,0.9132711623655754,0.015505509250990784,0.01832986315559014,0.012641404331158143,NOtYR2fS.png
0.022169000256602314,0.8801617725122827,0.016372047143476152,0.018453528448985023,0.01865133971419044,0.025060439399064167,0.019131872525399277,2JOdaZIF.jpg
0.01408442800035352,0.013092667138386995,0.011184473981397559,0.913328312038327,0.01691461889501318,0.019737312309809005,0.01165818763671267,U7VOFbSp.png
0.022767700106212783,0.015084344607463293,0.009612413127653728,0.22840392604620796,0.6960346687172041,0.015303582589707503,0.012793364805550793,8oq6zqeT.jpg
0.012675219016964275,0.007497378101321172,0.01822361861394147,0.008589437523002789,0.011075491774517518,0.9329675681800367,0.008971286790216011,A8vOjcCg.png
0.014493773749708293,0.013349950531968911,0.8866946171684927,0.017446911328064776,0.017629117997090424,0.03588074134276022,0.014504887881914636,Pof0hs8v.png
0.024866886131186126,0.040694948607267155,0.28283996649355825,0.5646962305358459,0.02940264986934785,0.047396630339396166,0.010102688023398362,wHZdMejr.jpg
0.018902757841142728,0.014422769495529543,0.8912195296260458,0.017052049660986248,0.022629368692012368,0.02100954723290162,0.014763977451381702,UNtkdcp9.png
0.0805979376320922,0.07193968878904013,0.20431843330600977,0.22792387191194188,0.22209529896443841,0.06734879236161014,0.12577597703486762,XkbrUkn5.png
0.018914166386374158,0.8939609520322852,0.013371023621938892,0.01775482900222557,0.02084049964653249,0.021942968480546374,0.013215560830097365,31eEtdGH.png
0.018253426224284865,0.8988166759669404,0.012824289523274508,0.01550296059052255,0.019217570403782438,0.020889907899714046,0.014495169391481322,eGkKGqww.png
0.026226798300794225,0.06879605539874457,0.059884454515621556,0.013688965788298063,0.03058952838775195,0.01755993896006154,0.7832542586487281,7CyTFt1f.png
0.0619041728944999,0.7185246756653145,0.010254961591683907,0.029809411023376163,0.02052121383611449,0.025078453544876075,0.13390711144413486,oY0gb7Sn.jpg
0.018093559057614457,0.014701606090089019,0.8562960384198463,0.018040232220716216,0.029177737785802224,0.04885273260885189,0.01483809381707999,LfkwfRXY.png
0.9185611905144113,0.010788978713498503,0.00847254500489612,0.013879124177985378,0.017210206848824728,0.0166094903596643,0.014478464380719536,Ep42uvIt.jpg
0.015046133343342587,0.012313174758937716,0.01181790470260376,0.9146064554234314,0.017950824779827165,0.015387856474825063,0.012877650517032312,Dm7oXhal.png
0.02001226546272936,0.9023883878749608,0.010345700116206523,0.01803221915367251,0.014274337754509649,0.02052839186642214,0.014418697771499095,VoJ1Xg9b.png
0.01989807109228748,0.9010684528367919,0.012966920799172025,0.016086702538457627,0.016893923993979917,0.021245669587878865,0.011840259151432036,GFi010T3.png
0.021602291754858425,0.25961068687164973,0.008977760635788,0.020061774103491838,0.015953520993409846,0.022542228169038055,0.651251737471764,3thCZSyH.jpg
0.024709049592456976,0.8830617205179332,0.013809819647611462,0.016829484953903847,0.018859617060520854,0.025011446070138738,0.017718862157434682,LiB3gmQw.png
0.01642051135525006,0.014069142732703934,0.01401346089102937,0.01612622467909979,0.016827530131073496,0.01993752925838749,0.9026056009524559,fI8C362v.png
0.030055256767005545,0.8855765905061559,0.014852201376372047,0.0162174427346671,0.021370705346245314,0.021136613340680684,0.0107911899288733,pFSi98wx.png
0.019021240201799808,0.8985634553055348,0.014145714385209162,0.016393337802705115,0.01784163824028695,0.020529226112372935,0.01350538795209106,K1OaxX8K.png
0.015326401708352614,0.011752236714004485,0.011236745189631307,0.9172843049642699,0.013763510655154318,0.017894879594500816,0.012741921174086538,MLej2rDG.png
0.01858776220352703,0.023789929188701837,0.008261164311317288,0.013393846699039933,0.9096712915493546,0.015211397847118944,0.01108460820094028,VbUDzy4i.jpg
0.011901496812253616,0.009443894173419442,0.00856854718465824,0.011312308128471437,0.012946317780229146,0.9369054224792545,0.008922013441713795,ujjDXtsH.png
0.21047191541958662,0.03202596993184777,0.014495421707513171,0.03826788768226107,0.6541597866987338,0.022394217465423357,0.028184801094634268,o6wvvIED.jpg
0.015115653422475,0.012697356773892185,0.01098249713820317,0.9132289252391466,0.01779210385033284,0.01844106536192442,0.011742398214025776,UIyE3mPI.png
0.017080973873239598,0.8977216226893466,0.012577418208355154,0.01706841329780146,0.01823384444521043,0.02212613510312633,0.015191592382920532,DFkLcO4k.png
0.01815755019296593,0.9038324749095759,0.01245044800586334,0.015080901204948942,0.01660427041775215,0.019269283177702174,0.01460507209119171,KjfiynKK.jpg
0.014071825782457796,0.011049618418479555,0.015040206315805948,0.01045558273267865,0.012684993295326354,0.9255853111234926,0.01111246233175921,FBTHN0rk.jpg
0.01881621585474673,0.8975935346154047,0.011973357466630278,0.018097487787199516,0.019970004992550583,0.02099762537491937,0.01255177390854892,bxQcDY0h.png
0.01774174139915657,0.8970235904100101,0.013735545765263285,0.01594305784155521,0.016319669126744,0.022503506539868996,0.01673288891740207,oJMW3lXi.png
0.012939607883242877,0.009527950139594076,0.008910794222008729,0.010899737136583007,0.012511536715851621,0.9354067587431412,0.009803615159578503,UZkcwMR2.png
0.039721499562187415,0.028243351529952197,0.17359352872092954,0.09393371600470177,0.5346081272830655,0.040013652660864214,0.08988612423829935,ay6KXtZE.png
0.021564267476315242,0.8219263537092719,0.01356270979239221,0.01485630298034785,0.015057106641193188,0.018404932711065525,0.09462832668941407,O2jk1qCX.png
0.03231486697121611,0.8032256627288759,0.03943489603915989,0.03390742611376553,0.02778825392877166,0.03241341394697882,0.030915480271232247,iQAE0e2j.png
0.02161884021253718,0.15096972274173726,0.0209495481544017,0.013946966492153805,0.03969228298312466,0.02546948373628163,0.7273531556797638,JR8H0DtD.png
0.015471779488378294,0.010453594194571092,0.011108029036182184,0.9098600696572539,0.022873775074531963,0.0183683074095473,0.01186444513953515,O8zOrSNi.png
0.010631560965882823,0.010724501083678967,0.008066070876392674,0.010251477240993286,0.013732959336401592,0.9370609727721371,0.009532457724513548,XNKeg34p.png
0.019183859035153454,0.012591916541506923,0.014875909287530272,0.015962039227158917,0.018363804244926313,0.023054943101056245,0.8959675285626678,YUrX9JYE.png
0.017763540833198463,0.012998446057577587,0.8901212026706058,0.017672494197439548,0.023937586755300173,0.021812631314774823,0.015694098171103527,GsTqjyBm.png
0.018789928219667434,0.015103926316243656,0.8978065674355667,0.015956025504134996,0.021544742270579082,0.01691975660001815,0.013879053653789932,ezwvAKNA.png
0.01969504962425572,0.0138979480755716,0.8919100267965981,0.016793587546910096,0.020963597839408415,0.021516710780245234,0.015223079337010802,mgq2eH5y.png
0.017279801010646113,0.8982804227180328,0.01323461673009708,0.01626946445744802,0.017487285669949153,0.02143964468742722,0.01600876472639963,1kBHFF7b.png
0.015393368179340937,0.018963103927687464,0.7405618649125043,0.059840216023315115,0.1012424854183671,0.04581882387873841,0.018180137660046652,8fctJinJ.png
0.011156997041497918,0.01066994728276975,0.008542906469311332,0.012853617333670816,0.015385493418399256,0.9324982582803086,0.00889278017404244,TQ0omJqB.png
0.011529636034052583,0.0092698214246521,0.008404996106686631,0.010242787488707168,0.012188954748523035,0.9399708965268867,0.008392907670491709,Y4p39xPf.png
0.01925609570599178,0.9006210903003509,0.012820324256116818,0.014744375063109204,0.017623846392594237,0.020621211012906007,0.014313057268931081,D2al3WFj.png
0.01892305863293695,0.9078009471834001,0.010409681573936303,0.016033956290341496,0.015069961201900576,0.01885398378494306,0.012908411332541666,aFNQd7Wq.jpg
0.015132570571558764,0.011731864190529842,0.013187905978710222,0.9133048490605078,0.014708538059043272,0.01994903272760014,0.011985239412050059,lEgRN8gs.png
0.016439031901255327,0.013385521541502412,0.9009626928514674,0.015454613536389864,0.021134775954867017,0.018605830337074677,0.014017533877443328,00T8kKS9.png
0.017984830651149135,0.01232261043371427,0.012365441440424405,0.017478154904086177,0.019928883249364114,0.018802073805095465,0.9011180055161664,dNOv6cil.png
0.016899735851114137,0.011933621749571695,0.012807828726801446,0.9105878584390831,0.016899068879279402,0.018589862905466163,0.012282023448683945,pkr1vakn.png
0.019001405252667927,0.013462827177610371,0.011541017858332439,0.015562876002607863,0.021545274335937663,0.022197588914948257,0.8966890104578955,3PuR8UUd.png
0.014645226697226957,0.012712068926009155,0.012236754888872665,0.9210886582208343,0.011703792730770808,0.017955269469162396,0.009658229067123714,Ybv4ejqR.jpg
0.01613974692160562,0.014990537370934845,0.012322954524276068,0.017795183541983176,0.01965258669437054,0.02085031960931466,0.8982486713375152,fJlFp9qb.png
0.015300090237011541,0.0098260132425931,0.013085856826878085,0.9172997655393746,0.017979452721203864,0.015603491974843285,0.010905329458095414,SegSnPMo.png
0.014795081571735622,0.01171767373760018,0.010655903900807135,0.012113949642648789,0.9227354399518201,0.017048020574063724,0.010933930621324483,jTbRy3wy.png
0.015985386223462142,0.012758353473310094,0.0115178397984153,0.9124116470540411,0.015474169010364868,0.0192759208632245,0.01257668357718213,wfrQPPz0.png
0.05543616623954594,0.03319767463953654,0.0314189174346745,0.04704827556138597,0.5271832669665586,0.23727204340496005,0.0684436557533385,l7zm4ex5.jpg
0.015931390696015128,0.01150783841353817,0.015719933460943747,0.013890339791563677,0.9104288542042127,0.020834728468573413,0.011686914965153042,i2Po8naX.png
0.01431590763854044,0.01159614035043267,0.010274127966185962,0.01256586342184911,0.9236169618336915,0.017048797550840933,0.010582201238459368,J1wE89Kg.png
0.019743238020467103,0.895917047234521,0.014515216522043933,0.01669046432346553,0.018315446791419502,0.021358623865928295,0.013459963242154557,IFsvMMMZ.png
0.012663201971700582,0.010018152216694758,0.010892259020592003,0.009864540288133846,0.01289886608104663,0.9352369065436856,0.00842607387814664,JxJ5O6S2.png
0.04532296995531375,0.7383589280933234,0.027119671254750986,0.062152587548421644,0.02630012637538774,0.05728281912113313,0.043462897651669365,bdWh7vZy.jpg
0.011613119390603749,0.008543993292480833,0.009174997456621863,0.008731199238726091,0.011154083761045137,0.9417835516944079,0.008999055166114451,xKOr051L.png
0.04845485337578056,0.8589646204289492,0.01354966257992722,0.016436991706192085,0.026931385255548407,0.02347540154290519,0.012187085110697255,u04JTLXq.png
0.016558576857285543,0.013504383134457213,0.012448131927498414,0.014152246987739092,0.01874513562112949,0.019799805060211742,0.9047917204116783,wZXItSQr.png
0.017980738762911428,0.894214625083764,0.01327284183304115,0.017062186600052785,0.019187092894150652,0.02322421740615537,0.015058297419924786,kiTqS47o.png
0.01036002080058157,0.008559983251875562,0.011569167491710981,0.00879921114891998,0.012024801815640153,0.9404230375404486,0.008263777950823213,2DNZmXTB.png
0.023425098978253338,0.16557567793983302,0.023594765332742844,0.016752377648336692,0.03480491669730194,0.02726743656296731,0.7085797268405649,FwX91kPV.png
0.019481082798024817,0.8918404555447567,0.012058806012634562,0.014117338176805409,0.029261428728500405,0.021219982283621226,0.012020906455656863,KUPPAWQo.png
0.011544965230790091,0.010370553732877121,0.008116721337222153,0.011022554926079382,0.013306532947863084,0.935070210219172,0.010568461605996126,ZkaIdXph.png
0.9245348191476842,0.012260956381848617,0.00991143330554241,0.012062548988009793,0.014339161419620204,0.01616369971520878,0.010727381042086148,ipee2D8y.png
0.018547286968960075,0.01311349180165414,0.012546173195653208,0.0169486309824921,0.01646168726932299,0.02074248629420374,0.9016402434877134,3htXo3T1.png
0.016808421042846626,0.01069012419899553,0.011136068261501934,0.9105316142670267,0.01876312236339931,0.02050756943623995,0.011563080429990017,VpiyizbZ.png
0.015882376258412715,0.01138086593160496,0.01071152406438369,0.9168633339470915,0.0161026804443099,0.0194096019085653,0.009649617445631947,Osr6x8QO.jpg
0.011969671107156493,0.008906154310600664,0.05200140189170877,0.010338337594276327,0.01410359837424226,0.890197999011274,0.012482837710741499,pEh1Rkyx.png
0.016117046372588578,0.011209489156401242,0.011530613495882084,0.9107556764494746,0.01981144535946718,0.018700774846360436,0.011874954319825722,hkW7FAtu.png
0.013888050250154771,0.021654663208200052,0.01274012310582823,0.8859712898674849,0.0183425934979217,0.022199766045432272,0.025203514024978117,EfsKBSzv.png
0.012428473140990829,0.009004144210510488,0.009686515869667917,0.009982202959232911,0.011666084336885901,0.9377132901893301,0.009519289293381835,ucJ8RJ0x.png
0.018679723118245204,0.8977361301863097,0.013758740284737817,0.016101650122656692,0.019561058998406548,0.02096520789405524,0.013197489395588987,KWPvaaiz.png
0.9220939366079187,0.0104328354356349,0.01097380755071848,0.013056794898745207,0.015577226760956268,0.016784864484147753,0.011080534261878579,3P33Mx6w.png
0.0145527343266791,0.010232209938956805,0.009951309972130944,0.014168802877020712,0.9223622484484794,0.016654677764210923,0.01207801667252211,m8gGjDUO.png
0.15014256256447764,0.5378013353020159,0.03938046494440829,0.09207125000530271,0.046493080134514406,0.04952891434269949,0.0845823927065815,2kwxMF1P.png
0.018700034821437332,0.015024463071179068,0.8805799897411001,0.017522471079646544,0.02324501179843304,0.029662271921738648,0.015265757566465196,YrcxD0Iz.png
0.0115861323846837,0.008795045484047644,0.00862725667490098,0.037918569193367606,0.9082536044759915,0.014158969517000984,0.010660422270007427,LDnDYpYN.png
0.012666554280681391,0.009046591418792233,0.009136096014517436,0.010844741604121131,0.014328721048382117,0.9354322033729889,0.008545092260516834,Ql34AEov.png
0.016201673875955058,0.8468252324092329,0.017114642495539685,0.018633066575627542,0.017959745842970335,0.025769044019040153,0.05749659478163432,0G6K6Mgx.png
0.4556054743622318,0.4532286872863643,0.009682519728443358,0.01613773417876657,0.020065341909116265,0.026063241773103204,0.019217000761974606,rCFHzah9.jpg
0.018509752068556137,0.01498438690341756,0.013059948065073433,0.013971602190295272,0.01828293694592443,0.02160965815724391,0.8995817156694893,nYuKVvtP.png
0.029907673281045946,0.022186910537311498,0.07406381960195443,0.02469668633079778,0.7918615769893523,0.03440844777316912,0.022874885486368797,iMzXnHzi.png
0.016016723722216016,0.8967476835322121,0.011395969862568193,0.01624730192707557,0.013354128328943152,0.019590082585786237,0.026648110041198596,H2wD2Cwp.jpg
0.01196767419563553,0.009822778026659824,0.009651487113568457,0.011722971270792044,0.010591178382037991,0.935010729754963,0.011233181256343264,nmE8gjqc.png
0.015244983537703078,0.011816375239892287,0.8323393004886679,0.01785103901517711,0.018100900778462062,0.09037661165314606,0.014270789286951432,hu2IO3uu.png
0.013604750143653522,0.01014500351775612,0.022318852422320026,0.008846011839381406,0.01044983297919229,0.9227369588972356,0.011898590200460869,pOdWxgnU.jpg
0.011024830450744342,0.008663192906805216,0.01000530271664693,0.008897146569461096,0.011191502048359836,0.9409326825175757,0.009285342790406824,Urll2kV8.png
0.011081731718677575,0.009959328527016958,0.024254513396424874,0.02283911284672489,0.01797468993140214,0.9005656486512483,0.01332497492850516,3WOfUs8V.jpg
0.0166471323676746,0.012650779461044715,0.4118553746780288,0.0192444572897331,0.015074469753996036,0.5132183041327499,0.011309482316772847,QnomGMrW.png
0.014941137759545085,0.011610326226756822,0.012582591575519579,0.9162040557296967,0.016566443156269425,0.016715289537611925,0.01138015601460052,qdyOBJMm.png
0.020203024103258804,0.8968338752028976,0.014020697908565543,0.016706619813189084,0.018906677650686973,0.020594608107192488,0.012734497214209634,AJtfjse4.png
0.018221869791871185,0.013406425403673115,0.013328105449333603,0.01708853487300394,0.018698398748778114,0.022709684566134744,0.8965469811672052,uo2fXOOg.png
0.8823723946269924,0.04428623429549405,0.009946965545019818,0.015031935857817879,0.018463547568016485,0.017272382041478847,0.012626540065180686,bzYOfktG.jpg
0.014734663636606414,0.012091311323401426,0.010604754714806467,0.915124459294594,0.015653643800202767,0.019443210210804175,0.012347957019584894,MEIIpTFk.jpg
0.018195530106800306,0.014171064398974217,0.013560618298483866,0.016906927603454372,0.019666700085622227,0.02225346034957866,0.8952456991570863,vbTrP2XB.png
0.01272522743880683,0.00897422767739506,0.008429226729895701,0.01018952401863869,0.014138978786733956,0.9366684686126371,0.008874346735892715,cgKILzhK.png
0.013086287383728117,0.009280902121614117,0.011399121600489302,0.01422535969696476,0.920519675040554,0.017300117512615117,0.014188536644034484,wddJmAo6.png
0.018261735666962754,0.8991491930104648,0.012984839714964148,0.01685191674467615,0.01687958429447303,0.021763777545253386,0.014108953023205837,iApRoWXi.png
0.01749086355763652,0.8830245525236505,0.015614905787326598,0.0216431037698826,0.022474817362656167,0.021173164673296864,0.018578592325550775,hzmyHjwd.png
0.12870484449672476,0.34140683114825404,0.012144059468374333,0.02617389374138936,0.06076087493395456,0.05743234640298597,0.373377149808317,ANvXuugy.jpg
0.016013595885879646,0.011825751550647932,0.01164657524391475,0.911424579061584,0.018880467678427857,0.019755045478637663,0.010453985100907894,mHPYOxBd.png
0.02647594729485677,0.8484775097347395,0.01742317386791561,0.02310796267011618,0.02881971332948955,0.024869465095008942,0.030826228007873546,3Vb1a9Jq.png
0.013514558914699184,0.021388834920748924,0.010996661834764065,0.8793794350156355,0.02742409188234872,0.025857166397477246,0.021439251034326298,ZBvUKEFY.jpg
0.49015997765949665,0.3861170849161866,0.022191479300653405,0.018644947675891296,0.04434968625371702,0.02555166566449752,0.012985158529557424,j2A8mZqi.png
0.017364194111057406,0.012923504207873335,0.013335429642559748,0.01651597922315003,0.019696020802919458,0.020507497073001042,0.899657374939439,GVuvm0Fe.png
0.016162272391735073,0.011445356467343284,0.01194767815660404,0.9130476019155778,0.015157810770425113,0.019018188775183284,0.013221091523131476,yH8kDyOL.png
0.018003727983077374,0.8978965600992883,0.011051329868815876,0.0136975842239547,0.027007860785346623,0.016864818107850767,0.015478118931666332,pmpFP6tE.jpg
0.014823837109940579,0.011216238593827085,0.011857757183601587,0.9159825535485763,0.015655719258070133,0.017743211411402875,0.012720682894581435,HmO2XhX4.png
0.01714540595436555,0.011654091881558356,0.011245753700106885,0.9147688468719343,0.01528675361339953,0.01765542044158401,0.012243727537051356,DzyTnG3l.png
0.013920514552872226,0.010436949561796315,0.008378443325291472,0.012309404758333243,0.016827369167108506,0.9280410765943893,0.010086242040208821,2vw5LSXt.png
0.013194209280179975,0.008801554312203958,0.011095053056100217,0.009554097263357143,0.010615512442808468,0.938114522440191,0.008625051205159382,BdjIUfGT.png
0.015162905216553585,0.013684401579486296,0.010375649159234675,0.9139534762236904,0.015624396116118803,0.01954591202086179,0.011653259684054408,a2xlyNPU.png
0.019832014129334975,0.8973121154823971,0.013319900353918869,0.015890626934494348,0.01877377384537141,0.022077806323839325,0.01279376293064404,jKDXOxK5.png
0.012065755975963226,0.008879788299681236,0.008881405756674392,0.010777924866812215,0.011145313765890274,0.9379417670175824,0.010308044317396344,tCOj1eAD.png
0.033005968864883245,0.02404742491341153,0.01945201287002705,0.02769461331689801,0.8337114436405119,0.021667434897777095,0.040421101496491335,2T7yQYeE.jpg
0.016423623297333392,0.010084777527885107,0.017559744817833515,0.02136663451742355,0.027540258034850836,0.017233154405363216,0.8897918073993105,VPd59w2G.png
0.017083312389973734,0.009672925146868306,0.01214149577390981,0.9142916862606698,0.01916649737352891,0.0173108191883842,0.010333263866665056,TkC0OpHV.png
0.011913458347148093,0.009819589936456754,0.008900686753750118,0.013197278657740145,0.013235328567555773,0.9340882984980478,0.008845359239301319,fEklPkNb.png
0.01593303123655048,0.009550854115178852,0.01925581549691526,0.8562922357568653,0.07130655722193567,0.016982217863324402,0.010679288309229842,nb7zv9pn.png
0.012758254393864278,0.009085784368480072,0.016050538681205886,0.00961393228881413,0.013819542823346105,0.9270711711045809,0.011600776339708598,3Ab69ql6.jpg
0.025766687733752434,0.120806191829869,0.14986336230851063,0.016374047527636933,0.031235172493513094,0.03634707332021038,0.6196074647865075,T2fp5mfj.png
0.015163422868628613,0.010323081366633534,0.012644378748037453,0.9148290488473362,0.018334853979167492,0.01644222845280907,0.012262985737387749,fjnGrtEu.png
0.02595733460009901,0.01830592876657465,0.7029634513626623,0.02763962642949838,0.04110981670932996,0.16116303742799046,0.02286080470384518,HgFDeeQj.png
0.01885218674512296,0.015323382841994759,0.01164894715799755,0.03415960313221143,0.020035330154590025,0.023874781917696344,0.8761057680503869,khaxzjZo.png
0.017685392930052068,0.8983424684873309,0.012560956192055205,0.016803405553930936,0.018316069897690045,0.021495247645877364,0.014796459293063582,AGHPVJzn.png
0.016875048464411232,0.013214795472578004,0.011178090217322311,0.8966132033280034,0.031980184775634156,0.01853602317694216,0.011602654565108787,nNFES8AI.png
0.024120588736664634,0.8964284370892839,0.012219207507839112,0.016833068395779124,0.015296988350309114,0.02155692821327597,0.013544781706848318,o36fxQgG.jpg
0.015797021530598247,0.01165397234854275,0.010026311158647013,0.9194013819055336,0.015608219569940617,0.016965900510075224,0.010547192976662493,94w0nbLY.jpg
0.02122436434025748,0.8951583893163674,0.0140862324518518,0.016488359115946018,0.01882738022900215,0.02168024685930803,0.012535027687267093,WfW6DiJL.png
0.9203688123922131,0.011400769775910403,0.01046517095217116,0.012793476068125273,0.01615428044001865,0.017293052514645704,0.011524437856915747,3VEBASAg.png
0.016232386548096247,0.008995215306125176,0.00659190322844692,0.013318814400909042,0.9299241865620174,0.012031099202087305,0.012906394752317914,T0d4kIfP.jpg
0.020923743135323518,0.012695432905514788,0.014211186990372934,0.01405182087291473,0.015279472756520304,0.01794779089866428,0.9048905524406894,fL2JmXEd.png
0.8191823937615502,0.061529172431940414,0.0172098134505504,0.023188042018398004,0.025759280803219157,0.028929706996465614,0.02420159053787608,XptxcyjW.png
0.01824573355841622,0.07118699417621312,0.009174044420513587,0.01732970695833027,0.8217144038798557,0.04024157530847543,0.02210754169819562,EnCEWDE8.jpg
0.22045600958965766,0.08899264168947535,0.012721380854945,0.027680121483167747,0.05765417619784481,0.07903262280051257,0.5134630473843969,KBBAssZV.webp
0.016028758098012692,0.011982049799992019,0.012216716204476367,0.9167471521533882,0.013018339811996961,0.01762484810458783,0.012382135827545973,5K0ntO8j.png
0.012381080855128892,0.009004645254392067,0.009910822725135993,0.00863254446131222,0.012047927725857622,0.9378076294328367,0.010215349545336662,4Exa86KL.png
0.01556316448660847,0.011683888252095235,0.010738210794146084,0.013169322339780503,0.9200009406906176,0.0171155905464577,0.011728882890294536,mx7LCCNB.png
0.5598592389409484,0.21295377891902484,0.05165824237465173,0.08320224971628368,0.016644059521287613,0.02743273876795503,0.048249691759848785,9KPYHyTK.jpg
0.5443014377497697,0.17593657588466435,0.02326427613042089,0.04697164260208896,0.08363887297324996,0.025669368290515027,0.10021782636929115,SCCerkBY.jpg
0.012907446590250116,0.01089510953780887,0.04452568449772373,0.01284041706641721,0.009963802623049741,0.895615141034016,0.01325239865073428,IINdF7pr.webp
0.017508573670300894,0.9039941751489192,0.011017955161423766,0.01572499103138631,0.01829088774202531,0.021204264438996017,0.012259152806948576,5IMxeqAJ.png
0.02759735395674953,0.059562143529948014,0.02390129967918758,0.029584754336036596,0.8146383866515732,0.016290682104578288,0.028425379741926923,chtz5jzk.jpg
0.9157967541279723,0.018792368263755754,0.010852774707394082,0.011863783887599759,0.016672390015858796,0.01626738676815049,0.00975454222926874,8jfXGtZJ.png
0.01581322082821454,0.8982032391377045,0.012711479907174724,0.016488131675515858,0.020638862617130944,0.021387613834896773,0.01475745199936272,sZuRUcfR.png
0.01782118605151068,0.9007847015617559,0.012128039931540324,0.01548757598260153,0.016328938146875957,0.02194512680103117,0.01550443152468454,5wSDIkxd.png
0.01249548374846143,0.00848132583879128,0.007670808776867984,0.011994081200116358,0.931663869925454,0.01344111876652546,0.014253311743783711,WsL7EGKU.jpg
0.9229351860082304,0.01281360454098542,0.008371139085950064,0.013088057435093956,0.015231425737460263,0.01607791399836926,0.011482673193910643,TttzcFgE.jpg
0.013749899892361417,0.009639502950566738,0.014040312545042503,0.014162071260928232,0.012373271148149356,0.9249112805603181,0.011123661642633682,EqOy0Ygp.jpg
0.6083965631084784,0.05914134037412221,0.07379740908138918,0.07389502139820464,0.06294770021216976,0.06037600237194021,0.061445963453695546,MWUxUolm.png
0.021277246288134204,0.024058163952838767,0.012755768542018474,0.03221181775155015,0.01540305527450881,0.024442235404088106,0.8698517127868615,vI3WShwa.bmp
0.01885924935363702,0.013566383566071288,0.015741922241445546,0.014790589731278033,0.017977558925117775,0.021101130010492405,0.8979631661719577,yPoCDaF4.png
0.0158309038693509,0.8747877144784104,0.015037811727026036,0.015078237487845536,0.022391790945524355,0.023069528600172477,0.033804012891670114,xR0SEbgG.png
0.02268279859630825,0.012039150394144715,0.024589881173852426,0.01989733757557916,0.021207892898867226,0.019966695192856983,0.8796162441683912,fF7SuGhV.png
0.03018894328606636,0.13233697337909495,0.022943696755160396,0.016917678867944135,0.04769871075593719,0.028541761496106526,0.7213722354596903,W6smHRuA.png
0.021443772652472975,0.03703010322291641,0.8083043219568005,0.020953133382183117,0.02994483769940683,0.04188606552819991,0.0404377655580203,EMntqvyh.png
0.016447787217857404,0.013928616112196248,0.010390433437406076,0.9169159570719349,0.01385295669735996,0.01783663899462108,0.010627610468624251,4OR8cPdh.jpg
0.009462549093819701,0.012987691438984532,0.007825550044019351,0.015423132086771447,0.013576139563320735,0.9301977336992907,0.010527204073793615,zdu2Zw13.png
0.01642760658174163,0.013743095867162995,0.09049719230823289,0.05099186664838532,0.028356447932689467,0.7896437548779875,0.010340035783800182,W2n52G1r.jpg
0.5447144440737258,0.3606789525101682,0.010756785806566003,0.013543216463312854,0.02440678612138183,0.02714589062925748,0.01875392439558776,hgfKArJw.png
0.017860376917067135,0.013405464080217826,0.12843539439726873,0.014948148020877221,0.02423428688145077,0.7870708140690721,0.014045515634046173,DVXTo7I6.png
0.0964610174371267,0.09082614767770959,0.4501724210512444,0.12011032403611718,0.08363468114637083,0.055702491156418496,0.10309291749501287,QlEiR0iG.jpg
0.018651539384583946,0.014612937799140828,0.015359653532996164,0.015500635225361258,0.021365542274560407,0.019950383451258585,0.8945593083320987,vmQ5ocag.png
0.01915113314186116,0.012428531794049128,0.43521406308420735,0.01854610088688114,0.018666641422249438,0.48516181788573043,0.010831711785021432,6walxVK4.jpg
0.9178713350890984,0.01116376068670668,0.01018251155365858,0.014099771764660969,0.014713612964159016,0.017433062231643582,0.014535945710072717,yOU77fDe.png
0.015194012351861722,0.009952868747205915,0.8125348862033157,0.01549069514854385,0.0362245856687043,0.04108659757122478,0.06951635430914374,VYSBSqiL.png
0.9104031885744346,0.017049859052862836,0.010934894112386465,0.014402997483056956,0.01713808271699727,0.018876714787774158,0.01119426327248783,X2RZw52N.png
0.9226954359996006,0.011161827847339637,0.007363946120283598,0.014626731535163952,0.015491644847468186,0.015899577543928418,0.012760836106215681,pWnaLPgR.jpg
0.016305108454437015,0.010985581121522425,0.010697855810521156,0.9238173768223127,0.012522267480680705,0.016495557515896556,0.00917625279462965,TkcyO0pK.jpg
0.015337893107297662,0.012165481934414794,0.011006214786003452,0.9142587321444514,0.016230620212069266,0.01827370775385833,0.01272735006190523,wEqxO932.png
0.01579870293006276,0.898760774321856,0.01385019260126801,0.014733463318909363,0.015710135872357704,0.021902241218058924,0.019244489737487283,PpusvmqU.png
0.016306924309185303,0.011700246116938606,0.011689297450896483,0.01878140462155588,0.017237632035624836,0.020861176823314127,0.9034233186424848,5u5TVLbj.png
0.02038702566289598,0.8950193798145725,0.012195004380124441,0.018403180901852265,0.02014474020265154,0.022148895528644866,0.01170177350925842,05JGzTkN.png
0.01247813497043211,0.018231535073237756,0.01186891396637065,0.011363350399379472,0.013135957015935121,0.9222581890461681,0.010663919528476949,vGWIjnJU.png
0.018252277766893973,0.014454485963776308,0.8946034479545505,0.01736108459283519,0.01849077599672753,0.02215084416292532,0.014687083562291333,RyJnmmhF.png
0.02115882653877866,0.01773609953605026,0.6702639143811486,0.07009772730391763,0.164647819218578,0.0363117453654696,0.019783867656057365,0N0MItKu.png
0.01458643193681667,0.017071385870788013,0.4149020674166097,0.019268162419716107,0.02792004715675777,0.4811244744943609,0.02512743070495092,4IateSUS.png
0.24210208301684633,0.23861972102095905,0.039074662609900744,0.01592427183658447,0.04607452616948318,0.2719634802904686,0.14624125505575764,WrucuNTl.jpg
0.01128591835102393,0.008889943592919234,0.008828440364749874,0.010804918992626703,0.012239970092606751,0.9380643341045641,0.009886474501509205,nrjSuQUI.png
0.924953059945739,0.019119283414635712,0.008660507553765415,0.010619982963313023,0.012814410481941086,0.01382709319308527,0.010005662447520406,zT9aeQxi.jpg
0.9016930617132046,0.010380643810649081,0.012569773665621323,0.015542652051926183,0.013850741437941407,0.028806560775921666,0.017156566544735755,Q9imR7oT.jpg
0.016656743897937195,0.013830135745254293,0.9003571643402594,0.015058730354964859,0.0200007198760517,0.018857936478265,0.015238569307267549,c8jZaveK.png
0.019207620943105935,0.9003313225670895,0.01172266528030446,0.015258921306394193,0.01405673812553056,0.02102356443408843,0.018399167343487118,nIhqTJNj.png
0.018668546141722038,0.01353501932401327,0.012584447571201344,0.016442074157863758,0.01951844249718808,0.020421498567361144,0.8988299717406505,lWYdBjrk.png
0.2830148881266531,0.04452911378824186,0.06101895590983827,0.04058127914076808,0.07281435359240308,0.3071493383336659,0.1908920711084297,HUGi0nLM.jpg
0.012265301169715923,0.009781974213515064,0.008300703392840768,0.011683282074322027,0.011264688300353423,0.9367205290958296,0.009983521753423406,rErI59dc.png
0.04447325616302045,0.05938956299145737,0.009405030005735053,0.01872250168605263,0.8195688133414424,0.02088151829888304,0.027559317513409145,2yagSjhm.png
0.9262275798485107,0.009999230103650995,0.010092439903827678,0.012707720674651942,0.013990980722529021,0.01561042971144533,0.01137161903538464,h8v2QrgF.png
0.011874747887839264,0.008486507973571015,0.008866866245513135,0.011096425369861891,0.010307969563927025,0.939975948891676,0.009391534067611717,WayCSImu.png
0.018829202012926864,0.01407068657943875,0.012720091405863795,0.016425663259210608,0.017881926434062903,0.02081029304169396,0.8992621372668032,7VMfcMHI.png
0.017679098031723746,0.012476966703101318,0.011893822997453738,0.9120044543878687,0.015551029411678729,0.018023168083125495,0.012371460385048274,9zGlcdIa.png
0.015149455630477704,0.010914480822787627,0.011237006691937994,0.9175657936012421,0.01726612364776265,0.01664159216765376,0.011225547438138231,s05yO8BP.png
0.0449347995958257,0.46121438913754187,0.08416232831441108,0.08675266970509747,0.06152709624422877,0.07027607136639794,0.19113264563649718,YLBrPsjO.png
0.013199989741637854,0.0085054581548672,0.010454378913523939,0.01040141795291723,0.01210151243875059,0.93678244020395,0.008554802594353171,TXkxko1i.jpg
0.018793891225709312,0.023159544280589466,0.013235777637170031,0.009157883374887772,0.016997020095123036,0.018345772113017026,0.9003101112735034,95YZVrDD.png
0.012360711976796593,0.00979869033983173,0.008601966260853022,0.010973370929609906,0.01274405170885688,0.9357695218784,0.009751686905651914,7ckJIDU4.png
0.013606736556960033,0.009717360797133198,0.01172096207955749,0.9236893650147933,0.011933432235679421,0.01603532158781845,0.01329682172805797,loTQb3H7.png
0.017869183620750042,0.017034186191046043,0.8753867465858653,0.017753604386537104,0.02206209557772584,0.030241333930908085,0.01965284970716746,34HKXjV9.png
0.017829382658463466,0.013141481481652154,0.014324330907000233,0.01547221383256772,0.016231783552146266,0.01968562289956535,0.9033151846686047,rZnOMgbJ.png
0.01684401793442541,0.014503034997371867,0.8979081507714493,0.016466081884557154,0.02399528952498612,0.01786064461223646,0.012422780274973781,6W0xinoW.png
0.018045525470824855,0.012532828977549863,0.011618965418147617,0.9129477716318757,0.013753823882225806,0.018139014328333824,0.012962070291042292,BF2a88L9.webp
0.015006224238662713,0.010983510085241146,0.010386010745571396,0.012977744337160733,0.9224386803473199,0.016587301021865893,0.011620529224178274,vdHe3qEg.png
0.01556969440377834,0.011499727408976331,0.011545860681630406,0.9152440439574494,0.01653170596948545,0.017988245796502857,0.011620721782177067,nGYbQt8U.png
0.018087885111347592,0.9062401895678509,0.012556588090135117,0.012609014848735521,0.019213467016789613,0.01878716199073099,0.012505693374410171,r7fakC6Y.png
0.019196790077878324,0.014724391028656985,0.8937977083664461,0.01739976028398867,0.017430094604032758,0.02288647514627258,0.014564780492724423,01eMwHuH.png
0.023806978890975092,0.03126773568618378,0.15689518195614427,0.06395032478645456,0.08886024437808894,0.564469487396683,0.0707500469054704,mzWOtlbp.png
0.9282466075440351,0.009740018208352371,0.009584750715078205,0.011991830144760962,0.013992046381988317,0.014743925036025111,0.01170082196975989,iiCd7aNl.jpg
0.01091941325673005,0.010062845005896036,0.016151966182608533,0.01579395230420808,0.016762961585958365,0.8916971925977134,0.038611669066885505,NjeIgej1.png
0.016809313187963113,0.013594059373408277,0.9005459248775087,0.016339580688273445,0.016509452041935845,0.022592289351540236,0.013609380479370476,r3Ups2lg.png
0.05448752515063801,0.10297106238291626,0.090401095726201,0.06458208121247087,0.10431194212751212,0.05382206452080473,0.5294242288794571,AQwUoSbi.png
0.03192431471620805,0.04237115087294886,0.029029813605009926,0.015220791426675753,0.08413092426362437,0.022051145050168357,0.7752718600653646,USzzfXaO.png
0.016822095395522065,0.015563941820540696,0.8705990966857043,0.01933559944874534,0.02038524581620083,0.043878958020955525,0.01341506281233131,nWpj5DQ3.png
0.020353978597181115,0.014305681177781887,0.8951933699216427,0.01681042878151269,0.018543302203890544,0.020419757428014752,0.014373481889976317,ak3GwgIz.png
0.012267790095143909,0.00931641990714761,0.008398973876571413,0.01146976206187105,0.01251895061124239,0.9370191428006364,0.009008960647387128,a48ZKsTM.png
0.011153791877604359,0.008455973666924601,0.012981575380665225,0.011269454799428369,0.009971383952728187,0.936549620953953,0.009618199368696402,3f76p0cH.png
0.01791264768569735,0.011228136537816442,0.01284412187494919,0.9109040742086226,0.01721977238102309,0.01873433167195727,0.011156915639933982,WIzFRrQw.png
0.9285177295333873,0.009911940590859076,0.010705304382184413,0.011540368582999231,0.01392976803167376,0.015230842660038265,0.010164046218857982,t0CUnaq7.png
0.014648114371931132,0.011954768683365972,0.009901307946439567,0.9221535117888368,0.014796148898813862,0.01631997602978836,0.010226172280824454,CURsUyvi.jpg
0.018957417838786503,0.01369962854481475,0.01248396442599181,0.017293636505036042,0.02232805740665695,0.021886624301340394,0.8933506709773735,rSIh1IgC.png
0.01896771635960572,0.019477524810070233,0.007160752352227093,0.016822964272101837,0.0161058716768621,0.016475288823408308,0.9049898817057247,TSJcHALM.jpg
0.04416173179367643,0.018989718084065143,0.01632078893098126,0.04758836266927951,0.7337071156304596,0.031882577059062785,0.1073497058324751,gxSxzmWq.png
0.018156268422100545,0.014526079846060993,0.8813926274010293,0.01849034228847766,0.01837608687740366,0.03165132029332135,0.017407274871606686,hS8BXVxE.png
0.013873242888613378,0.011984178135955955,0.9089015863687687,0.013193897110378173,0.019156576285793037,0.018773523479396724,0.014116995731094071,FJIb3JJZ.png
0.015911855146527685,0.012357547670050787,0.012241354813393234,0.9117124728068509,0.014701767436382872,0.02027458113799437,0.012800420988800198,103HUaxy.png
0.04194786360201043,0.8897215564214971,0.011322029432738053,0.015059789202805436,0.01562847223201193,0.017805457279040312,0.008514831829896607,KJdY1jWR.jpg
0.014529526029524755,0.009267663324379475,0.10694816083489168,0.012439510662768438,0.012292722556483714,0.8339416645429721,0.01058075204897991,qO6OKcRs.jpg
0.01252124686791438,0.010157952937021831,0.008705518441153377,0.011502541753721177,0.011365133500928713,0.9361081276021938,0.009639478897066948,BpemwSh9.png
0.019727089620106164,0.9003374703816596,0.014194950352342835,0.017717289600901222,0.014756132666257724,0.020160536967772598,0.013106530410959842,XMWlmHYn.webp
0.055384863999327266,0.041580387316283614,0.7454386868592782,0.04554299155115015,0.034658560405356705,0.031392024268181384,0.04600248560042261,cIvpkHsH.jpg
0.012060165777063233,0.010457940451824606,0.008445930413842508,0.012401708278485194,0.014504934158316109,0.9327723169734666,0.009357003947001523,iN8lmlCB.png
0.016283511039758367,0.012947567042390674,0.011766289166468066,0.9122648011849221,0.015167293567988849,0.019504388992038164,0.012066149006433638,YtqTEdMc.png
0.014680550934186114,0.011116837000649702,0.01033575112959806,0.012647491319068031,0.9234032639945403,0.016580302214150817,0.01123580340780688,TsW7zvts.png
0.01624432386466865,0.012217463007772838,0.012382430494300427,0.9192684392144718,0.010848068240834063,0.018247761266367776,0.01079151391158446,Y978qcT3.jpg
0.017359145796453965,0.8956299903488187,0.012815758745023246,0.016937908566422223,0.022604520381891504,0.021217314867544964,0.01343536129384528,RsrT9tlT.png
0.018051639445794642,0.014683576899946319,0.8935859001561574,0.016290353715118513,0.023364835741198967,0.02031966463761204,0.013704029404172128,VEr26nUc.png
0.027571708378537417,0.06637116510619669,0.1782767351314553,0.09391835148189863,0.06814295843255963,0.0723111905351246,0.4934078909342277,fLvo3NSl.png
0.08721305333430994,0.42878907023813473,0.16508199997953055,0.08295478478277923,0.10522607369013885,0.06725218653637326,0.0634828314387335,Kmt3tBTF.png
0.017188334414079236,0.013703435898817241,0.5299811011932284,0.01537604837166768,0.021370793614449983,0.3908565695679292,0.011523716939828389,0yYINh3K.png
0.9265711743465116,0.013214781966793767,0.008477687648784513,0.011340631470116026,0.015127084986798163,0.01529861481873748,0.00997002476225825,JC72Wvwy.png
0.013714376216385564,0.00943018955936035,0.01360142410435905,0.009525238021341833,0.01213693899839925,0.9314559315664823,0.010135901533671566,TCGOSVcJ.png
0.017188553239678432,0.012430768295769407,0.8927781081422157,0.016874008890218947,0.020519524054716708,0.02151010423080805,0.018698933146592725,Kvzj3Pv0.png
0.03737030932575381,0.027100771379787666,0.10218900331959277,0.033454004922018034,0.7181605270773149,0.05496379274630454,0.026761591229228367,33wj8h0R.png
0.01878968084954152,0.8955003166690226,0.013739639853121323,0.016129250523671673,0.0199339112951867,0.021489683471197084,0.014417517338259031,yZhMQJBZ.jpg
0.017932184354054668,0.012727788116606652,0.01186058071816602,0.9146821295966556,0.014553392531633569,0.017422072634993832,0.010821852047889581,0GsnAjkh.jpg
0.1134339680516019,0.6382390470670205,0.026088800780938972,0.1329734152395972,0.017314783458339984,0.021596826496112616,0.0503531589063889,UtmpkmTz.jpg
0.2093901144615945,0.605660215220227,0.016810588199463957,0.015369764581745585,0.03019046354379756,0.06782922999752912,0.05474962399564232,u18BMse4.jpg
0.019402934391160934,0.01570536914958063,0.894035845652546,0.01495356823369101,0.021696769476257847,0.02151083692405613,0.012694676172707569,cgrMsZJ8.png
0.033578566920467214,0.02972265290198291,0.4777156703843074,0.027043412981568895,0.03784944194127707,0.3604778403934868,0.033612414476909665,yEwOuwUz.jpg
0.01265843373817511,0.009413993926678195,0.008993585643909367,0.01081040213385968,0.011867076561830362,0.9367353758698685,0.00952113212567872,GtmANNHc.png
0.017299469861560914,0.012407612436279471,0.011631479700896757,0.9169857674753571,0.012322021261826422,0.018968046516110223,0.010385602747969134,FNnSLEoz.jpg
0.010905759955625451,0.00842289204909398,0.008035473656707585,0.019189648208324053,0.9235924196068813,0.017828844050681563,0.012024962472686047,hO5C0YCv.png
0.024109012760387814,0.9063276076897393,0.013023370163801026,0.015961143630884956,0.013308726127067476,0.01604542962661335,0.011224710001506322,WUwowK3j.jpg
0.01783339463501048,0.013110082509433777,0.01313614442208519,0.016648973652634277,0.018395288927247906,0.022049931188246094,0.8988261846653423,g1V2Jf5T.png
0.015267099316304331,0.010987342552958147,0.01049179117231993,0.9149501180438689,0.01627023048873434,0.017800863847521692,0.01423255457829259,G9emTgSa.png
0.011097702936091858,0.008635657179363264,0.0778247215883124,0.009877666701549846,0.01166738592086743,0.8710444244746669,0.009852441199148406,3nA3W49u.jpg
0.0252060238362096,0.015999656085975904,0.013671873669081232,0.7880408133951248,0.12399952645675158,0.020395219715889222,0.012686886840967592,5RITOks4.png
0.0178032430178082,0.013712595862109274,0.013223122248805851,0.016978513605896344,0.01884844115710494,0.020000899058401387,0.899433185049874,hOmpjJmw.png
0.018295209085460864,0.0138194503369675,0.013132158493671053,0.016146218052310455,0.018700499775349003,0.02022434347059858,0.8996821207856424,3MWxF7cW.png
0.9219672530259057,0.010628239498890227,0.010160830059813377,0.013040450501722197,0.015506894660711023,0.01746944745762586,0.011226884795331814,deHZj2TH.png
0.01425644000363097,0.011531932243064988,0.807873483881795,0.020885557642517785,0.03329842978438181,0.09402159856466402,0.018132557879945485,0u4WUqfd.png
0.012424325485116213,0.00874142476876914,0.014500209124463922,0.011216948625208925,0.011052779195868563,0.9333727167608799,0.008691596039693446,wX7bM0kB.png
0.014741102128540334,0.011602481845182403,0.010799891230132034,0.9152905839579184,0.017222007516140964,0.01758256532312405,0.012761367998961777,08ir1p0K.png
0.01925338381774836,0.01453928987573511,0.01308699458389541,0.01787798818074721,0.019711822525001928,0.024925895759416613,0.8906046252574555,Q0tOdDTQ.png
0.9134661173796312,0.015306526930268828,0.010772981956648657,0.013892139834659105,0.014494470096561506,0.018048397084827014,0.01401936671740361,Cs3YLT81.png
0.020827764123851653,0.8124362460623077,0.01273607438133161,0.07319250939449126,0.028513099420799385,0.024389233352698433,0.027905073264519957,nq6bdC2J.jpg
0.011925774996456948,0.009116119011620133,0.008788906676098766,0.010089256421825538,0.010638516621195086,0.9405969067809111,0.008844519491892286,hSV8sh6t.png
0.9222450103829082,0.012449878830091042,0.009401889458684419,0.013348013788797743,0.014393759374677172,0.01597383690626705,0.012187611258574423,8vFap5BO.png
0.018063485347993753,0.8968863221347488,0.012140477707504113,0.01813462264317171,0.020319877223441786,0.02104444448319479,0.01341077045994506,3sAJUg9D.png
0.014570563756520421,0.010815710865412768,0.009962570897054778,0.013590178550419317,0.9232682975124297,0.016342479982132212,0.01145019843603081,FfhHxvVH.png
0.016795059233109758,0.013284550295270618,0.899382699762107,0.016232213816195575,0.017717776757520284,0.022020384148403575,0.014567315987393158,5tEuNxV2.png
0.07295628423225659,0.6798211029905789,0.024944682189452463,0.050922087021382005,0.028584883417193327,0.08380234754169433,0.05896861260744239,0QmUSo8n.jpg
0.016589812776952043,0.8927174495376525,0.015127501480649471,0.01765305544182831,0.016984537423377005,0.02144313464504141,0.019484508694499116,WHISm4Km.png
0.02371395331209594,0.02151798729260087,0.8494720146695277,0.0134548398031312,0.029959121829156058,0.032960537857899,0.028921545235589412,MnP02zXP.png
0.013852506056013696,0.009512964774253344,0.010762341929444297,0.9207695595542856,0.017688760154338727,0.016808735397874756,0.010605132133789559,EFM6OYGv.png
0.017051719836093878,0.012529629621128833,0.012168152640809607,0.015913467507165418,0.02138462349904993,0.01937069804883803,0.9015817088469144,6op2Y2yh.png
0.011989416693890207,0.010305264396036334,0.008674856063250847,0.014378606930493112,0.012803586795759193,0.9330261215114064,0.008822147609163885,d7cXQ2Qo.png
0.015918823184094592,0.013699768254007436,0.9024507746419298,0.014679006248381306,0.021738193727225803,0.01864927727127943,0.012864156673081727,323hhBsX.png
0.019508573118450615,0.9050124679012959,0.014101153385901864,0.012968295446564543,0.015351405442946425,0.018673200741711863,0.01438490396312881,GYYGbbBG.png
0.015051293757472791,0.011494283139275379,0.011829058766032591,0.9132493434497275,0.01618910261240874,0.017707634017764016,0.014479284257319112,PX3mxCZj.png
0.07363224076071426,0.0665222506940384,0.1626070226410475,0.10677814025907996,0.45448961436817553,0.06332205842175036,0.072648672855194,LnSqXuEu.png
0.011912475191923039,0.009633018806728523,0.008171800058770226,0.010704324096488384,0.01164904554001741,0.9384212547316133,0.009508081574459178,NOBQTAfI.png
0.021215545618839822,0.013407184084592084,0.014078134749948892,0.015588264832149727,0.017446395467617427,0.02222814321253613,0.8960363320343159,GmgmFkbL.png
0.015828696411130702,0.011696445367949856,0.011222600480011138,0.9166636048609327,0.015556773472607973,0.017571788996073496,0.011460090411294312,rR8Jn0tX.png
0.01480788820560661,0.016220832953703797,0.011951927734959443,0.015006535484462746,0.021409484149909327,0.014487262857399617,0.9061160686139582,JpskgVWZ.png
0.923694372974887,0.01034254924228564,0.010589941065593413,0.01293760047928358,0.014306699070060568,0.016539747152835533,0.011589090015054315,HAzZ4mgu.png
0.020147393462176057,0.012587104319525153,0.012647468054429945,0.017382752727266762,0.018045794028044775,0.021374812450462796,0.8978146749580949,tcTkCXgy.png
0.012119040282432584,0.010026024971549589,0.37488063781584735,0.009382595197798192,0.016649214508491758,0.5673080610651334,0.0096344261587471,kyWx0ZQy.png
0.9238831269526014,0.01153892971567595,0.009955548540304362,0.013547443964803101,0.014664922738994304,0.016697150173110468,0.009712877914510172,xU9Yyahd.png
0.01523604139931515,0.011634977834017799,0.010446920852958454,0.012270142945590565,0.923553312515218,0.01553562496030252,0.011322979492597427,GKqjIlWl.png
0.01378425782571941,0.010588121016510708,0.01033203582621681,0.01409059832848659,0.922640371104687,0.01652563104282824,0.0120389848555514,pfViDMBL.png
0.018910043176957478,0.0141637414527202,0.013888946079232366,0.015707192621381785,0.019214637416473404,0.021347245515881408,0.8967681937373533,EAYCAQ59.png
0.015075761033023074,0.01210986131376149,0.010793549835954475,0.01345832715796279,0.9198028096016351,0.017392297886532678,0.011367393171130467,l59U3nzg.png
0.016583078213573847,0.014106301849463782,0.011822465461474425,0.013455607834402437,0.016645877502818672,0.020276705490957038,0.9071099636473099,XYvglGWB.png
0.9234253950690571,0.01163897784063625,0.008878131036816372,0.012646876916766341,0.014020094098219086,0.017545236929873247,0.011845288108631705,2HeVFuqg.png
0.018374570551197466,0.8988668767406415,0.013305663146422194,0.016524630403229493,0.016116208404737212,0.021890795428442928,0.01492125532532912,BqEBJVOi.png
0.17924991339768073,0.6973903712083825,0.017416130259222617,0.03474938192500727,0.025404017749438516,0.027980765726795608,0.017809419733472553,KRx3Vmia.png
0.015433613117904265,0.012715477335903844,0.011467384566754144,0.9117326101688378,0.018478990827526198,0.01811098536184589,0.012060938621227932,l4bmCKrg.png
0.01161758504774149,0.009255798197857207,0.010147546942188276,0.009030200594550255,0.011693948272072244,0.9371329859391538,0.011121935006436776,s9WmvGWk.png
0.019222636608156696,0.890801216847977,0.014994669555056767,0.017497390611820665,0.018090002298105128,0.022968962318724084,0.01642512176015971,KhpaPPC0.png
0.012772426490227563,0.010057053567146453,0.00881930777217477,0.012583944958876407,0.011606024505333316,0.9357097891727845,0.008451453533457028,YeQKBE9M.png
0.03089428896427828,0.01997666059980174,0.7108491874255609,0.06135113033064778,0.03317898906668326,0.12978759711466686,0.013962146498361258,kSLTls5b.jpg
0.9240028209402488,0.010907976438211313,0.010624430262871644,0.012924758025736576,0.01487766428628078,0.01634482020317439,0.010317529843476616,43HAydRQ.png
0.012320089578939717,0.008196196098872729,0.008362316618424705,0.009622139164143138,0.011491649967756697,0.9416225657128096,0.00838504285905333,e2cUfICY.png
0.019962023414191645,0.8978454491848653,0.012496907763099304,0.015951130530578925,0.018858024130767755,0.020899629293503863,0.013986835682993259,IQ8kGbtE.png
0.01981499314158005,0.019170499297295487,0.24216039721737928,0.03129726637745329,0.08902580079902596,0.546288262899055,0.05224278026821084,OIaA5eXo.png
0.015208272090563999,0.011266666248586556,0.011048961820218637,0.012006992968713347,0.920146194788869,0.017427560851037638,0.01289535123201077,ulIaHLEa.png
0.016500701570531382,0.018994591516008668,0.17758078646406764,0.01275362248096973,0.02038495809487595,0.7236453903919504,0.03013994948159624,91m3Rxef.jpg
0.018457834030062705,0.011440164803882562,0.011631114651819718,0.9147300825939803,0.015500446880919568,0.018976447295800645,0.009263909743534554,cGozUXSG.jpg
0.920130344964577,0.013379248923953186,0.010347391140980204,0.012236873102558417,0.015763256284691655,0.01694753114472032,0.011195354438519278,1bbYyX22.png
0.018300678373062314,0.8952684480446407,0.01469287403447075,0.016737193064181755,0.01654726251355,0.02320482074083858,0.015248723229255932,89dSOcz7.png
0.015323029824302687,0.01196038702108678,0.010365274582660417,0.9145593059670107,0.016043477316775627,0.018265897693466412,0.01348262759469741,MgAgepYl.png
0.5086405623960816,0.37850814421833456,0.009805518333100133,0.015019204426662713,0.025960043517226805,0.03282906944207286,0.029237457666521423,hqJ103Sp.jpg
0.016564694721293023,0.9005764884474506,0.012055686731560909,0.014947423840791082,0.019672581747370913,0.022016605361475976,0.014166519150057417,D7NbcemQ.png
0.014928445292659522,0.011528410825237949,0.010557474878367033,0.012547681159984262,0.9218030361998296,0.01722233791931179,0.011412613724609943,4X7I7UNx.png
0.016126428139319065,0.011497219497120756,0.011966895098549967,0.9113489906631511,0.018141507468044018,0.019133040357887928,0.011785918775927376,LTy8fniU.png
0.01687336070622685,0.011705565247228673,0.013221483924225202,0.9112422209637562,0.01572496331114802,0.019638587637737313,0.011593818209677599,HI5mb7iB.png
0.02279674223932225,0.8494147305761464,0.023477621308071295,0.022652593140816326,0.02769396724939819,0.03062663133958696,0.02333771414665873,raGbK5Tu.png
0.0211295898484875,0.010913298813466104,0.03418854715548252,0.028802600193220503,0.8734921100188007,0.0162509069176153,0.01522294705292751,P9E70Dmo.png
0.01659453663103539,0.012253832800094984,0.012866168655846959,0.912136184465299,0.015618326062105272,0.018339737557504995,0.012191213828113433,86AuEeEl.png
0.7510085976333685,0.14591635818940812,0.014331844417544638,0.02090290405062539,0.02905538118724316,0.02451109687802188,0.014273817643788286,90fjiYcU.png
0.012865482689453617,0.00872464031633114,0.009333495563913285,0.010537780602928844,0.011554289895252453,0.9376636371508602,0.009320673781260228,PDsak7xf.png
0.012959545249359522,0.009484551437624573,0.010321088293457636,0.01184264209732717,0.014747601824961579,0.9316565036667112,0.008988067430558373,OvOP7g6o.png
0.18375554043121692,0.625220786313787,0.009283063462731304,0.037435322271641654,0.1131640239599266,0.014516412838714908,0.01662485072198159,qATEq0HP.jpg
0.011567367340725963,0.007948915083005029,0.008967403752479485,0.01085192357038272,0.013045081712958685,0.9380214284119937,0.009597880128454604,EcXKkfB4.png
0.017222227749758033,0.012028122317927374,0.011812484138679687,0.9131847349796137,0.016107134616212757,0.017755738622706997,0.0118895575751016,Pt4L9F8V.png
0.017844426230007433,0.8971113751172387,0.013374707058867473,0.01525233112255077,0.018738543267097216,0.022534841137440715,0.01514377606679766,jTD8Zh8H.png
0.017870055925022704,0.8993797567579916,0.012562077596560271,0.017443084479397637,0.019293834596486092,0.020549282272784516,0.012901908371757236,7dPUZjhP.png
0.01767550504593553,0.014150364793708837,0.011947231624177348,0.018833786395257183,0.01778779055279612,0.021818170860717565,0.8977871507274073,S6L0aYU5.png
0.020418746063404124,0.03098917636170552,0.1130472088812702,0.05922634047351833,0.045309237649044404,0.7128533644052557,0.018155926165801736,oMiIYb91.jpg
0.01303549446170076,0.00870595140325563,0.009766956588721674,0.011122385076595189,0.012023433839627803,0.9359266678126864,0.009419110817412573,OkORWxGB.png
0.014533672086641487,0.011018035254245618,0.010510605791141334,0.013650293651257157,0.9225443085839979,0.01693400465488557,0.01080907997783086,fNNSh4tQ.png
0.9181428433621038,0.01449568909659015,0.01020353419963682,0.01378509286761229,0.015156007683829374,0.01747154348383547,0.010745289306392087,pZsW1GoY.jpg
0.9191185177187863,0.014251987216917462,0.009966714499190902,0.01422159084802337,0.014640742408471954,0.017090043539738305,0.01071040376887152,hSxVaXor.jpg
0.012771492556269961,0.008515152030882071,0.015206771354772056,0.010719544150434444,0.011592539319409189,0.9310208591736437,0.010173641414588593,fCHu0AYO.jpg
0.04456815911770383,0.6647759473826605,0.0257623615003196,0.019792524392012876,0.04008524903702035,0.04326592312355005,0.1617498354467328,fgVE5ccy.png
0.9301659791040018,0.010716969442373865,0.00866131118737078,0.012776373292941666,0.01393011770955689,0.013848466171818978,0.00990078309193592,myxkjkgQ.webp
0.016371376380462647,0.011882018266135438,0.010323699650406356,0.9188115456265504,0.013702464855246215,0.017304607953825126,0.011604287267373815,OEWabCe7.jpg
0.01515748728322603,0.012050176622341464,0.012287108288289566,0.9134351594842178,0.015991401200767665,0.018089192851861797,0.012989474269295701,Qdwfb3Ge.png
0.02301089391912633,0.8907184106214316,0.013014675103508566,0.016820262651729916,0.021878333392962464,0.02214677058060704,0.012410653730634047,jmtUqfDV.png
0.01971340239309124,0.014133374270095367,0.8360951266675813,0.017301318287082094,0.01932556885170713,0.0775724364246251,0.015858773105817767,nwCtXeZ4.png
0.030284157460020868,0.06346316372562187,0.009089623512035482,0.012010520392629355,0.842119268302659,0.024966014289999377,0.018067252317034002,z2vsKyPU.jpg
0.055145410785227604,0.2815119785200947,0.07010898302231626,0.11381657052487014,0.17527103631819496,0.06469461958764558,0.23945140124165076,kYXFycIv.png
0.022653221691005296,0.015611552279964315,0.7825671532955554,0.02233867496963251,0.014908730257062444,0.12530294765641908,0.016617719850361,CXBsxs5B.png
0.5326190434953968,0.2162488486643521,0.010075687405524066,0.04677141068640318,0.05654628722490558,0.07056123338393658,0.06717748913948171,Orjz0RPU.jpg
0.015055993833446682,0.012085432415831479,0.010251253853301966,0.9142740581012223,0.016246808708577126,0.01883530731150559,0.013251145776114751,J1ixlQWm.png
0.04189419329844995,0.2874017761790078,0.062018421534970974,0.01639401457894817,0.0561948466634468,0.0254302717140628,0.5106664760311135,kVmtA8MR.png
0.4610588594043024,0.0678178526674729,0.16337323073776774,0.07833362939119218,0.09488299981069467,0.06756760938380435,0.06696581860476572,d1ToAyba.png
0.025572511268720635,0.04324722939305063,0.4988230115572421,0.2213916975497588,0.08551473583920706,0.08716100304845203,0.03828981134356862,lPzv5eqY.png
0.9244095867057863,0.009891428950817554,0.010312390173717458,0.012990064192162988,0.014734812149762523,0.01681411524234733,0.010847602585405946,pku4lkFa.png
0.01533226388711223,0.012234386120662835,0.01064863783497946,0.9163894972615777,0.015398018331866674,0.018368294939710986,0.011628901624089943,RUb8zlTE.png
0.01933523481283058,0.013825596396709565,0.014464989451658132,0.01848838537600411,0.019061374227974704,0.0220619035503611,0.8927625161844619,Oys3soEI.png
0.013718720193731195,0.010520669811764844,0.010160959624660602,0.012774180863942412,0.9237048887666028,0.017520931723238906,0.011599649016059255,reA9BLpu.png
0.01477856326936433,0.011398927650385795,0.010660990184647267,0.011737392066596726,0.925034708773693,0.016097257091332754,0.010292160963980083,OiiDyhUF.png
0.013904750121012492,0.011108391729090552,0.012289717313916818,0.9191855624103067,0.011781996779427654,0.01717306256844953,0.014556519077796343,i3He2y1Y.png
0.04695091211967447,0.03630483665560476,0.13573773138131676,0.09341727888449114,0.5712357604235588,0.04402991510329587,0.07232356543205815,J7G57bTW.png
0.03636954406046312,0.023480780920201186,0.1367090466741134,0.028407452448909024,0.04341051778263432,0.7094564276447233,0.022166230468955612,uRe54tg1.png
0.037133501362660956,0.886991323843013,0.012385007429990453,0.015832023981206894,0.013275753096900154,0.02017808503252635,0.014204305253702133,phH6CAnL.jpg
0.014823812233527302,0.0481855189854919,0.009797657392562574,0.8885007013798085,0.008996399673169338,0.014674637536815529,0.015021272798624837,SagDWqdN.png
0.018475545308152028,0.8978142930394101,0.013418649587155914,0.016188107593874814,0.017932816683900246,0.020600043549162245,0.015570544238344456,niyHlOIV.png
0.017314747284132247,0.013485227389680766,0.01237316893126762,0.01851260771465278,0.016757869248802234,0.021466442330568485,0.9000899371008958,mS4vyvre.png
0.018592334656469707,0.899159875662098,0.012985365192799444,0.01580776741814148,0.01878512943531691,0.02120720335313777,0.013462324282036654,VE3D743t.png
0.017303146467685795,0.011967245474615813,0.011689044129532363,0.9144908471264792,0.012071189862647142,0.018997105355425415,0.013481421583614357,a5zGM5iK.jpg
0.012539627621180409,0.009787477975008547,0.008139737100435486,0.013620899756991711,0.013927614219040957,0.933045849543854,0.008938793783488847,Q2NwIzMD.png
0.012083705877616055,0.009277298714937134,0.009074405714680066,0.010429344322901362,0.012446724510621399,0.9358725177257876,0.010816003133456435,98PJUOnr.png
0.012566680117944432,0.010156325625817067,0.0090309935236541,0.011285077124647946,0.014128069221854596,0.9329521226330021,0.009880731753079667,LOM2Cl5C.png
0.017512637800046086,0.01325294707056865,0.8939586529131588,0.017168202743206167,0.021211484429355533,0.02169579659127321,0.015200278452391818,ZyfCy8J2.png
0.03818130049800522,0.761376344886281,0.05242924686385235,0.0405886483639803,0.034850646967706685,0.04160498589690391,0.030968826523270376,s53qLnER.png
0.9194746466317375,0.024347753364154956,0.007559465289597758,0.011863605440653402,0.013526985359569024,0.013575027286392587,0.009652516627894932,oam3a8sH.png
0.044867784283033216,0.6381510503193849,0.059108825352956064,0.052727067053052426,0.05689503973636356,0.04472508236611915,0.10352515088909056,QXGCGLVW.png
0.9221963707577152,0.009924040494878121,0.01004729453935144,0.01336809650301964,0.015341095322554522,0.017547357405064596,0.01157574497741656,XTddzS4X.png
0.7434341802655882,0.11438251266053674,0.01372899474334213,0.024449118534479355,0.04190677356604048,0.025774734136202966,0.03632368609381016,731K7Cai.jpg
0.9242321021662634,0.011024240269765442,0.01062655161902534,0.012657168721147916,0.014123064501762787,0.01627847779055879,0.011058394931476347,7TmjWUdk.png
0.053810128878570465,0.04446664134106611,0.4720447712410873,0.024191816586267352,0.03370123461818812,0.32011507526927196,0.05167033206554862,dUllUsCz.jpg
0.03180959854725032,0.021773596347767845,0.10588776713085565,0.028076479006195205,0.7508763010103885,0.03728432884552009,0.024291929112022475,jK32E0JD.png
0.019288502370656605,0.007363049314242435,0.009149272513924469,0.05314210274733606,0.8834976940476896,0.01482019850044133,0.012739180505709574,feCJMsmX.png
0.015058915622456034,0.011015210047733563,0.010551818081285599,0.012904377077012376,0.9206135556243471,0.01712980844751513,0.01272631509965002,h5nYoAdw.png
0.015348720293892847,0.012633330638283606,0.01105210749703798,0.9188249391665354,0.014832402603016315,0.016664022000802716,0.01064447780043119,Hv8tHeqB.png
0.019000726700771773,0.8976112694064208,0.01234622058237975,0.016103545484990975,0.018332583322829308,0.021812046492548757,0.014793608010058752,tQWUm1oA.png
0.016389962323874664,0.01260879336576405,0.01275692555353594,0.9107552145481136,0.015685295667039943,0.01946861494355671,0.012335193598115067,RbxPyn4x.png
0.925033248282028,0.009930934258813834,0.010567940086633726,0.012813679804443022,0.013924560825483415,0.01631463703447652,0.011414999708121657,QFfZe8ew.png
0.016635855046168282,0.014443824901091076,0.8983592103015193,0.016791165611669386,0.018235963692809522,0.022372877631132708,0.013161102815609586,Tv6WAzx4.png
0.05430446343509991,0.07243803505023476,0.23959116309367728,0.46613570213295313,0.04497231498474501,0.06161845316517474,0.06093986813811525,54J05dmZ.png
0.014986843903183028,0.011473304835114077,0.01145898491512269,0.9172727348451241,0.01463176505178514,0.01742861106579378,0.01274775538387696,I29sCR8B.png
0.02437180593698757,0.018112065466297313,0.011633841219878021,0.033229018429948874,0.02290018266605912,0.017347213266041422,0.8724058730147877,edRKaasR.jpg
0.018276075185732623,0.021070233607861998,0.8491911224511649,0.01714164269276885,0.02448965041486121,0.038317217942664024,0.03151405770494628,UnICwyqg.png
0.317729810453942,0.5865428937570116,0.008590401380037482,0.013085191110828516,0.023222950085279245,0.03130487834889661,0.01952387486400453,JYfbeH12.jpg
0.05946488080257783,0.04983090393703134,0.21943216120101125,0.37802877766960236,0.1559945990429768,0.07263654808257268,0.0646121292642278,Ky0oQWpj.png
0.017957569183651743,0.8912306169579846,0.01413870860303587,0.018455974978710668,0.0216425834885682,0.023084136212720315,0.013490410575328633,ChZIBpdG.png
0.014951827428300275,0.012119386458105693,0.012858940081124955,0.9165499531923967,0.01722763476228204,0.01720366305477377,0.009088595023016451,VuSyev7a.png
0.018473727280375947,0.013133689229749336,0.012375311769434402,0.015250291047224281,0.01966403752458906,0.01997017367934016,0.9011327694692868,okSu4ciV.png
0.018824389302407395,0.014694031264274793,0.8826303873511397,0.016424967541749977,0.01866293521515531,0.033922364850014645,0.014840924475258116,CXBUMBFn.png
0.015028012779416382,0.013390199469741413,0.8919566545288015,0.017614716886030012,0.02136535728940445,0.02423738013330353,0.016407678913302824,KewGrZpD.png
0.011989403156208011,0.00973031150548484,0.009958195321838084,0.011018630196699184,0.011812467265257181,0.9353091757381814,0.010181816816331441,0RAnFoKU.png
0.014437914262402417,0.011996107514092693,0.010606457935230431,0.9125849586758366,0.0190975712736368,0.018303313516669736,0.01297367682213134,P9JfVGGD.png
0.9237646872092651,0.010310860259339773,0.010135308750094477,0.012093389947465692,0.016689428352633318,0.016461813284364947,0.010544512196836754,DaAz8lL4.png
0.016072310766184875,0.900606137106843,0.012848982351249889,0.016904328568790223,0.014578879841155327,0.022326426979981516,0.016662934385795365,nRdhCMHl.png
0.017023254607478024,0.013029294740071033,0.012904309594546654,0.01894395314411428,0.018675554090475974,0.021744425132393438,0.8976792086909205,Zi7kJrQs.png
0.01248311406910575,0.008728243062672803,0.009035885526980977,0.009015216341328862,0.012522441295685617,0.9395430527018604,0.008672047002365615,JyGnx4Yb.png
0.01826293071326461,0.01302049619044063,0.012729101172884116,0.017023890181317117,0.019100756462513906,0.01932770083889548,0.9005351244406842,dPgoqmRa.png
0.016222894356729738,0.899203892030675,0.011327285409759098,0.016700293585395112,0.020505821798107594,0.018896188952882097,0.017143623866451303,qDDmJZ7z.png
0.01927263093672969,0.012214794257459471,0.012428625796779684,0.01600156321909818,0.017726347388920812,0.01931211402418121,0.9030439243768309,Whk8ayUq.png
0.014312833234652314,0.00918483509589712,0.005766592452117352,0.018981582081513303,0.9269978213551358,0.013910146082851876,0.010846189697832156,MCWevjoy.jpg
0.015422758777272406,0.010518147154708985,0.012689396143075411,0.915777875943205,0.01671170637173284,0.016590831829138456,0.012289283780867145,lKlzHcor.png
0.016078337400051018,0.013445137634986247,0.81933047673061,0.01659720007149948,0.02004867385710065,0.09966370877627774,0.014836465529474829,oal4ko2F.png
0.014046452722904194,0.9051479908276809,0.010766879112448455,0.013844860321518205,0.0158170340461487,0.019608470777927507,0.02076831219137187,tKOzQYKm.png
0.0144728649803606,0.022020085177264205,0.752502013474454,0.05088992118612219,0.026882721360073653,0.11881103124552891,0.01442136257619642,59tDe5Gv.webp
0.018476511067767973,0.012971615924754374,0.8852094255393838,0.017404559293644026,0.02741823149868218,0.02471584045843532,0.013803816217332489,oGT8HWEq.png
0.018682617540548414,0.013687511917302025,0.012662654202076993,0.016307084027468985,0.016033989556071118,0.020545297698330526,0.902080845058202,JlYULXkv.png
0.012692072991911415,0.010469334109835225,0.010228025519432169,0.013702535511489505,0.013731912654110176,0.9304826634442883,0.008693455768933185,6VezOnWn.jpg
0.018276171607196377,0.013892734664593164,0.013722214225679673,0.014618530468676219,0.019322361469854523,0.02039938547053933,0.8997686020934605,wxpzk5d3.png
0.796799983388149,0.1058323261480796,0.014282690500044475,0.018103288474774618,0.02388020617377384,0.027522000161828493,0.013579505153350064,AnSP4JJ3.jpg
0.015463519433660432,0.011295355601380844,0.011759267623585805,0.9156237325723269,0.01445736232884741,0.01960803542012856,0.011792727020070198,nGWPVJWU.png
0.01580829237287567,0.010971859836338919,0.012218015873040345,0.011021207283203669,0.9236710119399869,0.015251201489744442,0.011058411204809944,vMXZNRut.png
0.06607153117047676,0.6627562526296901,0.06079178289686576,0.03564160587679829,0.10486118650658588,0.045654149609216495,0.02422349131036681,oU4Afjm0.png
0.017997960346629545,0.014103960638943213,0.8956187898131488,0.016529052926648056,0.017987325300557126,0.024182091115480024,0.013580819858593201,xLY3M8f5.png
0.014138299354757567,0.012247485877882401,0.888298529653129,0.014574755392481977,0.019761663073629795,0.0279275343284366,0.02305173231968268,1nxydDHq.png
0.01892664247069237,0.015956144707688805,0.02305294819225928,0.07782892872296773,0.8169182659568842,0.02261554487840816,0.024701525071099427,Dhgw3OD7.png
0.018967181712543503,0.8969908557372555,0.013817065260323873,0.016014203079744275,0.018642398778818518,0.02121102020236968,0.014357275228944642,3mAvzleS.png
0.015206088738295891,0.01637706563479911,0.01315392958352591,0.015281491218869535,0.01570272597567984,0.021111972479714462,0.903166726369115,im6uI6sb.png
0.025431982810587846,0.017492368384421506,0.5235325726709309,0.018829652783499552,0.03006265512932154,0.3664703134773456,0.018180454743892977,zEYv6W21.png
0.02720657928837779,0.016672641458739118,0.7853783373062301,0.013359575472326878,0.024669610679606078,0.11689294487245784,0.01582031092226232,aCi9dvle.png
0.01648542951889505,0.010510588250683926,0.012040802728988002,0.9128118367241156,0.016755489103301557,0.019929418208709096,0.011466435465306651,j4rJdmko.png
0.01908735407139168,0.014095887301556215,0.013284850296951414,0.016889981672133878,0.02099575100611721,0.02186118024856842,0.8937849954032812,TZ1ueTRt.png
0.014227361424113048,0.012279918598710136,0.012869306946928642,0.9187694215458618,0.013637389131813569,0.016167286356871376,0.012049315995701419,hel3KOlu.png
0.01502097681686711,0.010479595358675662,0.2585046970106805,0.020796068968648197,0.011965317638614232,0.673090786926254,0.010142557280260513,Krjvxple.jpg
0.016322346866831476,0.015584892882413381,0.8948929498853767,0.012873806229374908,0.025820841785754285,0.021810705039144326,0.012694457311105143,0b658G9J.png
0.0166465550517315,0.012084975298499655,0.8889427135125005,0.016449459527036057,0.02451622514201106,0.026981744111871982,0.01437832735634922,4MUwwG4m.png
0.015004611267315983,0.01674864183244171,0.01541779478606874,0.023783659707051222,0.029018245506068355,0.022350256606374522,0.8776767902946795,LWZ0IOje.png
0.01181311024187637,0.010191521985157815,0.008969343598122665,0.012260219814031529,0.014033474836873573,0.9329487591472939,0.009783570376644306,G7edH2Ra.png
0.01908392650181507,0.015329662080185994,0.8992339391303414,0.015692726247213448,0.021395568242120765,0.018173458828064794,0.011090718970258465,GtRD7Rmf.png
0.012383341046481016,0.014494322827060072,0.556011000697855,0.01783293808317165,0.017876141739727597,0.37084554747806897,0.010556708127635686,dfssXIo8.jpg
0.012888935439000116,0.008267466385274067,0.0169891111536595,0.008805659109622697,0.012811578372444558,0.9304029724476452,0.009834277092353768,cln7Plo6.png
0.9271464282084317,0.009234393600849343,0.009351035884085446,0.013853221298414244,0.012685473401236493,0.015863305850576794,0.011866141756406169,OeILLbO4.jpg
0.9218682713353663,0.010305122009534016,0.011150226347711682,0.013167293422974641,0.015031203818646054,0.01735145920207875,0.011126423863688489,ZaYgfQQL.png
0.050168127918965286,0.049312842863686576,0.11051614906054232,0.016206441472216584,0.11114141773786125,0.6263420662421837,0.03631295470454433,KbrCt83X.png
0.03370250724293909,0.03518222564388234,0.5045048033193796,0.022246985604890017,0.02883620172769284,0.33466398394695235,0.04086329251426361,bn00IwdS.jpg
0.017797058652832334,0.013940785592803328,0.8974640202501235,0.015088690113450263,0.022436741284876237,0.021200408381487474,0.01207229572442663,DcbTyhLk.png
0.01793684938784022,0.014816610436297907,0.8950253115553265,0.01503460995012588,0.018761486669430356,0.02589025969294286,0.012534872308036306,qi2VSDd6.png
0.017539709955169104,0.9005431805087318,0.013732606574279759,0.016227137204790486,0.017433357256771673,0.02047126504927299,0.014052743450984312,pqtG762h.png
0.018393684072669694,0.8952142680318725,0.013953788644374736,0.01667692920482445,0.01573938774896074,0.02196305389328915,0.01805888840400863,b4mplqNJ.png
0.021465726463642015,0.8949070608549174,0.013224969755829432,0.017881044392504406,0.015776005270951368,0.021606931769434123,0.015138261492721235,KEBMdQDz.jpg
0.01728328904666634,0.8961487133940766,0.01321731388288788,0.015397400745444479,0.017495958128514785,0.02099033098708092,0.019466993815328962,OQWkQ4vH.png
0.017762692501724284,0.9031369161436295,0.011153886551189537,0.016524603852326843,0.018489902687635448,0.020544086145805714,0.01238791211768894,uiAFa39T.png
0.2510666144702122,0.22549188293176872,0.10837198352019664,0.22008409697851394,0.08539756056782397,0.04482262361738327,0.06476523791410128,u8gRNSJu.jpg
0.015226514934910023,0.011458563354169816,0.012972566587847218,0.9117681996215083,0.01861827572136938,0.01802106769532554,0.011934812084869593,oI6wrK4S.png
0.015200458834170401,0.011615147752320086,0.011097255092296485,0.9134417184057656,0.01580305794080516,0.0179241218014361,0.014918240173206131,WvFIkFHu.png
0.01408962376493705,0.012027464686752634,0.7569136420237376,0.01422788423817996,0.016272708293056208,0.16571998796402598,0.020748689029310454,KR5EpRnz.png
0.01681544965094326,0.009257101592370339,0.014822180961666582,0.010264734791264989,0.013197662849579846,0.9242835824602201,0.011359287693954879,4Pc0Kc1p.jpg
0.02059815483458424,0.8963897103536933,0.014615046198123679,0.017419299912449115,0.014155920515339683,0.02197816005752968,0.014843708128280404,eiFKAMFN.png
0.0179708023618686,0.01504303792273479,0.8916996555372199,0.017181382205067222,0.020574442577525474,0.023616383867288475,0.0139142955282958,VKy7LWsI.png
0.019137079191856546,0.8951595799337243,0.014180995849239243,0.017766003256480405,0.020245216426578356,0.020862698289860072,0.012648427052261138,dng6mbzW.png
0.01313245072641426,0.010387472413893708,0.010128234266635783,0.9245094188330251,0.016403546651472183,0.015368286500966808,0.010070590607592057,XOb5w4Tj.jpg
0.050130014856387586,0.05364060067318374,0.21680314055882732,0.23737474607855333,0.30473467901884244,0.052931625889836534,0.08438519292436908,du6bZvPZ.png
0.01600856535917789,0.012099654071989843,0.011155013929396542,0.9142500411536095,0.01566360545761665,0.019536320690853374,0.011286799337356,yhu5vLZ2.png
0.01312883280875639,0.007716705792780128,0.006863915758261576,0.014109133773433704,0.9353168436486641,0.012361172874421907,0.010503395343682194,dZIHQ6IO.jpg
0.019626351564296207,0.8958013356608746,0.015513054694450534,0.015690550862824067,0.018766275308824642,0.02113057642219699,0.013471855486532886,pvGzanwP.png
0.04352393937848012,0.03294084892395172,0.12758877853243594,0.5332092027644211,0.18197112911342112,0.048627756371235835,0.03213834491605423,Sto0xADH.png
0.018018706152835996,0.8957088583011102,0.014113384163750345,0.017213346615364434,0.0170681089226701,0.021788934860697398,0.016088660983571576,h5xnSsJF.png
0.011210460000938286,0.009479026907897075,0.00855025514083069,0.013504985090692161,0.012200959134305307,0.9358310483880501,0.009223265337286419,Z6ZSedJs.png
0.012588749719593615,0.009510123549382412,0.009094369855407554,0.010945921666599022,0.011987358779770675,0.936603736677289,0.009269739751957716,0Be8uAsz.png
0.014721937912746615,0.010777020301248063,0.011168758293333105,0.9186792423296062,0.01767702787547,0.016566028723119568,0.010409984564476438,9KzA3sXY.png
0.012573245394311318,0.008312075717734058,0.009344271762194148,0.008981552059098003,0.010653190105391576,0.9410369020833266,0.009098762877944451,rZpMW2CH.png
0.01805254168469605,0.9031807706859758,0.011226824053908431,0.017544494973855164,0.019256590523624252,0.018198676848027125,0.012540101229913139,87cOoBaA.png
0.015424577838728649,0.010509715086324126,0.010727581209682266,0.9251028155616153,0.011937360761092966,0.017340729733543267,0.008957219809013376,PgHL2J1Y.jpg
0.023409844395062603,0.030990309236413053,0.15026657352607825,0.035393884074801776,0.018737919828323693,0.7255396782076633,0.01566179073165739,NHCgSr47.jpg
0.01536919956473907,0.01065003492644252,0.010407390888710464,0.9157663408825881,0.015313157589125635,0.018198275147654774,0.014295601000739455,EtYbzPDr.png
0.012032661327676877,0.008546614922806086,0.009735962136516754,0.009667335276841282,0.010198580587895661,0.9418754585184472,0.007943387229815848,8a3JTa3q.png
0.019300743358937018,0.012807662126428714,0.012096388971253376,0.015880039206295896,0.018789568917216778,0.019330847329679643,0.9017947500901887,MgJkaaVi.png
0.01830838054044406,0.015447393529887866,0.8897504666818171,0.016451760020948256,0.02079179558711521,0.023869079666140935,0.015381123973646778,fCvfu7Us.png
0.014565144355698886,0.012801142086335093,0.0102586455145459,0.9179110260741061,0.015963191717482814,0.0175168595747817,0.010983990677049544,81HeWJBq.png
0.01569134429288353,0.14214502249076183,0.01512707248108312,0.011009898231155486,0.029274907390063314,0.019763652318657017,0.7669881027953956,qAqrMJcb.png
0.018655288920626775,0.013487236555181263,0.8891212830593125,0.016959222673114557,0.02435683488828962,0.022905884476239178,0.014514249427236014,Ipz3NlA5.png
0.017356339980129067,0.8934680773889903,0.01338741652643436,0.019439316370091973,0.015859032575813167,0.022069685353094094,0.018420131805447163,YuvQpaWw.png
0.015503052115052865,0.01180596343852822,0.011517288552601238,0.018727624170502024,0.9123557661472927,0.018890558052360472,0.011199747523662474,XVc6dD9e.png
0.9242900858112384,0.0105438092947199,0.01041479044302261,0.013372221950062909,0.013668152249320926,0.016160312958979198,0.011550627292656008,0gywkqZS.png
0.012982363028233457,0.010734487664593846,0.011459054452831489,0.9186435651509075,0.019085628988734556,0.01599994338592657,0.011094957328772583,kdvH7v80.png
0.021460625313100928,0.053721094279112695,0.015645686002052347,0.017479365364721063,0.03945184278806803,0.02572038327083757,0.8265210029821073,47iZwzAU.png
0.059732819878779576,0.18585637532049956,0.05460938804425419,0.14992754576947037,0.15951870007038021,0.3434542600808811,0.04690091083573506,40oY2xIY.jpg
0.01940547538337866,0.8971201503324762,0.012230282043819927,0.016136766652820798,0.01879445630123372,0.021715933900960518,0.014596935385310325,EVa764br.png
0.49816859059024926,0.34841730679730387,0.022214347129533987,0.024850840917331554,0.04408212478783423,0.03775349952813914,0.02451329024960797,8suclccs.png
0.017492725648214993,0.012630945061293477,0.011217666889314908,0.9145040836123345,0.014123261883884955,0.017786905857642452,0.012244411047314845,BNarjjGj.png
0.011111179068295911,0.010285829612886167,0.008059848950882175,0.012060427701986957,0.01180658154860814,0.9375459232598004,0.00913020985754014,vzYKFY2J.png
0.039143353041611914,0.8796988383707391,0.01346105600959302,0.016583461905512912,0.01926035445592309,0.022185909308489186,0.009667026908130908,uZCXeRsn.jpg
0.019337213561334728,0.023184211284880914,0.7662947321747768,0.03319409457444488,0.051597195986054195,0.06906388592497242,0.037328666493535875,7O7h7FxL.png
0.014418892523876996,0.021030966384695347,0.009555293164497259,0.01619897702382006,0.016684398197066956,0.020768257110150377,0.901343215595893,hiiIL22I.jpg
0.018071180685378455,0.8985375028987511,0.012241598145565432,0.01591779836758155,0.01910219516593496,0.022514491325787922,0.013615233411000693,ZyABnADj.png
0.024310016522676982,0.022208131701846733,0.009946940002356462,0.012527957579961054,0.024721471358523425,0.017632450425006444,0.8886530324096289,PQQXgTWv.png
0.015038554053205293,0.013361792670762398,0.011657040498532499,0.9211398840335457,0.01152983873199806,0.0186060696337632,0.008666820378193055,bVqDZDkZ.jpg
0.017031761498509542,0.014030562895118,0.011242168425210215,0.9112530308761784,0.015539916085734904,0.018477775399493083,0.01242478481975592,cOV7dwV9.png
0.019332056129120534,0.013952513063605112,0.014226088274510702,0.013787842843944912,0.022791895837886714,0.0179857522248292,0.8979238516261028,VHglU5tG.png
0.01946356833845777,0.014246220256697488,0.8855238976770807,0.018048858518417886,0.02170075897420123,0.025944416874309748,0.015072279360835087,eizJ5AcS.png
0.015735032993322105,0.01257849102017351,0.011630561682445901,0.9138399171875213,0.015528070143421835,0.01889746464450899,0.011790462328606307,Cz8bkDL2.png
0.0184197311122256,0.014604008553350162,0.8742342376098065,0.019193784514704194,0.03256897028085508,0.024331755580877308,0.016647512348181296,v977Z2zw.png
0.013465151898062265,0.011354762630274209,0.019773356169589577,0.013811302375696445,0.013138283810680777,0.9174384590781645,0.011018684037532256,NlR91Rwp.webp
0.011971349423834059,0.00974198409774075,0.011192765889456387,0.012435128964956663,0.013153490431877551,0.9327914769276254,0.008713804264509056,nifwsZzJ.png
0.021069724849897088,0.01645827186967512,0.8180182181869872,0.023043773324984078,0.019023477446064307,0.08713725764298688,0.015249276679405286,w3IjrsOh.jpg
0.01747332559534306,0.013974431382855758,0.011911025405347851,0.9048389620799863,0.017941704672168678,0.02088264613414442,0.01297790473015418,YpHPQVh6.png
0.014395914321095441,0.012585883738773269,0.03698453318966788,0.009632916194659854,0.00967467043751862,0.9074728712042428,0.009253210914042045,JPtO2j4w.jpg
0.018174441309742655,0.8961028556737526,0.013229003100544942,0.019669368754258842,0.019525447718363106,0.02095139075912669,0.012347492684211049,v4Nqvjpm.png
0.018249295326582673,0.8990793558907183,0.01348407670262005,0.015741536126145768,0.018177245971617705,0.020941532406613193,0.014326957575702346,VgWTSZGj.png
0.011289212676277253,0.010302722474846928,0.008603077433067229,0.014221859799106788,0.01169626121363038,0.9360256203977723,0.007861246005299149,gB3m7wJI.png
0.06366058856193973,0.06510325474957515,0.10332913446481419,0.16595723807122217,0.4246201053450444,0.07103047864837159,0.1062992001590327,HGqtBqjD.png
0.018634650503807342,0.012943141789788533,0.013547650522277426,0.016450372234037412,0.02020498783340581,0.021368507267480023,0.8968506898492035,NNhdDS0q.png
0.017993913620179523,0.013895615559334105,0.014364534447821712,0.014730273010681628,0.017127047271008736,0.01945642640007965,0.9024321896908946,Ox0GYt25.png
0.025250568748602265,0.020482521787083277,0.39190200001560144,0.025161462955634813,0.03705770376763178,0.45773102129174276,0.042414721433703714,AWadd36B.png
0.022695769826260134,0.017249192171613827,0.012819833904270939,0.8811652044639282,0.03759016464569183,0.017450911156601436,0.01102892383163354,0PyAzQHo.png
0.017112155064569763,0.013800805308442694,0.013561800649162391,0.01448983286987616,0.015551563468849155,0.01949688744564004,0.9059869551934597,Xvvd7Ac1.png
0.01354179720700316,0.013285727310941596,0.012167700743567433,0.016372903158328917,0.9132038177607122,0.016079926670030567,0.015348127149416111,OTGZSY5w.png
0.017701076580842964,0.011802785194600514,0.45583464058712414,0.021127165609244415,0.018462682248119724,0.4631393495591531,0.011932300220915227,XHbRwo0Z.jpg
0.02143078828375718,0.8982747019313356,0.0127812449529089,0.01585973415132491,0.01731965618803377,0.02098684460042273,0.01334702989221686,m2kSqjTS.png
0.018565153398053612,0.01098093057163585,0.012159788224020222,0.016728448208852345,0.01460080394848193,0.016366382395445696,0.9105984932535104,uKjRsBx4.png
0.015191453076095948,0.011468817731717167,0.011031767382208893,0.9156677209217825,0.016676803333392744,0.017348476809355386,0.012614960745447377,RehnVJdJ.png
0.9171809550331774,0.012089293305674487,0.008726362196336154,0.014711073196330098,0.01655118828559595,0.016399546060974206,0.014341581921911754,jqjMd0Yx.png
0.013290218860592895,0.009647038488238334,0.010465632050056461,0.009335897148234571,0.011485128222828765,0.9361002051293379,0.009675880100711,R1SZovgr.png
0.017191336686642158,0.018491860075278442,0.8497912202276392,0.019348422785861224,0.018059824157451596,0.0639921638280543,0.013125172239073153,wNwpg3Ar.jpg
0.04242940274228497,0.7549227347951398,0.04872651115841338,0.034377885492667785,0.04598768653272362,0.04521430110155271,0.028341478177217713,tSvo48rE.png
0.015360923546131885,0.011842677188639393,0.012360765905799091,0.9136322507764636,0.014478007856398958,0.01870942970991769,0.01361594501664956,YIMADrYw.png
0.014768625725203896,0.011395484887953342,0.010577559488541048,0.012444756225966,0.9232092301762937,0.016424753366135768,0.011179590129906226,et1jPHue.png
0.014838486584543075,0.011135241646370968,0.020234506335714778,0.011126427932984496,0.01324549230937714,0.9184155525671319,0.011004292623877377,eSQjEze4.jpg
0.016087507596627068,0.014428936205239655,0.8737718684827647,0.021588385727788054,0.022701892098498672,0.0385036586609498,0.01291775122813205,SMVfGAZD.png
0.01922642754815849,0.9000242273759779,0.011689383123989512,0.01900560520562833,0.01840099247080447,0.02012707033565819,0.011526293939783201,jsVNMUj5.png
0.01324021371834329,0.010833664635489832,0.011787145816497657,0.9231243573378217,0.010858149128249055,0.018197991074381234,0.011958478289217126,NbEwAuct.jpg
0.014378178876444466,0.01910010253536233,0.026071495369760684,0.01248832183636563,0.01217665570551463,0.01687115296631895,0.8989140927102333,nrkhPH5U.png
0.014372203032016072,0.01258904790804353,0.012407414039701505,0.9139698517977612,0.016002439770311974,0.01935909321090868,0.011299950241256953,elVJofGn.png
0.022188722367592784,0.01250820957831521,0.015695771793917047,0.8926975777253533,0.03165412231631662,0.016302648051145827,0.00895294816735921,alj4mF6e.png
0.02174809677711803,0.011652683906548715,0.014383195345244971,0.014517898559580146,0.0338498059229332,0.016393005279577003,0.887455314208998,QKQTTMjT.png
0.017732931023845943,0.8979430813270105,0.013354312478868265,0.016096489302709245,0.01820551703361576,0.02199987972367336,0.01466778911027694,ajknS84q.png
0.01985882387839022,0.017859357858572754,0.8161306621878595,0.021546678557004855,0.021191892708844952,0.08823201320713901,0.015180571602188865,Li8nbn2t.jpg
0.017972157308957685,0.0148662337357817,0.4128160106271723,0.016367319194303318,0.023704677080797563,0.5017949949738395,0.012478607079148031,4AaKRtzE.png
0.019433034779319805,0.8999847003729609,0.013351465531814162,0.017099314223987274,0.015708106582565738,0.020639327781160274,0.013784050728191978,K9e8TMyg.jpg
0.43246865831162656,0.1360999054333765,0.12436489444842629,0.08248541038425038,0.09048800848107766,0.061320003576460086,0.0727731193647825,V2LAceRJ.png
0.015498742292714564,0.015489170307463586,0.009997731643513596,0.9147648548787038,0.01207067206454318,0.01967635538499599,0.012502473428065212,3asehMfn.jpg
0.013419319436120921,0.009795937303143551,0.02048494003375649,0.011535906049880204,0.013053593382041515,0.9193499648486126,0.012360338946444763,hhV3ZKbu.jpg
0.01880549673622327,0.013063315632949022,0.012189886690761284,0.01658649845654967,0.02097291538874172,0.021563339050587313,0.8968185480441877,66o6eVNi.png
0.018662734995323265,0.8967497687425355,0.01291551768807796,0.017619878110782045,0.018861955139648466,0.021572205072401165,0.013617940251231466,qmKWKSxE.png
0.016050506594173237,0.012563426550011315,0.009898125152392264,0.9103951755822812,0.022909033613354276,0.016757070262917912,0.011426662244869806,VJM1WbBN.jpg
0.014956795637122367,0.010892617605092194,0.009664696829919845,0.9194685616388338,0.016229698372050228,0.017524891659122882,0.011262738257858885,c8MnpMk4.jpg
0.019314941484729668,0.8985409683839141,0.014160694440428457,0.016392577269254777,0.01829292803206229,0.020628252665885208,0.012669637723725638,TaAdHNlI.png
0.03159763139194395,0.880593691350983,0.01067245518836384,0.01409219843241432,0.023368218502069254,0.02494967591439924,0.014726129219826372,kJJAyZKM.jpg
0.014923267118390779,0.03951618204234876,0.00875028789572536,0.879629840811757,0.014750271090372887,0.01935514048858736,0.023075010552817948,K2sHB4Jk.jpg
0.012317482428612362,0.01017067591314951,0.00960908077967949,0.011819158506494346,0.012927589251908116,0.9317333952392907,0.011422617880865552,sa1rVmqD.png
0.013674153179873279,0.00868672125494799,0.008316287618478531,0.014345461482405359,0.9265101301901513,0.01703161158517724,0.011435634688966377,MUAVkDjK.jpg
0.04671458476550735,0.019025731955255008,0.015716929361274615,0.8667752240749063,0.02341438136512131,0.01697148357843683,0.011381664899498403,g31rgeLv.png
0.9021969228889843,0.029834118517564526,0.009563341731740251,0.013439237221191601,0.01764634004046178,0.016409091916387696,0.010910947683669745,mR8bW1pV.png
0.022319447978668288,0.09225376514578303,0.023915773577527052,0.012758237694880688,0.02504507881732635,0.016922615882838526,0.806785080902976,N2Q2ULqo.png
0.02187261196832182,0.9018367217173342,0.012611146910527128,0.015387335764929254,0.013980782429468246,0.021113008985349804,0.013198392224069563,BzZAMGZC.jpg
0.012290872160887444,0.009173030124627427,0.007824660078957175,0.011689665592752124,0.013080617515421462,0.9367355897404374,0.009205564786916783,ubtIWQXy.png
0.020561474909177906,0.013645763593630731,0.010484575199737011,0.018020945769508946,0.016868315191958885,0.02144628828136401,0.8989726370546224,5p0Dj1Vk.webp
0.20676734674091518,0.7144320466483574,0.011520870850326685,0.016226999370760834,0.017486117234040865,0.015802944019284004,0.01776367513631495,zMMYfB6o.jpg
0.016531527116798832,0.013468163383039515,0.010858902126055872,0.9143433570672476,0.01509658023609071,0.017348504794339657,0.0123529652764276,4x8Igjnl.png
0.019236643232507955,0.01354394867155671,0.8786049692354732,0.018137102862232746,0.033388463549488115,0.022403364425149206,0.014685508023591991,RPlubVFj.png
0.015500885994298776,0.0113295759197523,0.011926690485379808,0.913216520648221,0.021257655827237057,0.01657841164447118,0.010190259480639858,XRQyv1Zd.png
0.05666866974515961,0.06315684155889302,0.1723225737879805,0.07273145929762735,0.5074439738505145,0.06254504785517094,0.06513143390465395,XRUfcTAX.png
0.013851929673120053,0.012340281806382023,0.00961768163190731,0.9176984035057912,0.01576631427068826,0.01761348580272737,0.013111903309383745,WUWpvdeZ.png
0.017992043807924702,0.8977690179659811,0.012711182315807559,0.017178488017120415,0.019256433000682707,0.02164579710092372,0.013447037791559908,i9i4gTem.png
0.019009488193506233,0.012429307295241039,0.012791001945493485,0.01661329279159733,0.0186721061947026,0.022150873204246455,0.8983339303752129,n3d8txPT.png
0.030614847859696922,0.019566397661149586,0.028708726550790944,0.03892310705335427,0.8003623467901055,0.02798375265188095,0.05384082143302178,1aQ8f5iK.png
0.021565419963755834,0.014496805149369081,0.8724033694506866,0.017066814081439393,0.03731373193532738,0.020306977699385113,0.016846881720036472,hdJrfq4s.png
0.018017907138980802,0.011243743804397743,0.011998908932664025,0.918288165254931,0.01336664499824691,0.016917272375804225,0.010167357494975235,rWnMvbQk.jpg
0.017150082411303308,0.012905243342531451,0.8982063266558847,0.013538921246045815,0.027756287172393566,0.01768201218823647,0.012761126983604763,KXd0P9dH.png
0.019889248592416413,0.8957407801214571,0.014114941507162925,0.01635451008374477,0.018996606623363742,0.02144569681980319,0.013458216252051711,9oawFahu.png
0.018056618735976568,0.011217965127127524,0.014525712532037485,0.013527895005906572,0.02382184328793983,0.016113320711969588,0.9027366445990425,8nBGe8RJ.png
0.02144453403595086,0.3211142060747113,0.009383336333985717,0.019872347882345102,0.016169635685332286,0.023437247951317162,0.5885786920363577,ZebzJoUL.jpg
0.014949206969306121,0.011217463093338346,0.010181113215351735,0.012974556267272935,0.922901634874287,0.016495927093569965,0.011280098486873912,SSysKnwZ.png
0.01694707281924995,0.014385041465595808,0.8974783614950081,0.015230834693574002,0.019878195125405264,0.022730152739469635,0.013350341661697084,ZiZ0rzRd.png
0.01502096017550347,0.011781921168609997,0.013059864035071578,0.9122044558863958,0.01392325450623645,0.020118057170369956,0.013891487057812792,sOyFalPj.png
0.05731004857845014,0.048095133061415635,0.1418553616021633,0.0791023892142692,0.5648810639255302,0.0474628320991101,0.0612931715190615,svxunifc.png
0.020235260153745358,0.8959776315539644,0.01393128737300207,0.016715499650672285,0.018445161655216653,0.021334174983294166,0.013360984630105025,G1iATUqO.png
0.01824501810817788,0.008525147075400733,0.010772766248903236,0.015835683376417393,0.9007112849796234,0.02044127206914164,0.025468828142335587,ycdhjkBF.png
0.01809270975190093,0.8994131618206768,0.013868659116894506,0.016261028594419837,0.017661117042545103,0.020431506245859175,0.014271817427703623,51T6XKh2.png
0.0142430875971435,0.007995126744894112,0.08832351280619692,0.010061332635716428,0.01816461175594592,0.8510740753130942,0.010138253147008936,8pahLIpm.png
0.018153500632477542,0.9018425835849793,0.012808022302968874,0.015874131001492348,0.01670005593155137,0.019881378940049172,0.014740327606481383,uP9TwtV2.jpg
0.02312198664944127,0.018661440505645274,0.05527895758700151,0.0180887070462995,0.8275905490217776,0.03721353397166634,0.02004482521816833,aBQT6TJI.png
0.011581398788711363,0.00817863331878951,0.016207541832388764,0.008281858896727352,0.013985922314822045,0.9316148307362497,0.010149814112311334,u3VWNChV.png
0.01884575581790057,0.8914594082064989,0.013491751489165899,0.02130861740073944,0.020327891279396496,0.02193779248099436,0.01262878332530426,TTEUFyJY.png
0.06218569123342951,0.6982177418642201,0.029974172430732193,0.06791302525863438,0.04028340629590533,0.02509215759661533,0.07633380532046302,4Jij6v9g.jpg
0.014851743204625964,0.009455825937724201,0.023314084813275977,0.011565491912175856,0.017267354042431453,0.9088619976610904,0.014683502428676139,UzaG4Ggg.jpg
0.022507019275968876,0.014481426062662296,0.83600314445442,0.015308828216567812,0.05556277946565439,0.04119479356945183,0.01494200895527459,ix1amEQM.png
0.9239488857505,0.010399200755229031,0.00980176735064194,0.01245120527237011,0.01427032511061614,0.01684914286861119,0.012279472892031545,qGkM4Ur2.png
0.016135200791365743,0.014902453905449338,0.014595546847285588,0.9145600755942127,0.010964675164155325,0.01752213617576115,0.011319911521770186,X5VKmeBa.jpg
0.019783424022782478,0.8994385706281567,0.012999139179862656,0.015149024300129979,0.01814336840651652,0.020650739203420438,0.013835734259131345,yA7xTpY5.png
0.01885628919026078,0.899059535275193,0.011764009903444627,0.01638052797044828,0.016772816882229844,0.0218951831870555,0.015271637591367867,8HI5NDWB.png
0.01775128584189803,0.01183834718922226,0.01207356954715129,0.9095869090314668,0.017762404517022618,0.019069089229293755,0.011918394643945165,ro26fXD7.png
0.019726892457847554,0.01430291834101578,0.013717672671732952,0.013992541115877114,0.026107572092851448,0.01652011836742529,0.89563228495325,4YGovcfJ.png
0.014591324288971749,0.010643664954879712,0.00877474560795826,0.01194893920767343,0.921118098462268,0.015723539263828048,0.017199688214420916,aaqExlVp.jpg
0.022802904728163105,0.8894309330209703,0.013584979645388785,0.017870728027160717,0.01871977165790484,0.022205714756846053,0.015384968163566142,HOYLoAta.jpg
0.013615801834326976,0.20251903058173285,0.020414492646854607,0.010704470112395,0.01911669677336448,0.021316564494331305,0.7123129435569949,nm7BXcSo.png
0.016024962210680987,0.013562989303690555,0.8970373817423432,0.0153440904256769,0.018840850137258662,0.027071146689010353,0.012118579491339194,S3sYitMU.png
0.5927523202602176,0.22461605843997995,0.02931718311625475,0.03161764243125727,0.0361658511557353,0.042568323977044346,0.04296262061951073,bt2RKsKm.png
0.04167344095873738,0.034495771014281945,0.016233341391802627,0.8526549759932807,0.017058589474969754,0.02380689625254932,0.014076984914378192,vvTcbLTG.jpg
0.01671421921780008,0.011807296193640376,0.010506312850304662,0.9178922906840986,0.013974502925172752,0.017750571330997604,0.011354806797985856,xKb8yzNs.jpg
0.018703458446149273,0.01372346322061955,0.016471270211465962,0.016469388321537878,0.017812986517897103,0.019683226989315596,0.8971362062930146,h2iLpucQ.png
0.03112573276840968,0.8941496637988323,0.012390369176410971,0.017660648040542827,0.016306362298315228,0.017641238844561927,0.010725985072927182,QzYrzlso.webp
0.01360531985715102,0.010640413880288472,0.00970645858412648,0.01704675901701013,0.9208169104070715,0.016965483835070412,0.011218654419282038,WNT3Tnrb.png
0.9226954618791227,0.010616570158168774,0.010140281289190938,0.013213328166231499,0.014672991873973855,0.017823006510341497,0.010838360122970776,K8weUhmt.png
0.01918259139986856,0.014154058724714192,0.014486420266827817,0.0168232869861258,0.018139163416675402,0.020219497203817424,0.8969949820019708,9odq553u.png
0.0767454579736463,0.8441825095612647,0.01112983576132535,0.013692241353616883,0.02360294586589121,0.018326220292902432,0.01232078919135304,ol8RyevU.jpg
0.012420463521888702,0.009651627350729967,0.007882615000921115,0.015479051030733161,0.9274578295170226,0.015793541147085508,0.01131487243161892,dRCVp0zD.jpg
0.9247276113548768,0.010801774616846402,0.009871296974090338,0.012842626287414198,0.014637391262827369,0.016250840557088267,0.010868458946856518,k0Lb4cxJ.png
0.024742203452708274,0.8904756044131152,0.013291957410769393,0.0139282573344059,0.01584225920169679,0.024916012487259054,0.01680370570004542,H0jEMsB8.png
0.013079291887915758,0.012783208495903219,0.01604933616033838,0.8860743454492078,0.03633638588497611,0.019581525522194335,0.016095906599464496,NiDKo5Nd.png
0.014830633403737022,0.010650701286426858,0.010051481166880526,0.014823147874735309,0.9205893072470387,0.01717209039544965,0.011882638625731776,5CHegCkK.jpg
0.02035384842893615,0.8940586806164497,0.011791450955487098,0.01535001188782777,0.02637994713639573,0.020472695245402475,0.01159336572950122,OoUyvEqb.png
0.9237539431628714,0.01027683326642519,0.010625256243660055,0.013093008592639215,0.013959697584028114,0.016651550006730402,0.011639711143645553,wp6wkjKx.png
0.019740696990704083,0.01433987390005463,0.8939581402297001,0.017485588762593682,0.018082479905586566,0.021686657492511568,0.01470656271884945,wYewV5up.png
0.017312820639776107,0.014248469535026575,0.012734140976644194,0.01834157321753733,0.014734240441319216,0.020747333130892522,0.9018814220588042,iiCqsrGo.png
0.01644545102549994,0.012887194296544339,0.01175323998685364,0.016422753156889888,0.01936325986045006,0.01819928294916822,0.904928818724594,uAEERgsB.png
0.014940325933373565,0.013142108395679818,0.44205883299817267,0.013429491056285665,0.016138908927896024,0.4886755481760931,0.011614784512499053,SVxHx8pl.png
0.019861699763168338,0.014427412030587783,0.8994181910862784,0.01698989034124009,0.015911794887109244,0.019823327625036226,0.013567684266579616,Q7bs1lcv.png
0.013556179292532769,0.009588033964048335,0.008845253728684856,0.011018582610798851,0.012106329291664466,0.9352179266525121,0.00966769445975857,FoTOgdqM.png
0.012695792812472965,0.025562563207576904,0.015224566175574168,0.010654419219320336,0.017146545270307553,0.017865338464265985,0.9008507748504821,4IujtzpE.png
0.7910677810248034,0.13359808144851915,0.010976705860062306,0.011824957104113644,0.018865737469939574,0.022961942513029323,0.010704794579532514,akkU0GuM.jpg
0.019926355895118503,0.012806421265985406,0.010818480262056594,0.7776674174972662,0.15104342186404487,0.016988607627077705,0.010749295588450706,RQKLdl0d.png
0.019621646312970344,0.8953242974887091,0.01387606388392882,0.017962380695888524,0.019617395957376143,0.021061348266819727,0.012536867394307316,ZgnNANis.png
0.04173947547117991,0.23885473459718415,0.015975960897238576,0.028876698032171796,0.1717735131700816,0.09971817821717369,0.4030614396149704,Bp5dKMs8.jpg
0.01863196517273288,0.01319085816323005,0.013177455720106661,0.017708889050281087,0.018497565943420117,0.0213566434277378,0.8974366225224913,NY6h9a11.png
0.02292065407996613,0.903111000088021,0.011315084182829643,0.01588917054318751,0.01407144884511394,0.019659743501149345,0.01303289875973233,HDUihU2T.jpg
0.03137263376835402,0.8799135378272508,0.012097292458006136,0.01564246789024618,0.032785489719635644,0.01942488551518577,0.008763692821321573,7okaG787.png
0.015678030839882017,0.010848066279328947,0.011837233299870655,0.915904937398056,0.014492891642586244,0.018241492331120303,0.012997348209155823,FGZEAU1U.png
0.016407361605261503,0.01254623589365389,0.010651147722608046,0.9136933144130063,0.016002988087594514,0.020037721201366005,0.010661231076509774,aOLaO5JM.jpg
0.01705493095220874,0.0172148275965178,0.852512102682154,0.021065179398151248,0.0194691693831634,0.05488519660595162,0.01779859338185326,g9Kn0JHj.png
0.01408035030331119,0.016587415703154626,0.035794548409520635,0.01563879023801805,0.010363122469478254,0.8902011829259789,0.01733458995053834,ZKfXeHba.jpg
0.924064269046182,0.010183676806105784,0.010613180828515947,0.013903845258852205,0.01340548573579187,0.016095878346444246,0.011733663978107985,qjtA37ao.png
0.05649357598287638,0.8534298152633144,0.010339486273383037,0.014409679395827674,0.02425166820537191,0.026690539893339835,0.014385234985886406,RzcsA0iU.jpg
0.020162056659179257,0.2669571173416986,0.011943128486406626,0.45633643442829463,0.06544153995231033,0.04376983325271043,0.1353898898794,lYKRQ4Ej.jpg
0.013751665978080798,0.01449893802938131,0.8149675682751497,0.01956919701756878,0.07253766541838916,0.04484585140391141,0.019829113877518893,kTe41wZp.png
0.9246323828131229,0.010344352289207551,0.010296897432739614,0.01267750184951246,0.014123578414872603,0.016434429227230034,0.011490857973314773,eKyhXzpC.png
0.012858442913462395,0.009631552406532629,0.021891022494926964,0.010156463239685916,0.013762815888912398,0.9238211782551834,0.007878524801296355,xHufZeXk.jpg
0.017192929043952192,0.013133202794741543,0.01194986263572832,0.017561611501972853,0.018105885724020148,0.022669112057869846,0.8993873962417152,NSoDh4XV.png
0.012058226148033353,0.009719689181889948,0.009145570387554293,0.010344240901240472,0.011895453154490596,0.9378138577640259,0.009022962462765459,qZbzOws6.png
0.01231685857325784,0.009839603419623578,0.009277511501875342,0.009550177588034317,0.012145888980954185,0.9377520546971763,0.009117905239078516,p9MS8QOZ.png
0.021275542408215723,0.8924527342739258,0.012626091198734505,0.016306101709442813,0.01767891404564597,0.022910914575076716,0.016749701788958318,pqiXIbz1.jpg
0.031245699843153465,0.037046626624536054,0.6920282358718439,0.06386567790541557,0.06159714911028724,0.08197825452957923,0.032238356115184386,O7buaCxu.png
0.018259316799988975,0.8952289297139008,0.011808352342026266,0.014316911296598147,0.02061357362230635,0.017117503705181437,0.022655412519997954,gZ6JRRo1.jpg
0.01602250890708306,0.013549560136882197,0.8560674117631348,0.016621778559289403,0.021700029180565853,0.05753535171239039,0.018503359740654143,r9pkij31.png
0.015259508692540526,0.011675454773076074,0.012646314896070848,0.9133843280560642,0.015050420976459474,0.019019885073062077,0.012964087532726886,7z5jC5dJ.png
0.03046286969655839,0.11796306070446623,0.014556341761934006,0.03499651255697015,0.7627733415081457,0.015236841788216328,0.024011031983709154,1bSnuvCQ.jpg
0.9234621770456548,0.01139142574372051,0.012973523355584628,0.01083414417151173,0.009097099711233892,0.017535299252686345,0.014706330719608057,w1TYNXxv.png
0.017428495295971732,0.010622908797372136,0.013013322281585653,0.9117227312861941,0.020758494260552516,0.016134327729175748,0.01031972034914816,mVWaBWn7.png
0.016493533302297962,0.01221812338702552,0.01036466317775625,0.9171543002360626,0.01393477756078277,0.01921167336408421,0.010622928971990605,9uBBnvVC.jpg
0.01820024068666731,0.013912516260043814,0.011865947807528792,0.016722381618708877,0.021166191787451813,0.021416167104425694,0.896716554735174,OBJjW2qr.png
0.014711335139438165,0.010534443769414314,0.012319557492152347,0.9198035044224006,0.014647094527131255,0.0176301942486505,0.010353870400812907,lrxdOlAT.png
0.01199960328111909,0.009938954821597986,0.00854838393897437,0.01153859445589413,0.01354298304725707,0.935593914051907,0.008837566403250546,Y9Wo1fXp.png
0.020546042591035006,0.014355822504758043,0.010970794246811353,0.016877257783779975,0.01931850059704631,0.0213620676260747,0.8965695146504944,8aIpqRW3.png
0.01458202340241031,0.011298699159366698,0.010500489780470244,0.012197659383483538,0.923474214562463,0.016683819254981844,0.011263094456824423,DmsOlx6D.png
0.01873377787414849,0.012203152011057143,0.012882737804720127,0.017010883702085047,0.017941180908494538,0.019542763279275885,0.9016855044202188,xDkXQvEj.png
0.02229737199973634,0.8897997175590268,0.013799931156573932,0.01683718294720935,0.01852208270961675,0.02206232327773627,0.016681390350100675,gwK0nORp.jpg
0.9255445030929196,0.00977334756959073,0.011305111471484006,0.012424195429966896,0.014589944714941279,0.01607999670764538,0.010282901013451985,ewJz6r3b.png
0.012917661510972919,0.009510819406437939,0.013755377570816006,0.008906392275843018,0.014561846923858729,0.9306503631914057,0.009697539120665653,xNKGV4NH.png
0.020416289861533914,0.9083953440198153,0.0121985388210611,0.013321087695528892,0.016846606401608785,0.017105316001178893,0.011716817199273062,dvQD5M5A.jpg
0.015917105017024525,0.011935745315504271,0.011606649590012497,0.9156934758752394,0.015962691197496465,0.017158175685245566,0.01172615731947735,JT80OyO5.png
0.018515008651049547,0.01569126829307231,0.012850291432636819,0.017110197588329733,0.021271534441298184,0.021775359361093146,0.8927863402325202,9SwD0Cng.png
0.017938714175468096,0.015919932274909007,0.012688253611015556,0.018289153058578814,0.014110543822958562,0.022058857896170143,0.8989945451608998,RKS9K2Fn.png
0.059106319872406984,0.05257356005280305,0.3521105130195545,0.11694397461542835,0.2632080646221749,0.055727133566503634,0.10033043425112857,QDQKS6ep.png
0.017328632582426055,0.013522236117736293,0.012244091947076294,0.013192655385989578,0.024545056940518454,0.016580381738756457,0.902586945287497,iCbYEi4m.png
0.010261717651022208,0.010343842005491504,0.04643699429527662,0.016252595355187107,0.010055668836469923,0.8984189367025022,0.008230245154050402,nMQ4F1xT.jpg
0.015625486579548264,0.8901591036182668,0.013735867076681726,0.015184989321660188,0.021195238766392024,0.020835057123904807,0.023264257513546258,Kol75L34.png
0.016926691464289503,0.01104031026654735,0.013269465764551272,0.9098605065954887,0.018017756767734157,0.01775234777500128,0.013132921366387608,APvuixRi.png
0.012724676637855238,0.010137210935672481,0.008435222158652283,0.009831343938941113,0.01217076555600979,0.9369232999892021,0.009777480783667117,cXMgNAwJ.png
0.02340347470552787,0.9126202637463108,0.010442367070417262,0.01256165873783255,0.016166105791230297,0.015020527012331532,0.009785602936349624,j9Sd0Ui3.webp
0.016008192292473272,0.01388750970758129,0.8929738231527171,0.015345903647347264,0.029444868749966546,0.01945218634521401,0.012887516104700552,MbkiEXjb.png
0.011213839663864923,0.009944204325110189,0.008930831296381905,0.01242116288380032,0.016213381796164113,0.9319729519902631,0.009303628044415561,3fw8duj3.png
0.012152098418760963,0.008750287277294955,0.0092671214715903,0.010396914002765118,0.011324361845990406,0.9382826966069762,0.009826520376622051,9ujMxB0H.png
0.014986960745488295,0.012334073303734462,0.011134796135279587,0.9127962928324109,0.015648458879817563,0.019157921349865985,0.013941496753403318,gebXt5nB.png
0.01734666314166204,0.01626506760222739,0.010466050722912039,0.9115802838225869,0.011376889661183814,0.018055498131443044,0.014909546917984894,dox3Caag.jpg
0.010880238216158765,0.00836358661155851,0.00909071052019058,0.010417937839256387,0.015305799775652724,0.9382828881417221,0.007658838895461159,pXsBWAib.png
0.22287033760398614,0.22419620636945486,0.013002017478038893,0.03542373989040393,0.06873252775917049,0.049523485497677516,0.38625168540126814,CO9rKb3f.png
0.020545482691231774,0.8753241672346489,0.018181874638700538,0.015877747029801152,0.02247983543424546,0.022913157170038837,0.024677735801333492,9QpMUepB.png
0.8053158520195679,0.11896866386256028,0.009651804166809469,0.015281023189053127,0.021762321708387992,0.018170016588263102,0.010850318465358055,8vgm8wKA.png
0.015821385384576638,0.9025035920561061,0.013985835245385174,0.016457597642671816,0.015411604086673433,0.018674908890930875,0.017145076693656155,EoiXaNBt.png
0.012451521339570275,0.011127343349430052,0.008927114820928513,0.009571879036024949,0.01264453341339069,0.9346329718789834,0.010644636161672088,KtJsjnsZ.png
0.015212798412601685,0.010829815574903855,0.010576459537970142,0.917624501985363,0.017799243145744905,0.01699839240334088,0.010958788940075487,gH2GwWBW.png
0.01495851963090953,0.011468674443866568,0.00967622878821555,0.9260274676549441,0.013259868650046771,0.016586771776517382,0.008022469055499986,GYZj43GE.jpg
0.019127400771088064,0.01308737295855119,0.012431268832788235,0.017119078721461397,0.021640791313239795,0.021759020073225735,0.8948350673296454,n1Iuhvj5.png
0.016596820865292232,0.8912167237218539,0.013648482325746676,0.018336678922971396,0.016121214725721332,0.021314009847770075,0.022766069590644235,rtb326oA.png
0.016720362753243834,0.9020504402121156,0.01263207424103384,0.015311008102039444,0.018047312555961335,0.021786181569470375,0.013452620566135514,5MKxqZuH.png
0.09276325684064936,0.8088203033550114,0.01386374223818667,0.016665570235776177,0.027624995898520424,0.026490051560599113,0.01377207987125695,65wJVNGh.png
0.01351834159818988,0.00957112519657101,0.010027805130369308,0.010611079348420264,0.01278893661157233,0.933889088633131,0.009593623481746177,XfeKKCjv.png
0.05119565032053654,0.5771416485000503,0.12633653020412206,0.04684261263749274,0.05614113186147393,0.04906058137789186,0.0932818450984325,qaXGDMJG.png
0.014437621407670357,0.011783214113291836,0.01013985477391008,0.9152961234815411,0.019297595998158643,0.01699069351676432,0.0120548967086634,CEawXvVN.png
0.019065066914540196,0.8945194088720473,0.013857788687168728,0.01823778166849135,0.019799766166126158,0.02087921558027138,0.013640972111355025,TpM2nulH.png
0.018858739481589996,0.8696629689405719,0.01717665242585376,0.01819148952129545,0.023628154944954353,0.02148601573045404,0.03099597895528066,LA6ocSc4.png
0.9205609743707429,0.010404375035093017,0.009170033113004402,0.014295652484859239,0.015022823566421855,0.01742865130737788,0.013117490122500679,7O1Z9Ieg.png
0.01744505735333112,0.013148719442070496,0.012323974799491712,0.013926726532988693,0.019654669272525262,0.018647442158268735,0.9048534104413241,ZLwA6wXB.png
0.019176272547131615,0.013255036460703452,0.8885369709858449,0.016429975268422384,0.023573832341247263,0.023321026273330134,0.01570688612332013,QaGkv1XE.png
0.015854348986408338,0.016753185143264675,0.01493611860260692,0.017103019743887997,0.016448476727225138,0.02335486074474198,0.8955499900518651,u3NoAYng.png
0.01600633941880537,0.01217778298740175,0.011815819354456266,0.9149705430541111,0.014860117201309888,0.018282362323861042,0.011887035660054612,2jgQzL0Z.png
0.015110616607772699,0.011461487155907928,0.010748333625870445,0.012280906078960752,0.9219854789206074,0.017280018440815455,0.011133159170065483,PHFLYaNx.png
0.02420885448267994,0.8808656422383793,0.016555361613386735,0.015062918197787637,0.0162943614299975,0.02052523175293692,0.026487630284832052,Wcg5HVar.png
0.011462293443617311,0.01783457161705525,0.009772391483418503,0.8940229563663828,0.021301939305999346,0.015907016301971368,0.029698831481555502,pm6H79rh.png
0.014693702812117803,0.011991769924257137,0.8728865908514816,0.014334307893880346,0.01780972876206285,0.05636292722685256,0.011920972529347639,XmPemLJt.png
0.01756677504109388,0.013265435691521523,0.011866307414745165,0.016704144902752446,0.02023058441945114,0.02103236831473002,0.8993343842157059,aUdw5dsN.png
0.9237642423208515,0.010465237933449372,0.011030433200689114,0.012598310120566567,0.015204311910361073,0.016366892811502408,0.0105705717025799,C2rmpLAR.png
0.06907973586652834,0.06922314462101173,0.1720404369553553,0.3092008258583587,0.16150227973140252,0.059263446185795744,0.15969013078154776,ltWHwNeH.png
0.014539839274127914,0.011363057407303732,0.012651483836179311,0.010314398623842435,0.011834982501864376,0.9293313808966276,0.00996485746005446,uT2vYMoU.jpg
0.014885699503442533,0.012299493918347552,0.011230684651181384,0.913349117749531,0.01810630019110969,0.01841401788277768,0.011714686103610199,EcNEHVd7.png
0.6509210182836073,0.046655736576857926,0.04079016469818427,0.060520480300242235,0.06291624751319556,0.05759026568642221,0.0806060869414905,2AxMK7gr.png
0.015149733645143819,0.902455448305168,0.010816971765150644,0.014285815893028745,0.017331594889791968,0.019705746321904968,0.020254689179811818,bop5vEvK.png
0.018188587250794332,0.015408077483112013,0.8964782829275748,0.014653957035856006,0.018336611217910657,0.023955362659768418,0.012979121424983666,TIWzxvnQ.png
0.015340735941086769,0.01270150511905966,0.01202286221847564,0.017952977923008866,0.9126286335116531,0.018700328898780583,0.010652956387935121,7yw3UO3l.png
0.012986024650026842,0.009134741661997382,0.008444647499750036,0.01520093331168096,0.9224919580605143,0.01704047840246839,0.014701216413561806,3XYHokqa.png
0.01502728820443273,0.011590539320797568,0.011721587819586484,0.9162144906678746,0.01589700755387715,0.0179708070058988,0.011578279427532442,BjCddVpD.png
0.020395905112635317,0.01644718753719002,0.027437495726050705,0.023854964256530966,0.8701300688555352,0.023634350687689192,0.018100027824368675,A7o2WBJc.png
0.36433296872016524,0.08027061999626642,0.13210764137097214,0.2773311523204841,0.047189159959877755,0.03784373524756317,0.060924722384671275,93NRlevh.jpg
0.011835076334318021,0.011268231714375361,0.009173666537098972,0.01035522627730459,0.01324405324677732,0.9337954550982263,0.01032829079189963,vqVon2XC.png
0.01579600095424718,0.012919606121760633,0.011674600439170964,0.9126613922413402,0.013922361971309086,0.02098182562548229,0.012044212646689763,IRNP6nIx.png
0.013685614514408072,0.01617455086812558,0.012853243153575004,0.01421593727739385,0.01634363465375028,0.015987477130765624,0.9107395424019814,qrAaDALi.jpg
0.01549856861883605,0.012114761851674174,0.010573960400405504,0.9132459833396502,0.016387602405302407,0.01952890417406944,0.012650219210062114,OE8aYn28.png
0.014225521289829225,0.013636192320246963,0.01196570884929718,0.9114945059896491,0.01652480435191868,0.01997106649982712,0.012182200699231606,EpFBZRyY.png
0.017424718937260695,0.011419925972216053,0.011800879638132221,0.9081685115638803,0.018029300125267704,0.01903898171281426,0.014117682050428614,58w1SSBz.png
0.02050068040098215,0.8906169311331921,0.012180106208871595,0.01393134037531707,0.027824955091243407,0.022117195894303596,0.01282879089608994,Vtgd35hU.png
0.020001019173956837,0.013200498365168152,0.8678692006226721,0.01770155260358413,0.04145895923996095,0.025209415005337802,0.014559354989320015,lcZIlQln.png
0.01284615537253475,0.009888116892951295,0.025686685817870966,0.009421396134433921,0.013856308441551148,0.9167508219223636,0.011550515418294549,fpIL7VTV.jpg
0.016903475290790497,0.01201909128267008,0.013680220637822179,0.9085281843379196,0.017104804564089016,0.019726171814420473,0.012038052072288126,Ay9ShDpL.png
0.015165788062908268,0.011291038392750006,0.011434423454632171,0.9164460260415316,0.016849164680135566,0.01692743332746083,0.011886126040581422,dnS6qlsM.png
0.01624041806149564,0.01667674916512108,0.8987382478997029,0.014623740315267643,0.016011141516457446,0.022598000560753704,0.015111702481201503,zbfjxVrH.png
0.020554290697533666,0.892832738369514,0.013680560104449556,0.01736484394713408,0.017176471723428198,0.02260766435832582,0.015783430799614664,bO7P6Bkt.png
0.05839163325193708,0.06160812614239259,0.6708901642521723,0.037668529944991244,0.08315060720230284,0.058298869394770754,0.029992069811433084,JMUbIuxW.png
0.01612352413535636,0.01969261424017934,0.009493911787719075,0.01520799553755491,0.01633033507983407,0.018822677436919264,0.9043289417824367,x8uS9FTz.png
0.017502367782166926,0.014717305139937655,0.8967575995745444,0.01514437368760901,0.01843713457038765,0.02327318572717509,0.014168033518179178,RvR6VzKd.png
0.013439384050109415,0.01272407051357307,0.011699622750034428,0.9160226167050343,0.013378197211369468,0.018280464180670388,0.014455644589209025,152nPU4v.png
0.029483090299291363,0.055810585989618224,0.013532841376597608,0.026389464722758785,0.02963437387706763,0.0338819199231206,0.811267723811546,FFjj4Gt3.jpg
0.025784724848193476,0.02786176320212624,0.40016574274232186,0.040624689570744305,0.09277509251959595,0.3776939358169785,0.03509405130003958,EuBFu1a2.png
0.13833738695194156,0.19262431347307604,0.15178131782609416,0.09646540995073459,0.09149158907348968,0.12430943541277172,0.20499054731189228,WPH4MRoI.jpg
0.01516178942830812,0.011771842227004807,0.011109091089867544,0.9148692774897659,0.01585821126791585,0.01987008320723114,0.011359705289906473,YMl6HdPy.png
0.10613132083973756,0.02929076872327069,0.0634848421028046,0.6837144135198876,0.058588945035883126,0.025702722895705576,0.033086986882710785,0LozFGtf.png
0.01556701444869718,0.013826072052591105,0.011639917651439723,0.9098054080760396,0.019719236024771363,0.01799098494482721,0.011451366801633719,DlYwCXLq.png
0.015478076781556771,0.011485407958595527,0.010538594653952986,0.01251153176194139,0.9223145650124385,0.016679992096714384,0.01099183173480046,keYZq33p.png
0.01192792630756162,0.01032714652658461,0.00827373664454046,0.01101809347885721,0.013535912162962127,0.9355770818137038,0.009340103065790096,w2cIWsFj.png
0.012528090248097786,0.009565928453662501,0.009032231730704835,0.011765609540575763,0.013920916237164904,0.9343242503414312,0.008862973448362833,zrUNvOrx.png
0.023096847808584873,0.013131693493088499,0.016274522457468264,0.012915066639497826,0.06169457743225319,0.017255189875152385,0.8556321022939548,iPjo2ktw.png
0.01959815675778366,0.015106128375008639,0.8925694541577354,0.016626525160467396,0.02004694703668098,0.02086871144087999,0.015184077071443952,PPx6NNeK.png
0.014699060506034875,0.011517690212206414,0.01199560647650098,0.9171119345945133,0.013112324334250684,0.017577539607657573,0.013985844268836069,bhK7v2jl.png
0.018507847205389727,0.01931676990373921,0.811399301712354,0.017701323302819504,0.021041236404169848,0.09441553095678244,0.017617990514745368,XMe2g54q.png
0.016597724267520077,0.013620602516624367,0.8981252103304816,0.016210367964044868,0.01617371385720063,0.024526111655236514,0.014746269408891689,GUbQCM3T.png
0.016134552834640197,0.012229550024153827,0.01217206231946815,0.9110464134052927,0.017822330646834098,0.01837127865986327,0.012223812109747854,K3HrZflH.png
0.013315662100888618,0.010686339787527949,0.007221075230017525,0.019836432010430543,0.9229724054886959,0.016393765730664256,0.009574319651775116,JDK2V2xX.jpg
0.016182382579280133,0.8942971455751937,0.01481204078056635,0.019532707689089674,0.020179688473838196,0.020765069957438813,0.01423096494459317,dZTPToBV.png
0.01575490258731995,0.011573774906588914,0.011747907932528851,0.013569303175808773,0.9175637551345031,0.018352573623381403,0.011437782639868868,PJdnk3lm.png
0.019165235172654286,0.01593901442671257,0.012324259102826075,0.012368109423055062,0.01808744865784039,0.018458501407983552,0.903657431808928,JqbYEJn9.png
0.012789903253170525,0.00978950260818707,0.009359614571894532,0.011581005000018234,0.011110400889040703,0.9359808671223454,0.009388706555343443,fUMzeXB8.png
0.022336364565908647,0.02796424889279716,0.05080540927796672,0.8168150728566778,0.03666829690510257,0.02687622183625086,0.018534385665296187,DA4kTYgw.jpg
0.016223820810018594,0.012282377946654627,0.8875216075216775,0.0162826280832938,0.027082941397056866,0.02763333135725627,0.012973292884042158,03CmPGkT.png
0.01721545712031476,0.9027220839834788,0.010855411014116249,0.01670266104868328,0.01964026613328318,0.02027519252277773,0.01258892817734619,sZitfzyO.png
0.011764411377392548,0.00884742714522844,0.009866369733769708,0.009828195443716816,0.012309482198206682,0.9382429446249854,0.009141169476700465,2GJWBApQ.png
0.017251951927487387,0.010005519404377685,0.013135844199219041,0.8976184452769852,0.03668636491229265,0.015654013148844178,0.009647861130793812,4655GZzK.png
0.013130584092802981,0.008891475662043373,0.14648623267660682,0.010366504757194814,0.01565945898839711,0.796100877482501,0.009364866340453892,08NfpYut.png
0.011753544340599633,0.009694367936268714,0.008294699509532936,0.010997203774503876,0.011655977038846512,0.9386672308768771,0.008936976523371264,h3g0czx2.png
0.010855005704567848,0.00809693452994627,0.008314603233898868,0.012129421082276017,0.014938503604786454,0.9375205011229,0.008145030721624634,hk9RQTry.png
0.04324067974456166,0.028244178352416684,0.6632911490511273,0.07659011129032843,0.03554106637269019,0.10625101853230512,0.046841796656570664,Zz2volKH.jpg
0.01769159128778274,0.012344161043004396,0.013011564018613284,0.019828081543012077,0.017700437535249774,0.021679422136252537,0.8977447424360853,eMQyYGpQ.png
0.019104030121289237,0.011291499704262492,0.01918805842540644,0.01195519256561273,0.023358665292491046,0.01620825258273073,0.8988943013082074,Hi29doMI.png
0.013350816033772675,0.010376762486632987,0.011836405788595508,0.9222951847259824,0.013162645487470244,0.01613620033567115,0.012841985141875106,YpqYLMls.png
0.026146941237029316,0.9061328485511253,0.010801250406494618,0.012701815110224472,0.01627208166926592,0.014995987967705607,0.012949075058154949,NDvBjnG7.jpg
0.1840914504865575,0.34027551582652055,0.029569887855429636,0.30955643936759303,0.04254926357713258,0.02716677694388189,0.06679066594288477,9HLf4SFI.jpg
0.018369505657066822,0.8988854431543427,0.013476262494253976,0.0155358492984295,0.019960190585930345,0.020287372023970664,0.013485376786006057,ZB2R1d8J.png
0.02863290603996748,0.05685176742590276,0.014849282552342179,0.023927756931912066,0.745310726520186,0.10022857438968794,0.03019898614000162,5qer90We.jpg
0.9196713890342539,0.011370239848781778,0.010106484543471529,0.012820149354579051,0.01586892838910705,0.017789636013501194,0.012373172816305523,IBmEBKAa.png
0.013988491893247253,0.009871554578620519,0.009352933154034784,0.0143187991048966,0.019779397325586798,0.9235988878128201,0.009089936130794006,74idLsML.png
0.05625753314768863,0.11121620343248885,0.007085091843139487,0.01362363688097226,0.774864452277986,0.01992336582981721,0.01702971658790748,z1R8PWlY.jpg
0.013230577755182774,0.009197092944523567,0.009165377880649543,0.010941501774041934,0.01298307925966284,0.935298259057881,0.009184111328058301,UBKtB1Oc.png
0.012735776314930745,0.009429522142702977,0.009087761090851559,0.010146923478218798,0.014185062098255373,0.9354395059592716,0.008975448915768961,Q6XCuJlD.png
0.011839780193386443,0.010279344771944246,0.008174012273536962,0.011818795584906581,0.014297376476696147,0.9348736206795547,0.00871707001997489,idfEwQVG.png
0.014935400272513059,0.011059854052356405,0.010772495437108261,0.9162380162403928,0.01854406489272115,0.017374189781146278,0.011075979323762216,yNa3HysK.png
0.022656865898766254,0.885287074803607,0.01437456036946928,0.0171333250510105,0.02132270024370991,0.023795800426771794,0.015429673206665107,MBKVuyos.jpg
0.9233768531150048,0.01303157147567106,0.010167132616754719,0.011496203996338578,0.015658184585299304,0.016406652263224967,0.009863401947706733,i0emcfgO.png
0.017489171101033096,0.015558233312614118,0.1922436067935632,0.025279344848181028,0.016798205230290488,0.6998203759034385,0.03281106281087968,dozYNIIq.jpg
0.019135504970602915,0.015967822785311198,0.06043685532607434,0.025131141049758707,0.8300489827815595,0.029204573402645793,0.020075119684047606,7dSHxdbK.png
0.015879850062310075,0.011528729010457282,0.01056955616638619,0.9143132113891916,0.016991969110077273,0.018997496117173763,0.011719188144403585,Ug2YwR91.png
0.01839074157076409,0.8948574610711895,0.01365957784990927,0.01565033528657115,0.022496590298879977,0.020687793930640894,0.014257499992045185,hFzwSHJo.jpg
0.0170020870658353,0.012312100695569556,0.011158290178531058,0.9136293004781234,0.0169085617997163,0.01884028813898682,0.010149371643237457,DKYyzKJl.webp
0.01772539863720019,0.8995949179071545,0.012008647265702213,0.016133475149210392,0.018289019710068553,0.022153658968075553,0.014094882362588622,m4ozFNVG.png
0.01271733015587841,0.009567849259134077,0.012232389006086456,0.011738214847548957,0.010969278091990968,0.9341108038822745,0.008664134757086753,kiILGiOh.png
0.02538840013866314,0.9014524829603656,0.00959200907742182,0.01650907732929261,0.016832750919127525,0.017035534309663886,0.013189745265465595,KrSZbpXE.webp
0.032403317140133565,0.7113621176596626,0.009007913071456295,0.020360509796638275,0.06882601123828194,0.02387472706807741,0.13416540402575006,lWLK4H0M.jpg
0.011647836008605927,0.008831028920307847,0.00939297599110224,0.009163045327506334,0.011915635163121817,0.9403607766350545,0.008688701954301485,ysYHSOU8.png
0.018786374264149672,0.8930967480442221,0.014834938323436223,0.016889744405736592,0.0187578336536978,0.02269244662829365,0.014941914680463882,c7L3eKPC.png
0.013644489369413324,0.011764135589831066,0.011749683708976692,0.9203226067823258,0.014570071611485628,0.01653065596004148,0.011418356977925915,0WkhIplx.png
0.01187085402853518,0.009078001229046598,0.011177249735586953,0.010035981668471887,0.011903907522144753,0.9374645221046869,0.008469483711527727,6coEpME3.png
0.012654997806291339,0.008928124454078357,0.009196504886081707,0.010258320383121296,0.012027908969414202,0.9382120816764437,0.008722061824569307,6bCoahIm.png
0.01619136677513222,0.8963446386990503,0.011498880390902907,0.019608957967312237,0.018473986359253878,0.022584813785593898,0.015297356022754404,peNDJF4b.png
0.03361331435549254,0.02290741644989616,0.4245981098538291,0.025304741371320903,0.07085607728569973,0.3930381474493255,0.029682193234436088,pDvLygmX.png
0.017317663084569883,0.8992975339414004,0.013011678529582656,0.015989094937061528,0.01695867782946475,0.0218721698937418,0.01555318178417863,yiJYAIaE.png
0.010136111494588216,0.01246321559273537,0.03163908354099597,0.034720685649222906,0.022647120880190184,0.8758058657493492,0.012587917092918179,9XCWkKHR.png
0.016078523921008475,0.011940470291696061,0.012186028775973586,0.9120091098491023,0.015982281130278587,0.019034158218634047,0.012769427813306828,cgHSsmtb.png
0.1238268480864644,0.07938446625465861,0.49185731058673776,0.06685607818460232,0.0821726957020601,0.07843798970145673,0.07746461148402022,YM3XRFaS.jpg
0.012571017020446816,0.008976353836545974,0.01037017556604971,0.012112189087456537,0.012905995816519154,0.9339039338586379,0.009160334814344062,KCwPhJOR.png
0.012377909183656345,0.009898000817852423,0.010365735588988782,0.012859678968555482,0.014483860070741641,0.929866125362098,0.010148690008107362,ISiY75Bj.png
0.0159239585401062,0.0113083995011003,0.01100141960965385,0.9157422625332099,0.015468038535553025,0.0205218623022386,0.010034058978138114,VrkXL7CM.jpg
0.011330739100914268,0.00845298715104186,0.00833305958917771,0.011293458865393267,0.01453498466237353,0.9347723714973318,0.011282399133767558,5xvOZlms.png
0.9245473008945714,0.009974512842077721,0.010012808046374132,0.013338196269541256,0.013824996660950727,0.016801830532946198,0.011500354753538429,2Orl9nKh.png
0.019734867187338696,0.013032261846636582,0.01288095284998429,0.016727093636455363,0.017801436446025103,0.02079871239972844,0.8990246756338315,zLGTidae.png
0.019588821088106743,0.012029850709356455,0.8632379806756647,0.0184258024315887,0.040785113855996404,0.036411216419115815,0.009521214820171257,L5aixmxr.jpg
0.01390361835011147,0.010940815587031933,0.009776217515022369,0.01433769108878611,0.9214647915570678,0.017534157838517615,0.012042708063462648,FTIQOELb.png
0.041212676318189784,0.029807717259421933,0.19310531975797898,0.0320199254217132,0.05996351732082306,0.6198226270698725,0.02406821685200058,32fihWfl.png
0.010956899333091472,0.009957380083374767,0.007792707382140809,0.01154010646739323,0.011929071537245246,0.9388691692650387,0.008954665931715686,H1LyYAs1.png
0.923942816353609,0.011126126178707677,0.009881435288146976,0.013422816279786167,0.014591302008117476,0.016064673504083388,0.010970830387549469,RjDCO5Qf.png
0.011135655752936449,0.00938854088134777,0.008265361043275417,0.011718783590017566,0.01226341166106352,0.9385607247486424,0.008667522322717005,2L07gdL9.png
0.015663319624242385,0.014982048578536076,0.6625725445153102,0.014239433272040268,0.019985526719683018,0.2609795945829917,0.011577532707196359,oV3DKp9V.png
0.01641770167249136,0.009775195369327104,0.012770723571325774,0.8454866082524781,0.08736942501746484,0.017537658143843008,0.010642687973069852,LrLRmKID.png
0.017576225479122146,0.013645787857465713,0.013462786894879777,0.016398490790377414,0.01666200102364494,0.022036383563058707,0.9002183243914513,ryXAdzPy.png
0.02595925445132574,0.013702474586379456,0.01468983499474606,0.014316212835664744,0.025024427983496408,0.01953246461418961,0.886775330534198,7OfVqjsr.png
0.019622934666104083,0.8948979182500498,0.012897702994272774,0.01606497601423517,0.019165585769200768,0.021215062744046713,0.016135819562090613,mPJCe6hs.jpg
0.016967193376665895,0.013167012345285858,0.010916948136809584,0.9125007092713976,0.015960292106089864,0.018423494232210843,0.012064350531540249,tCGh0ODM.png
0.013201155399863317,0.010015141115657718,0.00757337674535433,0.014582829461767624,0.9261707374022545,0.017754486569168705,0.010702273305933773,WcjGi7bD.jpg
0.9235422212690758,0.009684061132624381,0.011350449372121135,0.013002985094079851,0.014890715952120583,0.01681148962815715,0.010718077551821258,23BRi8rh.png
0.014540225109255131,0.011710829285831446,0.013247750876486799,0.9131117317959792,0.01920552379418725,0.017203855329402475,0.010980083808857769,VpMXVzaB.png
0.08311696872290296,0.0601034915001268,0.1608689755008593,0.3708579269360212,0.16162099080929904,0.06528233170447287,0.09814931482631781,JNjLmV4a.png
0.018300735849459408,0.013965958697022303,0.013545904436408681,0.016063980307836852,0.017806505336674487,0.020979031070685987,0.8993378843019125,hWyETqrp.png
0.01449716512901483,0.015297189316861946,0.7382283151574699,0.016426619645188642,0.02056353998288683,0.18446831395042487,0.01051885681815304,R180IYOy.jpg
0.06842104917311943,0.07318810632828364,0.013340107185534151,0.041032487648916476,0.02791184484014533,0.7549366448996883,0.02116975992431267,oRHEsOjD.jpg
0.012912690406549195,0.008179253110262385,0.03858253112447832,0.010701867350865821,0.011772671177553918,0.9075965130796491,0.010254473750641395,a9Fj36gc.jpg
0.011721512529419047,0.009995803130467856,0.008798885615257015,0.010622356720868219,0.011534452581506014,0.9384223242394836,0.008904665182998327,bJLlA28Q.png
0.019503914226700867,0.014486155168880337,0.8938788433302858,0.017792903187070438,0.017316506822253955,0.022689194201700437,0.014332483063108229,DDxkeTH4.png
0.011640440222454525,0.009401425472998631,0.00835473784274215,0.01131631152379962,0.010735096975947147,0.9393448471986985,0.009207140763359292,DL5cetUZ.png
0.017383656698354847,0.013444541596821931,0.8960244505339242,0.016655803914434383,0.02273923394155715,0.019670286340993902,0.014082026973913742,oKJuL12U.png
0.0152584261721141,0.013145038899100382,0.012481067218422653,0.9128581933220884,0.013665742053091559,0.01891238754846529,0.013679144786717723,8gUDOxBV.png
0.011868528102457691,0.009342898116742826,0.00818805960877973,0.011364290571187307,0.011635751731716966,0.9392694139044845,0.008331057964631005,d7fok4Jf.png
0.015120775453508975,0.8981804658599173,0.012361155567231488,0.014554350384918896,0.02126989882801853,0.02220142373098279,0.016311930175421825,LsJ8PBga.png
0.013590756395152895,0.008496068856478635,0.018960303126873777,0.00799569333680694,0.011314209498249291,0.9307237901592653,0.008919178627173039,DhpqsuuD.png
0.017378835860585615,0.012600158186725842,0.01135013580191536,0.9121996518366688,0.015176330899359481,0.017658163529310912,0.013636723885433853,ENuhPIJQ.png
0.016176969200857837,0.9060238076608316,0.010813753444284943,0.014485950250085328,0.017950136444256557,0.018699808755330064,0.015849574244353844,ZiyyJUyV.jpg
0.011354314986819583,0.008186608042780034,0.009995393416621055,0.009479405693648675,0.010931812810904197,0.9404890496044325,0.009563415444793956,hrTYW18L.png
0.018469149509630453,0.01210303986198307,0.012830085689572331,0.016319775307330912,0.018531998078818158,0.01820095974075093,0.903544991811914,KoIlcF7n.png
0.015783289665411766,0.012094528609562906,0.010795300706459862,0.013638723144692739,0.9182506145563336,0.01797130420357895,0.011466239113960129,H0nZSBs8.png
0.02660857160416715,0.020463607622606253,0.06824778828941827,0.02272107762542824,0.8101176696030029,0.03228443135936013,0.019556853896017242,TX9kKp0G.png
0.017156499310202265,0.8976379997366967,0.012788986748669438,0.01676092253276987,0.019938089447202805,0.020925717080462307,0.014791785143996513,dHO7548y.png
0.020665211477333103,0.8965365063633569,0.014082958227849026,0.015276013573116986,0.020171553953570127,0.02053908842220146,0.01272866798257239,4f0bFHQS.png
0.019945032777581966,0.8981555986528368,0.013456838475620467,0.015753068955543684,0.01737650822816483,0.02143284758617936,0.013880105324072849,ERrLQ3NB.png
0.011199314811473068,0.009717711948149523,0.009548067834016294,0.008735319635458785,0.010781957103677037,0.9418059325520527,0.008211696115172423,SugTrIfE.png
0.014894469505925049,0.012414046620857551,0.011146567180545321,0.9130318621799715,0.01799100340905924,0.018073228054676357,0.012448823048964969,6nVTYWdq.png
0.011197210238196535,0.008339243093041083,0.019647139457026255,0.0109247322328253,0.012966597825455959,0.9288452098383586,0.008079867315096089,TSJUX46n.png
0.010006376410069438,0.00997651946349708,0.009150700454153832,0.008773551036138298,0.011515776476380364,0.9403166903482514,0.010260385811509525,Yhiz4g2U.png
0.014119055565890687,0.01110060004549478,0.010734451556459789,0.013737462592707457,0.9214796878039768,0.01697112495642093,0.011857617479049539,6BEvEUwu.png
0.05865460172207509,0.044010132400256384,0.5345663608566583,0.03140044072192411,0.030223640147916262,0.27314012660002474,0.028004697551145128,1yKxPNOF.jpg
0.017229623156110214,0.0158281530569914,0.013279403699959582,0.016071699199399162,0.019875771440772308,0.020216122552687073,0.8974992268940803,cGmtpLhk.png
0.02375924085678546,0.017940405976874216,0.8312413513309328,0.03773086785497796,0.02682271012519805,0.05107062387530158,0.01143479997992988,d8vlc36Q.jpg
0.016481473652366498,0.011625081776278447,0.012367822358802582,0.9126288782479441,0.01670096161860367,0.018497431923401773,0.011698350422602933,ceQacvZu.png
0.04490561243615923,0.064600544000067,0.1141960784916387,0.2909889777500739,0.10705391325090038,0.06085997744033395,0.31739489663082676,OkrpnHI7.png
0.014472157214075212,0.011548294464959615,0.010762056723383873,0.9185763602737935,0.016330050545312395,0.017288705355053533,0.011022375423421714,zBEwedW3.png
0.012525115344548936,0.09455674676618868,0.007573309984839193,0.018404487216213947,0.018773169273585404,0.02374175148507646,0.8244254199295474,bnfVNZsA.jpg
0.014207848904647803,0.011597593687522601,0.011595797728717853,0.915669999934125,0.01572713454262185,0.01914516023092354,0.012056464971441331,DYpX7zIX.png
0.7480658389488547,0.16346811624309232,0.012817330368295734,0.012952769444398113,0.022043947331658174,0.026886044420237114,0.013765953243463691,VznA3kbQ.jpg
0.013754912110616229,0.00913577413955875,0.009513000717251545,0.010452826517744917,0.013148430163154205,0.9340126555381784,0.009982400813496052,crG5H1Hg.png
0.02102312360985148,0.01810164050952865,0.5149546313423772,0.016095651831781584,0.026029611256476216,0.029736976072167822,0.37405836537781695,kwbsscuk.png
0.013877074238784804,0.017218980032309313,0.01918351709496475,0.8486651081685113,0.061653879115400316,0.02085024085830448,0.01855120049172485,RoTutvHV.png
0.014099444413870725,0.01283985485844924,0.011385172709901406,0.9172461510360416,0.01711647504803574,0.016469397779068917,0.010843504154632335,0a7wQbeX.png
0.01880876589991642,0.8926670225003858,0.014788890127417124,0.01606424534835925,0.018888872392005464,0.02321353210969542,0.015568671622220549,Ruuz1e9B.png
0.0158571837061916,0.01171825833220398,0.010497978613888903,0.012711052480388495,0.921104958154535,0.017431792652771283,0.010678776060020823,Wh7DIkXi.png
0.01600912282907616,0.02082986175951594,0.21577400619719578,0.01722169925771421,0.02079896844775632,0.6881536808433212,0.02121266066542043,mVeOzpW4.jpg
0.012447648769720893,0.009159977834661897,0.009033343053073128,0.010472641635763934,0.013241061711533685,0.9365318137027265,0.009113513292519929,Ay9ut7Ah.png
0.017934739906484528,0.014559695916241566,0.8819939987333607,0.01829959771502063,0.028629232036252544,0.024822666055765805,0.013760069636874216,tmI3uCUC.png
0.1405543003455487,0.021433670966257805,0.7446304083957677,0.022389814512968904,0.02535042706129789,0.021043455313825128,0.024597923404334122,NVC7yckQ.png
0.0148295433221213,0.010883552322497717,0.01014183009939826,0.013658665898946027,0.9227855174343165,0.01627554500568655,0.011425345917033461,iMpL5sMu.png
0.01831209318025741,0.013114843451772088,0.8942403579853904,0.016168904794942845,0.021646213722564225,0.022706877429505647,0.013810709435567422,Jb6p2XUL.png
0.019383231672365612,0.012201994750512856,0.013492835252207996,0.01647570236852171,0.018850408255647565,0.020150794933058765,0.8994450327676855,NQ4C3L7O.png
0.9057594362585901,0.031193074832898755,0.008236926192974631,0.011232656962430015,0.01597201030165591,0.02036947387198053,0.007236421579470045,AOijj7wu.jpg
0.016048345756892426,0.012508489148451742,0.013389705281167837,0.9056663682299556,0.015577338690520654,0.019619882650176147,0.01718987024283557,5YzXO6Bv.png
0.922504334061803,0.010662140045764695,0.010764989952833398,0.013341635685150125,0.014971448241938634,0.016383934066384907,0.011371517946125054,3TzdfqFP.png
0.01396613252774006,0.010369099095031507,0.017833465753481718,0.011733904624240142,0.013586115589765028,0.9208653454620681,0.011645936947673364,pqfcNQl2.jpg
0.01218888511713063,0.01019023171627342,0.007526903559043493,0.010614704473022122,0.013032976850972714,0.9378777148347048,0.008568583448852814,ORmZmU6c.png
0.018270176240464363,0.01407824900410614,0.010430886281761649,0.01684911209152642,0.018571125584306975,0.021273168000577346,0.9005272827972572,7mBicLAI.png
0.7003130325038752,0.07660180452733469,0.03876509778756109,0.03705377380135306,0.05381541352683445,0.04163838504293385,0.05181249281010772,DPlxUboY.png
0.018363932386427965,0.010651977290517513,0.012457182520442285,0.9140837263390366,0.015547571147856484,0.018899077037172377,0.009996533278546613,czonWT2R.png
0.021721890755369084,0.8972260576780526,0.012855538696362969,0.01613216669177367,0.017599377688530163,0.02108122556365017,0.013383742926261212,ErQMK3aS.jpg
0.014428170410912275,0.010679146994312492,0.01015571898522817,0.012862888278134779,0.923706901820781,0.016482999083514995,0.011684174427116315,tTqyYtRU.png
0.012767035575137382,0.009942654113827396,0.009120577195508532,0.010974001774595074,0.01299183556329082,0.93464316752644,0.00956072825120102,WFXTeJuH.png
0.019162488607490515,0.8982508425094534,0.012836011642082722,0.016458103629256562,0.017238104511880646,0.02140500156017047,0.014649447539665591,qKE9HlEW.png
0.037404011883053506,0.0574811906050631,0.010317638664847539,0.5121828848610861,0.32025408312219195,0.022197395105278017,0.04016279575847978,tZXzX4LT.jpg
0.01812981406423295,0.01387063778194106,0.8917236774733192,0.01655283285406823,0.022891646879340668,0.021405814054625147,0.01542557689247261,vNdb2CIb.png
0.014126165850923023,0.01290081312348443,0.011659009791607259,0.9139119194326784,0.014333952829961517,0.01894989982448593,0.01411823914685941,24Ya45ra.png
0.016969524898285137,0.01171975670477028,0.013567784977701409,0.9113129826650883,0.01544224052708576,0.019349326168246642,0.011638384058822346,u3zlnDGD.png
0.014234827267454566,0.012442104395065287,0.00986308507911174,0.9215180274881595,0.014720444405056167,0.017943558277472238,0.009277953087680655,x6XqsJiB.jpg
0.015409104073110453,0.01098409179977786,0.012041658384765869,0.9206128284677566,0.012223755393416868,0.018020717884980355,0.010707843996192243,mPZVwZ0A.png
0.03343337420299574,0.027153044197883856,0.06227809783782523,0.03543664422634486,0.7690082245434844,0.04251225935899185,0.030178355632473938,65TY0a9M.png
0.01253094404533933,0.012675325755550111,0.013138473721679046,0.009631736793437911,0.01397911131904893,0.9203185433176133,0.017725865047331472,CAtOcJgM.webp
0.013103277633697289,0.014520143127072995,0.0548205475140193,0.010222146375483597,0.014374612352086246,0.878766996997252,0.014192276000388545,0wyhwwt2.jpg
0.01891047731832636,0.012798959703267339,0.012528892074127636,0.016686989978094532,0.017405984615727347,0.023037203676308703,0.8986314926341483,WLDo1RbW.png
0.1182378225864815,0.7102298925106847,0.01183212524162115,0.01738351149331114,0.06849216229834955,0.0217660596491639,0.052058426220388004,ldyaKhEA.jpg
0.01992663223368229,0.8967424220256137,0.01323944871062644,0.01665992530609472,0.018333133523845625,0.022537854863761878,0.012560583336375244,0tdPUH81.png
0.02307974380902,0.8076152084522007,0.028109430850509712,0.02446410707702416,0.03679387441949495,0.03375725212245679,0.046180383269293815,1hZMcGvT.png
0.01710595136923171,0.015958670396973032,0.01767148720545243,0.9093826268756531,0.011917762010266623,0.015723592032630396,0.01223991010979279,NCCpBo66.jpg
0.013496931274452508,0.010875711009489157,0.012920283360347128,0.012407872448817268,0.9247171961795259,0.016221265317948017,0.009360740409419999,lP6F45t9.png
0.014509431596254561,0.011607158534030375,0.04935621408771892,0.016423797272504394,0.01653814095063043,0.8624533595912056,0.02911189796765564,BWwQs87e.jpg
0.045988870868007264,0.3339662143958891,0.029528737525952305,0.031216975880882257,0.06197166427529645,0.05180380866831923,0.44552372838565346,CNxlN8DZ.png
0.9243442783261832,0.010427358277161625,0.010306838070831591,0.012889574803556365,0.014393262710806105,0.016317350137968832,0.011321337673492362,sOsQCyDE.png
0.013778352491083577,0.011932887854853429,0.9026043737879046,0.013580702779466842,0.018237227029025402,0.029607948931568824,0.010258507126097228,70y7dEjo.png
0.012803350726882937,0.00939788273732749,0.008847879188901635,0.01075739961506375,0.013175459087719384,0.9365066410765603,0.008511387567544496,EbTdvepg.png
0.012552415458955425,0.00907332825785177,0.01084092123633066,0.008534345987334114,0.012330224379920925,0.9382517502998977,0.008417014379709632,Do2TlKOY.png
0.01666093892322614,0.010571370267734295,0.014355952574782322,0.9043738556706414,0.028496786963215507,0.016121588332950763,0.009419507267449546,yf1UwE2n.png
0.9318780889431737,0.012571815771277613,0.0074292271861266445,0.010953809882535933,0.015087287699986286,0.014208745498919477,0.007871025017980517,edJIl8Kh.jpg
0.016561068644884422,0.011369502747594733,0.012559700135261328,0.9131594415590621,0.015392183362206198,0.018974673690793045,0.011983429860198173,T24kNPOi.png
0.01637828788086099,0.012173920920741908,0.013391521598992576,0.9164411741973648,0.01381723641277368,0.01799698733849233,0.009800871650773578,D5zDImAS.jpg
0.0673512074072262,0.05409210228750627,0.3764463165822487,0.10556174549806333,0.2856666957090445,0.04954784248957649,0.061334090026334456,w5c6oVVG.png
0.024260524918921385,0.03672267892011217,0.11401218919726053,0.026184878648472538,0.046940166738727175,0.6809078453867331,0.07097171618977328,0w9yioJV.png
0.021271040725078898,0.897273384108776,0.013438500711151258,0.01598141987708874,0.01901705155114016,0.020873032743056946,0.012145570283708064,qpwMjJNL.png
0.7155067012891531,0.09671266478968053,0.049868940004108284,0.059825612656843975,0.024208505547467212,0.021633893745845362,0.03224368196690168,Z9wTjC40.png
0.012583199848214342,0.010100298901316782,0.039529249394218195,0.014897200050552043,0.01213323232014236,0.90156335482838,0.009193464657176341,ML8Xiqip.jpg
0.017131813458719218,0.012845807925466655,0.9012844116480156,0.01606175952465661,0.01619800467571952,0.019235795895707255,0.017242406871715125,yvntpoy9.png
0.049929618886193836,0.057598907988216104,0.49257147418998,0.07020158073778213,0.041056313990236175,0.08089655836017783,0.20774554584741403,yjoCQYCw.png
0.020689098230909846,0.012977334100419236,0.01331901605947369,0.01626853830593634,0.018603451853342036,0.023441195332585978,0.8947013661173331,vyWZjIyU.png
0.02050997955699405,0.013847658567732549,0.010031644653439992,0.021128545859858405,0.017294782325022455,0.01960373175736681,0.8975836572795858,wCG42W9w.png
0.031764774628264596,0.012860480529492808,0.01710369570634246,0.020016119479624582,0.169187268600032,0.023383901592699017,0.7256837594635446,Nq3se1Ox.png
0.01269011381232981,0.009986530499893141,0.014746814102739567,0.012869935063714172,0.009773597544411046,0.9292201014409981,0.010712907535914105,Pye0QO61.jpg
0.011653972496596067,0.009773220311644707,0.008929551297026333,0.01236195198792562,0.01167609906481946,0.9366238764981166,0.008981328343871326,48gMlXRq.png
0.019537716547583496,0.898923950134727,0.01352665360938065,0.01596887326169589,0.01721728944268703,0.020322939373611997,0.014502577630313946,V2WNVFYg.png
0.018302862075051638,0.010188626426419075,0.013352559970992807,0.9110710547553755,0.01449603541741756,0.019998179587271587,0.012590681767471947,yGGznWQt.png
0.015103187064047572,0.010917124049015079,0.008540689082571816,0.014719723191678044,0.9212623533119874,0.01748579566918767,0.011971127631512478,HJRFkhWu.webp
0.015905696324539656,0.013650694886658536,0.017073513836891152,0.009979547019694855,0.01170409670615589,0.921057048086953,0.010629403139106744,fJmQsHZ2.jpg
0.018206548151153832,0.016817833385178366,0.7623251399968647,0.0208028047754407,0.029646463745706488,0.1417576043505689,0.010443605595087047,hkcIa6sl.jpg
0.014439270285235133,0.010729544085141679,0.011622584093540226,0.9170298481360754,0.01567735397459983,0.01708389862232358,0.013417500803084174,l231HyFQ.png
0.923419330076113,0.013961714910414254,0.0100925998501649,0.012414656676992313,0.01313833471553847,0.015034239984193454,0.011939123786583777,CaBDFN2e.jpg
0.03207945114122923,0.0457834440887088,0.049871753466050876,0.07618439752876931,0.6738176822686328,0.043924715975173736,0.07833855553143529,QssNv1oE.png
0.2743653004578107,0.11518307391440928,0.0875306909618315,0.23256047939412697,0.12763836590193567,0.07190401824666666,0.09081807112321917,PlrcJU6H.png
0.02149922794694986,0.8884450814051998,0.013822322583470355,0.01725071027453938,0.022544314879147816,0.021888986592787377,0.014549356317905458,ZRD0PMLB.jpg
0.01913638868811313,0.013621116635879709,0.01367738347790052,0.017726397434226014,0.018147486345988076,0.02143990517718791,0.8962513222407046,K63EPQQq.png
0.016363207561587927,0.011815611254322768,0.01144210594994464,0.919399473780875,0.012578690279970798,0.01802244748589132,0.010378463687407522,rAHK0E32.jpg
0.010855083693171948,0.00947378746528329,0.00895397743471454,0.010109025221028146,0.01290436161667303,0.9384942129887452,0.00920955158038373,rcrdiDBU.png
0.015096984793472804,0.011426203881166119,0.011062524321465251,0.011813681942411374,0.9230681948420435,0.01643090984578545,0.011101500373655641,xV9ONO3u.png
0.018229767235713602,0.8972414048154101,0.013561806208264035,0.016557623379033774,0.01727544200472755,0.021646801349367098,0.015487155007483527,G6x2O46A.png
0.014726009263600919,0.011737615662115163,0.010528183365374758,0.012052442369307723,0.9244857880191995,0.016660939137466253,0.009809022182935785,cO5C004C.png
0.01886943025518403,0.014289622823080604,0.010518502095940123,0.018754506442321038,0.018441503478019688,0.021205816841819006,0.8979206180636355,3xKp8zpl.jpg
0.01865871995279607,0.012749339230477915,0.013612201323584972,0.016759051624363135,0.017432500448096598,0.02319804044480199,0.8975901469758794,K6w1B8dc.png
0.020782701256315848,0.9007746963326949,0.011485459457253693,0.015295533840374392,0.018303573199145665,0.020275529754492722,0.0130825061597228,T66EkZDT.png
0.39553005000949565,0.36681271507433066,0.017696400985223338,0.02214707344048542,0.03954577610549034,0.0709734995944939,0.0872944847904807,fLQ84oD6.jpg
0.02497396289990281,0.7751687814868938,0.027377883833006957,0.0307679873723107,0.09341509030569722,0.026049141990620108,0.022247152111568323,SBgzmmnt.png
0.018325566726603907,0.013068685656913962,0.014314029456094982,0.016204577411001727,0.019003465601307293,0.01984757790722188,0.8992360972408563,S1OGzZ64.png
0.012666492768841001,0.007676643652618882,0.04723668139017234,0.009906517808589928,0.014590150236890075,0.8988527200976368,0.009070794045250958,iYhSzOyi.png
0.07539749769461501,0.053436376713942475,0.40280300290839605,0.09299148348573578,0.24751602254980332,0.05174186621182272,0.07611375043568464,SDARR9F3.png
0.018466236468977007,0.016765434365546224,0.8955166359063591,0.016315482025221477,0.022800152806576133,0.017636854042630594,0.01249920438468945,ooq1TFcW.png
0.014548422669815209,0.01276925626062787,0.011955298966669307,0.9126180569860907,0.015000555827661884,0.018009073948077617,0.015099335341057564,BvLkM6aL.png
0.014383401521933216,0.009868894236163515,0.009688093367203445,0.014172109632249784,0.9195513015231283,0.01702728920117103,0.01530891051815073,xEOSklqL.png
0.016565716918215,0.01135928680179533,0.012637770254059546,0.9152522375505379,0.014548870938429624,0.01816542889763156,0.011470688639331175,vsk9QtTb.png
0.0133778968936877,0.01125298239990185,0.01046654055749027,0.9216781611175958,0.015891167119347707,0.01653051791076681,0.010802734001209794,bYN8mgMF.png
0.6213009284131388,0.2972624235603006,0.009353570879712888,0.015927954869243432,0.024482573042333047,0.017048874316947134,0.01462367491832404,BlFJx9p2.png
0.017849413313744168,0.012827145165109247,0.012662296072788555,0.016047542348561258,0.017042148418515948,0.0199309932744998,0.9036404614067811,jHWzMZBX.png
0.014062782683659252,0.011085085035415958,0.010303598572413633,0.011985618701860073,0.9249107453783907,0.017165695791851194,0.010486473836409162,VxtFRGfW.png
0.9237572271593064,0.010267154543343334,0.010599806060554575,0.013009468108647464,0.014413522555686807,0.01633577647487081,0.01161704509759063,Bd663sGX.png
0.0168121937580806,0.012152696309896679,0.8930888353895488,0.014997062255573098,0.023462021310232502,0.027522358969156054,0.011964832007512433,DqnWrNtX.png
0.022134423458136224,0.17426271530747045,0.023767235261739534,0.018241260215605876,0.10592158978336161,0.02306619607807902,0.6326065798956072,JkkPy6AQ.png
0.018734348511390653,0.014452785883374376,0.7894910516287472,0.017614746905440678,0.01870503377269548,0.12687656619563106,0.014125467102720472,CyWHK8cb.png
0.0200644397815483,0.012589438186625826,0.012746798055318496,0.01656996027685314,0.01739665644031403,0.021973692025015597,0.8986590152343248,9lfnHqnq.png
0.020962784845010334,0.015031868046702236,0.00999349247916715,0.018376507144829083,0.01934917806729408,0.01909992103897112,0.897186248378026,k6yv0IDG.png
0.7830280080452607,0.0354486303218667,0.024423401516761187,0.05236294441794025,0.03507175139783793,0.03584581089128681,0.03381945340904659,X5ay6OdE.png
0.012381085681260302,0.01305641337527776,0.08988062593173479,0.0315806812747938,0.011570882882754551,0.8314954615549434,0.010034849299235536,wKwx8cCl.jpg
0.022855989854077684,0.8909438270181032,0.013883081124112934,0.015150197804634431,0.02378453726231506,0.021320405552990522,0.01206196138376629,FycvTEy1.png
0.018960961836616892,0.013756900376346842,0.012501438870050426,0.01828964076448706,0.019246680485769,0.021462793896743642,0.8957815837699861,i8bGpRKt.png
0.9245262311470056,0.010373937137689733,0.010151220104269117,0.012792055329736865,0.014655298160886034,0.016457208266671134,0.011044049853741689,Uvfd1mdN.png
0.07307383711113595,0.14683838441116687,0.1996968493548665,0.062464295836973986,0.2787607306833346,0.105251350003637,0.13391455259888516,D0ZuPqP9.png
0.8989530235093669,0.023923404787716523,0.007014446616672363,0.011513598614003633,0.01884612123233678,0.025672871364854126,0.014076533875049523,XHYDtihP.jpg
0.020545773561689764,0.01443815564536326,0.7562466401933452,0.021141953442780862,0.12958008648216723,0.04405513440313817,0.013992256271515473,H8XMLMoN.png
0.014266818511325162,0.010130540028121996,0.24075420983766416,0.012417250066861134,0.013721336833846881,0.6990206671538163,0.00968917756836455,StrB0qdK.png
0.9116795757105399,0.029190623360687167,0.007724839766511658,0.01752688654286329,0.013892954983621052,0.013476382211428781,0.0065087374243481995,Dhc3vAQj.jpg
0.012735482498983495,0.009771604786671327,0.009030054705943676,0.012398022404283025,0.013968884322885037,0.933097457534805,0.008998493746428256,EgmLlFKZ.png
0.9243979327070941,0.01015541467368246,0.01019837686521476,0.013122684849695464,0.014545880608350341,0.01709387734623453,0.010485832949728428,yAkija0y.png
0.01989961990976088,0.01664568584298773,0.015579135279178459,0.015891131426171254,0.033110269917823516,0.01794590564533625,0.880928251978742,SGrqxQ9u.png
0.016142805034458807,0.012392672140884277,0.012389641252396904,0.9111305883630033,0.01531093227901198,0.019726782474763786,0.012906578455480973,iQGZLiZl.png
0.16242185681582144,0.45242700430084437,0.053520828762820785,0.07357629941678888,0.05719246350430573,0.04388487704184886,0.15697667015756986,CMo54J89.jpg
0.019578314981749483,0.8977011757904483,0.013309687766577797,0.01582717989995787,0.017540306453883006,0.02097931420661205,0.015064020900771533,arezgmsE.png
0.017278020951605428,0.011893930248788685,0.012071851553863505,0.9121072923706076,0.01628811119072898,0.019854659976225233,0.01050613370818059,1XZHKujf.png
0.01857557229925677,0.8962543623572279,0.014576779885320076,0.0160775924825896,0.019859181399472386,0.02044017558301755,0.014216335993115746,4nHzJCWR.png
0.015911771301722562,0.9006926959499902,0.010829913490905705,0.01589291061262782,0.018370362504543426,0.019671080271688825,0.018631265868521207,8axHGxnX.jpg
0.7647526055548892,0.1573728266461892,0.011624714800996286,0.011951819322389656,0.011683855616998029,0.019892386957978528,0.0227217911005592,LoxzO9bz.png
0.018292901296524056,0.899313031790821,0.013528653124884467,0.01716983424770566,0.01736338707579442,0.02037781663320032,0.013954375831069947,hND1kQVy.png
0.015694342538226616,0.011453566923410066,0.009799073130100866,0.9108561598195954,0.021307279905484075,0.020458293039076706,0.01043128464410602,hGcwwDiR.png
0.2603833552916162,0.12626120013688957,0.09287660664613337,0.1454473630543333,0.11798368605603136,0.08568636146201819,0.17136142735297796,t87RBrU5.png
0.015545975576446585,0.01161429333549806,0.011223743255454178,0.914272350943944,0.015393214289437289,0.0192118239660016,0.012738598633218216,fyQWaVK3.png
0.017085822615983084,0.9000535952231605,0.013618071183768928,0.014057846964058988,0.017031338297005753,0.02116956370624973,0.016983762009772904,nmtWWO8J.png
0.015624263361406997,0.011064969328163808,0.01220107760266017,0.9162029056271521,0.016163195436013196,0.017099936679177783,0.01164365196542599,FHx7Z7Pt.png
0.026505721768836008,0.8932158314415445,0.013224081830524755,0.015379260965406403,0.01812426138642727,0.021188160123482954,0.012362682483778224,CybNCann.png
0.012779368633722355,0.008377151425752816,0.010068141679937267,0.01046966416609051,0.012424645462761126,0.9371048872409189,0.008776141390816805,zAe4xcKI.png
0.019294648285012532,0.894495842869097,0.013764005533547738,0.016756570434437793,0.019182135420763705,0.022112288642730772,0.01439450881441043,76EpQXpN.png
0.029255394788398406,0.026036357422705714,0.056824287713732394,0.7708262923318101,0.04460476241119689,0.0463551229778358,0.02609778235432077,mqFxina4.png
0.019335577435320387,0.8917277864095077,0.01574538354264427,0.01810560494158424,0.01741859953112239,0.022652289006164707,0.015014759133656276,CFWgyt1V.png
0.0153429368960033,0.011589091764283781,0.011541580099827744,0.9162468069082367,0.015621899236916342,0.01814251719477161,0.011515167899960725,QEsx1HUL.png
0.9314017454202254,0.011164744860365169,0.007868709861543947,0.011865118403010053,0.01315744502295237,0.014900621925319098,0.009641614506583974,mNAn6g2p.jpg
0.019694205291199474,0.8979927540994131,0.013721013769198709,0.015347061320220599,0.018456142043455685,0.02118301704134665,0.013605806435165782,pgv16KNB.png
0.018816450098040786,0.8976614172157975,0.014701579199934025,0.016094153699667987,0.018065267009621768,0.02066522895149309,0.013995903825444586,hzd4Ktmp.png
0.9239670502826224,0.012454051982373638,0.009118203944268304,0.01245708918110942,0.014408106587641956,0.015945166577223266,0.011650331444761065,2YSySWcS.jpg
0.01926892623617612,0.01374594316523887,0.013305102415112829,0.0178321099105356,0.017825857987140366,0.02146217037310089,0.8965598899126955,5DCOY2zY.png
0.7399519632153964,0.1863039377263534,0.007783094292387452,0.011266147951868049,0.01820995082685917,0.02791063252884615,0.008574273458289509,WAwRYLGo.jpg
0.29929035646509994,0.1885171255266815,0.022821316330676886,0.026890304967405767,0.06226026742638518,0.09096426322263856,0.3092563660611121,BCm3HwjR.jpg
0.019676253259806455,0.030780639266943573,0.017683053912746917,0.022707676448005247,0.8473774253817388,0.0259816079474938,0.03579334378326511,Sq8qiGnA.png
0.014308852569463883,0.012224222563837622,0.8973140338709406,0.014215081633231543,0.01854324054780556,0.030078817360592983,0.013315751454128045,wKMxEpHX.png
0.015583608515648006,0.012402925092575661,0.011384072769332787,0.9148552288510508,0.01414819648301056,0.019641701742673594,0.011984266545708517,B2HKyGTf.png
0.9147296036594812,0.014872720640219996,0.011323328955051917,0.013214171853503508,0.01577092588564694,0.019283613420100133,0.010805635585996192,WRwiRSHE.png
0.9237746988099609,0.010141146199810502,0.010608593850554507,0.01294682007216036,0.014410315133308354,0.01654626372078876,0.011572162213416828,8H61GdWM.png
0.010947763683691753,0.009395631287620618,0.010756402501669232,0.012815219224098867,0.01669736051110101,0.9308309133932696,0.008556709398548985,w7C1zxjQ.png
