image_id,label,split,ctype,h,w,content_h_frac,bar_rows,bar_noisy,streak_frac,ink_frac_pp,pp_aspect,flat_grey,dashes,sharp
zserujX8.jpg,bali,train,page,675,1200,0.9940740740740741,0.07555555555555556,0.0,0.3883333333333333,0.27504971219256935,1.8838304552590266,0.0,0,1.4196124076843262
Pr22tEu7.jpg,pegon,train,page,400,600,1.0,0.005,0.005,0.0,0.2729607843137255,1.7647058823529411,0.00013333333333333334,0,1.3782678842544556
AlMtohM9.jpg,jawi,train,page,1200,992,1.0,0.0,0.0,0.0,0.24178091397849463,0.8266666666666667,0.0,17,1.8875352144241333
jxh6yxyy.jpg,lontara,train,page,621,568,1.0,0.0,0.0,0.0,0.5135950704225352,1.136,0.0,0,0.9198009967803955
lp1In676.jpg,lampung,train,page,370,1000,1.0,0.002702702702702703,0.002702702702702703,0.0,0.3741918918918919,2.7027027027027026,0.0269247311827957,12,2.0349903106689453
A3amnqqs.jpg,lampung,train,page,360,480,1.0,0.25,0.0,0.0,0.06730509971642415,1.7918367346938775,0.0,5,2.697232246398926
DZlkHVVs.jpg,pegon,train,page,460,878,1.0,0.0,0.0,0.0,0.15747670807453415,1.826086956521739,0.0,0,3.660778522491455
mU0VIMOM.jpg,jawi,train,page,469,750,1.0,0.0,0.0,0.0,0.2846624022743426,1.5991471215351811,0.0,4,1.1756335496902466
ArLIuehv.png,pegon,train,page,592,1200,1.0,0.0,0.0,0.0025,0.1985670045045045,2.027027027027027,2.2522522522522523e-05,3,1.0450221300125122
3uZ754oe.jpg,jawa,train,page,614,1000,1.0,0.31758957654723124,0.16449511400651465,0.0,0.23565286712255543,1.899581589958159,5.194805194805195e-05,1,2.9483585357666016
r3tGNzm6.jpg,jawa,train,page,518,1200,1.0,0.0,0.0,0.0,0.23163449163449162,2.3166023166023164,0.0001794871794871795,0,1.8070237636566162
pugriEKg.jpg,pegon,train,page,768,768,0.9466145833333334,0.0,0.0,0.0,0.0335693359375,1.0,0.00010850694444444444,1,1.3037769794464111
VA317cEJ.jpg,pegon,train,page,453,677,0.8653421633554084,0.0,0.0,0.0,0.0680132109604501,1.5213483146067415,0.0,2,4.375502586364746
VvWr2DRJ.jpg,pegon,train,page,675,1200,0.9940740740740741,0.0,0.0,0.0,0.05522345679012346,1.7777777777777777,0.0,15,2.2734596729278564
VObY0cqk.jpg,pegon,train,page,1052,1200,0.9933460076045627,0.0,0.0,0.0,0.08960988928158657,1.0788973384030418,0.0,4,2.607010841369629
9QkzJWYC.png,bali,train,page,864,864,0.9108796296296297,0.0,0.0,0.06712962962962964,0.14741965896048534,0.6658878504672897,0.0,0,1.7050774097442627
isCRUjsC.jpg,pegon,train,page,688,1200,0.9287790697674418,0.0,0.0,0.0,0.1562960235640648,1.7673048600883652,0.0,5,2.2581522464752197
rEohqrKO.webp,jawa,train,page,447,720,1.0,0.0,0.0,0.0,0.4983728178359051,1.308724832214765,0.004761904761904762,0,1.4466323852539062
C5R3SyGp.png,jawi,train,page,266,49,0.9887218045112782,0.0,0.0,0.16326530612244897,0.1690194874942458,0.18421052631578946,0.0,3,5.542964458465576
H8tMgkXB.png,bali,train,page,663,700,0.8597285067873304,0.0,0.0,0.4742857142857143,0.06729646697388633,1.075268817204301,0.0,42,1.0638726949691772
JkcwfeWb.jpg,pegon,train,page,445,300,1.0,0.25842696629213485,0.015730337078651686,0.0,0.12235987696514013,0.6698564593301436,0.0,0,1.7906197309494019
Sq4mQMmX.webp,lampung,train,page,281,500,0.9359430604982206,0.0,0.0,0.034,0.08015476844443382,1.5907473309608542,0.0,2,7.481569766998291
lyRKrF1d.jpg,jawi,train,page,1200,852,1.0,0.0,0.0,0.0,0.09502151799687011,0.71,0.027918622848200313,2,3.7730679512023926
18Yut8y2.jpg,sunda,train,page,712,712,1.0,0.7303370786516854,0.39325842696629215,0.0997191011235955,0.07982364543450517,0.727403156384505,0.0,0,3.237037181854248
mS2kZ8fi.jpg,bali,train,page,375,668,0.7813333333333333,0.0,0.0,0.437125748502994,0.02047390746417623,1.9644970414201184,0.0,1,10.882076263427734
J5rUUjOm.jpg,lontara,train,page,803,1200,0.3711083437110834,0.0,0.0,0.0,0.07114143463027844,2.8147058823529414,0.0,0,1.453246831893921
LbdIIDPH.png,bali,train,page,700,1200,0.9471428571428572,0.0,0.0,0.2608333333333333,0.07925833333333333,1.7142857142857142,0.0,29,0.9803988933563232
vIX9hIjR.jpg,pegon,train,page,462,640,1.0,0.0,0.0,0.0,0.06070413961038961,1.3852813852813852,0.0,0,1.2964425086975098
4cQJzJ58.jpg,pegon,train,page,980,1200,1.0,0.058163265306122446,0.013265306122448979,0.0,0.16939880952380953,1.2244897959183674,0.0,5,2.8910791873931885
Ifcb2r4C.jpg,jawa,train,page,800,1200,1.0,0.0,0.0,0.0,0.21580104166666667,1.5,0.0014833333333333332,5,1.8454868793487549
cSqToiMa.jpg,bali,train,page,589,640,0.9592529711375212,0.0,0.0,0.0,0.044214240237691,1.0865874363327674,0.0,2,9.485170364379883
ZTjt1UNI.jpg,bali,train,page,577,393,0.9792027729636048,0.0017331022530329288,0.0017331022530329288,0.0,0.1054193622360106,0.6811091854419411,0.0,0,5.689189434051514
a4jh7wTT.jpg,jawa,train,page,441,700,0.854875283446712,0.0,0.0,0.0,0.07216168091168092,1.6225961538461537,0.001184041184041184,54,2.372394323348999
L4cIkqat.jpg,bali,train,page,1200,1200,0.6533333333333333,0.0,0.0,0.0925,0.39471120304773993,1.4136690647482015,0.0002555555555555556,0,0.861698567867279
DOH3uoeR.jpg,bali,train,page,480,640,1.0,0.25,0.0,0.0,0.31670572916666667,1.3333333333333333,0.0011979166666666666,0,2.223567485809326
lPJpDgwW.jpg,bali,train,page,675,1200,1.0,0.0,0.0,0.0,0.22857249209008004,1.768888888888889,0.0,7,1.3658733367919922
Vz1nxIKv.png,jawi,train,page,446,700,1.0,0.0,0.0,0.0,0.23440102498398463,1.5695067264573992,0.00045918367346938773,1,1.6783543825149536
BH0R4c3B.jpg,bali,train,page,463,735,0.7624190064794817,0.0,0.0,0.5605442176870749,0.06377703838964151,1.7581863979848866,0.0,2,4.538447380065918
vgRH3hfk.webp,lontara,train,page,565,720,0.952212389380531,0.0,0.0,0.0,0.13304593961478398,0.9628318584070796,0.0,8,3.6544463634490967
FPo8eKNu.webp,jawa,train,page,675,1200,0.9837037037037037,0.0,0.0,0.05416666666666667,0.17678382790742342,2.1425925925925924,0.0013017751479289942,0,0.5629218816757202
v0eRKhNN.jpg,lontara,train,page,500,750,1.0,0.0,0.0,0.0,0.08568533333333334,1.5,0.0,0,1.537136197090149
p1nlqTvi.jpg,jawi,train,page,1080,742,1.0,0.0,0.0,0.0,0.345149495857043,0.687037037037037,0.0,9,4.762330532073975
db0c2Z4p.png,lampung,train,page,575,1074,0.9269565217391305,0.0,0.0,0.0,0.030580705721722064,1.7721739130434782,0.0,48,6.218536853790283
1zxp9geQ.jpg,jawa,train,page,675,1200,0.8696296296296296,0.0,0.0,0.0,0.07123369238953775,1.604200323101777,0.0,4,2.2071900367736816
nGhp8rvR.jpg,lontara,train,page,800,528,1.0,0.0,0.0,0.06439393939393939,0.05572679924242424,0.66,0.0,0,3.3214783668518066
cM7aMsIP.jpg,jawa,train,page,543,1024,1.0,0.0,0.0,0.0,0.14141452290515655,1.8858195211786373,0.0,0,2.1717071533203125
4rzA2cl1.jpg,bali,train,page,675,1200,1.0,0.0,0.0,0.0,0.4810380225014371,1.3362962962962963,0.003727810650887574,5,1.1221956014633179
tviyv7W0.jpg,lampung,train,page,544,970,0.3161764705882353,0.0,0.0,0.0,0.12256463972655604,5.18716577540107,0.0,0,1.5601370334625244
IcMQ729U.jpg,bali,train,page,360,480,1.0,0.25,0.0,0.0,0.14672282632053982,1.6566037735849057,0.0005555555555555556,1,2.4215831756591797
KQn86KbN.jpg,bali,train,page,856,503,0.991822429906542,0.018691588785046728,0.018691588785046728,0.0,0.06601047918098883,0.5876168224299065,0.0,17,8.206924438476562
A86cbI0P.png,sunda,train,page,282,300,0.950354609929078,0.12411347517730496,0.12411347517730496,0.0,0.3689716312056738,1.0638297872340425,0.0024413145539906103,3,4.088630199432373
qr0Dsa4r.png,jawa,train,page,730,700,0.9876712328767123,0.0,0.0,0.008571428571428572,0.0671839530332681,0.958904109589041,0.004964871194379391,5,7.684683799743652
wBLg71Yy.png,lontara,train,page,960,1200,1.0,0.0,0.0,0.0,0.4091310763888889,1.25,0.0,2,1.4520264863967896
fuuZiyNB.jpg,lontara,train,page,616,433,0.9886363636363636,0.016233766233766232,0.016233766233766232,0.0,0.12886911010467592,0.702922077922078,0.0,0,3.0043928623199463
MuR7rzdl.jpg,jawa,train,page,1200,848,0.9016666666666666,0.0,0.0,0.0,0.03880797955974843,0.7066666666666667,0.0,9,8.65678882598877
tVLTxNyb.jpg,pegon,train,page,561,561,1.0,0.0,0.0,0.0,0.19203675636516152,1.0,0.0003017956843217142,1,4.568277835845947
Pn2o0YTT.jpg,jawa,train,page,514,565,0.9377431906614786,0.0019455252918287938,0.0019455252918287938,0.008849557522123894,0.16650253090458317,1.0992217898832686,0.0,16,5.399752140045166
aN9eOSXS.jpg,jawi,train,page,1024,768,0.666015625,0.0,0.0,0.0,0.04902759692527408,0.9287709497206704,0.0,4,7.057199954986572
mX6JeAay.jpg,lontara,train,page,481,572,0.9272349272349273,0.0,0.0,0.0,0.0485296386356457,1.1767151767151767,0.0006935213546783794,1,5.563229560852051
5ghxWNyR.jpg,jawa,train,page,329,585,0.9848024316109423,0.0,0.0,0.0,0.12129540311474316,1.5227963525835866,0.0,23,2.2760934829711914
HSPlRvu6.jpg,lontara,train,page,259,355,0.8687258687258688,0.0,0.0,0.0,0.060029583896070486,1.6210045662100456,0.0,0,5.479333877563477
Ymh2tbFw.png,bali,train,page,864,864,0.5046296296296297,0.0,0.0,0.5949074074074074,0.17294142614601019,1.1491935483870968,0.0,0,0.9739494323730469
7aDRp8vj.jpg,jawa,train,page,675,480,0.9540740740740741,0.0,0.0,0.016666666666666666,0.043083333333333335,0.7111111111111111,0.016074950690335307,34,3.8959925174713135
WWCrZrGd.jpg,bali,train,page,800,1200,1.0,0.19375,0.01375,0.0,0.20181145833333333,1.5,0.0,19,0.8899126648902893
EAumamZe.jpg,jawi,train,page,683,1024,1.0,0.040995607613469986,0.03074670571010249,0.0,0.2768719116032211,1.499267935578331,0.0,5,1.5591706037521362
Qf2P4kf8.png,lontara,train,page,676,1160,0.5369822485207101,0.0,0.0,0.47413793103448276,0.2282415294340337,1.4493827160493826,0.0,0,0.0
QNEvz4dm.jpg,pegon,train,page,457,820,1.0,0.2844638949671772,0.02188183807439825,0.003658536585365854,0.17711607989366865,1.584450402144772,0.0,4,2.573206901550293
lkZUfCn0.jpg,jawa,train,page,397,954,1.0,0.3224181360201511,0.2770780856423174,0.0,0.34022992147605996,2.403022670025189,0.0,7,1.7516173124313354
POApg2ai.png,sunda,train,page,404,640,1.0,0.12623762376237624,0.08663366336633663,0.0,0.24078743811881187,1.5841584158415842,0.0,1,2.3991618156433105
zOMPhDUE.jpg,lampung,train,page,674,1200,1.0,0.0,0.0,0.19416666666666665,0.03991446277385005,1.7865671641791045,0.5291518737672584,3,1.248781442642212
WCHCFDE6.jpg,jawi,train,page,766,1024,1.0,0.0,0.0,0.0,0.19108849053295932,1.4361851332398317,0.011739095052083334,2,3.77423357963562
aaGL9ufc.jpg,sunda,train,page,488,650,0.8934426229508197,0.0,0.0,0.34307692307692306,0.08438559322033898,1.271186440677966,0.0,1,3.3199851512908936
y0uFaJnx.png,jawa,train,page,1200,1200,0.7241666666666666,0.0,0.0,0.37166666666666665,0.02268523430184554,0.856858846918489,0.0,0,5.625763416290283
hf1aJZJs.jpg,jawa,train,page,589,1080,1.0,0.015280135823429542,0.001697792869269949,0.0,0.1605094205703962,1.8815331010452963,2.5025025025025026e-05,0,3.514972686767578
lUuAU6E8.jpg,jawi,train,page,468,830,1.0,0.0,0.0,0.0,0.1068052318052318,1.6923076923076923,0.0,0,1.8706636428833008
W0b6uSzZ.jpg,jawa,train,page,800,800,1.0,0.26375,0.26375,0.0,0.45835527305551377,1.15,2.5e-05,5,2.264953374862671
slg7fj6Y.jpg,lampung,train,page,472,566,0.9576271186440678,0.025423728813559324,0.025423728813559324,0.0,0.07922081811103791,1.1991525423728813,0.0,7,7.697849750518799
FSeTEL4D.jpg,sunda,train,page,1200,912,1.0,0.08,0.0425,0.0,0.3103051900584795,0.76,0.0,12,0.9659262299537659
T5Q9z9Eg.jpg,sunda,train,page,1024,768,0.759765625,0.0,0.0,0.17317708333333334,0.02635994752417854,0.5690423162583519,0.0,7,7.578932762145996
05E6cN2H.jpg,bali,train,page,464,696,0.8168103448275862,0.0,0.0,0.28448275862068967,0.03712369208523286,1.2202970297029703,0.0,6,7.100393772125244
yH2Pop2c.jpg,jawi,train,page,814,1200,1.0,0.022113022113022112,0.022113022113022112,0.0,0.08260647010647011,1.4742014742014742,0.0,2,2.602302074432373
bv4i3Hy5.jpg,lampung,train,page,516,387,1.0,0.0,0.0,0.0,0.17484426016064739,0.75,0.005754015823543515,0,2.6633729934692383
A2gApZnB.jpg,lampung,train,page,409,488,0.9975550122249389,0.0,0.0,0.006147540983606557,0.21153152430959157,1.1931540342298288,0.00302403310520452,1,0.40186500549316406
7gXMJG6J.webp,lontara,train,page,405,720,0.9580246913580247,0.0,0.0,0.3388888888888889,0.06658093278463649,1.7777777777777777,0.0,5,3.074899196624756
f9cIdnQp.jpg,sunda,train,page,581,1024,1.0,0.0,0.0,0.0,0.26509049591222034,1.7624784853700517,0.0,4,1.1410679817199707
XhzyZXBX.jpg,pegon,train,page,485,830,0.9938144329896907,0.026804123711340205,0.02268041237113402,0.0,0.08474972053161098,1.711340206185567,0.00019703656998738966,2,3.324004888534546
Imsi27LU.jpg,lontara,train,page,923,645,0.9404117009750813,0.0,0.0,0.0,0.09636423190304619,0.6988082340195017,0.0,53,1.7038242816925049
MDiV8shM.jpg,lampung,train,page,316,1138,0.8481012658227848,0.0,0.0,0.5228471001757469,0.04469582783000544,3.459016393442623,0.0,0,5.581025123596191
wE8el0Ro.jpg,pegon,train,page,360,480,1.0,0.15555555555555556,0.0,0.0,0.19775462962962964,1.3333333333333333,0.3585185185185185,0,2.13885760307312
lWjk9Tvo.jpg,lampung,train,page,675,1200,1.0,0.0,0.0,0.05333333333333334,0.1428,1.7777777777777777,0.2108284023668639,5,1.7201694250106812
u6OG4OU1.jpg,jawa,train,page,252,449,1.0,0.0,0.0,0.0,0.15144283519859555,1.7222222222222223,0.0014046916701783959,29,2.283682346343994
k2KtRniI.jpg,pegon,train,page,576,878,0.9340277777777778,0.0,0.0,0.0,0.16084517690405947,1.5844155844155845,0.0,0,3.409660577774048
ze6LVt3f.jpg,jawa,train,page,675,1200,1.0,0.0,0.0,0.0,0.252,1.7777777777777777,0.0003944773175542406,18,1.5982353687286377
goMVEr9M.jpg,jawi,train,page,630,1200,1.0,0.0,0.0,0.0,0.17372949179671868,1.8888888888888888,0.0,2,3.277763605117798
nB7tdnSn.png,jawi,train,page,600,600,0.3416666666666667,0.0,0.0,0.965,0.15787454157719583,2.6299559471365637,0.0,0,4.2546210289001465
JfHP176N.jpg,lampung,train,page,700,1200,1.0,0.0,0.0,0.0,0.13763928571428571,1.7142857142857142,0.002533333333333333,0,1.1092023849487305
XmDXsCvc.webp,jawa,train,page,417,300,1.0,0.17266187050359713,0.009592326139088728,0.0,0.11721823651932423,0.7339901477832512,0.0,0,1.8538167476654053
sgJcQYI6.jpg,lontara,train,page,280,444,0.9571428571428572,0.0,0.0,0.0,0.09115186615186616,1.5857142857142856,0.0,0,4.501497268676758
bIVEz5kB.jpg,sunda,train,page,355,354,0.48169014084507045,0.0,0.0,0.11016949152542373,0.1628238341968912,0.8290155440414507,0.0,0,3.1407973766326904
WtdYMinR.jpg,pegon,train,page,418,410,0.9569377990430622,0.0,0.0,0.0,0.14373905940016338,0.9808612440191388,0.0,1,3.15509295463562
cLcF0nUi.png,lampung,train,page,758,640,0.9841688654353562,0.0,0.0,0.0,0.11220110488126649,0.8443271767810027,0.0,2,3.102783203125
TWaDlRbb.jpg,bali,train,page,1200,960,0.8958333333333334,0.0,0.0,0.005208333333333333,0.04603125,0.8,0.0,33,3.578339099884033
4sQkkgkH.png,lampung,train,page,521,425,1.0,0.05758157389635317,0.0,0.0,0.28093936998983854,0.8157389635316699,7.134194192765928e-05,2,2.746691942214966
Qq8v0hKp.jpg,jawa,train,page,568,423,0.9383802816901409,0.0,0.0,0.07328605200945626,0.06527819398661472,0.7447183098591549,0.0,0,8.469919204711914
ydlfeeQR.jpg,bali,train,page,900,1200,1.0,0.0,0.0,0.0,0.144175,1.3333333333333333,4.4444444444444447e-05,19,1.5463886260986328
CNGbKP8u.jpg,jawa,train,page,280,481,0.9821428571428571,0.13214285714285715,0.025,0.02702702702702703,0.27813335313335313,1.7178571428571427,0.0,0,4.224496841430664
nOkBZWxv.png,jawa,train,page,613,811,1.0,0.0065252854812398045,0.0065252854812398045,0.0,0.08958187080980724,1.3230016313213704,0.0044782803403493054,0,3.9864840507507324
zf8bKPv6.png,sunda,train,page,900,1200,0.9022222222222223,0.0,0.0,0.31083333333333335,0.05007619096181038,1.2788353863381858,0.0,45,0.7545306086540222
iWeZ1ZEc.jpg,jawi,train,page,300,235,1.0,0.0,0.0,0.0,0.12326241134751773,0.7833333333333333,0.0,0,6.687605857849121
h0LtJbi8.jpg,jawi,train,page,466,360,0.8090128755364807,0.0,0.0,0.0,0.10320165987284093,0.7848970251716247,0.0001899335232668566,0,7.382043361663818
8dfolTMF.jpg,jawi,train,page,754,469,0.986737400530504,0.005305039787798408,0.001326259946949602,0.0,0.0711061969425325,0.6220159151193634,0.0009864586135772577,8,4.3608479499816895
gb8TzDfD.webp,jawa,train,page,675,1200,1.0,0.01037037037037037,0.0,0.0,0.06812222222222222,1.7777777777777777,0.0,35,1.7313340902328491
Q5TmKwnk.jpg,pegon,train,page,675,1200,1.0,0.0,0.0,0.0,0.08241715399610136,1.322962962962963,0.004437869822485207,6,4.255001544952393
AKUar1TE.jpg,jawa,train,page,675,1200,0.92,0.0,0.0,0.21,0.09335226600402319,1.3911111111111112,0.0,19,2.7129738330841064
kdPAng3j.jpg,lampung,train,page,675,1200,0.9674074074074074,0.016296296296296295,0.0,0.39,0.051038263699124224,1.7252747252747254,0.0,35,0.9707074165344238
drKaI6XR.jpg,pegon,train,page,943,1200,0.926829268292683,0.007423117709437964,0.007423117709437964,0.0,0.07716280779125322,1.3230429988974641,0.002980225988700565,0,3.0702836513519287
P5yudurv.jpg,lampung,train,page,476,952,0.8004201680672269,0.0,0.0,0.29936974789915966,0.05730370610163833,2.168618266978923,0.0,49,4.785069942474365
dKpZfhoe.jpg,pegon,train,page,1200,553,0.9791666666666666,0.15916666666666668,0.0,0.0,0.466918324291742,0.4608333333333333,0.14937649880095924,0,1.424239158630371
kI1F48fG.jpg,sunda,train,page,619,566,0.9903069466882067,0.0,0.0,0.0,0.03139967004800859,0.9143780290791599,0.04198091776465243,28,5.888330459594727
QXjb5GEa.jpg,lampung,train,page,1200,675,1.0,0.0,0.0,0.0,0.0740604938271605,0.5625,0.009289940828402368,21,2.2987377643585205
2v8NSzWR.jpg,pegon,train,page,354,490,0.9745762711864406,0.0,0.0,0.0,0.13342557361927823,1.384180790960452,0.0,0,7.615315914154053
9l4LMazG.png,lontara,train,page,675,1200,1.0,0.7718518518518519,0.31407407407407406,0.03916666666666667,0.07470239233404173,1.6706948640483383,0.0,0,4.844831466674805
d81F6pxi.jpg,lampung,train,page,1040,735,0.8951923076923077,0.0,0.0,0.07891156462585033,0.1277356690228851,0.670837343599615,0.0,0,2.5653460025787354
KpRcwnvc.jpg,lontara,train,page,316,404,1.0,0.0,0.0,0.0,0.10603237290021136,2.269662921348315,0.003634540669256799,0,5.297933578491211
cgV69blO.jpg,jawi,train,page,763,1080,0.8584534731323722,0.0,0.0,0.0,0.046494655641827164,1.4029255319148937,0.0008919914679076982,3,6.216969013214111
DnWDDnKs.webp,pegon,train,page,338,600,1.0,0.0029585798816568047,0.0029585798816568047,0.0,0.14455128205128207,1.7751479289940828,0.0,4,2.421004295349121
bSmzSSsW.jpg,lampung,train,page,350,700,0.7685714285714286,0.0,0.0,0.5171428571428571,0.04206150722763799,1.8231511254019293,0.0,4,4.414191246032715
0lPkokiG.jpg,lampung,train,page,915,1000,0.8568306010928962,0.0,0.0,0.004,0.07905966483828973,1.1148105625717566,0.22904803493449782,12,2.109225273132324
lWqGfthg.jpg,jawi,train,page,377,250,1.0,0.2546419098143236,0.010610079575596816,0.0,0.3494111405835544,0.6631299734748011,0.0,0,3.6061594486236572
xoWpVy3M.jpg,bali,train,page,500,500,1.0,0.0,0.0,0.0,0.269708,1.0,0.014464,5,1.174577236175537
CqSvfsrM.jpg,lampung,train,page,588,570,0.9489795918367347,0.0,0.0,0.21403508771929824,0.037681445817763726,0.9659863945578231,0.000666000666000666,15,6.541644096374512
wJLSOF58.jpg,lontara,train,page,450,770,0.94,0.0,0.0,0.0,0.08863780663780664,1.711111111111111,0.0,0,5.035174369812012
EnhSkTfz.png,jawa,train,page,300,306,0.2633333333333333,0.0,0.0,0.38235294117647056,0.03973063973063973,1.3636363636363635,0.0,0,9.729165077209473
u3c9ZTqQ.jpg,jawa,train,page,452,720,0.8761061946902655,0.0,0.0,0.4652777777777778,0.06034494001043297,1.6901408450704225,0.0,0,7.133109092712402
0RrfREkM.jpg,pegon,train,page,531,747,0.9887005649717514,0.0,0.0,0.0,0.08701724663878363,1.4067796610169492,0.008363153873989787,0,1.1848305463790894
14vVVl4E.png,pegon,train,page,595,800,1.0,0.08571428571428572,0.08571428571428572,0.0,0.12545588235294117,1.3445378151260505,0.0,0,2.8115742206573486
BtN0snf5.jpg,pegon,train,page,536,744,1.0,0.0914179104477612,0.0914179104477612,0.0,0.25324486438773874,1.3880597014925373,0.0,11,3.5447516441345215
0qieWTAa.jpg,pegon,train,page,330,446,0.9151515151515152,0.0,0.0,0.0,0.37618449257151304,1.2730061349693251,0.0,5,1.9419505596160889
JUcIlUlw.jpg,jawa,train,page,360,480,0.9277777777777778,0.0,0.0,0.0,0.054149305555555555,1.3333333333333333,0.006388888888888889,28,5.954123497009277
Pwxovv4w.jpg,pegon,train,page,472,768,1.0,0.006355932203389831,0.0,0.0,0.22612111581920905,1.6271186440677967,0.0,3,2.9101946353912354
pVaurMOE.png,sunda,train,page,331,729,0.9546827794561934,0.00906344410876133,0.00906344410876133,0.10425240054869685,0.054090568133311784,2.202416918429003,0.0,9,8.97900390625
W9YzgCDe.jpg,bali,train,page,1160,870,1.0,0.0,0.0,0.0,0.2079855330955212,0.75,0.0,1,3.0315213203430176
crv2qL3d.jpg,jawa,train,page,341,483,1.0,0.0,0.0,0.0,0.09011979138206347,1.4164222873900294,0.03132807995387277,5,5.110733985900879
26CqbMpI.jpg,sunda,train,page,405,415,0.7111111111111111,0.0,0.0,0.06506024096385542,0.030532218681455118,0.8821752265861027,0.0,0,5.558507442474365
EIbBGv9G.jpg,bali,train,page,1024,768,0.484375,0.0,0.0,0.5963541666666666,0.03963468798578725,1.1087719298245613,0.0,1,8.193020820617676
fB1k6OYk.jpg,jawa,train,page,750,1000,1.0,0.013333333333333334,0.012,0.0,0.25271733333333335,1.3333333333333333,0.001,7,1.0865912437438965
NZrTPBsT.jpg,jawa,train,page,1200,675,1.0,0.6783333333333333,0.2275,0.26666666666666666,0.06641851851851852,0.5625,0.0,5,3.011719226837158
QMe5Qa85.jpg,lampung,train,page,675,1200,0.8592592592592593,0.0,0.0,0.0,0.1689950248756219,1.791044776119403,0.0,27,0.7883257865905762
9W5axwiz.jpg,pegon,train,page,1200,826,1.0,0.04,0.018333333333333333,0.0,0.07850887812752219,0.6883333333333334,4.830917874396135e-05,7,2.0487444400787354
1aIVpZ2l.jpg,lampung,train,page,556,830,1.0,0.0,0.0,0.0,0.10580523532980844,1.4928057553956835,0.0,5,3.2357325553894043
Etv2CI1N.webp,lampung,train,page,296,136,0.9831081081081081,0.0,0.0,0.0,0.4202851748807631,0.4594594594594595,0.00397456279809221,0,3.6613545417785645
vFnuGssw.jpg,lampung,train,page,1200,717,0.8583333333333333,0.058333333333333334,0.058333333333333334,0.016736401673640166,0.07360479193631467,0.6143958868894601,0.0020185185185185184,0,0.5558620691299438
y3XQDMZv.jpg,sunda,train,page,1200,960,1.0,0.014166666666666666,0.0,0.0,0.10970399305555556,0.8,0.0,41,2.6498231887817383
Jm77pTKe.jpg,jawa,train,page,412,650,0.9927184466019418,0.0,0.0,0.12923076923076923,0.040779405926300215,1.3058252427184467,0.0,1,6.539482116699219
L5ew6cf9.jpg,pegon,train,page,948,1200,0.9514767932489452,0.0010548523206751054,0.0,0.056666666666666664,0.06811708860759494,1.2658227848101267,0.0,6,3.4076051712036133
XE1yQhgw.webp,sunda,train,page,675,1200,0.9437037037037037,0.0,0.0,0.2325,0.4809753086419753,1.7777777777777777,0.05226824457593689,3,2.605613946914673
T4CwXbxe.jpg,bali,train,page,286,870,1.0,0.0,0.0,0.0,0.08886911407919812,2.9125874125874125,0.00038226299694189603,14,2.631577491760254
qyPXddz2.jpg,pegon,train,page,800,800,1.0,0.00375,0.0025,0.0,0.06624835309617919,0.94875,0.0,3,1.9254395961761475
AjwosTfp.png,pegon,train,page,905,625,1.0,0.0,0.0,0.0,0.38366939226519337,0.6906077348066298,0.00025253233816885997,10,4.167479991912842
RY9pKXN7.jpg,bali,train,page,300,500,1.0,0.0,0.0,0.0,0.20324666666666666,1.6666666666666667,0.0,1,5.013788223266602
kne37dqn.jpg,jawa,train,page,675,1200,1.0,0.0,0.0,0.015,0.1653619319920239,1.886435331230284,0.00017751479289940828,2,2.5859081745147705
ogPEoW0X.jpg,sunda,train,page,400,800,1.0,0.0,0.0,0.0,0.466859375,2.0,0.0,0,1.970545768737793
HEcsD6AX.png,bali,train,page,409,1200,0.9902200488997555,0.0,0.0,0.72,0.10097590537688338,2.860635696821516,0.0,0,2.6569314002990723
zasgaCVk.jpg,pegon,train,page,900,1200,1.0,0.27444444444444444,0.05,0.0,0.10228774068755311,1.5369127516778522,4.4444444444444447e-05,9,1.3314589262008667
Zm78KvRV.jpg,pegon,train,page,797,1200,1.0,0.3851944792973651,0.0075282308657465494,0.0,0.3523400250941029,1.5056461731493098,0.0,1,1.5905112028121948
pL1TEs2W.webp,pegon,train,page,450,759,1.0,0.0022222222222222222,0.0,0.0,0.29266871614697704,1.6866666666666668,0.0,0,1.5299441814422607
9rr8VvDa.jpg,jawa,train,page,492,640,0.9369918699186992,0.0,0.0,0.0015625,0.12615282012195123,1.3008130081300813,0.0,11,5.616593360900879
NFZIt3sH.png,lontara,train,page,316,404,1.0,0.9177215189873418,0.07911392405063292,0.7574257425742574,0.11259783987056714,5.761904761904762,0.0,0,5.8093767166137695
bgn3EjVU.jpg,lampung,train,page,280,201,0.9821428571428571,0.11428571428571428,0.039285714285714285,0.0,0.11803482587064677,0.7178571428571429,0.0,0,3.896282911300659
WbYvLu7A.webp,pegon,train,page,675,1200,1.0,0.0,0.0,0.0,0.22000729467157398,1.6548148148148147,1.972386587771203e-05,1,1.726741909980774
9N5DsZPR.jpg,lampung,train,page,1200,675,1.0,0.2475,0.0,0.0,0.09039366410435593,0.7075471698113207,0.0,8,1.4881500005722046
JEm2YNFD.jpg,jawa,train,page,356,600,0.9859550561797753,0.0,0.0,0.07,0.112869117684527,1.2387640449438202,0.0,1,3.46509051322937
a2qh7aww.png,jawa,train,page,335,1024,0.808955223880597,0.0,0.0,0.5087890625,0.09523719719757476,3.289389067524116,0.0,2,4.563113212585449
0pQOih09.jpg,jawa,train,page,338,626,1.0,0.14201183431952663,0.029585798816568046,0.0,0.18949089740438965,1.8520710059171597,0.0,0,4.4569091796875
tEXmYAkO.jpg,lontara,train,page,391,400,0.9846547314578005,0.0,0.0,0.0,0.05846547314578005,1.0230179028132993,0.0,0,10.505064010620117
1icXIUfR.jpg,jawa,train,page,487,750,1.0,0.0,0.0,0.0,0.1985345038754298,1.3942505133470227,0.057682246250436,2,1.349183440208435
EvWOEOgu.jpg,jawa,train,page,458,630,1.0,0.0,0.0,0.0,0.13425521591460457,1.3755458515283843,0.000275178866263071,1,2.7656497955322266
79vWCUW8.jpg,lampung,train,page,338,600,0.985207100591716,0.0,0.0,0.0,0.3006903353057199,1.7751479289940828,0.00023529411764705883,0,2.920523166656494
Bz01Prso.jpg,jawi,train,page,591,689,0.8138747884940778,0.0,0.0,0.2612481857764877,0.04709684437875945,1.259597806215722,0.0,3,4.995173931121826
johVZUvs.png,jawa,train,page,450,600,1.0,0.0,0.0,0.0,0.4026740740740741,1.3333333333333333,0.006902654867256637,5,4.3649091720581055
z5dSF1Z0.jpg,jawi,train,page,1106,787,0.9918625678119349,0.0,0.0,0.0,0.0700281013117775,0.7115732368896925,0.0,3,5.838935375213623
GVqxMBMQ.jpg,bali,train,page,675,1200,1.0,0.01925925925925926,0.01925925925925926,0.0,0.2766716049382716,1.7777777777777777,0.0,6,2.9256772994995117
3OW9abKi.webp,pegon,train,page,300,400,1.0,0.0033333333333333335,0.0033333333333333335,0.0,0.12578333333333333,1.3333333333333333,0.0,3,3.2574245929718018
P7pWofbr.jpg,jawa,train,page,929,537,0.8977395048439182,0.0,0.0,0.2122905027932961,0.03678098202493815,0.5960044395116537,0.0,1,6.481937408447266
oSjsdcIc.jpg,lontara,train,page,675,454,0.9496296296296296,0.0,0.0,0.0,0.06024473813020068,0.6725925925925926,0.0,0,9.014873504638672
QQXTSG81.jpg,lampung,train,page,622,781,0.954983922829582,0.0,0.0,0.0,0.02623239029355294,1.117363344051447,0.0,43,7.394977569580078
GoGj1Sor.webp,jawa,train,page,277,644,0.9927797833935018,0.04332129963898917,0.04332129963898917,0.0,0.06447743121734646,2.324909747292419,0.0,0,5.0440473556518555
Upp8Rm0A.jpg,jawa,train,page,632,972,0.9588607594936709,0.0,0.0,0.0,0.1215928921185602,1.5379746835443038,0.0,0,1.2555702924728394
ge440A3b.jpg,lontara,train,page,900,1200,1.0,0.0,0.0,0.0,0.1322888888888889,1.3333333333333333,2.962962962962963e-05,0,1.6288361549377441
9D9NLBaF.jpg,sunda,train,page,1152,736,0.9435763888888888,0.0008680555555555555,0.0008680555555555555,0.0,0.09822355261171498,0.6388888888888888,0.0,36,4.410032749176025
p1KvJOpI.jpg,jawa,train,page,1024,768,0.806640625,0.0,0.0,0.12890625,0.14502985760220488,0.7502679528403001,0.0036214192708333335,56,5.151274681091309
4t6j7WDj.jpg,lampung,train,page,901,1200,0.9911209766925638,0.0,0.0,0.3491666666666667,0.1315445800961894,1.3318534961154274,0.0,13,3.17537260055542
ZfZb7Wre.jpg,jawa,train,page,1200,900,1.0,0.0,0.0,0.0,0.06066759259259259,0.75,4.4444444444444447e-05,38,3.7133562564849854
hz0i0VAL.jpg,jawi,train,page,480,654,1.0,0.0,0.0,0.010703363914373088,0.3272967635066259,1.3625,0.0006097560975609756,0,0.2584260404109955
o7wasDKU.jpg,jawi,train,page,1200,928,0.8075,0.0,0.0,0.0,0.03088887677362426,0.7853962600178095,0.0,11,7.945237159729004
T5ThUHie.jpg,jawi,train,page,570,840,1.0,0.0,0.0,0.0,0.360453216374269,1.4736842105263157,0.0,8,2.340000629425049
S2lydPJ3.jpg,pegon,train,page,492,355,1.0,0.10975609756097561,0.032520325203252036,0.0,0.0908278941944349,0.7215447154471545,0.0007307938247921805,0,2.6955618858337402
vFM0jy9H.jpg,jawa,train,page,999,847,0.992992992992993,0.0,0.0,0.0,0.13917104826195736,0.8478478478478478,0.0,9,2.3593955039978027
EYpmsJp4.jpg,bali,train,page,768,1024,1.0,0.03125,0.03125,0.0,0.14377054354039634,1.5609756097560976,2.0345052083333332e-05,4,1.2476030588150024
ItQogqk5.jpg,,test,page,961,720,1.0,0.0,0.0,0.0,0.20554832928662273,0.7492195629552549,0.00218994928538497,10,3.049593687057495
ZqydnzgJ.png,,test,page,340,423,1.0,0.0,0.0,0.0,0.09671504965622613,1.1323529411764706,0.00022197558268590456,0,5.072399139404297
LYSJlPHg.jpg,,test,page,1024,1024,0.9765625,0.0,0.0,0.0,0.2555389404296875,1.0,7.62939453125e-05,4,1.2088083028793335
r0elQ0IA.jpg,,test,page,288,480,1.0,0.0,0.0,0.0125,0.19299768518518517,1.6666666666666667,0.017592592592592594,7,2.2899811267852783
KTQSUrrc.jpg,,test,page,800,1200,1.0,0.0,0.0,0.0,0.2501785714285714,1.9933554817275747,6.666666666666667e-05,0,0.8494911789894104
KEu2kTL0.jpg,,test,page,787,1200,0.7369758576874206,0.0,0.0,0.34,0.07120533388894676,1.6208459214501512,0.0,0,2.8797130584716797
vlFWLeRt.jpg,,test,page,938,750,0.9712153518123667,0.0,0.0,0.30666666666666664,0.05980525941719972,0.7995735607675906,0.0,12,2.346811056137085
OejnTLcZ.png,,test,page,525,665,0.8723809523809524,0.0,0.0,0.0,0.1338651400338019,0.9961612284069098,0.0,0,4.001891613006592
XSED2XWK.jpg,,test,page,1200,900,0.9125,0.0,0.0,0.0,0.09941666666666667,0.75,0.0,148,2.0228235721588135
ndpkiGAu.jpg,,test,page,626,405,1.0,0.019169329073482427,0.011182108626198083,0.0,0.11906283280085198,0.646964856230032,0.0,0,4.635113716125488
HC8195r5.jpg,,test,page,683,1024,0.9033674963396779,0.0,0.0,0.029296875,0.4595376291582661,2.064516129032258,0.003243786549707602,4,2.2140285968780518
DouTwCmZ.jpg,,test,page,503,768,0.7912524850894632,0.0,0.0,0.0,0.13320660451377672,1.6312364425162689,0.0,5,2.9408440589904785
26WUdDnL.jpg,,test,page,333,500,1.0,0.0,0.0,0.0,0.22804804804804804,1.5015015015015014,0.0,7,3.296515941619873
MXzGfFQm.jpg,,test,page,476,716,1.0,0.0,0.0,0.036312849162011177,0.21787709497206703,1.504201680672269,0.0863809210835172,0,1.5158259868621826
TWwOlCLX.webp,,test,page,436,700,0.908256880733945,0.0,0.0,0.02,0.08197828299966067,1.66270783847981,0.0,0,1.9102951288223267
VjUX1UMA.jpg,,test,page,1200,1125,1.0,0.05333333333333334,0.0175,0.0,0.2523503703703704,0.9375,0.0,4,1.4211621284484863
yDpRmpun.jpg,,test,page,1200,900,0.9908333333333333,0.0,0.0,0.0,0.42433911260253543,0.7550335570469798,2.962962962962963e-05,0,1.9242162704467773
ih56UWvz.jpg,,test,page,675,1200,1.0,0.0,0.0,0.0,0.44956577266922093,1.5466666666666666,0.024161735700197237,20,1.1207444667816162
fWSSeXCX.webp,,test,page,695,960,0.9884892086330935,0.0,0.0,0.0,0.1572976618705036,1.381294964028777,0.0,10,2.0705788135528564
YZumQKNy.jpg,,test,page,985,720,0.983756345177665,0.0,0.0,0.0,0.3022673434856176,0.7309644670050761,0.0,2,1.2517765760421753
dzq5cujj.jpg,,test,page,1200,675,1.0,0.0,0.0,0.0,0.0973560464909946,0.65,7.889546351084812e-05,0,3.5070669651031494
q0xsg3Dy.jpg,,test,page,900,1200,1.0,0.01888888888888889,0.01888888888888889,0.0,0.24657777777777778,1.3333333333333333,0.0,11,1.2582536935806274
lUuephPg.jpg,,test,page,448,824,0.9754464285714286,0.0,0.0,0.0,0.10902284153952843,1.8392857142857142,0.0,0,2.390284538269043
aQis1ndJ.jpg,,test,page,376,236,1.0,0.0,0.0,0.0,0.12300531914893617,0.6276595744680851,0.0,0,5.412012100219727
zFNBzMgh.jpg,,test,page,1200,900,0.9691666666666666,0.0,0.0,0.0,0.02834234234234234,0.6166666666666667,0.0,24,4.594762325286865
BKre5xTa.jpg,,test,page,1024,1024,0.98828125,0.0,0.0,0.0,0.2647705078125,1.0847457627118644,0.0092926025390625,0,5.270049095153809
vE1lC5ua.jpg,,test,page,437,800,0.8832951945080092,0.0,0.0,0.0,0.09292188621183291,1.4668192219679634,0.002,23,4.568872928619385
F50UsMaR.webp,,test,page,1200,848,0.9508333333333333,0.0,0.0,0.0,0.1837185534591195,0.7066666666666667,0.0012421383647798741,1,2.0550408363342285
26z1ANyb.jpg,,test,page,1024,768,0.8916015625,0.0,0.0,0.0,0.07019259894991922,0.6044921875,0.0,2,6.661463260650635
rHj8SiVp.png,,test,page,897,601,1.0,0.2564102564102564,0.020066889632107024,0.0,0.11818472638307376,0.7267230955259976,0.0,0,2.2439212799072266
UnwSaMS8.png,,test,page,849,1200,1.0,0.0,0.0,0.0,0.09451564067008503,1.3801652892561984,0.13859154929577464,7,3.2308967113494873
Fj83bcac.jpg,,test,page,1024,794,0.9267578125,0.0,0.0,0.0,0.05709323835012595,0.775390625,0.0,0,6.210820198059082
FWqUTKFt.jpg,,test,page,900,1200,1.0,0.0,0.0,0.0,0.24009444444444444,1.3333333333333333,0.0,2,0.7271756529808044
GtqK3cHR.jpg,,test,page,357,480,0.9915966386554622,0.0,0.0,0.14583333333333334,0.04274413628112189,1.3053221288515406,0.0,0,7.204237461090088
Xre8jQe3.webp,,test,page,700,952,0.8742857142857143,0.0,0.0,0.023109243697478993,0.3250765306122449,1.36,0.0,0,0.8915982842445374
k5xdnWK8.png,,test,page,380,500,0.8763157894736842,0.0,0.0,0.0,0.04339126144399978,1.3324324324324324,0.0,5,4.7671380043029785
1RE1VcHj.jpg,,test,page,687,1080,1.0,0.0,0.0,0.037037037037037035,0.10156477438136827,1.5720524017467248,0.0,5,0.9146623611450195
H036HViM.jpg,,test,page,563,601,1.0,0.0,0.0,0.0,0.24820680748190552,1.0674955595026643,0.0,0,4.336112976074219
yuiAa6pM.jpg,,test,page,416,1024,0.9903846153846154,0.12740384615384615,0.06971153846153846,0.0,0.03963215046500753,2.6657894736842107,0.0,0,4.08708381652832
PFdjl0p9.jpg,,test,page,354,480,1.0,0.0,0.0,0.0,0.1851282956685499,1.3559322033898304,0.0011235955056179776,2,1.9129711389541626
ItKYqOPE.jpg,,test,page,556,830,0.9136690647482014,0.0,0.0,0.0,0.18934912582661473,1.5601503759398496,0.0,1,3.0986125469207764
a9BmtPJb.jpg,,test,page,544,768,0.7610294117647058,0.0,0.0,0.018229166666666668,0.0814589614410911,1.5511482254697286,0.0,4,4.855409622192383
y4Div1Ps.jpg,,test,page,316,404,0.8892405063291139,0.0,0.0,0.16831683168316833,0.4455792947715824,1.4175438596491228,0.0,1,2.6846179962158203
6nRakZMt.png,,test,page,864,864,0.3159722222222222,0.0,0.0,0.6296296296296297,0.2359940450824889,1.8681672025723473,0.0,0,1.0740010738372803
4sMBUagD.png,,test,page,800,1200,0.51625,0.0,0.0,0.5641666666666667,0.05444399050483563,2.5063025210084033,0.0,59,3.779345989227295
ipYw1jbF.jpg,,test,page,900,1200,1.0,0.27444444444444444,0.05,0.0,0.10228774068755311,1.5369127516778522,4.4444444444444447e-05,9,1.3314589262008667
zpaJVslx.png,,test,page,279,640,1.0,0.0,0.0,0.0,0.28721970419847326,2.4427480916030535,0.00035714285714285714,0,2.069000244140625
K3eaNag9.png,,test,page,633,1200,1.0,0.0,0.0,0.0,0.46548785768483614,1.8846761453396526,0.0,6,2.3815507888793945
Y43lbNxD.jpg,,test,page,400,660,1.0,0.0,0.0,0.0,0.07950378787878788,1.65,0.0001818181818181818,3,1.520683765411377
056AqPTe.jpg,,test,page,439,800,1.0,0.0,0.0,0.0,0.22761674259681094,1.8223234624145785,0.0,0,1.8846570253372192
tuQn2tFG.jpg,,test,page,675,1200,0.9925925925925926,0.0,0.0,0.07166666666666667,0.21153510412769672,1.76,0.14353057199211045,1,1.1065678596496582
kOzZg1JG.jpg,,test,page,675,1200,1.0,0.08444444444444445,0.0637037037037037,0.0925,0.3268716049382716,1.7777777777777777,0.030907297830374752,2,1.8142977952957153
l7zErLnw.jpg,,test,page,494,279,0.8947368421052632,0.0,0.0,0.10752688172043011,0.08354737132326266,0.5647773279352226,0.0,4,7.83977746963501
uneupKp4.jpg,,test,page,714,1024,1.0,0.014005602240896359,0.0028011204481792717,0.0,0.13197681416316526,1.4341736694677871,0.00017458100558659218,5,3.037076950073242
gCeXTM6f.png,,test,page,1200,796,0.98,0.0125,0.0125,0.0,0.0761568257956449,0.6633333333333333,0.0,35,5.175898551940918
YwAccQRI.jpg,,test,page,423,600,0.9574468085106383,0.002364066193853428,0.002364066193853428,0.0,0.1571513002364066,1.4184397163120568,0.0,0,4.182305812835693
EkcAINcb.jpg,,test,page,720,395,1.0,0.16944444444444445,0.0,0.0,0.3960818028828565,0.5708092485549133,0.1185746352413019,0,1.54326593875885
OxqIjBqf.png,,test,page,811,1200,1.0,0.0,0.0,0.0008333333333333334,0.07056087219866747,1.5354330708661417,0.0822495894909688,8,2.04481840133667
eQdRb66P.bmp,,test,page,667,822,0.9955022488755623,0.01649175412293853,0.014992503748125937,0.0,0.0949598193603928,1.232383808095952,0.0,17,4.514854431152344
rAp05mwt.jpg,,test,page,750,1200,1.0,0.0,0.0,0.0,0.2874108527131783,1.1466666666666667,0.0023226950354609927,0,2.752056360244751
2JOdaZIF.jpg,,test,page,252,449,1.0,0.0,0.0,0.0,0.10246756460564924,1.7817460317460319,0.0,6,3.1246731281280518
8oq6zqeT.jpg,,test,page,1024,768,0.798828125,0.0,0.0,0.12369791666666667,0.04396031114866544,0.722457627118644,0.0,14,8.580509185791016
wHZdMejr.jpg,,test,page,1024,768,0.724609375,0.0,0.0,0.2643229166666667,0.04155897998281471,0.8144690781796966,0.0,25,7.432143211364746
oY0gb7Sn.jpg,,test,page,500,750,1.0,0.0,0.0,0.0,0.30852,1.5,0.0,5,2.140669345855713
Ep42uvIt.jpg,,test,page,515,736,0.858252427184466,0.0,0.0,0.23369565217391305,0.0657105817533625,1.108695652173913,0.6704583754634311,11,2.1884658336639404
3thCZSyH.jpg,,test,page,753,569,0.9628154050464808,0.0,0.0,0.22319859402460457,0.04895006966860151,0.7556440903054449,0.0,3,5.942567348480225
LiB3gmQw.png,,test,page,1200,932,0.96,0.0275,0.0275,0.048283261802575105,0.06109084406294707,0.7766666666666666,0.019084406294706723,5,2.519951581954956
VbUDzy4i.jpg,,test,page,291,500,0.8041237113402062,0.0,0.0,0.0,0.07394770155866762,1.4507575757575757,0.0,1,10.179463386535645
o6wvvIED.jpg,,test,page,255,330,1.0,0.01568627450980392,0.01568627450980392,0.0,0.21677956030897208,1.2941176470588236,0.0,0,5.628390789031982
KjfiynKK.jpg,,test,page,450,600,0.9666666666666667,0.0,0.0,0.0,0.04599132239200151,1.308888888888889,0.0,36,4.092871189117432
aFNQd7Wq.jpg,,test,page,480,640,1.0,0.25,0.0,0.0,0.13556377226463104,1.6284987277353689,0.0,0,2.257617235183716
Ybv4ejqR.jpg,,test,page,1024,1024,0.8818359375,0.0,0.0,0.048828125,0.27952062201670647,0.818359375,0.022735595703125,6,2.546462297439575
l7zm4ex5.jpg,,test,page,558,640,1.0,0.03942652329749104,0.0,0.0,0.15551355286738353,1.146953405017921,0.0,2,2.933784008026123
bdWh7vZy.jpg,,test,page,1032,774,1.0,0.22771317829457363,0.00872093023255814,0.0,0.22602970767506936,0.8161925601750547,0.0,0,1.9795324802398682
Osr6x8QO.jpg,,test,page,445,790,1.0,0.0,0.0,0.0,0.23170814962309771,1.7752808988764044,9.018759018759019e-05,9,1.9937201738357544
rCFHzah9.jpg,,test,page,375,750,1.0,0.0,0.0,0.0,0.11685144927536231,1.9626666666666666,0.0,2,2.42207407951355
H2wD2Cwp.jpg,,test,page,534,800,0.9681647940074907,0.0,0.0,0.0125,0.0427655704520785,1.4344569288389513,0.0,41,3.729685068130493
pOdWxgnU.jpg,,test,page,534,743,0.99812734082397,0.11797752808988764,0.05056179775280899,0.0,0.20275908548380459,1.3632958801498127,0.0,14,1.37754487991333
3WOfUs8V.jpg,,test,page,552,780,1.0,0.0,0.0,0.0,0.08187244518766258,1.4130434782608696,0.0,0,5.4784674644470215
QnomGMrW.png,,test,page,805,830,0.9950310559006211,0.0,0.0,0.0,0.08908122932967653,0.9565217391304348,0.0,19,2.6506052017211914
bzYOfktG.jpg,,test,page,675,1200,1.0,0.008888888888888889,0.008888888888888889,0.0,0.2960851851851852,1.7777777777777777,0.000571992110453649,10,1.760737657546997
MEIIpTFk.jpg,,test,page,800,1200,0.975,0.0,0.0,0.0,0.24589935064935065,1.44375,0.00036666666666666667,5,1.3090498447418213
ANvXuugy.jpg,,test,page,500,750,0.99,0.01,0.0,0.0,0.32560169491525426,1.5889830508474576,0.0,12,3.0076122283935547
ZBvUKEFY.jpg,,test,page,493,700,0.9290060851926978,0.0,0.0,0.011428571428571429,0.26052738336714,1.4198782961460445,0.0,1,0.7196838855743408
pmpFP6tE.jpg,,test,page,800,1200,1.0,0.0475,0.0,0.07666666666666666,0.452946875,1.5,0.012683333333333333,0,2.7369771003723145
2T7yQYeE.jpg,,test,page,471,600,0.9893842887473461,0.0,0.0,0.0,0.3747664543524416,1.2738853503184713,0.0005084745762711864,1,3.4460461139678955
3Ab69ql6.jpg,,test,page,376,640,1.0,0.010638297872340425,0.010638297872340425,0.0,0.22459690824468084,1.702127659574468,0.0,3,7.347322463989258
o36fxQgG.jpg,,test,page,600,600,0.8566666666666667,0.0,0.0,0.15833333333333333,0.07716269841269842,1.0204081632653061,0.0,2,5.10159158706665
94w0nbLY.jpg,,test,page,1200,868,1.0,0.15,0.115,0.0,0.18335637480798772,0.7233333333333334,0.0,1,1.4526654481887817
T0d4kIfP.jpg,,test,page,272,480,0.9816176470588235,0.0,0.0,0.004166666666666667,0.06342677696078432,1.7647058823529411,0.0,1,8.92879581451416
EnCEWDE8.jpg,,test,page,500,750,0.958,0.0,0.0,0.0,0.09302666666666666,1.5,0.0,0,1.7241525650024414
KBBAssZV.webp,,test,page,500,750,1.0,0.0,0.0,0.0,0.156928,1.5,0.0,1,3.055187940597534
9KPYHyTK.jpg,,test,page,1024,768,0.7998046875,0.0,0.0,0.0,0.040498055762389344,0.5917721518987342,0.0,0,9.248332977294922
SCCerkBY.jpg,,test,page,1200,848,0.9275,0.0,0.0,0.0011792452830188679,0.05692315251572327,0.7066666666666667,0.0,1,6.994412899017334
IINdF7pr.webp,,test,page,676,1200,0.9289940828402367,0.0,0.0,0.10916666666666666,0.2946664149043303,1.8126888217522659,0.00015779092702169624,4,1.5101125240325928
chtz5jzk.jpg,,test,page,1024,768,0.8125,0.0,0.0,0.08854166666666667,0.07823297209754836,0.7492130115424974,0.0,43,4.899646282196045
WsL7EGKU.jpg,,test,page,435,801,1.0,0.6597701149425287,0.27586206896551724,0.12734082397003746,0.09639931415507716,1.664367816091954,0.0,0,4.374791622161865
TttzcFgE.jpg,,test,page,367,650,0.9455040871934605,0.0,0.0,0.0,0.04279902427965052,1.768392370572207,0.0,0,8.808433532714844
vI3WShwa.bmp,,test,page,254,144,1.0,0.0,0.0,0.2708333333333333,0.37486166445329794,0.5737051792828686,0.015625,0,3.5645956993103027
4OR8cPdh.jpg,,test,page,767,1082,0.8970013037809648,0.0,0.0,0.06469500924214418,0.031470008064691905,1.3190348525469169,0.0,0,1.0992597341537476
W2n52G1r.jpg,,test,page,874,1024,0.6967963386727689,0.0,0.0,0.18359375,0.0820646998620567,1.2114537444933922,0.0,0,3.8296399116516113
hgfKArJw.png,,test,page,309,480,1.0,0.0,0.0,0.0,0.18970833333333334,1.6,0.019230769230769232,0,2.0712661743164062
QlEiR0iG.jpg,,test,page,675,1200,1.0,0.0,0.0,0.0033333333333333335,0.05928198313255784,1.5675675675675675,0.6308481262327417,0,2.923706531524658
6walxVK4.jpg,,test,page,768,768,0.9791666666666666,0.0,0.0,0.0,0.09376786122542295,0.94921875,0.0,1,3.2425506114959717
pWnaLPgR.jpg,,test,page,515,736,0.9786407766990292,0.0,0.0,0.26358695652173914,0.0740853416576281,1.4252427184466019,0.0,54,2.4426591396331787
TkcyO0pK.jpg,,test,page,1024,768,0.9853515625,0.0,0.0,0.015625,0.04749298095703125,0.75,0.0,0,2.945681095123291
WrucuNTl.jpg,,test,page,1200,674,1.0,0.0,0.0,0.0,0.21787840529246044,0.6088527551942186,0.13680473372781066,53,2.5865728855133057
zT9aeQxi.jpg,,test,page,675,1200,1.0,0.0,0.0,0.0,0.35687407407407407,1.7777777777777777,0.0,5,2.2681875228881836
Q9imR7oT.jpg,,test,page,544,768,0.8713235294117647,0.0,0.0,0.17057291666666666,0.03621486734961912,1.3055555555555556,0.0,30,6.391819000244141
HUGi0nLM.jpg,,test,page,330,500,1.0,0.1606060606060606,0.11818181818181818,0.0,0.34859259259259257,1.6835016835016836,0.0,0,1.3665014505386353
2yagSjhm.png,,test,page,286,243,1.0,0.0,0.0,0.0,0.18354485021151687,0.8496503496503497,0.0,0,2.493691921234131
TXkxko1i.jpg,,test,page,774,1033,1.0,0.0,0.0,0.0,0.09825249955599581,1.334625322997416,0.0,0,0.7468900084495544
BF2a88L9.webp,,test,page,728,1200,0.9010989010989011,0.0,0.0,0.03916666666666667,0.05855540293040293,1.6483516483516483,0.0,0,1.700095534324646
iiCd7aNl.jpg,,test,page,280,242,0.9178571428571428,0.0,0.0,0.0,0.05628815628815629,0.8357142857142857,0.0,7,6.570803642272949
CURsUyvi.jpg,,test,page,360,480,0.9916666666666667,0.0,0.0,0.24166666666666667,0.15454861111111112,1.3333333333333333,0.0,0,7.065989971160889
TSJcHALM.jpg,,test,page,368,700,0.8478260869565217,0.0,0.0,0.0,0.05788931193335998,1.9740634005763689,0.0,2,4.938525676727295
gxSxzmWq.png,,test,page,443,626,0.9796839729119639,0.0,0.0,0.023961661341853034,0.07496808717789685,1.4130925507900678,0.0,3,6.557368755340576
KJdY1jWR.jpg,,test,page,564,752,0.7890070921985816,0.0,0.0,0.12101063829787234,0.11700402724513491,1.3058350100603622,0.0,0,6.529925346374512
qO6OKcRs.jpg,,test,page,537,716,0.994413407821229,0.0,0.0,0.0,0.10401256723156789,1.3333333333333333,0.0,0,2.436607837677002
XMWlmHYn.webp,,test,page,675,1200,0.6666666666666666,0.0,0.0,0.0,0.10355663549868767,2.232421875,0.0010848126232741618,73,1.9963085651397705
cIvpkHsH.jpg,,test,page,472,453,0.951271186440678,0.00847457627118644,0.00847457627118644,0.0,0.0736661428517978,0.9597457627118644,0.0,23,4.406167030334473
Y978qcT3.jpg,,test,page,667,705,0.9700149925037481,0.0,0.0,0.0014184397163120568,0.05833040926345338,1.0569715142428786,0.0,22,7.28993558883667
0GsnAjkh.jpg,,test,page,677,1200,0.9911373707533235,0.0,0.0,0.5708333333333333,0.09292523672028286,1.7636632200886262,0.03488235294117647,20,1.5057915449142456
UtmpkmTz.jpg,,test,page,1164,736,0.9604810996563574,0.003436426116838488,0.003436426116838488,0.0,0.0904898307933662,0.6323024054982818,0.0,37,4.8145623207092285
u18BMse4.jpg,,test,page,535,1024,1.0,0.0,0.0,0.0,0.31004125292056073,1.9140186915887851,0.0,0,2.2287614345550537
yEwOuwUz.jpg,,test,page,1200,901,0.8583333333333333,0.0,0.0,0.0,0.09266703079473868,0.7889667250437828,0.055943952802359885,3,3.9327917098999023
FNnSLEoz.jpg,,test,page,700,700,0.5228571428571429,0.0,0.0,0.0,0.12436054421768708,1.6666666666666667,0.0,17,1.7148942947387695
WUwowK3j.jpg,,test,page,1004,736,1.0,0.01693227091633466,0.0,0.0,0.12925472024943704,0.7330677290836654,0.013143079854495063,4,2.574378252029419
3nA3W49u.jpg,,test,page,971,588,1.0,0.0,0.0,0.0,0.05206778901055788,0.6055612770339855,0.0,0,3.105417013168335
nq6bdC2J.jpg,,test,page,549,330,0.9908925318761385,0.0,0.0,0.0,0.035524645360710934,0.6010928961748634,0.0,0,11.571664810180664
0QmUSo8n.jpg,,test,page,947,774,1.0,0.10137275607180571,0.006335797254487857,0.0,0.23378327862500647,0.8173178458289335,0.0,0,1.648362636566162
kSLTls5b.jpg,,test,page,1024,768,0.9033203125,0.0,0.0,0.0,0.12874479166666666,0.732421875,0.0,1,2.7536771297454834
cGozUXSG.jpg,,test,page,445,790,1.0,0.0,0.0,0.0,0.16290712558668752,1.7752808988764044,0.0,0,2.2903099060058594
hqJ103Sp.jpg,,test,page,768,1024,0.9140625,0.055989583333333336,0.028645833333333332,0.0,0.15752085092905405,1.3837837837837839,0.0,10,0.684324324131012
raGbK5Tu.png,,test,page,630,625,0.9984126984126984,0.02857142857142857,0.007936507936507936,0.0,0.119064505234718,0.746031746031746,0.0,0,2.3986358642578125
qATEq0HP.jpg,,test,page,276,414,0.8333333333333334,0.0,0.0,0.30434782608695654,0.034512820512820515,1.4423076923076923,0.0,0,5.195564270019531
oMiIYb91.jpg,,test,page,541,1200,0.9593345656192237,0.0,0.0,0.0,0.19601762041783385,2.1515711645101665,0.0,9,2.304460048675537
pZsW1GoY.jpg,,test,page,800,1200,0.73625,0.0,0.0,0.0,0.12644611818642323,1.8389570552147239,0.0,44,1.0393025875091553
hSxVaXor.jpg,,test,page,492,739,0.9959349593495935,0.0,0.0,0.0,0.13636588666292618,1.5020325203252032,0.0,8,3.020009756088257
fCHu0AYO.jpg,,test,page,597,1060,1.0,0.0,0.0,0.0,0.06317621986570757,1.747068676716918,5.0314465408805034e-05,7,3.1409597396850586
fgVE5ccy.png,,test,page,864,864,0.3159722222222222,0.0,0.0,0.41898148148148145,0.1609527902671251,1.3092105263157894,0.0,0,0.0
myxkjkgQ.webp,,test,page,675,1200,0.8429629629629629,0.03259259259259259,0.03259259259259259,0.0,0.10584180404422146,1.9288025889967637,0.16940828402366864,20,1.9752229452133179
OEWabCe7.jpg,,test,page,444,790,0.9144144144144144,0.0,0.0,0.0,0.04634536497281595,1.0337837837837838,0.0,0,4.695148468017578
z2vsKyPU.jpg,,test,page,272,500,1.0,0.0,0.0,0.0,0.1425735294117647,1.838235294117647,0.0,0,5.591273784637451
CXBsxs5B.png,,test,page,260,895,0.6461538461538462,0.0,0.0,0.6703910614525139,0.07367121507472385,4.2631578947368425,0.0,0,4.6702165603637695
Orjz0RPU.jpg,,test,page,280,347,0.9821428571428571,0.0,0.0,0.0,0.17731576780568134,1.2392857142857143,0.0,0,7.010286331176758
a5zGM5iK.jpg,,test,page,675,1200,0.4740740740740741,0.0,0.0,0.8833333333333333,0.12681079789775443,3.4171428571428573,0.0,0,0.70768141746521
oam3a8sH.png,,test,page,375,750,1.0,0.0,0.0,0.0,0.07336737588652482,1.2533333333333334,0.0,0,4.024777412414551
731K7Cai.jpg,,test,page,1024,768,0.966796875,0.0,0.0,0.0,0.11428451538085938,0.75,0.0,7,2.8820037841796875
dUllUsCz.jpg,,test,page,1200,795,1.0,0.25416666666666665,0.009166666666666667,0.0,0.3309958071278826,0.6625,3.3500837520938026e-05,2,1.4749064445495605
feCJMsmX.png,,test,page,703,437,1.0,0.012802275960170697,0.012802275960170697,0.0,0.2697950268707826,0.6216216216216216,0.002737603305785124,5,2.3706142902374268
54J05dmZ.png,,test,page,1200,848,0.9316666666666666,0.0,0.0,0.3785377358490566,0.16711420559859322,0.7120067170445005,0.009245283018867925,24,1.997554063796997
edRKaasR.jpg,,test,page,1024,768,0.7705078125,0.0,0.0,0.01953125,0.0464832529580731,0.4582417582417582,0.0,9,7.99273157119751
JYfbeH12.jpg,,test,page,768,1024,1.0,0.0,0.0,0.0,0.3091265360514323,1.3333333333333333,0.0,7,1.494034767150879
MCWevjoy.jpg,,test,page,720,657,0.9763888888888889,0.0,0.0,0.0167427701674277,0.0970318100358423,0.8611111111111112,0.18784511784511784,0,1.5835663080215454
tKOzQYKm.png,,test,page,450,840,1.0,0.0,0.0,0.0,0.21246560846560847,1.8666666666666667,0.0005056890012642225,9,2.226661443710327
59tDe5Gv.webp,,test,page,1200,848,0.9508333333333333,0.0,0.0,0.0,0.16353577044025158,0.7066666666666667,0.008380503144654088,0,1.3705307245254517
6VezOnWn.jpg,,test,page,500,889,0.992,0.0,0.0,0.0,0.10940765765765766,1.776,0.0,17,1.129089593887329
AnSP4JJ3.jpg,,test,page,653,870,0.9709035222052067,0.019908116385911178,0.019908116385911178,0.011494252873563218,0.2855908186794811,1.332312404287902,0.0,12,2.168053150177002
Krjvxple.jpg,,test,page,1200,882,0.9233333333333333,0.0,0.0,0.0,0.0847543461829176,0.735,0.0,0,3.6632659435272217
dfssXIo8.jpg,,test,page,675,1200,1.0,0.0,0.0,0.023333333333333334,0.27657654320987657,1.7777777777777777,0.0,5,2.1130125522613525
OeILLbO4.jpg,,test,page,374,665,1.0,0.0748663101604278,0.0,0.0,0.08544891640866874,1.7780748663101604,0.0,90,1.6839027404785156
bn00IwdS.jpg,,test,page,1200,795,1.0,0.25416666666666665,0.009166666666666667,0.007547169811320755,0.33117400419287213,0.6625,5.0251256281407036e-05,0,0.9673107862472534
KEBMdQDz.jpg,,test,page,1024,1024,0.744140625,0.0,0.0,0.0703125,0.032396165146922874,1.1522533495736906,0.001922607421875,34,4.72607946395874
u8gRNSJu.jpg,,test,page,1024,768,0.8720703125,0.0,0.0,0.18880208333333334,0.057623428330819376,0.7415506958250497,0.0,0,8.903191566467285
4Pc0Kc1p.jpg,,test,page,556,830,0.8651079136690647,0.0,0.0,0.0,0.06825102608235138,1.52014652014652,0.0,7,4.269193172454834
eiFKAMFN.png,,test,page,722,1200,0.5373961218836565,0.0,0.0,0.8658333333333333,0.12934863177755587,2.612009237875289,0.0,0,2.3585054874420166
XOb5w4Tj.jpg,,test,page,1024,768,0.8125,0.0,0.0,0.5872395833333334,0.024135197058327767,0.734475374732334,0.0,5,5.022983551025391
dZIHQ6IO.jpg,,test,page,800,1200,1.0,0.095,0.095,0.0,0.36371770833333333,1.5,0.0,12,0.9489712119102478
PgHL2J1Y.jpg,,test,page,300,400,0.8866666666666667,0.0,0.0,0.0325,0.07415270018621974,1.1933333333333334,0.0,1,5.679321765899658
NHCgSr47.jpg,,test,page,454,740,1.0,0.0,0.0,0.0,0.14951274863169137,1.5991189427312775,0.0,3,2.0843443870544434
40oY2xIY.jpg,,test,page,825,1200,0.9103030303030303,0.0,0.0,0.0,0.08584545454545454,1.4545454545454546,0.0,6,4.1008219718933105
BNarjjGj.png,,test,page,800,1200,0.97625,0.0,0.0,0.08666666666666667,0.064084375,1.5,0.0,2,0.4549606442451477
uZCXeRsn.jpg,,test,page,316,404,0.8386075949367089,0.0,0.0,0.0,0.0925907590759076,1.3466666666666667,0.0,3,6.74448299407959
hiiIL22I.jpg,,test,page,719,932,0.9986091794158554,0.0,0.0,0.0,0.24130705629176577,1.3623853211009174,0.0010968049594659037,0,1.0823193788528442
bVqDZDkZ.jpg,,test,page,800,800,1.0,0.0,0.0,0.0,0.3366579861111111,0.9,0.00025,5,2.3214144706726074
NlR91Rwp.webp,,test,page,473,710,1.0,0.0,0.0,0.0,0.11985230622636453,1.5010570824524312,0.0,0,0.902732253074646
w3IjrsOh.jpg,,test,page,900,1200,1.0,0.08777777777777777,0.04111111111111111,0.0,0.4146017005520227,1.2445464982778416,0.0,8,1.8562103509902954
JPtO2j4w.jpg,,test,page,535,800,0.8878504672897196,0.0,0.0,0.0,0.18060534671719758,1.4442307692307692,0.011156716417910448,3,0.6822651624679565
XHbRwo0Z.jpg,,test,page,290,400,0.9793103448275862,0.0,0.0,0.0,0.08539655172413793,1.3793103448275863,0.0,0,7.815063953399658
m2kSqjTS.png,,test,page,1200,932,0.96,0.0275,0.0275,0.0611587982832618,0.07646012160228899,0.7766666666666666,0.017510729613733907,2,2.3782289028167725
wNwpg3Ar.jpg,,test,page,400,300,0.9925,0.0,0.0,0.0,0.2302,0.75,0.0,1,3.8211584091186523
eSQjEze4.jpg,,test,page,407,300,0.8624078624078624,0.0,0.0,0.0,0.12801709401709402,0.7692307692307693,0.0,0,5.985228538513184
NbEwAuct.jpg,,test,page,430,1000,0.9906976744186047,0.0,0.0,0.399,0.19918372093023257,2.3255813953488373,0.0,0,1.4536161422729492
Li8nbn2t.jpg,,test,page,1200,760,1.0,0.0,0.0,0.0,0.07510197368421052,0.6333333333333333,0.001736842105263158,9,3.6516637802124023
K9e8TMyg.jpg,,test,page,323,448,0.9876160990712074,0.0,0.0,0.0,0.1137218045112782,1.3869969040247678,0.0,9,5.148903846740723
3asehMfn.jpg,,test,page,675,1200,1.0,0.0,0.0,0.05,0.22146296296296297,1.7777777777777777,0.0919526627218935,22,2.1514291763305664
hhV3ZKbu.jpg,,test,page,461,696,0.9934924078091106,0.06724511930585683,0.06290672451193059,0.0,0.09005691329092735,1.6893203883495145,0.0,2,1.6856181621551514
VJM1WbBN.jpg,,test,page,530,579,0.8547169811320755,0.0,0.0,0.0,0.07687951743664598,1.114851485148515,0.16935442053409386,6,3.61861252784729
c8MnpMk4.jpg,,test,page,1200,1200,0.8075,0.0,0.0,0.25,0.05993826446953253,1.0492890995260664,0.0,0,2.306934118270874
kJJAyZKM.jpg,,test,page,512,768,0.96875,0.0,0.0,0.0,0.09010879858366272,1.482421875,0.0,0,2.388634204864502
MUAVkDjK.jpg,,test,page,450,600,1.0,0.0,0.0,0.13333333333333333,0.38133333333333336,1.3333333333333333,0.039056047197640116,0,2.608342409133911
BzZAMGZC.jpg,,test,page,1200,920,0.9616666666666667,0.0,0.0,0.30978260869565216,0.10520380434782609,0.7666666666666667,0.0,15,2.919910430908203
5p0Dj1Vk.webp,,test,page,828,678,0.9154589371980676,0.0,0.0,0.0,0.07580509351429653,0.8176328502415459,0.0,21,1.9864823818206787
zMMYfB6o.jpg,,test,page,677,1200,0.8508124076809453,0.0,0.0,0.14916666666666667,0.06454706198624252,1.325508607198748,0.6947254901960784,6,2.6186349391937256
1aQ8f5iK.png,,test,page,633,82,1.0,0.0,0.0,0.13414634146341464,0.2383346819250183,0.12954186413902052,0.0,2,4.549444198608398
rWnMvbQk.jpg,,test,page,840,840,0.6309523809523809,0.0,0.0,0.0,0.11325863678804855,1.3725490196078431,0.0,22,4.886145114898682
ZebzJoUL.jpg,,test,page,312,236,0.9647435897435898,0.0,0.0,0.17372881355932204,0.04696327683615819,0.7564102564102564,0.0,0,8.891345024108887
ycdhjkBF.png,,test,page,676,1160,0.32988165680473375,0.0,0.0,0.3689655172413793,0.25785947120608477,1.752988047808765,0.0,0,0.0
uP9TwtV2.jpg,,test,page,720,960,0.9666666666666667,0.0,0.0,0.0,0.04796158831153529,1.3097222222222222,0.0,50,4.55600643157959
4Jij6v9g.jpg,,test,page,1024,1024,0.9306640625,0.0,0.0,0.0,0.3602638244628906,1.0,0.103179931640625,0,3.7701077461242676
UzaG4Ggg.jpg,,test,page,408,612,1.0,0.0,0.0,0.0016339869281045752,0.12488385877226707,1.5,0.004229142637447136,2,2.5196962356567383
X5VKmeBa.jpg,,test,page,501,399,1.0,0.5289421157684631,0.16167664670658682,0.0,0.22153187359616605,0.7964071856287425,0.003650793650793651,2,3.6713333129882812
aaqExlVp.jpg,,test,page,660,870,0.843939393939394,0.0,0.0,0.0,0.16870650253984043,1.319935691318328,0.0,0,2.146918296813965
HOYLoAta.jpg,,test,page,350,620,1.0,0.0,0.0,0.0,0.0527958833619211,1.6657142857142857,0.0,3,5.5279927253723145
vvTcbLTG.jpg,,test,page,675,1200,0.9955555555555555,0.0,0.0,0.0008333333333333334,0.3584407407407407,1.7777777777777777,0.049112426035502955,0,1.914698600769043
xKb8yzNs.jpg,,test,page,500,700,0.958,0.0,0.0,0.0,0.04439279279279279,1.11,0.0,0,3.511875629425049
QzYrzlso.webp,,test,page,1200,1200,0.8941666666666667,0.0,0.0,0.0,0.07006736111111111,1.0,0.08594444444444445,16,4.094635009765625
ol8RyevU.jpg,,test,page,675,1200,1.0,0.0,0.0,0.015,0.14155925925925925,1.7777777777777777,0.008639053254437869,27,1.2529629468917847
dRCVp0zD.jpg,,test,page,630,1200,0.6936507936507936,0.0,0.0,0.0,0.31160714285714286,1.9047619047619047,0.2568354430379747,0,0.9446537494659424
5CHegCkK.jpg,,test,page,400,741,1.0,0.0,0.0,0.28475033738191635,0.20202020202020202,11.0,0.9693548387096774,0,0.3761844038963318
Bp5dKMs8.jpg,,test,page,1200,948,0.9925,0.0,0.0,0.0,0.11472222222222223,0.79,0.0,0,1.8893938064575195
HDUihU2T.jpg,,test,page,357,250,0.876750700280112,0.0,0.0,0.0,0.04335113145181795,0.680921052631579,0.0,11,10.194393157958984
aOLaO5JM.jpg,,test,page,480,640,1.0,0.37083333333333335,0.0,0.0,0.0738886625143101,1.7032520325203253,0.0015625,12,1.876274585723877
ZKfXeHba.jpg,,test,page,900,1200,1.0,0.03777777777777778,0.03777777777777778,0.0,0.2945509259259259,1.3333333333333333,0.0,0,1.9646568298339844
RzcsA0iU.jpg,,test,page,300,270,0.96,0.0,0.0,0.0,0.1608888888888889,0.9,0.0,0,3.6678295135498047
lYKRQ4Ej.jpg,,test,page,252,500,0.8611111111111112,0.0,0.0,0.0,0.03718545040824522,1.9435483870967742,0.0,0,10.079658508300781
xHufZeXk.jpg,,test,page,576,1024,1.0,0.0,0.0,0.0,0.10890875922309028,1.7777777777777777,0.0,0,1.857192039489746
pqiXIbz1.jpg,,test,page,280,260,0.9821428571428571,0.0,0.0,0.0,0.06510989010989011,0.9285714285714286,0.0,21,6.707087993621826
gZ6JRRo1.jpg,,test,page,266,320,0.9924812030075187,0.0,0.0,0.090625,0.042105263157894736,1.2030075187969924,0.0,19,7.712209224700928
1bSnuvCQ.jpg,,test,page,900,1200,1.0,0.014444444444444444,0.014444444444444444,0.0,0.09040092592592593,1.3333333333333333,0.0,4,1.4927704334259033
w1TYNXxv.png,,test,page,864,864,0.42592592592592593,0.0,0.0,0.3900462962962963,0.20852802294247078,0.9304556354916067,0.0,0,0.0
9uBBnvVC.jpg,,test,page,675,1200,1.0,0.002962962962962963,0.0,0.0,0.2007358024691358,1.7777777777777777,0.0,9,0.855795681476593
gwK0nORp.jpg,,test,page,276,301,0.9311594202898551,0.04710144927536232,0.04710144927536232,0.036544850498338874,0.07625547691270644,1.0905797101449275,0.010488176964149503,0,3.5945608615875244
dvQD5M5A.jpg,,test,page,434,770,0.7235023041474654,0.0,0.0,0.0,0.17044427710843374,1.8444444444444446,0.0,0,2.8307809829711914
nMQ4F1xT.jpg,,test,page,455,679,0.9956043956043956,0.18461538461538463,0.0945054945054945,0.0,0.2528605415203353,1.4923076923076923,0.0008771929824561404,1,2.2163431644439697
j9Sd0Ui3.webp,,test,page,465,700,0.8924731182795699,0.0,0.0,0.024285714285714285,0.06874130297280202,0.7311827956989247,0.0,0,5.167156219482422
dox3Caag.jpg,,test,page,320,310,0.9875,0.01875,0.01875,0.0,0.1266532258064516,0.96875,0.0,5,4.842860698699951
CO9rKb3f.png,,test,page,280,1001,0.7857142857142857,0.0,0.0,0.0,0.07574360062687736,4.016194331983805,0.0,47,3.8203930854797363
GYZj43GE.jpg,,test,page,1024,768,0.654296875,0.0,0.0,0.515625,0.02158749764122622,0.996078431372549,0.0,4,7.860885143280029
uT2vYMoU.jpg,,test,page,675,1200,1.0,0.0,0.0,0.0,0.0625,1.7777777777777777,0.0,1,0.8108818531036377
bop5vEvK.png,,test,page,558,993,1.0,0.0,0.0,0.0,0.20294390482481311,1.7795698924731183,0.0010900745840504876,18,1.8765944242477417
3XYHokqa.png,,test,page,316,404,1.0,0.8892405063291139,0.02531645569620253,0.6212871287128713,0.20782163742690057,5.9375,0.0,0,6.105960369110107
93NRlevh.jpg,,test,page,1141,628,0.8799298860648553,0.0043821209465381246,0.0043821209465381246,0.07006369426751592,0.09591747146619842,0.5513608428446005,4.4541445815331164e-05,30,4.013296127319336
fpIL7VTV.jpg,,test,page,544,750,1.0,0.0,0.0,0.0,0.18199754901960785,1.3786764705882353,0.00031289111389236547,1,2.110039472579956
bO7P6Bkt.png,,test,page,800,1200,0.755,0.0,0.0,0.0,0.0683252898052536,1.602658788774003,0.00205,49,1.0403668880462646
x8uS9FTz.png,,test,page,629,1200,0.766295707472178,0.0,0.0,0.295,0.13957234101638433,1.9945848375451263,0.0,2,2.3373589515686035
FFjj4Gt3.jpg,,test,page,1024,812,1.0,0.0,0.0,0.0,0.17081184575123154,0.79296875,0.0,0,2.1280252933502197
WPH4MRoI.jpg,,test,page,1024,768,0.8388671875,0.0,0.0,0.3489583333333333,0.03348890010090817,0.7426841574167508,0.0,18,7.519192695617676
JDK2V2xX.jpg,,test,page,868,868,1.0,0.0,0.0,0.0,0.1985473896159931,0.9767726161369193,0.0,0,4.341080665588379
DA4kTYgw.jpg,,test,page,500,500,0.85,0.0,0.0,0.038,0.12968581636703908,1.0087336244541485,0.0,1,5.076301574707031
Zz2volKH.jpg,,test,page,800,1200,1.0,0.0,0.0,0.08333333333333333,0.056811458333333335,1.5,0.0,1,3.8433685302734375
NDvBjnG7.jpg,,test,page,720,502,0.9888888888888889,0.0,0.0,0.0,0.04124059318282426,0.6972222222222222,0.0,35,4.340875625610352
9HLf4SFI.jpg,,test,page,1080,1080,0.9407407407407408,0.0,0.0,0.09444444444444444,0.10752226463104325,0.9703703703703703,0.0,18,3.5660462379455566
5qer90We.jpg,,test,page,480,640,1.0,0.25,0.0,0.0,0.1602739197530864,1.5802469135802468,0.0005729166666666667,5,2.242642402648926
z1R8PWlY.jpg,,test,page,538,1024,0.8847583643122676,0.0,0.0,0.0,0.03221748376860843,1.8431771894093687,0.0,0,2.855294704437256
MBKVuyos.jpg,,test,page,280,260,0.9,0.0,0.0,0.0,0.08896709535395667,0.9197080291970803,0.0,20,6.260128498077393
dozYNIIq.jpg,,test,page,535,875,1.0,0.0,0.0,0.008,0.24505696068277952,1.4,0.00228310502283105,0,1.8930608034133911
hFzwSHJo.jpg,,test,page,500,800,0.986,0.0,0.0,0.0,0.11551474530831099,1.492,0.0,14,1.3356889486312866
DKYyzKJl.webp,,test,page,449,800,1.0,0.0801781737193764,0.004454342984409799,0.0,0.04261030321556982,1.7037861915367483,0.003672566371681416,21,1.1152764558792114
KrSZbpXE.webp,,test,page,675,1200,0.96,0.0,0.0,0.16583333333333333,0.07500313873195229,1.5733333333333333,0.0033333333333333335,17,3.655975580215454
lWLK4H0M.jpg,,test,page,386,686,1.0,0.0,0.0,0.02040816326530612,0.09959700633275763,1.6787564766839378,0.007791896427715176,5,3.650524139404297
YM3XRFaS.jpg,,test,page,678,1024,1.0,0.0,0.0,0.0,0.3056438974926254,1.5103244837758112,0.0031479779411764707,0,1.1936737298965454
VrkXL7CM.jpg,,test,page,505,674,0.996039603960396,0.0,0.0,0.13798219584569732,0.15411170197138407,1.3346534653465347,0.23156129152494992,0,4.380890846252441
L5aixmxr.jpg,,test,page,675,1200,0.9940740740740741,0.0,0.0,0.0,0.05449232385012202,1.7762962962962963,0.0,32,1.2933863401412964
mPJCe6hs.jpg,,test,page,400,600,0.8825,0.0,0.0,0.12333333333333334,0.0912280701754386,1.2907268170426065,0.47213333333333335,20,4.389199256896973
WcjGi7bD.jpg,,test,page,559,433,0.9391771019677997,0.0,0.0,0.0,0.03115296560289933,0.6905187835420393,0.0,0,7.839786529541016
R180IYOy.jpg,,test,page,1200,900,1.0,0.058333333333333334,0.004166666666666667,0.0,0.16106944444444443,0.75,0.0011703703703703704,0,1.6166391372680664
oRHEsOjD.jpg,,test,page,816,1123,1.0,0.0,0.0,0.0,0.09021157438932831,1.3762254901960784,0.0,0,4.333015441894531
a9Fj36gc.jpg,,test,page,409,610,1.0,0.0,0.0,0.0,0.41093430598420777,1.4914425427872862,0.0,0,2.953704595565796
ZiyyJUyV.jpg,,test,page,672,1200,0.9761904761904762,0.0,0.0,0.0,0.26821304563492065,1.7857142857142858,0.030912698412698413,15,0.4895675480365753
1yKxPNOF.jpg,,test,page,450,728,0.7977777777777778,0.0,0.0,0.1620879120879121,0.051375761544155324,1.8860103626943006,0.0,21,6.65597677230835
d8vlc36Q.jpg,,test,page,672,840,0.90625,0.0,0.0,0.0,0.05316909171075838,1.2962962962962963,0.000481859410430839,0,1.1726101636886597
bnfVNZsA.jpg,,test,page,570,977,1.0,0.0,0.0,0.0,0.15199596930470508,1.1912280701754385,0.0,0,0.9985083341598511
VznA3kbQ.jpg,,test,page,837,1200,0.8769414575866189,0.0011947431302270011,0.0011947431302270011,0.004166666666666667,0.10019354191736864,1.444043321299639,0.0,0,2.759249210357666
mVeOzpW4.jpg,,test,page,400,245,0.9575,0.0,0.0,0.0,0.30937755102040815,0.6125,0.0,0,7.561168193817139
AOijj7wu.jpg,,test,page,450,675,1.0,0.0,0.0,0.0,0.227790335980216,1.5777777777777777,0.00020945698277216316,1,2.3336234092712402
pqfcNQl2.jpg,,test,page,373,673,1.0,0.0,0.0,0.0,0.123157085436344,1.804289544235925,0.0,0,1.9750925302505493
ErQMK3aS.jpg,,test,page,484,376,0.9607438016528925,0.028925619834710745,0.026859504132231406,0.0398936170212766,0.05626318797256902,0.7768595041322314,0.007824863724283454,0,3.833113431930542
tZXzX4LT.jpg,,test,page,1015,1079,0.9743842364532019,0.0,0.0,0.008341056533827619,0.07051776640476266,1.0630541871921182,0.0,7,2.123487949371338
x6XqsJiB.jpg,,test,page,1024,768,0.8212890625,0.0,0.0,0.0,0.059975315812400176,0.7319587628865979,0.0,3,8.992443084716797
CAtOcJgM.webp,,test,page,675,1200,1.0,0.0,0.0,0.0,0.3692246913580247,1.7777777777777777,0.000611439842209073,0,1.129033088684082
0wyhwwt2.jpg,,test,page,267,475,1.0,0.0,0.0,0.00631578947368421,0.12035481963335305,1.7790262172284643,0.0,0,2.810657501220703
ldyaKhEA.jpg,,test,page,1024,358,0.9912109375,0.0,0.0,0.0782122905027933,0.12964549144553073,0.349609375,0.0,20,5.4628119468688965
NCCpBo66.jpg,,test,page,1200,849,1.0,0.0,0.0,0.08833922261484099,0.07451295541603209,0.7231686541737649,0.0,7,2.585563898086548
BWwQs87e.jpg,,test,page,803,850,1.0,0.0,0.0,0.0,0.11588748077063951,1.0585305105853051,0.0,1,1.7831065654754639
edJIl8Kh.jpg,,test,page,640,495,0.475,0.0,0.0,0.7353535353535353,0.04535448182433958,1.197674418604651,0.0,0,8.372916221618652
D5zDImAS.jpg,,test,page,1200,675,0.8783333333333333,0.019166666666666665,0.0,0.0,0.1003035165129028,0.6092057761732852,0.0,18,1.8276469707489014
0w9yioJV.png,,test,page,479,638,0.8935281837160751,0.0,0.0,0.0,0.11303073015704161,1.3110647181628392,0.0,29,4.052628040313721
Z9wTjC40.png,,test,page,842,595,0.8931116389548693,0.0,0.0,0.0,0.09734326034451786,0.7066508313539193,0.004325837335793123,2,3.8189375400543213
ML8Xiqip.jpg,,test,page,642,453,0.9968847352024922,0.0,0.0,0.0,0.0795217759072435,0.705607476635514,0.0,1,5.5025315284729
Pye0QO61.jpg,,test,page,300,245,1.0,0.0,0.0,0.0,0.18658503401360543,0.8166666666666667,0.0,0,5.825882911682129
HJRFkhWu.webp,,test,page,675,1200,0.9081481481481481,0.0,0.0,0.005833333333333334,0.06250389294585754,1.7670623145400592,0.007120315581854044,1,2.225926399230957
fJmQsHZ2.jpg,,test,page,675,1200,1.0,0.0,0.0,0.0016666666666666668,0.11568395061728395,1.7777777777777777,0.0,0,2.6816399097442627
hkcIa6sl.jpg,,test,page,932,570,0.8851931330472103,0.0,0.0,0.0,0.09543243302736137,0.7151819322459222,0.007833368348389807,0,5.37918758392334
CaBDFN2e.jpg,,test,page,945,1200,1.0,0.382010582010582,0.30264550264550266,0.0225,0.13504673721340388,1.2698412698412698,0.00015471167369901547,10,0.8440548181533813
ZRD0PMLB.jpg,,test,page,1200,1125,0.9658333333333333,0.043333333333333335,0.006666666666666667,0.0,0.1694037037037037,0.9375,0.0,6,1.836554765701294
rAHK0E32.jpg,,test,page,423,600,0.9574468085106383,0.002364066193853428,0.002364066193853428,0.0,0.1571513002364066,1.4184397163120568,0.0,0,4.182305812835693
fLQ84oD6.jpg,,test,page,799,1200,1.0,0.22903629536921152,0.22903629536921152,0.0,0.23337922403003755,1.5018773466833542,0.0,0,3.868957996368408
k6yv0IDG.png,,test,page,400,1200,0.5075,0.0,0.0,0.9058333333333334,0.08759077741180206,5.067264573991031,0.0,0,4.187563419342041
wKwx8cCl.jpg,,test,page,690,500,1.0,0.0,0.0,0.0,0.08309275362318841,0.7246376811594203,0.0,0,5.088468074798584
XHYDtihP.jpg,,test,page,1160,870,1.0,0.005172413793103448,0.0,0.0,0.4765525680142385,1.2105263157894737,0.0,4,2.104365348815918
Dhc3vAQj.jpg,,test,page,1200,900,1.0,0.025,0.025,0.0,0.2528574074074074,0.75,0.0008592592592592593,8,2.1790060997009277
CMo54J89.jpg,,test,page,634,634,1.0,0.0,0.0,0.0,0.43186668495405295,0.9069400630914827,0.00921640757881413,8,1.174989938735962
LoxzO9bz.png,,test,page,864,864,0.3148148148148148,0.0,0.0,0.4386574074074074,0.2639689300927086,1.3550488599348534,0.0,0,0.0
mNAn6g2p.jpg,,test,page,1200,900,0.64,0.0,0.0,0.0,0.09428024083196497,1.1083743842364533,0.0,22,1.654924988746643
2YSySWcS.jpg,,test,page,900,1200,1.0,0.0,0.0,0.0,0.18704444444444446,1.3333333333333333,1.4814814814814815e-05,3,1.982354760169983
WAwRYLGo.jpg,,test,page,396,500,1.0,0.0,0.0,0.002,0.07214299861358685,1.1590909090909092,0.0,0,12.047748565673828
BCm3HwjR.jpg,,test,page,375,640,1.0,0.06933333333333333,0.06933333333333333,0.0,0.22479583333333333,1.7066666666666668,0.0,0,2.660736322402954
WRwiRSHE.png,,test,page,461,694,0.9414316702819957,0.0,0.0,0.005763688760806916,0.1368157182418874,1.5054229934924077,0.0,2,8.27291202545166
zmwL3UBK.png,jawi,train,line,75,800,1.0,0.0,0.0,0.6675,0.2631077694235589,10.64,0.0,3,4.678531169891357
XvUUuTIf.png,bali,train,line,57,1200,0.9649122807017544,0.0,0.0,0.6858333333333333,0.13497118592659993,19.280701754385966,0.0,12,4.579087257385254
NQ0U6894.png,jawi,train,line,60,271,0.6166666666666667,0.0,0.0,0.6715867158671587,0.15243675595238096,6.095238095238095,0.0,1,7.1058831214904785
4a7LqZm5.png,jawa,train,line,94,673,0.9680851063829787,0.0,0.0,0.8736998514115899,0.12057800886790647,7.095744680851064,0.0,0,5.720392227172852
jY7HKXHU.png,jawa,train,line,56,525,1.0,0.0,0.0,0.015238095238095238,0.1426824154319262,9.125,0.0,1,3.8299124240875244
mSezCFIE.png,lontara,train,line,81,939,1.0,0.0,0.0,0.6208732694355698,0.1028630343405504,11.530864197530864,0.0,1,6.859005928039551
dWZoWlr6.png,jawi,train,line,76,799,1.0,0.0,0.0,0.6370463078848561,0.24361991250165715,10.447368421052632,0.0,3,4.800826549530029
muNHjvT1.png,jawi,train,line,64,291,0.59375,0.0,0.0,0.6597938144329897,0.1462624584717608,6.511627906976744,0.0,1,7.205733776092529
BnmVML2h.png,lontara,train,line,37,925,1.0,0.0,0.0,0.6118918918918919,0.15284947869217533,21.64864864864865,0.0,3,6.258152484893799
9dyJtrsn.png,lampung,train,line,44,522,0.7045454545454546,0.0,0.0,0.6743295019157088,0.12790917691579942,12.942857142857143,0.0,1,7.585134506225586
LBV0oWS1.png,lampung,train,line,37,102,0.6486486486486487,0.0,0.0,0.5980392156862745,0.14457831325301204,2.9642857142857144,0.0,0,3.8585445880889893
Z5Lj8agc.png,lontara,train,line,43,896,0.7906976744186046,0.0,0.0,0.6819196428571429,0.16457320986522417,21.512820512820515,0.0,0,6.064235687255859
TMsy6o0B.png,lontara,train,line,95,918,1.0,0.0,0.0,0.5392156862745098,0.10704047700951726,9.663157894736843,0.0,0,6.7804155349731445
aqLVKvZq.png,lampung,train,line,72,152,0.8194444444444444,0.0,0.0,0.6513157894736842,0.08170324427480916,2.046875,0.0,2,9.105162620544434
lKFokYuI.png,jawa,train,line,53,573,1.0,0.0,0.0,0.5497382198952879,0.2300498959125004,10.773584905660377,0.0,3,4.85860538482666
r04Xep33.png,bali,train,line,56,1200,0.9642857142857143,0.0,0.0,0.7008333333333333,0.11746136449302676,20.303571428571427,0.0,22,5.121419906616211
adLSFAug.png,lampung,train,line,37,135,1.0,0.0,0.0,0.674074074074074,0.19039935457845905,3.6216216216216215,0.0,2,3.7470180988311768
YD7hntCS.png,jawi,train,line,66,947,0.7424242424242424,0.0,0.0,0.7455121436114044,0.11806780325298843,17.5,0.0,4,7.276399612426758
ZXsmT0Fj.png,bali,train,line,42,1200,1.0,0.0,0.0,0.7033333333333334,0.14620069852627993,26.61904761904762,0.0,20,4.800529479980469
xuPX8psl.png,lontara,train,line,70,744,1.0,0.0,0.0,0.739247311827957,0.1268415937803693,10.5,0.0,3,6.323494911193848
RkH3Vfp4.png,jawa,train,line,56,618,1.0,0.0,0.0,0.8511326860841424,0.109531577720811,10.946428571428571,0.0,0,5.253256797790527
g4u9buSM.png,jawi,train,line,49,154,0.6326530612244898,0.0,0.0,0.45454545454545453,0.14183006535947712,3.9705882352941178,0.0,2,7.909669399261475
nmq6WURI.png,lampung,train,line,37,135,0.7027027027027027,0.0,0.0,0.7111111111111111,0.14661654135338345,4.433333333333334,0.0,0,3.8868138790130615
Uk7G5B6Y.png,lampung,train,line,81,373,0.7654320987654321,0.0,0.0,0.839142091152815,0.09942471731799246,5.0,0.0,0,7.897870063781738
nY2ugXgV.png,jawa,train,line,66,937,0.9090909090909091,0.0,0.0,0.847385272145144,0.12493769729190896,14.246153846153845,0.0,1,5.684299468994141
EdHsJlgR.png,jawa,train,line,65,933,1.0,0.0,0.0,0.6002143622722401,0.1746860706860707,14.23076923076923,0.0,0,5.38101863861084
UD0troHv.png,lontara,train,line,50,951,0.78,0.0,0.0,0.6855941114616193,0.17246576742284897,22.19047619047619,0.0,0,5.93205451965332
qPNhM6FV.png,jawa,train,line,91,921,1.0,0.0,0.0,0.7882736156351792,0.13510231562747974,10.043956043956044,0.0,3,5.370141983032227
sXydQMIE.png,bali,train,line,48,1200,1.0,0.0,0.0,0.6233333333333333,0.1224263600841599,23.104166666666668,0.0,20,5.295699596405029
rAKwhp69.png,jawi,train,line,66,777,1.0,0.0,0.0,0.7374517374517374,0.25722475722475724,11.772727272727273,0.0,7,4.705223560333252
ROJHaGXX.png,jawi,train,line,60,874,0.8,0.0,0.0,0.7196796338672768,0.1780668975574189,16.23076923076923,0.0,3,5.9043145179748535
yXw0zdtp.png,sunda,train,line,41,702,0.8536585365853658,0.0,0.0,0.4131054131054131,0.1997016523867809,18.105263157894736,0.0,1,5.621580123901367
63HJb3od.png,sunda,train,line,63,1137,0.7301587301587301,0.0,0.0,0.7273526824978013,0.16109769189479334,20.444444444444443,0.0,0,6.246098518371582
I2f3AdpP.png,jawa,train,line,76,909,0.9605263157894737,0.0,0.0,0.7821782178217822,0.1456985486973247,11.881578947368421,0.0,0,5.047451972961426
2gzej8LI.png,lontara,train,line,59,731,1.0,0.0,0.0,0.3378932968536252,0.22832194025657834,12.271186440677965,0.0,2,5.053678035736084
aB7DAFWh.png,sunda,train,line,71,822,0.7183098591549296,0.0,0.0,0.6618004866180048,0.12479169337264454,13.913793103448276,0.0,1,6.229733467102051
VCEnvgza.png,sunda,train,line,69,783,0.6231884057971014,0.0,0.0,0.4074074074074074,0.19624530663329162,16.27659574468085,0.0,1,6.280048370361328
9vAagRwJ.png,jawa,train,line,55,906,1.0,0.0,0.0,0.15894039735099338,0.3898655428456753,16.472727272727273,0.0,0,7.456552982330322
2HAs2PFB.png,jawa,train,line,93,981,0.8602150537634409,0.0,0.0,0.8756371049949032,0.10671128462539506,11.113636363636363,0.0,0,4.994443416595459
HDyDD40V.png,jawi,train,line,51,395,0.7843137254901961,0.0,0.0,0.739240506329114,0.24810218098566092,8.976744186046512,0.0,0,5.221622943878174
BERE0as8.png,bali,train,line,73,491,1.0,0.0,0.0,0.7169042769857433,0.12652246069027595,6.671232876712328,0.0,5,6.673455238342285
CxqhB2vV.png,bali,train,line,56,1200,0.9642857142857143,0.0,0.0,0.6666666666666666,0.1531444099378882,19.714285714285715,0.0,9,4.19064998626709
f18wyMjo.png,lampung,train,line,42,137,0.7857142857142857,0.0,0.0,0.5985401459854015,0.1865934065934066,3.7142857142857144,0.0,0,3.6639671325683594
C2ddQCGg.png,lampung,train,line,42,128,1.0,0.023809523809523808,0.023809523809523808,0.4453125,0.15980952380952382,2.9761904761904763,0.0,0,3.5828967094421387
4v7HlP24.png,jawa,train,line,51,697,1.0,0.0,0.0,0.0,0.23962274968466918,13.411764705882353,0.0,3,4.811936378479004
DX7h97mZ.png,jawi,train,line,96,789,1.0,0.0,0.0,0.6894803548795945,0.202475614927905,8.1875,0.0,8,5.163990020751953
cj8ZpPgo.png,bali,train,line,48,1200,1.0,0.0,0.0,0.6933333333333334,0.11460206834532374,23.166666666666668,0.0,14,5.4277849197387695
z4emnKC6.png,jawi,train,line,46,309,0.6739130434782609,0.0,0.0,0.598705501618123,0.17686939182452643,8.676470588235293,0.0,3,6.764015197753906
By0GQ8yc.png,sunda,train,line,42,177,0.7380952380952381,0.0,0.0,0.615819209039548,0.22865013774104684,5.0,0.0,0,5.829100131988525
HJKE5L4T.png,bali,train,line,63,1190,0.9523809523809523,0.0,0.0,0.7352941176470589,0.11574014544311574,17.634920634920636,0.0,3,7.081552505493164
V5Yi5RNT.png,lontara,train,line,47,932,0.9574468085106383,0.0,0.0,0.6609442060085837,0.15694645275310426,19.72340425531915,0.0,1,5.730032444000244
oV1rqiki.png,sunda,train,line,58,328,0.7931034482758621,0.0,0.0,0.6463414634146342,0.17405940594059405,6.06,0.0,1,6.181171894073486
a2VxfwzN.png,jawi,train,line,78,807,1.0,0.0,0.0,0.6059479553903345,0.29852564102564105,10.256410256410257,0.0,2,4.485126972198486
ODoFxn0s.png,jawa,train,line,60,879,0.9166666666666666,0.0,0.0,0.7519908987485779,0.15197971994205697,15.298245614035087,0.0,8,5.106482028961182
2fkdzLjc.png,lampung,train,line,75,289,0.88,0.0,0.0,0.8546712802768166,0.12021080368906456,3.9855072463768115,0.0,0,6.959315299987793
Mzb4wZCZ.png,jawa,train,line,76,875,1.0,0.0,0.0,0.8011428571428572,0.14249367698422258,11.5,0.0,0,5.279991149902344
eM3xPkcX.png,jawa,train,line,76,973,1.0,0.0,0.0,0.20246659815005139,0.4982690539297885,12.802631578947368,0.0,0,7.828112602233887
SzRbIeqA.png,lontara,train,line,54,866,0.9814814814814815,0.0,0.0,0.651270207852194,0.14465164465164465,15.88888888888889,0.0,0,6.022950172424316
CZfJ46lw.png,sunda,train,line,44,191,0.7727272727272727,0.0,0.0,0.4816753926701571,0.20857142857142857,5.142857142857143,0.0,0,5.8842034339904785
BUFPaVQZ.png,sunda,train,line,45,209,0.9333333333333333,0.0,0.0,0.6124401913875598,0.19554683894785418,4.4772727272727275,0.0,1,5.594354629516602
au9mLbd8.png,jawi,train,line,45,92,0.9333333333333333,0.0,0.0,0.5652173913043478,0.31166056166056166,2.1538461538461537,0.0,0,4.802737236022949
pRhmq7IU.png,jawi,train,line,47,297,0.6382978723404256,0.0,0.0,0.6026936026936027,0.165427904013591,8.147058823529411,0.0,2,6.969359397888184
G3r5EbvY.png,bali,train,line,58,1200,0.9310344827586207,0.0,0.0,0.72,0.11763070077864293,19.24137931034483,0.0,17,5.00791597366333
vt3NspUc.png,jawi,train,line,85,808,1.0,0.0,0.0,0.5148514851485149,0.27414094350611534,9.505882352941176,0.0,2,4.598509788513184
nATmZSax.png,sunda,train,line,39,246,0.7948717948717948,0.0,0.0,0.6626016260162602,0.22046146044624745,6.823529411764706,0.0,1,5.629300594329834
k0wsl0ON.png,jawi,train,line,80,798,1.0,0.0,0.0,0.7055137844611529,0.2356516290726817,9.975,0.0,4,4.857527732849121
Z0SqcnG4.png,sunda,train,line,56,124,0.6607142857142857,0.0,0.0,0.49193548387096775,0.29516329061595703,2.8780487804878048,0.0,0,5.186270713806152
jYTQSpdW.png,bali,train,line,75,1200,1.0,0.0,0.0,0.7291666666666666,0.13774571686203788,14.786666666666667,0.0,3,4.261711120605469
Bpn0oyj0.png,sunda,train,line,42,208,0.8333333333333334,0.0,0.0,0.41346153846153844,0.2114102564102564,4.875,0.0,0,5.653270721435547
j8Ca2MNo.png,bali,train,line,61,212,1.0,0.0,0.0,0.7641509433962265,0.1135545781687325,3.360655737704918,0.0,1,7.138525009155273
Q3Q4mo2P.png,jawi,train,line,67,727,0.9701492537313433,0.0,0.0,0.36451169188445665,0.042637056264570865,9.26865671641791,0.0,3,7.247738361358643
tU2GW1lZ.png,jawi,train,line,59,591,1.0,0.0,0.0,0.688663282571912,0.20060366844671465,9.898305084745763,0.0,5,5.246395111083984
lzSevp4g.png,sunda,train,line,58,124,0.9827586206896551,0.0,0.0,0.4596774193548387,0.2784679089026915,2.738095238095238,0.0,0,5.3530073165893555
JGiGPGjv.png,sunda,train,line,51,215,0.6862745098039216,0.0,0.0,0.6139534883720931,0.18907035175879397,4.975,0.0,0,6.192578315734863
qFKpeT4W.png,sunda,train,line,56,138,0.6607142857142857,0.0,0.0,0.47101449275362317,0.2924347158218126,2.9523809523809526,0.0,0,5.2694478034973145
LCP4Qoi4.png,lampung,train,line,38,121,0.8947368421052632,0.0,0.0,0.8016528925619835,0.13703176861071598,2.9210526315789473,0.0,0,4.319945335388184
ltmCbkwb.png,lampung,train,line,43,648,0.7209302325581395,0.0,0.0,0.7253086419753086,0.11241740715424926,17.914285714285715,0.0,0,7.629061222076416
b8z69zOQ.png,lontara,train,line,42,854,0.8095238095238095,0.0,0.0,0.6733021077283372,0.15450819672131147,19.825,0.0,0,6.128825664520264
gJDglhRM.png,jawa,train,line,78,923,1.0,0.0,0.0,0.26868905742145177,0.3215707564241766,11.807692307692308,0.0,0,7.523980140686035
TGQ7mHxT.png,bali,train,line,70,235,0.9142857142857143,0.0,0.0,0.8340425531914893,0.1595717234262126,3.3529411764705883,0.0,0,6.1306471824646
Cj6fhTfi.png,lontara,train,line,51,942,0.8627450980392157,0.0,0.0,0.60828025477707,0.16285242683797288,19.458333333333332,0.0,0,5.78162956237793
0qtTI1jU.png,jawa,train,line,48,775,1.0,0.0,0.0,0.7883870967741935,0.1682544897065265,15.854166666666666,0.0,0,4.981447219848633
vdWnn8ZJ.png,jawi,train,line,72,796,1.0,0.0,0.0,0.6896984924623115,0.2574813406562456,10.958333333333334,0.0,5,4.714491367340088
sYlUZjB3.png,jawa,train,line,83,923,0.963855421686747,0.0,0.0,0.7757313109425785,0.14778500640019002,11.0,0.0,0,5.034438133239746
AXMZdhYS.png,lontara,train,line,52,896,1.0,0.0,0.0,0.625,0.09240214083324588,14.096153846153847,0.0,0,7.885154724121094
BBsr7HcW.png,lontara,train,line,51,930,0.8823529411764706,0.0,0.0,0.6483870967741936,0.13028745303243355,19.638297872340427,0.0,3,6.486846446990967
wIBaPaG6.png,lontara,train,line,55,949,0.7090909090909091,0.0,0.0,0.6385669125395153,0.1421826992730997,21.651162790697676,0.0,0,6.681392669677734
Tp5c8NpO.png,jawa,train,line,73,914,0.9315068493150684,0.0,0.0,0.725382932166302,0.17819132087424772,12.885714285714286,0.0,0,4.694822311401367
GUNVgR19.png,sunda,train,line,62,1196,0.7580645161290323,0.0,0.0,0.7483277591973244,0.17301470352692444,22.22641509433962,0.0,0,6.020119667053223
vtF71dpN.png,lampung,train,line,38,116,0.7894736842105263,0.0,0.0,0.7758620689655172,0.13588516746411483,2.878787878787879,0.0,0,5.636355876922607
Zm5B81LE.png,lampung,train,line,37,120,0.7837837837837838,0.0,0.0,0.65,0.18239372927343986,3.4516129032258065,0.0,0,3.816638231277466
Non9xPbi.png,lontara,train,line,40,943,1.0,0.0,0.0,0.5970307529162248,0.15332261521972132,23.325,0.0,1,5.829537391662598
VwGQA44N.png,lampung,train,line,87,272,0.7701149425287356,0.0,0.0,0.7757352941176471,0.08620027434842249,3.24,0.0,0,8.813383102416992
v7sgUN1H.png,lontara,train,line,56,940,0.75,0.0,0.0,0.65,0.14355841371918543,18.66,0.0,0,6.239359378814697
4RJXJvVO.png,jawa,train,line,58,817,0.9482758620689655,0.0,0.0,0.6940024479804161,0.3126277340522677,13.672413793103448,0.0,4,4.28226900100708
f5Rqnzh1.png,sunda,train,line,37,130,0.8648648648648649,0.0,0.0,0.5153846153846153,0.2331064657267866,3.5588235294117645,0.0,0,5.427975654602051
ccgBy6Xg.png,jawa,train,line,73,642,1.0,0.0,0.0,0.004672897196261682,0.18681342728346972,8.575342465753424,0.0,3,2.9741311073303223
TMIIvH9S.png,jawi,train,line,55,482,0.6727272727272727,0.0,0.0,0.6161825726141079,0.14990287071012304,11.024390243902438,0.0,3,7.213009834289551
u2hfbgTK.png,jawa,train,line,76,912,0.9868421052631579,0.0,0.0,0.7730263157894737,0.23024847274436092,11.789473684210526,0.0,2,4.12459659576416
cWXhhLTH.png,jawi,train,line,58,945,0.8103448275862069,0.0,0.0,0.7502645502645503,0.12715498938428874,18.84,0.0,8,6.8870038986206055
PnJm72Pb.png,sunda,train,line,42,175,0.7380952380952381,0.0,0.0,0.4685714285714286,0.22427871529667937,5.0606060606060606,0.0,0,5.9216437339782715
cszzH9hp.png,jawi,train,line,87,826,1.0,0.0,0.0,0.7130750605326877,0.19126827837600033,9.459770114942529,0.0,6,5.257378101348877
TbERKONw.png,lontara,train,line,42,936,0.9285714285714286,0.0,0.0,0.6047008547008547,0.14660446619761394,22.238095238095237,0.0,2,5.933116436004639
KhUAQ5qF.png,jawa,train,line,96,668,1.0,0.0,0.0,0.0014970059880239522,0.34345371756487025,6.958333333333333,0.0,1,7.704226970672607
Tm9OdQXS.png,lampung,train,line,40,99,0.75,0.0,0.0,0.7474747474747475,0.1553030303030303,2.6666666666666665,0.0,0,4.846391677856445
2nQQobQf.png,lampung,train,line,87,234,0.8505747126436781,0.0,0.0,0.6794871794871795,0.1234949058351343,2.5949367088607596,0.0,1,7.0510687828063965
HebWPR5D.png,jawi,train,line,85,688,1.0,0.0,0.0,0.7078488372093024,0.16211277410372432,7.952941176470588,0.0,7,5.61191463470459
bKCmBert.png,lampung,train,line,40,844,0.825,0.0,0.0,0.8151658767772512,0.110622009569378,21.710526315789473,0.0,0,7.147818565368652
IilOTwi9.png,bali,train,line,61,1200,0.9016393442622951,0.0,0.0,0.7258333333333333,0.11376544033690704,19.372881355932204,0.0,13,5.398870944976807
WfmnDtRN.png,sunda,train,line,39,173,0.8205128205128205,0.0,0.0,0.7861271676300579,0.23623693379790942,4.685714285714286,0.0,0,5.347442626953125
YUnQJDOQ.png,lampung,train,line,43,144,0.7441860465116279,0.0,0.0,0.8680555555555556,0.15223880597014924,3.8285714285714287,0.0,0,4.674724102020264
km0czfzY.png,sunda,train,line,65,155,0.6615384615384615,0.0,0.0,0.432258064516129,0.1826382727003845,2.816326530612245,0.0,4,6.6246657371521
6shJrnnF.png,jawa,train,line,73,942,0.9726027397260274,0.0,0.0,0.8545647558386412,0.12681809561322888,12.863013698630137,0.0,0,5.003688812255859
FbkL6zeW.png,jawi,train,line,64,561,0.6875,0.0,0.0,0.7914438502673797,0.16960369674185463,11.083333333333334,0.0,3,6.5383195877075195
z93c8GUg.png,bali,train,line,79,375,0.810126582278481,0.0,0.0,0.6533333333333333,0.13279808047249908,4.180555555555555,0.0,0,7.353766918182373
lQ2W2RnL.png,lontara,train,line,54,945,0.8703703703703703,0.0,0.0,0.6,0.1521283422459893,18.7,0.0,0,5.989716053009033
fiFlK8a2.png,jawa,train,line,47,355,1.0,0.0,0.0,0.16338028169014085,0.40701228648486665,7.553191489361702,0.0,1,7.4795966148376465
Obz43fp1.png,lampung,train,line,42,100,0.9523809523809523,0.0,0.0,0.39,0.1482919254658385,2.1904761904761907,0.0,0,4.380590438842773
M8UhFbf6.png,lampung,train,line,112,304,1.0,0.0,0.0,0.7401315789473685,0.06893977103036336,2.5625,0.0,2,8.83158016204834
ojFD6pZm.png,jawi,train,line,68,840,0.8676470588235294,0.0,0.0,0.819047619047619,0.11012987012987013,13.095238095238095,0.0,2,7.125061511993408
lwSlyHKB.png,bali,train,line,74,161,0.7567567567567568,0.0,0.0,0.6086956521739131,0.1373587570621469,2.440677966101695,0.0,0,7.3690595626831055
9H7mzKdA.png,bali,train,line,56,1200,1.0,0.0,0.0,0.665,0.11908442705704189,20.214285714285715,0.0,23,5.116361141204834
3s4DI3By.png,sunda,train,line,76,827,0.6578947368421053,0.0,0.0,0.7617896009673518,0.13757964563149166,14.105263157894736,0.0,0,7.124111175537109
MYzLfnpF.png,bali,train,line,68,188,0.7205882352941176,0.0,0.0,0.723404255319149,0.1687363834422658,3.1481481481481484,0.0,1,7.584413051605225
k2FvNHaO.png,lampung,train,line,30,134,1.0,0.0,0.0,0.7686567164179104,0.16612903225806452,4.133333333333334,0.0,1,3.406562089920044
nSffF8XA.png,jawa,train,line,61,585,1.0,0.0,0.0,0.0017094017094017094,0.18611546685673558,9.426229508196721,0.0,3,3.0589208602905273
hhwxutSL.png,jawa,train,line,46,595,1.0,0.0,0.0,0.0,0.23479754967876887,12.652173913043478,0.0,1,2.8541617393493652
0X1noIHO.png,lontara,train,line,49,931,0.9795918367346939,0.0,0.0,0.6970998925886144,0.16366072801564113,18.959183673469386,0.0,0,5.650100231170654
hj9MdB5L.png,sunda,train,line,44,314,0.7045454545454546,0.0,0.0,0.42038216560509556,0.19308213716108452,9.212121212121213,0.0,0,6.240657806396484
SBmp4ejo.png,jawi,train,line,75,210,0.5733333333333334,0.0,0.0,0.44285714285714284,0.18350480688143025,2.4693877551020407,0.0,0,6.081766605377197
gYMNzfMo.png,jawa,train,line,49,467,1.0,0.0,0.0,0.010706638115631691,0.1444522636640863,8.877551020408163,0.0,3,4.156705379486084
IeiK43RB.png,sunda,train,line,42,244,0.6428571428571429,0.0,0.0,0.7459016393442623,0.2427112623945538,8.03448275862069,0.0,1,5.969613552093506
GPCSlj46.png,sunda,train,line,54,157,0.6296296296296297,0.0,0.0,0.6942675159235668,0.3162426614481409,4.171428571428572,0.0,1,5.42521333694458
alGxFTl1.png,jawa,train,line,81,1007,1.0,0.0,0.0,0.8857994041708044,0.13081244917572263,12.37037037037037,0.0,0,4.888763427734375
hcpkttpU.png,sunda,train,line,44,437,0.7954545454545454,0.0,0.0,0.36613272311212813,0.222,10.625,0.0,0,5.458799362182617
fhztY2U3.png,lontara,train,line,36,687,0.9444444444444444,0.0,0.0,0.6593886462882096,0.19408945686900958,18.41176470588235,0.0,0,5.639945983886719
48uWCL2y.png,lontara,train,line,51,931,0.803921568627451,0.0,0.0,0.6874328678839957,0.16131609870740304,20.108695652173914,0.0,0,5.892202854156494
1loLOIK0.png,jawi,train,line,89,819,1.0,0.02247191011235955,0.011235955056179775,0.28083028083028083,0.24685768253218704,9.089887640449438,0.0,7,4.701919078826904
305fGZ3w.png,jawi,train,line,71,189,1.0,0.014084507042253521,0.014084507042253521,0.4497354497354497,0.18486943164362518,2.657142857142857,0.0,0,5.168181896209717
k9F7RsAo.png,jawi,train,line,66,530,1.0,0.0,0.0,0.28867924528301886,0.13344988344988346,7.878787878787879,0.0,1,6.204970836639404
BJ5K7OU4.png,sunda,train,line,50,803,0.7,0.0,0.0,0.6313823163138231,0.1644536213468869,19.675,0.0,1,6.450056552886963
MICLdVDB.png,lontara,train,line,51,940,0.7647058823529411,0.0,0.0,0.6436170212765957,0.12897463379778493,20.733333333333334,0.0,1,6.6234564781188965
CCi8M4Wp.png,sunda,train,line,70,779,0.7285714285714285,0.0,0.0,0.55198973042362,0.19310086239220098,13.607142857142858,0.0,1,5.867701530456543
2Z5KwPmp.png,lampung,train,line,82,280,0.8902439024390244,0.0,0.0,0.7464285714285714,0.11135135135135135,3.453333333333333,0.0,2,7.2598557472229
smfsvzjh.png,sunda,train,line,67,452,0.7910447761194029,0.0,0.0,0.6482300884955752,0.2028262007327187,7.135593220338983,0.0,0,5.636809349060059
xXH0p0da.png,sunda,train,line,46,801,0.782608695652174,0.0,0.0,0.42946317103620474,0.18560991105463787,19.675,0.0,5,5.869914531707764
xhaFelwo.png,lampung,train,line,43,121,0.9302325581395349,0.0,0.0,0.5206611570247934,0.115656146179402,2.604651162790698,0.0,0,4.412209987640381
feyznHRD.png,jawa,train,line,111,1013,0.8288288288288288,0.0,0.0,0.8627838104639685,0.08658256880733944,9.100917431192661,0.0,1,5.121954441070557
Vu91eBay.png,jawi,train,line,63,424,1.0,0.0,0.0,0.6084905660377359,0.19066337226714586,6.73015873015873,0.0,7,5.357816696166992
wsmiptYu.png,jawi,train,line,78,434,0.7564102564102564,0.0,0.0,0.6981566820276498,0.14790849673202613,5.44,0.0,0,6.058052062988281
Sw1X3uZv.png,bali,train,line,46,1200,1.0,0.0,0.0,0.7116666666666667,0.14467430263362943,24.26086956521739,0.0,18,4.841302871704102
CkGqSZv5.png,jawa,train,line,60,354,1.0,0.0,0.0,0.0,0.13719512195121952,5.466666666666667,0.0,1,4.182185649871826
Pme1oSin.png,lampung,train,line,44,125,0.7954545454545454,0.0,0.0,0.84,0.13431578947368422,3.289473684210526,0.0,0,3.9906444549560547
dEu2ebLU.png,sunda,train,line,42,90,0.8809523809523809,0.0,0.0,0.6444444444444445,0.24675324675324675,2.3333333333333335,0.0,0,5.774557113647461
qkwpx4OH.png,jawa,train,line,81,823,1.0,0.0,0.0,0.7278250303766707,0.1507774604469831,10.08641975308642,0.0,1,5.200484275817871
lwmeawxL.png,jawi,train,line,71,424,1.0,0.0,0.0,0.7547169811320755,0.19856055649299217,5.76056338028169,0.0,1,5.292749404907227
OQL0J11R.png,lampung,train,line,60,814,0.5833333333333334,0.0,0.0,0.7702702702702703,0.09933665008291874,17.866666666666667,0.0,2,7.190303802490234
l21VSeGL.png,jawa,train,line,75,970,0.9866666666666667,0.0,0.0,0.8402061855670103,0.15480555555555556,12.8,0.0,0,4.532164573669434
wB8xUuXl.png,jawa,train,line,71,687,1.0,0.0,0.0,0.0,0.18309859154929578,9.67605633802817,0.0,0,5.4709882736206055
NUd1UDvM.png,lontara,train,line,51,975,1.0,0.0,0.0,0.5456410256410257,0.1099791872056085,17.54901960784314,0.0,1,6.9901251792907715
p7peNOxs.png,jawa,train,line,83,912,0.9879518072289156,0.0,0.0,0.7576754385964912,0.23460102814787265,10.927710843373495,0.0,1,4.775218486785889
6TFhEP5x.png,sunda,train,line,44,171,0.6136363636363636,0.0,0.0,0.7076023391812866,0.2734607218683652,5.233333333333333,0.0,1,5.748291015625
Fa9Sqkkj.png,jawi,train,line,36,201,0.6388888888888888,0.0,0.0,0.5174129353233831,0.1957615894039735,6.04,0.0,2,7.274515151977539
EVqXrTOD.png,pegon,train,line,71,893,1.0,0.0,0.0,0.4176931690929451,0.18343280019097635,12.464788732394366,0.0,2,5.577410697937012
j0jdzWTT.jpg,lampung,train,line,226,566,0.911504424778761,0.0,0.0,0.13250883392226148,0.04589343587849071,2.331858407079646,0.0032122559920929085,0,5.714848041534424
JbnV2aI4.png,pegon,train,line,50,122,0.66,0.0,0.0,0.7622950819672131,0.1455505279034691,2.6153846153846154,0.0,1,7.396294593811035
FzUde3i5.png,sunda,train,line,72,789,0.75,0.0,0.0,0.44106463878326996,0.16672927761695358,13.0,0.0,3,6.22445821762085
m8WqQXdM.png,lontara,train,line,53,943,0.8867924528301887,0.0,0.0,0.6659597030752916,0.15740064446831364,18.62,0.0,0,5.918740749359131
ARZUedyw.png,bali,train,line,60,1200,0.95,0.0,0.0,0.695,0.11210748792270532,18.4,0.0,15,5.273697853088379
GsMZInH1.png,jawa,train,line,56,119,0.5178571428571429,0.0,0.0,0.6974789915966386,0.316588785046729,3.34375,0.0,0,5.613138198852539
CaH8XW8B.png,sunda,train,line,62,984,0.8548387096774194,0.0,0.0,0.7276422764227642,0.1686033561033561,17.178571428571427,0.0,0,5.971724033355713
7tjVT2Zm.png,bali,train,line,52,1200,1.0,0.0,0.0,0.6908333333333333,0.14073741007194246,21.384615384615383,0.0,14,4.601346492767334
DHT1x9LC.png,lampung,train,line,43,136,0.8837209302325582,0.0,0.0,0.5882352941176471,0.16537037037037036,3.375,0.0,1,3.0788261890411377
meHehKb8.png,bali,train,line,57,1200,0.9298245614035088,0.0,0.0,0.7258333333333333,0.11911597677940435,20.214285714285715,0.0,15,4.962016582489014
ckJUAUBq.png,lontara,train,line,57,940,0.8070175438596491,0.0,0.0,0.6904255319148936,0.144796573875803,18.68,0.0,0,6.275564670562744
DogN51xa.png,bali,train,line,76,287,0.8289473684210527,0.0,0.0,0.7630662020905923,0.1237638597542703,3.971830985915493,0.0,2,6.94362211227417
dYxZEzBa.png,sunda,train,line,69,820,0.7536231884057971,0.0,0.0,0.7048780487804878,0.13583463609518848,14.175438596491228,0.0,2,6.816111087799072
8DzvCPeU.png,lampung,train,line,72,178,0.8055555555555556,0.0,0.0,0.7134831460674157,0.08089574627665273,2.5081967213114753,0.0,0,9.318000793457031
p8u8qu95.png,lampung,train,line,42,111,0.9285714285714286,0.0,0.0,0.6576576576576577,0.1272108843537415,2.5,0.0,0,4.651390075683594
MyFb4Qse.png,lontara,train,line,41,945,0.8780487804878049,0.0,0.0,0.6095238095238096,0.16322501028383382,23.974358974358974,0.0,2,5.7678422927856445
RTuj33f0.png,lontara,train,line,54,956,0.8518518518518519,0.0,0.0,0.6077405857740585,0.15781350482315112,18.66,0.0,0,5.961239337921143
RHf49ZhD.png,jawi,train,line,53,381,0.9433962264150944,0.0,0.0,0.33858267716535434,0.12314095449500555,6.415094339622642,0.0,0,5.843429088592529
7EGLeWm4.png,jawi,train,line,59,380,1.0,0.0,0.0,0.6263157894736842,0.17706553364429872,6.220338983050848,0.0,1,5.582021713256836
7Bl20NPI.png,lontara,train,line,41,933,0.975609756097561,0.0,0.0,0.6870310825294748,0.18030422239706267,22.682926829268293,0.0,1,5.4418864250183105
bo21nCpd.png,sunda,train,line,101,768,0.5346534653465347,0.0,0.0,0.7018229166666666,0.18513050104781864,12.482758620689655,0.0,2,6.0749101638793945
aWDmeZnl.png,pegon,train,line,89,582,0.9662921348314607,0.0,0.0,0.8195876288659794,0.12265427378081063,6.438202247191011,0.0,4,6.450681209564209
YxxPgU7l.png,jawi,train,line,49,302,0.5510204081632653,0.0,0.0,0.652317880794702,0.18261344997266266,9.516129032258064,0.0,1,6.646159648895264
rruEa7kF.png,jawi,train,line,47,414,0.7021276595744681,0.0,0.0,0.6376811594202898,0.2360461054837583,11.685714285714285,0.0,3,5.6656413078308105
oh2MaR6D.png,lontara,train,line,50,942,0.94,0.0,0.0,0.6326963906581741,0.15191285517422404,19.040816326530614,0.0,0,5.859580039978027
BB21DgRU.png,sunda,train,line,44,469,0.7727272727272727,0.0,0.0,0.43283582089552236,0.20085470085470086,11.692307692307692,0.0,0,5.669744491577148
7B9GsLot.png,sunda,train,line,54,689,0.6481481481481481,0.0,0.0,0.6777939042089985,0.19122826951482785,17.358974358974358,0.0,0,6.295591354370117
EvefOGy3.png,jawi,train,line,79,818,1.0,0.0,0.0,0.6748166259168704,0.2644462025316456,10.126582278481013,0.0,6,4.66144323348999
tcMpHtgF.png,jawi,train,line,76,811,1.0,0.0,0.0,0.2626387176325524,0.3736972381448671,10.631578947368421,0.0,3,4.241380214691162
6pvIX459.png,jawa,train,line,66,910,0.9242424242424242,0.0,0.0,0.7098901098901099,0.16735667433341853,13.892307692307693,0.0,1,4.478341102600098
BOgaZX5p.png,jawa,train,line,67,355,1.0,0.0,0.0,0.0,0.1087601763907734,5.253731343283582,0.0,0,4.234610557556152
uKajDrCg.png,sunda,train,line,44,156,0.9090909090909091,0.0,0.0,0.5512820512820513,0.21436781609195402,4.027777777777778,0.0,0,5.870875358581543
BpMwF2nb.png,lontara,train,line,37,896,1.0,0.0,0.0,0.6595982142857143,0.1831831831831832,22.864864864864863,0.0,0,5.56951379776001
yvslca8v.png,jawa,train,line,59,945,0.864406779661017,0.0,0.0,0.8391534391534392,0.12976694915254236,17.48148148148148,0.0,0,5.260689735412598
vVc2WZn3.png,jawi,train,line,65,242,0.676923076923077,0.0,0.0,0.78099173553719,0.13403392330383482,4.708333333333333,0.0,0,7.2902607917785645
63nSwhQm.png,lampung,train,line,42,140,1.0,0.0,0.0,0.4142857142857143,0.15153061224489797,3.3333333333333335,0.0,1,3.6322784423828125
uRe54tg1.png,,test,line,75,849,1.0,0.0,0.0,0.03415783274440518,0.3380929866036249,11.28,0.0,0,1.4038947820663452
oJMW3lXi.png,,test,line,59,847,1.0,0.05084745762711865,0.03389830508474576,0.41086186540731995,0.13227223943462324,14.186440677966102,0.0,1,2.539673089981079
vdHe3qEg.png,,test,line,30,594,1.0,0.0,0.0,0.5134680134680135,0.20411840411840412,17.266666666666666,0.0,0,3.5939197540283203
9zGlcdIa.png,,test,line,38,130,0.8157894736842105,0.0,0.0,0.7538461538461538,0.17173479561316052,3.4705882352941178,0.0,0,3.9731767177581787
ZiZ0rzRd.png,,test,line,84,804,1.0,0.0,0.0,0.0,0.27373330894457654,9.297619047619047,0.0,1,2.3654589653015137
svxunifc.png,,test,line,42,939,1.0,0.0,0.0,0.32055378061767836,0.4161472616969999,13.642857142857142,0.13500967117988394,1,3.488725185394287
xLY3M8f5.png,,test,line,92,813,1.0,0.0,0.0,0.3148831488314883,0.2574469222953099,8.83695652173913,0.0,8,1.2205199003219604
fkJRTTfO.png,,test,line,85,820,1.0,0.0,0.0,0.4573170731707317,0.20662759568772157,9.564705882352941,0.0,6,5.203490257263184
Zi7kJrQs.png,,test,line,49,118,0.673469387755102,0.0,0.0,0.2966101694915254,0.3380414312617702,3.2777777777777777,0.0,0,1.2827773094177246
10YNnodr.png,,test,line,42,146,1.0,0.0,0.0,0.4246575342465753,0.39025297619047616,3.0476190476190474,0.0,2,2.9827518463134766
01eMwHuH.png,,test,line,78,793,1.0,0.0,0.0,0.5636822194199244,0.2923012254664209,10.166666666666666,0.0,2,4.530358791351318
ak3GwgIz.png,,test,line,76,794,1.0,0.0,0.0,0.3022670025188917,0.3119755911517925,9.986842105263158,0.0002644802962179318,0,1.6470574140548706
yhu5vLZ2.png,,test,line,42,155,0.9523809523809523,0.0,0.0,0.38064516129032255,0.10782312925170068,3.3333333333333335,0.0,1,5.6956586837768555
QKQTTMjT.png,,test,line,44,171,0.9090909090909091,0.0,0.0,0.5555555555555556,0.17768959435626103,3.857142857142857,0.0,0,5.884593486785889
StrB0qdK.png,,test,line,78,386,1.0,0.0,0.0,0.10621761658031088,0.3559851202338249,4.948717948717949,0.0,2,0.869821310043335
wBQ3yw10.png,,test,line,63,412,0.9523809523809523,0.0,0.0,0.1383495145631068,0.17937672216400824,6.492063492063492,0.012135922330097087,3,1.846754789352417
yH8kDyOL.png,,test,line,31,140,1.0,0.0,0.0,0.5928571428571429,0.18676951846657316,4.451612903225806,0.0,1,2.9001123905181885
xDkXQvEj.png,,test,line,47,623,0.7446808510638298,0.0,0.0,0.47030497592295345,0.19936857374461367,15.41025641025641,0.0,4,5.851866245269775
CXBUMBFn.png,,test,line,92,809,1.0,0.0,0.0,0.4932014833127318,0.23521847420001082,8.728260869565217,0.0,8,4.888502597808838
3TzdfqFP.png,,test,line,44,1200,1.0,0.0,0.0,0.6025,0.1496738687321647,25.34090909090909,0.0,9,4.577301979064941
tFNYQUUg.png,,test,line,80,791,1.0,0.0,0.0,0.5018963337547409,0.14444444444444443,7.2,0.13333333333333333,4,2.0839622020721436
08ir1p0K.png,,test,line,70,183,0.8714285714285714,0.0,0.0,0.6666666666666666,0.1285034373347435,2.540983606557377,0.0,0,6.365091800689697
Qs5gOQRU.png,,test,line,77,886,1.0,0.0,0.0,0.15688487584650113,0.2399132190315485,11.194805194805195,0.0,1,2.2396788597106934
0PyAzQHo.png,,test,line,42,826,0.9523809523809523,0.07142857142857142,0.0,0.589588377723971,0.09790312188836174,19.357142857142858,0.0,1,3.13309383392334
yGGznWQt.png,,test,line,39,84,0.9487179487179487,0.0,0.0,0.3333333333333333,0.2070275403608737,2.076923076923077,0.0,0,4.2420477867126465
pqtG762h.png,,test,line,53,815,1.0,0.0,0.0,0.596319018404908,0.24069543123323767,15.132075471698114,0.0,0,2.602769374847412
YpqYLMls.png,,test,line,42,113,0.8571428571428571,0.0,0.0,0.18584070796460178,0.4617676266137041,2.789473684210526,0.0,1,3.08843994140625
WBPdHXL5.png,,test,line,65,573,1.0,0.0,0.0,0.06108202443280977,0.2835203460862512,8.753846153846155,0.0,1,1.1851519346237183
IBmEBKAa.png,,test,line,43,1200,1.0,0.23255813953488372,0.0,0.19916666666666666,0.17681775259678942,29.416666666666668,0.0,0,2.0241525173187256
Z7BTkpZi.png,,test,line,49,828,1.0,0.20408163265306123,0.0,0.1388888888888889,0.3238200823566677,18.78048780487805,0.0,1,1.6032915115356445
tQWUm1oA.png,,test,line,81,640,1.0,0.0,0.0,0.4671875,0.19273301737756715,7.814814814814815,0.0,3,6.847701072692871
BjCddVpD.png,,test,line,36,143,1.0,0.0,0.0,0.3776223776223776,0.3791763791763792,3.9722222222222223,0.0,0,3.273474931716919
C2rmpLAR.png,,test,line,41,1200,1.0,0.0,0.0,0.23333333333333334,0.22088442300030986,26.878048780487806,0.0,18,2.3655588626861572
l59U3nzg.png,,test,line,52,487,1.0,0.0,0.0,0.2053388090349076,0.2945188071840054,8.73076923076923,0.0,3,3.4279332160949707
Ky0oQWpj.png,,test,line,40,827,1.0,0.0,0.0,0.42563482466747277,0.2523111979166667,19.2,0.0,1,3.865349769592285
3PuR8UUd.png,,test,line,60,149,0.7333333333333333,0.0,0.0,0.6040268456375839,0.1558677685950413,2.42,0.0,0,4.852386951446533
G4lDbpor.png,,test,line,70,407,0.5571428571428572,0.0,0.0,0.8427518427518428,0.16553369111508645,9.069767441860465,0.0,2,6.272993087768555
87cOoBaA.png,,test,line,106,976,1.0,0.0,0.0,0.4733606557377049,0.3023440508278783,7.39622641509434,0.0007589556769884638,0,1.8502824306488037
Whk8ayUq.png,,test,line,50,702,0.7,0.0,0.0,0.6538461538461539,0.18406125921724334,16.78048780487805,0.0,1,6.0913519859313965
TSJUX46n.png,,test,line,88,897,1.0,0.0,0.0,0.10925306577480491,0.20480502999538533,8.954545454545455,0.0,0,1.642922043800354
0G6K6Mgx.png,,test,line,72,928,0.75,0.0,0.0,0.33405172413793105,0.4406470722260196,16.210526315789473,0.0,1,2.046921730041504
0N0MItKu.png,,test,line,64,263,0.78125,0.0,0.0,0.6539923954372624,0.2254107181289906,4.962264150943396,0.0,0,2.0331926345825195
EVa764br.png,,test,line,100,670,1.0,0.0,0.0,0.3716417910447761,0.20393393393393394,6.66,0.0,2,7.412482261657715
Mgzl4MJw.png,,test,line,55,194,0.9636363636363636,0.0,0.0,0.5670103092783505,0.1683752417794971,3.418181818181818,0.0,2,1.4711633920669556
JNjLmV4a.png,,test,line,42,949,0.8809523809523809,0.21428571428571427,0.0,0.0,0.028316280739544068,17.194444444444443,0.0,1,2.421480655670166
FTIQOELb.png,,test,line,57,938,1.0,0.05263157894736842,0.0,0.0,0.09210032956406765,15.596491228070175,0.0,1,3.2097301483154297
B2HKyGTf.png,,test,line,72,190,1.0,0.0,0.0,0.2631578947368421,0.20373159303882196,2.3055555555555554,0.0,0,4.305062294006348
MbkiEXjb.png,,test,line,59,299,0.9152542372881356,0.0,0.0,0.47491638795986624,0.08224713242961418,4.892857142857143,0.0,2,7.249420166015625
qjtA37ao.png,,test,line,58,198,0.9655172413793104,0.0,0.0,0.6212121212121212,0.15262139338494018,3.3793103448275863,0.0,4,6.257903099060059
Ug2YwR91.png,,test,line,39,108,0.8205128205128205,0.0,0.0,0.7037037037037037,0.1448685857321652,2.764705882352941,0.0,0,3.760754346847534
aBQT6TJI.png,,test,line,50,949,0.98,0.0,0.0,0.530031612223393,0.3709929447417018,17.591836734693878,0.006787330316742082,0,3.5088493824005127
pgv16KNB.png,,test,line,66,669,1.0,0.0,0.0,0.452914798206278,0.14755664755664755,10.090909090909092,0.0,0,1.4381427764892578
l231HyFQ.png,,test,line,82,170,0.6829268292682927,0.0,0.0,0.5647058823529412,0.1480376766091052,2.6530612244897958,0.0,0,7.269328594207764
KWPvaaiz.png,,test,line,68,850,1.0,0.0,0.0,0.2223529411764706,0.19570545609548168,12.176470588235293,0.0,0,1.787276029586792
6nVTYWdq.png,,test,line,81,360,0.7654320987654321,0.0,0.0,0.8527777777777777,0.11340614118391897,4.875,0.0,0,7.118529319763184
7dSHxdbK.png,,test,line,72,941,1.0,0.0,0.0,0.0,0.1870756172839506,10.0,0.0,1,4.0369977951049805
WNT3Tnrb.png,,test,line,58,945,1.0,0.0,0.0,0.653968253968254,0.10128836680560818,15.689655172413794,0.0,0,1.7271862030029297
I29sCR8B.png,,test,line,43,152,0.9069767441860465,0.0,0.0,0.5526315789473685,0.17821138211382115,3.658536585365854,0.0,1,3.6953604221343994
YIMADrYw.png,,test,line,72,162,0.7222222222222222,0.0,0.0,0.691358024691358,0.15968219348808227,2.673469387755102,0.0,1,7.5205864906311035
QfVxUOA8.png,,test,line,39,375,1.0,0.0,0.0,0.4106666666666667,0.4524196460816179,7.282051282051282,0.1819148936170213,0,2.543863296508789
gebXt5nB.png,,test,line,85,285,0.9176470588235294,0.0,0.0,0.5684210526315789,0.1290864197530864,3.0864197530864197,0.0,0,1.0151664018630981
eKyhXzpC.png,,test,line,52,1200,1.0,0.0,0.0,0.635,0.1235279939398113,21.48076923076923,0.0,14,5.288098335266113
BqEBJVOi.png,,test,line,95,663,1.0,0.0,0.0,0.0,0.3910183931841707,6.957894736842105,0.0,2,2.06480073928833
Cs3YLT81.png,,test,line,67,519,1.0,0.014925373134328358,0.014925373134328358,0.03468208092485549,0.2562034547758104,7.208955223880597,0.0009049773755656109,1,2.9756367206573486
OTGZSY5w.png,,test,line,62,860,1.0,0.0,0.0,0.1941860465116279,0.14300363170262764,12.17741935483871,0.05494186046511628,1,1.888903260231018
zLGTidae.png,,test,line,45,205,0.7777777777777778,0.0,0.0,0.4585365853658537,0.178125,4.8,0.0,0,6.124362468719482
S3sYitMU.png,,test,line,104,814,1.0,0.0,0.0,0.07371007371007371,0.30246810738766183,7.769230769230769,0.0,0,1.0613652467727661
XMe2g54q.png,,test,line,65,822,1.0,0.0,0.0,0.2761557177615572,0.4640931717854795,12.6,0.0,0,2.0284759998321533
loTQb3H7.png,,test,line,38,89,0.8947368421052632,0.0,0.0,0.0,0.33056057866184446,2.257142857142857,0.0,0,3.7435686588287354
jDvkwspJ.png,,test,line,48,886,0.9791666666666666,0.0,0.0,0.6038374717832957,0.14934995737425405,16.291666666666668,0.0,1,6.23097562789917
ipee2D8y.png,,test,line,61,1049,1.0,0.0,0.0,0.2221163012392755,0.48182466143977193,10.180327868852459,0.004515209125475285,1,2.081207513809204
LWZ0IOje.png,,test,line,81,791,1.0,0.0,0.0,0.5979772439949431,0.14958405518877496,9.765432098765432,0.0,1,1.5334930419921875
RUb8zlTE.png,,test,line,85,255,0.8823529411764706,0.0,0.0,0.6274509803921569,0.23047236801481938,3.1139240506329116,0.0,2,4.148578643798828
yNa3HysK.png,,test,line,40,144,1.0,0.0,0.0,0.0,0.18731884057971016,3.45,0.0,0,2.5528125762939453
pkr1vakn.png,,test,line,36,147,1.0,0.0,0.0,0.7551020408163265,0.21168582375478928,4.027777777777778,0.0,0,2.7641496658325195
5IMxeqAJ.png,,test,line,77,342,1.0,0.0,0.0,0.0029239766081871343,0.11078798502111385,4.233766233766234,0.0,0,4.112067699432373
G9emTgSa.png,,test,line,78,197,0.7051282051282052,0.0,0.0,0.4720812182741117,0.14744281927947384,2.737704918032787,0.0,1,7.159832000732422
OnWsj9bp.png,,test,line,36,135,0.8888888888888888,0.0,0.0,0.0,0.2026232473993668,4.0606060606060606,0.0,0,3.357693910598755
J7G57bTW.png,,test,line,53,938,1.0,0.0,0.0,0.39232409381663114,0.3799885648942253,15.566037735849056,0.0,0,2.8081741333007812
9QpMUepB.png,,test,line,61,877,1.0,0.0,0.0,0.314709236031927,0.17883755588673622,13.524590163934427,0.0,1,1.5222266912460327
1hZMcGvT.png,,test,line,52,568,1.0,0.23076923076923078,0.0,0.1056338028169014,0.2579257538607132,13.829268292682928,0.0,0,1.9604026079177856
mqFxina4.png,,test,line,50,885,1.0,0.0,0.0,0.7028248587570621,0.14665832290362954,15.98,0.0,2,4.851190567016602
5MKxqZuH.png,,test,line,74,962,1.0,0.0,0.0,0.07484407484407485,0.1864359161656459,13.0,0.0,0,1.9387435913085938
Sto0xADH.png,,test,line,43,682,1.0,0.0,0.0,0.30058651026392963,0.08176295321750571,13.976744186046512,0.0,0,0.7358502149581909
2vGITeza.png,,test,line,42,137,0.9285714285714286,0.0,0.0,0.4306569343065693,0.22944896115627822,3.292682926829268,0.0,0,2.3702940940856934
8I2L3o6S.png,,test,line,51,1200,1.0,0.0,0.0,0.059166666666666666,0.14695340501792115,21.88235294117647,0.0,0,3.254171133041382
NiDKo5Nd.png,,test,line,43,939,1.0,0.0,0.0,0.49307774227902024,0.27588685250782896,21.069767441860463,0.0,3,2.1268413066864014
hzd4Ktmp.png,,test,line,67,559,1.0,0.0,0.0,0.8318425760286225,0.24757324261708555,9.163934426229508,0.0,0,4.206195831298828
zBEwedW3.png,,test,line,79,349,0.9493670886075949,0.0,0.0,0.4498567335243553,0.2924799873812059,4.063291139240507,0.0,0,2.0025296211242676
qi2VSDd6.png,,test,line,93,272,0.6666666666666666,0.0,0.0,0.15073529411764705,0.18105735864462136,1.0289855072463767,0.15012254901960784,2,1.26219642162323
CnD6r3Nc.png,,test,line,50,704,0.7,0.0,0.0,0.640625,0.1985461338531514,19.0,0.0,4,6.24450159072876
AWadd36B.png,,test,line,69,836,1.0,0.0,0.0,0.08492822966507177,0.20283890976322538,10.565217391304348,0.0,0,3.442307472229004
ro26fXD7.png,,test,line,40,124,0.775,0.0,0.0,0.8387096774193549,0.1553475935828877,3.235294117647059,0.0,0,3.2826778888702393
1bbYyX22.png,,test,line,40,1200,1.0,0.0,0.0,0.22583333333333333,0.3577108963093146,28.45,0.0,3,2.3428096771240234
K63EPQQq.png,,test,line,45,109,1.0,0.0,0.0,0.28440366972477066,0.2694736842105263,2.111111111111111,0.0,0,1.1383428573608398
USzzfXaO.png,,test,line,75,785,0.9066666666666666,0.0,0.0,0.0,0.36123382159187784,11.161764705882353,0.0,3,2.7570605278015137
d1ToAyba.png,,test,line,52,1200,1.0,0.07692307692307693,0.019230769230769232,0.6875,0.0512415701867228,19.725490196078432,0.0,1,2.25443172454834
SSysKnwZ.png,,test,line,56,830,1.0,0.0,0.0,0.7120481927710843,0.11065840938722295,13.696428571428571,0.0,0,6.94791841506958
70y7dEjo.png,,test,line,88,356,0.8977272727272727,0.0,0.0,0.800561797752809,0.11215282673057944,4.219512195121951,0.0,0,1.7158300876617432
c8jZaveK.png,,test,line,64,856,1.0,0.0,0.0,0.4252336448598131,0.15668293450881612,12.40625,0.0,0,2.1092894077301025
RCAhhZd5.png,,test,line,47,929,0.7872340425531915,0.0,0.0,0.7147470398277718,0.1822390349716946,22.48780487804878,0.0,0,5.692728519439697
EpFBZRyY.png,,test,line,76,239,0.8289473684210527,0.0,0.0,0.3138075313807531,0.2806915306915307,3.5454545454545454,0.021929824561403508,0,2.712062120437622
vNdb2CIb.png,,test,line,57,539,0.9473684210526315,0.0,0.0,0.7198515769944341,0.17221289621803101,9.350877192982455,0.0,2,3.2661798000335693
HGqtBqjD.png,,test,line,53,1004,1.0,0.4528301886792453,0.0,1.0,0.06452045606975185,33.13333333333333,0.0,0,2.0470705032348633
7yw3UO3l.png,,test,line,30,829,1.0,0.0,0.0,0.17490952955367914,0.1867003367003367,26.4,0.0,0,1.9596785306930542
t82u4xu2.png,,test,line,44,483,1.0,0.0,0.0,0.3188405797101449,0.4725331201461855,9.045454545454545,0.007513148009015778,0,3.327009916305542
tcTkCXgy.png,,test,line,62,130,0.8225806451612904,0.0,0.0,0.8615384615384616,0.19006568144499178,2.1724137931034484,0.0,0,5.652315616607666
yAkija0y.png,,test,line,80,193,0.975,0.0,0.0,0.7305699481865285,0.10111111111111111,2.25,0.0,4,7.749024391174316
fjnGrtEu.png,,test,line,224,920,0.6830357142857143,0.0,0.0,0.0,0.20051082134695525,4.971098265895954,0.0,0,2.2884674072265625
FGZEAU1U.png,,test,line,38,151,1.0,0.0,0.0,0.4900662251655629,0.2119487908961593,3.8947368421052633,0.0,0,1.3519890308380127
1ZVk0eST.png,,test,line,36,135,0.9166666666666666,0.0,0.0,0.7851851851851852,0.18545127974854064,3.8529411764705883,0.0,0,3.8264174461364746
Wcg5HVar.png,,test,line,43,133,0.9767441860465116,0.0,0.0,0.3684210526315789,0.3369470187095646,3.0930232558139537,0.0,0,3.187730312347412
F9izBJpz.png,,test,line,59,132,0.8135593220338984,0.0,0.0,0.38636363636363635,0.4899236641221374,2.62,0.00808080808080808,0,3.2551119327545166
fLvo3NSl.png,,test,line,75,787,1.0,0.28,0.0,0.0,0.22487219332027114,13.666666666666666,0.0,0,1.764209508895874
5tEuNxV2.png,,test,line,82,832,1.0,0.0,0.0,0.0,0.28338230972671175,10.121951219512194,0.0,2,1.2767035961151123
reA9BLpu.png,,test,line,47,234,1.0,0.0,0.0,0.38461538461538464,0.22010920730559216,4.808510638297872,0.0,1,3.1421151161193848
G3QE12Wa.png,,test,line,53,932,1.0,0.18867924528301888,0.0,0.1072961373390558,0.1465614142652769,22.19047619047619,0.0,2,2.4101040363311768
D0ZuPqP9.png,,test,line,70,831,1.0,0.07142857142857142,0.0,0.0,0.22292156862745097,11.029411764705882,0.0,1,1.8853867053985596
iSe2cw0a.png,,test,line,51,277,0.6470588235294118,0.0,0.0,0.23826714801444043,0.21406839479128636,7.545454545454546,0.03736263736263736,0,2.148798942565918
ScnmEXLU.png,,test,line,51,895,1.0,0.0,0.0,0.5832402234636872,0.10235199849170437,16.313725490196077,0.0,0,7.137624263763428
dZTPToBV.png,,test,line,135,979,1.0,0.0,0.0,0.05720122574055159,0.09686376877388113,7.2518518518518515,0.0,1,2.188821792602539
SagDWqdN.png,,test,line,44,100,1.0,0.0,0.0,0.18,0.35167464114832536,2.159090909090909,0.0,0,3.706981897354126
WSBZPBmt.png,,test,line,78,932,0.9615384615384616,0.0,0.0,0.5547210300429185,0.2751270468661773,11.948051948051948,0.00042918454935622315,0,1.6621588468551636
JkkPy6AQ.png,,test,line,82,797,1.0,0.0,0.0,0.5156838143036386,0.22945671516801006,8.524390243902438,0.0,0,1.6667098999023438
mx7LCCNB.png,,test,line,55,875,0.9272727272727272,0.0,0.0,0.5428571428571428,0.13402378212504795,12.927272727272728,0.0,0,6.728954792022705
ERrLQ3NB.png,,test,line,90,638,1.0,0.0,0.0,0.0,0.3098236331569665,7.0,0.0,5,2.9263155460357666
VYSBSqiL.png,,test,line,63,257,0.8253968253968254,0.0,0.0,0.7782101167315175,0.08360700602079912,4.344827586206897,0.0,3,4.5457048416137695
mVWaBWn7.png,,test,line,36,145,1.0,0.0,0.0,0.1724137931034483,0.2775848765432099,4.0,0.0,0,0.7782264947891235
EuBFu1a2.png,,test,line,82,840,1.0,0.06097560975609756,0.0,0.30714285714285716,0.28857617511971073,9.358024691358025,0.029024943310657598,4,0.5623176097869873
g9Kn0JHj.png,,test,line,81,814,1.0,0.0,0.0,0.22481572481572482,0.32414232414232413,10.049382716049383,0.00046685340802987864,0,2.4446327686309814
VE3D743t.png,,test,line,67,803,1.0,0.0,0.0,0.16811955168119552,0.1495367987647967,8.656716417910447,0.0,0,1.7809628248214722
47iZwzAU.png,,test,line,69,815,1.0,0.057971014492753624,0.0,0.6061349693251534,0.09116913598357049,11.794117647058824,0.0,3,2.5311779975891113
103HUaxy.png,,test,line,42,101,0.7142857142857143,0.0,0.0,0.6732673267326733,0.16157855547282204,2.323529411764706,0.0,0,7.15241813659668
ceQacvZu.png,,test,line,35,131,0.7142857142857143,0.0,0.0,0.7862595419847328,0.19034608378870674,4.518518518518518,0.0,0,4.663900852203369
3f76p0cH.png,,test,line,90,386,1.0,0.0,0.0,0.07253886010362694,0.3541431261770245,3.933333333333333,0.0,0,1.2634798288345337
nGYbQt8U.png,,test,line,43,150,0.9534883720930233,0.0,0.0,0.46,0.1744186046511628,3.395348837209302,0.03827751196172249,0,2.0258779525756836
VpiyizbZ.png,,test,line,75,155,0.8666666666666667,0.0,0.0,0.4645161290322581,0.09521739130434782,1.4492753623188406,0.0,0,2.3411378860473633
RsrT9tlT.png,,test,line,114,970,0.9649122807017544,0.0,0.0,0.8278350515463917,0.1003043135529524,8.394736842105264,0.0,1,5.499409198760986
Bd663sGX.png,,test,line,52,1200,0.9615384615384616,0.0,0.0,0.7175,0.12899779432037498,21.46153846153846,0.0,19,4.8403849601745605
YMl6HdPy.png,,test,line,36,96,1.0,0.0,0.0,0.07291666666666667,0.2032967032967033,2.5277777777777777,0.0,0,1.3834904432296753
svOhCBGO.png,,test,line,42,122,0.6190476190476191,0.0,0.0,0.45081967213114754,0.294313369630974,3.9310344827586206,0.0,0,5.521812915802002
oU4Afjm0.png,,test,line,62,931,1.0,0.0,0.0,0.011815252416756176,0.21266082416557897,13.951612903225806,0.016630901287553648,11,4.998136043548584
k0Lb4cxJ.png,,test,line,60,1200,1.0,0.0,0.0,0.63,0.13696635566864573,19.65,0.0,0,2.439690113067627
arezgmsE.png,,test,line,49,665,1.0,0.0,0.0,0.0,0.3026697083667304,13.510204081632653,0.0,0,3.572775363922119
TCGOSVcJ.png,,test,line,93,386,1.0,0.0,0.0,0.0,0.2227013972744523,4.021505376344086,0.0,3,1.4420735836029053
GzY7jkaJ.png,,test,line,60,781,1.0,0.16666666666666666,0.016666666666666666,0.5019206145966709,0.15117569885962256,13.592592592592593,0.0,1,0.7174540758132935
8HI5NDWB.png,,test,line,89,677,1.0,0.0,0.0,0.4357459379615953,0.12739120941871987,7.51685393258427,0.03017902813299233,4,2.5514442920684814
KRx3Vmia.png,,test,line,52,1200,1.0,0.2692307692307692,0.019230769230769232,0.0,0.2481254119973632,28.878048780487806,0.0,9,2.5827369689941406
nWpj5DQ3.png,,test,line,90,802,1.0,0.0,0.0,0.13341645885286782,0.29432267884322677,8.11111111111111,0.0,0,1.9225984811782837
HI5mb7iB.png,,test,line,41,151,1.0,0.0,0.0,0.0,0.20550428477257746,3.6097560975609757,0.0,2,3.7532763481140137
8nBGe8RJ.png,,test,line,58,173,0.6896551724137931,0.0,0.0,0.5664739884393064,0.2464809384164223,3.522727272727273,0.0,0,3.390998601913452
V2WNVFYg.png,,test,line,61,674,1.0,0.0,0.0,0.17210682492581603,0.1642315883314348,10.852459016393443,0.0,4,2.2197766304016113
s05yO8BP.png,,test,line,40,398,0.925,0.0,0.0,0.44472361809045224,0.3935864250790912,9.631578947368421,0.095,1,3.696512460708618
34HKXjV9.png,,test,line,49,706,1.0,0.04081632653061224,0.0,0.41076487252124644,0.11888284725654968,11.795918367346939,0.049109083007388095,3,1.8498436212539673
i2Po8naX.png,,test,line,52,952,0.7884615384615384,0.0,0.0,0.5945378151260504,0.11886387995712755,18.66,0.0,1,6.626530170440674
OsqMdOFN.png,,test,line,60,735,1.0,0.0,0.0,0.25170068027210885,0.0798474945533769,7.65,0.0,0,2.522477865219116
MgAgepYl.png,,test,line,68,214,0.75,0.0,0.0,0.7990654205607477,0.0575519104958756,3.7547169811320753,0.0,1,6.294190406799316
pVthZwP1.png,,test,line,94,676,1.0,0.0,0.0,0.05917159763313609,0.20024262784621127,6.0638297872340425,0.006903353057199211,1,2.0606729984283447
qrAaDALi.jpg,,test,line,206,579,0.8786407766990292,0.0,0.0,0.39896373056994816,0.057250856050162315,2.8391959798994977,0.0,12,6.004615306854248
Wh7DIkXi.png,,test,line,70,342,1.0,0.0,0.0,0.49122807017543857,0.11705963938973647,4.414285714285715,0.0,0,1.386907935142517
r3Ups2lg.png,,test,line,90,809,0.9111111111111111,0.0,0.0,0.2620519159456119,0.33958823529411764,9.411764705882353,0.0,4,4.42664098739624
DFkLcO4k.png,,test,line,53,373,1.0,0.0,0.0,0.5549597855227882,0.1927447096841447,6.830188679245283,0.0,1,1.6905338764190674
MnP02zXP.png,,test,line,125,500,0.856,0.0,0.0,0.794,0.17099102270726985,4.2956521739130435,0.0,2,3.214608907699585
iPjo2ktw.png,,test,line,37,141,0.8648648648648649,0.0,0.0,0.3191489361702128,0.34059272563987425,3.8529411764705883,0.0,0,3.3475775718688965
Pof0hs8v.png,,test,line,82,788,1.0,0.0,0.0,0.3426395939086294,0.29660278745644597,9.560975609756097,0.0,0,1.8487985134124756
TTEUFyJY.png,,test,line,65,628,1.0,0.0,0.0,0.1592356687898089,0.1308006279434851,7.538461538461538,0.0,0,1.995072841644287
7TmjWUdk.png,,test,line,42,1200,1.0,0.0,0.0,0.4558333333333333,0.1945559728877952,26.261904761904763,0.0,0,1.583694577217102
iQAE0e2j.png,,test,line,73,921,1.0,0.0,0.0,0.5342019543973942,0.4536107279201822,11.698630136986301,0.00227842333105491,1,1.598868489265442
I9EOqAYR.png,,test,line,48,708,1.0,0.0,0.0,0.3954802259887006,0.14731718898385565,14.625,0.0,1,3.6775054931640625
kTe41wZp.png,,test,line,59,392,1.0,0.0,0.0,0.6811224489795918,0.14860774818401937,6.6440677966101696,0.0,1,2.739713668823242
qDDmJZ7z.png,,test,line,47,308,1.0,0.0,0.0,0.006493506493506494,0.16752596035146322,6.23404255319149,0.0,3,3.3548102378845215
SkISLMsf.png,,test,line,46,104,0.717391304347826,0.0,0.0,0.7596153846153846,0.22724586288416077,2.611111111111111,0.0,0,5.881102085113525
Cz8bkDL2.png,,test,line,55,538,0.6909090909090909,0.0,0.0,0.10408921933085502,0.13023898698056002,12.714285714285714,0.0,0,2.1591718196868896
5wSDIkxd.png,,test,line,91,296,0.967032967032967,0.0,0.0,0.0,0.2199943117178612,4.069444444444445,0.0,0,0.772165834903717
du6bZvPZ.png,,test,line,34,949,1.0,0.6764705882352942,0.6470588235294118,0.2644889357218124,0.4071992110453649,70.41666666666667,0.0014005602240896359,17,4.877964496612549
5kT0KM0c.png,,test,line,37,92,0.9459459459459459,0.0,0.0,0.2608695652173913,0.39732836284560424,2.3513513513513513,0.0,0,3.921387195587158
EqOy0Ygp.jpg,,test,line,95,414,1.0,0.042105263157894736,0.0,0.0,0.06892957030256801,4.3578947368421055,0.0,8,9.878084182739258
NY6h9a11.png,,test,line,42,131,0.6666666666666666,0.0,0.0,0.6106870229007634,0.2845993756503642,4.0,0.0,0,5.3956427574157715
24T5SZRZ.png,,test,line,76,1007,0.868421052631579,0.0,0.0,0.8818272095332671,0.13305633802816902,14.084507042253522,0.0,0,5.303364276885986
wYewV5up.png,,test,line,79,791,1.0,0.0,0.0,0.6713021491782554,0.24238642441530656,9.886075949367088,0.0,5,4.829313278198242
uDeervHv.png,,test,line,56,947,1.0,0.17857142857142858,0.0,0.3706441393875396,0.19642857142857142,16.910714285714285,0.10638939119951778,0,2.2942311763763428
SVxHx8pl.png,,test,line,77,373,1.0,0.0,0.0,0.07238605898123325,0.40071724522126667,4.8441558441558445,0.02021276595744681,1,1.2651456594467163
PHFLYaNx.png,,test,line,41,788,0.9512195121951219,0.0,0.0,0.6890862944162437,0.16113274578123932,17.414634146341463,0.0,0,5.950028896331787
g1V2Jf5T.png,,test,line,58,169,0.8275862068965517,0.0,0.0,0.0,0.2876618950238582,3.6222222222222222,0.0,0,2.082296848297119
iApRoWXi.png,,test,line,73,647,1.0,0.0,0.0,0.20556414219474498,0.35366602443310535,8.863013698630137,0.0,0,7.656311511993408
OkrpnHI7.png,,test,line,38,901,1.0,0.10526315789473684,0.0,0.6792452830188679,0.12045903632770938,20.305555555555557,0.0,0,2.550104856491089
TaAdHNlI.png,,test,line,88,787,0.9090909090909091,0.0,0.0,0.7166454891994918,0.13872246146164888,9.083333333333334,0.0,1,5.520106315612793
VKy7LWsI.png,,test,line,76,812,1.0,0.0,0.0,0.19088669950738915,0.28477443609022557,10.68421052631579,0.0,0,1.0132958889007568
P9JfVGGD.png,,test,line,76,284,1.0,0.0,0.0,0.7640845070422535,0.11536566134437216,3.513157894736842,0.0,0,7.03940486907959
CFWgyt1V.png,,test,line,61,717,1.0,0.0,0.0,0.7322175732217573,0.28541991024819124,11.737704918032787,0.0,0,2.6518735885620117
BdjIUfGT.png,,test,line,70,819,1.0,0.0,0.0,0.231990231990232,0.1998953427524856,11.7,0.0,0,0.6694304943084717
P9E70Dmo.png,,test,line,44,146,1.0,0.0,0.0,0.15753424657534246,0.37095267745952676,3.3181818181818183,0.007371007371007371,0,2.1670525074005127
u04JTLXq.png,,test,line,66,356,1.0,0.0,0.0,0.4101123595505618,0.1625974025974026,5.303030303030303,0.07336417713152676,1,2.4301598072052
RQKLdl0d.png,,test,line,42,146,0.9761904761904762,0.0,0.0,0.3013698630136986,0.14789711505039974,3.261904761904762,0.0,0,2.039290189743042
WvFIkFHu.png,,test,line,87,238,0.6436781609195402,0.0,0.0,0.592436974789916,0.09023539668700958,2.9838709677419355,0.0,0,4.174236297607422
7WFSRZdK.png,,test,line,43,214,0.7906976744186046,0.0,0.0,0.5654205607476636,0.2168856048166393,5.638888888888889,0.0,0,5.769423484802246
8vgm8wKA.png,,test,line,73,435,1.0,0.0,0.0,0.0,0.27528034786020206,5.739726027397261,0.0,4,3.165337324142456
wKMxEpHX.png,,test,line,72,584,1.0,0.09722222222222222,0.013888888888888888,0.4777397260273973,0.2350134770889488,7.571428571428571,0.15144596651445966,1,2.5963590145111084
nmtWWO8J.png,,test,line,58,681,1.0,0.15517241379310345,0.017241379310344827,0.002936857562408223,0.21533769063180827,13.235294117647058,0.0,1,2.3127517700195312
eizJ5AcS.png,,test,line,61,231,1.0,0.0,0.0,0.0,0.1866906205554308,3.5901639344262297,0.0,3,3.498652696609497
