image_id,label,split,colorfulness,bg_lum,bg_sat,ink_frac,midtone_frac,n_levels,sharp,noise,black_border,flat_gray_frac,dark_bg,otsu,fmt,w,h,ratio,bpp
tHpqlCor.png,lontara,train,0.0,252.0379180908203,0.0,0.13971354166666666,0.05944010416666667,256,0.6898128986358643,0.0,0.0,0.0,False,137,PNG,942,49,19.22448979591837,0.7262013085488973
B494gp8Z.png,jawa,train,0.0,223.5520477294922,0.0,0.34285376082251084,0.4139441287878788,256,1.4384791851043701,24.0,0.0,0.0,False,139,PNG,813,81,10.037037037037036,1.8160448271149376
rJZQjxc0.png,jawi,train,0.0,254.36318969726562,0.0,0.22427101200686106,0.04180960548885077,5,0.831853985786438,0.0,0.0,0.0,False,127,PNG,440,53,8.30188679245283,1.081989708404803
hO9fOUhw.png,sunda,train,0.0,254.6830596923828,0.0,0.185761957730812,0.03545606229143493,5,0.8451135754585266,0.0,0.0,0.0,False,127,PNG,124,58,2.1379310344827585,1.150166852057842
Q4K6YjCj.png,sunda,train,0.0,252.11366271972656,0.0,0.14252533783783783,0.06485782657657657,256,0.5918522477149963,0.0,0.0,0.0,False,138,PNG,791,76,10.407894736842104,0.7046377004458048
PbvtXzAF.png,lontara,train,0.0,252.39170837402344,0.0,0.11985085227272728,0.05119554924242424,256,0.670925498008728,0.0,0.0,0.0,False,136,PNG,944,54,17.48148148148148,0.6318267419962336
bvZgcoNn.png,jawi,train,0.0,250.46817016601562,0.0,0.25288795405982906,0.07281650641025642,256,0.5599114894866943,0.0,0.0,0.0,False,132,PNG,800,81,9.876543209876544,0.9555555555555556
vrNJOkCG.png,jawa,train,0.0,253.36514282226562,0.0,0.06868055555555555,0.037395833333333336,256,0.7249279618263245,0.0,0.0,0.0,False,141,PNG,968,94,10.297872340425531,0.4884825039563917
qzpRIEtV.png,jawa,train,0.0,249.9351348876953,0.0,0.2156346749226006,0.1613347093223254,22,1.1348406076431274,0.0,0.0,0.0,False,53,PNG,684,85,8.047058823529412,1.7545235638114896
305fGZ3w.png,jawi,train,0.0,254.6232452392578,0.0,0.20247410388255457,0.03234220135628586,5,0.7868037819862366,0.0,0.25,0.0,False,127,PNG,189,71,2.6619718309859155,0.9491020195245548
oV1rqiki.png,sunda,train,0.0,254.7422332763672,0.0,0.1386143818334735,0.03259041211101766,5,0.8472312688827515,0.0,0.0,0.0,False,127,PNG,328,58,5.655172413793103,0.8591253153910849
efsCVAXh.png,jawi,train,0.0,254.7433319091797,0.0,0.1015356897735072,0.025051475634866163,5,0.8857368230819702,0.0,0.0,0.0,False,127,PNG,376,62,6.064516129032258,0.693891557995882
SZlo4nAd.png,lontara,train,0.0,252.3899688720703,0.0,0.12811229674796748,0.05544969512195122,256,0.6865613460540771,0.0,0.0,0.0,False,137,PNG,940,50,18.8,0.6675744680851063
Odiwgs3f.png,jawi,train,0.0,251.09326171875,0.0,0.21019847972972974,0.0672508445945946,256,0.5812376141548157,0.0,0.0,0.0,False,133,PNG,784,76,10.31578947368421,0.8959452201933404
XnmCJESw.png,pegon,train,0.0,254.41690063476562,0.0,0.15735093635646122,0.04075482528521202,5,0.8868523240089417,0.0,0.0,0.0,False,127,PNG,181,154,1.175324675324675,1.1193226662839924
3YX19rhG.png,pegon,train,0.0,254.6826629638672,0.0,0.15942932459390138,0.029655884867483613,5,0.8043547868728638,0.0,0.0,0.0,False,127,PNG,638,88,7.25,0.8126246793958393
HRCr8t7l.png,pegon,train,0.0,254.5300750732422,0.0,0.14721556088462565,0.037503330668798296,5,0.9648388028144836,0.0,0.0,0.0,False,127,PNG,139,108,1.287037037037037,1.1569411137756462
jYTQSpdW.png,bali,train,0.0,251.0871124267578,0.0,0.13487413194444445,0.0900607638888889,256,0.851526141166687,0.0,0.0,0.0,False,145,PNG,1237,77,16.064935064935064,0.7939610914550284
7E48jzhq.png,lontara,train,0.0,252.47076416015625,0.0,0.13093507751937986,0.053082606589147284,256,0.6775862574577332,0.0,0.0,0.0,False,137,PNG,935,52,17.98076923076923,0.6408885232414644
TVGT0l15.png,lampung,train,0.0,253.4452362060547,0.0,0.17715617715617715,0.0775058275058275,97,0.7376253008842468,0.0,0.0,0.0,False,149,PNG,143,36,3.9722222222222223,2.5998445998446
brPaEeqP.png,lontara,train,0.0,251.8390350341797,0.0,0.13459967320261437,0.06175959967320262,256,0.661448061466217,0.0,0.0,0.0,False,137,PNG,776,52,14.923076923076923,0.8235527359238699
GmuReuLR.png,sunda,train,0.0,254.49375915527344,0.0,0.25814608081675494,0.0550546252564286,5,0.9290767312049866,0.0,0.0,0.0,False,127,PNG,153,137,1.1167883211678833,1.31673107199084
GsOT0T5x.png,lampung,train,0.0,254.6441650390625,0.0,0.08249429453617935,0.024164317358034634,5,1.0565205812454224,0.0,0.0,0.0,False,127,PNG,191,78,2.448717948717949,0.8129950328903208
5rjyLVjM.png,sunda,train,0.0,254.70578002929688,0.0,0.11688034188034188,0.03511396011396011,5,0.9223349690437317,0.0,0.0,0.0,False,127,PNG,216,65,3.3230769230769237,0.8672364672364672
zserujX8.jpg,bali,train,60.90802764892578,249.5797119140625,12.21539306640625,0.36349524980709874,0.34199279031635804,240,0.4630047678947449,0.0,0.0,0.0,False,154,JPEG,1280,720,1.7777777777777777,0.8081597222222222
ULOLP0Ie.png,sunda,train,0.0,254.59921264648438,0.0,0.1620019436345967,0.044800777453838675,5,0.9541501998901367,0.0,0.0,0.0,False,127,PNG,245,42,5.833333333333333,1.1140913508260446
tzoxINik.png,jawi,train,0.0,254.32630920410156,0.0,0.283824533454711,0.05049499317250797,5,0.7954302430152893,0.0,0.0,0.0,False,127,PNG,676,52,13.0,1.1929904415111516
SWmX6WTA.png,lontara,train,0.0,252.19631958007812,0.0,0.1328125,0.05768531976744186,256,0.6977947950363159,0.0,0.0,0.0,False,137,PNG,936,52,18.0,0.7049638395792241
UmCiBs0K.png,jawi,train,0.0,254.7276611328125,0.0,0.11737089201877934,0.028755868544600938,5,0.890230655670166,0.0,0.0,0.0,False,127,PNG,284,60,4.733333333333333,0.8004694835680751
qRtpcq8R.png,lampung,train,0.0,254.61415100097656,0.0,0.07290706959032,0.025981205085682697,5,1.0468025207519531,0.0,0.0,0.0,False,127,PNG,201,81,2.4814814814814814,0.8333640439776426
sEWlF4GG.png,jawa,train,0.0,232.212890625,0.0,0.3595210759389864,0.3422994915532229,24,1.3724135160446167,0.0,0.0,0.0,False,89,PNG,603,91,6.626373626373627,1.8777905345069523
kg4W1LjT.png,jawa,train,0.0,251.7747344970703,0.0,0.13060897435897437,0.06876001602564102,256,0.6777361631393433,0.0,0.0,0.0,False,139,PNG,944,96,9.833333333333334,0.7539724576271186
gEPhuYHT.png,jawi,train,0.0,254.81234741210938,0.0,0.09686411149825784,0.017630662020905925,5,0.8385460376739502,0.0,0.0,0.0,False,127,PNG,175,82,2.1341463414634148,0.6723344947735191
VwBH4U2s.png,jawa,train,4.455517768859863,247.0653533935547,1.0876922607421875,0.11409110259684972,0.05832269050659855,237,0.541126549243927,1.0,0.0,0.0,False,134,PNG,162,58,2.793103448275862,14.079182630906768
WdbxpsD0.png,lontara,train,0.0,252.24693298339844,0.0,0.11518429487179487,0.05310496794871795,256,0.6998287439346313,0.0,0.0,0.0,False,137,PNG,812,69,11.768115942028986,0.6595273791675591
c5qAky23.png,sunda,train,0.0,254.5065460205078,0.0,0.1577922077922078,0.04155844155844156,5,0.9571235179901123,0.0,0.0,0.0,False,127,PNG,77,40,1.925,1.4675324675324677
E7eISFeD.png,jawi,train,0.0,250.6918487548828,0.0,0.26186708860759494,0.06655458860759493,256,0.5749738812446594,0.0,0.0,0.0,False,131,PNG,806,83,9.710843373493976,0.903704146611259
sQzD0xtD.png,bali,train,0.0,254.55235290527344,0.0,0.12555869207245354,0.04146083274523642,5,1.072960615158081,0.0,0.0,0.0,False,127,PNG,218,78,2.7948717948717947,1.042107739355446
au9mLbd8.png,jawi,train,0.0,254.4659881591797,0.0,0.24734299516908212,0.03888888888888889,5,0.7877576351165771,0.0,0.0,0.0,False,127,PNG,92,45,2.0444444444444443,1.420289855072464
Pr22tEu7.jpg,pegon,train,47.43626403808594,58.7188835144043,34.31720733642578,0.389175,0.8592875,237,0.19975771009922028,0.0,0.0,0.008033333333333333,True,94,JPEG,600,400,1.5,1.0262
nY3i2PTt.png,bali,train,0.0,250.16197204589844,0.0,0.16020275297619047,0.15355282738095238,256,1.1004540920257568,0.0,0.0,0.0,False,159,PNG,1548,56,27.642857142857142,0.952750092284976
KxxJsUIA.png,bali,train,0.0,250.86155700683594,0.0,0.140869140625,0.1295166015625,256,1.0844104290008545,0.0,0.0,0.0,False,157,PNG,1409,59,23.88135593220339,0.8565757659597503
e5T265XU.png,pegon,train,0.0,254.3336944580078,0.0,0.20334620334620335,0.056056056056056056,5,0.9941705465316772,0.0,0.0,0.0,False,127,PNG,126,111,1.135135135135135,1.4694694694694694
92Scn6vQ.png,bali,train,0.0,250.43348693847656,0.0,0.13802083333333334,0.14247948232323232,256,1.15779447555542,0.0,0.0,0.0,False,161,PNG,1402,61,22.983606557377048,0.9602207619092163
feSarHT2.png,pegon,train,0.0,254.6410369873047,0.0,0.21585648148148148,0.02974537037037037,5,0.7637139558792114,0.0,0.0,0.0,False,127,PNG,384,90,4.266666666666667,0.8627314814814815
XDdeBeL4.png,sunda,train,0.0,252.00259399414062,0.0,0.11814903846153846,0.06384214743589743,256,0.6560472249984741,0.0,0.0,0.0,False,140,PNG,832,70,11.885714285714286,0.7061813186813187
R7Hd50RH.png,lampung,train,0.0,253.35716247558594,0.0,0.22657450076804916,0.09011776753712238,83,0.7158804535865784,0.0,0.0,0.0,False,152,PNG,126,31,4.064516129032258,3.1131592421915
vZh1HlrP.png,pegon,train,0.0,254.36819458007812,0.0,0.17907318752151194,0.049688663600237805,5,0.8899358510971069,0.0,0.0,0.0,False,127,PNG,201,159,1.2641509433962264,1.1942801714696956
NTvU9OQs.png,jawi,train,0.0,249.97496032714844,0.0,0.2575276692708333,0.072509765625,256,0.5677346587181091,0.0,0.0,0.0,False,131,PNG,810,101,8.01980198019802,0.8705048282606038
N8Bs9W3h.png,bali,train,0.0,251.2452392578125,0.0,0.13083964646464646,0.12421085858585859,256,1.1205862760543823,0.0,0.0,0.0,False,159,PNG,1545,66,23.40909090909091,0.8156908894772973
F53YDFQs.png,lontara,train,0.0,252.5693817138672,0.0,0.11429398148148148,0.051215277777777776,256,0.7185437679290771,0.0,0.0,0.0,False,138,PNG,928,54,17.185185185185187,0.6719348659003831
kFuOywWA.png,jawi,train,0.0,254.73086547851562,0.0,0.07853267889434255,0.02273314389046758,5,0.8899692893028259,0.0,0.0,0.0,False,127,PNG,79,49,1.6122448979591837,0.9857917850684578
Z1un6yl6.png,lontara,train,0.0,252.50125122070312,0.0,0.13571714743589744,0.04961271367521367,256,0.6631001234054565,0.0,0.0,0.0,False,135,PNG,937,47,19.93617021276596,0.6330752287744953
jUXNviVX.png,jawi,train,0.0,252.7978973388672,0.0,0.0826142723880597,0.05420164800995025,256,0.7658555507659912,0.0,0.0,0.0,False,144,PNG,956,83,11.518072289156626,0.6042244290971417
mh4YpTLf.png,sunda,train,0.0,253.404541015625,0.0,0.0631813226744186,0.04286276647286822,256,0.8973223567008972,0.0,0.0,0.0,False,149,PNG,798,89,8.96629213483146,0.5672608487510912
ozj6KCYP.png,bali,train,0.0,251.76382446289062,0.0,0.11432291666666666,0.10755208333333334,256,1.1111072301864624,0.0,0.0,0.0,False,158,PNG,1377,71,19.3943661971831,0.7396360735217404
1pFJnWNU.png,jawi,train,0.0,254.68972778320312,0.0,0.11019607843137255,0.02862745098039216,5,0.8963852524757385,0.0,0.0,0.0,False,127,PNG,51,50,1.02,1.323921568627451
g6icPNYH.png,lontara,train,0.0,252.3300018310547,0.0,0.11647135416666667,0.057877604166666666,256,0.7269716858863831,0.0,0.0,0.0,False,139,PNG,951,50,19.02,0.6709568874868559
bGRWCsTu.png,jawa,train,0.0,252.37118530273438,0.0,0.13956277412280702,0.05540707236842105,256,0.6444239020347595,0.0,0.0,0.0,False,137,PNG,825,82,10.060975609756095,0.7764671101256467
dCSSepmf.png,bali,train,0.0,254.7223358154297,0.0,0.08492489270386266,0.025697424892703862,5,1.047892689704895,0.0,0.0,0.0,False,127,PNG,233,80,2.9125,0.7927038626609442
V9zZHbxx.png,lontara,train,0.0,254.685791015625,0.0,0.09708596758956471,0.02299978199258775,5,0.9330805540084839,0.0,0.0,0.0,False,127,PNG,417,66,6.318181818181818,0.6842525979216627
9RppdSnF.png,lontara,train,0.0,250.6689910888672,0.0,0.19333692528735633,0.08126795977011494,256,0.6814119219779968,0.0,0.0,0.0,False,136,PNG,922,35,26.34285714285714,0.9492407809110628
AOntxfbJ.png,pegon,train,0.0,254.32260131835938,0.0,0.20992050874403814,0.05093799682034976,5,0.8942102789878845,0.0,0.0,0.0,False,127,PNG,185,170,1.088235294117647,1.3145945945945945
UW8zRXPQ.png,jawi,train,0.0,254.48837280273438,0.0,0.21325336332208755,0.04302553209213212,5,0.8111967444419861,0.0,0.0,0.0,False,127,PNG,453,53,8.547169811320755,1.078595526677496
YapID8rH.png,jawa,train,4.643220901489258,245.2237091064453,1.1323394775390625,0.18724815572500156,0.09032298059636724,256,0.6056838631629944,1.0,0.0,0.0,False,134,PNG,566,57,9.929824561403509,15.262785940115306
iLTzTF1l.png,jawi,train,0.0,254.80201721191406,0.0,0.14182152338166223,0.01970594241372269,5,0.7944292426109314,0.0,0.0,0.0,False,127,PNG,118,83,1.4216867469879515,0.8372472942617929
dqBT88Ps.png,jawi,train,0.0,254.6717987060547,0.0,0.22924901185770752,0.04216073781291173,5,0.8938078880310059,0.0,0.0,0.0,False,127,PNG,23,33,0.696969696969697,2.80368906455863
UFE3w0yF.png,bali,train,0.0,250.81117248535156,0.0,0.13761574074074073,0.10850694444444445,256,0.9230524301528931,0.0,0.0,0.0,False,149,PNG,1083,64,16.921875,0.9078947368421052
FPktjVik.png,pegon,train,0.0,254.455810546875,0.0,0.14385353095030515,0.04001743679163034,5,0.9598186612129211,0.0,0.0,0.0,False,127,PNG,155,148,1.0472972972972974,1.1525719267654753
ciJA1mjW.png,jawa,train,0.0,254.6582489013672,0.0,0.1997150997150997,0.04173789173789174,5,0.8255833983421326,0.0,0.0,0.0,False,127,PNG,90,78,1.1538461538461535,1.3219373219373218
t70ANyVM.png,bali,train,0.0,250.7532196044922,0.0,0.13494925213675213,0.1257011217948718,256,1.094277024269104,0.0,0.0,0.0,False,157,PNG,1370,70,19.571428571428573,0.9011887382690302
wTOJkzj8.png,jawa,train,0.0,250.712890625,0.0,0.19246031746031747,0.08583416005291006,256,0.6696966886520386,0.0,0.0,0.0,False,137,PNG,933,77,12.116883116883116,0.898094402917554
NGSYgYgV.png,sunda,train,0.0,254.59457397460938,0.0,0.16476190476190475,0.040740740740740744,5,0.8301793932914734,0.0,0.0,0.0,False,127,PNG,150,63,2.380952380952381,1.0692063492063493
nxOWgGHf.jpg,bali,train,3.2216298580169678,139.10667419433594,2.473388671875,0.1541217211320304,0.9533495203598297,215,0.9590886831283569,0.0,0.0,0.02525574175058711,False,97,JPEG,259,194,1.3350515463917525,1.5781554750626916
MzfJHQdz.png,lontara,train,0.0,252.2027587890625,0.0,0.1121608527131783,0.05559593023255814,256,0.7298668026924133,0.0,0.0,0.0,False,138,PNG,940,53,17.735849056603772,0.7076676033721397
mASmqPJv.png,jawi,train,0.0,254.50865173339844,0.0,0.1794930176077717,0.037340619307832425,5,0.8475837707519531,0.0,0.0,0.0,False,127,PNG,216,61,3.540983606557377,1.1311475409836065
FD30O9tB.png,jawa,train,0.0,253.0647735595703,0.0,0.0766106204710145,0.047044836956521736,256,0.7110069394111633,0.0,0.0,0.0,False,144,PNG,1013,121,8.37190082644628,0.5293172232057631
sntQGqx6.png,bali,train,0.0,254.73658752441406,0.0,0.08969696969696969,0.02909090909090909,5,1.0058844089508057,0.0,0.0,0.0,False,127,PNG,121,75,1.6133333333333333,1.012892561983471
iPc57tQw.png,jawi,train,0.0,252.27098083496094,0.0,0.09267769607843138,0.0640063316993464,256,0.8099855780601501,0.0,0.0,0.0,False,145,PNG,956,64,14.9375,0.7005753138075314
JlEpM3oC.png,bali,train,0.0,250.9414520263672,0.0,0.1345016891891892,0.12640765765765766,256,1.086426854133606,0.0,0.0,0.0,False,158,PNG,1352,66,20.484848484848484,0.9078357539896
nAkbUt21.png,jawi,train,0.0,254.5144500732422,0.0,0.2086906803887936,0.031160663236134933,5,0.8144109845161438,0.0,0.0,0.0,False,127,PNG,66,53,1.2452830188679245,1.3836477987421385
j1hLG7kG.png,lampung,train,0.0,254.72523498535156,0.0,0.08274797786292039,0.02165815240527884,5,0.9405759572982788,0.0,0.0,0.0,False,127,PNG,232,81,2.8641975308641974,0.7530864197530864
Yk674FLr.png,sunda,train,0.0,254.74220275878906,0.0,0.16414141414141414,0.030723905723905723,5,0.7186969518661499,0.0,0.0,0.0,False,127,PNG,44,54,0.8148148148148148,1.265993265993266
WswN2D8a.png,pegon,train,0.0,254.33432006835938,0.0,0.1968140307181403,0.04644043171440432,5,0.8866778016090393,0.0,0.0,0.0,False,127,PNG,146,132,1.106060606060606,1.3063511830635115
GjVx3hcd.png,pegon,train,0.0,254.2467498779297,0.0,0.19434745856150537,0.058252784005292366,5,0.9775604009628296,0.0,0.0,0.0,False,127,PNG,169,161,1.049689440993789,1.4668675805799551
AlMtohM9.jpg,jawi,train,40.86614990234375,179.91981506347656,28.128692626953125,0.381811843832021,0.899438156167979,256,0.5743815898895264,2.0,0.0,0.0,False,132,JPEG,1088,1316,0.8267477203647416,2.473789781870195
i1j3gXwa.png,pegon,train,0.0,254.39910888671875,0.0,0.17545699730296674,0.04465088402756967,5,0.9355142116546631,0.0,0.0,0.0,False,127,PNG,141,142,0.9929577464788732,1.229048047148137
jxh6yxyy.jpg,lontara,train,21.955387115478516,191.19557189941406,29.35797119140625,0.44300140618266765,0.8890022907169264,228,0.23159512877464294,1.0,0.0,6.804109682248077e-05,False,146,JPEG,568,621,0.9146537842190016,1.660248123199746
ZzLibL3o.png,jawi,train,0.0,252.26715087890625,0.0,0.10961174242424243,0.057133838383838384,256,0.6704715490341187,0.0,0.0,0.0,False,139,PNG,891,77,11.571428571428571,0.6998702756278514
TT2py3po.png,jawa,train,0.0,250.75045776367188,0.0,0.15943049863387979,0.08655652322404371,256,0.6605313420295715,0.0,0.0,0.0,False,139,PNG,917,73,12.561643835616438,0.8621323254806471
tuGKcLTO.png,pegon,train,0.0,254.8341827392578,0.0,0.09602895773448313,0.013094857872884063,5,0.842287003993988,0.0,0.0,0.0,False,127,PNG,101,93,1.086021505376344,0.7111678909826467
ejB5lV79.png,jawa,train,4.9612603187561035,245.67333984375,1.302001953125,0.18011963489907296,0.08119444245847335,256,0.5314967632293701,1.0,0.0,0.0,False,134,PNG,591,71,8.32394366197183,14.180977574414335
MQDWdzQd.png,jawi,train,0.0,254.02183532714844,0.0,0.2888198757763975,0.06055900621118013,5,0.8300096988677979,0.0,0.0,0.0,False,127,PNG,23,28,0.8214285714285714,3.354037267080745
lM3588zD.png,jawi,train,0.0,254.49105834960938,0.0,0.22376543209876543,0.05864197530864197,5,0.8249110579490662,0.0,0.0,0.0,False,127,PNG,24,27,0.8888888888888888,3.049382716049383
jxxuZl8a.png,sunda,train,0.0,254.71348571777344,0.0,0.15105042016806722,0.028934300993124523,5,0.7586880326271057,0.0,0.0,0.0,False,127,PNG,748,70,10.685714285714283,0.6696715049656227
dsMBZPzT.png,sunda,train,0.0,254.6342010498047,0.0,0.1641046946406315,0.03635230577482343,5,0.8438310623168945,0.0,0.0,0.0,False,127,PNG,166,58,2.862068965517241,1.0818446198587452
xXH0p0da.png,sunda,train,0.0,251.23489379882812,0.0,0.1542672821969697,0.09404592803030302,256,0.7356631755828857,0.0,0.0,0.0,False,144,PNG,801,46,17.41304347826087,0.9288389513108616
ODoFxn0s.png,jawa,train,0.0,251.52786254882812,0.0,0.15096654647435898,0.08245693108974358,256,0.7199757099151611,0.0,0.0,0.0,False,141,PNG,879,60,14.65,0.8852483883200607
LLZtcVWL.png,bali,train,0.0,254.6928253173828,0.0,0.10924788311472688,0.03017599203054956,5,0.9800195097923279,0.0,0.0,0.0,False,127,PNG,317,76,4.171052631578948,0.8557197409928607
xoBMTnSE.png,jawa,train,0.0,251.8417205810547,0.0,0.13079694634703196,0.06911743721461187,256,0.6903362274169922,0.0,0.0,0.0,False,140,PNG,869,83,10.46987951807229,0.8019188376058896
HC8XBClO.png,lampung,train,0.0,254.76223754882812,0.0,0.0760180995475113,0.022811671087533156,5,1.0525686740875244,0.0,0.0,0.0,False,127,PNG,377,85,4.435294117647059,0.6970198158839133
QpAYjE7a.png,bali,train,0.0,254.56973266601562,0.0,0.12106060606060606,0.043333333333333335,5,1.1656875610351562,0.0,0.0,0.0,False,127,PNG,88,75,1.1733333333333331,1.383030303030303
sA9afht9.png,jawa,train,0.0,246.0933837890625,0.0,0.3602146210596915,0.0,20,1.4778300523757935,0.0,0.0,0.0,False,36,PNG,497,75,6.626666666666667,1.8450972501676728
p5adqFyu.png,sunda,train,0.0,252.67796325683594,0.0,0.09711371527777778,0.054289641203703706,256,0.6627035140991211,0.0,0.0,0.0,False,141,PNG,834,78,10.692307692307692,0.5921416712783619
BicxDosj.png,lontara,train,0.0,254.55667114257812,0.0,0.18268597761685318,0.030480579328505595,5,0.9018644690513611,0.0,0.0,0.0,False,127,PNG,310,49,6.326530612244898,0.8710994075049374
oteXEBir.png,pegon,train,0.0,254.42189025878906,0.0,0.19574273521641944,0.046078032920138186,5,0.8984686136245728,0.0,0.0,0.0,False,127,PNG,148,133,1.112781954887218,1.29363950416582
GWcehJAP.png,sunda,train,0.0,254.78839111328125,0.0,0.18932748538011696,0.03508771929824561,5,0.8039537072181702,0.0,0.0,0.0,False,127,PNG,76,54,1.4074074074074074,1.2183235867446394
L3S94zx2.png,sunda,train,0.0,254.87063598632812,0.0,0.1670875420875421,0.020202020202020204,5,0.8116331100463867,0.0,0.0,0.0,False,127,PNG,44,54,0.8148148148148148,1.265993265993266
AxZ5sTvi.png,jawa,train,0.0,253.3328857421875,0.0,0.0923652141802068,0.03249630723781388,24,0.7387047410011292,0.0,0.0,0.0,False,97,PNG,677,96,7.052083333333333,0.6426637124569178
pzzBFip4.png,jawi,train,0.0,254.9049072265625,0.0,0.037689448098370035,0.00949385187303403,5,0.8559041023254395,0.0,0.0,0.0,False,127,PNG,269,65,4.138461538461539,0.4259651129539605
UZCz3Tc9.png,jawi,train,0.0,252.0818328857422,0.0,0.11931089743589744,0.06450320512820513,256,0.6921463012695312,0.0,0.0,0.0,False,140,PNG,951,80,11.8875,0.7198738170347003
Uwt2QK3l.png,jawi,train,0.0,250.05453491210938,0.0,0.22600230135658914,0.08157703488372094,256,0.595855712890625,0.0,0.0,0.0,False,133,PNG,806,90,8.955555555555556,1.0292803970223323
snVEL8LD.png,bali,train,0.0,250.7112579345703,0.0,0.139404296875,0.11832682291666667,256,1.0217562913894653,0.0,0.0,0.0,False,153,PNG,1412,59,23.93220338983051,0.8391991165314255
l6Hef28r.png,jawi,train,0.0,254.6262969970703,0.0,0.1804324707550514,0.029953917050691243,5,0.8098616003990173,0.0,0.0,0.0,False,127,PNG,91,62,1.467741935483871,1.1584544487770294
loTKHqLn.png,jawi,train,0.0,254.81365966796875,0.0,0.08232323232323233,0.015509938090583252,5,0.841181755065918,0.0,0.0,0.0,False,127,PNG,660,93,7.096774193548387,0.5038774845226458
vdLe81Di.png,jawi,train,0.0,254.91090393066406,0.0,0.02871232005090273,0.009862403563190965,5,0.9700438976287842,0.0,0.0,0.0,False,127,PNG,381,66,5.7727272727272725,0.3206871868289191
WhdB3FSi.png,jawa,train,0.0,254.9009552001953,0.0,0.06356107660455486,0.013354037267080746,5,0.8219821453094482,0.0,0.0,0.0,False,127,PNG,115,84,1.369047619047619,0.6476190476190476
XRspxxB1.png,jawi,train,0.0,251.26344299316406,0.0,0.20692567567567569,0.06554405968468469,256,0.5878705382347107,0.0,0.25,0.0,False,133,PNG,828,80,10.35,0.870048309178744
6IRZgMuD.png,lontara,train,0.0,252.89617919921875,0.0,0.10731534090909091,0.04450757575757576,256,0.685371458530426,0.0,0.0,0.0,False,137,PNG,805,58,13.879310344827584,0.6660098522167488
nXqKCOKa.png,bali,train,0.0,249.94056701660156,0.0,0.1561659946236559,0.13382056451612903,256,1.030925989151001,0.0,0.0,0.0,False,152,PNG,1421,58,24.5,0.934067800723143
Gx7JCcSL.png,jawi,train,0.0,254.72232055664062,0.0,0.11777170198222829,0.02980177717019822,5,0.8942331671714783,0.0,0.0,0.0,False,127,PNG,266,55,4.836363636363636,0.8601503759398497
f6fRApLW.png,sunda,train,0.0,254.73580932617188,0.0,0.18434343434343434,0.026094276094276093,5,0.7601500749588013,0.0,0.0,0.0,False,127,PNG,44,54,0.8148148148148148,1.2760942760942762
EaGEhyHL.png,jawi,train,0.0,250.52297973632812,0.0,0.24233217592592593,0.07326027199074074,256,0.5754641890525818,0.0,0.0,0.0,False,132,PNG,789,74,10.66216216216216,0.9676292261843592
qZBSLty4.png,lontara,train,0.0,252.0550079345703,0.0,0.14386432926829268,0.056497713414634144,256,0.6734220385551453,0.0,0.0,0.0,False,135,PNG,962,51,18.862745098039216,0.6718030247442012
3gdGLyyS.png,bali,train,0.0,251.09751892089844,0.0,0.12566964285714285,0.12626488095238095,256,1.1198680400848389,0.0,0.0,0.0,False,160,PNG,1409,64,22.015625,0.8694996451383961
bRpq18iJ.png,jawi,train,0.0,248.50921630859375,0.0,0.3241621376811594,0.09607110507246377,256,0.5686919093132019,0.0,0.0,0.0,False,131,PNG,807,73,11.054794520547944,1.1504812344044406
lp1In676.jpg,lampung,train,61.74493408203125,227.0098876953125,34.1136474609375,0.39050579518779344,0.534473114730047,256,0.5129488706588745,0.0,0.0,0.0,False,154,JPEG,1000,370,2.702702702702702,0.836972972972973
bo21nCpd.png,sunda,train,0.0,254.83583068847656,0.0,0.10031198432343234,0.01788108498349835,5,0.7836692333221436,0.0,0.0,0.0,False,127,PNG,768,101,7.603960396039604,0.4844265676567656
NA2mW6MM.png,sunda,train,0.0,254.5089569091797,0.0,0.1841418883672405,0.041471048513302036,5,0.7547764182090759,0.0,0.0,0.0,False,127,PNG,71,54,1.3148148148148149,1.2561293688054251
FgzMhPjr.png,jawi,train,0.0,254.9285430908203,0.0,0.04750088621056363,0.01435661113080468,5,0.9365893006324768,0.0,0.0,0.0,False,127,PNG,91,62,1.467741935483871,0.6919532080822404
DLSJox4o.png,jawa,train,0.0,254.6900177001953,0.0,0.21409465020576132,0.038991769547325104,5,0.734370768070221,0.0,0.0,0.0,False,127,PNG,108,90,1.2,1.05679012345679
yu3XZe48.png,jawa,train,0.0,248.13803100585938,0.0,0.21620244565217392,0.13609601449275363,256,0.8143596053123474,0.0,0.0,0.0,False,141,PNG,1012,61,16.59016393442623,1.1645175921726172
rTnbMuPc.png,bali,train,0.0,254.3140411376953,0.0,0.1494017094017094,0.05937321937321937,5,1.110356092453003,0.0,0.0,0.0,False,127,PNG,135,65,2.076923076923077,1.3976068376068376
s4uPNwXr.png,lontara,train,0.0,252.86212158203125,0.0,0.11330955615942029,0.04251585144927536,256,0.6671250462532043,0.0,0.0,0.0,False,135,PNG,943,57,16.54385964912281,0.54696656806385
ExoD4vP2.png,jawi,train,0.0,254.5809783935547,0.0,0.18395410565973114,0.033239147187259184,5,0.8232089281082153,0.0,0.0,0.0,False,127,PNG,687,85,8.08235294117647,0.8710334788937409
WGC3HdHJ.png,lontara,train,0.0,252.3209686279297,0.0,0.12291061046511628,0.053839631782945735,256,0.6882767081260681,0.0,0.0,0.0,False,137,PNG,943,53,17.79245283018868,0.6721222913623722
13j6YVfp.png,lontara,train,0.0,252.21331787109375,0.0,0.13487677845528456,0.056847052845528455,256,0.6831639409065247,0.0,0.0,0.0,False,137,PNG,935,50,18.7,0.6879144385026738
A4CGGZsR.png,jawi,train,0.0,254.73207092285156,0.0,0.18412397216951296,0.02049335863377609,5,0.7157453298568726,0.0,0.25,0.0,False,127,PNG,155,102,1.5196078431372548,0.7888678051865907
Qb0WFKYF.png,jawi,train,0.0,252.66864013671875,0.0,0.0876977237654321,0.05900366512345679,256,0.8171254396438599,0.0,0.0,0.0,False,146,PNG,959,68,14.102941176470589,0.6828191130466785
uBQ42CXJ.png,sunda,train,0.0,254.6952362060547,0.0,0.1294445920807866,0.03494552218974223,5,0.9218106865882874,0.0,0.0,0.0,False,127,PNG,710,53,13.39622641509434,0.8159447249534946
bmfAMvLs.png,pegon,train,0.0,254.54432678222656,0.0,0.16514761244303547,0.03348523875569645,5,0.8789162635803223,0.0,0.0,0.0,False,127,PNG,103,98,1.0510204081632653,1.1579155934218348
kTGitTTZ.png,jawa,train,0.0,229.01673889160156,0.0,0.3981103356103356,0.41555910305910304,24,1.5816650390625,0.0,0.0,0.0,False,79,PNG,592,91,6.5054945054945055,2.4664389664389663
pbGKPZDB.png,lampung,train,0.0,254.75900268554688,0.0,0.07146853146853147,0.02181818181818182,5,0.9363662004470825,0.0,0.0,0.0,False,127,PNG,325,110,2.9545454545454546,0.6822937062937063
QosnQx0a.png,sunda,train,0.0,254.60000610351562,0.0,0.1894630192502533,0.05015197568389058,5,0.9837338328361511,0.0,0.0,0.0,False,127,PNG,47,42,1.119047619047619,1.9858156028368796
A3amnqqs.jpg,lampung,train,29.178253173828125,195.7494659423828,49.07807922363281,0.2918923611111111,0.7169791666666666,219,0.6077984571456909,0.0,0.5,0.0,False,99,JPEG,480,360,1.3333333333333333,1.0599074074074073
gp4CQMwA.png,lontara,train,0.0,252.80751037597656,0.0,0.10059716235632184,0.046223958333333336,256,0.7065330743789673,0.0,0.0,0.0,False,138,PNG,866,65,13.323076923076924,0.6504885414816131
xuPX8psl.png,lontara,train,0.0,254.6107940673828,0.0,0.12538402457757297,0.026363287250384025,5,0.9180626273155212,0.0,0.0,0.0,False,127,PNG,744,70,10.628571428571428,0.7583717357910906
9cISqU3p.png,lampung,train,0.0,252.1068572998047,0.0,0.10294117647058823,0.06318082788671024,73,0.7761438488960266,0.0,0.0,0.0,False,107,PNG,102,36,2.833333333333333,2.3877995642701526
3vUqiFim.png,jawi,train,0.0,254.44911193847656,0.0,0.20856898029134532,0.04143101970865467,5,0.8202054500579834,0.0,0.0,0.0,False,127,PNG,389,60,6.483333333333333,1.0649528706083975
lHph2mVk.png,sunda,train,0.0,254.56349182128906,0.0,0.19143907563025211,0.033482142857142856,5,0.81816565990448,0.0,0.0,0.0,False,127,PNG,136,56,2.4285714285714284,1.1523109243697478
ZnCNUFWa.png,jawa,train,0.0,242.62831115722656,0.0,0.40472366556447803,0.3418044402456306,18,1.3987712860107422,0.0,0.0,0.0,False,45,PNG,365,58,6.293103448275862,2.205762871988663
ZAF7P4TS.png,lampung,train,0.0,254.66793823242188,0.0,0.09390363815142576,0.028115781710914455,5,0.9700021147727966,0.0,0.0,0.0,False,127,PNG,678,48,14.125,0.6831366764995084
adQMTd4d.png,jawi,train,0.0,250.59103393554688,0.0,0.25167900219298245,0.07024396929824561,256,0.5757764577865601,0.0,0.0,0.0,False,131,PNG,804,80,10.05,0.9063432835820896
M1LFLF2f.png,pegon,train,0.0,248.7864227294922,0.0,0.22152907338308458,0.11330068407960199,256,0.6651296615600586,0.0,0.0,0.0,False,137,PNG,823,72,11.430555555555555,1.1645740515728364
zJfN1IUl.png,sunda,train,0.0,254.48912048339844,0.0,0.18654073199527746,0.044569067296340026,5,0.9549790024757385,0.0,0.0,0.0,False,127,PNG,77,44,1.75,1.4946871310507674
Uv3ZYkHU.png,lampung,train,0.0,254.59185791015625,0.0,0.1062,0.0304,5,1.0103390216827393,0.0,0.0,0.0,False,127,PNG,250,40,6.25,0.8968
ZB89iX5O.png,jawa,train,0.0,251.13572692871094,0.0,0.1627840909090909,0.0818655303030303,256,0.6068230867385864,0.0,0.0,0.0,False,138,PNG,914,65,14.06153846153846,0.7921898670257532
HpJV9OF2.png,lampung,train,0.0,254.797607421875,0.0,0.0753680177455132,0.02061907642669893,5,0.9310142993927002,0.0,0.0,0.0,False,127,PNG,261,76,3.4342105263157894,0.6513409961685823
2Eo65dbo.png,lontara,train,0.0,251.92807006835938,0.0,0.1449032738095238,0.0574156746031746,256,0.670495867729187,0.0,0.0,0.0,False,135,PNG,937,51,18.37254901960784,0.708477200912382
mniEyr50.png,jawi,train,0.0,254.68321228027344,0.0,0.12104416234578938,0.045115918707908695,5,1.0977129936218262,0.0,0.0,0.0,False,127,PNG,357,47,7.595744680851064,0.917813934084272
Z2aYj4Mb.png,sunda,train,0.0,254.37777709960938,0.0,0.21052631578947367,0.0581140350877193,5,0.967775821685791,0.0,0.0,0.0,False,127,PNG,48,38,1.263157894736842,2.0350877192982457
lKFokYuI.png,jawa,train,0.0,252.26177978515625,0.0,0.22931278606473707,0.06299186670618065,14,0.833444356918335,0.0,0.0,0.0,False,67,PNG,573,53,10.81132075471698,1.2078105963317858
DZlkHVVs.jpg,pegon,train,32.163700103759766,171.8224334716797,51.33445739746094,0.28812966417910446,0.9037365257048093,251,0.7745687961578369,2.0,0.0,0.0,False,134,JPEG,878,460,1.908695652173913,2.9213627810240665
UD0troHv.png,lontara,train,0.0,252.31924438476562,0.0,0.13746744791666668,0.05576171875,256,0.6992681622505188,0.0,0.0,0.0,False,136,PNG,951,50,19.02,0.6623764458464774
JDdQ8TGU.png,lontara,train,0.0,252.80345153808594,0.0,0.10724914965986394,0.04453656462585034,256,0.6815310716629028,0.0,0.0,0.0,False,136,PNG,950,61,15.57377049180328,0.576220880069025
HpHvsaNP.png,sunda,train,0.0,254.8642120361328,0.0,0.1440677966101695,0.01725181598062954,5,0.7395419478416443,0.0,0.0,0.0,False,127,PNG,56,59,0.9491525423728814,1.019370460048426
8hScNnfh.png,jawi,train,0.0,254.63519287109375,0.0,0.08685751463890697,0.024398178269355888,5,0.9205883145332336,0.0,0.0,0.0,False,127,PNG,58,53,1.0943396226415094,1.1190631099544568
lJJD74rc.png,jawi,train,0.0,252.64056396484375,0.0,0.08849431818181819,0.06017992424242424,256,0.8213229775428772,0.0,0.0,0.0,False,147,PNG,957,69,13.869565217391305,0.6540971938273288
DXzY0DKg.png,jawa,train,0.0,251.90963745117188,0.0,0.1275483630952381,0.06964285714285715,256,0.6803072690963745,0.0,0.0,0.0,False,141,PNG,967,88,10.988636363636363,0.7726802669925731
SLBFk2LV.png,pegon,train,0.0,249.51438903808594,0.0,0.21379059436274508,0.1008157169117647,256,0.619990885257721,0.0,0.0,0.0,False,137,PNG,819,73,11.219178082191782,1.0529379296502583
hl9Zkp1X.png,bali,train,0.0,254.64500427246094,0.0,0.13681528006589785,0.042190074135090606,5,0.9930516481399536,0.0,0.0,0.0,False,127,PNG,607,64,9.484375,0.9499588138385504
9dyJtrsn.png,lampung,train,0.0,254.74937438964844,0.0,0.0883402995471961,0.024991292232671544,5,0.9317036867141724,0.0,0.0,0.0,False,127,PNG,522,44,11.863636363636363,0.6750261233019854
EKZ2hjos.png,jawa,train,0.0,252.24383544921875,0.0,0.0912805316091954,0.06467762212643678,256,0.860052764415741,0.0,0.0,0.0,False,146,PNG,840,63,13.333333333333334,0.8125472411186697
NWuOzl3e.png,pegon,train,0.0,254.43722534179688,0.0,0.16448979591836735,0.042915451895043734,5,0.900827944278717,0.0,0.0,0.0,False,127,PNG,196,175,1.12,1.1155685131195334
gJaMXpFS.png,jawa,train,5.741960525512695,245.23138427734375,1.319305419921875,0.17983716475095785,0.08539870689655173,256,0.5605846643447876,1.0,0.0,0.0,False,134,PNG,576,58,9.93103448275862,15.16786398467433
IWDWEDhC.png,bali,train,0.0,254.7434539794922,0.0,0.07522603978300181,0.022875226039783002,5,1.0434739589691162,0.0,0.0,0.0,False,127,PNG,140,79,1.7721518987341771,0.8853526220614828
XW4QHkMM.png,sunda,train,0.0,254.7532958984375,0.0,0.1004460938671465,0.023129404708352078,5,0.8364148736000061,0.0,0.0,0.0,False,127,PNG,702,76,9.236842105263158,0.5747488379067326
v72v6rHz.png,jawa,train,0.0,252.98992919921875,0.0,0.08779366134751773,0.04866190159574468,256,0.6880980730056763,0.0,0.0,0.0,False,142,PNG,999,122,8.188524590163935,0.5564909171466549
ghORLgLJ.png,jawa,train,0.0,250.57933044433594,0.0,0.2070855034722222,0.0773654513888889,256,0.6011578440666199,0.0,0.0,0.0,False,134,PNG,863,81,10.65432098765432,0.9013633177402972
HWMpicqN.png,bali,train,0.0,251.28970336914062,0.0,0.116015625,0.118359375,256,1.1273143291473389,0.0,0.0,0.0,False,160,PNG,1455,76,19.144736842105264,0.7986254295532647
besjh4lI.png,bali,train,0.0,251.05096435546875,0.0,0.1261904761904762,0.12380952380952381,256,1.1269608736038208,0.0,0.0,0.0,False,159,PNG,1410,64,22.03125,0.8520390070921986
Kez87I4J.png,jawa,train,8.960644721984863,219.7745361328125,3.682830810546875,0.29691199176531136,0.37352032938754504,256,0.9471584558486938,9.0,0.0,0.0,False,129,PNG,670,58,11.551724137931034,22.00741121976325
t3Ym3TGY.png,bali,train,0.0,251.31817626953125,0.0,0.12102336711711711,0.11996762387387387,256,1.1235027313232422,0.0,0.0,0.0,False,161,PNG,1414,68,20.794117647058822,0.8503203261502621
IEjn8TEX.png,jawa,train,0.0,248.99905395507812,0.0,0.2434640522875817,0.10529003267973856,256,0.6499090790748596,0.0,0.0,0.0,False,135,PNG,972,64,15.1875,1.0095164609053495
RHtL6NXw.png,sunda,train,0.0,250.0470428466797,0.0,0.16481119791666668,0.10930989583333334,256,0.7047880291938782,0.0,0.0,0.0,False,143,PNG,798,42,19.0,1.0335362215061463
t2n4u99T.png,jawi,train,0.0,254.7675018310547,0.0,0.13101125960223087,0.028833000105229926,5,0.9291254281997681,0.0,0.0,0.0,False,127,PNG,221,43,5.1395348837209305,0.954645901294328
YSDnjf8f.png,lampung,train,0.0,253.5079345703125,0.0,0.19633612106730386,0.07447232178414974,63,0.6697565913200378,0.0,0.25,0.0,False,150,PNG,93,27,3.4444444444444446,3.4918359219434487
zMOhEC7Z.png,lampung,train,0.0,252.86428833007812,0.0,0.08544698544698545,0.0632016632016632,84,0.880617082118988,0.0,0.0,0.0,False,92,PNG,130,37,3.5135135135135136,2.138877338877339
689030ZS.png,sunda,train,0.0,254.67962646484375,0.0,0.21303030303030304,0.040303030303030306,5,0.7670150399208069,0.0,0.0,0.0,False,127,PNG,60,55,1.0909090909090908,1.3333333333333333
MIUYemUt.png,jawa,train,0.0,251.01226806640625,0.0,0.19738156392694065,0.0799443493150685,256,0.6179507374763489,0.0,0.0,0.0,False,136,PNG,912,87,10.482758620689657,0.8850574712643678
JaRjy4g9.png,lampung,train,0.0,254.7010955810547,0.0,0.07661085743277524,0.02519871469643159,5,1.0142666101455688,0.0,0.0,0.0,False,127,PNG,146,81,1.8024691358024687,0.8909183155758498
yWw2jKLf.png,bali,train,0.0,250.36465454101562,0.0,0.14625336021505375,0.1460013440860215,256,1.1341302394866943,0.0,0.0,0.0,False,160,PNG,1406,56,25.107142857142858,0.978866084129242
sB5nwmQC.png,jawa,train,0.0,247.3385009765625,0.0,0.39526576490760146,0.0,16,1.4135429859161377,0.0,0.0,0.0,False,33,PNG,362,58,6.241379310344827,2.104400838254905
DAgTCtts.png,bali,train,0.0,251.31910705566406,0.0,0.11788396317829457,0.10568071705426356,256,1.037787675857544,0.0,0.0,0.0,False,154,PNG,1343,75,17.906666666666666,0.7954331099528419
7fLvnG6h.png,jawi,train,0.0,254.345458984375,0.0,0.16666666666666666,0.04071969696969697,5,0.7984417676925659,0.0,0.0,0.0,False,127,PNG,33,32,1.03125,2.0303030303030303
gllNr3XG.png,jawa,train,0.0,77.08563995361328,0.0,0.4769164416441644,0.3175067506750675,22,1.3282182216644287,0.0,0.0,0.0,True,140,PNG,606,88,6.886363636363637,2.196069606960696
qHmc41kt.png,bali,train,0.0,249.70863342285156,0.0,0.15599681712962962,0.1273871527777778,256,0.968050479888916,0.0,0.0,0.0,False,149,PNG,1406,66,21.303030303030305,0.9451269451269452
noOwJU2p.png,sunda,train,0.0,252.4015350341797,0.0,0.10097564553990611,0.05808025234741784,256,0.6672285795211792,0.0,0.0,0.0,False,141,PNG,830,77,10.77922077922078,0.6069785636050696
giNnvjGG.png,lampung,train,0.0,252.9568328857422,0.0,0.07250110815602837,0.04881427304964539,256,0.7893457412719727,0.0,0.0,0.0,False,144,PNG,898,55,16.327272727272728,0.5614091921441587
wDOeDUea.png,lontara,train,0.0,251.53195190429688,0.0,0.1675347222222222,0.061135912698412696,256,0.6476024985313416,0.0,0.0,0.0,False,134,PNG,886,49,18.081632653061224,0.7485143041415212
A8uMZawH.png,pegon,train,0.0,254.48976135253906,0.0,0.15865030674846625,0.03942740286298568,5,0.9083948731422424,0.0,0.0,0.0,False,127,PNG,163,150,1.086666666666667,1.1150920245398772
mU0VIMOM.jpg,jawi,train,77.2496337890625,230.06271362304688,71.90950012207031,0.3343226723525231,0.42954371002132197,250,0.23077797889709473,0.0,0.0,0.0,False,156,JPEG,750,469,1.5991471215351811,10.894828713574984
fIodXJ1R.png,pegon,train,0.0,254.52252197265625,0.0,0.27608577546259305,0.0330126873541913,5,0.804581344127655,0.0,0.0,0.0,False,127,PNG,377,83,4.542168674698795,0.9572081429164936
qg0nD3g1.png,bali,train,0.0,254.80364990234375,0.0,0.09016990291262136,0.029004854368932038,5,1.1562199592590332,0.0,0.0,0.0,False,127,PNG,206,80,2.575,0.9135922330097088
MVI2eyba.png,jawa,train,0.0,249.65737915039062,0.0,0.23795572916666666,0.1086697048611111,256,0.6623808145523071,0.0,0.0,0.0,False,137,PNG,985,61,16.147540983606557,0.9611716734625948
c0vJ7SsN.png,lontara,train,0.0,252.16542053222656,0.0,0.12444196428571429,0.05701264880952381,256,0.6973100304603577,0.0,0.0,0.0,False,137,PNG,900,49,18.367346938775512,0.6991383219954649
IH4Uc93c.png,sunda,train,0.0,254.71717834472656,0.0,0.13396739130434782,0.03401268115942029,5,0.8251824378967285,0.0,0.0,0.0,False,127,PNG,736,60,12.266666666666667,0.7565217391304347
uqkPqX5q.png,jawa,train,0.0,249.2191162109375,0.0,0.24309593023255813,0.10574127906976744,256,0.633230984210968,0.0,0.0,0.0,False,136,PNG,933,52,17.942307692307693,1.0454283123093413
zGBPIVsX.png,jawi,train,0.0,254.464111328125,0.0,0.13097713097713098,0.04261954261954262,5,0.9860616326332092,0.0,0.0,0.0,False,127,PNG,26,37,0.7027027027027027,2.453222453222453
veHvdin9.png,jawa,train,3.9313974380493164,247.11843872070312,0.363616943359375,0.1348747591522158,0.07267822736030828,256,0.7083669304847717,1.0,0.0,0.0,False,138,PNG,346,75,4.613333333333333,15.048015414258188
ehQYMkng.png,bali,train,0.0,254.72792053222656,0.0,0.10790554878324078,0.03178473068761569,5,1.0124123096466064,0.0,0.0,0.0,False,127,PNG,321,69,4.652173913043479,0.8755248543952323
muNHjvT1.png,jawi,train,0.0,254.67739868164062,0.0,0.09455541237113402,0.022605240549828178,5,0.9270176291465759,0.0,0.0,0.0,False,127,PNG,291,64,4.546875,0.7414089347079038
YB8a3Tvf.png,pegon,train,0.0,254.2758026123047,0.0,0.20376237623762375,0.055445544554455446,5,0.9881362915039062,0.0,0.0,0.0,False,127,PNG,100,101,0.99009900990099,1.5976237623762377
VBXfIuQo.png,lampung,train,0.0,249.20347595214844,0.0,0.14307692307692307,0.12794871794871795,81,0.6116383671760559,0.0,0.0,0.0,False,139,PNG,100,39,2.5641025641025643,3.3025641025641024
Enpc8p6E.jpg,lampung,train,4.4006733894348145,239.81991577148438,3.47039794921875,0.04989766081871345,0.11637426900584795,237,0.9233944416046143,1.0,0.0,0.0,False,187,JPEG,300,228,1.3157894736842106,1.6733333333333331
ArLIuehv.png,pegon,train,27.799015045166016,177.13218688964844,37.400482177734375,0.3936139511873351,0.755153364116095,184,0.3353837728500366,0.0,0.0,0.0,False,121,PNG,1521,750,2.028,7.426433486741179
Hc6z8jIH.png,jawi,train,0.0,251.2369384765625,0.0,0.22147389846743296,0.06389188218390805,256,0.5783209204673767,0.0,0.0,0.0,False,132,PNG,799,90,8.877777777777778,0.8653038520372688
3uZ754oe.jpg,jawa,train,18.8666934967041,172.94424438476562,2.4156341552734375,0.4981351518361582,0.5899320268361582,256,0.6530857682228088,1.0,0.5,0.12602897687146894,False,98,JPEG,1000,614,1.6286644951140066,2.811986970684039
DOuAVBCT.png,jawa,train,0.0,250.6296844482422,0.0,0.19261532738095238,0.09037078373015874,256,0.686418354511261,0.0,0.0,0.0,False,139,PNG,932,51,18.274509803921568,0.9394933939240931
niytSMhh.png,jawi,train,0.0,254.505126953125,0.0,0.1796472184531886,0.03761872455902306,5,0.8572304248809814,0.0,0.0,0.0,False,127,PNG,440,67,6.567164179104478,1.0618724559023067
aoPT6i3l.png,jawa,train,0.0,254.69927978515625,0.0,0.2455688043828553,0.050381351380384576,5,0.7624414563179016,0.0,0.0,0.0,False,127,PNG,107,87,1.2298850574712643,1.1429799119132025
XZZuXKEY.png,bali,train,0.0,250.41041564941406,0.0,0.1515842013888889,0.13509114583333334,256,1.0629557371139526,0.0,0.0,0.0,False,155,PNG,1420,66,21.51515151515152,0.9051643192488265
nHpvpCBB.png,sunda,train,0.0,254.72305297851562,0.0,0.16327586206896552,0.043620689655172414,5,0.8190470337867737,0.0,0.0,0.0,False,127,PNG,100,58,1.7241379310344829,1.1420689655172414
m121DOJC.png,jawa,train,4.826192855834961,245.9379119873047,1.0557861328125,0.16907014482104038,0.07991182143841279,256,0.5793795585632324,1.0,0.0,0.0,False,134,PNG,573,57,10.052631578947368,14.862741495973792
PsItOhnH.png,jawi,train,0.0,254.52227783203125,0.0,0.2319671429793788,0.03743475656712587,5,0.8080968260765076,0.0,0.0,0.0,False,127,PNG,377,62,6.080645161290323,1.027124155044066
NrSfvP0C.png,lontara,train,0.0,252.9822235107422,0.0,0.10952948446327683,0.04235081214689265,256,0.687854528427124,0.0,0.0,0.0,False,136,PNG,944,72,13.11111111111111,0.5680320150659134
Y0PizvCj.png,jawi,train,0.0,254.6958770751953,0.0,0.12557710064635272,0.026892890120036934,5,0.8687719106674194,0.0,0.0,0.0,False,127,PNG,114,76,1.5,0.9501385041551248
RtVhw7WU.png,jawi,train,0.0,254.46939086914062,0.0,0.21727603672048115,0.03925292814181703,5,0.8288871049880981,0.0,0.0,0.0,False,127,PNG,486,52,9.346153846153848,1.0804051915163029
FMKU5Hon.png,lontara,train,0.0,252.28945922851562,0.0,0.13020833333333334,0.05161830357142857,256,0.6844500303268433,0.0,0.0,0.0,False,136,PNG,942,52,18.115384615384617,0.6614404703576678
Tm3dwYeQ.png,lontara,train,0.0,251.61532592773438,0.0,0.16276041666666666,0.0642485119047619,256,0.6789395213127136,0.0,0.0,0.0,False,135,PNG,935,43,21.74418604651163,0.7760228827260292
GmZ1gfCu.png,sunda,train,0.0,254.424072265625,0.0,0.1872,0.048228571428571426,5,0.9332965612411499,0.0,0.0,0.0,False,127,PNG,125,35,3.571428571428572,1.4189714285714286
zpTONVp2.png,jawi,train,0.0,252.41812133789062,0.0,0.09824587264150944,0.06100137578616352,256,0.7384384274482727,0.0,0.0,0.0,False,143,PNG,871,60,14.516666666666667,0.6805970149253732
6JPcEjrb.png,sunda,train,0.0,254.54428100585938,0.0,0.21323529411764705,0.05952380952380952,5,0.9405910968780518,0.0,0.0,0.0,False,127,PNG,68,42,1.619047619047619,1.7591036414565826
XxWkw905.png,lontara,train,0.0,252.7942657470703,0.0,0.1067251461988304,0.04516173245614035,256,0.6822060346603394,0.0,0.0,0.0,False,136,PNG,964,72,13.38888888888889,0.570078377132319
r3tGNzm6.jpg,jawa,train,33.844146728515625,173.56419372558594,11.025314331054688,0.31775160498489424,0.9178035309667674,231,0.43413859605789185,1.0,0.0,0.01754862160120846,False,126,JPEG,2834,1223,2.3172526573998367,0.688442121165084
fKyxPzrH.png,pegon,train,0.0,254.48025512695312,0.0,0.1720186944067541,0.04188150158299412,5,0.8815749883651733,0.0,0.0,0.0,False,127,PNG,201,165,1.2181818181818185,1.0842755917382785
V8n1dXSm.png,lampung,train,0.0,254.65084838867188,0.0,0.10927109974424552,0.028964194373401534,5,0.9867154359817505,0.0,0.0,0.0,False,127,PNG,230,68,3.3823529411764706,0.9002557544757033
TxG9PdgC.png,jawi,train,0.0,254.79833984375,0.0,0.11687537268932618,0.017193400914331147,5,0.782369077205658,0.0,0.0,0.0,False,127,PNG,117,86,1.3604651162790695,0.7767839395746372
CU4SljdE.png,lontara,train,0.0,252.8120880126953,0.0,0.12459309895833333,0.044976128472222224,256,0.6729356646537781,0.0,0.0,0.0,False,135,PNG,866,54,16.037037037037038,0.607133692584039
GGMdDpgF.png,jawa,train,4.649189472198486,247.15599060058594,1.6873931884765625,0.14714932126696834,0.08171945701357466,256,0.7147514820098877,1.0,0.0,0.0,False,139,PNG,650,51,12.745098039215684,15.122533936651584
PAWQTNXw.png,jawa,train,0.0,252.59478759765625,0.0,0.15027472527472527,0.0,22,1.2250404357910156,0.0,0.0,0.0,False,36,PNG,520,91,5.714285714285714,1.4490278951817412
ET3InrVE.png,jawi,train,0.0,254.73680114746094,0.0,0.088125,0.0203125,5,0.9262235760688782,0.0,0.0,0.0,False,127,PNG,64,50,1.28,1.18
E9Tm3Fpb.png,jawi,train,0.0,249.88478088378906,0.0,0.2739190924657534,0.08053296232876712,256,0.5781880617141724,0.0,0.0,0.0,False,132,PNG,817,78,10.474358974358974,1.0101999184006527
doyUwjr8.png,pegon,train,0.0,254.45277404785156,0.0,0.19342926961715992,0.05023079011675265,5,0.9692769646644592,0.0,0.0,0.0,False,127,PNG,145,127,1.141732283464567,1.3610643497149064
6wUPvKhT.png,sunda,train,0.0,254.43072509765625,0.0,0.19476584022038568,0.046556473829201105,5,0.7658609747886658,0.0,0.0,0.0,False,127,PNG,66,55,1.2,1.346556473829201
t3xloWkI.png,jawa,train,0.0,252.79856872558594,0.0,0.11065022677028967,0.04667593500011395,24,0.8584806323051453,0.0,0.0,0.0,False,89,PNG,493,89,5.53932584269663,0.9171091916038016
reK9JAqs.png,lontara,train,0.0,253.23587036132812,0.0,0.09450276692708333,0.037129720052083336,256,0.6811670064926147,0.0,0.0,0.0,False,136,PNG,944,79,11.949367088607596,0.5110491310877494
QBi4np6m.png,jawi,train,0.0,254.71083068847656,0.0,0.19490740740740742,0.03148148148148148,5,0.7338047623634338,0.0,0.0,0.0,False,127,PNG,168,90,1.8666666666666667,0.7883597883597884
pugriEKg.jpg,pegon,train,24.881006240844727,206.61923217773438,25.10687255859375,0.065277099609375,0.6827612982855903,256,0.1914135217666626,0.0,0.0,0.0004730224609375,False,156,JPEG,768,768,1.0,3.6099446614583335
sneBuutJ.png,sunda,train,0.0,250.658203125,0.0,0.16492069128787878,0.10431463068181818,256,0.7332337498664856,0.0,0.0,0.0,False,144,PNG,803,46,17.456521739130434,1.0335156207699387
VA317cEJ.jpg,pegon,train,0.0,248.6149139404297,0.0,0.09110769822714808,0.11805752557217435,256,0.6042496562004089,0.0,0.0,0.0,False,174,JPEG,677,453,1.4944812362030906,1.4872522262546424
wo76s5ii.png,pegon,train,0.0,254.5581817626953,0.0,0.1252657004830918,0.03468599033816425,5,0.9711297750473022,0.0,0.0,0.0,False,127,PNG,150,138,1.0869565217391304,1.0403864734299515
vtF71dpN.png,lampung,train,0.0,252.73129272460938,0.0,0.09664246823956443,0.049682395644283124,73,0.9286580681800842,0.0,0.0,0.0,False,82,PNG,116,38,3.0526315789473686,2.250453720508167
gGNLaVqC.png,jawi,train,0.0,250.81201171875,0.0,0.238818359375,0.06886393229166667,256,0.5817250609397888,0.0,0.0,0.0,False,132,PNG,802,84,9.547619047619047,0.9154494715591972
fEIpVd4O.png,jawa,train,8.754480361938477,224.85464477539062,0.66387939453125,0.27171296760605756,0.34038712265570154,256,0.9581001996994019,5.0,0.0,0.0,False,134,PNG,676,59,11.457627118644067,21.667636144819976
eZChotVz.png,jawi,train,0.0,254.60545349121094,0.0,0.16476964769647698,0.03008130081300813,5,0.8099973201751709,0.0,0.0,0.0,False,127,PNG,82,45,1.8222222222222224,1.237940379403794
EdHsJlgR.png,jawa,train,0.0,250.52630615234375,0.0,0.1789158950617284,0.09772858796296297,256,0.7158054709434509,0.0,0.0,0.0,False,139,PNG,933,65,14.353846153846154,0.9447769807898424
813ukdjO.png,pegon,train,0.0,254.35667419433594,0.0,0.1693158953722334,0.044617706237424545,5,0.9466499090194702,0.0,0.0,0.0,False,127,PNG,140,142,0.9859154929577464,1.2583501006036215
BLCK8n8x.png,jawi,train,0.0,254.74143981933594,0.0,0.09442508710801394,0.024825783972125436,5,0.9026044011116028,0.0,0.0,0.0,False,127,PNG,205,56,3.6607142857142856,0.802787456445993
W1C1YnzQ.png,jawi,train,0.0,254.7501678466797,0.0,0.09817170111287758,0.023705428117192822,5,0.9144477248191833,0.0,0.0,0.0,False,127,PNG,518,68,7.617647058823529,0.6752214399273223
91iDVf68.png,lampung,train,0.0,252.09262084960938,0.0,0.1886128364389234,0.15486542443064183,80,0.6340565085411072,0.0,0.0,0.0,False,147,PNG,115,42,2.738095238095238,2.8024844720496893
81j5zVEb.png,lampung,train,0.0,248.33790588378906,0.0,0.227156432748538,0.17653508771929824,135,0.5406973361968994,0.0,0.0,0.0,False,142,PNG,152,36,4.222222222222222,4.062865497076023
mapjGkc3.png,bali,train,0.0,250.4580535888672,0.0,0.13250868055555556,0.11948784722222222,256,1.0375182628631592,0.0,0.0,0.0,False,154,PNG,1447,56,25.839285714285715,0.8370026656135847
JMxapaoo.png,lontara,train,0.0,250.285400390625,0.0,0.15889362373737373,0.08668718434343434,256,0.7353639602661133,0.0,0.0,0.0,False,138,PNG,1061,46,23.065217391304348,0.9034954718682128
4nuIEMKJ.png,jawa,train,0.0,250.10382080078125,0.0,0.23976089015151514,0.08757496843434344,256,0.6489093899726868,0.0,0.0,0.0,False,134,PNG,828,71,11.661971830985916,1.0930121793563312
jtYjaI51.png,lampung,train,0.0,247.6617431640625,0.0,0.15162907268170425,0.14306599832915623,107,0.5668719410896301,0.0,0.0,0.0,False,140,PNG,133,36,3.6944444444444446,3.318295739348371
ydLzP6nj.png,lampung,train,0.0,252.8304901123047,0.0,0.15851565851565852,0.08966108966108965,96,0.7149737477302551,0.0,0.0,0.0,False,151,PNG,126,37,3.4054054054054053,2.7164307164307164
SBmp4ejo.png,jawi,train,0.0,254.83399963378906,0.0,0.06984126984126984,0.01180952380952381,5,0.8330816626548767,0.0,0.0,0.0,False,127,PNG,210,75,2.8,0.5094603174603175
WthKsRUl.png,lontara,train,0.0,254.56101989746094,0.0,0.13681722689075632,0.02809873949579832,5,0.8857954740524292,0.0,0.0,0.0,False,127,PNG,748,56,13.357142857142858,0.7182964094728801
DZTo0L77.png,lampung,train,0.0,250.73876953125,0.0,0.1741721854304636,0.11208609271523179,117,0.6386330127716064,0.0,0.0,0.0,False,150,PNG,151,40,3.775,3.3112582781456954
OfSyjlyN.png,jawi,train,0.0,254.69766235351562,0.0,0.09049409237379162,0.029269602577873255,5,0.9606166481971741,0.0,0.0,0.0,False,127,PNG,76,49,1.5510204081632653,1.17937701396348
NQ0U6894.png,jawi,train,0.0,254.77676391601562,0.0,0.10079950799507995,0.025584255842558426,5,0.8411192297935486,0.0,0.0,0.0,False,127,PNG,271,60,4.516666666666667,0.7325953259532595
VvWr2DRJ.jpg,pegon,train,38.56221008300781,251.2936553955078,8.0958251953125,0.06788315007716049,0.10068238811728394,256,0.6506038308143616,0.0,0.0,0.0,False,171,JPEG,1280,720,1.7777777777777777,0.4110503472222222
Mzb4wZCZ.png,jawa,train,0.0,252.06317138671875,0.0,0.1478156094527363,0.06708644278606965,256,0.6712912917137146,0.0,0.0,0.0,False,139,PNG,875,76,11.513157894736842,0.8006015037593985
Qb6CW7sv.png,lontara,train,0.0,252.06097412109375,0.0,0.12645004734848486,0.05886008522727273,256,0.7093145847320557,0.0,0.0,0.0,False,138,PNG,944,54,17.48148148148148,0.725517890772128
v6kj867e.png,lampung,train,0.0,248.66079711914062,0.0,0.1906562847608454,0.16307007786429367,126,0.5617015361785889,0.0,0.0,0.0,False,146,PNG,145,31,4.67741935483871,3.806896551724138
SsWU9PM8.png,sunda,train,0.0,254.55824279785156,0.0,0.1951388888888889,0.04375,5,0.7964955568313599,0.0,0.0,0.0,False,127,PNG,40,36,1.1111111111111112,1.8777777777777775
hgbUOPe3.png,sunda,train,0.0,254.46978759765625,0.0,0.21469575200918484,0.0574052812858783,5,0.973492443561554,0.0,0.0,0.0,False,127,PNG,67,39,1.7179487179487178,1.821660926138538
sncIXO2l.png,lontara,train,0.0,252.0077362060547,0.0,0.12919560185185186,0.05896990740740741,256,0.7030211687088013,0.0,0.0,0.0,False,137,PNG,868,51,17.019607843137255,0.737869341284901
FjH55jbg.png,sunda,train,0.0,254.65484619140625,0.0,0.17494145199063232,0.03208430913348946,5,0.7149802446365356,0.0,0.0,0.0,False,127,PNG,70,61,1.147540983606557,1.0772833723653397
XOj8QBf5.png,bali,train,0.0,250.6822052001953,0.0,0.1470920138888889,0.14357638888888888,256,1.1175521612167358,0.0,0.0,0.0,False,160,PNG,1371,54,25.38888888888889,0.9272496420563524
qUOpSY2G.png,lampung,train,0.0,253.22166442871094,0.0,0.11301172400538151,0.04362867576398232,77,0.8939940333366394,0.0,0.0,0.0,False,79,PNG,121,43,2.813953488372093,2.1449163943878533
7i1dsQVN.png,pegon,train,0.0,254.42901611328125,0.0,0.17623237676232376,0.040745925407459256,5,0.8521009087562561,0.0,0.0,0.0,False,127,PNG,146,137,1.0656934306569343,1.163083691630837
fVa1V6Yb.png,jawa,train,0.0,204.20721435546875,0.0,0.24857584635416666,0.5357869466145834,256,1.2522655725479126,23.0,0.0,0.0,False,124,PNG,950,79,12.025316455696204,2.0081545636242506
BfCvYSjw.png,sunda,train,0.0,250.21836853027344,0.0,0.1609623015873016,0.1048797123015873,256,0.734058678150177,0.0,0.0,0.0,False,143,PNG,802,44,18.227272727272727,1.0414871911131265
9TAbChoL.png,jawa,train,0.0,251.4230499267578,0.0,0.19943957511974195,0.0,24,1.2577941417694092,0.0,0.0,0.0,False,37,PNG,653,94,6.946808510638298,1.676322048809097
rAElAId0.png,jawi,train,0.0,254.72410583496094,0.0,0.08483866949046967,0.02242431792699639,5,0.8661067485809326,0.0,0.0,0.0,False,127,PNG,349,69,5.057971014492754,0.6421660230056891
tvhWK7Hy.png,bali,train,0.0,250.60984802246094,0.0,0.15243055555555557,0.140234375,256,1.0858441591262817,0.0,0.0,0.0,False,158,PNG,1446,56,25.821428571428573,0.9404267931238884
0HGBgMZi.png,jawi,train,0.0,254.56529235839844,0.0,0.16500340916134631,0.03641604165375318,5,0.8365572690963745,0.0,0.0,0.0,False,127,PNG,442,73,6.054794520547945,0.9843178578069794
gOonbitg.png,lontara,train,0.0,252.39080810546875,0.0,0.10929188829787234,0.057208554964539006,256,0.7404458522796631,0.0,0.0,0.0,False,141,PNG,797,49,16.26530612244898,0.7790438634675954
AWERVvHG.png,sunda,train,0.0,254.8686981201172,0.0,0.09973924380704041,0.017777596697088224,5,0.7755368947982788,0.0,0.0,0.0,False,127,PNG,767,96,7.989583333333333,0.4817470664928292
o3CxD95x.png,jawa,train,4.067385196685791,247.75982666015625,0.34979248046875,0.10215053763440861,0.05643625192012289,256,0.669395923614502,1.0,0.0,0.0,False,138,PNG,434,75,5.786666666666667,14.296282642089094
eLBBW2QF.png,sunda,train,0.0,248.9167022705078,0.0,0.1748218201754386,0.11674205043859649,256,0.7171676754951477,0.0,0.0,0.0,False,140,PNG,805,40,20.125,1.0951552795031056
xNBTYUed.png,bali,train,0.0,251.01995849609375,0.0,0.1388888888888889,0.133984375,256,1.104596734046936,0.0,0.0,0.0,False,160,PNG,1540,61,25.24590163934426,0.8228230785607835
NvJjdbil.png,jawi,train,0.0,254.49746704101562,0.0,0.1950514453699167,0.03331700146986771,5,0.8099425435066223,0.0,0.0,0.0,False,127,PNG,314,65,4.830769230769231,0.9693287604115628
kroxfm4S.png,lampung,train,0.0,251.59121704101562,0.0,0.12373737373737374,0.07789432789432789,99,0.6446857452392578,0.0,0.0,0.0,False,146,PNG,143,36,3.9722222222222223,2.7132867132867133
4FK8CmTj.png,jawa,train,0.0,248.21856689453125,0.0,0.1989407102575827,0.16310394756896815,22,1.117572546005249,0.0,0.0,0.0,False,70,PNG,648,81,8.0,1.643347050754458
IjWB2eiN.png,jawi,train,0.0,254.7933349609375,0.0,0.09016335644611588,0.01671171700552356,5,0.8621437549591064,0.0,0.0,0.0,False,127,PNG,635,67,9.477611940298509,0.5902456222822894
VObY0cqk.jpg,pegon,train,18.443889617919922,116.986083984375,33.63097381591797,0.13172904284299158,0.9718417223873205,156,0.6718266606330872,1.0,0.0,0.00034438459633481924,False,88,JPEG,1967,1724,1.140951276102088,4.841454769355621
lzSevp4g.png,sunda,train,0.0,254.5289306640625,0.0,0.18770856507230255,0.035734149054505004,5,0.777554452419281,0.0,0.0,0.0,False,127,PNG,124,58,2.1379310344827585,1.150166852057842
rfMDau6y.png,jawi,train,0.0,254.68272399902344,0.0,0.15375164808821767,0.025560349994006953,5,0.8080042600631714,0.0,0.0,0.0,False,127,PNG,412,81,5.08641975308642,0.7361860242119141
1n55t9rr.png,jawi,train,0.0,254.7855987548828,0.0,0.07298136645962733,0.02096273291925466,5,0.9361839890480042,0.0,0.0,0.0,False,127,PNG,69,56,1.2321428571428572,1.0351966873706004
3xzUVc3u.png,sunda,train,0.0,254.654296875,0.0,0.12837413684871313,0.03567691985771082,5,0.891643226146698,0.0,0.0,0.0,False,127,PNG,162,59,2.7457627118644066,1.0052312199204854
dwY5xOLe.png,lampung,train,0.0,254.77931213378906,0.0,0.07419450192137156,0.02057345551285841,5,0.9587439894676208,0.0,0.0,0.0,False,127,PNG,199,85,2.3411764705882354,0.7160508424475318
LDR67vYw.png,lampung,train,0.0,254.70669555664062,0.0,0.07534536825154674,0.019747436223408764,5,1.0096840858459473,0.0,0.0,0.0,False,127,PNG,171,69,2.4782608695652173,0.7987117552334944
d99PX5Ja.png,bali,train,0.0,254.57618713378906,0.0,0.13417622267960405,0.047044986768597474,5,1.1003178358078003,0.0,0.0,0.0,False,127,PNG,358,57,6.280701754385965,1.116142311084975
oIQUcmLf.png,jawi,train,0.0,253.82533264160156,0.0,0.05676174903100775,0.024330789728682172,256,0.6337676644325256,0.0,0.0,0.0,False,137,PNG,838,94,8.914893617021276,0.4116183415426801
PnJm72Pb.png,sunda,train,0.0,254.3928680419922,0.0,0.16816326530612244,0.057687074829931975,5,0.897189736366272,0.0,0.0,0.0,False,127,PNG,175,42,4.166666666666667,1.174421768707483
58182AjM.png,sunda,train,0.0,254.77760314941406,0.0,0.1590909090909091,0.03668831168831169,5,0.7106921076774597,0.0,0.0,0.0,False,127,PNG,55,56,0.9821428571428572,1.1844155844155844
rbX8udzi.png,lampung,train,0.0,251.60389709472656,0.0,0.13875386654882899,0.0830755634114008,55,0.9127761721611023,0.0,0.0,0.0,False,80,PNG,73,31,2.3548387096774195,3.082633672116659
s6S2jmQV.png,sunda,train,0.0,254.7408905029297,0.0,0.19163636363636363,0.032,5,0.7616869211196899,0.0,0.0,0.0,False,127,PNG,50,55,0.9090909090909092,1.4050909090909092
2LT7SZwr.png,jawa,train,0.0,251.3354949951172,0.0,0.14624565972222223,0.06493055555555556,256,0.5925989151000977,0.0,0.0,0.0,False,135,PNG,850,66,12.87878787878788,0.7255614973262032
u2hfbgTK.png,jawa,train,0.0,249.64688110351562,0.0,0.23146565755208334,0.09946695963541667,256,0.6432476043701172,0.0,0.0,0.0,False,136,PNG,912,76,12.0,0.9904201292705448
VMP4kZ1O.png,jawi,train,0.0,250.27764892578125,0.0,0.23127398574561403,0.07951274671052631,256,0.5971660017967224,0.0,0.0,0.0,False,133,PNG,805,80,10.0625,1.0243478260869563
x3hDUkle.png,jawa,train,8.253549575805664,228.17469787597656,1.2747344970703125,0.2371987951807229,0.2955686381891201,256,0.8440670371055603,4.0,0.0,0.0,False,134,PNG,664,66,10.06060606060606,21.21157356699525
UiPZ7edq.png,lontara,train,0.0,252.4727783203125,0.0,0.12255084325396826,0.051525297619047616,256,0.7032633423805237,0.0,0.0,0.0,False,137,PNG,942,52,18.115384615384617,0.6562142740486689
Ps8l8f2o.png,lontara,train,0.0,254.63702392578125,0.0,0.13807415605976758,0.024349750968456003,5,0.9055848121643066,0.0,0.0,0.0,False,127,PNG,417,52,8.01923076923077,0.7570558937465413
waNwx08C.png,bali,train,0.0,250.18417358398438,0.0,0.15272177419354838,0.13008232526881722,256,1.0089269876480103,0.0,0.0,0.0,False,153,PNG,1412,57,24.771929824561404,0.9105909249043288
yU3u4hYx.png,jawi,train,0.0,254.26605224609375,0.0,0.16952380952380952,0.06666666666666667,5,0.9432694911956787,0.0,0.0,0.0,False,127,PNG,21,25,0.84,3.337142857142857
PfkSwejU.png,lontara,train,0.0,252.8849334716797,0.0,0.10536662581699346,0.0441687091503268,256,0.6801258325576782,0.0,0.0,0.0,False,137,PNG,949,63,15.063492063492063,0.56453744124977
3q0rYDno.png,pegon,train,0.0,254.44956970214844,0.0,0.1573514077163712,0.04374348279457768,5,0.9552080035209656,0.0,0.0,0.0,False,127,PNG,140,137,1.0218978102189782,1.2116788321167884
5yH82hWM.png,jawi,train,0.0,254.2880859375,0.0,0.18657080185230318,0.056330733609553985,5,0.9335210919380188,0.0,0.0,0.0,False,127,PNG,746,44,16.954545454545453,1.043626614672191
bNohXPr9.png,jawi,train,0.0,254.71163940429688,0.0,0.10515418982238205,0.029748283752860413,5,0.9038858413696289,0.0,0.0,0.0,False,127,PNG,266,69,3.855072463768116,0.7871853546910755
Y0M39Mof.png,lontara,train,0.0,253.00628662109375,0.0,0.10257523148148148,0.04415509259259259,256,0.7013674974441528,0.0,0.0,0.0,False,137,PNG,999,58,17.224137931034484,0.5804425114769942
QitMTWIs.png,sunda,train,0.0,252.4095001220703,0.0,0.12958404680365296,0.059877996575342464,256,0.5996823310852051,0.0,0.0,0.0,False,138,PNG,788,75,10.506666666666666,0.6812859560067682
3X5nVAVF.png,bali,train,0.0,250.6534881591797,0.0,0.13425925925925927,0.12550636574074073,256,1.0940887928009033,0.0,0.0,0.0,False,156,PNG,1378,64,21.53125,0.8891509433962265
9QkzJWYC.png,bali,train,0.0,254.65135192871094,0.0,0.09615410698784722,0.006812201605902778,256,0.4712057411670685,0.0,0.0,0.0,False,129,PNG,864,864,1.0,0.2260588134430727
G02HH7pZ.png,pegon,train,0.0,249.97735595703125,0.0,0.16107772435897436,0.09797676282051282,256,0.7266731858253479,0.0,0.0,0.0,False,140,PNG,825,70,11.785714285714286,1.0827359307359308
isCRUjsC.jpg,pegon,train,0.0,247.86260986328125,0.0,0.18910392992424244,0.22646484375,256,0.7350404858589172,0.0,0.0,0.0,False,171,JPEG,1280,734,1.7438692098092643,1.7649863760217983
4i1G43sq.png,lontara,train,0.0,254.5984649658203,0.0,0.16121165447311,0.027339237581825184,5,0.8640879392623901,0.0,0.0,0.0,False,127,PNG,318,49,6.489795918367347,0.8014375561545373
mMgmhdVW.png,lampung,train,0.0,251.46095275878906,0.0,0.15080213903743314,0.08074866310160428,59,0.9669522047042847,0.0,0.0,0.0,False,74,PNG,55,34,1.6176470588235294,3.229946524064171
c1Ec9G4r.png,jawa,train,0.0,251.36924743652344,0.0,0.1530062134502924,0.07775950292397661,256,0.6797048449516296,0.0,0.0,0.0,False,139,PNG,909,68,13.367647058823527,0.8573092603377985
efuoz9rC.png,lampung,train,0.0,248.531005859375,0.0,0.1728826728826729,0.1388888888888889,114,0.4950139820575714,0.0,0.0,0.0,False,140,PNG,143,36,3.9722222222222223,3.466977466977467
jfpGCWXC.png,bali,train,0.0,254.64283752441406,0.0,0.12679092746463058,0.03718841230631035,5,0.991728663444519,0.0,0.0,0.0,False,127,PNG,730,61,11.9672131147541,0.8686278913092297
XFGzYUI3.png,sunda,train,0.0,251.95028686523438,0.0,0.11067708333333333,0.0697009154040404,256,0.5945929884910583,0.0,0.0,0.0,False,142,PNG,775,67,11.567164179104475,0.6680404429465575
lwSlyHKB.png,bali,train,0.0,254.71412658691406,0.0,0.09803592412288065,0.031811314420010076,5,0.9873245358467102,0.0,0.0,0.0,False,127,PNG,161,74,2.175675675675676,0.986402551619943
cJWdEO6y.png,jawi,train,0.0,252.45579528808594,0.0,0.09765625,0.05852004716981132,256,0.730466902256012,0.0,0.0,0.0,False,143,PNG,851,59,14.423728813559322,0.7338923300603477
ICgXhk2z.png,jawi,train,0.0,254.67955017089844,0.0,0.17645856052344602,0.031931570338058886,5,0.808989942073822,0.0,0.0,0.0,False,127,PNG,524,56,9.357142857142858,0.8699563794983642
lwmeawxL.png,jawi,train,0.0,254.5318603515625,0.0,0.19163566303481264,0.034081849588094605,5,0.8150238394737244,0.0,0.0,0.0,False,127,PNG,424,71,5.971830985915493,0.9364868456019134
8LHeooKP.png,lampung,train,0.0,253.44338989257812,0.0,0.17386091127098321,0.0803357314148681,93,0.7565377354621887,0.0,0.0,0.0,False,141,PNG,139,36,3.861111111111111,2.6171063149480416
rEohqrKO.webp,jawa,train,54.78579330444336,106.87882995605469,96.98616027832031,0.42840852597564005,0.9999596072582649,178,0.32929468154907227,0.0,0.0,0.009709793686303753,True,142,WEBP,720,447,1.610738255033557,0.4574198359433258
S7tOC4MU.png,sunda,train,0.0,251.81243896484375,0.0,0.14827008928571428,0.0691592261904762,256,0.5728786587715149,0.0,0.0,0.0,False,137,PNG,790,72,10.97222222222222,0.7143459915611814
tHJHoMuu.png,jawa,train,0.0,226.15591430664062,0.0,0.20484375,0.295,256,0.7939287424087524,8.0,0.0,0.0,False,125,PNG,916,90,10.177777777777775,1.5584667637069385
rAKwhp69.png,jawi,train,0.0,250.72195434570312,0.0,0.2453125,0.06901041666666667,256,0.5387946963310242,0.0,0.0,0.0,False,131,PNG,777,66,11.772727272727272,0.9175929175929176
enryLTKQ.png,jawi,train,0.0,251.63204956054688,0.0,0.21428999042145594,0.05741139846743295,256,0.5643337965011597,0.0,0.0,0.0,False,132,PNG,810,92,8.804347826086957,0.7672571121846484
IpnJvcln.png,sunda,train,0.0,254.61326599121094,0.0,0.20768633540372672,0.039596273291925464,5,0.8228620290756226,0.0,0.0,0.0,False,127,PNG,138,56,2.4642857142857144,1.1935817805383022
B9Ev6phT.png,jawa,train,0.0,223.8596649169922,0.0,0.23445767195767195,0.3061135912698413,256,0.7374044060707092,11.0,0.0,0.0,False,122,PNG,975,80,12.1875,1.6368205128205129
DUCMjwal.png,sunda,train,0.0,254.44992065429688,0.0,0.19760119940029985,0.04827586206896552,5,0.7958877086639404,0.0,0.0,0.0,False,127,PNG,115,58,1.9827586206896552,1.330134932533733
C5R3SyGp.png,jawi,train,0.0,254.66319274902344,0.0,0.1690194874942458,0.0278502378394967,5,0.7996458411216736,0.0,0.0,0.0,False,127,PNG,49,266,0.1842105263157894,1.0802516495319932
dK6iEJJq.png,jawi,train,0.0,254.64340209960938,0.0,0.12516129032258064,0.02953405017921147,5,0.9111393094062805,0.0,0.0,0.0,False,127,PNG,155,45,3.4444444444444446,0.9921146953405018
SuJZx9d8.png,jawa,train,4.622279644012451,246.11167907714844,0.5289306640625,0.15731350011268874,0.08921729611384784,256,0.6833515167236328,1.0,0.0,0.0,False,138,PNG,609,51,11.941176470588236,15.626002124987926
hNYgGzjN.png,sunda,train,0.0,252.0165557861328,0.0,0.12908380681818182,0.06096117424242424,256,0.5571116209030151,0.0,0.0,0.0,False,137,PNG,784,67,11.701492537313433,0.664179104477612
mZIWU4zy.png,jawa,train,0.0,252.38021850585938,0.0,0.10708696624189581,0.047935762724495116,18,0.8375939130783081,0.0,0.0,0.0,False,100,PNG,756,71,10.647887323943662,0.8541620090915866
1JSBews8.png,sunda,train,0.0,254.56494140625,0.0,0.15303030303030302,0.04393939393939394,5,0.9200684428215027,0.0,0.0,0.0,False,127,PNG,150,44,3.409090909090909,1.1624242424242424
HT9wMEXb.png,jawi,train,0.0,254.77305603027344,0.0,0.09032258064516129,0.020821114369501466,5,0.8318741321563721,0.0,0.0,0.0,False,127,PNG,62,55,1.1272727272727272,1.0346041055718476
BcbSC01R.png,pegon,train,0.0,254.27224731445312,0.0,0.20449372629121682,0.055325357455500435,5,0.9113686084747314,0.0,0.0,0.0,False,127,PNG,149,115,1.2956521739130435,1.3380799533119347
MCFLQnkE.png,jawi,train,0.0,254.7400665283203,0.0,0.10280015343306483,0.0189873417721519,5,0.811437726020813,0.0,0.0,0.0,False,127,PNG,79,66,1.196969696969697,0.926735711545838
tj4d4a2b.png,bali,train,0.0,250.83302307128906,0.0,0.1357421875,0.12858072916666666,256,1.0903818607330322,0.0,0.0,0.0,False,158,PNG,1350,64,21.09375,0.9213888888888888
5h3w4knj.png,lampung,train,0.0,252.1251220703125,0.0,0.12764084507042253,0.09348591549295775,95,0.5884939432144165,0.0,0.0,0.0,False,148,PNG,142,40,3.55,2.4591549295774646
SUn6IPsc.png,jawi,train,0.0,254.7698211669922,0.0,0.09266724253767156,0.02485843171129667,5,0.8619931936264038,0.0,0.0,0.0,False,127,PNG,302,69,4.376811594202898,0.6672425376715616
W7ysnf9R.png,lampung,train,0.0,254.7403564453125,0.0,0.09787723517724563,0.024469308794311407,5,0.9056950211524963,0.0,0.0,0.0,False,127,PNG,262,73,3.589041095890411,0.7805082087211126
i5hIEwfF.png,lampung,train,0.0,254.8212432861328,0.0,0.06472773714153024,0.018228259607569953,5,0.910971462726593,0.0,0.0,0.0,False,127,PNG,198,87,2.2758620689655173,0.6371763613142923
JTmj62CD.png,jawa,train,0.0,251.82101440429688,0.0,0.15804036458333334,0.06367549189814815,256,0.6590057015419006,0.0,0.0,0.0,False,136,PNG,816,77,10.597402597402596,0.857397504456328
HyDq4gLc.png,sunda,train,0.0,254.79171752929688,0.0,0.12143515956465596,0.02484781405644715,5,0.7887906432151794,0.0,0.0,0.0,False,127,PNG,695,78,8.91025641025641,0.6237963475373547
CO7MjAIL.png,lampung,train,0.0,250.23715209960938,0.0,0.16444444444444445,0.13574074074074075,103,0.5578895211219788,0.0,0.0,0.0,False,146,PNG,150,36,4.166666666666667,2.869629629629629
p42gQMNP.png,jawi,train,0.0,254.86669921875,0.0,0.046781541907404106,0.010282776349614395,5,0.8637748956680298,0.0,0.0,0.0,False,127,PNG,389,101,3.8514851485148514,0.4200666853317722
e5PImHmm.png,jawi,train,0.0,254.72987365722656,0.0,0.18085106382978725,0.025,5,0.8314498662948608,0.0,0.0,0.0,False,127,PNG,80,47,1.702127659574468,1.2191489361702128
uuaxgu4e.png,jawa,train,9.067834854125977,228.06822204589844,3.5847320556640625,0.22368115268417382,0.2889650631342474,256,0.790951669216156,5.0,0.0,0.0,False,133,PNG,662,78,8.487179487179487,20.99945774266016
tzQwlTr6.png,sunda,train,0.0,254.72650146484375,0.0,0.23591836734693877,0.04244897959183674,5,0.8435314297676086,0.0,0.0,0.0,False,127,PNG,35,35,1.0,2.2857142857142856
e5jpkL8J.png,lontara,train,0.0,251.8876495361328,0.0,0.11344401041666667,0.06278483072916667,256,0.7460740804672241,0.0,0.0,0.0,False,139,PNG,951,40,23.775,0.7512092534174553
H8tMgkXB.png,bali,train,0.0,252.42047119140625,0.0,0.08126696832579186,0.08235509588450765,256,0.139324352145195,0.0,0.0,0.0,False,162,PNG,700,663,1.0558069381598794,1.0936091359620772
4pUEsJLt.png,jawi,train,0.0,249.84715270996094,0.0,0.27020833333333333,0.08440972222222222,256,0.5835843086242676,0.0,0.0,0.0,False,132,PNG,802,78,10.282051282051285,1.0523690773067331
z4DvRMD9.png,jawa,train,4.712722301483154,245.74053955078125,1.23809814453125,0.1257957957957958,0.076006006006006,256,0.7107412219047546,1.0,0.0,0.0,False,137,PNG,555,60,9.25,15.56900900900901
mWyRE1Sg.png,lontara,train,0.0,252.25970458984375,0.0,0.13230942234848486,0.05483546401515151,256,0.6688159108161926,0.0,0.0,0.0,False,136,PNG,944,54,17.48148148148148,0.6696484620213434
Cqvfwf4R.png,bali,train,0.0,254.6277618408203,0.0,0.10861487946081397,0.034131167372332155,5,0.927367627620697,0.0,0.0,0.0,False,127,PNG,163,71,2.295774647887324,1.0175408277888187
GPCSlj46.png,sunda,train,0.0,254.6454315185547,0.0,0.19096485020051898,0.04411417787213966,5,0.8097259998321533,0.0,0.0,0.0,False,127,PNG,157,54,2.9074074074074074,1.1229063458362822
CTc2ysIM.png,jawa,train,0.0,251.76156616210938,0.0,0.13286528716216217,0.07041807432432433,256,0.7028135061264038,0.0,0.0,0.0,False,140,PNG,944,91,10.373626373626374,0.7825479605140622
euTF4xwC.png,bali,train,0.0,251.3722686767578,0.0,0.11957465277777778,0.10779389880952381,256,1.0523234605789185,0.0,0.0,0.0,False,156,PNG,1329,73,18.2054794520548,0.818825566653267
1bvvJU62.png,jawi,train,0.0,254.69456481933594,0.0,0.13286959584397287,0.032931231839394205,5,0.8960787057876587,0.0,0.0,0.0,False,127,PNG,277,41,6.7560975609756095,0.9389803645328872
8J6Ym4G0.png,sunda,train,0.0,254.740234375,0.0,0.18553719008264463,0.048347107438016526,5,0.9981902241706848,0.0,0.0,0.0,False,127,PNG,55,44,1.25,1.7024793388429753
jQ74LL0S.png,bali,train,0.0,250.61276245117188,0.0,0.14065600198412698,0.11734250992063493,256,0.9700210690498352,0.0,0.0,0.0,False,151,PNG,1123,61,18.40983606557377,0.9550530633694876
RQ3Do173.png,jawi,train,0.0,250.65194702148438,0.0,0.24767962072649571,0.06794204059829059,256,0.5609634518623352,0.0,0.0,0.0,False,131,PNG,794,81,9.802469135802468,0.8939888671206891
JkcwfeWb.jpg,pegon,train,42.58382797241211,170.6625213623047,68.213623046875,0.43237453183520597,0.6185842696629213,240,0.3469359874725342,1.0,0.0,0.00026217228464419474,False,103,JPEG,300,445,0.6741573033707865,5.262741573033708
SaqEWIzW.png,jawa,train,0.0,254.75537109375,0.0,0.10746268656716418,0.022921108742004266,5,0.823258638381958,0.0,0.0,0.0,False,127,PNG,134,70,1.9142857142857144,0.8042643923240939
xvtN14dZ.png,pegon,train,0.0,254.3756103515625,0.0,0.16118128446895572,0.05248176481053193,5,0.9916800856590271,0.0,0.0,0.0,False,127,PNG,77,73,1.0547945205479452,1.5499021526418786
4stMTrft.png,lampung,train,0.0,250.18475341796875,0.0,0.16056397306397308,0.1348905723905724,119,0.5905928015708923,0.0,0.0,0.0,False,145,PNG,132,36,3.6666666666666665,3.2777777777777777
xi9fIoRJ.png,lontara,train,0.0,252.35667419433594,0.0,0.13790760869565216,0.05168704710144927,256,0.660549521446228,0.0,0.0,0.0,False,135,PNG,938,56,16.75,0.6267133719159306
nMLICxfk.png,sunda,train,0.0,254.59341430664062,0.0,0.1715311004784689,0.042822966507177034,5,0.7569658756256104,0.0,0.0,0.0,False,127,PNG,76,55,1.3818181818181818,1.2076555023923443
JK5pBo2y.png,jawa,train,0.0,255.0,0.0,0.47739882823109453,0.362084351841074,18,1.623232126235962,0.0,0.0,0.0,False,138,PNG,363,71,5.112676056338028,2.058278042913126
fVXal26M.png,jawa,train,3.9405593872070312,246.79742431640625,0.373138427734375,0.12745859213250518,0.07414596273291925,255,0.7381948828697205,1.0,0.0,0.0,False,139,PNG,322,72,4.472222222222222,15.273291925465838
9q9sIyuH.png,pegon,train,0.0,254.28060913085938,0.0,0.1958466601770732,0.04765215778982988,5,0.8819705843925476,0.0,0.0,0.0,False,127,PNG,153,141,1.0851063829787233,1.2786353312010383
1NivQZuR.png,pegon,train,0.0,254.32733154296875,0.0,0.18766741071428572,0.04888392857142857,5,0.9203351736068726,0.0,0.0,0.0,False,127,PNG,140,128,1.09375,1.3316964285714286
hAjRbN7U.png,jawi,train,0.0,250.9033966064453,0.0,0.22144458912037038,0.06674985532407407,256,0.5582851767539978,0.0,0.25,0.0,False,132,PNG,828,78,10.615384615384617,0.8699368264585656
Vz9CR2D3.png,lampung,train,0.0,249.2480926513672,0.0,0.1734549138804458,0.11833839918946303,121,0.7041636109352112,0.0,0.0,0.0,False,145,PNG,141,35,4.0285714285714285,3.882472137791287
HgaBLlL0.png,bali,train,0.0,254.55740356445312,0.0,0.10464396284829722,0.04226006191950464,5,1.172808289527893,0.0,0.0,0.0,False,127,PNG,95,68,1.3970588235294117,1.2755417956656347
e27L4JOG.png,sunda,train,0.0,253.49497985839844,0.0,0.053483072916666666,0.04244791666666667,256,0.9257255792617798,0.0,0.0,0.0,False,152,PNG,798,83,9.614457831325302,0.53652202796147
MlAOALyQ.png,lampung,train,0.0,253.6097412109375,0.0,0.14310077519379846,0.0848062015503876,115,0.7568975687026978,0.0,0.0,0.0,False,157,PNG,150,43,3.488372093023256,2.398759689922481
Zy41dldG.png,sunda,train,0.0,254.5684051513672,0.0,0.16601773739995673,0.045316893791910014,5,0.9771065711975098,0.0,0.0,0.0,False,127,PNG,201,46,4.369565217391305,1.2104693921695868
4H561G4W.png,lampung,train,0.0,249.39793395996094,0.0,0.12652631578947368,0.11957894736842105,87,0.5728078484535217,0.0,0.0,0.0,False,145,PNG,125,38,3.289473684210526,2.7418947368421054
PHU3SvOb.png,sunda,train,0.0,254.28623962402344,0.0,0.18906115417743324,0.06847545219638243,5,0.8786727786064148,0.0,0.0,0.0,False,127,PNG,54,43,1.255813953488372,1.8329026701119724
UDm5xGdt.png,bali,train,0.0,254.5552978515625,0.0,0.11375299349982894,0.03882996920971604,5,1.0611094236373901,0.0,0.0,0.0,False,127,PNG,222,79,2.810126582278481,0.973885277682746
xJG58zZU.png,jawa,train,0.0,250.91818237304688,0.0,0.2143644344821145,0.14190716353787242,22,1.1285473108291626,0.0,0.0,0.0,False,47,PNG,645,83,7.771084337349397,1.696833847015971
EUiThoUh.png,sunda,train,0.0,254.42950439453125,0.0,0.22826766729205752,0.050031269543464665,5,0.820842981338501,0.0,0.0,0.0,False,127,PNG,39,41,0.951219512195122,2.051282051282051
rSwsKzlb.png,jawa,train,0.0,252.13095092773438,0.0,0.13395182291666666,0.06103515625,256,0.6676426529884338,0.0,0.0,0.0,False,138,PNG,840,79,10.632911392405065,0.764798071127185
28fqC0L3.png,jawa,train,0.0,249.8690643310547,0.0,0.2199810606060606,0.09794034090909091,256,0.6513675451278687,0.0,0.0,0.0,False,136,PNG,864,62,13.935483870967742,1.0361409796893668
YqlhtZfg.png,jawa,train,0.0,216.2360382080078,0.0,0.2756328730620155,0.4725654069767442,256,1.3963584899902344,24.0,0.0,0.0,False,137,PNG,907,101,8.98019801980198,1.891733164496163
o5UgfV0P.png,lontara,train,0.0,251.7667999267578,0.0,0.13602941176470587,0.06487438725490197,256,0.6893121600151062,0.0,0.0,0.0,False,137,PNG,869,38,22.86842105263158,0.8299921264611471
DHT1x9LC.png,lampung,train,0.0,252.28468322753906,0.0,0.19870041039671682,0.14517783857729138,87,0.5853309035301208,0.0,0.0,0.0,False,150,PNG,136,43,3.1627906976744184,2.5718194254445965
pCu64Vtj.png,jawi,train,0.0,254.6619415283203,0.0,0.11510371019573473,0.03827052293309962,5,1.0658392906188965,0.0,0.0,0.0,False,127,PNG,163,42,3.880952380952381,1.0131463628396145
vV9jBUYX.png,sunda,train,0.0,254.4824981689453,0.0,0.18097926392356964,0.0433177722288568,5,0.7933110594749451,0.0,0.0,0.0,False,127,PNG,151,61,2.4754098360655736,1.109977201172511
NEpfPr4u.png,jawa,train,0.0,251.62942504882812,0.0,0.15314236111111112,0.07892361111111111,256,0.6640601754188538,0.0,0.0,0.0,False,141,PNG,855,84,10.178571428571429,0.8530214424951267
sXydQMIE.png,bali,train,0.0,250.59170532226562,0.0,0.13554267473118278,0.1334845430107527,256,1.1134135723114014,0.0,0.0,0.0,False,159,PNG,1406,56,25.107142857142858,0.8915870757976021
PSMXQz4m.png,sunda,train,0.0,254.63470458984375,0.0,0.18526785714285715,0.03962053571428571,5,0.8656336069107056,0.0,0.0,0.0,False,127,PNG,112,48,2.333333333333333,1.224702380952381
cMUAQxep.png,jawi,train,0.0,250.81732177734375,0.0,0.23562825520833333,0.07018229166666666,256,0.5744116902351379,0.0,0.0,0.0,False,132,PNG,795,83,9.578313253012048,0.9240888080624384
Te10B6v8.png,lontara,train,0.0,253.3125,0.0,0.08712733477011494,0.03481950431034483,256,0.6802708506584167,0.0,0.0,0.0,False,136,PNG,944,71,13.295774647887324,0.4794700405824779
BERE0as8.png,bali,train,0.0,254.544677734375,0.0,0.12549172781296208,0.04396953380018414,5,1.09815514087677,0.0,0.0,0.0,False,127,PNG,491,73,6.726027397260274,1.0117456686103283
FFMjOCYD.png,jawa,train,0.0,251.45645141601562,0.0,0.17713365539452497,0.0678341384863124,14,0.8183067440986633,0.0,0.0,0.0,False,87,PNG,108,46,2.347826086956522,1.6328502415458936
tNiWpROS.png,jawi,train,0.0,254.32749938964844,0.0,0.13484848484848486,0.019696969696969695,4,0.9830753803253174,0.0,0.0,0.0,False,127,PNG,20,33,0.6060606060606061,2.6787878787878787
LjhafstK.png,jawi,train,0.0,254.5282440185547,0.0,0.17490273243593757,0.03617906175931309,5,0.8446786403656006,0.0,0.0,0.0,False,127,PNG,379,59,6.423728813559322,0.9877912436831984
8qi9zHQz.png,lontara,train,0.0,250.72125244140625,0.0,0.12731481481481483,0.07583912037037037,256,0.7479894161224365,0.0,0.0,0.0,False,138,PNG,949,56,16.946428571428573,0.6096643082944453
oUA794fA.png,lontara,train,0.0,254.47869873046875,0.0,0.1658273381294964,0.030695443645083934,5,0.8964221477508545,0.0,0.0,0.0,False,127,PNG,556,45,12.355555555555556,0.7849720223820943
7tjVT2Zm.png,bali,train,0.0,250.5137939453125,0.0,0.14587279040404041,0.11908143939393939,256,0.9927847385406494,0.0,0.0,0.0,False,152,PNG,1418,61,23.24590163934426,0.8624476866517145
YYxkJNJJ.png,pegon,train,0.0,254.8260498046875,0.0,0.10417391304347826,0.015217391304347827,5,0.7874778509140015,0.0,0.0,0.0,False,127,PNG,100,115,0.8695652173913043,0.7387826086956522
PlXVgLO8.png,jawa,train,3.9385716915130615,247.4419708251953,0.4648590087890625,0.13668307715434627,0.06937502348829344,256,0.7105029225349426,1.0,0.0,0.0,False,138,PNG,451,59,7.6440677966101696,14.914953587132173
U1WtLnQL.png,lontara,train,0.0,251.250732421875,0.0,0.16637731481481483,0.0736400462962963,256,0.6919209957122803,0.0,0.0,0.0,False,136,PNG,967,45,21.488888888888887,0.8111226014018155
MM5YfLRS.png,bali,train,0.0,254.50909423828125,0.0,0.15888678051865907,0.0502213788741303,5,1.1335992813110352,0.0,0.0,0.0,False,127,PNG,155,51,3.0392156862745097,1.4168247944339023
yTAKomBD.png,jawi,train,0.0,254.29086303710938,0.0,0.29215686274509806,0.06470588235294118,5,0.8245134949684143,0.0,0.0,0.0,False,127,PNG,30,34,0.8823529411764706,2.533333333333333
1nvsGp1f.png,sunda,train,0.0,254.6300506591797,0.0,0.19907407407407407,0.02904040404040404,5,0.7731752991676331,0.0,0.0,0.0,False,127,PNG,44,54,0.8148148148148148,1.387205387205387
TgrfwfwN.png,jawi,train,0.0,249.4244842529297,0.0,0.2852328431372549,0.08591835171568628,256,0.559862494468689,0.0,0.0,0.0,False,131,PNG,800,71,11.267605633802816,1.062112676056338
zxKGCs1x.png,jawa,train,0.0,250.76002502441406,0.0,0.15741738505747127,0.09482758620689655,256,0.7283326387405396,0.0,0.0,0.0,False,142,PNG,940,71,13.23943661971831,0.9687743482169612
yXw0zdtp.png,sunda,train,0.0,254.44300842285156,0.0,0.18160655965534014,0.05190744215134459,5,0.9009910821914673,0.0,0.0,0.0,False,127,PNG,702,41,17.121951219512194,1.0601070113265236
2U2POJNT.png,jawa,train,6.572518825531006,229.56915283203125,1.4546966552734375,0.2067205245287437,0.2745345978222691,256,0.8311733603477478,5.0,0.0,0.0,False,134,PNG,657,65,10.107692307692307,20.806369277602155
dIZFKnEx.png,jawa,train,0.0,252.53656005859375,0.0,0.10236479377104377,0.05609480218855219,256,0.6680548191070557,0.0,0.0,0.0,False,141,PNG,992,128,7.75,0.6416960685483871
TDVNSM0O.png,pegon,train,0.0,254.4662628173828,0.0,0.1694373401534527,0.0443307757885763,5,0.9179588556289673,0.0,0.0,0.0,False,127,PNG,102,92,1.108695652173913,1.349531116794544
lQ2W2RnL.png,lontara,train,0.0,252.4658660888672,0.0,0.13449928977272727,0.053178267045454544,256,0.6609715819358826,0.0,0.0,0.0,False,136,PNG,945,54,17.5,0.6689398393102097
Al6UyVrB.png,jawa,train,0.0,204.83555603027344,0.0,0.3376891121031746,0.530211433531746,256,1.42204749584198,28.0,0.0,0.0,False,126,PNG,926,101,9.168316831683168,2.025190856018648
ekE0b395.png,lampung,train,0.0,251.2120361328125,0.0,0.13898026315789475,0.06770833333333333,92,0.7937613129615784,0.0,0.0,0.0,False,100,PNG,96,38,2.526315789473684,2.824561403508772
EuAQeVvQ.png,jawi,train,0.0,254.36236572265625,0.0,0.24080914687774846,0.045452946350043974,5,0.8101320862770081,0.0,0.0,0.0,False,127,PNG,379,75,5.053333333333334,1.1294283201407211
OwsprBiF.png,lampung,train,0.0,252.17124938964844,0.0,0.1830808080808081,0.13535353535353536,67,0.547827959060669,0.0,0.0,0.0,False,139,PNG,90,44,2.0454545454545454,2.494949494949495
dkWqc4sO.png,lontara,train,0.0,252.0624542236328,0.0,0.12887105855855857,0.06517454954954954,256,0.7459372878074646,0.0,0.0,0.0,False,139,PNG,933,45,20.73333333333333,0.7741812552101941
zGLavGQo.png,bali,train,0.0,254.70486450195312,0.0,0.09763124199743918,0.0323303457106274,5,1.1550166606903076,0.0,0.0,0.0,False,127,PNG,88,71,1.2394366197183098,1.257362355953905
eo8lobTE.png,sunda,train,0.0,254.7961883544922,0.0,0.0981367128599124,0.025615710490414303,5,0.8271913528442383,0.0,0.0,0.0,False,127,PNG,733,76,9.644736842105264,0.5916564945788756
6VcJt3f4.png,sunda,train,0.0,254.6581573486328,0.0,0.17644183773216032,0.04411045943304008,5,0.9191858768463135,0.0,0.0,0.0,False,127,PNG,186,44,4.227272727272728,1.1700879765395895
V8oCxQAo.png,sunda,train,0.0,254.62368774414062,0.0,0.21088,0.04304,5,0.780329167842865,0.0,0.0,0.0,False,127,PNG,125,50,2.5,1.21728
Ce520dWW.png,sunda,train,0.0,254.56887817382812,0.0,0.2027389903329753,0.04403866809881848,5,0.8067543506622314,0.0,0.0,0.0,False,127,PNG,133,56,2.375,1.2234156820622986
lHogjzRw.png,pegon,train,0.0,250.04644775390625,0.0,0.16078559027777778,0.09798177083333333,256,0.7119399905204773,0.0,0.0,0.0,False,140,PNG,884,69,12.81159420289855,1.0080661026952586
Sq4mQMmX.webp,lampung,train,12.610651969909668,251.1266632080078,1.0593719482421875,0.10356583629893239,0.1235729537366548,256,1.0727487802505493,0.0,0.0,0.0,False,176,WEBP,500,281,1.7793594306049825,0.8761850533807829
wtaEU6Uv.png,lampung,train,0.0,251.66958618164062,0.0,0.2189551812731944,0.12103910933485584,90,0.6699467897415161,0.0,0.0,0.0,False,151,PNG,113,31,3.645161290322581,3.72023979446189
ARZUedyw.png,bali,train,0.0,251.03277587890625,0.0,0.12191611842105263,0.11646792763157894,256,1.0879360437393188,0.0,0.0,0.0,False,157,PNG,1420,71,20.0,0.8119817496528466
YLiWKUyc.png,sunda,train,0.0,254.73681640625,0.0,0.18791742562234365,0.03946569520340012,5,0.7519146203994751,0.0,0.0,0.0,False,127,PNG,54,61,0.8852459016393442,1.2240437158469946
dEu2ebLU.png,sunda,train,0.0,254.41098022460938,0.0,0.1664021164021164,0.046031746031746035,5,0.9294639825820923,0.0,0.0,0.0,False,127,PNG,90,42,2.142857142857143,1.53015873015873
mUmJ1MqY.png,bali,train,0.0,251.64952087402344,0.0,0.11636513157894737,0.1157483552631579,256,1.1316486597061157,0.0,0.0,0.0,False,162,PNG,1514,74,20.45945945945946,0.7807490449498375
HUutsxXm.png,lontara,train,0.0,252.54209899902344,0.0,0.08831935975609756,0.058403201219512195,256,0.8273754119873047,0.0,0.0,0.0,False,145,PNG,925,49,18.877551020408163,0.7070711527854385
aJ8Hrad5.png,jawi,train,0.0,254.46319580078125,0.0,0.1761194029850746,0.03652603126101774,5,0.8720598816871643,0.0,0.0,0.0,False,127,PNG,635,67,9.477611940298509,0.993019156187566
gXHh9d8H.png,lampung,train,0.0,253.18865966796875,0.0,0.08917340521114106,0.03975741239892183,57,0.8636939525604248,0.0,0.0,0.0,False,88,PNG,106,42,2.523809523809524,1.876010781671159
DY7jFAuq.png,lampung,train,0.0,254.73699951171875,0.0,0.09818454363757495,0.025108261159227183,5,0.9089782238006592,0.0,0.0,0.0,False,127,PNG,304,79,3.848101265822785,0.7921385742838108
aZHluZQx.png,sunda,train,0.0,254.519287109375,0.0,0.19277938542097287,0.046851315970786823,5,0.9558219313621521,0.0,0.0,0.0,False,127,PNG,177,41,4.317073170731708,1.3614441229158054
JRUxainu.png,jawa,train,0.0,252.04617309570312,0.0,0.12852883454106281,0.06442481884057971,256,0.6747226715087891,0.0,0.0,0.0,False,139,PNG,883,79,11.177215189873415,0.7417750189945095
N5u0LgNa.png,jawa,train,0.0,249.25067138671875,0.0,0.22374131944444445,0.10679494598765432,256,0.6514209508895874,0.0,0.0,0.0,False,137,PNG,867,61,14.21311475409836,1.1049974473878268
Z3qfTLuM.png,lontara,train,0.0,252.68785095214844,0.0,0.09921364379084967,0.046645220588235295,256,0.6848130822181702,0.0,0.0,0.0,False,138,PNG,944,63,14.984126984126984,0.6030400860909335
NuBSFCk1.png,jawi,train,0.0,254.5890350341797,0.0,0.19374751095181203,0.03225806451612903,5,0.7739547491073608,0.0,0.0,0.0,False,127,PNG,93,54,1.7222222222222223,1.2234169653524491
gq5Unoa5.png,lampung,train,0.0,252.7169952392578,0.0,0.08857342479674797,0.058053861788617885,256,0.8119074702262878,0.0,0.0,0.0,False,145,PNG,905,48,18.854166666666668,0.6252302025782689
Q9QSTUAS.png,sunda,train,0.0,254.6864471435547,0.0,0.1878868258178603,0.029045092838196288,5,0.8958022594451904,0.0,0.0,0.0,False,127,PNG,156,145,1.0758620689655172,0.8696728558797524
A93FW33J.png,sunda,train,0.0,252.06857299804688,0.0,0.1167834051724138,0.0669225933908046,256,0.6600910425186157,0.0,0.0,0.0,False,141,PNG,820,62,13.225806451612904,0.6959874114870181
VHx1ThVN.png,bali,train,0.0,250.66259765625,0.0,0.13940692204301075,0.1234459005376344,256,1.048156976699829,0.0,0.0,0.0,False,154,PNG,1379,56,24.625,0.8825235678027556
Z9bnsKFs.png,jawi,train,0.0,254.4863739013672,0.0,0.24184037558685445,0.04018779342723005,5,0.8039212822914124,0.0,0.0,0.0,False,127,PNG,375,71,5.28169014084507,1.067868544600939
PqaMUUjb.png,jawi,train,0.0,254.72735595703125,0.0,0.09332242225859247,0.02602291325695581,5,0.9157208204269409,0.0,0.0,0.0,False,127,PNG,470,65,7.230769230769231,0.7395090016366612
ck90bB1F.png,bali,train,0.0,250.5518341064453,0.0,0.13950892857142858,0.13154761904761905,256,1.084092617034912,0.0,0.0,0.0,False,157,PNG,1376,63,21.84126984126984,0.9062384643779992
TQWzZV5A.png,lampung,train,0.0,251.91275024414062,0.0,0.2029774872912128,0.09731299927378359,106,0.6464993357658386,0.0,0.0,0.0,False,141,PNG,153,36,4.25,3.019607843137255
piR9UOHA.png,lontara,train,0.0,252.2872772216797,0.0,0.13301064311594202,0.055904664855072464,256,0.690155029296875,0.0,0.0,0.0,False,137,PNG,935,56,16.696428571428573,0.6925897631779985
6QM0u66S.png,jawa,train,0.0,250.98936462402344,0.0,0.17816430817610063,0.07994300314465409,256,0.675331175327301,0.0,0.0,0.0,False,137,PNG,851,59,14.423728813559322,0.9260491147005516
mnZkuvMo.png,sunda,train,0.0,254.46141052246094,0.0,0.20690448791714613,0.04556962025316456,5,0.7729946374893188,0.0,0.0,0.0,False,127,PNG,79,55,1.4363636363636365,1.4177215189873418
Tkbr7Rrn.png,jawi,train,0.0,254.3985595703125,0.0,0.24150943396226415,0.039412997903563944,5,0.7890585660934448,0.0,0.0,0.0,False,127,PNG,45,53,0.8490566037735849,1.7475890985324949
GnHo3paa.png,bali,train,0.0,251.37306213378906,0.0,0.11938864087301587,0.10884796626984126,256,1.0766198635101318,0.0,0.0,0.0,False,156,PNG,1416,77,18.38961038961039,0.7749651478465038
nGDscQIw.png,jawi,train,0.0,254.64398193359375,0.0,0.11433125633966092,0.03550210114476163,5,1.0545892715454102,0.0,0.0,0.0,False,127,PNG,103,67,1.537313432835821,1.185915084770323
alGxFTl1.png,jawa,train,0.0,251.39093017578125,0.0,0.1365297379032258,0.08274529569892473,256,0.7006779313087463,0.0,0.0,0.0,False,142,PNG,1007,81,12.432098765432098,0.8303357975651918
89fAKwrw.png,jawi,train,0.0,251.8379669189453,0.0,0.14167668269230768,0.06615584935897435,256,0.6328086853027344,0.0,0.0,0.0,False,137,PNG,896,61,14.688524590163937,0.7258489461358314
XKaUg4E5.png,lampung,train,0.0,254.68931579589844,0.0,0.06729779790080263,0.028195101872813336,5,1.1807982921600342,0.0,0.0,0.0,False,127,PNG,226,86,2.627906976744186,0.7742333813541881
X5YNKDzJ.png,lontara,train,0.0,252.35191345214844,0.0,0.10680183531746032,0.056609623015873016,256,0.7465338706970215,0.0,0.0,0.0,False,140,PNG,920,50,18.4,0.7050434782608695
os7xl0Fv.png,jawi,train,0.0,250.79653930664062,0.0,0.20156592653508773,0.0698156524122807,256,0.5753116011619568,0.0,0.0,0.0,False,133,PNG,792,78,10.153846153846152,0.9238539238539238
bObwH7Dz.png,bali,train,0.0,254.71324157714844,0.0,0.11670352694680479,0.03384937725526714,5,0.9759219288825989,0.0,0.0,0.0,False,127,PNG,605,71,8.52112676056338,0.8546618554301013
52YyGz3b.png,jawi,train,0.0,254.5088348388672,0.0,0.19823434991974317,0.03540217585161405,5,0.8126439452171326,0.0,0.0,0.0,False,127,PNG,356,63,5.650793650793651,0.9880506509719992
Cx5C6rnG.png,lontara,train,0.0,252.16519165039062,0.0,0.12705078125,0.05869140625,256,0.6890742182731628,0.0,0.0,0.0,False,138,PNG,895,47,19.04255319148936,0.7373350766670629
sYlUZjB3.png,jawa,train,0.0,251.47525024414062,0.0,0.14832427536231885,0.06940670289855072,256,0.6315963864326477,0.0,0.0,0.0,False,137,PNG,923,83,11.120481927710845,0.7477972561970526
lyRKrF1d.jpg,jawi,train,87.21917724609375,201.4284210205078,48.22389221191406,0.13115682339449541,0.7947916666666667,256,0.7229371070861816,1.0,0.0,5.0172018348623856e-05,False,152,JPEG,1200,1690,0.7100591715976331,0.785956607495069
18Yut8y2.jpg,sunda,train,8.175378799438477,10.465568542480469,2.5955495834350586,0.06314898687034465,0.0752213262214367,256,0.32339680194854736,0.0,1.0,0.0,True,91,JPEG,712,712,1.0,0.5296364095442495
mS2kZ8fi.jpg,bali,train,0.4704097807407379,254.27664184570312,0.0175628662109375,0.021820359281437125,0.019912175648702596,256,1.1778119802474976,0.0,0.0,0.0,False,158,JPEG,668,375,1.7813333333333334,0.70661876247505
iKqu9Zk2.png,bali,train,0.0,251.1488800048828,0.0,0.12684461805555555,0.11993634259259259,256,1.0757355690002441,0.0,0.0,0.0,False,158,PNG,1314,61,21.540983606557376,0.8676298126107244
J8W3QqUw.png,jawa,train,0.0,251.2952423095703,0.0,0.15200109649122806,0.07561220760233918,256,0.6370991468429565,0.0,0.0,0.0,False,138,PNG,902,67,13.462686567164178,0.8465433365324155
fcrD55W3.png,pegon,train,0.0,254.771484375,0.0,0.07540516206482593,0.013580432172869148,5,0.8544473648071289,0.0,0.0,0.0,False,127,PNG,112,119,0.9411764705882352,0.6908763505402161
efhK1O6d.png,sunda,train,0.0,254.5174102783203,0.0,0.16063893911995178,0.044002411091018684,5,0.8994287252426147,0.0,0.0,0.0,False,127,PNG,316,42,7.523809523809524,0.9795057263411694
3lMV2c96.png,lampung,train,0.0,254.69561767578125,0.0,0.08361790079079799,0.025386412652767792,5,1.0102694034576416,0.0,0.0,0.0,False,127,PNG,214,104,2.0576923076923075,0.7918763479511143
Mrlqg2m9.png,sunda,train,0.0,254.83795166015625,0.0,0.1257517540928834,0.015619779485466088,5,0.8846918344497681,0.0,0.0,0.0,False,127,PNG,164,146,1.1232876712328768,0.606749081189442
Utnn2nU3.png,jawi,train,0.0,249.69436645507812,0.0,0.2582465277777778,0.08426339285714286,256,0.6018894910812378,0.0,0.0,0.0,False,132,PNG,795,87,9.137931034482758,1.045152895250488
QwEtEpis.png,sunda,train,0.0,254.55703735351562,0.0,0.2247918593894542,0.04440333024976873,5,0.7945199608802795,0.0,0.0,0.0,False,127,PNG,115,47,2.4468085106382977,1.246253469010176
DuLkxDKT.png,sunda,train,0.0,254.29177856445312,0.0,0.18333929849677882,0.055386542591267,5,0.880435049533844,0.0,0.0,0.0,False,127,PNG,254,44,5.7727272727272725,1.2004294917680745
UkKZoDie.png,sunda,train,0.0,254.47540283203125,0.0,0.16936170212765958,0.05021276595744681,5,0.8824942708015442,0.0,0.0,0.0,False,127,PNG,50,47,1.0638297872340423,1.6272340425531917
bfve1nyr.png,jawa,train,4.403271675109863,246.35784912109375,0.8810882568359375,0.14972148000543453,0.07554005706263303,256,0.563241720199585,1.0,0.0,0.0,False,134,PNG,622,71,8.76056338028169,14.15515601648476
546GB4iY.png,jawi,train,0.0,254.7811737060547,0.0,0.1497923588039867,0.032516611295681064,5,0.8938521146774292,0.0,0.0,0.0,False,127,PNG,280,86,3.255813953488372,0.7269102990033223
e0JdedYV.png,sunda,train,0.0,254.47203063964844,0.0,0.20733652312599682,0.049282296650717705,5,0.7950819730758667,0.0,0.0,0.0,False,127,PNG,114,55,2.0727272727272728,1.3320574162679426
XzBQcFhv.png,lontara,train,0.0,252.08291625976562,0.0,0.1454535590277778,0.057074652777777776,256,0.6363489627838135,0.0,0.0,0.0,False,136,PNG,789,49,16.102040816326532,0.8157057499806006
PBhcre2J.png,sunda,train,0.0,252.0913848876953,0.0,0.11565806878306878,0.06566220238095238,256,0.6659736633300781,0.0,0.0,0.0,False,141,PNG,827,68,12.161764705882351,0.6890959527704673
AJTtyGzl.png,bali,train,0.0,251.10910034179688,0.0,0.13110119047619048,0.12180059523809524,256,1.087273120880127,0.0,0.0,0.0,False,158,PNG,1474,67,22.0,0.8354158650438446
CkinVxQR.png,jawi,train,0.0,254.67291259765625,0.0,0.13037037037037036,0.035555555555555556,5,0.8849666714668274,0.0,0.0,0.0,False,127,PNG,30,45,0.6666666666666666,1.8133333333333328
ucv8CliR.png,lontara,train,0.0,251.30918884277344,0.0,0.15529513888888888,0.07133246527777778,256,0.6967719793319702,0.0,0.0,0.0,False,137,PNG,894,70,12.771428571428572,0.8221156919143496
60AwM4Fq.png,lampung,train,0.0,251.54299926757812,0.0,0.1587577160493827,0.08892746913580248,104,0.6152782440185547,0.0,0.0,0.0,False,148,PNG,144,36,4.0,3.052469135802469
G0WG42Z7.png,jawi,train,0.0,254.28497314453125,0.0,0.2530680058905713,0.047237850696673335,5,0.8103786110877991,0.0,0.0,0.0,False,127,PNG,373,71,5.253521126760563,1.1466978816599327
eIJIhThP.png,lampung,train,0.0,254.82778930664062,0.0,0.061115429459774585,0.015108822386319472,5,0.9258431196212769,0.0,0.0,0.0,False,127,PNG,248,83,2.9879518072289155,0.569374271278663
ffhLfjKO.png,pegon,train,0.0,254.21766662597656,0.0,0.21491935483870966,0.05346774193548387,5,0.9288798570632935,0.0,0.0,0.0,False,127,PNG,160,155,1.032258064516129,1.389677419354839
3bpczjwB.png,bali,train,0.0,251.126953125,0.0,0.12760416666666666,0.13095801767676768,256,1.1564795970916748,0.0,0.0,0.0,False,163,PNG,1407,61,23.0655737704918,0.8711477740105095
DogN51xa.png,bali,train,0.0,254.5398712158203,0.0,0.11360718870346598,0.03965706950302586,5,1.0760130882263184,0.0,0.0,0.0,False,127,PNG,287,76,3.776315789473684,1.0130203557674675
jNUg0YNa.png,jawa,train,8.526906967163086,162.4795379638672,22.2274169921875,0.04611766581632653,0.9735730229591837,191,0.5393954515457153,1.0,0.0,0.0,False,101,PNG,224,224,1.0,6.850605867346939
J4yyn8Uy.png,lontara,train,0.0,251.60240173339844,0.0,0.16491815476190477,0.06436011904761904,256,0.6607732176780701,0.0,0.0,0.0,False,135,PNG,942,43,21.906976744186046,0.7516911074902484
9JVC1D5e.png,lampung,train,0.0,246.82537841796875,0.0,0.22756410256410256,0.14342948717948717,114,0.5212615728378296,0.0,0.0,0.0,False,138,PNG,117,32,3.65625,4.39957264957265
2LAPeXU6.png,bali,train,0.0,251.38619995117188,0.0,0.13061755952380952,0.13523065476190477,256,1.1486051082611084,0.0,0.0,0.0,False,164,PNG,1503,69,21.782608695652176,0.8350448860732641
gBQkfb30.png,lampung,train,0.0,253.0078582763672,0.0,0.09434801958166444,0.0814419225634179,57,0.5692309737205505,0.0,0.0,0.0,False,144,PNG,107,42,2.5476190476190474,1.842456608811749
J5rUUjOm.jpg,lontara,train,54.04221725463867,148.6134796142578,146.62261962890625,0.026267124675745785,0.9853122973411155,236,0.4595939815044403,1.0,0.0,0.0,False,95,JPEG,2764,1849,1.494862087614927,1.57678222436503
Bpn0oyj0.png,sunda,train,0.0,254.3949432373047,0.0,0.1887591575091575,0.06307234432234432,5,0.8488317728042603,0.0,0.0,0.0,False,127,PNG,208,42,4.9523809523809526,1.23992673992674
faBe59h8.png,bali,train,0.0,250.7706298828125,0.0,0.1284466911764706,0.12882965686274508,256,1.13992440700531,0.0,0.0,0.0,False,159,PNG,1375,61,22.540983606557376,0.868053651266766
EZnncUmP.png,jawi,train,0.0,254.6068115234375,0.0,0.1163003663003663,0.03322867608581894,5,0.9393145442008972,0.0,0.0,0.0,False,127,PNG,312,49,6.36734693877551,0.8906331763474621
JoyPHY0u.png,sunda,train,0.0,254.32347106933594,0.0,0.16666666666666666,0.05214940098661029,5,0.9597066044807434,0.0,0.0,0.0,False,127,PNG,66,43,1.5348837209302326,1.561663143058492
nE0aVbtl.png,lampung,train,0.0,252.96327209472656,0.0,0.1490162037037037,0.08478009259259259,78,0.755271852016449,0.0,0.0,0.0,False,151,PNG,108,32,3.375,2.6921296296296298
MM5OEUAz.png,jawa,train,0.0,254.1024627685547,0.0,0.12963835551890682,0.03545765107786547,20,0.8503428101539612,0.0,0.0,0.0,False,46,PNG,653,78,8.371794871794872,0.7685239721993168
qGn7QPCU.png,jawi,train,0.0,252.03109741210938,0.0,0.10722257653061225,0.0703390731292517,256,0.8080931305885315,0.0,0.0,0.0,False,145,PNG,955,61,15.655737704918034,0.7686207192515664
HaUlrvvF.png,jawi,train,0.0,249.7721710205078,0.0,0.2637310606060606,0.08384063852813853,256,0.5866174101829529,0.0,0.0,0.0,False,132,PNG,796,80,9.95,1.0512562814070352
pEWd14x1.png,lontara,train,0.0,252.68896484375,0.0,0.12341485507246377,0.04724298007246377,255,0.6632423400878906,0.0,0.0,0.0,False,136,PNG,940,56,16.785714285714285,0.5889057750759878
an8cmqqQ.png,sunda,train,0.0,254.4597625732422,0.0,0.18734756097560976,0.04954268292682927,5,0.8948700428009033,0.0,0.0,0.0,False,127,PNG,160,41,3.902439024390244,1.3414634146341464
qSLfCNmA.png,lontara,train,0.0,252.73619079589844,0.0,0.11492300724637682,0.044865262681159424,256,0.6760750412940979,0.0,0.0,0.0,False,136,PNG,940,56,16.785714285714285,0.5671732522796352
fIvgHf9F.png,bali,train,0.0,251.1082763671875,0.0,0.13216145833333334,0.09385850694444445,256,0.7952828407287598,0.0,0.0,0.0,False,146,PNG,779,61,12.770491803278688,1.0214019655295776
x6wTnu5I.png,jawa,train,0.0,251.40591430664062,0.0,0.13905872584541062,0.07727581521739131,256,0.6619085669517517,0.0,0.0,0.0,False,140,PNG,963,86,11.19767441860465,0.8462894539834336
4rHLRpkN.png,jawi,train,0.0,254.91159057617188,0.0,0.05545556805399325,0.009606299212598425,5,1.0735597610473633,0.0,0.0,0.0,False,127,PNG,635,70,9.071428571428571,0.3129808773903262
0RK4QIII.png,sunda,train,0.0,251.37619018554688,0.0,0.13918439716312056,0.08643617021276596,256,0.7151705026626587,0.0,0.0,0.0,False,144,PNG,803,49,16.387755102040817,0.9163595699799222
6p9QQQlc.png,jawa,train,0.0,230.9148712158203,0.0,0.4113084302918963,0.3113390487854664,18,1.2729690074920654,0.0,0.0,0.0,False,94,PNG,284,69,4.115942028985507,2.2531128801796285
jwXtZIPo.png,lampung,train,0.0,248.6267547607422,0.0,0.18362282878411912,0.15607940446650123,105,0.5665841698646545,0.0,0.0,0.0,False,141,PNG,130,31,4.193548387096774,3.662531017369727
zKqnFX4q.png,jawi,train,0.0,254.7606964111328,0.0,0.10215392934390771,0.024625991348233598,5,0.872085690498352,0.0,0.0,0.0,False,127,PNG,608,73,8.32876712328767,0.6517664023071377
3fGkBXmy.png,lontara,train,0.0,252.87094116210938,0.0,0.10683487021857924,0.04553022540983607,256,0.6920018792152405,0.0,0.0,0.0,False,137,PNG,789,63,12.523809523809524,0.649566459452391
Jfg0aDbA.png,jawa,train,0.0,243.1462860107422,0.0,0.3367888191922527,0.26657862881038846,16,1.2092159986495972,0.0,0.0,0.0,False,61,PNG,699,65,10.753846153846156,1.925035765379113
BeLlmsS0.png,lontara,train,0.0,251.09841918945312,0.0,0.1481434811827957,0.07543682795698925,256,0.724917471408844,0.0,0.0,0.0,False,138,PNG,956,39,24.512820512820515,0.8728677180560026
Tl6cNjSQ.png,jawa,train,0.0,232.42079162597656,0.0,0.3971181879345145,0.42433841668535544,26,1.623181700706482,0.0,0.0,0.0,False,69,PNG,686,104,6.596153846153846,2.401098901098901
RLBx5V6t.png,jawi,train,0.0,254.2033233642578,0.0,0.20723684210526316,0.06798245614035088,5,1.0030128955841064,0.0,0.0,0.0,False,127,PNG,57,32,1.78125,2.026315789473684
FDWa713g.png,bali,train,0.0,250.02037048339844,0.0,0.148046875,0.14340277777777777,256,1.0955157279968262,0.0,0.0,0.0,False,157,PNG,1411,56,25.196428571428573,0.949276095980561
PzgGMHjn.png,lampung,train,0.0,250.59654235839844,0.0,0.1922783845567691,0.10236220472440945,100,0.7452366352081299,0.0,0.0,0.0,False,100,PNG,127,31,4.096774193548387,3.186182372364745
QVFqAlMn.png,jawa,train,0.0,251.9864501953125,0.0,0.13649867957746478,0.060024207746478875,256,0.6666784882545471,0.0,0.0,0.0,False,137,PNG,877,81,10.82716049382716,0.7739065557385588
0RY4v3Mr.png,lontara,train,0.0,252.5041046142578,0.0,0.1141633064516129,0.051663306451612906,256,0.6812191009521484,0.0,0.0,0.0,False,138,PNG,869,70,12.414285714285716,0.7225382212723985
RTuj33f0.png,lontara,train,0.0,252.17431640625,0.0,0.13717296511627908,0.058200096899224806,256,0.724510133266449,0.0,0.0,0.0,False,137,PNG,956,54,17.703703703703702,0.7150162715016272
mMIK1gKF.png,lampung,train,0.0,252.2946319580078,0.0,0.1265881265881266,0.10810810810810811,86,0.5997032523155212,0.0,0.0,0.0,False,152,PNG,117,37,3.1621621621621623,2.507738507738508
Bgc5xcQB.png,sunda,train,0.0,254.6573486328125,0.0,0.11585798816568048,0.028284023668639052,5,0.907424807548523,0.0,0.0,0.0,False,127,PNG,130,65,2.0,0.9988165680473372
WnSMMACr.png,lontara,train,0.0,251.91964721679688,0.0,0.14110243055555555,0.06024305555555556,256,0.6705712676048279,0.0,0.0,0.0,False,136,PNG,895,70,12.785714285714286,0.7528810853950518
N04h00pJ.png,bali,train,0.0,254.67010498046875,0.0,0.08433734939759036,0.029809961495466403,5,1.0943676233291626,0.0,0.0,0.0,False,127,PNG,97,83,1.1686746987951808,1.0950192522667992
7QKZu7RS.png,jawa,train,4.816767692565918,244.69480895996094,1.270477294921875,0.1761194029850746,0.10274210343630684,256,0.7739955186843872,1.0,0.0,0.0,False,138,PNG,335,43,7.790697674418604,16.883582089552238
3e0GxUY3.png,jawa,train,0.0,217.775634765625,0.0,0.24216505028735633,0.3628547054597701,256,0.7763224244117737,17.0,0.0,0.0,False,119,PNG,975,73,13.356164383561644,1.721390937829294
t0F530i0.png,sunda,train,0.0,254.4567413330078,0.0,0.23740930431071275,0.03620714184094466,5,0.8805505037307739,0.0,0.0,0.0,False,127,PNG,198,142,1.3943661971830985,0.9571774078816332
LbdIIDPH.png,bali,train,1.313599705696106,201.53985595703125,0.0330047607421875,0.08828590029761904,0.9504510788690477,219,0.2928556501865387,0.0,0.0,0.0007905505952380952,False,121,PNG,1200,700,1.7142857142857142,2.179304761904762
eC8CLh5p.png,lontara,train,0.0,252.2923583984375,0.0,0.1189525462962963,0.04939236111111111,256,0.6894034147262573,0.0,0.0,0.0,False,135,PNG,950,56,16.964285714285715,0.6442105263157895
rYnAsYKa.png,bali,train,0.0,250.7731170654297,0.0,0.1412130376344086,0.1384828629032258,256,1.1450451612472534,0.0,0.0,0.0,False,161,PNG,1370,56,24.464285714285715,0.9253388946819604
5iijQVjv.png,jawi,train,0.0,254.71861267089844,0.0,0.10282032739464861,0.04141739530602853,5,1.0663418769836426,0.0,0.0,0.0,False,127,PNG,287,53,5.415094339622642,0.8578002761159687
WC3LEzxB.png,jawi,train,0.0,254.67005920410156,0.0,0.11653465346534654,0.02811881188118812,5,0.9402492046356201,0.0,0.0,0.0,False,127,PNG,202,50,4.04,1.0035643564356436
t6C5Fe4r.png,jawa,train,0.0,251.0707244873047,0.0,0.1702140452140452,0.06238977072310405,20,0.793077826499939,0.0,0.0,0.0,False,107,PNG,616,81,7.604938271604938,1.2275132275132274
iogukONZ.png,lampung,train,0.0,250.0930938720703,0.0,0.1491739552964043,0.13135730482669258,133,0.5820177793502808,0.0,0.0,0.0,False,147,PNG,147,42,3.5,3.190152251376741
wST3apPG.png,jawi,train,0.0,254.63858032226562,0.0,0.14929785661492978,0.0336289726533629,5,0.8446617722511292,0.0,0.0,0.0,False,127,PNG,66,41,1.6097560975609757,1.475240206947524
CCi8M4Wp.png,sunda,train,0.0,251.75550842285156,0.0,0.14317255434782608,0.06772720410628019,256,0.5722701549530029,0.0,0.0,0.0,False,138,PNG,779,70,11.128571428571428,0.7555474050981111
2U2FBMI8.png,lampung,train,0.0,254.73870849609375,0.0,0.09239130434782608,0.028903162055335968,5,0.9029572606086731,0.0,0.0,0.0,False,127,PNG,92,44,2.090909090909091,1.1146245059288538
8Qd3qGTa.png,lampung,train,0.0,251.30426025390625,0.0,0.12784679089026915,0.08919944789510006,118,0.7642923593521118,0.0,0.0,0.0,False,138,PNG,138,42,3.2857142857142856,2.6694271911663217
OnISjH4b.png,bali,train,0.0,250.3111572265625,0.0,0.15498991935483872,0.1578040994623656,256,1.1185517311096191,0.0,0.0,0.0,False,161,PNG,1518,61,24.885245901639344,0.9461975420635436
FLAbYenf.png,jawa,train,0.0,250.0082550048828,0.0,0.21398992486338797,0.09883025956284153,256,0.6645824313163757,0.0,0.0,0.0,False,137,PNG,855,68,12.573529411764708,1.0486412108703131
8P0TpN1l.png,sunda,train,0.0,254.7425994873047,0.0,0.14099536429633516,0.027245692294235985,5,0.7943184971809387,0.0,0.0,0.0,False,127,PNG,309,74,4.175675675675675,0.7165223475903088
OQAQhy3X.png,bali,train,0.0,254.62417602539062,0.0,0.08302935556713566,0.03248219558797985,5,1.1472852230072021,0.0,0.0,0.0,False,127,PNG,101,57,1.7719298245614037,1.1200277922529096
M8gaGQlP.png,jawi,train,0.0,251.47120666503906,0.0,0.21427951388888888,0.061197916666666664,256,0.5715345740318298,0.0,0.0,0.0,False,132,PNG,798,93,8.580645161290322,0.813970409895707
vIX9hIjR.jpg,pegon,train,16.651947021484375,205.30233764648438,15.438995361328125,0.09765286796536797,0.7900872564935065,217,0.19192980229854584,0.0,0.0,0.0,False,161,JPEG,640,462,1.3852813852813852,1.2285714285714286
HQviYMaE.png,pegon,train,0.0,254.5428009033203,0.0,0.17420263378244652,0.03855522569840907,5,0.8871978521347046,0.0,0.0,0.0,False,127,PNG,174,151,1.152317880794702,1.1095379462586588
Kfm4fv4c.png,sunda,train,0.0,254.57736206054688,0.0,0.19696969696969696,0.037626262626262626,5,0.8163267970085144,0.0,0.0,0.0,False,127,PNG,72,55,1.309090909090909,1.3777777777777778
DpQEXWZJ.png,jawa,train,0.0,244.94183349609375,0.0,0.21470904681145941,0.18773820595583274,22,1.1493180990219116,0.0,0.0,0.0,False,88,PNG,677,81,8.358024691358025,1.7302186479931434
sHDzG055.png,jawa,train,0.0,253.4491424560547,0.0,0.09199078624979827,0.03893836470605496,24,0.9172319769859314,0.0,0.0,0.0,False,77,PNG,749,91,8.23076923076923,0.7565838700685162
Dd7xWbLY.png,jawi,train,0.0,254.6522674560547,0.0,0.17038539553752535,0.027496055893621817,5,0.8521569967269897,0.0,0.0,0.0,False,127,PNG,87,51,1.7058823529411764,1.30718954248366
5ysc4FpU.png,jawi,train,0.0,254.61508178710938,0.0,0.21130858263234456,0.0318765416482196,5,0.7154558897018433,0.0,0.25,0.0,False,127,PNG,163,97,1.6804123711340206,0.957814180001265
ZmVXRymf.png,sunda,train,0.0,254.48443603515625,0.0,0.19723691945914168,0.037037037037037035,5,0.7656766176223755,0.0,0.0,0.0,False,127,PNG,63,54,1.1666666666666667,1.3968253968253967
EaYGOrlT.png,sunda,train,0.0,254.3562774658203,0.0,0.2074978204010462,0.05355586000747291,5,0.9582589268684387,0.0,0.0,0.0,False,127,PNG,217,37,5.864864864864865,1.403910823265662
z2vvLBUT.png,pegon,train,0.0,254.2196044921875,0.0,0.180022219002077,0.05177993527508091,5,0.9721832871437073,0.0,0.0,0.0,False,127,PNG,201,103,1.951456310679612,1.3860793121769792
9uFtnYPL.png,jawa,train,0.0,249.91969299316406,0.0,0.1882595486111111,0.09971788194444445,256,0.6347822546958923,0.0,0.0,0.0,False,139,PNG,833,52,16.01923076923077,0.9716501985409548
06eqZ6CH.png,jawi,train,0.0,254.6717987060547,0.0,0.17272727272727273,0.04212121212121212,5,0.8130562901496887,0.0,0.0,0.0,False,127,PNG,75,44,1.7045454545454546,1.4012121212121211
DcTnvPA0.png,jawi,train,0.0,249.84808349609375,0.0,0.2608173076923077,0.08874198717948718,256,0.5848514437675476,0.0,0.0,0.0,False,133,PNG,874,89,9.820224719101123,1.0247602396318105
ooUCUvDt.png,jawa,train,0.0,253.72894287109375,0.0,0.1554432386898568,0.04878350924136564,18,0.9116936326026917,0.0,0.0,0.0,False,46,PNG,651,62,10.5,0.9795352063822408
OpZHk0xy.png,sunda,train,0.0,254.50003051757812,0.0,0.18158484226246033,0.051941385103602765,5,0.8934599161148071,0.0,0.0,0.0,False,127,PNG,487,44,11.068181818181818,1.0819488519693858
aluaTbKZ.png,jawi,train,0.0,254.6409454345703,0.0,0.0989159891598916,0.034500729622680845,5,1.0490450859069824,0.0,0.0,0.0,False,127,PNG,369,52,7.096153846153846,0.8459453825307484
9ttYMU0C.png,sunda,train,0.0,254.8069305419922,0.0,0.11505212306127638,0.02669717772692601,5,0.8322123289108276,0.0,0.0,0.0,False,127,PNG,138,57,2.421052631578948,0.9010933129926264
OOt4JATx.png,lampung,train,0.0,248.1531524658203,0.0,0.23019571295433364,0.14119291705498602,123,0.7097409963607788,0.0,0.0,0.0,False,139,PNG,148,29,5.103448275862069,3.668219944082013
NX1ipq6z.png,jawa,train,0.0,208.873779296875,0.0,0.22616319444444444,0.4952083333333333,256,1.219282627105713,20.0,0.0,0.0,False,126,PNG,963,94,10.24468085106383,1.9492278120235964
lgnFKBft.png,lampung,train,0.0,254.80612182617188,0.0,0.06721730152692496,0.021735586589143076,5,0.998542308807373,0.0,0.0,0.0,False,127,PNG,239,77,3.103896103896104,0.6942346356572298
hzsdmZFP.png,sunda,train,0.0,253.3409423828125,0.0,0.07020892518939394,0.040986032196969696,256,0.7533478736877441,0.0,0.0,0.0,False,144,PNG,798,91,8.76923076923077,0.5672422815279958
aqsxlWL5.png,jawi,train,0.0,254.6231689453125,0.0,0.1253358710255262,0.03330721003134796,5,0.8548966646194458,0.0,0.0,0.0,False,127,PNG,308,58,5.310344827586207,0.8508732646663681
KqoNgEEr.png,sunda,train,0.0,254.42970275878906,0.0,0.16620803522289487,0.04705558613098514,5,0.9182022213935852,0.0,0.0,0.0,False,127,PNG,79,46,1.7173913043478262,1.4507429829389102
FThF7jTW.png,lampung,train,0.0,252.5225372314453,0.0,0.08548001126126126,0.06126829954954955,256,0.852868914604187,0.0,0.0,0.0,False,146,PNG,886,43,20.6046511627907,0.6652317706966245
8BzWXhj3.png,sunda,train,0.0,254.82962036132812,0.0,0.10149280575539568,0.02066546762589928,5,0.7969394326210022,0.0,0.0,0.0,False,127,PNG,695,80,8.6875,0.5464748201438849
o0e8byeJ.png,lontara,train,0.0,251.97462463378906,0.0,0.130859375,0.06544883578431372,256,0.7287739515304565,0.0,0.0,0.0,False,139,PNG,949,42,22.59523809523809,0.7839831401475237
5au8xV24.png,lontara,train,0.0,251.09930419921875,0.0,0.18015252976190477,0.08801463293650794,256,0.7548072338104248,0.0,0.0,0.0,False,140,PNG,920,50,18.4,0.7340869565217392
wsBLplFw.png,jawi,train,0.0,252.7728729248047,0.0,0.08432904411764706,0.056576797385620915,256,0.8148223161697388,0.0,0.0,0.0,False,146,PNG,955,64,14.921875,0.6365183246073298
sX2VGTUF.png,jawa,train,0.0,252.1930694580078,0.0,0.12349759615384616,0.06280048076923077,256,0.6546744704246521,0.0,0.0,0.0,False,140,PNG,970,98,9.89795918367347,0.7271197138649275
yJ1ahmYi.png,sunda,train,0.0,254.54806518554688,0.0,0.22818791946308725,0.040178370343678216,5,0.9288660883903503,0.0,0.0,0.0,False,127,PNG,149,149,1.0,1.082473762443133
8uBBrTmA.png,lontara,train,0.0,252.84115600585938,0.0,0.09078125,0.046302083333333334,256,0.7402018904685974,0.0,0.0,0.0,False,139,PNG,941,61,15.42622950819672,0.5983171024895036
CbAjh73M.png,jawi,train,0.0,254.85044860839844,0.0,0.05927927927927928,0.010576576576576577,5,0.8433377742767334,0.0,0.0,0.0,False,127,PNG,555,100,5.55,0.3953873873873874
iw6Q2gq4.png,bali,train,0.0,251.09933471679688,0.0,0.13802083333333334,0.0953125,256,0.8466545939445496,0.0,0.0,0.0,False,146,PNG,947,68,13.926470588235292,0.9190632958568856
Fk7ll1RD.png,sunda,train,0.0,254.39102172851562,0.0,0.18650503870308163,0.05966116547393019,5,0.9017733335494995,0.0,0.0,0.0,False,127,PNG,334,41,8.146341463414634,1.1275010953702351
4xcVTIui.png,jawa,train,0.0,251.6869659423828,0.0,0.14037528538812785,0.07528895547945205,256,0.6433065533638,0.0,0.0,0.0,False,141,PNG,937,89,10.52808988764045,0.8276953701149976
uexUBJnb.jpg,jawi,train,27.231603622436523,236.02500915527344,14.2437744140625,0.21855902777777778,0.23953125,219,1.2486780881881714,0.0,0.0,0.0,False,207,JPEG,320,180,1.7777777777777777,1.4569444444444444
emMjxGOq.png,jawi,train,0.0,252.87257385253906,0.0,0.413961038961039,0.08441558441558442,5,0.8116816878318787,0.0,0.0,0.0,False,127,PNG,22,28,0.7857142857142857,3.7142857142857135
i7LJu09I.png,lampung,train,0.0,250.36061096191406,0.0,0.16753678215472234,0.12577123872804935,83,0.7142050862312317,0.0,0.0,0.0,False,144,PNG,98,43,2.2790697674418605,2.536307546274324
Xgu6c7a8.png,sunda,train,0.0,254.63796997070312,0.0,0.18647458983593437,0.036614645858343335,5,0.8386183381080627,0.0,0.0,0.0,False,127,PNG,98,51,1.9215686274509804,1.29171668667467
eLGHyiqR.png,bali,train,0.0,250.50082397460938,0.0,0.13894489247311828,0.14138104838709678,256,1.1346465349197388,0.0,0.0,0.0,False,160,PNG,1400,56,25.0,0.9218367346938776
pXiAetoy.png,jawi,train,0.0,254.83145141601562,0.0,0.10434173669467788,0.021413828689370484,5,0.7874590158462524,0.0,0.0,0.0,False,127,PNG,399,68,5.867647058823529,0.5646469113961374
bBse9E8Y.png,jawa,train,0.0,253.9711151123047,0.0,0.25314063368538076,0.07115063924402446,5,0.9027190804481506,0.0,0.0,0.0,False,127,PNG,257,35,7.3428571428571425,1.473707615341857
RgrRqTFt.png,lontara,train,0.0,250.7576446533203,0.0,0.14393939393939395,0.08408301767676768,256,0.7570022344589233,0.0,0.0,0.0,False,140,PNG,1063,46,23.108695652173918,0.8965601865106957
DHgrHgLr.png,sunda,train,0.0,254.36251831054688,0.0,0.19136130288546646,0.05947955390334572,5,0.8566893935203552,0.0,0.0,0.0,False,127,PNG,269,42,6.404761904761905,1.2016286068330675
T7d3iSG8.png,jawi,train,0.0,254.7035675048828,0.0,0.10283446008807294,0.02625648659265232,5,0.8614076972007751,0.0,0.0,0.0,False,127,PNG,701,69,10.159420289855072,0.6356137195311047
kOlIkBFH.png,bali,train,0.0,250.9484100341797,0.0,0.12294921875,0.11002604166666667,256,1.0409187078475952,0.0,0.0,0.0,False,154,PNG,1343,70,19.185714285714287,0.8111477502393363
ANUT39NX.png,jawi,train,0.0,254.88156127929688,0.0,0.04504851873272926,0.009382430435062015,5,0.8582697510719299,0.0,0.0,0.0,False,127,PNG,399,78,5.115384615384615,0.3956043956043956
Tm3qlqOY.png,sunda,train,0.0,254.6295166015625,0.0,0.15422276621787026,0.037943696450428395,5,0.9417994618415833,0.0,0.0,0.0,False,127,PNG,95,43,2.2093023255813957,1.3317013463892289
98OaxYfC.png,jawi,train,0.0,254.65135192871094,0.0,0.07641509433962264,0.022955974842767294,5,0.9337418079376221,0.0,0.0,0.0,False,127,PNG,60,53,1.1320754716981132,1.1169811320754717
jEdo1CjR.png,sunda,train,0.0,254.59811401367188,0.0,0.18333333333333332,0.04523809523809524,5,0.9012514352798462,0.0,0.0,0.0,False,127,PNG,390,42,9.285714285714286,1.1013431013431014
UQ4cH1sk.png,sunda,train,0.0,254.56198120117188,0.0,0.16982323232323232,0.03409090909090909,5,0.849692165851593,0.0,0.0,0.0,False,127,PNG,44,36,1.2222222222222223,1.7323232323232325
Eo5PDAhP.png,pegon,train,0.0,254.44366455078125,0.0,0.16164383561643836,0.039616438356164387,5,0.9180827736854553,0.0,0.0,0.0,False,127,PNG,146,125,1.168,1.098958904109589
r04Xep33.png,bali,train,0.0,250.97470092773438,0.0,0.1306423611111111,0.11964699074074074,256,1.0820719003677368,0.0,0.0,0.0,False,156,PNG,1513,70,21.614285714285717,0.8149560947974696
wu8UrNFQ.png,lontara,train,0.0,251.16281127929688,0.0,0.12690548780487804,0.07898246951219512,256,0.7827835083007812,0.0,0.0,0.0,False,141,PNG,1036,55,18.83636363636364,0.8613548613548614
8gbwpGQ3.png,lampung,train,0.0,251.18069458007812,0.0,0.1462131837307153,0.11535764375876578,64,0.5386254191398621,0.0,0.0,0.0,False,140,PNG,92,31,2.967741935483871,2.8807854137447406
o5YdNKLt.png,jawi,train,0.0,249.86227416992188,0.0,0.24731016995614036,0.0820655153508772,256,0.5835435390472412,0.0,0.0,0.0,False,132,PNG,796,79,10.075949367088608,1.012403791107436
Jt0kChxc.png,sunda,train,0.0,254.43612670898438,0.0,0.19274537695590327,0.05796586059743954,5,0.9445009827613831,0.0,0.0,0.0,False,127,PNG,74,38,1.947368421052632,1.6642958748221903
DKleZU2C.png,jawa,train,0.0,250.8087158203125,0.0,0.1777012711864407,0.0882768361581921,256,0.6091302037239075,0.0,0.0,0.0,False,139,PNG,957,73,13.10958904109589,0.8333118621262221
KH2fk8Tr.png,sunda,train,0.0,254.52947998046875,0.0,0.18896915491342736,0.04162366701066392,5,0.8142120242118835,0.0,0.0,0.0,False,127,PNG,171,51,3.3529411764705883,1.0705194358445131
4cQJzJ58.jpg,pegon,train,24.72793197631836,200.4265594482422,17.267547607421875,0.24499310539606592,0.7350789972089314,256,0.8265045285224915,1.0,0.0,0.0002886596225412015,False,140,JPEG,1500,1225,1.2244897959183674,2.5508179591836733
v8iQD1YR.png,lampung,train,0.0,254.60211181640625,0.0,0.0976029580517659,0.03359683794466403,5,1.0907286405563354,0.0,0.0,0.0,False,127,PNG,253,62,4.080645161290323,0.9307662884100472
3Iqw2j3Z.png,jawa,train,0.0,254.65647888183594,0.0,0.24265165728580362,0.052845528455284556,5,0.8293883204460144,0.0,0.0,0.0,False,127,PNG,82,39,2.102564102564102,1.7510944340212633
SpF9CSFQ.png,lontara,train,0.0,252.29263305664062,0.0,0.14568192829457363,0.05259811046511628,256,0.6679964065551758,0.0,0.0,0.0,False,135,PNG,938,52,18.03846153846154,0.684762998195834
YJzwBZ1W.png,lampung,train,0.0,254.6844024658203,0.0,0.0866954400450366,0.02251829611559392,5,0.881730854511261,0.0,0.0,0.0,False,127,PNG,146,73,2.0,0.8204165884781385
X8sf34uy.png,jawi,train,0.0,249.3979034423828,0.0,0.24971955128205128,0.08972355769230769,256,0.5859830975532532,0.0,0.0,0.0,False,133,PNG,804,68,11.823529411764708,1.1003804506877377
e0UVxPvs.png,sunda,train,0.0,254.51617431640625,0.0,0.19777628032345013,0.05211141060197664,5,0.8555118441581726,0.0,0.0,0.0,False,127,PNG,212,42,5.047619047619048,1.2003593890386344
3fkWEO2g.png,lampung,train,0.0,253.05650329589844,0.0,0.07637965425531915,0.048287898936170214,256,0.7833281755447388,0.0,0.0,0.0,False,145,PNG,893,55,16.236363636363638,0.5599918558485187
c51EHp9v.png,lontara,train,0.0,252.6255645751953,0.0,0.12052869496855347,0.04552378144654088,256,0.6742583513259888,0.0,0.0,0.0,False,135,PNG,882,61,14.459016393442624,0.6234712464220661
50M7u8ac.png,jawi,train,0.0,254.78012084960938,0.0,0.10215922444183313,0.019682726204465335,5,0.8194323778152466,0.0,0.0,0.0,False,127,PNG,148,92,1.608695652173913,0.7297297297297297
OEDXcIST.png,lontara,train,0.0,251.69554138183594,0.0,0.148119918699187,0.0626270325203252,256,0.6892598867416382,0.0,0.0,0.0,False,136,PNG,930,50,18.6,0.7690322580645161
3rqeXFQ4.png,lampung,train,0.0,254.72328186035156,0.0,0.07410130718954248,0.021568627450980392,5,0.9397305250167847,0.0,0.0,0.0,False,127,PNG,153,80,1.9125,0.792156862745098
uLKywNbB.png,jawi,train,0.0,254.5709991455078,0.0,0.1728231159703241,0.03522061694650527,5,0.8417474627494812,0.0,0.0,0.0,False,127,PNG,197,65,3.0307692307692307,0.9677469738383444
MEMj71vS.png,sunda,train,0.0,254.42471313476562,0.0,0.17199255723646953,0.05743871855027911,5,0.8879237174987793,0.0,0.0,0.0,False,127,PNG,263,47,5.595744680851064,1.0918210500768546
zDgrKgYV.png,jawa,train,0.0,248.19732666015625,0.0,0.2760493523528447,0.16510903426791276,20,1.0431979894638062,0.0,0.0,0.0,False,63,PNG,642,76,8.447368421052632,1.8645679619609767
FzUde3i5.png,sunda,train,0.0,252.31544494628906,0.0,0.12566964285714285,0.06050967261904762,256,0.5870868563652039,0.0,0.0,0.0,False,138,PNG,789,72,10.958333333333334,0.6937051119560625
fELO1z01.png,sunda,train,0.0,251.9735107421875,0.0,0.14330690298507462,0.06704757462686567,256,0.5914574265480042,0.0,0.0,0.0,False,138,PNG,792,69,11.478260869565217,0.7496706192358367
WiFuJUGL.png,jawa,train,0.0,251.57916259765625,0.0,0.17174290458937197,0.07153910024154589,256,0.6157187819480896,0.0,0.0,0.0,False,136,PNG,912,82,11.121951219512194,0.8008130081300813
B0y4rLV8.png,jawi,train,0.0,254.7520751953125,0.0,0.09175007582650894,0.02362754018804974,5,0.9287356734275818,0.0,0.0,0.0,False,127,PNG,471,70,6.728571428571429,0.6925083409159842
37VMQK8F.png,jawi,train,0.0,254.6737060546875,0.0,0.1289881806381089,0.04078704652592744,5,1.0030708312988281,0.0,0.0,0.0,False,127,PNG,357,41,8.707317073170731,0.9920065587210494
AXMZdhYS.png,lontara,train,0.0,253.3359375,0.0,0.07233796296296297,0.03486689814814815,254,0.7280020713806152,0.0,0.0,0.0,False,139,PNG,896,52,17.23076923076923,0.5101304945054945
tcMpHtgF.png,jawi,train,0.0,247.5438690185547,0.0,0.3548177083333333,0.09731264467592593,256,0.5798326134681702,0.0,0.0,0.0,False,129,PNG,811,76,10.671052631578949,1.1241482250632746
JNppT7xp.png,jawi,train,0.0,254.6128387451172,0.0,0.08553191489361703,0.02723404255319149,5,0.968843936920166,0.0,0.0,0.0,False,127,PNG,47,50,0.94,1.3991489361702127
QuGz5D8G.png,pegon,train,0.0,250.62631225585938,0.0,0.1911224626068376,0.07929353632478632,256,0.6271649599075317,0.0,0.0,0.0,False,135,PNG,815,83,9.819277108433734,0.9599526942124326
E6kMcEiC.png,jawi,train,0.0,254.81851196289062,0.0,0.10091250670960816,0.023349436392914653,5,1.0711849927902222,0.0,0.0,0.0,False,127,PNG,81,92,0.8804347826086957,0.711755233494364
2HAs2PFB.png,jawa,train,0.0,252.29849243164062,0.0,0.10639626141552512,0.06373073630136987,256,0.6901464462280273,0.0,0.0,0.0,False,143,PNG,981,93,10.548387096774194,0.6576567689322942
Ifcb2r4C.jpg,jawa,train,33.22144317626953,195.90928649902344,4.147491455078125,0.28462982177734375,0.8039067586263021,251,0.5747443437576294,0.0,0.0,0.0103759765625,False,138,JPEG,1200,800,1.5,1.3631916666666666
h6dp5flA.png,lontara,train,0.0,252.1709747314453,0.0,0.1435546875,0.05459872159090909,256,0.660254716873169,0.0,0.0,0.0,False,135,PNG,950,54,17.59259259259259,0.6623001949317738
7Bl20NPI.png,lontara,train,0.0,251.19821166992188,0.0,0.17225796568627452,0.07456341911764706,256,0.7040314078330994,0.0,0.0,0.0,False,137,PNG,933,41,22.75609756097561,0.8712519279533631
nCZUSO47.png,lontara,train,0.0,251.54872131347656,0.0,0.12575383771929824,0.0693188048245614,256,0.742206871509552,0.0,0.0,0.0,False,140,PNG,987,49,20.142857142857142,0.8198002605297439
ojz5sEzd.png,lampung,train,0.0,254.72674560546875,0.0,0.07339082503556188,0.031205547652916076,5,1.2102924585342407,0.0,0.0,0.0,False,127,PNG,296,76,3.8947368421052633,0.8396159317211949
cSqToiMa.jpg,bali,train,19.76114273071289,237.7725372314453,42.56318664550781,0.059823323429541594,0.08320511460101868,254,1.2198662757873535,0.0,0.0,0.0,False,157,JPEG,640,589,1.0865874363327674,1.2754881154499151
N2JxkPDy.png,lontara,train,0.0,253.40760803222656,0.0,0.08387784090909091,0.03451704545454545,256,0.6756272315979004,0.0,0.0,0.0,False,137,PNG,947,68,13.926470588235292,0.4736940182620038
ZTjt1UNI.jpg,bali,train,6.805526256561279,199.98062133789062,5.4382781982421875,0.14424879057686285,0.7817173147057915,253,1.017807126045227,0.0,0.0,0.0016272639475042004,False,145,JPEG,393,577,0.6811091854419411,2.3595239040222964
XkTXJuHL.png,bali,train,0.0,250.98939514160156,0.0,0.12756990131578946,0.11211622807017543,256,1.0386759042739868,0.0,0.0,0.0,False,154,PNG,1379,69,19.98550724637681,0.8165547393090982
C1ItbRuK.png,lampung,train,0.0,251.22361755371094,0.0,0.14052287581699346,0.0923202614379085,99,0.8469929099082947,0.0,0.0,0.0,False,95,PNG,136,36,3.7777777777777777,2.8758169934640523
RNff8a0B.png,jawi,train,0.0,254.82334899902344,0.0,0.07741278329513623,0.019862490450725745,5,0.9572069048881531,0.0,0.0,0.0,False,127,PNG,77,51,1.5098039215686274,0.9533995416348358
6HyOkO6K.png,sunda,train,0.0,254.75038146972656,0.0,0.14412191582002903,0.03367198838896952,5,0.8403905630111694,0.0,0.0,0.0,False,127,PNG,130,53,2.452830188679245,1.0867924528301889
8SdXjc5Q.png,lampung,train,0.0,254.71493530273438,0.0,0.07610564150648538,0.02167005261238735,5,0.982354998588562,0.0,0.0,0.0,False,127,PNG,237,81,2.925925925925926,0.7396989112882221
SUpeGnqL.png,jawa,train,4.680971622467041,245.95156860351562,0.5322265625,0.11963982879754502,0.07251877574093515,256,0.697905957698822,1.0,0.0,0.0,False,138,PNG,406,61,6.655737704918033,15.660502301542436
GJPk1yx2.png,lontara,train,0.0,252.97640991210938,0.0,0.09228257275132275,0.04344411375661376,256,0.6942391991615295,0.0,0.0,0.0,False,138,PNG,843,69,12.217391304347826,0.6344490862516547
a4jh7wTT.jpg,jawa,train,18.937047958374023,245.4324951171875,6.8543701171875,0.07765468091998705,0.14631033365727245,256,0.393837034702301,0.0,0.0,0.0,False,155,JPEG,700,441,1.5873015873015872,0.995425979915776
H2So05rF.png,lampung,train,0.0,252.1022186279297,0.0,0.14256490952006295,0.04956726986624705,94,0.8031852841377258,0.0,0.0,0.0,False,85,PNG,155,41,3.7804878048780486,2.4660896931549963
DZ2S8alb.png,jawa,train,0.0,251.62461853027344,0.0,0.1519717261904762,0.07465277777777778,256,0.6564043760299683,0.0,0.0,0.0,False,139,PNG,928,76,12.210526315789474,0.7790381125226861
WIWPKilN.png,bali,train,0.0,251.84857177734375,0.0,0.10857928240740741,0.1052517361111111,256,1.1234124898910522,0.0,0.0,0.0,False,160,PNG,1363,63,21.63492063492064,0.7346073670358336
e5ZjpoAU.png,bali,train,0.0,254.75164794921875,0.0,0.08300653594771241,0.023166303558460423,5,0.9400270581245422,0.0,0.0,0.0,False,127,PNG,170,81,2.098765432098765,0.7907044299201162
sX3Wke3m.png,sunda,train,0.0,254.5000762939453,0.0,0.174387996841274,0.044353777309818376,5,0.7864994406700134,0.0,0.0,0.0,False,127,PNG,131,58,2.2586206896551726,1.1245064490655436
aWiq8IgM.png,jawa,train,4.404319763183594,246.1827850341797,1.6571807861328125,0.20230334637114297,0.085832246849196,256,0.5694684982299805,1.0,0.0,0.0,False,135,PNG,177,52,3.4038461538461537,14.39895697522816
uB9Us8VD.png,jawa,train,4.659276008605957,247.35791015625,1.8491973876953125,0.11271916173876959,0.06351799979250959,256,0.73012375831604,1.0,0.0,0.0,False,137,PNG,476,81,5.876543209876544,14.83535636476813
r2g1SCRN.png,pegon,train,0.0,254.2851104736328,0.0,0.20324841472911337,0.04950495049504951,5,0.8927947878837585,0.0,0.0,0.0,False,127,PNG,101,89,1.1348314606741574,1.4115029480476138
B4fDcO84.png,sunda,train,0.0,250.68272399902344,0.0,0.17648051697530864,0.08830054012345678,256,0.603649914264679,0.0,0.0,0.0,False,138,PNG,776,55,14.10909090909091,0.861668228678538
ATKeORaE.png,bali,train,0.0,254.58248901367188,0.0,0.09416698436904308,0.03678993518871521,5,1.115844488143921,0.0,0.0,0.0,False,127,PNG,86,61,1.4098360655737705,1.3267251239039268
OrlluMAX.png,jawi,train,0.0,250.8231658935547,0.0,0.24149525316455697,0.06729628164556962,256,0.5573484897613525,0.0,0.0,0.0,False,131,PNG,791,81,9.765432098765432,0.8952568244603643
wISufpBg.png,jawi,train,0.0,254.4566650390625,0.0,0.170481220657277,0.031396713615023476,5,0.8277260661125183,0.0,0.0,0.0,False,127,PNG,71,48,1.4791666666666667,1.4366197183098592
zels8k1o.png,bali,train,0.0,254.56362915039062,0.0,0.12193270933468252,0.04140315372291087,5,1.0794837474822998,0.0,0.0,0.0,False,127,PNG,201,59,3.406779661016949,1.0847457627118644
hW9ckDAr.png,jawi,train,0.0,254.8103485107422,0.0,0.08809223563321925,0.020897135651234012,5,0.8600302338600159,0.0,0.0,0.0,False,127,PNG,91,61,1.4918032786885247,0.9007386056566384
L4cIkqat.jpg,bali,train,27.89124870300293,225.56137084960938,26.096023559570312,0.2984873453776042,0.5136227077907987,225,0.30034253001213074,0.0,0.0,1.6954210069444444e-06,False,157,JPEG,1280,1280,1.0,0.7764013671875
rRQpjlcO.png,jawa,train,0.0,254.14144897460938,0.0,0.07380183217066966,0.028340902351857922,22,0.9073998332023621,0.0,0.0,0.0,False,59,PNG,689,93,7.408602150537634,0.6058960313372973
xaR1BJyC.png,jawi,train,0.0,252.67115783691406,0.0,0.08378232758620689,0.05702227011494253,256,0.8245116472244263,0.0,0.0,0.0,False,146,PNG,953,72,13.23611111111111,0.6664334849014807
gLKafNpK.png,jawa,train,0.0,251.79928588867188,0.0,0.14246323529411764,0.07100183823529412,256,0.6152171492576599,0.0,0.0,0.0,False,139,PNG,917,81,11.320987654320987,0.7533960714622292
yZwl8HNa.png,jawi,train,0.0,249.41053771972656,0.0,0.3195853625541126,0.07954545454545454,256,0.5833742618560791,0.0,0.0,0.0,False,130,PNG,805,81,9.938271604938272,1.0282647036270225
2d7sE8Pc.png,lontara,train,0.0,252.353759765625,0.0,0.11743384009009009,0.05458192567567568,256,0.7092491984367371,0.0,0.0,0.0,False,138,PNG,967,47,20.574468085106385,0.6567361218068605
4GdmGVjg.png,sunda,train,0.0,254.41526794433594,0.0,0.17645846217274788,0.04658833230261802,5,0.8956714868545532,0.0,0.0,0.0,False,127,PNG,231,42,5.5,1.1741908884766028
4ElTzcrH.png,jawi,train,0.0,254.80799865722656,0.0,0.07407407407407407,0.021604938271604937,5,0.8716888427734375,0.0,0.0,0.0,False,127,PNG,60,54,1.1111111111111112,1.0839506172839506
VivXjrOH.png,sunda,train,0.0,254.68206787109375,0.0,0.1481191222570533,0.030877742946708465,5,0.8597853779792786,0.0,0.0,0.0,False,127,PNG,110,58,1.896551724137931,1.1448275862068966
FtJgAj3z.png,jawa,train,4.1201581954956055,246.4731903076172,0.888916015625,0.18121693121693122,0.0817941317941318,256,0.5415181517601013,1.0,0.0,0.0,False,134,PNG,630,66,9.545454545454543,13.918999518999518
AVjYB2z6.png,jawi,train,0.0,254.73751831054688,0.0,0.19725651577503428,0.02962962962962963,5,0.8276856541633606,0.0,0.0,0.0,False,127,PNG,81,45,1.8,1.3410150891632373
UWOkZppw.png,lampung,train,0.0,249.45941162109375,0.0,0.15852130325814537,0.12552213868003342,111,0.5727235078811646,0.0,0.0,0.0,False,141,PNG,133,36,3.6944444444444446,3.4837092731829573
rdLmkUy7.png,jawi,train,0.0,250.98062133789062,0.0,0.24301160337552744,0.06591178797468354,256,0.5706422328948975,0.0,0.0,0.0,False,132,PNG,812,84,9.666666666666666,0.8746188130424584
gXeIZ31O.png,pegon,train,0.0,250.63131713867188,0.0,0.18610217524509803,0.08494178921568628,256,0.6636056900024414,0.0,0.0,0.0,False,137,PNG,903,80,11.2875,0.9678848283499446
QNSHDhtU.png,jawa,train,0.0,254.6580810546875,0.0,0.1430110422838675,0.02733638567196337,5,0.8251619935035706,0.0,0.0,0.0,False,127,PNG,79,94,0.8404255319148937,1.1214651225424186
C7N9K1we.png,jawi,train,0.0,252.21331787109375,0.0,0.14146894290123457,0.06305459104938271,256,0.6535716652870178,0.0,0.0,0.0,False,138,PNG,846,60,14.1,0.736327817178881
fc56T1Kt.png,lampung,train,0.0,246.58535766601562,0.0,0.17668067226890757,0.16260504201680673,115,0.5251278877258301,0.0,0.0,0.0,False,140,PNG,136,35,3.8857142857142857,3.7294117647058815
zL2KHuIF.png,lontara,train,0.0,252.34156799316406,0.0,0.11908401268115942,0.05182857789855073,256,0.691800057888031,0.0,0.0,0.0,False,137,PNG,944,56,16.857142857142858,0.6451271186440678
8dVCzsvx.png,pegon,train,0.0,254.4613037109375,0.0,0.18766257896692679,0.04749163879598662,5,0.9284743666648865,0.0,0.0,0.0,False,127,PNG,117,115,1.017391304347826,1.3681159420289857
pXLID2Oz.png,sunda,train,0.0,254.4755401611328,0.0,0.1805046805046805,0.04945054945054945,5,0.9241123795509338,0.0,0.0,0.0,False,127,PNG,234,42,5.571428571428571,1.1876271876271876
NPGlMIWr.png,jawi,train,0.0,251.55313110351562,0.0,0.20789930555555555,0.05869175627240143,256,0.5575481057167053,0.0,0.25,0.0,False,132,PNG,838,101,8.297029702970297,0.7823436281575652
1u2I4e7K.png,sunda,train,0.0,250.0649871826172,0.0,0.17084001068376067,0.11625267094017094,256,0.7348616719245911,0.0,0.0,0.0,False,143,PNG,801,41,19.536585365853657,1.1120246033921013
KHeo5E5D.png,lontara,train,0.0,252.95895385742188,0.0,0.10639880952380952,0.043247767857142856,256,0.6982637047767639,0.0,0.0,0.0,False,137,PNG,940,51,18.431372549019606,0.5672090112640801
cFylpRIG.png,lampung,train,0.0,251.0585174560547,0.0,0.16123642439431912,0.13993316624895571,114,0.579057514667511,0.0,0.0,0.0,False,152,PNG,133,36,3.6944444444444446,3.441938178780284
zf4vByQe.png,bali,train,0.0,250.4383087158203,0.0,0.14996279761904763,0.11324404761904762,256,0.9362094402313232,0.0,0.0,0.0,False,148,PNG,1416,64,22.125,0.8577860169491526
KHGmYaNV.png,sunda,train,0.0,254.52464294433594,0.0,0.2066685829261282,0.047714860592124174,5,0.813743531703949,0.0,0.0,0.0,False,127,PNG,142,49,2.897959183673469,1.2773785570566254
YJ3gjCEJ.png,sunda,train,0.0,254.60887145996094,0.0,0.17525921658986174,0.036290322580645164,5,0.8013436198234558,0.0,0.0,0.0,False,127,PNG,124,56,2.2142857142857144,1.150921658986175
bwQJdtjH.png,sunda,train,0.0,251.9203643798828,0.0,0.13877876243781095,0.06576492537313433,256,0.5653896331787109,0.0,0.0,0.0,False,137,PNG,787,69,11.405797101449275,0.7115628970775095
qDr2qXBx.png,pegon,train,0.0,254.23614501953125,0.0,0.22947827953911115,0.04977456523294926,5,0.8754140734672546,0.0,0.0,0.0,False,127,PNG,178,157,1.1337579617834397,1.355184999642167
DOH3uoeR.jpg,bali,train,55.268798828125,158.93145751953125,31.859161376953125,0.268291015625,0.7315787760416667,235,0.5019121170043945,0.0,0.5,0.13227213541666666,False,81,JPEG,640,480,1.3333333333333333,1.249609375
zmpVYdML.png,bali,train,0.0,251.20779418945312,0.0,0.11340237403100775,0.10789123062015504,256,1.1068838834762573,0.0,0.0,0.0,False,157,PNG,1363,76,17.93421052631579,0.7882766343591922
AQ479Wmf.png,sunda,train,0.0,252.60269165039062,0.0,0.09815705128205128,0.054921207264957264,256,0.6517911553382874,0.0,0.0,0.0,False,141,PNG,786,80,9.825,0.6498727735368957
aZW70Z5d.png,jawi,train,0.0,254.44049072265625,0.0,0.3057889822595705,0.05228758169934641,5,0.7341213822364807,0.0,0.0,0.0,False,127,PNG,63,34,1.8529411764705883,1.826330532212885
RTqafbRm.png,bali,train,0.0,254.66697692871094,0.0,0.11922457574631487,0.03616994921342748,5,1.0231258869171143,0.0,0.0,0.0,False,127,PNG,207,78,2.6538461538461537,0.9949213427474296
HW0gtJ3z.png,jawa,train,0.0,236.47772216796875,0.0,0.3820877450601541,0.4293479660973285,28,1.6680952310562134,0.0,0.0,0.0,False,58,PNG,681,114,5.973684210526316,2.4317180616740086
pXrWfipo.png,jawa,train,0.0,251.1530303955078,0.0,0.13763249269005848,0.08406432748538012,256,0.6837283968925476,0.0,0.0,0.0,False,142,PNG,992,73,13.58904109589041,0.8571586389748121
H6XrSApP.png,lontara,train,0.0,252.3013458251953,0.0,0.14702912414965985,0.05296024659863945,256,0.6740154027938843,0.0,0.0,0.0,False,135,PNG,871,55,15.836363636363636,0.694708276797829
R0SrSrZm.png,sunda,train,0.0,254.7391357421875,0.0,0.118562874251497,0.027637033625057577,5,0.9096483588218689,0.0,0.0,0.0,False,127,PNG,167,65,2.569230769230769,0.92639336711193
mQYCGlTg.png,bali,train,0.0,252.17758178710938,0.0,0.10507347470238096,0.07235863095238096,256,0.7988025546073914,0.0,0.0,0.0,False,147,PNG,803,59,13.610169491525424,0.8373683432889377
Q3kRJ6xo.png,jawa,train,0.0,251.9677734375,0.0,0.1145649941314554,0.06794674295774648,256,0.682641327381134,0.0,0.0,0.0,False,142,PNG,949,88,10.784090909090908,0.7280390842034677
qKrhfGzf.png,jawi,train,0.0,254.75784301757812,0.0,0.07816059225512528,0.02313496583143508,5,0.9820472598075867,0.0,0.0,0.0,False,127,PNG,439,64,6.859375,0.6919134396355353
LhjUco2x.png,lampung,train,0.0,248.3901824951172,0.0,0.173182009247583,0.13577133249264398,93,0.5162748098373413,0.0,0.0,0.0,False,141,PNG,122,39,3.128205128205128,3.3526691887347626
uIBwhlqU.png,jawi,train,0.0,254.53726196289062,0.0,0.1793143660715817,0.03284114489547427,5,0.8253903388977051,0.0,0.0,0.0,False,127,PNG,627,93,6.741935483870968,0.8720138567337209
ckJUAUBq.png,lontara,train,0.0,252.54698181152344,0.0,0.12034574468085106,0.04997783687943262,256,0.6797332167625427,0.0,0.0,0.0,False,136,PNG,940,57,16.49122807017544,0.6339678984695782
47WprzGZ.png,bali,train,0.0,251.66860961914062,0.0,0.10963541666666667,0.1111235119047619,256,1.1584218740463257,0.0,0.0,0.0,False,161,PNG,1511,68,22.22058823529412,0.7512749639895667
nbDYiJ5s.png,jawa,train,0.0,251.17897033691406,0.0,0.1601963141025641,0.07506009615384615,256,0.6455016136169434,0.0,0.0,0.0,False,138,PNG,935,79,11.835443037974684,0.8344953631625263
GQtfL5mW.png,lampung,train,0.0,253.18319702148438,0.0,0.07191932624113476,0.046237810283687945,256,0.7994793653488159,0.0,0.0,0.0,False,145,PNG,893,55,16.236363636363638,0.5637381655298789
HKwzw4nv.png,lampung,train,0.0,254.86558532714844,0.0,0.05974986075244316,0.01600081016760342,5,0.9770239591598511,0.0,0.0,0.0,False,127,PNG,227,87,2.6091954022988504,0.571573244214897
xRVYH2Wt.png,lampung,train,0.0,251.90931701660156,0.0,0.16296966953372566,0.10638297872340426,113,0.717006504535675,0.0,0.0,0.0,False,149,PNG,141,47,3.0,2.735476082692017
Zm5B81LE.png,lampung,train,0.0,251.11651611328125,0.0,0.13783783783783785,0.06441441441441441,96,0.7176290154457092,0.0,0.0,0.0,False,136,PNG,120,37,3.2432432432432434,2.445045045045045
lPJpDgwW.jpg,bali,train,22.314777374267578,179.72377014160156,21.873565673828125,0.3475447289737654,0.9456259645061729,254,0.41521838307380676,3.0,0.0,2.712673611111111e-05,False,135,JPEG,1200,675,1.7777777777777777,1.485767901234568
Vz1nxIKv.png,jawi,train,2.4461381435394287,179.68394470214844,1.6934967041015625,0.31048366431774505,0.8585810377962845,256,0.3449113965034485,1.0,0.25,0.10740550928891736,False,116,PNG,700,446,1.5695067264573992,9.544112748238309
NB6PonAo.png,bali,train,0.0,249.481689453125,0.0,0.1590337643678161,0.14870689655172414,256,1.0874758958816528,0.0,0.0,0.0,False,155,PNG,1410,54,26.11111111111111,0.9903861308116628
0ZdBQtWj.png,jawi,train,0.0,254.5691375732422,0.0,0.13540076335877863,0.05143129770992366,5,1.0950316190719604,0.0,0.0,0.0,False,127,PNG,262,40,6.55,1.070229007633588
CDwRTRLG.png,lampung,train,0.0,250.28457641601562,0.0,0.12626262626262627,0.1184926184926185,113,0.5739736557006836,0.0,0.0,0.0,False,145,PNG,143,36,3.9722222222222223,2.905982905982906
XjP6P9L1.png,pegon,train,0.0,254.43556213378906,0.0,0.17544663307375172,0.04420522217132387,5,0.9371029138565063,0.0,0.0,0.0,False,127,PNG,148,118,1.2542372881355932,1.2409528172240036
j35vlXtu.png,lontara,train,0.0,252.9305877685547,0.0,0.09310839371980677,0.046101298309178744,256,0.7112703919410706,0.0,0.0,0.0,False,140,PNG,919,82,11.207317073170731,0.6015021630085724
eWDZoAtS.png,jawa,train,0.0,88.18116760253906,0.0,0.36961973729583997,0.4377253205429637,13,1.5534110069274902,0.0,0.0,0.0,True,132,PNG,651,98,6.642857142857143,2.6346907426565096
0yw3HUMJ.png,jawa,train,0.0,252.44659423828125,0.0,0.1001288930976431,0.058527988215488214,256,0.7335638999938965,0.0,0.0,0.0,False,142,PNG,1019,131,7.778625954198473,0.6685195034796875
nTasNM93.png,lontara,train,0.0,254.5909881591797,0.0,0.15135586149353358,0.029787234042553193,5,0.9122297167778015,0.0,0.0,0.0,False,127,PNG,235,51,4.607843137254902,0.8831038798498123
4mbeSD03.png,jawi,train,0.0,254.8225860595703,0.0,0.07042307692307692,0.011961538461538461,5,0.8604723811149597,0.0,0.0,0.0,False,127,PNG,500,52,9.615384615384617,0.5384615384615384
BH0R4c3B.jpg,bali,train,0.0,253.54981994628906,0.0,0.05357546906451566,0.026649623132190242,256,0.6529682874679565,0.0,0.0,0.0,False,140,JPEG,735,463,1.5874730021598271,0.680307371328661
DMfn9sN7.png,jawa,train,4.575860023498535,247.8624725341797,2.419189453125,0.1652930402930403,0.06662087912087912,256,0.5450989603996277,1.0,0.0,0.0,False,134,PNG,364,60,6.066666666666666,12.67069597069597
tRAMwJga.png,jawi,train,0.0,254.69439697265625,0.0,0.09377958079783638,0.02528735632183908,5,0.9635281562805176,0.0,0.0,0.0,False,127,PNG,255,58,4.396551724137931,0.7972954699121028
bG8nMmtY.png,bali,train,0.0,251.1155548095703,0.0,0.12880345394736842,0.09882127192982457,256,0.9449646472930908,0.0,0.0,0.0,False,149,PNG,1421,71,20.01408450704225,0.7390946665212953
vgRH3hfk.webp,lontara,train,0.7372373938560486,253.1412811279297,0.135162353515625,0.10222468043264503,0.044894296951819075,251,0.6403841972351074,0.0,0.0,0.0,False,142,WEBP,720,565,1.2743362831858407,0.4048770894788593
RjPg5YEs.png,lontara,train,0.0,250.54759216308594,0.0,0.14430675287356323,0.09101113505747127,256,0.8123184442520142,0.0,0.0,0.0,False,142,PNG,1046,40,26.15,0.9638623326959848
p5Nke4ur.png,lontara,train,0.0,251.4514617919922,0.0,0.13351871468926554,0.06949593926553672,256,0.7092801332473755,0.0,0.0,0.0,False,138,PNG,943,73,12.917808219178085,0.8213948488502157
dkcNWByU.png,lontara,train,0.0,252.67254638671875,0.0,0.11539351851851852,0.049074074074074076,256,0.6924136281013489,0.0,0.0,0.0,False,137,PNG,943,55,17.145454545454545,0.6069603779041743
ZIMyFIYP.png,jawi,train,0.0,254.6666717529297,0.0,0.12020460358056266,0.031436487638533676,5,0.8804020285606384,0.0,0.0,0.0,False,127,PNG,184,51,3.607843137254902,0.8849104859335039
1dLNRoUS.png,lampung,train,0.0,254.63755798339844,0.0,0.10816498316498316,0.03409090909090909,5,0.9345912337303162,0.0,0.0,0.0,False,127,PNG,99,48,2.0625,1.1565656565656566
KxPXeWmk.png,lontara,train,0.0,251.91688537597656,0.0,0.14775545634920634,0.05943080357142857,256,0.669175922870636,0.0,0.0,0.0,False,135,PNG,936,51,18.352941176470587,0.7323613205966147
szJtpSIy.png,pegon,train,0.0,254.85157775878906,0.0,0.07189938122141512,0.011837503362927092,5,0.8393822312355042,0.0,0.0,0.0,False,127,PNG,126,118,1.0677966101694916,0.6101694915254238
lfmVTRk6.png,bali,train,0.0,254.67054748535156,0.0,0.09004163775156142,0.03799444829979181,5,1.1998772621154785,0.0,0.0,0.0,False,127,PNG,131,44,2.977272727272727,1.0659264399722417
45lJaV4Z.png,sunda,train,0.0,254.81687927246094,0.0,0.11742424242424243,0.01430976430976431,5,0.7522830367088318,0.0,0.0,0.0,False,127,PNG,44,54,0.8148148148148148,1.1144781144781144
qovgDuWs.png,jawi,train,0.0,254.6256866455078,0.0,0.10010964912280702,0.037609649122807016,5,1.0854451656341553,0.0,0.0,0.0,False,127,PNG,190,48,3.9583333333333335,0.9526315789473684
kckfQOzE.png,lampung,train,0.0,254.7603302001953,0.0,0.0853202846975089,0.02139679715302491,5,0.9143887162208557,0.0,0.0,0.0,False,127,PNG,281,80,3.5125,0.6672597864768683
nnhsY4Ch.png,jawi,train,0.0,254.6536407470703,0.0,0.18792258282623395,0.029496281271129143,5,0.8159210681915283,0.0,0.0,0.0,False,127,PNG,408,58,7.0344827586206895,0.8427991886409736
W2hIuZd0.png,sunda,train,0.0,254.5874786376953,0.0,0.2612244897959184,0.03333333333333333,5,0.8410487771034241,0.0,0.0,0.0,False,127,PNG,42,35,1.2,1.959183673469388
GA868jP9.png,lontara,train,0.0,251.6868896484375,0.0,0.14784307065217392,0.06666100543478261,256,0.7113693952560425,0.0,0.0,0.0,False,137,PNG,938,56,16.75,0.7869326835211696
hqBcTp3a.png,lontara,train,0.0,254.59616088867188,0.0,0.16514625894042573,0.028352391965394665,5,0.8852614164352417,0.0,0.0,0.0,False,127,PNG,543,43,12.627906976744184,0.7698830785044327
6sBveoL3.png,jawi,train,0.0,254.85177612304688,0.0,0.06663784584980237,0.01244441699604743,5,0.8276737928390503,0.0,0.0,0.0,False,127,PNG,352,92,3.8260869565217392,0.4725790513833992
TaKnFs4O.png,sunda,train,0.0,254.8659210205078,0.0,0.09538612565445026,0.016633944153577662,5,0.7789279818534851,0.0,0.0,0.0,False,127,PNG,764,96,7.958333333333333,0.4826570680628272
s6OZpx9Q.png,jawa,train,0.0,251.45547485351562,0.0,0.14171401515151516,0.07670454545454546,256,0.6440326571464539,0.0,0.0,0.0,False,140,PNG,923,66,13.984848484848484,0.754456810794839
2r1iIqoq.png,sunda,train,0.0,254.61212158203125,0.0,0.2361111111111111,0.0382996632996633,5,0.7211275696754456,0.0,0.0,0.0,False,127,PNG,44,54,0.8148148148148148,1.387205387205387
6AetDGDX.png,jawa,train,0.0,252.42616271972656,0.0,0.13199821984868715,0.055689066904020174,18,0.9020348787307739,0.0,0.0,0.0,False,81,PNG,535,63,8.492063492063492,1.0405577807446966
vOlQz7X4.png,jawa,train,0.0,250.76718139648438,0.0,0.16242851307189543,0.08312908496732026,256,0.6200810670852661,0.0,0.0,0.0,False,138,PNG,897,59,15.203389830508474,0.8437919241161688
aRBdtt5d.png,lampung,train,0.0,250.9705352783203,0.0,0.13293650793650794,0.09126984126984126,93,0.8693303465843201,0.0,0.0,0.0,False,100,PNG,112,36,3.111111111111111,2.742063492063492
hf31jPKG.png,pegon,train,0.0,250.04986572265625,0.0,0.1786830357142857,0.09808407738095239,256,0.7000202536582947,0.0,0.0,0.0,False,139,PNG,898,82,10.951219512195122,1.0225433212015862
XraAu4KR.png,sunda,train,0.0,254.8855438232422,0.0,0.09220779220779221,0.02142857142857143,5,0.6909239292144775,0.0,0.0,0.0,False,127,PNG,55,56,0.9821428571428572,0.9142857142857144
CVfP1EKb.png,jawa,train,0.0,240.03704833984375,0.0,0.38608630798234894,0.33408605937558267,22,1.3575044870376587,0.0,0.0,0.0,False,59,PNG,611,79,7.734177215189874,1.8781412500776893
0PmCdXWH.png,jawi,train,0.0,251.44400024414062,0.0,0.21985176282051283,0.061932425213675216,256,0.5791569352149963,0.0,0.0,0.0,False,132,PNG,807,82,9.841463414634148,0.8117991960588751
KyG3HZrn.png,lampung,train,0.0,251.02609252929688,0.0,0.15559975520195837,0.13157894736842105,126,0.6041321754455566,0.0,0.0,0.0,False,151,PNG,152,43,3.5348837209302326,2.97062423500612
QUhZ58H3.png,pegon,train,0.0,254.23179626464844,0.0,0.22753393266349375,0.05129561078794289,5,0.8882894515991211,0.0,0.0,0.0,False,127,PNG,183,155,1.1806451612903226,1.3433456724836947
iJ9kUjfo.png,bali,train,0.0,250.06240844726562,0.0,0.15376072303921567,0.1311657475490196,256,1.0367658138275146,0.0,0.0,0.0,False,152,PNG,1379,61,22.60655737704918,0.9550279960532104
TiUZu5be.png,jawi,train,0.0,250.1851806640625,0.0,0.2535424325980392,0.07320389093137254,256,0.5557994246482849,0.0,0.0,0.0,False,131,PNG,792,70,11.314285714285717,0.9774891774891776
twC5znxg.png,lontara,train,0.0,252.57029724121094,0.0,0.15285011574074073,0.05015432098765432,256,0.7518348097801208,0.0,0.0,0.0,False,135,PNG,769,54,14.24074074074074,0.8430380966141694
4kq9j1Pf.png,bali,train,0.0,254.6482391357422,0.0,0.11643835616438356,0.03896249719290366,5,1.0742546319961548,0.0,0.0,0.0,False,127,PNG,584,61,9.57377049180328,0.8975971255333483
3ICL8wtf.png,bali,train,0.0,250.09400939941406,0.0,0.15081845238095237,0.13880208333333333,256,1.078578233718872,0.0,0.0,0.0,False,154,PNG,1405,64,21.953125,0.9362099644128112
o87hFitu.png,pegon,train,0.0,254.47572326660156,0.0,0.15186104218362284,0.04689826302729529,5,1.0285489559173584,0.0,0.0,0.0,False,127,PNG,65,62,1.0483870967741935,1.6635235732009923
U7PXw2sv.png,jawa,train,0.0,254.70916748046875,0.0,0.11952988247061766,0.047261815453863466,5,0.9708510637283325,0.0,0.0,0.0,False,127,PNG,93,43,2.1627906976744184,1.196299074768692
ZoYW5UTA.png,jawa,train,0.0,219.3114471435547,0.0,0.23111979166666666,0.3515625,256,0.7636629343032837,15.0,0.0,0.0,False,120,PNG,984,82,12.0,1.7728534602419197
V4z6YJQd.png,jawi,train,0.0,250.10508728027344,0.0,0.25248579545454547,0.0798611111111111,256,0.5763416290283203,0.0,0.0,0.0,False,132,PNG,803,69,11.63768115942029,1.0055047196202649
FPo8eKNu.webp,jawa,train,43.588462829589844,217.08592224121094,78.38539123535156,0.15087890625,0.3475055459104938,204,0.20460648834705353,0.0,0.0,0.0,False,158,WEBP,1280,720,1.7777777777777777,0.2847743055555555
hX1yIidx.png,sunda,train,0.0,254.41636657714844,0.0,0.18002232142857144,0.040401785714285716,5,0.8714521527290344,0.0,0.0,0.0,False,127,PNG,256,70,3.657142857142857,0.9790178571428572
X7X88S7M.png,lampung,train,0.0,254.7254638671875,0.0,0.06904843696324287,0.02567846100996221,5,1.1208394765853882,0.0,0.0,0.0,False,127,PNG,284,82,3.463414634146341,0.7643421504637582
bKCmBert.png,lampung,train,0.0,252.3954620361328,0.0,0.09968171296296297,0.06781684027777778,256,0.8357654809951782,0.0,0.0,0.0,False,147,PNG,844,40,21.1,0.7540284360189573
oAuDOcs1.png,pegon,train,0.0,248.69891357421875,0.0,0.19413325471698112,0.11524665880503145,256,0.7204274535179138,0.0,0.0,0.0,False,139,PNG,864,60,14.4,1.2112654320987657
hMk547j4.png,jawi,train,0.0,254.72100830078125,0.0,0.11674110580625288,0.020252579701216696,5,0.8173956871032715,0.0,0.0,0.0,False,127,PNG,151,86,1.755813953488372,0.6973663945787771
YUnQJDOQ.png,lampung,train,0.0,252.161376953125,0.0,0.11531007751937984,0.057978036175710596,100,0.761195719242096,0.0,0.0,0.0,False,101,PNG,144,43,3.3488372093023258,2.264857881136951
CBTHvbPw.png,jawa,train,3.8735358715057373,247.91957092285156,0.1202545166015625,0.11993703797397195,0.06293391798071787,256,0.7084623575210571,1.0,0.0,0.0,False,138,PNG,603,59,10.220338983050848,14.321837141973749
smPY9kPL.png,jawi,train,0.0,254.68240356445312,0.0,0.0917797695262484,0.03026888604353393,5,1.066227674484253,0.0,0.0,0.0,False,127,PNG,355,55,6.454545454545454,0.8256081946222791
j5Hqfx2s.png,lampung,train,0.0,251.34910583496094,0.0,0.1764069264069264,0.14213564213564214,68,0.5738393068313599,0.0,0.0,0.0,False,143,PNG,84,33,2.5454545454545454,3.347763347763348
XBkOlqJG.png,bali,train,0.0,250.4304962158203,0.0,0.1587456597222222,0.1398654513888889,256,1.0495514869689941,0.0,0.0,0.0,False,156,PNG,1405,65,21.615384615384617,0.9589488091979196
zM93gk21.png,sunda,train,0.0,254.4126739501953,0.0,0.2075,0.045681818181818185,5,0.8114558458328247,0.0,0.0,0.0,False,127,PNG,80,55,1.4545454545454546,1.450909090909091
v0eRKhNN.jpg,lontara,train,35.09638977050781,192.69476318359375,69.48008728027344,0.150056,0.9985093333333334,194,0.223515585064888,1.0,0.0,0.0,False,163,JPEG,750,500,1.5,1.4512213333333333
kvNQnwyn.png,sunda,train,0.0,254.42686462402344,0.0,0.15404040404040403,0.04861111111111111,5,0.8330154418945312,0.0,0.0,0.0,False,127,PNG,44,36,1.2222222222222223,1.9343434343434345
VlCMn0lr.png,lontara,train,0.0,253.40748596191406,0.0,0.0816470286885246,0.03609545765027322,256,0.6938735842704773,0.0,0.0,0.0,False,138,PNG,943,75,12.573333333333334,0.5153481795687522
NI1PSZZR.png,lontara,train,0.0,254.58164978027344,0.0,0.12639473684210525,0.028973684210526315,5,0.9266221523284912,0.0,0.0,0.0,False,127,PNG,760,50,15.2,0.756
u68g7AwR.png,jawi,train,0.0,254.46115112304688,0.0,0.24892210405288875,0.03851681517677494,5,0.7874801754951477,0.0,0.0,0.0,False,127,PNG,71,49,1.4489795918367347,1.5038804254096003
7XGmQ6mf.png,jawa,train,0.0,216.29937744140625,0.0,0.2198921783625731,0.3805966739766082,256,0.8427948951721191,17.0,0.0,0.0,False,119,PNG,986,73,13.506849315068491,1.7040762455194642
9Ugdllgt.png,lampung,train,0.0,254.81280517578125,0.0,0.06965986394557823,0.0182312925170068,5,0.9490353465080261,0.0,0.0,0.0,False,127,PNG,175,84,2.083333333333333,0.6971428571428572
4kfjqqOT.png,jawi,train,0.0,251.6995086669922,0.0,0.20960441468253968,0.057431175595238096,256,0.5827844738960266,0.0,0.0,0.0,False,132,PNG,799,87,9.183908045977011,0.8186094687324673
j6DBnD9K.png,sunda,train,0.0,252.48594665527344,0.0,0.13572843309859156,0.06055604460093897,256,0.5845680832862854,0.0,0.0,0.0,False,139,PNG,789,73,10.808219178082192,0.6655902217129365
ej2161Uz.png,jawi,train,0.0,250.89724731445312,0.0,0.2408561563670412,0.06448970037453183,256,0.5765028595924377,0.0,0.0,0.0,False,131,PNG,804,93,8.64516129032258,0.8806505108864281
oIPc51RQ.png,jawa,train,0.0,251.82130432128906,0.0,0.13198550112612611,0.07038288288288289,256,0.6921333074569702,0.0,0.0,0.0,False,140,PNG,950,91,10.43956043956044,0.7567842683632158
6vzR4WZ6.png,jawa,train,0.0,252.15350341796875,0.0,0.11277869152046784,0.06629203216374269,256,0.6730645298957825,0.0,0.0,0.0,False,142,PNG,956,71,13.464788732394366,0.6442336024515293
8ofWxJYc.png,lampung,train,0.0,252.95130920410156,0.0,0.13532477947072974,0.06535685645549319,92,0.7632175087928772,0.0,0.0,0.0,False,151,PNG,116,43,2.697674418604651,2.3047313552526063
SZpAml1X.png,sunda,train,0.0,254.58921813964844,0.0,0.17800324675324675,0.040746753246753246,5,0.9136171340942383,0.0,0.0,0.0,False,127,PNG,280,44,6.363636363636363,1.101948051948052
FeBshSio.png,lampung,train,0.0,251.0843048095703,0.0,0.16097308488612835,0.08695652173913043,118,0.6026502251625061,0.0,0.0,0.0,False,144,PNG,138,42,3.2857142857142856,3.151138716356108
yheWj3KC.png,lampung,train,0.0,250.8180389404297,0.0,0.1235632183908046,0.08261494252873564,95,0.8760427832603455,0.0,0.0,0.0,False,107,PNG,116,36,3.2222222222222223,2.689655172413793
jcEoAn0N.png,lontara,train,0.0,252.16773986816406,0.0,0.13894181910569106,0.056847052845528455,256,0.690665602684021,0.0,0.0,0.0,False,136,PNG,938,50,18.76,0.6956076759061833
4vdvnZuM.png,jawa,train,0.0,250.74147033691406,0.0,0.18783854166666666,0.08638020833333333,256,0.6045900583267212,0.0,0.0,0.0,False,137,PNG,899,59,15.23728813559322,0.9235120001508268
zmwL3UBK.png,jawi,train,0.0,250.26893615722656,0.0,0.24974681712962962,0.07535807291666667,256,0.5745744109153748,0.0,0.0,0.0,False,131,PNG,800,75,10.666666666666666,0.9517333333333332
Zxz9Llmw.png,bali,train,0.0,250.93960571289062,0.0,0.14038514254385964,0.10920367324561403,256,0.963543713092804,0.0,0.0,0.0,False,150,PNG,1294,64,20.21875,0.8598338485316847
vVc2WZn3.png,jawi,train,0.0,254.69064331054688,0.0,0.09249841068022886,0.022059758423394787,5,0.8751384019851685,0.0,0.0,0.0,False,127,PNG,242,65,3.723076923076923,0.7074380165289256
tHvUSGPF.png,sunda,train,0.0,254.55514526367188,0.0,0.15217580631114466,0.04371933695241966,5,0.9044095873832703,0.0,0.0,0.0,False,127,PNG,703,49,14.346938775510203,0.9055070107701688
z1gWHjA6.png,sunda,train,0.0,254.5876007080078,0.0,0.188293897882939,0.033623910336239106,5,0.8041747212409973,0.0,0.0,0.0,False,127,PNG,73,55,1.3272727272727274,1.2632627646326275
p1nlqTvi.jpg,jawi,train,43.830989837646484,94.75325775146484,60.5465087890625,0.4820371685606061,0.8478288746843434,256,0.7204070091247559,1.0,0.0,4.932133838383839e-06,True,142,JPEG,742,1080,0.687037037037037,2.0442248178097238
3MuE8FY7.png,lampung,train,0.0,254.662109375,0.0,0.11113481228668942,0.03268984641638225,5,1.0116703510284424,0.0,0.0,0.0,False,127,PNG,293,64,4.578125,0.8741467576791809
9xvc7vM6.png,jawi,train,0.0,254.52557373046875,0.0,0.1296774193548387,0.03693548387096774,5,1.0141466856002808,0.0,0.0,0.0,False,127,PNG,100,62,1.6129032258064515,1.2503225806451612
uMBq6swg.png,bali,train,0.0,251.6875762939453,0.0,0.11052083333333333,0.08859375,256,0.9318512082099915,0.0,0.0,0.0,False,150,PNG,1095,71,15.422535211267606,0.7884236928419834
aIrqAzFn.png,jawi,train,0.0,254.89620971679688,0.0,0.04980842911877394,0.011827419623521573,5,0.9253547787666321,0.0,0.25,0.0,False,127,PNG,348,69,5.043478260869565,0.3541562552057304
fIpdDLFH.png,lontara,train,0.0,252.17730712890625,0.0,0.11443536931818182,0.052556818181818184,256,0.6707010865211487,0.0,0.0,0.0,False,136,PNG,935,53,17.641509433962263,0.6539804257895268
keCE1USA.png,lampung,train,0.0,251.40171813964844,0.0,0.12912912912912913,0.07614757614757615,101,0.6761586666107178,0.0,0.0,0.0,False,142,PNG,126,37,3.4054054054054053,2.48991848991849
k2FvNHaO.png,lampung,train,0.0,249.3229522705078,0.0,0.16890547263681593,0.12338308457711443,93,0.6138016581535339,0.0,0.0,0.0,False,149,PNG,134,30,4.466666666666667,3.6875621890547263
2DTUQgGc.png,jawa,train,0.0,246.76535034179688,0.0,0.21770979840600094,0.1534419440537584,20,1.0601921081542969,0.0,0.0,0.0,False,87,PNG,648,79,8.20253164556962,1.7176121268948272
fQI2qgTw.png,sunda,train,0.0,254.7274932861328,0.0,0.1147227533460803,0.02895383774924884,5,0.829030454158783,0.0,0.0,0.0,False,127,PNG,523,70,7.4714285714285715,0.6837476099426386
bKIFksG8.png,lampung,train,0.0,251.5354461669922,0.0,0.16431000536960802,0.08322892428852693,129,0.7450644373893738,0.0,0.0,0.0,False,143,PNG,151,37,4.081081081081081,2.6819402183640597
J7tNGxwh.png,sunda,train,0.0,251.9926300048828,0.0,0.13599330357142858,0.06452752976190476,256,0.5533696413040161,0.0,0.0,0.0,False,138,PNG,781,71,11.0,0.695532993093001
glOJOXcx.png,lampung,train,0.0,252.25033569335938,0.0,0.12699796570764313,0.1069456553327521,81,0.5736514925956726,0.0,0.0,0.0,False,150,PNG,93,37,2.5135135135135136,2.875908166230747
HpJ8LzOu.png,sunda,train,0.0,254.40933227539062,0.0,0.2385565052231719,0.04976258309591643,5,0.8064327239990234,0.0,0.0,0.0,False,127,PNG,117,45,2.6,1.4586894586894588
bdGRQd5v.png,sunda,train,0.0,254.5960693359375,0.0,0.17516459960189865,0.04134129536058796,5,0.9275414347648621,0.0,0.0,0.0,False,127,PNG,311,42,7.404761904761905,1.0981472975042106
vJucb8db.png,sunda,train,0.0,252.2515411376953,0.0,0.10183118386243387,0.057849702380952384,256,0.6528464555740356,0.0,0.0,0.0,False,140,PNG,815,67,12.164179104477611,0.6434575588316088
rNoV0RcT.png,jawi,train,0.0,254.29058837890625,0.0,0.21665246111229491,0.04405497549541871,5,0.845645010471344,0.0,0.0,0.0,False,127,PNG,361,52,6.9423076923076925,1.1600255699978692
cszzH9hp.png,jawi,train,0.0,251.80540466308594,0.0,0.18137538580246915,0.05547518004115226,256,0.5668585300445557,0.0,0.0,0.0,False,133,PNG,826,87,9.494252873563218,0.7692521777851994
p0ZYvG0T.png,sunda,train,0.0,254.50877380371094,0.0,0.18059299191374664,0.043575920934411504,5,0.9218543171882629,0.0,0.0,0.0,False,127,PNG,265,42,6.309523809523809,1.1414195867026056
gS8V28Q0.png,jawa,train,9.737058639526367,225.88247680664062,2.1486663818359375,0.22965801886792453,0.31794267053701014,256,0.8346548676490784,5.0,0.0,0.0,False,133,PNG,689,64,10.765625,21.330914368650216
04Xl96UM.png,jawi,train,0.0,250.46983337402344,0.0,0.23711386494252873,0.07456297892720307,256,0.5932886600494385,0.0,0.0,0.0,False,132,PNG,799,90,8.877777777777778,0.9808927826449728
4Sfkw8rm.png,sunda,train,0.0,254.5992889404297,0.0,0.22361111111111112,0.04861111111111111,5,0.8209099173545837,0.0,0.0,0.0,False,127,PNG,40,36,1.1111111111111112,2.0444444444444443
QDlvEOvV.png,sunda,train,0.0,254.45005798339844,0.0,0.19556451612903225,0.03888248847926267,5,0.8071032762527466,0.0,0.0,0.0,False,127,PNG,124,56,2.2142857142857144,1.2695852534562213
ZbmjVhfI.png,sunda,train,0.0,254.5179443359375,0.0,0.15752146323254945,0.044419559537140725,5,0.9745006561279297,0.0,0.0,0.0,False,127,PNG,57,47,1.2127659574468086,1.606569615528182
qZL4Jq7a.png,lampung,train,0.0,251.08242797851562,0.0,0.15759665107116475,0.12632356562423047,95,0.5633371472358704,0.0,0.0,0.0,False,148,PNG,131,31,4.225806451612903,3.0002462447672986
kSGmDn7W.png,pegon,train,0.0,254.63970947265625,0.0,0.13708914264084285,0.029398776102454102,5,0.8751234412193298,0.0,0.0,0.0,False,127,PNG,131,121,1.0826446280991735,0.961958236073434
db0c2Z4p.png,lampung,train,0.0,247.55279541015625,0.0,0.03372427514193025,0.038897759529602595,256,0.8744928240776062,0.0,0.0,0.0,False,149,PNG,1074,575,1.8678260869565215,1.516159015464335
nYwmrm3I.png,lontara,train,0.0,252.25494384765625,0.0,0.13223716085271317,0.0514171511627907,256,0.6633272767066956,0.0,0.0,0.0,False,135,PNG,936,52,18.0,0.628698224852071
bk0jl4qo.png,lontara,train,0.0,252.50779724121094,0.0,0.11574388586956522,0.048431838768115944,256,0.6927736401557922,0.0,0.0,0.0,False,136,PNG,943,56,16.839285714285715,0.6174821996667171
mgAx8AiT.png,lampung,train,0.0,252.2186279296875,0.0,0.11985898942420682,0.05611045828437133,77,0.7912518978118896,0.0,0.0,0.0,False,99,PNG,92,37,2.4864864864864864,2.679200940070505
GpM40HmE.png,jawi,train,0.0,254.82998657226562,0.0,0.06635802469135803,0.015983245149911816,5,0.9321439862251282,0.0,0.0,0.0,False,127,PNG,252,72,3.5,0.609347442680776
F2izSnYq.png,pegon,train,0.0,254.25404357910156,0.0,0.20304445092889797,0.049654702849917326,5,0.8899312615394592,0.0,0.0,0.0,False,127,PNG,149,138,1.079710144927536,1.3434490808287132
g6OoA5L1.png,pegon,train,0.0,254.6919403076172,0.0,0.09671125975473802,0.0225752508361204,5,0.8747929930686951,0.0,0.0,0.0,False,127,PNG,138,130,1.0615384615384615,0.8477146042363434
rpwRJFPi.png,lontara,train,0.0,251.78759765625,0.0,0.14218323087431695,0.06548838797814208,256,0.6645498275756836,0.0,0.0,0.0,False,138,PNG,819,65,12.6,0.8289283366206444
GlcHHmBv.png,lontara,train,0.0,250.97006225585938,0.0,0.16420200892857142,0.08096168154761904,256,0.7028803825378418,0.0,0.0,0.0,False,138,PNG,949,35,27.114285714285717,0.8916453409604095
1zxp9geQ.jpg,jawa,train,26.78899574279785,171.89454650878906,71.1622085571289,0.08703763985339506,0.9945565682870371,200,0.6354668736457825,1.0,0.0,0.0,False,131,JPEG,1200,675,1.7777777777777777,0.9437037037037036
ih7t7yJy.png,jawi,train,0.0,254.85736083984375,0.0,0.08755980861244018,0.021172248803827752,5,0.8185238242149353,0.0,0.0,0.0,False,127,PNG,110,76,1.4473684210526316,0.8028708133971292
bDwOcDTg.png,lampung,train,0.0,253.37603759765625,0.0,0.12626262626262627,0.07042648709315376,60,0.6497997045516968,0.0,0.0,0.0,False,153,PNG,99,36,2.75,2.361391694725028
DIlL0Urz.png,jawi,train,0.0,254.6595458984375,0.0,0.19720887668725692,0.02585220773278426,5,0.7684909701347351,0.0,0.25,0.0,False,127,PNG,141,93,1.5161290322580645,0.965759170289026
JWawKQ9Q.png,sunda,train,0.0,254.82388305664062,0.0,0.11624834874504623,0.020790801008766662,5,0.7893895506858826,0.0,0.0,0.0,False,127,PNG,757,88,8.602272727272727,0.5670709739401946
vSBHNoJ1.png,jawi,train,0.0,252.68399047851562,0.0,0.08308131720430108,0.05563256048387097,256,0.7928308844566345,0.0,0.0,0.0,False,145,PNG,896,72,12.444444444444445,0.6572420634920635
QGrVt7Vu.png,jawi,train,0.0,254.48370361328125,0.0,0.19894598155467721,0.051540247192421104,5,0.904636800289154,0.0,0.0,0.0,False,127,PNG,759,42,18.071428571428573,1.0500031369596587
2nQQobQf.png,lampung,train,0.0,254.68971252441406,0.0,0.09829059829059829,0.022104332449160036,5,0.867615282535553,0.0,0.0,0.0,False,127,PNG,234,87,2.689655172413793,0.7372040475488751
WT8CWUGj.png,sunda,train,0.0,252.34634399414062,0.0,0.10755621693121693,0.06146660052910053,256,0.6583220362663269,0.0,0.0,0.0,False,142,PNG,821,67,12.25373134328358,0.6636246295925973
mBTY89oL.png,sunda,train,0.0,254.6409912109375,0.0,0.16304773082942098,0.041568857589984354,5,0.9167199730873108,0.0,0.0,0.0,False,127,PNG,213,48,4.4375,1.0704225352112675
LO3HoNVO.png,bali,train,0.0,251.385986328125,0.0,0.12088815789473684,0.11968887061403509,256,1.119331955909729,0.0,0.0,0.0,False,161,PNG,1385,68,20.36764705882353,0.8281163729029518
WJRPxjha.png,lampung,train,0.0,252.08041381835938,0.0,0.1398330351818724,0.08407871198568873,84,0.8127321004867554,0.0,0.0,0.0,False,143,PNG,86,39,2.2051282051282053,3.086463923673226
MsLQzDrg.png,jawi,train,0.0,254.64466857910156,0.0,0.14908811250274664,0.02120413096022852,5,0.8183849453926086,0.0,0.0,0.0,False,127,PNG,123,74,1.662162162162162,0.934300153812349
Zpy0Fr7R.png,jawa,train,0.0,248.26490783691406,0.0,0.2230718085106383,0.13605385638297873,256,0.8055095672607422,0.0,0.0,0.0,False,141,PNG,988,61,16.19672131147541,1.1892214774009424
e4Me7LMM.png,pegon,train,0.0,254.41506958007812,0.0,0.1862036455059711,0.04247852503666457,5,0.9047626852989197,0.0,0.0,0.0,False,127,PNG,148,129,1.1472868217054264,1.2415671485438928
fhfb6Iy5.png,jawa,train,0.0,246.07383728027344,0.0,0.30396396396396397,0.2778603603603604,20,1.3180899620056152,0.0,0.0,0.0,False,46,PNG,600,74,8.108108108108109,1.868108108108108
KYF9xvKR.png,sunda,train,0.0,254.666748046875,0.0,0.23308668076109937,0.03241719520789288,5,0.8722938895225525,0.0,0.0,0.0,False,127,PNG,132,129,1.0232558139534884,0.9574817946910972
RkaUxkjW.png,lampung,train,0.0,249.76437377929688,0.0,0.12697274031563846,0.09433285509325681,95,0.8183160424232483,0.0,0.0,0.0,False,101,PNG,136,41,3.317073170731707,2.4088952654232423
rA5HNNrH.png,lampung,train,0.0,251.2364959716797,0.0,0.1555316091954023,0.10057471264367816,100,0.7426639795303345,0.0,0.0,0.0,False,139,PNG,116,48,2.4166666666666665,2.17816091954023
hXTsTsZC.png,lontara,train,0.0,254.7135772705078,0.0,0.10347222222222222,0.02199074074074074,5,0.9415114521980286,0.0,0.0,0.0,False,127,PNG,216,60,3.6,0.7580246913580246
nXMcwUDe.png,pegon,train,0.0,250.5198211669922,0.0,0.15551549145299146,0.0890758547008547,256,0.7282604575157166,0.0,0.0,0.0,False,140,PNG,881,89,9.898876404494382,1.0398806259485518
4EW31qUo.png,bali,train,0.0,254.71250915527344,0.0,0.12074705185352368,0.02790159679512498,5,0.8821501135826111,0.0,0.0,0.0,False,127,PNG,479,74,6.472972972972973,0.7605935789651865
adLSFAug.png,lampung,train,0.0,250.63662719726562,0.0,0.188988988988989,0.11291291291291292,106,0.766359269618988,0.0,0.0,0.0,False,99,PNG,135,37,3.6486486486486487,3.2096096096096094
7n8YNOrd.png,sunda,train,0.0,254.50978088378906,0.0,0.20608108108108109,0.06452702702702702,5,0.9574680924415588,0.0,0.0,0.0,False,127,PNG,74,40,1.85,1.691891891891892
Vu91eBay.png,jawi,train,0.0,254.52041625976562,0.0,0.19066337226714586,0.039345612458820005,5,0.8266592025756836,0.0,0.0,0.0,False,127,PNG,424,63,6.73015873015873,1.0566037735849056
XUDGbHlp.png,lampung,train,0.0,251.51687622070312,0.0,0.11105263157894738,0.061052631578947365,84,0.8474134802818298,0.0,0.0,0.0,False,106,PNG,100,38,2.631578947368421,2.8
v9lgekSy.png,pegon,train,0.0,249.614501953125,0.0,0.22078203914141414,0.0921914457070707,256,0.6370126008987427,0.0,0.0,0.0,False,135,PNG,839,72,11.65277777777778,1.0742947953913389
A3HWu1eb.png,sunda,train,0.0,254.48800659179688,0.0,0.1341991341991342,0.03116883116883117,5,0.9008266925811768,0.0,0.0,0.0,False,127,PNG,35,33,1.0606060606060606,1.883982683982684
YLEyhwV4.png,jawi,train,0.0,254.69752502441406,0.0,0.10878962536023054,0.032531589448015964,5,0.9340786337852478,0.0,0.0,0.0,False,127,PNG,347,52,6.673076923076923,0.8206606074041233
ztUA2eyb.png,lampung,train,0.0,251.32748413085938,0.0,0.13091985428051,0.11566484517304189,84,0.5712683796882629,0.0,0.0,0.0,False,146,PNG,122,36,3.388888888888889,2.950819672131148
tB4d96sN.png,jawa,train,0.0,250.97914123535156,0.0,0.13746279761904762,0.08626302083333333,256,0.6693652272224426,0.0,0.0,0.0,False,141,PNG,825,60,13.75,0.779959595959596
xpLtIH56.png,lontara,train,0.0,251.9693603515625,0.0,0.1444627192982456,0.05890213815789474,256,0.6933233141899109,0.0,0.0,0.0,False,136,PNG,941,47,20.02127659574468,0.7266149637099509
PgEIaKx4.png,sunda,train,0.0,254.6273956298828,0.0,0.156634539613263,0.04076498757349821,5,0.9270986318588257,0.0,0.0,0.0,False,127,PNG,702,47,14.936170212765957,0.9330181245074862
nGhp8rvR.jpg,lontara,train,43.698158264160156,63.13814163208008,87.2010726928711,0.06051220414201183,0.9644045857988166,219,0.3574199378490448,0.0,0.0,0.0,True,139,JPEG,528,800,0.66,0.6795075757575758
yKdVboEu.png,pegon,train,0.0,254.6435546875,0.0,0.10808496060294621,0.03066118533744433,5,0.8788581490516663,0.0,0.0,0.0,False,127,PNG,139,126,1.1031746031746033,0.8966541052871988
Rj5VD0fQ.png,lampung,train,0.0,252.68284606933594,0.0,0.13867595818815331,0.10470383275261325,88,0.5757040977478027,0.0,0.0,0.0,False,151,PNG,140,41,3.414634146341464,2.4362369337979093
ZHkOKSy0.png,jawi,train,0.0,250.3539276123047,0.0,0.2557836724806202,0.07633842054263566,256,0.5820154547691345,0.0,0.0,0.0,False,132,PNG,801,90,8.9,0.9948675267027328
VnTJSRqO.png,jawa,train,0.0,251.10549926757812,0.0,0.14661458333333333,0.07580492424242424,256,0.6329819560050964,0.0,0.0,0.0,False,139,PNG,854,61,14.0,0.797020770146274
WHAHum19.png,lampung,train,0.0,254.69342041015625,0.0,0.07536477331943721,0.024166232412714955,5,0.9805130958557129,0.0,0.0,0.0,False,127,PNG,202,76,2.6578947368421053,0.8014590932777488
92b3Lu4Z.png,sunda,train,0.0,254.71365356445312,0.0,0.18579234972677597,0.03612629022465088,5,0.7543973922729492,0.0,0.0,0.0,False,127,PNG,61,54,1.1296296296296295,1.3066180935033394
GqN3J713.png,bali,train,0.0,251.19671630859375,0.0,0.12897663288288289,0.12035472972972973,256,1.0819940567016602,0.0,0.0,0.0,False,158,PNG,1481,71,20.859154929577464,0.832174682123803
bkznjpsi.png,jawi,train,0.0,251.02442932128906,0.0,0.2272677951388889,0.06562861689814815,256,0.5696268081665039,0.0,0.0,0.0,False,132,PNG,786,74,10.62162162162162,0.8960869266212778
NBsppWE3.png,pegon,train,0.0,254.36610412597656,0.0,0.16401390021021922,0.04393152859410528,5,0.9112112522125244,0.0,0.0,0.0,False,127,PNG,163,143,1.1398601398601398,1.1967909391222276
BAbW4cIv.png,jawa,train,0.0,252.12094116210938,0.0,0.13994984567901234,0.0630787037037037,256,0.6329423189163208,0.0,0.0,0.0,False,139,PNG,934,98,9.53061224489796,0.7217585106847878
svygWLbh.png,lampung,train,0.0,254.77549743652344,0.0,0.0838326615099684,0.029033663797799324,5,1.0079697370529175,0.0,0.0,0.0,False,127,PNG,274,67,4.08955223880597,0.743436104150779
NWOTfE5V.png,jawi,train,0.0,250.61923217773438,0.0,0.2593482905982906,0.06710737179487179,256,0.5618435144424438,0.0,0.0,0.0,False,131,PNG,815,83,9.819277108433734,0.8989282282504251
tcXc4HNt.png,jawi,train,0.0,254.7048797607422,0.0,0.15290178571428573,0.04241071428571429,5,0.9315652251243591,0.0,0.0,0.0,False,127,PNG,56,32,1.75,1.6026785714285714
vxqbLBEN.png,sunda,train,0.0,254.55381774902344,0.0,0.14715719063545152,0.04719435154217763,5,0.9325426816940308,0.0,0.0,0.0,False,127,PNG,69,39,1.7692307692307692,1.5875139353400225
Z4QcGBcg.png,lontara,train,0.0,252.106689453125,0.0,0.12667824074074074,0.06032986111111111,256,0.6966486573219299,0.0,0.0,0.0,False,138,PNG,828,49,16.897959183673468,0.7747214827960169
rIBiikZY.png,sunda,train,0.0,254.3705596923828,0.0,0.20964791952446274,0.04343850022862369,5,0.8230679631233215,0.0,0.0,0.0,False,127,PNG,81,54,1.5,1.472336534064929
UAFq2GKA.png,sunda,train,0.0,254.6271209716797,0.0,0.17734204793028321,0.06579520697167757,5,0.8288829922676086,0.0,0.0,0.0,False,127,PNG,45,51,0.8823529411764706,1.4954248366013072
cM7aMsIP.jpg,jawa,train,24.556222915649414,226.14549255371094,32.51841735839844,0.17250524672399672,0.26790284602784603,236,0.522396981716156,1.0,0.0,0.0,False,163,JPEG,1024,543,1.8858195211786373,1.0323290745856353
0YnIb1mk.png,lampung,train,0.0,252.29910278320312,0.0,0.13630229419703105,0.08405629458261037,109,0.7722805142402649,0.0,0.0,0.0,False,140,PNG,133,39,3.41025641025641,2.6512434933487565
chZLlGCH.png,lontara,train,0.0,252.04696655273438,0.0,0.11848958333333333,0.06154258578431373,256,0.7339231967926025,0.0,0.0,0.0,False,139,PNG,961,42,22.88095238095238,0.7155245032456271
zGQ2vh1g.png,bali,train,0.0,250.42626953125,0.0,0.14051339285714284,0.11540178571428572,256,1.0099931955337524,0.0,0.0,0.0,False,150,PNG,1546,71,21.774647887323944,0.821310788404424
TfrcAKgY.png,sunda,train,0.0,254.79212951660156,0.0,0.12752003886324995,0.025665937980730306,5,0.7842035293579102,0.0,0.0,0.0,False,127,PNG,179,69,2.5942028985507246,0.7701400696299895
Ei2KJkYS.png,bali,train,0.0,250.65792846679688,0.0,0.14002403846153846,0.10396634615384616,256,0.9300060272216797,0.0,0.0,0.0,False,147,PNG,1416,71,19.943661971830984,0.7961327285748389
qhrOiqcN.png,sunda,train,0.0,254.7373046875,0.0,0.17971380471380471,0.027777777777777776,5,0.7282261252403259,0.0,0.0,0.0,False,127,PNG,44,54,0.8148148148148148,1.3602693602693603
4rzA2cl1.jpg,bali,train,22.442472457885742,196.66664123535156,30.34893798828125,0.3683931327160494,0.7757010754243827,256,0.4040062725543976,0.0,0.0,3.0140817901234566e-06,False,117,JPEG,1706,960,1.7770833333333331,1.0531457600625245
PC0AuloZ.png,jawi,train,0.0,252.8895721435547,0.0,0.08783545197740113,0.05479784604519774,256,0.7618539929389954,0.0,0.0,0.0,False,144,PNG,892,68,13.117647058823527,0.6354523872329201
EYAoWksO.png,bali,train,0.0,250.3925323486328,0.0,0.13718894675925927,0.12127459490740741,256,1.0273466110229492,0.0,0.0,0.0,False,153,PNG,1360,63,21.58730158730159,0.91484593837535
r6Y1zvkz.png,bali,train,0.0,251.05764770507812,0.0,0.1318951231060606,0.10901988636363637,256,0.9939807057380676,0.0,0.0,0.0,False,152,PNG,1279,73,17.52054794520548,0.8746559276832285
0B9h6mx2.png,jawa,train,4.325112342834473,247.32582092285156,1.0323638916015625,0.1263437292634373,0.06978544569785446,256,0.7485790252685547,1.0,0.0,0.0,False,138,PNG,685,66,10.37878787878788,14.733731475337317
hGEa2KFw.png,lampung,train,0.0,254.86317443847656,0.0,0.05666502705361535,0.015395966551893753,5,0.9417822360992432,0.0,0.0,0.0,False,127,PNG,214,95,2.2526315789473683,0.6024594195769798
nYKoXEgH.png,lampung,train,0.0,252.4664306640625,0.0,0.09110449735449735,0.06911375661375661,98,0.8091768026351929,0.0,0.0,0.0,False,107,PNG,144,42,3.4285714285714284,2.056878306878307
BekUheLH.png,jawi,train,0.0,254.5790252685547,0.0,0.169820027688048,0.03884017843408706,5,0.8571761846542358,0.0,0.0,0.0,False,127,PNG,197,66,2.984848484848485,1.017689586217505
tviyv7W0.jpg,lampung,train,0.0,250.2552032470703,0.0,0.04232223994586234,0.00978828306264501,256,0.37535184621810913,0.0,0.0,0.0,False,131,JPEG,970,544,1.7830882352941178,0.6002728926622195
sFkNBSo3.png,jawa,train,4.9376678466796875,247.51019287109375,2.1051177978515625,0.14451505940867643,0.07867208779062883,256,0.7060845494270325,1.0,0.0,0.0,False,139,PNG,517,49,10.551020408163266,14.986302451348044
bqKF2TcM.png,sunda,train,0.0,251.79794311523438,0.0,0.14162190755208334,0.06622314453125,256,0.5656150579452515,0.0,0.0,0.0,False,137,PNG,785,65,12.076923076923077,0.745046545810877
65SxWsqy.png,jawi,train,0.0,254.5647430419922,0.0,0.20291020386989678,0.03483425844270374,5,0.8185834884643555,0.0,0.0,0.0,False,127,PNG,521,74,7.04054054054054,0.9242101986823676
kKxTldHU.png,jawi,train,0.0,252.09011840820312,0.0,0.09592848557692307,0.06608072916666667,256,0.8030123710632324,0.0,0.0,0.0,False,144,PNG,955,65,14.692307692307692,0.7272492952074104
9VjPtma0.png,jawa,train,0.0,255.0,0.0,0.24309664694280078,0.1375542406311637,20,1.0681159496307373,0.0,0.0,0.0,False,144,PNG,650,78,8.333333333333334,1.6751084812623274
hhwxutSL.png,jawa,train,5.7542219161987305,241.73033142089844,1.343505859375,0.232188527584947,0.11487029594446474,256,0.548313558101654,1.0,0.0,0.0,False,131,PNG,595,46,12.934782608695652,16.37734746072342
tGgh8G2Z.png,jawi,train,0.0,254.8120574951172,0.0,0.08329008822003113,0.0151141670991178,5,0.8472095131874084,0.0,0.0,0.0,False,127,PNG,376,82,4.585365853658536,0.5503373118837571
lhv9S38a.png,sunda,train,0.0,251.95120239257812,0.0,0.13693252487562188,0.06487095771144279,256,0.5494274497032166,0.0,0.0,0.0,False,137,PNG,784,68,11.529411764705882,0.6973289315726291
vKu41bF1.png,bali,train,0.0,250.8189697265625,0.0,0.1316550925925926,0.12232349537037036,256,1.0627833604812622,0.0,0.0,0.0,False,156,PNG,1395,66,21.13636363636364,0.8562180949277723
gjbw7Txw.png,lampung,train,0.0,251.7892303466797,0.0,0.1527777777777778,0.13180272108843538,76,0.5968441963195801,0.0,0.0,0.0,False,153,PNG,98,36,2.7222222222222223,2.925170068027211
zokFdUSP.png,jawi,train,0.0,253.6610870361328,0.0,0.28869047619047616,0.08630952380952381,5,0.8355996608734131,0.0,0.0,0.0,False,127,PNG,16,21,0.7619047619047619,4.714285714285714
U0Nfvmit.png,sunda,train,0.0,254.61749267578125,0.0,0.22537037037037036,0.037037037037037035,5,0.8403000831604004,0.0,0.0,0.0,False,127,PNG,120,45,2.6666666666666665,1.2666666666666666
LeLdY3Qb.png,bali,train,0.0,254.37181091308594,0.0,0.1421411387329591,0.053728949478749,5,1.154427170753479,0.0,0.0,0.0,False,127,PNG,86,58,1.4827586206896552,1.6760224538893345
ff0VFdBw.png,lontara,train,0.0,253.10687255859375,0.0,0.09034288194444444,0.039214409722222225,256,0.7008206844329834,0.0,0.0,0.0,False,137,PNG,948,74,12.81081081081081,0.565286805793135
fOhRpUOR.png,sunda,train,0.0,254.39601135253906,0.0,0.1838246185750259,0.05451044289734854,5,0.9145580530166626,0.0,0.0,0.0,False,127,PNG,157,43,3.651162790697674,1.3556510146644942
dKAZufxE.png,lampung,train,0.0,252.916748046875,0.0,0.08318536931818182,0.05243844696969697,256,0.7868641018867493,0.0,0.0,0.0,False,145,PNG,885,51,17.352941176470587,0.6203611388058048
NlJH7RsA.png,jawa,train,0.0,237.91563415527344,0.0,0.3905206352014863,0.3289910204803822,20,1.3072363138198853,0.0,0.0,0.0,False,66,PNG,611,74,8.256756756756756,1.908081567656036
i7vsDYaI.png,jawa,train,0.0,252.58273315429688,0.0,0.10566653481012658,0.05434137658227848,256,0.7010242938995361,0.0,0.0,0.0,False,140,PNG,955,98,9.744897959183673,0.6586173736510311
vvKbeERx.png,jawi,train,0.0,254.59449768066406,0.0,0.20978470781775266,0.035297904298691084,5,0.8047361373901367,0.0,0.0,0.0,False,127,PNG,451,62,7.274193548387097,0.9564408840569344
QSVdE7IT.png,lampung,train,0.0,248.8967742919922,0.0,0.17415917415917415,0.11638361638361638,125,0.6952545642852783,0.0,0.0,0.0,False,137,PNG,143,42,3.4047619047619047,2.6027306027306025
fSfO4lAR.png,jawi,train,0.0,250.75633239746094,0.0,0.2554804104477612,0.07039023631840796,256,0.5656026601791382,0.0,0.0,0.0,False,132,PNG,800,70,11.428571428571429,0.9161428571428571
IcMQ729U.jpg,bali,train,37.36637496948242,197.7550506591797,21.303329467773438,0.3082928240740741,0.4767650462962963,251,0.5383908748626709,0.0,0.5,0.017841435185185186,False,104,JPEG,480,360,1.3333333333333333,1.1433796296296297
PUJYfPqc.png,jawa,train,0.0,254.8994140625,0.0,0.057328470480966495,0.010941417825393207,5,0.8426154255867004,0.0,0.0,0.0,False,127,PNG,107,82,1.304878048780488,0.658308639161158
8Fj6gzLT.png,lampung,train,0.0,254.62159729003906,0.0,0.1063305152979066,0.030042270531400968,5,0.9910872578620911,0.0,0.0,0.0,False,127,PNG,276,72,3.8333333333333335,0.8683574879227053
aRd3KGa1.png,jawa,train,4.569718360900879,247.07650756835938,1.5212860107421875,0.15287132664770742,0.08237289826872225,256,0.6857043504714966,1.0,0.0,0.0,False,138,PNG,393,51,7.705882352941177,15.222072544030334
uWSyOh6F.png,jawa,train,0.0,249.8129119873047,0.0,0.25518548976608185,0.08474963450292397,256,0.570488691329956,0.0,0.0,0.0,False,132,PNG,891,66,13.5,0.913104105023297
Jeqg0M7h.png,bali,train,0.0,251.26211547851562,0.0,0.12489149305555555,0.11646412037037036,256,1.0621753931045532,0.0,0.0,0.0,False,157,PNG,1375,64,21.484375,0.7930909090909091
JBNBOY4K.png,jawa,train,4.128599643707275,246.3681182861328,0.9706573486328125,0.18446368446368447,0.08569023569023569,256,0.5180895328521729,1.0,0.0,0.0,False,134,PNG,630,66,9.545454545454543,13.844348244348245
tz0qToNY.png,jawi,train,0.0,250.21116638183594,0.0,0.25051803315412186,0.07683691756272401,256,0.5871409773826599,0.0,0.0,0.0,False,132,PNG,796,96,8.291666666666666,1.03036013400335
V5Yi5RNT.png,lontara,train,0.0,251.99453735351562,0.0,0.14963942307692307,0.05892761752136752,256,0.6654103398323059,0.0,0.0,0.0,False,136,PNG,932,47,19.829787234042552,0.723404255319149
4v7HlP24.png,jawa,train,9.780017852783203,225.3435821533203,2.6129913330078125,0.25056966832644106,0.3160322952710496,256,0.8090587854385376,5.0,0.0,0.0,False,131,PNG,697,51,13.666666666666666,21.43978394801249
KQn86KbN.jpg,bali,train,14.59081745147705,252.51083374023438,0.373779296875,0.08956081393200295,0.09489617978566149,256,1.0992296934127808,0.0,0.0,0.0,False,168,JPEG,503,856,0.5876168224299065,2.3157689377752178
QGQKm9s0.png,lampung,train,0.0,254.6946563720703,0.0,0.10273972602739725,0.02243150684931507,5,0.8935666680335999,0.0,0.0,0.0,False,127,PNG,219,80,2.7375,0.7748858447488585
zxipBKYy.png,jawa,train,0.0,255.0,0.0,0.14652656158785757,0.052963965398291145,18,0.8903936147689819,0.0,0.0,0.0,False,143,PNG,571,66,8.651515151515152,0.9692724088520936
9kSoqZEt.png,sunda,train,0.0,252.4764404296875,0.0,0.1046453737745098,0.05865119485294118,256,0.6679171323776245,0.0,0.0,0.0,False,142,PNG,823,73,11.273972602739724,0.6543384543684149
8AuxnEhR.png,jawa,train,5.136078834533691,243.60903930664062,1.123992919921875,0.21725464853273802,0.10621860588079782,256,0.5901740789413452,1.0,0.0,0.0,False,133,PNG,577,59,9.779661016949152,16.159562905736863
yBtnmgOy.png,jawi,train,0.0,254.68507385253906,0.0,0.09727643917979091,0.026742046933189753,5,0.9257032871246338,0.0,0.0,0.0,False,127,PNG,391,57,6.859649122807017,0.7250863732220577
GEO1YdWF.png,jawi,train,0.0,254.4599151611328,0.0,0.23107426099495312,0.03713049747656813,5,0.8149677515029907,0.0,0.0,0.0,False,127,PNG,73,38,1.9210526315789476,1.6986301369863013
bI31kQ7C.png,sunda,train,0.0,254.48851013183594,0.0,0.1574074074074074,0.03872053872053872,5,0.9590142369270325,0.0,0.0,0.0,False,127,PNG,54,44,1.2272727272727273,1.6296296296296295
F4xub8nN.png,jawa,train,9.39989948272705,222.0740509033203,3.0402679443359375,0.2857182519851186,0.35207396301849075,256,0.8903329968452454,7.0,0.0,0.0,False,130,PNG,667,54,12.351851851851851,21.914598256427343
s7ZSiH4S.png,jawi,train,0.0,254.86692810058594,0.0,0.06975974753130408,0.012419831008856765,5,0.8364238142967224,0.0,0.0,0.0,False,127,PNG,418,94,4.446808510638298,0.4450778784485391
oh2MaR6D.png,lontara,train,0.0,252.12789916992188,0.0,0.14008511178861788,0.05281377032520325,256,0.6591134071350098,0.0,0.0,0.0,False,135,PNG,942,50,18.84,0.6787261146496816
1Kr2Pnpk.png,jawa,train,0.0,199.41400146484375,0.0,0.3092447916666667,0.5444972826086957,256,1.194219708442688,27.0,0.0,0.0,False,119,PNG,945,56,16.875,2.03416477702192
XtCkDoX1.png,pegon,train,0.0,250.5467987060547,0.0,0.18136374521072796,0.08668582375478927,256,0.6407901048660278,0.0,0.0,0.0,False,137,PNG,825,93,8.870967741935484,0.9457152166829588
IKinYpX9.png,sunda,train,0.0,254.6229248046875,0.0,0.20800339366515838,0.03252262443438914,5,0.8987316489219666,0.0,0.0,0.0,False,127,PNG,156,136,1.1470588235294117,0.9551282051282052
oCVV5Hjk.png,lampung,train,0.0,254.61663818359375,0.0,0.11561338289962825,0.036988847583643125,5,0.9608088135719299,0.0,0.0,0.0,False,127,PNG,269,40,6.725,0.9509293680297398
DIA0j6SU.png,lampung,train,0.0,254.8218994140625,0.0,0.07261648745519714,0.01756272401433692,5,0.895370602607727,0.0,0.0,0.0,False,127,PNG,186,75,2.48,0.6600716845878136
zZCDmzPe.png,lontara,train,0.0,252.9425811767578,0.0,0.10616319444444444,0.041840277777777775,256,0.6679649353027344,0.0,0.0,0.0,False,136,PNG,952,74,12.864864864864863,0.531910061321826
HnelVBgL.png,jawi,train,0.0,254.5597381591797,0.0,0.16121055110692417,0.03469932485476527,5,0.8492260575294495,0.0,0.0,0.0,False,127,PNG,386,66,5.848484848484849,0.988538232061548
ZJH0XFls.png,jawa,train,0.0,250.38125610351562,0.0,0.18913453014184398,0.08726728723404255,256,0.663826048374176,0.0,0.0,0.0,False,136,PNG,915,56,16.339285714285715,0.9199063231850118
3OIQLttH.png,sunda,train,0.0,254.82049560546875,0.0,0.1510822510822511,0.02619047619047619,5,0.7789463996887207,0.0,0.0,0.0,False,127,PNG,84,55,1.5272727272727271,1.006060606060606
8EkknZD6.png,jawi,train,0.0,252.84799194335938,0.0,0.08283943965517242,0.052689475574712645,256,0.7839736938476562,0.0,0.0,0.0,False,144,PNG,952,72,13.22222222222222,0.6027077497665733
pReQqu8e.png,lampung,train,0.0,248.52552795410156,0.0,0.19474464929010382,0.12227166772621319,121,0.699938178062439,0.0,0.0,0.0,False,138,PNG,143,33,4.333333333333333,3.212545030726849
A86cbI0P.png,sunda,train,7.117088317871094,133.08460998535156,11.466262817382812,0.4533687943262411,0.8316666666666667,205,0.844012439250946,1.0,0.0,5.9101654846335695e-05,False,90,PNG,300,282,1.0638297872340423,17.729929078014184
LVq2TXoU.png,jawi,train,0.0,254.75546264648438,0.0,0.1119718309859155,0.021830985915492956,5,0.8581891655921936,0.0,0.0,0.0,False,127,PNG,220,71,3.0985915492957745,0.7779769526248399
wezgD0gF.png,pegon,train,0.0,254.47161865234375,0.0,0.16559028674761045,0.04365796951692069,5,0.8791151642799377,0.0,0.0,0.0,False,127,PNG,158,147,1.0748299319727892,1.184190131748902
rriODEG0.png,jawa,train,0.0,209.95460510253906,0.0,0.2227506038647343,0.4769776570048309,256,1.1890512704849243,20.0,0.0,0.0,False,125,PNG,958,86,11.13953488372093,1.9730057775404184
shhbB1gz.png,jawa,train,0.0,88.95677947998047,0.0,0.49022612003381233,0.35719568892645814,16,1.5483125448226929,0.0,0.0,0.0,True,151,PNG,338,56,6.035714285714286,2.0498732037193577
xLcxiNs9.png,sunda,train,0.0,251.06797790527344,0.0,0.16347880747126436,0.07774335488505747,256,0.564808189868927,0.0,0.0,0.0,False,137,PNG,777,59,13.169491525423728,0.8461924394127784
qr0Dsa4r.png,jawa,train,54.9516716003418,236.70867919921875,9.385757446289062,0.07240117416829746,0.24361448140900197,158,1.116475224494934,0.0,0.0,0.0,False,149,PNG,700,730,0.958904109589041,0.7320234833659491
dYxZEzBa.png,sunda,train,0.0,252.5930633544922,0.0,0.1045272435897436,0.05639022435897436,256,0.6587709188461304,0.0,0.0,0.0,False,141,PNG,820,69,11.884057971014492,0.6159066808059385
BBvCgo51.png,jawa,train,0.0,252.03494262695312,0.0,0.11331899154589371,0.06902928743961352,256,0.7431435585021973,0.0,0.0,0.0,False,143,PNG,988,89,11.101123595505618,0.7450302506482281
LeTEDZBH.png,lampung,train,0.0,251.24363708496094,0.0,0.19057423930450698,0.05605124685426676,93,0.8586972951889038,0.0,0.0,0.0,False,79,PNG,141,31,4.548387096774194,3.649508121711279
O7G1SxRA.png,sunda,train,0.0,254.60592651367188,0.0,0.18795454545454546,0.038636363636363635,5,0.7885181307792664,0.0,0.0,0.0,False,127,PNG,80,55,1.4545454545454546,1.269090909090909
GUq8AaWM.png,jawa,train,0.0,251.40521240234375,0.0,0.15958773474178403,0.0772630575117371,256,0.6330491900444031,0.0,0.0,0.0,False,139,PNG,855,79,10.822784810126585,0.852291065215782
eYz5jjXC.png,lontara,train,0.0,252.6276397705078,0.0,0.10176064311594203,0.052734375,256,0.7638484239578247,0.0,0.0,0.0,False,140,PNG,935,56,16.696428571428573,0.6591291061879297
80g7zxyM.png,jawa,train,0.0,229.44833374023438,0.0,0.40393825147748114,0.41305787650295495,28,1.5816148519515991,0.0,0.0,0.0,False,79,PNG,701,112,6.258928571428571,2.4757489300998574
SCdW6REG.png,jawi,train,0.0,254.79351806640625,0.0,0.11,0.027524752475247525,5,0.8928799629211426,0.0,0.0,0.0,False,127,PNG,202,50,4.04,0.8269306930693069
RSuXHIPF.png,jawa,train,0.0,253.13006591796875,0.0,0.08959062466857567,0.036748329621380846,20,0.7466546893119812,0.0,0.0,0.0,False,94,PNG,449,84,5.345238095238095,0.6622123236822569
I63uqhLK.png,lontara,train,0.0,252.50184631347656,0.0,0.13459578804347827,0.050016983695652176,256,0.6691271662712097,0.0,0.0,0.0,False,135,PNG,943,56,16.839285714285715,0.6074837145886987
LliQF9GY.png,sunda,train,0.0,254.7924346923828,0.0,0.22138047138047137,0.02904040404040404,5,0.7700669169425964,0.0,0.0,0.0,False,127,PNG,44,54,0.8148148148148148,1.4410774410774412
OhtDRxOw.png,sunda,train,0.0,254.6067352294922,0.0,0.19505376344086023,0.03849462365591398,5,0.8279641270637512,0.0,0.0,0.0,False,127,PNG,186,50,3.72,1.1010752688172043
BwRTQ582.png,jawa,train,0.0,251.53927612304688,0.0,0.1951923076923077,0.06590544871794872,256,0.565110981464386,0.0,0.0,0.0,False,134,PNG,845,72,11.73611111111111,0.7990795529257068
pSKsyIru.png,sunda,train,0.0,254.59642028808594,0.0,0.17976406533575318,0.043920145190562615,5,0.8253178000450134,0.0,0.0,0.0,False,127,PNG,190,58,3.2758620689655173,1.151361161524501
22PuHPHT.png,lampung,train,0.0,252.48406982421875,0.0,0.09171340811965811,0.061231303418803416,256,0.8416184782981873,0.0,0.0,0.0,False,145,PNG,938,48,19.541666666666668,0.6711087420042644
QGDNJquS.png,sunda,train,0.0,252.23614501953125,0.0,0.13921288145539906,0.062334947183098594,256,0.5850963592529297,0.0,0.0,0.0,False,138,PNG,787,73,10.780821917808218,0.6990304781465945
ejv8VdvJ.png,jawa,train,0.0,249.24151611328125,0.0,0.2717039004569242,0.1745640247276637,22,1.1183979511260986,0.0,0.0,0.0,False,51,PNG,727,87,8.35632183908046,1.5856060965390757
3XCKjrFv.png,bali,train,0.0,250.74339294433594,0.0,0.13706341911764705,0.12365962009803921,256,1.0691730976104736,0.0,0.0,0.0,False,156,PNG,1404,62,22.64516129032258,0.8791471372116534
i6jX5VMn.png,sunda,train,0.0,254.60240173339844,0.0,0.14972677595628414,0.04408014571948998,5,0.9589439034461975,0.0,0.0,0.0,False,127,PNG,244,45,5.422222222222223,1.1001821493624773
I5PChxPI.png,jawa,train,0.0,253.10272216796875,0.0,0.08245469173441734,0.04252413617886179,256,0.6928662657737732,0.0,0.0,0.0,False,140,PNG,817,131,6.236641221374046,0.5828809552729685
HdxdThx8.png,bali,train,0.0,250.84249877929688,0.0,0.13705261752136752,0.1256343482905983,256,1.0717823505401611,0.0,0.0,0.0,False,157,PNG,1336,68,19.647058823529413,0.9083303980274744
q8IFpkSi.png,bali,train,0.0,251.1703338623047,0.0,0.121484375,0.11162109375,256,1.0530098676681519,0.0,0.0,0.0,False,155,PNG,1355,71,19.08450704225352,0.8168390416298529
BY8lyTaX.png,sunda,train,0.0,250.595947265625,0.0,0.1579861111111111,0.10219907407407407,256,0.737314760684967,0.0,0.0,0.0,False,144,PNG,801,47,17.04255319148936,0.98515153929928
n3BBzqrJ.png,lontara,train,0.0,252.0334014892578,0.0,0.13468070652173914,0.057263360507246376,256,0.6694441437721252,0.0,0.0,0.0,False,136,PNG,843,51,16.529411764705884,0.7757541925429721
baTQS37T.png,sunda,train,0.0,254.74644470214844,0.0,0.11522282855843566,0.027550401697741398,5,0.8355050086975098,0.0,0.0,0.0,False,127,PNG,733,72,10.180555555555555,0.6895558587236623
8zX3Bk38.png,lontara,train,0.0,251.5424041748047,0.0,0.12836636178861788,0.07609247967479675,256,0.7643759250640869,0.0,0.0,0.0,False,142,PNG,925,49,18.877551020408163,0.8687479316050745
11J5YDvg.png,jawa,train,0.0,255.0,0.0,0.28813330244053137,0.16257337040469572,22,1.0966050624847412,0.0,0.0,0.0,False,151,PNG,664,78,8.512820512820513,1.7511584800741429
mIZSvA7u.png,sunda,train,0.0,254.8152313232422,0.0,0.13134796238244514,0.016927899686520375,5,0.7638478875160217,0.0,0.0,0.0,False,127,PNG,55,58,0.9482758620689656,1.0507836990595611
MXJBUBMT.png,jawa,train,0.0,237.0840301513672,0.0,0.3558153866113129,0.40996367410482615,24,1.6068817377090454,0.0,0.0,0.0,False,60,PNG,656,94,6.97872340425532,2.340685002594707
ATThQiJO.png,pegon,train,0.0,254.31143188476562,0.0,0.2050709555345317,0.0510879848628193,5,0.8631914854049683,0.0,0.0,0.0,False,127,PNG,175,151,1.1589403973509933,1.3317691579943236
ezxa6soR.png,lampung,train,0.0,247.8371124267578,0.0,0.15084706428405661,0.12671153399860757,91,0.5676133036613464,0.0,0.0,0.0,False,141,PNG,139,31,4.483870967741935,3.4272453005337664
zSQEmPHo.png,jawi,train,0.0,254.41879272460938,0.0,0.22745726495726495,0.03992165242165242,5,0.8314432501792908,0.0,0.0,0.0,False,127,PNG,540,52,10.384615384615383,1.0401709401709405
jYd9XEoO.png,pegon,train,0.0,254.19692993164062,0.0,0.2178603006189213,0.053978779840848805,5,0.9021344184875488,0.0,0.0,0.0,False,127,PNG,156,145,1.0758620689655172,1.3870910698496903
o7uoMt0D.png,jawa,train,9.598090171813965,227.2532501220703,4.339569091796875,0.19385901162790697,0.30310683139534883,256,0.8128310441970825,5.0,0.0,0.0,False,135,PNG,640,86,7.441860465116279,21.12398255813953
lOsHKXKt.png,bali,train,0.0,250.52064514160156,0.0,0.1414794921875,0.12760416666666666,256,1.062597393989563,0.0,0.0,0.0,False,155,PNG,1406,58,24.24137931034483,0.9274537695590328
YV05c7bO.png,pegon,train,0.0,249.43023681640625,0.0,0.1645382612179487,0.11075220352564102,256,0.7870383858680725,0.0,0.0,0.0,False,142,PNG,927,63,14.714285714285714,1.1146384479717812
nz0luBwZ.png,sunda,train,0.0,254.7987060546875,0.0,0.12347710093374833,0.024944419742107603,5,0.8034631013870239,0.0,0.0,0.0,False,127,PNG,692,65,10.646153846153846,0.6374388617163184
pSiKFjbE.png,lampung,train,0.0,251.32614135742188,0.0,0.13997879109225875,0.12460233297985154,100,0.601291298866272,0.0,0.0,0.0,False,153,PNG,138,41,3.365853658536585,3.0569105691056917
wrUViaar.png,jawa,train,0.0,218.98585510253906,0.0,0.24051024011299435,0.3554466807909605,256,0.7672016620635986,15.0,0.0,0.0,False,120,PNG,987,76,12.986842105263158,1.7362555324481417
LtuVyyLs.png,jawi,train,0.0,254.6418914794922,0.0,0.12905630088292627,0.03399839467950923,5,0.9304085969924927,0.0,0.0,0.0,False,127,PNG,323,54,5.981481481481482,0.8677903910102053
yK0QM0aZ.png,jawa,train,4.717616558074951,246.3643798828125,1.4045867919921875,0.16515837104072398,0.09087481146304675,256,0.6803406476974487,1.0,0.0,0.0,False,138,PNG,572,51,11.215686274509803,15.73728232551762
F2BFe1Ft.png,pegon,train,0.0,254.29856872558594,0.0,0.14200227963525835,0.04663753799392097,5,1.0473508834838867,0.0,0.0,0.0,False,127,PNG,112,94,1.1914893617021276,1.3624620060790271
zIsxfEpX.png,jawa,train,0.0,254.86611938476562,0.0,0.08871187363834422,0.017088779956427016,5,0.8921087980270386,0.0,0.0,0.0,False,127,PNG,136,108,1.2592592592592593,0.6285403050108932
6qJNCoYy.png,jawi,train,0.0,254.76979064941406,0.0,0.2254305977710233,0.030141843971631204,5,0.77192622423172,0.0,0.0,0.0,False,127,PNG,84,47,1.7872340425531914,1.2907801418439715
wBLg71Yy.png,lontara,train,8.835915565490723,203.0107879638672,0.9929351806640625,0.4170738327904452,0.6658947475570033,256,0.3163653016090393,1.0,0.0,2.120656894679696e-06,False,123,PNG,2000,1600,1.25,5.9330225
qpfkhEY1.png,pegon,train,0.0,254.61288452148438,0.0,0.12706611570247933,0.03828053259871442,5,0.9673480987548828,0.0,0.0,0.0,False,127,PNG,132,132,1.0,1.1175390266299357
h3l9ppZ3.png,jawa,train,0.0,250.41705322265625,0.0,0.19325553797468353,0.12114319620253164,20,1.0359951257705688,0.0,0.0,0.0,False,64,PNG,640,79,8.10126582278481,1.5675632911392403
cwBsh56a.png,pegon,train,0.0,254.2523193359375,0.0,0.1779207920792079,0.04594059405940594,5,0.9555366039276123,0.0,0.0,0.0,False,127,PNG,101,100,1.01,1.5001980198019802
5CEDhrRj.png,sunda,train,0.0,254.5989227294922,0.0,0.20214285714285715,0.05071428571428571,5,0.7861902117729187,0.0,0.0,0.0,False,127,PNG,40,35,1.1428571428571428,1.9085714285714288
fuuZiyNB.jpg,lontara,train,1.990430235862732,252.038330078125,0.3533172607421875,0.13109609789748358,0.06563615368465253,256,0.48747730255126953,0.0,0.0,0.0,False,148,JPEG,433,616,0.702922077922078,1.0404007078371975
Qp5L2a6r.png,lontara,train,0.0,251.57757568359375,0.0,0.16166392543859648,0.06582373903508772,256,0.6725842952728271,0.0,0.0,0.0,False,136,PNG,939,47,19.97872340425532,0.7656855414315819
A4lcvyH2.png,sunda,train,0.0,252.44375610351562,0.0,0.12387820512820513,0.057151442307692306,256,0.5823931694030762,0.0,0.0,0.0,False,138,PNG,786,67,11.73134328358209,0.6393984277087843
Rw9cWoNQ.png,lontara,train,0.0,252.081298828125,0.0,0.12709465579710144,0.05765964673913043,256,0.6934822201728821,0.0,0.0,0.0,False,137,PNG,869,52,16.71153846153846,0.7835708595202266
gau3WdqE.png,jawi,train,0.0,254.61721801757812,0.0,0.1183427495291902,0.04180790960451977,5,1.0956242084503174,0.0,0.0,0.0,False,127,PNG,295,45,6.555555555555555,0.96060263653484
6i4aihLB.png,jawa,train,8.500067710876465,223.25006103515625,2.8990478515625,0.27977550272160645,0.33990467326620977,256,0.910492479801178,7.0,0.0,0.0,False,131,PNG,669,53,12.62264150943396,21.705840877682828
OInGUFul.png,jawi,train,0.0,249.69607543945312,0.0,0.2594178082191781,0.08493864155251142,256,0.5841644406318665,0.0,0.0,0.0,False,132,PNG,811,77,10.532467532467532,1.080083911156661
AaFlOUh2.png,jawi,train,0.0,250.9389190673828,0.0,0.2616844846491228,0.06553248355263158,256,0.5718517899513245,0.0,0.0,0.0,False,131,PNG,808,80,10.1,0.8823019801980198
WeFVJU48.png,bali,train,0.0,254.81809997558594,0.0,0.08420093701197293,0.02719937532535138,5,0.9933577179908752,0.0,0.0,0.0,False,127,PNG,113,68,1.661764705882353,0.9370119729307652
Bc8w4GiB.png,sunda,train,0.0,254.63253784179688,0.0,0.2289496527777778,0.03732638888888889,5,0.8879976868629456,0.0,0.0,0.0,False,127,PNG,160,144,1.1111111111111112,1.0013888888888889
nN36nXcf.png,sunda,train,0.0,254.51724243164062,0.0,0.14705882352941177,0.03952205882352941,5,0.8435406684875488,0.0,0.0,0.0,False,127,PNG,34,32,1.0625,2.036764705882353
RdbueIP3.png,jawi,train,0.0,254.76913452148438,0.0,0.0759493670886076,0.020937275321902437,5,0.9274988174438477,0.0,0.0,0.0,False,127,PNG,581,79,7.3544303797468356,0.5987058541580427
IF7uM85N.png,bali,train,0.0,254.6338653564453,0.0,0.08958333333333333,0.03298611111111111,5,1.0958948135375977,0.0,0.0,0.0,False,127,PNG,144,80,1.8,0.9534722222222224
bOpBfm5b.png,sunda,train,0.0,252.12051391601562,0.0,0.1328311011904762,0.06298363095238095,256,0.5864390134811401,0.0,0.0,0.0,False,138,PNG,795,72,11.041666666666666,0.6863731656184486
aWDmeZnl.png,pegon,train,0.0,254.74420166015625,0.0,0.12087339279508862,0.02480790764122167,5,0.8392506837844849,0.0,0.0,0.0,False,127,PNG,582,89,6.53932584269663,0.7115332638325804
aUXYRTlv.png,sunda,train,0.0,254.6217498779297,0.0,0.24464285714285713,0.04107142857142857,5,0.8526670336723328,0.0,0.0,0.0,False,127,PNG,32,35,0.9142857142857144,2.1785714285714284
dvfU4Fz4.png,jawi,train,0.0,251.08566284179688,0.0,0.21333874458874458,0.06955154220779221,256,0.5856004953384399,0.0,0.0,0.0,False,133,PNG,810,81,10.0,0.8958390489254687
rruEa7kF.png,jawi,train,0.0,254.518310546875,0.0,0.17375886524822695,0.04573954157672937,5,0.917983889579773,0.0,0.0,0.0,False,127,PNG,414,47,8.808510638297872,1.032377428307123
Katgct1b.png,lampung,train,0.0,254.74310302734375,0.0,0.07446293005976418,0.023582619932159588,5,1.0735557079315186,0.0,0.0,0.0,False,127,PNG,151,82,1.8414634146341464,0.905184945889194
DnGgNuXD.png,jawi,train,0.0,252.09893798828125,0.0,0.1015625,0.0664593962585034,256,0.7758505940437317,0.0,0.0,0.0,False,144,PNG,947,60,15.783333333333331,0.7267863428370293
8hHxmufk.png,bali,train,0.0,249.99851989746094,0.0,0.15141969086021506,0.13684475806451613,256,1.050338864326477,0.0,0.0,0.0,False,154,PNG,1399,56,24.982142857142858,0.963647503318697
D05LoIbZ.png,jawi,train,0.0,251.0151824951172,0.0,0.24391276041666668,0.06326497395833333,256,0.5707391500473022,0.0,0.0,0.0,False,131,PNG,814,85,9.576470588235294,0.8531868767162885
GimhRf53.png,jawi,train,0.0,253.69090270996094,0.0,0.2948717948717949,0.060897435897435896,5,0.8447310924530029,0.0,0.0,0.0,False,127,PNG,24,26,0.9230769230769232,3.525641025641025
bCIsakwd.png,lampung,train,0.0,251.65252685546875,0.0,0.10704822469528352,0.06571277159512454,84,0.6953414082527161,0.0,0.0,0.0,False,137,PNG,102,37,2.756756756756757,2.3635400105988342
i6A1RSR1.png,jawi,train,0.0,254.46194458007812,0.0,0.27023996411751516,0.03711594527921058,5,0.793923020362854,0.0,0.0,0.0,False,127,PNG,686,91,7.538461538461538,0.9540896421362892
yvhE48gD.png,pegon,train,0.0,254.47177124023438,0.0,0.15405405405405406,0.04532657657657658,5,1.0029079914093018,0.0,0.0,0.0,False,127,PNG,148,120,1.2333333333333334,1.2144144144144144
noNn865N.png,jawa,train,8.244969367980957,223.3588409423828,3.3928985595703125,0.2553379798650293,0.35032636353578933,256,0.9090647101402283,7.0,0.0,0.0,False,133,PNG,655,69,9.492753623188406,21.871622967142383
BaycxHhF.png,jawi,train,0.0,254.87730407714844,0.0,0.056749281991277524,0.010637166258908627,5,0.819902241230011,0.0,0.0,0.0,False,127,PNG,238,79,3.0126582278481013,0.4633549622380598
8aXb57MZ.png,jawi,train,0.0,254.5775604248047,0.0,0.2518518518518518,0.044444444444444446,5,0.8097359538078308,0.0,0.0,0.0,False,127,PNG,36,45,0.8,1.876543209876543
KqXg11it.png,jawa,train,4.869776725769043,244.49534606933594,1.0799102783203125,0.0946969696969697,0.07435239491691105,255,0.7689405679702759,1.0,0.0,0.0,False,139,PNG,264,62,4.258064516129032,15.73069403714565
fru6b0zL.png,jawi,train,0.0,254.23849487304688,0.0,0.2744964410116614,0.04914432833560503,5,0.7696958780288696,0.0,0.0,0.0,False,127,PNG,372,71,5.23943661971831,1.180675450552779
2Ep3D91l.png,pegon,train,0.0,254.25900268554688,0.0,0.21966660304129287,0.052809060253228984,5,0.8689256906509399,0.0,0.0,0.0,False,127,PNG,186,169,1.1005917159763314,1.246293821976204
NZSKqCu2.png,sunda,train,0.0,250.27796936035156,0.0,0.15443978658536586,0.10483358739837398,256,0.7336316108703613,0.0,0.0,0.0,False,143,PNG,802,43,18.65116279069768,1.0121208606391
j2pF621b.png,sunda,train,0.0,254.58267211914062,0.0,0.17549923195084485,0.04838709677419355,5,0.916921079158783,0.0,0.0,0.0,False,127,PNG,124,42,2.952380952380953,1.314900153609831
lUs8lUdP.png,jawa,train,0.0,254.58197021484375,0.0,0.19936224489795917,0.03545918367346939,5,0.7733467817306519,0.0,0.0,0.0,False,127,PNG,80,98,0.8163265306122449,1.2081632653061225
Co0lR3pn.png,jawa,train,4.600063323974609,247.5278778076172,2.1535491943359375,0.16771653543307086,0.06648911533117184,256,0.5412563681602478,1.0,0.0,0.0,False,134,PNG,635,68,9.338235294117649,12.90430754979157
qbOGYkER.png,jawa,train,0.0,254.56314086914062,0.0,0.24406604747162022,0.0457172342621259,5,0.8009128570556641,0.0,0.0,0.0,False,127,PNG,114,85,1.3411764705882352,1.2251805985552116
8Pg4QEHg.png,sunda,train,0.0,252.5803680419922,0.0,0.12422975352112677,0.05587954812206573,256,0.5917592644691467,0.0,0.0,0.0,False,138,PNG,785,73,10.753424657534246,0.6516708838670273
TSTe8GQ1.png,jawa,train,0.0,250.30711364746094,0.0,0.17388392857142856,0.0909168956043956,24,0.9275182485580444,0.0,0.0,0.0,False,90,PNG,640,91,7.032967032967033,1.359478021978022
GHmYgsU1.png,sunda,train,0.0,249.90029907226562,0.0,0.14562136627906977,0.09474927325581395,256,0.719184160232544,0.0,0.0,0.0,False,140,PNG,801,45,17.8,0.9290608961020946
MuR7rzdl.jpg,jawa,train,0.0,253.5628204345703,0.0,0.056668201350521794,0.06647579036218539,256,1.1622120141983032,0.0,0.0,0.0,False,178,JPEG,1654,2340,0.7068376068376069,0.5894914168191072
BqUmXjph.png,sunda,train,0.0,254.70521545410156,0.0,0.196869918699187,0.024390243902439025,5,0.9044134020805359,0.0,0.0,0.0,False,127,PNG,164,150,1.0933333333333333,0.8224390243902439
gOhGTv61.png,jawa,train,0.0,252.8291778564453,0.0,0.12370242214532871,0.05733483543896355,20,0.9374702572822571,0.0,0.0,0.0,False,69,PNG,731,68,10.75,0.9625814758187816
pUiOAa74.png,jawi,train,0.0,249.61276245117188,0.0,0.24791666666666667,0.08424479166666667,256,0.5776607394218445,0.0,0.0,0.0,False,132,PNG,806,73,11.04109589041096,1.050069682858017
iodbCLbu.png,lontara,train,0.0,252.4967803955078,0.0,0.1284722222222222,0.051041666666666666,256,0.6789042353630066,0.0,0.0,0.0,False,136,PNG,946,55,17.2,0.6394772246780703
MK1maYWw.png,lampung,train,0.0,254.75791931152344,0.0,0.08008008008008008,0.02230802230802231,5,0.9704621434211731,0.0,0.0,0.0,False,127,PNG,259,81,3.197530864197531,0.7111873778540445
s9TzT5gN.png,lampung,train,0.0,250.82215881347656,0.0,0.11647225167903853,0.08837044892188052,93,0.793412983417511,0.0,0.0,0.0,False,103,PNG,138,41,3.365853658536585,2.341463414634146
3U5RoRQk.png,jawi,train,0.0,251.00592041015625,0.0,0.22791960093896713,0.06818515258215962,256,0.5702325701713562,0.0,0.0,0.0,False,132,PNG,819,76,10.776315789473683,0.896600475547844
MMFqryiY.png,lampung,train,0.0,254.80213928222656,0.0,0.060694061274865686,0.020981559459851896,5,1.1713052988052368,0.0,0.0,0.0,False,127,PNG,194,71,2.732394366197183,0.7660810222157688
5qMFRTiX.png,jawa,train,0.0,248.97413635253906,0.0,0.23343211206896552,0.12372036637931035,256,0.6944740414619446,0.0,0.0,0.0,False,139,PNG,958,72,13.305555555555555,1.1285084667130596
4LRyTHiQ.png,sunda,train,0.0,254.5514373779297,0.0,0.16408060777749164,0.04992917847025496,5,0.9010266661643982,0.0,0.0,0.0,False,127,PNG,706,44,16.045454545454547,1.0406901879989698
5AUniMPt.png,lontara,train,0.0,252.85513305664062,0.0,0.08701422275641026,0.043344350961538464,256,0.6980836391448975,0.0,0.0,0.0,False,139,PNG,877,59,14.864406779661016,0.6028255029665849
QeEf1zIv.png,lampung,train,0.0,254.7695770263672,0.0,0.086018213821076,0.020968852835386853,5,0.9740893840789795,0.0,0.0,0.0,False,127,PNG,179,73,2.452054794520548,0.7512053263947348
8lodvJ0E.png,sunda,train,0.0,254.68653869628906,0.0,0.18040141676505314,0.030224321133412044,5,0.789824903011322,0.0,0.0,0.0,False,127,PNG,77,55,1.4,1.2580873671782762
Z0SqcnG4.png,sunda,train,0.0,254.477783203125,0.0,0.20578917050691245,0.04032258064516129,5,0.8178806304931641,0.0,0.0,0.0,False,127,PNG,124,56,2.2142857142857144,1.2672811059907834
9fr0iKs3.png,jawi,train,0.0,254.81008911132812,0.0,0.0728042328042328,0.017671957671957672,5,0.9470937848091125,0.0,0.0,0.0,False,127,PNG,135,70,1.9285714285714288,0.7771428571428571
HaZZ4QH2.png,lampung,train,0.0,250.44960021972656,0.0,0.14223057644110276,0.10964912280701754,140,0.8159374594688416,0.0,0.0,0.0,False,137,PNG,152,42,3.619047619047619,2.788220551378446
6xDUKb3K.png,lampung,train,0.0,254.73675537109375,0.0,0.07930959143543806,0.025052800233049306,5,0.9622864723205566,0.0,0.0,0.0,False,127,PNG,199,69,2.8840579710144927,0.8500473381399752
iI6in3eP.png,bali,train,0.0,250.93002319335938,0.0,0.12422688802083333,0.12162272135416667,256,1.1228344440460205,0.0,0.0,0.0,False,158,PNG,1377,57,24.157894736842103,0.8800214042732103
lU5xgYR0.png,jawi,train,0.0,254.74984741210938,0.0,0.08881853757200017,0.026337774260211933,5,0.8548079133033752,0.0,0.0,0.0,False,127,PNG,361,63,5.73015873015873,0.6507496812205954
7i8PG9Ub.png,sunda,train,0.0,254.5046844482422,0.0,0.18057409879839786,0.04506008010680908,5,0.927044153213501,0.0,0.0,0.0,False,127,PNG,214,42,5.095238095238095,1.2238540275923453
sJ0iKoM1.png,jawi,train,0.0,251.30271911621094,0.0,0.20703125,0.060198643410852716,256,0.5805791020393372,0.0,0.0,0.0,False,132,PNG,799,89,8.97752808988764,0.8447638199434686
Ta0x7Eph.png,bali,train,0.0,252.54446411132812,0.0,0.05182196444332367,0.044592947505568865,16,0.9739494323730469,0.0,0.0,0.0,False,140,PNG,309,77,4.012987012987013,1.3062665489849956
mnehekz3.png,jawa,train,0.0,249.7138214111328,0.0,0.18564553480966856,0.14785062961354756,22,1.1073449850082397,0.0,0.0,0.0,False,62,PNG,658,84,7.833333333333333,1.5488493269648285
EOH2hydY.png,jawa,train,0.0,243.9447784423828,0.0,0.22005995035361342,0.17266170202800807,18,1.1011273860931396,0.0,0.0,0.0,False,103,PNG,647,66,9.803030303030305,1.8009460915179616
krGxZur9.png,lontara,train,0.0,253.07618713378906,0.0,0.09498907930107527,0.039398521505376344,256,0.6858235001564026,0.0,0.0,0.0,False,136,PNG,944,76,12.421052631578949,0.5385816235504014
kZHNa11x.png,lontara,train,0.0,254.58106994628906,0.0,0.13942151446213844,0.028572202361607627,5,0.9141005873680115,0.0,0.0,0.0,False,127,PNG,724,51,14.196078431372548,0.7667641642292276
GGtyvDUK.png,jawi,train,0.0,252.49337768554688,0.0,0.12120599856321838,0.05167923850574713,256,0.6229785680770874,0.0,0.0,0.0,False,137,PNG,865,65,13.307692307692308,0.6409959982214317
wbJxvXIi.png,jawi,train,0.0,254.71221923828125,0.0,0.10314977054651647,0.027221526908635794,5,0.8889016509056091,0.0,0.0,0.0,False,127,PNG,423,68,6.220588235294118,0.7428730357391183
2SrsTCNZ.png,sunda,train,0.0,253.19456481933594,0.0,0.11631944444444445,0.046931612318840576,256,0.7250469326972961,0.0,0.0,0.0,False,139,PNG,772,69,11.18840579710145,0.7115716753022453
QrQvIixH.png,sunda,train,0.0,253.06634521484375,0.0,0.08228824013157894,0.045932702850877194,256,0.6719456911087036,0.0,0.0,0.0,False,142,PNG,830,82,10.121951219512194,0.543637966500147
EvefOGy3.png,jawi,train,0.0,250.5810546875,0.0,0.25378307995495497,0.07279349662162163,256,0.5618458390235901,0.0,0.0,0.0,False,132,PNG,818,79,10.354430379746836,0.9276097923307852
zM4t7zMV.png,sunda,train,0.0,252.4110565185547,0.0,0.13193873355263158,0.057103207236842105,256,0.5880255103111267,0.0,0.0,0.0,False,138,PNG,784,78,10.051282051282053,0.6560701203558347
Xeg5Vipo.png,sunda,train,0.0,254.84498596191406,0.0,0.1405152224824356,0.03044496487119438,5,0.7146114706993103,0.0,0.0,0.0,False,127,PNG,63,61,1.0327868852459017,1.0179547228727557
PxvIygvK.png,sunda,train,0.0,254.47152709960938,0.0,0.18903459821428573,0.038783482142857144,5,0.7936938405036926,0.0,0.0,0.0,False,127,PNG,128,56,2.2857142857142856,1.1774553571428572
MKEj9Egy.png,pegon,train,0.0,254.49862670898438,0.0,0.1313795236622332,0.04461800185586143,5,1.0306257009506226,0.0,0.0,0.0,False,127,PNG,106,122,0.8688524590163934,1.3201360965047944
xJX17TF8.png,jawi,train,0.0,254.60731506347656,0.0,0.14052734375,0.03130859375,5,0.8509213328361511,0.0,0.0,0.0,False,127,PNG,640,80,8.0,0.820625
ewvo77IW.png,jawa,train,0.0,251.6175079345703,0.0,0.14208733974358975,0.07620192307692308,256,0.6377987265586853,0.0,0.0,0.0,False,141,PNG,967,82,11.792682926829269,0.7289328322445582
4Z7OoWaz.png,sunda,train,0.0,254.55364990234375,0.0,0.19470046082949308,0.03816244239631336,5,0.8131429553031921,0.0,0.0,0.0,False,127,PNG,124,56,2.2142857142857144,1.206221198156682
SGWBg1Sk.png,sunda,train,0.0,254.70806884765625,0.0,0.17361419068736142,0.03215077605321508,5,0.8111027479171753,0.0,0.0,0.0,False,127,PNG,82,55,1.490909090909091,1.0909090909090908
WyrlDhoh.png,jawi,train,0.0,254.68382263183594,0.0,0.11222020568663037,0.029491833030852996,5,0.8675270080566406,0.0,0.0,0.0,False,127,PNG,116,57,2.0350877192982457,1.030852994555354
hiYUQY8w.png,pegon,train,0.0,254.4019317626953,0.0,0.19153502747252749,0.042925824175824176,5,0.877227246761322,0.0,0.0,0.0,False,127,PNG,112,104,1.0769230769230769,1.300824175824176
Bv2oyw7P.png,pegon,train,0.0,254.1508331298828,0.0,0.24049707602339182,0.05592105263157895,5,0.8615565299987793,0.0,0.0,0.0,False,127,PNG,144,133,1.0827067669172932,1.421470342522974
dLaKcGAs.png,lampung,train,0.0,247.4191436767578,0.0,0.1824858757062147,0.16045197740112993,92,0.604271650314331,0.0,0.0,0.0,False,140,PNG,118,30,3.933333333333333,3.7401129943502816
9hZnoYgP.png,sunda,train,0.0,254.58218383789062,0.0,0.18369905956112853,0.04216300940438871,5,0.7932805418968201,0.0,0.0,0.0,False,127,PNG,110,58,1.896551724137931,1.1849529780564263
Re4aIUH9.png,lontara,train,0.0,252.8833465576172,0.0,0.10596955128205128,0.042142427884615384,256,0.6638656258583069,0.0,0.0,0.0,False,136,PNG,946,64,14.78125,0.5322410147991543
alDc3OSN.png,jawi,train,0.0,254.707763671875,0.0,0.13069685386650984,0.023228462216995,5,0.8322070240974426,0.0,0.0,0.0,False,127,PNG,179,76,2.3552631578947367,0.7515436636283446
pSWmA3Un.png,jawa,train,0.0,252.39468383789062,0.0,0.10192228618421052,0.06075246710526316,256,0.6966454982757568,0.0,0.0,0.0,False,143,PNG,991,98,10.112244897959185,0.6450709446240656
2jtMkRoa.png,sunda,train,0.0,254.59149169921875,0.0,0.16592724046140195,0.04392191659272405,5,0.9712537527084351,0.0,0.0,0.0,False,127,PNG,49,46,1.065217391304348,1.6326530612244898
h5GN86Z8.png,sunda,train,0.0,254.62525939941406,0.0,0.18836405529953917,0.04032258064516129,5,0.8045352697372437,0.0,0.0,0.0,False,127,PNG,124,56,2.2142857142857144,1.2246543778801844
g5EaEpvy.png,lontara,train,0.0,252.60731506347656,0.0,0.09684244791666667,0.051323784722222224,256,0.7534198760986328,0.0,0.0,0.0,False,139,PNG,956,60,15.933333333333334,0.6264993026499303
lvH9xi3L.png,jawa,train,0.0,252.0438690185547,0.0,0.15977647569444445,0.05830439814814815,256,0.5634726881980896,0.0,0.0,0.0,False,135,PNG,884,83,10.650602409638552,0.684402769448836
7B9GsLot.png,sunda,train,0.0,254.65170288085938,0.0,0.13570391872278664,0.03682201795409343,5,0.9013258814811707,0.0,0.0,0.0,False,127,PNG,689,54,12.75925925925926,0.8110519808633017
IYZ4iF9X.png,sunda,train,0.0,254.7894744873047,0.0,0.23232323232323232,0.02988215488215488,5,0.8135547637939453,0.0,0.0,0.0,False,127,PNG,44,54,0.8148148148148148,1.494949494949495
5XOC7t4K.png,sunda,train,0.0,254.5482635498047,0.0,0.1784658691062632,0.04875439831104856,5,0.9058353304862976,0.0,0.0,0.0,False,127,PNG,725,49,14.79591836734694,0.96
sZVE2ywp.png,pegon,train,0.0,254.20689392089844,0.0,0.1771833899807891,0.05652430914733264,5,1.0335161685943604,0.0,0.0,0.0,False,127,PNG,134,101,1.3267326732673268,1.450568937490764
RJPuZlBW.png,jawa,train,0.0,248.18032836914062,0.0,0.2607153965785381,0.14631415241057544,20,0.9994279146194458,0.0,0.0,0.0,False,72,PNG,643,75,8.573333333333334,1.8003939865215135
ZpHspSiD.png,jawa,train,0.0,249.99404907226562,0.0,0.2726407027363184,0.07476290422885572,256,0.5549818873405457,0.0,0.0,0.0,False,131,PNG,794,69,11.507246376811594,0.9719271346694413
tVLTxNyb.jpg,pegon,train,40.814449310302734,98.52379608154297,31.492630004882812,0.22871050867276096,0.959364008121479,255,0.7558364868164062,0.0,0.0,0.0014361926913043616,True,143,JPEG,561,561,1.0,3.676068644926776
uqQiKkIP.png,bali,train,0.0,254.80923461914062,0.0,0.10201249132546843,0.022405075840190344,5,0.8619042634963989,0.0,0.0,0.0,False,127,PNG,262,77,3.4025974025974026,0.6848418756815703
WHOTc9Kh.png,jawa,train,0.0,251.27227783203125,0.0,0.15919569672131148,0.08083589480874318,256,0.6658567786216736,0.0,0.0,0.0,False,139,PNG,950,75,12.666666666666666,0.8298666666666666
OKkmXzt8.png,jawa,train,0.0,254.58567810058594,0.0,0.2642108605906637,0.043029533185138136,5,0.7712640166282654,0.0,0.0,0.0,False,127,PNG,94,67,1.4029850746268655,1.2867577008574151
72uKrvWD.png,jawa,train,0.0,246.79710388183594,0.0,0.2948588564343589,0.25751852599406017,22,1.2563883066177368,0.0,0.0,0.0,False,49,PNG,439,79,5.556962025316456,1.714368097805715
pxo8iU3u.png,lampung,train,0.0,250.65130615234375,0.0,0.16348055372445616,0.12359920896506263,77,0.5943763852119446,0.0,0.0,0.0,False,140,PNG,82,37,2.216216216216216,3.245880026367831
6lzzj1My.png,jawi,train,0.0,254.34275817871094,0.0,0.2654035087719298,0.04347368421052632,5,0.80363529920578,0.0,0.0,0.0,False,127,PNG,375,76,4.934210526315789,1.143017543859649
CUJFtpU0.png,jawi,train,0.0,250.98849487304688,0.0,0.2375765931372549,0.0662530637254902,256,0.565179169178009,0.0,0.0,0.0,False,132,PNG,828,92,9.0,0.867044738500315
Pn2o0YTT.jpg,jawa,train,0.0,254.5260772705078,0.0,0.16650253090458317,0.0,32,1.0249160528182983,0.0,0.0,0.0,False,14,JPEG,565,514,1.0992217898832686,2.7843669295134466
kdMmxAfq.png,sunda,train,0.0,254.88055419921875,0.0,0.08930319843342037,0.015516209747606615,5,0.7914448380470276,0.0,0.0,0.0,False,127,PNG,766,96,7.979166666666667,0.4568102697998259
Y96AH3bs.png,lontara,train,0.0,252.54739379882812,0.0,0.09244791666666667,0.06021341463414634,256,0.822483479976654,0.0,0.0,0.0,False,145,PNG,925,49,18.877551020408163,0.6925979040264755
l8CCE88p.png,lampung,train,0.0,252.42059326171875,0.0,0.12606001304631442,0.08626875407697325,112,0.8719788193702698,0.0,0.0,0.0,False,97,PNG,146,42,3.4761904761904763,2.194390084801044
mKIZSzSN.png,sunda,train,0.0,250.81781005859375,0.0,0.1451202876984127,0.0997953869047619,256,0.8398730158805847,0.0,0.0,0.0,False,146,PNG,1122,62,18.096774193548388,0.8123742165487896
aIifqU3i.png,jawi,train,0.0,250.47958374023438,0.0,0.261984481292517,0.07162786989795919,256,0.5520699620246887,0.0,0.0,0.0,False,131,PNG,817,104,7.855769230769231,0.9226061576122776
zrz1gBi8.png,pegon,train,0.0,254.56143188476562,0.0,0.1476846057571965,0.04140592407175636,5,1.0212011337280273,0.0,0.0,0.0,False,127,PNG,102,94,1.0851063829787233,1.2031706299541094
wNTWQ7Eu.png,jawa,train,0.0,251.9528350830078,0.0,0.124951171875,0.06902669270833334,256,0.6682153344154358,0.0,0.0,0.0,False,141,PNG,972,101,9.623762376237623,0.7602167624169824
Klwhq4ps.png,jawi,train,0.0,254.65643310546875,0.0,0.12076,0.03512,5,1.0234088897705078,0.0,0.0,0.0,False,127,PNG,500,50,10.0,0.91296
6L6oDkMj.png,pegon,train,0.0,254.3805694580078,0.0,0.16367168528411852,0.04808159300631375,5,0.9638606309890747,0.0,0.0,0.0,False,127,PNG,87,71,1.2253521126760565,1.4958717824186498
bnhZPFr1.png,sunda,train,0.0,254.46249389648438,0.0,0.1818472355385107,0.0477788430808565,5,0.8917770385742188,0.0,0.0,0.0,False,127,PNG,298,42,7.095238095238095,1.1281559603707254
6Jj7eo3O.png,sunda,train,0.0,254.75648498535156,0.0,0.12815747402078337,0.02729816147082334,5,0.7833898663520813,0.0,0.0,0.0,False,127,PNG,695,72,9.65277777777778,0.6663469224620304
wPTaDzIy.png,bali,train,0.0,254.8279571533203,0.0,0.06060606060606061,0.01871657754010695,5,1.0215837955474854,0.0,0.0,0.0,False,127,PNG,99,68,1.4558823529411764,0.8508615567439097
JAYqAwsv.png,bali,train,0.0,250.25634765625,0.0,0.14472273284313725,0.12994025735294118,256,1.0668607950210571,0.0,0.0,0.0,False,154,PNG,1410,63,22.38095238095238,0.9239220983901836
VjC2Zk8B.png,jawi,train,0.0,252.49903869628906,0.0,0.09706182065217392,0.06317934782608696,256,0.8032277226448059,0.0,0.0,0.0,False,145,PNG,944,57,16.56140350877193,0.7242045792447219
iYM4n0S7.png,pegon,train,0.0,254.43101501464844,0.0,0.17685823754789273,0.043371647509578545,5,0.8985731601715088,0.0,0.0,0.0,False,127,PNG,180,145,1.2413793103448276,1.1938697318007665
FAMrEL5t.png,jawa,train,0.0,247.01486206054688,0.0,0.29845594913714807,0.19938237965485922,20,1.111405611038208,0.0,0.0,0.0,False,59,PNG,734,75,9.786666666666669,1.6730971843778384
GqTzvICw.png,lontara,train,0.0,254.64295959472656,0.0,0.11858137510879026,0.026261966927763274,5,0.8991966843605042,0.0,0.0,0.0,False,127,PNG,766,60,12.766666666666667,0.706875543951262
kz50SphP.png,bali,train,0.0,250.4734649658203,0.0,0.14115547839506173,0.13763503086419754,256,1.0996884107589722,0.0,0.0,0.0,False,158,PNG,1409,49,28.755102040816325,0.893961559073594
R7LZ7gT7.png,jawa,train,0.0,207.65628051757812,0.0,0.23331163194444443,0.4820963541666667,256,1.045715093612671,22.0,0.0,0.0,False,120,PNG,965,76,12.697368421052632,1.94633215162258
cg6YBstG.png,sunda,train,0.0,254.60702514648438,0.0,0.19690031701303276,0.04649524480450863,5,0.813459575176239,0.0,0.0,0.0,False,127,PNG,167,51,3.2745098039215685,1.1515791945520724
XzNnUpQh.png,sunda,train,0.0,254.72052001953125,0.0,0.1879432624113475,0.027186761229314422,5,0.8001474738121033,0.0,0.0,0.0,False,127,PNG,47,54,0.8703703703703703,1.4814814814814814
aN9eOSXS.jpg,jawi,train,0.0,253.4862823486328,0.0,0.043759946469907406,0.05747703269675926,256,0.9606909155845642,0.0,0.0,0.0,False,182,JPEG,768,1024,0.75,0.9170125325520834
oTyT8UlN.png,sunda,train,0.0,254.45277404785156,0.0,0.2056190182154986,0.05773386847792528,5,0.9018679261207581,0.0,0.0,0.0,False,127,PNG,79,41,1.9268292682926829,1.6153133683235568
HSmSrC1f.png,jawi,train,0.0,254.72080993652344,0.0,0.10761518771331058,0.029650170648464164,5,0.8380136489868164,0.0,0.0,0.0,False,127,PNG,293,64,4.578125,0.7436006825938567
ieCwAOj8.png,lontara,train,0.0,251.77838134765625,0.0,0.14195736434108527,0.06507388565891473,256,0.6977512240409851,0.0,0.0,0.0,False,137,PNG,844,47,17.95744680851064,0.8325098316022991
LRUV85Nq.png,lontara,train,0.0,254.49005126953125,0.0,0.1715489566613162,0.036556982343499196,5,0.9092179536819458,0.0,0.0,0.0,False,127,PNG,712,70,10.17142857142857,0.914446227929374
gEP1AjoU.png,sunda,train,0.0,254.48666381835938,0.0,0.17159468438538206,0.04950166112956811,5,0.9372857809066772,0.0,0.0,0.0,False,127,PNG,140,43,3.255813953488372,1.2398671096345515
hXcSm3XE.png,sunda,train,0.0,254.54624938964844,0.0,0.14752747252747253,0.047115384615384615,5,0.8743607401847839,0.0,0.0,0.0,False,127,PNG,112,65,1.7230769230769232,1.2505494505494503
JbnV2aI4.png,pegon,train,0.0,254.7332305908203,0.0,0.09540983606557377,0.028852459016393443,5,0.9717963933944702,0.0,0.0,0.0,False,127,PNG,122,50,2.44,1.0373770491803278
jp0XB4bC.png,jawi,train,0.0,254.6833953857422,0.0,0.13614163614163613,0.03663003663003663,5,0.8593347072601318,0.0,0.0,0.0,False,127,PNG,42,39,1.0769230769230769,1.6605616605616609
WximjsPa.png,lampung,train,0.0,253.93528747558594,0.0,0.15621840242669363,0.08257499157398045,92,0.7677525281906128,0.0,0.0,0.0,False,158,PNG,138,43,3.2093023255813957,2.247387933940007
Cj6fhTfi.png,lontara,train,0.0,251.84176635742188,0.0,0.14518229166666666,0.060670882936507936,256,0.6830918192863464,0.0,0.0,0.0,False,136,PNG,942,51,18.47058823529412,0.7365222097331502
pciJQTiE.png,lampung,train,0.0,253.21363830566406,0.0,0.1576117713638936,0.08630447085455574,81,0.6642889976501465,0.0,0.0,0.0,False,152,PNG,93,38,2.4473684210526314,3.065082059988681
iNvknkP5.png,bali,train,0.0,254.50628662109375,0.0,0.11383147853736089,0.04054054054054054,5,1.070297360420227,0.0,0.0,0.0,False,127,PNG,185,68,2.7205882352941178,0.9895071542130366
peQKGGlM.png,pegon,train,0.0,254.3583526611328,0.0,0.18111346018322763,0.04820295983086681,5,0.8483386039733887,0.0,0.0,0.0,False,127,PNG,172,165,1.0424242424242425,1.2019732205778717
wgJN7jBV.png,lontara,train,0.0,251.9792938232422,0.0,0.1283172123015873,0.0613219246031746,256,0.68559730052948,0.0,0.0,0.0,False,138,PNG,866,47,18.425531914893615,0.7708712102599381
fKR9IIiQ.png,jawi,train,0.0,254.5646209716797,0.0,0.234375,0.041193181818181816,5,0.7796808481216431,0.0,0.0,0.0,False,127,PNG,48,44,1.0909090909090908,1.8446969696969695
fWOVNtAL.png,lontara,train,0.0,252.37709045410156,0.0,0.13216145833333334,0.05428447420634921,256,0.6762705445289612,0.0,0.0,0.0,False,137,PNG,938,51,18.392156862745097,0.668255361846231
EWKLlLMS.png,jawi,train,0.0,249.41580200195312,0.0,0.29748358242753625,0.08009227807971014,256,0.5504745244979858,0.0,0.0,0.0,False,131,PNG,814,97,8.391752577319588,0.8932343777704602
tycI2E60.png,jawa,train,4.320241451263428,246.44679260253906,0.4559173583984375,0.1270264723989329,0.0717901361242219,256,0.6846786737442017,1.0,0.0,0.0,False,138,PNG,443,66,6.712121212121212,15.27902045283535
mX6JeAay.jpg,lontara,train,41.760475158691406,240.92576599121094,14.843185424804688,0.04860576014422168,0.18275954814416354,256,0.8312436938285828,0.0,0.0,0.0,False,132,JPEG,572,481,1.1891891891891893,1.4609423840193072
UYStIPdv.png,lontara,train,0.0,252.31117248535156,0.0,0.1378968253968254,0.05233134920634921,256,0.6605008840560913,0.0,0.0,0.0,False,135,PNG,943,52,18.134615384615383,0.626315360143568
MYzLfnpF.png,bali,train,0.0,254.45314025878906,0.0,0.12116708385481852,0.043178973717146435,5,1.119612455368042,0.0,0.0,0.0,False,127,PNG,188,68,2.764705882352941,1.071964956195244
pikUEMoX.png,lampung,train,0.0,250.71051025390625,0.0,0.18793650793650793,0.11444444444444445,129,0.7145335078239441,0.0,0.0,0.0,False,138,PNG,150,42,3.571428571428572,2.593015873015873
6CYeL72O.png,sunda,train,0.0,254.68862915039062,0.0,0.17936117936117937,0.04361179361179361,5,0.9650285840034485,0.0,0.0,0.0,False,127,PNG,74,44,1.681818181818182,1.4914004914004917
CwYhcemU.png,jawi,train,0.0,254.23606872558594,0.0,0.2399193548387097,0.04838709677419355,5,0.7846755981445312,0.0,0.0,0.0,False,127,PNG,32,31,1.032258064516129,2.314516129032258
bK8eXPbH.png,jawa,train,6.168456554412842,243.07278442382812,1.6635894775390625,0.1883086876155268,0.10016173752310537,256,0.5370978116989136,1.0,0.0,0.0,False,132,PNG,541,48,11.270833333333334,15.759088108441158
tcGUJD42.png,bali,train,0.0,250.33802795410156,0.0,0.1455078125,0.13038917824074073,256,1.0547740459442139,0.0,0.0,0.0,False,154,PNG,1337,62,21.56451612903226,0.9330470239100538
XE8xFXcX.png,jawi,train,0.0,254.7842559814453,0.0,0.1578469225528049,0.018207282913165267,5,0.7505212426185608,0.0,0.0,0.0,False,127,PNG,259,102,2.5392156862745097,0.6755999697176168
fN0sbRwP.png,lampung,train,0.0,254.0771484375,0.0,0.1793789568887549,0.08200180886343081,71,0.7201126217842102,0.0,0.0,0.0,False,156,PNG,107,31,3.4516129032258065,3.084715104009647
CkxgOrzC.png,bali,train,0.0,249.6605224609375,0.0,0.16552734375,0.1387939453125,256,1.0153099298477173,0.0,0.0,0.0,False,151,PNG,1407,59,23.847457627118644,0.9708358931733584
2QJgfFSK.png,sunda,train,0.0,254.47265625,0.0,0.18597560975609756,0.046341463414634146,5,0.8251444101333618,0.0,0.0,0.0,False,127,PNG,41,40,1.025,1.7170731707317073
e7lxgzEX.png,lontara,train,0.0,254.5979766845703,0.0,0.13226182156999766,0.028092243186582808,5,0.9080383777618408,0.0,0.0,0.0,False,127,PNG,477,45,10.6,0.8259026321919404
tp9qoZRs.png,jawa,train,0.0,249.88787841796875,0.0,0.24287799873737373,0.09238873106060606,256,0.6169871687889099,0.0,0.0,0.0,False,134,PNG,874,75,11.653333333333334,1.0423798627002288
NbPLh9RR.png,jawa,train,0.0,249.05799865722656,0.0,0.20721726190476192,0.09768725198412699,256,0.5882284641265869,0.0,0.0,0.0,False,135,PNG,900,49,18.367346938775512,0.9202721088435374
fChr7anR.png,bali,train,0.0,254.6167755126953,0.0,0.11253738210259949,0.037336093857832986,5,1.0576636791229248,0.0,0.0,0.0,False,127,PNG,690,63,10.952380952380953,0.9071083505866114
eYLW9c4b.png,jawi,train,0.0,254.5834197998047,0.0,0.12362878455462922,0.04365949978060553,5,1.0914736986160278,0.0,0.0,0.0,False,127,PNG,212,43,4.930232558139535,1.0653795524352787
XbEHmHlv.png,pegon,train,0.0,254.3104705810547,0.0,0.22057953873447664,0.05724423418095801,5,0.9233646988868713,0.0,0.0,0.0,False,127,PNG,95,89,1.0674157303370786,1.6094618568894146
4jN9hS8W.png,sunda,train,0.0,251.12319946289062,0.0,0.16234110169491525,0.0779925847457627,256,0.5703772306442261,0.0,0.0,0.0,False,137,PNG,777,60,12.95,0.8583440583440584
Wzbtjc6D.png,lontara,train,0.0,251.79164123535156,0.0,0.16063596491228072,0.06489857456140351,256,0.6676223278045654,0.0,0.0,0.0,False,136,PNG,819,41,19.97560975609756,0.8564876857559784
MPS9kbYk.png,bali,train,0.0,250.37521362304688,0.0,0.15192248774509803,0.13062959558823528,256,1.0473451614379883,0.0,0.0,0.0,False,154,PNG,1443,64,22.546875,0.9064449064449064
0P0G9kXl.png,sunda,train,0.0,254.28909301757812,0.0,0.18234746157428972,0.05728924080111784,5,0.9475566148757935,0.0,0.0,0.0,False,127,PNG,113,38,2.973684210526316,1.4606427573358174
6xp7t7dv.png,lampung,train,0.0,251.2610626220703,0.0,0.1413966049382716,0.07966820987654322,97,0.8888446688652039,0.0,0.0,0.0,False,92,PNG,144,36,4.0,3.010802469135802
VNgFlTGn.png,sunda,train,0.0,250.98423767089844,0.0,0.15684185606060605,0.09883996212121213,256,0.7294264435768127,0.0,0.0,0.0,False,144,PNG,806,46,17.52173913043478,0.966015751429496
McbzBlOe.png,jawi,train,0.0,254.68878173828125,0.0,0.11683027641436321,0.02857788685094291,5,0.9298442602157593,0.0,0.0,0.0,False,127,PNG,553,56,9.875,0.839834668044433
3v4NqUc3.png,bali,train,0.0,254.57652282714844,0.0,0.15285662953647144,0.046808000958198585,5,0.9548818469047546,0.0,0.0,0.0,False,127,PNG,759,55,13.8,1.0137741046831956
aqLVKvZq.png,lampung,train,0.0,254.73793029785156,0.0,0.06277412280701754,0.023026315789473683,5,1.0264613628387451,0.0,0.0,0.0,False,127,PNG,152,72,2.111111111111111,0.8267543859649122
CfHqeTls.png,jawi,train,0.0,254.57968139648438,0.0,0.21493201233382198,0.03462568872264065,5,0.8192887306213379,0.0,0.0,0.0,False,127,PNG,271,73,3.712328767123288,1.0089470757721275
jIilztY5.jpg,bali,train,60.282379150390625,208.21176147460938,89.530029296875,0.25084299262381454,0.6567702845100105,255,0.6006413102149963,2.0,0.0,0.0,False,143,JPEG,260,146,1.7808219178082192,1.962486828240253
pS22M8WI.png,jawa,train,0.0,251.32046508789062,0.0,0.16998989427860697,0.07730876865671642,256,0.6502722501754761,0.0,0.0,0.0,False,138,PNG,923,80,11.5375,0.866305525460455
bujx5toW.png,lontara,train,0.0,251.7970428466797,0.0,0.15364583333333334,0.06493723290598291,256,0.6961089372634888,0.0,0.0,0.0,False,136,PNG,936,47,19.91489361702128,0.7730496453900709
g3tAkhyr.png,lampung,train,0.0,251.25729370117188,0.0,0.12741815476190477,0.09263392857142858,99,0.668826699256897,0.0,0.0,0.0,False,149,PNG,128,42,3.0476190476190474,2.5699404761904763
YUFuRAx6.png,sunda,train,0.0,250.56744384765625,0.0,0.1431671626984127,0.1013454861111111,256,0.8168484568595886,0.0,0.0,0.0,False,145,PNG,1123,62,18.11290322580645,0.8425588142360613
h3exH7tZ.png,lampung,train,0.0,254.747314453125,0.0,0.07040373707040373,0.023440106773440106,5,1.074927568435669,0.0,0.0,0.0,False,127,PNG,148,81,1.8271604938271604,0.8528528528528528
CgDIIDUS.png,lontara,train,0.0,253.25624084472656,0.0,0.07421875,0.04090711805555555,256,0.7439861297607422,0.0,0.0,0.0,False,142,PNG,875,55,15.909090909090908,0.4960415584415584
JBoPkgax.png,jawa,train,0.0,243.58924865722656,0.0,0.2247650635710337,0.19205822738161046,22,1.1497986316680908,0.0,0.0,0.0,False,96,PNG,670,81,8.271604938271604,1.8035747189976048
k90N8S4u.png,jawa,train,0.0,249.00192260742188,0.0,0.29542370790674727,0.0,18,1.4017711877822876,0.0,0.0,0.0,False,33,PNG,363,67,5.417910447761194,2.0380740923481766
5ghxWNyR.jpg,jawa,train,61.64240264892578,207.86434936523438,88.30821228027344,0.11409347154028004,0.532595536850856,256,0.39519041776657104,1.0,0.0,0.0,False,123,JPEG,585,329,1.778115501519757,0.8614553295404359
9tdOj7fa.png,lontara,train,0.0,254.5612335205078,0.0,0.16038723181580325,0.03663003663003663,5,0.9103083610534668,0.0,0.0,0.0,False,127,PNG,182,42,4.333333333333333,1.075876504447933
HhhrLbSz.png,bali,train,0.0,250.97244262695312,0.0,0.13031390765765766,0.12095298423423423,256,1.056273102760315,0.0,0.0,0.0,False,156,PNG,1408,67,21.01492537313433,0.8349728629579376
zAnFtNxA.png,jawa,train,0.0,251.13572692871094,0.0,0.15667691256830601,0.08096396857923498,256,0.70039302110672,0.0,0.0,0.0,False,139,PNG,913,73,12.506849315068491,0.8825938873801558
N8fx0ckv.png,sunda,train,0.0,252.6114959716797,0.0,0.09742890211640212,0.05443948412698413,256,0.6534064412117004,0.0,0.0,0.0,False,142,PNG,832,68,12.235294117647058,0.6182126696832579
UmCki9z3.png,bali,train,0.0,254.8092803955078,0.0,0.0704392560348239,0.018796992481203006,5,0.9678012132644653,0.0,0.0,0.0,False,127,PNG,133,76,1.75,0.8001582904629996
GOkjzosa.png,jawa,train,0.0,250.27474975585938,0.0,0.19933868682097308,0.152677086114477,20,1.1242293119430542,0.0,0.0,0.0,False,53,PNG,667,73,9.136986301369864,1.6624016758743916
IDpHW9DT.png,pegon,train,0.0,254.19093322753906,0.0,0.19286365016702095,0.06908593987245673,5,1.057424545288086,0.0,0.0,0.0,False,127,PNG,185,178,1.0393258426966292,1.5178864257515945
oLaVz1RZ.png,sunda,train,0.0,254.61424255371094,0.0,0.15164589325663153,0.0436241610738255,5,0.9418327212333679,0.0,0.0,0.0,False,127,PNG,149,42,3.5476190476190474,1.2131671460530522
F6VAx3lT.png,jawi,train,0.0,254.64959716796875,0.0,0.16030488173734198,0.033028854878712724,5,0.8214609026908875,0.0,0.0,0.0,False,127,PNG,271,61,4.442622950819672,0.985784284072349
ZUT2PB1L.png,jawi,train,0.0,252.1800079345703,0.0,0.12640224358974358,0.06375200320512821,256,0.6831583380699158,0.0,0.0,0.0,False,140,PNG,937,64,14.640625,0.6969050160085379
4ocQNYId.png,lampung,train,0.0,251.8704833984375,0.0,0.16366906474820145,0.1266986410871303,81,0.5559228658676147,0.0,0.0,0.0,False,152,PNG,139,36,3.861111111111111,2.821742605915268
2fhz1UCI.png,jawi,train,0.0,250.12493896484375,0.0,0.2612847222222222,0.07951055021367522,256,0.5752537846565247,0.0,0.0,0.0,False,132,PNG,812,82,9.902439024390244,1.0187432416196085
2Yex6aA9.png,lampung,train,0.0,254.7329559326172,0.0,0.08175287356321839,0.023515325670498084,5,0.9817075133323669,0.0,0.0,0.0,False,127,PNG,261,80,3.2625,0.7555555555555555
cCmV6Lgk.png,lampung,train,0.0,250.98558044433594,0.0,0.14048760991207035,0.07394084732214229,118,0.7392656207084656,0.0,0.0,0.0,False,138,PNG,139,36,3.861111111111111,2.86810551558753
sqBZ8Hk7.png,bali,train,0.0,250.84564208984375,0.0,0.12626781798245615,0.11355537280701754,256,1.0345780849456787,0.0,0.0,0.0,False,153,PNG,1380,69,20.0,0.8227683259819366
dT68gWIu.png,jawi,train,0.0,254.54930114746094,0.0,0.16715542521994134,0.0469208211143695,5,0.9278770089149475,0.0,0.0,0.0,False,127,PNG,31,33,0.9393939393939394,2.40078201368524
9CLHUxKU.png,jawa,train,0.0,251.7451934814453,0.0,0.12205908764367816,0.07464529454022989,256,0.6841083765029907,0.0,0.0,0.0,False,143,PNG,968,73,13.26027397260274,0.7385939092041209
Mze89h6X.png,lontara,train,0.0,251.83203125,0.0,0.15466209349593496,0.061610772357723574,256,0.6759825348854065,0.0,0.0,0.0,False,136,PNG,932,50,18.64,0.7496995708154507
6NGSKGLk.png,lampung,train,0.0,254.7699432373047,0.0,0.06543952967525196,0.019036954087346025,5,1.0001615285873413,0.0,0.0,0.0,False,127,PNG,188,76,2.473684210526316,0.7530795072788354
sb2Ps29j.png,bali,train,0.0,250.82110595703125,0.0,0.14515904017857142,0.09847005208333333,256,0.8009148836135864,0.0,0.0,0.0,False,145,PNG,885,64,13.828125,0.9970338983050848
jXAPE9Eo.png,jawa,train,0.0,253.72119140625,0.0,0.18445079127259106,0.04703155726191591,16,0.8209785223007202,0.0,0.0,0.0,False,46,PNG,724,59,12.271186440677964,0.9540219121640604
a2VxfwzN.png,jawi,train,0.0,250.54159545898438,0.0,0.2846283783783784,0.06848254504504504,256,0.5691697597503662,0.0,0.0,0.0,False,131,PNG,807,78,10.346153846153848,0.9253645982270516
0qtTI1jU.png,jawa,train,0.0,251.48504638671875,0.0,0.16758897569444445,0.0744357638888889,256,0.8029216527938843,0.0,0.0,0.0,False,135,PNG,775,48,16.145833333333332,1.0946236559139786
O9SD6pqN.png,lampung,train,0.0,250.27525329589844,0.0,0.18201754385964913,0.14912280701754385,117,0.5564363598823547,0.0,0.0,0.0,False,148,PNG,152,36,4.222222222222222,3.3391812865497075
XxZwwo8P.png,bali,train,0.0,251.61964416503906,0.0,0.10931443798449612,0.09281128875968993,256,1.0058495998382568,0.0,0.0,0.0,False,153,PNG,1418,79,17.949367088607595,0.6796522111728054
3x3FnwZF.png,jawa,train,0.0,252.05503845214844,0.0,0.13517156862745097,0.06115196078431372,256,0.6231943368911743,0.0,0.0,0.0,False,138,PNG,930,103,9.029126213592232,0.7079653408497756
oHI7dYTY.png,jawi,train,0.0,254.6586151123047,0.0,0.18029835390946503,0.03009259259259259,5,0.8542484641075134,0.0,0.0,0.0,False,127,PNG,81,48,1.6875,1.3333333333333333
BiHHi4at.png,sunda,train,0.0,254.24562072753906,0.0,0.2066365007541478,0.062141779788838614,5,0.9075146317481995,0.0,0.0,0.0,False,127,PNG,85,39,2.1794871794871797,1.7279034690799395
4DqqHcE9.png,pegon,train,0.0,254.86618041992188,0.0,0.07130528586839266,0.014347357065803668,5,0.731249988079071,0.0,0.0,0.0,False,127,PNG,103,90,1.1444444444444444,0.6351672060409924
5JCZ9Xd0.png,jawi,train,0.0,254.330810546875,0.0,0.2727079796264856,0.04852857951329938,5,0.8011558055877686,0.0,0.0,0.0,False,127,PNG,372,76,4.894736842105263,1.1859083191850597
7A85hO7m.png,lontara,train,0.0,254.4814453125,0.0,0.15761904761904763,0.0353968253968254,5,0.9182313084602356,0.0,0.0,0.0,False,127,PNG,210,30,7.0,1.095873015873016
3VNuE1ij.png,sunda,train,0.0,254.7033233642578,0.0,0.1768925518925519,0.03815628815628816,5,0.8068640828132629,0.0,0.0,0.0,False,127,PNG,117,56,2.0892857142857144,1.1892551892551892
JzKDVyzr.png,sunda,train,0.0,254.48941040039062,0.0,0.188293897882939,0.043337484433374845,5,0.7541889548301697,0.0,0.0,0.0,False,127,PNG,73,55,1.3272727272727274,1.2951432129514322
A4F6q5kO.png,sunda,train,0.0,254.64495849609375,0.0,0.22128,0.04064,5,0.8135212659835815,0.0,0.0,0.0,False,127,PNG,125,50,2.5,1.27488
2xWIPu4c.png,jawi,train,0.0,254.68174743652344,0.0,0.10383244206773619,0.024509803921568627,5,0.8892019391059875,0.0,0.0,0.0,False,127,PNG,51,44,1.1590909090909092,1.3832442067736186
ht8WgAl0.png,lampung,train,0.0,254.74371337890625,0.0,0.0834609983403549,0.022309459977020298,5,0.8992503881454468,0.0,0.0,0.0,False,127,PNG,373,84,4.440476190476191,0.6385803651219201
bJgQiB3q.png,sunda,train,0.0,254.52862548828125,0.0,0.17410138248847926,0.04055299539170507,5,0.810875415802002,0.0,0.0,0.0,False,127,PNG,175,62,2.8225806451612905,1.0462672811059908
XbNnHsqT.png,bali,train,0.0,254.69334411621094,0.0,0.09959631444331453,0.034020523250439125,5,1.0080983638763428,0.0,0.0,0.0,False,127,PNG,373,87,4.287356321839081,0.8263535792425503
HSPlRvu6.jpg,lontara,train,37.55326843261719,190.0288848876953,82.00128173828125,0.06764913807167329,0.9484039371363315,254,0.8010581731796265,1.0,0.0,0.0,False,126,JPEG,355,259,1.3706563706563706,4.168056990592202
yCjpXHMD.png,jawi,train,0.0,250.248779296875,0.0,0.28353365384615387,0.07383814102564103,256,0.5569918751716614,0.0,0.0,0.0,False,131,PNG,800,68,11.764705882352942,0.9372058823529412
beQ9FGMV.png,pegon,train,0.0,254.4176025390625,0.0,0.1538970240906944,0.040812470477090225,5,0.9471226334571838,0.0,0.0,0.0,False,127,PNG,145,146,0.9931506849315068,1.2103920642418518
3ZsXk0D6.png,jawi,train,0.0,254.45054626464844,0.0,0.19003076923076923,0.03704615384615385,5,0.8478405475616455,0.0,0.0,0.0,False,127,PNG,500,65,7.6923076923076925,1.0166153846153847
kuKMn0V1.png,jawi,train,0.0,249.00494384765625,0.0,0.1939732142857143,0.11644345238095238,256,0.7265417575836182,0.0,0.0,0.0,False,140,PNG,886,40,22.15,1.1205417607223476
sXD64T1B.png,lampung,train,0.0,254.57199096679688,0.0,0.09897435897435898,0.03653846153846154,5,1.0533467531204224,0.0,0.0,0.0,False,127,PNG,130,60,2.1666666666666665,1.0625641025641026
i7V6mkQt.png,sunda,train,0.0,251.8740692138672,0.0,0.1228298611111111,0.07478841145833333,256,0.7167966365814209,0.0,0.0,0.0,False,143,PNG,801,50,16.02,0.7918102372034956
GHfdMfJf.png,jawa,train,4.859827518463135,244.87603759765625,0.9461212158203125,0.11426598423917458,0.0747826793403201,256,0.7192919254302979,1.0,0.0,0.0,False,137,PNG,373,66,5.651515151515151,16.113412949874075
9bd0M7ij.png,pegon,train,0.0,254.13705444335938,0.0,0.24370724151284368,0.06305666709694076,5,0.9711946249008179,0.0,0.0,0.0,False,127,PNG,127,122,1.040983606557377,1.629534013166387
RCCBwFOz.png,jawi,train,0.0,254.51321411132812,0.0,0.2126377212177051,0.03739107067449806,5,0.8346842527389526,0.0,0.0,0.0,False,127,PNG,457,57,8.017543859649123,1.0365081193136012
Ymh2tbFw.png,bali,train,0.0,254.7877960205078,0.0,0.06537882486979167,0.004326714409722222,256,0.4786667823791504,0.0,0.0,0.0,False,128,PNG,864,864,1.0,0.1652306241426611
c7r3oRsw.png,lontara,train,0.0,250.0946502685547,0.0,0.1566840277777778,0.08779198232323232,256,0.7390385866165161,0.0,0.25,0.0,False,138,PNG,1001,43,23.27906976744186,0.967218827683944
wy19yn7P.png,bali,train,0.0,250.9667510986328,0.0,0.12176339285714285,0.12366071428571429,256,1.1424287557601929,0.0,0.0,0.0,False,160,PNG,1368,63,21.714285714285715,0.8540796435533278
omJSP26e.png,jawi,train,0.0,254.46983337402344,0.0,0.19381533101045295,0.05524099883855981,5,0.8903282284736633,0.0,0.0,0.0,False,127,PNG,328,42,7.809523809523809,1.1684088269454125
iuBUw6Z0.png,jawi,train,0.0,249.931884765625,0.0,0.17098577235772358,0.10473831300813008,256,0.7291805148124695,0.0,0.0,0.0,False,141,PNG,891,47,18.95744680851064,1.0331208061704515
hephL39u.png,sunda,train,0.0,254.58921813964844,0.0,0.19855967078189302,0.0367798353909465,5,0.764839768409729,0.0,0.0,0.0,False,127,PNG,72,54,1.3333333333333333,1.2777777777777777
yG4PsbvZ.png,bali,train,0.0,249.6483612060547,0.0,0.1547799059139785,0.13894489247311828,256,1.041625738143921,0.0,0.0,0.0,False,153,PNG,1379,56,24.625,0.9736869367036156
3E6RGIb9.png,lampung,train,0.0,251.90762329101562,0.0,0.12331989247311828,0.07056451612903226,70,0.7042377591133118,0.0,0.0,0.0,False,141,PNG,96,31,3.096774193548387,2.838709677419355
yv7y2Uyf.png,pegon,train,0.0,254.36944580078125,0.0,0.1814722911497105,0.0467741935483871,5,0.9231312870979309,0.0,0.0,0.0,False,127,PNG,156,155,1.0064516129032255,1.2870140612076095
oJe8JySY.png,bali,train,0.0,251.71392822265625,0.0,0.10512907608695653,0.10566689311594203,256,1.1239649057388306,0.0,0.0,0.0,False,161,PNG,1416,84,16.857142857142858,0.7341942426688189
MGaJkGc8.png,lontara,train,0.0,254.56985473632812,0.0,0.16904358232771516,0.032113294105914035,5,0.8974374532699585,0.0,0.0,0.0,False,127,PNG,271,37,7.324324324324325,0.9119377680263288
nmN9SKz7.png,sunda,train,0.0,254.82142639160156,0.0,0.10403261317310834,0.018465646794789847,5,0.7807572484016418,0.0,0.0,0.0,False,127,PNG,757,93,8.13978494623656,0.5159017627590518
jHj3sS9r.png,jawa,train,4.295402526855469,245.7689208984375,0.27056884765625,0.14090444557996934,0.07728666326009198,256,0.6710334420204163,1.0,0.0,0.0,False,137,PNG,412,57,7.228070175438597,15.621870209504344
Uvojcyqv.png,sunda,train,0.0,250.64576721191406,0.0,0.17190528100775193,0.1082546027131783,256,0.7475194334983826,0.0,0.0,0.0,False,145,PNG,802,45,17.822222222222223,1.033194790800776
zDUC5EK7.png,sunda,train,0.0,254.66505432128906,0.0,0.14779342723004696,0.03732394366197183,5,0.9186687469482422,0.0,0.0,0.0,False,127,PNG,426,50,8.52,0.9295774647887324
VCA0rqrB.png,pegon,train,0.0,254.5443878173828,0.0,0.10664354041837486,0.03453169347209082,5,1.0966202020645142,0.0,0.0,0.0,False,127,PNG,151,126,1.1984126984126984,1.053295490381583
auKXQuSg.png,sunda,train,0.0,254.8303985595703,0.0,0.11175438596491229,0.01972222222222222,5,0.7755008339881897,0.0,0.0,0.0,False,127,PNG,760,90,8.444444444444445,0.5308771929824562
Z8VqzwQC.png,bali,train,0.0,254.5967559814453,0.0,0.08784893267651889,0.036261631089217296,5,1.1853868961334229,0.0,0.0,0.0,False,127,PNG,116,63,1.8412698412698407,1.1067323481116584
A9bGt749.png,sunda,train,0.0,254.54078674316406,0.0,0.22163433274544386,0.03350970017636684,5,0.8347780704498291,0.0,0.0,0.0,False,127,PNG,63,54,1.1666666666666667,1.540270429159318
VbnNzoYT.png,jawa,train,7.662371635437012,226.28878784179688,0.654998779296875,0.2645596095747153,0.32437834069254007,256,0.9207739233970642,4.0,0.0,0.0,False,134,PNG,662,65,10.184615384615384,21.512247269346968
ixZuvAcb.png,lontara,train,0.0,252.23069763183594,0.0,0.1286204268292683,0.05424288617886179,256,0.6822324991226196,0.0,0.0,0.0,False,136,PNG,938,50,18.76,0.6833262260127931
7aDRp8vj.jpg,jawa,train,61.21958923339844,223.76556396484375,0.6094970703125,0.1483641975308642,0.6119012345679012,256,0.8243002891540527,0.0,0.0,7.716049382716049e-05,False,159,JPEG,480,675,0.7111111111111111,1.7969135802469136
XPzLX5cB.png,jawi,train,0.0,250.8050079345703,0.0,0.2431640625,0.06743421052631579,256,0.5718942284584045,0.0,0.0,0.0,False,131,PNG,795,79,10.063291139240508,0.90056524162089
aoyEVfoQ.png,jawa,train,0.0,252.39674377441406,0.0,0.111328125,0.06032986111111111,256,0.7404569983482361,0.0,0.0,0.0,False,141,PNG,966,83,11.63855421686747,0.7000424056474345
lXOU7ZRb.png,jawi,train,0.0,254.82350158691406,0.0,0.1237054085155351,0.01726121979286536,5,0.7996867895126343,0.0,0.0,0.0,False,127,PNG,110,79,1.3924050632911391,0.8579976985040276
QSAznllM.png,pegon,train,0.0,254.4616241455078,0.0,0.12912087912087913,0.037889194139194136,5,0.9888238310813904,0.0,0.0,0.0,False,127,PNG,104,84,1.238095238095238,1.2445054945054943
3dRlOZwL.png,pegon,train,0.0,254.4131622314453,0.0,0.16338840807762917,0.044584316810910046,5,0.9470556974411011,0.0,0.0,0.0,False,127,PNG,123,124,0.9919354838709676,1.3134015211119854
O8DUo3Q0.png,pegon,train,0.0,254.9031219482422,0.0,0.07890419947506562,0.014435695538057743,5,0.8256410956382751,0.0,0.0,0.0,False,127,PNG,127,96,1.3229166666666667,0.7053805774278216
khZ1OaBE.png,sunda,train,0.0,254.6998748779297,0.0,0.17092967737534956,0.028374599276993383,5,0.8822498917579651,0.0,0.0,0.0,False,127,PNG,181,162,1.117283950617284,0.8007639315189959
IIjZGtAH.png,jawa,train,0.0,251.11135864257812,0.0,0.15841375612745098,0.07529105392156862,256,0.608849287033081,0.0,0.0,0.0,False,138,PNG,896,79,11.341772151898734,0.8505877034358047
kc1azKPu.png,bali,train,0.0,250.79132080078125,0.0,0.14460784313725492,0.14139093137254902,256,1.1442641019821167,0.0,0.0,0.0,False,161,PNG,1552,68,22.823529411764707,0.9184354154032748
toRzpmzN.png,lontara,train,0.0,254.5303955078125,0.0,0.13977306218685528,0.0342371549268101,5,0.9005134701728821,0.0,0.0,0.0,False,127,PNG,754,54,13.962962962962964,0.8324982807741429
1JcDslfr.png,jawi,train,0.0,254.31036376953125,0.0,0.20857839018652327,0.059149722735674676,5,0.8926401138305664,0.0,0.0,0.0,False,127,PNG,541,44,12.295454545454543,1.1107376911443454
gYf9v3FU.png,jawi,train,0.0,254.69996643066406,0.0,0.11107706450130228,0.02880343189826873,5,0.918254554271698,0.0,0.0,0.0,False,127,PNG,535,61,8.770491803278688,0.7599203309330473
8sJ8xcoT.png,lampung,train,0.0,247.9186553955078,0.0,0.16340946550506238,0.15187190958323524,95,0.5652068853378296,0.0,0.0,0.0,False,138,PNG,137,31,4.419354838709677,3.556392747821992
zL9Uvixs.png,sunda,train,0.0,254.55026245117188,0.0,0.21284271284271283,0.048340548340548344,5,0.8175920844078064,0.0,0.0,0.0,False,127,PNG,77,54,1.4259259259259258,1.46993746993747
uuK4oQAM.png,jawi,train,0.0,254.54803466796875,0.0,0.12717548948513416,0.03562364031907179,5,0.9061939120292664,0.0,0.0,0.0,False,127,PNG,197,56,3.517857142857143,0.9557650471356056
2H0tXNTD.png,jawa,train,0.0,251.3857421875,0.0,0.1597873263888889,0.07621527777777778,256,0.6182807683944702,0.0,0.0,0.0,False,138,PNG,887,69,12.855072463768115,0.8129013283662565
WWCrZrGd.jpg,bali,train,53.44512939453125,137.36000061035156,88.13761138916016,0.3345794677734375,0.7761154174804688,210,0.2697276771068573,2.0,0.25,0.0,False,86,JPEG,1200,800,1.5,6.030383333333333
oLu3aUf1.png,lampung,train,0.0,250.9893035888672,0.0,0.16994598765432098,0.078125,121,0.8090194463729858,0.0,0.0,0.0,False,96,PNG,144,36,4.0,3.146604938271605
gffa5wIo.png,pegon,train,0.0,254.17550659179688,0.0,0.2319442438249314,0.05611729019211325,5,0.8986966609954834,0.0,0.0,0.0,False,127,PNG,172,161,1.0683229813664596,1.41846020511339
V4j3pTVL.png,bali,train,0.0,251.1330108642578,0.0,0.12496383101851852,0.11957465277777778,256,1.10360848903656,0.0,0.0,0.0,False,158,PNG,1416,66,21.454545454545453,0.8656052045882554
EAumamZe.jpg,jawi,train,26.078847885131836,143.78236389160156,38.46490478515625,0.43160247802734375,0.6154607137044271,236,0.3202509880065918,1.0,0.5,1.7801920572916668e-05,False,80,JPEG,1024,683,1.499267935578331,1.1066183199121522
Qf2P4kf8.png,lontara,train,0.0,254.80242919921875,0.0,0.06918480282738096,0.003917875744047619,256,0.5602219700813293,0.0,0.0,0.0,False,128,PNG,1160,676,1.7159763313609468,0.2364619465415221
9OCyzKMd.png,jawi,train,0.0,254.6531219482422,0.0,0.33152173913043476,0.07971014492753623,5,0.8405118584632874,0.0,0.0,0.0,False,127,PNG,24,23,1.0434782608695652,3.028985507246377
guc21whT.png,jawi,train,0.0,254.84629821777344,0.0,0.07667377398720682,0.014925373134328358,5,0.8519427180290222,0.0,0.0,0.0,False,127,PNG,335,70,4.785714285714286,0.5107036247334755
WNbjDQsY.png,lontara,train,0.0,254.5066375732422,0.0,0.1480225988700565,0.03347457627118644,5,0.9484630823135376,0.0,0.0,0.0,False,127,PNG,354,40,8.85,0.976271186440678
WQnwcXli.png,sunda,train,0.0,254.65826416015625,0.0,0.20952380952380953,0.039718614718614716,5,0.7995636463165283,0.0,0.0,0.0,False,127,PNG,165,56,2.946428571428572,1.135930735930736
tSvmHzgw.png,pegon,train,0.0,254.19850158691406,0.0,0.20918203688853249,0.05012028869286287,5,0.8898721933364868,0.0,0.0,0.0,False,127,PNG,172,145,1.186206896551724,1.3437048917401764
dsKJVHpv.png,sunda,train,0.0,254.5437774658203,0.0,0.16991662183969877,0.043773534158149545,5,0.8980719447135925,0.0,0.0,0.0,False,127,PNG,338,44,7.681818181818182,1.0973641742872513
l3m9mDnW.png,lampung,train,0.0,254.7936248779297,0.0,0.07771995043370508,0.01774473358116481,5,0.8704222440719604,0.0,0.0,0.0,False,127,PNG,269,75,3.5866666666666664,0.5951920693928129
r9G0LEC3.png,jawi,train,0.0,254.5145721435547,0.0,0.24434389140271492,0.036500754147812974,5,0.7904810905456543,0.0,0.0,0.0,False,127,PNG,65,51,1.2745098039215683,1.4865761689291102
6hlKj9E8.png,jawi,train,0.0,254.34693908691406,0.0,0.19113537401702735,0.04978228374601937,5,0.9063690304756165,0.0,0.0,0.0,False,127,PNG,669,46,14.543478260869565,1.070254110612855
r8q94hOZ.png,sunda,train,0.0,254.78919982910156,0.0,0.12298682284040996,0.024791262712199755,5,0.7960318326950073,0.0,0.0,0.0,False,127,PNG,683,74,9.22972972972973,0.6372521863005025
FyGyCJuF.png,sunda,train,0.0,254.42306518554688,0.0,0.18432486631016043,0.050384358288770054,5,0.9043202996253967,0.0,0.0,0.0,False,127,PNG,272,44,6.181818181818182,1.0942513368983957
YRWrng7x.png,jawi,train,0.0,254.46533203125,0.0,0.183324472798157,0.03499911394648237,5,0.8439769148826599,0.0,0.0,0.0,False,127,PNG,396,57,6.947368421052632,1.0090377458798512
jB3qCu2R.png,lampung,train,0.0,248.46026611328125,0.0,0.15221027479091995,0.14097968936678615,91,0.557799756526947,0.0,0.0,0.0,False,139,PNG,135,31,4.354838709677419,3.477180406212664
Q6izBwPY.png,jawi,train,0.0,254.60238647460938,0.0,0.10612916495269437,0.03866721513780337,5,1.1488080024719238,0.0,0.0,0.0,False,127,PNG,286,51,5.607843137254902,0.919237625119978
meHehKb8.png,bali,train,0.0,250.84194946289062,0.0,0.12714667792792791,0.11405546171171171,256,1.0487384796142578,0.0,0.0,0.0,False,154,PNG,1379,66,20.893939393939394,0.8327510053398378
M0CnZ2cz.png,bali,train,0.0,249.57693481445312,0.0,0.17139274691358025,0.1588059413580247,256,1.0677517652511597,0.0,0.0,0.0,False,157,PNG,1403,49,28.632653061224488,1.023230104586382
rCyplLeH.png,lampung,train,0.0,253.18600463867188,0.0,0.07088216145833333,0.04416232638888889,256,0.7809653878211975,0.0,0.0,0.0,False,144,PNG,887,55,16.12727272727273,0.5482012913805473
hj9MdB5L.png,sunda,train,0.0,254.58514404296875,0.0,0.14019976838448175,0.04031557614360162,5,0.950857937335968,0.0,0.0,0.0,False,127,PNG,314,44,7.136363636363637,0.9310943833236828
Kz7831AM.png,jawa,train,9.097458839416504,223.06459045410156,3.3514404296875,0.2545449727036625,0.3466104839137118,256,0.9090720415115356,7.0,0.0,0.0,False,132,PNG,662,57,11.614035087719298,21.91339375629406
LckMmuIr.png,sunda,train,0.0,254.65579223632812,0.0,0.2011851851851852,0.03422222222222222,5,0.8086785078048706,0.0,0.0,0.0,False,127,PNG,135,50,2.7,1.1757037037037037
iv1jiudl.png,bali,train,0.0,254.58053588867188,0.0,0.09820413730393271,0.038190497840418274,5,1.1654906272888184,0.0,0.0,0.0,False,127,PNG,212,83,2.5542168674698797,1.0593316662877927
p3Fi7ikK.png,sunda,train,0.0,252.29812622070312,0.0,0.13637609649122806,0.056126644736842105,256,0.6098325848579407,0.0,0.0,0.0,False,137,PNG,794,79,10.050632911392404,0.6968721104486177
k0wsl0ON.png,jawi,train,0.0,250.97500610351562,0.0,0.22475311147186147,0.0665922619047619,256,0.5787363648414612,0.0,0.0,0.0,False,132,PNG,798,80,9.975,0.8860902255639098
JDSTsd9m.png,jawi,train,0.0,254.53843688964844,0.0,0.2096287921612964,0.0334463915583192,5,0.8070703744888306,0.0,0.0,0.0,False,127,PNG,366,58,6.310344827586207,0.9907669116261542
cj8ZpPgo.png,bali,train,0.0,250.57093811035156,0.0,0.125,0.12400173611111111,256,1.0815691947937012,0.0,0.0,0.0,False,158,PNG,1412,56,25.214285714285715,0.8841562120598948
LLcdarUM.png,sunda,train,0.0,251.4348602294922,0.0,0.139549365942029,0.07937047101449275,256,0.7570163607597351,0.0,0.0,0.0,False,142,PNG,812,49,16.571428571428573,0.8786568814718005
vg1mNlvD.png,sunda,train,0.0,254.6158447265625,0.0,0.16523508137432188,0.040913200723327305,5,0.9414513111114502,0.0,0.0,0.0,False,127,PNG,553,48,11.520833333333334,0.9403254972875226
3zdl9RbT.png,jawi,train,0.0,254.373779296875,0.0,0.21141975308641975,0.040123456790123455,5,0.8323879241943359,0.0,0.0,0.0,False,127,PNG,36,36,1.0,2.1419753086419755
2Qb6JinM.png,sunda,train,0.0,254.4903564453125,0.0,0.2044346978557505,0.049463937621832356,5,0.7416150569915771,0.0,0.0,0.0,False,127,PNG,76,54,1.4074074074074074,1.2768031189083822
sWuB86xZ.png,bali,train,0.0,249.29808044433594,0.0,0.18135579427083334,0.14522298177083334,256,0.9907124042510986,0.0,0.0,0.0,False,149,PNG,1406,59,23.83050847457627,1.0128987149504545
QNEvz4dm.jpg,pegon,train,42.913936614990234,6.642514228820801,4.191015720367432,0.39069192951713394,0.30016975759345793,256,0.5226906538009644,0.0,1.0,0.0,True,100,JPEG,820,457,1.7943107221006565,1.4876661151731867
ErsHzyfq.png,jawi,train,0.0,254.32247924804688,0.0,0.2635924285138945,0.04668891318105978,5,0.813052773475647,0.0,0.0,0.0,False,127,PNG,382,91,4.197802197802198,1.172314596398366
4RJXJvVO.png,jawa,train,0.0,247.306884765625,0.0,0.30703125,0.11905776515151516,256,0.6264442205429077,0.0,0.0,0.0,False,133,PNG,817,58,14.086206896551724,1.287131220191618
THKiuW6M.png,jawa,train,4.1112565994262695,247.19696044921875,0.8138580322265625,0.14024958092754702,0.07483702737940026,256,0.7192752361297607,1.0,0.0,0.0,False,139,PNG,413,65,6.3538461538461535,15.027602905569008
DN9PXJsK.png,jawa,train,0.0,253.01585388183594,0.0,0.0845775462962963,0.04684606481481481,256,0.7495794296264648,0.0,0.0,0.0,False,142,PNG,952,111,8.576576576576576,0.5887652358240594
wiQM3IqJ.png,jawi,train,0.0,254.70370483398438,0.0,0.18674698795180722,0.02886546184738956,5,0.8212595582008362,0.0,0.0,0.0,False,127,PNG,83,48,1.7291666666666667,1.2208835341365465
f5Rqnzh1.png,sunda,train,0.0,254.40171813964844,0.0,0.1993762993762994,0.05675675675675676,5,0.9469409584999084,0.0,0.0,0.0,False,127,PNG,130,37,3.5135135135135136,1.4802494802494803
x96FUfNK.jpg,lampung,train,102.7120132446289,185.46507263183594,37.51100158691406,0.16963950617283952,0.8806716049382716,255,0.9949509501457214,0.0,0.0,0.0,False,134,JPEG,225,225,1.0,1.5540148148148147
lINChAs2.png,bali,train,0.0,250.5997314453125,0.0,0.14205309139784947,0.14700940860215053,256,1.1543855667114258,0.0,0.0,0.0,False,163,PNG,1502,60,25.03333333333333,0.9241011984021305
RIQh8NON.png,lontara,train,0.0,253.23892211914062,0.0,0.0939157196969697,0.037263257575757575,256,0.6738433837890625,0.0,0.0,0.0,False,137,PNG,958,68,14.088235294117649,0.4953948176347783
W180Qta2.png,lontara,train,0.0,252.40625,0.0,0.12491688829787234,0.053302304964539006,256,0.696392297744751,0.0,0.0,0.0,False,137,PNG,941,57,16.50877192982456,0.6568600033558923
0Db15pA8.png,jawi,train,0.0,254.40863037109375,0.0,0.1815126050420168,0.04453781512605042,5,0.9140724539756775,0.0,0.0,0.0,False,127,PNG,34,35,0.9714285714285714,2.2521008403361344
ElsqQbhZ.png,sunda,train,0.0,252.64410400390625,0.0,0.09208113262910798,0.05287191901408451,256,0.6552512049674988,0.0,0.0,0.0,False,141,PNG,823,76,10.828947368421051,0.5770927927351793
Bq9WTgx7.png,pegon,train,0.0,249.3098907470703,0.0,0.17114400584795322,0.1115908260233918,256,0.7750275135040283,0.0,0.0,0.0,False,142,PNG,861,64,13.453125,1.1996225319396052
a7rT8TDi.jpg,jawa,train,30.99667739868164,238.97645568847656,16.863037109375,0.11757731958762886,0.3258762886597938,255,0.8417783975601196,0.0,0.0,0.0,False,169,JPEG,300,194,1.5463917525773196,1.419381443298969
pYL28KSV.png,jawa,train,0.0,252.50523376464844,0.0,0.0940330615942029,0.05795214371980676,256,0.678521990776062,0.0,0.0,0.0,False,143,PNG,958,86,11.13953488372093,0.6061076855852794
nVOjkbo9.png,jawa,train,0.0,205.33128356933594,0.0,0.32369791666666664,0.5312717013888889,256,1.3958370685577393,26.0,0.0,0.0,False,127,PNG,921,72,12.791666666666666,2.0647846543612016
XKPPCuZU.png,jawa,train,0.0,254.0067901611328,0.0,0.14872442759935278,0.0365715805572179,20,0.8573586940765381,0.0,0.0,0.0,False,44,PNG,557,81,6.876543209876544,0.9160183522840616
b50JE2et.png,jawa,train,4.23238468170166,246.1079559326172,1.8933868408203125,0.15925155925155926,0.07460647460647461,254,0.5403674244880676,1.0,0.0,0.0,False,133,PNG,259,65,3.9846153846153847,13.687674487674489
W8rL1ivl.png,jawa,train,0.0,252.26763916015625,0.0,0.10688768696581197,0.06398571047008547,256,0.6956400871276855,0.0,0.0,0.0,False,143,PNG,998,102,9.784313725490197,0.7164132185940508
196j1AA5.png,lampung,train,0.0,250.93394470214844,0.0,0.2117163412127441,0.1211031175059952,102,0.7818947434425354,0.0,0.0,0.0,False,94,PNG,139,42,3.3095238095238093,3.221651250428229
6TFhEP5x.png,sunda,train,0.0,254.68185424804688,0.0,0.17118553960659225,0.04585326953748006,5,0.9141424894332886,0.0,0.0,0.0,False,127,PNG,171,44,3.886363636363636,1.139819245082403
6gS3NXIS.png,sunda,train,0.0,254.76329040527344,0.0,0.10990819879708769,0.027012767753508495,5,0.8379395604133606,0.0,0.0,0.0,False,127,PNG,729,65,11.215384615384616,0.6653582357286061
iwyxuPoR.png,lontara,train,0.0,252.31597900390625,0.0,0.13313802083333334,0.05581202651515151,256,0.6858254671096802,0.0,0.0,0.0,False,137,PNG,947,54,17.537037037037038,0.665649810317181
NRxim99z.png,lampung,train,0.0,252.80528259277344,0.0,0.17035217035217035,0.09725634725634726,109,0.776771068572998,0.0,0.0,0.0,False,153,PNG,132,37,3.5675675675675675,3.018837018837019
EZBg9JJx.png,jawa,train,4.674508094787598,245.63475036621094,0.9471435546875,0.1474114960030453,0.07877331556909022,256,0.5865897536277771,1.0,0.0,0.0,False,134,PNG,568,74,7.675675675675675,14.628283212790254
F8Plyiva.png,pegon,train,0.0,254.36056518554688,0.0,0.16946981510358655,0.048952996212965026,5,0.9524539113044739,0.0,0.0,0.0,False,127,PNG,134,134,1.0,1.3076408999777234
gENQiblp.png,sunda,train,0.0,254.71580505371094,0.0,0.21805555555555556,0.04652777777777778,5,0.8106450438499451,0.0,0.0,0.0,False,127,PNG,40,36,1.1111111111111112,1.9333333333333331
YV3foCub.png,lampung,train,0.0,250.5575714111328,0.0,0.11318701251587157,0.08452748050063487,104,0.5773041844367981,0.0,0.0,0.0,False,145,PNG,149,37,4.027027027027027,2.6366769454017778
lkZUfCn0.jpg,jawa,train,39.76134490966797,39.05412673950195,5.624458312988281,0.43684488932291665,0.7154337565104166,249,0.37739965319633484,1.0,0.0,4.069010416666667e-06,True,90,JPEG,954,397,2.403022670025189,3.1108787605151846
POApg2ai.png,sunda,train,5.008606910705566,4.909691333770752,2.1624014377593994,0.31401222153465347,0.33241027227722775,231,0.4548783004283905,0.0,0.75,0.0,True,72,PNG,640,404,1.5841584158415842,5.944678217821783
zOMPhDUE.jpg,lampung,train,51.359657287597656,173.3758087158203,114.9980697631836,0.05801974574632637,0.9949819943928848,193,0.368137925863266,0.0,0.0,0.0,False,122,JPEG,2192,1231,1.7806661251015434,0.2743333708871192
7ejFm824.png,sunda,train,0.0,254.39288330078125,0.0,0.17857142857142858,0.04577922077922078,5,0.9263330698013306,0.0,0.0,0.0,False,127,PNG,77,40,1.925,1.548051948051948
Ms67SfCP.png,jawi,train,0.0,254.6969451904297,0.0,0.16678622668579626,0.025645624103299857,5,0.7708277702331543,0.0,0.0,0.0,False,127,PNG,82,68,1.2058823529411764,1.0329985652797704
NYJMq1wS.png,jawa,train,0.0,229.5761260986328,0.0,0.3932271747444545,0.2915420809864868,20,1.2390590906143188,0.0,0.0,0.0,False,109,PNG,591,73,8.095890410958905,2.028787984145748
03F12zNN.png,bali,train,0.0,254.5669403076172,0.0,0.14007791944950415,0.0420461445051609,5,0.9827435612678528,0.0,0.0,0.0,False,127,PNG,648,61,10.62295081967213,0.9712608783647037
EZ9bE0CW.png,pegon,train,0.0,254.11529541015625,0.0,0.2219948605691444,0.062244218140287425,5,0.9804259538650513,0.0,0.0,0.0,False,127,PNG,158,133,1.18796992481203,1.5060435899876272
f2Lu2HQI.png,pegon,train,0.0,251.24874877929688,0.0,0.1239330150462963,0.08521412037037036,256,0.8059009313583374,0.0,0.0,0.0,False,145,PNG,929,87,10.67816091954023,0.9012286106677556
AScgzXu9.png,jawi,train,0.0,254.46173095703125,0.0,0.142445005409304,0.0425531914893617,5,0.8974435925483704,0.0,0.0,0.0,False,127,PNG,236,47,5.0212765957446805,0.998196898665705
FP3Ie4ST.png,lampung,train,0.0,254.79368591308594,0.0,0.06982223174127222,0.0180623973727422,5,0.9481914639472961,0.0,0.0,0.0,False,127,PNG,322,87,3.701149425287357,0.6239737274220033
WCHCFDE6.jpg,jawi,train,41.41078186035156,88.88528442382812,11.629669189453125,0.27356204710144927,0.8219157608695652,255,0.7080638408660889,1.0,0.0,0.030500452898550724,True,146,JPEG,1024,766,1.3368146214099217,2.8856784432114884
3yNFUOhf.png,sunda,train,0.0,254.75489807128906,0.0,0.13894995473942842,0.027899909478856847,5,0.8084436655044556,0.0,0.0,0.0,False,127,PNG,418,74,5.648648648648648,0.7368421052631579
Obz43fp1.png,lampung,train,0.0,250.095947265625,0.0,0.13642857142857143,0.09333333333333334,87,0.7674199342727661,0.0,0.0,0.0,False,99,PNG,100,42,2.380952380952381,2.449523809523809
Np5YnHQS.png,bali,train,0.0,250.52308654785156,0.0,0.13865087365591397,0.13713877688172044,256,1.1245472431182861,0.0,0.0,0.0,False,159,PNG,1399,56,24.982142857142858,0.9338302869396508
pRc0lF7M.png,bali,train,0.0,254.8157958984375,0.0,0.09016086793864572,0.025065469509913955,5,0.8590583801269531,0.0,0.0,0.0,False,127,PNG,243,77,3.155844155844156,0.696916252471808
2ZTZ8Ikx.png,jawi,train,0.0,253.27626037597656,0.0,0.07392532276995305,0.04373899647887324,256,0.7648586630821228,0.0,0.0,0.0,False,144,PNG,886,82,10.804878048780488,0.55497439850245
XftNiUZ4.png,lampung,train,0.0,247.37545776367188,0.0,0.20802315963606285,0.17845326716294457,138,0.6005027890205383,0.0,0.0,0.0,False,145,PNG,156,31,5.032258064516129,4.588916459884202
YjPqaDjJ.png,jawi,train,0.0,251.11947631835938,0.0,0.23673502604166666,0.06277669270833333,256,0.5565429925918579,0.0,0.0,0.0,False,131,PNG,811,85,9.541176470588235,0.8306955827953869
u943bcWl.png,pegon,train,0.0,249.53765869140625,0.0,0.19076588114754098,0.10625853825136612,256,0.7095861434936523,0.0,0.0,0.0,False,139,PNG,844,67,12.597014925373134,1.1552663224163542
bOIpF8oq.png,jawa,train,0.0,249.2833709716797,0.0,0.19969465648854962,0.11750336775931747,24,0.9833012819290161,0.0,0.0,0.0,False,81,PNG,655,85,7.705882352941177,1.5389312977099237
hUK8nuQB.png,jawi,train,0.0,250.3729705810547,0.0,0.2507609577922078,0.07509807900432901,256,0.5812356472015381,0.0,0.0,0.0,False,132,PNG,808,81,9.975308641975309,0.9558733651142892
GVDAedZc.png,jawa,train,0.0,252.10557556152344,0.0,0.10820151748971193,0.0678369341563786,256,0.8008265495300293,0.0,0.0,0.0,False,143,PNG,821,87,9.436781609195402,0.9060999341985524
zgOgt2be.png,pegon,train,0.0,254.5882110595703,0.0,0.11963896669779023,0.03299097416744476,5,0.9779244661331177,0.0,0.0,0.0,False,127,PNG,135,119,1.134453781512605,1.0253345782757548
eHgVQniK.png,lampung,train,0.0,254.7372283935547,0.0,0.05976744186046511,0.026232558139534883,5,1.2437993288040161,0.0,0.0,0.0,False,127,PNG,250,86,2.9069767441860463,0.7609302325581395
FoQP5iHt.png,jawi,train,0.0,254.4795379638672,0.0,0.18935936443542933,0.03659567275185936,5,0.843274712562561,0.0,0.0,0.0,False,127,PNG,408,58,7.0344827586206895,1.0334685598377282
QY7k8HPn.png,jawa,train,0.0,253.41815185546875,0.0,0.08746946480124361,0.03070175438596491,18,0.7344356775283813,0.0,0.0,0.0,False,95,PNG,456,79,5.772151898734177,0.6513435487452809
LvlGhuyB.png,lontara,train,0.0,252.2598419189453,0.0,0.12497229609929078,0.0516123670212766,256,0.6815422177314758,0.0,0.0,0.0,False,136,PNG,940,57,16.49122807017544,0.6774169466218738
46hBzRHT.png,sunda,train,0.0,252.92991638183594,0.0,0.11269873903508772,0.04425370065789474,256,0.6189085841178894,0.0,0.0,0.0,False,137,PNG,797,79,10.08860759493671,0.5956514143226974
e4hQQYNO.png,lontara,train,0.0,252.3577117919922,0.0,0.13121744791666667,0.053483072916666666,256,0.6869768500328064,0.0,0.0,0.0,False,136,PNG,947,49,19.3265306122449,0.6763355817511799
ero1Ey5b.png,jawi,train,0.0,249.0545196533203,0.0,0.20168439716312056,0.1240303634751773,256,0.7652609944343567,0.0,0.0,0.0,False,142,PNG,894,55,16.254545454545454,1.162660158633313
zWbJCxFk.png,jawa,train,0.0,241.86767578125,0.0,0.3761483906164757,0.32999454446262955,18,1.424967885017395,0.0,0.0,0.0,False,52,PNG,705,65,10.846153846153848,1.9498527004909985
OGOrvNES.png,sunda,train,0.0,252.7630615234375,0.0,0.09419759114583333,0.053181966145833336,256,0.6524918675422668,0.0,0.0,0.0,False,142,PNG,824,69,11.942028985507246,0.6043337554523709
kvcemRRT.png,lampung,train,0.0,254.53497314453125,0.0,0.12418181818181818,0.040818181818181816,5,0.9683331251144409,0.0,0.0,0.0,False,127,PNG,275,40,6.875,1.0116363636363637
85jolbs7.png,sunda,train,0.0,251.2809600830078,0.0,0.13318048007246377,0.08658854166666667,256,0.7041479349136353,0.0,0.0,0.0,False,143,PNG,804,48,16.75,0.8347844112769486
UMp0acRh.png,sunda,train,0.0,252.5923614501953,0.0,0.12925091911764705,0.058842677696078434,256,0.5848339796066284,0.0,0.0,0.0,False,139,PNG,787,70,11.242857142857142,0.6730804138682156
ZMBv01UD.png,pegon,train,0.0,250.22525024414062,0.0,0.19826489825581395,0.08483224321705427,256,0.6134163737297058,0.0,0.0,0.0,False,135,PNG,818,92,8.891304347826088,1.017965344955884
Ri3Z5pPu.png,jawi,train,0.0,251.20458984375,0.0,0.21790286144578314,0.06301769578313253,256,0.5603578686714172,0.0,0.0,0.0,False,132,PNG,811,88,9.215909090909092,0.8414975899562829
aaGL9ufc.jpg,sunda,train,0.0,252.8885498046875,0.0,0.0782061790668348,0.04182219419924338,256,0.5480994582176208,0.0,0.0,0.0,False,141,JPEG,650,488,1.3319672131147542,1.2394199243379571
AhAzofzP.png,sunda,train,0.0,254.5616455078125,0.0,0.1978021978021978,0.052655677655677656,5,0.9511120319366455,0.0,0.0,0.0,False,127,PNG,52,42,1.238095238095238,1.9926739926739927
G3r5EbvY.png,bali,train,0.0,251.3029327392578,0.0,0.12897663288288289,0.11222550675675676,256,1.0407699346542358,0.0,0.0,0.0,False,155,PNG,1368,66,20.727272727272727,0.8038277511961722
FxsyuSxE.png,jawa,train,0.0,251.9807586669922,0.0,0.14180222602739725,0.0646404109589041,256,0.6086193323135376,0.0,0.0,0.0,False,139,PNG,782,74,10.567567567567568,0.8134374783991152
cHhCbyyZ.png,bali,train,0.0,250.3698272705078,0.0,0.14914772727272727,0.1386126893939394,256,1.0722811222076416,0.0,0.0,0.0,False,156,PNG,1406,61,23.049180327868854,0.9613133409509595
T4JLatBz.png,jawa,train,0.0,251.2067108154297,0.0,0.16260258838383837,0.07940735479797979,256,0.6321621537208557,0.0,0.0,0.0,False,138,PNG,855,74,11.554054054054054,0.8488067014382804
YYjuRWFX.png,jawi,train,0.0,254.63648986816406,0.0,0.2355044699872286,0.03371647509578544,5,0.7828035950660706,0.0,0.0,0.0,False,127,PNG,87,45,1.9333333333333331,1.362962962962963
VyEA0m9Y.png,sunda,train,0.0,249.41259765625,0.0,0.17454594017094016,0.1154513888888889,256,0.712182879447937,0.0,0.0,0.0,False,141,PNG,798,41,19.463414634146343,1.0636346964973409
1XIObnAS.png,lampung,train,0.0,251.41798400878906,0.0,0.15868794326241134,0.13977541371158392,90,0.6235142350196838,0.0,0.0,0.0,False,152,PNG,94,36,2.611111111111111,3.486997635933806
9HXjsPfe.png,lampung,train,0.0,251.78591918945312,0.0,0.12474120082815734,0.07427536231884058,75,0.7769150137901306,0.0,0.0,0.0,False,144,PNG,92,42,2.1904761904761907,2.3664596273291925
DX7h97mZ.png,jawi,train,0.0,251.1726531982422,0.0,0.19100022401433692,0.0655801971326165,256,0.5824471116065979,0.0,0.0,0.0,False,133,PNG,789,96,8.21875,0.8822348964934517
8LjNxpMR.png,jawa,train,0.0,254.7952880859375,0.0,0.07977358490566037,0.016679245283018868,5,0.8230082988739014,0.0,0.0,0.0,False,127,PNG,125,106,1.179245283018868,0.7046037735849057
3sagdqe0.png,lontara,train,0.0,252.3016815185547,0.0,0.13841145833333332,0.05302734375,256,0.6755059957504272,0.0,0.0,0.0,False,135,PNG,941,49,19.20408163265306,0.6697174087488342
IeiK43RB.png,sunda,train,0.0,254.4868621826172,0.0,0.1602263856362217,0.0507416081186573,5,0.9057543873786926,0.0,0.0,0.0,False,127,PNG,244,42,5.809523809523809,1.0640124902419985
3baaEuYZ.png,jawa,train,0.0,251.452392578125,0.0,0.16362179487179487,0.0759014423076923,256,0.6463634371757507,0.0,0.0,0.0,False,138,PNG,900,76,11.842105263157896,0.8504093567251462
RWteoUZc.png,sunda,train,0.0,254.7462158203125,0.0,0.15680727023319616,0.026363168724279837,5,0.875373125076294,0.0,0.0,0.0,False,127,PNG,162,144,1.125,0.7932098765432098
sF5OwWUB.png,jawi,train,0.0,254.93650817871094,0.0,0.020686584082260547,0.005465144522710711,5,1.002801537513733,0.0,0.0,0.0,False,127,PNG,358,69,5.188405797101449,0.3070196745202818
dJmigvE4.png,sunda,train,0.0,254.35606384277344,0.0,0.20133928571428572,0.053125,5,0.9227082133293152,0.0,0.0,0.0,False,127,PNG,64,35,1.8285714285714283,1.8071428571428567
USvUNK13.png,pegon,train,0.0,254.85653686523438,0.0,0.12096332785987958,0.011603721948549535,5,0.7715843319892883,0.0,0.0,0.0,False,127,PNG,105,87,1.206896551724138,0.6673234811165846
GMGUEqmg.png,lampung,train,0.0,254.64353942871094,0.0,0.08687092408022641,0.02702924408350765,5,0.9733223915100098,0.0,0.0,0.0,False,127,PNG,567,43,13.186046511627907,0.7034986259792462
fKVrUNNF.png,lontara,train,0.0,251.73548889160156,0.0,0.13189752252252251,0.06813063063063063,256,0.7081993222236633,0.0,0.0,0.0,False,140,PNG,845,41,20.60975609756097,0.8786260643671525
esLndHHd.png,sunda,train,0.0,254.72808837890625,0.0,0.1738013698630137,0.030607876712328768,5,0.9174527525901794,0.0,0.0,0.0,False,127,PNG,160,146,1.095890410958904,0.8818493150684932
4NrSuMzE.png,sunda,train,0.0,254.3245391845703,0.0,0.19132290184921763,0.03911806543385491,5,0.8538358211517334,0.0,0.0,0.0,False,127,PNG,37,38,0.9736842105263158,2.0825035561877665
Fzt8fiIZ.png,jawa,train,0.0,255.0,0.0,0.12762453684643887,0.033983307758523894,11,0.7750974893569946,0.0,0.0,0.0,False,131,PNG,694,77,9.012987012987011,0.6633481791983233
Wfsqr4mk.png,jawi,train,0.0,254.5177459716797,0.0,0.18831715640650623,0.033816425120772944,5,0.8463501930236816,0.0,0.0,0.0,False,127,PNG,327,69,4.739130434782608,0.988166467225103
LP4N8hta.png,pegon,train,0.0,254.1763153076172,0.0,0.1947143412359114,0.056095349138489445,5,0.9101250767707825,0.0,0.0,0.0,False,127,PNG,93,83,1.120481927710843,1.5680787666796216
MVm287Er.png,lampung,train,0.0,254.712890625,0.0,0.09965272535104937,0.02563037898233429,5,0.9009228348731995,0.0,0.0,0.0,False,127,PNG,358,74,4.837837837837838,0.7458855503548241
1hjGIOew.png,sunda,train,0.0,254.57493591308594,0.0,0.15903320808368032,0.042551030770793134,5,0.9119695425033569,0.0,0.0,0.0,False,127,PNG,229,43,5.325581395348837,1.0992180359500356
Wj6Cwahq.png,pegon,train,0.0,254.44778442382812,0.0,0.15352885525070956,0.04022705771050142,5,0.9385377764701843,0.0,0.0,0.0,False,127,PNG,175,151,1.1589403973509933,1.1113718070009462
s2qyhZk1.png,sunda,train,0.0,254.468017578125,0.0,0.20305299539170507,0.04349078341013825,5,0.8203188180923462,0.0,0.0,0.0,False,127,PNG,124,56,2.2142857142857144,1.286866359447005
gUYt9U06.png,lontara,train,0.0,252.9420166015625,0.0,0.10140625,0.043307291666666664,256,0.6945860981941223,0.0,0.0,0.0,False,137,PNG,867,57,15.210526315789474,0.5887614075557984
dW42Xqc0.png,lampung,train,0.0,250.81568908691406,0.0,0.15535516532194274,0.11311501344723936,114,0.5817610621452332,0.0,0.0,0.0,False,146,PNG,147,43,3.4186046511627906,2.856510045878817
y0uFaJnx.png,jawa,train,5.867336273193359,251.75628662109375,0.037872314453125,0.015847100151909724,0.019068400065104168,235,0.8581136465072632,0.0,0.0,0.0,False,177,PNG,1200,1200,1.0,0.9714666666666668
sfQ5NoIs.png,sunda,train,0.0,254.63497924804688,0.0,0.21526001705029837,0.04049445865302643,5,0.8067625761032104,0.0,0.0,0.0,False,127,PNG,102,46,2.217391304347826,1.3776641091219095
AQWqoAqN.png,jawi,train,0.0,254.7624053955078,0.0,0.09623303339942046,0.017157236541101115,5,0.824487030506134,0.0,0.0,0.0,False,127,PNG,166,79,2.1012658227848102,0.7155711453408571
RS7IohRL.png,pegon,train,0.0,254.8042755126953,0.0,0.0735,0.014916666666666667,5,0.871533989906311,0.0,0.0,0.0,False,127,PNG,120,100,1.2,0.7166666666666667
8VHrTv1N.png,jawi,train,0.0,254.68199157714844,0.0,0.2013888888888889,0.044642857142857144,5,0.8887760639190674,0.0,0.0,0.0,False,127,PNG,28,36,0.7777777777777778,2.412698412698413
zngeIoPx.png,sunda,train,0.0,254.5677032470703,0.0,0.13737824675324675,0.040787337662337664,5,0.9211538434028625,0.0,0.0,0.0,False,127,PNG,704,49,14.36734693877551,0.9025974025974026
a6e261ou.png,lampung,train,0.0,252.00921630859375,0.0,0.10136452241715399,0.06481481481481481,90,0.7297996282577515,0.0,0.0,0.0,False,134,PNG,108,38,2.8421052631578947,2.514619883040936
FCyW5YHL.png,bali,train,0.0,251.75685119628906,0.0,0.11267006802721088,0.09114583333333333,256,0.9544817209243774,0.0,0.0,0.0,False,151,PNG,1045,66,15.833333333333334,0.8505727127736697
f18wyMjo.png,lampung,train,0.0,251.275390625,0.0,0.15815085158150852,0.09089329162321863,106,0.624280571937561,0.0,0.0,0.0,False,144,PNG,137,42,3.261904761904762,2.8070907194994787
UQYBS2kZ.png,lontara,train,0.0,251.89166259765625,0.0,0.13261857269503546,0.06258311170212766,256,0.6263183355331421,0.0,0.0,0.0,False,137,PNG,783,48,16.3125,0.8365261813537676
uFdt7bB5.png,sunda,train,0.0,254.42648315429688,0.0,0.19303423848878395,0.048110979929161746,5,0.8969498872756958,0.0,0.0,0.0,False,127,PNG,154,44,3.5,1.3293978748524202
loFIcWQV.png,pegon,train,0.0,254.5407257080078,0.0,0.16312589144959086,0.042001351249906164,5,0.9468532204627991,0.0,0.0,0.0,False,127,PNG,173,154,1.1233766233766234,1.168080474438856
D2qKAOzK.png,jawi,train,0.0,252.46759033203125,0.0,0.09026943108974358,0.05759214743589743,256,0.7743934392929077,0.0,0.0,0.0,False,143,PNG,948,64,14.8125,0.6694356540084389
t0lEZa9v.png,jawa,train,0.0,253.6122283935547,0.0,0.12938275410341374,0.03698851814749172,20,0.7779504656791687,0.0,0.0,0.0,False,70,PNG,683,76,8.986842105263158,0.7567234337674347
mg4sR2J0.png,jawa,train,0.0,254.7574920654297,0.0,0.13666103841283242,0.0223723089911355,5,0.7889154553413391,0.0,0.0,0.0,False,127,PNG,103,92,1.1195652173913044,0.8239763613338962
uCao3z9Y.png,sunda,train,0.0,254.49087524414062,0.0,0.17159513349104427,0.04486312943562014,5,0.9089422821998596,0.0,0.0,0.0,False,127,PNG,269,44,6.113636363636363,1.1172693477526192
8tLVMECM.png,jawa,train,0.0,251.80259704589844,0.0,0.18584987057808455,0.05941903940178315,15,0.7596198916435242,0.0,0.0,0.0,False,89,PNG,285,61,4.672131147540983,1.117285015818234
oC1rLK6d.png,jawi,train,0.0,254.71591186523438,0.0,0.1012854609929078,0.03834219858156029,5,1.0977606773376465,0.0,0.0,0.0,False,127,PNG,188,48,3.9166666666666665,0.9867021276595744
VCEnvgza.png,sunda,train,0.0,252.28244018554688,0.0,0.12252987132352941,0.05796185661764706,256,0.5447242259979248,0.0,0.0,0.0,False,138,PNG,783,69,11.347826086956522,0.6516741629185407
fm6QbtDG.png,lampung,train,0.0,254.8588409423828,0.0,0.06852129490810151,0.018546282414348383,5,0.9108915328979492,0.0,0.0,0.0,False,127,PNG,207,87,2.3793103448275863,0.651229940585263
TKOqx3OX.png,sunda,train,0.0,254.58531188964844,0.0,0.18291290356067685,0.04546870133914668,5,0.9754627346992493,0.0,0.0,0.0,False,127,PNG,247,39,6.333333333333333,1.2058548738710682
2gTsOdSh.png,sunda,train,0.0,250.35035705566406,0.0,0.14724864130434784,0.09802423007246377,256,0.7189138531684875,0.0,0.0,0.0,False,142,PNG,801,48,16.6875,0.943404078235539
zgJkvBv7.png,pegon,train,0.0,253.9180908203125,0.0,0.22841614906832297,0.06847826086956521,5,1.0095773935317993,0.0,0.0,0.0,False,127,PNG,92,70,1.3142857142857145,1.8869565217391304
vdWnn8ZJ.png,jawi,train,0.0,250.66844177246094,0.0,0.24462182971014493,0.06997282608695653,256,0.5622496008872986,0.0,0.0,0.0,False,132,PNG,796,72,11.055555555555555,0.9204355108877722
pavbfL0r.png,jawi,train,0.0,252.69766235351562,0.0,0.08246527777777778,0.05462239583333333,256,0.7934409379959106,0.0,0.0,0.0,False,145,PNG,951,74,12.85135135135135,0.6310285048455395
hf1aJZJs.jpg,jawa,train,47.79453659057617,94.44754791259766,74.36607360839844,0.2577658860381862,0.9770876839697693,236,0.7111653089523315,0.0,0.0,0.0,True,131,JPEG,1080,589,1.833616298811545,1.167377224423065
CPtzWwNZ.png,jawi,train,0.0,251.31407165527344,0.0,0.21133814102564102,0.06121461004273504,256,0.555284857749939,0.0,0.0,0.0,False,132,PNG,790,80,9.875,0.8413924050632912
6IghgWhb.png,lontara,train,0.0,251.96478271484375,0.0,0.15491691468253968,0.0578187003968254,256,0.6772800087928772,0.0,0.0,0.0,False,135,PNG,941,52,18.096153846153847,0.7242704160876318
4gl98FhL.png,jawi,train,0.0,254.7161865234375,0.0,0.12934362934362933,0.03088803088803089,5,0.9714372754096985,0.0,0.0,0.0,False,127,PNG,28,37,0.7567567567567568,2.138996138996139
Ea5I44NA.png,lampung,train,0.0,252.42349243164062,0.0,0.09276315789473684,0.06337719298245614,83,0.8315867185592651,0.0,0.0,0.0,False,104,PNG,120,38,3.1578947368421053,2.285964912280701
6c2wMIy0.png,pegon,train,0.0,254.44088745117188,0.0,0.15597208150399638,0.035573567488461105,5,0.8861328959465027,0.0,0.0,0.0,False,127,PNG,141,126,1.119047619047619,1.097827310593268
QWiHIKJs.png,jawa,train,0.0,94.14772033691406,0.0,0.4455193482688391,0.41116178163464095,24,1.6249836683273315,0.0,0.0,0.0,True,150,PNG,491,92,5.336956521739131,2.517134508102364
CTntcO6z.png,jawi,train,0.0,254.76707458496094,0.0,0.09960331148671955,0.041221110727837185,5,1.0790126323699951,0.0,0.0,0.0,False,127,PNG,223,52,4.288461538461538,0.8699551569506726
2mZNt0AT.png,sunda,train,0.0,254.70648193359375,0.0,0.1932110682110682,0.03909266409266409,5,0.8197911381721497,0.0,0.0,0.0,False,127,PNG,111,56,1.9821428571428568,1.1737451737451738
SXGvYSTO.png,jawi,train,0.0,254.64683532714844,0.0,0.22884160756501182,0.03546099290780142,5,0.7867245078086853,0.0,0.0,0.0,False,127,PNG,94,45,2.088888888888889,1.3295508274231678
RhkbnXZR.png,sunda,train,0.0,254.57647705078125,0.0,0.16486587183308496,0.04328117237953304,5,0.944023847579956,0.0,0.0,0.0,False,127,PNG,366,44,8.318181818181818,1.0948832588176851
gvNd0ddj.png,pegon,train,0.0,254.41085815429688,0.0,0.18728156400174747,0.045653123634775014,5,0.8612479567527771,0.0,0.0,0.0,False,127,PNG,218,168,1.2976190476190477,1.0843162953254697
TCYatNAu.png,bali,train,0.0,250.41795349121094,0.0,0.149609375,0.14366319444444445,256,1.1102274656295776,0.0,0.0,0.0,False,159,PNG,1423,56,25.410714285714285,0.9358498142756752
BnmVML2h.png,lontara,train,0.0,251.54446411132812,0.0,0.12756216397849462,0.07581485215053764,256,0.7747630476951599,0.0,0.0,0.0,False,142,PNG,925,37,25.0,0.8753834915997079
QehIfWtf.png,lampung,train,0.0,254.74400329589844,0.0,0.08437330439500813,0.0198046663049376,5,0.8768292665481567,0.0,0.0,0.0,False,127,PNG,228,97,2.350515463917526,0.6775185386145777
d0wapM8f.png,jawa,train,0.0,251.98057556152344,0.0,0.11755208333333333,0.06690104166666666,256,0.6838532090187073,0.0,0.0,0.0,False,142,PNG,989,65,15.215384615384616,0.7107101190013222
tIMDAYJQ.png,jawi,train,0.0,250.12661743164062,0.0,0.2392874053030303,0.07984138257575757,256,0.5876401662826538,0.0,0.0,0.0,False,133,PNG,803,69,11.63768115942029,1.0327936903279369
qDZDUV0V.png,lampung,train,0.0,250.29098510742188,0.0,0.16842723004694835,0.13438967136150234,109,0.5530657768249512,0.0,0.0,0.0,False,143,PNG,142,36,3.9444444444444446,3.150234741784037
TsobLvSj.png,jawi,train,0.0,254.67892456054688,0.0,0.1377551020408163,0.03610248447204969,5,0.9400342702865601,0.0,0.0,0.0,False,127,PNG,392,46,8.521739130434783,0.963620230700976
O9n4Vr4G.png,lampung,train,0.0,254.71646118164062,0.0,0.0877720207253886,0.025768566493955095,5,0.9116129875183105,0.0,0.0,0.0,False,127,PNG,579,50,11.58,0.6598963730569948
UUwcG7MN.png,jawi,train,0.0,249.05528259277344,0.0,0.2802333047945205,0.09464183789954338,256,0.5820934176445007,0.0,0.0,0.0,False,132,PNG,800,76,10.526315789473683,1.1363157894736842
stMRsrmu.png,pegon,train,0.0,254.08267211914062,0.0,0.23155737704918034,0.0586577868852459,5,0.9290468096733093,0.0,0.0,0.0,False,127,PNG,64,61,1.0491803278688523,2.0225409836065573
aQDYMxch.png,lampung,train,0.0,252.52000427246094,0.0,0.11421232876712328,0.05924657534246575,93,0.8229970335960388,0.0,0.0,0.0,False,87,PNG,146,40,3.65,2.26027397260274
lUuAU6E8.jpg,jawi,train,13.563426971435547,223.04710388183594,13.496963500976562,0.18699480369515012,0.39875024056966896,208,0.3454465866088867,0.0,0.0,0.0005021891839876828,False,186,JPEG,830,468,1.7735042735042734,0.933951189372876
smfsvzjh.png,sunda,train,0.0,254.7059326171875,0.0,0.16635847312112007,0.031468762382776384,5,0.8097491264343262,0.0,0.0,0.0,False,127,PNG,452,67,6.746268656716418,0.8271034209483555
EJ2jp2WA.png,jawi,train,0.0,254.43649291992188,0.0,0.1836656807556531,0.05482937378748847,5,0.9423593878746033,0.0,0.0,0.0,False,127,PNG,669,47,14.23404255319149,1.0584231784498934
m4aWwQum.png,jawi,train,0.0,254.4856414794922,0.0,0.11167771545130036,0.030596634370219276,5,0.9605478048324585,0.0,0.0,0.0,False,127,PNG,37,53,0.6981132075471698,1.6114227434982151
DMYZiqvP.png,jawa,train,0.0,254.71551513671875,0.0,0.177744686611615,0.035467713550832544,5,0.7839207053184509,0.0,0.0,0.0,False,127,PNG,89,83,1.072289156626506,1.1013943414105862
AAXxBY3x.png,jawa,train,0.0,252.75694274902344,0.0,0.17207404458598727,0.05426453025477707,18,0.7920111417770386,0.0,0.0,0.0,False,72,PNG,628,64,9.8125,0.9902468152866242
ZGSeetyF.png,sunda,train,0.0,250.38966369628906,0.0,0.16178385416666666,0.10813802083333333,256,0.7170389890670776,0.0,0.0,0.0,False,143,PNG,805,42,19.166666666666668,1.0247855664004732
etjBsDqV.png,lampung,train,0.0,254.27378845214844,0.0,0.14321473270159127,0.08242445914536027,76,0.728002667427063,0.0,0.0,0.0,False,157,PNG,119,47,2.5319148936170213,2.002503128911139
7iG2FGRP.png,lontara,train,0.0,252.712158203125,0.0,0.11751994680851063,0.049063608156028365,256,0.6911210417747498,0.0,0.0,0.0,False,137,PNG,938,58,16.17241379310345,0.6424527608264098
A0JgV59j.png,bali,train,0.0,254.68740844726562,0.0,0.11137152777777778,0.03602430555555555,5,0.9836120009422302,0.0,0.0,0.0,False,127,PNG,160,72,2.2222222222222223,1.0520833333333333
OhAgSpZ6.png,jawa,train,0.0,251.05462646484375,0.0,0.19056532118055555,0.0847439236111111,256,0.6491639018058777,0.0,0.0,0.0,False,138,PNG,902,56,16.107142857142858,0.8561925878999049
bq4MPug2.png,lampung,train,0.0,254.57162475585938,0.0,0.12488284910965324,0.03608247422680412,5,0.9598835706710815,0.0,0.0,0.0,False,127,PNG,97,44,2.2045454545454546,1.3102155576382382
CaH8XW8B.png,sunda,train,0.0,250.53341674804688,0.0,0.1401095920138889,0.0893283420138889,256,0.7390691637992859,0.0,0.0,0.0,False,141,PNG,984,62,15.870967741935484,0.8747705218987674
hNpRq8k6.png,pegon,train,0.0,254.47393798828125,0.0,0.15245088809389318,0.04048201845226888,5,0.9813507795333862,0.0,0.0,0.0,False,127,PNG,141,113,1.247787610619469,1.1784346952865123
FMtlSA5W.png,sunda,train,0.0,254.7301788330078,0.0,0.14072769023675666,0.02834745427191385,5,0.7842764854431152,0.0,0.0,0.0,False,127,PNG,692,73,9.47945205479452,0.68113073085755
m7yJoJHw.png,jawi,train,0.0,254.88287353515625,0.0,0.044248446280376615,0.010792303970823565,5,0.8709220290184021,0.0,0.0,0.0,False,127,PNG,507,53,9.566037735849056,0.3745301626288564
wrPDipzT.png,sunda,train,0.0,254.79568481445312,0.0,0.12466551502218609,0.02352403211055787,5,0.7716835737228394,0.0,0.0,0.0,False,127,PNG,757,78,9.705128205128204,0.5942485519764251
IgOoNAh0.png,pegon,train,0.0,254.6748809814453,0.0,0.1156600974782793,0.028226319135410044,5,0.9035441279411316,0.0,0.0,0.0,False,127,PNG,165,143,1.1538461538461535,0.932061877516423
3SjKAK2h.png,jawi,train,0.0,254.47999572753906,0.0,0.17969751345808768,0.03101768777236606,5,0.8257866501808167,0.0,0.0,0.0,False,127,PNG,83,47,1.7659574468085106,1.3617021276595744
Dv27HR1n.png,jawa,train,0.0,251.18548583984375,0.0,0.15501092069892472,0.07869203629032258,256,0.608145534992218,0.0,0.0,0.0,False,138,PNG,942,76,12.394736842105264,0.7650016761649346
TrWpjvQx.png,pegon,train,0.0,254.48703002929688,0.0,0.3026422764227642,0.0369579945799458,5,0.767791211605072,0.0,0.0,0.0,False,127,PNG,369,80,4.6125,1.0363143631436311
0airNd0l.png,bali,train,0.0,254.83531188964844,0.0,0.07783578547698149,0.025154247745609874,5,1.0766595602035522,0.0,0.0,0.0,False,127,PNG,43,49,0.8775510204081632,1.29093497864262
bz7BRW71.png,jawa,train,0.0,253.2056427001953,0.0,0.15973619494746255,0.04441463596393174,18,0.7710134983062744,0.0,0.0,0.0,False,72,PNG,756,71,10.647887323943662,0.8944034577837394
3vAPDAjq.png,jawa,train,0.0,250.48275756835938,0.0,0.2755663029100529,0.0876942791005291,256,0.5608547329902649,0.0,0.0,0.0,False,134,PNG,882,72,12.25,0.8959435626102292
GptK00yn.png,lampung,train,0.0,254.23757934570312,0.0,0.15570400822199384,0.07314148681055156,90,0.6956698894500732,0.0,0.25,0.0,False,155,PNG,139,42,3.3095238095238093,1.985611510791367
lBskvje3.png,lontara,train,0.0,252.96917724609375,0.0,0.10532407407407407,0.04212962962962963,256,0.6758394837379456,0.0,0.0,0.0,False,136,PNG,949,56,16.946428571428573,0.5550203221436099
sbs2aKLm.png,jawa,train,0.0,251.12298583984375,0.0,0.16393590856481483,0.06899233217592593,256,0.5984864234924316,0.0,0.0,0.0,False,135,PNG,830,78,10.64102564102564,0.8046957059005252
jZjvp5bJ.png,bali,train,0.0,254.74513244628906,0.0,0.08674568965517242,0.026670258620689655,5,0.9462144374847412,0.0,0.0,0.0,False,127,PNG,116,64,1.8125,0.9655172413793104
rYQuuaBs.png,sunda,train,0.0,254.60702514648438,0.0,0.23969587835134054,0.04455115379485127,5,0.7993949055671692,0.0,0.0,0.0,False,127,PNG,153,49,3.122448979591837,1.230358810190743
vt3NspUc.png,jawi,train,0.0,250.5513153076172,0.0,0.2628922325102881,0.06960519547325103,256,0.5762133598327637,0.0,0.0,0.0,False,131,PNG,808,85,9.505882352941176,0.920209668025626
hRKdeXBd.png,lontara,train,0.0,252.14202880859375,0.0,0.11674423758865249,0.055324689716312055,256,0.616972029209137,0.0,0.0,0.0,False,137,PNG,780,48,16.25,0.7111111111111111
1O6J9TlD.png,jawa,train,0.0,250.17076110839844,0.0,0.2249571917808219,0.08698986872146118,256,0.6419496536254883,0.0,0.0,0.0,False,134,PNG,879,83,10.590361445783133,1.0035500363227654
FWY70fUU.png,jawa,train,0.0,254.79986572265625,0.0,0.09770341207349081,0.02526246719160105,5,0.8713802695274353,0.0,0.0,0.0,False,127,PNG,127,120,1.0583333333333331,0.7191601049868767
I0e6a2ip.png,jawi,train,0.0,254.81777954101562,0.0,0.07251320422535211,0.01716549295774648,5,0.9122899174690247,0.0,0.0,0.0,False,127,PNG,284,64,4.4375,0.6060739436619719
EaIfAc28.png,jawi,train,0.0,254.56150817871094,0.0,0.1141923436041083,0.04183006535947712,5,1.1281615495681763,0.0,0.0,0.0,False,127,PNG,210,51,4.117647058823529,1.0098972922502334
DEK5XpBn.png,bali,train,0.0,254.63267517089844,0.0,0.10222696043591566,0.033641317223406776,5,0.9837183952331543,0.0,0.0,0.0,False,127,PNG,201,84,2.392857142857143,0.9395877754086708
zolG0Cqm.png,sunda,train,0.0,252.74578857421875,0.0,0.11767578125,0.05374710648148148,256,0.5989959836006165,0.0,0.0,0.0,False,139,PNG,788,74,10.64864864864865,0.6405542598435999
VlGmgACZ.png,jawa,train,0.0,246.64784240722656,0.0,0.31773965847337987,0.058171691581736254,20,1.4495058059692383,0.0,0.0,0.0,False,39,PNG,623,83,7.506024096385542,1.9905238933261131
kxRPrcuN.png,jawi,train,0.0,250.73324584960938,0.0,0.2539400703463203,0.06897659632034632,256,0.5695931911468506,0.0,0.0,0.0,False,131,PNG,811,81,10.012345679012345,0.925180009438127
CF3vUWBh.png,jawa,train,0.0,251.35459899902344,0.0,0.1467136150234742,0.07794160798122066,256,0.7107729315757751,0.0,0.0,0.0,False,140,PNG,850,79,10.759493670886076,0.9536857781087118
ufoKDtK9.png,jawi,train,0.0,254.7663116455078,0.0,0.08720262038846109,0.02152051488334674,5,0.9102620482444763,0.0,0.0,0.0,False,127,PNG,452,77,5.87012987012987,0.6544075393632915
8E5t9hUP.png,bali,train,0.0,249.721435546875,0.0,0.16141010802469136,0.14906442901234568,256,1.074827790260315,0.0,0.0,0.0,False,155,PNG,1413,49,28.836734693877556,1.0047806808498343
FSrLvwHc.png,lontara,train,0.0,252.13661193847656,0.0,0.13350694444444444,0.05491898148148148,256,0.6879374384880066,0.0,0.0,0.0,False,136,PNG,947,55,17.21818181818182,0.6913314773927234
jBP46hUM.png,sunda,train,0.0,249.84385681152344,0.0,0.1525607638888889,0.1041046626984127,256,0.6793836355209351,0.0,0.0,0.0,False,141,PNG,794,43,18.46511627906977,0.9620994669322244
IAjPl3Z2.png,pegon,train,0.0,254.6642303466797,0.0,0.12608695652173912,0.02893280632411067,5,0.8914263844490051,0.0,0.0,0.0,False,127,PNG,115,110,1.0454545454545454,0.9517786561264822
dm221kD5.png,pegon,train,0.0,250.6380157470703,0.0,0.191272702991453,0.08737313034188034,256,0.6642188429832458,0.0,0.0,0.0,False,137,PNG,814,83,9.80722891566265,1.0300464758296084
nco16Cns.png,lampung,train,0.0,254.82313537597656,0.0,0.0446368269171732,0.0190949837293547,5,1.2280066013336182,0.0,0.0,0.0,False,127,PNG,183,89,2.056179775280899,0.6272487259777737
SnU6PDVr.png,jawi,train,0.0,251.20582580566406,0.0,0.2191592261904762,0.0673735119047619,256,0.5664368867874146,0.0,0.0,0.0,False,133,PNG,827,75,11.026666666666667,0.8766787585650947
2Y5T9VU4.png,jawi,train,0.0,254.75439453125,0.0,0.09122140384665435,0.023267313848476173,5,0.9286317825317383,0.0,0.0,0.0,False,127,PNG,499,77,6.48051948051948,0.685006376389142
4a7LqZm5.png,jawa,train,0.0,254.1535186767578,0.0,0.11950301919003509,0.03393822515886314,24,0.9076411128044128,0.0,0.0,0.0,False,46,PNG,673,94,7.159574468085107,0.7167651986974803
DRw26AJA.png,jawa,train,0.0,252.48297119140625,0.0,0.11111749387254902,0.0595703125,256,0.7178747057914734,0.0,0.0,0.0,False,141,PNG,995,88,11.306818181818182,0.6633165829145728
ck3xe1MM.png,pegon,train,0.0,248.57176208496094,0.0,0.2083843954248366,0.1169577205882353,256,0.7096003293991089,0.0,0.0,0.0,False,138,PNG,861,57,15.105263157894736,1.2479980438902134
f72rqGSS.png,pegon,train,0.0,254.4496612548828,0.0,0.14621472158657514,0.04066552250190694,5,0.9585008025169373,0.0,0.0,0.0,False,127,PNG,152,138,1.1014492753623188,1.1853546910755148
Sw1X3uZv.png,bali,train,0.0,250.08750915527344,0.0,0.1568576388888889,0.14097222222222222,256,1.0819108486175537,0.0,0.0,0.0,False,155,PNG,1399,54,25.90740740740741,0.9897016387366636
aqdlDndw.png,jawi,train,0.0,252.960693359375,0.0,0.09362847222222222,0.04529513888888889,256,0.659170389175415,0.0,0.0,0.0,False,139,PNG,853,83,10.27710843373494,0.6091611463438749
lfEgNa4m.png,bali,train,0.0,250.56675720214844,0.0,0.14037181712962962,0.1255787037037037,256,1.034555435180664,0.0,0.0,0.0,False,154,PNG,1366,64,21.34375,0.9154465592972182
Ip328akQ.png,sunda,train,0.0,252.46131896972656,0.0,0.10587431693989072,0.05959699453551912,256,0.6524423360824585,0.0,0.0,0.0,False,142,PNG,820,65,12.615384615384617,0.6476547842401501
0AGadw2m.png,sunda,train,0.0,254.3925018310547,0.0,0.19364714887102946,0.060084194412552624,5,0.9194520115852356,0.0,0.0,0.0,False,127,PNG,67,39,1.7179487179487178,1.8614619211634136
udlQZFmz.png,jawi,train,0.0,254.74098205566406,0.0,0.0997034317186838,0.02804688603304618,5,0.9065969586372375,0.0,0.0,0.0,False,127,PNG,485,73,6.6438356164383565,0.7076966530151109
ZsV44R7s.png,jawi,train,0.0,254.1829833984375,0.0,0.24030172413793102,0.0603448275862069,5,0.8779910206794739,0.0,0.0,0.0,False,127,PNG,29,32,0.90625,2.327586206896552
kzNIHUxe.png,lontara,train,0.0,254.63314819335938,0.0,0.14763593380614656,0.02620173364854216,5,0.9153195023536682,0.0,0.0,0.0,False,127,PNG,470,54,8.703703703703704,0.7832939322301025
doFi24BP.png,sunda,train,0.0,254.60037231445312,0.0,0.19116161616161617,0.03585858585858586,5,0.7451624870300293,0.0,0.0,0.0,False,127,PNG,66,60,1.1,1.270707070707071
NFfETdXV.png,lampung,train,0.0,254.5790557861328,0.0,0.13471177944862156,0.03498329156223893,5,0.8978918194770813,0.0,0.0,0.0,False,127,PNG,456,42,10.857142857142858,0.924812030075188
pkPH1QQI.png,lampung,train,0.0,254.71710205078125,0.0,0.06286386027765338,0.027765338110165697,5,1.308543086051941,0.0,0.0,0.0,False,127,PNG,232,77,3.012987012987013,0.7536945812807881
FUOIUHTI.png,sunda,train,0.0,254.45175170898438,0.0,0.16449020592667002,0.04558011049723757,5,0.9067347049713135,0.0,0.0,0.0,False,127,PNG,181,44,4.113636363636363,1.2204922149673532
iLifF5nI.png,sunda,train,0.0,252.53732299804688,0.0,0.12937973484848486,0.05664908008658009,256,0.6004044413566589,0.0,0.0,0.0,False,138,PNG,787,79,9.962025316455696,0.6774644942338314
lVH3rpy1.png,pegon,train,0.0,249.14352416992188,0.0,0.20377604166666666,0.10209728422619048,256,0.6615250706672668,0.0,0.0,0.0,False,137,PNG,834,61,13.672131147540984,1.1609859653261
1cvkQnDZ.png,jawa,train,5.393457889556885,244.97776794433594,1.730865478515625,0.19754273504273503,0.09468482905982906,256,0.5540846586227417,1.0,0.0,0.0,False,134,PNG,576,65,8.861538461538462,15.412179487179488
PVvyk4eR.png,lontara,train,0.0,251.8233642578125,0.0,0.1308936403508772,0.06280838815789473,256,0.736323356628418,0.0,0.0,0.0,False,138,PNG,878,44,19.954545454545453,0.8138330917374198
8EipKWmG.png,sunda,train,0.0,251.39739990234375,0.0,0.13079294217687074,0.07591943027210885,256,0.7381919026374817,0.0,0.0,0.0,False,142,PNG,812,52,15.615384615384617,0.8594164456233422
cBQqTwIg.png,lampung,train,0.0,251.3024139404297,0.0,0.2065120428189117,0.06601248884924175,78,0.7701707482337952,0.0,0.0,0.0,False,82,PNG,118,38,3.1052631578947367,3.286351471900089
0KafHdnc.png,pegon,train,0.0,254.44874572753906,0.0,0.16324324324324324,0.04162162162162162,5,0.948706865310669,0.0,0.0,0.0,False,127,PNG,75,74,1.0135135135135136,1.5034234234234234
bhb95vJc.png,sunda,train,0.0,254.64971923828125,0.0,0.16948051948051948,0.028896103896103895,5,0.7346142530441284,0.0,0.0,0.0,False,127,PNG,55,56,0.9821428571428572,1.207792207792208
Txa49y4L.png,pegon,train,0.0,254.33604431152344,0.0,0.17163461538461539,0.046935096153846154,5,0.9142891764640808,0.0,0.0,0.0,False,127,PNG,130,128,1.015625,1.303846153846154
vFUZvRYM.png,bali,train,0.0,251.22933959960938,0.0,0.11885127314814815,0.11205150462962964,256,1.0790740251541138,0.0,0.0,0.0,False,157,PNG,1416,66,21.454545454545453,0.7827426810477658
1rFY5ymX.png,sunda,train,0.0,250.31747436523438,0.0,0.1388888888888889,0.09802827380952381,256,0.7888279557228088,0.0,0.0,0.0,False,144,PNG,1123,62,18.11290322580645,0.820842788613449
VIccv3aL.png,sunda,train,0.0,254.7758331298828,0.0,0.18428571428571427,0.04357142857142857,5,0.740279495716095,0.0,0.0,0.0,False,127,PNG,40,35,1.1428571428571428,1.7142857142857142
GOpyxAwP.png,jawa,train,3.9434633255004883,247.27511596679688,0.10906982421875,0.118535108456721,0.06743809879308199,256,0.6874117851257324,1.0,0.0,0.0,False,139,PNG,423,57,7.421052631578948,14.705984820206544
iXb9ohb3.png,jawi,train,0.0,254.51417541503906,0.0,0.2037878787878788,0.03715415019762846,5,0.8271070122718811,0.0,0.0,0.0,False,127,PNG,690,88,7.840909090909091,0.969433465085639
tsihOkEn.png,pegon,train,0.0,254.2770538330078,0.0,0.18188174494604042,0.04751481988144095,5,0.898494303226471,0.0,0.0,0.0,False,127,PNG,215,153,1.4052287581699343,1.1802401580787354
w9SMKTlv.png,lontara,train,0.0,252.72877502441406,0.0,0.10111979166666667,0.04934895833333333,256,0.7006285190582275,0.0,0.0,0.0,False,139,PNG,868,57,15.228070175438596,0.6346511439890048
DibLUM0s.png,jawi,train,0.0,250.32485961914062,0.0,0.24317240918803418,0.07732371794871795,256,0.5673810839653015,0.0,0.25,0.0,False,132,PNG,823,84,9.797619047619047,0.9592084707516056
PS2ncm3Z.png,jawa,train,0.0,223.5489501953125,0.0,0.4045900575784608,0.4431432973805855,26,1.656954288482666,0.0,0.0,0.0,False,89,PNG,649,95,6.831578947368421,2.569523963993188
0nLTwBWz.png,jawa,train,7.08610725402832,226.73504638671875,2.058868408203125,0.260047701207754,0.29534152034913225,256,0.8320521712303162,6.0,0.0,0.0,False,131,PNG,668,59,11.322033898305085,21.212016644676748
jKUrpvpy.png,bali,train,0.0,254.60641479492188,0.0,0.10844892812105927,0.03223860957289325,5,1.001330018043518,0.0,0.0,0.0,False,127,PNG,299,61,4.901639344262295,0.8759252151982017
HNzqImsA.png,jawa,train,0.0,250.08612060546875,0.0,0.16659813596491227,0.0888843201754386,256,0.6176486611366272,0.0,0.0,0.0,False,139,PNG,794,59,13.457627118644067,0.9711821713700208
R3jjnZkx.png,jawi,train,0.0,21.296052932739258,0.0,0.42857142857142855,0.10902255639097744,5,0.7449318766593933,0.0,0.0,0.0,True,127,PNG,14,19,0.7368421052631579,6.105263157894737
W0b6uSzZ.jpg,jawa,train,41.75883865356445,60.92108154296875,8.06735610961914,0.3382195366753472,0.8271942138671875,238,0.4508652985095978,0.0,0.0,0.020816379123263888,True,118,JPEG,800,800,1.0,1.882425
EOoEfT8V.png,jawa,train,0.0,251.7236785888672,0.0,0.14913194444444444,0.07163628472222222,256,0.629158616065979,0.0,0.0,0.0,False,139,PNG,882,69,12.782608695652174,0.7720266850701634
hEJLNuKg.png,jawa,train,0.0,250.91531372070312,0.0,0.18669871794871795,0.07502003205128205,256,0.6374479532241821,0.0,0.0,0.0,False,135,PNG,820,69,11.884057971014492,0.9090137857900318
fC1kacWM.png,lampung,train,0.0,249.26565551757812,0.0,0.22057541412380122,0.17414995640802092,93,0.5428040623664856,0.0,0.0,0.0,False,143,PNG,148,31,4.774193548387097,3.727986050566696
81UQojTS.png,lampung,train,0.0,254.65269470214844,0.0,0.08645357686453577,0.02826701456838443,5,0.9791086912155151,0.0,0.0,0.0,False,127,PNG,315,73,4.315068493150685,0.8179169384648837
N51AJir3.png,bali,train,0.0,250.4446563720703,0.0,0.14751838235294118,0.12182138480392157,256,1.0041673183441162,0.0,0.0,0.0,False,151,PNG,1412,63,22.41269841269841,0.8527361841809434
KOjxlbon.png,jawi,train,0.0,250.81771850585938,0.0,0.23461805555555557,0.06671875,256,0.5724316835403442,0.0,0.0,0.0,False,132,PNG,816,80,10.2,0.9073529411764706
slg7fj6Y.jpg,lampung,train,22.14571189880371,252.9256134033203,0.8974456787109375,0.08025019464574475,0.022983170629454392,256,1.285531997680664,0.0,0.0,0.0,False,139,JPEG,566,472,1.1991525423728813,1.7052763969575373
PPycIyIT.png,lontara,train,0.0,252.169677734375,0.0,0.12947443181818183,0.05615530303030303,256,0.6685976982116699,0.0,0.0,0.0,False,137,PNG,831,59,14.084745762711863,0.7621611699198434
Axjnt08G.png,jawa,train,0.0,203.73135375976562,0.0,0.3170189950980392,0.5447878370098039,256,1.405853033065796,26.0,0.0,0.0,False,127,PNG,932,83,11.228915662650602,2.075391695537515
stfZewkr.png,lampung,train,0.0,253.5091552734375,0.0,0.13675357443229605,0.07384356602186712,98,0.7124831080436707,0.0,0.0,0.0,False,146,PNG,145,41,3.5365853658536586,2.3751051303616486
FSeTEL4D.jpg,sunda,train,6.228116989135742,138.2815399169922,8.887680053710938,0.3496160637842466,0.688572435074201,200,0.3115098476409912,3.0,0.5,4.459189497716895e-06,False,74,JPEG,2056,2704,0.7603550295857988,1.995659982041305
Nn39PzSC.png,jawi,train,0.0,254.60523986816406,0.0,0.1888680425265791,0.05190744215134459,5,0.9051042795181274,0.0,0.0,0.0,False,127,PNG,41,39,1.051282051282051,1.836147592245153
ucAnae1X.png,sunda,train,0.0,252.1133575439453,0.0,0.12898516414141414,0.060665246212121215,256,0.5432389378547668,0.0,0.0,0.0,False,138,PNG,777,67,11.597014925373134,0.6610960640811387
tU2GW1lZ.png,jawi,train,0.0,254.49176025390625,0.0,0.19828500960738765,0.03768390260690011,5,0.8235735297203064,0.0,0.0,0.0,False,127,PNG,591,59,10.016949152542374,0.9707189767415184
Z9D6fGmF.png,jawa,train,0.0,254.4484100341797,0.0,0.1774795873156529,0.04639534147730869,5,0.9032304883003235,0.0,0.0,0.0,False,127,PNG,259,61,4.245901639344262,1.073485663649598
eWPUNO8n.png,bali,train,0.0,254.68756103515625,0.0,0.09233847913093196,0.03530588907947398,5,1.17168390750885,0.0,0.0,0.0,False,127,PNG,106,66,1.606060606060606,1.1503716409376787
ksDh5N1j.png,lontara,train,0.0,252.85708618164062,0.0,0.10234917534722222,0.042778862847222224,256,0.6798624396324158,0.0,0.0,0.0,False,136,PNG,947,59,16.050847457627118,0.5585524314069408
x5ZatseU.png,sunda,train,0.0,250.29067993164062,0.0,0.16923907520325204,0.11083587398373984,256,0.7209262847900391,0.0,0.0,0.0,False,144,PNG,797,43,18.53488372093023,1.027574333985002
T5Q9z9Eg.jpg,sunda,train,13.506966590881348,253.33950805664062,2.785064697265625,0.019768608940972224,0.021825719762731483,256,0.9579298496246338,0.0,0.0,0.0,False,168,JPEG,768,1024,0.75,0.5658772786458334
oXWKMEYU.png,jawi,train,0.0,250.1663360595703,0.0,0.24432548868312756,0.07918595679012345,256,0.5871291756629944,0.0,0.0,0.0,False,132,PNG,803,85,9.447058823529412,1.0200571386711597
oy9AjJSq.png,lampung,train,0.0,254.023193359375,0.0,0.14071294559099437,0.05722326454033771,75,0.7417635321617126,0.0,0.0,0.0,False,152,PNG,104,41,2.5365853658536586,2.4859287054409007
D8AGWEgm.png,sunda,train,0.0,254.6531219482422,0.0,0.1524200164068909,0.03839212469237079,5,0.9324942827224731,0.0,0.0,0.0,False,127,PNG,265,46,5.760869565217392,0.9719442165709598
sl3SaX97.png,bali,train,0.0,254.72702026367188,0.0,0.07079805440461179,0.023058908304809944,5,0.9881587624549866,0.0,0.0,0.0,False,127,PNG,91,61,1.4918032786885247,0.9396505134210053
If6abOkY.png,pegon,train,0.0,254.35910034179688,0.0,0.22220961887477314,0.04696007259528131,5,0.8714733719825745,0.0,0.0,0.0,False,127,PNG,174,152,1.144736842105263,1.324258923169994
Dkb1nupM.png,sunda,train,0.0,254.7182159423828,0.0,0.23526936026936027,0.03409090909090909,5,0.7756468653678894,0.0,0.0,0.0,False,127,PNG,44,54,0.8148148148148148,1.5824915824915824
ORp7qPE9.png,jawa,train,6.414011478424072,230.00599670410156,1.9733734130859375,0.198845182244677,0.27221670876939735,256,0.8073350191116333,5.0,0.0,0.0,False,135,PNG,652,68,9.588235294117649,20.65193071093468
Q3Q4mo2P.png,jawi,train,0.0,254.871826171875,0.0,0.03642037405818226,0.012235931757991337,5,0.9098160862922668,0.0,0.0,0.0,False,127,PNG,727,67,10.850746268656716,0.3411279229711141
adVu2vI7.png,lampung,train,0.0,252.32960510253906,0.0,0.13242894056847546,0.04909560723514212,89,0.8693891763687134,0.0,0.0,0.0,False,83,PNG,129,36,3.583333333333333,2.7906976744186047
zTzCgmK7.png,lampung,train,0.0,254.0122528076172,0.0,0.12079395085066162,0.07107750472589792,75,0.7664971947669983,0.0,0.0,0.0,False,153,PNG,115,46,2.5,2.0521739130434784
yMPuiUhj.png,jawi,train,0.0,252.5466766357422,0.0,0.10130208333333333,0.05353422619047619,256,0.6808778643608093,0.0,0.0,0.0,False,140,PNG,955,87,10.977011494252874,0.6277908166335681
ZEZPbxDE.png,jawi,train,0.0,250.83624267578125,0.0,0.2207986111111111,0.06652777777777778,256,0.5681275129318237,0.0,0.0,0.0,False,132,PNG,814,80,10.175,0.8746928746928747
atWTdS5x.png,bali,train,0.0,251.02474975585938,0.0,0.13362630208333334,0.13187662760416666,256,1.1419241428375244,0.0,0.0,0.0,False,161,PNG,1559,64,24.359375,0.8315426555484284
05E6cN2H.jpg,bali,train,33.30869674682617,219.37518310546875,63.12245178222656,0.025905420134760205,0.025447136345620295,242,0.8193495869636536,0.0,0.0,0.0,False,126,JPEG,696,464,1.5,2.683858501783591
OhI0pCEf.png,sunda,train,0.0,250.80191040039062,0.0,0.1349624515503876,0.09689922480620156,256,0.8386567234992981,0.0,0.0,0.0,False,146,PNG,1203,67,17.955223880597014,0.7699160060048883
ZTwUaLsN.png,pegon,train,0.0,254.236572265625,0.0,0.20861071701407835,0.05282112845138055,5,0.9368664026260376,0.0,0.0,0.0,False,127,PNG,154,119,1.2941176470588236,1.4244243151806175
jvnmJCg3.png,lontara,train,0.0,254.57333374023438,0.0,0.12955465587044535,0.025101214574898785,5,0.8897435069084167,0.0,0.0,0.0,False,127,PNG,130,57,2.280701754385965,0.8863697705802969
TjWK7AcR.png,jawa,train,0.0,254.7783203125,0.0,0.13209549071618037,0.022634836427939876,5,0.7431586384773254,0.0,0.0,0.0,False,127,PNG,130,87,1.4942528735632183,0.7589743589743589
yH2Pop2c.jpg,jawi,train,24.535362243652344,205.72317504882812,43.583343505859375,0.1948176583493282,0.6608360324696098,251,0.6699098944664001,1.0,0.0,4.998400511836212e-05,False,133,JPEG,2098,1424,1.473314606741573,2.7770375210205547
cNXpTJrq.png,jawa,train,4.571986675262451,247.37884521484375,1.50970458984375,0.12862194057951049,0.0702116912338706,256,0.7404529452323914,1.0,0.0,0.0,False,138,PNG,427,51,8.372549019607844,15.030169444827113
IsN0vy3Z.png,jawa,train,0.0,251.73585510253906,0.0,0.15204861111111112,0.07149305555555556,256,0.6542430520057678,0.0,0.0,0.0,False,139,PNG,899,88,10.215909090909092,0.8474062089190009
JANKXYDQ.png,sunda,train,0.0,250.5420379638672,0.0,0.15195904356060605,0.10067471590909091,256,0.7237644791603088,0.0,0.0,0.0,False,143,PNG,808,46,17.565217391304348,0.9560912613000432
EsPJndOK.png,jawi,train,0.0,254.70370483398438,0.0,0.0971231866240472,0.025079911482665355,5,0.8407537937164307,0.0,0.0,0.0,False,127,PNG,83,49,1.6938775510204085,1.0090976149495945
y42e51pS.png,lontara,train,0.0,251.28729248046875,0.0,0.17738970588235295,0.06774662990196079,256,0.6638797521591187,0.0,0.0,0.0,False,134,PNG,933,41,22.75609756097561,0.7821608762711422
urCfCFDH.png,jawi,train,0.0,250.82806396484375,0.0,0.27162247474747475,0.06575520833333333,256,0.5629686713218689,0.0,0.0,0.0,False,131,PNG,783,67,11.686567164179104,0.9373820552410362
pv2y0ifu.png,jawa,train,0.0,253.29135131835938,0.0,0.10938994071524193,0.05059694560555146,18,0.9620425701141357,0.0,0.0,0.0,False,63,PNG,581,63,9.22222222222222,0.874900964401825
JvDICrXo.png,jawa,train,0.0,254.8170928955078,0.0,0.13727829475860973,0.029507675176966515,5,0.8723565936088562,0.0,0.0,0.0,False,127,PNG,127,99,1.2828282828282829,0.910522548317824
qZxtXrxJ.png,pegon,train,0.0,254.78683471679688,0.0,0.09495752260893396,0.014387503425596054,5,0.8349973559379578,0.0,0.0,0.0,False,127,PNG,82,89,0.9213483146067416,0.7837763770896136
iXfNUXNk.png,lampung,train,0.0,254.7283172607422,0.0,0.08848024764150944,0.025022110849056603,5,0.9742562174797058,0.0,0.0,0.0,False,127,PNG,256,106,2.4150943396226414,0.7800707547169812
6B6gEZsF.png,sunda,train,0.0,254.5225372314453,0.0,0.14963627135848417,0.05126036203688039,5,0.8711700439453125,0.0,0.0,0.0,False,127,PNG,257,46,5.586956521739131,1.0184401962442904
QTLJKRy7.png,lampung,train,0.0,251.2471923828125,0.0,0.16345690900337023,0.0869041887337506,94,0.8286771774291992,0.0,0.0,0.0,False,91,PNG,134,31,4.32258064516129,3.148772267693789
3g73ErdB.png,jawi,train,0.0,254.7875213623047,0.0,0.06835756263532324,0.013918960717599753,5,0.8805677890777588,0.0,0.0,0.0,False,127,PNG,61,53,1.150943396226415,0.9625734611815652
dAP8AKc7.png,lampung,train,0.0,252.53439331054688,0.0,0.12464985994397759,0.11041083099906629,59,0.6197528839111328,0.0,0.0,0.0,False,154,PNG,102,42,2.4285714285714284,2.168067226890756
FmblxCTE.png,jawi,train,0.0,254.73667907714844,0.0,0.09769736842105263,0.027584586466165413,5,1.0089137554168701,0.0,0.0,0.0,False,127,PNG,380,56,6.785714285714286,0.7563909774436091
GH30tjqn.png,pegon,train,0.0,254.65988159179688,0.0,0.14510543459626266,0.029538830790330876,5,0.8165931105613708,0.0,0.0,0.0,False,127,PNG,614,95,6.463157894736842,0.755700325732899
1tZNineB.png,pegon,train,0.0,254.4575653076172,0.0,0.1668360089412721,0.038000406421459056,5,0.8870206475257874,0.0,0.0,0.0,False,127,PNG,148,133,1.112781954887218,1.146921357447673
tay5RD5S.png,pegon,train,0.0,251.69581604003906,0.0,0.14359537760416666,0.06925455729166667,256,0.6748097538948059,0.0,0.0,0.0,False,138,PNG,821,103,7.970873786407767,0.8470844222650569
nB3tWRdP.png,jawi,train,0.0,254.70277404785156,0.0,0.1504861208961533,0.02536282936452022,5,0.8783756494522095,0.0,0.0,0.0,False,127,PNG,151,94,1.6063829787234043,0.9395519233478936
O72oEUEN.png,jawi,train,0.0,254.08831787109375,0.0,0.30632411067193677,0.06521739130434782,5,0.8369387984275818,0.0,0.0,0.0,False,127,PNG,23,22,1.0454545454545454,3.699604743083004
nDQ83aBq.png,jawi,train,0.0,254.84390258789062,0.0,0.0665317480394637,0.013913483430306097,5,0.9046129584312439,0.0,0.0,0.0,False,127,PNG,67,59,1.1355932203389831,0.8945104983556792
Pz1v0KGJ.png,sunda,train,0.0,254.39207458496094,0.0,0.17576825210412997,0.0553924447054218,5,0.8732757568359375,0.0,0.0,0.0,False,127,PNG,131,39,3.358974358974359,1.254257193188491
g5ciNG8q.png,lampung,train,0.0,250.26187133789062,0.0,0.13430799220272904,0.10994152046783626,112,0.5289691686630249,0.0,0.0,0.0,False,144,PNG,135,38,3.5526315789473686,3.037816764132553
QgbzhutZ.png,jawi,train,0.0,252.67530822753906,0.0,0.08854166666666667,0.057916666666666665,256,0.7983766198158264,0.0,0.0,0.0,False,145,PNG,948,62,15.290322580645162,0.6561861984483462
zqAIhomw.png,jawi,train,0.0,254.7357177734375,0.0,0.12785114045618248,0.02100840336134454,5,0.8697519302368164,0.0,0.0,0.0,False,127,PNG,68,49,1.3877551020408163,1.212484993997599
k7uR3cU2.png,jawi,train,0.0,252.84725952148438,0.0,0.087890625,0.05334595959595959,256,0.7436928749084473,0.0,0.0,0.0,False,143,PNG,888,76,11.68421052631579,0.6494784257942152
HiwcczB3.png,jawa,train,0.0,251.56129455566406,0.0,0.13523065476190477,0.08246527777777778,256,0.644309401512146,0.0,0.0,0.0,False,142,PNG,775,64,12.109375,0.8558064516129033
M4KkJkVF.png,sunda,train,0.0,254.64076232910156,0.0,0.16989247311827957,0.04014336917562724,5,0.8107384443283081,0.0,0.0,0.0,False,127,PNG,93,60,1.55,1.2473118279569892
c0Qsxy7e.png,jawi,train,0.0,249.90643310546875,0.0,0.27103538074712646,0.08052711925287356,256,0.5682553052902222,0.0,0.25,0.0,False,132,PNG,843,64,13.171875,1.0056346381969157
pRhmq7IU.png,jawi,train,0.0,254.74710083007812,0.0,0.11168421806719679,0.03510280106024787,5,1.0641640424728394,0.0,0.0,0.0,False,127,PNG,297,47,6.319148936170213,0.8487714019628914
MyFb4Qse.png,lontara,train,0.0,251.7774200439453,0.0,0.14752998737373738,0.0634469696969697,256,0.7018091082572937,0.0,0.0,0.0,False,137,PNG,945,41,23.04878048780488,0.7839979352174474
HWLMS0b9.png,lontara,train,0.0,254.41896057128906,0.0,0.18626339465311048,0.038401053286032986,5,0.9087280631065369,0.0,0.0,0.0,False,127,PNG,739,37,19.97297297297297,0.9500054858647552
vYQ2SdCm.png,sunda,train,0.0,254.83193969726562,0.0,0.19865319865319866,0.022306397306397305,5,0.7609456181526184,0.0,0.0,0.0,False,127,PNG,44,54,0.8148148148148148,1.2828282828282829
J65ljvGF.png,lontara,train,0.0,252.77658081054688,0.0,0.10546875,0.04614924863387978,256,0.7002689242362976,0.0,0.0,0.0,False,137,PNG,946,75,12.613333333333332,0.5921916842847076
w7Mki1j1.png,lontara,train,0.0,252.13185119628906,0.0,0.08878861350574713,0.05675287356321839,256,0.7805646657943726,0.0,0.0,0.0,False,142,PNG,997,75,13.293333333333331,0.7143564025409562
shMN5IQx.png,sunda,train,0.0,254.46224975585938,0.0,0.18371546149323928,0.05075445816186557,5,0.901383638381958,0.0,0.0,0.0,False,127,PNG,243,42,5.785714285714286,1.2032137958063884
ZVhztQB0.png,sunda,train,0.0,254.69424438476562,0.0,0.19880382775119618,0.045454545454545456,5,0.7431169152259827,0.0,0.0,0.0,False,127,PNG,76,55,1.3818181818181818,1.2191387559808613
vhZxIwJZ.png,jawi,train,0.0,254.482421875,0.0,0.2642148760330579,0.04132231404958678,5,0.8064446449279785,0.0,0.0,0.0,False,127,PNG,220,55,4.0,1.184793388429752
y5o39zul.png,sunda,train,0.0,254.79652404785156,0.0,0.10519017906237299,0.02526954983384733,5,0.8298855423927307,0.0,0.0,0.0,False,127,PNG,573,73,7.8493150684931505,0.654665423510005
WAymDvWY.png,pegon,train,0.0,254.68740844726562,0.0,0.07644824311490978,0.02765906932573599,5,1.0372929573059082,0.0,0.0,0.0,False,127,PNG,104,81,1.2839506172839503,1.0313390313390314
P7jsy3Fy.png,jawa,train,0.0,251.50466918945312,0.0,0.15928819444444445,0.07337480709876543,256,0.6498267650604248,0.0,0.0,0.0,False,138,PNG,936,66,14.181818181818182,0.7872312872312872
5YDbEfBO.png,jawi,train,0.0,254.39723205566406,0.0,0.2885297595585337,0.043358297201419,5,0.7572059631347656,0.0,0.0,0.0,False,127,PNG,59,43,1.372093023255814,1.7280252266456444
63HJb3od.png,sunda,train,0.0,250.62391662597656,0.0,0.12696826550387597,0.09011627906976744,256,0.8025479912757874,0.0,0.0,0.0,False,144,PNG,1137,63,18.047619047619047,0.7840180927252167
TfRLGd7w.png,lampung,train,0.0,251.4994354248047,0.0,0.12065541211519365,0.06454816285998013,97,0.752900242805481,0.0,0.0,0.0,False,141,PNG,106,38,2.789473684210526,2.599801390268123
5XhUe18W.png,jawi,train,0.0,254.40878295898438,0.0,0.20184331797235022,0.047004608294930875,5,0.9979709982872009,0.0,0.0,0.0,False,127,PNG,31,35,0.8857142857142857,2.55852534562212
KPamIaBc.png,sunda,train,0.0,254.58621215820312,0.0,0.19444444444444445,0.04073183760683761,5,0.7996258735656738,0.0,0.0,0.0,False,127,PNG,144,52,2.769230769230769,1.1581196581196582
JO5KeIvE.png,jawa,train,0.0,251.91763305664062,0.0,0.14911769278606965,0.0681747512437811,256,0.630254864692688,0.0,0.0,0.0,False,138,PNG,899,78,11.525641025641026,0.7712272895810159
m3DY4h7N.png,sunda,train,0.0,254.78677368164062,0.0,0.0922611634940402,0.024123821384095356,5,0.8414186239242554,0.0,0.0,0.0,False,127,PNG,730,77,9.48051948051948,0.5960505248176481
w48Fkyxn.png,jawa,train,0.0,251.35328674316406,0.0,0.15810381355932204,0.08000088276836158,256,0.6883174777030945,0.0,0.0,0.0,False,139,PNG,908,70,12.971428571428572,0.8829452485840151
7bPfcRfE.png,jawa,train,0.0,250.6398468017578,0.0,0.20724551687763712,0.08374538502109705,256,0.6177553534507751,0.0,0.0,0.0,False,135,PNG,890,91,9.78021978021978,0.946882331151994
aN1pE3Zk.png,jawi,train,0.0,254.6830596923828,0.0,0.14213709677419356,0.030001920122887864,5,0.846716582775116,0.0,0.0,0.0,False,127,PNG,672,62,10.838709677419354,0.7617127496159755
iYOBI8wk.png,lampung,train,0.0,254.7417449951172,0.0,0.08002819548872181,0.02387218045112782,5,0.9673885107040405,0.0,0.0,0.0,False,127,PNG,280,76,3.684210526315789,0.7229323308270676
uiL6N4Ho.png,jawi,train,0.0,250.6444854736328,0.0,0.24010416666666667,0.06755208333333333,256,0.5572004318237305,0.0,0.0,0.0,False,131,PNG,788,77,10.233766233766234,0.8850946008306414
MDUe76ah.png,pegon,train,0.0,254.44923400878906,0.0,0.16493919292426756,0.04201216141514649,5,0.9517924785614014,0.0,0.0,0.0,False,127,PNG,134,108,1.2407407407407407,1.1945826423438364
9rjbkZkh.png,sunda,train,0.0,254.40780639648438,0.0,0.18532818532818532,0.060397131825703256,5,0.9062028527259827,0.0,0.0,0.0,False,127,PNG,259,42,6.166666666666667,1.214929214929215
lXCQl9TD.png,lontara,train,0.0,252.27703857421875,0.0,0.1435546875,0.05377604166666667,256,0.6671656370162964,0.0,0.0,0.0,False,135,PNG,937,49,19.12244897959184,0.6595082002918563
v4Rz2PgN.png,sunda,train,0.0,254.62838745117188,0.0,0.1813428401663696,0.04028520499108734,5,0.7998740673065186,0.0,0.0,0.0,False,127,PNG,153,55,2.7818181818181817,1.128461081402258
hm392a74.png,sunda,train,0.0,254.8159942626953,0.0,0.10080822715586427,0.019388929134529338,5,0.783367395401001,0.0,0.0,0.0,False,127,PNG,757,93,8.13978494623656,0.5344242269285948
bv4i3Hy5.jpg,lampung,train,3.75482177734375,189.1832733154297,2.628509521484375,0.2819892634657372,0.9757075896881197,248,0.42427998781204224,0.0,0.0,0.010546241211465657,False,146,JPEG,387,516,0.75,1.1855056787452678
EFi5au5z.png,sunda,train,0.0,254.6968994140625,0.0,0.11897435897435897,0.03289044289044289,5,0.9261823892593384,0.0,0.0,0.0,False,127,PNG,715,60,11.916666666666666,0.7518881118881119
Ik6fnyVl.png,lampung,train,0.0,250.95823669433594,0.0,0.16185185185185186,0.1335185185185185,124,0.5661475658416748,0.0,0.0,0.0,False,149,PNG,150,36,4.166666666666667,3.2355555555555555
7INrLHjm.png,jawi,train,0.0,254.56536865234375,0.0,0.10213414634146341,0.024390243902439025,5,0.8795766830444336,0.0,0.0,0.0,False,127,PNG,32,41,0.7804878048780488,1.5975609756097562
AG40WrsZ.png,jawi,train,0.0,254.49493408203125,0.0,0.22020892687559354,0.035555555555555556,5,0.813586413860321,0.0,0.0,0.0,False,127,PNG,405,65,6.230769230769231,1.0107502374169042
lCRJdHht.png,sunda,train,0.0,251.4915008544922,0.0,0.12616003787878788,0.07573390151515151,256,0.7157676815986633,0.0,0.0,0.0,False,142,PNG,936,67,13.970149253731345,0.748564867967853
6zqpabk5.png,lontara,train,0.0,254.64939880371094,0.0,0.14922564770589086,0.02793457808655377,5,0.9113641381263733,0.0,0.0,0.0,False,127,PNG,705,49,14.387755102040815,0.7602836879432624
pbMymOOx.png,jawi,train,0.0,251.408203125,0.0,0.15030924479166666,0.08292643229166667,256,0.770606517791748,0.0,0.0,0.0,False,142,PNG,838,52,16.115384615384617,0.8501927666605471
BXceAgzr.png,jawi,train,0.0,254.74110412597656,0.0,0.09412008281573499,0.025714285714285714,5,0.9014692902565002,0.0,0.0,0.0,False,127,PNG,690,70,9.857142857142858,0.6361904761904762
opaiNmqq.png,sunda,train,0.0,254.65638732910156,0.0,0.20149436550710437,0.04017638412542871,5,0.809042751789093,0.0,0.0,0.0,False,127,PNG,157,52,3.019230769230769,1.163155316021558
FRxoEmsj.png,jawa,train,0.0,248.35252380371094,0.0,0.25648082386363635,0.11487926136363637,256,0.611162006855011,0.0,0.0,0.0,False,135,PNG,907,52,17.442307692307693,1.0972775845984226
A2gApZnB.jpg,lampung,train,21.600692749023438,35.629268646240234,5.326995849609375,0.21536434326025092,0.2539129824842679,256,0.1361290067434311,0.0,0.0,6.513287105695619e-05,True,133,JPEG,488,409,1.1931540342298288,0.5015431480219648
r6cYFU5I.png,sunda,train,0.0,254.7908477783203,0.0,0.0999688570538773,0.023668639053254437,5,0.8305723667144775,0.0,0.0,0.0,False,127,PNG,741,78,9.5,0.5990518703069311
NUT7LqIb.png,bali,train,0.0,249.60438537597656,0.0,0.165771484375,0.15030924479166666,256,1.0693144798278809,0.0,0.0,0.0,False,154,PNG,1381,58,23.810344827586206,1.0202501935129469
G2Yo1KXC.png,sunda,train,0.0,254.47023010253906,0.0,0.21768368617683687,0.03636363636363636,5,0.8124528527259827,0.0,0.0,0.0,False,127,PNG,73,55,1.3272727272727274,1.4067247820672475
2Dy1vF5B.png,jawi,train,0.0,251.27381896972656,0.0,0.23392650462962963,0.06213831018518518,256,0.5713046789169312,0.0,0.0,0.0,False,132,PNG,803,94,8.542553191489361,0.8412071752205824
KWkh8Up9.png,lampung,train,0.0,251.9228515625,0.0,0.11614583333333334,0.07220982142857142,256,0.7967780232429504,0.0,0.0,0.0,False,144,PNG,937,43,21.79069767441861,0.7509369338065573
4WAP6hq7.png,lontara,train,0.0,254.56072998046875,0.0,0.13227566187878484,0.02977828937490616,5,0.908379077911377,0.0,0.0,0.0,False,127,PNG,377,53,7.113207547169812,0.8059656673840148
xdPo0cWI.png,jawa,train,0.0,251.9092254638672,0.0,0.1498611111111111,0.06647569444444444,256,0.5698204040527344,0.0,0.0,0.0,False,139,PNG,776,76,10.210526315789474,0.7722463374932176
5e2kJqq4.png,lampung,train,0.0,254.64788818359375,0.0,0.1056701030927835,0.028819119025304592,5,0.9665284156799316,0.0,0.0,0.0,False,127,PNG,97,44,2.2045454545454546,1.1640112464854733
keFKqJYS.png,jawi,train,0.0,250.01512145996094,0.0,0.3030697601010101,0.07415956439393939,256,0.5524423122406006,0.0,0.0,0.0,False,130,PNG,800,69,11.594202898550725,0.965072463768116
7gXMJG6J.webp,lontara,train,1.0506845712661743,252.42401123046875,0.1837005615234375,0.07164609053497942,0.05161865569272977,256,0.4995405375957489,0.0,0.0,0.0,False,150,WEBP,720,405,1.7777777777777777,0.4894924554183813
sTPZ9pY9.png,bali,train,0.0,251.11361694335938,0.0,0.12355324074074074,0.11787471064814815,256,1.064994215965271,0.0,0.0,0.0,False,157,PNG,1353,64,21.140625,0.8495011086474501
gVqz9byo.png,sunda,train,0.0,254.361572265625,0.0,0.1841694537346711,0.056633221850613154,5,0.8941786289215088,0.0,0.0,0.0,False,127,PNG,230,39,5.897435897435898,1.2379041248606466
XNowICYo.png,jawi,train,0.0,254.52243041992188,0.0,0.20675889600110126,0.03689173377383165,5,0.8481019735336304,0.0,0.0,0.0,False,127,PNG,167,87,1.9195402298850572,1.0957395553720146
1NygwbYG.png,jawa,train,0.0,243.3108367919922,0.0,0.3925806298389778,0.18750296869804778,20,1.4539518356323242,0.0,0.0,0.0,False,43,PNG,569,74,7.689189189189189,1.9166864579869851
aTe20JWs.png,lampung,train,0.0,252.07264709472656,0.0,0.19686907020872865,0.11053130929791272,101,0.6662775874137878,0.0,0.0,0.0,False,151,PNG,136,31,4.387096774193548,3.656546489563568
Ikqgyq4e.png,jawa,train,0.0,253.15513610839844,0.0,0.14084754703710217,0.060312994548971335,18,0.9791871905326843,0.0,0.0,0.0,False,57,PNG,517,66,7.833333333333333,1.0871578453783484
4da6zWMs.png,pegon,train,0.0,254.24984741210938,0.0,0.21522323830016138,0.04792899408284024,5,0.8679277300834656,0.0,0.0,0.0,False,127,PNG,143,130,1.1,1.3172673480365789
16KeE2XC.png,lampung,train,0.0,254.74578857421875,0.0,0.08375388198757763,0.023534549689440992,5,1.0208420753479004,0.0,0.0,0.0,False,127,PNG,224,92,2.4347826086956523,0.7981366459627329
87FfwyLC.png,jawi,train,0.0,254.73233032226562,0.0,0.0963718820861678,0.021919879062736205,5,0.7898589372634888,0.0,0.0,0.0,False,127,PNG,49,54,0.9074074074074074,1.124716553287982
5b4dKJQg.png,jawi,train,0.0,254.4341278076172,0.0,0.33116499112950915,0.04730928444707274,5,0.739766538143158,0.0,0.0,0.0,False,127,PNG,89,38,2.3421052631578947,1.5470136014192786
wIwyYdzZ.png,jawa,train,0.0,251.1580810546875,0.0,0.21965317919075145,0.0,22,1.2211405038833618,0.0,0.0,0.0,False,37,PNG,692,83,8.337349397590362,1.7467790236088865
To3jYmKq.png,sunda,train,0.0,254.69989013671875,0.0,0.19906103286384977,0.03474178403755868,5,0.771587610244751,0.0,0.0,0.0,False,127,PNG,71,60,1.1833333333333331,1.164319248826291
9XJwkHaD.png,lampung,train,0.0,252.07920837402344,0.0,0.15085158150851583,0.07073340285019117,104,0.7147343158721924,0.0,0.0,0.0,False,144,PNG,137,42,3.261904761904762,2.6291275634341327
SzEbRPDF.png,sunda,train,0.0,254.397705078125,0.0,0.1944627554383652,0.049439683586025046,5,0.9371829628944397,0.0,0.0,0.0,False,127,PNG,74,41,1.804878048780488,1.6453526697429135
nLFOghtc.png,jawa,train,0.0,250.39639282226562,0.0,0.19507704408137,0.07699045439919917,22,0.8470662832260132,0.0,0.0,0.0,False,99,PNG,674,83,8.120481927710843,1.3147903185442065
SWcYIXIP.png,jawi,train,0.0,254.70443725585938,0.0,0.09964089964089964,0.03178983178983179,5,1.047399640083313,0.0,0.0,0.0,False,127,PNG,481,55,8.745454545454546,0.7974295974295974
pbRGdxNa.png,lampung,train,0.0,250.19493103027344,0.0,0.142018779342723,0.12187010954616588,106,0.6312524080276489,0.0,0.0,0.0,False,146,PNG,142,36,3.9444444444444446,3.164319248826291
lK7jxLfl.png,sunda,train,0.0,254.4385986328125,0.0,0.19854545454545455,0.03878787878787879,5,0.8200019598007202,0.0,0.0,0.0,False,127,PNG,75,55,1.3636363636363635,1.4506666666666668
24ht0nBF.png,bali,train,0.0,250.3111572265625,0.0,0.1491386217948718,0.1296741452991453,256,1.0439385175704956,0.0,0.0,0.0,False,153,PNG,1344,69,19.47826086956522,0.9202898550724636
n20K6eX1.png,lampung,train,0.0,248.51719665527344,0.0,0.13813017012642423,0.12626814421726237,126,0.5206218361854553,0.0,0.0,0.0,False,142,PNG,149,43,3.4651162790697674,2.7769626970501013
4b8hSGve.png,jawa,train,10.647359848022461,221.9561767578125,1.15570068359375,0.29230505653727545,0.38342552254148515,256,1.0150014162063599,6.0,0.0,0.0,False,135,PNG,659,62,10.629032258064516,22.17729697978364
Ih7WzxN8.png,lampung,train,0.0,254.69480895996094,0.0,0.08128028038346562,0.024327388928976394,5,0.9708898067474365,0.0,0.0,0.0,False,127,PNG,218,89,2.449438202247191,0.7714668590866921
vVFcLQJA.png,jawa,train,0.0,254.51974487304688,0.0,0.19293439077144917,0.04455659697188176,5,0.7993014454841614,0.0,0.0,0.0,False,127,PNG,73,95,0.7684210526315789,1.3542898341744771
SnpsxIJd.png,sunda,train,0.0,254.8479766845703,0.0,0.12291666666666666,0.024305555555555556,5,0.8102856278419495,0.0,0.0,0.0,False,127,PNG,40,36,1.1111111111111112,1.5055555555555555
cD3Q9Mup.png,lampung,train,0.0,248.6186065673828,0.0,0.1959051724137931,0.1706896551724138,117,0.6346563696861267,0.0,0.0,0.0,False,146,PNG,145,32,4.53125,3.967241379310345
Jt110dqm.png,pegon,train,0.0,254.49021911621094,0.0,0.16670617518075145,0.038461538461538464,5,0.853833794593811,0.0,0.0,0.0,False,127,PNG,143,118,1.2118644067796611,1.0899608865710562
0kKWTTMk.png,jawi,train,0.0,250.5577392578125,0.0,0.244970703125,0.068603515625,256,0.5792989730834961,0.0,0.0,0.0,False,131,PNG,795,83,9.578313253012048,0.9288171554141093
Kb0OMs2F.png,sunda,train,0.0,254.4708709716797,0.0,0.2300347222222222,0.059027777777777776,5,0.7883577346801758,0.0,0.0,0.0,False,127,PNG,64,54,1.1851851851851851,1.5763888888888888
1uTfG4Ff.png,sunda,train,0.0,251.15652465820312,0.0,0.12766335227272727,0.0928030303030303,256,0.8464946150779724,0.0,0.0,0.0,False,147,PNG,1200,68,17.647058823529413,0.7414705882352941
7KSDQ45c.png,lampung,train,0.0,254.68093872070312,0.0,0.0840719849583669,0.02486474041671463,5,1.0441068410873413,0.0,0.0,0.0,False,127,PNG,357,73,4.890410958904109,0.7437934077740685
f9cIdnQp.jpg,sunda,train,81.0167007446289,155.9778594970703,88.64482879638672,0.41498829319571867,0.9355886850152905,229,0.24749451875686646,0.0,0.0,0.005026161123853211,False,113,JPEG,1024,581,1.7624784853700517,1.8988677925989672
EsOAZSPf.png,sunda,train,0.0,254.85838317871094,0.0,0.08826769667768354,0.015609445307211405,5,0.7873483300209045,0.0,0.0,0.0,False,127,PNG,761,99,7.686868686868687,0.4680709858108018
s7dY6j4u.png,lampung,train,0.0,252.3163299560547,0.0,0.1263246425567704,0.06291000841042893,107,0.7165380120277405,0.0,0.0,0.0,False,144,PNG,145,41,3.5365853658536586,2.143650126156434
kEhxAG7h.png,jawa,train,0.0,250.12893676757812,0.0,0.18871732207657557,0.13541435236614086,22,1.076019287109375,0.0,0.0,0.0,False,62,PNG,643,84,7.654761904761905,1.556098644745612
Tp5c8NpO.png,jawa,train,0.0,251.13865661621094,0.0,0.16901468579234974,0.06954405737704918,256,0.5674295425415039,0.0,0.0,0.0,False,135,PNG,914,73,12.52054794520548,0.7287551332394113
wEYWWhaw.png,jawi,train,0.0,254.6406707763672,0.0,0.11959755030621172,0.03062117235345582,5,0.9823451042175293,0.0,0.0,0.0,False,127,PNG,254,90,2.8222222222222224,0.9067366579177604
VgtC2e8O.png,bali,train,0.0,251.02838134765625,0.0,0.1268845942982456,0.09830729166666667,256,0.9716522097587585,0.0,0.0,0.0,False,149,PNG,1541,76,20.276315789473685,0.7337682297892688
LOt4i5xE.png,jawi,train,0.0,252.28921508789062,0.0,0.1011126893939394,0.06633522727272727,256,0.7967612743377686,0.0,0.0,0.0,False,145,PNG,943,68,13.867647058823527,0.7356995820597593
XhzyZXBX.jpg,pegon,train,25.917953491210938,190.50674438476562,54.10188293457031,0.1493335885300668,0.9409857553823311,254,0.5531080961227417,0.0,0.0,5.79992576095026e-06,False,129,JPEG,830,485,1.711340206185567,1.3756701030927836
JDgVQprN.png,jawa,train,0.0,252.34608459472656,0.0,0.09622055047524664,0.043605567818370196,20,0.8309104442596436,0.0,0.0,0.0,False,112,PNG,562,79,7.113924050632911,0.8393170863552413
eINCyDee.png,lampung,train,0.0,254.82435607910156,0.0,0.0669369753876796,0.019704083084364773,5,0.962775468826294,0.0,0.0,0.0,False,127,PNG,198,71,2.788732394366197,0.6914212548015365
prGQrDIB.png,pegon,train,0.0,254.28720092773438,0.0,0.20081869674901232,0.05107334951687372,5,0.9339185953140259,0.0,0.0,0.0,False,127,PNG,149,141,1.0567375886524824,1.3533247655766576
oIOESpST.png,lontara,train,0.0,251.70896911621094,0.0,0.16546737938596492,0.06260279605263158,256,0.6952229142189026,0.0,0.0,0.0,False,135,PNG,931,46,20.23913043478261,0.7572969691309018
H7xpqqh7.png,pegon,train,0.0,254.2720489501953,0.0,0.189275956284153,0.05150273224043716,5,0.9349402189254761,0.0,0.0,0.0,False,127,PNG,183,160,1.14375,1.2683060109289617
TeLvO0Kw.png,lampung,train,0.0,250.94146728515625,0.0,0.11241134751773049,0.08351063829787234,112,0.6637263894081116,0.0,0.0,0.0,False,143,PNG,141,40,3.525,2.5843971631205678
Imsi27LU.jpg,lontara,train,47.776065826416016,224.5423583984375,33.924102783203125,0.11216102188081936,0.35371081626319056,256,0.36150431632995605,0.0,0.0,0.0,False,149,JPEG,645,923,0.6988082340195017,1.797791159599217
INwD0I8T.png,sunda,train,0.0,254.53880310058594,0.0,0.20429226736566186,0.039482306684141544,5,0.841677188873291,0.0,0.0,0.0,False,127,PNG,109,56,1.9464285714285716,1.2830930537352556
LTPvVx2F.png,bali,train,0.0,251.11508178710938,0.0,0.13262648809523808,0.12641369047619047,256,1.117346167564392,0.0,0.0,0.0,False,159,PNG,1513,68,22.25,0.8363593950468489
MDiV8shM.jpg,lampung,train,0.4154013395309448,253.79640197753906,0.0316162109375,0.04231465179968701,0.03136003521126761,256,0.6951786875724792,0.0,0.0,0.0,False,149,JPEG,1138,316,3.6012658227848102,0.9783764543614156
4FPOyOhR.png,lampung,train,0.0,254.7496795654297,0.0,0.08127919511318721,0.022493711821775064,5,0.932080090045929,0.0,0.0,0.0,False,127,PNG,253,55,4.6,0.7215235357527847
ltmCbkwb.png,lampung,train,0.0,254.7051544189453,0.0,0.08853718059144415,0.027203560149296584,5,1.000354290008545,0.0,0.0,0.0,False,127,PNG,648,43,15.069767441860463,0.7022681596325007
Gyv1XEoO.png,jawi,train,0.0,254.64219665527344,0.0,0.1991044776119403,0.03522388059701492,5,0.7698684334754944,0.0,0.0,0.0,False,127,PNG,67,50,1.34,1.4161194029850743
wE8el0Ro.jpg,pegon,train,125.09403228759766,160.98886108398438,155.75198364257812,0.15975115740740742,0.8069212962962963,214,0.311273992061615,0.0,0.5,0.006284722222222222,False,81,JPEG,480,360,1.3333333333333333,0.986712962962963
wxVGUVvs.png,sunda,train,0.0,254.51187133789062,0.0,0.1926655719759168,0.039135194307608104,5,0.8101121783256531,0.0,0.0,0.0,False,127,PNG,126,58,2.1724137931034484,1.2074438970990695
WLPU0XAt.png,bali,train,0.0,250.51010131835938,0.0,0.1401909722222222,0.12601273148148148,256,1.05607271194458,0.0,0.0,0.0,False,155,PNG,1376,64,21.5,0.9124273255813954
dvLMdtIG.png,pegon,train,0.0,254.300537109375,0.0,0.17967380156813445,0.05260197836371456,5,0.9509930610656738,0.0,0.0,0.0,False,127,PNG,181,167,1.083832335329341,1.3193502497766898
36TapIhU.png,sunda,train,0.0,254.74424743652344,0.0,0.1272639691714836,0.024951830443159923,5,0.7886715531349182,0.0,0.0,0.0,False,127,PNG,692,75,9.226666666666668,0.6674373795761079
qBistJyl.png,pegon,train,0.0,254.23561096191406,0.0,0.19115925058548008,0.05181498829039813,5,0.9554377794265747,0.0,0.0,0.0,False,127,PNG,61,56,1.0892857142857142,1.836065573770492
hESF37wT.png,jawi,train,0.0,254.52833557128906,0.0,0.19619055454994241,0.0412621359223301,5,0.8315573930740356,0.0,0.0,0.0,False,127,PNG,412,59,6.983050847457627,1.0939608359387856
2uJPlmj3.png,lampung,train,0.0,254.59896850585938,0.0,0.08863141216082393,0.0320525516603948,5,1.138282060623169,0.0,0.0,0.0,False,127,PNG,374,81,4.617283950617284,0.8711956162936555
HiNNV5kJ.png,sunda,train,0.0,251.23233032226562,0.0,0.15575396825396826,0.07665757275132275,256,0.5666022300720215,0.0,0.0,0.0,False,137,PNG,783,64,12.234375,0.8105044699872286
FxLdbpDH.png,sunda,train,0.0,254.2688446044922,0.0,0.18800247371675943,0.0670995670995671,5,0.8774268627166748,0.0,0.0,0.0,False,127,PNG,77,42,1.8333333333333333,1.6178107606679035
3uz8EaZ0.png,jawa,train,0.0,251.3115692138672,0.0,0.1443528824200913,0.06412314497716895,256,0.6021599173545837,0.0,0.0,0.0,False,135,PNG,774,74,10.45945945945946,0.7701655143515609
ucR5bz2j.png,sunda,train,0.0,251.9440155029297,0.0,0.15191650390625,0.07025146484375,256,0.5875987410545349,0.0,0.0,0.0,False,138,PNG,790,66,11.969696969696969,0.758879938626774
XxKFLYEC.png,jawa,train,0.0,252.23391723632812,0.0,0.11636974061840039,0.053500839335030054,18,0.8759080767631531,0.0,0.0,0.0,False,94,PNG,313,59,5.305084745762712,1.0747820436454216
3X5bGS5Y.png,bali,train,0.0,250.6888427734375,0.0,0.14705882352941177,0.13331035539215685,256,1.0779321193695068,0.0,0.0,0.0,False,157,PNG,1406,63,22.31746031746032,0.92176386913229
9a3S4JO2.png,jawa,train,0.0,251.22149658203125,0.0,0.16476521164021163,0.0836020171957672,256,0.6612293124198914,0.0,0.0,0.0,False,140,PNG,907,74,12.256756756756756,0.8854852647575912
3hpHWggd.png,jawi,train,0.0,254.7652587890625,0.0,0.18352941176470589,0.02823529411764706,5,0.8021073341369629,0.0,0.0,0.0,False,127,PNG,85,55,1.5454545454545454,1.067807486631016
MvEmUErU.png,jawa,train,0.0,244.4374237060547,0.0,0.2107514119669313,0.16904722927068838,20,1.1036195755004883,0.0,0.0,0.0,False,102,PNG,643,76,8.460526315789474,1.727920111320291
WpqyECfG.png,sunda,train,0.0,251.4872283935547,0.0,0.13583222517730498,0.08394281914893617,256,0.7338150143623352,0.0,0.0,0.0,False,144,PNG,808,49,16.489795918367346,0.9044251363911902
yvslca8v.png,jawa,train,0.0,251.912841796875,0.0,0.12386067708333333,0.07042100694444445,256,0.6864259839057922,0.0,0.0,0.0,False,141,PNG,945,59,16.016949152542374,0.7191462649089768
sCLYTTfG.png,lontara,train,0.0,252.51040649414062,0.0,0.13027686403508773,0.050370065789473686,256,0.66959148645401,0.0,0.0,0.0,False,136,PNG,940,46,20.43478260869565,0.6349676225716929
t5tOvHvB.png,jawi,train,0.0,254.1011199951172,0.0,0.32575757575757575,0.06818181818181818,5,0.8516414165496826,0.0,0.0,0.0,False,127,PNG,22,24,0.9166666666666666,3.575757575757576
tPQfspZA.png,sunda,train,0.0,254.69122314453125,0.0,0.1636096845194424,0.03154805575935436,5,0.8411720395088196,0.0,0.0,0.0,False,127,PNG,94,58,1.6206896551724137,1.1973587674247983
py0rDMIZ.png,jawi,train,0.0,252.5841064453125,0.0,0.08680555555555555,0.059254227053140096,256,0.789544939994812,0.0,0.0,0.0,False,145,PNG,845,76,11.11842105263158,0.68352538150109
jNBwqzUN.png,pegon,train,0.0,254.6522979736328,0.0,0.08341114223467165,0.03112356053532524,5,1.0581880807876587,0.0,0.0,0.0,False,127,PNG,63,51,1.2352941176470589,1.3644568938686583
pOmkUl2v.png,jawa,train,0.0,249.82118225097656,0.0,0.2636846405228758,0.1038092320261438,256,0.6528836488723755,0.0,0.0,0.0,False,136,PNG,894,59,15.152542372881356,1.0780722708831
DoIjOBVM.png,sunda,train,0.0,251.96401977539062,0.0,0.14397321428571427,0.06614583333333333,256,0.5991018414497375,0.0,0.0,0.0,False,137,PNG,788,72,10.944444444444445,0.7485899605188945
B8wfb9HN.png,pegon,train,0.0,249.6032257080078,0.0,0.19740513392857142,0.11256045386904762,256,0.7098862528800964,0.0,0.0,0.0,False,140,PNG,829,60,13.816666666666666,1.1753920386007235
aB7DAFWh.png,sunda,train,0.0,252.815185546875,0.0,0.09455886994949494,0.04991319444444445,256,0.6649917960166931,0.0,0.0,0.0,False,141,PNG,822,71,11.577464788732394,0.6102601007504883
25yyb63f.png,sunda,train,0.0,254.42857360839844,0.0,0.2,0.03642857142857143,5,0.8131992220878601,0.0,0.0,0.0,False,127,PNG,40,35,1.1428571428571428,2.0742857142857143
n4tugGUl.png,jawi,train,0.0,248.9426727294922,0.0,0.3146577380952381,0.09261532738095238,256,0.5779610276222229,0.0,0.0,0.0,False,131,PNG,812,74,10.972972972972974,1.1299427506324058
n4tx9vq1.png,jawa,train,0.0,251.1834259033203,0.0,0.15183512369791666,0.07863362630208333,256,0.646920919418335,0.0,0.0,0.0,False,139,PNG,849,71,11.95774647887324,0.8834917633006519
qhhWO7r3.png,lampung,train,0.0,254.62869262695312,0.0,0.11181712514529252,0.031189461449050757,5,0.9647111296653748,0.0,0.0,0.0,False,127,PNG,290,89,3.258426966292135,0.8666408368849283
LPLnF4DK.png,jawi,train,0.0,254.4896240234375,0.0,0.2001313259227991,0.035692509732188925,5,0.8320473432540894,0.0,0.0,0.0,False,127,PNG,618,69,8.956521739130435,0.9500492472210496
WYngEEh9.png,jawa,train,0.0,228.8956298828125,0.0,0.36785379568884724,0.3950830097737314,22,1.5462764501571655,0.0,0.0,0.0,False,87,PNG,679,88,7.715909090909091,2.429910295889677
ViTPK66C.png,sunda,train,0.0,254.67236328125,0.0,0.1825922421948912,0.02834582635907139,5,0.894406795501709,0.0,0.0,0.0,False,127,PNG,182,151,1.205298013245033,0.8209009533512844
lWjk9Tvo.jpg,lampung,train,36.01572799682617,166.04244995117188,6.6198883056640625,0.14244550540123457,0.8549382716049383,256,0.6855586767196655,0.0,0.0,0.3594985773533951,True,209,JPEG,1280,720,1.7777777777777777,0.6079513888888889
ZEBHEINS.png,sunda,train,0.0,253.53273010253906,0.0,0.05843874007936508,0.041713169642857144,256,0.8875190019607544,0.0,0.0,0.0,False,150,PNG,794,87,9.126436781609195,0.5539245490604824
lbHpRziu.png,jawa,train,0.0,252.56988525390625,0.0,0.11299189814814815,0.054741753472222224,256,0.6669544577598572,0.0,0.0,0.0,False,140,PNG,937,88,10.647727272727272,0.6581934607548268
OwAQwrMA.png,jawi,train,0.0,254.72303771972656,0.0,0.17856166256494393,0.02378999179655455,5,0.8061780333518982,0.0,0.0,0.0,False,127,PNG,69,53,1.30188679245283,1.172545802570413
9Oey6um9.png,jawi,train,0.0,252.2724609375,0.0,0.09453616352201258,0.06628341194968554,256,0.844852089881897,0.0,0.0,0.0,False,146,PNG,953,66,14.43939393939394,0.7375751216254889
RJoZDw1O.png,bali,train,0.0,249.99322509765625,0.0,0.15657552083333334,0.14671688988095238,256,1.0750449895858765,0.0,0.0,0.0,False,156,PNG,1584,58,27.310344827586206,0.9265935214211076
I2EPpFdr.png,jawa,train,0.0,253.55389404296875,0.0,0.07003595132743363,0.03559411873156342,256,0.7408891320228577,0.0,0.0,0.0,False,141,PNG,928,136,6.823529411764706,0.5230096348884381
u6OG4OU1.jpg,jawa,train,55.3599853515625,107.00208282470703,120.88310241699219,0.18850532046523139,0.9364018807225934,147,0.43763238191604614,0.0,0.0,0.0,False,77,JPEG,449,252,1.781746031746032,1.541273376462686
D2soF0H4.png,sunda,train,0.0,254.41549682617188,0.0,0.1943617724867725,0.060515873015873016,5,0.8518408536911011,0.0,0.0,0.0,False,127,PNG,288,42,6.857142857142857,1.1554232804232805
g5ky15AC.png,bali,train,0.0,250.4927520751953,0.0,0.14456741898148148,0.1115451388888889,256,0.9591643810272217,0.0,0.0,0.0,False,148,PNG,1415,67,21.119402985074625,0.8186909973102684
XQK4DDMk.png,lontara,train,0.0,252.1239013671875,0.0,0.12440104166666667,0.060625,256,0.7169603109359741,0.0,0.0,0.0,False,138,PNG,868,57,15.228070175438596,0.7349017705554208
I8ZRTjr4.png,jawi,train,0.0,254.79461669921875,0.0,0.1256391071205886,0.021604938271604937,5,0.7628292441368103,0.0,0.0,0.0,False,127,PNG,486,66,7.363636363636363,0.5636613044020451
rfUqvyMU.png,lontara,train,0.0,252.58523559570312,0.0,0.12056107954545454,0.04891690340909091,256,0.6812891364097595,0.0,0.0,0.0,False,136,PNG,943,54,17.462962962962962,0.627155257059817
zng5Ob2d.png,lampung,train,0.0,251.1100311279297,0.0,0.12909632571996027,0.1035253227408143,88,0.6031744480133057,0.0,0.0,0.0,False,144,PNG,106,38,2.789473684210526,2.7706057596822244
cVJQ8aSY.png,jawi,train,0.0,252.73098754882812,0.0,0.08519665948275862,0.05580998563218391,256,0.7983736395835876,0.0,0.0,0.0,False,145,PNG,954,72,13.25,0.6328907523876077
WtMWgmM1.png,jawi,train,0.0,254.83229064941406,0.0,0.07005787389582699,0.018885166006701187,5,0.970354437828064,0.0,0.0,0.0,False,127,PNG,67,49,1.3673469387755102,1.072190070057874
BW1aeOIN.png,jawa,train,0.0,251.8693389892578,0.0,0.11536001461988304,0.07063230994152046,256,0.6737959980964661,0.0,0.0,0.0,False,142,PNG,951,71,13.394366197183098,0.7072170139660254
J4Ga75PM.png,lampung,train,0.0,254.72909545898438,0.0,0.09385654340414372,0.023603461841070025,5,0.9014662504196167,0.0,0.0,0.0,False,127,PNG,328,93,3.5268817204301075,0.7209546289011277
5uhyW114.png,jawi,train,0.0,254.58157348632812,0.0,0.22340425531914893,0.03505802707930367,5,0.8304126262664795,0.0,0.0,0.0,False,127,PNG,94,44,2.136363636363636,1.3849129593810443
xBCIhZ3x.png,bali,train,0.0,250.92767333984375,0.0,0.14482060185185186,0.11711516203703703,256,1.0102224349975586,0.0,0.0,0.0,False,153,PNG,1418,67,21.16417910447761,0.8269793486727154
sHFxjqCb.png,jawi,train,0.0,254.72059631347656,0.0,0.12243814623338257,0.03081148449039882,5,0.8548122644424438,0.0,0.0,0.0,False,127,PNG,677,64,10.578125,0.7298744460856721
3itA4GCy.jpg,bali,train,1.8365005254745483,251.31500244140625,0.043243408203125,0.13401171754548258,0.13267550621852195,226,1.1032131910324097,0.0,0.0,0.0,False,217,JPEG,235,207,1.1352657004830915,2.0586699558022405
ClHmnE3M.png,sunda,train,0.0,254.36314392089844,0.0,0.19420213234646225,0.057538109084500834,5,0.9211906790733337,0.0,0.0,0.0,False,127,PNG,291,39,7.461538461538462,1.2864569565600494
X4wgUCC9.png,jawa,train,0.0,251.22467041015625,0.0,0.14974108170310702,0.06113348676639816,12,0.7584423422813416,0.0,0.0,0.0,False,104,PNG,158,44,3.590909090909091,1.2543153049482163
Iie8eXEM.png,jawa,train,0.0,251.75341796875,0.0,0.1428335970464135,0.06488989978902954,256,0.6355686783790588,0.0,0.0,0.0,False,137,PNG,919,95,9.673684210526316,0.7701735295802073
vFFKpryr.png,lontara,train,0.0,254.5358428955078,0.0,0.15130085559629824,0.031168150864326873,5,0.9207847118377686,0.0,0.0,0.0,False,127,PNG,498,46,10.826086956521738,0.856993190151912
m5pludkP.png,bali,train,0.0,254.53475952148438,0.0,0.11178369652945924,0.041969330104923326,5,1.120874047279358,0.0,0.0,0.0,False,127,PNG,84,59,1.423728813559322,1.4253430185633575
p9Yo5NBN.png,lampung,train,0.0,254.83731079101562,0.0,0.05375622307993511,0.021703865301784416,5,1.0911277532577515,0.0,0.0,0.0,False,127,PNG,177,101,1.7524752475247525,0.652905968562958
hQncyZ7t.png,jawa,train,0.0,252.47418212890625,0.0,0.1070675105485232,0.05791798523206751,256,0.6896765828132629,0.0,0.0,0.0,False,141,PNG,907,93,9.75268817204301,0.6558309919265924
MseEenaa.png,bali,train,0.0,254.64404296875,0.0,0.08599612684580005,0.031348341805858146,5,1.1241105794906616,0.0,0.0,0.0,False,127,PNG,204,81,2.5185185185185186,0.907286371338659
Ke1EtMqj.png,bali,train,0.0,250.3614959716797,0.0,0.14349724264705882,0.13943780637254902,256,1.1069914102554321,0.0,0.0,0.0,False,158,PNG,1380,61,22.62295081967213,0.9702066999287242
RLFIDPIy.png,jawi,train,0.0,254.5522918701172,0.0,0.2334014300306435,0.04085801838610827,5,0.8039743900299072,0.0,0.0,0.0,False,127,PNG,89,44,2.022727272727273,1.466802860061287
atguBlcH.png,jawi,train,0.0,250.96292114257812,0.0,0.16350446428571427,0.0932982568027211,256,0.6828830242156982,0.0,0.0,0.0,False,142,PNG,885,56,15.803571428571429,1.0077481840193705
nSWmqFez.png,sunda,train,0.0,251.74664306640625,0.0,0.13911228553921567,0.0642233455882353,256,0.5696375370025635,0.0,0.0,0.0,False,136,PNG,783,69,11.347826086956522,0.7526607066836952
YLviXRXD.png,sunda,train,0.0,254.3290252685547,0.0,0.20410783055198972,0.05872913992297818,5,0.9580857157707214,0.0,0.0,0.0,False,127,PNG,76,41,1.853658536585366,1.840821566110398
0J1XjPv7.png,lontara,train,0.0,252.0471954345703,0.0,0.1405966938405797,0.05618772644927536,256,0.680840253829956,0.0,0.0,0.0,False,135,PNG,962,58,16.586206896551722,0.6807656462828877
COYd1v3e.png,lontara,train,0.0,253.17323303222656,0.0,0.08387748756218906,0.039256840796019904,256,0.6992419958114624,0.0,0.0,0.0,False,138,PNG,942,82,11.48780487804878,0.5571953808710062
KSBl7ztu.png,bali,train,0.0,254.69891357421875,0.0,0.09058779761904762,0.032924107142857144,5,1.1215567588806152,0.0,0.0,0.0,False,127,PNG,96,56,1.7142857142857142,1.1979166666666667
xYzq0GmI.png,jawi,train,0.0,252.55795288085938,0.0,0.08911458333333333,0.060885416666666664,256,0.8200862407684326,0.0,0.0,0.0,False,145,PNG,977,64,15.265625,0.6619754350051177
bfGFFn4n.png,jawi,train,0.0,250.12896728515625,0.0,0.23832070707070707,0.08025568181818182,256,0.5798650979995728,0.0,0.0,0.0,False,133,PNG,803,69,11.63768115942029,1.0274514050571228
9hyZz7XW.png,jawa,train,0.0,250.51673889160156,0.0,0.2659505208333333,0.06924019607843138,256,0.5864047408103943,0.0,0.0,0.0,False,131,PNG,874,77,11.35064935064935,0.9279324794198937
suYjfbwS.png,jawa,train,4.475162506103516,247.0239715576172,1.103515625,0.13415652588880936,0.07295394893820091,256,0.7441831231117249,1.0,0.0,0.0,False,138,PNG,508,66,7.696969696969697,14.96683369124314
JrvEe6dP.png,lampung,train,0.0,253.85060119628906,0.0,0.1225056832533468,0.07123010861328619,77,0.7273972034454346,0.0,0.0,0.0,False,154,PNG,107,37,2.891891891891892,2.46122758272291
WwdyEjiX.png,jawa,train,0.0,247.19821166992188,0.0,0.3373640925564539,0.016936158349595762,18,1.3521722555160522,0.0,0.0,0.0,False,38,PNG,422,68,6.205882352941177,2.0105938109841093
k2KtRniI.jpg,pegon,train,34.809844970703125,180.6146240234375,46.65681457519531,0.31694361772486773,0.8543655960648148,251,0.692453145980835,1.0,0.0,0.0,False,143,JPEG,878,576,1.5243055555555556,1.8303435839028093
O1ykAmv8.png,jawi,train,0.0,254.3469696044922,0.0,0.2513050674815381,0.04771454036159919,5,0.7999376058578491,0.0,0.0,0.0,False,127,PNG,374,84,4.4523809523809526,1.1229946524064172
moTcEMuO.png,lampung,train,0.0,254.64334106445312,0.0,0.08064516129032258,0.03021821631878558,5,1.104129672050476,0.0,0.0,0.0,False,127,PNG,340,62,5.483870967741935,0.857685009487666
0aEaZKLB.png,bali,train,0.0,254.73785400390625,0.0,0.0845,0.0255,5,1.0235387086868286,0.0,0.0,0.0,False,127,PNG,125,64,1.953125,0.885
baZWnmbC.png,jawa,train,4.721724987030029,247.10630798339844,1.0876007080078125,0.1153518657650889,0.06834460305534686,256,0.6936350464820862,1.0,0.0,0.0,False,138,PNG,605,66,9.166666666666666,14.890658652642124
NKj6pIDe.png,lampung,train,0.0,251.85696411132812,0.0,0.150990990990991,0.08900900900900902,116,0.7134870290756226,0.0,0.0,0.0,False,137,PNG,150,37,4.054054054054054,2.88
ze6LVt3f.jpg,jawa,train,88.88634490966797,207.3587188720703,99.05754089355469,0.3251440731095679,0.6676582995756173,256,0.4197268784046173,0.0,0.0,6.028163580246913e-06,False,140,JPEG,1280,720,1.7777777777777777,1.297282986111111
bVfXghWK.png,jawi,train,0.0,247.97918701171875,0.0,0.34446180555555556,0.09930555555555555,256,0.579281747341156,0.0,0.0,0.0,False,131,PNG,816,80,10.2,1.1709558823529411
eeexVWkF.png,jawa,train,0.0,255.0,0.0,0.26544949026876735,0.15590361445783132,21,1.1069374084472656,0.0,0.0,0.0,False,136,PNG,650,83,7.831325301204819,1.7396848934198332
Wb5NrKcT.png,pegon,train,0.0,254.49609375,0.0,0.1558663343487492,0.04126280808640266,5,0.9593258500099182,0.0,0.0,0.0,False,127,PNG,157,138,1.1376811594202898,1.1634819532908705
bGV7WduC.png,sunda,train,0.0,254.56886291503906,0.0,0.13917525773195877,0.0429553264604811,5,0.8875404000282288,0.0,0.0,0.0,False,127,PNG,291,48,6.0625,0.9558991981672396
Djrt0occ.png,jawi,train,0.0,254.51312255859375,0.0,0.21883468834688347,0.03743708865660085,5,0.7706692814826965,0.0,0.0,0.0,False,127,PNG,630,82,7.682926829268292,0.9195509097948122
nUhgEHDQ.png,lontara,train,0.0,252.81695556640625,0.0,0.11160356570512821,0.042893629807692304,256,0.5903144478797913,0.0,0.0,0.0,False,135,PNG,776,53,14.641509433962264,0.6133048045127407
ZPNUusQX.png,lontara,train,0.0,254.60975646972656,0.0,0.1532608695652174,0.029211956521739132,5,0.877618670463562,0.0,0.0,0.0,False,127,PNG,184,40,4.6,0.9771739130434782
AYmHBQpl.png,jawa,train,0.0,251.19821166992188,0.0,0.15085209341468547,0.05996212918156953,15,0.7725896239280701,0.0,0.0,0.0,False,112,PNG,679,56,12.125,1.0004207868714496
7gClVyOS.png,sunda,train,0.0,250.99362182617188,0.0,0.1368516156462585,0.08314732142857142,256,0.7240281105041504,0.0,0.0,0.0,False,142,PNG,807,52,15.51923076923077,0.8731293489657802
e7sw8UqJ.png,jawa,train,0.0,250.98582458496094,0.0,0.15613965395480225,0.07560911016949153,256,0.6146574020385742,0.0,0.0,0.0,False,137,PNG,894,69,12.956521739130435,0.8367538825665467
MDfOSmjo.png,sunda,train,0.0,252.71348571777344,0.0,0.12505580357142856,0.054482886904761905,256,0.5996027588844299,0.0,0.0,0.0,False,139,PNG,789,72,10.958333333333334,0.6463878326996197
g5zApoDB.png,lontara,train,0.0,252.94793701171875,0.0,0.09722222222222222,0.04422743055555556,256,0.7044426798820496,0.0,0.0,0.0,False,138,PNG,942,73,12.904109589041097,0.5564377744815752
HJKE5L4T.png,bali,train,0.0,251.54061889648438,0.0,0.10985137195121951,0.09924415650406504,256,1.0361137390136719,0.0,0.0,0.0,False,155,PNG,1190,63,18.88888888888889,0.7931706015739629
4ws9WOfJ.png,lontara,train,0.0,251.6404266357422,0.0,0.11810848577235772,0.07228150406504065,256,0.8017498850822449,0.0,0.0,0.0,False,142,PNG,925,49,18.877551020408163,0.843684500827358
aHm2wwPd.png,lampung,train,0.0,254.72589111328125,0.0,0.08589593441525849,0.02583235736991802,5,0.9993876814842224,0.0,0.0,0.0,False,127,PNG,695,43,16.162790697674417,0.6943951815291952
Iz8SVj1m.png,jawa,train,0.0,251.46035766601562,0.0,0.13934536637931033,0.07547593390804598,256,0.7122888565063477,0.0,0.0,0.0,False,140,PNG,935,71,13.169014084507042,0.8034345108081645
ko1fpmtd.png,jawi,train,0.0,250.23468017578125,0.0,0.24609375,0.07653985507246377,256,0.565750777721405,0.0,0.0,0.0,False,132,PNG,845,76,11.11842105263158,0.94251012145749
U4R2T8xm.png,jawa,train,0.0,248.58792114257812,0.0,0.18789326961369973,0.13928713659896455,22,1.0678294897079468,0.0,0.0,0.0,False,78,PNG,620,81,7.654320987654321,1.605416168857029
goMVEr9M.jpg,jawi,train,32.01768493652344,181.02285766601562,67.138427734375,0.26750865901571547,0.9641426282051282,225,0.7496650218963623,1.0,0.0,0.0,False,136,JPEG,1200,630,1.9047619047619049,3.295714285714286
CI75W5ow.png,lontara,train,0.0,252.87074279785156,0.0,0.1124465811965812,0.04293536324786325,256,0.6798607110977173,0.0,0.0,0.0,False,136,PNG,920,47,19.574468085106385,0.5837187789084182
pVN1uJzQ.png,lampung,train,0.0,254.6762237548828,0.0,0.07919254658385093,0.024720496894409937,5,1.006151556968689,0.0,0.0,0.0,False,127,PNG,230,70,3.2857142857142856,0.7980124223602485
GLuRIHuH.png,jawa,train,0.0,89.01781463623047,0.0,0.3907566713483146,0.4271125936329588,24,1.5582438707351685,0.0,0.0,0.0,True,141,PNG,712,96,7.416666666666667,2.571512172284644
cQqHTDoa.png,jawi,train,0.0,254.5509033203125,0.0,0.1731786133960047,0.04457990599294947,5,0.8776290416717529,0.0,0.0,0.0,False,127,PNG,296,46,6.434782608695652,1.0434782608695652
20iTDSMa.png,sunda,train,0.0,254.8349609375,0.0,0.18392255892255893,0.0281986531986532,5,0.766242504119873,0.0,0.0,0.0,False,127,PNG,44,54,0.8148148148148148,1.3737373737373737
pxgyby0r.png,jawi,train,0.0,251.00479125976562,0.0,0.2378472222222222,0.06353081597222222,256,0.5768963098526001,0.0,0.0,0.0,False,131,PNG,795,75,10.6,0.8965366876310272
yEky4Yhm.png,lampung,train,0.0,250.22604370117188,0.0,0.20773081201334817,0.1735261401557286,92,0.6142855286598206,0.0,0.0,0.0,False,153,PNG,116,31,3.741935483870968,3.670745272525028
JV0rKzui.png,lampung,train,0.0,251.37451171875,0.0,0.16176470588235295,0.13419117647058823,98,0.5858540534973145,0.0,0.0,0.0,False,152,PNG,136,36,3.7777777777777777,3.13562091503268
JbqiuUPI.png,sunda,train,0.0,254.5142822265625,0.0,0.1750149075730471,0.04203935599284436,5,0.9254019260406494,0.0,0.0,0.0,False,127,PNG,78,43,1.813953488372093,1.559928443649374
roT0Obt1.png,lontara,train,0.0,252.124755859375,0.0,0.1349826388888889,0.05360243055555555,256,0.6792778372764587,0.0,0.0,0.0,False,135,PNG,940,52,18.07692307692308,0.6785597381342062
zjL1LYpx.png,jawa,train,0.0,251.7783203125,0.0,0.14779788011695907,0.06551535087719298,256,0.6296073198318481,0.0,0.0,0.0,False,137,PNG,901,67,13.447761194029852,0.7364288435734756
Pi1VW9Sr.png,jawi,train,0.0,252.3562774658203,0.0,0.103375204248366,0.064312704248366,256,0.7435258030891418,0.0,0.0,0.0,False,144,PNG,942,62,15.193548387096774,0.6852955277035819
Q6NLmXjv.png,jawi,train,0.0,254.65264892578125,0.0,0.14102564102564102,0.030303030303030304,5,0.9460229873657227,0.0,0.0,0.0,False,127,PNG,39,44,0.8863636363636364,1.7995337995337994
JlKVUNOk.png,jawi,train,0.0,249.88436889648438,0.0,0.27447916666666666,0.0772048611111111,256,0.5699349641799927,0.0,0.0,0.0,False,131,PNG,817,80,10.2125,0.9920440636474908
2nDcsvi8.png,sunda,train,0.0,254.70680236816406,0.0,0.18288770053475936,0.033155080213903745,5,0.7843050956726074,0.0,0.0,0.0,False,127,PNG,68,55,1.2363636363636363,1.2449197860962566
qMctj2TI.png,jawi,train,0.0,254.5628204345703,0.0,0.20376845376845376,0.03360528360528361,5,0.8163619041442871,0.0,0.0,0.0,False,127,PNG,99,52,1.9038461538461535,1.268065268065268
nB7tdnSn.png,jawi,train,0.0,254.60354614257812,0.0,0.05966944444444444,0.010105555555555555,29,0.6086353063583374,0.0,0.0,0.0,False,128,PNG,600,600,1.0,0.3783111111111111
YxxPgU7l.png,jawi,train,0.0,254.73670959472656,0.0,0.11298824165427761,0.024124881740775782,5,0.9202959537506104,0.0,0.0,0.0,False,127,PNG,302,49,6.163265306122449,0.7730774428976889
vE8trGvN.png,jawi,train,0.0,254.78170776367188,0.0,0.06926406926406926,0.01818181818181818,5,0.918174147605896,0.0,0.0,0.0,False,127,PNG,63,55,1.1454545454545455,0.9950937950937953
8XkkfSzX.png,sunda,train,0.0,254.5802001953125,0.0,0.16691505216095381,0.03651266766020864,5,0.745283842086792,0.0,0.0,0.0,False,127,PNG,66,61,1.0819672131147542,1.184302036761053
MJouVHWu.png,sunda,train,0.0,254.44589233398438,0.0,0.175,0.04428571428571428,5,0.810340166091919,0.0,0.0,0.0,False,127,PNG,40,35,1.1428571428571428,2.045714285714286
UzZNRYg1.png,jawi,train,0.0,254.6956787109375,0.0,0.19517795637198623,0.03329506314580941,5,0.8115427494049072,0.0,0.0,0.0,False,127,PNG,67,39,1.7179487179487178,1.5216226559510142
Tw5uE2Aq.png,jawa,train,0.0,251.33975219726562,0.0,0.1566693149717514,0.07792637711864407,256,0.6450987458229065,0.0,0.0,0.0,False,139,PNG,858,66,13.0,0.8767394221939676
RMJ8zZ2X.png,sunda,train,0.0,254.43704223632812,0.0,0.17987660180351212,0.051257712387280496,5,0.9261265397071838,0.0,0.0,0.0,False,127,PNG,245,43,5.697674418604652,1.2347413383958237
WZt7Orua.png,pegon,train,0.0,254.3282928466797,0.0,0.19920072511535927,0.050387277521423864,5,0.9101676344871521,0.0,0.0,0.0,False,127,PNG,164,148,1.108108108108108,1.3190507580751485
JfHP176N.jpg,lampung,train,9.44206428527832,207.58045959472656,9.21124267578125,0.3263026646205357,0.8773018973214286,199,0.48813924193382263,0.0,0.0,0.012265159970238096,False,173,JPEG,1200,700,1.7142857142857142,0.635552380952381
FlvDlpty.png,lontara,train,0.0,252.95120239257812,0.0,0.10805046695402298,0.04319324712643678,256,0.6753446459770203,0.0,0.0,0.0,False,136,PNG,942,71,13.267605633802816,0.5764181693131186
Y885ioF4.png,bali,train,0.0,250.01812744140625,0.0,0.14717741935483872,0.14138104838709678,256,1.0807454586029053,0.0,0.0,0.0,False,156,PNG,1398,56,24.964285714285715,0.9668914776210914
K9owTuUE.png,bali,train,0.0,254.48387145996094,0.0,0.12013201320132014,0.04257425742574258,5,1.1562023162841797,0.0,0.0,0.0,False,127,PNG,202,60,3.3666666666666667,1.188118811881188
pyl2oO3P.png,lampung,train,0.0,250.5148162841797,0.0,0.18448918717375093,0.11483967188665176,128,0.7528823018074036,0.0,0.0,0.0,False,105,PNG,149,45,3.311111111111111,2.6451901565995524
zg4EljYp.png,jawi,train,0.0,249.3334197998047,0.0,0.30060992324561403,0.08763363486842106,256,0.5667266845703125,0.0,0.0,0.0,False,131,PNG,807,80,10.0875,1.066542750929368
WZgv1FNH.png,jawi,train,0.0,254.78646850585938,0.0,0.11326050675163102,0.01744803519951449,5,0.8312853574752808,0.0,0.0,0.0,False,127,PNG,169,78,2.1666666666666665,0.6918525261720528
pbY8GUCp.png,jawa,train,4.264265537261963,246.4873809814453,0.546173095703125,0.1353853853853854,0.07248915582248916,256,0.6801145076751709,1.0,0.0,0.0,False,137,PNG,486,74,6.567567567567568,15.332221109998889
9sHcNOuO.png,jawi,train,0.0,254.5841827392578,0.0,0.15722778473091364,0.029568210262828534,5,0.836001992225647,0.0,0.0,0.0,False,127,PNG,136,47,2.893617021276596,1.1602002503128912
qoLovT11.png,lontara,train,0.0,251.66616821289062,0.0,0.1452835648148148,0.06336805555555555,256,0.686183750629425,0.0,0.0,0.0,False,136,PNG,868,51,17.019607843137255,0.8267823258335593
m0UETCgQ.png,lampung,train,0.0,250.35386657714844,0.0,0.16705246913580246,0.12667181069958847,128,0.6651711463928223,0.0,0.0,0.0,False,149,PNG,162,48,3.375,2.4495884773662557
7MQLP5hC.png,jawa,train,0.0,254.6943359375,0.0,0.1763266019756972,0.03365678818078503,5,0.824124276638031,0.0,0.0,0.0,False,127,PNG,123,93,1.3225806451612905,1.029460617186817
HgZ38kSl.png,jawi,train,0.0,250.51654052734375,0.0,0.2351388888888889,0.07305555555555555,256,0.5578100681304932,0.0,0.0,0.0,False,132,PNG,789,77,10.246753246753247,0.9540269616315245
i7MvKsHU.png,jawa,train,0.0,251.5614013671875,0.0,0.22207515830997612,0.0,20,1.229353427886963,0.0,0.0,0.0,False,36,PNG,507,76,6.671052631578948,1.5307796117512718
jPai5Qcl.png,lampung,train,0.0,254.79066467285156,0.0,0.07161901940453266,0.020367352984743,5,0.9766187071800232,0.0,0.0,0.0,False,127,PNG,157,86,1.825581395348837,0.7435935416975263
ltsonDVi.png,bali,train,0.0,250.978759765625,0.0,0.12760416666666666,0.11649816176470588,256,1.075218915939331,0.0,0.0,0.0,False,156,PNG,1517,68,22.308823529411764,0.7872348675792005
eTqVnadJ.png,jawa,train,4.313211441040039,246.23382568359375,0.861724853515625,0.17386629266012155,0.07996727442730248,256,0.5209275484085083,1.0,0.0,0.0,False,134,PNG,620,69,8.985507246376812,13.85002337540907
8rtQdXCn.png,bali,train,0.0,250.58209228515625,0.0,0.13872466216216217,0.12531672297297297,256,1.046579360961914,0.0,0.0,0.0,False,154,PNG,1386,67,20.686567164179102,0.9062910555447868
vpbIBAhx.png,jawa,train,0.0,225.20559692382812,0.0,0.3577731092436975,0.41257002801120446,22,1.6181988716125488,0.0,0.0,0.0,False,96,PNG,340,84,4.047619047619048,2.436694677871148
h4kTZUJy.png,pegon,train,0.0,254.503662109375,0.0,0.21649305555555556,0.034895833333333334,5,0.8535919189453125,0.0,0.0,0.0,False,127,PNG,120,48,2.5,1.2916666666666667
Z7MzzqtR.png,bali,train,0.0,251.1418914794922,0.0,0.1303752670940171,0.1218616452991453,256,1.0897693634033203,0.0,0.0,0.0,False,158,PNG,1373,69,19.89855072463768,0.8861585230691282
BB21DgRU.png,sunda,train,0.0,254.49325561523438,0.0,0.17377398720682302,0.045939135491374294,5,0.9295793771743774,0.0,0.0,0.0,False,127,PNG,469,44,10.659090909090908,1.0467144795503005
TZTwXRmf.png,bali,train,0.0,251.41513061523438,0.0,0.12591497747747749,0.11384431306306306,256,1.0602664947509766,0.0,0.0,0.0,False,157,PNG,1545,74,20.87837837837838,0.7628443977958541
L0wKYVh9.png,jawi,train,0.0,251.48724365234375,0.0,0.20833333333333334,0.06358225108225109,256,0.5833999514579773,0.0,0.25,0.0,False,133,PNG,832,83,10.024096385542167,0.8250695088044485
kMdVAUcU.png,lontara,train,0.0,252.1443634033203,0.0,0.14066116898148148,0.058015046296296294,256,0.701973021030426,0.0,0.0,0.0,False,136,PNG,935,44,21.25,0.7298006806028197
qfkfQRUE.png,jawa,train,0.0,250.27542114257812,0.0,0.2107204861111111,0.08994391025641026,256,0.6115225553512573,0.0,0.0,0.0,False,136,PNG,891,90,9.9,0.9547325102880658
8Da7mGrN.png,pegon,train,0.0,254.4052734375,0.0,0.12776089159067883,0.04093211752786221,5,0.9759577512741089,0.0,0.0,0.0,False,127,PNG,105,94,1.1170212765957446,1.3065856129685918
HPIqKh3v.png,jawi,train,0.0,254.3869171142578,0.0,0.23449601757758856,0.04465806097226037,5,0.7598155736923218,0.0,0.0,0.0,False,127,PNG,662,55,12.036363636363635,0.8808569074430102
QyH0EkF7.png,sunda,train,0.0,254.58370971679688,0.0,0.20732700135685211,0.03636363636363636,5,0.7918270826339722,0.0,0.0,0.0,False,127,PNG,67,55,1.2181818181818185,1.4024423337856171
mYmraZ5C.png,bali,train,0.0,254.50894165039062,0.0,0.12536322125363222,0.042133665421336654,5,1.072985053062439,0.0,0.0,0.0,False,127,PNG,198,73,2.712328767123288,1.0914625709146255
km0czfzY.png,sunda,train,0.0,254.6090545654297,0.0,0.12258064516129032,0.037320099255583127,5,0.9394183158874512,0.0,0.0,0.0,False,127,PNG,155,65,2.3846153846153846,0.9798511166253102
YiSRGIkT.png,pegon,train,0.0,250.38755798339844,0.0,0.16230830439814814,0.09376808449074074,256,0.7019609212875366,0.0,0.0,0.0,False,140,PNG,827,78,10.602564102564102,0.9905435153319072
nDXTDZei.png,lampung,train,0.0,252.92221069335938,0.0,0.0820608428030303,0.05303030303030303,256,0.7989482283592224,0.0,0.0,0.0,False,145,PNG,885,51,17.352941176470587,0.6224880912817105
UQdLpq0g.png,jawa,train,4.016442775726318,246.8309783935547,0.9476318359375,0.17584087455489783,0.0771586037966932,256,0.5506802201271057,1.0,0.0,0.0,False,134,PNG,621,71,8.746478873239436,13.644145063618426
zv1OAzBd.png,lontara,train,0.0,252.59605407714844,0.0,0.10756983901515152,0.050130208333333336,256,0.7119026184082031,0.0,0.0,0.0,False,138,PNG,935,53,17.641509433962263,0.6486530118050651
kuEFJR8y.png,lontara,train,0.0,254.6627197265625,0.0,0.1619047619047619,0.029399585921325053,5,0.867915689945221,0.0,0.0,0.0,False,127,PNG,315,46,6.8478260869565215,0.8220841959972395
9enuJq0y.png,sunda,train,0.0,254.7706756591797,0.0,0.17781986531986532,0.03577441077441077,5,0.8405213952064514,0.0,0.0,0.0,False,127,PNG,88,54,1.6296296296296295,1.2441077441077442
CBKGtJXU.png,jawi,train,0.0,254.32318115234375,0.0,0.2464496124031008,0.05665116279069767,5,0.8472309708595276,0.0,0.0,0.0,False,127,PNG,750,43,17.441860465116278,1.0994108527131785
Ixmmsjw5.png,sunda,train,0.0,250.5084686279297,0.0,0.13949424342105263,0.0996436403508772,256,0.855364978313446,0.0,0.0,0.0,False,146,PNG,1196,59,20.271186440677965,0.8208151465336432
q9pibTZ9.png,lontara,train,0.0,252.3122100830078,0.0,0.1399890988372093,0.05374878875968992,256,0.6668780446052551,0.0,0.0,0.0,False,136,PNG,939,52,18.057692307692307,0.6848529532235602
XmDXsCvc.webp,jawa,train,28.286745071411133,170.98358154296875,44.615875244140625,0.37147881694644286,0.6587769784172662,237,0.3648170828819275,0.0,0.75,0.0,False,93,WEBP,300,417,0.7194244604316546,0.9818705035971224
9NkwViXj.png,jawi,train,0.0,248.67808532714844,0.0,0.3280658143939394,0.0911852904040404,256,0.573334813117981,0.0,0.0,0.0,False,131,PNG,808,69,11.710144927536232,1.1251255560338642
OBUQrsCs.png,jawi,train,0.0,254.57337951660156,0.0,0.11315466806796287,0.03336836573830793,5,0.9107581973075867,0.0,0.0,0.0,False,127,PNG,346,66,5.242424242424242,0.8572429497284989
ByChr7Ym.png,jawa,train,0.0,251.81295776367188,0.0,0.15128580729166666,0.07195638020833334,256,0.5415416359901428,0.0,0.0,0.0,False,138,PNG,781,81,9.641975308641976,0.756485038175179
uPbsD2ID.png,sunda,train,0.0,254.2045135498047,0.0,0.18956043956043955,0.0554029304029304,5,0.9526979327201843,0.0,0.0,0.0,False,127,PNG,52,42,1.238095238095238,2.062271062271062
OIPUFwK1.png,lontara,train,0.0,252.71168518066406,0.0,0.11138473731884058,0.047865715579710144,256,0.6841251850128174,0.0,0.0,0.0,False,137,PNG,936,56,16.714285714285715,0.6385836385836385
pZMtL7pw.png,sunda,train,0.0,252.6118927001953,0.0,0.10518127705627706,0.044490665584415584,256,0.6041689515113831,0.0,0.0,0.0,False,136,PNG,797,80,9.9625,0.5969887076537014
C1AbFl1n.png,lampung,train,0.0,254.7074737548828,0.0,0.08168668474751388,0.020147229755908564,5,0.956486165523529,0.0,0.0,0.0,False,127,PNG,178,87,2.045977011494253,0.7841921735761332
gQioTBnz.png,lampung,train,0.0,253.5405731201172,0.0,0.05926649305555556,0.03572048611111111,256,0.7207040190696716,0.0,0.0,0.0,False,143,PNG,804,63,12.761904761904765,0.4978283187238411
L7tbB4rW.png,lampung,train,0.0,254.67835998535156,0.0,0.12732335537765402,0.029376957883745215,5,0.8641170263290405,0.0,0.0,0.0,False,127,PNG,221,65,3.4,0.875461190393317
XN2L0Pkk.png,lontara,train,0.0,250.30055236816406,0.0,0.15636837121212122,0.08226799242424243,256,0.7318318486213684,0.0,0.0,0.0,False,137,PNG,1034,45,22.977777777777774,0.9191489361702128
ApySYVQH.png,pegon,train,0.0,254.55201721191406,0.0,0.24352331606217617,0.03402038376131641,5,0.7943278551101685,0.0,0.0,0.0,False,127,PNG,386,91,4.241758241758242,0.9324147355235438
HBrGi15a.png,sunda,train,0.0,254.36790466308594,0.0,0.17582417582417584,0.050061050061050064,5,0.9850103259086609,0.0,0.0,0.0,False,127,PNG,63,39,1.6153846153846154,1.9242979242979243
w6Bq3Rh3.png,lampung,train,0.0,254.62799072265625,0.0,0.08098290598290599,0.03536324786324786,5,1.1928714513778687,0.0,0.0,0.0,False,127,PNG,144,65,2.2153846153846155,1.0017094017094017
b82ggHWL.png,sunda,train,0.0,253.79176330566406,0.0,0.04255208333333333,0.03658854166666667,256,0.919077455997467,0.0,0.0,0.0,False,154,PNG,796,104,7.653846153846154,0.4675299574797062
cuKxWYj2.png,sunda,train,0.0,254.380859375,0.0,0.20298357358364064,0.05782769024472008,5,0.88693767786026,0.0,0.0,0.0,False,127,PNG,157,38,4.131578947368421,1.441501843781428
BItvOxGo.png,bali,train,0.0,251.61248779296875,0.0,0.11394557823129252,0.0858577806122449,256,0.8949134945869446,0.0,0.0,0.0,False,148,PNG,1041,66,15.772727272727272,0.8102931330597036
exvusb7x.png,jawi,train,0.0,254.62623596191406,0.0,0.16879334257975034,0.030374479889042995,5,0.7990354299545288,0.0,0.0,0.0,False,127,PNG,103,70,1.4714285714285715,1.0740638002773926
od40HX69.png,jawi,train,0.0,254.4685821533203,0.0,0.21719230769230768,0.04215384615384615,5,0.8398808240890503,0.0,0.0,0.0,False,127,PNG,500,52,9.615384615384617,1.104
xum0gGIa.png,bali,train,0.0,249.44418334960938,0.0,0.16694568452380953,0.16634114583333334,256,1.1244146823883057,0.0,0.0,0.0,False,158,PNG,1367,49,27.897959183673468,1.1032052908947043
SVR4eenU.png,lampung,train,0.0,251.23532104492188,0.0,0.1304773082942097,0.0710093896713615,104,0.791133463382721,0.0,0.0,0.0,False,109,PNG,142,36,3.9444444444444446,2.763693270735524
axINQ6D3.png,jawa,train,0.0,252.4003143310547,0.0,0.10519462719298246,0.058228252923976605,256,0.7251974940299988,0.0,0.0,0.0,False,141,PNG,963,71,13.56338028169014,0.6493791408889474
PoU7LTEl.png,sunda,train,0.0,254.6302490234375,0.0,0.15240549828178696,0.03599656357388316,5,0.8505057096481323,0.0,0.0,0.0,False,127,PNG,194,60,3.2333333333333334,1.0378006872852237
wPwqcIR6.png,jawi,train,0.0,254.7681121826172,0.0,0.09803921568627451,0.0255496137849079,5,0.8925244808197021,0.0,0.0,0.0,False,127,PNG,132,51,2.588235294117647,0.926916221033868
memyy9kn.png,sunda,train,0.0,254.68316650390625,0.0,0.1943019943019943,0.038461538461538464,5,0.7623822689056396,0.0,0.0,0.0,False,127,PNG,65,54,1.2037037037037035,1.3606837606837607
HebWPR5D.png,jawi,train,0.0,254.591552734375,0.0,0.16670656634746922,0.031703146374829,5,0.8148183822631836,0.0,0.0,0.0,False,127,PNG,688,85,8.094117647058823,0.8142270861833105
Non9xPbi.png,lontara,train,0.0,251.75833129882812,0.0,0.14528093434343434,0.06518308080808081,256,0.7181228399276733,0.0,0.0,0.0,False,138,PNG,943,40,23.575,0.7862142099681866
3XBxHC6x.png,jawi,train,0.0,254.81863403320312,0.0,0.08284600389863547,0.017868745938921377,5,0.969823956489563,0.0,0.0,0.0,False,127,PNG,57,54,1.0555555555555556,1.161793372319688
39hdDn6h.png,sunda,train,0.0,250.72857666015625,0.0,0.14994212962962963,0.09861111111111111,256,0.7154650688171387,0.0,0.0,0.0,False,143,PNG,800,47,17.02127659574468,0.9465957446808512
b7U1G6OB.png,sunda,train,0.0,254.61094665527344,0.0,0.14987080103359174,0.030361757105943153,5,0.8426726460456848,0.0,0.0,0.0,False,127,PNG,43,36,1.1944444444444444,1.8501291989664084
yFOXnHMt.png,sunda,train,0.0,254.34925842285156,0.0,0.17352941176470588,0.04873949579831933,5,0.9237763285636902,0.0,0.0,0.0,False,127,PNG,170,42,4.047619047619048,1.334453781512605
w1KunOdn.png,lontara,train,0.0,252.561279296875,0.0,0.12372750946969698,0.049479166666666664,256,0.6792899966239929,0.0,0.0,0.0,False,136,PNG,938,54,17.37037037037037,0.6341309326383954
kKtCuyhc.png,jawi,train,0.0,254.59246826171875,0.0,0.23199883215941025,0.040728440567862484,5,0.7954429984092712,0.0,0.0,0.0,False,127,PNG,517,53,9.754716981132075,0.995584102769972
ZQ20ph6F.png,jawi,train,0.0,254.6588592529297,0.0,0.10628761685234986,0.028275067230119095,5,0.9154189229011536,0.0,0.0,0.0,False,127,PNG,685,57,12.017543859649123,0.7236778076578307
FppoeY65.png,pegon,train,0.0,254.3359375,0.0,0.18320752095586532,0.053258000277867826,5,1.013511061668396,0.0,0.0,0.0,False,127,PNG,151,143,1.055944055944056,1.3700736349742972
haMG0wzX.png,bali,train,0.0,251.00985717773438,0.0,0.12688078703703703,0.11291956018518519,256,1.0270227193832397,0.0,0.0,0.0,False,155,PNG,1411,66,21.37878787878788,0.787578119966497
iU4bxOvj.png,jawi,train,0.0,254.77171325683594,0.0,0.1178448275862069,0.024224137931034482,5,0.8010864853858948,0.0,0.0,0.0,False,127,PNG,400,58,6.896551724137931,0.6327586206896552
BSI9J6Q5.png,sunda,train,0.0,254.7467803955078,0.0,0.18827780008028905,0.04656764351665998,5,0.699717104434967,0.0,0.0,0.0,False,127,PNG,47,53,0.8867924528301887,1.3777599357687675
IWyD6NVn.png,lampung,train,0.0,250.02980041503906,0.0,0.20933424845573095,0.16700983756577442,106,0.5689395666122437,0.0,0.0,0.0,False,147,PNG,141,31,4.548387096774194,3.971631205673759
9nA77pxE.png,sunda,train,0.0,253.58531188964844,0.0,0.055545691287878785,0.03975793087121212,256,0.9384825825691223,0.0,0.0,0.0,False,151,PNG,798,91,8.76923076923077,0.5229557410008537
4FghFXiQ.png,jawi,train,0.0,254.6870574951172,0.0,0.12278193377077642,0.029361452242959635,5,0.9428626298904419,0.0,0.0,0.0,False,127,PNG,739,53,13.943396226415096,0.7869890469017286
CZfJ46lw.png,sunda,train,0.0,254.62088012695312,0.0,0.15635411708710137,0.038315088053307945,5,0.9076895713806152,0.0,0.0,0.0,False,127,PNG,191,44,4.340909090909091,1.0461684911946691
ITZyJM4t.png,lampung,train,0.0,254.09417724609375,0.0,0.16108071135430915,0.0759233926128591,97,0.7371163368225098,0.0,0.0,0.0,False,155,PNG,136,43,3.1627906976744184,2.2667578659370724
K5b5Oyre.png,lontara,train,0.0,252.83485412597656,0.0,0.10317234848484849,0.04287405303030303,256,0.6781525611877441,0.0,0.0,0.0,False,136,PNG,934,67,13.940298507462687,0.5742593243631947
DnJnUzBX.png,sunda,train,0.0,254.7245635986328,0.0,0.12444335698556398,0.027844384634206017,5,0.8659547567367554,0.0,0.0,0.0,False,127,PNG,305,67,4.552238805970149,0.8103743577195988
KjMl6acI.png,jawi,train,0.0,254.70909118652344,0.0,0.13119789381307592,0.028082492321193506,5,0.8651644587516785,0.0,0.0,0.0,False,127,PNG,53,43,1.2325581395348837,1.4778411584028082
tCSnngIf.png,lontara,train,0.0,251.80816650390625,0.0,0.16511824324324326,0.061936936936936936,256,0.6678524613380432,0.0,0.0,0.0,False,135,PNG,935,45,20.77777777777778,0.7554129530600119
Jc2DCLJE.png,lampung,train,0.0,254.70872497558594,0.0,0.07732362821948488,0.022620380739081746,5,0.9866036772727966,0.0,0.0,0.0,False,127,PNG,235,76,3.0921052631578947,0.723404255319149
OPL6FWW9.png,lontara,train,0.0,254.4998779296875,0.0,0.14686868686868687,0.026262626262626262,5,0.9262526035308838,0.0,0.0,0.0,False,127,PNG,110,45,2.4444444444444446,1.1345454545454543
M354cifF.png,jawi,train,0.0,254.6249237060547,0.0,0.10116935031942317,0.02600216684723727,5,0.8860462307929993,0.0,0.0,0.0,False,127,PNG,377,71,5.309859154929577,0.6904023611162999
gvY2Mlhi.png,sunda,train,0.0,254.8920440673828,0.0,0.1787116139459709,0.024705610713461095,5,0.797161340713501,0.0,0.0,0.0,False,127,PNG,71,61,1.1639344262295082,1.1304548603093971
CNIF2MO6.png,jawi,train,0.0,254.6208953857422,0.0,0.16923031588873172,0.03421145685997171,5,0.8072084188461304,0.0,0.0,0.0,False,127,PNG,606,56,10.821428571428571,0.826968411126827
Cmgazgf9.png,bali,train,0.0,250.8943328857422,0.0,0.12720007183908047,0.12369791666666667,256,1.0982364416122437,0.0,0.0,0.0,False,158,PNG,1411,53,26.62264150943396,0.8165492157308479
DR7xzzkP.png,jawa,train,0.0,251.87179565429688,0.0,0.12929280598958334,0.07275390625,256,0.7666252851486206,0.0,0.0,0.0,False,142,PNG,893,74,12.067567567567568,0.8710390121364365
vpkXnJK9.png,pegon,train,0.0,254.23106384277344,0.0,0.1816872734495258,0.05511693728586325,5,0.955910325050354,0.0,0.0,0.0,False,127,PNG,147,137,1.072992700729927,1.4272804012115796
hcGJmtKd.png,sunda,train,0.0,251.86810302734375,0.0,0.13028381642512077,0.06448143115942029,256,0.5541546940803528,0.0,0.0,0.0,False,138,PNG,782,70,11.17142857142857,0.6751918158567775
k9b3mpvL.png,sunda,train,0.0,254.60414123535156,0.0,0.12035647279549719,0.03208255159474672,5,0.9116595983505249,0.0,0.0,0.0,False,127,PNG,164,65,2.523076923076923,0.9575984990619136
7y8ztGPg.png,sunda,train,0.0,254.65487670898438,0.0,0.11399904443382704,0.03669374104156713,5,0.9258878231048584,0.0,0.0,0.0,False,127,PNG,161,65,2.476923076923077,0.9563306258958432
Xtyid4hD.png,jawa,train,0.0,208.5222625732422,0.0,0.22488524011299435,0.4779969985875706,256,1.0425676107406616,21.0,0.0,0.0,False,121,PNG,958,74,12.945945945945946,1.925069119223608
vOm3gsb4.png,jawa,train,0.0,250.6476287841797,0.0,0.19794077932098766,0.07822145061728394,256,0.6457237601280212,0.0,0.0,0.0,False,135,PNG,888,62,14.32258064516129,0.8786689915722173
hXV007OF.png,bali,train,0.0,250.31019592285156,0.0,0.13308057598039216,0.12814031862745098,256,1.0810664892196655,0.0,0.0,0.0,False,155,PNG,1390,62,22.41935483870968,0.914365281967974
hcZye5Sj.png,jawi,train,0.0,250.1034393310547,0.0,0.29295161732456143,0.07091214364035088,256,0.5782690048217773,0.0,0.0,0.0,False,130,PNG,804,80,10.05,0.9271144278606964
va9We9KL.png,bali,train,0.0,254.8511962890625,0.0,0.054931640625,0.016845703125,5,1.0915961265563965,0.0,0.0,0.0,False,127,PNG,64,64,1.0,0.900390625
nR4IvySO.png,lontara,train,0.0,251.44615173339844,0.0,0.14780970982142858,0.06875465029761904,256,0.665550947189331,0.0,0.0,0.0,False,137,PNG,841,61,13.78688524590164,0.86204947271983
9nhODgRn.png,sunda,train,0.0,254.61204528808594,0.0,0.23056592039800994,0.04337686567164179,5,0.8037722706794739,0.0,0.0,0.0,False,127,PNG,134,48,2.7916666666666665,1.2860696517412935
Q9IOZdPn.png,jawi,train,0.0,254.6252899169922,0.0,0.12482065997130559,0.039762246361959415,5,1.0954821109771729,0.0,0.0,0.0,False,127,PNG,238,41,5.804878048780488,1.0346382455421193
huxPExx2.png,jawa,train,0.0,250.1583709716797,0.0,0.1987111581920904,0.08931408898305085,256,0.6278918385505676,0.0,0.0,0.0,False,136,PNG,866,67,12.92537313432836,0.9612905449657028
Py8w6YjF.png,sunda,train,0.0,254.58375549316406,0.0,0.255575117370892,0.03589593114241001,5,0.9103168845176697,0.0,0.0,0.0,False,127,PNG,144,142,1.0140845070422535,1.0062597809076683
sgJcQYI6.jpg,lontara,train,17.45062255859375,221.06796264648438,38.664947509765625,0.1033944658944659,0.275965250965251,220,0.7615923881530762,1.0,0.0,0.0,False,158,JPEG,444,280,1.5857142857142856,9.155405405405403
tXC4Cr6n.png,jawi,train,0.0,254.7444610595703,0.0,0.11771137026239067,0.026785714285714284,5,0.8664423823356628,0.0,0.0,0.0,False,127,PNG,294,56,5.25,0.7949465500485908
GjJi4URV.png,jawi,train,0.0,254.69264221191406,0.0,0.1811857229280097,0.027525710828796127,5,0.8028197288513184,0.0,0.0,0.0,False,127,PNG,58,57,1.0175438596491229,1.2994555353901995
RDN1Ptew.png,lontara,train,0.0,252.05145263671875,0.0,0.12244591346153846,0.059970953525641024,256,0.7041068077087402,0.0,0.0,0.0,False,138,PNG,877,59,14.864406779661016,0.7518698181396517
LBV0oWS1.png,lampung,train,0.0,254.18246459960938,0.0,0.11128775834658187,0.058823529411764705,60,0.7485747337341309,0.0,0.0,0.0,False,155,PNG,102,37,2.756756756756757,2.111287758346582
AwDbaxa3.png,jawa,train,0.0,252.3299560546875,0.0,0.1075122974537037,0.06089048032407408,256,0.6813650727272034,0.0,0.0,0.0,False,142,PNG,967,91,10.626373626373626,0.6767503437617192
w0tvoyQC.png,jawi,train,0.0,250.32601928710938,0.0,0.24592391304347827,0.07589824879227053,256,0.5617895722389221,0.0,0.0,0.0,False,132,PNG,804,72,11.166666666666666,0.9188778330569376
fHEAkWZl.png,jawa,train,0.0,246.401611328125,0.0,0.21521686159844056,0.1876827485380117,28,1.1474226713180542,0.0,0.0,0.0,False,78,PNG,288,114,2.526315789473684,1.5419103313840157
30409Bsb.png,lampung,train,0.0,254.68051147460938,0.0,0.0923475258918297,0.02704257767548907,5,1.0077552795410156,0.0,0.0,0.0,False,127,PNG,176,79,2.2278481012658227,0.8446490218642118
eB13dJEf.png,bali,train,0.0,250.2281951904297,0.0,0.15198359929078015,0.11408466312056738,256,0.8843355178833008,0.0,0.0,0.0,False,146,PNG,1040,64,16.25,1.0241586538461538
UMBrKBBb.png,sunda,train,0.0,250.79165649414062,0.0,0.1525336371527778,0.09375,256,0.7132455706596375,0.0,0.0,0.0,False,142,PNG,799,50,15.98,0.9403754693366708
uGXVJZEH.png,jawi,train,0.0,254.81179809570312,0.0,0.14683393070489845,0.02007168458781362,5,0.8792778849601746,0.0,0.0,0.0,False,127,PNG,93,90,1.0333333333333334,0.8697729988052568
8Eum6Ec9.png,sunda,train,0.0,254.50567626953125,0.0,0.1662878787878788,0.055303030303030305,5,0.8944275975227356,0.0,0.0,0.0,False,127,PNG,120,44,2.727272727272727,1.2863636363636364
PJAWNugk.png,jawi,train,0.0,254.8529815673828,0.0,0.05779220779220779,0.017965367965367966,5,0.8865721225738525,0.0,0.0,0.0,False,127,PNG,84,55,1.5272727272727271,0.8173160173160173
4TLbxbnt.png,jawa,train,0.0,248.10025024414062,0.0,0.21184650157232704,0.11423938679245282,256,0.652214527130127,0.0,0.0,0.0,False,136,PNG,892,62,14.387096774193548,1.0782583538261248
AWstPzCd.png,lampung,train,0.0,251.9937744140625,0.0,0.10698198198198199,0.07467623873873874,256,0.7773216962814331,0.0,0.0,0.0,False,146,PNG,811,39,20.7948717948718,0.8048310095165829
bIVEz5kB.jpg,sunda,train,1.4770665168762207,254.51246643066406,0.0711822509765625,0.040805283679478,0.043144744171242144,212,0.5807911157608032,0.0,0.0,7.957348611442666e-06,False,185,JPEG,354,355,0.9971830985915492,0.251897827643829
NUi7Xsqy.png,lampung,train,0.0,254.71434020996094,0.0,0.07744694330060184,0.02771618625277162,5,1.0842093229293823,0.0,0.0,0.0,False,127,PNG,164,77,2.1298701298701297,0.8520747545137789
lsQVR0lI.png,jawa,train,4.825927734375,243.9934539794922,0.9033355712890625,0.1994337842088707,0.09863339275103981,256,0.5714434385299683,1.0,0.0,0.0,False,133,PNG,561,51,11.0,15.654119045122505
aWChNSBf.png,pegon,train,0.0,254.8705596923828,0.0,0.0993725966403562,0.019429265330904676,5,0.826531171798706,0.0,0.0,0.0,False,127,PNG,81,61,1.3278688524590163,0.9536531066585712
WtdYMinR.jpg,pegon,train,37.46553039550781,169.65213012695312,70.01667022705078,0.26129069903139224,0.9547321741159995,226,0.6575994491577148,1.0,0.0,0.0,False,142,JPEG,410,418,0.9808612440191388,6.880242735441708
vISSmeIs.png,lampung,train,0.0,252.91554260253906,0.0,0.13626889004689943,0.060187597707139134,82,0.7901486158370972,0.0,0.0,0.0,False,139,PNG,101,38,2.6578947368421053,2.640958832725378
vJNHumL4.png,sunda,train,0.0,254.55862426757812,0.0,0.18233082706766918,0.045426065162907266,5,0.8204699754714966,0.0,0.0,0.0,False,127,PNG,133,48,2.770833333333333,1.2280701754385963
JZhjImHR.png,jawi,train,0.0,250.32089233398438,0.0,0.2513798196517413,0.0728583644278607,256,0.56418377161026,0.0,0.0,0.0,False,131,PNG,790,69,11.44927536231884,0.9561548339754172
6XJFVlyu.png,pegon,train,0.0,254.36526489257812,0.0,0.19477989871445267,0.04489676665368134,5,0.8755581378936768,0.0,0.0,0.0,False,127,PNG,151,136,1.1102941176470589,1.2384105960264902
C3L3i6Jg.png,jawi,train,0.0,254.5524444580078,0.0,0.16374269005847952,0.03654970760233918,5,0.8221745491027832,0.0,0.0,0.0,False,127,PNG,36,38,0.9473684210526316,1.7894736842105263
56IrbZRC.png,bali,train,0.0,250.0111083984375,0.0,0.15288978494623656,0.13163642473118278,256,1.030272126197815,0.0,0.0,0.0,False,152,PNG,1374,56,24.535714285714285,0.932626325639426
cLcF0nUi.png,lampung,train,12.05296516418457,250.16275024414062,0.6957550048828125,0.15077094327176782,0.1903384729551451,256,0.486432284116745,0.0,0.0,0.0,False,191,PNG,640,758,0.8443271767810027,5.8567447229551455
RFosbPo8.png,lontara,train,0.0,252.5892333984375,0.0,0.12267287234042554,0.04657025709219858,256,0.656676709651947,0.0,0.0,0.0,False,135,PNG,957,58,16.5,0.5922242640435268
sFlWNNdA.png,lampung,train,0.0,251.2829132080078,0.0,0.16686795491143316,0.09440418679549115,111,0.7674095034599304,0.0,0.0,0.0,False,144,PNG,138,36,3.8333333333333335,3.0966183574879227
hCmQMvEz.png,bali,train,0.0,251.65199279785156,0.0,0.10941019144144144,0.1077561936936937,256,1.1142678260803223,0.0,0.0,0.0,False,161,PNG,1479,71,20.83098591549296,0.7544496186041196
jdtL6DH2.png,jawa,train,0.0,254.7436981201172,0.0,0.13837129054520358,0.023464458247066944,5,0.8653320670127869,0.0,0.0,0.0,False,127,PNG,69,42,1.6428571428571428,1.308488612836439
Iyo3cC12.png,sunda,train,0.0,254.74989318847656,0.0,0.17823616600790515,0.041501976284584984,5,0.9339811205863953,0.0,0.0,0.0,False,127,PNG,184,44,4.181818181818182,1.1452569169960474
zVEeiaMK.png,bali,train,0.0,250.61038208007812,0.0,0.14055266203703703,0.12659143518518517,256,1.0600180625915527,0.0,0.0,0.0,False,155,PNG,1400,65,21.53846153846154,0.9142857142857144
ZXLAYYKs.png,lontara,train,0.0,253.1327667236328,0.0,0.09568983843537415,0.03877019557823129,256,0.6753924489021301,0.0,0.0,0.0,False,136,PNG,945,60,15.75,0.5044091710758377
WkUuaX3b.png,jawa,train,8.645318984985352,229.55897521972656,2.7408905029296875,0.2346087230357424,0.2699312444234504,256,0.7767452597618103,4.0,0.0,0.0,False,133,PNG,657,58,11.327586206896552,20.799664094893192
wIBaPaG6.png,lontara,train,0.0,252.71665954589844,0.0,0.1048900462962963,0.04826388888888889,256,0.7144379019737244,0.0,0.0,0.0,False,138,PNG,949,55,17.254545454545454,0.6170706006322445
3NbzeLGv.png,jawa,train,0.0,250.73500061035156,0.0,0.17670272435897436,0.0915665064102564,256,0.6136391758918762,0.0,0.0,0.0,False,139,PNG,936,79,11.848101265822784,0.8857513794222655
eO8EF3c6.png,lontara,train,0.0,252.2051239013672,0.0,0.1452991452991453,0.05675747863247863,256,0.6840568780899048,0.0,0.0,0.0,False,136,PNG,939,48,19.5625,0.7009229676961306
BOgaZX5p.png,jawa,train,4.4083051681518555,247.1249237060547,0.9365386962890625,0.11086819424006727,0.06445238595753626,256,0.7327427268028259,1.0,0.0,0.0,False,138,PNG,355,67,5.298507462686567,15.082783266764768
2gzej8LI.png,lontara,train,0.0,254.39755249023438,0.0,0.22657608569639917,0.05031417375779638,5,0.8537027835845947,0.0,0.0,0.0,False,127,PNG,731,59,12.389830508474576,1.137795914581836
SMwV3uxE.png,jawa,train,0.0,251.7943115234375,0.0,0.13474025974025974,0.06278747294372294,256,0.6170239448547363,0.0,0.0,0.0,False,136,PNG,797,80,9.9625,0.7920953575909662
NwiJZKih.png,jawa,train,0.0,78.50035858154297,0.0,0.47523030644858055,0.3244265839443504,13,1.3382688760757446,0.0,0.0,0.0,True,132,PNG,591,72,8.208333333333334,2.156232374506486
PYyGodVd.png,lampung,train,0.0,249.03271484375,0.0,0.18575207860922147,0.15192743764172337,127,0.5993061065673828,0.0,0.0,0.0,False,144,PNG,147,36,4.083333333333333,3.484504913076341
PYUDpaj9.png,pegon,train,0.0,254.45619201660156,0.0,0.115962441314554,0.0392018779342723,5,1.0336092710494995,0.0,0.0,0.0,False,127,PNG,71,60,1.1833333333333331,1.419718309859155
iwxCZ1xU.png,jawi,train,0.0,254.72532653808594,0.0,0.2435064935064935,0.0633116883116883,5,0.8381014466285706,0.0,0.0,0.0,False,127,PNG,22,28,0.7857142857142857,2.9740259740259742
x2MmE1XN.png,sunda,train,0.0,254.78414916992188,0.0,0.1667447306791569,0.03395784543325527,5,0.7156778573989868,0.0,0.0,0.0,False,127,PNG,70,61,1.147540983606557,1.0379391100702575
TWaDlRbb.jpg,bali,train,62.38949966430664,247.93028259277344,30.071487426757812,0.04877722923452769,0.03298257668295331,256,0.6159324645996094,0.0,0.0,0.0,False,144,JPEG,960,1200,0.8,0.5335277777777778
K4HStmgL.png,jawi,train,0.0,254.7344512939453,0.0,0.11219806763285024,0.021014492753623187,5,0.8255050182342529,0.0,0.0,0.0,False,127,PNG,144,115,1.2521739130434784,0.717391304347826
sjULemgz.png,jawi,train,0.0,254.78305053710938,0.0,0.16193181818181818,0.03125,5,0.8617598414421082,0.0,0.0,0.0,False,127,PNG,33,32,1.03125,2.053030303030303
4reTZEMd.png,sunda,train,0.0,254.736083984375,0.0,0.1579861111111111,0.03993055555555555,5,0.8615854978561401,0.0,0.0,0.0,False,127,PNG,32,36,0.8888888888888888,2.111111111111111
LXsgL7t6.png,bali,train,0.0,251.03253173828125,0.0,0.12943892045454544,0.11535274621212122,256,1.0607826709747314,0.0,0.0,0.0,False,155,PNG,1333,76,17.539473684210527,0.8566352114344375
5aSIRB27.png,jawa,train,0.0,251.4236297607422,0.0,0.16201636904761904,0.07157324735449735,256,0.6468527913093567,0.0,0.0,0.0,False,137,PNG,872,71,12.28169014084507,0.8631606150665461
hUzGeXmE.png,jawa,train,0.0,253.3658447265625,0.0,0.13729685669162972,0.03661249511776793,20,0.746890127658844,0.0,0.0,0.0,False,80,PNG,727,81,8.975308641975309,0.8004483162667482
yDFD5PVJ.png,jawi,train,0.0,251.1929931640625,0.0,0.20421593468468469,0.06596635698198199,256,0.5850995182991028,0.0,0.0,0.0,False,133,PNG,797,77,10.35064935064935,0.8940018576154084
k6oYT60e.png,lampung,train,0.0,247.55654907226562,0.0,0.19114106884930188,0.1362542128069331,114,0.5458410382270813,0.0,0.0,0.0,False,140,PNG,134,31,4.32258064516129,3.9383726528647087
4sQkkgkH.png,lampung,train,60.6902961730957,219.42599487304688,26.537826538085938,0.36382973918934175,0.49768996274133454,244,0.539433479309082,0.0,0.0,0.00041549057242858757,False,146,PNG,425,521,0.8157389635316699,11.442429716608332
pXvxdew9.png,sunda,train,0.0,254.68849182128906,0.0,0.1715725806451613,0.03316532258064516,5,0.8346396684646606,0.0,0.0,0.0,False,127,PNG,160,62,2.5806451612903225,1.0830645161290322
nATmZSax.png,sunda,train,0.0,254.54373168945312,0.0,0.18125912028351052,0.05138628309360017,5,0.928905725479126,0.0,0.0,0.0,False,127,PNG,246,39,6.307692307692308,1.25328330206379
KfiwomIm.png,sunda,train,0.0,254.5492706298828,0.0,0.1660260921344665,0.04566123531640773,5,0.9275005459785461,0.0,0.0,0.0,False,127,PNG,754,49,15.387755102040815,0.980241433443404
OQL0J11R.png,lampung,train,0.0,253.28660583496094,0.0,0.06985562865497076,0.041301169590643276,256,0.7184288501739502,0.0,0.0,0.0,False,143,PNG,814,60,13.566666666666666,0.4997542997542997
yylkRMsd.png,bali,train,0.0,254.61036682128906,0.0,0.12807319798845224,0.03953250139690818,5,1.045934796333313,0.0,0.0,0.0,False,127,PNG,728,59,12.33898305084746,0.9662879493387968
Qq8v0hKp.jpg,jawa,train,3.9821557998657227,252.97811889648438,0.143829345703125,0.06960676589085339,0.08518962474611261,254,1.1024367809295654,0.0,0.0,0.0019728298871241634,False,172,JPEG,423,568,0.7447183098591549,0.8827289981020877
ydlfeeQR.jpg,bali,train,66.1859130859375,73.60399627685547,32.20711898803711,0.21183042173032407,0.7768419053819444,256,0.4398971498012543,1.0,0.0,0.0,True,133,JPEG,1477,1108,1.333032490974729,2.466121932202313
HIfjNZbW.png,pegon,train,0.0,254.3590545654297,0.0,0.19589596754951086,0.052970651395848244,5,0.9672972559928894,0.0,0.0,0.0,False,127,PNG,132,127,1.0393700787401574,1.4020520162252446
feJiIRPi.png,jawi,train,0.0,254.75680541992188,0.0,0.10134390834985679,0.02616215025335977,5,0.8670300245285034,0.0,0.0,0.0,False,127,PNG,267,68,3.926470588235294,0.7477417933465521
flLeRwE5.png,pegon,train,0.0,254.6813201904297,0.0,0.15704654197477164,0.029904306220095694,5,0.8225926756858826,0.0,0.0,0.0,False,127,PNG,605,76,7.9605263157894735,0.80852544584602
wZBZmXVo.png,jawa,train,0.0,250.67677307128906,0.0,0.18487079326923078,0.08563701923076923,256,0.6006757020950317,0.0,0.0,0.0,False,137,PNG,894,61,14.655737704918034,0.871969780320534
LnEnKwut.png,jawi,train,0.0,254.8390655517578,0.0,0.07032924215858173,0.02357295928307033,5,1.029951810836792,0.0,0.0,0.0,False,127,PNG,174,59,2.949152542372881,0.7099162283265147
9lVWK1Ji.png,lontara,train,0.0,252.02012634277344,0.0,0.13307291666666668,0.058359375,256,0.6229685544967651,0.0,0.0,0.0,False,136,PNG,776,51,15.215686274509803,0.7661208813422277
tgD6nPYV.png,bali,train,0.0,251.16810607910156,0.0,0.11633184523809524,0.11209077380952381,256,1.1168736219406128,0.0,0.0,0.0,False,158,PNG,1368,63,21.714285714285715,0.7701661561310684
tygv52KQ.png,jawi,train,0.0,254.81109619140625,0.0,0.10369625158357552,0.02205827557940234,5,0.8174507021903992,0.0,0.0,0.0,False,127,PNG,378,71,5.323943661971831,0.6274685147924585
CNGbKP8u.jpg,jawa,train,27.21368980407715,248.4563446044922,3.5432281494140625,0.3575957825957826,0.38153400653400654,256,0.8563681244850159,0.0,0.0,0.0,False,159,JPEG,481,280,1.7178571428571427,2.727769527769528
nOkBZWxv.png,jawa,train,54.081878662109375,227.0984344482422,85.39053344726562,0.20875763290229885,0.47054822198275864,222,0.7772359848022461,0.0,0.0,0.0,False,175,PNG,811,613,1.3230016313213704,0.4195171208284136
UrVnEj8D.png,jawa,train,8.432906150817871,221.27810668945312,2.410400390625,0.2836059614685569,0.35710650672482736,256,0.8836904764175415,9.0,0.0,0.0,False,130,PNG,655,42,15.595238095238097,22.0309705561614
d3DA6b8J.png,lampung,train,0.0,254.66644287109375,0.0,0.11042183622828784,0.027360585085542642,5,0.9202184677124023,0.0,0.0,0.0,False,127,PNG,247,62,3.983870967741936,0.8515084236646207
f915SexE.png,sunda,train,0.0,254.53289794921875,0.0,0.16540642722117202,0.04410838059231254,5,0.9213366508483887,0.0,0.0,0.0,False,127,PNG,207,46,4.5,1.1384162990968285
aqJNnSR5.png,pegon,train,0.0,254.2901611328125,0.0,0.30232426303854876,0.045691609977324264,5,0.7761446833610535,0.0,0.0,0.0,False,127,PNG,392,90,4.355555555555555,1.1299319727891155
kjcMI6OR.png,jawa,train,4.537295341491699,246.95594787597656,0.7772674560546875,0.14675512884380237,0.07051311081925637,256,0.5536808371543884,1.0,0.0,0.0,False,135,PNG,622,71,8.76056338028169,13.66170010416195
8BnKtmC3.png,sunda,train,0.0,254.3837890625,0.0,0.16947250280583614,0.054713804713804715,5,0.9213728308677673,0.0,0.0,0.0,False,127,PNG,162,44,3.6818181818181817,1.3468013468013469
WPV1C18L.png,jawi,train,0.0,254.22161865234375,0.0,0.25252525252525254,0.06868686868686869,5,0.7781713008880615,0.0,0.0,0.0,False,127,PNG,33,30,1.1,2.5939393939393938
DUacVKKU.png,jawi,train,0.0,252.8632354736328,0.0,0.09188988095238096,0.05423280423280423,256,0.7214775681495667,0.0,0.0,0.0,False,144,PNG,863,71,12.154929577464788,0.6269645684069656
URsVqMEu.png,jawi,train,0.0,252.78663635253906,0.0,0.07991217320261437,0.05542790032679738,256,0.8104192614555359,0.0,0.0,0.0,False,146,PNG,955,63,15.158730158730158,0.6088589711626361
OhpqFBTa.png,lontara,train,0.0,250.9159393310547,0.0,0.14998372395833334,0.080322265625,256,0.7326757907867432,0.0,0.0,0.0,False,139,PNG,946,39,24.256410256410252,0.9417249417249416
Sdp96BZz.png,lampung,train,0.0,252.32826232910156,0.0,0.12363636363636364,0.09858585858585858,51,0.5540308952331543,0.0,0.0,0.0,False,149,PNG,75,33,2.272727272727273,2.602020202020202
Vu0ZlUF2.png,lontara,train,0.0,251.3588409423828,0.0,0.1462673611111111,0.07042671783625731,256,0.6974190473556519,0.0,0.0,0.0,False,137,PNG,931,69,13.492753623188406,0.8356294462865238
2iSupLdX.png,jawa,train,0.0,230.3123779296875,0.0,0.23875596788194445,0.3354899088541667,256,1.1139506101608276,5.0,0.0,0.0,False,144,PNG,800,100,8.0,1.5279
Ls5iuy9U.png,jawi,train,0.0,254.7279815673828,0.0,0.08410994455585702,0.0283119027958004,5,1.1952883005142212,0.0,0.0,0.0,False,127,PNG,173,49,3.5306122448979598,0.93901144272738
7hjV2je5.png,lontara,train,0.0,251.78033447265625,0.0,0.1416455518018018,0.062148085585585586,256,0.6923266649246216,0.0,0.0,0.0,False,136,PNG,931,45,20.68888888888889,0.7494927795679676
3z3S2VTt.png,sunda,train,0.0,254.8290252685547,0.0,0.10777669289529608,0.0192837861122279,5,0.7686662077903748,0.0,0.0,0.0,False,127,PNG,757,92,8.228260869565217,0.522083740164264
AOARR7D1.png,jawa,train,0.0,253.99893188476562,0.0,0.10347419681668138,0.03555904173611792,21,0.8798436522483826,0.0,0.0,0.0,False,54,PNG,651,94,6.925531914893617,0.7241232800601366
6XQ6tGrT.png,jawa,train,0.0,252.43206787109375,0.0,0.11015307418699187,0.060403963414634144,256,0.6557164788246155,0.0,0.0,0.0,False,142,PNG,914,97,9.422680412371134,0.6956168648063344
p7peNOxs.png,jawa,train,0.0,249.41696166992188,0.0,0.23956473214285715,0.10005580357142857,256,0.7082656025886536,0.0,0.0,0.0,False,136,PNG,912,83,10.987951807228916,1.047558655675333
Wd45gxtK.png,sunda,train,0.0,254.7467498779297,0.0,0.08427819988310929,0.02489772063120982,5,0.9227846264839172,0.0,0.0,0.0,False,127,PNG,145,59,2.457627118644068,0.8752776154295734
xaCuetVe.png,lontara,train,0.0,252.19911193847656,0.0,0.14039713541666668,0.05563151041666667,256,0.6771223545074463,0.0,0.0,0.0,False,136,PNG,939,49,19.163265306122447,0.6805329160418161
9jyBqFhG.png,lampung,train,0.0,251.18167114257812,0.0,0.12986603624901497,0.08888888888888889,115,0.715729296207428,0.0,0.0,0.0,False,134,PNG,141,45,3.1333333333333333,2.567060677698976
zf8bKPv6.png,sunda,train,17.384906768798828,253.25515747070312,0.34588623046875,0.056000886140046294,0.06286847149884259,256,0.22764669358730316,0.0,0.0,0.0,False,168,PNG,1200,900,1.3333333333333333,2.0041777777777776
oeMEYdyX.png,jawi,train,0.0,254.840087890625,0.0,0.13745210727969348,0.025383141762452106,5,0.754503607749939,0.0,0.0,0.0,False,127,PNG,72,58,1.2413793103448276,1.067049808429119
nmQbW6CE.png,sunda,train,0.0,254.8019256591797,0.0,0.11452260429394309,0.02057950776749869,5,0.7936773300170898,0.0,0.0,0.0,False,127,PNG,674,85,7.929411764705883,0.6026880781986385
wFgWjzL4.png,jawi,train,0.0,252.2884979248047,0.0,0.09880208333333333,0.06458333333333334,256,0.7951768636703491,0.0,0.0,0.0,False,144,PNG,940,61,15.40983606557377,0.7475409836065574
BpMwF2nb.png,lontara,train,0.0,251.02252197265625,0.0,0.1636962890625,0.07706705729166667,256,0.7021912932395935,0.0,0.0,0.0,False,137,PNG,896,37,24.216216216216218,0.90492277992278
rhs7fk1u.png,sunda,train,0.0,254.80197143554688,0.0,0.10266779333655239,0.02384113954611299,5,0.8291955590248108,0.0,0.0,0.0,False,127,PNG,654,76,8.605263157894736,0.6084017382906808
iWeZ1ZEc.jpg,jawi,train,18.772602081298828,216.95223999023438,43.83055114746094,0.17246808510638298,0.47306382978723405,227,1.086778998374939,1.0,0.0,0.0,False,180,JPEG,235,300,0.7833333333333333,2.652822695035461
DycqI7mT.png,sunda,train,0.0,254.74517822265625,0.0,0.20173971227835397,0.036968885915021746,5,0.8231430649757385,0.0,0.0,0.0,False,127,PNG,122,49,2.489795918367347,1.17096018735363
h0LtJbi8.jpg,jawi,train,44.621212005615234,253.89588928222656,0.1509552001953125,0.10910824988078206,0.10848235574630424,255,1.161270022392273,0.0,0.0,0.0,False,214,JPEG,360,466,0.7725321888412017,0.8732951835956128
jvDi0wqt.png,pegon,train,0.0,254.53439331054688,0.0,0.16001810671646013,0.03434617778532224,5,0.868805468082428,0.0,0.0,0.0,False,127,PNG,137,129,1.062015503875969,1.1022463645108358
W5FUdAuZ.png,sunda,train,0.0,252.78585815429688,0.0,0.11860119047619047,0.05280877976190476,256,0.5998154878616333,0.0,0.0,0.0,False,139,PNG,791,72,10.98611111111111,0.6510745891276865
0S8GZuA8.png,lampung,train,0.0,253.34410095214844,0.0,0.16518353726362625,0.09315906562847609,84,0.6868629455566406,0.0,0.0,0.0,False,156,PNG,116,31,3.741935483870968,3.085650723025584
8dfolTMF.jpg,jawi,train,67.7115249633789,168.66744995117188,133.98135375976562,0.1134390570829068,0.9497350307952469,223,0.6765766143798828,0.0,0.0,0.0,False,115,JPEG,469,754,0.6220159151193634,1.5184856317126003
gb8TzDfD.webp,jawa,train,1.8023377656936646,221.22723388671875,1.2004241943359375,0.08642879533179013,0.6856825086805556,256,0.42596590518951416,0.0,0.0,0.0,False,137,WEBP,1200,675,1.7777777777777777,0.1137777777777777
Q5TmKwnk.jpg,pegon,train,21.481826782226562,165.25770568847656,37.2958984375,0.09410566165123457,0.9780213155864198,232,1.0027145147323608,1.0,0.0,0.0015492380401234567,False,117,JPEG,1280,720,1.7777777777777777,0.695703125
ueiukMHt.png,jawi,train,0.0,254.5550079345703,0.0,0.11155523255813954,0.0375484496124031,5,1.130555272102356,0.0,0.0,0.0,False,127,PNG,192,43,4.465116279069767,1.073643410852713
5NaVRwup.png,jawa,train,0.0,248.57325744628906,0.0,0.2391198799435028,0.11136122881355932,256,0.6465966105461121,0.0,0.0,0.0,False,135,PNG,920,71,12.95774647887324,1.05523576240049
CdikxegH.png,sunda,train,0.0,254.54092407226562,0.0,0.15602641717116125,0.053109521188772706,5,0.8703554272651672,0.0,0.0,0.0,False,127,PNG,79,46,1.7173913043478262,1.4023115024766095
jkF5oQI1.png,jawi,train,0.0,254.6180419921875,0.0,0.24675324675324675,0.03871128871128871,5,0.7827736735343933,0.0,0.0,0.0,False,127,PNG,91,44,2.0681818181818183,1.4885114885114883
vjr5eano.png,lontara,train,0.0,253.37684631347656,0.0,0.08851996527777778,0.0359375,256,0.6876368522644043,0.0,0.0,0.0,False,137,PNG,941,73,12.89041095890411,0.4948393577220386
l9oasdzR.png,jawa,train,0.0,250.49343872070312,0.0,0.20182291666666666,0.09716796875,256,0.6331698298454285,0.0,0.0,0.0,False,139,PNG,901,56,16.089285714285715,0.9457745362295862
UpC9L4O8.png,lontara,train,0.0,250.18055725097656,0.0,0.20673076923076922,0.08864182692307693,256,0.6838956475257874,0.0,0.0,0.0,False,136,PNG,873,30,29.1,1.0345933562428409
UAKR5XNh.png,sunda,train,0.0,254.878173828125,0.0,0.08771740886328146,0.015602283129610683,5,0.7651636004447937,0.0,0.0,0.0,False,127,PNG,758,98,7.73469387755102,0.436702385439664
1ypvFmrI.png,bali,train,0.0,250.71446228027344,0.0,0.1423611111111111,0.10912698412698413,256,0.9195657968521118,0.0,0.0,0.0,False,148,PNG,1177,64,18.390625,0.89517841971113
YDxAl6Al.png,lampung,train,0.0,254.79489135742188,0.0,0.07391552511415525,0.019235159817351598,5,0.9377989768981934,0.0,0.0,0.0,False,127,PNG,240,73,3.287671232876712,0.6853881278538813
wQoP5j1L.png,jawa,train,10.790133476257324,221.36563110351562,1.376983642578125,0.29281077871286115,0.38667403812683004,256,1.020190954208374,6.0,0.0,0.0,False,134,PNG,669,73,9.164383561643836,22.247230583369166
ewC4kNvj.png,lampung,train,0.0,253.6658477783203,0.0,0.21289858547111004,0.11508031647087029,74,0.7368740439414978,0.0,0.0,0.0,False,157,PNG,97,43,2.255813953488372,2.497242867417885
QE7E32zM.png,lontara,train,0.0,252.6019744873047,0.0,0.11435546875,0.05374348958333333,256,0.7099456191062927,0.0,0.25,0.0,False,138,PNG,957,50,19.14,0.6436781609195402
wB8xUuXl.png,jawa,train,9.888493537902832,225.53463745117188,3.2222442626953125,0.21044754699961046,0.3405703507800808,256,0.9031323194503784,6.0,0.0,0.0,False,138,PNG,687,71,9.67605633802817,21.762388010742768
IbsScyTb.png,bali,train,0.0,250.82936096191406,0.0,0.1309279057017544,0.1162280701754386,256,1.032312035560608,0.0,0.0,0.0,False,154,PNG,1384,69,20.057971014492757,0.829019016503309
SRt9vg3w.png,bali,train,0.0,250.72608947753906,0.0,0.12293836805555555,0.12123842592592593,256,1.0988647937774658,0.0,0.0,0.0,False,157,PNG,1415,66,21.439393939393938,0.8136203019595246
HVK6NnFG.png,lontara,train,0.0,252.01434326171875,0.0,0.14511376096491227,0.05927905701754386,256,0.6818643808364868,0.0,0.0,0.0,False,136,PNG,941,47,20.02127659574468,0.750853550998259
RlsASDTp.png,pegon,train,0.0,254.6070556640625,0.0,0.1431297709923664,0.03558902413864246,5,0.9437924027442932,0.0,0.0,0.0,False,127,PNG,148,131,1.1297709923664123,1.05797400453889
Z5Lj8agc.png,lontara,train,0.0,251.81874084472656,0.0,0.13253096846846846,0.06440033783783784,256,0.7032511234283447,0.0,0.0,0.0,False,138,PNG,896,43,20.837209302325583,0.7852990033222591
qGKbYhBh.png,jawi,train,0.0,254.8267059326172,0.0,0.08946525776496958,0.015754082612872238,5,0.820059597492218,0.0,0.0,0.0,False,127,PNG,347,90,3.855555555555556,0.5051552993916106
TS2tB1xT.png,sunda,train,0.0,252.87550354003906,0.0,0.07374131944444444,0.05357349537037037,256,0.7086808681488037,0.0,0.0,0.0,False,147,PNG,777,91,8.538461538461538,0.6075777504348933
x53ysTFo.png,jawa,train,0.0,250.23085021972656,0.0,0.18899147727272728,0.090625,256,0.6402403712272644,0.0,0.0,0.0,False,137,PNG,900,64,14.0625,0.9454166666666668
DdzFtwA6.png,jawi,train,0.0,250.1460418701172,0.0,0.16675967261904762,0.10515873015873016,256,0.812473714351654,0.0,0.0,0.0,False,143,PNG,842,46,18.30434782608696,0.9734586388515956
I9Qf0QxG.png,jawa,train,4.3068928718566895,245.54916381835938,0.796630859375,0.20486472424557753,0.093210197710718,256,0.5157744288444519,1.0,0.0,0.0,False,134,PNG,620,62,10.0,14.380645161290325
XVcZ3gSG.png,jawa,train,8.836748123168945,220.61367797851562,2.4514923095703125,0.30214704383282365,0.36085626911314983,256,0.913949728012085,8.0,0.0,0.0,False,129,PNG,654,48,13.625,22.021406727828747
p8u8qu95.png,lampung,train,0.0,252.7678680419922,0.0,0.12033462033462033,0.06349206349206349,79,0.8813201189041138,0.0,0.0,0.0,False,84,PNG,111,42,2.642857142857143,2.4984984984984986
D0aGeRWT.png,bali,train,0.0,251.37060546875,0.0,0.11859237938596491,0.11420641447368421,256,1.0933080911636353,0.0,0.0,0.0,False,159,PNG,1387,68,20.397058823529413,0.8211544170660333
KaAh5Zwo.png,pegon,train,0.0,254.24208068847656,0.0,0.22492753623188405,0.058454106280193235,5,0.9368901252746582,0.0,0.0,0.0,False,127,PNG,150,138,1.0869565217391304,1.4454106280193235
FUm1AYLk.png,jawa,train,4.631883144378662,247.6007843017578,1.6728363037109375,0.10828288387451844,0.06471289671619886,256,0.7434724569320679,1.0,0.0,0.0,False,139,PNG,552,79,6.987341772151899,14.521005320124749
vFM0SwNq.png,jawa,train,0.0,251.61599731445312,0.0,0.1408140120967742,0.07041750672043011,256,0.7034075856208801,0.0,0.0,0.0,False,139,PNG,911,74,12.31081081081081,0.7891535882754324
AssUogbY.png,pegon,train,0.0,254.23846435546875,0.0,0.218999342908101,0.05064301135830283,5,0.9371322989463806,0.0,0.0,0.0,False,127,PNG,159,134,1.1865671641791045,1.4024218529991552
EVqXrTOD.png,pegon,train,0.0,249.50306701660156,0.0,0.17059426229508196,0.11031420765027322,256,0.7637420296669006,0.0,0.0,0.0,False,141,PNG,893,71,12.577464788732394,1.1400091478321217
xYmtlcB4.png,lontara,train,0.0,252.20071411132812,0.0,0.12630208333333334,0.05226089015151515,256,0.6813498735427856,0.0,0.0,0.0,False,136,PNG,943,54,17.462962962962962,0.6563764188366521
A44qASyW.png,jawa,train,5.175439357757568,246.01559448242188,1.4044342041015625,0.16119488451994657,0.08947318190494369,256,0.6433565020561218,1.0,0.0,0.0,False,138,PNG,403,52,7.75,15.752242794426415
RagF0CFz.png,sunda,train,0.0,254.7060089111328,0.0,0.16371158392434987,0.03605200945626478,5,0.9306129217147827,0.0,0.0,0.0,False,127,PNG,72,47,1.5319148936170213,1.3404255319148937
a9VhX8SO.png,sunda,train,0.0,254.85614013671875,0.0,0.09998944516764592,0.01764416141856947,5,0.7821896076202393,0.0,0.0,0.0,False,127,PNG,661,86,7.686046511627907,0.523378953664286
mkQjEPgE.png,jawa,train,0.0,219.8566131591797,0.0,0.23787913602941177,0.34905407475490197,256,0.7633755803108215,15.0,0.0,0.0,False,120,PNG,1003,89,11.269662921348315,1.7217560800743836
59DTmuXq.png,lampung,train,0.0,254.17469787597656,0.0,0.0700280112044818,0.04061624649859944,61,0.8265534043312073,0.0,0.0,0.0,False,151,PNG,136,42,3.238095238095238,1.572829131652661
HG7HTZzW.jpg,lontara,train,27.584854125976562,160.88401794433594,25.27294921875,0.34282050694937377,0.9019302543905846,199,0.2554965019226074,0.0,0.0,0.005380898953586884,False,107,JPEG,367,238,1.5420168067226891,1.862752730520001
M8UhFbf6.png,lampung,train,0.0,254.7244873046875,0.0,0.06531954887218046,0.022145206766917294,5,1.1064715385437012,0.0,0.0,0.0,False,127,PNG,304,112,2.7142857142857144,0.6971334586466166
NbULgg51.png,lontara,train,0.0,252.36093139648438,0.0,0.14026988636363635,0.052734375,256,0.6630122661590576,0.0,0.0,0.0,False,135,PNG,942,54,17.444444444444443,0.6482661004953999
8aExM3bI.png,lampung,train,0.0,251.8306884765625,0.0,0.14514802631578946,0.04523026315789474,88,0.9424865245819092,0.0,0.0,0.0,False,79,PNG,128,38,3.3684210526315788,2.858552631578948
bb2lmRKe.png,lampung,train,0.0,254.6255340576172,0.0,0.10145951035781545,0.024756748273697428,5,0.8397961854934692,0.0,0.0,0.0,False,127,PNG,354,72,4.916666666666667,0.7451349654739485
FQfkMBIA.png,jawi,train,0.0,252.5716094970703,0.0,0.08827227011494253,0.055563038793103446,256,0.7475692629814148,0.0,0.0,0.0,False,143,PNG,884,67,13.194029850746269,0.6869723779293577
F8OWcAD4.png,jawa,train,0.0,255.0,0.0,0.2504679144385027,0.15862299465240642,19,1.1440119743347168,0.0,0.0,0.0,False,135,PNG,187,80,2.3375,1.9839572192513368
Jtk8o1u8.png,sunda,train,0.0,254.48611450195312,0.0,0.21238471673254283,0.04216073781291173,5,0.7923243045806885,0.0,0.0,0.0,False,127,PNG,69,55,1.2545454545454546,1.4355731225296442
KjO2MkOE.png,jawi,train,0.0,254.8072967529297,0.0,0.09038344491783323,0.018867924528301886,5,0.9030473828315735,0.0,0.0,0.0,False,127,PNG,62,53,1.169811320754717,0.9835666463785758
Z9rSQW7d.png,sunda,train,0.0,254.31398010253906,0.0,0.18593099744932207,0.05812860786682776,5,0.9125161170959473,0.0,0.0,0.0,False,127,PNG,191,39,4.897435897435898,1.3091690159752989
AKUar1TE.jpg,jawa,train,24.933609008789062,245.9049072265625,14.900955200195312,0.07638286072530864,0.08867730034722222,256,0.6043831706047058,0.0,0.0,0.0,False,163,JPEG,1280,720,1.7777777777777777,0.7082638888888889
1yslbfmO.png,sunda,train,0.0,254.839111328125,0.0,0.1494416726063198,0.028035162746495604,5,0.7840474843978882,0.0,0.0,0.0,False,127,PNG,69,61,1.1311475409836065,1.1081016868614872
gM4oNRpH.png,jawa,train,0.0,247.3404083251953,0.0,0.2764973958333333,0.12688802083333334,256,0.6627601981163025,0.0,0.0,0.0,False,134,PNG,951,74,12.85135135135135,1.1852104470401
V0SDWEzK.png,sunda,train,0.0,254.55166625976562,0.0,0.19690576652601968,0.0403187998124707,5,0.771542489528656,0.0,0.0,0.0,False,127,PNG,79,54,1.462962962962963,1.2433192686357244
0y6zV4nG.png,jawi,train,0.0,251.6847381591797,0.0,0.1938535391566265,0.05972326807228916,256,0.5580432415008545,0.0,0.0,0.0,False,133,PNG,790,85,9.294117647058824,0.7861801935964259
LkEMHDv3.png,jawi,train,0.0,254.71070861816406,0.0,0.139286061667153,0.026067503161171093,5,0.8072469830513,0.0,0.0,0.0,False,127,PNG,149,69,2.1594202898550723,0.8730668222935513
qD5voz8b.png,lampung,train,0.0,253.4013671875,0.0,0.0673266882183908,0.03946659482758621,256,0.728259265422821,0.0,0.0,0.0,False,143,PNG,789,60,13.15,0.5270806928601606
Age0JNbQ.png,sunda,train,0.0,254.13462829589844,0.0,0.20327868852459016,0.0585480093676815,5,0.9101483225822449,0.0,0.0,0.0,False,127,PNG,61,35,1.7428571428571429,1.862295081967213
ITHAgai3.png,sunda,train,0.0,254.6608123779297,0.0,0.20132275132275132,0.04206349206349207,5,0.7812491059303284,0.0,0.0,0.0,False,127,PNG,70,54,1.2962962962962965,1.346031746031746
YXbcy3oP.png,sunda,train,0.0,251.6338348388672,0.0,0.13423032407407406,0.08287037037037037,256,0.7224262356758118,0.0,0.0,0.0,False,144,PNG,801,47,17.04255319148936,0.8708263606661886
BxMTquT0.png,jawa,train,0.0,251.44944763183594,0.0,0.14825790229885058,0.07796785201149425,256,0.7250526547431946,0.0,0.0,0.0,False,140,PNG,880,67,13.134328358208956,0.932157394843962
7irIoeGE.png,jawi,train,0.0,254.61672973632812,0.0,0.13332252047684698,0.029600194631416755,5,0.8283993601799011,0.0,0.0,0.0,False,127,PNG,209,59,3.542372881355932,0.838861406211986
XN86ss86.png,lontara,train,0.0,252.3978729248047,0.0,0.13077445652173914,0.050951086956521736,256,0.6618435382843018,0.0,0.0,0.0,False,136,PNG,936,56,16.714285714285715,0.6561355311355311
daByV6JQ.png,jawi,train,0.0,254.86749267578125,0.0,0.10555555555555556,0.022469135802469137,5,0.9622496962547302,0.0,0.0,0.0,False,127,PNG,150,54,2.7777777777777777,0.9076543209876544
AUzSWcSf.png,lontara,train,0.0,254.49021911621094,0.0,0.1688734030197445,0.03670150987224158,5,0.8938005566596985,0.0,0.0,0.0,False,127,PNG,287,30,9.566666666666666,1.0099883855981415
wLhCitPX.png,bali,train,0.0,250.36097717285156,0.0,0.15045797413793102,0.13658405172413793,256,1.0475409030914307,0.0,0.0,0.0,False,155,PNG,1446,54,26.77777777777778,0.9078428359202908
3SpdonBg.png,jawa,train,0.0,252.88113403320312,0.0,0.08661048689138577,0.04766502808988764,256,0.7008002400398254,0.0,0.0,0.0,False,141,PNG,1032,120,8.6,0.5337855297157623
Dv1PC14L.png,jawa,train,0.0,254.7764434814453,0.0,0.1031484962406015,0.02138157894736842,5,0.8147408962249756,0.0,0.0,0.0,False,127,PNG,114,112,1.0178571428571428,0.8427318295739349
3oxgppGh.png,sunda,train,0.0,254.7435760498047,0.0,0.13818181818181818,0.024110007639419406,5,0.7846269011497498,0.0,0.0,0.0,False,127,PNG,425,77,5.51948051948052,0.6886478227654699
lGKE3TNF.png,bali,train,0.0,254.77755737304688,0.0,0.04413858566682487,0.01613668723303275,5,1.032090425491333,0.0,0.0,0.0,False,127,PNG,43,49,0.8775510204081632,1.158044613194115
8cpX2pVc.jpg,lampung,train,26.983396530151367,239.7109375,9.528518676757812,0.048336562148716844,0.25386859917246657,256,0.8441985845565796,0.0,0.0,0.0,False,143,JPEG,543,154,3.5259740259740258,1.872043242208988
KWYOosP9.png,lontara,train,0.0,252.20184326171875,0.0,0.13616071428571427,0.05577256944444445,256,0.6826114058494568,0.0,0.0,0.0,False,136,PNG,942,51,18.47058823529412,0.6978893468215311
kdPAng3j.jpg,lampung,train,70.57454681396484,209.45196533203125,157.94432067871094,0.06421802662037036,0.9687108169367284,223,0.28471606969833374,0.0,0.0,0.0,False,127,JPEG,1280,720,1.7777777777777777,0.5221440972222222
mgPKKBl4.png,lampung,train,0.0,249.35171508789062,0.0,0.15619694397283532,0.09711375212224109,78,0.5758993625640869,0.0,0.0,0.0,False,141,PNG,95,31,3.064516129032258,3.227164685908319
qNIF9xpH.png,jawi,train,0.0,250.08624267578125,0.0,0.24794560185185185,0.07782118055555555,256,0.5955548882484436,0.0,0.0,0.0,False,132,PNG,798,93,8.580645161290322,1.028700784218611
KK8NwYUb.png,jawi,train,0.0,254.47654724121094,0.0,0.22166660515924272,0.03673838432298778,5,0.8188797831535339,0.0,0.0,0.0,False,127,PNG,686,79,8.683544303797468,0.9642395837177548
L7GvB9SI.png,bali,train,0.0,254.54470825195312,0.0,0.1665124081679875,0.044860299647133686,5,0.9756906628608704,0.0,0.0,0.0,False,127,PNG,586,59,9.932203389830509,1.1442124139526813
lb8jqQ9Z.png,lampung,train,0.0,254.77903747558594,0.0,0.07140974967061924,0.019521299956082566,5,0.9391147494316101,0.0,0.0,0.0,False,127,PNG,759,60,12.65,0.5433465085638999
SN1gFQw5.png,lontara,train,0.0,252.44757080078125,0.0,0.11471354166666667,0.053046875,256,0.7079598903656006,0.0,0.0,0.0,False,138,PNG,868,57,15.228070175438596,0.672649365348856
ZXsmT0Fj.png,bali,train,0.0,249.59170532226562,0.0,0.1554783950617284,0.14583333333333334,256,1.0519521236419678,0.0,0.0,0.0,False,154,PNG,1400,49,28.571428571428573,0.946472303206997
PUbvkADa.png,bali,train,0.0,254.58633422851562,0.0,0.09653211761090053,0.034960557319946725,5,1.0754531621932983,0.0,0.0,0.0,False,127,PNG,454,86,5.27906976744186,0.8232763036574121
LbEfoyRL.png,sunda,train,0.0,254.8356170654297,0.0,0.1657142857142857,0.041428571428571426,5,0.8149735927581787,0.0,0.0,0.0,False,127,PNG,40,35,1.1428571428571428,1.7657142857142858
j2jfekri.png,lampung,train,0.0,248.12979125976562,0.0,0.1660919540229885,0.14942528735632185,105,0.5997195243835449,0.0,0.0,0.0,False,139,PNG,145,36,4.027777777777778,3.4681992337164758
1J9z8EVF.png,jawa,train,0.0,253.79380798339844,0.0,0.1251163537152945,0.04872412132883967,20,0.9888115525245667,0.0,0.0,0.0,False,45,PNG,465,67,6.940298507462686,0.984753651099342
8V7Dp51C.png,jawa,train,8.213909149169922,227.59591674804688,1.313507080078125,0.22531381129900768,0.3145496785347669,256,0.9038021564483643,4.0,0.0,0.0,False,137,PNG,669,83,8.060240963855422,21.55794478361878
Bfy60IEV.png,lontara,train,0.0,252.47181701660156,0.0,0.11650545634920635,0.055586557539682536,256,0.7361286878585815,0.0,0.0,0.0,False,139,PNG,937,51,18.37254901960784,0.6726515579550923
FVsfhuVO.png,lampung,train,0.0,254.77635192871094,0.0,0.08303790564494137,0.021748022907008453,5,0.9104135036468506,0.0,0.0,0.0,False,127,PNG,193,76,2.539473684210526,0.7275702208890101
f5oMjiQk.png,sunda,train,0.0,254.74331665039062,0.0,0.23673469387755103,0.05612244897959184,5,0.8315224051475525,0.0,0.0,0.0,False,127,PNG,28,35,0.8,2.4979591836734696
SduoL81h.png,jawi,train,0.0,254.37188720703125,0.0,0.1902925480113747,0.060223598613221144,5,0.9652246832847595,0.0,0.0,0.0,False,127,PNG,597,43,13.883720930232558,1.1474426395543609
xUX60Xgu.png,sunda,train,0.0,254.55545043945312,0.0,0.15330940988835726,0.04595295055821372,5,0.9328036904335022,0.0,0.0,0.0,False,127,PNG,228,44,5.181818181818182,1.0789473684210529
8GwoggUh.png,lontara,train,0.0,252.8065643310547,0.0,0.12062026515151515,0.044951467803030304,256,0.6603758931159973,0.0,0.0,0.0,False,136,PNG,938,54,17.37037037037037,0.5562662876095712
0N0V9FXy.png,bali,train,0.0,250.52476501464844,0.0,0.14833537581699346,0.10209865196078431,256,0.819796085357666,0.0,0.0,0.0,False,144,PNG,880,59,14.915254237288137,1.0366718027734978
VefKtaqY.png,sunda,train,0.0,254.66351318359375,0.0,0.18948863636363636,0.03721590909090909,5,0.7374886274337769,0.0,0.0,0.0,False,127,PNG,64,55,1.1636363636363636,1.2181818181818185
no4XV7SZ.png,pegon,train,0.0,254.390869140625,0.0,0.15145045254119285,0.04223717799953586,5,0.9268160462379456,0.0,0.0,0.0,False,127,PNG,155,139,1.1151079136690647,1.189324669296821
TF7oMvRR.png,lontara,train,0.0,252.1776885986328,0.0,0.13616071428571427,0.05524553571428571,256,0.6805047392845154,0.0,0.0,0.0,False,136,PNG,940,51,18.431372549019606,0.7072173550271172
pZGYnrBi.png,pegon,train,0.0,254.24517822265625,0.0,0.21042281219272368,0.05275030366128752,5,0.919501006603241,0.0,0.0,0.0,False,127,PNG,153,113,1.353982300884956,1.3409682457053618
LYew8Miu.png,sunda,train,0.0,254.4245147705078,0.0,0.1877808988764045,0.04845505617977528,5,0.9347901344299316,0.0,0.0,0.0,False,127,PNG,178,40,4.45,1.344943820224719
TxpoAc8g.png,jawa,train,0.0,252.56796264648438,0.0,0.09401041666666667,0.05706380208333333,256,0.7243991494178772,0.0,0.0,0.0,False,143,PNG,1005,105,9.571428571428571,0.6326462923477849
sS3UYDJU.png,lampung,train,0.0,254.83641052246094,0.0,0.05281531531531532,0.01632882882882883,5,0.9474833607673645,0.0,0.0,0.0,False,127,PNG,185,96,1.9270833333333333,0.6202702702702703
JcwVP8p1.png,lampung,train,0.0,249.85781860351562,0.0,0.13312757201646092,0.1117283950617284,96,0.5810288786888123,0.0,0.0,0.0,False,138,PNG,135,36,3.75,2.967901234567901
wcNVMVpy.png,bali,train,0.0,254.6627197265625,0.0,0.12212920636669053,0.03387123423473041,5,0.9717851877212524,0.0,0.0,0.0,False,127,PNG,542,67,8.08955223880597,0.8671035964090984
zNelCQlA.png,jawi,train,0.0,254.73158264160156,0.0,0.11398638968481375,0.029101002865329514,5,0.8951106667518616,0.0,0.0,0.0,False,127,PNG,698,64,10.90625,0.7406876790830945
9qNbmXLt.png,sunda,train,0.0,254.67784118652344,0.0,0.1319450206034459,0.036588401227910065,5,0.9042173027992249,0.0,0.0,0.0,False,127,PNG,709,51,13.901960784313726,0.8197129345391189
kVhRKlm2.png,lontara,train,0.0,250.65403747558594,0.0,0.15062736742424243,0.09096827651515152,256,0.7746546864509583,0.0,0.0,0.0,False,141,PNG,984,57,17.263157894736842,0.7754956496933391
ELZIsqgV.png,jawa,train,0.0,251.8130340576172,0.0,0.13993195564516128,0.06886340725806452,256,0.6628172993659973,0.0,0.0,0.0,False,139,PNG,912,74,12.324324324324325,0.7661213845424372
drKaI6XR.jpg,pegon,train,40.365928649902344,178.06019592285156,96.60733032226562,0.10874336023730684,0.9926445226269316,234,0.8111068606376648,0.0,0.0,3.449227373068433e-05,False,134,JPEG,1247,980,1.2724489795918368,4.094378344762123
J0fKb2vw.png,lampung,train,0.0,249.70286560058594,0.0,0.19285714285714287,0.16840659340659342,84,0.5937796831130981,0.0,0.0,0.0,False,151,PNG,130,28,4.642857142857143,3.536263736263736
cWr7qr33.png,sunda,train,0.0,254.5550537109375,0.0,0.1451870802686281,0.04469139750559642,5,0.9103125929832458,0.0,0.0,0.0,False,127,PNG,708,53,13.358490566037736,0.9009700458373308
4UCVa5j8.png,lontara,train,0.0,251.88290405273438,0.0,0.16138599537037038,0.060546875,256,0.6602787971496582,0.0,0.0,0.0,False,135,PNG,933,44,21.204545454545453,0.716554613660723
OOHUhQB2.png,jawi,train,0.0,248.4584503173828,0.0,0.29211309523809526,0.10128348214285714,256,0.5949507355690002,0.0,0.0,0.0,False,132,PNG,797,73,10.917808219178085,1.1845791581444114
nmvGAkFu.png,jawi,train,0.0,254.44956970214844,0.0,0.206575682382134,0.033498759305210915,5,0.8346037864685059,0.0,0.0,0.0,False,127,PNG,62,52,1.1923076923076923,1.4863523573200992
JUmOmSgQ.png,bali,train,0.0,251.36436462402344,0.0,0.12794569672131148,0.08924607240437159,256,0.8421928286552429,0.0,0.0,0.0,False,146,PNG,900,71,12.67605633802817,0.9234428794992176
rAfLy9SD.png,jawa,train,3.8232343196868896,248.15142822265625,1.36053466796875,0.14378471839017032,0.06242872383474966,256,0.5538458824157715,1.0,0.0,0.0,False,135,PNG,663,82,8.085365853658537,12.551668322113086
FVVfuJdX.png,bali,train,0.0,250.68850708007812,0.0,0.13292410714285716,0.12001488095238096,256,1.0520302057266235,0.0,0.0,0.0,False,154,PNG,1349,61,22.114754098360656,0.8959642236507918
88Ooz9IA.png,jawi,train,0.0,254.7432098388672,0.0,0.12012263099219621,0.023039762170196952,5,0.8648993968963623,0.0,0.0,0.0,False,127,PNG,156,69,2.260869565217391,0.864362690449647
oqcnYu2y.png,jawi,train,0.0,249.48988342285156,0.0,0.3065170094936709,0.08140493143459916,256,0.5678209662437439,0.0,0.0,0.0,False,131,PNG,810,83,9.759036144578314,1.039654915960137
bBwVfDRj.png,pegon,train,0.0,254.093994140625,0.0,0.24383468834688346,0.06924119241192411,5,0.9721387624740601,0.0,0.0,0.0,False,127,PNG,123,120,1.025,1.6883468834688349
Loi9EW9p.png,jawi,train,0.0,254.76742553710938,0.0,0.10249230769230769,0.02683076923076923,5,0.8769420385360718,0.0,0.0,0.0,False,127,PNG,500,65,7.6923076923076925,0.7096615384615385
3YQhv7gK.png,pegon,train,0.0,254.23568725585938,0.0,0.18635170603674542,0.048193443904618306,5,0.9162864685058594,0.0,0.0,0.0,False,127,PNG,141,127,1.110236220472441,1.3371307309990506
eErPkRSe.png,lampung,train,0.0,250.34176635742188,0.0,0.11969425922914295,0.09578793299723533,123,0.8179175853729248,0.0,0.0,0.0,False,116,PNG,143,43,3.3255813953488373,2.702228004553586
rDtYHUS6.png,jawa,train,0.0,252.10203552246094,0.0,0.15238444010416666,0.06292724609375,256,0.6544347405433655,0.0,0.0,0.0,False,137,PNG,853,71,12.014084507042254,0.8060366890675825
3Q4CXWh2.png,jawi,train,0.0,254.69992065429688,0.0,0.10306677018633541,0.022968426501035196,5,0.9285323023796082,0.0,0.0,0.0,False,127,PNG,276,56,4.928571428571429,0.7686335403726708
cVVGbu11.png,lampung,train,0.0,252.72344970703125,0.0,0.12886597938144329,0.09875203472599023,64,0.5513954162597656,0.0,0.0,0.0,False,140,PNG,97,38,2.5526315789473686,2.5089527943570267
2Xxw4tCi.png,sunda,train,0.0,254.69110107421875,0.0,0.14464909495077802,0.03540806605271515,5,0.9435033798217773,0.0,0.0,0.0,False,127,PNG,134,47,2.851063829787234,1.0987615115909812
TYJYoiL0.png,jawa,train,4.871472358703613,246.92498779296875,2.0271759033203125,0.14326636004195917,0.08137658355523279,256,0.77329421043396,1.0,0.0,0.0,False,139,PNG,486,51,9.529411764705882,15.634955216654562
bvV4zmMc.png,pegon,train,0.0,254.52249145507812,0.0,0.1647079772079772,0.04318019943019943,5,0.9074583649635315,0.0,0.0,0.0,False,127,PNG,108,104,1.0384615384615383,1.2314814814814814
d5RdQtn0.png,bali,train,0.0,254.5155029296875,0.0,0.09522757401679187,0.03800265134776845,5,1.1475005149841309,0.0,0.0,0.0,False,127,PNG,73,62,1.1774193548387095,1.4299602297834733
JDYNia3z.png,lampung,train,0.0,250.9170684814453,0.0,0.15725806451612903,0.09094982078853046,101,0.7445685863494873,0.0,0.0,0.0,False,108,PNG,124,36,3.4444444444444446,3.1129032258064515
P5yudurv.jpg,lampung,train,0.0,252.68878173828125,0.0,0.05722384982638889,0.05260891384548611,256,0.7771520614624023,0.0,0.0,0.0,False,155,JPEG,952,476,2.0,0.6718628627921757
hXjpkoQs.png,bali,train,0.0,250.21328735351562,0.0,0.1485595703125,0.13309733072916666,256,1.0495210886001587,0.0,0.0,0.0,False,154,PNG,1402,59,23.76271186440678,0.9282622887400566
RHE19o0W.png,jawa,train,0.0,254.7534637451172,0.0,0.18956043956043955,0.03309190809190809,5,0.739666223526001,0.0,0.0,0.0,False,127,PNG,88,91,0.967032967032967,1.045954045954046
PBmR49Uf.png,jawa,train,8.758407592773438,221.50802612304688,3.5314178466796875,0.27846632431364804,0.3665810784120087,256,0.9715518951416016,8.0,0.0,0.0,False,131,PNG,664,61,10.885245901639344,22.010863124629665
JvdxphQC.png,jawa,train,0.0,255.0,0.0,0.14151305683563747,0.052309633530831685,18,0.8894679546356201,0.0,0.0,0.0,False,136,PNG,588,62,9.483870967741936,0.8885231511959623
8DzvCPeU.png,lampung,train,0.0,254.7982940673828,0.0,0.059222846441947564,0.0206772784019975,5,1.0781919956207275,0.0,0.0,0.0,False,127,PNG,178,72,2.4722222222222223,0.7403245942571786
3CimsDAy.png,lontara,train,0.0,252.272216796875,0.0,0.11145213293650794,0.057136656746031744,256,0.7465815544128418,0.0,0.0,0.0,False,139,PNG,921,50,18.42,0.7294679695982628
dKpZfhoe.jpg,pegon,train,111.75596618652344,86.91444396972656,36.23829650878906,0.4630561440677966,0.5358955685028248,245,0.48175048828125,0.0,0.0,0.0,True,169,JPEG,738,1600,0.46125,0.7219918699186992
Zc20rlVi.png,jawi,train,0.0,254.556396484375,0.0,0.14784320744585644,0.03364954358331842,5,0.9336451888084412,0.0,0.0,0.0,False,127,PNG,151,37,4.081081081081081,1.151243959190979
5x79ioxC.png,lontara,train,0.0,252.86941528320312,0.0,0.1069064670138889,0.04440646701388889,256,0.6865134835243225,0.0,0.0,0.0,False,137,PNG,950,59,16.10169491525424,0.5843354148082069
M1WsjN7B.png,bali,train,0.0,251.2951202392578,0.0,0.12477678571428572,0.12046130952380953,256,1.1231474876403809,0.0,0.0,0.0,False,160,PNG,1377,62,22.20967741935484,0.8399746995572422
b29ZHVzg.png,jawa,train,0.0,252.78541564941406,0.0,0.08938172043010753,0.05134128584229391,256,0.7033275961875916,0.0,0.0,0.0,False,142,PNG,932,113,8.247787610619469,0.5967564282730069
ruBJ8985.png,bali,train,0.0,250.31402587890625,0.0,0.14192708333333334,0.1282354797979798,256,1.0599504709243774,0.0,0.0,0.0,False,154,PNG,1410,61,23.114754098360656,0.9079874433205442
tyCBHhT7.png,bali,train,0.0,250.83836364746094,0.0,0.13820684523809523,0.13253348214285715,256,1.105912685394287,0.0,0.0,0.0,False,158,PNG,1384,76,18.210526315789476,0.907058107696988
utXFcWR0.png,lampung,train,0.0,248.26742553710938,0.0,0.19232536764705882,0.12959558823529413,118,0.7124749422073364,0.0,0.0,0.0,False,143,PNG,136,32,4.25,4.071691176470588
9f2RmkhZ.png,lontara,train,0.0,252.2919158935547,0.0,0.12028356481481481,0.055989583333333336,256,0.7061562538146973,0.0,0.0,0.0,False,138,PNG,895,52,17.21153846153846,0.7152556940266438
uMgNTXf7.png,jawi,train,0.0,254.4084014892578,0.0,0.13360029122679287,0.044048052420822714,5,1.0057090520858765,0.0,0.0,0.0,False,127,PNG,67,41,1.6341463414634143,1.7036767382599198
s2rSilLa.png,jawa,train,5.7448649406433105,244.5446319580078,1.7159576416015625,0.1613492582897033,0.09053228621291448,256,0.5802033543586731,1.0,0.0,0.0,False,134,PNG,573,64,8.953125,15.476876090750435
Su78hVU3.png,bali,train,0.0,254.63299560546875,0.0,0.09348466470282446,0.03534915959105874,5,1.1019972562789917,0.0,0.0,0.0,False,127,PNG,199,58,3.431034482758621,0.9655172413793104
0ZA9rEyg.png,jawi,train,0.0,254.43753051757812,0.0,0.2107726005575468,0.03723616089207487,5,0.8342873454093933,0.0,0.0,0.0,False,127,PNG,486,62,7.838709677419355,1.008363201911589
8bO3UPdr.png,sunda,train,0.0,254.7764129638672,0.0,0.16787790697674418,0.03815406976744186,5,0.9138737320899963,0.0,0.0,0.0,False,127,PNG,64,43,1.4883720930232558,1.337209302325581
sKvUwKyY.png,bali,train,0.0,254.6426239013672,0.0,0.09004940014114327,0.036556104446012705,5,1.168473720550537,0.0,0.0,0.0,False,127,PNG,109,65,1.676923076923077,1.144954128440367
1cLaweRD.png,sunda,train,0.0,252.08120727539062,0.0,0.14967757936507936,0.06551752645502645,256,0.5663777589797974,0.0,0.0,0.0,False,138,PNG,787,65,12.107692307692307,0.7031179747825237
kI1F48fG.jpg,sunda,train,24.2303466796875,243.14100646972656,10.623672485351562,0.1994925132865616,0.30504004521141476,256,1.1936606168746948,0.0,0.0,0.01520747586726568,False,200,JPEG,566,619,0.91437802907916,1.670881451332081
QXjb5GEa.jpg,lampung,train,43.6810302734375,250.24951171875,0.680328369140625,0.08651318962191358,0.11234085648148148,256,0.6746836304664612,0.0,0.0,0.0,False,174,JPEG,720,1280,0.5625,0.429140625
2v8NSzWR.jpg,pegon,train,16.147502899169922,234.05189514160156,1.8970947265625,0.1704369883546639,0.44735962181482763,254,1.1470973491668701,0.0,0.0,0.002542372881355932,False,192,JPEG,490,354,1.384180790960452,7.058549521503517
TOVwIVEf.png,sunda,train,0.0,254.58651733398438,0.0,0.16588281403096217,0.045071526553008036,5,0.7716091871261597,0.0,0.0,0.0,False,127,PNG,162,63,2.571428571428572,1.038604742308446
7FbIlPLp.png,sunda,train,0.0,254.4311065673828,0.0,0.21875,0.04600694444444445,5,0.8853129744529724,0.0,0.0,0.0,False,127,PNG,32,36,0.8888888888888888,2.458333333333333
UJpfbfsg.png,sunda,train,0.0,254.69187927246094,0.0,0.18734177215189873,0.04257767548906789,5,0.7913835644721985,0.0,0.0,0.0,False,127,PNG,79,55,1.4363636363636365,1.279631760644419
gAfWps2z.png,lontara,train,0.0,254.6659698486328,0.0,0.11688790560471976,0.024705014749262538,5,0.91641765832901,0.0,0.0,0.0,False,127,PNG,113,48,2.3541666666666665,1.0117994100294985
v39deMFw.png,jawi,train,0.0,250.90362548828125,0.0,0.2090863453815261,0.06750439257028112,256,0.574733555316925,0.0,0.0,0.0,False,132,PNG,789,85,9.282352941176471,0.90121523894729
9l4LMazG.png,lontara,train,51.19672775268555,2.342390537261963,2.218431234359741,0.07575894579475309,0.0755811149691358,232,0.6951489448547363,0.0,1.0,0.0,True,91,PNG,1366,768,1.7786458333333333,0.8080161054172768
7IGLH2dO.png,lampung,train,0.0,254.8060302734375,0.0,0.08063392546151167,0.02084058980610705,5,0.9543811082839966,0.0,0.0,0.0,False,127,PNG,174,99,1.7575757575757576,0.7755718100545687
xYBnbe3B.png,jawi,train,0.0,254.75177001953125,0.0,0.081935432821649,0.02108719734135148,5,0.899465024471283,0.0,0.0,0.0,False,127,PNG,356,71,5.014084507042254,0.6539009336920398
RJm0mhjJ.png,bali,train,0.0,251.12635803222656,0.0,0.12383497807017543,0.11872944078947369,256,1.09041428565979,0.0,0.0,0.0,False,158,PNG,1345,66,20.37878787878788,0.8570462994254816
2gBPYKUy.png,lampung,train,0.0,252.9728240966797,0.0,0.07539380081300813,0.051003556910569105,254,0.8348807096481323,0.0,0.0,0.0,False,145,PNG,917,49,18.714285714285715,0.6026750940288874
C2kiRpvg.png,lampung,train,0.0,254.72799682617188,0.0,0.08538011695906433,0.02287581699346405,5,0.9653632640838623,0.0,0.0,0.0,False,127,PNG,306,95,3.221052631578947,0.7493636050911593
ZkPkzMVZ.png,lontara,train,0.0,252.692626953125,0.0,0.1040534420289855,0.047044836956521736,256,0.6896941661834717,0.0,0.0,0.0,False,137,PNG,869,52,16.71153846153846,0.6357440028326105
TlLIdWBx.png,bali,train,0.0,251.20413208007812,0.0,0.1305450790229885,0.10221354166666667,256,0.9376522898674011,0.0,0.0,0.0,False,150,PNG,985,74,13.31081081081081,0.972094937577171
zvVGHDa8.png,lampung,train,0.0,250.15576171875,0.0,0.14745534209639366,0.09622514324233232,101,0.6922662258148193,0.0,0.0,0.0,False,111,PNG,138,43,3.2093023255813957,2.388945062352545
meR0J78v.png,sunda,train,0.0,254.72091674804688,0.0,0.11507345113902491,0.027863529912710242,5,0.8491822481155396,0.0,0.0,0.0,False,127,PNG,488,77,6.337662337662338,0.7223759846710667
2K3X6GAy.png,bali,train,0.0,250.3248748779297,0.0,0.13981559684684686,0.13013795045045046,256,1.076559066772461,0.0,0.0,0.0,False,155,PNG,1378,66,20.87878787878788,0.9507850639926112
fpsgb5GV.png,lampung,train,0.0,251.10958862304688,0.0,0.14186507936507936,0.12361111111111112,106,0.5974064469337463,0.0,0.0,0.0,False,151,PNG,144,35,4.114285714285714,2.984126984126984
6Cev0IvT.png,jawi,train,0.0,250.6250762939453,0.0,0.22145061728395063,0.075536908436214,256,0.5712850093841553,0.0,0.0,0.0,False,133,PNG,778,82,9.48780487804878,0.965201580036366
DDZDSwBa.png,sunda,train,0.0,254.63246154785156,0.0,0.1690270935960591,0.03863916256157635,5,0.8678691983222961,0.0,0.0,0.0,False,127,PNG,112,58,1.9310344827586208,1.2413793103448276
d81F6pxi.jpg,lampung,train,58.485260009765625,246.30299377441406,26.746002197265625,0.12273634131368938,0.102643972529159,256,0.4716363251209259,0.0,0.0,0.0,False,135,JPEG,735,1040,0.7067307692307693,0.9100575614861328
latPvf22.png,lampung,train,0.0,253.57992553710938,0.0,0.17857142857142858,0.07936507936507936,99,0.7422333359718323,0.0,0.0,0.0,False,149,PNG,154,36,4.277777777777778,2.505050505050505
nVk03uTF.png,sunda,train,0.0,254.52076721191406,0.0,0.19225230414746544,0.03542626728110599,5,0.8032287359237671,0.0,0.0,0.0,False,127,PNG,124,56,2.2142857142857144,1.228110599078341
0QFllkcj.png,lampung,train,0.0,250.9601287841797,0.0,0.15083440308087293,0.0977214377406932,128,0.7273781299591064,0.0,0.0,0.0,False,142,PNG,152,41,3.707317073170732,2.5802310654685496
0RDJIi3l.png,sunda,train,0.0,254.43804931640625,0.0,0.1538249862410567,0.04100165107319758,5,0.8891382217407227,0.0,0.0,0.0,False,127,PNG,79,46,1.7173913043478262,1.3428728673637864
zSKBF5ad.png,jawa,train,0.0,241.83267211914062,0.0,0.4097566574839302,0.3172635445362718,20,1.3214682340621948,0.0,0.0,0.0,False,52,PNG,605,72,8.402777777777779,1.89366391184573
GwIOVaAX.png,jawa,train,0.0,253.43292236328125,0.0,0.15567249263922822,0.060013781870575704,14,0.9834011197090149,0.0,0.0,0.0,False,43,PNG,313,51,6.137254901960785,1.192758253461129
oJequP2s.png,jawi,train,0.0,254.66189575195312,0.0,0.15886273864384465,0.0315174456879526,5,0.787251889705658,0.0,0.0,0.0,False,127,PNG,434,56,7.75,0.739302172481896
KpRcwnvc.jpg,lontara,train,56.99052429199219,87.55613708496094,105.77935791015625,0.060314575761373605,0.945152901366086,223,0.5902287364006042,0.0,0.0,0.0,True,166,JPEG,404,316,1.2784810126582278,3.918598821907507
NZBjmIhk.png,jawa,train,0.0,252.14041137695312,0.0,0.17368237617627696,0.010513882972543857,26,1.1924347877502441,0.0,0.0,0.0,False,39,PNG,527,98,5.377551020408164,1.5837044495217445
vS2CTeHK.png,jawa,train,0.0,252.70619201660156,0.0,0.11474212398373984,0.05392530487804878,256,0.6791406273841858,0.0,0.0,0.0,False,139,PNG,804,86,9.348837209302326,0.7040379497859539
eKB19B9H.png,bali,train,0.0,250.23944091796875,0.0,0.1467013888888889,0.12767650462962962,256,1.034637451171875,0.0,0.0,0.0,False,153,PNG,1335,62,21.532258064516128,0.9349281140509846
Tm8uX9iq.png,bali,train,0.0,250.5741424560547,0.0,0.1337890625,0.12669994212962962,256,1.0635265111923218,0.0,0.0,0.0,False,156,PNG,1360,63,21.58730158730159,0.8901027077497665
mpyCVm2l.png,lampung,train,0.0,251.1965789794922,0.0,0.1368083400160385,0.1132317562149158,117,0.5590149164199829,0.0,0.0,0.0,False,148,PNG,145,43,3.372093023255814,2.5276663993584605
4pwX2kyE.png,jawi,train,0.0,250.34718322753906,0.0,0.2354386737089202,0.0800506161971831,256,0.5780736207962036,0.0,0.0,0.0,False,133,PNG,829,77,10.766233766233766,0.9814359343913024
pTjUat0g.png,bali,train,0.0,251.1469268798828,0.0,0.12720352564102563,0.09832398504273504,256,0.9456089735031128,0.0,0.0,0.0,False,149,PNG,1416,71,19.943661971830984,0.7689981698098194
YRgtG06r.png,jawa,train,0.0,250.73992919921875,0.0,0.16989182692307692,0.08828125,256,0.6652875542640686,0.0,0.0,0.0,False,139,PNG,917,78,11.756410256410255,0.9253138718787574
ZJApdQO8.png,bali,train,0.0,250.840576171875,0.0,0.13742897727272727,0.12511837121212122,256,1.0785951614379883,0.0,0.0,0.0,False,156,PNG,1379,59,23.372881355932204,0.8973341035631323
BBsr7HcW.png,lontara,train,0.0,252.31124877929688,0.0,0.11390128968253968,0.05617559523809524,256,0.74345862865448,0.0,0.0,0.0,False,139,PNG,930,51,18.235294117647054,0.7008222643896268
qWzOPFo0.png,jawi,train,0.0,250.7313995361328,0.0,0.2513912671232877,0.07033033675799087,256,0.5663223266601562,0.0,0.0,0.0,False,132,PNG,802,76,10.552631578947368,0.9304370652316576
N8Yk7V2S.png,pegon,train,0.0,254.59121704101562,0.0,0.15536042240587694,0.033344811753902664,5,0.8874298930168152,0.0,0.0,0.0,False,127,PNG,132,132,1.0,1.0748393021120295
RZCNpDjT.png,lampung,train,0.0,249.10748291015625,0.0,0.17532467532467533,0.10227272727272728,117,0.5601655840873718,0.0,0.0,0.0,False,142,PNG,154,40,3.85,3.033766233766234
k7EpqbzA.png,bali,train,0.0,250.8386993408203,0.0,0.143565188172043,0.13722278225806453,256,1.0920501947402954,0.0,0.0,0.0,False,159,PNG,1518,61,24.885245901639344,0.8545324953022744
uKajDrCg.png,sunda,train,0.0,254.5986785888672,0.0,0.1636072261072261,0.0472027972027972,5,0.9419167041778564,0.0,0.0,0.0,False,127,PNG,156,44,3.5454545454545454,1.2132867132867131
Stz7sK8i.png,jawa,train,8.417340278625488,227.5638885498047,2.066070556640625,0.23276485788113696,0.3030697674418605,256,0.8459967374801636,4.0,0.0,0.0,False,134,PNG,645,75,8.6,21.31464599483204
bVgj6Mdi.png,jawa,train,0.0,250.90167236328125,0.0,0.15994318181818182,0.07904829545454546,256,0.6436203122138977,0.0,0.0,0.0,False,138,PNG,861,62,13.887096774193548,0.7953242666067214
cb7H0D9R.png,jawi,train,0.0,254.6502685546875,0.0,0.18303571428571427,0.04196428571428571,5,0.8139325380325317,0.0,0.0,0.0,False,127,PNG,35,32,1.09375,1.8928571428571428
8ceaN5wf.png,sunda,train,0.0,254.56321716308594,0.0,0.17427444350521273,0.04353338968723584,5,0.8971560597419739,0.0,0.0,0.0,False,127,PNG,169,42,4.023809523809524,1.1518737672583828
rcZRQhKq.png,lampung,train,0.0,249.11582946777344,0.0,0.1750236518448439,0.14364553768527277,130,0.5601834654808044,0.0,0.0,0.0,False,144,PNG,151,42,3.595238095238096,2.8659728792179124
kNo6RDgF.png,jawi,train,0.0,254.76199340820312,0.0,0.09890652557319224,0.025114638447971783,5,0.9191011190414429,0.0,0.0,0.0,False,127,PNG,450,63,7.142857142857143,0.744973544973545
4cnCZdqC.png,lontara,train,0.0,252.50474548339844,0.0,0.11779698581560284,0.0499501329787234,256,0.6875016093254089,0.0,0.0,0.0,False,136,PNG,934,57,16.385964912280702,0.6357864683121079
pUEcgZgt.png,jawi,train,0.0,254.84750366210938,0.0,0.08145037264876376,0.020406956110256714,5,0.9057979583740234,0.0,0.0,0.0,False,127,PNG,214,79,2.7088607594936707,0.7206908789778776
GlbexYJY.png,jawa,train,0.0,251.0646514892578,0.0,0.17134996639784947,0.08236727150537634,256,0.6388363838195801,0.0,0.0,0.0,False,138,PNG,869,70,12.414285714285716,0.9284892322867008
5qK8FD2Q.png,lontara,train,0.0,254.77685546875,0.0,0.10593708037598312,0.018271628620755802,5,0.8828417658805847,0.0,0.0,0.0,False,127,PNG,401,52,7.711538461538462,0.5954344906963361
Qloh0D5F.png,jawi,train,0.0,254.55178833007812,0.0,0.12949852507374632,0.04959029826286464,5,1.1141489744186401,0.0,0.0,0.0,False,127,PNG,678,45,15.066666666666666,0.929006882989184
hbVoPQCx.png,sunda,train,0.0,254.62252807617188,0.0,0.14508783344176968,0.02911515940143136,5,0.8346014618873596,0.0,0.0,0.0,False,127,PNG,106,58,1.827586206896552,1.0982433311646065
KRf6HW6W.png,pegon,train,0.0,254.38421630859375,0.0,0.16534653465346535,0.051595159515951595,5,0.9697694182395935,0.0,0.0,0.0,False,127,PNG,101,90,1.1222222222222222,1.4433443344334431
WjjjhAoK.png,jawa,train,0.0,221.78245544433594,0.0,0.2572961566091954,0.32630657327586204,256,0.757587194442749,13.0,0.0,0.0,False,121,PNG,990,75,13.2,1.7037575757575758
HtTc2pix.png,lontara,train,0.0,251.76031494140625,0.0,0.15491615853658536,0.06135670731707317,256,0.6916522979736328,0.0,0.0,0.0,False,135,PNG,935,50,18.7,0.757903743315508
fyBYiJYM.png,bali,train,0.0,254.58786010742188,0.0,0.14393939393939395,0.041294642857142856,5,1.0207829475402832,0.0,0.0,0.0,False,127,PNG,448,66,6.787878787878788,1.088474025974026
cgV69blO.jpg,jawi,train,3.5434117317199707,245.25526428222656,0.22222900390625,0.057807224524248,0.16915093615715163,256,0.8982462882995605,0.0,0.0,0.0,False,164,JPEG,1080,763,1.415465268676278,0.6506674433279938
GzgHn1P7.png,lampung,train,0.0,249.0916748046875,0.0,0.16858421220837327,0.1144135506551614,137,0.7024222016334534,0.0,0.0,0.0,False,141,PNG,149,42,3.5476190476190474,3.0591243208692878
lqAQn4yG.png,lampung,train,0.0,252.1663818359375,0.0,0.19255172413793104,0.07696551724137932,79,0.7487726807594299,0.0,0.0,0.0,False,143,PNG,125,29,4.310344827586207,3.034482758620689
wWTo0MFR.png,lontara,train,0.0,254.71932983398438,0.0,0.09298772456667194,0.023523523523523524,5,0.9147611260414124,0.0,0.0,0.0,False,127,PNG,703,54,13.01851851851852,0.6813128918392076
NRYHEHUN.png,lontara,train,0.0,254.5672607421875,0.0,0.13883544303797468,0.030835443037974683,5,0.8990916609764099,0.0,0.0,0.0,False,127,PNG,395,50,7.9,0.8530632911392405
P64Ivxum.png,jawi,train,0.0,251.39222717285156,0.0,0.21100884703196346,0.061715182648401826,256,0.5664294362068176,0.0,0.0,0.0,False,132,PNG,832,79,10.531645569620252,0.7923563777994158
UVZEzER1.png,lontara,train,0.0,251.1706085205078,0.0,0.17850378787878787,0.07275883838383838,256,0.6718534231185913,0.0,0.0,0.0,False,136,PNG,847,36,23.52777777777778,0.8999081726354453
esHtTrpO.png,lontara,train,0.0,252.506591796875,0.0,0.11354166666666667,0.04971064814814815,256,0.7101073861122131,0.0,0.0,0.0,False,137,PNG,947,56,16.910714285714285,0.6245285865138029
hGhWp1NA.png,jawa,train,0.0,251.28562927246094,0.0,0.1293196097883598,0.08335400132275132,256,0.7311804890632629,0.0,0.0,0.0,False,143,PNG,928,76,12.210526315789474,0.8347323049001815
kqud6xaj.png,bali,train,0.0,254.64071655273438,0.0,0.11164736164736165,0.043758043758043756,5,1.1639864444732666,0.0,0.0,0.0,False,127,PNG,111,56,1.9821428571428568,1.277992277992278
57yHneEm.png,sunda,train,0.0,252.1432342529297,0.0,0.14455068407960198,0.06512360074626866,256,0.6048558950424194,0.0,0.0,0.0,False,138,PNG,789,69,11.434782608695652,0.7307727631748131
ml4uHLlO.png,sunda,train,0.0,252.56057739257812,0.0,0.0947217039800995,0.05435712064676617,256,0.6558432579040527,0.0,0.0,0.0,False,141,PNG,819,71,11.535211267605634,0.6108445545065263
MzTT3zZ0.png,sunda,train,0.0,254.62075805664062,0.0,0.2053367579908676,0.04052511415525114,5,0.8605876564979553,0.0,0.0,0.0,False,127,PNG,146,48,3.0416666666666665,1.2762557077625571
xHew3tgK.png,jawi,train,0.0,253.59115600585938,0.0,0.09304728835978836,0.036685681216931214,256,0.7379442453384399,0.0,0.0,0.0,False,139,PNG,770,63,12.22222222222222,0.6199134199134199
lwvKN1mf.png,jawa,train,0.0,252.15196228027344,0.0,0.14341787439613526,0.0642927234299517,256,0.6496614813804626,0.0,0.0,0.0,False,138,PNG,912,82,11.121951219512194,0.737056054771074
fI28pTaG.png,jawa,train,5.358820915222168,244.28477478027344,0.442108154296875,0.1469487958849661,0.08744447042319382,256,0.701877236366272,1.0,0.0,0.0,False,137,PNG,329,52,6.326923076923077,16.695814823474397
DnWDDnKs.webp,pegon,train,47.021278381347656,168.46151733398438,74.91793060302734,0.2316222879684418,0.9063214990138067,234,0.42442724108695984,1.0,0.0,0.0,False,113,WEBP,600,338,1.7751479289940828,2.805364891518737
szoyK3vk.png,sunda,train,0.0,254.56492614746094,0.0,0.20230812013348165,0.0389321468298109,5,0.859978437423706,0.0,0.0,0.0,False,127,PNG,124,58,2.1379310344827585,1.2291434927697442
lkCM0ApG.png,jawa,train,0.0,253.63980102539062,0.0,0.12972572275759822,0.05214974054855449,18,0.9685137271881104,0.0,0.0,0.0,False,48,PNG,760,71,10.704225352112676,1.01704966641957
GGJKEOHR.png,jawa,train,0.0,249.54849243164062,0.0,0.2375,0.10180121527777777,256,0.6415092945098877,0.0,0.0,0.0,False,136,PNG,840,66,12.727272727272728,1.1177489177489175
ckJND3QK.png,jawi,train,0.0,254.29403686523438,0.0,0.2266062383364436,0.05518528392428686,5,1.0016930103302002,0.0,0.0,0.0,False,127,PNG,121,31,3.903225806451613,1.546254332178086
LBlGLJh4.png,pegon,train,0.0,254.26658630371094,0.0,0.19334069168506254,0.05440581309786608,5,0.950088620185852,0.0,0.0,0.0,False,127,PNG,144,151,0.9536423841059604,1.38373804267844
JjMbsu9W.png,jawi,train,0.0,254.56214904785156,0.0,0.17351318209687308,0.03249540159411404,5,0.8197277188301086,0.0,0.0,0.0,False,127,PNG,466,63,7.396825396825397,0.9098712446351932
Ii5jq5tb.png,sunda,train,0.0,254.7107696533203,0.0,0.1620879120879121,0.029922779922779922,5,0.7956713438034058,0.0,0.0,0.0,False,127,PNG,182,74,2.45945945945946,0.8981288981288982
OBChuUs5.png,lontara,train,0.0,252.3423614501953,0.0,0.13510664682539683,0.05146329365079365,256,0.6656208634376526,0.0,0.0,0.0,False,135,PNG,931,51,18.254901960784316,0.6697415808428635
kUOr3bB8.png,jawi,train,0.0,254.7690887451172,0.0,0.22506989748369058,0.033783783783783786,5,0.749504029750824,0.0,0.0,0.0,False,127,PNG,74,58,1.2758620689655171,1.1910531220876048
RRqYagJ5.png,sunda,train,0.0,252.38330078125,0.0,0.10333251953125,0.05712890625,256,0.6493383646011353,0.0,0.0,0.0,False,141,PNG,821,68,12.073529411764708,0.6090133982947625
H89KMDbC.png,jawi,train,0.0,253.16604614257812,0.0,0.07417929292929293,0.047111742424242424,256,0.7971348762512207,0.0,0.0,0.0,False,145,PNG,955,82,11.646341463414634,0.5747414123355893
DRyqEjHp.png,jawa,train,0.0,254.14271545410156,0.0,0.14423954432451144,0.03137489379110678,23,0.827795147895813,0.0,0.0,0.0,False,46,PNG,739,86,8.593023255813954,0.7804386820656449
ulyIU2GL.png,sunda,train,0.0,254.7616729736328,0.0,0.11378165213781652,0.028144458281444584,5,0.813103973865509,0.0,0.0,0.0,False,127,PNG,730,66,11.06060606060606,0.6299709422997094
bSmzSSsW.jpg,lampung,train,9.83376407623291,251.71641540527344,0.703369140625,0.037130612244897956,0.055518367346938775,256,0.6135214567184448,0.0,0.0,0.0,False,171,JPEG,700,350,2.0,0.6059755102040816
conX5YDI.png,lontara,train,0.0,251.35142517089844,0.0,0.13816034226190477,0.07449776785714286,256,0.7616508603096008,0.0,0.0,0.0,False,139,PNG,949,35,27.114285714285717,0.8494957097696824
HDyDD40V.png,jawi,train,0.0,254.52059936523438,0.0,0.20476545048399106,0.04234301315462894,5,0.865746796131134,0.0,0.0,0.0,False,127,PNG,395,51,7.745098039215686,0.9971705137751304
sO4z1h9a.png,lontara,train,0.0,252.43643188476562,0.0,0.10685394503546099,0.0551030585106383,256,0.7184692621231079,0.0,0.0,0.0,False,140,PNG,803,49,16.387755102040817,0.7715963097567794
kJa4pVAt.png,lampung,train,0.0,250.4723358154297,0.0,0.14236453201970442,0.09967159277504105,106,0.6657987236976624,0.0,0.0,0.0,False,135,PNG,145,42,3.452380952380953,2.297536945812808
AzC6Ngq5.png,bali,train,0.0,250.81683349609375,0.0,0.13390456989247312,0.13734879032258066,256,1.1727094650268555,0.0,0.0,0.0,False,162,PNG,1540,63,24.444444444444443,0.8841063698206555
p3mRH8k9.png,jawi,train,0.0,254.6873016357422,0.0,0.113997113997114,0.030303030303030304,5,0.9774380326271057,0.0,0.0,0.0,False,127,PNG,42,33,1.2727272727272727,1.72005772005772
haK6l0mj.png,jawa,train,0.0,215.47503662109375,0.0,0.2451171875,0.3842147435897436,256,0.8315491676330566,18.0,0.0,0.0,False,119,PNG,977,66,14.803030303030305,1.760491299897646
5RFPyYko.png,jawa,train,0.0,245.293701171875,0.0,0.23774770935435754,0.2409262021450387,30,1.2284947633743286,0.0,0.0,0.0,False,66,PNG,494,114,4.333333333333333,1.5633212586121172
Nm33djBd.png,pegon,train,0.0,250.81607055664062,0.0,0.205625,0.07690972222222223,256,0.6204452514648438,0.0,0.0,0.0,False,135,PNG,826,81,10.197530864197532,0.9587182016560548
6rU10qVE.png,jawa,train,0.0,251.89859008789062,0.0,0.1312584005376344,0.0678763440860215,256,0.6286307573318481,0.0,0.0,0.0,False,139,PNG,874,71,12.309859154929578,0.7086730911786508
Bi3agbH6.png,lontara,train,0.0,252.67547607421875,0.0,0.1274321933962264,0.04906151729559748,256,0.6721442937850952,0.0,0.0,0.0,False,136,PNG,857,59,14.52542372881356,0.6672072464054744
iGdvsmXp.png,jawi,train,0.0,254.73983764648438,0.0,0.16093023255813954,0.027906976744186046,5,0.808419406414032,0.0,0.0,0.0,False,127,PNG,75,43,1.744186046511628,1.309767441860465
cCReGwbS.png,bali,train,0.0,251.22482299804688,0.0,0.12000281531531531,0.10765061936936937,256,1.0385137796401978,0.0,0.0,0.0,False,154,PNG,1453,70,20.757142857142856,0.7415593353652542
0lPkokiG.jpg,lampung,train,111.79931640625,186.78909301757812,214.79660034179688,0.0743984115694642,0.9406190730203888,234,0.42773276567459106,0.0,0.0,0.0,False,104,JPEG,1000,915,1.092896174863388,0.7158382513661202
BcdssRE5.png,jawa,train,0.0,251.46392822265625,0.0,0.14781057098765432,0.07590663580246913,256,0.6208456158638,0.0,0.0,0.0,False,139,PNG,941,66,14.257575757575758,0.743245419122146
KFHipTFg.jpg,jawa,train,53.9910888671875,186.85658264160156,133.67733764648438,0.1385658914728682,0.9990794573643411,187,0.6360631585121155,0.0,0.0,0.0,False,137,JPEG,240,172,1.3953488372093024,1.325968992248062
CtRDviFi.png,sunda,train,0.0,251.1354217529297,0.0,0.15283203125,0.096435546875,256,0.733414351940155,0.0,0.0,0.0,False,144,PNG,793,50,15.86,0.92953341740227
ATVIVynT.png,jawi,train,0.0,254.61627197265625,0.0,0.1053639846743295,0.03295019157088123,5,0.9352025985717773,0.0,0.0,0.0,False,127,PNG,58,45,1.288888888888889,1.403831417624521
Naf8DwKt.png,sunda,train,0.0,254.8068389892578,0.0,0.1632996632996633,0.0180976430976431,5,0.7579268217086792,0.0,0.0,0.0,False,127,PNG,44,54,0.8148148148148148,1.1616161616161615
7roqip05.png,sunda,train,0.0,254.7696990966797,0.0,0.11433206106870229,0.021736641221374045,5,0.7761582732200623,0.0,0.0,0.0,False,127,PNG,655,80,8.1875,0.5815267175572519
dWtx8gvp.png,jawi,train,0.0,254.86358642578125,0.0,0.09261316872427984,0.01213991769547325,5,0.7897198796272278,0.0,0.0,0.0,False,127,PNG,486,100,4.86,0.48
3zbf5W4B.png,lontara,train,0.0,251.9105987548828,0.0,0.13305235745614036,0.06112938596491228,255,0.6731653213500977,0.0,0.0,0.0,False,137,PNG,818,40,20.45,0.7992665036674816
GgxjirJ3.png,jawa,train,0.0,250.98948669433594,0.0,0.17240466101694915,0.0835981638418079,256,0.6400537490844727,0.0,0.0,0.0,False,138,PNG,854,66,12.93939393939394,0.9423035980413028
2OlQVE2N.png,pegon,train,0.0,254.76211547851562,0.0,0.11174603174603175,0.01612698412698413,5,0.8515641093254089,0.0,0.0,0.0,False,127,PNG,105,75,1.4,0.828952380952381
ZSYJH5VG.png,jawi,train,0.0,254.26815795898438,0.0,0.28096296296296297,0.04781481481481482,5,0.79143226146698,0.0,0.0,0.0,False,127,PNG,375,72,5.208333333333333,1.1727407407407406
GPLTojcO.png,lampung,train,0.0,251.80674743652344,0.0,0.11254480286738351,0.08709677419354839,100,0.8477687835693359,0.0,0.0,0.0,False,102,PNG,155,36,4.305555555555555,2.5591397849462365
9s8Bhmvh.png,lontara,train,0.0,251.74359130859375,0.0,0.1375041335978836,0.06415343915343916,256,0.6737768650054932,0.0,0.0,0.0,False,137,PNG,865,71,12.183098591549296,0.8246845233249206
lDTf1iaZ.png,jawa,train,0.0,251.8826141357422,0.0,0.13997395833333334,0.0701593137254902,256,0.6497809290885925,0.0,0.0,0.0,False,139,PNG,891,79,11.278481012658228,0.7576183778715424
lWqGfthg.jpg,jawi,train,27.66311264038086,128.3345184326172,31.993919372558594,0.411946949602122,0.6718302387267905,221,0.5743551850318909,2.0,0.5,0.0,False,75,JPEG,250,377,0.6631299734748011,2.1840636604774537
iKHNIvf8.png,pegon,train,0.0,254.1575469970703,0.0,0.17155745018340438,0.05447605829285219,5,1.0156432390213013,0.0,0.0,0.0,False,127,PNG,154,131,1.1755725190839694,1.4279766035491226
kfDuOEST.png,jawi,train,0.0,249.7821502685547,0.0,0.16905381944444445,0.1109250992063492,256,0.7812367081642151,0.0,0.0,0.0,False,142,PNG,831,45,18.466666666666665,1.0581093729108169
DlIWXqaP.png,jawi,train,0.0,254.50686645507812,0.0,0.2215306904794119,0.03698191494159563,5,0.8014259338378906,0.0,0.0,0.0,False,127,PNG,389,57,6.824561403508772,1.0095160781130204
KSS3erX3.png,sunda,train,0.0,254.6023712158203,0.0,0.13840894636421455,0.03861034555861777,5,0.9203531742095947,0.0,0.0,0.0,False,127,PNG,712,53,13.433962264150944,0.8694085223659105
j3myIAOs.png,bali,train,0.0,254.60435485839844,0.0,0.12271329124170309,0.04031083050024284,5,1.112101674079895,0.0,0.0,0.0,False,127,PNG,213,58,3.672413793103448,1.074307916464303
CuJLhxdY.png,jawa,train,4.406862735748291,247.19378662109375,2.0389556884765625,0.16044459855139467,0.06746031746031746,256,0.5557852387428284,1.0,0.0,0.0,False,134,PNG,618,84,7.357142857142857,13.429187856372325
3LGwwLqE.png,pegon,train,0.0,254.55191040039062,0.0,0.13060041407867495,0.03175983436853002,5,0.8999364972114563,0.0,0.0,0.0,False,127,PNG,161,150,1.0733333333333333,1.0146583850931676
lFWhw6zZ.png,lontara,train,0.0,252.1107940673828,0.0,0.1443142361111111,0.057539682539682536,256,0.677526593208313,0.0,0.0,0.0,False,136,PNG,936,51,18.352941176470587,0.6963298139768728
GtFrXMZ2.png,sunda,train,0.0,254.7806396484375,0.0,0.19164165319787577,0.036712075733087046,5,0.7511378526687622,0.0,0.0,0.0,False,127,PNG,71,61,1.1639344262295082,1.2246594320018471
xJBRkfU6.png,bali,train,0.0,250.27853393554688,0.0,0.1572265625,0.13960774739583334,256,1.0560044050216675,0.0,0.0,0.0,False,155,PNG,1398,59,23.694915254237287,0.982808370311098
Mb4Dtbtk.png,jawi,train,0.0,254.80198669433594,0.0,0.08808777429467085,0.02445141065830721,5,0.8777653574943542,0.0,0.0,0.0,False,127,PNG,58,55,1.0545454545454545,1.0231974921630094
TPjl9pb9.png,sunda,train,0.0,254.7887725830078,0.0,0.13428571428571429,0.03142857142857143,5,0.7406225800514221,0.0,0.0,0.0,False,127,PNG,40,35,1.1428571428571428,1.56
FONFMieM.png,lontara,train,0.0,250.639892578125,0.0,0.17461993243243243,0.0727759009009009,256,0.6784057021141052,0.0,0.0,0.0,False,134,PNG,945,45,21.0,0.8546502057613169
syfMB5i1.png,lampung,train,0.0,247.62234497070312,0.0,0.18400447427293065,0.1435495898583147,114,0.500918984413147,0.0,0.0,0.0,False,140,PNG,149,36,4.138888888888889,3.315436241610738
Uzp4wJfZ.png,lampung,train,0.0,254.71688842773438,0.0,0.10216240070609002,0.030229479258605474,5,0.8860327005386353,0.0,0.0,0.0,False,127,PNG,103,44,2.340909090909091,1.059135039717564
ZOJNOSoS.png,sunda,train,0.0,254.70123291015625,0.0,0.17925561029009304,0.03475643130815544,5,0.7872619032859802,0.0,0.0,0.0,False,127,PNG,126,58,2.1724137931034484,1.0935960591133005
vfn8246d.png,jawa,train,0.0,249.9134979248047,0.0,0.1810735887096774,0.09780325940860216,256,0.6493834853172302,0.0,0.0,0.0,False,138,PNG,919,74,12.41891891891892,0.9546216510307914
lf1NA7Yz.png,jawi,train,0.0,254.3034210205078,0.0,0.18073075250108742,0.06198347107438017,5,0.929131031036377,0.0,0.0,0.0,False,127,PNG,121,38,3.1842105263157894,1.4684645498042628
AkdjzDcY.png,bali,train,0.0,250.76406860351562,0.0,0.1226478494623656,0.1309643817204301,256,1.1759703159332275,0.0,0.0,0.0,False,162,PNG,1514,61,24.81967213114754,0.833488533252485
UQcTiICv.png,jawi,train,0.0,254.86245727539062,0.0,0.13103018985371925,0.018674136321195144,5,0.7763897776603699,0.0,0.0,0.0,False,127,PNG,119,81,1.469135802469136,0.7818238406473701
qKCjTzaN.png,jawa,train,0.0,250.92820739746094,0.0,0.1665839947089947,0.08492476851851852,256,0.6410745978355408,0.0,0.0,0.0,False,139,PNG,889,73,12.178082191780822,0.9132009183783534
c5vOU9Ed.png,bali,train,0.0,250.6559600830078,0.0,0.14127604166666666,0.15057663690476192,256,1.165268063545227,0.0,0.0,0.0,False,164,PNG,1548,56,27.642857142857142,0.9091915836101884
QFDYs1zj.png,pegon,train,0.0,254.3301544189453,0.0,0.19138595609183845,0.05467571644042232,5,0.9734445810317993,0.0,0.0,0.0,False,127,PNG,153,156,0.9807692307692308,1.3983576336517514
jaeOGFiu.png,lampung,train,0.0,254.7752685546875,0.0,0.07410949079607937,0.017786277791059048,5,0.8854821920394897,0.0,0.0,0.0,False,127,PNG,235,89,2.640449438202247,0.6265359789624672
p5RQxEEQ.png,sunda,train,0.0,254.4665985107422,0.0,0.18008830950378468,0.03858284272497897,5,0.8061657547950745,0.0,0.0,0.0,False,127,PNG,164,58,2.827586206896552,1.0967199327165686
mdcWJNhe.png,jawa,train,0.0,251.03501892089844,0.0,0.17080135233918128,0.07855902777777778,256,0.660713255405426,0.0,0.0,0.0,False,137,PNG,916,68,13.470588235294118,0.8023375288980221
6xjkxiUz.png,jawa,train,0.0,254.7982177734375,0.0,0.09966358284272497,0.01576955424726661,5,0.827431321144104,0.0,0.0,0.0,False,127,PNG,116,82,1.4146341463414631,0.8149705634987384
RA3JJ73G.png,jawa,train,0.0,254.24398803710938,0.0,0.08757128480375713,0.03149949681314995,26,0.9538028836250305,0.0,0.0,0.0,False,49,PNG,542,110,4.927272727272728,0.6603153304260315
A1YI6YAE.png,lampung,train,0.0,249.8807373046875,0.0,0.1381016644174539,0.08614484930274403,90,0.5234279036521912,0.0,0.0,0.0,False,135,PNG,117,38,3.0789473684210527,2.785425101214575
dFl0KuYJ.png,sunda,train,0.0,254.7085418701172,0.0,0.1527285613040397,0.032719111741081976,5,0.9339131712913513,0.0,0.0,0.0,False,127,PNG,166,153,1.0849673202614378,0.890148830616584
k8urWBU9.png,jawa,train,0.0,252.3544464111328,0.0,0.09693287037037036,0.06325552983539094,256,0.7237271070480347,0.0,0.0,0.0,False,144,PNG,1005,106,9.4811320754717,0.6926124096498639
ReeXHTHV.png,bali,train,0.0,250.6394500732422,0.0,0.1324404761904762,0.12020089285714286,256,1.0502007007598877,0.0,0.0,0.0,False,154,PNG,1243,56,22.196428571428573,0.9133432938742672
Jb4ww86B.png,bali,train,0.0,250.9766082763672,0.0,0.13304924242424243,0.11091382575757576,256,1.004913568496704,0.0,0.0,0.0,False,153,PNG,1555,66,23.560606060606062,0.7740426775796551
i1hlrJir.png,jawi,train,0.0,254.77076721191406,0.0,0.12871120107962214,0.022351551956815114,5,0.834686815738678,0.0,0.0,0.0,False,127,PNG,152,78,1.948717948717949,0.8029689608636977
XdEdDVjt.png,bali,train,0.0,254.65354919433594,0.0,0.12468487075904383,0.03559821401451872,5,0.9929640889167786,0.0,0.0,0.0,False,127,PNG,451,73,6.178082191780822,0.9364881693648816
pb5Keklp.png,jawi,train,0.0,254.34893798828125,0.0,0.16976351351351351,0.04560810810810811,5,0.9564739465713501,0.0,0.0,0.0,False,127,PNG,32,37,0.8648648648648649,2.283783783783784
DMKj60Wf.png,sunda,train,0.0,253.34690856933594,0.0,0.06470114087301587,0.04656498015873016,256,0.8904412388801575,0.0,0.0,0.0,False,150,PNG,796,87,9.149425287356324,0.5862646566164154
quqqBFaT.png,pegon,train,0.0,250.61915588378906,0.0,0.1997653034979424,0.08035943930041152,256,0.6224948167800903,0.0,0.0,0.0,False,135,PNG,820,86,9.534883720930232,0.9926262053318208
yc1w3IGR.png,jawi,train,0.0,254.64161682128906,0.0,0.19976415094339622,0.029716981132075472,5,0.8309326767921448,0.0,0.0,0.0,False,127,PNG,80,53,1.509433962264151,1.3471698113207546
mb4HqMUq.png,sunda,train,0.0,254.70443725585938,0.0,0.18547453703703703,0.028935185185185185,5,0.8037009239196777,0.0,0.0,0.0,False,127,PNG,64,54,1.1851851851851851,1.337962962962963
hB6WAl6r.png,pegon,train,0.0,254.52244567871094,0.0,0.156848629022161,0.03843746087392012,5,0.8506965041160583,0.0,0.0,0.0,False,127,PNG,196,163,1.2024539877300613,0.9548015525228496
4i7Nrw6G.png,jawi,train,0.0,250.49380493164062,0.0,0.2647569444444444,0.07018590856481481,256,0.5606818795204163,0.0,0.0,0.0,False,131,PNG,809,76,10.644736842105264,0.9204345846073776
ttE3AN4T.png,jawa,train,0.0,250.33900451660156,0.0,0.18189639136904762,0.09049479166666667,256,0.6201833486557007,0.0,0.0,0.0,False,137,PNG,835,61,13.688524590163937,0.957298517718661
hRKL1niD.png,lampung,train,0.0,250.864013671875,0.0,0.10416666666666667,0.0798611111111111,66,0.5780168771743774,0.0,0.0,0.0,False,144,PNG,96,36,2.6666666666666665,2.342592592592593
707uZmNF.png,lampung,train,0.0,252.1153106689453,0.0,0.17356967356967357,0.08494208494208494,120,0.7345390915870667,0.0,0.0,0.0,False,141,PNG,154,37,4.162162162162162,2.6226746226746225
wPfngsjL.png,jawi,train,0.0,249.5985870361328,0.0,0.2883722389558233,0.0813409889558233,256,0.5789952874183655,0.0,0.0,0.0,False,131,PNG,806,87,9.264367816091951,1.0344257151821112
m2Ui2a65.png,sunda,train,0.0,251.33053588867188,0.0,0.13504464285714285,0.08681441326530612,256,0.7409725189208984,0.0,0.0,0.0,False,144,PNG,805,51,15.784313725490197,0.9012300572402874
VKPxizTW.png,bali,train,0.0,250.74916076660156,0.0,0.1347313596491228,0.13058525219298245,256,1.1063162088394165,0.0,0.0,0.0,False,159,PNG,1410,69,20.43478260869565,0.8973584129920855
gHwP5faW.png,lontara,train,0.0,252.90036010742188,0.0,0.11583000886524823,0.04540669326241135,255,0.6800433397293091,0.0,0.0,0.0,False,136,PNG,945,58,16.29310344827586,0.5857325305601168
n2fooew4.png,lontara,train,0.0,254.52218627929688,0.0,0.24168047500690418,0.03866335266500966,5,0.8270896673202515,0.0,0.0,0.0,False,127,PNG,426,68,6.264705882352941,0.9331676332504832
qv8MPAZZ.png,jawa,train,0.0,207.72972106933594,0.0,0.27224214480874315,0.4918459699453552,256,1.207197904586792,24.0,0.0,0.0,False,125,PNG,900,71,12.67605633802817,2.070234741784037
HlHV3i61.png,jawa,train,0.0,250.43270874023438,0.0,0.18241869918699186,0.08120553861788618,256,0.6588003635406494,0.0,0.0,0.0,False,136,PNG,894,96,9.3125,0.9258016405667412
W1I6n8PU.png,bali,train,0.0,250.5548553466797,0.0,0.14180871212121213,0.13821811868686867,256,1.1242936849594116,0.0,0.0,0.0,False,159,PNG,1510,64,23.59375,0.9035596026490066
qXCFidUW.png,pegon,train,0.0,254.312744140625,0.0,0.20682565789473684,0.05357142857142857,5,0.9803304672241211,0.0,0.0,0.0,False,127,PNG,133,128,1.0390625,1.4779135338345866
v4Wtdh0k.png,jawa,train,0.0,245.66287231445312,0.0,0.3672219500244978,0.0,22,1.5313336849212646,0.0,0.0,0.0,False,36,PNG,628,91,6.9010989010989015,1.843354098131168
brW64y2l.png,lampung,train,0.0,251.75616455078125,0.0,0.10832907511497189,0.05952989269289729,85,0.7660357356071472,0.0,0.0,0.0,False,111,PNG,103,38,2.710526315789474,2.1972406745017885
DLftqOJn.png,jawa,train,7.292777061462402,229.37478637695312,2.4677886962890625,0.2036971794499824,0.27745425154912645,256,0.8398250937461853,5.0,0.0,0.0,False,135,PNG,661,73,9.054794520547944,20.876961017967798
qzbZzHEh.png,lampung,train,0.0,249.77630615234375,0.0,0.2034233048057933,0.16436251920122888,110,0.5780988931655884,0.0,0.0,0.0,False,148,PNG,147,31,4.741935483870968,3.9833223612025455
K80SJ6gJ.png,jawi,train,0.0,254.7043914794922,0.0,0.11270491803278689,0.03722677595628415,5,1.0627646446228027,0.0,0.0,0.0,False,127,PNG,244,48,5.083333333333333,0.8886612021857924
pq8rWA4S.png,jawi,train,0.0,254.315673828125,0.0,0.27672282833862727,0.04885374948211573,5,0.8068997263908386,0.0,0.0,0.0,False,127,PNG,557,52,10.711538461538462,1.2141969341251209
KK5wchO8.png,sunda,train,0.0,254.5908203125,0.0,0.19933754893104486,0.052393857271906055,5,0.942391574382782,0.0,0.0,0.0,False,127,PNG,81,41,1.975609756097561,1.710328214393255
I3bk9vMY.png,jawa,train,3.756420135498047,247.8130340576172,0.7518463134765625,0.12104036778134643,0.06766798916808363,255,0.7418088912963867,1.0,0.0,0.0,False,139,PNG,474,67,7.074626865671642,14.63417091756408
OcIQAZm5.png,jawi,train,0.0,254.77725219726562,0.0,0.1137987012987013,0.019642857142857142,5,0.7970054745674133,0.0,0.0,0.0,False,127,PNG,80,77,1.0389610389610389,0.9415584415584416
hUJeFeCS.png,lampung,train,0.0,254.5192108154297,0.0,0.14506470929109522,0.04008112806644775,5,0.9745051860809326,0.0,0.0,0.0,False,127,PNG,334,62,5.387096774193548,1.0434614641684372
je4CKCGF.png,sunda,train,0.0,252.87908935546875,0.0,0.11145174050632911,0.04532568565400844,256,0.6145535707473755,0.0,0.0,0.0,False,138,PNG,794,82,9.682926829268292,0.6240707747127849
xXjlWoIB.png,sunda,train,0.0,254.37954711914062,0.0,0.1915113871635611,0.06344276841171251,5,0.9033656120300293,0.0,0.0,0.0,False,127,PNG,161,42,3.8333333333333335,1.406684412895593
K3XaiW1B.png,lampung,train,0.0,248.7386016845703,0.0,0.18055233232768625,0.15200742631701092,114,0.5324061512947083,0.0,0.0,0.0,False,142,PNG,139,31,4.483870967741935,3.5145045254119287
RTFSbVj1.png,lampung,train,0.0,254.8284912109375,0.0,0.04808432807085098,0.014536003080477474,5,0.8969680666923523,0.0,0.0,0.0,False,127,PNG,212,98,2.163265306122449,0.5452445128994994
vWeSwS0f.png,lampung,train,0.0,254.5946044921875,0.0,0.1258633007859014,0.034055727554179564,5,0.9653504490852356,0.0,0.0,0.0,False,127,PNG,247,68,3.632352941176471,0.9869016432483924
A2eg6TZk.png,jawi,train,0.0,254.63497924804688,0.0,0.22647058823529412,0.03058823529411765,5,0.8237242102622986,0.0,0.0,0.0,False,127,PNG,85,40,2.125,1.4517647058823528
44OG5x3s.png,sunda,train,0.0,254.67291259765625,0.0,0.16142857142857142,0.045714285714285714,5,0.7418279051780701,0.0,0.0,0.0,False,127,PNG,40,35,1.1428571428571428,1.6742857142857144
xoWpVy3M.jpg,bali,train,21.532054901123047,67.91588592529297,2.3168869018554688,0.295544,0.763868,253,0.24436816573143005,0.0,0.0,0.061148,True,140,JPEG,500,500,1.0,2.124768
CqSvfsrM.jpg,lampung,train,42.44641876220703,253.44393920898438,4.08349609375,0.18909177706170188,0.18562477622627999,256,1.2841196060180664,0.0,0.0,0.0,False,203,JPEG,570,588,0.9693877551020408,1.8751641007280104
qyRWutkF.png,jawi,train,0.0,254.70176696777344,0.0,0.18712121212121213,0.026515151515151516,5,0.7805081605911255,0.0,0.0,0.0,False,127,PNG,66,60,1.1,1.2
V1BoyGIl.png,lampung,train,0.0,252.04519653320312,0.0,0.17896825396825397,0.10555555555555556,102,0.6617746949195862,0.0,0.0,0.0,False,152,PNG,140,36,3.888888888888889,3.2904761904761903
NMa5ZOZt.png,sunda,train,0.0,252.76100158691406,0.0,0.09265854779411764,0.05141314338235294,256,0.6553423404693604,0.0,0.0,0.0,False,141,PNG,826,73,11.315068493150685,0.5787256625427045
h3ujPFJx.png,sunda,train,0.0,254.6854248046875,0.0,0.15193067134708205,0.03466432645897324,5,0.9381596446037292,0.0,0.0,0.0,False,127,PNG,212,43,4.930232558139535,1.0451952610794208
wJLSOF58.jpg,lontara,train,3.051424026489258,227.1450958251953,4.1063690185546875,0.09971522364513734,0.1379773338901262,256,0.7553188800811768,0.0,0.0,0.0,False,140,JPEG,770,450,1.711111111111111,5.682470418470419
IgWWRlLR.png,jawi,train,0.0,249.1379852294922,0.0,0.3029203869047619,0.08888268849206349,256,0.5738581418991089,0.0,0.0,0.0,False,131,PNG,807,88,9.170454545454543,1.1101723555255154
VVERUvw3.png,jawa,train,4.652396202087402,246.149658203125,0.8346710205078125,0.16272292808019584,0.09202704277887866,256,0.6555657386779785,1.0,0.0,0.0,False,138,PNG,373,46,8.108695652173912,15.618603566849282
V7shHs7j.png,lontara,train,0.0,251.34164428710938,0.0,0.17686631944444445,0.06976996527777778,256,0.6829036474227905,0.0,0.0,0.0,False,135,PNG,938,44,21.318181818181817,0.8292304710215158
IyEAH5U6.png,pegon,train,0.0,254.524169921875,0.0,0.12027616279069768,0.037427325581395346,5,0.9467111825942993,0.0,0.0,0.0,False,127,PNG,86,64,1.34375,1.3546511627906976
l21VSeGL.png,jawa,train,0.0,251.0934600830078,0.0,0.15958245056497175,0.08659957627118645,256,0.6705021262168884,0.0,0.0,0.0,False,140,PNG,970,75,12.933333333333334,0.9052371134020618
zhbMkIs9.png,jawi,train,0.0,249.87916564941406,0.0,0.25571469907407407,0.08467158564814815,256,0.6030502319335938,0.0,0.0,0.0,False,133,PNG,810,76,10.657894736842104,1.0782326185834958
1WPyj5A3.png,lontara,train,0.0,252.192626953125,0.0,0.1252512792397661,0.0577485380116959,256,0.6894670724868774,0.0,0.0,0.0,False,138,PNG,887,66,13.43939393939394,0.7375217792354207
SEvq1hMB.png,bali,train,0.0,251.23318481445312,0.0,0.12522321428571428,0.12194940476190476,256,1.1233570575714111,0.0,0.0,0.0,False,160,PNG,1411,64,22.046875,0.8304394046775336
du5jmDay.png,jawa,train,0.0,251.08944702148438,0.0,0.16733940972222222,0.0773654513888889,256,0.6548976302146912,0.0,0.0,0.0,False,138,PNG,933,73,12.780821917808218,0.8054148497261743
Ddq9TJSX.png,sunda,train,0.0,250.5930938720703,0.0,0.16466590447154472,0.10362677845528455,256,0.7149341702461243,0.0,0.0,0.0,False,143,PNG,800,43,18.6046511627907,0.995813953488372
ODB5WupS.png,bali,train,0.0,250.98692321777344,0.0,0.14152018229166666,0.13077799479166666,256,1.0920872688293457,0.0,0.0,0.0,False,158,PNG,1400,58,24.13793103448276,0.9138916256157636
8JJuN4wc.png,pegon,train,0.0,254.47950744628906,0.0,0.17150732479199632,0.0411413404114134,5,0.8824676871299744,0.0,0.0,0.0,False,127,PNG,143,137,1.0437956204379562,1.13235669440049
hN8k7EQS.png,bali,train,0.0,254.63287353515625,0.0,0.1207019039499858,0.03548593350383632,5,0.9936208724975586,0.0,0.0,0.0,False,127,PNG,391,72,5.430555555555555,0.9266837169650468
yybF3m5Z.png,jawi,train,0.0,248.76776123046875,0.0,0.3364653716216216,0.08905194256756757,256,0.5686576962471008,0.0,0.0,0.0,False,130,PNG,817,79,10.341772151898734,1.0845482856390314
eM3xPkcX.png,jawa,train,0.0,205.56378173828125,0.0,0.22983940972222222,0.5136935763888889,256,1.137000560760498,21.0,0.0,0.0,False,122,PNG,973,76,12.802631578947368,1.9799859360631795
vFEzgwPg.png,jawa,train,0.0,250.20111083984375,0.0,0.23230447404371585,0.07951246584699453,256,0.5491059422492981,0.0,0.0,0.0,False,133,PNG,834,66,12.636363636363637,0.881185960322651
jZVd3dMy.png,jawa,train,0.0,251.89358520507812,0.0,0.10792349726775956,0.07368510928961748,256,0.7642492055892944,0.0,0.0,0.0,False,145,PNG,900,71,12.67605633802817,0.7616901408450705
nihsCLVc.png,jawi,train,0.0,254.72314453125,0.0,0.1337567481740235,0.023690060336614797,5,0.8024517893791199,0.0,0.0,0.0,False,127,PNG,235,67,3.5074626865671643,0.7438551921244839
3ZfYenHe.png,lontara,train,0.0,252.1717987060547,0.0,0.13646399456521738,0.05596127717391304,256,0.6758551597595215,0.0,0.0,0.0,False,136,PNG,937,56,16.732142857142858,0.6763226101539869
1pjoI8Vk.png,sunda,train,0.0,254.38320922851562,0.0,0.1948561464690497,0.06094158674803836,5,0.8982690572738647,0.0,0.0,0.0,False,127,PNG,310,37,8.378378378378379,1.2414995640802091
dBoBgDiR.png,jawi,train,0.0,254.43190002441406,0.0,0.21807218462606281,0.03930244664237376,5,0.8001700639724731,0.0,0.0,0.0,False,127,PNG,339,68,4.985294117647059,1.0782578518132917
SxMWNLTh.png,sunda,train,0.0,252.06007385253906,0.0,0.13371112089201878,0.06279342723004695,256,0.5883128643035889,0.0,0.0,0.0,False,138,PNG,788,73,10.794520547945206,0.719560531256519
TgOWUXvR.png,lampung,train,0.0,254.66531372070312,0.0,0.10170287727539636,0.02571931884908984,5,0.8615119457244873,0.0,0.0,0.0,False,127,PNG,262,65,4.030769230769231,0.7469172049324722
HEZdK2Q0.png,lampung,train,0.0,250.11538696289062,0.0,0.1341425459072518,0.09119203236850296,113,0.7458196878433228,0.0,0.0,0.0,False,139,PNG,153,42,3.642857142857143,2.335511982570806
YlwWbGg5.png,jawi,train,0.0,254.22891235351562,0.0,0.19912280701754387,0.06140350877192982,5,0.9469205141067505,0.0,0.0,0.0,False,127,PNG,38,30,1.2666666666666666,2.245614035087719
GUNVgR19.png,sunda,train,0.0,250.24581909179688,0.0,0.13899739583333334,0.09944661458333333,256,0.8351370692253113,0.0,0.0,0.0,False,144,PNG,1196,62,19.29032258064516,0.8120617110799438
kTFSjevF.png,jawi,train,0.0,254.65292358398438,0.0,0.09341372912801484,0.026159554730983303,5,0.9570859670639038,0.0,0.0,0.0,False,127,PNG,196,55,3.5636363636363635,0.811873840445269
0GHckJbq.png,sunda,train,0.0,254.84727478027344,0.0,0.12258494337108594,0.0209955267916627,5,0.7845776081085205,0.0,0.0,0.0,False,127,PNG,665,79,8.417721518987342,0.5663272104311411
Vq2yShDg.png,lampung,train,0.0,252.86903381347656,0.0,0.08275155141843972,0.05452127659574468,256,0.8288829326629639,0.0,0.0,0.0,False,145,PNG,892,55,16.21818181818182,0.6044843049327354
Inm8bNSA.png,sunda,train,0.0,254.41127014160156,0.0,0.1820952380952381,0.05104761904761905,5,0.9095820784568787,0.0,0.0,0.0,False,127,PNG,250,42,5.9523809523809526,1.168761904761905
EnhSkTfz.png,jawa,train,0.0,254.91766357421875,0.0,0.006862745098039216,0.007058823529411765,239,1.3519121408462524,0.0,0.0,0.0,False,174,PNG,306,300,1.02,0.428322440087146
PwoM0tyX.png,jawi,train,0.0,254.8208465576172,0.0,0.08397435897435897,0.02467948717948718,5,0.8673869371414185,0.0,0.0,0.0,False,127,PNG,60,52,1.1538461538461535,1.1435897435897435
knoFpOfg.png,lontara,train,0.0,254.6197509765625,0.0,0.11215842269111034,0.026288481494292634,5,0.9331218600273132,0.0,0.0,0.0,False,127,PNG,236,49,4.816326530612245,0.7983396748529921
3vKf3saV.png,lampung,train,0.0,253.0209503173828,0.0,0.0943825910931174,0.052884615384615384,64,0.6951149106025696,0.0,0.0,0.0,False,144,PNG,104,38,2.736842105263158,1.8967611336032388
JIVqdSLV.png,jawa,train,3.922332525253296,247.64910888671875,0.876922607421875,0.1318816067653277,0.0704016913319239,256,0.743315577507019,1.0,0.0,0.0,False,138,PNG,473,50,9.46,14.712558139534885
qkYiMCMr.png,jawi,train,0.0,251.1851806640625,0.0,0.2008973393574297,0.06507279116465864,256,0.5781063437461853,0.0,0.0,0.0,False,133,PNG,791,85,9.305882352941175,0.8837064029151483
wc82l2do.png,pegon,train,0.0,254.205078125,0.0,0.2254335260115607,0.05317127246812891,5,0.8919121623039246,0.0,0.0,0.0,False,127,PNG,173,146,1.1849315068493151,1.3815820730065722
J5DkO3dk.png,jawi,train,0.0,254.71905517578125,0.0,0.08550782818145324,0.028101164191087918,5,0.9469873905181885,0.0,0.0,0.0,False,127,PNG,53,47,1.127659574468085,1.307105580088318
ThNR2Trc.png,jawi,train,0.0,254.70472717285156,0.0,0.10433884297520661,0.023760330578512397,5,0.9379125833511353,0.0,0.0,0.0,False,127,PNG,44,44,1.0,1.4256198347107438
UjwHu6WB.png,jawa,train,0.0,245.9991455078125,0.0,0.1847724571234505,0.1716547800984887,38,1.176854133605957,0.0,0.0,0.0,False,92,PNG,312,151,2.066225165562914,1.7678723042961453
SzRbIeqA.png,lontara,train,0.0,251.73255920410156,0.0,0.1344943576388889,0.061279296875,256,0.6946982145309448,0.0,0.0,0.0,False,137,PNG,866,54,16.037037037037038,0.8355144983320503
O9S6paus.png,pegon,train,0.0,249.53561401367188,0.0,0.17580128205128207,0.1016025641025641,256,0.7047160267829895,0.0,0.0,0.0,False,139,PNG,844,71,11.887323943661972,1.1005940858420666
NE1L1AGP.png,jawi,train,0.0,254.4443359375,0.0,0.1508759124087591,0.041240875912408756,5,0.8929448127746582,0.0,0.0,0.0,False,127,PNG,100,137,0.7299270072992701,1.1941605839416058
4vfmWhwX.png,bali,train,0.0,250.80056762695312,0.0,0.12552083333333333,0.11960565476190477,256,1.0590153932571411,0.0,0.0,0.0,False,156,PNG,1418,64,22.15625,0.785966149506347
LCP4Qoi4.png,lampung,train,0.0,252.46119689941406,0.0,0.12570682905611136,0.06133101348412353,76,0.8269081711769104,0.0,0.0,0.0,False,88,PNG,121,38,3.1842105263157894,2.275772074815137
e0n0nE8Z.png,lampung,train,0.0,250.87355041503906,0.0,0.13414874728743342,0.08127835865062143,106,0.7362101078033447,0.0,0.0,0.0,False,140,PNG,137,37,3.702702702702703,2.6135332412704675
TgirLX7r.png,jawi,train,0.0,254.3955078125,0.0,0.251105216622458,0.0618921308576481,5,0.9456900358200073,0.0,0.0,0.0,False,127,PNG,39,29,1.3448275862068966,2.3908045977011496
qZZ6OWjy.png,jawa,train,0.0,247.7923583984375,0.0,0.27833744517543857,0.12246436403508772,256,0.6147217154502869,0.0,0.0,0.0,False,135,PNG,889,44,20.204545454545453,1.226301257797321
ShG14p8V.png,bali,train,0.0,254.494384765625,0.0,0.12617638771484926,0.04319526627218935,5,1.108916997909546,0.0,0.0,0.0,False,127,PNG,507,70,7.242857142857143,1.0206818822203438
cNrccj3K.png,jawa,train,0.0,252.39193725585938,0.0,0.15840915084388185,0.05130867616033755,256,0.6425265669822693,0.0,0.0,0.0,False,135,PNG,815,84,9.702380952380953,0.7464796961729477
dy8SvhhT.png,sunda,train,0.0,254.69351196289062,0.0,0.12908973113054745,0.024457402008422415,5,0.9440923929214478,0.0,0.0,0.0,False,127,PNG,168,147,1.1428571428571428,0.7408487204405572
u3c9ZTqQ.jpg,jawa,train,10.118576049804688,206.1421356201172,10.111801147460938,0.1139319075712881,0.9237063667649951,242,0.9930247664451599,0.0,0.0,0.0,False,166,JPEG,720,452,1.592920353982301,1.814945919370698
Aa9HGdD5.png,bali,train,0.0,250.7808074951172,0.0,0.13527590090090091,0.1200731981981982,256,1.0698025226593018,0.0,0.0,0.0,False,155,PNG,1408,67,21.01492537313433,0.8623643147896879
9rsZr7JG.png,jawi,train,0.0,250.04600524902344,0.0,0.26122810990338163,0.07733242753623189,256,0.5538041591644287,0.0,0.0,0.0,False,131,PNG,793,71,11.169014084507042,0.9616539083174964
20FxmV49.png,jawa,train,0.0,253.89976501464844,0.0,0.10346724327605174,0.034748302416448544,21,0.8542446494102478,0.0,0.0,0.0,False,59,PNG,522,101,5.1683168316831685,0.6797921171427488
1WWcZhSj.png,lontara,train,0.0,252.60244750976562,0.0,0.10544104609929078,0.049783909574468085,256,0.7108112573623657,0.0,0.0,0.0,False,138,PNG,940,57,16.49122807017544,0.6099290780141844
ZX7GGGbT.png,jawa,train,0.0,254.64508056640625,0.0,0.18015458058649694,0.026596953853148444,5,0.7921637892723083,0.0,0.0,0.0,False,127,PNG,106,83,1.2771084337349397,1.0747897249374858
A3q9jZtf.png,jawi,train,0.0,254.3572235107422,0.0,0.2733333333333333,0.046912280701754384,5,0.7879904508590698,0.0,0.0,0.0,False,127,PNG,375,76,4.934210526315789,1.1646315789473685
SzmxwxNp.png,jawa,train,0.0,252.72994995117188,0.0,0.13592218137254902,0.04928002450980392,256,0.6617509126663208,0.0,0.0,0.0,False,136,PNG,790,87,9.080459770114942,0.7376109413647607
zV97GX1O.png,lontara,train,0.0,254.46742248535156,0.0,0.17667638483965015,0.03206997084548105,5,0.8850197792053223,0.0,0.0,0.0,False,127,PNG,490,42,11.666666666666666,0.8571428571428571
gNBbqikL.png,lontara,train,0.0,252.9065399169922,0.0,0.11328125,0.044820601851851855,256,0.6764452457427979,0.0,0.0,0.0,False,136,PNG,937,55,17.036363636363635,0.5810420102842728
CuVzOrbM.png,sunda,train,0.0,252.7035369873047,0.0,0.0961254222972973,0.05458192567567568,256,0.6739504933357239,0.0,0.0,0.0,False,142,PNG,824,79,10.430379746835444,0.6255376674450043
0RrfREkM.jpg,pegon,train,17.661237716674805,184.8230743408203,8.386032104492188,0.1540802254844866,0.994302382158893,250,0.18714837729930878,0.0,0.0,0.008248940520399237,False,149,JPEG,747,531,1.4067796610169492,0.6042096824208321
w9XmvLj8.png,pegon,train,0.0,254.76585388183594,0.0,0.1101465002712968,0.023060227889310905,5,0.8335180282592773,0.0,0.0,0.0,False,127,PNG,97,76,1.2763157894736843,0.9354313619099296
Kd0EJ2dJ.png,jawi,train,0.0,254.35714721679688,0.0,0.17037037037037037,0.037037037037037035,5,0.9497875571250916,0.0,0.0,0.0,False,127,PNG,40,27,1.4814814814814814,2.2
14vVVl4E.png,pegon,train,41.40583801269531,199.93521118164062,50.63568115234375,0.2468576692936369,0.7150695052539404,249,0.4756133556365967,1.0,0.0,0.0,False,133,PNG,800,595,1.3445378151260503,14.605025210084031
QcyZjZ3X.png,bali,train,0.0,251.26878356933594,0.0,0.13185508578431374,0.11814491421568628,256,1.0621891021728516,0.0,0.0,0.0,False,158,PNG,1414,63,22.444444444444443,0.8217148245436788
9aRfOJ47.png,bali,train,0.0,250.68731689453125,0.0,0.13650873655913978,0.1302923387096774,256,1.1054446697235107,0.0,0.0,0.0,False,158,PNG,1384,56,24.714285714285715,0.9059661436829068
7b6sWGiU.png,jawi,train,0.0,254.63938903808594,0.0,0.11923963133640553,0.030397022332506202,5,0.8664131760597229,0.0,0.0,0.0,False,127,PNG,403,56,7.196428571428571,0.7780928748670685
XubF5e3W.png,jawi,train,0.0,253.89892578125,0.0,0.2846153846153846,0.08923076923076922,5,1.045996904373169,0.0,0.0,0.0,False,127,PNG,52,25,2.08,2.6769230769230767
BtN0snf5.jpg,pegon,train,19.530132293701172,179.01202392578125,19.472366333007812,0.39606904991173164,0.7858213970470229,256,0.6115169525146484,3.0,0.0,2.006098539560263e-05,False,118,JPEG,744,536,1.388059701492537,2.4497071096132244
Dj1KI6OH.png,jawi,train,0.0,254.66580200195312,0.0,0.11954022988505747,0.02413793103448276,5,0.9295429587364197,0.0,0.0,0.0,False,127,PNG,30,29,1.0344827586206895,2.206896551724138
0YA9J5W1.png,bali,train,0.0,254.74281311035156,0.0,0.11194143663260638,0.02925118194296172,5,0.9629177451133728,0.0,0.0,0.0,False,127,PNG,415,79,5.253164556962025,0.8267195363733415
Dd0jNE9v.png,sunda,train,0.0,254.7208251953125,0.0,0.17628565012351224,0.03435885919604761,5,0.7230350375175476,0.0,0.0,0.0,False,127,PNG,73,61,1.1967213114754098,1.1282281607904785
53pq8UKZ.png,jawi,train,0.0,254.25634765625,0.0,0.2193877551020408,0.05668934240362812,5,0.8468847274780273,0.0,0.0,0.0,False,127,PNG,42,42,1.0,2.090702947845805
NaTwFOSV.png,bali,train,0.0,254.76953125,0.0,0.08018275271273557,0.02524271844660194,5,1.1393585205078125,0.0,0.0,0.0,False,127,PNG,103,85,1.2117647058823529,1.0261564820102798
fB3TuwJs.png,jawa,train,0.0,252.11822509765625,0.0,0.1644900497512438,0.05921564054726368,256,0.5503743290901184,0.0,0.0,0.0,False,135,PNG,883,77,11.467532467532468,0.6843258666588224
Kw4PRAzE.png,lontara,train,0.0,251.89813232421875,0.0,0.12744537601626016,0.06056275406504065,256,0.6902978420257568,0.0,0.0,0.0,False,137,PNG,874,47,18.595744680851062,0.7852378402064365
dRClM9eF.png,bali,train,0.0,250.9799041748047,0.0,0.12699142156862744,0.11611519607843138,256,1.0718450546264648,0.0,0.0,0.0,False,155,PNG,1519,68,22.33823529411765,0.8066452387406575
L29NxC85.png,jawa,train,0.0,248.39292907714844,0.0,0.2471972104519774,0.11531161723163842,256,0.6475662589073181,0.0,0.0,0.0,False,136,PNG,953,73,13.054794520547944,1.0865759174344896
x6TUP3bb.png,jawi,train,0.0,254.6571502685547,0.0,0.24731182795698925,0.05779569892473118,5,0.8226041197776794,0.0,0.0,0.0,False,127,PNG,24,31,0.7741935483870968,3.043010752688172
z62bzXr7.png,lampung,train,0.0,254.76893615722656,0.0,0.06220627621405832,0.02056698165647582,5,1.0022599697113037,0.0,0.0,0.0,False,127,PNG,257,77,3.3376623376623376,0.6690585678912527
dfp1vbRJ.png,jawa,train,3.721653461456299,247.31689453125,0.36907958984375,0.12079041412655035,0.06798402354425058,256,0.7488030791282654,1.0,0.0,0.0,False,138,PNG,355,67,5.298507462686567,14.840277485810384
LjHQdn9x.png,lontara,train,0.0,251.387451171875,0.0,0.18337053571428572,0.0675595238095238,256,0.6684961318969727,0.0,0.0,0.0,False,135,PNG,931,42,22.166666666666668,0.8042555368011867
VDrAXlPc.png,lontara,train,0.0,252.7338104248047,0.0,0.11682734929078015,0.04726285460992908,256,0.675346851348877,0.0,0.0,0.0,False,136,PNG,945,58,16.29310344827586,0.6063127166575443
0TBRdSix.png,jawa,train,0.0,232.7030792236328,0.0,0.3715111086301217,0.4220302556659596,26,1.6168549060821533,0.0,0.0,0.0,False,71,PNG,676,106,6.377358490566038,2.3780283577090544
WDbmuVat.png,lampung,train,0.0,249.42413330078125,0.0,0.15834165834165834,0.12304362304362304,133,0.791572093963623,0.0,0.0,0.0,False,143,PNG,143,42,3.4047619047619047,2.793206793206793
x9REW93s.png,jawi,train,0.0,250.80723571777344,0.0,0.24566521624472573,0.06624142932489452,256,0.5756648778915405,0.0,0.0,0.0,False,131,PNG,802,83,9.662650602409638,0.8893429077907641
h0pKPA3F.png,jawi,train,0.0,254.58961486816406,0.0,0.135018422407987,0.049799928687452956,5,1.1109379529953003,0.0,0.0,0.0,False,127,PNG,587,43,13.651162790697674,0.9971078800364488
2WAaMM0i.png,sunda,train,0.0,252.88938903808594,0.0,0.09994666164658635,0.04700050200803213,256,0.5987682938575745,0.0,0.0,0.0,False,138,PNG,803,87,9.229885057471265,0.5660382760052104
MscHvNuk.png,pegon,train,0.0,254.31838989257812,0.0,0.1764092498313194,0.04931607679568178,5,0.9498952627182007,0.0,0.0,0.0,False,127,PNG,137,119,1.1512605042016806,1.279764460528737
RaqdcaK4.png,sunda,train,0.0,252.79013061523438,0.0,0.0899969362745098,0.050551470588235295,256,0.6532552242279053,0.0,0.0,0.0,False,141,PNG,822,73,11.26027397260274,0.5503449655034497
pVm5BPbD.png,lampung,train,0.0,250.98825073242188,0.0,0.22539288668320925,0.07196029776674938,65,0.8385562896728516,0.0,0.0,0.0,False,73,PNG,78,31,2.5161290322580645,3.4971050454921424
rKVeTtSS.png,lampung,train,0.0,254.68600463867188,0.0,0.12361793611793612,0.03209459459459459,5,0.9035277962684631,0.0,0.0,0.0,False,127,PNG,148,44,3.363636363636364,1.0528255528255528
RZTQWF8q.png,lampung,train,0.0,251.33824157714844,0.0,0.10578002244668912,0.07098765432098765,71,0.7430203557014465,0.0,0.0,0.0,False,135,PNG,99,36,2.75,2.334455667789001
YXJ9nyYF.png,jawi,train,0.0,252.90834045410156,0.0,0.07208806818181818,0.04707228535353535,256,0.7891169190406799,0.0,0.0,0.0,False,143,PNG,951,82,11.597560975609756,0.5649508861019209
0qieWTAa.jpg,pegon,train,11.334059715270996,211.57492065429688,2.5818634033203125,0.3488925125696426,0.42462291072156544,251,0.47065484523773193,0.0,0.0,0.0,False,108,JPEG,446,330,1.3515151515151516,6.325642070933551
IE5oHD3M.png,jawa,train,0.0,251.25497436523438,0.0,0.18136699879227053,0.07170893719806763,256,0.6479606032371521,0.0,0.0,0.0,False,135,PNG,818,74,11.054054054054054,0.9253948324852972
IoxFDRN1.png,jawi,train,0.0,254.84420776367188,0.0,0.15469509913954357,0.02319491208380097,5,0.8099907636642456,0.0,0.0,0.0,False,127,PNG,66,81,0.8148148148148148,1.159745604190049
gKU8FXn9.png,lampung,train,0.0,252.21212768554688,0.0,0.19712569712569714,0.09480909480909482,104,0.6346186995506287,0.0,0.0,0.0,False,147,PNG,126,37,3.4054054054054053,3.382239382239382
48uWCL2y.png,lontara,train,0.0,252.39588928222656,0.0,0.13929191468253968,0.05412946428571429,256,0.6713329553604126,0.0,0.0,0.0,False,136,PNG,931,51,18.254901960784316,0.6454792443293107
MjQUIIgU.png,jawa,train,0.0,251.1980743408203,0.0,0.16289511494252873,0.07700251436781609,256,0.6015628576278687,0.0,0.0,0.0,False,138,PNG,844,64,13.1875,0.7902843601895735
MLaSwjle.png,sunda,train,0.0,254.52655029296875,0.0,0.20482654600301659,0.041176470588235294,5,0.7944091558456421,0.0,0.0,0.0,False,127,PNG,130,51,2.549019607843137,1.2150829562594267
b3mX8O1h.png,sunda,train,0.0,254.41802978515625,0.0,0.1991794871794872,0.05158974358974359,5,0.9148623943328857,0.0,0.0,0.0,False,127,PNG,250,39,6.410256410256411,1.243076923076923
tW90ex0w.png,bali,train,0.0,249.93844604492188,0.0,0.16134344362745098,0.13457414215686275,256,1.0123639106750488,0.0,0.0,0.0,False,151,PNG,1340,59,22.71186440677966,0.9711105489501644
CKwdiRJV.png,lontara,train,0.0,252.48495483398438,0.0,0.11364583333333333,0.053098958333333335,256,0.698909342288971,0.0,0.0,0.0,False,138,PNG,868,57,15.228070175438596,0.6792788422669577
bBVQpdj1.png,lampung,train,0.0,251.71185302734375,0.0,0.19262038774233897,0.03564727954971857,67,0.8547836542129517,0.0,0.0,0.0,False,73,PNG,82,39,2.102564102564102,3.094434021263289
YG6yAvc0.png,lampung,train,0.0,252.36358642578125,0.0,0.1607434640522876,0.0915032679738562,90,0.7045359015464783,0.0,0.0,0.0,False,145,PNG,136,36,3.7777777777777777,3.076797385620915
I3dQluWZ.png,jawa,train,0.0,197.88153076171875,0.0,0.3073459201388889,0.5483940972222222,256,1.2066134214401245,26.0,0.0,0.0,False,117,PNG,928,58,16.0,2.0401307966706304
0DswLBCf.png,jawi,train,0.0,254.74415588378906,0.0,0.16583301269719122,0.021803257663203797,5,0.7807347178459167,0.0,0.0,0.0,False,127,PNG,113,69,1.6376811594202898,0.917275875336668
xSW9pTyw.png,jawa,train,0.0,214.16000366210938,0.0,0.23388671875,0.399658203125,256,0.9015525579452515,20.0,0.0,0.0,False,118,PNG,993,83,11.963855421686748,1.683592375544474
Bu311bOJ.png,sunda,train,0.0,254.71690368652344,0.0,0.15932494279176201,0.03785278413424867,5,0.9541733264923096,0.0,0.0,0.0,False,127,PNG,228,46,4.956521739130435,1.0488176964149505
peQYqrbb.png,jawi,train,0.0,251.35824584960938,0.0,0.20387883771929824,0.06078673245614035,256,0.5745853185653687,0.0,0.0,0.0,False,132,PNG,798,99,8.06060606060606,0.8417002101212627
7Wq83fQ5.png,jawa,train,0.0,251.9392852783203,0.0,0.1468822337962963,0.05888310185185185,256,0.6396238207817078,0.0,0.0,0.0,False,136,PNG,845,79,10.69620253164557,0.6911242603550296
CUwmDZOk.png,bali,train,0.0,254.80850219726562,0.0,0.06044176706827309,0.01927710843373494,5,1.0558682680130005,0.0,0.0,0.0,False,127,PNG,83,60,1.3833333333333333,0.8931726907630522
hcC86FhH.png,jawi,train,0.0,251.530517578125,0.0,0.1419034090909091,0.07459753787878788,256,0.6856784224510193,0.0,0.0,0.0,False,140,PNG,952,68,14.0,0.828596144340089
hKYgVN4A.png,lampung,train,0.0,250.1977081298828,0.0,0.18314176245210728,0.10574712643678161,123,0.6286999583244324,0.0,0.0,0.0,False,146,PNG,145,36,4.027777777777778,3.426819923371648
UGgD2DKA.png,jawi,train,0.0,250.83026123046875,0.0,0.21437355324074073,0.06850405092592593,256,0.5759196281433105,0.0,0.0,0.0,False,132,PNG,789,74,10.66216216216216,0.9056965710958106
JUcIlUlw.jpg,jawa,train,11.534440994262695,242.83792114257812,3.2427215576171875,0.10873263888888889,0.2030150462962963,256,0.9909368753433228,0.0,0.0,0.011464120370370371,False,180,JPEG,480,360,1.3333333333333333,1.5660648148148149
6VqN6Pck.png,sunda,train,0.0,253.06973266601562,0.0,0.09409722222222222,0.039774305555555556,256,0.6175549626350403,0.0,0.0,0.0,False,137,PNG,797,78,10.217948717948715,0.5606923398642345
yGjvgw2c.png,jawa,train,0.0,245.9117889404297,0.0,0.19808491418247515,0.19177958446251128,22,1.1957532167434692,0.0,0.0,0.0,False,79,PNG,675,82,8.231707317073171,1.6656187895212284
5RrsLcjU.png,pegon,train,0.0,254.37876892089844,0.0,0.1511206328279499,0.04103493737640079,5,0.9355711340904236,0.0,0.0,0.0,False,127,PNG,148,123,1.2032520325203253,1.1456822676334872
DiTgY9CI.png,jawi,train,0.0,254.70880126953125,0.0,0.09803921568627451,0.02051983584131327,5,0.9131168723106384,0.0,0.0,0.0,False,127,PNG,51,43,1.186046511627907,1.4810761513907889
ZTfpmt2B.png,lontara,train,0.0,251.3075714111328,0.0,0.14505912162162163,0.07238879504504504,256,0.7351194620132446,0.0,0.0,0.0,False,138,PNG,911,44,20.704545454545453,0.8927252769184713
W9KU9Wvz.png,bali,train,0.0,254.79847717285156,0.0,0.09126506024096386,0.023644578313253013,5,0.922724723815918,0.0,0.0,0.0,False,127,PNG,166,80,2.075,0.813855421686747
XLNKCy5O.png,sunda,train,0.0,254.89077758789062,0.0,0.16285714285714287,0.027857142857142858,5,0.8431555032730103,0.0,0.0,0.0,False,127,PNG,40,35,1.1428571428571428,1.7657142857142858
tqy9vNiv.png,lontara,train,0.0,252.9014129638672,0.0,0.1021142302259887,0.04206391242937853,256,0.6864569783210754,0.0,0.0,0.0,False,136,PNG,932,72,12.944444444444445,0.573795898903195
4Ta1hfxP.png,sunda,train,0.0,254.65829467773438,0.0,0.1337512325679673,0.03378410104709584,5,0.854245662689209,0.0,0.0,0.0,False,127,PNG,687,62,11.080645161290322,0.819270319763347
sGcIIOD4.png,pegon,train,0.0,254.26287841796875,0.0,0.20400666748981355,0.05448203481911347,5,0.9562456607818604,0.0,0.0,0.0,False,127,PNG,182,178,1.0224719101123596,1.3880726015557476
iqPiMuzH.png,pegon,train,0.0,249.1160888671875,0.0,0.23092164855072464,0.09937349033816426,256,0.6522674560546875,0.0,0.0,0.0,False,135,PNG,836,75,11.146666666666668,1.1423285486443382
yTfUtOrl.png,lontara,train,0.0,251.85333251953125,0.0,0.13846472537878787,0.0635061553030303,256,0.691052258014679,0.0,0.0,0.0,False,137,PNG,810,46,17.608695652173914,0.8362855609232421
CPGVPQih.png,jawi,train,0.0,254.50111389160156,0.0,0.22251082251082252,0.04588744588744589,5,0.8322857022285461,0.0,0.0,0.0,False,127,PNG,35,33,1.0606060606060606,2.292640692640693
Pwxovv4w.jpg,pegon,train,34.099327087402344,164.6678009033203,75.19111633300781,0.2989108845338983,0.9754590395480226,217,0.5741611123085022,1.0,0.0,2.7586511299435028e-05,False,123,JPEG,768,472,1.6271186440677967,1.7086643714689265
pVaurMOE.png,sunda,train,33.100914001464844,250.7762908935547,27.50921630859375,0.054090568133311784,0.017103261928147238,31,1.227533221244812,0.0,0.0,0.0,False,122,PNG,729,331,2.202416918429003,0.2485215438107907
p351Z4S5.png,lontara,train,0.0,251.7207489013672,0.0,0.16526442307692307,0.06129807692307692,256,0.6582298874855042,0.0,0.0,0.0,False,135,PNG,933,47,19.851063829787236,0.7416022439625094
nPilQvB7.png,bali,train,0.0,254.66354370117188,0.0,0.10204790003471018,0.03639939835705195,5,1.043575406074524,0.0,0.0,0.0,False,127,PNG,645,67,9.626865671641792,0.8063866712946893
W9YzgCDe.jpg,bali,train,19.44865608215332,179.14480590820312,16.159332275390625,0.3360618308738426,0.9505547417534722,251,0.683815062046051,3.0,0.0,2.2605613425925925e-06,False,143,JPEG,870,1160,0.75,1.9923900118906064
g4u9buSM.png,jawi,train,0.0,254.73081970214844,0.0,0.0862708719851577,0.03074476543864299,5,1.129891037940979,0.0,0.0,0.0,False,127,PNG,154,49,3.142857142857143,0.9191624701828784
zpjnHXjv.png,jawa,train,0.0,252.04270935058594,0.0,0.12968432418699186,0.057545731707317076,256,0.5953379273414612,0.0,0.0,0.0,False,137,PNG,776,83,9.349397590361448,0.7550614830455844
XLpfTPXq.png,lontara,train,0.0,252.53282165527344,0.0,0.12397693452380952,0.050347222222222224,256,0.678674578666687,0.0,0.0,0.0,False,136,PNG,931,51,18.254901960784316,0.6427834291611382
sraqOBct.png,lampung,train,0.0,250.87220764160156,0.0,0.13850486431131592,0.08422939068100359,96,0.6613828539848328,0.0,0.0,0.0,False,139,PNG,126,31,4.064516129032258,2.781362007168459
HOn1Kjg3.png,lampung,train,0.0,251.5338897705078,0.0,0.11979949874686717,0.07218045112781955,66,0.9423102736473083,0.0,0.0,0.0,False,84,PNG,95,42,2.261904761904762,2.8150375939849623
QepjZS9b.png,sunda,train,0.0,250.5276641845703,0.0,0.1615794573643411,0.10655886627906977,256,0.7324919104576111,0.0,0.0,0.0,False,144,PNG,798,45,17.733333333333334,1.0221108326371484
3mcFdk7G.png,pegon,train,0.0,254.34718322753906,0.0,0.17629407351837958,0.0459489872468117,5,0.9146846532821655,0.0,0.0,0.0,False,127,PNG,172,155,1.1096774193548389,1.2186046511627906
DraaCBcD.png,jawa,train,0.0,249.58106994628906,0.0,0.2468485809178744,0.08863602053140096,256,0.6114941239356995,0.0,0.0,0.0,False,133,PNG,902,81,11.135802469135802,0.9417754783608442
ZxaB1nEC.png,jawi,train,0.0,254.43902587890625,0.0,0.19902791625124627,0.042165171153207046,5,0.8375244140625,0.0,0.0,0.0,False,127,PNG,472,51,9.254901960784316,1.093386507145231
aeFnWHXI.png,lampung,train,0.0,254.7711639404297,0.0,0.08383620689655172,0.024525862068965516,5,0.9983832836151123,0.0,0.0,0.0,False,127,PNG,290,80,3.625,0.7048275862068966
KMr4VEKF.png,lampung,train,0.0,251.20138549804688,0.0,0.14910829196543482,0.10167310167310167,110,0.883123517036438,0.0,0.0,0.0,False,99,PNG,147,37,3.972972972972973,2.938775510204082
ZwWrOa3o.png,jawi,train,0.0,250.6826171875,0.0,0.25150240384615385,0.07163127670940171,256,0.5709797143936157,0.0,0.0,0.0,False,131,PNG,793,81,9.790123456790123,0.9312347235844504
cJsdBlLn.png,lampung,train,0.0,254.6749725341797,0.0,0.08800285029474639,0.027110189803718338,5,0.9861873388290405,0.0,0.0,0.0,False,127,PNG,718,43,16.697674418604652,0.6584180864157544
m2in5eft.png,jawi,train,0.0,250.5756072998047,0.0,0.2860480878995434,0.06890339611872145,256,0.5750675201416016,0.0,0.0,0.0,False,131,PNG,809,77,10.506493506493506,0.9062976578427752
j9iNhn8A.png,jawa,train,0.0,250.34661865234375,0.0,0.19034529320987653,0.09956114969135803,256,0.6237716674804688,0.0,0.0,0.0,False,139,PNG,913,64,14.265625,0.968921139101862
XG5wyJgA.png,jawi,train,0.0,254.5804901123047,0.0,0.14763257575757577,0.038446969696969695,5,0.8982212543487549,0.0,0.0,0.0,False,127,PNG,220,48,4.583333333333333,1.0075757575757576
crv2qL3d.jpg,jawa,train,18.56342887878418,250.23907470703125,0.1195220947265625,0.2101115340947038,0.2224731789949181,256,0.9611281752586365,0.0,0.0,0.0,False,167,JPEG,483,341,1.4164222873900294,4.176487374243335
r2BpthqB.png,lampung,train,0.0,251.74215698242188,0.0,0.1164058795637743,0.05547652916073969,87,0.7714017629623413,0.0,0.0,0.0,False,112,PNG,111,38,2.921052631578948,2.5206258890469417
LDOS19XN.png,pegon,train,0.0,250.5511474609375,0.0,0.16843077956989247,0.09213289650537634,256,0.7013623118400574,0.0,0.0,0.0,False,140,PNG,816,66,12.363636363636363,1.076351752822341
nKVKvIRz.png,sunda,train,0.0,252.0693359375,0.0,0.12140151515151515,0.07211174242424243,256,0.7379449605941772,0.0,0.0,0.0,False,144,PNG,807,58,13.913793103448276,0.790838781352818
5U9QYXrR.png,jawi,train,0.0,254.6934814453125,0.0,0.11148936170212766,0.017446808510638297,5,0.9218156933784485,0.0,0.0,0.0,False,127,PNG,47,50,0.94,1.3004255319148936
GaYpPtLD.png,bali,train,0.0,254.6620330810547,0.0,0.13348214285714285,0.0369140625,5,0.9393433332443237,0.0,0.0,0.0,False,127,PNG,512,70,7.314285714285714,0.9252232142857144
Skes3FaH.png,jawi,train,0.0,254.23809814453125,0.0,0.16521739130434782,0.04596273291925466,5,0.9749239087104797,0.0,0.0,0.0,False,127,PNG,23,35,0.6571428571428571,2.484472049689441
gu5us0CH.png,lampung,train,0.0,248.27529907226562,0.0,0.1802980132450331,0.1400662251655629,136,0.6014451384544373,0.0,0.0,0.0,False,143,PNG,151,40,3.775,3.618543046357616
IIUI6655.png,lontara,train,0.0,252.6302032470703,0.0,0.10755750868055555,0.050048828125,256,0.696198046207428,0.0,0.0,0.0,False,138,PNG,875,55,15.909090909090908,0.6744103896103896
bUK22ID9.png,lampung,train,0.0,253.9200439453125,0.0,0.19148936170212766,0.10597381342062193,123,0.7723963856697083,0.0,0.0,0.0,False,159,PNG,156,47,3.3191489361702127,2.4953627932351337
3V2y3BS8.png,sunda,train,0.0,254.83729553222656,0.0,0.18055555555555555,0.03611111111111111,5,0.8046733140945435,0.0,0.0,0.0,False,127,PNG,40,36,1.1111111111111112,1.8777777777777775
2XWwj13J.png,jawi,train,0.0,251.34523010253906,0.0,0.2178270042194093,0.06193960970464135,256,0.571509838104248,0.0,0.0,0.0,False,132,PNG,794,82,9.682926829268292,0.8441358972783682
HKuAo8pN.png,sunda,train,0.0,250.63760375976562,0.0,0.16272786458333333,0.10517578125,256,0.7252956032752991,0.0,0.0,0.0,False,144,PNG,800,42,19.047619047619047,1.0166666666666666
1loLOIK0.png,jawi,train,0.0,249.61463928222656,0.0,0.2508157630522088,0.08507467369477911,256,0.5795906186103821,0.0,0.0,0.0,False,132,PNG,819,89,9.202247191011235,0.9515578054903896
buiY6ByJ.png,jawi,train,0.0,252.19369506835938,0.0,0.10350334119496855,0.06360554245283019,256,0.748288094997406,0.0,0.0,0.0,False,142,PNG,866,60,14.433333333333334,0.7465742879137798
1VswsgkH.png,pegon,train,0.0,254.33596801757812,0.0,0.17803768680961662,0.04767706302794022,5,0.9654852747917175,0.0,0.0,0.0,False,127,PNG,114,108,1.0555555555555556,1.307992202729045
26CqbMpI.jpg,sunda,train,1.2705267667770386,251.8460693359375,2.832763671875,0.02252565818830879,0.020681243492488472,146,0.7448447346687317,0.0,0.0,0.0,False,221,JPEG,415,405,1.0246913580246917,0.339515097426744
4hL6fgAt.png,sunda,train,0.0,254.7436981201172,0.0,0.10661896243291592,0.02745974955277281,5,0.9093071222305298,0.0,0.0,0.0,False,127,PNG,172,65,2.646153846153846,0.8708407871198569
d2jkqGaU.png,jawi,train,0.0,254.82374572753906,0.0,0.08612975391498881,0.015156599552572706,5,0.8263441324234009,0.0,0.0,0.0,False,127,PNG,149,120,1.2416666666666667,0.6809843400447427
fSs4JQ76.png,jawa,train,0.0,250.65956115722656,0.0,0.17292931848852902,0.06500927800269905,20,0.775238037109375,0.0,0.0,0.0,False,115,PNG,624,76,8.210526315789474,1.2122132253711202
2nbQorQ6.png,lontara,train,0.0,252.75563049316406,0.0,0.11700581395348837,0.04745033914728682,256,0.6820153594017029,0.0,0.0,0.0,False,137,PNG,945,53,17.830188679245282,0.6039333133672756
PgwtcEoX.png,jawa,train,0.0,254.69308471679688,0.0,0.14050179211469535,0.03745519713261649,5,0.7930523157119751,0.0,0.0,0.0,False,127,PNG,93,60,1.55,1.1311827956989249
segKORP7.png,lampung,train,0.0,250.2841339111328,0.0,0.13110072689511942,0.08618899273104881,93,0.8465538024902344,0.0,0.0,0.0,False,111,PNG,107,36,2.9722222222222223,2.791277258566978
ptggm8Dm.png,jawa,train,0.0,76.6478500366211,0.0,0.48057815678297605,0.3135463933656705,22,1.3214210271835327,0.0,0.0,0.0,True,147,PNG,616,83,7.421686746987952,2.1226725082146767
WjO9Cz5R.png,jawi,train,0.0,254.2231903076172,0.0,0.22213480199318122,0.07002360346184107,5,0.9625483155250549,0.0,0.0,0.0,False,127,PNG,123,31,3.967741935483871,1.5861526357199056
NCiHszCQ.png,jawi,train,0.0,254.784423828125,0.0,0.06789638932496075,0.020800627943485087,5,0.933203399181366,0.0,0.0,0.0,False,127,PNG,49,52,0.9423076923076924,1.17425431711146
pI6H93As.png,lontara,train,0.0,252.37498474121094,0.0,0.13438585069444445,0.05409071180555555,256,0.6650207042694092,0.0,0.0,0.0,False,136,PNG,937,59,15.88135593220339,0.6536548305989183
k6xPHhli.png,bali,train,0.0,250.5628662109375,0.0,0.13635706018518517,0.13917824074074073,256,1.1422786712646484,0.0,0.0,0.0,False,161,PNG,1393,66,21.10606060606061,0.955600513389458
EIbBGv9G.jpg,bali,train,12.279112815856934,254.22496032714844,0.3549957275390625,0.029692473234953703,0.03611020688657408,254,1.0539374351501465,0.0,0.0,0.0,False,196,JPEG,768,1024,0.75,0.6725972493489584
fAFoe01T.png,jawi,train,0.0,254.72161865234375,0.0,0.0839452005730659,0.024892550143266474,5,0.8885283470153809,0.0,0.0,0.0,False,127,PNG,349,64,5.453125,0.6615329512893983
lCnwzD6t.png,jawi,train,0.0,254.665283203125,0.0,0.14360811862049458,0.03017373470686688,5,0.8417649269104004,0.0,0.0,0.0,False,127,PNG,719,59,12.186440677966102,0.7822540722755239
xJKkDOHT.png,lontara,train,0.0,252.1903839111328,0.0,0.11675347222222222,0.05514865451388889,256,0.6932315230369568,0.0,0.0,0.0,False,137,PNG,938,59,15.898305084745765,0.6503559683423078
BrB0zdoq.png,jawa,train,0.0,253.9280242919922,0.0,0.13588348271446862,0.042230656667276385,20,0.8642460703849792,0.0,0.0,0.0,False,46,PNG,616,71,8.67605633802817,0.8333638192793122
ptAschbP.png,lampung,train,0.0,254.7291259765625,0.0,0.08598139449203279,0.023348991434097816,5,0.93686443567276,0.0,0.0,0.0,False,127,PNG,282,77,3.6623376623376624,0.7335359675785208
0wrkeCaA.png,sunda,train,0.0,254.61029052734375,0.0,0.14139225880993644,0.0365106874638937,5,0.8797317743301392,0.0,0.0,0.0,False,127,PNG,577,60,9.616666666666667,0.8979780473714616
2Z5KwPmp.png,lampung,train,0.0,254.75369262695312,0.0,0.09464285714285714,0.023170731707317073,5,0.9573732614517212,0.0,0.0,0.0,False,127,PNG,280,82,3.414634146341464,0.789198606271777
8pOxiJ2F.png,lontara,train,0.0,253.0998077392578,0.0,0.09475977891156463,0.04012542517006803,256,0.6875991225242615,0.0,0.0,0.0,False,137,PNG,955,61,15.655737704918034,0.5296712728521157
9WzBLHSF.png,bali,train,0.0,254.57479858398438,0.0,0.1339058524173028,0.04207147814018043,5,1.0340009927749634,0.0,0.0,0.0,False,127,PNG,524,66,7.9393939393939394,1.0127226463104326
nBOckJ2O.png,jawi,train,0.0,252.7877197265625,0.0,0.08618444683908046,0.05248742816091954,256,0.7411429286003113,0.0,0.0,0.0,False,143,PNG,881,67,13.149253731343284,0.624798820878581
hX81sT54.png,lontara,train,0.0,252.18690490722656,0.0,0.13024088541666667,0.05768229166666667,256,0.6982253193855286,0.0,0.0,0.0,False,137,PNG,941,49,19.20408163265306,0.7094493482834154
AHdpVHM7.png,sunda,train,0.0,251.33653259277344,0.0,0.12902681327160495,0.07993344907407407,256,0.7164267301559448,0.0,0.0,0.0,False,142,PNG,802,56,14.321428571428571,0.8158175988599928
cjnsTa5k.png,sunda,train,0.0,254.74131774902344,0.0,0.10909712722298222,0.028305302969340952,5,0.8319265842437744,0.0,0.0,0.0,False,127,PNG,731,68,10.75,0.664198921702744
tu86jf4F.png,lampung,train,0.0,249.18406677246094,0.0,0.15338025863480112,0.1427402193485022,127,0.6016626358032227,0.0,0.0,0.0,False,146,PNG,149,41,3.634146341463415,3.2908823047962024
hDoKvj7h.png,sunda,train,0.0,254.52658081054688,0.0,0.1336882579118604,0.03736567090604358,5,0.8278602361679077,0.0,0.0,0.0,False,127,PNG,161,63,2.555555555555556,0.9164941338854382
HKpOw0E7.png,jawi,train,0.0,254.7499542236328,0.0,0.0810281517747858,0.02317421460628315,5,0.8909112215042114,0.0,0.0,0.0,False,127,PNG,215,57,3.771929824561404,0.7324357405140759
TMIIvH9S.png,jawi,train,0.0,254.7113037109375,0.0,0.10520558279894379,0.035835533760844966,5,0.9916113018989563,0.0,0.0,0.0,False,127,PNG,482,55,8.763636363636364,0.775858166729536
IPSizNWQ.png,jawi,train,0.0,254.743896484375,0.0,0.14265077645359336,0.020404478150957025,5,0.8112748861312866,0.0,0.0,0.0,False,127,PNG,78,71,1.0985915492957747,1.012639942217407
u7i9RALq.png,lampung,train,0.0,252.12106323242188,0.0,0.1354916067146283,0.07142857142857142,93,0.8623554110527039,0.0,0.0,0.0,False,89,PNG,139,42,3.3095238095238093,2.4433025008564577
oNV6d8Ue.png,sunda,train,0.0,251.52574157714844,0.0,0.15214029947916666,0.072265625,256,0.5530520677566528,0.0,0.0,0.0,False,138,PNG,783,65,12.046153846153846,0.7645544748993025
r96Tl3Hf.png,bali,train,0.0,254.47201538085938,0.0,0.10870224378411159,0.04328380836870831,5,1.1715954542160034,0.0,0.0,0.0,False,127,PNG,194,68,2.8529411764705883,1.130988477865373
6AktV6iu.png,bali,train,0.0,250.8071746826172,0.0,0.14047619047619048,0.1312127976190476,256,1.068505883216858,0.0,0.0,0.0,False,157,PNG,1501,68,22.073529411764707,0.8769839714700004
g45mFPbB.png,lontara,train,0.0,252.7677764892578,0.0,0.12129629629629629,0.046440972222222224,256,0.6627088785171509,0.0,0.0,0.0,False,136,PNG,954,56,17.035714285714285,0.5870020964360587
68vAJ2QF.png,sunda,train,0.0,254.5783233642578,0.0,0.14971094820907085,0.04279158471899398,5,0.9094589352607727,0.0,0.0,0.0,False,127,PNG,357,47,7.595744680851064,0.9940997675666012
sGuwuaSx.png,sunda,train,0.0,254.62619018554688,0.0,0.18978829389788293,0.04009962640099626,5,0.7850226759910583,0.0,0.0,0.0,False,127,PNG,73,55,1.3272727272727274,1.3070983810709838
sSIPm67w.png,bali,train,0.0,250.42031860351562,0.0,0.13270399305555555,0.1267361111111111,256,1.0729665756225586,0.0,0.0,0.0,False,155,PNG,1372,65,21.107692307692307,0.9167077820139043
9loTSMIh.png,pegon,train,0.0,250.21910095214844,0.0,0.1751787935323383,0.09155394900497513,256,0.6798247694969177,0.0,0.0,0.0,False,138,PNG,844,74,11.405405405405403,1.0479057256308442
ePMlluIs.png,jawa,train,0.0,214.53961181640625,0.0,0.25047576121794873,0.39463141025641024,256,0.8157681226730347,19.0,0.0,0.0,False,118,PNG,984,66,14.909090909090908,1.7416851441241683
fB1k6OYk.jpg,jawa,train,13.722668647766113,156.4153289794922,4.5853118896484375,0.3031955295138889,0.9710648148148148,190,0.29226645827293396,0.0,0.0,0.20581506799768517,False,113,JPEG,1000,750,1.3333333333333333,0.483968
P52dvVOv.png,lontara,train,0.0,252.4738006591797,0.0,0.1318287037037037,0.04973958333333333,256,0.6738126277923584,0.0,0.0,0.0,False,135,PNG,939,55,17.072727272727274,0.6391325394520283
RJVhHjwp.png,sunda,train,0.0,254.60922241210938,0.0,0.14346807583351492,0.039251470908694706,5,0.9230179190635681,0.0,0.0,0.0,False,127,PNG,706,52,13.576923076923077,0.8906079755938113
DcqIVlkQ.png,sunda,train,0.0,253.45849609375,0.0,0.054657907196969696,0.041740648674242424,256,0.9397737979888916,0.0,0.0,0.0,False,150,PNG,798,91,8.76923076923077,0.5560053981106613
UmAM2xxw.png,bali,train,0.0,254.61732482910156,0.0,0.12687406296851575,0.042273506104090815,5,1.062095046043396,0.0,0.0,0.0,False,127,PNG,667,56,11.910714285714286,0.9802955665024632
SjgjW4Tx.png,jawi,train,0.0,254.66697692871094,0.0,0.11752729163056663,0.03365967769883902,5,0.9191740155220032,0.0,0.0,0.0,False,127,PNG,398,58,6.862068965517241,0.8286258880609946
vNfPJkvY.png,jawi,train,0.0,254.5972442626953,0.0,0.1413373860182371,0.044579533941236066,5,0.9219565987586975,0.0,0.0,0.0,False,127,PNG,126,47,2.6808510638297878,1.155015197568389
BYVSlwwq.png,jawi,train,0.0,254.7161865234375,0.0,0.13371749408983452,0.02349290780141844,5,0.8240800499916077,0.0,0.0,0.0,False,127,PNG,94,72,1.3055555555555556,0.9846335697399528
S956mZFT.png,bali,train,0.0,251.0579833984375,0.0,0.12784402412280702,0.1196546052631579,256,1.09501314163208,0.0,0.0,0.0,False,157,PNG,1489,73,20.3972602739726,0.8317432863832489
wfFUMS9o.png,lontara,train,0.0,251.89312744140625,0.0,0.10751883865248227,0.06161347517730496,256,0.7401202917098999,0.0,0.0,0.0,False,140,PNG,1014,62,16.35483870967742,0.7435261182159445
WZfesrhL.png,lontara,train,0.0,252.3571014404297,0.0,0.12124875992063493,0.05326140873015873,256,0.6916686296463013,0.0,0.0,0.0,False,137,PNG,940,52,18.07692307692308,0.6446808510638298
B9ufMYFb.png,jawi,train,0.0,254.79751586914062,0.0,0.1249799390146044,0.038597335901139465,5,0.7461680769920349,0.0,0.0,0.0,False,127,PNG,402,62,6.483870967741935,0.6297544535387578
3LzGlLOu.png,lampung,train,0.0,254.74269104003906,0.0,0.08346384154767389,0.02478120681713496,5,0.9608260989189148,0.0,0.0,0.0,False,127,PNG,167,65,2.569230769230769,0.8512206356517734
0ZesCcre.png,lontara,train,0.0,252.20632934570312,0.0,0.10931299603174603,0.061135912698412696,256,0.7682918906211853,0.0,0.0,0.0,False,140,PNG,941,51,18.45098039215686,0.7239690775353712
ZiWzQeWe.png,bali,train,0.0,254.5009765625,0.0,0.13539325842696628,0.049812734082397,5,1.1347811222076416,0.0,0.0,0.0,False,127,PNG,89,60,1.4833333333333334,1.4666666666666666
d9Khp4Mf.png,lontara,train,0.0,252.2165985107422,0.0,0.1376065340909091,0.055989583333333336,256,0.6720243692398071,0.0,0.0,0.0,False,136,PNG,942,54,17.444444444444443,0.6827081858928993
6Dsgv9Et.png,jawa,train,0.0,250.6647186279297,0.0,0.171609268707483,0.07987882653061225,256,0.6248941421508789,0.0,0.0,0.0,False,136,PNG,911,58,15.70689655172414,0.7644498277754647
NZrTPBsT.jpg,jawa,train,0.0,1.9569923877716064,0.0,0.07161759741512345,0.046371648341049385,256,0.5285910367965698,0.0,0.75,0.0,True,108,JPEG,736,1308,0.5626911314984709,0.6658689004121793
0MabuhkW.png,bali,train,0.0,254.79466247558594,0.0,0.0838490099009901,0.03001237623762376,5,1.212532877922058,0.0,0.0,0.0,False,127,PNG,101,64,1.578125,1.1707920792079207
CnouVewX.png,lontara,train,0.0,254.64939880371094,0.0,0.132707051074398,0.02618507720548537,5,0.9288114309310913,0.0,0.0,0.0,False,127,PNG,378,49,7.714285714285714,0.7973221034445525
QMe5Qa85.jpg,lampung,train,40.074119567871094,240.82623291015625,50.094024658203125,0.18932954764660495,0.20569299768518517,250,0.30682477355003357,0.0,0.0,0.0,False,158,JPEG,1200,675,1.7777777777777777,0.7729777777777778
9JyFzjKx.png,lampung,train,0.0,251.32298278808594,0.0,0.14537671232876712,0.11335616438356165,110,0.5304967164993286,0.0,0.0,0.0,False,145,PNG,146,40,3.65,2.8219178082191783
feyznHRD.png,jawa,train,0.0,252.81410217285156,0.0,0.08803013392857142,0.05443948412698413,256,0.719836413860321,0.0,0.0,0.0,False,144,PNG,1013,111,9.126126126126126,0.5939364833737982
jXxnptdy.png,jawa,train,0.0,255.0,0.0,0.2719959778783308,0.1534594113779634,22,1.0842711925506592,0.0,0.0,0.0,False,143,PNG,663,78,8.5,1.752098077889933
wkyRylPr.png,lampung,train,0.0,252.30322265625,0.0,0.1087797619047619,0.06688988095238095,256,0.7890675663948059,0.0,0.0,0.0,False,144,PNG,937,43,21.79069767441861,0.6923630587476112
gmPHWaMA.png,pegon,train,0.0,254.33566284179688,0.0,0.10955334987593052,0.04373449131513648,5,1.0736647844314575,0.0,0.0,0.0,False,127,PNG,130,124,1.0483870967741935,1.171712158808933
Vtqkkqds.png,lampung,train,0.0,254.7921905517578,0.0,0.06577426810477657,0.023834745762711863,5,1.1050392389297485,0.0,0.0,0.0,False,127,PNG,236,88,2.6818181818181817,0.7388289676425269
ksrg3wo4.png,pegon,train,0.0,254.3259735107422,0.0,0.1688375350140056,0.05364145658263305,5,1.001198410987854,0.0,0.0,0.0,False,127,PNG,120,119,1.0084033613445378,1.4582633053221288
GW5uvkRW.png,jawa,train,8.573884963989258,226.49449157714844,1.082855224609375,0.2520736595626463,0.32952335595507404,256,0.9472072124481201,4.0,0.0,0.0,False,136,PNG,681,74,9.202702702702704,21.621780370679048
RjekL8VN.png,sunda,train,0.0,250.4534454345703,0.0,0.16094882246376813,0.10207201086956522,256,0.7189443111419678,0.0,0.0,0.0,False,143,PNG,801,48,16.6875,0.9983354140657512
nQUE5SqL.png,jawi,train,0.0,250.911865234375,0.0,0.23391751126126126,0.06839456644144144,256,0.5611599683761597,0.0,0.0,0.0,False,132,PNG,788,76,10.36842105263158,0.8960726689820999
9W5axwiz.jpg,pegon,train,32.47947692871094,155.3661346435547,63.013526916503906,0.09802546077504726,0.9232730781348456,205,0.3303590714931488,1.0,0.0,0.0,False,97,JPEG,1239,1800,0.6883333333333334,1.0854309030580218
Tm9OdQXS.png,lampung,train,0.0,252.6072998046875,0.0,0.11388888888888889,0.02878787878787879,65,0.9512441754341125,0.0,0.0,0.0,False,75,PNG,99,40,2.475,2.402020202020202
6n8WgRf6.png,lontara,train,0.0,252.50155639648438,0.0,0.1198171977124183,0.050219566993464054,256,0.6772179007530212,0.0,0.0,0.0,False,136,PNG,941,63,14.936507936507937,0.6320867702376736
fZ10vd5k.png,sunda,train,0.0,254.76348876953125,0.0,0.12142857142857143,0.030194805194805194,5,0.6892690658569336,0.0,0.0,0.0,False,127,PNG,55,56,0.9821428571428572,1.0831168831168831
JP3qTWWa.png,jawi,train,0.0,251.20803833007812,0.0,0.23255813953488372,0.060743701550387594,256,0.5674474835395813,0.0,0.0,0.0,False,131,PNG,789,88,8.965909090909092,0.8447977877635672
X7Mu75aM.png,bali,train,0.0,254.72589111328125,0.0,0.0843921568627451,0.029490196078431372,5,1.1001957654953003,0.0,0.0,0.0,False,127,PNG,85,75,1.1333333333333333,1.091764705882353
enIvDFOG.png,jawi,train,0.0,252.2700653076172,0.0,0.11487268518518519,0.05694031084656084,256,0.6474171280860901,0.0,0.0,0.0,False,138,PNG,860,70,12.285714285714286,0.6621926910299003
g9oS32ZH.png,lampung,train,0.0,250.7465362548828,0.0,0.12484848484848485,0.1111111111111111,52,0.6380467414855957,0.0,0.0,0.0,False,144,PNG,75,33,2.272727272727273,2.918787878787879
TBkFjG3r.png,lampung,train,0.0,254.76629638671875,0.0,0.07190649982620785,0.022506082725060828,5,1.02130925655365,0.0,0.0,0.0,False,127,PNG,274,84,3.261904761904762,0.6871741397288843
h6uvGoiY.png,jawa,train,0.0,255.0,0.0,0.2379120879120879,0.09193485086342229,22,0.8994991183280945,0.0,0.0,0.0,False,141,PNG,637,80,7.9625,1.4671899529042387
IilOTwi9.png,bali,train,0.0,251.18614196777344,0.0,0.1281383547008547,0.12239583333333333,256,1.113563895225525,0.0,0.0,0.0,False,159,PNG,1363,69,19.7536231884058,0.8469807649366806
jihYyOVk.png,pegon,train,0.0,254.78305053710938,0.0,0.12202380952380952,0.018154761904761906,5,0.9337161779403687,0.0,0.0,0.0,False,127,PNG,70,96,0.7291666666666666,0.8119047619047619
4QqymdHS.png,jawi,train,0.0,252.6064910888672,0.0,0.16503010321100917,0.04542956804281346,256,0.5644473433494568,0.0,0.0,0.0,False,133,PNG,797,113,7.053097345132743,0.6564439657565427
N5yUUVmc.png,lampung,train,0.0,253.01583862304688,0.0,0.12879310344827585,0.08155172413793103,98,0.757088840007782,0.0,0.0,0.0,False,154,PNG,145,40,3.625,2.6855172413793102
jVRM9bLG.png,pegon,train,0.0,254.5695037841797,0.0,0.25623693689687377,0.03577622626406368,5,0.7801012396812439,0.0,0.0,0.0,False,127,PNG,398,113,3.52212389380531,0.9836794592431184
BvzTd4IL.png,jawi,train,0.0,251.4530029296875,0.0,0.2246248759920635,0.06339905753968254,256,0.5564156770706177,0.0,0.0,0.0,False,132,PNG,790,86,9.186046511627907,0.8343832793641448
Hn3NR2qi.png,jawa,train,0.0,83.7034912109375,0.0,0.488029372451483,0.3376139959054532,26,1.4320937395095825,0.0,0.0,0.0,True,146,PNG,597,99,6.03030303030303,1.987445645737103
FDimLVa3.png,jawa,train,0.0,251.9969024658203,0.0,0.13420500578703703,0.06890190972222222,256,0.6715205311775208,0.0,0.0,0.0,False,140,PNG,842,79,10.658227848101266,0.8038726359782314
WAOz0ZE4.png,jawa,train,0.0,249.37464904785156,0.0,0.19251844618055555,0.09754774305555555,256,0.6261211633682251,0.0,0.0,0.0,False,136,PNG,900,56,16.071428571428573,0.981904761904762
GXjQi5XT.png,jawi,train,0.0,250.85568237304688,0.0,0.2419859871031746,0.06603422619047619,256,0.5812171101570129,0.0,0.0,0.0,False,131,PNG,802,88,9.113636363636363,0.8800725459079574
XjzuHQqf.png,jawi,train,0.0,254.7490997314453,0.0,0.21713554987212277,0.030946291560102302,5,0.7356640100479126,0.0,0.0,0.0,False,127,PNG,85,46,1.8478260869565215,1.090537084398977
nZXPsFKH.png,bali,train,0.0,254.49566650390625,0.0,0.1350097376560889,0.043819452400045825,5,1.0839345455169678,0.0,0.0,0.0,False,127,PNG,203,86,2.36046511627907,1.1547714514835603
UAr5UbQU.png,sunda,train,0.0,254.7059326171875,0.0,0.1651555307574278,0.03344260008369368,5,0.8107801079750061,0.0,0.0,0.0,False,127,PNG,428,67,6.388059701492537,0.8327521272143953
8nXUopAm.png,pegon,train,0.0,254.2129669189453,0.0,0.18305476529160739,0.0505423186344239,5,0.9495020508766174,0.0,0.0,0.0,False,127,PNG,152,148,1.027027027027027,1.3591749644381224
vXtcdKz0.png,pegon,train,0.0,254.8486328125,0.0,0.11602787456445993,0.011149825783972125,5,0.7805423736572266,0.0,0.0,0.0,False,127,PNG,82,70,1.1714285714285717,0.751219512195122
VwGQA44N.png,lampung,train,0.0,254.663818359375,0.0,0.0668103448275862,0.025016903313049357,5,1.1458100080490112,0.0,0.0,0.0,False,127,PNG,272,87,3.126436781609196,0.7437457741717377
eAW798Xv.png,sunda,train,0.0,254.7534942626953,0.0,0.10815030706776309,0.027729780368481317,5,0.8339918851852417,0.0,0.0,0.0,False,127,PNG,739,65,11.36923076923077,0.6595191006557718
xna93YNK.png,jawi,train,0.0,254.5897216796875,0.0,0.18840388007054673,0.034700176366843034,5,0.8269996643066406,0.0,0.0,0.0,False,127,PNG,324,70,4.628571428571429,0.9534391534391534
m8WqQXdM.png,lontara,train,0.0,251.49510192871094,0.0,0.13738493217054262,0.06234859496124031,256,0.6854427456855774,0.0,0.0,0.0,False,136,PNG,943,53,17.79245283018868,0.7348686448308289
1aIVpZ2l.jpg,lampung,train,0.25021618604660034,250.94642639160156,0.024322509765625,0.12668966845006485,0.13430964250972763,256,0.4762146472930908,0.0,0.0,0.0,False,209,JPEG,830,556,1.4928057553956835,1.5225621912108869
N7QMo30a.png,jawi,train,0.0,254.38787841796875,0.0,0.2571052631578947,0.04586466165413534,5,0.833389401435852,0.0,0.0,0.0,False,127,PNG,380,70,5.428571428571429,1.2069172932330827
q8zqGHIi.png,jawa,train,0.0,254.87376403808594,0.0,0.08845738942826321,0.01737983938631188,5,0.8300740122795105,0.0,0.0,0.0,False,127,PNG,103,81,1.271604938271605,0.8294378520915737
FfT3Mhg3.png,jawi,train,0.0,254.43397521972656,0.0,0.23686868686868687,0.04017447199265381,5,0.7938039302825928,0.0,0.0,0.0,False,127,PNG,330,66,5.0,1.0707070707070707
UPhGM4Nl.png,lampung,train,0.0,250.62698364257812,0.0,0.16129032258064516,0.13282732447817835,107,0.5602424740791321,0.0,0.0,0.0,False,147,PNG,136,31,4.387096774193548,3.1499051233396584
i5E7A3yA.png,bali,train,0.0,254.64369201660156,0.0,0.1274412610290473,0.03566471696242689,5,1.0016452074050903,0.0,0.0,0.0,False,127,PNG,524,77,6.805194805194805,0.9172201843957568
Etv2CI1N.webp,lampung,train,117.12052917480469,245.82907104492188,13.59326171875,0.45180842607313193,0.48539348171701113,229,0.6862808465957642,0.0,0.0,0.0,False,185,WEBP,136,296,0.4594594594594595,2.155007949125596
aM48OAaT.png,lampung,train,0.0,254.74058532714844,0.0,0.09057398630858346,0.023828330700368616,5,0.9043023586273193,0.0,0.0,0.0,False,127,PNG,211,72,2.930555555555556,0.7967351237493417
pBfubdWd.png,jawi,train,0.0,249.320068359375,0.0,0.2955926452020202,0.08741714015151515,256,0.5668702125549316,0.0,0.0,0.0,False,131,PNG,777,67,11.597014925373134,1.124416527401602
Gc67aHgm.png,jawa,train,4.836738109588623,246.1694793701172,1.212005615234375,0.17483178759774504,0.09529005273686125,256,0.676066517829895,1.0,0.0,0.0,False,138,PNG,585,47,12.4468085106383,15.68110565557374
OCzTk2QT.png,jawa,train,0.0,245.8256378173828,0.0,0.2314935064935065,0.15266955266955268,24,1.021601915359497,0.0,0.0,0.0,False,97,PNG,630,88,7.159090909090909,1.7822510822510822
cHq3BUes.png,sunda,train,0.0,254.50904846191406,0.0,0.16780665754673962,0.044231646146830825,5,0.8691537976264954,0.0,0.0,0.0,False,127,PNG,51,43,1.186046511627907,1.6415868673050615
xHinAwkA.png,jawi,train,0.0,250.9708251953125,0.0,0.20984375,0.06753472222222222,256,0.5594454407691956,0.0,0.0,0.0,False,132,PNG,793,77,10.2987012987013,0.8827893418057352
ZhOGt7p1.png,jawa,train,0.0,250.68710327148438,0.0,0.21158854166666666,0.08678886217948718,256,0.6625539064407349,0.0,0.0,0.0,False,136,PNG,908,61,14.885245901639344,0.978984617606702
jz49o2DX.png,sunda,train,0.0,251.38055419921875,0.0,0.154638947740113,0.07344632768361582,256,0.5695803165435791,0.0,0.0,0.0,False,137,PNG,781,60,13.016666666666667,0.8039265898420828
u3JBbYe7.png,lontara,train,0.0,254.5611114501953,0.0,0.16330104321907601,0.03304769001490313,5,0.8960575461387634,0.0,0.0,0.0,False,127,PNG,610,44,13.863636363636363,0.8327868852459016
9ZKX8f9o.png,jawa,train,0.0,248.52261352539062,0.0,0.2639266304347826,0.11540421195652174,256,0.6648255586624146,0.0,0.0,0.0,False,135,PNG,942,56,16.821428571428573,1.1069153776160146
n6Z6w8bi.png,jawi,train,0.0,252.3220672607422,0.0,0.10057929421768708,0.06576849489795919,256,0.8023386597633362,0.0,0.0,0.0,False,145,PNG,950,61,15.57377049180328,0.7344262295081967
NY7qPAoP.png,jawi,train,0.0,249.0066680908203,0.0,0.19951171875,0.12301432291666667,256,0.7656983733177185,0.0,0.0,0.0,False,141,PNG,893,46,19.41304347826087,1.164418910365646
qDNjjL14.png,bali,train,0.0,251.36367797851562,0.0,0.12466517857142857,0.11495535714285714,256,1.0738495588302612,0.0,0.0,0.0,False,157,PNG,1406,64,21.96875,0.8064544807965861
W40aaNZO.png,jawi,train,0.0,254.6598663330078,0.0,0.16871641791044775,0.02507462686567164,5,0.8038532137870789,0.0,0.0,0.0,False,127,PNG,125,67,1.8656716417910448,0.9533134328358208
iwpAaVS9.png,jawa,train,4.813126087188721,247.24798583984375,2.1202545166015625,0.13511044017161927,0.07373271889400922,256,0.7472801804542542,1.0,0.0,0.0,False,138,PNG,434,58,7.482758620689655,15.204830764341333
SZoM5n9t.png,lontara,train,0.0,251.39585876464844,0.0,0.17793996710526316,0.06794819078947369,256,0.6674492955207825,0.0,0.0,0.0,False,135,PNG,933,46,20.282608695652176,0.7879211519642109
JKBbhzU0.png,jawa,train,0.0,254.12728881835938,0.0,0.12586383852206637,0.035921997947314405,21,0.843691349029541,0.0,0.0,0.0,False,45,PNG,740,79,9.367088607594935,0.7533356140951077
0iwTJE6k.png,lampung,train,0.0,253.6814727783203,0.0,0.2000816659861168,0.09514087382605145,65,0.7048249244689941,0.0,0.0,0.0,False,154,PNG,79,31,2.548387096774193,3.426704777460188
vFnuGssw.jpg,lampung,train,27.762964248657227,242.19894409179688,1.57781982421875,0.0734840232389252,0.11795059458968772,255,0.20270657539367676,0.0,0.0,7.091957153231663e-05,False,144,JPEG,1000,1673,0.5977286312014346,0.2608439928272564
TMsy6o0B.png,lontara,train,0.0,252.52328491210938,0.0,0.10088673523206751,0.049808808016877634,256,0.7022820115089417,0.0,0.0,0.0,False,138,PNG,918,95,9.663157894736845,0.6341474601536521
bexck0P3.png,jawi,train,0.0,254.77032470703125,0.0,0.08226318532910012,0.018836184428754205,5,0.8676210641860962,0.0,0.0,0.0,False,127,PNG,449,94,4.776595744680851,0.597071506420888
x2L9BHva.png,jawa,train,8.299676895141602,225.25729370117188,3.551971435546875,0.23669061435018882,0.3296490743299254,256,0.8909105658531189,6.0,0.0,0.0,False,134,PNG,658,66,9.969696969696969,21.55162567928525
xNFgcLhi.png,lontara,train,0.0,252.8085174560547,0.0,0.1142874053030303,0.04702296401515151,256,0.6796720027923584,0.0,0.25,0.0,False,137,PNG,971,56,17.339285714285715,0.5924672649698396
PilQ27zJ.png,lampung,train,0.0,254.7177734375,0.0,0.08485099337748345,0.024937913907284767,5,1.0251646041870117,0.0,0.0,0.0,False,127,PNG,151,64,2.359375,0.9147350993377484
r1npzOw1.png,bali,train,0.0,254.6709442138672,0.0,0.10265282583621683,0.039600153787004995,5,1.2093003988265991,0.0,0.0,0.0,False,127,PNG,102,51,2.0,1.1780084582852748
UI3jGyTt.png,lampung,train,0.0,254.79180908203125,0.0,0.07595307917888564,0.020454545454545454,5,0.9085961580276489,0.0,0.0,0.0,False,127,PNG,155,88,1.7613636363636365,0.8146627565982405
Nvn5qA11.png,lampung,train,0.0,252.17539978027344,0.0,0.15578231292517006,0.11700680272108843,76,0.5453763604164124,0.0,0.0,0.0,False,146,PNG,105,42,2.5,2.840816326530612
xhaFelwo.png,lampung,train,0.0,250.61170959472656,0.0,0.1070536229098597,0.07553334614645398,92,0.7030103206634521,0.0,0.0,0.0,False,113,PNG,121,43,2.813953488372093,2.341725927349606
ns70wY86.png,jawa,train,0.0,253.88751220703125,0.0,0.1276574851475426,0.04534295674375215,20,0.9242079854011536,0.0,0.0,0.0,False,46,PNG,438,93,4.709677419354839,0.8472529091176904
CGBrUkff.png,pegon,train,0.0,254.50486755371094,0.0,0.16490006056935191,0.04219664849586109,5,0.9411681890487671,0.0,0.0,0.0,False,127,PNG,156,127,1.2283464566929134,1.1843327276398143
4DT4yDiz.png,jawi,train,0.0,254.40301513671875,0.0,0.25285884963304317,0.045599362803663876,5,0.7947426438331604,0.0,0.0,0.0,False,127,PNG,651,54,12.055555555555555,1.0843716220060309
cM6x8sr0.png,jawa,train,0.0,251.75006103515625,0.0,0.12461131840796019,0.07379120024875623,256,0.6934933066368103,0.0,0.0,0.0,False,142,PNG,993,87,11.413793103448276,0.7734138972809668
zBuMPvSO.jpg,pegon,train,13.271679878234863,184.26673889160156,5.279541015625,0.2257037037037037,0.9948296296296296,209,0.6241921186447144,1.0,0.0,0.0005037037037037037,False,154,JPEG,300,225,1.3333333333333333,1.9973925925925928
G3idkeXi.png,sunda,train,0.0,254.68984985351562,0.0,0.1583994708994709,0.032297178130511466,5,0.8465674519538879,0.0,0.0,0.0,False,127,PNG,144,63,2.2857142857142856,1.0573192239858906
7jzKCt3u.png,bali,train,0.0,251.32896423339844,0.0,0.11930338541666667,0.10511067708333334,256,1.0368207693099976,0.0,0.0,0.0,False,154,PNG,1343,70,19.185714285714287,0.7994043186895011
dWZoWlr6.png,jawi,train,0.0,250.9582061767578,0.0,0.23171732305936074,0.06713755707762557,256,0.5659714341163635,0.0,0.0,0.0,False,132,PNG,799,76,10.513157894736842,0.8804426585863909
0yrRzznr.png,lampung,train,0.0,254.80929565429688,0.0,0.08176985616010006,0.019465290806754222,5,0.9395002126693726,0.0,0.0,0.0,False,127,PNG,164,78,2.102564102564102,0.7948717948717948
RRw3rIar.png,jawi,train,0.0,254.41275024414062,0.0,0.224512678971882,0.04127134724857685,5,0.8294796347618103,0.0,0.0,0.0,False,127,PNG,374,62,6.032258064516129,1.070553734690357
vmKyrebs.png,pegon,train,0.0,254.09765625,0.0,0.1373873873873874,0.0445945945945946,5,1.0215537548065186,0.0,0.0,0.0,False,127,PNG,74,60,1.2333333333333334,1.508108108108108
xtQ6Whrv.png,pegon,train,0.0,249.79559326171875,0.0,0.16908772786458334,0.0986328125,256,0.6984779238700867,0.0,0.0,0.0,False,139,PNG,890,74,12.027027027027026,1.0492559975706044
h0stjJad.png,jawi,train,0.0,254.69927978515625,0.0,0.12785720790456243,0.02622711957016665,5,0.8690710067749023,0.0,0.0,0.0,False,127,PNG,139,79,1.759493670886076,0.9376195246334578
NBrSCBP4.png,lontara,train,0.0,251.3895721435547,0.0,0.15815972222222222,0.06785300925925926,256,0.6419581174850464,0.0,0.0,0.0,False,136,PNG,778,46,16.91304347826087,0.890801385939421
HTEj5HZX.png,lampung,train,0.0,254.37254333496094,0.0,0.20770432066631964,0.11209439528023599,87,0.728701651096344,0.0,0.0,0.0,False,158,PNG,113,51,2.215686274509804,1.8934582682630572
OowsNhfe.png,jawi,train,0.0,254.3944854736328,0.0,0.22147448774608278,0.041516003749832595,5,0.8318536281585693,0.0,0.0,0.0,False,127,PNG,524,57,9.192982456140353,1.0676309093344047
19QcPWu7.png,pegon,train,0.0,254.59481811523438,0.0,0.12588652482269502,0.0327745540511498,5,0.904217004776001,0.0,0.0,0.0,False,127,PNG,141,132,1.068181818181818,0.98989898989899
EDVlXN07.png,jawa,train,0.0,239.88229370117188,0.0,0.40128437805388806,0.3363674438084601,18,1.3543988466262817,0.0,0.0,0.0,False,57,PNG,551,65,8.476923076923077,1.911377914281725
jIS5kZuK.png,jawi,train,0.0,254.759033203125,0.0,0.10779113625648279,0.023986327204148988,5,0.928507924079895,0.0,0.0,0.0,False,127,PNG,303,56,5.410714285714286,0.7666195190947667
zRCncChp.png,sunda,train,0.0,254.85182189941406,0.0,0.09979928979465802,0.017693376563223714,5,0.7840715646743774,0.0,0.0,0.0,False,127,PNG,762,85,8.964705882352941,0.5034429519839432
bhu1tYdU.png,lampung,train,0.0,254.69097900390625,0.0,0.09446649029982364,0.026895943562610228,5,0.9579989314079285,0.0,0.0,0.0,False,127,PNG,567,48,11.8125,0.7336860670194003
GstOwJqY.png,lampung,train,0.0,252.216064453125,0.0,0.13349780701754385,0.11567982456140351,66,0.6099715232849121,0.0,0.0,0.0,False,153,PNG,96,38,2.526315789473684,2.662280701754386
5s7tp5tB.png,lontara,train,0.0,251.84535217285156,0.0,0.15307825854700854,0.062099358974358976,256,0.6929153203964233,0.0,0.0,0.0,False,136,PNG,937,48,19.52083333333333,0.7356812522234081
Ln2QRnMi.png,jawa,train,0.0,251.1796417236328,0.0,0.2171875,0.06765625,256,0.5394560694694519,0.0,0.0,0.0,False,133,PNG,774,76,10.18421052631579,0.8294573643410853
QLqHeQdT.png,bali,train,0.0,251.1500244140625,0.0,0.12341209349593496,0.10813643292682927,256,1.02647066116333,0.0,0.0,0.0,False,153,PNG,1402,74,18.945945945945947,0.7771137756872422
y3XQDMZv.jpg,sunda,train,0.0,251.55941772460938,0.0,0.11684607423995656,0.07630335572747014,256,0.6302943825721741,0.0,0.0,0.0,False,145,JPEG,960,1200,0.8,0.7849236111111111
IQlmOYcA.png,bali,train,0.0,254.65689086914062,0.0,0.12083125044633293,0.03684924659001643,5,0.9990571141242981,0.0,0.0,0.0,False,127,PNG,209,67,3.1194029850746268,1.0232093122902235
HrgEozJY.png,lampung,train,34.22940444946289,238.17103576660156,4.0699005126953125,0.2125980795610425,0.2798024691358025,256,0.6744269132614136,0.0,0.0,0.0,False,167,PNG,375,243,1.5432098765432098,11.545459533607682
F10uF6Co.png,jawi,train,0.0,253.348388671875,0.0,0.41729323308270677,0.11654135338345864,5,0.9915491342544556,0.0,0.0,0.0,False,127,PNG,14,19,0.7368421052631579,6.37593984962406
ssaRhf3L.png,sunda,train,0.0,254.56407165527344,0.0,0.17752100840336135,0.042833800186741364,5,0.8210201263427734,0.0,0.0,0.0,False,127,PNG,136,63,2.1587301587301586,1.11577964519141
OPXC9kMl.png,lontara,train,0.0,252.3667755126953,0.0,0.11433531746031746,0.053323412698412696,256,0.7061343789100647,0.0,0.0,0.0,False,137,PNG,942,52,18.115384615384617,0.6408623223909848
bJ67yc1f.png,jawi,train,0.0,250.86383056640625,0.0,0.24894425675675674,0.06820101351351351,256,0.5603752136230469,0.0,0.0,0.0,False,132,PNG,812,78,10.41025641025641,0.8831628141972969
LnPrhTAZ.png,jawa,train,0.0,248.18832397460938,0.0,0.2682100183823529,0.1228936887254902,256,0.6866657733917236,0.0,0.0,0.0,False,136,PNG,926,82,11.292682926829269,1.1807406626982035
VZO71h9x.png,bali,train,0.0,254.4526824951172,0.0,0.13598551575650814,0.04678019181835976,5,1.1311402320861816,0.0,0.0,0.0,False,127,PNG,262,78,3.358974358974359,1.098062243100411
hRg2qwvr.png,pegon,train,0.0,254.33370971679688,0.0,0.17668367346938776,0.05040816326530612,5,0.9587624669075012,0.0,0.0,0.0,False,127,PNG,140,140,1.0,1.3175510204081633
TGQ7mHxT.png,bali,train,0.0,254.41842651367188,0.0,0.1503951367781155,0.04972644376899696,5,1.059495210647583,0.0,0.0,0.0,False,127,PNG,235,70,3.357142857142857,1.177386018237082
pZxR2XMH.png,jawi,train,0.0,254.61126708984375,0.0,0.13122837370242216,0.04783737024221453,5,1.1042819023132324,0.0,0.0,0.0,False,127,PNG,289,40,7.225,1.078892733564014
Jm77pTKe.jpg,jawa,train,13.547926902770996,253.0677032470703,1.2555389404296875,0.04662434652725915,0.057800597460791636,256,0.8398920893669128,0.0,0.0,0.0,False,182,JPEG,650,412,1.577669902912621,0.845765496639283
afHczR2W.png,sunda,train,0.0,254.62026977539062,0.0,0.1781695423855964,0.043135783945986494,5,0.9173330068588257,0.0,0.0,0.0,False,127,PNG,186,43,4.325581395348837,1.1392848212053013
AGklOEmZ.png,jawa,train,0.0,252.0931854248047,0.0,0.1268193493150685,0.06592465753424658,256,0.6882389187812805,0.0,0.0,0.0,False,140,PNG,888,84,10.571428571428571,0.7756327756327757
0tfJxB1a.png,lampung,train,0.0,249.1903076171875,0.0,0.21481481481481482,0.17164750957854405,91,0.5828964710235596,0.0,0.0,0.0,False,145,PNG,135,29,4.655172413793103,3.933588761174968
0wy1wNHA.png,lampung,train,0.0,254.85580444335938,0.0,0.05371709306637004,0.013626251390433816,5,0.9593473672866821,0.0,0.0,0.0,False,127,PNG,232,93,2.4946236559139785,0.5391175380051909
lMUp3E7m.png,lampung,train,0.0,253.17291259765625,0.0,0.07070035460992907,0.04637632978723404,256,0.7968156337738037,0.0,0.0,0.0,False,145,PNG,901,55,16.381818181818183,0.5532438704469781
R2GXP3Pu.png,jawa,train,5.5944695472717285,244.2252197265625,1.5074310302734375,0.1715126757178902,0.09053226000240298,256,0.5631770491600037,1.0,0.0,0.0,False,133,PNG,574,58,9.89655172413793,15.577075573711404
oJ455hvM.png,bali,train,0.0,254.62350463867188,0.0,0.10700437773608505,0.03808630393996248,5,1.1178641319274902,0.0,0.0,0.0,False,127,PNG,205,78,2.628205128205128,1.053658536585366
YIJmH1np.png,jawa,train,0.0,239.44287109375,0.0,0.374487756121939,0.4044727636181909,30,1.597938060760498,0.0,0.0,0.0,False,54,PNG,667,120,5.558333333333334,2.4219890054972515
sOL5z0Ty.png,sunda,train,0.0,254.4069366455078,0.0,0.15784436427887802,0.051829492748288304,5,0.8960956931114197,0.0,0.0,0.0,False,127,PNG,289,47,6.148936170212766,1.0613266583229035
pNOkdJT3.png,lontara,train,0.0,252.05499267578125,0.0,0.158203125,0.05804550438596491,256,0.6433867812156677,0.0,0.0,0.0,False,135,PNG,920,45,20.444444444444443,0.7142028985507246
RPjhIvRd.png,lampung,train,0.0,252.26641845703125,0.0,0.10824828509285594,0.0798059227036975,94,0.8182266354560852,0.0,0.0,0.0,False,99,PNG,139,43,3.232558139534884,2.205788857286264
XvUUuTIf.png,bali,train,0.0,250.48606872558594,0.0,0.1360501126126126,0.11461852477477477,256,0.9774380922317505,0.0,0.0,0.0,False,150,PNG,1426,68,20.97058823529412,0.7986964771883508
4BuYYd9i.png,jawa,train,4.6558518409729,246.75070190429688,2.1786651611328125,0.18174791173170426,0.07490337863109338,256,0.559280276298523,1.0,0.0,0.0,False,134,PNG,617,65,9.492307692307692,13.865203839920207
JFkmuSPK.png,bali,train,0.0,250.00611877441406,0.0,0.14839549731182797,0.13844086021505375,256,1.0746337175369263,0.0,0.0,0.0,False,155,PNG,1373,56,24.517857142857142,0.9629591093538654
ZGCPT31t.png,lontara,train,0.0,254.6648712158203,0.0,0.1473053423155256,0.024479085069716435,5,0.8676804900169373,0.0,0.0,0.0,False,127,PNG,491,52,9.442307692307692,0.6727244242519191
Yy7R5voO.png,sunda,train,0.0,254.8985137939453,0.0,0.2037037037037037,0.026515151515151516,5,0.7564987540245056,0.0,0.0,0.0,False,127,PNG,44,54,0.8148148148148148,1.2424242424242424
qir2Iqgs.png,jawa,train,5.3886027336120605,244.3183135986328,1.311859130859375,0.14149253731343284,0.08412483039348712,256,0.6725173592567444,1.0,0.0,0.0,False,136,PNG,335,55,6.090909090909091,16.375576662143825
gJeXo3I5.png,lontara,train,0.0,254.6452178955078,0.0,0.15177145561010233,0.024960075708286508,5,0.8920887112617493,0.0,0.0,0.0,False,127,PNG,638,53,12.037735849056604,0.7305849648074761
J3uxBvVe.png,sunda,train,0.0,254.6188201904297,0.0,0.19520661157024793,0.03652892561983471,5,0.8364517688751221,0.0,0.0,0.0,False,127,PNG,110,55,2.0,1.2363636363636363
taMMuUIx.png,lampung,train,0.0,252.45928955078125,0.0,0.1396026036313806,0.0907845152449469,107,0.6812721490859985,0.0,0.0,0.0,False,155,PNG,139,42,3.3095238095238093,2.7982185680027407
gYMNzfMo.png,jawa,train,4.147769451141357,246.39205932617188,1.0364990234375,0.13783157802735654,0.07887951754577634,256,0.7737369537353516,1.0,0.0,0.0,False,137,PNG,467,49,9.53061224489796,15.534676397325525
xetlJ61H.png,lampung,train,0.0,249.95472717285156,0.0,0.14786468697382518,0.12000612276136538,119,0.7622117400169373,0.0,0.0,0.0,False,138,PNG,139,47,2.9574468085106385,2.510332159804072
IKWbnGgJ.png,jawa,train,10.219771385192871,224.1270294189453,3.666839599609375,0.2293150299850075,0.34211019490254874,256,0.8879528045654297,7.0,0.0,0.0,False,134,PNG,667,64,10.421875,21.84763868065967
SkRildHW.png,jawa,train,0.0,251.24037170410156,0.0,0.14021267361111112,0.08211805555555556,256,0.6663166284561157,0.0,0.0,0.0,False,141,PNG,958,75,12.773333333333332,0.8356297842727906
oqkddZCi.png,jawa,train,0.0,250.99005126953125,0.0,0.1597900390625,0.07920328776041667,256,0.6796359419822693,0.0,0.0,0.0,False,138,PNG,928,77,12.051948051948052,0.8265785938199731
RLNrUopx.png,sunda,train,0.0,254.61062622070312,0.0,0.17453449741172836,0.04527543846094414,5,0.9234476685523987,0.0,0.0,0.0,False,127,PNG,301,43,7.0,1.1150428803214092
vJaL3ISU.png,sunda,train,0.0,254.6089630126953,0.0,0.20065120065120065,0.04314204314204314,5,0.9618962407112122,0.0,0.0,0.0,False,127,PNG,63,39,1.6153846153846154,1.702889702889703
L5ew6cf9.jpg,pegon,train,34.194522857666016,235.3404541015625,46.842193603515625,0.07498884541460736,0.032404070565623284,252,0.5740958452224731,0.0,0.0,0.0,False,137,JPEG,1200,948,1.2658227848101269,0.634760900140647
mDJIHdCv.png,bali,train,0.0,254.64956665039062,0.0,0.10529872177487472,0.037671040036038064,5,1.149591326713562,0.0,0.0,0.0,False,127,PNG,301,59,5.101694915254237,0.987442986654654
n0tHVInl.png,pegon,train,0.0,254.59774780273438,0.0,0.13352112676056338,0.022535211267605635,5,0.8601676225662231,0.0,0.0,0.0,False,127,PNG,75,71,1.056338028169014,0.9810328638497652
NVwmEwMO.png,lampung,train,0.0,254.61012268066406,0.0,0.08404533565823888,0.035396687009590234,5,1.2375458478927612,0.0,0.0,0.0,False,127,PNG,185,62,2.9838709677419355,1.0092414995640802
MOjCWfLE.png,bali,train,0.0,254.50706481933594,0.0,0.14548196901138077,0.05279034690799397,5,1.165992259979248,0.0,0.0,0.0,False,127,PNG,143,51,2.803921568627451,1.427121897710133
7JRMQWBP.png,jawa,train,0.0,249.5438690185547,0.0,0.19229068396226415,0.11315841194968554,256,0.7474285364151001,0.0,0.0,0.0,False,141,PNG,920,63,14.603174603174605,1.0868184955141478
Ve8qLRWH.png,jawi,train,0.0,254.68186950683594,0.0,0.14573248407643313,0.023524416135881104,5,0.8309597969055176,0.0,0.0,0.0,False,127,PNG,157,75,2.0933333333333333,0.8940976645435245
hTRcU7KL.png,lontara,train,0.0,252.25515747070312,0.0,0.12398726851851852,0.05162037037037037,256,0.6686702966690063,0.0,0.0,0.0,False,136,PNG,940,55,17.09090909090909,0.6607350096711799
FoQ1SzDc.png,lampung,train,0.0,253.10818481445312,0.0,0.07275044326241134,0.046210106382978726,256,0.7937101125717163,0.0,0.0,0.0,False,145,PNG,890,55,16.181818181818183,0.5568130745658836
I0u2MD7s.png,pegon,train,0.0,254.34982299804688,0.0,0.1783162271014681,0.05021436923476679,5,0.942973792552948,0.0,0.0,0.0,False,127,PNG,179,172,1.0406976744186047,1.302325581395349
cbBRxFl5.png,lontara,train,0.0,252.54551696777344,0.0,0.12825520833333334,0.05146188446969697,256,0.6851951479911804,0.0,0.0,0.0,False,136,PNG,939,54,17.38888888888889,0.6108941742594565
bnmNrxH6.png,jawa,train,0.0,251.5010223388672,0.0,0.1575013528138528,0.06417410714285714,256,0.6456538438796997,0.0,0.0,0.0,False,135,PNG,889,89,9.98876404494382,0.7995854450777923
XE1yQhgw.webp,sunda,train,50.464256286621094,67.92253112792969,66.5493392944336,0.49027958622685186,0.8298611111111112,245,0.7060729265213013,0.0,0.0,0.0,True,136,WEBP,2048,1152,1.7777777777777777,0.468994140625
PIFFpjeF.png,sunda,train,0.0,254.30747985839844,0.0,0.17485119047619047,0.05654761904761905,5,0.9154193997383118,0.0,0.0,0.0,False,127,PNG,64,42,1.5238095238095235,1.7232142857142858
FbkL6zeW.png,jawi,train,0.0,254.7464141845703,0.0,0.1213235294117647,0.029439616755793225,5,0.8483800292015076,0.0,0.0,0.0,False,127,PNG,561,64,8.765625,0.6974153297682709
hCeHsO0X.png,lampung,train,0.0,248.7060089111328,0.0,0.15162037037037038,0.1408179012345679,101,0.5732715725898743,0.0,0.0,0.0,False,143,PNG,144,36,4.0,3.0462962962962963
cSWRFRxB.png,jawa,train,0.0,251.23167419433594,0.0,0.19050319220430106,0.07180359543010753,256,0.560725748538971,0.0,0.0,0.0,False,135,PNG,899,72,12.48611111111111,0.8063280187863058
dGE8N3Cx.png,lampung,train,0.0,251.6017303466797,0.0,0.12538646513225696,0.0913775334936448,98,0.9449418783187866,0.0,0.0,0.0,False,93,PNG,142,41,3.463414634146341,2.6327722432153897
4iwimPuq.png,bali,train,0.0,254.5310821533203,0.0,0.11174953095684803,0.039223733583489684,5,1.0973305702209473,0.0,0.0,0.0,False,127,PNG,208,82,2.5365853658536586,1.0356472795497185
uMCxq53Z.png,lampung,train,0.0,254.8272247314453,0.0,0.04485075793092671,0.016877637130801686,5,1.1040716171264648,0.0,0.0,0.0,False,127,PNG,158,81,1.9506172839506173,0.6744803875605563
ajhbUFb1.png,jawi,train,0.0,254.4776611328125,0.0,0.18298646191149728,0.04829258436047686,5,0.9080076813697815,0.0,0.0,0.0,False,127,PNG,505,49,10.306122448979592,1.038108708830067
uIB2VqCb.png,lampung,train,0.0,249.27865600585938,0.0,0.14433811802232854,0.12254120148856991,80,0.5713381171226501,0.0,0.0,0.0,False,137,PNG,99,38,2.6052631578947367,2.645401382243488
EzWw7doT.png,sunda,train,0.0,254.5826873779297,0.0,0.16147845738864183,0.04636582343077932,5,0.9217463135719299,0.0,0.0,0.0,False,127,PNG,319,43,7.4186046511627906,1.045709703287891
PdPkWWHH.png,jawi,train,0.0,254.65957641601562,0.0,0.11320754716981132,0.04035639412997904,5,0.9489179253578186,0.0,0.0,0.0,False,127,PNG,53,36,1.4722222222222223,1.6729559748427674
4Rrltc8X.png,lampung,train,0.0,250.74208068847656,0.0,0.14780652418447693,0.05601799775028121,84,0.9307323694229126,0.0,0.0,0.0,False,76,PNG,127,35,3.628571428571429,2.6816647919010124
K88CO7Tb.png,sunda,train,0.0,254.58155822753906,0.0,0.20338541666666668,0.03307291666666667,5,0.75956791639328,0.0,0.0,0.0,False,127,PNG,64,60,1.0666666666666669,1.2625
cR3O0tPt.png,lontara,train,0.0,253.2281036376953,0.0,0.08958333333333333,0.03854166666666667,256,0.6920232176780701,0.0,0.0,0.0,False,138,PNG,946,80,11.825,0.529492600422833
S1ZzFAvu.png,lampung,train,0.0,254.78314208984375,0.0,0.06703620301403083,0.02018014896934003,5,0.9829759001731873,0.0,0.0,0.0,False,127,PNG,251,92,2.7282608695652173,0.6776372769790404
V4henON5.png,jawa,train,0.0,248.06961059570312,0.0,0.21831882827425175,0.18175546593080025,22,1.1266803741455078,0.0,0.0,0.0,False,63,PNG,673,84,8.011904761904763,1.698719309417675
T4CwXbxe.jpg,bali,train,8.879953384399414,177.5608367919922,8.213729858398438,0.09056712962962964,0.9391172701719577,240,0.5032023191452026,0.0,0.0,0.08977657903439154,False,107,JPEG,870,286,3.041958041958042,1.4741580258821638
EejC1Gpc.png,lontara,train,0.0,252.7201690673828,0.0,0.0906748670212766,0.04928523936170213,256,0.7402109503746033,0.0,0.0,0.0,False,140,PNG,978,60,16.3,0.6064076346284936
LHzILCt5.png,jawi,train,0.0,249.26036071777344,0.0,0.272318808685446,0.09191607981220658,256,0.5768528580665588,0.0,0.0,0.0,False,132,PNG,798,74,10.783783783783784,1.1172525909368014
SYQyPFMm.png,lampung,train,0.0,250.50743103027344,0.0,0.14758125472411188,0.08938019652305366,112,0.5612578392028809,0.0,0.0,0.0,False,145,PNG,147,36,4.083333333333333,2.949357520786092
FXEiRhg0.png,bali,train,0.0,254.7352752685547,0.0,0.09014336917562724,0.03476702508960573,5,1.1696155071258545,0.0,0.0,0.0,False,127,PNG,90,62,1.4516129032258065,1.27168458781362
0Zb29GIM.png,jawa,train,0.0,91.60344696044922,0.0,0.41881689390238486,0.41921659190833593,22,1.6019045114517212,0.0,0.0,0.0,True,149,PNG,506,89,5.685393258426966,2.6243282852955545
WhDJigwu.png,jawi,train,0.0,254.49671936035156,0.0,0.17780172413793102,0.036637931034482756,5,0.9015142917633057,0.0,0.0,0.0,False,127,PNG,29,32,0.90625,2.5258620689655173
pYoucazY.png,bali,train,0.0,250.6475067138672,0.0,0.14501488095238096,0.1363467261904762,256,1.101166009902954,0.0,0.0,0.0,False,158,PNG,1395,63,22.142857142857142,0.951516185924788
DjkVpXOe.png,lampung,train,0.0,254.7315673828125,0.0,0.08563210519106972,0.02265443089987673,5,0.9289054274559021,0.0,0.0,0.0,False,127,PNG,745,49,15.20408163265306,0.6037529105601972
j4Ob2WUG.png,jawa,train,4.302973747253418,247.28607177734375,1.0277862548828125,0.1332375478927203,0.07059386973180076,256,0.7232046723365784,1.0,0.0,0.0,False,137,PNG,522,60,8.7,14.691443167305236
iZnqgWWc.png,jawa,train,0.0,85.92935180664062,0.0,0.3947292833548758,0.4096115180238403,24,1.5174633264541626,0.0,0.0,0.0,True,141,PNG,633,88,7.193181818181818,2.73703863277323
Nj8BpDDz.png,sunda,train,0.0,254.48995971679688,0.0,0.14929378531073445,0.03968926553672317,5,0.8493578433990479,0.0,0.0,0.0,False,127,PNG,118,60,1.9666666666666663,1.1954802259887003
WAMz5qlK.png,sunda,train,0.0,254.5613555908203,0.0,0.21779192494555202,0.041380465739654884,5,0.8099865913391113,0.0,0.0,0.0,False,127,PNG,127,47,2.702127659574468,1.2008711676997823
vZ3FHr4C.png,jawa,train,0.0,251.6160125732422,0.0,0.15801891353536135,0.0656172039683614,22,0.8563107848167419,0.0,0.0,0.0,False,90,PNG,581,89,6.52808988764045,1.190817846022936
x7pzCUYv.png,pegon,train,0.0,249.36492919921875,0.0,0.16552734375,0.11065673828125,256,0.781471848487854,0.0,0.0,0.0,False,142,PNG,862,72,11.97222222222222,1.1551946377932456
adTHtUHd.png,lontara,train,0.0,251.9668731689453,0.0,0.13116776315789475,0.06219161184210526,256,0.6962890028953552,0.0,0.0,0.0,False,138,PNG,889,44,20.204545454545453,0.763268227835157
Pn086937.png,lampung,train,0.0,250.77789306640625,0.0,0.13538932633420822,0.08814523184601925,96,0.7402408123016357,0.0,0.0,0.0,False,138,PNG,127,36,3.5277777777777777,2.9606299212598426
7RxzqF7t.png,jawi,train,0.0,251.77972412109375,0.0,0.2063875234082397,0.056062734082397,256,0.5746175646781921,0.0,0.0,0.0,False,132,PNG,794,92,8.630434782608695,0.8102069871865075
HEAYE6QE.png,sunda,train,0.0,252.33468627929688,0.0,0.11595982142857143,0.04916294642857143,256,0.583774745464325,0.0,0.0,0.0,False,136,PNG,801,73,10.972602739726028,0.6048603629025362
6shJrnnF.png,jawa,train,0.0,251.71432495117188,0.0,0.13133680555555555,0.07183159722222222,256,0.6630885004997253,0.0,0.0,0.0,False,141,PNG,942,73,12.904109589041097,0.7399005322397697
Bwt9E0hk.png,jawi,train,0.0,251.031982421875,0.0,0.22700948383084577,0.06829135572139304,256,0.5714576244354248,0.0,0.0,0.0,False,132,PNG,787,69,11.405797101449275,0.9030808610942304
PKjyMLm7.png,lontara,train,0.0,253.003662109375,0.0,0.10163620283018868,0.04169123427672956,256,0.6911653876304626,0.0,0.0,0.0,False,136,PNG,936,65,14.4,0.5566074950690335
6nPmixt0.png,sunda,train,0.0,254.58969116210938,0.0,0.1893046893046893,0.05024255024255024,5,0.9595285654067993,0.0,0.0,0.0,False,127,PNG,222,39,5.6923076923076925,1.2437052437052436
I0LX9AHT.png,lampung,train,0.0,254.82069396972656,0.0,0.0801196502531063,0.020294523699953982,5,0.9192203283309937,0.0,0.0,0.0,False,127,PNG,265,82,3.231707317073171,0.6766682006442706
47bEsIKj.png,jawa,train,4.504398822784424,247.48269653320312,1.7671356201171875,0.11767902813299233,0.06723145780051151,256,0.7555388808250427,1.0,0.0,0.0,False,139,PNG,460,68,6.764705882352941,14.838107416879796
HgqF6Pqp.png,lontara,train,0.0,251.84341430664062,0.0,0.13143671383647798,0.06154186320754717,256,0.6790999174118042,0.0,0.0,0.0,False,137,PNG,867,60,14.45,0.778162245290273
FDEwreEi.png,lampung,train,0.0,251.1083221435547,0.0,0.14483714483714483,0.1118041118041118,71,0.5253620147705078,0.0,0.0,0.0,False,144,PNG,117,37,3.1621621621621623,2.65003465003465
lwCYaowC.png,pegon,train,0.0,254.38047790527344,0.0,0.3024620374465576,0.03974642488574377,5,0.8051818013191223,0.0,0.0,0.0,False,127,PNG,399,85,4.694117647058824,1.0829426507445084
qyPXddz2.jpg,pegon,train,30.70352554321289,196.14256286621094,55.255615234375,0.2613186306423611,0.6238623725043403,239,0.33448585867881775,1.0,0.5,0.0,False,113,JPEG,800,800,1.0,1.805325
TAAqV9K9.png,jawa,train,0.0,207.4300537109375,0.0,0.20748336226851852,0.5029658564814815,256,1.1212254762649536,21.0,0.0,0.0,False,123,PNG,976,92,10.608695652173912,1.8793656450463287
nwF2uotn.png,sunda,train,0.0,254.4273681640625,0.0,0.21096345514950166,0.06976744186046512,5,0.9426772594451904,0.0,0.0,0.0,False,127,PNG,56,43,1.302325581395349,1.807308970099668
2BEyDibF.png,pegon,train,0.0,254.23666381835938,0.0,0.2168251811594203,0.053611865942028984,5,0.9242247939109802,0.0,0.0,0.0,False,127,PNG,138,128,1.078125,1.4030797101449275
O1vH5YwI.png,jawa,train,0.0,93.84825134277344,0.0,0.43771991555242784,0.4155231057940418,28,1.6593701839447021,0.0,0.0,0.0,True,160,PNG,609,112,5.4375,2.412151067323481
jNOLmgQL.png,jawa,train,7.842508316040039,227.59210205078125,1.365203857421875,0.23790410659676714,0.29802861511577106,256,0.8193843364715576,4.0,0.0,0.0,False,133,PNG,654,56,11.678571428571429,21.25447793796417
dwal2hSL.png,lontara,train,0.0,251.7452392578125,0.0,0.15602213541666668,0.06064453125,256,0.6787461638450623,0.0,0.0,0.0,False,135,PNG,938,49,19.142857142857142,0.7272094338801619
6BNeWMqa.png,jawi,train,0.0,251.249755859375,0.0,0.23386686991869918,0.062372967479674794,256,0.5659878253936768,0.0,0.0,0.0,False,132,PNG,812,87,9.333333333333334,0.8342675952664063
0og3oXGS.png,jawi,train,0.0,251.17147827148438,0.0,0.22209149096385541,0.06524535642570281,256,0.5777141451835632,0.0,0.0,0.0,False,132,PNG,816,88,9.272727272727272,0.8600713012477719
WtLnNJFk.png,sunda,train,0.0,254.71047973632812,0.0,0.15286352991271024,0.027038535235256546,5,0.8258911371231079,0.0,0.0,0.0,False,127,PNG,77,61,1.2622950819672132,1.24164360229934
9H7mzKdA.png,bali,train,0.0,250.85499572753906,0.0,0.13444010416666666,0.12590422453703703,256,1.057131052017212,0.0,0.0,0.0,False,157,PNG,1375,64,21.484375,0.8705454545454545
x4VTS4EG.png,pegon,train,0.0,254.64840698242188,0.0,0.11923076923076924,0.03312655086848635,5,0.9410727024078369,0.0,0.0,0.0,False,127,PNG,130,124,1.0483870967741935,1.034739454094293
yb86tnoe.png,jawi,train,0.0,254.74293518066406,0.0,0.10296563192904656,0.01815410199556541,5,0.848060667514801,0.0,0.0,0.0,False,127,PNG,164,88,1.8636363636363635,0.7400221729490022
QbfRXOMt.png,bali,train,0.0,251.4840545654297,0.0,0.12428695436507936,0.11256820436507936,256,1.076785922050476,0.0,0.0,0.0,False,157,PNG,1384,76,18.210526315789476,0.8116063279586249
u0s5BGpz.png,bali,train,0.0,250.83828735351562,0.0,0.1360479797979798,0.12369791666666667,256,1.0604387521743774,0.0,0.0,0.0,False,156,PNG,1408,61,23.081967213114755,0.875
ZeasGJyj.png,pegon,train,0.0,254.24224853515625,0.0,0.2065651657488392,0.05301803260986934,5,0.8862238526344299,0.0,0.0,0.0,False,127,PNG,147,126,1.1666666666666667,1.310873555771515
256krqfp.png,sunda,train,0.0,254.71905517578125,0.0,0.18642857142857142,0.05285714285714286,5,0.7631757259368896,0.0,0.0,0.0,False,127,PNG,40,35,1.1428571428571428,1.8285714285714283
6KSo7Gog.png,jawi,train,0.0,249.1615447998047,0.0,0.29902205230496454,0.0877521054964539,256,0.567486584186554,0.0,0.0,0.0,False,131,PNG,802,98,8.183673469387756,1.0889103771184283
WTnuiFai.png,bali,train,0.0,254.81036376953125,0.0,0.046610169491525424,0.01926040061633282,5,1.1822807788848877,0.0,0.0,0.0,False,127,PNG,132,59,2.23728813559322,0.7036466358500256
EK2HtJoO.png,lampung,train,0.0,254.69200134277344,0.0,0.09000302023557838,0.026427061310782242,5,0.9368573427200317,0.0,0.0,0.0,False,127,PNG,172,77,2.2337662337662336,0.853518574448807
qFKpeT4W.png,sunda,train,0.0,254.60792541503906,0.0,0.1973343685300207,0.03713768115942029,5,0.7899696230888367,0.0,0.0,0.0,False,127,PNG,138,56,2.4642857142857144,1.1066252587991718
U0VZtyQG.png,pegon,train,0.0,254.08518981933594,0.0,0.18651162790697676,0.06,5,1.057693600654602,0.0,0.0,0.0,False,127,PNG,43,50,0.86,2.3106976744186047
50t210oB.png,sunda,train,0.0,254.74691772460938,0.0,0.1128951430232325,0.028905326036843267,5,0.8219870924949646,0.0,0.0,0.0,False,127,PNG,723,69,10.478260869565217,0.6505903341551907
IZOvkFnb.png,jawi,train,0.0,254.33453369140625,0.0,0.11484593837535013,0.03041216486594638,5,0.8888388872146606,0.0,0.0,0.0,False,127,PNG,51,49,1.0408163265306123,1.4181672669067626
z1Bh05Xj.png,sunda,train,0.0,252.17796325683594,0.0,0.13819574004975124,0.06283037935323384,256,0.5994156002998352,0.0,0.0,0.0,False,138,PNG,792,69,11.478260869565217,0.7280046845264236
HQdqHenE.png,jawa,train,0.0,252.2646484375,0.0,0.14620535714285715,0.06360057043650794,256,0.6740778684616089,0.0,0.0,0.0,False,136,PNG,769,84,9.154761904761903,0.8150349866864821
BH4GQEXv.png,sunda,train,0.0,254.85867309570312,0.0,0.11785714285714285,0.01948051948051948,5,0.7451690435409546,0.0,0.0,0.0,False,127,PNG,55,56,0.9821428571428572,1.0389610389610389
6k0z1nYo.png,jawi,train,0.0,254.68472290039062,0.0,0.07936507936507936,0.022675736961451247,5,0.9235584139823914,0.0,0.0,0.0,False,127,PNG,49,45,1.0888888888888888,1.349659863945578
AjwosTfp.png,pegon,train,57.65250778198242,246.5723876953125,0.6264801025390625,0.4030611242138365,0.4004127358490566,256,0.8562532067298889,0.0,0.0,0.0,False,164,PNG,625,905,0.6906077348066298,10.434277127071825
sTF5JF4F.png,jawa,train,0.0,251.5380859375,0.0,0.1387261284722222,0.07465277777777778,256,0.7460270524024963,0.0,0.0,0.0,False,140,PNG,992,93,10.666666666666666,0.8121748178980229
jgTWj9Ty.png,jawi,train,0.0,253.1922149658203,0.0,0.07367328265765766,0.04319749436936937,256,0.722039520740509,0.0,0.0,0.0,False,143,PNG,843,81,10.407407407407408,0.5593193034869587
Es5vv048.png,lampung,train,0.0,251.87120056152344,0.0,0.11549516592631304,0.07839038411288216,72,0.8492510318756104,0.0,0.0,0.0,False,92,PNG,89,43,2.069767441860465,2.355892343872485
cE2bXLyt.png,pegon,train,0.0,248.43862915039062,0.0,0.23018973214285715,0.1203031994047619,256,0.6741876602172852,0.0,0.0,0.0,False,137,PNG,819,60,13.65,1.2208384208384209
946vQ9LQ.png,jawi,train,0.0,254.81822204589844,0.0,0.09354333888636478,0.02009187742945126,5,0.8605133295059204,0.0,0.0,0.0,False,127,PNG,279,71,3.929577464788733,0.664748346711091
Zg8oA7E0.png,sunda,train,0.0,254.7858123779297,0.0,0.17184035476718404,0.05321507760532151,5,0.8908832669258118,0.0,0.0,0.0,False,127,PNG,41,44,0.9318181818181818,1.711751662971175
esnjGQul.png,lampung,train,0.0,254.76698303222656,0.0,0.08345358345358346,0.02320827320827321,5,0.9124395847320557,0.0,0.0,0.0,False,127,PNG,594,56,10.607142857142858,0.5983645983645983
S2FxkwQy.png,sunda,train,0.0,254.4249267578125,0.0,0.2112482853223594,0.041609510745313216,5,0.776553213596344,0.0,0.0,0.0,False,127,PNG,81,54,1.5,1.4028349336991313
RY9pKXN7.jpg,bali,train,42.78608322143555,128.40615844726562,18.936553955078125,0.3245133333333333,0.8747,256,0.8082688450813293,5.0,0.0,0.00027333333333333333,False,89,JPEG,500,300,1.6666666666666667,3.4982933333333333
pQD7Qj8N.png,bali,train,0.0,254.59640502929688,0.0,0.1144204517249938,0.0387192851824274,5,1.136845350265503,0.0,0.0,0.0,False,127,PNG,158,51,3.0980392156862746,1.130801687763713
kne37dqn.jpg,jawa,train,50.99272918701172,229.8988037109375,5.5639495849609375,0.24202775366512347,0.24587975019290123,256,0.686822235584259,0.0,0.0,0.0002953800154320988,False,159,JPEG,1280,720,1.7777777777777777,1.115407986111111
LGE9zS04.png,jawi,train,0.0,249.30699157714844,0.0,0.2862141927083333,0.08541666666666667,256,0.5985589027404785,0.0,0.0,0.0,False,131,PNG,805,84,9.583333333333334,1.0725820763087843
ExPEyQWf.png,pegon,train,0.0,248.57424926757812,0.0,0.1853298611111111,0.11981879340277778,256,0.7523473501205444,0.0,0.0,0.0,False,140,PNG,851,53,16.056603773584907,1.210207746713079
Sfo6dZpC.png,lontara,train,0.0,251.54896545410156,0.0,0.14625563063063063,0.06830658783783784,256,0.6295437812805176,0.0,0.0,0.0,False,137,PNG,796,38,20.94736842105263,0.840782861676805
gF7KzaLt.png,pegon,train,0.0,254.35699462890625,0.0,0.19079370649821606,0.0541615488097327,5,0.9925407767295837,0.0,0.0,0.0,False,127,PNG,139,123,1.1300813008130082,1.4042229630929404
glUdQABh.png,pegon,train,0.0,254.1481475830078,0.0,0.20164452877925362,0.05920303605313093,5,0.9590721130371094,0.0,0.0,0.0,False,127,PNG,155,153,1.0130718954248366,1.4586548597933795
b9hk8Iir.png,jawi,train,0.0,254.39564514160156,0.0,0.2446387482742752,0.04109526000920387,5,0.8203623294830322,0.0,0.0,0.0,False,127,PNG,410,53,7.735849056603773,1.10483202945237
eg2cftsm.png,jawi,train,0.0,254.75848388671875,0.0,0.08225108225108226,0.02943722943722944,5,0.9245325326919556,0.0,0.0,0.0,False,127,PNG,35,33,1.0606060606060606,1.7246753246753246
2cxCSqBA.png,lampung,train,0.0,252.66787719726562,0.0,0.14400660202186918,0.07447905921188364,87,0.6599343419075012,0.0,0.0,0.0,False,148,PNG,131,37,3.5405405405405403,2.550030946977512
VeKZboCk.png,lampung,train,0.0,249.14599609375,0.0,0.13843457943925233,0.11779595015576325,108,0.8257236480712891,0.0,0.0,0.0,False,142,PNG,107,48,2.2291666666666665,2.6105919003115265
qXTvUDpp.png,jawa,train,0.0,251.104248046875,0.0,0.15351113505747127,0.08281698994252873,256,0.6204685568809509,0.0,0.0,0.0,False,140,PNG,806,61,13.21311475409836,0.8869543993816865
rlAo2Dbn.png,sunda,train,0.0,254.77647399902344,0.0,0.12631402464582112,0.023740464414452177,5,0.7764841318130493,0.0,0.0,0.0,False,127,PNG,755,79,9.556962025316457,0.6027663676754128
iT8p6V9g.png,bali,train,0.0,254.6319122314453,0.0,0.12187088274044795,0.041282389108476064,5,1.113822102546692,0.0,0.0,0.0,False,127,PNG,99,46,2.152173913043478,1.407114624505929
rwhBNoli.png,jawi,train,0.0,254.71913146972656,0.0,0.08089635854341737,0.026778711484593837,5,1.1577198505401611,0.0,0.0,0.0,False,127,PNG,175,51,3.431372549019608,0.8434733893557423
j8Ca2MNo.png,bali,train,0.0,254.60528564453125,0.0,0.10980513454995361,0.040751623878750386,5,1.1007862091064453,0.0,0.0,0.0,False,127,PNG,212,61,3.4754098360655736,1.1122796164553046
gekcXoV6.png,jawi,train,0.0,254.79714965820312,0.0,0.10943548387096774,0.023911290322580644,5,0.8062002062797546,0.0,0.0,0.0,False,127,PNG,400,62,6.451612903225806,0.6087096774193549
lBQfj5Tg.png,jawi,train,0.0,254.72482299804688,0.0,0.08790849673202615,0.022549019607843137,5,0.9230538010597229,0.0,0.0,0.0,False,127,PNG,60,51,1.1764705882352942,1.223529411764706
OHeT6bhg.png,sunda,train,0.0,254.4853515625,0.0,0.16199649737302976,0.04846569709891114,5,0.9176033139228821,0.0,0.0,0.0,False,127,PNG,571,46,12.41304347826087,0.9993147034188684
8LgQHBWJ.png,sunda,train,0.0,254.2501220703125,0.0,0.23110066588327458,0.06580493537015276,5,0.9021018743515015,0.0,0.0,0.0,False,127,PNG,69,37,1.864864864864865,1.967880924402664
E1sMhlU6.png,jawa,train,0.0,209.43890380859375,0.0,0.2852986653645833,0.4798177083333333,256,1.2445428371429443,21.0,0.0,0.0,False,127,PNG,916,76,12.052631578947368,2.1003217651114685
0adtYzoP.png,lampung,train,0.0,251.87701416015625,0.0,0.15345394736842105,0.09638157894736842,120,0.7731418013572693,0.0,0.0,0.0,False,136,PNG,152,40,3.8,2.8407894736842105
z0U5RS9E.png,sunda,train,0.0,252.36241149902344,0.0,0.10863095238095238,0.06001984126984127,256,0.6578487157821655,0.0,0.0,0.0,False,141,PNG,820,67,12.238805970149254,0.6517655624317438
c0yCauCn.png,bali,train,0.0,250.7702178955078,0.0,0.14043898809523808,0.12518601190476192,256,1.0410754680633545,0.0,0.0,0.0,False,155,PNG,1552,71,21.859154929577464,0.8076085378248875
pZ4jPKQt.png,jawi,train,0.0,254.66024780273438,0.0,0.1248548199767712,0.0313588850174216,5,0.9381177425384521,0.0,0.0,0.0,False,127,PNG,82,63,1.3015873015873016,1.1629887727448702
wVSJnIqQ.png,sunda,train,0.0,254.48550415039062,0.0,0.19276595744680852,0.05074468085106383,5,0.9152290225028992,0.0,0.0,0.0,False,127,PNG,235,40,5.875,1.2434042553191489
TqM6sElv.png,jawi,train,0.0,254.76329040527344,0.0,0.08626417688165884,0.023427654943292475,5,0.8716701865196228,0.0,0.0,0.0,False,127,PNG,301,58,5.189655172413793,0.6685760109978234
EbCet6oh.png,jawi,train,0.0,254.8184356689453,0.0,0.11186696900982615,0.02091206853111615,5,0.8726872205734253,0.0,0.0,0.0,False,127,PNG,81,49,1.653061224489796,1.034013605442177
YexLSh1S.png,sunda,train,0.0,254.54766845703125,0.0,0.19340934371523916,0.04171301446051168,5,0.8093152046203613,0.0,0.0,0.0,False,127,PNG,124,58,2.1379310344827585,1.189098998887653
zFmjFJQ6.png,sunda,train,0.0,254.4971466064453,0.0,0.16092298471681152,0.05573868744381181,5,0.9241929054260254,0.0,0.0,0.0,False,127,PNG,71,47,1.5106382978723405,1.4887623614024572
ROJHaGXX.png,jawi,train,0.0,251.56533813476562,0.0,0.1395685927672956,0.06598860062893082,256,0.6483438014984131,0.0,0.0,0.0,False,137,PNG,874,60,14.566666666666666,0.7586575133485889
8A3ZrtYF.png,jawa,train,0.0,252.48797607421875,0.0,0.1467832863538385,0.050240424473553306,16,0.7549933791160583,0.0,0.0,0.0,False,87,PNG,326,74,4.405405405405405,0.9165975791742664
G87c0lVn.png,jawi,train,0.0,252.692626953125,0.0,0.09120883736559139,0.05315440188172043,256,0.7449827194213867,0.0,0.0,0.0,False,142,PNG,849,68,12.485294117647058,0.6947966465738239
w2RraQPy.jpg,pegon,train,3.3050289154052734,185.12063598632812,3.706329345703125,0.28917037037037036,0.997437037037037,209,0.6006771326065063,1.0,0.0,0.023555555555555555,False,159,JPEG,300,225,1.3333333333333333,2.058666666666667
KgLrlvQi.png,lampung,train,0.0,254.7426300048828,0.0,0.08371126228269085,0.027494331065759638,5,1.0932167768478394,0.0,0.0,0.0,False,127,PNG,147,72,2.0416666666666665,0.930461073318216
aBB1Z8RF.png,bali,train,0.0,250.5116729736328,0.0,0.14176014957264957,0.13458199786324787,256,1.0913245677947998,0.0,0.0,0.0,False,157,PNG,1416,71,19.943661971830984,0.9372960929418318
sutQHxh9.png,lontara,train,0.0,251.70895385742188,0.0,0.11653645833333333,0.06123046875,256,0.7310773134231567,0.0,0.0,0.0,False,138,PNG,992,52,19.07692307692308,0.7600806451612904
InRjyE6O.png,jawi,train,0.0,249.54344177246094,0.0,0.17438832364341086,0.10864825581395349,256,0.7254705429077148,0.0,0.0,0.0,False,141,PNG,831,46,18.065217391304348,1.006853973735154
inLrY10b.png,jawi,train,0.0,251.2652587890625,0.0,0.20091911764705883,0.0647671568627451,256,0.5780261754989624,0.0,0.0,0.0,False,133,PNG,793,88,9.011363636363637,0.8533761320646567
GgFGc8Sz.png,sunda,train,0.0,254.69757080078125,0.0,0.14137785291631447,0.028740490278951817,5,0.8610710501670837,0.0,0.0,0.0,False,127,PNG,169,140,1.207142857142857,0.799323753169907
tGpvOFlV.png,jawa,train,4.347951412200928,246.26266479492188,0.158782958984375,0.1448626831622357,0.07804685443537773,256,0.6408591270446777,1.0,0.0,0.0,False,137,PNG,393,58,6.775862068965517,15.363341230148285
228yIFIE.png,bali,train,0.0,251.080078125,0.0,0.14644451530612246,0.0940688775510204,256,0.8004448413848877,0.0,0.0,0.0,False,144,PNG,1040,66,15.757575757575758,0.9074592074592076
iCpyVmY9.png,pegon,train,0.0,254.90274047851562,0.0,0.08155533399800598,0.010967098703888335,5,0.8897485733032227,0.0,0.0,0.0,False,127,PNG,85,59,1.4406779661016949,0.8087736789631107
RHf49ZhD.png,jawi,train,0.0,254.77210998535156,0.0,0.10993908780270391,0.020304065765364233,5,0.8448591232299805,0.0,0.0,0.0,False,127,PNG,381,53,7.188679245283019,0.6830089635022037
tl3IX4js.png,jawa,train,0.0,252.79525756835938,0.0,0.2311902973059998,0.05106794032413867,20,0.769851803779602,0.0,0.0,0.0,False,69,PNG,605,77,7.857142857142857,1.0231619620049373
ivUufIe8.png,bali,train,0.0,250.1045684814453,0.0,0.158203125,0.14483506944444444,256,1.0753840208053589,0.0,0.0,0.0,False,156,PNG,1414,56,25.25,0.965548595675894
7RhX687E.png,pegon,train,0.0,250.09539794921875,0.0,0.15397135416666666,0.10152180989583333,256,0.7784965634346008,0.0,0.0,0.0,False,142,PNG,900,75,12.0,1.0862222222222222
96QJ34En.png,jawa,train,0.0,253.71029663085938,0.0,0.11575858108970269,0.037565394921526093,19,0.8434094190597534,0.0,0.0,0.0,False,63,PNG,461,85,5.423529411764706,0.7821360214367743
q5bf1EMd.png,sunda,train,0.0,254.8717803955078,0.0,0.09699328011027511,0.0160961461145253,5,0.7582345008850098,0.0,0.0,0.0,False,127,PNG,757,92,8.228260869565217,0.4686692320946528
MwYzMNCH.png,lontara,train,0.0,251.46798706054688,0.0,0.15259308510638298,0.06712655141843972,256,0.6957137584686279,0.0,0.0,0.0,False,136,PNG,833,51,16.333333333333332,0.8421250853282489
SF44HsU7.png,pegon,train,0.0,254.4673309326172,0.0,0.12756611385029135,0.03845809054235769,5,0.9458091259002686,0.0,0.0,0.0,False,127,PNG,115,97,1.1855670103092784,1.1603765127745405
VK4f1P3r.png,lampung,train,0.0,250.1240692138672,0.0,0.18518518518518517,0.12377173091458805,105,0.6214486956596375,0.0,0.0,0.0,False,144,PNG,108,49,2.204081632653061,2.8314436885865457
EZ8UgovW.png,lampung,train,0.0,254.7455291748047,0.0,0.06563467492260062,0.022291021671826627,5,1.0106099843978882,0.0,0.0,0.0,False,127,PNG,190,68,2.794117647058824,0.7529411764705882
jKrkTGqt.png,lampung,train,0.0,251.0588836669922,0.0,0.18245967741935484,0.0768649193548387,91,0.9134121537208557,0.0,0.0,0.0,False,78,PNG,128,31,4.129032258064516,3.2681451612903225
52JFCtsx.png,jawa,train,0.0,206.57662963867188,0.0,0.35288783482142855,0.5242513020833334,256,1.4119335412979126,27.0,0.0,0.0,False,128,PNG,909,66,13.772727272727272,2.0806080608060804
M3kHpfc3.png,sunda,train,0.0,254.8268585205078,0.0,0.10626208897485494,0.018617021276595744,5,0.7678252458572388,0.0,0.0,0.0,False,127,PNG,752,88,8.545454545454545,0.5195841392649904
8MjE9LQ5.png,lontara,train,0.0,252.55648803710938,0.0,0.11108699845679013,0.05078125,256,0.6944310665130615,0.0,0.0,0.0,False,138,PNG,875,62,14.112903225806452,0.6538617511520737
QQi5Tfng.png,jawa,train,4.285438060760498,247.4552001953125,1.1257171630859375,0.13381410256410256,0.06848290598290599,256,0.7104038596153259,1.0,0.0,0.0,False,138,PNG,576,65,8.861538461538462,14.855982905982906
X97SgL7K.png,sunda,train,0.0,254.52822875976562,0.0,0.16504697116942016,0.04356980887593132,5,0.8982719779014587,0.0,0.0,0.0,False,127,PNG,147,42,3.5,1.1648850016196954
85lb3nur.png,jawi,train,0.0,254.5607147216797,0.0,0.16116241173275395,0.033188484519282996,5,0.8450300693511963,0.0,0.0,0.0,False,127,PNG,526,70,7.514285714285714,0.9097229766431288
S7QW6kSt.png,bali,train,0.0,254.70187377929688,0.0,0.11438088253269771,0.034653465346534656,5,0.9609895348548889,0.0,0.0,0.0,False,127,PNG,404,81,4.987654320987654,0.8487959907101821
W5Zgl7D7.png,lampung,train,0.0,253.62994384765625,0.0,0.10256968641114983,0.05749128919860627,67,0.6676902174949646,0.0,0.0,0.0,False,150,PNG,112,41,2.731707317073171,2.1498257839721253
3AK8Uu5E.png,bali,train,0.0,250.30006408691406,0.0,0.1467907475490196,0.13499540441176472,256,1.0892517566680908,0.0,0.0,0.0,False,156,PNG,1375,61,22.540983606557376,0.9509388971684054
GqIaLzPa.png,jawa,train,0.0,248.28585815429688,0.0,0.22958192567567567,0.15443412162162162,20,1.0641859769821167,0.0,0.0,0.0,False,70,PNG,640,74,8.64864864864865,1.7859797297297295
AT2ggO6N.png,jawa,train,0.0,251.71763610839844,0.0,0.14303705601092895,0.0703125,256,0.6879158616065979,0.0,0.0,0.0,False,139,PNG,926,74,12.513513513513514,0.7817407039869243
zEKfb4Px.png,jawa,train,0.0,252.4392852783203,0.0,0.11978233034571063,0.04829278702518139,18,0.8154675364494324,0.0,0.0,0.0,False,94,PNG,660,71,9.295774647887324,0.9072129748186086
cWXhhLTH.png,jawi,train,0.0,252.16786193847656,0.0,0.10397273936170212,0.0666832890070922,256,0.797691822052002,0.0,0.0,0.0,False,144,PNG,945,58,16.29310344827586,0.7613209268381682
d1TnxtrQ.png,sunda,train,0.0,253.51287841796875,0.0,0.053759578544061305,0.042594588122605366,256,0.8958484530448914,0.0,0.0,0.0,False,151,PNG,799,91,8.780219780219781,0.5472775034727475
eRhBRVGT.png,lampung,train,0.0,254.66648864746094,0.0,0.09325601374570447,0.026804123711340205,5,1.0042563676834106,0.0,0.0,0.0,False,127,PNG,291,80,3.6375,0.8154639175257732
E3CdR6fQ.png,pegon,train,0.0,254.41383361816406,0.0,0.1906638517475956,0.045085620455078586,5,0.9214175343513489,0.0,0.25,0.0,False,127,PNG,147,145,1.013793103448276,1.2708421299554304
jut5gxjK.png,jawi,train,0.0,254.79788208007812,0.0,0.10420537071440635,0.01836682992737713,5,0.8351530432701111,0.0,0.0,0.0,False,127,PNG,382,62,6.161290322580645,0.6478635365647695
80IMmLOI.png,bali,train,0.0,254.7648162841797,0.0,0.05749249595936273,0.022858462248903255,5,1.1177668571472168,0.0,0.0,0.0,False,127,PNG,71,61,1.1639344262295082,0.9956130223966752
AZSBFxTH.png,lampung,train,0.0,249.74497985839844,0.0,0.15179717586649552,0.13510911424903724,65,0.5665860772132874,0.0,0.0,0.0,False,146,PNG,82,38,2.1578947368421053,3.116816431322208
CMhKnPqc.png,sunda,train,0.0,254.76744079589844,0.0,0.1362465797521326,0.026295670368582005,5,0.7651628851890564,0.0,0.0,0.0,False,127,PNG,654,76,8.605263157894736,0.6433285047481088
TlENSHA8.png,sunda,train,0.0,254.718505859375,0.0,0.16354515050167223,0.0411371237458194,5,0.946408748626709,0.0,0.0,0.0,False,127,PNG,65,46,1.4130434782608696,1.51438127090301
tTKbehgk.png,bali,train,0.0,251.1070556640625,0.0,0.13214476495726496,0.11444978632478632,256,1.025543212890625,0.0,0.0,0.0,False,154,PNG,1361,69,19.72463768115942,0.8403028463725521
6W4aU5Cg.png,sunda,train,0.0,254.47332763671875,0.0,0.1682335477486393,0.05426356589147287,5,0.8914070129394531,0.0,0.0,0.0,False,127,PNG,282,43,6.558139534883721,1.1169388091703778
W430EtBO.png,lampung,train,0.0,252.3741455078125,0.0,0.20159774436090225,0.1130952380952381,116,0.7255538702011108,0.0,0.0,0.0,False,153,PNG,152,42,3.619047619047619,3.0526315789473686
LkJkjz8X.png,lampung,train,0.0,252.3038330078125,0.0,0.10317095588235294,0.06992953431372549,256,0.846176028251648,0.0,0.0,0.0,False,147,PNG,884,39,22.666666666666668,0.790578953474881
9rK6DI1d.png,jawa,train,0.0,251.65249633789062,0.0,0.14147808908045978,0.0845007183908046,256,0.7224315404891968,0.0,0.0,0.0,False,144,PNG,881,66,13.348484848484848,0.8634815808482097
FLLI9khJ.jpg,jawi,train,50.229339599609375,109.72997283935547,53.586814880371094,0.4769162210338681,0.8727629233511587,236,0.3943867087364197,0.0,0.0,0.0,True,146,JPEG,300,187,1.60427807486631,6.427379679144385
zzcUZhKM.png,jawa,train,4.799813747406006,245.86427307128906,1.3898773193359375,0.09931972789115646,0.07119047619047619,256,0.7839857935905457,1.0,0.0,0.0,False,138,PNG,392,75,5.226666666666667,15.417414965986394
3cJKzTvd.png,sunda,train,0.0,254.6407928466797,0.0,0.21339220014716703,0.04525386313465784,5,0.8135347962379456,0.0,0.0,0.0,False,127,PNG,151,54,2.7962962962962963,1.2175619327937208
JtsHS4lO.png,jawi,train,0.0,254.44586181640625,0.0,0.24426779147739563,0.04085550508327926,5,0.7913261651992798,0.0,0.0,0.0,False,127,PNG,536,69,7.768115942028985,1.034825870646766
YZEJQ1iA.png,jawa,train,4.072980880737305,246.7151336669922,0.548736572265625,0.12788018433179724,0.07219662058371736,256,0.7378455400466919,1.0,0.0,0.0,False,138,PNG,434,72,6.027777777777778,15.223246287762416
ynf0ei56.png,jawa,train,4.409299373626709,246.56607055664062,0.56719970703125,0.15249360613810742,0.08312020460358056,256,0.6695685386657715,1.0,0.0,0.0,False,138,PNG,408,46,8.869565217391305,15.22378516624041
ogPEoW0X.jpg,sunda,train,0.0,94.90715789794922,0.0,0.468536376953125,0.6228739420572916,207,0.38472840189933777,3.0,0.0,3.3908420138888887e-06,True,166,JPEG,800,400,2.0,2.276025
nTiwCHmF.png,pegon,train,0.0,254.58766174316406,0.0,0.17989236790606652,0.03767123287671233,5,0.8845326900482178,0.0,0.0,0.0,False,127,PNG,146,140,1.042857142857143,1.1585127201565557
6NC0vexR.png,jawi,train,0.0,254.2259979248047,0.0,0.3533724340175953,0.062316715542521994,5,0.8329430818557739,0.0,0.0,0.0,False,127,PNG,132,31,4.258064516129032,1.6715542521994136
59tMM4UE.png,lontara,train,0.0,254.63404846191406,0.0,0.11654163825111769,0.030082594529059634,5,0.9563924670219421,0.0,0.0,0.0,False,127,PNG,747,53,14.09433962264151,0.7910888838372357
ATAmVTbp.png,jawi,train,0.0,250.70777893066406,0.0,0.26582392939814814,0.07072844328703703,256,0.5708237290382385,0.0,0.0,0.0,False,131,PNG,799,75,10.653333333333334,0.9347684605757196
HEcsD6AX.png,bali,train,0.0,253.84088134765625,0.0,0.0989036657124682,0.023427560432569973,256,0.5283230543136597,0.0,0.0,0.0,False,132,PNG,5000,1705,2.932551319648094,0.1312356598240469
0X1noIHO.png,lontara,train,0.0,251.12847900390625,0.0,0.15302734375,0.06513671875,256,0.6739131212234497,0.0,0.0,0.0,False,135,PNG,931,49,19.0,0.8045770402683092
5KGin5ao.png,pegon,train,0.0,250.53277587890625,0.0,0.1835400558419244,0.08510524054982818,256,0.6849610805511475,0.0,0.0,0.0,False,137,PNG,820,104,7.884615384615385,1.0304878048780488
LqxphThX.png,jawi,train,0.0,254.77413940429688,0.0,0.08579586009992862,0.021755888650963597,5,0.8770415782928467,0.0,0.0,0.0,False,127,PNG,467,75,6.226666666666667,0.6068807994289793
8W7ONxAA.png,jawa,train,0.0,251.43869018554688,0.0,0.14680003156565657,0.07415956439393939,256,0.6663901209831238,0.0,0.0,0.0,False,139,PNG,944,81,11.65432098765432,0.7695124503034108
uKebVgpd.png,jawa,train,0.0,250.12213134765625,0.0,0.1994900173611111,0.10009765625,256,0.6301531195640564,0.0,0.0,0.0,False,139,PNG,891,56,15.910714285714286,0.98989898989899
9ZlgBAKg.png,jawi,train,0.0,254.17266845703125,0.0,0.22198275862068967,0.05675287356321839,5,0.955877423286438,0.0,0.0,0.0,False,127,PNG,87,32,2.71875,1.6896551724137931
zasgaCVk.jpg,pegon,train,30.410568237304688,202.77073669433594,48.28501892089844,0.44772904007523145,0.39746997974537035,256,0.539578378200531,1.0,0.75,0.0,False,111,JPEG,1320,990,1.3333333333333333,2.2539271502907865
vvDlbkMj.png,jawi,train,0.0,254.776611328125,0.0,0.1377679503715988,0.025551256065352253,5,0.8178422451019287,0.0,0.0,0.0,False,127,PNG,243,67,3.626865671641791,0.751305202383146
1GrWUSqh.png,sunda,train,0.0,251.67355346679688,0.0,0.14104626225490197,0.0694891237745098,256,0.5669093132019043,0.0,0.0,0.0,False,137,PNG,785,69,11.376811594202898,0.7622634542601311
IZwQ8PFs.png,sunda,train,0.0,254.707763671875,0.0,0.1978021978021978,0.035897435897435895,5,0.8617797493934631,0.0,0.0,0.0,False,127,PNG,39,35,1.1142857142857143,2.0630036630036632
TBPe62pw.png,jawa,train,0.0,251.39010620117188,0.0,0.14790013227513227,0.07928240740740741,256,0.7056642770767212,0.0,0.0,0.0,False,140,PNG,883,72,12.26388888888889,0.8998364162577073
lMYeOBxo.png,bali,train,0.0,249.13992309570312,0.0,0.1740301724137931,0.15234375,256,1.0445358753204346,0.0,0.0,0.0,False,152,PNG,1432,54,26.51851851851852,1.0283467825367267
zfCKqwfY.png,lontara,train,0.0,252.05859375,0.0,0.14173719618055555,0.05807834201388889,256,0.6597590446472168,0.0,0.0,0.0,False,136,PNG,804,50,16.08,0.804179104477612
HAcO5Bc2.png,jawa,train,0.0,251.93536376953125,0.0,0.11458333333333333,0.07025588768115942,256,0.6999893188476562,0.0,0.0,0.0,False,143,PNG,1005,90,11.166666666666666,0.7487009397457158
fQ8cDVLW.png,jawa,train,0.0,251.66163635253906,0.0,0.14405588624338625,0.07684358465608465,256,0.6334376335144043,0.0,0.0,0.0,False,140,PNG,963,79,12.189873417721518,0.7273683241978521
JyRhOG7t.png,sunda,train,0.0,254.57278442382812,0.0,0.19459378733572283,0.03569295101553166,5,0.8374806046485901,0.0,0.0,0.0,False,127,PNG,124,54,2.2962962962962963,1.195937873357228
cGKjvPmI.png,jawa,train,0.0,251.86029052734375,0.0,0.11856033874382499,0.0529287226534933,14,0.8322500586509705,0.0,0.0,0.0,False,105,PNG,436,52,8.384615384615385,0.9446012702893436
onriYlId.png,jawa,train,0.0,254.63348388671875,0.0,0.205761316872428,0.03822828676629846,5,0.8365892171859741,0.0,0.0,0.0,False,127,PNG,114,81,1.4074074074074074,1.199047000216591
hiCuBuAe.png,jawa,train,0.0,203.07432556152344,0.0,0.27934027777777776,0.5387586805555555,256,1.25478994846344,26.0,0.0,0.0,False,124,PNG,902,70,12.885714285714286,2.0243268926195754
8U4Q12tu.png,lampung,train,0.0,252.15211486816406,0.0,0.13638117283950618,0.07060185185185185,101,0.7258307933807373,0.0,0.0,0.0,False,142,PNG,144,36,4.0,2.3580246913580245
mSezCFIE.png,lontara,train,0.0,253.1886749267578,0.0,0.09874131944444445,0.0403448547979798,256,0.68793123960495,0.0,0.0,0.0,False,137,PNG,939,81,11.592592592592592,0.5563049737703625
AC7u1TO8.png,jawi,train,0.0,236.5028839111328,0.0,0.49117647058823527,0.09411764705882353,5,0.7404253482818604,0.0,0.0,0.0,False,63,PNG,20,17,1.1764705882352942,5.176470588235294
LvBqIqFv.png,lampung,train,0.0,252.33380126953125,0.0,0.18380134601995823,0.10512880018565793,90,0.7263237833976746,0.0,0.0,0.0,False,150,PNG,139,31,4.483870967741935,3.187746576932003
PzwFtO0w.png,jawi,train,0.0,252.231689453125,0.0,0.09911458333333334,0.06231770833333333,256,0.7778976559638977,0.0,0.0,0.0,False,143,PNG,949,62,15.306451612903226,0.7064822053774772
3N5as1d8.png,lontara,train,0.0,252.21922302246094,0.0,0.1340890522875817,0.05808312908496732,256,0.6829065680503845,0.0,0.0,0.0,False,137,PNG,848,56,15.142857142857142,0.7596024258760108
d0ssbEN9.png,jawa,train,8.919227600097656,223.930419921875,3.4725799560546875,0.26009890180463685,0.35060903816924627,256,0.9775881767272949,6.0,0.0,0.0,False,134,PNG,677,69,9.81159420289855,21.71935007385524
OxS7fXK2.png,jawa,train,0.0,251.7315216064453,0.0,0.1357210497835498,0.07185132575757576,256,0.6483359932899475,0.0,0.0,0.0,False,140,PNG,927,93,9.96774193548387,0.7805964436092842
DfJiDkYP.png,bali,train,0.0,254.61419677734375,0.0,0.08925490196078431,0.03058823529411765,5,1.0883502960205078,0.0,0.0,0.0,False,127,PNG,85,75,1.1333333333333333,1.1733333333333331
tI1VGJRl.png,jawi,train,0.0,252.52171325683594,0.0,0.09145359848484849,0.058357007575757576,256,0.7866267561912537,0.0,0.0,0.0,False,144,PNG,950,68,13.970588235294118,0.6709597523219815
YDTCOOxQ.png,jawi,train,0.0,254.58421325683594,0.0,0.16525914886570625,0.034732571617817516,5,0.8449205160140991,0.0,0.0,0.0,False,127,PNG,366,66,5.545454545454546,0.992548435171386
Uk7G5B6Y.png,lampung,train,0.0,254.68112182617188,0.0,0.08327541124681428,0.027637109853374375,5,1.0256216526031494,0.0,0.0,0.0,False,127,PNG,373,81,4.604938271604938,0.751994174693013
97WdaxBp.png,jawi,train,0.0,254.86984252929688,0.0,0.06635832521908472,0.013924050632911392,5,1.0484068393707275,0.0,0.0,0.0,False,127,PNG,316,65,4.861538461538461,0.4510223953261928
Cn5MbohQ.png,sunda,train,0.0,254.32406616210938,0.0,0.1983065953654189,0.053475935828877004,5,0.912463903427124,0.0,0.0,0.0,False,127,PNG,51,44,1.1590909090909092,1.843137254901961
RP3Nu0cU.png,jawa,train,0.0,250.87208557128906,0.0,0.17831688596491227,0.08577759502923976,256,0.6656745672225952,0.0,0.0,0.0,False,138,PNG,918,68,13.5,0.9300269127258748
CMJ08Y3i.png,sunda,train,0.0,252.18994140625,0.0,0.14211579106280192,0.06433046497584541,256,0.573745608329773,0.0,0.0,0.0,False,138,PNG,793,71,11.169014084507042,0.7046160950571018
gpcToES9.png,lampung,train,0.0,253.68141174316406,0.0,0.13031376518218624,0.07186234817813765,78,0.7825371026992798,0.0,0.0,0.0,False,145,PNG,104,38,2.736842105263158,2.5789473684210527
ZL5DeXGh.png,pegon,train,0.0,254.0938262939453,0.0,0.18193518193518193,0.057564057564057566,5,0.9975724816322327,0.0,0.0,0.0,False,127,PNG,111,77,1.4415584415584417,1.5088335088335088
Zm78KvRV.jpg,pegon,train,61.001564025878906,6.690831661224365,3.146951198577881,0.34354830473856207,0.3596507352941177,175,0.3560720682144165,0.0,1.0,0.0,True,60,JPEG,1360,903,1.5060908084163898,1.67796886196339
F4lTayfy.png,jawa,train,0.0,252.24974060058594,0.0,0.11117224178403756,0.062334947183098594,256,0.7100753784179688,0.0,0.0,0.0,False,141,PNG,978,90,10.866666666666667,0.7214723926380369
Phy7PuM9.png,lontara,train,0.0,252.83201599121094,0.0,0.11412037037037037,0.044097222222222225,256,0.6879807114601135,0.0,0.0,0.0,False,136,PNG,946,56,16.892857142857142,0.5816973723950468
6k5O7gob.png,pegon,train,0.0,249.513671875,0.0,0.21213624338624337,0.1046833664021164,256,0.6787605285644531,0.0,0.0,0.0,False,138,PNG,816,67,12.17910447761194,1.1533508925958442
tmR92W4e.png,pegon,train,0.0,254.32310485839844,0.0,0.22754137115839243,0.051418439716312055,5,0.8669420480728149,0.0,0.0,0.0,False,127,PNG,188,153,1.2287581699346406,1.3085801696565151
YOYCZDkj.png,bali,train,0.0,250.21315002441406,0.0,0.1439636752136752,0.13030849358974358,256,1.0755205154418945,0.0,0.0,0.0,False,154,PNG,1350,68,19.852941176470587,0.9480610021786492
YvWTkXxw.png,pegon,train,0.0,254.62034606933594,0.0,0.21850417971543412,0.030133405666658446,5,0.7879310250282288,0.0,0.0,0.0,False,127,PNG,379,107,3.542056074766355,0.8484699035829655
xtXw0TeJ.png,lampung,train,0.0,254.74888610839844,0.0,0.09349593495934959,0.02455962059620596,5,0.8846457004547119,0.0,0.0,0.0,False,127,PNG,164,72,2.2777777777777777,0.8272357723577236
AJ7e3EE8.png,jawi,train,0.0,254.8125457763672,0.0,0.09879336349924585,0.017194570135746608,5,0.8296761512756348,0.0,0.0,0.0,False,127,PNG,156,85,1.8352941176470587,0.676923076923077
mHXRdDDb.png,lampung,train,0.0,251.22122192382812,0.0,0.1686637618010167,0.09295570079883805,108,0.8034404516220093,0.0,0.0,0.0,False,97,PNG,153,36,4.25,2.893246187363834
Ez9ITg09.png,lampung,train,0.0,254.65802001953125,0.0,0.06356560415122313,0.0291882876204596,5,1.259354591369629,0.0,0.0,0.0,False,127,PNG,152,71,2.140845070422535,0.9065974796145292
lnSEIPcz.png,bali,train,0.0,250.72439575195312,0.0,0.13761393229166666,0.1337890625,256,1.111576795578003,0.0,0.0,0.0,False,159,PNG,1376,57,24.140350877192983,0.9248266013871888
nGtk5is1.png,jawi,train,0.0,254.96165466308594,0.0,0.027528027528027528,0.00826950826950827,5,0.975347101688385,0.0,0.0,0.0,False,127,PNG,693,52,13.326923076923077,0.2939282939282939
jANZZM42.png,jawa,train,0.0,251.43289184570312,0.0,0.1469150641025641,0.07562099358974358,256,0.7056120038032532,0.0,0.0,0.0,False,140,PNG,898,76,11.81578947368421,0.8660180518110421
1ITIDhKX.png,lampung,train,0.0,249.67807006835938,0.0,0.13581599123767799,0.12303760496531581,59,0.6154223680496216,0.0,0.0,0.0,False,142,PNG,83,33,2.515151515151515,2.9324571011318
pL1TEs2W.webp,pegon,train,16.09427261352539,1.4539302587509155,0.11259841918945312,0.3683238178890353,0.3808373590982287,238,0.30714136362075806,0.0,0.5,3.513394817742644e-05,True,79,WEBP,759,450,1.6866666666666668,0.4826467574293661
qFN68Aja.png,lontara,train,0.0,252.06390380859375,0.0,0.1295421511627907,0.05332485465116279,256,0.6753910779953003,0.0,0.0,0.0,False,135,PNG,940,53,17.735849056603772,0.6761942994781213
iXE7FVx4.png,sunda,train,0.0,254.769775390625,0.0,0.13936054209829427,0.028312173845315057,5,0.7902692556381226,0.0,0.0,0.0,False,127,PNG,694,74,9.37837837837838,0.6723265051795311
RPAbitNJ.png,jawi,train,0.0,254.52723693847656,0.0,0.20833333333333334,0.05555555555555555,5,0.9069996476173401,0.0,0.0,0.0,False,127,PNG,36,38,0.9473684210526316,2.2222222222222223
H5s9IUaI.png,sunda,train,0.0,254.70497131347656,0.0,0.16196638980104308,0.0356384006181186,5,0.823484480381012,0.0,0.0,0.0,False,127,PNG,167,62,2.693548387096774,0.971218852617346
LlwIqrqS.png,bali,train,0.0,250.43234252929688,0.0,0.14664713541666666,0.12272135416666667,256,1.0040522813796997,0.0,0.0,0.0,False,152,PNG,1457,61,23.885245901639344,0.8570046243685093
p1ZmXQgH.png,lontara,train,0.0,252.94827270507812,0.0,0.10551525297619048,0.04292224702380952,256,0.6776157021522522,0.0,0.0,0.0,False,137,PNG,868,63,13.77777777777778,0.6031746031746031
GcWEasCe.png,pegon,train,0.0,254.28060913085938,0.0,0.17850806451612902,0.050483870967741935,5,0.9470974802970886,0.0,0.0,0.0,False,127,PNG,160,155,1.032258064516129,1.304516129032258
3s2swDnP.png,jawa,train,0.0,251.1653289794922,0.0,0.14311882062146894,0.08388506355932203,256,0.7625246047973633,0.0,0.0,0.0,False,141,PNG,928,71,13.070422535211268,0.9363768819815445
fMTbUwVX.png,sunda,train,0.0,254.4511260986328,0.0,0.1873266481758054,0.051632174098570516,5,0.9084597826004028,0.0,0.0,0.0,False,127,PNG,327,43,7.604651162790698,1.1657776829528483
8Aqs59wk.png,jawi,train,0.0,254.60391235351562,0.0,0.19434137291280149,0.02922077922077922,5,0.7844144105911255,0.0,0.0,0.0,False,127,PNG,154,56,2.75,1.0408163265306123
hsGNHx9x.png,lampung,train,0.0,250.9219970703125,0.0,0.143317230273752,0.09138486312399356,99,0.7799522280693054,0.0,0.0,0.0,False,105,PNG,138,36,3.8333333333333335,2.739130434782609
dqDHk311.png,jawi,train,0.0,254.24075317382812,0.0,0.11977886977886978,0.030098280098280097,5,0.9471864104270935,0.0,0.0,0.0,False,127,PNG,37,44,0.8409090909090909,1.8230958230958232
M6WzE34H.png,sunda,train,0.0,254.4871368408203,0.0,0.15154768294864912,0.05045625335480408,5,0.9708145260810852,0.0,0.0,0.0,False,127,PNG,243,46,5.282608695652174,1.135086777598855
nvDb3CIV.png,lontara,train,0.0,254.72000122070312,0.0,0.09242250287026406,0.02061806352851129,5,0.9371377229690552,0.0,0.0,0.0,False,127,PNG,312,67,4.656716417910448,0.7156525066972829
KD4ldo29.png,sunda,train,0.0,254.48472595214844,0.0,0.20200302343159485,0.04478458049886622,5,0.8091799020767212,0.0,0.0,0.0,False,127,PNG,98,54,1.8148148148148149,1.416477702191988
zXdfyU5t.png,jawi,train,0.0,248.89561462402344,0.0,0.3169723731884058,0.09027777777777778,256,0.5634996294975281,0.0,0.0,0.0,False,131,PNG,797,72,11.069444444444445,1.093405827408337
5a1ltj1G.png,lampung,train,0.0,254.786865234375,0.0,0.06354797284901853,0.017904971564850485,5,0.9735947847366333,0.0,0.0,0.0,False,127,PNG,237,115,2.0608695652173914,0.6481012658227848
I4lzSJd9.png,jawi,train,0.0,254.8715362548828,0.0,0.06349206349206349,0.019632414369256473,5,0.9051631093025208,0.0,0.0,0.0,False,127,PNG,84,57,1.4736842105263157,0.7418546365914787
jHlVtGNK.png,bali,train,0.0,250.517822265625,0.0,0.14094065656565657,0.13458806818181818,256,1.1424343585968018,0.0,0.0,0.0,False,157,PNG,1549,67,23.119402985074625,0.879373307767168
yUrGJcUt.png,jawa,train,0.0,240.7303009033203,0.0,0.3506269592476489,0.33484848484848484,16,1.342448115348816,0.0,0.0,0.0,False,57,PNG,330,58,5.689655172413793,2.070637408568443
dQCt4xEf.png,sunda,train,0.0,254.70399475097656,0.0,0.17811566657616074,0.03217485745316318,5,0.8424718976020813,0.0,0.0,0.0,False,127,PNG,127,58,2.189655172413793,1.1132229161010043
HoS22JtW.png,lampung,train,0.0,249.07220458984375,0.0,0.1756854256854257,0.15945165945165946,81,0.5841425061225891,0.0,0.0,0.0,False,140,PNG,84,33,2.5454545454545454,3.8585858585858586
isAtYRoW.png,lontara,train,0.0,252.15415954589844,0.0,0.14652777777777778,0.05381944444444445,256,0.640396237373352,0.0,0.0,0.0,False,135,PNG,867,51,17.0,0.6989167062442048
63nSwhQm.png,lampung,train,0.0,253.85958862304688,0.0,0.2030612244897959,0.09540816326530613,104,0.6962478160858154,0.0,0.0,0.0,False,152,PNG,140,42,3.333333333333333,2.7224489795918365
8WvuXUrM.png,sunda,train,0.0,254.72360229492188,0.0,0.19142857142857142,0.047619047619047616,5,0.9641143679618835,0.0,0.0,0.0,False,127,PNG,75,42,1.7857142857142858,1.6507936507936507
rPMoSL7U.png,bali,train,0.0,250.670166015625,0.0,0.1426373106060606,0.13746843434343434,256,1.1123065948486328,0.0,0.0,0.0,False,159,PNG,1408,61,23.081967213114755,0.9434612518628912
VhstHNtA.png,jawa,train,0.0,250.75372314453125,0.0,0.17928685897435898,0.08395933493589744,256,0.6187387704849243,0.0,0.0,0.0,False,137,PNG,911,62,14.693548387096774,0.8526610247512482
7TRA99ha.png,jawa,train,3.99210262298584,246.59336853027344,0.77783203125,0.18895238095238095,0.08114285714285714,256,0.5220807790756226,1.0,0.0,0.0,False,134,PNG,625,63,9.92063492063492,13.764063492063492
A6aMCzpT.png,bali,train,0.0,251.02151489257812,0.0,0.13288909313725492,0.12783394607843138,256,1.1103765964508057,0.0,0.0,0.0,False,159,PNG,1508,66,22.848484848484848,0.8550759585242343
yMbFuZGH.png,sunda,train,0.0,254.57566833496094,0.0,0.16699155295646523,0.02761533463287849,5,0.7673487067222595,0.0,0.0,0.0,False,127,PNG,57,54,1.0555555555555556,1.2345679012345678
ogy0fw9T.png,lampung,train,0.0,254.6995086669922,0.0,0.0750092013249908,0.028781744571218255,5,1.2082148790359497,0.0,0.0,0.0,False,127,PNG,209,65,3.2153846153846155,0.8721383879278616
jDlTjgIJ.png,sunda,train,0.0,254.524169921875,0.0,0.15673981191222572,0.051332288401253916,5,0.9468258023262024,0.0,0.0,0.0,False,127,PNG,58,44,1.318181818181818,1.670846394984326
9rr8VvDa.jpg,jawa,train,0.0,248.74954223632812,0.0,0.13910696138211381,0.11301765752032521,256,0.939313530921936,0.0,0.0,0.0,False,149,JPEG,640,492,1.3008130081300813,2.612728658536585
ZizWqC7c.png,sunda,train,0.0,251.270751953125,0.0,0.1529396186440678,0.07326977401129943,256,0.5713709592819214,0.0,0.0,0.0,False,136,PNG,783,60,13.05,0.8280970625798212
3ybdR83A.png,lampung,train,0.0,250.6631622314453,0.0,0.12290409121395036,0.11200536552649229,117,0.6128491759300232,0.0,0.0,0.0,False,147,PNG,142,42,3.380952380952381,2.887994634473508
gamIe9vt.png,lampung,train,0.0,254.0865478515625,0.0,0.13930041152263375,0.07469135802469136,83,0.706848680973053,0.0,0.0,0.0,False,155,PNG,135,36,3.75,2.437860082304527
LjhcNU81.png,sunda,train,0.0,254.49517822265625,0.0,0.17676767676767677,0.05,5,0.912242591381073,0.0,0.0,0.0,False,127,PNG,330,42,7.857142857142857,1.161904761904762
Xpqd8vk4.png,lontara,train,0.0,252.94627380371094,0.0,0.10777698863636363,0.04512902462121212,256,0.7086604833602905,0.0,0.0,0.0,False,137,PNG,944,54,17.48148148148148,0.5816070307595731
VjLH5u4P.png,jawi,train,0.0,254.57644653320312,0.0,0.2099346405228758,0.03816993464052287,5,0.8062409162521362,0.0,0.0,0.0,False,127,PNG,85,45,1.8888888888888888,1.367843137254902
NFZIt3sH.png,lontara,train,11.913000106811523,41.005889892578125,17.982742309570312,0.02099260558967289,0.9709628399548815,253,0.3883453905582428,0.0,0.0,0.0,True,132,PNG,404,316,1.2784810126582278,0.9284371475122196
Y1SMqClf.png,bali,train,0.0,251.0242462158203,0.0,0.12924890350877194,0.11208196271929824,256,1.043730616569519,0.0,0.0,0.0,False,154,PNG,1388,69,20.115942028985508,0.8099235684751285
LG4wGEN4.png,lampung,train,0.0,254.78756713867188,0.0,0.07011712567268123,0.025245330800886357,5,1.0904794931411743,0.0,0.0,0.0,False,127,PNG,162,78,2.076923076923077,0.7515036403925293
bgn3EjVU.jpg,lampung,train,0.6526619791984558,248.5745849609375,0.004364013671875,0.18139658848614074,0.07645700071073205,256,0.7334229946136475,0.0,0.25,0.0,False,137,JPEG,201,280,0.7178571428571429,2.776687988628287
6dURbwBE.png,jawi,train,0.0,250.52664184570312,0.0,0.22601834577114427,0.07423818407960199,256,0.5807172656059265,0.0,0.0,0.0,False,133,PNG,802,70,11.457142857142856,0.9678660491628072
z5To7Zqy.png,jawi,train,0.0,250.8892822265625,0.0,0.23286176801801803,0.0708227759009009,256,0.5837559103965759,0.0,0.0,0.0,False,133,PNG,799,77,10.376623376623376,0.9416966012710694
jHeGsTl9.png,lontara,train,0.0,251.80316162109375,0.0,0.15693530701754385,0.0610265899122807,256,0.6661037802696228,0.0,0.0,0.0,False,135,PNG,940,47,20.0,0.7317338162064283
4jgnGbPq.png,sunda,train,0.0,254.8441925048828,0.0,0.10540431538616657,0.017866505343819318,5,0.7756489515304565,0.0,0.0,0.0,False,127,PNG,570,87,6.551724137931035,0.5351078846541641
gjpwMgUj.png,bali,train,0.0,254.8253936767578,0.0,0.05868002054442732,0.02234206471494607,5,1.179252028465271,0.0,0.0,0.0,False,127,PNG,132,59,2.23728813559322,0.8032871083718541
IM4mwRgD.png,lampung,train,0.0,254.62879943847656,0.0,0.10452424426861433,0.02844390342868736,5,1.0174576044082642,0.0,0.0,0.0,False,127,PNG,265,93,2.849462365591398,0.8449584094136742
WbYvLu7A.webp,pegon,train,21.091402053833008,191.77142333984375,14.326858520507812,0.24141288097993827,0.9224687741126543,256,0.46997198462486267,0.0,0.0,0.00036470389660493826,False,129,WEBP,2560,1440,1.7777777777777777,0.300234375
Ie4HfMZF.png,pegon,train,0.0,254.347412109375,0.0,0.16757294429708222,0.046816976127320956,5,0.9397515654563904,0.0,0.0,0.0,False,127,PNG,130,116,1.1206896551724137,1.2557029177718833
Fa9Sqkkj.png,jawi,train,0.0,254.71432495117188,0.0,0.1021282476506357,0.03330569375345495,5,1.0593620538711548,0.0,0.0,0.0,False,127,PNG,201,36,5.583333333333333,0.978441127694859
fUmrSdl8.png,lontara,train,0.0,253.3106231689453,0.0,0.0855532786885246,0.03624487704918033,256,0.6981512308120728,0.0,0.0,0.0,False,137,PNG,944,75,12.586666666666666,0.5110734463276836
1hT5vZVa.png,jawa,train,5.078064441680908,246.2500762939453,2.196197509765625,0.16401709401709402,0.08957264957264957,256,0.6682551503181458,1.0,0.0,0.0,False,137,PNG,300,39,7.6923076923076925,15.887863247863248
9E4qY7C5.png,jawa,train,4.097180366516113,246.9344940185547,0.7994232177734375,0.1305477963997517,0.06979360645561763,256,0.719677746295929,1.0,0.0,0.0,False,138,PNG,358,72,4.972222222222222,15.244568590937304
lNDHae3z.png,jawi,train,0.0,254.66781616210938,0.0,0.15249266862170088,0.04252199413489736,5,0.8481473922729492,0.0,0.0,0.0,False,127,PNG,22,31,0.7096774193548387,2.498533724340176
Qb63FDof.png,sunda,train,0.0,254.75173950195312,0.0,0.16731266149870802,0.034237726098191215,5,0.8196694254875183,0.0,0.0,0.0,False,127,PNG,43,36,1.1944444444444444,1.6847545219638242
Uq6hztpW.png,bali,train,0.0,250.35763549804688,0.0,0.1484375,0.1441454475308642,256,1.1060985326766968,0.0,0.0,0.0,False,159,PNG,1409,49,28.755102040816325,0.9127330137164872
bkQMbuRg.png,jawa,train,5.457118511199951,247.16433715820312,1.2429046630859375,0.1293442903612395,0.07400273925697655,256,0.7275815010070801,1.0,0.0,0.0,False,139,PNG,354,66,5.363636363636363,15.335387776065742
gWgjb1jF.png,lampung,train,0.0,254.73776245117188,0.0,0.06364251861882193,0.022906793048973143,5,1.1285839080810547,0.0,0.0,0.0,False,127,PNG,211,84,2.511904761904762,0.7086436470322727
wnnJ84RO.png,sunda,train,0.0,254.79930114746094,0.0,0.0616273545143838,0.021119744969117355,5,1.0138647556304932,0.0,0.0,0.0,False,127,PNG,717,91,7.879120879120879,0.5625392738363449
7hmKyk9t.png,jawi,train,0.0,254.7935028076172,0.0,0.0801952120292818,0.019191452878717933,5,0.9093357920646667,0.0,0.0,0.0,False,127,PNG,257,59,4.3559322033898304,0.6515860977379146
z4emnKC6.png,jawi,train,0.0,254.6244354248047,0.0,0.12480652877444773,0.04551850288448009,5,1.1008152961730957,0.0,0.0,0.0,False,127,PNG,309,46,6.717391304347826,0.9736879133248908
y7L2loRm.png,jawa,train,8.432425498962402,229.5321044921875,2.40289306640625,0.21244477172312223,0.2839896132082784,256,0.8312058448791504,4.0,0.0,0.0,False,136,PNG,679,76,8.93421052631579,21.029377567630416
IcxctJMu.png,jawa,train,7.833361625671387,227.6040496826172,1.6655731201171875,0.2273073073073073,0.31567567567567567,256,0.911004900932312,4.0,0.0,0.0,False,137,PNG,675,74,9.12162162162162,21.525525525525527
8sPDOugH.png,sunda,train,0.0,254.69866943359375,0.0,0.15141137401411375,0.03105541718555417,5,0.7982933521270752,0.0,0.0,0.0,False,127,PNG,528,73,7.232876712328767,0.7619344126193441
2snfANZe.png,sunda,train,0.0,254.90953063964844,0.0,0.08622957877867343,0.014423421914990313,5,0.7931337356567383,0.0,0.0,0.0,False,127,PNG,431,97,4.443298969072165,0.4889133398713134
OxuzrqgY.png,jawa,train,4.491296291351318,247.17822265625,1.049072265625,0.12072419106317411,0.06856702619414484,256,0.7386239767074585,1.0,0.0,0.0,False,138,PNG,590,66,8.93939393939394,14.7582948125321
8fqiqkQW.png,bali,train,0.0,250.25857543945312,0.0,0.1525366512345679,0.14211998456790123,256,1.0793927907943726,0.0,0.0,0.0,False,157,PNG,1586,56,28.321428571428573,0.8814627994955864
9N5DsZPR.jpg,lampung,train,129.1438446044922,243.00518798828125,1.2292022705078125,0.47111605420524694,0.5047019675925926,256,0.5286299586296082,0.0,0.0,0.0,False,152,JPEG,736,1308,0.5626911314984709,0.8113947613349288
6dpQV8vo.png,lontara,train,0.0,252.96151733398438,0.0,0.10235699152542373,0.04243908898305085,256,0.6947340965270996,0.0,0.0,0.0,False,137,PNG,934,72,12.97222222222222,0.5731620271234832
cz3x28z7.png,jawa,train,0.0,251.25035095214844,0.0,0.2333984375,0.06068091299019608,256,0.567216157913208,0.0,0.0,0.0,False,131,PNG,842,75,11.226666666666668,0.8041805225653207
5jKjFSrz.png,jawi,train,0.0,254.8108673095703,0.0,0.10391841116478798,0.024512435140454463,5,0.7884800434112549,0.0,0.0,0.0,False,127,PNG,405,69,5.869565217391305,0.5794238683127572
NHV79M5y.png,pegon,train,0.0,254.7904815673828,0.0,0.11458937198067633,0.019903381642512076,5,0.8377804160118103,0.0,0.0,0.0,False,127,PNG,75,69,1.0869565217391304,0.9105314009661836
wzc486zM.png,jawa,train,0.0,248.88682556152344,0.0,0.22899596429008193,0.18711018711018712,20,1.1513913869857788,0.0,0.0,0.0,False,54,PNG,663,74,8.95945945945946,1.740491622844564
8YdXarDv.png,bali,train,0.0,254.56887817382812,0.0,0.09835423197492163,0.03644200626959248,5,1.1286524534225464,0.0,0.0,0.0,False,127,PNG,88,58,1.5172413793103448,1.2304075235109715
VFfAUsan.png,lampung,train,0.0,253.35923767089844,0.0,0.067138671875,0.04172092013888889,256,0.7859031558036804,0.0,0.0,0.0,False,144,PNG,887,55,16.12727272727273,0.5273752177923542
Qm0ta5uo.png,jawa,train,0.0,253.4029541015625,0.0,0.3414485696895922,0.10225197808886184,5,0.8498422503471375,0.0,0.0,0.0,False,127,PNG,53,31,1.7096774193548387,2.4394400486914183
cDBca7cE.png,lampung,train,0.0,252.1326446533203,0.0,0.11959586466165413,0.044407894736842105,67,0.9149576425552368,0.0,0.0,0.0,False,79,PNG,112,38,2.9473684210526314,2.691729323308271
3x7VYaFh.png,lampung,train,0.0,250.95635986328125,0.0,0.13897044431395578,0.09297318457623802,95,0.8466275334358215,0.0,0.0,0.0,False,86,PNG,131,39,3.358974358974359,2.665100802505383
jW64hBug.png,jawa,train,0.0,251.74337768554688,0.0,0.13148974867724866,0.0681630291005291,256,0.6842958331108093,0.0,0.0,0.0,False,139,PNG,927,76,12.197368421052632,0.744677227048203
SIL4wPps.png,jawi,train,0.0,254.7369842529297,0.0,0.10170742962621135,0.026949700046146746,5,0.8530487418174744,0.0,0.0,0.0,False,127,PNG,394,55,7.163636363636364,0.7139824642362713
6ENdNftF.png,jawi,train,0.0,250.58258056640625,0.0,0.26700044014084506,0.08135269953051644,256,0.590429961681366,0.0,0.0,0.0,False,134,PNG,809,75,10.786666666666669,0.9385084466419448
Fo30St5x.png,pegon,train,0.0,254.35491943359375,0.0,0.15345337274926096,0.04776941682343456,5,1.0035637617111206,0.0,0.0,0.0,False,127,PNG,122,122,1.0,1.2727761354474605
WnYHhg5j.png,bali,train,0.0,254.67759704589844,0.0,0.11947353112274578,0.037521815008726006,5,0.9716509580612183,0.0,0.0,0.0,False,127,PNG,382,72,5.305555555555555,0.8667830133798721
GU1F6lcF.png,sunda,train,0.0,254.57192993164062,0.0,0.1738949124270225,0.04649708090075062,5,0.939674973487854,0.0,0.0,0.0,False,127,PNG,218,44,4.954545454545454,1.1417848206839032
gQvPKt46.png,sunda,train,0.0,254.67156982421875,0.0,0.18237762237762237,0.035804195804195804,5,0.8549953699111938,0.0,0.0,0.0,False,127,PNG,143,50,2.86,1.1781818181818182
bLTNpPQA.png,lampung,train,0.0,252.42013549804688,0.0,0.2264423076923077,0.12692307692307692,68,0.717448353767395,0.0,0.0,0.0,False,151,PNG,80,26,3.076923076923077,3.876923076923077
JEm2YNFD.jpg,jawa,train,0.0,250.85623168945312,0.0,0.10421816479400749,0.1290262172284644,252,0.559270977973938,0.0,0.0,0.0,False,173,JPEG,600,356,1.6853932584269662,2.2262546816479403
y6VQ6w9q.png,jawi,train,0.0,254.6885528564453,0.0,0.09895859285465146,0.02571129602870098,5,0.8883182406425476,0.0,0.0,0.0,False,127,PNG,329,61,5.39344262295082,0.7095520454432209
a2qh7aww.png,jawa,train,0.0,252.88198852539062,0.0,0.09174240537848606,0.051564575033200534,256,0.6811620593070984,0.0,0.0,0.0,False,142,PNG,1024,335,3.056716417910448,0.9814365671641792
zdGnMG5X.png,sunda,train,0.0,254.51458740234375,0.0,0.20093240093240095,0.05081585081585081,5,0.9616031646728516,0.0,0.0,0.0,False,127,PNG,55,39,1.4102564102564104,1.7752913752913753
0pQOih09.jpg,jawa,train,31.22250747680664,245.78651428222656,6.6450653076171875,0.3469100327050683,0.373584513299431,256,0.8834264874458313,0.0,0.0,0.0,False,156,JPEG,626,338,1.85207100591716,2.504565476303004
roSK9yTZ.png,lontara,train,0.0,253.19989013671875,0.0,0.0966500946969697,0.03655697601010101,256,0.6705091595649719,0.0,0.0,0.0,False,136,PNG,866,74,11.702702702702704,0.5340490606079521
pJKK2jvz.png,sunda,train,0.0,254.4134063720703,0.0,0.18417945690672963,0.05145611963793782,5,0.8800721168518066,0.0,0.0,0.0,False,127,PNG,242,42,5.761904761904762,1.1861471861471862
4PIoUXqu.png,lampung,train,0.0,252.94154357910156,0.0,0.07897418478260869,0.0521682518115942,256,0.8309603333473206,0.0,0.0,0.0,False,146,PNG,939,56,16.767857142857142,0.5720371215578883
ATHfH6CO.png,jawi,train,0.0,254.78793334960938,0.0,0.08928037408585487,0.024114400674224507,5,0.9104763865470886,0.0,0.0,0.0,False,127,PNG,549,67,8.194029850746269,0.6872740124514042
YC50Y2xf.png,bali,train,0.0,254.64573669433594,0.0,0.12969143576826198,0.03381612090680101,5,0.9154132008552551,0.0,0.0,0.0,False,127,PNG,397,80,4.9625,0.9065491183879092
tCMyaOLi.png,jawi,train,0.0,249.20767211914062,0.0,0.2796322601010101,0.08723958333333333,256,0.5595362186431885,0.0,0.0,0.0,False,131,PNG,789,68,11.602941176470589,1.0588235294117647
Pme1oSin.png,lampung,train,0.0,251.93727111816406,0.0,0.116,0.074,80,0.7680755853652954,0.0,0.0,0.0,False,102,PNG,125,44,2.840909090909091,1.767272727272727
3l3Fe0pB.png,jawa,train,0.0,254.56002807617188,0.0,0.18020798389802078,0.04696410600469641,5,0.9702160358428955,0.0,0.0,0.0,False,127,PNG,271,55,4.927272727272728,1.1298222073129822
tEXmYAkO.jpg,lontara,train,0.5327762365341187,245.8516387939453,0.0174102783203125,0.07990409207161125,0.13994884910485933,256,1.434252381324768,1.0,0.0,0.0,False,169,JPEG,400,391,1.0230179028132993,2.488132992327366
b8z69zOQ.png,lontara,train,0.0,252.02349853515625,0.0,0.12969435307017543,0.06133497807017544,256,0.6984533071517944,0.0,0.0,0.0,False,138,PNG,854,42,20.33333333333333,0.7810862049737928
7HldtC9V.png,bali,train,0.0,254.5029754638672,0.0,0.10923423423423423,0.04424066924066924,5,1.2147011756896973,0.0,0.0,0.0,False,127,PNG,111,56,1.9821428571428568,1.382239382239382
e2zApEOz.png,jawi,train,0.0,254.93338012695312,0.0,0.04402985074626865,0.009701492537313432,5,0.9550671577453613,0.0,0.0,0.0,False,127,PNG,67,60,1.1166666666666667,0.7721393034825871
GsMZInH1.png,jawa,train,0.0,254.69032287597656,0.0,0.16266506602641057,0.025210084033613446,5,0.7607071399688721,0.0,0.0,0.0,False,127,PNG,119,56,2.125,0.9255702280912363
5WIKbWAn.png,jawi,train,0.0,254.67771911621094,0.0,0.16249069709749442,0.027453898949805672,5,0.8349337577819824,0.0,0.0,0.0,False,127,PNG,139,87,1.5977011494252873,0.9923096005953858
7K1A9uFM.png,lontara,train,0.0,252.73773193359375,0.0,0.10192265070921985,0.04726285460992908,256,0.7183238863945007,0.0,0.0,0.0,False,138,PNG,980,60,16.333333333333332,0.5899319727891157
wfzlBCWc.png,pegon,train,0.0,249.7328338623047,0.0,0.17749565972222223,0.10360243055555556,256,0.7282621264457703,0.0,0.0,0.0,False,140,PNG,877,69,12.710144927536232,1.1209492175235074
B5E2DD4E.png,sunda,train,0.0,251.40940856933594,0.0,0.12177905701754387,0.07275676169590643,256,0.7118960618972778,0.0,0.0,0.0,False,141,PNG,901,67,13.447761194029852,0.7899680288899564
E0hQXlzU.png,sunda,train,0.0,249.30052185058594,0.0,0.18332665598290598,0.12109375,256,0.6879137754440308,0.0,0.0,0.0,False,142,PNG,792,40,19.8,1.1113636363636363
YUgHvvdQ.png,bali,train,0.0,250.97230529785156,0.0,0.13896372126436782,0.1302532327586207,256,1.1205357313156128,0.0,0.0,0.0,False,159,PNG,1590,61,26.0655737704918,0.824827301783689
fhztY2U3.png,lontara,train,0.0,254.44956970214844,0.0,0.16787967006307616,0.03784570596797671,5,0.9369444251060486,0.0,0.0,0.0,False,127,PNG,687,36,19.08333333333333,0.9367620896005175
sTA1nYFq.png,sunda,train,0.0,254.4495086669922,0.0,0.15803571428571428,0.04801587301587302,5,0.9334608316421509,0.0,0.0,0.0,False,127,PNG,240,42,5.714285714285714,1.0817460317460317
mKTXY7yc.png,lontara,train,0.0,251.75454711914062,0.0,0.1305954391891892,0.06158502252252252,256,0.7208146452903748,0.0,0.0,0.0,False,137,PNG,947,46,20.58695652173913,0.7428492723015472
oXIGnv2g.png,sunda,train,0.0,251.13534545898438,0.0,0.12838541666666667,0.08705729166666666,256,0.7219101786613464,0.0,0.0,0.0,False,143,PNG,802,52,15.423076923076923,0.8703241895261845
ioFqOutV.png,jawi,train,0.0,254.47865295410156,0.0,0.19276927692769277,0.039403940394039404,5,0.8440727591514587,0.0,0.0,0.0,False,127,PNG,606,66,9.181818181818182,1.0217021702170217
rZIKxisy.png,jawi,train,0.0,254.49729919433594,0.0,0.18106758832565284,0.03728238607270865,5,0.8189926147460938,0.0,0.0,0.0,False,127,PNG,504,62,8.129032258064516,0.9823348694316436
DSzuCQn3.png,jawa,train,0.0,248.42462158203125,0.0,0.22841866134751773,0.1287677304964539,256,0.7895984053611755,0.0,0.0,0.0,False,139,PNG,957,58,16.5,1.1785392570172597
aoDqHcXM.png,jawa,train,0.0,252.61033630371094,0.0,0.09635416666666667,0.05433407738095238,256,0.7112572193145752,0.0,0.0,0.0,False,142,PNG,970,88,11.022727272727272,0.6257731958762887
1icXIUfR.jpg,jawa,train,18.221607208251953,164.1465606689453,9.97320556640625,0.27914852840520193,0.9340889801505818,256,0.25616154074668884,0.0,0.0,0.1432854209445585,False,119,JPEG,750,487,1.540041067761807,0.8576043805612594
xmBBDOZ6.png,jawa,train,4.451911926269531,246.07066345214844,1.2614593505859375,0.17923497267759564,0.09656518345042935,256,0.6657057404518127,1.0,0.0,0.0,False,137,PNG,305,42,7.261904761904762,15.798907103825137
1hsmUST1.png,jawa,train,0.0,251.49462890625,0.0,0.14904136473429952,0.07419987922705314,256,0.6701052188873291,0.0,0.0,0.0,False,139,PNG,907,81,11.197530864197532,0.8576367620836566
VutEMVio.png,jawa,train,0.0,203.92774963378906,0.0,0.3102092978395062,0.5329619984567902,256,1.447576642036438,24.0,0.0,0.0,False,125,PNG,945,66,14.318181818181818,1.9746673080006412
EYMhIRJg.png,sunda,train,0.0,251.39767456054688,0.0,0.14512484681372548,0.07063802083333333,256,0.5575345158576965,0.0,0.0,0.0,False,137,PNG,781,69,11.318840579710145,0.7765592235892297
EvWOEOgu.jpg,jawa,train,23.124618530273438,144.6086883544922,8.969329833984375,0.1875441879808692,0.9921258750953074,177,0.51146000623703,0.0,0.0,0.01593539890483122,False,111,JPEG,630,458,1.3755458515283845,1.2406182851597698
1rPuWUQc.png,jawa,train,0.0,203.17068481445312,0.0,0.3186083026960784,0.5473154105392157,256,1.387965440750122,26.0,0.0,0.0,False,126,PNG,924,82,11.268292682926829,2.092704043923556
RkH3Vfp4.png,jawa,train,0.0,255.0,0.0,0.13392857142857142,0.05088418862690707,16,0.9030417799949646,0.0,0.0,0.0,False,142,PNG,618,56,11.035714285714286,0.8687008784096163
MXafWxbJ.png,jawa,train,0.0,253.96165466308594,0.0,0.16968318166498148,0.03970340411189754,20,0.8356645107269287,0.0,0.0,0.0,False,46,PNG,690,86,8.023255813953488,0.8169868554095046
r5seh29X.png,lontara,train,0.0,254.64097595214844,0.0,0.12099029027502414,0.02729906969650755,5,0.9155449271202087,0.0,0.0,0.0,False,127,PNG,498,79,6.30379746835443,0.7542067002185959
CgTgNi2V.png,sunda,train,0.0,254.71725463867188,0.0,0.1884763124199744,0.038924455825864276,5,0.7484651207923889,0.0,0.0,0.0,False,127,PNG,71,55,1.290909090909091,1.233290653008963
p2CxhXPz.png,jawi,train,0.0,250.87220764160156,0.0,0.21758680555555557,0.06961805555555556,256,0.5920935273170471,0.0,0.0,0.0,False,133,PNG,823,80,10.2875,0.9190765492102064
MFJuflPy.png,sunda,train,0.0,254.84181213378906,0.0,0.11451398135818908,0.021488589926075576,5,0.7799813151359558,0.0,0.0,0.0,False,127,PNG,751,87,8.632183908045977,0.5578462433230789
cH9bWQc1.png,sunda,train,0.0,253.1718292236328,0.0,0.06725933908045977,0.048431513409961685,256,0.8360607624053955,0.0,0.0,0.0,False,149,PNG,799,91,8.780219780219781,0.6030615192067007
VIeXlYBa.png,lampung,train,0.0,254.80992126464844,0.0,0.0702012763868434,0.02534364261168385,5,1.129523515701294,0.0,0.0,0.0,False,127,PNG,194,84,2.3095238095238093,0.7530682376043201
OuOGf9fY.png,jawa,train,4.607624530792236,246.07591247558594,0.717315673828125,0.12709202033472325,0.07459873193579711,255,0.7286543250083923,1.0,0.0,0.0,False,138,PNG,287,61,4.704918032786885,15.871594219455076
LUE7RMJC.png,lontara,train,0.0,252.2858428955078,0.0,0.11826727642276423,0.05592606707317073,256,0.7029644846916199,0.0,0.0,0.0,False,138,PNG,871,46,18.93478260869565,0.7240053911046773
q5IPy066.png,lampung,train,0.0,252.6232147216797,0.0,0.17333333333333334,0.10222222222222223,124,0.7718784809112549,0.0,0.0,0.0,False,147,PNG,150,36,4.166666666666667,3.143703703703704
FBQDQBpe.png,pegon,train,0.0,254.46441650390625,0.0,0.14777224812884518,0.04165523727418786,5,0.9412474632263184,0.0,0.0,0.0,False,127,PNG,169,151,1.119205298013245,1.1655629139072847
NHfOmNh0.png,lontara,train,0.0,252.03085327148438,0.0,0.13194444444444445,0.058660523504273504,256,0.6842171549797058,0.0,0.0,0.0,False,137,PNG,837,42,19.928571428571427,0.7974057006315071
GLILkmon.png,sunda,train,0.0,251.2126922607422,0.0,0.14772984601449277,0.09216485507246377,256,0.7404668927192688,0.0,0.0,0.0,False,144,PNG,800,48,16.666666666666668,0.9447916666666668
L3pUypPe.png,pegon,train,0.0,249.4677276611328,0.0,0.19404761904761905,0.09925595238095238,256,0.6945363879203796,0.0,0.0,0.0,False,137,PNG,897,82,10.939024390243905,1.1029719661745112
XT14baEq.png,sunda,train,0.0,254.5660400390625,0.0,0.15530033238366572,0.044515669515669515,5,0.9277662634849548,0.0,0.0,0.0,False,127,PNG,702,48,14.625,0.9681861348528016
RstopTOq.png,lontara,train,0.0,254.5813751220703,0.0,0.15154450261780106,0.028324607329842932,5,0.9132302403450012,0.0,0.0,0.0,False,127,PNG,764,50,15.28,0.7786387434554973
DTh1jwdO.png,jawa,train,0.0,254.78591918945312,0.0,0.16573643410852712,0.02883720930232558,5,0.7920747995376587,0.0,0.0,0.0,False,127,PNG,129,100,1.29,0.9085271317829458
MeeOibKI.png,bali,train,0.0,251.0699005126953,0.0,0.12003800675675676,0.11936936936936937,256,1.1509721279144287,0.0,0.0,0.0,False,158,PNG,1530,73,20.95890410958904,0.8019339242546334
fRrkaLW7.png,lampung,train,0.0,252.1018524169922,0.0,0.1685865504358655,0.10414072229140722,126,0.7546161413192749,0.0,0.0,0.0,False,149,PNG,146,44,3.3181818181818183,2.636363636363636
R2JFjqRr.png,sunda,train,0.0,254.7412109375,0.0,0.13527851458885942,0.02953942609115023,5,0.8627896904945374,0.0,0.0,0.0,False,127,PNG,143,58,2.4655172413793105,0.9857728478418134
pIe2Shm6.png,jawi,train,0.0,254.74380493164062,0.0,0.0888047138047138,0.023288439955106623,5,0.9084510207176208,0.0,0.0,0.0,False,127,PNG,440,81,5.432098765432099,0.675645342312009
9EqCUPK2.png,jawa,train,0.0,243.553466796875,0.0,0.3772041911576795,0.037929125138427465,32,1.7421375513076782,0.0,0.0,0.0,False,39,PNG,728,129,5.6434108527131785,2.47261265865917
zRvw8GJh.png,sunda,train,0.0,254.703125,0.0,0.15041050903119868,0.035303776683087026,5,0.9485927224159241,0.0,0.0,0.0,False,127,PNG,145,42,3.452380952380953,1.161247947454844
BlrqXrR3.png,sunda,train,0.0,254.8243408203125,0.0,0.10253123193323782,0.017218409873564086,5,0.7760136723518372,0.0,0.0,0.0,False,127,PNG,447,89,5.022471910112359,0.5280647512756705
WuXGnCLb.png,bali,train,0.0,254.61221313476562,0.0,0.10645302897278314,0.0400204858062628,5,1.1343179941177368,0.0,0.0,0.0,False,127,PNG,204,67,3.044776119402985,1.0430201931518877
79vWCUW8.jpg,lampung,train,39.25865173339844,109.3913345336914,35.56475830078125,0.44576429980276133,0.9324112426035503,237,0.6015395522117615,2.0,0.0,0.0014053254437869822,True,149,JPEG,600,338,1.7751479289940828,2.157199211045365
9GPJrzaR.png,lontara,train,0.0,252.7021484375,0.0,0.11349321705426356,0.049600290697674417,256,0.688871443271637,0.0,0.0,0.0,False,138,PNG,958,54,17.74074074074074,0.6055826181087142
nSffF8XA.png,jawa,train,4.619029521942139,244.58848571777344,0.7494659423828125,0.185147821213395,0.09222362337116435,256,0.5617084503173828,1.0,0.0,0.0,False,133,PNG,585,61,9.59016393442623,14.90149922936808
4PF45YGB.png,sunda,train,0.0,254.80682373046875,0.0,0.1147590260846331,0.023279115594001535,5,0.7893986105918884,0.0,0.0,0.0,False,127,PNG,379,79,4.79746835443038,0.6420627233559333
02An4T7T.png,sunda,train,0.0,254.59039306640625,0.0,0.21085858585858586,0.034511784511784514,5,0.734401285648346,0.0,0.0,0.0,False,127,PNG,44,54,0.8148148148148148,1.4444444444444444
B8z4S0De.png,jawa,train,0.0,249.05612182617188,0.0,0.25077624198717946,0.10311498397435898,256,0.6234591603279114,0.0,0.0,0.0,False,135,PNG,904,61,14.81967213114754,1.0834179602495284
cNINOH03.png,lampung,train,0.0,247.08941650390625,0.0,0.19888765294771968,0.15239154616240266,120,0.5888165831565857,0.0,0.0,0.0,False,137,PNG,145,31,4.67741935483871,3.9777530589543937
Bz01Prso.jpg,jawi,train,9.84224796295166,254.38302612304688,0.12457275390625,0.04434686725655024,0.013558481233991242,251,0.6459378004074097,0.0,0.0,0.0,False,135,JPEG,689,591,1.1658206429780034,2.8312643203937142
dAIV9TwV.png,jawi,train,0.0,254.77752685546875,0.0,0.07799145299145299,0.021634615384615384,5,0.9461191296577454,0.0,0.0,0.0,False,127,PNG,72,52,1.3846153846153846,0.9893162393162394
BRUXNKdg.png,jawa,train,0.0,249.56500244140625,0.0,0.21147888214466362,0.15839972180070813,24,1.255142331123352,0.0,0.0,0.0,False,46,PNG,659,96,6.864583333333333,1.7496206373292869
gJDglhRM.png,jawa,train,0.0,214.55123901367188,0.0,0.2696113782051282,0.46688701923076925,256,1.2982865571975708,20.0,0.0,0.0,False,134,PNG,923,78,11.833333333333334,2.0765063755312942
BacEIvNg.png,lontara,train,0.0,252.04637145996094,0.0,0.14555431547619047,0.058004712301587304,256,0.6803935766220093,0.0,0.0,0.0,False,135,PNG,943,51,18.49019607843137,0.6828436570810721
mjuI3nGZ.png,sunda,train,0.0,253.6182098388672,0.0,0.04792265325670498,0.037760416666666664,256,0.8496635556221008,0.0,0.0,0.0,False,151,PNG,799,91,8.780219780219781,0.4720185946719113
jdCvJbl9.png,sunda,train,0.0,252.45010375976562,0.0,0.12530322488584475,0.057148972602739725,256,0.590993344783783,0.0,0.0,0.0,False,138,PNG,786,75,10.48,0.6721628498727735
johVZUvs.png,jawa,train,106.99757385253906,134.35528564453125,131.00772094726562,0.45084444444444444,0.6501,158,0.8651362657546997,0.0,0.0,0.0,True,185,PNG,600,450,1.3333333333333333,2.509362962962963
9DlBUhat.png,pegon,train,0.0,254.41207885742188,0.0,0.16477895506028498,0.041001908009580645,5,0.8923912048339844,0.0,0.0,0.0,False,127,PNG,161,153,1.0522875816993464,1.1743595989120286
NVotWlLu.png,lampung,train,0.0,254.62237548828125,0.0,0.07704719645018153,0.029850746268656716,5,1.1165696382522583,0.0,0.0,0.0,False,127,PNG,201,74,2.716216216216216,0.8498050289095065
VJCL7tIj.png,jawi,train,0.0,254.55929565429688,0.0,0.16538952745849297,0.03959131545338442,5,0.847441554069519,0.0,0.0,0.0,False,127,PNG,87,54,1.6111111111111112,1.2277564921243085
BJ5K7OU4.png,sunda,train,0.0,251.72833251953125,0.0,0.12239583333333333,0.07942708333333333,256,0.732231616973877,0.0,0.0,0.0,False,144,PNG,803,50,16.06,0.8231133250311332
2ZPY6Ojj.png,lontara,train,0.0,252.61465454101562,0.0,0.11837384259259259,0.048408564814814814,256,0.6734281778335571,0.0,0.0,0.0,False,136,PNG,946,56,16.892857142857142,0.6057082452431289
Ktz3gxYq.png,jawa,train,4.4526286125183105,245.29676818847656,0.4395751953125,0.19400976382108456,0.08951048951048951,256,0.5563992261886597,1.0,0.0,0.0,False,133,PNG,583,65,8.96923076923077,14.717086686898009
CDmbODSB.png,lampung,train,0.0,249.8041229248047,0.0,0.1776761517615176,0.11924119241192412,122,0.8089696168899536,0.0,0.0,0.0,False,98,PNG,144,41,3.5121951219512195,2.909214092140921
RiDy3edM.png,lontara,train,0.0,251.7962646484375,0.0,0.13061951754385964,0.06291118421052631,256,0.7053880095481873,0.0,0.0,0.0,False,137,PNG,867,43,20.162790697674417,0.7982618491993241
bDTNOUEY.png,jawa,train,0.0,242.00375366210938,0.0,0.38496632205513787,0.34175281954887216,22,1.3879164457321167,0.0,0.0,0.0,False,50,PNG,608,84,7.238095238095238,1.93796992481203
8cEuXyGr.png,sunda,train,0.0,254.7213897705078,0.0,0.14719078816756007,0.02842962080603534,5,0.799638569355011,0.0,0.0,0.0,False,127,PNG,690,73,9.452054794520548,0.7201111772880683
1ckKABsF.png,sunda,train,0.0,254.26560974121094,0.0,0.20889209820507532,0.07179698782752218,5,0.9053186774253845,0.0,0.0,0.0,False,127,PNG,262,37,7.081081081081081,1.3294821539096349
PitPRSez.png,jawa,train,0.0,252.24766540527344,0.0,0.11089715375586855,0.06009756455399061,256,0.7028069496154785,0.0,0.0,0.0,False,140,PNG,978,91,10.747252747252746,0.6943077372525225
n2t4ay2m.png,bali,train,0.0,254.65957641601562,0.0,0.09266409266409266,0.03818103818103818,5,1.2291491031646729,0.0,0.0,0.0,False,127,PNG,126,74,1.7027027027027026,1.087945087945088
jVQNi4td.png,jawi,train,0.0,254.4050750732422,0.0,0.2190879859690149,0.03980317645912501,5,0.8376650810241699,0.0,0.0,0.0,False,127,PNG,311,66,4.712121212121212,1.09792458345513
UWU9GyhN.png,jawi,train,0.0,251.75404357910156,0.0,0.19253277153558052,0.056062734082397,256,0.5789119601249695,0.0,0.0,0.0,False,132,PNG,792,92,8.608695652173912,0.7924901185770751
fwEzOD0h.png,jawi,train,0.0,254.62826538085938,0.0,0.09702797202797203,0.027097902097902096,5,0.8718318343162537,0.0,0.0,0.0,False,127,PNG,26,44,0.5909090909090909,1.8461538461538465
a4LNyetw.png,lampung,train,0.0,252.9161376953125,0.0,0.07692057291666667,0.052473958333333334,256,0.8514362573623657,0.0,0.0,0.0,False,146,PNG,938,49,19.142857142857142,0.6086767329533093
hIbi1sTO.png,lampung,train,0.0,250.94866943359375,0.0,0.1620583717357911,0.08717357910906298,113,0.8048978447914124,0.0,0.25,0.0,False,106,PNG,124,42,2.952380952380953,2.726574500768049
KhUAQ5qF.png,jawa,train,0.0,233.63729858398438,0.0,0.34345371756487025,0.37690244510978044,26,1.4975999593734741,0.0,0.0,0.0,False,79,PNG,668,96,6.958333333333333,2.2971556886227544
NWNZlIey.png,pegon,train,0.0,254.26390075683594,0.0,0.1821000630649569,0.048665125078831195,5,0.9700737595558167,0.0,0.0,0.0,False,127,PNG,142,134,1.0597014925373134,1.3214210636956063
ta4EJLMk.png,jawi,train,0.0,254.1069793701172,0.0,0.33641975308641975,0.06018518518518518,5,0.8803414106369019,0.0,0.0,0.0,False,127,PNG,24,27,0.8888888888888888,3.3950617283950617
0wklKaVE.png,pegon,train,0.0,254.4590606689453,0.0,0.19607843137254902,0.045039798097456805,5,0.877738356590271,0.0,0.0,0.0,False,127,PNG,101,102,0.9901960784313726,1.3294505921180353
mpNxLrg5.png,jawi,train,0.0,254.48294067382812,0.0,0.21808561808561808,0.04056437389770723,5,0.8167567849159241,0.0,0.0,0.0,False,127,PNG,495,63,7.857142857142857,1.0535834535834536
EaPdz2Da.png,jawi,train,0.0,254.59780883789062,0.0,0.1487062937062937,0.034895104895104896,5,0.8617156744003296,0.0,0.0,0.0,False,127,PNG,520,55,9.454545454545457,0.8981818181818182
QwWFIe0g.png,jawa,train,0.0,251.79981994628906,0.0,0.11804917279411764,0.07753140318627451,256,0.7741654515266418,0.0,0.0,0.0,False,145,PNG,943,83,11.36144578313253,0.8149331152819124
DAZyha4L.png,jawa,train,0.0,242.69528198242188,0.0,0.30482644096850225,0.37591064923934003,26,1.5525444746017456,0.0,0.0,0.0,False,50,PNG,359,104,3.451923076923077,2.2684808227983715
aNFQ2IIy.png,jawa,train,0.0,242.8651885986328,0.0,0.35230290900393996,0.19767632138766159,28,1.6167271137237549,0.0,0.0,0.0,False,44,PNG,679,117,5.803418803418803,2.285512883451028
QyFBpq4o.png,lampung,train,0.0,254.74830627441406,0.0,0.06242210220191109,0.02264229331117574,5,1.0878233909606934,0.0,0.0,0.0,False,127,PNG,232,83,2.7951807228915664,0.739094308267553
zZUjT7jH.png,pegon,train,0.0,251.1412811279297,0.0,0.17226285460992907,0.07982878989361702,256,0.6655464768409729,0.0,0.0,0.0,False,138,PNG,826,101,8.178217821782178,0.9683312156881548
6aUkvJCS.png,jawi,train,0.0,250.9993438720703,0.0,0.23770833333333333,0.0636111111111111,256,0.5566195845603943,0.0,0.0,0.0,False,131,PNG,797,78,10.217948717948715,0.8426471061351865
d9BsOFKE.png,lampung,train,0.0,254.73513793945312,0.0,0.07483912483912485,0.02232947232947233,5,0.9201059937477112,0.0,0.0,0.0,False,127,PNG,555,56,9.910714285714286,0.581981981981982
xFfdDrWx.png,lontara,train,0.0,252.57749938964844,0.0,0.11999881628787878,0.04835464015151515,256,0.6711214184761047,0.0,0.0,0.0,False,136,PNG,936,54,17.333333333333332,0.6096866096866097
ccgBy6Xg.png,jawa,train,4.160550117492676,246.9604034423828,1.66595458984375,0.184696795117996,0.07873511714249136,256,0.560912549495697,1.0,0.0,0.0,False,134,PNG,642,73,8.794520547945206,13.654077582895916
DupVnEJp.png,jawa,train,0.0,84.0715560913086,0.0,0.442773543821448,0.36860370168753404,12,1.5385009050369263,0.0,0.0,0.0,True,150,PNG,334,44,7.590909090909091,2.1132280892759936
ZsxnQeUw.png,lontara,train,0.0,251.13368225097656,0.0,0.1586204594017094,0.07224893162393162,256,0.6735906004905701,0.0,0.0,0.0,False,136,PNG,916,46,19.91304347826087,0.8498196316688817
wyVjdYZa.png,jawa,train,5.9297685623168945,244.91358947753906,1.9565887451171875,0.1829502885491546,0.09314569201174445,256,0.5627593994140625,1.0,0.0,0.0,False,134,PNG,581,51,11.392156862745098,15.236205325503697
Xx9Hy0FJ.png,jawa,train,0.0,251.91299438476562,0.0,0.12386868169398907,0.06994962431693989,256,0.7170031070709229,0.0,0.0,0.0,False,142,PNG,984,78,12.615384615384617,0.7292057535959975
BxmUAchE.png,jawa,train,0.0,238.83522033691406,0.0,0.34993288590604027,0.3400447427293065,20,1.423181176185608,0.0,0.0,0.0,False,65,PNG,298,75,3.973333333333333,2.0556599552572705
xRERpbmu.png,lontara,train,0.0,254.6003875732422,0.0,0.13032581453634084,0.02450570871623503,5,0.9049568176269531,0.0,0.0,0.0,False,127,PNG,126,57,2.210526315789474,0.957950431634642
xvQZ55I2.png,lontara,train,0.0,252.59185791015625,0.0,0.12248075181159421,0.04868659420289855,256,0.6717076897621155,0.0,0.0,0.0,False,136,PNG,942,56,16.821428571428573,0.6205641492265697
z5dSF1Z0.jpg,jawi,train,3.32965087890625,247.65650939941406,2.770843505859375,0.11420892475579976,0.14822764041514042,256,0.9667102694511414,0.0,0.0,0.0,False,185,JPEG,787,1106,0.7115732368896925,1.507994972553543
6I1DfcJg.png,bali,train,0.0,250.62619018554688,0.0,0.1306857638888889,0.13216145833333334,256,1.1653457880020142,0.0,0.0,0.0,False,160,PNG,1555,61,25.49180327868853,0.8654894312371515
NJiO6TAV.png,lampung,train,0.0,251.2120361328125,0.0,0.1381605486083098,0.06938281565147236,111,0.7549517750740051,0.0,0.0,0.0,False,110,PNG,134,37,3.6216216216216215,2.6607503025413477
dJRR1bNu.png,jawi,train,0.0,251.2283172607422,0.0,0.20902896689497716,0.06697702625570777,256,0.5878467559814453,0.0,0.0,0.0,False,133,PNG,807,77,10.48051948051948,0.898759233331724
Em0erW8V.png,bali,train,0.0,251.2837371826172,0.0,0.12521114864864866,0.12134009009009009,256,1.0965534448623657,0.0,0.0,0.0,False,159,PNG,1416,69,20.52173913043478,0.8314091541799722
oQa8mbBL.png,jawa,train,0.0,251.70155334472656,0.0,0.14423532196969696,0.06792534722222222,256,0.6212871074676514,0.0,0.0,0.0,False,138,PNG,882,76,11.605263157894736,0.7469865139038071
v7sgUN1H.png,lontara,train,0.0,252.53289794921875,0.0,0.12143342391304347,0.04894134963768116,256,0.6623134613037109,0.0,0.0,0.0,False,136,PNG,940,56,16.785714285714285,0.6069908814589665
nIPZIx3T.png,bali,train,0.0,250.27371215820312,0.0,0.14348958333333334,0.12845052083333333,256,1.0458972454071045,0.0,0.0,0.0,False,153,PNG,1340,69,19.420289855072465,0.9387843391736967
5j2wFAN7.png,sunda,train,0.0,254.64100646972656,0.0,0.19300411522633745,0.037448559670781895,5,0.826253354549408,0.0,0.0,0.0,False,127,PNG,45,54,0.8333333333333334,1.5078189300411522
ArdB4Cxd.png,jawa,train,5.025064945220947,244.68283081054688,1.23089599609375,0.18038163387000597,0.08958096167398492,256,0.5652559399604797,1.0,0.0,0.0,False,133,PNG,559,66,8.469696969696969,15.290074266818452
OYMbl0Bl.png,bali,train,0.0,251.35011291503906,0.0,0.11478587962962963,0.10422453703703703,256,1.0329543352127075,0.0,0.0,0.0,False,154,PNG,1063,62,17.14516129032258,0.9153643067399024
xlOxBqCr.png,jawa,train,0.0,255.0,0.0,0.27480566986739824,0.12311385459533608,22,0.9682390093803406,0.0,0.0,0.0,False,150,PNG,648,81,8.0,1.6151501295534216
ULC4a1Pn.png,bali,train,0.0,254.6905975341797,0.0,0.11908271908271909,0.03583128583128583,5,1.0108580589294434,0.0,0.0,0.0,False,127,PNG,660,74,8.91891891891892,0.8820638820638821
CjvgKMVf.png,jawi,train,0.0,249.7136688232422,0.0,0.2500801282051282,0.08553685897435898,256,0.5825790762901306,0.0,0.0,0.0,False,133,PNG,810,69,11.73913043478261,1.0576489533011273
DYYniDA0.png,jawi,train,0.0,249.50611877441406,0.0,0.2862909226190476,0.08405877976190476,256,0.5667029023170471,0.0,0.0,0.0,False,131,PNG,803,73,11.0,1.0565857486480492
yGr3MVEc.png,sunda,train,0.0,254.48651123046875,0.0,0.15786240786240785,0.0472972972972973,5,0.7551529407501221,0.0,0.0,0.0,False,127,PNG,44,37,1.1891891891891893,1.6953316953316953
sVmScoBU.png,jawi,train,0.0,254.63197326660156,0.0,0.10741243961352658,0.03759057971014493,5,1.0936394929885864,0.0,0.0,0.0,False,127,PNG,276,48,5.75,0.8888888888888888
McFkOTjK.png,lontara,train,0.0,254.6377410888672,0.0,0.11856209150326798,0.026601307189542484,5,0.9182534217834473,0.0,0.0,0.0,False,127,PNG,765,60,12.75,0.7430065359477124
ycC0XHyp.png,jawa,train,0.0,250.46156311035156,0.0,0.23598825682476743,0.14354887906054598,22,1.1430543661117554,0.0,0.0,0.0,False,46,PNG,632,83,7.614457831325301,1.7730669513497026
m54NcLeq.png,sunda,train,0.0,254.5607147216797,0.0,0.20286195286195285,0.03156565656565657,5,0.730107843875885,0.0,0.0,0.0,False,127,PNG,44,54,0.8148148148148148,1.3333333333333333
278DH40s.png,bali,train,0.0,250.75547790527344,0.0,0.13520551801801803,0.11894707207207207,256,1.0581607818603516,0.0,0.0,0.0,False,154,PNG,1384,66,20.96969696969697,0.8511122788579436
yXgIiUWV.png,jawi,train,0.0,254.50511169433594,0.0,0.20458499005964215,0.03482231610337972,5,0.8070470094680786,0.0,0.0,0.0,False,127,PNG,503,64,7.859375,0.9756461232604374
i8bBaMP6.png,sunda,train,0.0,254.71151733398438,0.0,0.16847826086956522,0.03298350824587706,5,0.8488333225250244,0.0,0.0,0.0,False,127,PNG,92,58,1.5862068965517242,1.2293853073463268
RZ24f0Mh.png,jawi,train,0.0,254.1541290283203,0.0,0.3055707762557078,0.053972602739726025,5,0.7880401015281677,0.0,0.0,0.0,False,127,PNG,365,60,6.083333333333333,1.3081278538812786
rxemDF9d.png,lampung,train,0.0,254.7012481689453,0.0,0.08146690879741728,0.026483050847457626,5,1.0059318542480469,0.0,0.0,0.0,False,127,PNG,177,112,1.5803571428571428,0.8801452784503632
zlWOC3fd.png,lampung,train,0.0,247.57225036621094,0.0,0.178125,0.15494791666666666,98,0.5803976058959961,0.0,0.0,0.0,False,140,PNG,120,32,3.75,3.7083333333333335
sONIkA2u.png,pegon,train,0.0,254.59957885742188,0.0,0.13743479042993345,0.031210649397373627,5,0.9047583341598511,0.0,0.0,0.0,False,127,PNG,109,102,1.068627450980392,1.069257060622414
9vAagRwJ.png,jawa,train,0.0,195.8308563232422,0.0,0.33352726063829785,0.5441600177304965,256,1.219736933708191,27.0,0.0,0.0,False,116,PNG,906,55,16.472727272727273,2.073289183222958
qCfPBStn.png,jawa,train,4.994954586029053,247.4301300048828,1.7166748046875,0.14888295150929454,0.08129156955261213,256,0.6832497715950012,1.0,0.0,0.0,False,139,PNG,359,49,7.326530612244898,15.178216133249958
yb7nIkrc.png,lampung,train,0.0,254.7047119140625,0.0,0.0750263435194942,0.02750263435194942,5,1.0761572122573853,0.0,0.0,0.0,False,127,PNG,260,73,3.5616438356164384,0.7962065331928345
thvgVXP5.png,jawi,train,0.0,254.58230590820312,0.0,0.11913126796550623,0.03273714468221016,5,1.0591156482696533,0.0,0.0,0.0,False,127,PNG,101,62,1.6290322580645162,1.1638454167997443
0zS7Oqk2.png,sunda,train,0.0,254.54380798339844,0.0,0.19304152637485972,0.040123456790123455,5,0.8075982928276062,0.0,0.0,0.0,False,127,PNG,132,54,2.4444444444444446,1.24354657687991
lDRtzr60.png,jawa,train,0.0,251.83892822265625,0.0,0.13884214743589743,0.06766826923076923,256,0.6739850044250488,0.0,0.0,0.0,False,139,PNG,895,76,11.776315789473683,0.8116436342252279
DSf8SlDb.png,jawi,train,0.0,254.4571075439453,0.0,0.2177406459865686,0.0414134953629677,5,0.8129404783248901,0.0,0.0,0.0,False,127,PNG,472,53,8.90566037735849,1.0598017268947872
GVqxMBMQ.jpg,bali,train,17.104446411132812,68.5058822631836,6.564979553222656,0.3860405815972222,0.8510410638503086,256,0.6813458800315857,3.0,0.0,0.0,True,121,JPEG,1706,960,1.7770833333333331,3.259735248143806
N2eWXmHy.png,jawa,train,0.0,248.89120483398438,0.0,0.2591899015119989,0.17701831044527674,24,1.1067403554916382,0.0,0.0,0.0,False,55,PNG,648,89,7.280898876404494,1.84963240393952
BHr4Mwsc.png,lontara,train,0.0,253.19735717773438,0.0,0.0937286543715847,0.0390198087431694,256,0.6931229829788208,0.0,0.0,0.0,False,137,PNG,936,74,12.64864864864865,0.5586740586740587
7WuoTkhU.png,pegon,train,0.0,254.4529266357422,0.0,0.1559472273757988,0.042465471036899606,5,0.9736945629119873,0.0,0.0,0.0,False,127,PNG,98,99,0.98989898989899,1.2896310039167185
A5auRw12.png,jawa,train,0.0,251.86468505859375,0.0,0.16606570512820512,0.0655448717948718,256,0.6299408078193665,0.0,0.0,0.0,False,137,PNG,857,72,11.90277777777778,0.7803708025411643
fTSBZbEt.png,lontara,train,0.0,252.61666870117188,0.0,0.08565340909090909,0.0506155303030303,256,0.7656288146972656,0.0,0.0,0.0,False,141,PNG,942,68,13.852941176470589,0.6428125390283502
3pAe9lMF.png,lontara,train,0.0,252.82574462890625,0.0,0.11150568181818182,0.04604640151515151,256,0.681180477142334,0.0,0.0,0.0,False,137,PNG,943,54,17.462962962962962,0.5833235143945642
7EGLeWm4.png,jawi,train,0.0,254.5489044189453,0.0,0.17100802854594113,0.035325602140945586,5,0.8502127528190613,0.0,0.0,0.0,False,127,PNG,380,59,6.440677966101695,0.9801962533452276
hioQpFpk.png,sunda,train,0.0,254.7609100341797,0.0,0.12670616865940112,0.024124431277113532,5,0.8074790835380554,0.0,0.0,0.0,False,127,PNG,727,78,9.32051282051282,0.6485380735724615
Hd6xFGtB.png,lontara,train,0.0,252.70750427246094,0.0,0.09708460365853659,0.050495426829268296,256,0.7558029294013977,0.0,0.0,0.0,False,140,PNG,941,50,18.82,0.6451009564293305
6J2dhgt1.png,lontara,train,0.0,254.72898864746094,0.0,0.07994227994227994,0.022366522366522368,5,0.974885880947113,0.0,0.0,0.0,False,127,PNG,110,63,1.746031746031746,0.8727272727272727
iM5IYObF.png,jawa,train,0.0,251.20413208007812,0.0,0.14776249515691592,0.06203990701278574,16,0.7825480699539185,0.0,0.0,0.0,False,106,PNG,356,58,6.137931034482759,1.1092599767531963
OeCwdBQ9.png,bali,train,0.0,251.04872131347656,0.0,0.13209292763157895,0.11996299342105263,256,1.0739086866378784,0.0,0.0,0.0,False,156,PNG,1487,74,20.094594594594597,0.7994329231719951
j68Kd21T.png,jawi,train,0.0,254.48854064941406,0.0,0.201142723880597,0.03684701492537314,5,0.8065180778503418,0.0,0.0,0.0,False,127,PNG,536,64,8.375,0.9661847014925372
3OW9abKi.webp,pegon,train,38.128990173339844,175.34754943847656,70.60580444335938,0.18855,0.9409333333333333,234,0.5638322830200195,2.0,0.0,0.0,False,127,WEBP,400,300,1.3333333333333333,3.1014666666666666
LkzMEO2H.png,jawi,train,0.0,254.6697540283203,0.0,0.10251177394034537,0.0358712715855573,5,1.108459234237671,0.0,0.0,0.0,False,127,PNG,260,49,5.306122448979592,0.8408163265306122
tLS37Mqi.png,bali,train,0.0,249.929931640625,0.0,0.16086647727272727,0.1305239898989899,256,0.9896494746208191,0.0,0.0,0.0,False,150,PNG,1414,61,23.18032786885246,0.9283279616017808
z7YRekG7.png,lontara,train,0.0,252.43838500976562,0.0,0.10972222222222222,0.05344328703703704,256,0.7268006205558777,0.0,0.0,0.0,False,138,PNG,935,55,17.0,0.656334467671366
AB42qszd.jpg,jawa,train,0.0,211.3068389892578,0.0,0.15123677722102918,0.7530621172353456,256,0.9806116223335266,0.0,0.0,0.0,False,119,JPEG,254,198,1.2828282828282829,3.980116121848405
t89vfsjM.png,jawa,train,0.0,249.06455993652344,0.0,0.234375,0.11050511006289308,256,0.6537634134292603,0.0,0.0,0.0,False,137,PNG,863,60,14.383333333333333,1.152723059096176
GYLPpcoX.png,jawi,train,0.0,252.50784301757812,0.0,0.09680590986394558,0.0625797193877551,256,0.7930783629417419,0.0,0.0,0.0,False,145,PNG,944,60,15.733333333333333,0.7087570621468926
Ku2Zj2ob.png,lampung,train,0.0,254.7283477783203,0.0,0.07632632632632633,0.020854187520854186,5,0.9242261052131653,0.0,0.0,0.0,False,127,PNG,162,74,2.189189189189189,0.7827827827827828
z06wgOAm.png,bali,train,0.0,254.80677795410156,0.0,0.08855534709193245,0.022764227642276424,5,0.9797183275222778,0.0,0.0,0.0,False,127,PNG,123,65,1.892307692307692,0.8975609756097561
GD5a6bwi.png,lampung,train,0.0,250.4345245361328,0.0,0.14940875679130713,0.10546500479386385,126,0.746986448764801,0.0,0.0,0.0,False,137,PNG,149,42,3.5476190476190474,2.6666666666666665
1it2nTHK.png,jawi,train,0.0,254.4272918701172,0.0,0.2017857142857143,0.03214285714285714,5,1.0452224016189575,0.0,0.0,0.0,False,127,PNG,20,28,0.7142857142857143,3.128571428571429
OxShy2Kr.png,lontara,train,0.0,253.1505584716797,0.0,0.10087719298245613,0.038559941520467836,256,0.6742986440658569,0.0,0.0,0.0,False,136,PNG,941,70,13.442857142857145,0.5114316077121603
WFmFkVXP.png,pegon,train,0.0,254.42047119140625,0.0,0.154794144197182,0.03850229600847757,5,0.9269809126853943,0.0,0.0,0.0,False,127,PNG,171,149,1.1476510067114094,1.15137956748695
QOxAMrkO.png,lontara,train,0.0,253.1885986328125,0.0,0.10023907103825136,0.03788849043715847,256,0.6860581040382385,0.0,0.0,0.0,False,136,PNG,947,75,12.626666666666669,0.5271383315733896
cSRKI1Eo.png,sunda,train,0.0,254.68939208984375,0.0,0.2024982406755806,0.03553835327234342,5,0.8166868090629578,0.0,0.0,0.0,False,127,PNG,98,58,1.6896551724137931,1.2427867698803658
O4JCHlaE.png,lampung,train,0.0,252.27052307128906,0.0,0.1400852878464819,0.06588486140724947,83,0.8414982557296753,0.0,0.0,0.0,False,81,PNG,134,35,3.8285714285714287,2.5842217484008527
skuRibYx.png,bali,train,0.0,250.8832244873047,0.0,0.13470982142857144,0.1279389880952381,256,1.1210119724273682,0.0,0.0,0.0,False,159,PNG,1368,62,22.06451612903226,0.8816261082814564
LZ7Kq86m.png,sunda,train,0.0,254.72381591796875,0.0,0.11008704557091654,0.028417818740399385,5,0.8637723922729492,0.0,0.0,0.0,False,127,PNG,124,63,1.968253968253968,0.9308755760368664
PN7DuOxW.png,sunda,train,0.0,251.55477905273438,0.0,0.14506022135416666,0.06974283854166667,256,0.5697957277297974,0.0,0.0,0.0,False,137,PNG,782,65,12.03076923076923,0.7722998229392092
AI9V1e4k.png,lampung,train,0.0,252.13336181640625,0.0,0.1257071024512885,0.07196731615336266,58,0.6075454354286194,0.0,0.0,0.0,False,147,PNG,86,37,2.324324324324324,2.657448145820239
Z9OEjLFi.png,jawi,train,0.0,252.7459716796875,0.0,0.08634306693989072,0.0547515368852459,256,0.7972044348716736,0.0,0.0,0.0,False,144,PNG,947,75,12.626666666666669,0.6556564589933123
ypOqZZHI.png,pegon,train,0.0,254.51443481445312,0.0,0.15747562296858073,0.03586132177681473,5,0.8664593696594238,0.0,0.0,0.0,False,127,PNG,142,130,1.0923076923076922,1.0851570964247022
ba5StGlD.png,jawa,train,0.0,250.54159545898438,0.0,0.17038001543209877,0.08118730709876543,256,0.6064260601997375,0.0,0.0,0.0,False,137,PNG,901,63,14.301587301587302,0.8473125099096243
HCofwuMG.png,jawa,train,0.0,253.68557739257812,0.0,0.22460250030343487,0.0471133228142574,18,0.8299710154533386,0.0,0.0,0.0,False,45,PNG,749,66,11.348484848484848,0.974551927822956
68e04qUG.png,sunda,train,0.0,254.8329315185547,0.0,0.10434068679945742,0.019383165560077104,5,0.782268226146698,0.0,0.0,0.0,False,127,PNG,667,84,7.940476190476191,0.5215963446848004
YObQP7mc.png,bali,train,0.0,250.1529541015625,0.0,0.15504436728395063,0.15171682098765432,256,1.1230099201202393,0.0,0.0,0.0,False,159,PNG,1556,54,28.814814814814813,0.92268875559364
RquAdAqT.png,pegon,train,0.0,254.58424377441406,0.0,0.25476190476190474,0.034312169312169315,5,0.7963776588439941,0.0,0.0,0.0,False,127,PNG,378,100,3.78,0.966984126984127
0ECdpw0Q.png,jawi,train,0.0,254.65206909179688,0.0,0.23304805793285055,0.03664691683124863,5,0.7460544109344482,0.0,0.0,0.0,False,127,PNG,93,49,1.8979591836734693,1.3289444810182138
bX7Dldkx.png,sunda,train,0.0,252.61839294433594,0.0,0.09346980485232068,0.05289095464135021,256,0.6516579389572144,0.0,0.0,0.0,False,141,PNG,819,84,9.75,0.5941043083900227
sJWMUaDF.png,sunda,train,0.0,254.76702880859375,0.0,0.19065656565656566,0.02441077441077441,5,0.7463411092758179,0.0,0.0,0.0,False,127,PNG,44,54,0.8148148148148148,1.35016835016835
RIgqCbWD.png,lontara,train,0.0,251.33685302734375,0.0,0.13219762731481483,0.07230179398148148,256,0.7343686819076538,0.0,0.0,0.0,False,139,PNG,990,47,21.06382978723404,0.8450462067483344
mMdGIwma.png,jawi,train,0.0,254.46780395507812,0.0,0.21124376605712558,0.03838597551760617,5,0.8284063935279846,0.0,0.0,0.0,False,127,PNG,509,65,7.8307692307692305,1.0194347891793865
4bP8wrjs.png,jawi,train,0.0,254.10801696777344,0.0,0.22010869565217392,0.04891304347826087,5,0.7681786417961121,0.0,0.0,0.0,False,127,PNG,16,23,0.6956521739130435,4.173913043478261
rxyVUgTT.png,jawa,train,0.0,254.7696075439453,0.0,0.14807360552041404,0.022810044086639832,5,0.7883467078208923,0.0,0.0,0.0,False,127,PNG,111,94,1.180851063829787,0.8755990032585778
zS66xGK1.png,jawa,train,0.0,253.7810821533203,0.0,0.06476074614760746,0.02866991078669911,28,0.8595470190048218,0.0,0.0,0.0,False,84,PNG,360,137,2.627737226277372,0.6605028386050283
p7xoNEji.png,bali,train,0.0,249.76100158691406,0.0,0.16422526041666666,0.14152018229166666,256,1.022361397743225,0.0,0.0,0.0,False,152,PNG,1347,56,24.053571428571427,1.002439283062891
By0GQ8yc.png,sunda,train,0.0,254.52432250976562,0.0,0.16747376916868442,0.04869518428840463,5,0.907424807548523,0.0,0.0,0.0,False,127,PNG,177,42,4.214285714285714,1.2020446596717784
RIQ7tDw4.png,jawi,train,0.0,252.46766662597656,0.0,0.09850852272727273,0.06015625,256,0.7112901210784912,0.0,0.0,0.0,False,143,PNG,819,59,13.88135593220339,0.7412098259555887
4O8W3tzT.png,pegon,train,0.0,254.2821502685547,0.0,0.18253002271989613,0.05002434274586173,5,0.9525794386863708,0.0,0.25,0.0,False,127,PNG,156,158,0.9873417721518988,1.335929892891918
VaE0mZmW.png,jawi,train,0.0,254.71646118164062,0.0,0.10430839002267574,0.02040816326530612,5,0.9746267199516296,0.0,0.0,0.0,False,127,PNG,42,42,1.0,1.2290249433106577
CaFdFFxV.png,lampung,train,0.0,251.5728759765625,0.0,0.2148520084566596,0.16939746300211417,82,0.6705010533332825,0.0,0.0,0.0,False,155,PNG,86,44,1.9545454545454544,3.109936575052854
YD7hntCS.png,jawi,train,0.0,252.5926513671875,0.0,0.09326774691358025,0.06076388888888889,256,0.7926799058914185,0.0,0.0,0.0,False,145,PNG,947,66,14.348484848484848,0.6955297430482225
51Cixch0.png,bali,train,0.0,254.79855346679688,0.0,0.06306715063520871,0.019963702359346643,5,1.0473949909210205,0.0,0.0,0.0,False,127,PNG,76,58,1.3103448275862069,0.8874773139745916
Btbg3dEE.png,pegon,train,0.0,251.2494354248047,0.0,0.1551987767584098,0.08185206422018348,256,0.7088747620582581,0.0,0.0,0.0,False,140,PNG,820,116,7.068965517241379,0.9719091673675356
XchTCHfY.png,bali,train,0.0,250.16622924804688,0.0,0.156005859375,0.12837727864583334,256,0.9937877058982849,0.0,0.0,0.0,False,151,PNG,1405,59,23.8135593220339,0.9008022196754932
P7pWofbr.jpg,jawa,train,17.178667068481445,237.61431884765625,2.335235595703125,0.05020352383633633,0.11659217811561562,256,0.9183746576309204,0.0,0.0,0.0,False,168,JPEG,537,929,0.5780409041980624,2.277918428137021
bX4sjXeW.png,pegon,train,0.0,254.89051818847656,0.0,0.07000099433230586,0.011633687978522423,5,0.7971991896629333,0.0,0.0,0.0,False,127,PNG,113,89,1.2696629213483146,0.6379636074376056
XvltVda2.png,jawa,train,0.0,249.42416381835938,0.0,0.234375,0.10483099489795919,256,0.6652360558509827,0.0,0.0,0.0,False,136,PNG,919,59,15.576271186440678,1.0522860146437727
pyQ84Yr4.png,jawi,train,0.0,254.78517150878906,0.0,0.15097402597402598,0.020093795093795094,5,0.7749993205070496,0.0,0.0,0.0,False,127,PNG,280,99,2.8282828282828283,0.6909090909090909
Ak09YdoW.png,lontara,train,0.0,251.3424530029297,0.0,0.15149588178294573,0.0652858527131783,256,0.6689481139183044,0.0,0.0,0.0,False,135,PNG,936,53,17.660377358490567,0.7432672149653282
wPvgJErT.png,jawi,train,0.0,249.276123046875,0.0,0.19647752192982457,0.11444627192982457,256,0.7077365517616272,0.0,0.0,0.0,False,140,PNG,888,44,20.181818181818183,1.058968058968059
VTrqKzpy.png,bali,train,0.0,250.85914611816406,0.0,0.13432459677419356,0.12231182795698925,256,1.0748625993728638,0.0,0.0,0.0,False,156,PNG,1410,57,24.73684210526316,0.8407117083488864
KACcMSvB.png,jawa,train,3.790544033050537,245.72288513183594,0.6410980224609375,0.16091160220994474,0.08404164895877603,256,0.5697590708732605,1.0,0.0,0.0,False,134,PNG,362,52,6.961538461538462,14.552911177220569
D8CHBmIE.png,jawi,train,0.0,254.76272583007812,0.0,0.18787635487755922,0.024688879967884384,5,0.8109354972839355,0.0,0.0,0.0,False,127,PNG,94,53,1.7735849056603774,1.2123645122440787
EMKk06Ac.png,jawi,train,0.0,250.89627075195312,0.0,0.22318070023148148,0.06595413773148148,256,0.5606632828712463,0.0,0.0,0.0,False,132,PNG,793,74,10.716216216216216,0.8783613373777308
0C1sE7yC.png,lampung,train,0.0,254.56875610351562,0.0,0.1050351288056206,0.03501170960187354,5,1.016424536705017,0.0,0.0,0.0,False,127,PNG,280,61,4.590163934426229,0.9344262295081968
HUS3Q1se.png,sunda,train,0.0,254.25753784179688,0.0,0.2055299539170507,0.05161290322580645,5,0.8533026576042175,0.0,0.0,0.0,False,127,PNG,31,35,0.8857142857142857,2.4036866359447004
5HVOJkl4.png,bali,train,0.0,254.7057647705078,0.0,0.11596820809248555,0.03477239884393064,5,0.9651594758033752,0.0,0.0,0.0,False,127,PNG,173,64,2.703125,0.9776011560693642
b3REldwn.png,jawi,train,0.0,254.57090759277344,0.0,0.14722698684962837,0.026014865637507146,5,0.7816118597984314,0.0,0.0,0.0,False,127,PNG,53,66,0.803030303030303,1.2029731275014297
QlDLPzwK.png,pegon,train,0.0,254.42086791992188,0.0,0.22449051922736132,0.04632287790182527,5,0.8434544801712036,0.0,0.0,0.0,False,127,PNG,171,165,1.0363636363636364,1.2166578061314903
74o5tK1T.png,lontara,train,0.0,252.29713439941406,0.0,0.13473462301587302,0.05561755952380952,256,0.6898899674415588,0.0,0.0,0.0,False,136,PNG,937,51,18.37254901960784,0.6893925126080315
bUWyh8nq.png,jawa,train,0.0,250.47702026367188,0.0,0.17788825757575757,0.08290719696969696,256,0.667331337928772,0.0,0.0,0.0,False,137,PNG,921,66,13.954545454545457,0.931398677327016
upopagai.png,lampung,train,0.0,250.67489624023438,0.0,0.17546296296296296,0.14305555555555555,84,0.5579885244369507,0.0,0.0,0.0,False,149,PNG,120,36,3.333333333333333,3.081481481481481
u1R2Q9rl.png,jawi,train,0.0,251.193603515625,0.0,0.19610363924050633,0.06531843354430379,256,0.5868901014328003,0.0,0.0,0.0,False,133,PNG,802,83,9.662650602409638,0.8818916564011657
oSjsdcIc.jpg,lontara,train,35.189674377441406,235.40809631347656,12.128067016601562,0.07116332191222059,0.1423886441507587,256,1.1918296813964844,1.0,0.0,0.0,False,153,JPEG,454,675,0.6725925925925926,2.351417849567629
vII1fZnp.png,lampung,train,0.0,252.44004821777344,0.0,0.12627689632688546,0.07150619430558575,99,0.7443563342094421,0.0,0.0,0.0,False,149,PNG,107,43,2.488372093023256,2.69506628993697
07pXWflD.png,pegon,train,0.0,254.22323608398438,0.0,0.18674653405666064,0.05492766726943942,5,0.9664564728736877,0.0,0.0,0.0,False,127,PNG,168,158,1.0632911392405062,1.391500904159132
6UyDaKw2.png,jawa,train,0.0,250.56581115722656,0.0,0.1668453839869281,0.09752859477124183,256,0.6953734755516052,0.0,0.0,0.0,False,142,PNG,866,58,14.93103448275862,1.0070876801783866
QQXTSG81.jpg,lampung,train,0.0,246.55300903320312,0.0,0.026296977124183007,0.04562610634531591,256,0.7521069645881653,0.0,0.0,0.0,False,146,JPEG,781,622,1.2556270096463025,1.2421209513732496
aGV33QrD.png,jawi,train,0.0,254.34710693359375,0.0,0.25637035596187513,0.04668352460610776,5,0.7992166876792908,0.0,0.0,0.0,False,127,PNG,106,97,1.092783505154639,1.3328146275043766
h3TbKd64.png,bali,train,0.0,251.06602478027344,0.0,0.13526348039215685,0.12431066176470588,256,1.0558133125305176,0.0,0.0,0.0,False,157,PNG,1447,64,22.609375,0.8197995853489979
FOTvlbGm.png,bali,train,0.0,251.82943725585938,0.0,0.10197679924242424,0.0888375946969697,256,1.0187253952026367,0.0,0.0,0.0,False,153,PNG,1386,79,17.544303797468356,0.654501616526933
j0jdzWTT.jpg,lampung,train,52.94035720825195,253.90277099609375,2.034088134765625,0.2789017792926608,0.2530566934550799,256,1.0154036283493042,0.0,0.0,0.0,False,203,JPEG,566,226,2.504424778761062,1.684230276118703
2zRgk90B.png,jawa,train,0.0,250.8096923828125,0.0,0.18768489852081183,0.0804265565875473,16,0.8549279570579529,0.0,0.0,0.0,False,88,PNG,285,51,5.588235294117647,1.4255245958032337
41bEJMvp.png,jawi,train,0.0,252.4477081298828,0.0,0.09922857704402516,0.060853970125786166,256,0.7595271468162537,0.0,0.0,0.0,False,143,PNG,877,60,14.616666666666667,0.7350817179779552
MUdEbs86.png,sunda,train,0.0,254.46337890625,0.0,0.2014019669386901,0.04279137894957104,5,0.8011537194252014,0.0,0.0,0.0,False,127,PNG,177,54,3.2777777777777777,1.170119271814187
tmI2BcOR.png,jawa,train,0.0,253.02793884277344,0.0,0.11187388761759472,0.044299712491932174,18,0.8250994086265564,0.0,0.0,0.0,False,82,PNG,741,69,10.73913043478261,0.771851591073559
FG3ueBkZ.png,jawi,train,0.0,254.46267700195312,0.0,0.19130195430773467,0.03637948435636297,5,0.8447683453559875,0.0,0.0,0.0,False,127,PNG,346,63,5.492063492063492,1.0525736306083129
VvkahcJH.png,lampung,train,0.0,252.9913330078125,0.0,0.1382316313823163,0.07907845579078455,110,0.6747153997421265,0.0,0.0,0.0,False,150,PNG,146,44,3.3181818181818183,2.4620174346201744
3s4DI3By.png,sunda,train,0.0,252.75888061523438,0.0,0.09452024647887323,0.05204665492957746,256,0.6694794297218323,0.0,0.0,0.0,False,142,PNG,827,76,10.88157894736842,0.5983580474766117
W1sIfo57.png,sunda,train,0.0,254.2324981689453,0.0,0.1952054794520548,0.056351183063511834,5,0.905887246131897,0.0,0.0,0.0,False,127,PNG,73,44,1.6590909090909092,1.688667496886675
g3JT4dEA.png,pegon,train,0.0,254.337890625,0.0,0.13526570048309178,0.048845947396672036,5,1.0205984115600586,0.0,0.0,0.0,False,127,PNG,81,69,1.173913043478261,1.5215602075505457
IINLIyaj.png,jawi,train,0.0,254.686279296875,0.0,0.21235521235521235,0.03861003861003861,5,0.9226527810096741,0.0,0.0,0.0,False,127,PNG,21,37,0.5675675675675675,2.635778635778636
34KmzoiV.png,jawa,train,0.0,233.62294006347656,0.0,0.31031976744186046,0.3296890798786653,22,1.422455072402954,0.0,0.0,0.0,False,93,PNG,368,86,4.27906976744186,1.8819514661274013
C4lix8rF.png,sunda,train,0.0,253.962158203125,0.0,0.2094017094017094,0.05413105413105413,5,0.8851940631866455,0.0,0.0,0.0,False,127,PNG,39,36,1.0833333333333333,2.2962962962962963
RvnDiOyf.png,pegon,train,0.0,254.39669799804688,0.0,0.19677610174504584,0.0453416149068323,5,0.8295939564704895,0.0,0.0,0.0,False,127,PNG,210,161,1.3043478260869563,1.1161194912747707
LTYnkG9v.png,bali,train,0.0,254.61851501464844,0.0,0.07719105243857718,0.030253025302530254,5,1.206315517425537,0.0,0.0,0.0,False,127,PNG,101,54,1.8703703703703705,1.0942427576090945
wsmiptYu.png,jawi,train,0.0,254.73583984375,0.0,0.13399503722084366,0.020264681555004136,5,0.8365563750267029,0.0,0.0,0.0,False,127,PNG,434,78,5.564102564102564,0.6699751861042184
dFUfTjGL.png,sunda,train,0.0,252.97862243652344,0.0,0.0856423611111111,0.048350694444444446,256,0.6795935034751892,0.0,0.0,0.0,False,142,PNG,833,81,10.283950617283953,0.5726735138499844
CFLwmmBp.png,lontara,train,0.0,253.24929809570312,0.0,0.08524816176470588,0.038373161764705885,256,0.6966677904129028,0.0,0.0,0.0,False,138,PNG,838,56,14.964285714285714,0.5577906580293215
94ewkTDx.png,lampung,train,0.0,248.54180908203125,0.0,0.17587064676616915,0.12313432835820895,109,0.6385758519172668,0.0,0.0,0.0,False,141,PNG,134,30,4.466666666666667,3.721393034825871
XBgs9VLN.png,lampung,train,0.0,250.48800659179688,0.0,0.15199483120659021,0.08544661605556453,149,0.751348614692688,0.0,0.0,0.0,False,137,PNG,151,41,3.682926829268293,2.902277499596188
OOgfsu4i.png,bali,train,0.0,254.6899871826172,0.0,0.1030366692131398,0.03232429335370512,5,1.0181165933609009,0.0,0.0,0.0,False,127,PNG,308,68,4.529411764705882,0.8342245989304813
HKx3rqPr.png,bali,train,0.0,250.7300567626953,0.0,0.13682154605263158,0.13041392543859648,256,1.1073377132415771,0.0,0.0,0.0,False,158,PNG,1402,69,20.318840579710145,0.9327461804048048
Se1AkYtw.png,lontara,train,0.0,251.28842163085938,0.0,0.13245330459770116,0.07502693965517242,256,0.7385057210922241,0.0,0.0,0.0,False,140,PNG,888,34,26.11764705882353,0.8571807101218866
U1LFb1er.png,sunda,train,0.0,254.749755859375,0.0,0.1642156862745098,0.04820261437908497,5,0.896138608455658,0.0,0.0,0.0,False,127,PNG,34,36,0.9444444444444444,2.2091503267973858
UZqVfOOv.png,jawa,train,0.0,249.29432678222656,0.0,0.22185672514619884,0.09046052631578948,256,0.5889460444450378,0.0,0.0,0.0,False,134,PNG,785,58,13.53448275862069,1.0607511530858775
pEHgFPsi.png,pegon,train,0.0,254.73739624023438,0.0,0.20969846062096983,0.030153937903015394,5,0.7205690741539001,0.0,0.25,0.0,False,127,PNG,271,99,2.737373737373737,0.7418837824741884
P4GmIvf9.png,sunda,train,0.0,254.6278076171875,0.0,0.18116883116883117,0.03571428571428571,5,0.7649478912353516,0.0,0.0,0.0,False,127,PNG,84,55,1.5272727272727271,1.1601731601731602
gYaBdDiJ.png,sunda,train,0.0,251.51133728027344,0.0,0.1364417109929078,0.08333333333333333,256,0.725913405418396,0.0,0.0,0.0,False,143,PNG,802,49,16.367346938775512,0.8629446791185302
nwpqPVL8.png,jawa,train,4.170721530914307,247.03929138183594,0.2891082763671875,0.12642817941425935,0.06770443546375293,256,0.6692121028900146,1.0,0.0,0.0,False,138,PNG,393,51,7.705882352941177,15.000149678191889
vGMFVHII.png,bali,train,0.0,254.75608825683594,0.0,0.09371130661453242,0.026262626262626262,5,0.9615594744682312,0.0,0.0,0.0,False,127,PNG,165,93,1.7741935483870968,0.8623004235907462
yEDBuUF3.png,pegon,train,0.0,254.47569274902344,0.0,0.15214356929212364,0.038850116317713526,5,0.8747057914733887,0.0,0.0,0.0,False,127,PNG,177,170,1.0411764705882354,1.0780990362246594
tISBO4EK.png,sunda,train,0.0,254.4830780029297,0.0,0.17168437622983077,0.050472255017709564,5,0.8742438554763794,0.0,0.0,0.0,False,127,PNG,242,42,5.761904761904762,1.1530893349075166
GoGj1Sor.webp,jawa,train,13.455491065979004,251.9584503173828,0.5041351318359375,0.07947844025382873,0.058753952059555574,187,0.9887588024139404,0.0,0.0,0.0,False,146,WEBP,644,277,2.324909747292419,0.7742224813328251
tIopNkaY.png,sunda,train,0.0,254.76168823242188,0.0,0.14742857142857144,0.0339047619047619,5,0.8710756897926331,0.0,0.0,0.0,False,127,PNG,125,63,1.984126984126984,0.9975873015873016
9H42Na54.png,jawa,train,0.0,253.28854370117188,0.0,0.11953134153485648,0.050099589923843,20,0.9481949210166931,0.0,0.0,0.0,False,64,PNG,569,75,7.586666666666667,0.8915758640890451
YZJjbcRD.png,sunda,train,0.0,254.76629638671875,0.0,0.15476190476190477,0.025573192239858905,5,0.7901049256324768,0.0,0.0,0.0,False,127,PNG,84,54,1.5555555555555556,1.1516754850088184
mStZ1KIy.png,sunda,train,0.0,254.0452117919922,0.0,0.21225071225071226,0.073005698005698,5,0.9318257570266724,0.0,0.0,0.0,False,127,PNG,72,39,1.8461538461538465,1.811965811965812
Z7wXfMoS.png,lontara,train,0.0,249.71104431152344,0.0,0.19222608024691357,0.09698109567901235,256,0.6996459364891052,0.0,0.0,0.0,False,137,PNG,865,30,28.83333333333333,1.1178420038535646
1DuVGqHK.png,jawa,train,0.0,250.02352905273438,0.0,0.22651637144390768,0.12540026283154718,22,1.2168759107589722,0.0,0.0,0.0,False,44,PNG,667,81,8.234567901234568,1.81657319488404
1LrlK8lQ.png,jawi,train,0.0,254.39794921875,0.0,0.2423611111111111,0.041264619883040934,5,0.8129766583442688,0.0,0.0,0.0,False,127,PNG,380,72,5.277777777777778,1.1011695906432748
wbjBLuBU.png,jawi,train,0.0,254.3896942138672,0.0,0.20980441960883922,0.03860807721615443,5,0.8365119099617004,0.0,0.0,0.0,False,127,PNG,381,62,6.145161290322581,1.093556853780374
N0uTbQoJ.png,jawa,train,0.0,251.7947235107422,0.0,0.1697992149758454,0.06795365338164251,256,0.6139073967933655,0.0,0.0,0.0,False,137,PNG,919,83,11.072289156626503,0.789228732121085
ZN0ngQmb.png,bali,train,0.0,250.8787078857422,0.0,0.13105292792792791,0.11011402027027027,256,1.005007028579712,0.0,0.0,0.0,False,152,PNG,1358,66,20.57575757575757,0.832686214129513
K22jcckA.png,lontara,train,0.0,254.72361755371094,0.0,0.12566780478007633,0.019722835910825468,5,0.8888424634933472,0.0,0.0,0.0,False,127,PNG,766,65,11.784615384615384,0.6237397067684274
BKiPcjAR.png,sunda,train,0.0,254.4776153564453,0.0,0.19924737571796394,0.04674192909487027,5,0.7899418473243713,0.0,0.0,0.0,False,127,PNG,99,51,1.9411764705882355,1.375321845910081
2aiuUYUz.png,bali,train,0.0,250.13841247558594,0.0,0.14730342741935484,0.1361307123655914,256,1.0706448554992676,0.0,0.0,0.0,False,155,PNG,1397,56,24.946428571428573,0.9513242662848962
22mjcWoR.png,lampung,train,0.0,252.27459716796875,0.0,0.23200859291084855,0.12352309344790548,98,0.7009238600730896,0.0,0.0,0.0,False,146,PNG,133,42,3.1666666666666665,2.898675259577516
MEeNEAtO.png,lampung,train,0.0,254.75233459472656,0.0,0.08341487279843444,0.02756033920417482,5,1.0459003448486328,0.0,0.0,0.0,False,127,PNG,292,84,3.4761904761904763,0.7488584474885844
PD4OP0Gm.png,lampung,train,0.0,253.15817260742188,0.0,0.07141644021739131,0.04755434782608696,255,0.8268882036209106,0.0,0.0,0.0,False,146,PNG,938,56,16.75,0.5333536399634481
GpJFtA35.png,jawi,train,0.0,254.8914337158203,0.0,0.03715802368313598,0.007962433646386281,5,0.843307375907898,0.0,0.0,0.0,False,127,PNG,79,62,1.2741935483870968,0.6271947733768886
WqcfATow.png,jawi,train,0.0,254.34246826171875,0.0,0.10612244897959183,0.03316326530612245,5,0.7988632321357727,0.0,0.0,0.0,False,127,PNG,80,49,1.6326530612244898,1.046938775510204
fbHJHq2G.png,jawa,train,0.0,251.3140411376953,0.0,0.15236545138888888,0.07495659722222223,256,0.6294639706611633,0.0,0.0,0.0,False,139,PNG,896,70,12.8,0.8107142857142857
49GVFYZ3.png,pegon,train,0.0,249.9690399169922,0.0,0.18982371794871794,0.09555288461538461,256,0.6793383955955505,0.0,0.0,0.0,False,138,PNG,811,69,11.753623188405795,1.0816490644936472
D7uzmJQg.png,sunda,train,0.0,254.9037628173828,0.0,0.13636363636363635,0.02077922077922078,5,0.7294325232505798,0.0,0.0,0.0,False,127,PNG,55,56,0.9821428571428572,1.0363636363636364
18ORA4b9.png,sunda,train,0.0,254.64236450195312,0.0,0.20319773325237805,0.0287391216352965,5,0.7697272896766663,0.0,0.0,0.0,False,127,PNG,81,61,1.3278688524590163,1.238615664845173
HWaOfeV1.png,sunda,train,0.0,254.4653778076172,0.0,0.20569050832208727,0.04678362573099415,5,0.817719042301178,0.0,0.0,0.0,False,127,PNG,171,52,3.2884615384615383,1.203778677462888
cnr5Hz2z.png,jawi,train,0.0,254.57046508789062,0.0,0.12609970674486803,0.02346041055718475,5,0.9545708298683167,0.0,0.0,0.0,False,127,PNG,31,33,0.9393939393939394,2.048875855327468
jPMwzlFa.png,lontara,train,0.0,252.76414489746094,0.0,0.10940270390070922,0.04720744680851064,256,0.7002635598182678,0.0,0.0,0.0,False,137,PNG,928,57,16.280701754385966,0.6075317604355717
r5siQaoT.png,sunda,train,0.0,254.7236328125,0.0,0.1332928155588254,0.023830848954001664,5,0.8090113997459412,0.0,0.0,0.0,False,127,PNG,406,77,5.2727272727272725,0.7119186232486725
Rq6ARtYz.png,lontara,train,0.0,252.0030975341797,0.0,0.14915707236842105,0.05852521929824561,256,0.6812506318092346,0.0,0.0,0.0,False,136,PNG,938,47,19.95744680851064,0.7165993739509141
s6pHIPUp.png,sunda,train,0.0,254.3564910888672,0.0,0.16552250190694126,0.06178489702517163,5,0.976445198059082,0.0,0.0,0.0,False,127,PNG,57,46,1.2391304347826086,1.7665903890160184
Y2d7yaWa.png,pegon,train,0.0,249.31671142578125,0.0,0.21211751302083334,0.09629313151041667,256,0.6478937268257141,0.0,0.0,0.0,False,135,PNG,838,70,11.971428571428572,1.1099897715649505
qcRRtg6b.png,jawi,train,0.0,254.66021728515625,0.0,0.12519904458598727,0.029790339702760085,5,0.9227728247642517,0.0,0.0,0.0,False,127,PNG,314,48,6.541666666666667,0.907112526539278
INdCbl0V.png,lontara,train,0.0,252.49356079101562,0.0,0.13175266472868216,0.05059956395348837,256,0.6663722991943359,0.0,0.0,0.0,False,136,PNG,942,53,17.77358490566038,0.6108240195489324
8FLb8Z9e.png,sunda,train,0.0,254.59730529785156,0.0,0.18378576669112254,0.03613352898019075,5,0.8605223298072815,0.0,0.0,0.0,False,127,PNG,94,58,1.6206896551724137,1.3484959647835657
uDCpeB83.png,sunda,train,0.0,254.6195831298828,0.0,0.13870604781997187,0.038115330520393814,5,0.9357190132141113,0.0,0.0,0.0,False,127,PNG,711,50,14.22,0.87943741209564
6jg6wZYM.png,jawi,train,0.0,249.6236572265625,0.0,0.25971912202380953,0.08503844246031746,256,0.601962149143219,0.0,0.25,0.0,False,132,PNG,814,89,9.146067415730338,1.0782099770863816
VsHm90ho.png,bali,train,0.0,250.8282928466797,0.0,0.13359375,0.11949404761904762,256,1.0557825565338135,0.0,0.0,0.0,False,155,PNG,1353,61,22.18032786885246,0.8816836901602996
oIBpwfyT.png,pegon,train,0.0,254.3216094970703,0.0,0.19201946472019465,0.049148418491484186,5,0.8692954778671265,0.0,0.0,0.0,False,127,PNG,150,137,1.094890510948905,1.2920681265206813
gFy7NjCi.jpg,lontara,train,32.71302795410156,57.39702224731445,7.98834228515625,0.37212854349951124,0.7032502443792766,256,0.8439735174179077,3.0,0.0,0.0,True,128,JPEG,330,248,1.3306451612903225,3.0424242424242425
AywtGwk9.png,bali,train,0.0,251.51226806640625,0.0,0.1016895325203252,0.10257876016260163,256,1.1302204132080078,0.0,0.0,0.0,False,159,PNG,1524,81,18.814814814814813,0.7272609442338226
4z8VHvRp.png,sunda,train,0.0,254.63497924804688,0.0,0.16932795227232847,0.04018248815581681,5,0.9671148657798767,0.0,0.0,0.0,False,127,PNG,139,41,3.3902439024390243,1.326548517283734
RU6V54Sr.png,jawi,train,0.0,254.83392333984375,0.0,0.06985139786751741,0.012761313071950298,5,0.8552623987197876,0.0,0.0,0.0,False,127,PNG,554,86,6.441860465116279,0.4531945260683402
BNztnT3G.png,sunda,train,0.0,250.66049194335938,0.0,0.15284682765151514,0.10082267992424243,256,0.7179901599884033,0.0,0.0,0.0,False,143,PNG,803,46,17.456521739130434,0.9451513346689048
C0lB4USX.png,sunda,train,0.0,252.12066650390625,0.0,0.13515625,0.05939127604166667,256,0.6052659153938293,0.0,0.0,0.0,False,137,PNG,792,82,9.658536585365852,0.6812022665681202
Ae0oHfNq.png,sunda,train,0.0,254.5387725830078,0.0,0.20161104718066744,0.039355581127733026,5,0.7844969034194946,0.0,0.0,0.0,False,127,PNG,79,55,1.4363636363636365,1.303567318757192
rEdU1wa7.png,jawa,train,7.9384379386901855,225.05999755859375,1.4618072509765625,0.2669924577141072,0.3381086267684206,256,0.9377045631408691,5.0,0.0,0.0,False,134,PNG,679,66,10.287878787878787,21.700004462891066
ipvFnC6O.png,lampung,train,0.0,252.96087646484375,0.0,0.15764879488440728,0.07304476143630104,79,0.6497051119804382,0.0,0.0,0.0,False,145,PNG,107,38,2.8157894736842106,2.296114117068372
vQjPlfLj.png,jawa,train,0.0,251.19876098632812,0.0,0.16858777322404372,0.07908555327868852,256,0.6548187732696533,0.0,0.0,0.0,False,138,PNG,899,71,12.661971830985916,0.8967710601764088
eAUV4zzw.png,jawa,train,0.0,252.63706970214844,0.0,0.09151556069958848,0.057372042181069956,256,0.7044141292572021,0.0,0.0,0.0,False,144,PNG,989,104,9.509615384615383,0.6171735241502684
cJiLsIOo.png,jawa,train,0.0,249.0084686279297,0.0,0.19106770833333334,0.11872395833333334,256,0.7956682443618774,0.0,0.0,0.0,False,141,PNG,1018,66,15.424242424242424,1.0600702506399953
IraZdZJK.png,jawa,train,0.0,248.82054138183594,0.0,0.22150735294117646,0.1094515931372549,256,0.6254932880401611,0.0,0.0,0.0,False,136,PNG,936,41,22.82926829268293,0.9689389201584324
VbSkTOYp.png,bali,train,0.0,250.83636474609375,0.0,0.1333133012820513,0.1250667735042735,256,1.0852352380752563,0.0,0.0,0.0,False,157,PNG,1380,70,19.714285714285715,0.8574741200828158
RsXRpf3C.png,sunda,train,0.0,254.7508087158203,0.0,0.10095564812545944,0.025834004270661952,5,0.8381066918373108,0.0,0.0,0.0,False,127,PNG,371,77,4.818181818181818,0.6743445234011272
48vzxUs0.png,bali,train,0.0,254.78134155273438,0.0,0.09081667231446967,0.02953800971422117,5,0.9764799475669861,0.0,0.0,0.0,False,127,PNG,227,78,2.91025641025641,0.7929515418502202
FFfDCnjR.png,jawi,train,0.0,254.60975646972656,0.0,0.2084942084942085,0.03957528957528957,5,0.9145764708518982,0.0,0.0,0.0,False,127,PNG,28,37,0.7567567567567568,2.4787644787644787
u29gOzoJ.png,lampung,train,0.0,251.90130615234375,0.0,0.15158730158730158,0.09126984126984126,112,0.7568947076797485,0.0,0.0,0.0,False,137,PNG,140,36,3.888888888888889,2.9571428571428573
QI5W6ITd.png,jawa,train,0.0,250.18345642089844,0.0,0.18762520032051283,0.09723056891025642,256,0.6475450396537781,0.0,0.0,0.0,False,139,PNG,896,61,14.688524590163937,1.0016100702576112
5do5nCv1.png,pegon,train,0.0,254.7477569580078,0.0,0.09006896551724138,0.028965517241379312,5,0.8936542272567749,0.0,0.0,0.0,False,127,PNG,125,58,2.155172413793104,0.911448275862069
Ms8pcT4l.png,lampung,train,0.0,254.8140411376953,0.0,0.08034420289855072,0.021014492753623187,5,0.8744926452636719,0.0,0.0,0.0,False,127,PNG,276,80,3.45,0.6572463768115943
EZKsfIau.png,sunda,train,0.0,254.63436889648438,0.0,0.1810916179337232,0.04191033138401559,5,0.8376659750938416,0.0,0.0,0.0,False,127,PNG,190,54,3.5185185185185186,1.1181286549707603
ZvyrSx94.png,lampung,train,0.0,250.3905487060547,0.0,0.14875851461217315,0.11821577675236211,112,0.5680252909660339,0.0,0.0,0.0,False,147,PNG,123,37,3.324324324324324,2.8846407382992747
bHwRnMpK.png,jawi,train,0.0,254.41419982910156,0.0,0.22514170831820848,0.04152123530561528,5,0.8287574648857117,0.0,0.0,0.0,False,127,PNG,607,59,10.28813559322034,1.0934576829642868
W7MDlp91.png,sunda,train,0.0,254.71690368652344,0.0,0.18091787439613527,0.025845410628019323,5,0.7987985610961914,0.0,0.0,0.0,False,127,PNG,69,60,1.15,1.1516908212560386
pGantmFT.png,jawa,train,4.849345684051514,246.82955932617188,2.080291748046875,0.16174063733513044,0.08616539905651295,256,0.6918108463287354,1.0,0.0,0.0,False,138,PNG,442,47,9.404255319148936,15.71887936844132
6KqyMPaR.png,jawi,train,0.0,254.30885314941406,0.0,0.2179054054054054,0.044763513513513514,5,0.9143169522285461,0.0,0.0,0.0,False,127,PNG,32,37,0.8648648648648649,2.3986486486486487
dgElFnJV.png,sunda,train,0.0,254.5522918701172,0.0,0.1991596638655462,0.050140056022408966,5,0.8779313564300537,0.0,0.0,0.0,False,127,PNG,85,42,2.023809523809524,1.4834733893557424
XwipKGQf.png,lampung,train,0.0,254.66407775878906,0.0,0.08914342629482072,0.02858565737051793,5,0.9787064790725708,0.0,0.0,0.0,False,127,PNG,251,40,6.275,0.8175298804780876
CyXkBtVS.png,lampung,train,0.0,252.4276123046875,0.0,0.18651315789473685,0.10657894736842105,125,0.7350801825523376,0.0,0.0,0.0,False,147,PNG,152,40,3.8,2.9276315789473686
nY2ugXgV.png,jawa,train,0.0,251.84457397460938,0.0,0.1275318287037037,0.07274787808641975,256,0.7990937232971191,0.0,0.0,0.0,False,142,PNG,937,66,14.196969696969695,0.8267520455353966
djKIdhTA.png,jawa,train,0.0,243.24232482910156,0.0,0.33779600033470003,0.31353024851476863,18,1.375951886177063,0.0,0.0,0.0,False,52,PNG,703,68,10.338235294117649,2.0065266504894987
eytvM7Si.png,bali,train,0.0,251.495849609375,0.0,0.1137035472972973,0.11289414414414414,256,1.1021721363067627,0.0,0.0,0.0,False,160,PNG,1406,67,20.98507462686567,0.7973503747266513
nmq6WURI.png,lampung,train,0.0,250.73736572265625,0.0,0.12032032032032032,0.08368368368368369,105,0.6843384504318237,0.0,0.0,0.0,False,142,PNG,135,37,3.6486486486486487,2.767567567567568
mb46dG7l.png,jawi,train,0.0,254.65232849121094,0.0,0.11320754716981132,0.025692492974708953,5,0.9427837133407593,0.0,0.0,0.0,False,127,PNG,53,47,1.127659574468085,1.3681252509032518
sFKpVlPG.png,pegon,train,0.0,254.47914123535156,0.0,0.17809364548494983,0.04389632107023411,5,0.9383576512336731,0.0,0.0,0.0,False,127,PNG,52,46,1.1304347826086956,1.8327759197324411
yjdyA4ew.png,pegon,train,0.0,254.43081665039062,0.0,0.15788827501534683,0.041252302025782686,5,0.9751152992248535,0.0,0.0,0.0,False,127,PNG,181,180,1.0055555555555555,1.171270718232044
cOZbNfgE.png,jawi,train,0.0,254.73028564453125,0.0,0.11766268260292165,0.04763169544046038,5,1.0559512376785278,0.0,0.0,0.0,False,127,PNG,251,45,5.5777777777777775,0.947675962815405
j3znPujb.png,bali,train,0.0,254.7439422607422,0.0,0.09978813559322033,0.03389830508474576,5,1.0991249084472656,0.0,0.0,0.0,False,127,PNG,80,59,1.3559322033898304,1.2559322033898306
qPNhM6FV.png,jawa,train,0.0,252.14759826660156,0.0,0.13838061951754385,0.06318530701754387,256,0.6638357043266296,0.0,0.0,0.0,False,138,PNG,921,91,10.12087912087912,0.7627638376824044
76C4p8SR.png,jawa,train,0.0,252.019287109375,0.0,0.15490845959595959,0.06536063762626262,256,0.6608936786651611,0.0,0.0,0.0,False,137,PNG,855,74,11.554054054054054,0.8198514303777462
O8aBXoZi.png,jawa,train,0.0,249.5698699951172,0.0,0.20806031586021506,0.10737987231182795,256,0.6808819770812988,0.0,0.0,0.0,False,138,PNG,937,76,12.328947368421051,1.0198281188563725
dwdinPSa.png,jawi,train,0.0,254.43377685546875,0.0,0.20317760942760943,0.04035143097643098,5,0.8254555463790894,0.0,0.0,0.0,False,127,PNG,352,54,6.518518518518518,1.1296296296296295
yAiMAkKx.png,sunda,train,0.0,252.6082000732422,0.0,0.10133515211640212,0.056650958994709,256,0.6631196737289429,0.0,0.0,0.0,False,142,PNG,818,67,12.208955223880595,0.6421194759697844
3SFhyLrZ.png,lampung,train,0.0,252.0572967529297,0.0,0.1066220238095238,0.06748511904761904,256,0.7903895378112793,0.0,0.0,0.0,False,144,PNG,940,43,21.86046511627907,0.7499257793171697
a7FYASKP.png,sunda,train,0.0,254.58709716796875,0.0,0.19270833333333334,0.027777777777777776,5,0.8291929960250854,0.0,0.0,0.0,False,127,PNG,32,36,0.8888888888888888,2.0277777777777777
U1JwRdX1.png,jawa,train,0.0,248.79666137695312,0.0,0.2765107212475634,0.19,20,1.178458571434021,0.0,0.0,0.0,False,45,PNG,675,76,8.881578947368421,1.991111111111111
JGiGPGjv.png,sunda,train,0.0,254.6685028076172,0.0,0.13725490196078433,0.032740538075695394,5,0.8350602388381958,0.0,0.0,0.0,False,127,PNG,215,51,4.215686274509804,0.9535795713634292
iCzpnrgn.png,jawa,train,0.0,251.64346313476562,0.0,0.14902249396135267,0.06767059178743962,256,0.6382102370262146,0.0,0.0,0.0,False,137,PNG,882,79,11.164556962025316,0.7941674560119406
KCfLxLJI.png,sunda,train,0.0,254.41761779785156,0.0,0.18015873015873016,0.04746031746031746,5,0.9355974197387695,0.0,0.0,0.0,False,127,PNG,150,42,3.571428571428572,1.335873015873016
MoxwL7uB.png,jawi,train,0.0,254.4506378173828,0.0,0.2532051282051282,0.05128205128205128,5,0.8494817018508911,0.0,0.0,0.0,False,127,PNG,26,24,1.0833333333333333,3.0641025641025643
FjY2bKk1.png,jawi,train,0.0,254.7108612060547,0.0,0.10996710125502619,0.024064822712318752,5,0.890285074710846,0.0,0.0,0.0,False,127,PNG,283,58,4.879310344827586,0.798830266845376
2xqocgnn.png,jawi,train,0.0,250.39312744140625,0.0,0.24193050986842105,0.07377330043859649,256,0.581718385219574,0.0,0.0,0.0,False,132,PNG,795,79,10.063291139240508,0.940562057161054
QrBIyo4p.png,jawa,train,0.0,250.7034912109375,0.0,0.1819264481707317,0.08722370426829268,256,0.6698628067970276,0.0,0.0,0.0,False,138,PNG,894,95,9.410526315789474,0.9531614270575768
KXX9rqp9.png,jawa,train,0.0,255.0,0.0,0.18693496646252553,0.054486244774958684,13,0.8122849464416504,0.0,0.0,0.0,False,132,PNG,762,54,14.11111111111111,0.9752114319043452
Okf3d3Wh.png,pegon,train,0.0,254.1512451171875,0.0,0.23029427874321565,0.054125379674351444,5,0.8979728817939758,0.0,0.0,0.0,False,127,PNG,151,133,1.1353383458646618,1.4667131404670617
iwC3WfNp.png,jawa,train,0.0,253.6405792236328,0.0,0.11805059620420265,0.05018502889047588,20,0.9986866116523743,0.0,0.0,0.0,False,51,PNG,633,73,8.67123287671233,0.939557229111212
nJkTe6nm.png,jawa,train,0.0,222.247314453125,0.0,0.42236879839403496,0.449211356466877,28,1.6892616748809814,0.0,0.0,0.0,False,89,PNG,634,110,5.763636363636364,2.5903068540292518
Qn3NCkjC.png,jawi,train,0.0,254.61993408203125,0.0,0.11594202898550725,0.0417036379769299,5,1.1071807146072388,0.0,0.0,0.0,False,127,PNG,294,46,6.391304347826087,0.9653948535936112
Tl7C65lw.png,jawa,train,5.140695571899414,245.41207885742188,1.4086151123046875,0.171723783253074,0.08368787694609378,256,0.5555400848388672,1.0,0.0,0.0,False,134,PNG,586,73,8.027397260273972,14.3464397587545
i4AFpU25.png,lampung,train,0.0,253.90162658691406,0.0,0.1651570048309179,0.08786231884057971,62,0.7756853103637695,0.0,0.0,0.0,False,153,PNG,92,36,2.555555555555556,2.920289855072464
mBBZjQIj.png,sunda,train,0.0,254.22584533691406,0.0,0.1799347061778001,0.05889000502260171,5,0.8885340690612793,0.0,0.0,0.0,False,127,PNG,181,44,4.113636363636363,1.267704671019588
WaAj0hRS.png,bali,train,0.0,254.716552734375,0.0,0.08802565930149679,0.03183654074602043,5,0.9892870187759399,0.0,0.0,0.0,False,127,PNG,138,61,2.262295081967213,0.9351389878831076
dMNkE1Ou.png,pegon,train,0.0,248.45912170410156,0.0,0.22742387820512822,0.11544471153846154,256,0.6441312432289124,0.0,0.0,0.0,False,137,PNG,828,70,11.82857142857143,1.1878536922015184
YwbjuaDk.png,lontara,train,0.0,252.87229919433594,0.0,0.1077724358974359,0.04559795673076923,256,0.6979714035987854,0.0,0.0,0.0,False,137,PNG,953,64,14.890625,0.5683368310598111
OrtLHxsW.png,bali,train,0.0,251.06741333007812,0.0,0.123828125,0.10119791666666667,256,0.9547094702720642,0.0,0.0,0.0,False,150,PNG,1137,74,15.364864864864863,0.8607763436259478
jY7HKXHU.png,jawa,train,4.898313522338867,247.02182006835938,2.0078887939453125,0.14244897959183672,0.07758503401360545,256,0.7080532908439636,1.0,0.0,0.0,False,138,PNG,525,56,9.375,15.159455782312923
IcvwoHi5.png,jawa,train,0.0,246.5518035888672,0.0,0.20729213148891865,0.14669790272199912,20,1.032823920249939,0.0,0.0,0.0,False,94,PNG,648,83,7.807228915662651,1.6445039416926968
Upp8Rm0A.jpg,jawa,train,3.3527472019195557,161.92343139648438,6.63226318359375,0.14032753006012025,0.987120073480294,169,0.2751002907752991,1.0,0.0,0.02160049265197061,False,115,JPEG,972,632,1.5379746835443038,1.4014168880554254
ge440A3b.jpg,lontara,train,16.456462860107422,184.73715209960938,6.75714111328125,0.18412724247685186,0.9321989836516203,233,0.46024128794670105,1.0,0.0,0.02648021556712963,False,131,JPEG,4608,3456,1.3333333333333333,0.4103406113361625
HstbKfBE.png,lampung,train,0.0,249.97128295898438,0.0,0.13356562137049943,0.1173054587688734,110,0.5349483489990234,0.0,0.0,0.0,False,145,PNG,147,41,3.5853658536585367,2.868425418948067
P28A3Spn.png,bali,train,0.0,254.7602081298828,0.0,0.078,0.024454545454545455,5,0.9656230211257935,0.0,0.0,0.0,False,127,PNG,125,88,1.4204545454545454,0.8676363636363637
9Wfypakb.png,jawi,train,0.0,254.47177124023438,0.0,0.23095798979191207,0.04184661693495616,5,0.8170163035392761,0.0,0.0,0.0,False,127,PNG,566,54,10.48148148148148,1.0694935217903416
nhSNQ4NX.png,lampung,train,0.0,249.760498046875,0.0,0.176930596285435,0.09644835451287065,81,0.6691420674324036,0.0,0.0,0.0,False,134,PNG,99,31,3.193548387096774,2.8126425545780385
poQCWyYr.png,lampung,train,0.0,254.8365936279297,0.0,0.05113937466878643,0.016087516087516088,5,1.01365327835083,0.0,0.0,0.0,False,127,PNG,238,111,2.144144144144144,0.5805132863956394
U6fObyJX.png,sunda,train,0.0,254.57492065429688,0.0,0.16383200277681362,0.040090246442207565,5,0.9512415528297424,0.0,0.0,0.0,False,127,PNG,134,43,3.116279069767442,1.2731690385282888
QCEUSMHO.png,pegon,train,0.0,254.37197875976562,0.0,0.29030808729139923,0.04162387676508344,5,0.7892857789993286,0.0,0.0,0.0,False,127,PNG,380,82,4.634146341463414,1.0685494223363283
k5zKCoob.png,jawa,train,0.0,251.6147918701172,0.0,0.14981617647058823,0.07410386029411764,256,0.7078346014022827,0.0,0.0,0.0,False,139,PNG,813,72,11.291666666666666,0.9282492824928248
08aYHbC0.png,jawi,train,0.0,254.7747039794922,0.0,0.0898565499162601,0.020643704944294763,5,0.9239722490310669,0.0,0.0,0.0,False,127,PNG,443,62,7.145161290322581,0.6512779436394087
7ZPRW0FR.png,sunda,train,0.0,254.73927307128906,0.0,0.19782135076252724,0.03529411764705882,5,0.810627281665802,0.0,0.0,0.0,False,127,PNG,85,54,1.5740740740740742,1.2932461873638343
hWfvS5zU.png,pegon,train,0.0,254.30459594726562,0.0,0.19831591173054589,0.051248548199767714,5,0.9103174805641174,0.0,0.0,0.0,False,127,PNG,123,112,1.0982142857142858,1.3234610917537746
WFYK7wVf.png,jawi,train,0.0,254.61038208007812,0.0,0.18019437877593905,0.03309692671394799,5,0.7948480248451233,0.0,0.0,0.0,False,127,PNG,81,47,1.7234042553191489,1.2713422642500656
PqGoUotM.png,lontara,train,0.0,252.16400146484375,0.0,0.1384750484496124,0.05417272286821705,256,0.6621930599212646,0.0,0.0,0.0,False,135,PNG,938,52,18.03846153846154,0.6845989831064458
tYyESj0U.png,bali,train,0.0,251.01715087890625,0.0,0.13203828828828829,0.12218468468468469,256,1.09319269657135,0.0,0.0,0.0,False,158,PNG,1373,66,20.803030303030305,0.8855635745657595
C2ddQCGg.png,lampung,train,0.0,253.12020874023438,0.0,0.20777529761904762,0.12146577380952381,104,0.7515933513641357,0.0,0.0,0.0,False,156,PNG,128,42,3.0476190476190474,2.950892857142857
6pvIX459.png,jawa,train,0.0,250.9285888671875,0.0,0.17099144345238096,0.08942522321428571,256,0.6493010520935059,0.0,0.0,0.0,False,140,PNG,910,66,13.787878787878787,0.9046953046953048
TbERKONw.png,lontara,train,0.0,251.56503295898438,0.0,0.13909313725490197,0.06824448529411764,256,0.7242317199707031,0.0,0.0,0.0,False,138,PNG,936,42,22.285714285714285,0.8021978021978022
jBaqIxtA.png,sunda,train,0.0,254.7816619873047,0.0,0.10834236186348863,0.026148012334361197,5,0.8228337168693542,0.0,0.0,0.0,False,127,PNG,676,71,9.52112676056338,0.5903825318776564
U5yl4IIX.png,jawa,train,0.0,251.91123962402344,0.0,0.12908403665924506,0.05794024750168281,16,0.8543911576271057,0.0,0.0,0.0,False,93,PNG,623,62,10.048387096774194,1.0337078651685394
Cu9T369R.png,lontara,train,0.0,254.71438598632812,0.0,0.11256030016080043,0.020844500029777856,5,0.8689851760864258,0.0,0.0,0.0,False,127,PNG,579,58,9.982758620689657,0.56863796081234
rrf91bbL.png,sunda,train,0.0,254.6199188232422,0.0,0.16305916305916307,0.03270803270803271,5,0.8342003226280212,0.0,0.0,0.0,False,127,PNG,99,63,1.5714285714285714,1.1672278338945006
dpMqwLL2.png,bali,train,0.0,254.75997924804688,0.0,0.07258524347131942,0.025259436651841716,5,1.0739976167678833,0.0,0.0,0.0,False,127,PNG,237,74,3.202702702702702,0.7170715018816285
GlyqwkS4.png,lontara,train,0.0,254.63546752929688,0.0,0.12369220924652055,0.027803551431770917,5,0.9068697690963745,0.0,0.0,0.0,False,127,PNG,665,47,14.148936170212766,0.7832346824508079
HcdfCAZd.png,sunda,train,0.0,254.66940307617188,0.0,0.18598382749326145,0.03741239892183289,5,0.7865131497383118,0.0,0.0,0.0,False,127,PNG,175,53,3.30188679245283,0.9962264150943396
OFPHRovZ.png,jawi,train,0.0,254.90408325195312,0.0,0.047123623011015914,0.01346389228886169,5,0.8626360893249512,0.0,0.0,0.0,False,127,PNG,86,57,1.5087719298245614,0.6478988168094655
xhefJcO0.png,bali,train,0.0,254.66664123535156,0.0,0.113949232115859,0.03958780934192727,5,1.131226897239685,0.0,0.0,0.0,False,127,PNG,426,59,7.220338983050848,0.9752526458184132
6xN5Fd2w.png,pegon,train,0.0,254.2305145263672,0.0,0.1483050847457627,0.05847457627118644,5,1.1070936918258667,0.0,0.0,0.0,False,127,PNG,118,120,0.9833333333333332,1.4649717514124294
ih1FqWkA.png,jawa,train,0.0,254.84141540527344,0.0,0.13793103448275862,0.027952395483674092,5,0.8488614559173584,0.0,0.0,0.0,False,127,PNG,145,113,1.2831858407079646,0.7826670735428746
zmMtAnw5.png,lontara,train,0.0,252.50576782226562,0.0,0.12275094696969698,0.05051491477272727,256,0.677923321723938,0.0,0.0,0.0,False,136,PNG,939,54,17.38888888888889,0.6345600126217804
pjCt6g2D.png,jawi,train,0.0,254.56362915039062,0.0,0.1151332327802916,0.03469079939668175,5,0.9448738694190979,0.0,0.0,0.0,False,127,PNG,39,51,0.7647058823529411,1.584715937657114
Fe9H6IP8.png,jawi,train,0.0,249.82357788085938,0.0,0.3023522418478261,0.08183310688405797,256,0.5540153384208679,0.0,0.0,0.0,False,131,PNG,806,97,8.309278350515465,0.906295566754496
CqMnPFZn.png,lampung,train,0.0,252.8021697998047,0.0,0.08478931140801645,0.04933196300102775,76,0.8915940523147583,0.0,0.0,0.0,False,82,PNG,139,42,3.3095238095238093,2.013018156903049
ojFD6pZm.png,jawi,train,0.0,252.55828857421875,0.0,0.09545110887096774,0.056829637096774195,256,0.7321251034736633,0.0,0.0,0.0,False,143,PNG,840,68,12.352941176470589,0.7168067226890756
clb99A33.png,jawi,train,0.0,254.75277709960938,0.0,0.11854838709677419,0.019265232974910396,5,0.807434618473053,0.0,0.0,0.0,False,127,PNG,155,72,2.1527777777777777,0.7254480286738352
0vvMc4ds.png,jawa,train,4.663570404052734,245.9440460205078,0.92578125,0.12095847694075168,0.0766453307073691,256,0.6945429444313049,1.0,0.0,0.0,False,138,PNG,677,63,10.746031746031743,15.430540901737356
wzGba4AH.png,sunda,train,0.0,254.60963439941406,0.0,0.2010233918128655,0.05433723196881091,5,0.7390413284301758,0.0,0.0,0.0,False,127,PNG,76,54,1.4074074074074074,1.3157894736842106
70l0mxku.png,sunda,train,0.0,254.53964233398438,0.0,0.15794709737827714,0.04400749063670412,5,0.9010134339332581,0.0,0.0,0.0,False,127,PNG,712,48,14.833333333333334,0.9316479400749064
b89RUQx5.png,lontara,train,0.0,251.73114013671875,0.0,0.16155849358974358,0.06229967948717949,256,0.6842774748802185,0.0,0.0,0.0,False,135,PNG,940,48,19.58333333333333,0.774822695035461
YaAJvlaX.png,jawi,train,0.0,251.6946563720703,0.0,0.21015924329501914,0.05748623084291188,256,0.5872899293899536,0.0,0.0,0.0,False,132,PNG,785,89,8.820224719101123,0.7997137336291419
nhKXB7Qo.png,lontara,train,0.0,252.98651123046875,0.0,0.10527220911949685,0.0436812106918239,256,0.6946884393692017,0.0,0.0,0.0,False,137,PNG,933,64,14.578125,0.5945873526259379
r2DdB2yi.png,pegon,train,0.0,254.38107299804688,0.0,0.17103269789168035,0.04822623406135589,5,0.9815165400505066,0.0,0.0,0.0,False,127,PNG,178,178,1.0,1.2437823507132937
frLXoSeF.png,bali,train,0.0,249.9025421142578,0.0,0.1615032327586207,0.13402478448275862,256,0.9929965734481812,0.0,0.0,0.0,False,151,PNG,1409,54,26.09259259259259,0.9366243461346372
98RpO4vT.png,jawa,train,0.0,254.0074920654297,0.0,0.09260780287474332,0.03741729409080539,16,0.9501477479934692,0.0,0.0,0.0,False,50,PNG,487,90,5.411111111111111,0.6879306411133926
9D9NLBaF.jpg,sunda,train,3.6512722969055176,247.80322265625,0.759033203125,0.1339369059742023,0.15881704005431094,256,0.9354985952377319,0.0,0.0,0.0,False,168,JPEG,736,1152,0.6388888888888888,1.8345410628019323
0CDi1L7T.png,bali,train,0.0,250.11256408691406,0.0,0.14787326388888888,0.1375,256,1.1274998188018799,0.0,0.0,0.0,False,157,PNG,1536,59,26.033898305084747,0.9316737288135594
hcpkttpU.png,sunda,train,0.0,254.39111328125,0.0,0.19643228624921988,0.05694820054087789,5,0.90701824426651,0.0,0.0,0.0,False,127,PNG,437,44,9.931818181818182,1.1895152902017891
B9qWsgCy.png,bali,train,0.0,254.6250762939453,0.0,0.14264188849824208,0.040808638874937214,5,0.9672807455062866,0.0,0.0,0.0,False,127,PNG,362,66,5.484848484848484,1.044701155198393
c0wO7CYR.png,sunda,train,0.0,254.47377014160156,0.0,0.1794816877275648,0.054615549368173054,5,0.8988955020904541,0.0,0.0,0.0,False,127,PNG,203,46,4.413043478260869,1.207110730349111
s1YcGI2I.png,jawi,train,0.0,250.54518127441406,0.0,0.2630791355721393,0.07254741915422885,256,0.5632127523422241,0.0,0.0,0.0,False,132,PNG,798,70,11.4,0.9540995345506624
1a4UsITZ.png,lampung,train,0.0,251.66583251953125,0.0,0.13147286821705426,0.06728682170542635,112,0.7389035224914551,0.0,0.0,0.0,False,141,PNG,150,43,3.488372093023256,2.324341085271318
19bwMYLN.png,jawa,train,0.0,208.75648498535156,0.0,0.29853877314814814,0.4788773148148148,256,1.2003767490386963,22.0,0.0,0.0,False,125,PNG,906,64,14.15625,2.127621412803532
lyKlRbaX.png,jawa,train,0.0,252.1419677734375,0.0,0.10945767195767196,0.06274801587301587,256,0.6656265258789062,0.0,0.0,0.0,False,141,PNG,1011,83,12.180722891566266,0.6287464397649947
80ojwRWZ.png,pegon,train,0.0,249.36866760253906,0.0,0.2077951388888889,0.09824652777777777,256,0.6721855998039246,0.0,0.0,0.0,False,136,PNG,896,88,10.181818181818182,1.086343344155844
hr0dfYh7.png,lontara,train,0.0,251.85250854492188,0.0,0.14165998931623933,0.06129807692307692,256,0.7049476504325867,0.0,0.0,0.0,False,136,PNG,948,48,19.75,0.7563291139240507
7JlX3bAd.png,lampung,train,0.0,252.5640869140625,0.0,0.12372372372372373,0.0957957957957958,66,0.5326599478721619,0.0,0.0,0.0,False,149,PNG,90,37,2.4324324324324325,2.3783783783783785
TZXjeSy0.png,lampung,train,0.0,254.36073303222656,0.0,0.10543228508686399,0.011302069643810994,256,0.6201127767562866,0.0,0.0,0.0,False,129,PNG,581,203,2.862068965517241,0.754669628549384
kPaABd0l.png,lontara,train,0.0,252.38665771484375,0.0,0.10858832465277778,0.05105251736111111,256,0.6986986994743347,0.0,0.0,0.0,False,137,PNG,954,60,15.9,0.6479385045422781
HT5rmqMe.png,sunda,train,0.0,252.0549774169922,0.0,0.14449295343137256,0.06640625,256,0.5802964568138123,0.0,0.0,0.0,False,138,PNG,787,70,11.242857142857142,0.714322018515157
DXszkDdN.png,jawi,train,0.0,250.93499755859375,0.0,0.2206688596491228,0.06813665021929824,256,0.5645586848258972,0.0,0.0,0.0,False,132,PNG,800,79,10.126582278481012,0.8946835443037975
UdhDfaAy.png,jawa,train,0.0,81.07221984863281,0.0,0.4314671814671815,0.36303336303336303,20,1.5319973230361938,0.0,0.0,0.0,True,146,PNG,546,74,7.378378378378378,1.9895059895059892
vRes0AJq.png,lampung,train,0.0,252.2886505126953,0.0,0.10940545808966862,0.06140350877192982,77,0.9097276926040649,0.0,0.0,0.0,False,85,PNG,114,36,3.1666666666666665,2.2319688109161797
8ua1wfDX.png,jawi,train,0.0,250.46865844726562,0.0,0.24664199561403508,0.07007264254385964,256,0.5790891647338867,0.0,0.0,0.0,False,131,PNG,802,79,10.151898734177216,0.9438429243347328
Oez2NizN.png,pegon,train,0.0,254.196044921875,0.0,0.18638338966682763,0.054482536616771285,5,0.9512514472007751,0.0,0.0,0.0,False,127,PNG,114,109,1.0458715596330277,1.4717527764365042
0XmV3sqy.png,lontara,train,0.0,252.47174072265625,0.0,0.09583333333333334,0.051458333333333335,256,0.7543553709983826,0.0,0.0,0.0,False,139,PNG,941,61,15.42622950819672,0.6415219247051445
VhDTXgrp.png,lontara,train,0.0,251.9785614013672,0.0,0.15693204365079366,0.05998883928571429,256,0.6683971285820007,0.0,0.0,0.0,False,135,PNG,938,51,18.392156862745097,0.7249466950959488
vgioF8rC.png,jawa,train,0.0,250.95895385742188,0.0,0.17907631802721088,0.08816964285714286,256,0.7010213732719421,0.0,0.0,0.0,False,139,PNG,920,59,15.59322033898305,0.9171702284450994
TxMU41VO.png,lampung,train,0.0,252.9122314453125,0.0,0.12029746281714786,0.0594925634295713,90,0.8215672969818115,0.0,0.0,0.0,False,146,PNG,127,36,3.5277777777777777,2.416447944006999
CuRMXZBz.png,pegon,train,0.0,254.44679260253906,0.0,0.12777821408937406,0.042173878897353335,5,1.0218400955200195,0.0,0.0,0.0,False,127,PNG,119,107,1.1121495327102804,1.1792978873792508
dP4RZxcI.png,jawi,train,0.0,254.8002471923828,0.0,0.07532467532467532,0.019624819624819625,5,0.9723734259605408,0.0,0.0,0.0,False,127,PNG,63,55,1.1454545454545455,1.075901875901876
17nQ7hxB.png,jawa,train,0.0,250.58360290527344,0.0,0.1801215277777778,0.09087456597222222,256,0.634575605392456,0.0,0.0,0.0,False,139,PNG,811,51,15.901960784313726,0.9593578491815962
m8IB76jQ.png,sunda,train,0.0,254.76309204101562,0.0,0.20412457912457913,0.02988215488215488,5,0.7988638281822205,0.0,0.0,0.0,False,127,PNG,44,54,0.8148148148148148,1.505050505050505
GhwXgGfR.png,bali,train,0.0,254.5244598388672,0.0,0.09836601307189542,0.03398692810457516,5,1.12135648727417,0.0,0.0,0.0,False,127,PNG,90,68,1.3235294117647058,1.2261437908496733
7PsKowCN.png,lontara,train,0.0,252.24192810058594,0.0,0.13078703703703703,0.05613425925925926,256,0.7087041139602661,0.0,0.0,0.0,False,137,PNG,966,45,21.466666666666665,0.6987807683459858
BUFPaVQZ.png,sunda,train,0.0,254.54345703125,0.0,0.18022328548644337,0.04678362573099415,5,0.923321008682251,0.0,0.0,0.0,False,127,PNG,209,45,4.644444444444445,1.2308346624136095
d3UqJGKe.png,jawi,train,0.0,254.67727661132812,0.0,0.11039163676080511,0.028007489467935714,5,0.8947150111198425,0.0,0.0,0.0,False,127,PNG,442,58,7.620689655172414,0.7495709158995163
hrxUi4So.png,jawi,train,0.0,251.54017639160156,0.0,0.19137369791666667,0.05987955729166667,256,0.5845075845718384,0.0,0.0,0.0,False,133,PNG,797,83,9.602409638554215,0.8176444800532116
bKY1z0HZ.png,bali,train,0.0,254.840576171875,0.0,0.08687357839900213,0.022525497101768287,5,0.9312475919723511,0.0,0.0,0.0,False,127,PNG,177,77,2.2987012987012987,0.7390124000293492
27D56YjS.png,lampung,train,0.0,246.74424743652344,0.0,0.2174174174174174,0.16261261261261262,139,0.5580014586448669,0.0,0.0,0.0,False,142,PNG,148,45,3.2888888888888888,3.503903903903904
TKGLdJm3.png,sunda,train,0.0,254.5813751220703,0.0,0.1651376146788991,0.05286151157710791,5,0.8882020711898804,0.0,0.0,0.0,False,127,PNG,109,42,2.595238095238096,1.3315858453473133
fvQqQR7V.png,jawa,train,0.0,90.9837417602539,0.0,0.4883221371660678,0.36677862833932195,20,1.579704999923706,0.0,0.0,0.0,True,145,PNG,346,74,4.675675675675675,2.044055616309952
01MMZ5aI.png,jawa,train,0.0,252.27386474609375,0.0,0.10756062158469945,0.06333247950819672,256,0.6849706768989563,0.0,0.0,0.0,False,142,PNG,952,76,12.526315789473683,0.6444051304732419
0dfivSA8.png,lontara,train,0.0,252.43536376953125,0.0,0.12111979166666667,0.05122395833333333,256,0.6813511848449707,0.0,0.0,0.0,False,137,PNG,811,53,15.30188679245283,0.7660703068655049
4HAoOb3l.png,jawi,train,0.0,252.581298828125,0.0,0.10349237351190477,0.05952380952380952,256,0.7507953643798828,0.0,0.0,0.0,False,143,PNG,882,64,13.78125,0.7185374149659864
nbFy3gmG.png,bali,train,0.0,250.60813903808594,0.0,0.13763786764705882,0.12775735294117646,256,1.0845973491668701,0.0,0.0,0.0,False,156,PNG,1370,61,22.459016393442624,0.8842407562522436
3MmTjrlP.png,jawa,train,0.0,80.34117889404297,0.0,0.47541165999109924,0.33199821984868716,24,1.3863602876663208,0.0,0.0,0.0,True,138,PNG,642,84,7.642857142857143,2.112594570538496
Cd46zhcT.png,pegon,train,0.0,254.50318908691406,0.0,0.1520315423683507,0.04029671210906175,5,0.8934179544448853,0.0,0.0,0.0,False,127,PNG,174,172,1.0116279069767442,1.0481154771451484
BpNhg6ls.png,sunda,train,0.0,254.7989959716797,0.0,0.11578406756448299,0.023396484820817166,5,0.7731530666351318,0.0,0.0,0.0,False,127,PNG,674,78,8.64102564102564,0.60108042303888
6KVqgrdM.png,pegon,train,0.0,254.3983612060547,0.0,0.17003663003663003,0.043992673992673995,5,0.9602580666542053,0.0,0.0,0.0,False,127,PNG,175,156,1.1217948717948718,1.2735531135531135
JYtblEYm.png,jawa,train,4.706281661987305,245.75619506835938,0.87152099609375,0.1373716153127918,0.07878151260504201,256,0.6786423325538635,1.0,0.0,0.0,False,137,PNG,336,51,6.588235294117647,15.84640522875817
IGQ5z17r.png,jawa,train,0.0,251.54446411132812,0.0,0.12920321637426901,0.08104897660818713,256,0.7583910226821899,0.0,0.0,0.0,False,143,PNG,939,70,13.414285714285716,0.8400425985090522
nbRDI49S.png,jawi,train,0.0,254.67120361328125,0.0,0.15874335106382978,0.02925531914893617,5,0.8715118765830994,0.0,0.25,0.0,False,127,PNG,128,47,2.723404255319149,1.0625
Zi9CGwaW.png,jawi,train,0.0,254.12925720214844,0.0,0.4842105263157895,0.08771929824561403,5,0.7909108400344849,0.0,0.0,0.0,False,127,PNG,19,15,1.2666666666666666,5.642105263157895
wXDIdAIQ.png,lampung,train,0.0,254.76278686523438,0.0,0.07068062827225131,0.019426839349683107,5,0.9440839886665344,0.0,0.0,0.0,False,127,PNG,191,76,2.513157894736842,0.7682557178286029
j8hvrMrh.png,jawi,train,0.0,254.67457580566406,0.0,0.18732782369146006,0.048209366391184574,5,0.8623567819595337,0.0,0.0,0.0,False,127,PNG,22,33,0.6666666666666666,2.4242424242424243
gELOnTQ8.png,sunda,train,0.0,254.55923461914062,0.0,0.20481927710843373,0.04446878422782037,5,0.7748160362243652,0.0,0.0,0.0,False,127,PNG,83,55,1.509090909090909,1.244249726177437
H97vIDFG.png,jawi,train,0.0,251.09744262695312,0.0,0.23036151960784312,0.0610140931372549,256,0.5671702027320862,0.0,0.0,0.0,False,131,PNG,803,89,9.02247191011236,0.8405557809898275
MXWpeYmn.png,pegon,train,0.0,254.21951293945312,0.0,0.18483063328424154,0.05314187530682376,5,0.9869861006736755,0.0,0.0,0.0,False,127,PNG,97,84,1.1547619047619049,1.5699558173784978
qoikUBwF.png,sunda,train,0.0,254.70864868164062,0.0,0.16792929292929293,0.02988215488215488,5,0.7110211849212646,0.0,0.0,0.0,False,127,PNG,44,54,0.8148148148148148,1.2356902356902355
txixAaRu.png,jawi,train,0.0,254.512939453125,0.0,0.12487512487512488,0.04295704295704296,5,1.022456169128418,0.0,0.25,0.0,False,127,PNG,77,39,1.9743589743589745,1.5131535131535132
k9F7RsAo.png,jawi,train,0.0,254.71788024902344,0.0,0.1309605488850772,0.024957118353344767,5,0.8764517903327942,0.0,0.0,0.0,False,127,PNG,530,66,8.030303030303031,0.7547169811320755
nbXcyVS0.png,lampung,train,0.0,251.13632202148438,0.0,0.13308233753478474,0.07611720412506139,118,0.7495035529136658,0.0,0.0,0.0,False,105,PNG,149,41,3.634146341463415,2.399083319692257
xWAVcyUQ.png,jawa,train,0.0,210.0133514404297,0.0,0.2884318033854167,0.49383544921875,256,1.3580328226089478,24.0,0.0,0.0,False,129,PNG,934,78,11.974358974358974,2.072805139186296
p1KvJOpI.jpg,jawa,train,43.404991149902344,251.40911865234375,1.253662109375,0.17516185619212962,0.19450774016203703,256,0.9301266670227051,0.0,0.0,0.0023193359375,False,199,JPEG,768,1024,0.75,1.25384521484375
C566ep0O.png,jawi,train,0.0,250.54367065429688,0.0,0.27276932565789475,0.07207716557017543,256,0.5792577266693115,0.0,0.0,0.0,False,131,PNG,809,80,10.1125,0.9496909765142152
cqOKstEs.png,jawa,train,0.0,236.0776824951172,0.0,0.3874892466510999,0.3275777313506206,20,1.3069610595703125,0.0,0.0,0.0,False,73,PNG,618,79,7.822784810126582,1.897996804719184
GOJYN8Ke.png,sunda,train,0.0,254.40716552734375,0.0,0.19114219114219114,0.05194805194805195,5,0.8997227549552917,0.0,0.0,0.0,False,127,PNG,143,42,3.4047619047619047,1.3692973692973691
f2iyc947.png,jawi,train,0.0,254.1065673828125,0.0,0.21700879765395895,0.07064782724606772,5,0.9327244758605957,0.0,0.0,0.0,False,127,PNG,121,31,3.903225806451613,1.7019461476939484
Chi8tOxt.png,jawa,train,0.0,251.28587341308594,0.0,0.18393640350877194,0.07108347039473684,256,0.6381025910377502,0.0,0.0,0.0,False,135,PNG,831,82,10.134146341463415,0.8791053975521704
nXFMMzKG.png,jawi,train,0.0,252.26170349121094,0.0,0.08846654647435898,0.06618088942307693,256,0.846996009349823,0.0,0.0,0.0,False,146,PNG,953,65,14.66153846153846,0.7106949713455485
MuQjkMD7.png,jawi,train,0.0,254.8234405517578,0.0,0.05827147401908802,0.012142099681866384,5,0.87807297706604,0.0,0.0,0.0,False,127,PNG,205,92,2.2282608695652173,0.5734888653234358
4t6j7WDj.jpg,lampung,train,25.63465690612793,248.33558654785156,1.079803466796875,0.18392321995956096,0.20015074378971692,256,0.7349933385848999,0.0,0.0,0.0,False,182,JPEG,1270,954,1.3312368972746331,1.58273329041417
EYfOQbjR.png,sunda,train,0.0,254.66912841796875,0.0,0.1683046683046683,0.03501228501228501,5,0.9442476630210876,0.0,0.0,0.0,False,127,PNG,74,44,1.681818181818182,1.4078624078624078
qBGQp2f4.png,sunda,train,0.0,254.60511779785156,0.0,0.16260479625658023,0.04006628972509261,5,0.9308452606201172,0.0,0.0,0.0,False,127,PNG,223,46,4.8478260869565215,1.1004094365373367
NjSjleEK.png,sunda,train,0.0,254.77951049804688,0.0,0.10194762836641506,0.025719876991892647,5,0.8397495150566101,0.0,0.0,0.0,False,127,PNG,735,73,10.068493150684931,0.6372565464541982
RBrgVb0r.png,jawi,train,0.0,253.7203369140625,0.0,0.0611129981884058,0.027499433876811596,256,0.6165471076965332,0.0,0.0,0.0,False,138,PNG,858,103,8.330097087378642,0.4382284382284382
CxqhB2vV.png,bali,train,0.0,250.0569305419922,0.0,0.15317563657407407,0.11480034722222222,256,0.9355219006538391,0.0,0.0,0.0,False,147,PNG,1427,67,21.29850746268657,0.8686211549121945
QhTBtVpk.png,bali,train,0.0,254.60289001464844,0.0,0.09794776119402986,0.03575870646766169,5,1.142175555229187,0.0,0.0,0.0,False,127,PNG,96,67,1.4328358208955223,1.2624378109452736
pn7Eltsw.png,pegon,train,0.0,250.25230407714844,0.0,0.17826224662162163,0.0824535472972973,256,0.6541707515716553,0.0,0.0,0.0,False,136,PNG,844,81,10.419753086419751,0.9864841144461998
xwvLPfJ9.png,pegon,train,0.0,250.6096649169922,0.0,0.18720087274774774,0.08540962837837837,256,0.6639106869697571,0.0,0.0,0.0,False,137,PNG,908,88,10.318181818181818,0.9911894273127754
8GWAk0ds.png,lampung,train,0.0,251.11082458496094,0.0,0.13188798554652212,0.08491418247515808,102,0.6867780685424805,0.0,0.0,0.0,False,144,PNG,123,36,3.4166666666666665,2.894308943089431
9qkJVgk3.png,jawi,train,0.0,254.79971313476562,0.0,0.08104575163398693,0.020130718954248367,5,0.9834398627281189,0.0,0.0,0.0,False,127,PNG,75,51,1.4705882352941178,1.0499346405228758
IBkfr9Dk.png,jawi,train,0.0,254.78225708007812,0.0,0.08338747401247401,0.023453742203742203,5,0.9056869745254517,0.0,0.0,0.0,False,127,PNG,416,74,5.621621621621622,0.6587837837837838
AyNqhpo3.png,jawa,train,0.0,215.86634826660156,0.0,0.2413977117486339,0.38543801229508196,256,0.8237006068229675,18.0,0.0,0.0,False,119,PNG,997,79,12.620253164556962,1.7474194736107056
ZfZb7Wre.jpg,jawa,train,13.114385604858398,147.97998046875,2.6640167236328125,0.16496898509837962,0.9595947265625,256,0.9307794570922852,1.0,0.0,0.014424641927083334,False,114,JPEG,1440,1920,0.75,1.297204861111111
g9f8i1Ui.png,jawa,train,0.0,255.0,0.0,0.19168959301774025,0.06913955032729342,15,0.86557537317276,0.0,0.0,0.0,False,133,PNG,635,83,7.650602409638554,1.240110046485153
j76Ic5Y3.png,jawi,train,0.0,254.60736083984375,0.0,0.16302952503209242,0.03915275994865212,5,0.8554145097732544,0.0,0.0,0.0,False,127,PNG,41,38,1.0789473684210529,1.797175866495507
KC6zdFaL.png,jawa,train,0.0,252.64108276367188,0.0,0.09643871753246754,0.056868912337662336,256,0.7023066878318787,0.0,0.0,0.0,False,142,PNG,997,100,9.97,0.639358074222668
mKhQBdwA.png,sunda,train,0.0,254.52256774902344,0.0,0.1955503512880562,0.03673887587822014,5,0.8354647755622864,0.0,0.0,0.0,False,127,PNG,112,61,1.836065573770492,1.2540983606557377
gFMueXPs.png,jawi,train,0.0,254.72488403320312,0.0,0.10814696485623003,0.02838125665601704,5,0.8574799299240112,0.0,0.0,0.0,False,127,PNG,313,60,5.216666666666667,0.7561235356762513
vk31wBev.png,jawi,train,0.0,254.50369262695312,0.0,0.18988985215898144,0.03869832893579595,5,0.8422264456748962,0.0,0.0,0.0,False,127,PNG,379,63,6.015873015873016,1.0058215018637182
78ORQc4c.png,sunda,train,0.0,249.8804168701172,0.0,0.17223307291666667,0.11904296875,256,0.7123780250549316,0.0,0.0,0.0,False,143,PNG,800,42,19.047619047619047,1.055952380952381
p4pi6VXK.png,jawa,train,0.0,209.01734924316406,0.0,0.2617614412568306,0.4523779030054645,256,0.9984886646270752,19.0,0.0,0.0,False,121,PNG,842,67,12.567164179104475,1.942212925869465
hz0i0VAL.jpg,jawi,train,49.04731369018555,223.0990753173828,1.12005615234375,0.3700847349643221,0.55625,244,0.05712873861193657,0.0,0.0,1.5927624872579002e-05,False,166,JPEG,654,480,1.3625,0.8275993883792049
kf8yJyhK.png,jawa,train,0.0,250.26242065429688,0.0,0.2106181210691824,0.09279186320754718,256,0.6363247036933899,0.0,0.0,0.0,False,137,PNG,930,64,14.53125,0.989516129032258
CqZCTB8q.png,jawa,train,0.0,251.16314697265625,0.0,0.14950086805555557,0.0798828125,256,0.7161843180656433,0.0,0.0,0.0,False,140,PNG,919,72,12.76388888888889,0.8753476000483618
g3kvSk1p.png,jawi,train,0.0,254.88922119140625,0.0,0.05673469387755102,0.01183673469387755,5,0.901348352432251,0.0,0.0,0.0,False,127,PNG,49,50,0.98,1.0742857142857145
GAOgnfKS.png,pegon,train,0.0,254.3717803955078,0.0,0.21388955871714493,0.05166385338799132,5,0.9225059747695923,0.0,0.0,0.0,False,127,PNG,143,116,1.2327586206896552,1.3532674222329395
iM3DEjm8.png,lontara,train,0.0,252.98147583007812,0.0,0.11618768601190477,0.04162016369047619,256,0.6604166626930237,0.0,0.0,0.0,False,135,PNG,860,63,13.65079365079365,0.5867847914359542
JKN982kq.png,jawi,train,0.0,254.91851806640625,0.0,0.03556843267108168,0.007381346578366446,5,0.8648808598518372,0.0,0.0,0.0,False,127,PNG,755,96,7.864583333333333,0.3112582781456953
ufnc7kuz.png,jawi,train,0.0,254.8203887939453,0.0,0.07248721917358474,0.014352047277332207,5,0.8582277297973633,0.0,0.0,0.0,False,127,PNG,618,69,8.956521739130435,0.5284930350358801
oQ8UwTaE.png,pegon,train,0.0,254.350341796875,0.0,0.17904761904761904,0.060238095238095236,5,0.9938468337059021,0.0,0.0,0.0,False,127,PNG,70,60,1.1666666666666667,1.7276190476190476
QG8yrGd8.png,lampung,train,0.0,254.73780822753906,0.0,0.06824754193175246,0.027299016772700982,5,1.1411200761795044,0.0,0.0,0.0,False,127,PNG,247,70,3.5285714285714285,0.752805089647195
6caK0TCI.png,jawi,train,0.0,254.51246643066406,0.0,0.1513344690516752,0.03402786878085004,5,0.8303505182266235,0.0,0.0,0.0,False,127,PNG,587,78,7.5256410256410255,0.8806185296815621
OqCvqOrQ.png,pegon,train,0.0,254.4762420654297,0.0,0.11452810180275716,0.03799929303640862,5,1.0520256757736206,0.0,0.0,0.0,False,127,PNG,82,69,1.1884057971014492,1.3191940615058324
JLXQASMz.png,jawa,train,4.533761501312256,246.8572998046875,1.0623779296875,0.17403982657407052,0.08107278517438514,256,0.5019294619560242,1.0,0.0,0.0,False,135,PNG,389,67,5.8059701492537314,13.425929478571154
D1c1o2WU.png,lontara,train,0.0,251.6332550048828,0.0,0.14731626157407407,0.07139756944444445,256,0.7340596914291382,0.0,0.0,0.0,False,139,PNG,882,41,21.51219512195122,0.8685360322990985
XJSwtqJo.png,sunda,train,0.0,251.57620239257812,0.0,0.14573160807291666,0.07244873046875,256,0.5541999340057373,0.0,0.0,0.0,False,138,PNG,779,65,11.984615384615385,0.7492050952898193
AanAhSMP.png,jawi,train,0.0,254.83901977539062,0.0,0.09052287581699346,0.025490196078431372,5,0.9716092944145203,0.0,0.0,0.0,False,127,PNG,60,51,1.1764705882352942,1.231372549019608
LDln3bUH.png,jawa,train,0.0,251.0804901123047,0.0,0.12490172955974843,0.08208038522012578,256,0.7238679528236389,0.0,0.0,0.0,False,143,PNG,923,64,14.421875,0.8312567713976164
2WFx5pUQ.png,jawa,train,4.2203826904296875,247.57199096679688,0.8346405029296875,0.1322765739197333,0.059174253109373,256,0.6431554555892944,1.0,0.0,0.0,False,135,PNG,709,88,8.056818181818182,14.417874086421335
l04dtfsw.png,lampung,train,0.0,254.62387084960938,0.0,0.10275824770146025,0.0319091400757166,5,0.9883391261100769,0.0,0.0,0.0,False,127,PNG,172,43,4.0,0.9399675500270416
VoOkCBlG.png,sunda,train,0.0,254.53842163085938,0.0,0.15740187288304444,0.041143654114365415,5,0.9478528499603271,0.0,0.0,0.0,False,127,PNG,239,42,5.690476190476191,1.0767085076708507
44PoGOC6.png,jawi,train,0.0,254.91510009765625,0.0,0.033837477569853884,0.007690335811330428,5,0.8811925649642944,0.0,0.0,0.0,False,127,PNG,83,47,1.7659574468085106,0.6439374519354012
bnCQCCP0.png,jawi,train,0.0,253.59671020507812,0.0,0.04699074074074074,0.034027777777777775,256,0.8020185828208923,0.0,0.0,0.0,False,147,PNG,895,53,16.88679245283019,0.3548434700115948
lcJFatXl.png,jawi,train,0.0,254.70578002929688,0.0,0.09925709414200463,0.023261478504445255,5,0.9681322574615479,0.0,0.0,0.0,False,127,PNG,161,51,3.156862745098039,0.886615515771526
pYOWOnoZ.png,jawi,train,0.0,254.73562622070312,0.0,0.08991228070175439,0.02850877192982456,5,0.9301632046699524,0.0,0.0,0.0,False,127,PNG,57,56,1.0178571428571428,1.1528822055137844
21ExR9Ru.png,sunda,train,0.0,254.5373992919922,0.0,0.1641712634620436,0.04806934594168637,5,0.8949576616287231,0.0,0.0,0.0,False,127,PNG,81,47,1.7234042553191489,1.3932230102442869
I2f3AdpP.png,jawa,train,0.0,251.61544799804688,0.0,0.15102132161458334,0.078369140625,256,0.6571813821792603,0.0,0.0,0.0,False,140,PNG,909,76,11.960526315789474,0.8162816281628162
EFJyYqoz.png,jawa,train,4.861186981201172,245.44142150878906,1.18670654296875,0.15117545611327948,0.09385495143868566,256,0.7113913893699646,1.0,0.0,0.0,False,138,PNG,479,46,10.41304347826087,16.049378233638922
Fpi34fCB.png,lampung,train,0.0,253.68214416503906,0.0,0.17341772151898735,0.08959212376933896,124,0.7493789196014404,0.0,0.0,0.0,False,156,PNG,158,45,3.511111111111111,2.4326300984528832
9nxofWC0.png,jawi,train,0.0,248.65280151367188,0.0,0.20888157894736842,0.12513706140350878,256,0.6971105337142944,0.0,0.0,0.0,False,140,PNG,804,40,20.1,1.1223880597014926
ZMAb47Da.png,jawi,train,0.0,254.6802215576172,0.0,0.11047619047619048,0.02857142857142857,5,0.8843845129013062,0.0,0.0,0.0,False,127,PNG,35,45,0.7777777777777778,1.6812698412698412
2fkdzLjc.png,lampung,train,0.0,254.72940063476562,0.0,0.10523644752018455,0.026620530565167243,5,0.9210168719291687,0.0,0.0,0.0,False,127,PNG,289,75,3.8533333333333335,0.7905882352941176
hwqyFzh5.png,bali,train,0.0,254.57081604003906,0.0,0.10364298724954463,0.03934426229508197,5,1.1522120237350464,0.0,0.0,0.0,False,127,PNG,90,61,1.475409836065574,1.363934426229508
KN9Iw5q8.png,lampung,train,0.0,254.8331756591797,0.0,0.07521645021645022,0.02100550964187328,5,0.9457324147224426,0.0,0.0,0.0,False,127,PNG,264,77,3.4285714285714284,0.6627312081857536
p3gMu4xn.png,jawa,train,0.0,206.99583435058594,0.0,0.23151468579234974,0.4874914617486339,256,1.0209656953811646,22.0,0.0,0.0,False,119,PNG,970,77,12.597402597402596,1.898835185433124
oCvVQCcJ.png,jawa,train,0.0,252.374267578125,0.0,0.11519607843137254,0.0585171568627451,256,0.7207757234573364,0.0,0.0,0.0,False,140,PNG,853,94,9.074468085106384,0.759472200743309
GgCJQTs8.png,jawa,train,0.0,239.92901611328125,0.0,0.39254674403610573,0.34892327530625405,28,1.6793501377105713,0.0,0.0,0.0,False,48,PNG,705,110,6.409090909090909,2.48923275306254
hJoHn83a.png,sunda,train,0.0,254.5338134765625,0.0,0.1657986111111111,0.03819444444444445,5,0.8414497375488281,0.0,0.0,0.0,False,127,PNG,32,36,0.8888888888888888,2.173611111111111
vNZuhbRM.png,jawi,train,0.0,254.8331298828125,0.0,0.08237204135691703,0.014184397163120567,5,0.8193461894989014,0.0,0.0,0.0,False,127,PNG,564,83,6.795180722891566,0.4744082713834059
BhcaOKnO.png,lontara,train,0.0,250.10853576660156,0.0,0.1697048611111111,0.09177714646464646,256,0.7312960028648376,0.0,0.0,0.0,False,137,PNG,1024,44,23.272727272727277,0.9655539772727272
a38mKtUf.png,jawi,train,0.0,250.12879943847656,0.0,0.27328330592105265,0.07295093201754387,256,0.5602436065673828,0.0,0.0,0.0,False,131,PNG,789,78,10.115384615384617,0.976503851028566
QS4dasqK.png,jawa,train,4.245259761810303,246.70071411132812,1.42218017578125,0.12582678792889623,0.07234394377842084,256,0.7455655932426453,1.0,0.0,0.0,False,137,PNG,328,59,5.559322033898305,15.274906986358
CUahBk8n.png,jawi,train,0.0,254.63711547851562,0.0,0.14174874921826142,0.030741869918699188,5,0.8332274556159973,0.0,0.0,0.0,False,127,PNG,624,82,7.609756097560975,0.8308317698561601
DYeVyAyC.png,sunda,train,0.0,254.64102172851562,0.0,0.1746031746031746,0.040013227513227514,5,0.9352896809577942,0.0,0.0,0.0,False,127,PNG,72,42,1.7142857142857142,1.492063492063492
fgR4T1WK.png,bali,train,0.0,254.5439453125,0.0,0.1304131054131054,0.04650997150997151,5,1.1274707317352295,0.0,0.0,0.0,False,127,PNG,234,60,3.9,1.1566951566951569
o7wasDKU.jpg,jawi,train,0.0,254.05410766601562,0.0,0.03686386433782267,0.042021780303030304,256,1.0948647260665894,0.0,0.0,0.0,False,186,JPEG,1237,1600,0.773125,0.4219563459983831
bZm9gGmC.png,sunda,train,0.0,254.44248962402344,0.0,0.2005357142857143,0.05017857142857143,5,0.9179601073265076,0.0,0.0,0.0,False,127,PNG,160,35,4.571428571428571,1.332857142857143
GE0IcGGu.png,jawa,train,0.0,254.80921936035156,0.0,0.1578226634714139,0.027730229373502224,5,0.7850268483161926,0.0,0.0,0.0,False,127,PNG,127,69,1.8405797101449275,0.8773251169690746
tOrVRjPb.png,jawa,train,0.0,254.6048126220703,0.0,0.14650856389986824,0.034255599472990776,5,0.8303818702697754,0.0,0.0,0.0,False,127,PNG,115,66,1.7424242424242424,1.0982872200263505
Kgpk7ZZg.png,bali,train,0.0,254.5272674560547,0.0,0.1217564870259481,0.04221556886227545,5,1.1016863584518433,0.0,0.0,0.0,False,127,PNG,167,60,2.783333333333333,1.1017964071856288
NVx8YxxP.png,jawi,train,0.0,254.72021484375,0.0,0.14084507042253522,0.03630672926447574,5,0.8089662194252014,0.0,0.0,0.0,False,127,PNG,142,45,3.1555555555555554,1.022848200312989
37GylGd0.png,lampung,train,0.0,254.70945739746094,0.0,0.0721890721890722,0.028314028314028315,5,1.1516927480697632,0.0,0.0,0.0,False,127,PNG,231,74,3.121621621621621,0.7665847665847666
6fEMM1Oz.png,bali,train,0.0,249.8916015625,0.0,0.1520373774509804,0.13560814950980393,256,1.0365632772445679,0.0,0.0,0.0,False,153,PNG,1335,59,22.6271186440678,0.9891703167650606
A9sXDe5H.png,lontara,train,0.0,254.66632080078125,0.0,0.11042548900988103,0.01984271022383545,5,0.9064186215400696,0.0,0.0,0.0,False,127,PNG,435,57,7.631578947368421,0.6272232304900182
RSGUES1l.png,sunda,train,0.0,252.5063018798828,0.0,0.1,0.05580357142857143,256,0.6675258278846741,0.0,0.0,0.0,False,141,PNG,819,75,10.92,0.6118681318681318
T5ThUHie.jpg,jawi,train,58.377193450927734,161.54222106933594,56.55561828613281,0.42039297424824057,0.8133947136916186,256,0.3780323266983032,1.0,0.0,0.0024267234484964813,False,108,JPEG,840,570,1.4736842105263157,1.5458145363408522
u6O8GoiS.png,sunda,train,0.0,254.46084594726562,0.0,0.1564922480620155,0.047642118863049095,5,0.9028933644294739,0.0,0.0,0.0,False,127,PNG,144,43,3.3488372093023258,1.2157622739018088
NkCNXRcC.png,jawa,train,4.355018138885498,246.78738403320312,0.458587646484375,0.14760638297872342,0.07764057750759878,256,0.6401566863059998,1.0,0.0,0.0,False,138,PNG,560,94,5.957446808510638,14.995896656534956
i95CZtB9.png,jawa,train,0.0,251.05062866210938,0.0,0.14574032738095238,0.07705543154761904,256,0.7510871291160583,0.0,0.0,0.0,False,139,PNG,811,59,13.745762711864408,1.0023197976969216
86I8SQzL.png,jawi,train,0.0,250.95791625976562,0.0,0.2359985853909465,0.07060185185185185,256,0.5761234164237976,0.0,0.0,0.0,False,132,PNG,799,84,9.511904761904765,0.9026759640026224
kkZ1uJIR.png,jawi,train,0.0,254.79855346679688,0.0,0.09367232203927064,0.019184892314365314,5,0.8240139484405518,0.0,0.0,0.0,False,127,PNG,689,87,7.919540229885057,0.548120714678945
sVKuUOSv.png,pegon,train,0.0,254.36753845214844,0.0,0.1766513982642237,0.04592574734811958,5,0.9531009197235107,0.0,0.0,0.0,False,127,PNG,136,122,1.1147540983606556,1.2608486017357765
oEexlTsq.png,jawi,train,0.0,249.88609313964844,0.0,0.24859775641025642,0.08189770299145299,256,0.5962668657302856,0.0,0.0,0.0,False,132,PNG,800,81,9.876543209876544,1.038395061728395
Dry3qSLh.png,jawi,train,0.0,249.36062622070312,0.0,0.2775756278538813,0.08534888698630137,256,0.5539422035217285,0.0,0.0,0.0,False,131,PNG,782,74,10.567567567567568,1.045413700145158
KNBLkUcH.png,bali,train,0.0,254.77537536621094,0.0,0.08863636363636364,0.026851851851851852,5,0.912423849105835,0.0,0.0,0.0,False,127,PNG,132,90,1.4666666666666666,0.8612794612794613
NUd1UDvM.png,lontara,train,0.0,252.27316284179688,0.0,0.09554036458333333,0.053515625,256,0.7410726547241211,0.0,0.0,0.0,False,140,PNG,975,51,19.11764705882353,0.7030668677727501
IXK7zxuZ.png,jawa,train,0.0,252.0926971435547,0.0,0.12978001644736842,0.06534402412280702,256,0.7047212719917297,0.0,0.0,0.0,False,140,PNG,943,93,10.13978494623656,0.7513882712459663
1KefcIhj.png,jawi,train,0.0,254.3749237060547,0.0,0.23105312848682516,0.04154149858381255,5,0.8346778750419617,0.0,0.0,0.0,False,127,PNG,382,61,6.262295081967213,1.1034245987468887
spliyOqu.png,lampung,train,0.0,249.77626037597656,0.0,0.15797430083144368,0.1369992441421013,126,0.5959222316741943,0.0,0.0,0.0,False,146,PNG,147,36,4.083333333333333,3.2441421012849583
EjBO4VeV.png,jawa,train,0.0,246.8739776611328,0.0,0.2626136982041514,0.23538443597916506,20,1.210740566253662,0.0,0.0,0.0,False,54,PNG,677,76,8.907894736842104,1.9018891393920547
WDR2ShTy.png,pegon,train,0.0,254.5434112548828,0.0,0.17928373005971687,0.037460285776069996,5,0.848750114440918,0.0,0.0,0.0,False,127,PNG,691,87,7.942528735632184,0.9391020842690088
TXWQkfQ4.png,jawa,train,0.0,94.06808471679688,0.0,0.408836782376502,0.4379033155318202,28,1.6915887594223022,0.0,0.0,0.0,True,159,PNG,642,112,5.732142857142857,2.575878949710725
uTFMKoRL.png,sunda,train,0.0,254.4947052001953,0.0,0.1736358244365362,0.05204626334519573,5,0.9157863259315491,0.0,0.0,0.0,False,127,PNG,281,48,5.854166666666667,1.15361803084223
HzzA7VHe.png,lontara,train,0.0,253.13006591796875,0.0,0.0993844696969697,0.038446969696969695,256,0.681644082069397,0.0,0.0,0.0,False,136,PNG,933,67,13.92537313432836,0.5308505702996272
R89F1Atb.png,jawa,train,0.0,251.22511291503906,0.0,0.13481898907103826,0.07605447404371585,256,0.7186325788497925,0.0,0.0,0.0,False,140,PNG,812,64,12.6875,0.9258004926108374
UIaLnvhh.png,lampung,train,0.0,254.74761962890625,0.0,0.07684210526315789,0.0193859649122807,5,0.8909306526184082,0.0,0.0,0.0,False,127,PNG,285,80,3.5625,0.6364912280701754
mFUCWEED.png,jawi,train,0.0,254.6829071044922,0.0,0.13127690100430417,0.028694404591104734,5,0.8776448965072632,0.0,0.0,0.0,False,127,PNG,34,41,0.8292682926829268,1.6527977044476327
Sj0tYd67.png,jawi,train,0.0,254.58372497558594,0.0,0.10316666666666667,0.035,5,1.176509141921997,0.0,0.0,0.0,False,127,PNG,100,60,1.6666666666666667,1.192
pabCL57q.png,pegon,train,0.0,254.20021057128906,0.0,0.19778613199665832,0.05847953216374269,5,1.0207890272140503,0.0,0.0,0.0,False,127,PNG,114,84,1.3571428571428572,1.6449456975772765
PzpijjpM.png,lampung,train,0.0,254.59579467773438,0.0,0.1246928746928747,0.033015970515970515,5,0.934931218624115,0.0,0.25,0.0,False,127,PNG,148,44,3.363636363636364,1.0442260442260445
Mqn2TGZS.png,jawi,train,0.0,252.43812561035156,0.0,0.09516242937853107,0.06093308615819209,256,0.7511806488037109,0.0,0.0,0.0,False,144,PNG,884,68,13.0,0.7140005323396327
Ztg57klF.png,jawa,train,5.5906596183776855,243.1110076904297,1.630035400390625,0.24790877525252525,0.11702967171717171,256,0.5481660962104797,1.0,0.0,0.0,False,133,PNG,576,44,13.090909090909092,16.34753787878788
3l22B7OQ.png,jawa,train,0.0,246.46104431152344,0.0,0.22101743923375802,0.19616879009668384,22,1.162262201309204,0.0,0.0,0.0,False,71,PNG,651,85,7.658823529411765,1.7729104545043823
S2lydPJ3.jpg,pegon,train,14.106271743774414,173.6920928955078,15.218353271484375,0.21216649490438566,0.8293828008702622,244,0.4297010600566864,0.0,0.75,0.009189282033665407,False,98,JPEG,355,492,0.7215447154471545,0.8540478644223062
rUbk08HG.png,lampung,train,0.0,254.7015838623047,0.0,0.08454383282364934,0.024146279306829766,5,0.9366701245307922,0.0,0.0,0.0,False,127,PNG,327,48,6.8125,0.6982670744138634
ANzN1TIu.png,pegon,train,0.0,254.1742706298828,0.0,0.26296540121424916,0.06363835856923415,5,0.8726211190223694,0.0,0.0,0.0,False,127,PNG,186,147,1.2653061224489797,1.5159095896423085
lQXSutzH.png,jawa,train,3.829939842224121,248.31423950195312,0.4455718994140625,0.10881596238917578,0.05972939456197827,256,0.7053490877151489,1.0,0.0,0.0,False,139,PNG,667,81,8.234567901234568,13.88120754437596
LdAfbYLV.png,lontara,train,0.0,251.18701171875,0.0,0.13517680921052633,0.06866776315789473,256,0.7017319202423096,0.0,0.0,0.0,False,137,PNG,979,48,20.39583333333333,0.8171603677221655
z93c8GUg.png,bali,train,0.0,254.75592041015625,0.0,0.09718143459915612,0.02929957805907173,5,0.9477975964546204,0.0,0.0,0.0,False,127,PNG,375,79,4.746835443037975,0.7229029535864979
VsZpO7bY.png,pegon,train,0.0,254.38414001464844,0.0,0.18761904761904763,0.049246031746031746,5,0.9027202129364014,0.0,0.0,0.0,False,127,PNG,420,60,7.0,1.1447619047619049
a0CO5Rbb.png,jawa,train,4.963391304016113,245.9062957763672,0.9731903076171875,0.13559456040480708,0.08179158760278304,256,0.7164309620857239,1.0,0.0,0.0,False,138,PNG,372,68,5.470588235294118,15.972169512966476
exqWyPOU.png,sunda,train,0.0,254.5448760986328,0.0,0.17766638819270397,0.04873294346978557,5,0.9483381509780884,0.0,0.0,0.0,False,127,PNG,171,42,4.071428571428571,1.2497911445279866
fiFlK8a2.png,jawa,train,0.0,224.70274353027344,0.0,0.40701228648486665,0.35133353311357507,14,1.4111665487289429,0.0,0.0,0.0,False,104,PNG,355,47,7.553191489361702,2.2587953251423434
jQg8o3pa.png,bali,train,0.0,250.3560333251953,0.0,0.14965557795698925,0.1250840053763441,256,1.011204481124878,0.0,0.0,0.0,False,152,PNG,1412,57,24.771929824561404,0.8714278614382983
UuFHKhPB.png,lontara,train,0.0,251.8158416748047,0.0,0.14153079710144928,0.06550045289855072,256,0.6730781197547913,0.0,0.0,0.0,False,138,PNG,877,53,16.547169811320753,0.8178825756760827
i8aNlkNv.png,pegon,train,0.0,254.1383056640625,0.0,0.2412623891497131,0.057207442183968005,5,0.8867761492729187,0.0,0.0,0.0,False,127,PNG,162,142,1.1408450704225352,1.4647887323943662
DKyDdSq4.png,jawa,train,4.98199462890625,247.3545684814453,2.2243194580078125,0.14080217974916856,0.07284529390551749,256,0.6815291047096252,1.0,0.0,0.0,False,137,PNG,423,59,7.169491525423729,15.0857875545939
qkwpx4OH.png,jawa,train,0.0,252.3703155517578,0.0,0.15390282346491227,0.056315104166666664,256,0.6613544821739197,0.0,0.0,0.0,False,136,PNG,823,81,10.160493827160494,0.805004275235138
FPuPjmRC.png,lontara,train,0.0,251.99148559570312,0.0,0.16253255208333334,0.05992838541666667,256,0.7020525932312012,0.0,0.0,0.0,False,135,PNG,948,49,19.346938775510203,0.7295272539395505
w6X8UUSv.png,jawi,train,0.0,254.69776916503906,0.0,0.14511064593301434,0.02556818181818182,5,0.8358812928199768,0.0,0.0,0.0,False,127,PNG,152,88,1.7272727272727273,0.901913875598086
Pjd219XL.png,jawa,train,0.0,251.38687133789062,0.0,0.1466746794871795,0.07778445512820513,256,0.7045174837112427,0.0,0.0,0.0,False,140,PNG,988,83,11.903614457831326,0.8233744695380714
UvIhehD6.png,jawi,train,0.0,249.77638244628906,0.0,0.3110908961187215,0.07511058789954338,256,0.5668215751647949,0.0,0.0,0.0,False,130,PNG,799,76,10.513157894736842,0.9579079112047956
RVHspG2D.png,jawi,train,0.0,250.8194122314453,0.0,0.2314676084474886,0.06840396689497717,256,0.5628665685653687,0.0,0.0,0.0,False,132,PNG,801,76,10.539473684210526,0.9155660687298772
HBj1uyhH.png,jawi,train,0.0,254.809814453125,0.0,0.0877577505407354,0.015486661860129777,5,0.8287668824195862,0.0,0.0,0.0,False,127,PNG,365,95,3.842105263157895,0.5410237923576063
CkGqSZv5.png,jawa,train,3.580108165740967,247.24021911621094,0.4954376220703125,0.13173258003766478,0.07306967984934086,256,0.7684455513954163,1.0,0.0,0.0,False,139,PNG,354,60,5.9,14.918267419962335
KxJaPGN8.png,jawa,train,0.0,251.51661682128906,0.0,0.15647007042253522,0.0702574823943662,256,0.6248338222503662,0.0,0.0,0.0,False,137,PNG,882,82,10.75609756097561,0.8096897295503567
OHoXioVL.png,sunda,train,0.0,252.55198669433594,0.0,0.1304253472222222,0.05808738425925926,256,0.609878420829773,0.0,0.0,0.0,False,139,PNG,787,74,10.635135135135137,0.6796936707991346
MICLdVDB.png,lontara,train,0.0,252.52166748046875,0.0,0.10850694444444445,0.054346478174603176,256,0.7291438579559326,0.0,0.0,0.0,False,139,PNG,940,51,18.431372549019606,0.6633291614518148
yb8drFcF.png,jawa,train,0.0,243.28091430664062,0.0,0.33271138476847967,0.31818888577914606,22,1.3278710842132568,0.0,0.0,0.0,False,53,PNG,397,81,4.901234567901234,2.049693690331809
yLFKh66e.png,sunda,train,0.0,254.46136474609375,0.0,0.17850408548082966,0.036455059710873663,5,0.8772366642951965,0.0,0.0,0.0,False,127,PNG,43,37,1.162162162162162,1.945945945945946
kalEX9GD.png,jawa,train,0.0,204.2841796875,0.0,0.2483191287878788,0.5283380681818182,256,1.2224864959716797,25.0,0.0,0.0,False,124,PNG,906,65,13.93846153846154,1.89872643912379
WfmnDtRN.png,sunda,train,0.0,254.3708038330078,0.0,0.2009782125389062,0.052171335408329626,5,0.892761766910553,0.0,0.0,0.0,False,127,PNG,173,39,4.435897435897436,1.3303690529124057
xkUMcjKo.png,lontara,train,0.0,252.46311950683594,0.0,0.12054398148148149,0.0484375,256,0.6889205574989319,0.0,0.0,0.0,False,136,PNG,943,55,17.145454545454545,0.6356502458305215
aGRaVan8.png,lampung,train,0.0,251.38487243652344,0.0,0.13249835201054713,0.08091628213579433,119,0.8182470202445984,0.0,0.0,0.0,False,99,PNG,148,41,3.609756097560976,2.5629531970995387
N0bb2f2V.png,pegon,train,0.0,249.31565856933594,0.0,0.19061279296875,0.10538736979166667,256,0.7019895315170288,0.0,0.0,0.0,False,138,PNG,842,70,12.028571428571428,1.13050559891415
Zo51afLu.png,bali,train,0.0,251.03741455078125,0.0,0.1249234068627451,0.1229702818627451,256,1.112969994544983,0.0,0.0,0.0,False,159,PNG,1411,63,22.396825396825395,0.8656699627642221
vFM0jy9H.jpg,jawa,train,0.0,156.89166259765625,0.0,0.15326580901177675,0.9036798355094726,210,0.5670816898345947,1.0,0.0,0.0020041282642089095,False,94,JPEG,847,999,0.8478478478478478,1.6737587646678556
EYpmsJp4.jpg,bali,train,37.030616760253906,180.06707763671875,23.025787353515625,0.27845142505787035,0.9100070529513888,256,0.28151389956474304,1.0,0.0,2.0345052083333332e-05,False,138,JPEG,1024,768,1.3333333333333333,1.4314473470052085
JqpiLypx.png,pegon,train,0.0,254.54920959472656,0.0,0.1687171052631579,0.040625,5,0.9144975543022156,0.0,0.0,0.0,False,127,PNG,190,160,1.1875,1.1365789473684211
MZ9jtSor.png,lampung,train,0.0,250.041015625,0.0,0.1832512315270936,0.15251231527093595,125,0.6189550757408142,0.0,0.0,0.0,False,149,PNG,145,35,4.142857142857143,3.5247290640394087
gEkmXKul.png,jawa,train,0.0,248.41851806640625,0.0,0.2511245265151515,0.11446496212121213,256,0.6440009474754333,0.0,0.0,0.0,False,135,PNG,915,53,17.264150943396228,1.1102175482008454
WEajVawh.png,,test,17.68088150024414,226.28306579589844,36.760101318359375,0.29448742746615086,0.42649903288201163,205,0.22208362817764282,0.0,0.0,0.0,False,156,PNG,47,44,1.068181818181818,13.876208897485494
qA1ZrD98.png,,test,0.0,251.6079559326172,0.0,0.1437607820586544,0.08941920644048304,97,0.8208745121955872,0.0,0.0,0.0,False,86,PNG,148,47,3.148936170212766,2.2173663024726853
G4lDbpor.png,,test,0.0,254.81082153320312,0.0,0.09750789750789751,0.02214812214812215,5,0.8093824982643127,0.0,0.0,0.0,False,127,PNG,407,70,5.814285714285714,0.8923832923832924
fDI0VO86.png,,test,16.953956604003906,243.3110809326172,12.621551513671875,0.3936564127604167,0.2757568359375,233,0.16768313944339752,0.0,0.0,0.0,False,155,PNG,808,67,12.059701492537313,7.099748780848234
J9SshuHf.png,,test,19.44976234436035,110.94396209716797,28.684722900390625,0.4493489583333333,0.9266059027777778,129,0.6139516234397888,2.0,0.0,0.0,False,80,PNG,1447,56,25.839285714285715,18.711817553559086
aZwZsKoj.png,,test,23.24559211730957,225.72561645507812,2.1702880859375,0.27055569524767414,0.3947699270807141,201,0.3616865873336792,0.0,0.0,0.0,False,154,PNG,97,41,2.365853658536585,12.554186572793563
5sibrN1x.png,,test,17.25295639038086,156.5124053955078,33.78379821777344,0.19820817786069653,0.9780589241293532,126,0.2910151183605194,0.0,0.0,0.0,False,108,PNG,919,80,11.4875,7.556256800870511
OQTuij3P.png,,test,11.242133140563965,249.94708251953125,6.648529052734375,0.2100996376811594,0.2546195652173913,180,0.5352200269699097,0.0,0.0,0.0010869565217391304,False,178,PNG,160,138,1.1594202898550725,10.969927536231884
ItQogqk5.jpg,,test,52.347877502441406,173.14158630371094,75.65449523925781,0.2577830615942029,0.9848505434782608,229,0.5184084177017212,0.0,0.0,0.0,False,125,JPEG,720,961,0.7492195629552549,1.2991212856977683
ZqydnzgJ.png,,test,16.022706985473633,195.95474243164062,19.250274658203125,0.1413155333055208,0.8256223056598526,256,0.8534643054008484,1.0,0.0,2.0859407592824365e-05,False,146,PNG,423,340,1.2441176470588236,14.287804199694062
PVjGocDm.png,,test,3.1409645080566406,254.0648651123047,0.079559326171875,0.0796740301724138,0.09188667385057471,174,0.48732396960258484,0.0,0.0,0.013110632183908046,False,190,PNG,868,66,13.151515151515152,1.0536237955592795
VJtZBYhT.png,,test,18.029075622558594,227.53761291503906,19.553253173828125,0.35709283713485396,0.3317076830732293,226,0.1869724690914154,0.0,0.0,0.00662765106042417,False,145,PNG,392,102,3.843137254901961,10.320728291316527
0CSBXH8E.png,,test,9.665048599243164,242.27098083496094,1.7567291259765625,0.12440870387890256,0.15069604000540612,231,0.4190703332424164,0.0,0.0,0.0,False,159,PNG,151,98,1.5408163265306123,7.308555210163536
Qs5gOQRU.png,,test,7.7292656898498535,233.6125030517578,0.7542266845703125,0.25182680348258707,0.33311955845771146,247,0.44885969161987305,0.0,0.0,0.0010688743781094526,False,159,PNG,886,77,11.506493506493506,8.995807803934214
3pEwqbyv.png,,test,22.907747268676758,135.14540100097656,14.195419311523438,0.10900331225534478,0.9202047576031316,152,0.4860430359840393,4.0,0.0,0.0,False,78,PNG,162,82,1.975609756097561,18.5161096055405
LYSJlPHg.jpg,,test,104.59966278076172,172.71617126464844,90.57867431640625,0.3125559488932292,0.9732750786675347,243,0.3158929944038391,0.0,0.0,0.008165147569444444,False,131,JPEG,1024,1024,1.0,3.3718414306640625
RuN8j9dn.png,,test,24.616737365722656,214.28305053710938,38.14726257324219,0.236896197327852,0.4092154847550531,194,0.16710901260375977,0.0,0.0,0.0,False,145,PNG,139,42,3.3095238095238093,11.617677286742037
r0elQ0IA.jpg,,test,46.075233459472656,115.65618896484375,57.76499938964844,0.24330873842592593,0.9436776620370371,188,0.38927191495895386,0.0,0.0,0.0005714699074074074,False,84,JPEG,480,288,1.6666666666666667,0.9723958333333332
2vGITeza.png,,test,6.128917694091797,251.19532775878906,0.3829345703125,0.23392422662495654,0.26989920055613487,171,0.476001501083374,0.0,0.0,0.026068821689259645,False,183,PNG,137,42,3.261904761904762,7.407716371220021
8cP0TG9G.png,,test,9.765836715698242,253.33001708984375,0.540374755859375,0.10780872584541062,0.12415081521739131,212,0.4076176583766937,0.0,0.0,0.0,False,178,PNG,794,71,11.183098591549296,2.7316138645474863
j6anMMkb.png,,test,25.432409286499023,215.94598388671875,36.810333251953125,0.25059101654846333,0.3484042553191489,209,0.48250916600227356,0.0,0.0,0.0,False,141,PNG,94,36,2.611111111111111,15.063829787234043
KTQSUrrc.jpg,,test,61.40435028076172,213.66259765625,47.1153564453125,0.25235239664713544,0.6097234090169271,256,0.18978244066238403,1.0,0.0,4.8319498697916664e-05,False,158,JPEG,1200,800,1.5,0.9741166666666666
m5VeP6bO.png,,test,0.0,254.55511474609375,0.0,0.15570672713529857,0.03490285002890045,5,0.8456795811653137,0.0,0.0,0.0,False,127,PNG,357,63,5.666666666666667,0.9575385709839492
SnCZ4PQw.png,,test,14.012147903442383,193.9388885498047,33.81755065917969,0.2008460918614021,1.0,121,0.2832774817943573,0.0,0.0,0.0,False,154,PNG,170,146,1.1643835616438356,10.853505237711524
wBQ3yw10.png,,test,26.546268463134766,144.1927490234375,47.57520294189453,0.19028355678841116,0.8640006164278009,153,0.3701936602592468,0.0,0.0,0.0,False,84,PNG,412,63,6.53968253968254,9.955617198335643
AdpKUfiD.png,,test,9.006219863891602,244.57139587402344,14.869903564453125,0.23507254464285715,0.2573939732142857,225,0.5019222497940063,0.0,0.0,0.018740699404761904,False,176,PNG,224,96,2.333333333333333,6.835565476190476
KEu2kTL0.jpg,,test,0.0,253.07640075683594,0.0,0.054191468253968256,0.026966559193121693,256,0.5388497710227966,0.0,0.0,0.0,False,133,JPEG,1503,986,1.524340770791075,0.8221393588752178
vDh3sqrP.png,,test,0.0,249.86215209960938,0.0,0.16736534552845528,0.11404344512195122,256,0.7180617451667786,0.0,0.0,0.0,False,142,PNG,798,43,18.55813953488372,1.042373375298712
vlFWLeRt.jpg,,test,14.893148422241211,252.35317993164062,0.226531982421875,0.06308105998914224,0.04006345005428882,256,0.405934602022171,0.0,0.0,0.0,False,147,JPEG,750,938,0.7995735607675906,1.1778024164889838
i3o0uiBI.png,,test,30.07797622680664,218.74134826660156,50.39253234863281,0.22173659673659674,0.28966866466866464,215,0.20825856924057007,0.0,0.0,0.0,False,139,PNG,168,143,1.1748251748251748,9.725274725274724
GzY7jkaJ.png,,test,23.14368438720703,206.4497833251953,40.22416687011719,0.2795506709039548,0.8258960098870056,219,0.12359009683132172,0.0,0.25,0.0,False,119,PNG,781,60,13.016666666666667,4.217840375586855
G3QE12Wa.png,,test,15.141179084777832,229.46417236328125,20.735382080078125,0.2892104640151515,0.19658499053030304,225,0.30617302656173706,0.0,0.25,0.0,False,128,PNG,932,53,17.58490566037736,7.322536237752045
OejnTLcZ.png,,test,31.066823959350586,214.86251831054688,36.43878173828125,0.11964769065520946,0.46816469745793055,226,0.6569545269012451,1.0,0.0,0.0,False,144,PNG,665,525,1.2666666666666666,8.70571858216971
XSED2XWK.jpg,,test,23.932100296020508,235.84686279296875,16.532455444335938,0.10027398003472222,0.21293809678819445,256,0.5136523246765137,0.0,0.0,0.0,False,125,JPEG,1080,1440,0.75,0.562906378600823
inXsqhEY.png,,test,0.0,254.53558349609375,0.0,0.20554323725055432,0.040354767184035474,5,0.79034823179245,0.0,0.0,0.0,False,127,PNG,82,55,1.490909090909091,1.332150776053215
ndpkiGAu.jpg,,test,37.37001037597656,216.3704376220703,78.14202880859375,0.1949433992032501,0.26685599337356525,247,0.7472807765007019,0.0,0.0,0.0,False,141,JPEG,405,626,0.646964856230032,2.8265530706425275
bJbum0jm.png,,test,16.98263931274414,137.6966552734375,38.132537841796875,0.19477771577380953,0.8920665922619048,146,0.26043301820755005,0.0,0.0,0.0,False,86,PNG,885,64,13.828125,8.547881355932203
vhJKwyt6.png,,test,0.0,249.53265380859375,0.0,0.14749262536873156,0.11799410029498525,93,0.8212372064590454,0.0,0.0,0.0,False,101,PNG,113,48,2.3541666666666665,2.5073746312684366
HC8195r5.jpg,,test,74.34554290771484,71.72593688964844,64.15264892578125,0.47297414143880206,0.7221908569335938,252,0.43650713562965393,0.0,0.0,0.0011774698893229167,True,135,JPEG,1024,683,1.499267935578331,1.785470808931186
FsRveb1q.png,,test,0.0,254.28244018554688,0.0,0.18189125295508274,0.054231678486997635,5,0.9916907548904419,0.0,0.0,0.0,False,127,PNG,150,141,1.0638297872340423,1.446808510638298
I9EOqAYR.png,,test,5.421521186828613,242.6932373046875,1.6880950927734375,0.1633415725047081,0.1889418549905838,235,0.42259252071380615,0.0,0.0,0.0,False,158,PNG,708,48,14.75,9.581214689265536
1ylSINFk.png,,test,16.174171447753906,238.07534790039062,1.1457977294921875,0.25072916666666667,0.28778645833333333,249,0.4665496051311493,0.0,0.0,0.006171875,False,165,PNG,915,59,15.508474576271189,7.19118273594517
os7DW2YN.png,,test,32.53764724731445,236.3554229736328,0.6635589599609375,0.15030589543937709,0.21231924360400445,241,0.49149277806282043,5.0,0.0,0.0,False,157,PNG,124,58,2.1379310344827585,20.31924360400445
lYmPrQa7.png,,test,0.0,254.4254608154297,0.0,0.17021384412688761,0.040437823046518696,5,0.8894842267036438,0.0,0.0,0.0,False,127,PNG,143,138,1.036231884057971,1.199959460829026
DouTwCmZ.jpg,,test,35.55216598510742,242.74591064453125,4.8905792236328125,0.1737517602717031,0.23817511597084162,256,0.5663305521011353,0.0,0.0,0.0,False,179,JPEG,768,503,1.5268389662027833,1.8684766401590456
JM5Rlwfw.png,,test,21.32118797302246,123.8797378540039,36.280357360839844,0.28990129995185365,0.7670919595570534,144,0.323845237493515,0.0,0.0,0.0,False,69,PNG,134,124,1.0806451612903225,10.289359653346173
4ONNN3sr.png,,test,40.115966796875,212.0786590576172,36.75975036621094,0.1528186274509804,0.6678155637254902,212,0.33970391750335693,5.0,0.0,0.0,False,147,PNG,796,88,9.045454545454543,20.727843764275924
26WUdDnL.jpg,,test,23.38208770751953,188.7265167236328,27.048324584960938,0.275015015015015,0.8606906906906907,220,0.5851655602455139,0.0,0.0,0.0,False,122,JPEG,500,333,1.5015015015015014,4.890954954954955
sXLZOJSp.jpg,,test,70.19990539550781,230.3988037109375,30.070388793945312,0.3409190672153635,0.4762962962962963,245,0.7352291345596313,1.0,0.0,0.0,False,159,JPEG,300,243,1.2345679012345678,9.25048010973937
TdLGEb6y.png,,test,23.593759536743164,25.618289947509766,1.2363910675048828,0.4695178952991453,0.6162860576923077,226,0.2484065294265747,0.0,0.25,0.0,True,113,PNG,848,43,19.72093023255814,6.061211057481351
eJBz6Ijo.png,,test,25.017871856689453,193.0283660888672,44.62892150878906,0.29271859873942263,0.9500992443500366,131,0.6202401518821716,0.0,0.0,0.0,False,127,PNG,611,47,13.0,6.904063794964655
QfVxUOA8.png,,test,20.02214241027832,148.8144073486328,37.7020263671875,0.348991452991453,0.8624273504273504,150,0.5752427577972412,0.0,0.0,0.0,False,100,PNG,375,39,9.615384615384617,4.527042735042735
xKDQ2khc.png,,test,17.54129409790039,250.849853515625,1.69818115234375,0.21291866028708134,0.2511961722488038,192,0.31897857785224915,0.0,0.0,0.0,False,176,PNG,76,55,1.3818181818181818,8.11866028708134
J0DSglN2.png,,test,28.88327980041504,151.1573944091797,47.91468811035156,0.17348345588235295,0.8607077205882353,169,0.22231806814670563,0.0,0.0,0.0,False,84,PNG,821,91,9.021978021978022,7.613336724177163
S9OQQwUs.png,,test,0.0,254.31382751464844,0.0,0.19464660170223264,0.05464413469840878,5,0.984340250492096,0.0,0.0,0.0,False,127,PNG,134,121,1.1074380165289257,1.418527198717158
Y3FTOh22.png,,test,28.74163818359375,45.580814361572266,7.81427001953125,0.46253492506985017,0.31216662433324865,228,0.4030878245830536,0.0,0.0,0.0,True,136,PNG,127,31,4.096774193548387,11.078486156972314
U8zdIIUJ.png,,test,21.930461883544922,229.922607421875,1.2674102783203125,0.20715442004504506,0.14222621058558557,236,0.28688448667526245,0.0,0.0,0.0,False,134,PNG,815,79,10.316455696202532,6.400372757629882
MXzGfFQm.jpg,,test,53.41310119628906,127.32179260253906,106.80397033691406,0.4298125674850946,0.947863363222384,151,0.384697824716568,0.0,0.0,0.0,False,94,JPEG,716,476,1.504201680672269,0.7944932162809257
TWwOlCLX.webp,,test,5.562481880187988,200.72511291503906,8.5457763671875,0.08329947575360419,0.9853735255570117,218,0.32263875007629395,0.0,0.0,0.0,False,131,WEBP,700,436,1.6055045871559632,0.298872870249017
aYPxmfJH.png,,test,44.192928314208984,191.7897491455078,38.84185791015625,0.2671322566564819,0.9290702749890878,221,0.5248856544494629,7.0,0.0,0.0,False,127,PNG,116,79,1.4683544303797469,20.840680925360104
Z7BTkpZi.png,,test,8.631133079528809,244.63209533691406,7.2478485107421875,0.4738425925925926,0.3006655092592593,248,0.24170304834842682,0.0,0.25,0.004050925925925926,False,152,PNG,828,49,16.897959183673468,6.010844917677216
3ZJwNBAE.png,,test,32.540931701660156,231.1602020263672,16.814865112304688,0.2158583603896104,0.19318181818181818,250,0.3920707404613495,5.0,0.0,0.0,False,141,PNG,838,84,9.976190476190476,21.09387430389817
VjUX1UMA.jpg,,test,3.843461275100708,249.78396606445312,0.0071563720703125,0.28732096354166664,0.13340386284722222,256,0.48941877484321594,0.0,0.0,0.0,False,137,JPEG,1500,1600,0.9375,1.315856666666667
Pe5YLNR7.png,,test,2.5027506351470947,196.32110595703125,0.1648712158203125,0.12878964552238806,0.9461481654228856,202,0.2539795935153961,0.0,0.0,0.0,False,125,PNG,865,76,11.38157894736842,5.179069059933069
yDpRmpun.jpg,,test,66.80259704589844,192.40618896484375,15.2933349609375,0.4534934714988426,0.9266040943287037,252,0.6019293665885925,1.0,0.0,0.00013563368055555556,False,138,JPEG,3120,4160,0.75,1.469415680473373
7WFSRZdK.png,,test,0.0,254.4034423828125,0.0,0.172245164094762,0.052488589437078896,5,0.9121832251548767,0.0,0.0,0.0,False,127,PNG,214,43,4.976744186046512,1.19452292979787
ih56UWvz.jpg,,test,47.74040985107422,185.15731811523438,62.18797302246094,0.418237003279321,0.8982325424382716,255,0.469452828168869,0.0,0.0,0.0008439429012345679,False,123,JPEG,1706,960,1.7770833333333331,1.18049531066823
SkISLMsf.png,,test,0.0,254.37832641601562,0.0,0.16074414715719063,0.046822742474916385,5,0.9422770142555237,0.0,0.0,0.0,False,127,PNG,104,46,2.260869565217391,1.3812709030100334
na92LGMz.png,,test,0.0,253.1544952392578,0.0,0.09150094696969698,0.040157433712121215,256,0.6945693492889404,0.0,0.25,0.0,False,137,PNG,970,56,17.321428571428573,0.5300441826215022
1ZVk0eST.png,,test,0.0,250.1960906982422,0.0,0.1699588477366255,0.09526748971193416,108,0.7213133573532104,0.0,0.0,0.0,False,112,PNG,135,36,3.75,3.078189300411523
gdOOKVnw.png,,test,18.26776885986328,233.6080322265625,19.849334716796875,0.22482517482517483,0.2949300699300699,190,0.37116703391075134,0.0,0.0,0.0,False,160,PNG,143,40,3.575,12.13006993006993
ehzSl5Ig.png,,test,8.755714416503906,237.83372497558594,20.26629638671875,0.06552875905797101,0.08752264492753623,196,0.3493059277534485,0.0,0.0,0.0,False,159,PNG,942,56,16.821428571428573,4.538671519563239
fWSSeXCX.webp,,test,35.84465789794922,202.91464233398438,37.70237731933594,0.2378386353417266,0.7225087117805755,256,0.45318588614463806,1.0,0.0,0.0,False,144,WEBP,960,695,1.381294964028777,1.6970263788968825
zNfsepUJ.png,,test,25.785846710205078,213.3887176513672,39.9061279296875,0.25059288537549407,0.32964426877470354,194,0.2832598388195038,0.0,0.0,0.0,False,133,PNG,55,46,1.1956521739130437,11.699604743083004
fkJRTTfO.png,,test,0.0,250.1937255859375,0.0,0.19195963541666666,0.08512369791666667,256,0.635850727558136,0.0,0.0,0.0,False,135,PNG,820,85,9.647058823529411,1.03012912482066
pgSyyi4V.png,,test,13.903146743774414,253.22119140625,0.84039306640625,0.07951200181159421,0.09771286231884058,192,0.7076922655105591,0.0,0.0,0.0,False,182,PNG,1112,67,16.597014925373134,2.91495758616987
YZumQKNy.jpg,,test,32.10979461669922,82.12923431396484,50.842376708984375,0.3059756573083779,0.6490641711229946,254,0.24010351300239563,4.0,0.0,0.0,True,162,JPEG,720,985,0.7309644670050761,1.4121714608009024
WiADA2MM.png,,test,12.230013847351074,194.21841430664062,15.40972900390625,0.3534268465909091,0.7272727272727273,164,0.37383952736854553,0.0,0.25,0.0,False,115,PNG,882,51,17.294117647058822,6.382819794584501
OZQEsgPy.png,,test,0.0,251.80538940429688,0.0,0.13954331279449075,0.0775643349039507,62,0.9744198322296143,0.0,0.0,0.0,False,73,PNG,89,31,2.870967741935484,3.125770206596593
HLdt1ZzI.png,,test,10.465285301208496,248.74957275390625,1.21160888671875,0.2887152777777778,0.3335503472222222,236,0.4995737075805664,0.0,0.0,0.0,False,167,PNG,925,36,25.694444444444443,5.391231231231231
9JSbMpTZ.jpg,,test,3.299348831176758,102.53314208984375,6.165107727050781,0.05255500637755102,0.9738321109693877,128,0.49966996908187866,1.0,0.0,0.02361686862244898,False,68,JPEG,224,224,1.0,4.615274234693878
dzq5cujj.jpg,,test,10.929332733154297,155.67840576171875,11.9163818359375,0.08835780767746913,0.975121768904321,203,0.8089297413825989,1.0,0.0,0.1416769145447531,False,104,JPEG,1000,1778,0.562429696287964,0.8601079865016873
OsqMdOFN.png,,test,22.493362426757812,194.3607177734375,43.17549133300781,0.05655328798185941,0.9936054421768707,195,0.33969610929489136,0.0,0.0,0.0,False,134,PNG,735,60,12.25,4.59936507936508
HgwXDSUQ.png,,test,22.77507781982422,210.30824279785156,40.96159362792969,0.18352842809364547,0.9774247491638796,173,0.49500343203544617,0.0,0.0,0.0,False,147,PNG,52,46,1.1304347826086956,9.876254180602007
pTQL9HRj.png,,test,5.737574577331543,230.1656951904297,0.175537109375,0.304058908045977,0.23846084770114942,253,0.3764861226081848,0.0,0.0,0.055944683908045974,False,148,PNG,807,91,8.868131868131869,6.769230769230769
3nLgwaxm.png,,test,18.373695373535156,219.52932739257812,39.218170166015625,0.12346442410751092,0.21790749443482563,182,0.1814088076353073,0.0,0.0,0.0,False,170,PNG,311,78,3.9871794871794872,7.651743754637645
TXqX2mWJ.png,,test,10.985258102416992,248.53240966796875,4.2656707763671875,0.24174053182917002,0.27048079505774913,236,0.32178977131843567,0.0,0.0,0.0,False,159,PNG,102,73,1.3972602739726028,9.722266988987377
q0xsg3Dy.jpg,,test,71.09774780273438,196.0966796875,13.149505615234375,0.26777027271412035,0.8170708550347222,256,0.3685280680656433,1.0,0.0,9.04224537037037e-06,False,123,JPEG,4608,3456,1.3333333333333333,0.4086160542052469
F9izBJpz.png,,test,9.011956214904785,246.53475952148438,3.058685302734375,0.42013353877760656,0.4243708269131998,233,0.661891520023346,0.0,0.0,0.039291217257318954,False,173,PNG,132,59,2.23728813559322,8.043143297380585
t82u4xu2.png,,test,6.171565055847168,243.3903350830078,0.2126312255859375,0.39544513457556935,0.378223226049313,235,0.6867687106132507,0.0,0.0,0.07326369282891022,False,173,PNG,483,44,10.977272727272728,3.937135328439677
jg4VFZds.jpg,,test,28.942062377929688,152.40248107910156,53.690208435058594,0.1915546218487395,0.9804201680672269,212,0.6067076325416565,1.0,0.0,0.00015406162464985996,False,118,JPEG,300,238,1.2605042016806722,1.6436974789915966
lUuephPg.jpg,,test,0.0,248.1920928955078,0.0,0.15066474780701755,0.1903191038676236,256,0.4347302317619324,0.0,0.0,0.0,False,182,JPEG,824,448,1.8392857142857144,1.913596567267684
OnWsj9bp.png,,test,32.181800842285156,188.4186248779297,43.43359375,0.2022633744855967,0.9314814814814815,203,0.3870949447154999,3.0,0.0,0.0,False,123,PNG,135,36,3.75,18.75884773662552
1c7Wpj98.png,,test,40.166683197021484,200.50477600097656,41.710662841796875,0.4748263888888889,0.5302372685185185,235,0.4612390697002411,4.0,0.25,0.0,False,112,PNG,1414,49,28.857142857142858,19.57370897439598
WSBZPBmt.png,,test,30.330921173095703,211.18310546875,40.490966796875,0.2776692708333333,0.9499308268229166,208,0.4213859438896179,0.0,0.0,0.0,False,142,PNG,932,78,11.948717948717947,5.218003741608892
aQis1ndJ.jpg,,test,11.477636337280273,230.9322967529297,12.522323608398438,0.16807158312297152,0.30294356292823654,254,0.946714460849762,1.0,0.0,0.0,False,164,JPEG,236,376,0.6276595744680851,2.2703750450775333
zFNBzMgh.jpg,,test,44.3260383605957,216.39425659179688,56.4945068359375,0.026109483506944444,0.36904342086226855,256,0.8296092748641968,0.0,0.0,0.0,False,130,JPEG,1080,1440,0.75,0.6218518518518519
BKre5xTa.jpg,,test,41.4431266784668,232.80245971679688,16.153457641601562,0.331939697265625,0.5599043104383681,247,0.9684837460517883,1.0,0.0,9.663899739583333e-05,False,181,JPEG,1024,1024,1.0,2.3908843994140625
vE1lC5ua.jpg,,test,31.6240177154541,253.36688232421875,0.111083984375,0.17630208333333333,0.18136160714285715,256,0.8790234923362732,0.0,0.0,0.0,False,201,JPEG,800,437,1.8306636155606408,0.8597482837528604
F50UsMaR.webp,,test,12.73765754699707,165.1886444091797,6.85662841796875,0.1841908379373849,0.8139987147022714,235,0.44116461277008057,0.0,0.0,0.046541685850214856,True,209,WEBP,2048,2899,0.7064505001724732,0.1475401000344946
26z1ANyb.jpg,,test,0.0,253.07826232910156,0.0,0.08585385923032407,0.09869384765625,256,0.9191537499427795,0.0,0.0,0.0,False,187,JPEG,768,1024,0.75,1.0798441569010415
CnBToLjM.png,,test,2.2612216472625732,237.32955932617188,0.13323974609375,0.18957713293650794,0.24584573412698413,207,0.2653602063655853,0.0,0.0,0.0,False,154,PNG,941,51,18.45098039215686,5.479360713467108
uNqqe0I4.png,,test,20.93408966064453,254.90338134765625,0.06488037109375,0.16964057030649707,0.16334414752838727,66,0.7014718651771545,0.0,0.0,0.0,False,185,PNG,689,68,10.132352941176473,2.1150858021002303
WBPdHXL5.png,,test,21.677749633789062,222.65914916992188,4.042266845703125,0.3043630017452007,0.45780641696872065,213,0.23603208363056183,0.0,0.0,0.0,False,148,PNG,573,65,8.815384615384616,12.56523023224594
U7vvUNPB.png,,test,23.312705993652344,232.23416137695312,30.898193359375,0.14630613230323516,0.19724770642201836,140,0.42155012488365173,0.0,0.0,0.0,False,179,PNG,109,38,2.8684210526315788,9.002414292612265
wLoVkfTl.png,,test,20.61065101623535,181.9989471435547,32.9930419921875,0.33311102642276424,0.7390116869918699,195,0.24108412861824036,0.0,0.25,0.0,False,102,PNG,803,43,18.67441860465116,3.705638738451736
Eys3trgy.png,,test,32.73160171508789,231.17723083496094,17.367401123046875,0.3289930555555556,0.3333333333333333,216,0.6410963535308838,6.0,0.0,0.0,False,151,PNG,32,36,0.8888888888888888,22.08333333333333
fGihSJCN.png,,test,42.077789306640625,222.90826416015625,38.58601379394531,0.3646518640350877,0.4765625,241,0.35682207345962524,5.0,0.0,0.0,False,153,PNG,795,79,10.063291139240508,20.17711965607834
rHj8SiVp.png,,test,34.693626403808594,187.60125732421875,52.00318908691406,0.3564497370550162,0.6757989482200647,247,0.47326213121414185,1.0,0.0,0.0017217839805825242,False,110,PNG,601,897,0.6700111482720178,13.52182631326088
Lm3wIDHm.png,,test,4.091882228851318,251.6382293701172,1.1493682861328125,0.3877551020408163,0.4157642648896293,188,0.5246149301528931,0.0,0.0,0.09758954602249063,False,189,PNG,392,98,4.0,5.575593502707205
m7bhJXyj.png,,test,17.90414810180664,232.83795166015625,0.1971893310546875,0.22065524827152735,0.2906191074795726,237,0.2769016623497009,4.0,0.0,0.0,False,150,PNG,688,74,9.297297297297296,18.68997485857951
3BUyPwJk.png,,test,34.76181411743164,190.4968719482422,43.29838562011719,0.3570923353909465,0.7635673868312757,225,0.31875139474868774,4.0,0.25,0.0,False,108,PNG,846,89,9.50561797752809,18.34600366563073
UnwSaMS8.png,,test,59.36052703857422,248.1472930908203,4.3617401123046875,0.38453182550644566,0.36707239871086556,256,0.804233968257904,0.0,0.0,0.15489276396562307,False,194,PNG,1400,990,1.414141414141414,2.931128427128427
Fj83bcac.jpg,,test,29.241500854492188,214.2709197998047,77.27851867675781,0.07554271708683473,0.6005864845938376,208,1.0278558731079102,2.0,0.0,0.0,False,165,JPEG,794,1024,0.775390625,1.1116774244332497
AvWpUyyu.png,,test,0.0,254.630859375,0.0,0.1523300229182582,0.03200916730328495,5,0.8503972291946411,0.0,0.0,0.0,False,127,PNG,119,110,1.0818181818181818,0.9919022154316272
FWqUTKFt.jpg,,test,39.58762741088867,188.0332489013672,38.00349426269531,0.2885199652777778,0.7900345413773148,256,0.2578381896018982,1.0,0.0,0.00011980975115740741,False,127,JPEG,4344,3258,1.3333333333333333,0.6353591160220995
GtqK3cHR.jpg,,test,13.938918113708496,252.576904296875,1.51226806640625,0.05611577964519141,0.06984126984126984,256,0.9475165605545044,0.0,0.0,0.0,False,183,JPEG,480,357,1.3445378151260503,1.0856209150326797
nGSdmtoh.png,,test,21.30038833618164,209.5298309326172,39.064544677734375,0.4479518581081081,0.8569995777027027,231,0.5947086215019226,0.0,0.0,5.2787162162162165e-05,False,140,PNG,148,128,1.15625,11.01731418918919
pVthZwP1.png,,test,17.646623611450195,136.80926513671875,27.419097900390625,0.18126022913256956,0.9411274077804356,140,0.3679855465888977,0.0,0.0,0.0,False,94,PNG,676,94,7.191489361702128,10.438247513533929
5eX664EA.png,,test,0.0,249.89443969726562,0.0,0.15860483156028368,0.12106604609929078,256,0.6873341202735901,0.0,0.0,0.0,False,148,PNG,945,58,16.29310344827586,6.603028644407955
ScnmEXLU.png,,test,0.0,252.91744995117188,0.0,0.0908499053030303,0.044122869318181816,256,0.7149271965026855,0.0,0.0,0.0,False,139,PNG,895,51,17.54901960784314,0.6160587139883886
n6DUkpEY.png,,test,9.648643493652344,244.16896057128906,1.0308074951171875,0.21522727272727274,0.1998181818181818,242,0.09845029562711716,0.0,0.0,0.0,False,153,PNG,250,88,2.840909090909091,6.6854545454545455
xUGmT8fC.png,,test,15.549335479736328,196.50904846191406,0.6283111572265625,0.3523910984848485,0.9720939867424242,215,0.4956417381763458,2.0,0.0,0.001893939393939394,False,139,PNG,800,46,17.391304347826086,18.034130434782607
Xre8jQe3.webp,,test,41.39498519897461,116.4720458984375,58.891517639160156,0.32976816002949855,0.6815449852507375,240,0.20611095428466797,1.0,0.0,2.0741150442477876e-05,True,183,WEBP,952,700,1.36,1.1952941176470588
C6hR7VXO.png,,test,0.0,250.1449737548828,0.0,0.1410011574074074,0.10688657407407408,256,0.27895113825798035,0.0,0.0,0.0,False,146,PNG,868,51,17.019607843137255,4.318966296195898
8I2L3o6S.png,,test,32.147125244140625,225.1624755859375,44.92082214355469,0.16805013020833334,0.2496337890625,211,0.8648672699928284,0.0,0.0,0.0,False,161,PNG,1401,59,23.74576271186441,7.414655391427431
SxoWWkm3.png,,test,0.0,254.36102294921875,0.0,0.15557553956834533,0.034285071942446045,5,0.89706951379776,0.0,0.0,0.0,False,127,PNG,278,32,8.6875,0.9892086330935252
aq9Gx8p5.png,,test,27.92951011657715,239.89633178710938,36.90423583984375,0.33303571428571427,0.2968377976190476,252,0.27783599495887756,0.0,0.25,0.0,False,151,PNG,807,74,10.905405405405403,9.062996081583442
k5xdnWK8.png,,test,23.396032333374023,243.70777893066406,11.453033447265625,0.04398947368421053,0.07227894736842105,256,0.6673668622970581,0.0,0.0,0.0,False,141,PNG,500,380,1.3157894736842106,1.626021052631579
hJmQnS4O.png,,test,16.519575119018555,219.69174194335938,39.78375244140625,0.09086672879776328,0.17920938179558868,180,0.3113148808479309,0.0,0.0,0.0,False,160,PNG,696,74,9.405405405405403,7.030444237340789
Dpu9hYWa.png,,test,25.424654006958008,241.10855102539062,2.963653564453125,0.2400470890410959,0.20458761415525115,231,0.23744818568229675,0.0,0.0,0.0,False,150,PNG,804,76,10.578947368421051,10.894867766431004
xQjZVApr.png,,test,20.02935791015625,228.8039093017578,17.317276000976562,0.23685897435897435,0.3695868945868946,197,0.2123827338218689,0.0,0.0,0.0,False,161,PNG,180,156,1.1538461538461535,12.612820512820512
OqzKJN52.png,,test,6.005415916442871,235.87551879882812,0.3299407958984375,0.23078547297297297,0.24697353603603603,248,0.4906984865665436,0.0,0.0,0.015413851351351352,False,164,PNG,832,40,20.8,6.630048076923077
LvoCIxWk.png,,test,0.0,252.0735321044922,0.0,0.13650497512437812,0.06141169154228856,256,0.5742356777191162,0.0,0.0,0.0,False,137,PNG,793,69,11.492753623188406,0.6854176946835535
jDvkwspJ.png,,test,0.0,243.54098510742188,0.0,0.12527901785714285,0.06513516865079365,256,0.7219054102897644,0.0,0.0,0.0,False,134,PNG,886,48,18.45833333333333,1.4774266365688489
iSe2cw0a.png,,test,10.771223068237305,139.00941467285156,17.748069763183594,0.1429886033835917,0.9142776244071635,146,0.2929297983646393,0.0,0.0,0.0003539321865930488,False,86,PNG,277,51,5.431372549019608,8.228781765413746
5kT0KM0c.png,,test,27.607528686523438,207.3621826171875,38.34904479980469,0.39571092831962396,0.9997062279670975,177,0.5350591540336609,0.0,0.0,0.0,False,155,PNG,92,37,2.4864864864864864,9.421856639247943
5K4PiZGI.png,,test,20.7834415435791,181.99594116210938,43.64801025390625,0.0969957729468599,0.9369338768115942,196,0.33097711205482483,0.0,0.0,0.0,False,106,PNG,789,71,11.112676056338028,3.0758135632553243
AdLJqOB1.png,,test,10.827774047851562,223.3296356201172,20.326705932617188,0.3499240121580547,0.4297112462006079,221,0.25694549083709717,0.0,0.0,0.0,False,148,PNG,56,47,1.1914893617021276,14.790273556231003
1RE1VcHj.jpg,,test,16.35894203186035,144.7042236328125,8.429290771484375,0.19120654396728015,0.8479811051465576,256,0.2468663901090622,1.0,0.0,0.0003940865712338105,False,80,JPEG,1080,687,1.5720524017467248,2.58136826783115
Mgzl4MJw.png,,test,21.665616989135742,205.62306213378906,44.56903076171875,0.18819119025304593,0.931302717900656,225,0.24844014644622803,0.0,0.0,0.0,False,136,PNG,194,55,3.527272727272728,9.618744142455483
H036HViM.jpg,,test,0.0,68.74480438232422,0.0,0.27687128911849107,0.909975381469014,235,0.7681307792663574,5.0,0.0,0.0,True,132,JPEG,601,563,1.0674955595026645,3.5202666958266717
n5DNTpPv.png,,test,8.111212730407715,252.83749389648438,0.8227691650390625,0.10583524027459955,0.12700228832951946,217,0.5512318015098572,0.0,0.0,0.0,False,181,PNG,76,69,1.1014492753623188,5.365369946605645
G53WDmJS.png,,test,0.0,253.5513916015625,0.0,0.2151404458999874,0.05148633329134652,18,0.8537607192993164,0.0,0.0,0.0,False,45,PNG,467,68,6.867647058823529,1.0369064113868245
yuiAa6pM.jpg,,test,2.8281056880950928,229.19985961914062,0.0501251220703125,0.15287793803418803,0.1364349626068376,256,0.7077767252922058,3.0,0.25,0.0,False,124,JPEG,1024,416,2.4615384615384617,2.5439828725961537
8QbQfOFO.png,,test,6.060062408447266,198.5176544189453,0.7751312255859375,0.11428571428571428,0.9546583850931677,190,0.2160239964723587,0.0,0.0,0.0,False,127,PNG,105,92,1.141304347826087,5.502277432712216
ErGST9sT.jpg,,test,25.52621078491211,102.70140075683594,17.241127014160156,0.2090358527131783,0.8835392441860465,256,0.34497684240341187,1.0,0.0,0.019718992248062017,True,153,JPEG,640,129,4.961240310077519,2.6875968992248063
KLS2GwTM.png,,test,4.9052629470825195,247.16317749023438,1.489410400390625,0.14361525704809286,0.0791044776119403,256,0.6700206995010376,1.0,0.0,0.0,False,139,PNG,402,45,8.933333333333334,15.348148148148148
PFdjl0p9.jpg,,test,25.480823516845703,166.93394470214844,49.538360595703125,0.24320856873822977,0.9876412429378532,206,0.3381604850292206,0.0,0.0,0.008197975517890772,False,127,JPEG,480,354,1.3559322033898304,1.1853107344632767
Pcz6TMby.png,,test,13.980648040771484,212.2978057861328,1.524658203125,0.23707207207207207,0.4541891891891892,219,0.46760863065719604,0.0,0.0,0.0,False,128,PNG,150,148,1.0135135135135136,11.206126126126126
ItKYqOPE.jpg,,test,2.579741954803467,239.82073974609375,0.30218505859375,0.1885132944228275,0.22199000891699092,256,0.4927022159099579,0.0,0.0,0.005851775291828794,False,147,JPEG,830,556,1.4928057553956835,2.3337436075236195
a9BmtPJb.jpg,,test,22.933223724365234,247.41944885253906,1.377410888671875,0.11069144454656862,0.1789574716605392,256,0.7778394222259521,0.0,0.0,0.0,False,175,JPEG,768,544,1.411764705882353,2.120059742647059
EMRQOOsO.png,,test,29.640993118286133,143.1869659423828,41.582672119140625,0.17676767676767677,0.8710918710918711,165,0.36645761132240295,0.0,0.0,0.0,False,83,PNG,132,63,2.095238095238096,10.925444925444925
nQwYl20J.png,,test,13.617660522460938,252.60049438476562,2.496795654296875,0.13426959325396826,0.15665302579365079,175,0.5853812098503113,0.0,0.0,0.0,False,186,PNG,1172,64,18.3125,4.343536689419795
10YNnodr.png,,test,17.79241943359375,238.60220336914062,1.43792724609375,0.36170906718851925,0.3150684931506849,242,0.4468371868133545,0.0,0.0,0.012067840834964122,False,159,PNG,146,42,3.4761904761904763,8.275277234181344
x8yJPsGV.png,,test,13.049944877624512,231.7755126953125,3.1234130859375,0.1210948494230228,0.13780607936954686,235,0.46918001770973206,0.0,0.0,0.0,False,147,PNG,418,68,6.147058823529412,9.962848297213622
y4Div1Ps.jpg,,test,105.95046997070312,241.64385986328125,0.7396392822265625,0.4182071688181476,0.47295243764882816,256,0.5534623265266418,0.0,0.0,2.3499185361574132e-05,False,155,JPEG,404,316,1.2784810126582278,4.107156285248778
IwuTnbUj.png,,test,30.223529815673828,201.26025390625,22.879058837890625,0.39540910773787485,0.7350981118104406,229,0.48996502161026,4.0,0.0,0.0,False,126,PNG,146,37,3.945945945945946,19.425398000740465
6nRakZMt.png,,test,0.0,254.76654052734375,0.0,0.056832207573784724,0.0047149658203125,256,0.46103253960609436,0.0,0.0,0.0,False,129,PNG,864,864,1.0,0.153517232510288
4PdmVIkP.png,,test,17.549423217773438,121.4495849609375,30.180587768554688,0.1927688953488372,0.8452943313953488,135,0.3221975564956665,0.0,0.25,0.0,False,69,PNG,795,45,17.666666666666668,3.24941998602376
4sMBUagD.png,,test,0.0,253.98382568359375,0.0,0.035082499186197914,0.026964823404947918,256,0.6760388016700745,0.0,0.0,0.0,False,150,PNG,1200,800,1.5,0.7644583333333334
lFWeSmNZ.png,,test,27.10586929321289,135.07000732421875,30.511756896972656,0.10125353107344633,0.938868290960452,156,0.45123809576034546,3.0,0.0,0.0,False,86,PNG,936,72,13.0,19.445868945868945
mHeGx7ZL.png,,test,4.820621013641357,246.35191345214844,1.565093994140625,0.1627281460134486,0.09349983989753442,256,0.6541019082069397,1.0,0.0,0.0,False,138,PNG,347,45,7.711111111111111,15.470252961895612
xlXgf5c2.png,,test,14.453781127929688,223.09323120117188,17.9910888671875,0.3585810467479675,0.2737868394308943,250,0.11681801825761795,0.0,0.25,0.0,False,127,PNG,867,46,18.847826086956523,6.305200341005968
NtuvqiQ4.png,,test,23.642629623413086,208.02867126464844,38.56233215332031,0.222109738813525,0.7356077478571911,236,0.32768502831459045,1.0,0.0,0.0,False,127,PNG,449,66,6.803030303030303,13.68428156846865
PbWauHfe.png,,test,19.331893920898438,127.85597229003906,0.34673309326171875,0.18518518518518517,0.8555124892334195,147,0.4917096495628357,4.0,0.0,0.0,False,72,PNG,129,36,3.583333333333333,18.637381567614124
ipYw1jbF.jpg,,test,30.410568237304688,202.77073669433594,48.28501892089844,0.44772904007523145,0.39746997974537035,256,0.539578378200531,1.0,0.75,0.0,False,111,JPEG,1320,990,1.3333333333333333,2.2539271502907865
emcWShUR.png,,test,0.0,194.6772003173828,0.0,0.1917717470760234,0.7863669590643275,256,0.37693431973457336,6.0,0.0,0.0,False,127,PNG,902,67,13.462686567164178,11.090842903001622
zpaJVslx.png,,test,7.304458141326904,161.17919921875,4.848541259765625,0.4531810035842294,1.0,111,0.35580894351005554,1.0,0.0,0.030986783154121865,False,144,PNG,640,279,2.293906810035842,5.8472670250896055
K3eaNag9.png,,test,43.76000213623047,156.1709747314453,39.78407287597656,0.491528420781893,0.9564654063786008,252,0.7032175660133362,1.0,0.0,0.0,False,111,PNG,1707,900,1.8966666666666667,9.875560762871835
YBRfQm8i.jpg,,test,4.077572822570801,245.8089141845703,0.6868438720703125,0.06060769896193772,0.07707071799307959,244,0.6196596026420593,1.0,0.0,0.0,False,178,JPEG,289,128,2.2578125,1.2787629757785468
TqNcmXGk.png,,test,27.638378143310547,252.07757568359375,2.1138763427734375,0.35853269537480065,0.38086124401913873,202,0.6661936044692993,0.0,0.0,0.02711323763955343,False,186,PNG,57,55,1.0363636363636364,8.140350877192983
75FTutS8.png,,test,17.839679718017578,117.38258361816406,36.033782958984375,0.11684895472795237,0.9361068807974526,129,0.32880303263664246,0.0,0.0,0.0,False,77,PNG,233,62,3.758064516129033,6.64543818358023
svOhCBGO.png,,test,0.0,254.55287170410156,0.0,0.18989071038251365,0.05230288836846214,5,0.8916205167770386,0.0,0.0,0.0,False,127,PNG,122,42,2.9047619047619047,1.3817330210772834
Y43lbNxD.jpg,,test,28.899742126464844,161.54522705078125,42.16221618652344,0.10949242424242424,0.9371893939393939,255,0.2416972815990448,1.0,0.0,0.009659090909090909,False,106,JPEG,660,400,1.65,1.5162727272727272
PHspQViJ.png,,test,5.889248847961426,238.9239044189453,0.6786956787109375,0.3607314042251021,0.3973016154802059,225,0.588876485824585,0.0,0.0,0.029114148766199183,False,172,PNG,131,43,3.046511627906977,6.8453754660039055
irfN8SvM.png,,test,32.96068572998047,237.70201110839844,70.96414184570312,0.06766079965232508,0.04360423004490801,16,0.8579479455947876,0.0,0.0,0.0,False,128,PNG,468,236,1.9830508474576272,1.3053744748660003
6keS2q1W.png,,test,18.528236389160156,247.83990478515625,27.081787109375,0.2905649290690842,0.30722739864014104,207,0.5174461007118225,0.0,0.0,0.0,False,185,PNG,627,76,8.25,3.031478217073785
iqjxUJyG.png,,test,12.193464279174805,157.4811248779297,26.236282348632812,0.1553002223869533,0.9959229058561898,147,0.32981404662132263,0.0,0.0,0.0,False,113,PNG,76,71,1.0704225352112675,11.344699777613046
056AqPTe.jpg,,test,9.60423755645752,206.12216186523438,11.583450317382812,0.306382373317498,0.701773431314331,254,0.3921997547149658,1.0,0.0,0.0009062005146476642,False,151,JPEG,800,439,1.8223234624145783,3.1568337129840547
tuQn2tFG.jpg,,test,27.117755889892578,174.6812286376953,3.6084442138671875,0.2284252025462963,0.9516933111496914,252,0.4610896408557892,0.0,0.0,0.20816454475308643,False,116,JPEG,1280,720,1.7777777777777777,0.9665538194444444
VCETFUEm.png,,test,9.06650161743164,242.08316040039062,2.567962646484375,0.18006993006993008,0.18378496503496503,248,0.40006086230278015,0.0,0.0,0.0,False,152,PNG,88,52,1.6923076923076923,12.277972027972028
KbH41LGp.png,,test,22.603778839111328,211.6779022216797,41.367919921875,0.12281888653981678,0.9859901338971107,191,0.4709291160106659,0.0,0.0,0.0,False,147,PNG,473,75,6.306666666666667,5.632360817477097
uDeervHv.png,,test,16.883689880371094,155.76095581054688,27.256439208984375,0.2394675925925926,0.7843460648148148,171,0.2802576422691345,0.0,0.25,2.8935185185185186e-05,False,82,PNG,947,56,16.910714285714285,4.331724241967114
kOzZg1JG.jpg,,test,73.6842269897461,177.0166015625,25.91815185546875,0.38141999421296297,0.8051637249228395,254,0.5848814249038696,0.0,0.0,0.017529899691358024,False,115,JPEG,1280,720,1.7777777777777777,0.7366579861111111
VYOpwZqb.png,,test,30.985790252685547,239.72499084472656,2.6822967529296875,0.18421052631578946,0.23604465709728867,230,0.4604528546333313,5.0,0.0,0.0,False,160,PNG,99,38,2.6052631578947367,20.15311004784689
tFNYQUUg.png,,test,16.135581970214844,127.00717163085938,33.87580108642578,0.11057692307692307,0.9113581730769231,137,0.33382153511047363,0.0,0.0,0.0,False,72,PNG,791,80,9.8875,3.6130214917825536
ZjFyliaI.png,,test,0.0,250.4748992919922,0.0,0.2327332427536232,0.07682291666666667,256,0.6038854122161865,0.0,0.0,0.0,False,133,PNG,798,96,8.3125,1.014515455304929
ikM06HcP.png,,test,34.66370391845703,217.53065490722656,38.0262451171875,0.3607700892857143,0.512406994047619,252,0.3855701684951782,4.0,0.0,0.0,False,146,PNG,792,72,11.0,19.59652076318743
zLGulVUF.png,,test,13.04935073852539,213.15386962890625,1.1063690185546875,0.21792763157894737,0.5877878289473685,181,0.44423598051071167,0.0,0.0,0.0,False,145,PNG,891,88,10.125,9.202632384450569
XBafp2ut.png,,test,7.075436592102051,149.41566467285156,2.0491943359375,0.2284293423694779,0.8218028363453815,156,0.2910015881061554,0.0,0.0,0.23159826807228914,False,83,PNG,792,86,9.209302325581396,6.2710829222457125
XziMPG8z.png,,test,29.26036834716797,209.3472137451172,39.34257507324219,0.22334910975884606,0.9754338517016001,175,0.33119654655456543,0.0,0.0,0.0,False,145,PNG,153,58,2.6379310344827585,9.846292540004509
24T5SZRZ.png,,test,0.0,251.8062286376953,0.0,0.12794091235632185,0.06948186063218391,256,0.7035237550735474,0.0,0.0,0.0,False,141,PNG,1007,76,13.25,0.7766685830763602
Osd5jaCP.png,,test,20.16779327392578,200.0471954345703,38.321533203125,0.40734265734265734,0.993006993006993,139,0.2833090126514435,0.0,0.0,0.0,False,146,PNG,22,26,0.8461538461538461,17.09090909090909
P8cAscCZ.png,,test,0.0,254.76348876953125,0.0,0.06716036772216548,0.02457865168539326,5,1.1075439453125,0.0,0.0,0.0,False,127,PNG,176,89,1.9775280898876404,0.8156281920326864
jM8Jsl4A.png,,test,26.744016647338867,207.88922119140625,48.17408752441406,0.30885416666666665,0.30416666666666664,202,0.292746365070343,0.0,0.0,0.0,False,116,PNG,60,32,1.875,13.033333333333331
s74sHDUk.png,,test,4.227127552032471,232.19163513183594,0.2447662353515625,0.2796739130434783,0.26565217391304347,243,0.5610072612762451,0.0,0.0,0.0052173913043478265,False,154,PNG,200,46,4.3478260869565215,7.657391304347826
0n7QAEVG.png,,test,12.020584106445312,235.13587951660156,19.59710693359375,0.10938464704671744,0.13963778555258283,216,0.5583786368370056,0.0,0.0,0.0,False,151,PNG,113,86,1.313953488372093,9.816011525005145
l7zErLnw.jpg,,test,5.424990653991699,249.09510803222656,0.575775146484375,0.10804202400127698,0.1191429773772728,256,1.1587181091308594,0.0,0.0,0.0,False,169,JPEG,279,494,0.5647773279352226,1.8531191502329023
LPbJ8Xa9.png,,test,16.5312557220459,252.8524932861328,0.5962371826171875,0.29131155303030304,0.2948626893939394,238,0.4246166944503784,0.0,0.0,0.10830965909090909,False,179,PNG,963,97,9.927835051546392,3.225915577394525
uneupKp4.jpg,,test,27.069122314453125,141.15025329589844,33.99303436279297,0.16155064521144277,0.9740409281716418,169,0.4407541751861572,0.0,0.0,8.988261815920398e-05,False,104,JPEG,1024,714,1.4341736694677871,3.060683648459384
RQ3dXMka.png,,test,0.0,254.73080444335938,0.0,0.21170424403183025,0.05238726790450928,5,0.7930677533149719,0.0,0.0,0.0,False,127,PNG,104,58,1.793103448275862,1.2877984084880636
gPxFUf2Q.png,,test,10.20291805267334,241.8209991455078,2.5532684326171875,0.20833333333333334,0.2721417069243156,205,0.4196303188800812,0.0,0.0,0.0,False,161,PNG,138,36,3.8333333333333335,11.951690821256038
gCeXTM6f.png,,test,25.02445411682129,246.1675262451172,2.8371734619140625,0.10036274148657498,0.1189295800589391,256,1.0313911437988281,0.0,0.0,0.0,False,162,PNG,2226,3356,0.6632896305125149,1.1010604975117986
RCAhhZd5.png,,test,0.0,251.8553924560547,0.0,0.1508079594017094,0.06083066239316239,256,0.6842480301856995,0.0,0.0,0.0,False,135,PNG,929,47,19.76595744680851,0.7316034170808235
EZsD6yU2.png,,test,6.7560648918151855,246.04075622558594,2.1318511962890625,0.10018518518518518,0.1308641975308642,211,0.10961505025625229,0.0,0.0,0.0,False,177,PNG,180,90,2.0,7.234074074074074
YwAccQRI.jpg,,test,62.888328552246094,238.83949279785156,81.80435180664062,0.17009062253743104,0.14393223010244288,251,0.790801465511322,0.0,0.0,0.0,False,151,JPEG,600,423,1.4184397163120568,2.002836879432624
YUSbZwlL.png,,test,27.830936431884766,250.36976623535156,12.508377075195312,0.1397589436511592,0.16463227391371105,194,0.6224281787872314,1.0,0.0,0.0,False,188,PNG,167,156,1.0705128205128205,13.773376324274528
etGskeZb.png,,test,0.0,253.07347106933594,0.0,0.15814814814814815,0.12314814814814815,83,0.6122678518295288,0.0,0.0,0.0,False,145,PNG,108,50,2.16,2.1748148148148148
hLjOXcIt.png,,test,10.76584243774414,244.50985717773438,2.2860870361328125,0.17180205415499533,0.22082166199813258,191,0.39678412675857544,0.0,0.0,0.0,False,171,PNG,119,36,3.305555555555556,10.715219421101772
XHfBbGro.png,,test,34.12681198120117,209.94996643066406,39.733795166015625,0.1891048934108527,0.7371002906976745,212,0.5063870549201965,3.0,0.0,0.0,False,147,PNG,1199,67,17.895522388059703,20.468400283818607
qq4ruweS.png,,test,17.29853630065918,244.71810913085938,8.782791137695312,0.32386363636363635,0.38137052341597794,191,0.42956051230430603,1.0,0.0,0.0,False,163,PNG,132,44,3.0,15.893939393939394
88um4MLL.png,,test,22.37508201599121,197.1230926513672,4.7278289794921875,0.3652485925803724,0.819891530736395,207,0.31446802616119385,0.0,0.0,0.0,False,122,PNG,683,71,9.619718309859154,13.322500154661498
mh0dnpYt.png,,test,31.50143051147461,241.3023681640625,42.681793212890625,0.13708170545269238,0.16850687956514354,223,0.43066415190696716,0.0,0.0,0.0,False,164,PNG,203,58,3.5,7.613385425513844
EkcAINcb.jpg,,test,73.56883239746094,191.9363555908203,78.95606994628906,0.1846097046413502,0.5284634317862166,256,0.2812773287296295,0.0,0.5,0.0,False,98,JPEG,395,720,0.5486111111111112,1.881518987341772
t4WWJWrm.png,,test,20.964794158935547,213.38986206054688,41.338714599609375,0.1820059911166202,0.9974520538511862,197,0.44779375195503235,0.0,0.0,0.0,False,158,PNG,461,63,7.317460317460317,2.732500086079262
CnD6r3Nc.png,,test,0.0,254.63233947753906,0.0,0.13951704545454546,0.039261363636363636,5,0.9206685423851013,0.0,0.0,0.0,False,127,PNG,704,50,14.08,0.8793181818181818
KErle2IZ.png,,test,17.740360260009766,223.6326446533203,17.413192749023438,0.43226282761166485,0.4363233665559247,229,0.3740622103214264,0.0,0.0,0.012550756736803248,False,147,PNG,126,43,2.9302325581395348,14.433370247323737
OxqIjBqf.png,,test,15.326940536499023,155.22735595703125,39.89837646484375,0.04924584537572255,0.9765825706486834,184,0.5342399477958679,0.0,0.0,0.0,False,101,PNG,1280,865,1.4797687861271676,5.926423410404624
eQdRb66P.bmp,,test,19.229238510131836,249.95240783691406,0.8184051513671875,0.10478322298020332,0.10569447231139646,256,0.7120505571365356,0.0,0.0,3.344034242910647e-05,False,160,BMP,822,667,1.232383808095952,24.020252647398927
rAp05mwt.jpg,,test,53.435020446777344,237.62022399902344,31.33404541015625,0.21449110243055555,0.31742621527777776,256,0.6201925277709961,0.0,0.0,0.0,False,150,JPEG,1200,750,1.6,0.7851111111111111
NOtYR2fS.png,,test,21.145265579223633,240.7481689453125,37.309417724609375,0.22780819644931144,0.25983076157292184,213,0.5201809406280518,0.0,0.0,0.0,False,160,PNG,147,41,3.5853658536585367,7.701343952215033
2JOdaZIF.jpg,,test,32.60384750366211,212.4393310546875,65.11892700195312,0.1468872627001803,0.4593806342135964,252,0.5244327783584595,1.0,0.0,0.0,False,144,JPEG,449,252,1.781746031746032,1.4311874712765582
U7VOFbSp.png,,test,39.57748031616211,191.60728454589844,45.23570251464844,0.14717116256863214,0.9752924325614705,207,0.4956686496734619,6.0,0.0,0.0,False,132,PNG,142,59,2.406779661016949,19.69730245882072
8oq6zqeT.jpg,,test,1.771873116493225,253.36708068847656,0.0150909423828125,0.05121753833912037,0.06122730396412037,256,1.080440640449524,0.0,0.0,0.0,False,176,JPEG,768,1024,0.75,1.2078857421875
A8vOjcCg.png,,test,33.013545989990234,204.9763946533203,38.949951171875,0.31481354066327233,1.0,175,0.05377763509750366,0.0,0.0,0.0,False,138,PNG,338,86,3.930232558139535,7.498555112150819
Pof0hs8v.png,,test,20.205280303955078,242.43267822265625,33.598663330078125,0.31153971354166665,0.3853352864583333,223,0.202957883477211,0.0,0.0,0.0017252604166666666,False,174,PNG,788,82,9.609756097560975,9.517147455738517
wHZdMejr.jpg,,test,5.382794380187988,252.864013671875,0.4072418212890625,0.057201244212962965,0.07328739872685185,256,0.9902900457382202,0.0,0.0,0.0,False,192,JPEG,768,1024,0.75,1.1382344563802085
UNtkdcp9.png,,test,0.0,254.538818359375,0.0,0.19088662145890106,0.03615564991444325,5,0.8350027799606323,0.0,0.0,0.0,False,127,PNG,509,62,8.209677419354838,0.9972748589897966
XkbrUkn5.png,,test,20.377304077148438,54.2999267578125,3.1274147033691406,0.39733573717948717,0.6256343482905983,212,0.3202049136161804,0.0,0.0,0.0,True,149,PNG,929,47,19.76595744680851,1.2032155371825115
31eEtdGH.png,,test,50.1086540222168,217.06541442871094,36.71430969238281,0.1451448330593504,0.491837197437787,250,0.5648031830787659,8.0,0.0,0.0,False,144,PNG,598,59,10.135593220338984,21.567031347429285
eGkKGqww.png,,test,31.950593948364258,208.85804748535156,8.021713256835938,0.35679914818682557,0.5255032045375433,256,0.45468223094940186,7.0,0.25,0.0,False,128,PNG,669,73,9.164383561643836,19.64215656162336
7CyTFt1f.png,,test,9.015327453613281,231.4695587158203,1.1967926025390625,0.24742087777583494,0.34901206504633675,228,0.23842644691467285,0.0,0.0,0.0,False,160,PNG,133,43,3.0930232558139537,10.103864311942647
oY0gb7Sn.jpg,,test,43.94413375854492,188.16201782226562,35.411102294921875,0.37245866666666666,0.9434266666666666,256,0.44375187158584595,1.0,0.0,0.000448,False,135,JPEG,750,500,1.5,1.521237333333333
LfkwfRXY.png,,test,9.784526824951172,248.06874084472656,3.6492919921875,0.20091943027210885,0.2660767431972789,196,0.12747663259506226,0.0,0.0,0.0,False,164,PNG,951,61,15.59016393442623,3.494647566840772
Ep42uvIt.jpg,,test,90.95738220214844,93.58696746826172,217.4398956298828,0.057846137610806245,0.9612547488391726,109,0.3278810381889343,0.0,0.0,0.0,False,61,JPEG,736,515,1.429126213592233,0.5292950612072604
Dm7oXhal.png,,test,9.171832084655762,230.42323303222656,0.6462554931640625,0.18653948065712772,0.17717717717717718,221,0.4397265613079071,0.0,0.0,0.0,False,141,PNG,153,37,4.135135135135135,6.71824765942413
VoJ1Xg9b.png,,test,1.6053097248077393,252.18101501464844,0.0073394775390625,0.12573653198653198,0.05103114478114478,243,0.5414977669715881,0.0,0.0,0.0,False,137,PNG,96,99,0.9696969696969696,10.539562289562287
GFi010T3.png,,test,20.629480361938477,184.40957641601562,31.867111206054688,0.24617774507399232,0.9811544436268498,210,0.4009036421775818,1.0,0.0,0.0,False,129,PNG,604,81,7.45679012345679,13.077099174229415
3thCZSyH.jpg,,test,10.644089698791504,252.90528869628906,0.4608154296875,0.055459474346317136,0.05116966229983406,256,0.7984473705291748,0.0,0.0,0.0,False,156,JPEG,569,753,0.7556440903054449,1.1663994286474488
LiB3gmQw.png,,test,88.54842376708984,179.22702026367188,81.7215347290039,0.064120515773311,0.7280586962590732,256,0.6189079880714417,0.0,0.0,0.008427554438860972,False,99,PNG,1299,1672,0.7769138755980861,0.3603581702524209
fI8C362v.png,,test,21.429861068725586,192.16571044921875,42.57708740234375,0.15551948051948053,0.9587662337662337,179,0.2811621427536011,0.0,0.0,0.0,False,126,PNG,55,56,0.9821428571428572,9.51948051948052
pFSi98wx.png,,test,27.35081672668457,198.13360595703125,33.88597106933594,0.44587744323674344,0.9292198146794615,208,0.3185197114944458,0.0,0.0,0.0,False,137,PNG,581,73,7.958904109589041,9.689481998443874
K1OaxX8K.png,,test,27.56829071044922,191.02383422851562,43.764495849609375,0.16988357843137256,0.9195516748366013,180,0.427065372467041,0.0,0.0,0.0,False,122,PNG,854,57,14.982456140350877,7.659312214963639
MLej2rDG.png,,test,17.4620418548584,209.97970581054688,41.608367919921875,0.18639291465378421,0.9949677938808373,178,0.3648635745048523,0.0,0.0,0.0,False,141,PNG,138,36,3.8333333333333335,7.966183574879227
VbUDzy4i.jpg,,test,0.0,236.47996520996094,0.0,0.05344329896907216,0.03039175257731959,256,1.563396692276001,0.0,0.0,0.0,False,131,JPEG,500,291,1.718213058419244,2.010721649484536
ujjDXtsH.png,,test,0.0,254.1781005859375,0.0,0.2280595813204509,0.051630434782608696,5,0.8747997879981995,0.0,0.0,0.0,False,127,PNG,144,138,1.0434782608695652,1.391304347826087
o6wvvIED.jpg,,test,22.459552764892578,158.57772827148438,12.451980590820312,0.3806417112299465,0.9354129530600119,256,1.140264630317688,1.0,0.0,0.0013190730837789662,False,112,JPEG,330,255,1.2941176470588236,2.7685799168152108
UIyE3mPI.png,,test,2.209501028060913,228.3321075439453,0.0733489990234375,0.1534375,0.23041666666666666,239,0.6601434350013733,0.0,0.0,0.022604166666666668,False,159,PNG,240,80,3.0,3.977083333333333
DFkLcO4k.png,,test,17.244579315185547,250.72483825683594,2.6835479736328125,0.20876119176488442,0.24472659213920786,166,0.30808883905410767,0.0,0.0,0.0,False,188,PNG,373,53,7.037735849056604,7.324599119834084
KjfiynKK.jpg,,test,31.00167465209961,237.2770233154297,51.75456237792969,0.05024074074074074,0.08025555555555555,256,0.55869460105896,0.0,0.0,0.0,False,143,JPEG,600,450,1.3333333333333333,0.6471703703703704
FBTHN0rk.jpg,,test,7.3994340896606445,243.4373321533203,10.147308349609375,0.17492248062015503,0.23244186046511628,205,1.2208282947540283,1.0,0.0,0.0,False,189,JPEG,300,172,1.744186046511628,2.998294573643411
bxQcDY0h.png,,test,0.0,252.32672119140625,0.0,0.1349835886214442,0.05884163019693654,18,0.900992214679718,0.0,0.0,0.0,False,82,PNG,457,64,7.140625,1.101203501094092
oJMW3lXi.png,,test,19.280029296875,232.88775634765625,20.135223388671875,0.1984471450617284,0.20693479938271606,255,0.32023417949676514,0.0,0.25,0.0,False,143,PNG,847,59,14.35593220338983,9.087627318752126
UZkcwMR2.png,,test,15.706780433654785,238.99978637695312,0.7326202392578125,0.23701584507042253,0.30243177816901406,222,0.301176518201828,0.0,0.0,0.0,False,162,PNG,142,128,1.109375,12.758362676056338
ay6KXtZE.png,,test,2.1562960147857666,236.86196899414062,0.023193359375,0.11008804563492064,0.11793154761904762,246,0.6163650155067444,0.0,0.0,0.021143353174603176,False,172,PNG,942,52,18.115384615384617,1.9354891393107956
O2jk1qCX.png,,test,9.657088279724121,237.03842163085938,2.0431060791015625,0.14557131388814556,0.15386673802515385,243,0.3343992531299591,0.0,0.0,0.0,False,153,PNG,111,101,1.099009900990099,8.7000267594327
iQAE0e2j.png,,test,5.182208061218262,250.07032775878906,0.9245147705078125,0.4327612704918033,0.449005293715847,237,0.3037385046482086,0.0,0.0,0.02971311475409836,False,173,PNG,921,73,12.616438356164384,2.791010366932905
JR8H0DtD.png,,test,21.610408782958984,246.01315307617188,0.193389892578125,0.2602229338588496,0.31869688385269124,202,0.45806822180747986,1.0,0.0,0.0,False,169,PNG,706,46,15.347826086956522,15.570636777928316
O8zOrSNi.png,,test,11.027846336364746,211.5448760986328,31.126312255859375,0.276003276003276,0.5312585312585313,124,0.13621719181537628,0.0,0.0,0.0,False,167,PNG,99,37,2.675675675675676,9.32132132132132
XNKeg34p.png,,test,4.229687213897705,252.8717041015625,0.3809967041015625,0.15563549160671464,0.1748800959232614,141,0.6801115870475769,0.0,0.0,0.00047961630695443646,False,198,PNG,139,120,1.1583333333333334,5.812470023980815
YUrX9JYE.png,,test,25.30106544494629,216.22427368164062,38.46739196777344,0.17117117117117117,0.345045045045045,168,0.471988707780838,0.0,0.0,0.0,False,147,PNG,74,45,1.6444444444444444,10.57057057057057
GsTqjyBm.png,,test,9.832018852233887,241.35159301757812,1.440887451171875,0.2159030720338983,0.2286811440677966,249,0.5404989719390869,0.0,0.0,0.034869350282485875,False,170,PNG,945,72,13.125,7.370135214579659
ezwvAKNA.png,,test,0.0,254.81744384765625,0.0,0.07295673076923077,0.019230769230769232,5,0.9151808023452759,0.0,0.0,0.0,False,127,PNG,260,64,4.0625,0.6442307692307693
mgq2eH5y.png,,test,0.0,254.52610778808594,0.0,0.15899223786343902,0.03354821733982371,5,0.8365099430084229,0.0,0.0,0.0,False,127,PNG,691,66,10.469696969696969,0.8476077709073367
1kBHFF7b.png,,test,12.710472106933594,227.87425231933594,20.111419677734375,0.436228813559322,0.5176112288135594,244,0.4981714189052582,1.0,0.0,0.0024099576271186442,False,158,PNG,590,64,9.21875,13.727118644067795
8fctJinJ.png,,test,19.96017074584961,232.82949829101562,18.13555908203125,0.2171301446051168,0.2926585094549499,195,0.2005360722541809,0.0,0.0,0.0,False,154,PNG,145,62,2.338709677419355,9.90611790878754
TQ0omJqB.png,,test,21.12306785583496,251.7384033203125,10.404342651367188,0.14582023884349465,0.16986172218730358,133,0.48016390204429626,0.0,0.0,0.0,False,205,PNG,86,74,1.162162162162162,8.998114393463231
Y4p39xPf.png,,test,41.676727294921875,160.43016052246094,52.356483459472656,0.1958850601384538,0.873728584135824,205,0.4318162798881531,6.0,0.0,0.0,False,97,PNG,169,153,1.1045751633986929,20.03356924623893
D2al3WFj.png,,test,37.77638626098633,187.74497985839844,42.09124755859375,0.25973292244478685,0.866255778120185,171,0.27520751953125,0.0,0.0,0.0,False,119,PNG,590,66,8.93939393939394,10.478479712378018
aFNQd7Wq.jpg,,test,12.036601066589355,242.39537048339844,2.8399200439453125,0.36175130208333334,0.12897135416666666,256,0.45158079266548157,0.0,0.5,0.0,False,129,JPEG,640,480,1.3333333333333333,1.2653385416666667
lEgRN8gs.png,,test,19.260696411132812,216.58401489257812,38.57183837890625,0.1557773744706594,0.3396854204476709,141,0.4412034749984741,0.0,0.0,0.0,False,166,PNG,87,38,2.289473684210526,11.17967332123412
00T8kKS9.png,,test,28.69556427001953,195.2991180419922,42.04951477050781,0.45022222222222225,0.9451111111111111,192,0.4649052619934082,0.0,0.0,0.0,False,133,PNG,180,50,3.6,6.490666666666667
dNOv6cil.png,,test,0.0,252.3822784423828,0.0,0.12158439009661835,0.057216183574879224,256,0.628742516040802,0.0,0.0,0.0,False,139,PNG,791,71,11.140845070422536,0.6743469667562899
pkr1vakn.png,,test,0.0,248.77366638183594,0.0,0.22770219198790628,0.17346938775510204,129,0.5441993474960327,0.0,0.0,0.0,False,145,PNG,147,36,4.083333333333333,4.208616780045351
3PuR8UUd.png,,test,15.58528995513916,252.9669647216797,0.5402984619140625,0.11621923937360179,0.12774049217002237,205,0.6981300115585327,0.0,0.0,0.0,False,177,PNG,149,60,2.4833333333333334,5.051454138702461
Ybv4ejqR.jpg,,test,128.45953369140625,226.75299072265625,77.80427551269531,0.24503072102864584,0.4930860731336806,256,0.5785984396934509,0.0,0.0,0.0,False,158,JPEG,1024,1024,1.0,3.243614196777344
fJlFp9qb.png,,test,16.97376823425293,201.3925018310547,44.54457092285156,0.10650298606502986,0.9917053749170538,150,0.510724663734436,0.0,0.0,0.0,False,143,PNG,274,44,6.227272727272728,5.982083609820836
SegSnPMo.png,,test,16.414602279663086,189.03399658203125,45.03794860839844,0.21794871794871795,1.0,160,0.30403897166252136,0.0,0.0,0.0,False,130,PNG,117,36,3.25,11.527065527065528
jTbRy3wy.png,,test,0.0,252.27992248535156,0.0,0.1322699652777778,0.05390625,256,0.6254857182502747,0.0,0.0,0.0,False,136,PNG,776,61,12.721311475409836,0.7694777758999493
wfrQPPz0.png,,test,4.38275146484375,243.963623046875,1.27825927734375,0.12725316115146623,0.15164559232355843,243,0.2337820827960968,0.0,0.0,0.0,False,162,PNG,177,63,2.8095238095238093,7.729530983768272
l7zm4ex5.jpg,,test,12.889388084411621,207.2262725830078,20.852508544921875,0.2015989023297491,0.6951836917562724,241,0.5590050220489502,1.0,0.0,0.0,False,146,JPEG,640,558,1.146953405017921,3.203181003584229
i2Po8naX.png,,test,0.0,252.69525146484375,0.0,0.107421875,0.0496031746031746,256,0.6999832987785339,0.0,0.0,0.0,False,138,PNG,952,52,18.307692307692307,0.6158694246929541
J1wE89Kg.png,,test,5.427455425262451,242.10000610351562,0.4097900390625,0.15308357007575757,0.20140861742424243,176,0.27934834361076355,0.0,0.0,0.0,False,178,PNG,942,54,17.444444444444443,5.846976488165448
IFsvMMMZ.png,,test,0.0,251.7081298828125,0.0,0.1712048100490196,0.06385952818627451,256,0.6055812835693359,0.0,0.0,0.0,False,135,PNG,933,83,11.240963855421686,0.753728741331887
JxJ5O6S2.png,,test,20.210769653320312,191.4244842529297,43.980560302734375,0.1708079268292683,0.9668064024390244,188,0.5149497985839844,0.0,0.0,0.0,False,132,PNG,164,160,1.025,12.222560975609756
bdWh7vZy.jpg,,test,24.714405059814453,19.381593704223633,7.084745407104492,0.47783519603587965,0.5583428276909722,256,0.4176574945449829,0.0,1.0,0.0016795970775462963,True,92,JPEG,774,1032,0.75,1.086733569697334
xKOr051L.png,,test,11.477304458618164,250.376953125,2.57232666015625,0.18272425249169436,0.22965116279069767,215,0.30500349402427673,0.0,0.0,0.0,False,173,PNG,129,112,1.1517857142857142,7.229235880398671
u04JTLXq.png,,test,24.78630828857422,135.60377502441406,47.61982727050781,0.16496424923391215,0.8656367041198502,143,0.4422636926174164,0.0,0.0,0.0,False,75,PNG,356,66,5.393939393939394,8.915560095335376
wZXItSQr.png,,test,7.362346649169922,95.45189666748047,6.546424865722656,0.22278754239901327,0.8354918285538082,123,0.48620665073394775,2.0,0.0,0.028060437866173297,False,57,PNG,276,47,5.872340425531915,14.693802035152636
kiTqS47o.png,,test,18.77783966064453,212.58497619628906,36.655426025390625,0.18119895997363314,0.6068224264840517,256,0.5521482229232788,2.0,0.0,0.0,False,152,PNG,658,83,7.927710843373494,14.33434650455927
2DNZmXTB.png,,test,8.898971557617188,234.1947784423828,1.0646820068359375,0.23936063936063937,0.2676823176823177,226,0.4138115644454956,0.0,0.0,0.0,False,150,PNG,140,143,0.9790209790209792,11.2995004995005
FwX91kPV.png,,test,7.95350980758667,240.84201049804688,2.9342803955078125,0.2235055408147339,0.2884345247385672,235,0.2975720167160034,0.0,0.0,0.0,False,165,PNG,149,43,3.4651162790697674,9.886686436709848
KUPPAWQo.png,,test,4.062767505645752,243.7638397216797,1.187225341796875,0.17910375532326753,0.20499419279907086,254,0.280229389667511,0.0,0.0,0.0,False,161,PNG,369,56,6.589285714285714,15.803716608594655
ZkaIdXph.png,,test,0.0,254.4686737060547,0.0,0.15395944261923644,0.044862354140704656,5,0.9992155432701111,0.0,0.0,0.0,False,127,PNG,97,91,1.065934065934066,1.3794041010535856
ipee2D8y.png,,test,7.080830097198486,246.50729370117188,1.7325439453125,0.28758680555555555,0.30520833333333336,245,0.5296385288238525,0.0,0.0,0.016377314814814813,False,176,PNG,1049,61,17.19672131147541,4.829079998124677
3htXo3T1.png,,test,0.4367327392101288,161.2020263671875,0.0207977294921875,0.3566313823163138,0.8760896637608966,179,0.5236912965774536,0.0,0.0,0.19754047322540474,False,107,PNG,146,44,3.3181818181818183,9.737235367372351
VpiyizbZ.png,,test,10.090278625488281,253.9147491455078,0.4709014892578125,0.06563440860215054,0.07698924731182796,174,0.33644935488700867,0.0,0.0,0.0,False,189,PNG,155,75,2.066666666666667,2.763698924731183
Osr6x8QO.jpg,,test,68.44786071777344,222.83908081054688,2.2321014404296875,0.2624314376443418,0.45284834488067743,253,0.412616491317749,0.0,0.0,0.0016058025404157043,False,152,JPEG,790,445,1.7752808988764044,0.9769307353150334
pEh1Rkyx.png,,test,22.610902786254883,248.9851837158203,19.638229370117188,0.26639811305753586,0.3001616622054965,190,0.4181598722934723,0.0,0.0,0.0,False,162,PNG,389,97,4.010309278350515,6.9685421249304325
hkW7FAtu.png,,test,19.873910903930664,247.54534912109375,21.707916259765625,0.20616024187452758,0.258692365835223,176,0.22078047692775726,0.0,0.0,0.0,False,187,PNG,147,36,4.083333333333333,9.45427059712774
EfsKBSzv.png,,test,13.38979434967041,231.96456909179688,0.7806243896484375,0.12817985543978222,0.09715573078006196,230,0.2213219404220581,0.0,0.0,0.0,False,135,PNG,201,106,1.8962264150943395,4.464845583403736
ucJ8RJ0x.png,,test,33.02108383178711,229.16729736328125,2.4772491455078125,0.28487336133384245,0.4087437953417335,240,0.3220900297164917,5.0,0.0,0.0,False,156,PNG,194,162,1.1975308641975309,20.15629375079547
KWPvaaiz.png,,test,12.120362281799316,234.77224731445312,19.49053955078125,0.19793801229508196,0.254546618852459,186,0.3870963156223297,0.0,0.0,0.0,False,159,PNG,850,68,12.5,8.231695501730103
3P33Mx6w.png,,test,0.0,254.4917755126953,0.0,0.1279036214110518,0.04645794257682874,5,1.154571533203125,0.0,0.0,0.0,False,127,PNG,239,58,4.120689655172414,1.1513490116866254
m8gGjDUO.png,,test,14.625146865844727,236.6067657470703,19.690460205078125,0.09459252450980392,0.07687397875816994,224,0.4149132966995239,0.0,0.0,0.0,False,146,PNG,949,63,15.063492063492063,6.335557897201733
2kwxMF1P.png,,test,23.25714111328125,191.63156127929688,37.63990783691406,0.31875,0.7631944444444444,208,0.26550793647766113,0.0,0.25,0.0,False,107,PNG,1377,54,25.5,5.279969875467334
YrcxD0Iz.png,,test,29.377578735351562,206.95631408691406,38.572113037109375,0.3533890335648148,0.9260706018518519,202,0.36006611585617065,0.0,0.0,0.0,False,133,PNG,805,75,10.733333333333333,9.989565217391304
LDnDYpYN.png,,test,16.1639404296875,251.16140747070312,26.807022094726562,0.04106570512820513,0.05174946581196581,195,0.4108925461769104,0.0,0.0,0.0,False,171,PNG,941,48,19.604166666666668,2.5949344668792067
Ql34AEov.png,,test,14.886892318725586,193.35792541503906,22.008712768554688,0.17889833278849296,0.8976381170317097,206,0.3361158072948456,0.0,0.0,0.0,False,116,PNG,161,152,1.0592105263157894,10.906832298136646
0G6K6Mgx.png,,test,21.707502365112305,210.5117950439453,41.3443603515625,0.35455729166666666,0.8744140625,219,0.4207513630390167,0.0,0.0,0.0,False,136,PNG,928,72,12.88888888888889,6.091594827586207
rCFHzah9.jpg,,test,34.401161193847656,179.7730712890625,34.47904968261719,0.186528,0.9687146666666666,233,0.4088745713233948,3.0,0.0,0.0,False,135,JPEG,750,375,2.0,2.0540302222222224
nYuKVvtP.png,,test,13.422895431518555,158.84567260742188,29.109710693359375,0.2128099173553719,0.9066115702479339,167,0.40118473768234253,0.0,0.0,0.0,False,104,PNG,55,44,1.25,12.20495867768595
iMzXnHzi.png,,test,1.854245662689209,196.05160522460938,0.0967254638671875,0.10118272569444445,0.9463975694444444,205,0.4335087835788727,0.0,0.0,0.0,False,120,PNG,940,59,15.932203389830509,5.182690227190768
H2wD2Cwp.jpg,,test,0.0,245.3482666015625,0.0,0.045260721247563356,0.04106765756985055,256,0.4978172183036804,0.0,0.0,0.0,False,146,JPEG,800,534,1.49812734082397,0.8674906367041199
nmE8gjqc.png,,test,26.419647216796875,147.65635681152344,37.65837860107422,0.4055137569333846,0.8638585314954144,150,0.4661996364593506,0.0,0.0,0.0,False,101,PNG,139,131,1.0610687022900764,10.244604316546765
hu2IO3uu.png,,test,37.431636810302734,176.3584442138672,43.01005554199219,0.10913456291607553,0.9357197424424315,210,0.5030689239501953,5.0,0.0,0.0,False,105,PNG,119,77,1.5454545454545454,19.66430208447015
pOdWxgnU.jpg,,test,0.0,144.39297485351562,0.0,0.3727146248884722,0.698849688226191,256,0.2510981857776642,1.0,0.25,0.004108256335032085,False,83,JPEG,743,534,1.391385767790262,1.2199555400970858
Urll2kV8.png,,test,18.643226623535156,250.99374389648438,0.8412628173828125,0.21909409409409408,0.25421254587921255,183,0.49463602900505066,0.0,0.0,0.0,False,187,PNG,162,148,1.0945945945945943,9.604938271604938
3WOfUs8V.jpg,,test,22.91925048828125,158.43165588378906,56.48997497558594,0.14274327895220587,0.9983293121936274,208,0.7415299415588379,1.0,0.0,0.0,False,129,JPEG,780,552,1.4130434782608696,2.3783909327387587
QnomGMrW.png,,test,37.09116744995117,249.61705017089844,3.309478759765625,0.16059843400447427,0.1753023629753915,256,0.4253687858581543,0.0,0.0,0.0,False,206,PNG,830,805,1.031055900621118,1.2423318117189257
qdyOBJMm.png,,test,6.469432353973389,202.03614807128906,0.5495758056640625,0.3474124809741248,0.6668569254185692,222,0.5499193072319031,0.0,0.0,0.0015220700152207,False,122,PNG,146,36,4.055555555555555,10.491628614916284
AJtfjse4.png,,test,0.0,250.7897186279297,0.0,0.17893629807692307,0.07977764423076923,256,0.6136016249656677,0.0,0.0,0.0,False,137,PNG,899,61,14.737704918032788,0.8156239172851438
uo2fXOOg.png,,test,0.0,243.77011108398438,0.0,0.3157894736842105,0.4090909090909091,215,0.1575985550880432,0.0,0.0,0.0,False,184,PNG,88,38,2.3157894736842106,12.28468899521531
bzYOfktG.jpg,,test,51.33460998535156,165.3919677734375,41.58827209472656,0.46185378086419754,0.7280906394675926,256,0.4538016617298126,1.0,0.0,6.630979938271605e-05,False,112,JPEG,1706,960,1.7770833333333331,2.0159046502540057
MEIIpTFk.jpg,,test,28.68613624572754,207.7681427001953,7.9643707275390625,0.39304351806640625,0.73291015625,256,0.43229880928993225,0.0,0.0,0.0174407958984375,False,162,JPEG,1200,800,1.5,0.9799166666666668
vbTrP2XB.png,,test,17.54287338256836,188.4878692626953,43.760345458984375,0.25213371266002843,1.0,153,0.35315024852752686,0.0,0.0,0.0,False,137,PNG,74,38,1.947368421052632,12.125177809388337
cgKILzhK.png,,test,20.17257308959961,130.54307556152344,32.756263732910156,0.16093696513276934,0.8746148955939166,153,0.41817331314086914,0.0,0.0,0.0,False,73,PNG,143,143,1.0,12.162550735977309
wddJmAo6.png,,test,25.884233474731445,237.97967529296875,0.2754058837890625,0.2957011832248127,0.30725337814184694,250,0.7575629949569702,6.0,0.0,0.0,False,172,PNG,621,46,13.5,19.232934257508926
iApRoWXi.png,,test,0.0,245.41651916503906,0.0,0.35366602443310535,0.07001757320403972,18,1.4899812936782837,0.0,0.0,0.0,False,39,PNG,647,73,8.863013698630137,1.8914695856534904
hzmyHjwd.png,,test,0.0,226.87945556640625,0.0,0.41339913466738776,0.3405895078420768,14,1.3727377653121948,0.0,0.0,0.0,False,99,PNG,344,43,8.0,2.2282314764737694
ANvXuugy.jpg,,test,23.578582763671875,142.59632873535156,30.42865753173828,0.46681066666666665,0.952144,256,0.5089713335037231,2.0,0.0,4.266666666666667e-05,False,110,JPEG,750,500,1.5,1.533248
mHPYOxBd.png,,test,35.93806838989258,207.72952270507812,42.243316650390625,0.24752801582069875,0.6600197758734344,222,0.2753112316131592,4.0,0.0,0.0,False,130,PNG,148,41,3.609756097560976,18.913645352669743
3Vb1a9Jq.png,,test,0.0,131.41943359375,0.0,0.43539450354609927,0.8299811613475178,193,1.108958125114441,13.0,0.0,0.0,False,87,PNG,923,56,16.482142857142858,12.70747562296858
ZBvUKEFY.jpg,,test,46.514984130859375,114.846923828125,77.24632263183594,0.2606983483048392,0.7412112431179368,248,0.27214735746383667,1.0,0.0,0.0,True,183,JPEG,700,493,1.4198782961460443,1.17932193567082
j2A8mZqi.png,,test,20.108257293701172,235.00238037109375,1.060943603515625,0.3454861111111111,0.40933159722222223,243,0.5124751925468445,1.0,0.0,0.0,False,148,PNG,1399,54,25.90740740740741,19.06155190215233
GVuvm0Fe.png,,test,44.751277923583984,165.2151336669922,36.53460693359375,0.24556838510326884,0.9099040494389331,202,0.6302365064620972,7.0,0.0,0.0,False,109,PNG,143,43,3.3255813953488373,21.357619125060985
yH8kDyOL.png,,test,0.0,248.51548767089844,0.0,0.20391705069124424,0.17580645161290323,119,0.5680668950080872,0.0,0.0,0.0,False,147,PNG,140,31,4.516129032258065,3.911520737327189
pmpFP6tE.jpg,,test,72.58721923828125,79.68353271484375,30.463703155517578,0.2195281982421875,0.8105545043945312,223,0.5245787501335144,0.0,0.0,7.62939453125e-06,True,159,JPEG,1200,800,1.5,1.1175166666666667
HmO2XhX4.png,,test,22.014793395996094,247.67562866210938,19.333099365234375,0.21617827689068259,0.27004737673276014,194,0.3680706322193146,0.0,0.0,0.0,False,172,PNG,139,41,3.3902439024390243,11.048955957185472
DzyTnG3l.png,,test,0.0,254.56690979003906,0.0,0.12805944055944055,0.032342657342657344,5,0.8881199955940247,0.0,0.0,0.0,False,127,PNG,104,44,2.363636363636364,1.143356643356643
2vw5LSXt.png,,test,11.136029243469238,250.85177612304688,1.191436767578125,0.3128765792031098,0.34494655004859087,222,0.5073162317276001,0.0,0.0,0.042759961127308066,False,182,PNG,147,140,1.05,7.309620991253644
BdjIUfGT.png,,test,7.72167444229126,236.00559997558594,2.168670654296875,0.23841934974747475,0.3240017361111111,168,0.12688273191452026,0.0,0.0,0.0,False,190,PNG,819,70,11.7,9.434781091923949
a2xlyNPU.png,,test,11.720052719116211,236.09442138671875,19.631271362304688,0.10241171403962102,0.14819121447028424,191,0.0834922194480896,0.0,0.0,0.0,False,175,PNG,258,90,2.8666666666666667,6.113350559862187
jKDXOxK5.png,,test,27.68582534790039,198.01882934570312,55.76631164550781,0.2508100058360669,0.8604375037733191,190,0.2870267629623413,0.0,0.0,0.0,False,123,PNG,629,79,7.962025316455696,11.121209072065364
tCOj1eAD.png,,test,6.239558696746826,233.1425323486328,0.8478851318359375,0.2166573574132688,0.3198038850617514,172,0.16183550655841827,0.0,0.0,0.0,False,173,PNG,131,123,1.065040650406504,9.122075342890833
2T7yQYeE.jpg,,test,79.48110961914062,72.18846893310547,43.68721008300781,0.4733651804670913,0.8531174805378627,256,0.7841835618019104,1.0,0.0,0.019801840056617125,True,128,JPEG,600,471,1.2738853503184713,2.978202406227884
VPd59w2G.png,,test,10.272564888000488,237.28067016601562,0.6107025146484375,0.4159077109896782,0.381906496660595,221,0.5556122660636902,0.0,0.0,0.008803885853066181,False,157,PNG,61,54,1.1296296296296295,10.59137826350941
TkC0OpHV.png,,test,17.96010971069336,247.51084899902344,27.428237915039062,0.15516569200779728,0.20019493177387915,191,0.171687513589859,0.0,0.0,0.0,False,185,PNG,135,38,3.5526315789473686,8.82495126705653
fEklPkNb.png,,test,16.87567710876465,179.83981323242188,31.106582641601562,0.31427793657275077,0.9446032394174493,199,0.611692488193512,0.0,0.0,0.0013610997686130393,False,123,PNG,93,79,1.1772151898734178,12.069143868245542
nb7zv9pn.png,,test,18.43690299987793,217.04537963867188,48.55778503417969,0.38220244716351504,0.5906562847608454,172,0.08129823207855225,0.0,0.0,0.0,False,163,PNG,145,31,4.67741935483871,12.630923248053392
3Ab69ql6.jpg,,test,52.608070373535156,169.79269409179688,73.67332458496094,0.3611120345744681,0.9037524933510638,256,1.2778706550598145,2.0,0.0,4.155585106382979e-06,False,123,JPEG,640,376,1.702127659574468,2.6915558510638298
T2fp5mfj.png,,test,21.717012405395508,33.39899826049805,20.091136932373047,0.4576552139843279,0.6754068716094033,163,0.4294475317001343,0.0,0.0,0.0,True,92,PNG,158,42,3.761904761904762,13.282700421940929
fjnGrtEu.png,,test,0.0,241.21336364746094,0.0,0.14512310606060605,0.029077540106951873,256,0.4296903610229492,0.0,0.0,0.0,False,125,PNG,920,224,4.107142857142857,0.3572981366459627
HgFDeeQj.png,,test,16.47977066040039,231.8228302001953,40.33802795410156,0.15317630811723185,0.2268681908853767,201,0.1646653115749359,0.0,0.0,0.0,False,179,PNG,532,49,10.857142857142858,4.737455884609483
khaxzjZo.png,,test,11.811768531799316,116.5524673461914,9.201393127441406,0.49096622152395913,0.5349567949725059,178,0.7430660128593445,0.0,0.0,0.025923016496465043,True,183,PNG,67,38,1.763157894736842,8.945797329143755
AGHPVJzn.png,,test,20.255674362182617,123.15222930908203,33.20484161376953,0.41181870338496845,0.7382291069038057,135,0.6201333403587341,0.0,0.0,0.0,False,75,PNG,630,83,7.590361445783133,13.074010327022377
nNFES8AI.png,,test,25.247568130493164,159.9700164794922,14.737350463867188,0.12158293974524116,0.9340918849291542,178,0.38318872451782227,4.0,0.0,0.0,False,100,PNG,274,51,5.372549019607843,18.952340060111634
o36fxQgG.jpg,,test,0.0,252.92999267578125,0.0,0.07788888888888888,0.032891666666666666,256,0.7697839140892029,0.0,0.0,0.0,False,139,JPEG,600,600,1.0,0.9544444444444444
94w0nbLY.jpg,,test,3.9018137454986572,250.2301788330078,0.0208892822265625,0.23621805680455635,0.11895327488009592,256,0.4947985112667084,0.0,0.25,0.0,False,138,JPEG,1158,1600,0.72375,1.1779145077720208
WfW6DiJL.png,,test,12.477946281433105,233.38563537597656,18.950042724609375,0.26527655516431925,0.34173268779342725,233,0.3534667491912842,0.0,0.0,0.0007152288732394366,False,166,PNG,798,74,10.783783783783784,8.398970398970398
3VEBASAg.png,,test,15.386249542236328,248.49598693847656,21.124465942382812,0.14581803345573235,0.17682578539371685,202,0.529099702835083,0.0,0.0,0.0,False,185,PNG,215,57,3.771929824561404,9.31733986128111
T0d4kIfP.jpg,,test,29.12939453125,207.41871643066406,65.50814819335938,0.07052696078431372,0.8599800857843137,249,1.2590796947479248,0.0,0.0,0.0,False,132,JPEG,480,272,1.7647058823529411,1.662438725490196
fL2JmXEd.png,,test,0.0,254.52032470703125,0.0,0.21159090909090908,0.04863636363636364,5,0.8177769184112549,0.0,0.0,0.0,False,127,PNG,80,55,1.4545454545454546,1.4345454545454546
XptxcyjW.png,,test,25.529441833496094,190.04554748535156,44.000335693359375,0.23583984375,0.8199404761904762,174,0.3362952470779419,0.0,0.25,0.0,False,105,PNG,917,67,13.686567164179104,6.089291817900682
EnCEWDE8.jpg,,test,17.436542510986328,221.12277221679688,38.64921569824219,0.10814933333333333,0.2795573333333333,226,0.25999221205711365,1.0,0.0,0.0,False,158,JPEG,750,500,1.5,1.3655253333333333
KBBAssZV.webp,,test,28.24311065673828,189.72621154785156,14.728836059570312,0.25497333333333333,0.90264,256,0.5391205549240112,2.0,0.0,2.666666666666667e-06,False,137,WEBP,750,500,1.5,1.9578453333333332
5K0ntO8j.png,,test,28.434749603271484,199.7461700439453,28.883041381835938,0.2517754868270332,1.0,149,0.3289569914340973,0.0,0.0,0.0,False,134,PNG,97,45,2.1555555555555554,8.987857961053837
4Exa86KL.png,,test,35.87800598144531,205.61447143554688,33.1795654296875,0.3261990407673861,0.8219424460431655,230,0.6486240029335022,6.0,0.0,0.0,False,140,PNG,139,120,1.1583333333333334,20.359712230215827
mx7LCCNB.png,,test,0.0,252.67601013183594,0.0,0.10443793402777778,0.050835503472222224,256,0.702401340007782,0.0,0.0,0.0,False,139,PNG,875,55,15.909090909090908,0.6770701298701298
9KPYHyTK.jpg,,test,0.0,254.0806427001953,0.0,0.047944245515046294,0.05784776475694445,256,1.047229290008545,0.0,0.0,0.0,False,192,JPEG,768,1024,0.75,0.5699869791666666
SCCerkBY.jpg,,test,0.0,252.72305297851562,0.0,0.07885877071823204,0.09762267879066912,256,1.138874888420105,0.0,0.0,0.0,False,171,JPEG,1654,2340,0.7068376068376069,0.5434450542068439
IINdF7pr.webp,,test,5.537968635559082,181.49549865722656,2.1299285888671875,0.3236985180908391,0.6424022084295612,235,0.45913416147232056,0.0,0.0,0.016187331601231716,False,114,WEBP,1200,676,1.7751479289940828,0.9966074950690336
5IMxeqAJ.png,,test,4.024789810180664,247.6436004638672,0.274566650390625,0.1073517126148705,0.05973266499582289,256,0.7116268277168274,1.0,0.0,0.0,False,137,PNG,342,77,4.441558441558442,14.4619123566492
chtz5jzk.jpg,,test,0.0,252.1045684814453,0.0,0.07637758608217593,0.06685158058449074,256,0.8296062350273132,0.0,0.0,0.0,False,153,JPEG,768,1024,0.75,1.6942545572916667
8jfXGtZJ.png,,test,13.943469047546387,250.5167694091797,8.376541137695312,0.28036200856364346,0.3032308291163877,236,0.49529552459716797,0.0,0.0,0.01783281432463994,False,175,PNG,734,56,13.107142857142858,7.73900350330868
sZuRUcfR.png,,test,5.104432106018066,249.64108276367188,0.73565673828125,0.17476172321768968,0.1961113229126954,220,0.2880593240261078,0.0,0.25,0.0,False,167,PNG,430,61,7.049180327868853,5.861380099123141
5wSDIkxd.png,,test,7.169289588928223,193.212890625,4.33184814453125,0.20582120582120583,0.9133130383130383,202,0.1364377737045288,1.0,0.0,0.0002598752598752599,False,143,PNG,296,91,3.2527472527472527,12.812295812295812
WsL7EGKU.jpg,,test,39.25226974487305,3.2148187160491943,0.2913966178894043,0.0964572092326139,0.09405288269384493,256,0.46229997277259827,0.0,1.0,0.0,True,98,JPEG,801,435,1.8413793103448275,1.7570450729691334
TttzcFgE.jpg,,test,19.32143783569336,238.2202606201172,42.5390625,0.06230978830433871,0.08702158876545797,254,1.132880687713623,1.0,0.0,0.0,False,163,JPEG,650,367,1.771117166212534,1.867885139383777
EqOy0Ygp.jpg,,test,1.4793626070022583,253.09341430664062,1.8616485595703125,0.09471141622171371,0.0,52,1.3542091846466064,0.0,0.0,0.0,False,22,JPEG,414,95,4.3578947368421055,2.570048309178744
MWUxUolm.png,,test,6.189182281494141,237.87713623046875,0.9102020263671875,0.4669552364864865,0.09494650900900901,256,0.383980393409729,0.0,0.25,0.0,False,124,PNG,1378,66,20.87878787878788,3.2883845714034394
vI3WShwa.bmp,,test,102.3819808959961,76.81102752685547,120.118896484375,0.3800579615048119,0.6202701224846894,248,0.6345323920249939,0.0,0.0,0.0,True,154,BMP,144,254,0.5669291338582677,24.012248468941383
yPoCDaF4.png,,test,0.0,254.69491577148438,0.0,0.2053872053872054,0.027777777777777776,5,0.8057865500450134,0.0,0.0,0.0,False,127,PNG,44,54,0.8148148148148148,1.414141414141414
xR0SEbgG.png,,test,7.731409072875977,236.16256713867188,1.98736572265625,0.30541666666666667,0.37796875,251,0.2578572928905487,0.0,0.25,0.00018229166666666667,False,157,PNG,903,59,15.305084745762713,10.223098147418211
fF7SuGhV.png,,test,10.263291358947754,231.42604064941406,1.1313934326171875,0.4452204277608031,0.3952422522915757,239,0.2266242355108261,0.0,0.0,0.013749454386730685,False,151,PNG,79,58,1.362068965517241,11.568747271933653
W6smHRuA.png,,test,11.058890342712402,252.83447265625,4.0070953369140625,0.1620762711864407,0.16430526129943504,120,0.19366097450256348,0.0,0.0,0.0,False,215,PNG,785,60,13.083333333333334,4.906496815286625
EMntqvyh.png,,test,23.791690826416016,217.99871826171875,39.93736267089844,0.37640449438202245,0.18833600856072766,217,0.4073447287082672,0.0,0.0,0.0,False,127,PNG,89,84,1.0595238095238095,8.552166934189406
4OR8cPdh.jpg,,test,9.150045394897461,252.04403686523438,3.195343017578125,0.03564453125,0.043320599724264705,255,0.22272884845733643,0.0,0.0,0.0,False,193,JPEG,1082,767,1.410691003911343,0.349374739424553
zdu2Zw13.png,,test,15.635773658752441,245.42752075195312,0.1083221435546875,0.18120039682539682,0.22911706349206348,183,0.45511797070503235,2.0,0.0,0.0,False,185,PNG,160,126,1.2698412698412698,17.455952380952382
W2n52G1r.jpg,,test,2.199631929397583,254.05020141601562,0.0424041748046875,0.05331594575711382,0.05959810086382114,243,0.5430471897125244,0.0,0.0,0.0,False,165,JPEG,1024,874,1.17162471395881,0.6892430635011442
hgfKArJw.png,,test,5.406803131103516,142.78372192382812,5.0819091796875,0.25120010787486513,1.0,100,0.44099676609039307,0.0,0.0,0.16054476806903992,False,122,PNG,480,309,1.5533980582524272,8.494606256742179
DVXTo7I6.png,,test,21.453649520874023,207.0414276123047,40.3035888671875,0.41720030737704916,0.8757044057377049,228,0.39873063564300537,0.0,0.0,0.0,False,140,PNG,838,67,12.507462686567164,8.75417661097852
QlEiR0iG.jpg,,test,67.87635040283203,108.64761352539062,42.668495178222656,0.051429277584876545,0.9536283516589507,233,0.5140692591667175,0.0,0.0,0.0,True,174,JPEG,1280,720,1.7777777777777777,0.629765625
vmQ5ocag.png,,test,9.091952323913574,238.41456604003906,0.76312255859375,0.3812997855392157,0.27745863970588236,256,0.27587464451789856,0.0,0.25,0.0007850796568627451,False,144,PNG,795,70,11.357142857142858,4.804887690925427
6walxVK4.jpg,,test,7.519240856170654,203.2716522216797,13.148223876953125,0.09184943305121528,0.8615909152560763,255,0.5259042382240295,0.0,0.0,0.0004696316189236111,False,125,JPEG,768,768,1.0,1.1921251085069444
yOU77fDe.png,,test,25.814300537109375,211.20802307128906,40.77032470703125,0.16193953804347827,0.9998867753623188,179,0.568031907081604,0.0,0.0,0.0,False,150,PNG,964,58,16.620689655172413,6.77350121619688
VYSBSqiL.png,,test,9.985518455505371,253.13226318359375,0.5747833251953125,0.08708541782471743,0.08165029954913224,229,0.5745947360992432,0.0,0.0,0.0,False,159,PNG,257,63,4.079365079365079,3.408313260453338
X2RZw52N.png,,test,9.755220413208008,249.48666381835938,7.2454986572265625,0.23658459595959597,0.2752130681818182,219,0.7194136381149292,0.0,0.0,0.0007891414141414141,False,192,PNG,1410,61,23.114754098360656,7.339518660620858
pWnaLPgR.jpg,,test,0.0,252.13243103027344,0.0,0.08113391726466863,0.06305930772477839,256,0.3818933069705963,0.0,0.0,0.0,False,150,JPEG,736,515,1.429126213592233,0.7668847615027438
TkcyO0pK.jpg,,test,58.65035629272461,238.83099365234375,16.000656127929688,0.04537624782986111,0.17149070457175927,256,0.5059289932250977,0.0,0.0,0.0,False,140,JPEG,768,1024,0.75,2.082305908203125
wEqxO932.png,,test,0.0,254.677734375,0.0,0.09469891919711786,0.022498345709874273,5,0.9061033129692078,0.0,0.0,0.0,False,127,PNG,203,67,3.029850746268657,0.7822954194544519
PpusvmqU.png,,test,22.235790252685547,189.2899932861328,35.28358459472656,0.27937350964665075,0.8492846303923693,211,0.3030206561088562,1.0,0.25,0.0,False,113,PNG,659,56,11.767857142857142,14.120745718621288
5u5TVLbj.png,,test,31.927440643310547,194.6603240966797,47.588409423828125,0.1672161172161172,0.9536630036630037,188,0.18590174615383148,0.0,0.0,0.0,False,130,PNG,168,65,2.5846153846153848,6.9252747252747255
05JGzTkN.png,,test,27.68295669555664,233.37562561035156,32.28050231933594,0.27524073009485484,0.31109873526875537,220,0.5490322113037109,4.0,0.0,1.796493245185398e-05,False,172,PNG,497,112,4.4375,18.30597872951998
vGWIjnJU.png,,test,18.27111053466797,215.4541778564453,39.006317138671875,0.3536774193548387,0.4829247311827957,210,0.5031471252441406,0.0,0.0,0.0,False,153,PNG,155,150,1.0333333333333334,10.801548387096776
RyJnmmhF.png,,test,26.813159942626953,216.82652282714844,35.233734130859375,0.2573487442922374,0.423355450913242,157,0.1272391974925995,0.0,0.0,0.0,False,155,PNG,788,75,10.506666666666666,8.130084602368866
0N0MItKu.png,,test,11.465561866760254,252.39663696289062,0.7499237060546875,0.19938212927756654,0.21875,233,0.3188001215457916,0.0,0.0,0.02049667300380228,False,178,PNG,263,64,4.109375,4.402091254752852
4IateSUS.png,,test,26.45241928100586,170.0708770751953,46.228851318359375,0.13926838788825072,0.9232420676964256,157,0.1609688401222229,0.0,0.0,0.0,False,107,PNG,454,79,5.746835443037975,6.641387386382647
WrucuNTl.jpg,,test,21.432689666748047,233.99790954589844,39.41072082519531,0.3677403567285383,0.37019649071925753,256,0.830030620098114,0.0,0.0,0.001966719837587007,False,198,JPEG,830,1478,0.5615696887686062,1.1453771785382396
nrjSuQUI.png,,test,21.735157012939453,152.0226593017578,32.442626953125,0.23909695869768466,0.8641313314634549,146,0.30723845958709717,0.0,0.0,0.0,False,96,PNG,209,174,1.2011494252873562,9.392289501182423
zT9aeQxi.jpg,,test,54.22441864013672,165.6876220703125,50.19329833984375,0.4391969280478395,0.8725465374228395,255,0.5848597884178162,1.0,0.0,0.0,False,116,JPEG,1706,960,1.7770833333333331,2.4418034388432983
Q9imR7oT.jpg,,test,0.0,253.14358520507812,0.0,0.04495059742647059,0.05037913602941176,256,0.8186274766921997,0.0,0.0,0.0,False,167,JPEG,768,544,1.411764705882353,1.095147824754902
c8jZaveK.png,,test,26.40172576904297,219.34814453125,39.680419921875,0.15554184941520469,0.2039016812865497,223,0.4312153160572052,0.0,0.0,0.0,False,149,PNG,856,64,13.375,6.49678738317757
nIhqTJNj.png,,test,22.08478546142578,197.65213012695312,31.6455078125,0.15256008359456635,1.0,163,0.26806581020355225,0.0,0.0,0.0,False,138,PNG,88,87,1.011494252873563,8.925809822361547
lWYdBjrk.png,,test,0.0,250.3240966796875,0.0,0.13951822916666667,0.10022786458333334,256,0.8226928114891052,0.0,0.0,0.0,False,145,PNG,1194,62,19.258064516129032,0.8267142162425029
HUGi0nLM.jpg,,test,68.08869934082031,144.99440002441406,70.20958709716797,0.4686060606060606,0.7702969696969697,193,0.19823192059993744,2.0,0.0,0.00029696969696969697,False,96,JPEG,500,330,1.5151515151515151,1.0556121212121212
rErI59dc.png,,test,22.413982391357422,244.33348083496094,37.676239013671875,0.23756063756063756,0.29002079002079,160,0.15022005140781403,0.0,0.0,0.0,False,194,PNG,130,111,1.1711711711711712,10.128343728343728
2yagSjhm.png,,test,24.216814041137695,94.88361358642578,26.831459045410156,0.33093038648594203,0.9276813721258166,234,0.4450334906578064,2.0,0.0,0.0,True,138,PNG,243,286,0.8496503496503497,13.814152925264036
h8v2QrgF.png,,test,41.006431579589844,212.81517028808594,41.501922607421875,0.2701298701298701,0.6453879453879454,248,0.7348043918609619,7.0,0.0,0.0,False,146,PNG,455,66,6.893939393939394,20.48058608058608
WayCSImu.png,,test,0.0,254.3359832763672,0.0,0.1908641975308642,0.04395061728395062,5,0.9103966355323792,0.0,0.0,0.0,False,127,PNG,90,90,1.0,1.4933333333333334
7VMfcMHI.png,,test,0.0,251.5279998779297,0.0,0.11079545454545454,0.07344585561497326,252,0.5761899352073669,0.0,0.0,0.0,False,143,PNG,187,64,2.921875,4.830213903743315
9zGlcdIa.png,,test,0.0,250.97337341308594,0.0,0.14068825910931174,0.06680161943319839,103,0.7549488544464111,0.0,0.0,0.0,False,135,PNG,130,38,3.421052631578948,2.594331983805668
s05yO8BP.png,,test,15.51010513305664,166.90194702148438,30.19091796875,0.35678391959798994,0.9820979899497487,141,0.5681636929512024,0.0,0.0,0.0,False,122,PNG,398,40,9.95,4.871356783919598
YLBrPsjO.png,,test,32.55156326293945,7.608521938323975,8.86740779876709,0.4676378718828409,0.1856213835833888,249,0.47896406054496765,0.0,0.25,0.0,True,116,PNG,662,59,11.220338983050848,9.160325669517128
TXkxko1i.jpg,,test,6.014796257019043,240.8985595703125,8.367095947265625,0.1286345108695652,0.17882472826086956,211,0.12708614766597748,0.0,0.0,0.0,False,196,JPEG,1033,774,1.334625322997416,2.954991732767009
95YZVrDD.png,,test,22.86795997619629,188.54962158203125,41.02040100097656,0.23651279199110123,1.0,165,0.21079258620738983,0.0,0.0,0.0,False,134,PNG,124,58,2.1379310344827585,11.562847608453838
7ckJIDU4.png,,test,0.0,254.372314453125,0.0,0.17789046653144017,0.04721095334685598,5,0.9035195112228394,0.0,0.25,0.0,False,127,PNG,145,136,1.0661764705882353,1.2421906693711968
loTQb3H7.png,,test,24.157222747802734,242.0262451171875,0.5612945556640625,0.27882909520993493,0.24009461856889414,222,0.7723267078399658,4.0,0.0,0.0,False,161,PNG,89,38,2.3421052631578947,19.42755765819042
34HKXjV9.png,,test,14.260873794555664,166.26959228515625,18.950958251953125,0.15358154593282072,0.8846620801295022,175,0.29348036646842957,0.0,0.25,0.0,False,93,PNG,706,49,14.408163265306122,7.163785627565474
rZnOMgbJ.png,,test,10.874545097351074,251.50924682617188,1.0008697509765625,0.19393939393939394,0.2275058275058275,172,0.3549456298351288,0.0,0.0,0.0,False,183,PNG,78,55,1.4181818181818182,6.862470862470863
6W0xinoW.png,,test,19.17436981201172,219.57264709472656,38.54493713378906,0.2904320987654321,0.34521604938271605,238,0.6132609248161316,0.0,0.0,0.0,False,149,PNG,324,60,5.4,6.82962962962963
BF2a88L9.webp,,test,15.446358680725098,243.9468536376953,39.00581359863281,0.06039319563662375,0.030026153433476394,255,0.4632006585597992,0.0,0.0,0.0,False,139,WEBP,1200,728,1.6483516483516485,0.2446520146520146
vdHe3qEg.png,,test,0.0,251.19557189941406,0.0,0.18019079685746353,0.07861952861952862,247,0.5978110432624817,0.0,0.0,0.0,False,140,PNG,594,30,19.8,5.455443322109989
nGYbQt8U.png,,test,13.450288772583008,156.69937133789062,32.03504943847656,0.18155038759689923,0.8862015503875968,151,0.4441255033016205,0.0,0.0,0.0,False,97,PNG,150,43,3.488372093023256,8.30263565891473
r7fakC6Y.png,,test,18.207204818725586,249.20706176757812,3.1872406005859375,0.24295343137254902,0.29580269607843135,160,0.26410582661628723,0.0,0.0,0.0,False,187,PNG,576,68,8.470588235294118,6.324142156862745
01eMwHuH.png,,test,0.0,249.6974334716797,0.0,0.2777720668859649,0.07915296052631579,256,0.5781146287918091,0.0,0.0,0.0,False,131,PNG,793,78,10.166666666666666,1.045946907233162
mzWOtlbp.png,,test,22.590984344482422,212.72923278808594,38.64320373535156,0.19307291666666668,0.4140625,221,0.3200479745864868,0.0,0.0,0.0,False,149,PNG,902,59,15.28813559322034,8.651358562892254
iiCd7aNl.jpg,,test,11.88403034210205,240.90411376953125,2.6016845703125,0.07801062573789846,0.1228896103896104,256,0.8350740075111389,0.0,0.0,0.0,False,161,JPEG,242,280,0.8642857142857143,1.6931523022432111
NjeIgej1.png,,test,23.90359115600586,210.37010192871094,41.14299011230469,0.14993355080343118,0.9464781925818533,191,0.4546675384044647,0.0,0.0,0.0,False,134,PNG,93,89,1.0449438202247192,7.240304458137006
r3Ups2lg.png,,test,0.0,249.27662658691406,0.0,0.30370710784313726,0.08619791666666667,256,0.5847083926200867,0.0,0.0,0.0,False,131,PNG,809,90,8.988888888888889,1.0794121686581513
AQwUoSbi.png,,test,22.538692474365234,214.04603576660156,38.66163635253906,0.2497735507246377,0.17733808876811594,224,0.10955377668142319,0.0,0.25,0.0,False,115,PNG,1126,67,16.80597014925373,4.476975689933989
USzzfXaO.png,,test,40.91634750366211,210.7394256591797,39.963226318359375,0.3370968892694064,0.6514519121004566,248,0.4555891752243042,6.0,0.0,0.0,False,141,PNG,785,75,10.466666666666669,20.89253503184713
nWpj5DQ3.png,,test,23.945518493652344,209.92449951171875,40.488250732421875,0.27402797965116277,0.9527767684108527,177,0.34496402740478516,0.0,0.0,0.0,False,142,PNG,802,90,8.911111111111111,8.149293433083956
ak3GwgIz.png,,test,30.164548873901367,216.79112243652344,38.575347900390625,0.30252322635135137,0.2613668355855856,226,0.35507598519325256,0.0,0.0,0.0,False,138,PNG,794,76,10.447368421052632,8.707145697998143
a48ZKsTM.png,,test,11.679872512817383,229.34194946289062,0.941009521484375,0.15949074074074074,0.19921296296296295,234,0.4808853566646576,0.0,0.0,0.0,False,146,PNG,150,144,1.0416666666666667,8.027037037037037
3f76p0cH.png,,test,30.580245971679688,205.87611389160156,38.870513916015625,0.3310880829015544,0.7966321243523317,188,0.30141326785087585,0.0,0.0,0.0,False,126,PNG,386,90,4.288888888888889,9.454231433506044
WIzFRrQw.png,,test,23.062559127807617,159.32723999023438,25.6129150390625,0.26860254083484575,0.8402903811252269,181,0.19422326982021332,0.0,0.0,0.0,False,97,PNG,116,38,3.0526315789473686,14.225045372050817
t0CUnaq7.png,,test,4.838784217834473,151.99688720703125,0.332733154296875,0.12374772313296903,0.9297586520947176,162,0.24869877099990845,0.0,0.0,0.6733834244080146,False,93,PNG,144,61,2.360655737704918,5.283242258652095
CURsUyvi.jpg,,test,11.011168479919434,246.3783721923828,0.5711517333984375,0.18487847222222223,0.21258101851851852,256,1.1300846338272095,0.0,0.0,0.0,False,176,JPEG,480,360,1.3333333333333333,2.095972222222222
rSIh1IgC.png,,test,23.98417091369629,218.74319458007812,47.482147216796875,0.24201680672268908,0.2600628130039895,211,0.5260133147239685,0.0,0.0,0.0,False,150,PNG,765,77,9.935064935064934,5.915830574654104
TSJcHALM.jpg,,test,15.249637603759766,227.5685577392578,35.20707702636719,0.0632919254658385,0.0840722049689441,254,0.7039604187011719,1.0,0.0,0.0,False,142,JPEG,700,368,1.9021739130434785,1.7294099378881989
gxSxzmWq.png,,test,0.0,251.7241973876953,0.0,0.08025083117576212,0.05975450565776473,256,0.9187581539154053,0.0,0.0,0.0,False,143,PNG,626,443,1.4130925507900678,1.9095478836570288
hS8BXVxE.png,,test,19.097713470458984,249.99903869628906,2.8834686279296875,0.4206999491869919,0.4458365091463415,236,0.35027602314949036,0.0,0.0,0.009082825203252032,False,181,PNG,808,86,9.395348837209305,6.376698134929772
FJIb3JJZ.png,,test,21.22760772705078,130.6609344482422,37.30828094482422,0.198170067533222,0.9156197806985694,130,0.48969146609306335,0.0,0.0,0.0,False,87,PNG,293,47,6.23404255319149,7.804226272601844
103HUaxy.png,,test,0.0,254.69747924804688,0.0,0.10231023102310231,0.030174446016030174,5,0.9925368428230286,0.0,0.0,0.0,False,127,PNG,101,42,2.4047619047619047,1.174917491749175
KJdY1jWR.jpg,,test,40.78158187866211,237.4996337890625,22.66973876953125,0.09738333710577939,0.275261241889241,255,1.006706714630127,0.0,0.0,0.0,False,165,JPEG,752,564,1.3333333333333333,2.5421382224234192
qO6OKcRs.jpg,,test,17.029613494873047,222.49996948242188,6.3837738037109375,0.14186511032739302,0.24190360267573838,208,0.39607346057891846,0.0,0.0,0.005022211125329005,False,180,JPEG,716,537,1.3333333333333333,3.9597806976478056
BpemwSh9.png,,test,0.0,254.32745361328125,0.0,0.17681660899653978,0.05069204152249135,5,0.9748861789703369,0.0,0.0,0.0,False,127,PNG,170,136,1.25,1.2782006920415223
XMWlmHYn.webp,,test,0.19062092900276184,248.5435028076172,0.0166778564453125,0.26545018325617287,0.3098928192515432,256,0.7465538382530212,0.0,0.0,0.005160108024691358,False,197,WEBP,1200,675,1.7777777777777777,0.1695604938271604
cIvpkHsH.jpg,,test,0.0,240.22805786132812,0.0,0.08330059490402963,0.11543570172484753,256,0.6616007685661316,0.0,0.0,0.008254761103004453,False,147,JPEG,453,472,0.9597457627118644,1.3098364949302204
iN8lmlCB.png,,test,16.428199768066406,252.53944396972656,0.2089385986328125,0.13830409356725146,0.16271929824561404,198,0.5603219866752625,0.0,0.0,0.0,False,187,PNG,120,114,1.0526315789473684,6.478947368421053
YtqTEdMc.png,,test,3.393742322921753,254.52700805664062,0.1372528076171875,0.03439031862745098,0.037798713235294115,132,0.8043965101242065,0.0,0.0,0.0,False,204,PNG,940,42,22.38095238095238,1.4206686930091186
TsW7zvts.png,,test,0.0,252.03555297851562,0.0,0.1309481534090909,0.05643347537878788,256,0.6702636480331421,0.0,0.0,0.0,False,136,PNG,812,46,17.652173913043477,0.7714714071535661
Y978qcT3.jpg,,test,8.006903648376465,251.55007934570312,0.5497283935546875,0.06425723308558487,0.07130689974161855,256,0.9640485048294067,0.0,0.0,0.0,False,158,JPEG,705,667,1.0569715142428786,1.3664997288589749
RsrT9tlT.png,,test,0.0,252.6453094482422,0.0,0.10295138888888888,0.05523726851851852,256,0.681392252445221,0.0,0.0,0.0,False,141,PNG,970,114,8.508771929824562,0.6613854223186834
VEr26nUc.png,,test,0.0,254.3897247314453,0.0,0.24603174603174602,0.039589169000933705,5,0.816224217414856,0.0,0.0,0.0,False,127,PNG,595,54,11.01851851851852,1.026330532212885
fLvo3NSl.png,,test,26.226909637451172,186.36219787597656,44.36201477050781,0.4440104166666667,0.7122395833333334,208,0.2714822292327881,0.0,0.25,0.0,False,103,PNG,787,75,10.493333333333334,6.490131300296484
Kmt3tBTF.png,,test,7.887212753295898,252.35772705078125,1.0347747802734375,0.10451127819548872,0.12706766917293233,153,0.7089395523071289,0.0,0.0,0.0,False,194,PNG,665,34,19.558823529411764,5.403626713843432
0yYINh3K.png,,test,22.45460319519043,252.34133911132812,0.904266357421875,0.23517853305087347,0.24785852445426915,223,0.5742995738983154,0.0,0.0,0.000921064750851985,False,181,PNG,423,77,5.493506493506493,8.744957170489085
JC72Wvwy.png,,test,9.870138168334961,253.45855712890625,1.5894622802734375,0.11975013290802765,0.13237639553429026,139,0.28408655524253845,0.0,0.0,0.0,False,207,PNG,114,66,1.7272727272727273,4.477405635300372
TCGOSVcJ.png,,test,27.447824478149414,237.84104919433594,0.5462188720703125,0.2716307315170762,0.15925678310769403,256,0.26927322149276733,4.0,0.25,0.0,False,138,PNG,386,93,4.150537634408602,19.495459357067247
Kvzj3Pv0.png,,test,16.702924728393555,252.42027282714844,1.9606475830078125,0.11194323093636595,0.14240806231652914,181,0.695507824420929,0.0,0.0,0.0,False,181,PNG,759,57,13.31578947368421,4.865497076023392
33wj8h0R.png,,test,5.657791614532471,141.41734313964844,0.85443115234375,0.3485753676470588,0.8555836397058824,159,0.2931528091430664,0.0,0.25,0.03481158088235294,False,92,PNG,1014,45,22.53333333333333,7.383563445101907
yZhMQJBZ.jpg,,test,39.00585174560547,169.6554412841797,67.73420715332031,0.1539851851851852,0.9408296296296297,210,0.472890704870224,1.0,0.0,0.0,False,109,JPEG,300,225,1.3333333333333333,2.091377777777778
0GsnAjkh.jpg,,test,24.197816848754883,253.0885467529297,1.2880859375,0.11777088144726713,0.12771843725943033,256,0.5636509656906128,0.0,0.0,0.0,False,186,JPEG,1200,677,1.7725258493353029,0.3475824716888232
UtmpkmTz.jpg,,test,4.260058879852295,247.7846221923828,1.476470947265625,0.11329196673525377,0.12674950703017832,256,0.9237062931060791,0.0,0.0,0.0,False,161,JPEG,736,1164,0.6323024054982818,1.4964701927386823
u18BMse4.jpg,,test,17.121551513671875,77.25492858886719,11.121574401855469,0.45776184538653364,0.9089320968412302,256,0.5064098238945007,3.0,0.0,0.0,True,122,JPEG,1024,535,1.914018691588785,3.2435601635514018
cgrMsZJ8.png,,test,12.116143226623535,253.23118591308594,1.4061737060546875,0.1041093377361952,0.12346358466336452,161,0.41210171580314636,0.0,0.0,0.0,False,196,PNG,237,46,5.152173913043479,3.8957989359750496
yEwOuwUz.jpg,,test,21.479734420776367,154.0290985107422,22.477630615234375,0.16405119719328703,0.9893324110243056,256,0.8419456481933594,0.0,0.0,0.12396014178240741,False,124,JPEG,1200,1599,0.7504690431519699,0.6758223889931207
GtmANNHc.png,,test,16.232738494873047,112.95303344726562,31.26581573486328,0.3646670789527932,0.8205009276437848,118,0.4645310342311859,0.0,0.0,0.0,False,73,PNG,147,132,1.1136363636363635,8.131519274376418
FNnSLEoz.jpg,,test,50.12107849121094,245.87266540527344,32.028778076171875,0.10955918367346938,0.13158163265306122,256,0.256176620721817,0.0,0.0,0.0,False,168,JPEG,700,700,1.0,0.7427102040816327
hO5C0YCv.png,,test,16.504478454589844,219.4584503173828,38.85838317871094,0.02465986394557823,0.17897002551020408,197,0.36269110441207886,0.0,0.0,0.0,False,147,PNG,964,62,15.548387096774194,2.0936956230758934
WUwowK3j.jpg,,test,74.95162963867188,224.3701934814453,35.59825134277344,0.17470350429248077,0.49772887063351096,256,0.49806123971939087,0.0,0.0,0.0,False,136,JPEG,736,1004,0.7330677290836654,1.4184782608695652
g1V2Jf5T.png,,test,25.06340980529785,162.16329956054688,1.5687713623046875,0.23158539073658438,0.8925729442970822,173,0.3837045431137085,4.0,0.0,0.0,False,105,PNG,169,58,2.913793103448276,18.661497653540096
G9emTgSa.png,,test,0.0,254.7737579345703,0.0,0.0979435116490954,0.023818820773135494,5,0.9092618823051453,0.0,0.0,0.0,False,127,PNG,197,78,2.525641025641025,0.7642847845893531
3nA3W49u.jpg,,test,8.117149353027344,134.01731872558594,7.0779571533203125,0.09105342741935483,0.9963905689964158,159,0.6201062798500061,1.0,0.0,0.0005964381720430107,False,107,JPEG,588,971,0.6055612770339855,2.3257739759137435
5RITOks4.png,,test,13.288981437683105,246.03646850585938,2.6884307861328125,0.09404904306220095,0.12398325358851675,205,0.3579898476600647,0.0,0.0,0.0,False,176,PNG,608,55,11.054545454545456,8.889952153110048
hOmpjJmw.png,,test,0.0,254.48464965820312,0.0,0.15518707482993196,0.039965986394557826,5,0.9357852339744568,0.0,0.0,0.0,False,127,PNG,56,42,1.3333333333333333,1.629251700680272
3MWxF7cW.png,,test,20.26346206665039,187.71250915527344,34.647857666015625,0.17226197028068244,0.9619565217391305,163,0.5077404379844666,0.0,0.0,0.0,False,125,PNG,316,46,6.869565217391305,6.145294441386901
deHZj2TH.png,,test,9.740047454833984,253.0319366455078,0.82708740234375,0.09490740740740741,0.10138165509259259,160,0.7997130751609802,0.0,0.0,0.0,False,201,PNG,1376,64,21.5,3.3606468023255816
0u4WUqfd.png,,test,15.2296724319458,246.65467834472656,29.949188232421875,0.33691578653947407,0.3604236999411528,214,0.5325133204460144,0.0,0.0,0.00021680552544367702,False,181,PNG,389,83,4.686746987951807,6.095084709016013
wX7bM0kB.png,,test,36.97050476074219,229.5293426513672,38.57200622558594,0.33469356328919003,0.4175136022995586,64,0.4467921257019043,0.0,0.0,0.0,False,138,PNG,382,102,3.7450980392156863,2.784519043219382
08ir1p0K.png,,test,0.0,254.78468322753906,0.0,0.09508196721311475,0.022794691647150665,5,0.8754932284355164,0.0,0.0,0.0,False,127,PNG,183,70,2.6142857142857143,0.8018735362997658
Q0tOdDTQ.png,,test,31.250822067260742,178.89645385742188,40.54522705078125,0.2585034013605442,0.8746355685131195,173,0.3964414894580841,0.0,0.0,0.0,False,113,PNG,49,42,1.1666666666666667,11.97278911564626
Cs3YLT81.png,,test,21.609149932861328,208.9894256591797,41.76988220214844,0.2707848043021885,0.9680211658470652,209,0.43222758173942566,0.0,0.0,0.0,False,146,PNG,519,67,7.746268656716418,7.483967446006959
nq6bdC2J.jpg,,test,2.5819907188415527,239.05206298828125,4.7499542236328125,0.053551912568306013,0.07428934150245625,251,1.33819580078125,0.0,0.0,0.0,False,186,JPEG,330,549,0.6010928961748634,1.7168846939338742
hSV8sh6t.png,,test,17.840835571289062,217.35707092285156,38.21131896972656,0.1356152794950218,0.29726036311576753,184,0.335832417011261,0.0,0.0,0.0,False,150,PNG,127,121,1.0495867768595042,9.038068588533871
8vFap5BO.png,,test,7.974989891052246,117.8139419555664,14.601570129394531,0.11336616847826086,0.9168648097826086,127,0.8074275255203247,0.0,0.0,0.04008152173913043,False,70,PNG,1388,84,16.523809523809526,6.037120900233292
3sAJUg9D.png,,test,0.0,255.0,0.0,0.14676198486122793,0.05088309503784693,16,0.8397717475891113,0.0,0.0,0.0,False,136,PNG,328,58,5.655172413793103,0.9785534062237174
FfhHxvVH.png,,test,19.58727264404297,193.31005859375,44.38713073730469,0.09027777777777778,1.0,147,0.21309681236743927,0.0,0.0,0.0,False,137,PNG,936,70,13.371428571428572,5.966544566544567
5tEuNxV2.png,,test,12.657001495361328,164.8000946044922,0.8542022705078125,0.2889939692982456,0.7585834703947368,188,0.26104357838630676,2.0,0.0,8.566337719298245e-05,False,90,PNG,832,82,10.146341463414634,17.442424953095685
0QmUSo8n.jpg,,test,16.830066680908203,150.86476135253906,9.038375854492188,0.393125497611465,0.7588450437898089,234,0.34971001744270325,1.0,0.75,0.011928161491507432,False,92,JPEG,774,947,0.8173178458289335,1.1559637533459397
WHISm4Km.png,,test,16.893278121948242,237.33297729492188,1.455902099609375,0.41863307823129253,0.4132918792517007,241,0.33933529257774353,0.0,0.0,0.002152423469387755,False,157,PNG,920,59,15.59322033898305,7.460574797347089
MnP02zXP.png,,test,0.13947096467018127,253.56321716308594,0.00140380859375,0.155744,0.021424,254,0.6114064455032349,0.0,0.0,0.0,False,130,PNG,500,125,4.0,1.834752
EFM6OYGv.png,,test,20.693782806396484,140.2066192626953,39.161224365234375,0.18882646691635455,0.8558052434456929,156,0.49185460805892944,0.0,0.0,0.0,False,81,PNG,89,36,2.4722222222222223,9.415730337078651
6op2Y2yh.png,,test,8.071815490722656,250.11257934570312,7.1428070068359375,0.15587439903846154,0.19463641826923078,176,0.3704110085964203,0.0,0.0,0.0,False,195,PNG,805,55,14.636363636363637,6.92309429700734
d7cXQ2Qo.png,,test,6.5803022384643555,251.1492462158203,0.748931884765625,0.3897202342225114,0.4104586857514639,237,0.4816236197948456,0.0,0.0,0.07652895250487964,False,183,PNG,116,106,1.0943396226415094,6.105400130123617
323hhBsX.png,,test,0.0,254.69107055664062,0.0,0.1008572048611111,0.027452256944444444,5,0.92560213804245,0.0,0.0,0.0,False,127,PNG,288,64,4.5,0.7986111111111112
GYYGbbBG.png,,test,14.139277458190918,252.69798278808594,1.464508056640625,0.1993181818181818,0.21329545454545454,213,0.4423864185810089,0.0,0.0,0.0,False,174,PNG,110,80,1.375,5.638181818181818
PX3mxCZj.png,,test,7.579800128936768,198.97109985351562,0.4713134765625,0.25999412110523223,0.9326866549088771,204,0.5140213966369629,0.0,0.0,0.017930629041740153,False,134,PNG,216,63,3.4285714285714284,6.094650205761317
LnSqXuEu.png,,test,20.74993133544922,113.03213500976562,35.67536926269531,0.22469618055555557,0.7803168402777778,123,0.23552820086479187,0.0,0.25,0.0,False,57,PNG,872,68,12.823529411764708,4.066648677819752
NOBQTAfI.png,,test,0.0,254.425048828125,0.0,0.17007498295841855,0.04946319018404908,5,1.002581000328064,0.0,0.0,0.0,False,127,PNG,163,144,1.1319444444444444,1.2733469665985004
GmgmFkbL.png,,test,32.02830505371094,209.48568725585938,40.56318664550781,0.20921155347384857,1.0,168,0.4559381902217865,0.0,0.0,0.0,False,144,PNG,61,42,1.4523809523809523,9.670569867291178
rR8Jn0tX.png,,test,0.0,249.71923828125,0.0,0.13453237410071942,0.11816546762589929,87,0.5586157441139221,0.0,0.0,0.0,False,139,PNG,139,40,3.475,2.820143884892086
JpskgVWZ.png,,test,17.152690887451172,179.52276611328125,14.598617553710938,0.1015625,0.9778245192307692,152,0.26992717385292053,0.0,0.0,0.0038461538461538464,False,121,PNG,783,66,11.863636363636363,5.3481945895739
HAzZ4mgu.png,,test,0.0,250.03167724609375,0.0,0.15671202956989247,0.13894489247311828,256,1.05396568775177,0.0,0.0,0.0,False,154,PNG,1400,56,25.0,0.9871428571428572
tcTkCXgy.png,,test,0.0,254.6929931640625,0.0,0.17233250620347396,0.04007444168734491,5,0.8220865726470947,0.0,0.0,0.0,False,127,PNG,130,62,2.096774193548387,1.1076923076923078
kyWx0ZQy.png,,test,2.597092628479004,177.79153442382812,0.312286376953125,0.2711627906976744,0.757984496124031,185,0.38297441601753235,0.0,0.0,0.235968992248062,False,93,PNG,86,75,1.1466666666666667,5.516899224806202
xU9Yyahd.png,,test,8.968071937561035,250.4915771484375,2.8225555419921875,0.23682133838383837,0.27758049242424243,208,0.6185628175735474,0.0,0.0,0.0003156565656565657,False,189,PNG,1403,61,23.0,5.103910823411192
GKqjIlWl.png,,test,27.997697830200195,211.0680389404297,40.743927001953125,0.1277488425925926,0.986574074074074,197,0.38800451159477234,0.0,0.0,0.0,False,142,PNG,997,58,17.189655172413794,5.178570193338636
pfViDMBL.png,,test,8.862348556518555,244.85601806640625,2.361663818359375,0.11593364197530864,0.07465277777777778,254,0.3349759876728058,0.0,0.0,0.0,False,138,PNG,948,67,14.149253731343284,8.04017885257258
EAYCAQ59.png,,test,11.280948638916016,160.90301513671875,19.043960571289062,0.2140468227424749,0.9148550724637681,169,0.24818669259548187,0.0,0.0,0.0005574136008918618,False,106,PNG,156,46,3.391304347826087,9.80267558528428
l59U3nzg.png,,test,29.053495407104492,243.45318603515625,37.524078369140625,0.28759279734639076,0.2955299320802401,222,0.6135711669921875,0.0,0.0,0.0,False,169,PNG,487,52,9.365384615384617,6.471963354920233
XYvglGWB.png,,test,14.98065185546875,253.70994567871094,0.7303619384765625,0.1359177554080103,0.13775969158278004,147,0.5469856858253479,0.0,0.0,0.0,False,182,PNG,161,145,1.110344827586207,3.139344613407582
2HeVFuqg.png,,test,30.08941650390625,241.7749786376953,1.7121124267578125,0.07401199717713479,0.10793048694424841,226,0.5189729928970337,5.0,0.0,0.0,False,170,PNG,218,104,2.0961538461538463,18.081157374735355
BqEBJVOi.png,,test,22.75032615661621,179.97848510742188,33.04179382324219,0.4355640231801223,0.945606096689688,206,0.42028170824050903,3.0,0.0,0.0,False,123,PNG,663,95,6.978947368421053,12.69813447646265
KRx3Vmia.png,,test,31.829694747924805,184.5821533203125,46.07078552246094,0.44483901515151514,0.6978377525252525,221,0.5233373641967773,4.0,0.25,0.0,False,105,PNG,1410,61,23.114754098360656,15.85973723985583
l4bmCKrg.png,,test,18.560428619384766,133.9588165283203,31.56922149658203,0.10488922841864018,0.9382734912146676,123,0.26951178908348083,0.0,0.0,0.0,False,85,PNG,340,77,4.415584415584416,4.580595874713522
s9WmvGWk.png,,test,30.637542724609375,207.76388549804688,41.47174072265625,0.31493506493506496,0.835820895522388,217,0.4700159430503845,0.0,0.0,0.0,False,135,PNG,154,134,1.1492537313432836,11.225431285132778
KhpaPPC0.png,,test,10.087663650512695,247.95187377929688,2.288848876953125,0.10684523809523809,0.12373511904761905,208,0.3919665515422821,0.0,0.0,0.0,False,163,PNG,886,81,10.938271604938272,6.8578435470835775
YeQKBE9M.png,,test,16.7445125579834,234.64466857910156,1.198822021484375,0.24199394707207209,0.31381967905405406,245,0.41565611958503723,0.0,0.0,0.0,False,152,PNG,825,79,10.443037974683543,9.026651323360184
kSLTls5b.jpg,,test,40.0625,246.58657836914062,3.5220184326171875,0.17694996021412038,0.2317211009837963,256,0.47967368364334106,0.0,0.0,0.0,False,193,JPEG,768,1024,0.75,1.6841837565104167
43HAydRQ.png,,test,27.697298049926758,224.90985107421875,46.64198303222656,0.20966880341880342,0.30969551282051283,212,0.4231718182563782,0.0,0.0,0.0,False,171,PNG,1357,69,19.666666666666668,6.206956948938943
e2cUfICY.png,,test,0.0,254.5894012451172,0.0,0.13976608187134504,0.03300438596491228,5,0.8657283186912537,0.0,0.0,0.0,False,127,PNG,190,144,1.3194444444444444,0.9728070175438596
IQ8kGbtE.png,,test,38.40761947631836,195.26495361328125,5.3802642822265625,0.26645353985621445,0.790175154216759,253,0.7764816284179688,8.0,0.0,0.0,False,146,PNG,673,99,6.797979797979798,21.587764720008405
OIaA5eXo.png,,test,9.566146850585938,252.3178253173828,13.591354370117188,0.10734748904617458,0.12421825263079055,134,0.589272677898407,0.0,0.0,0.0,False,197,PNG,621,86,7.22093023255814,5.631726772272779
ulIaHLEa.png,,test,19.63094139099121,250.0292510986328,18.593841552734375,0.23638954402515724,0.2640281053459119,216,0.3767891824245453,0.0,0.0,0.0040536556603773585,False,179,PNG,776,54,14.37037037037037,6.193203512791142
91m3Rxef.jpg,,test,8.437896728515625,184.4897003173828,5.4836578369140625,0.27043333333333336,0.5428,256,0.6610401272773743,2.0,0.25,6.666666666666667e-05,False,108,JPEG,200,150,1.3333333333333333,3.313066666666667
cGozUXSG.jpg,,test,39.42734909057617,240.3846893310547,3.14111328125,0.2194987730946882,0.28078991050808316,256,0.4627566635608673,0.0,0.0,0.0001383275596612779,False,171,JPEG,790,445,1.7752808988764044,5.6645598065709
1bbYyX22.png,,test,22.858530044555664,238.17279052734375,37.97343444824219,0.3664362980769231,0.40479767628205127,252,0.6049150824546814,0.0,0.0,0.0,False,165,PNG,1444,48,30.08333333333333,10.507156048014776
89dSOcz7.png,,test,30.92790985107422,188.9894256591797,43.96723937988281,0.3395070043103448,0.7416262571839081,205,0.2918753921985626,0.0,0.25,0.0,False,104,PNG,876,66,13.272727272727272,7.097274110972741
MgAgepYl.png,,test,13.91046142578125,253.51638793945312,1.5440216064453125,0.07978284771852666,0.08658603628367234,157,0.46296799182891846,0.0,0.0,0.0,False,186,PNG,214,68,3.147058823529412,3.091808686091259
hqJ103Sp.jpg,,test,27.352975845336914,155.69773864746094,32.83290100097656,0.22151240596064814,0.9333224826388888,228,0.17921344935894012,1.0,0.0,9.04224537037037e-06,False,107,JPEG,1024,768,1.3333333333333333,1.3045247395833333
D7NbcemQ.png,,test,15.956246376037598,230.49839782714844,1.7877349853515625,0.18249692118226601,0.30299415024630544,199,0.22866494953632355,0.0,0.0,0.0,False,162,PNG,406,64,6.34375,9.718288177339902
4X7I7UNx.png,,test,0.0,252.79840087890625,0.0,0.11242897727272727,0.045430871212121214,256,0.6809102892875671,0.0,0.0,0.0,False,136,PNG,936,67,13.970149253731345,0.5911468299528001
LTy8fniU.png,,test,28.568031311035156,210.13377380371094,40.756103515625,0.22064777327935223,1.0,165,0.45049306750297546,0.0,0.0,0.0,False,140,PNG,130,38,3.421052631578948,7.2582995951417
HI5mb7iB.png,,test,43.3437385559082,213.90521240234375,40.14833068847656,0.22468098853173962,0.5987724115651752,212,0.5203704833984375,7.0,0.0,0.0,False,150,PNG,151,41,3.682926829268293,20.62090130835083
raGbK5Tu.png,,test,39.26411437988281,213.7860870361328,73.37734985351562,0.47126349206349205,0.5493206349206349,238,0.5261564254760742,0.0,0.0,0.0,False,134,PNG,625,630,0.992063492063492,6.190689523809524
P9E70Dmo.png,,test,8.888310432434082,204.69775390625,1.2455291748046875,0.3907222914072229,0.6285803237858032,199,0.3873608708381653,0.0,0.0,0.03922789539227895,False,144,PNG,146,44,3.3181818181818183,11.13947696139477
86AuEeEl.png,,test,0.0,244.3112335205078,0.0,0.25210084033613445,0.346218487394958,215,0.16197896003723145,0.0,0.0,0.0,False,184,PNG,136,35,3.8857142857142857,11.07563025210084
90fjiYcU.png,,test,0.0,249.58456420898438,0.0,0.19520037278657967,0.24301025163094128,239,0.13743098080158234,0.0,0.0,0.0,False,186,PNG,580,74,7.837837837837838,8.02497670083877
PDsak7xf.png,,test,23.9096622467041,207.14651489257812,41.64756774902344,0.34939564867042705,0.9943996776792909,190,0.3477247655391693,0.0,0.0,0.0,False,147,PNG,170,146,1.1643835616438356,10.142143432715551
OvOP7g6o.png,,test,6.782888889312744,198.1266632080078,14.744903564453125,0.1906823335394764,1.0,153,0.1974218189716339,0.0,0.0,0.0,False,144,PNG,147,132,1.1136363636363635,10.435786435786436
qATEq0HP.jpg,,test,20.02240753173828,251.22015380859375,0.87860107421875,0.04031891059301267,0.0473202408457607,255,0.6905414462089539,0.0,0.0,0.0,False,170,JPEG,414,276,1.5,0.6131064902331443
EcXKkfB4.png,,test,16.67738151550293,235.74729919433594,0.262359619140625,0.26590514748409483,0.3707345286292655,227,0.2451389729976654,0.0,0.0,0.0,False,166,PNG,91,76,1.1973684210526316,14.178137651821862
Pt4L9F8V.png,,test,0.0,252.0947723388672,0.0,0.17702702702702702,0.09884169884169884,110,0.6894187927246094,0.0,0.0,0.0,False,149,PNG,148,35,4.228571428571429,3.1907335907335908
jTD8Zh8H.png,,test,0.0,245.9664764404297,0.0,0.291116642779915,0.23881722863392923,22,1.1802382469177246,0.0,0.0,0.0,False,57,PNG,491,81,6.061728395061729,1.7234668477031003
7dPUZjhP.png,,test,0.0,252.432373046875,0.0,0.10598224765258216,0.053367077464788734,256,0.7278698682785034,0.0,0.0,0.0,False,139,PNG,962,89,10.808988764044944,0.6560302740078021
S6L0aYU5.png,,test,23.37491226196289,210.9864501953125,33.345977783203125,0.2876447876447876,0.5193050193050193,196,0.3593459725379944,0.0,0.0,0.0,False,150,PNG,74,42,1.761904761904762,13.482625482625483
oMiIYb91.jpg,,test,0.0,241.59921264648438,0.0,0.2227164619460501,0.23230897760115607,256,0.8103824853897095,0.0,0.0,0.0,False,153,JPEG,1366,616,2.217532467532468,1.320748797322736
OkORWxGB.png,,test,6.2739787101745605,245.37393188476562,0.0310516357421875,0.1996565049377415,0.25917775869471876,256,0.15751688182353973,1.0,0.0,0.0,False,181,PNG,137,136,1.0073529411764706,16.595105195362816
fNNSh4tQ.png,,test,22.445030212402344,161.38858032226562,46.53437805175781,0.1187800963081862,0.9117174959871589,160,0.4154667854309082,0.0,0.0,0.0,False,93,PNG,267,63,4.238095238095238,8.046132810177754
pZsW1GoY.jpg,,test,65.10176849365234,224.94158935546875,70.80430603027344,0.15221659342447916,0.5597279866536459,255,0.35889604687690735,0.0,0.0,0.0,False,163,JPEG,1200,800,1.5,0.9365583333333334
hSxVaXor.jpg,,test,55.04763412475586,208.58798217773438,114.52886962890625,0.15689461698405888,0.8663789784041277,233,0.5664105415344238,0.0,0.0,0.0,False,138,JPEG,739,492,1.5020325203252032,2.461775416130345
fCHu0AYO.jpg,,test,18.785953521728516,161.1731719970703,12.032669067382812,0.1291107342186297,0.9249302347959969,231,0.6555289626121521,1.0,0.0,0.008648479599692071,False,99,JPEG,1060,597,1.7755443886097153,1.6460794538731394
fgVE5ccy.png,,test,0.0,254.89840698242188,0.0,0.025978936089409724,0.0020650227864583335,255,0.47854533791542053,0.0,0.0,0.0,False,129,PNG,864,864,1.0,0.1038987482853223
myxkjkgQ.webp,,test,59.086143493652344,170.64137268066406,103.26972198486328,0.11277187017746913,0.941162109375,199,0.5264562368392944,0.0,0.0,0.0,False,105,WEBP,1200,675,1.7777777777777777,0.1541728395061728
OEWabCe7.jpg,,test,2.634561777114868,248.82101440429688,1.708526611328125,0.028410734953703703,0.04415629822530864,256,0.5567721724510193,0.0,0.0,0.0,False,142,JPEG,790,444,1.779279279279279,1.7792678754704072
Qdwfb3Ge.png,,test,12.066566467285156,140.899658203125,16.786651611328125,0.2507299270072993,0.8036496350364963,156,0.4966256022453308,0.0,0.0,0.0005474452554744526,False,79,PNG,137,40,3.425,12.35036496350365
jmtUqfDV.png,,test,6.290992736816406,247.2425537109375,0.480804443359375,0.21001344086021506,0.15950520833333334,255,0.3389609456062317,0.0,0.25,0.0,False,148,PNG,936,76,12.31578947368421,6.237291947818264
nwCtXeZ4.png,,test,16.81255340576172,231.33749389648438,0.095855712890625,0.17310344827586208,0.16918103448275862,250,0.35172101855278015,3.0,0.0,0.0,False,142,PNG,580,80,7.25,18.56637931034483
z2vsKyPU.jpg,,test,25.40424156188965,207.688720703125,66.42643737792969,0.2182279411764706,0.6805367647058823,245,0.8998267650604248,1.0,0.0,0.0,False,160,JPEG,500,272,1.838235294117647,2.439058823529412
kYXFycIv.png,,test,30.92182159423828,216.64967346191406,47.777679443359375,0.38421875,0.07424479166666667,229,0.4243394732475281,0.0,0.25,0.0,False,111,PNG,861,56,15.375,2.383441181350589
CXBsxs5B.png,,test,10.145874977111816,254.3827667236328,0.118743896484375,0.048947823243647236,0.014247010463378177,256,0.5831134915351868,0.0,0.0,0.0,False,134,PNG,895,260,3.4423076923076925,0.1699699183498066
Orjz0RPU.jpg,,test,12.515888214111328,198.1763916015625,14.506240844726562,0.38096953478797857,0.9132564841498559,238,1.116225242614746,2.0,0.0,0.0,False,171,JPEG,347,280,1.2392857142857143,3.6141622066694112
J1ixlQWm.png,,test,8.64149284362793,253.23760986328125,1.675537109375,0.09452094090648308,0.10131000191241155,203,0.4482541084289551,0.0,0.0,0.0,False,170,PNG,249,84,2.9642857142857144,3.90782176324345
kVmtA8MR.png,,test,23.70746612548828,190.6099853515625,42.654754638671875,0.30060763888888886,0.9770833333333333,201,0.3915170431137085,0.0,0.0,0.0,False,134,PNG,806,47,17.148936170212767,11.538989493690934
d1ToAyba.png,,test,11.29316520690918,235.50192260742188,19.243026733398438,0.13849431818181818,0.09067234848484848,253,0.3653397262096405,0.0,0.25,0.0,False,134,PNG,1408,61,23.081967213114755,2.797596870342772
lPzv5eqY.png,,test,26.46491050720215,169.30064392089844,39.89955139160156,0.44167832711442784,0.6959149564676617,197,0.3396332859992981,2.0,0.25,3.88681592039801e-05,False,99,PNG,833,73,11.41095890410959,15.428242529888667
pku4lkFa.png,,test,0.0,254.57142639160156,0.0,0.09265822784810127,0.035274261603375524,5,1.1374808549880981,0.0,0.0,0.0,False,127,PNG,225,79,2.848101265822785,0.9473980309423348
RUb8zlTE.png,,test,7.309406757354736,252.5910186767578,2.490966796875,0.21554786620530564,0.22837370242214533,211,0.5617837309837341,0.0,0.0,0.024682814302191464,False,182,PNG,255,85,3.0,6.060069204152249
Oys3soEI.png,,test,0.0,254.73016357421875,0.0,0.15292207792207793,0.021753246753246754,5,0.7672860026359558,0.0,0.0,0.0,False,127,PNG,55,56,0.9821428571428572,1.1948051948051948
reA9BLpu.png,,test,8.097162246704102,232.6696319580078,20.07965087890625,0.22140389161665758,0.19676304782687762,229,0.363566130399704,0.0,0.0,0.0019094380796508457,False,147,PNG,234,47,4.97872340425532,9.657028550645572
OiiDyhUF.png,,test,2.0081899166107178,166.58981323242188,0.2415924072265625,0.18010291595197256,0.8618821144550133,180,0.37491491436958313,0.0,0.0,0.20064712303134258,False,92,PNG,484,53,9.132075471698114,6.951192889443318
i3He2y1Y.png,,test,9.763618469238281,236.8808135986328,19.660797119140625,0.3214574898785425,0.3104251012145749,218,0.6996379494667053,0.0,0.0,0.06953441295546559,False,166,PNG,152,65,2.3384615384615386,9.100404858299596
J7G57bTW.png,,test,5.489219665527344,227.56517028808594,0.16619873046875,0.3336967054263566,0.3898074127906977,213,0.557104766368866,0.0,0.0,0.025133236434108527,False,166,PNG,938,53,17.69811320754717,1.604537957114696
uRe54tg1.png,,test,20.80750274658203,183.2003631591797,47.72491455078125,0.34162454044117646,0.975796568627451,160,0.33114853501319885,0.0,0.0,0.0,False,118,PNG,849,75,11.32,10.965685119748724
phH6CAnL.jpg,,test,1.2879656553268433,251.595703125,0.110443115234375,0.1349250637755102,0.06989397321428571,256,0.2591980993747711,0.0,0.0,0.0,False,141,JPEG,224,224,1.0,1.707908163265306
SagDWqdN.png,,test,18.726280212402344,210.1372528076172,42.17579650878906,0.3575,0.9606818181818182,200,0.6543707251548767,0.0,0.0,0.0,False,145,PNG,100,44,2.272727272727273,9.143636363636364
niyHlOIV.png,,test,7.129720687866211,248.35243225097656,9.278961181640625,0.19223093861822185,0.2442540600055051,220,0.3566173315048218,0.0,0.0,0.0,False,175,PNG,519,56,9.267857142857142,8.652078172309386
mS4vyvre.png,,test,21.93553924560547,191.94947814941406,44.491851806640625,0.2695238095238095,0.9832142857142857,171,0.412281334400177,0.0,0.0,0.0,False,137,PNG,140,60,2.333333333333333,8.66952380952381
VE3D743t.png,,test,13.527202606201172,220.2216796875,2.9540252685546875,0.1165771484375,0.19687906901041666,203,0.30318012833595276,0.0,0.0,0.0,False,147,PNG,803,67,11.985074626865671,6.346350439582907
a5zGM5iK.jpg,,test,0.0,254.32740783691406,0.0,0.06582453221450617,0.012583791473765432,256,0.28624245524406433,0.0,0.0,0.0,False,132,JPEG,1200,675,1.7777777777777777,0.2371851851851852
Q2NwIzMD.png,,test,0.0,254.58578491210938,0.0,0.13409681611435997,0.028671215074723845,5,0.8679674863815308,0.0,0.0,0.0,False,127,PNG,114,108,1.0555555555555556,1.0064977257959715
98PJUOnr.png,,test,13.261343002319336,128.96664428710938,32.96166229248047,0.2,0.9004901960784314,121,0.2675684690475464,0.0,0.0,0.0,False,86,PNG,119,120,0.9916666666666668,10.50812324929972
LOM2Cl5C.png,,test,25.418241500854492,240.8994140625,1.36004638671875,0.2043302381171279,0.2165578744139009,256,0.4676181972026825,3.0,0.0,0.0,False,152,PNG,149,146,1.0205479452054795,19.263767582973248
ZyfCy8J2.png,,test,21.626014709472656,149.95899963378906,38.858421325683594,0.2277191323985085,0.8594349036290111,159,0.08760654926300049,0.0,0.0,0.0,False,90,PNG,577,66,8.742424242424242,7.691402762459955
s53qLnER.png,,test,17.742467880249023,168.4448699951172,33.37467956542969,0.13220131802721088,0.9069940476190477,166,0.33786898851394653,0.0,0.0,0.0,False,99,PNG,917,58,15.810344827586206,2.73771293197458
oam3a8sH.png,,test,69.64801025390625,98.92636108398438,156.33750915527344,0.055296,0.9975608888888889,171,0.45256730914115906,1.0,0.0,0.0,True,138,PNG,750,375,2.0,9.677198222222222
QXGCGLVW.png,,test,7.521848678588867,252.33226013183594,0.2668609619140625,0.32735770089285715,0.32126581101190477,245,0.4575599133968353,0.0,0.0,0.035807291666666664,False,178,PNG,906,66,13.727272727272728,2.699310990701719
XTddzS4X.png,,test,7.051761627197266,246.19656372070312,1.75079345703125,0.11601222395202676,0.15026235368736665,213,0.2555369734764099,0.0,0.0,0.0,False,174,PNG,246,141,1.74468085106383,7.618981721732111
731K7Cai.jpg,,test,62.49061584472656,217.07847595214844,47.181060791015625,0.15161584924768517,0.7088510018807871,255,0.6494775414466858,0.0,0.0,0.0,False,149,JPEG,768,1024,0.75,2.5483907063802085
7TmjWUdk.png,,test,9.801213264465332,228.6569061279297,0.9396514892578125,0.2191840277777778,0.32547260802469136,197,0.6236827969551086,0.0,0.0,0.0,False,174,PNG,1414,49,28.857142857142858,7.274889588084172
dUllUsCz.jpg,,test,27.924468994140625,127.05432891845703,32.002708435058594,0.4031623485592665,0.6741056810740013,202,0.3207639753818512,1.0,0.5,1.5348722986247543e-05,False,74,JPEG,960,1449,0.6625258799171843,1.2417874396135269
jK32E0JD.png,,test,7.757798671722412,251.93519592285156,0.432647705078125,0.1782769097222222,0.20868055555555556,207,0.4245736002922058,0.0,0.0,0.0004123263888888889,False,187,PNG,872,68,12.823529411764708,4.106314085267134
feCJMsmX.png,,test,62.990692138671875,183.48583984375,94.25531768798828,0.3903115448340066,0.9506397882888308,252,0.5792046189308167,1.0,0.0,0.03189013414233214,False,134,PNG,437,703,0.6216216216216216,11.577189618861304
h5nYoAdw.png,,test,23.615522384643555,211.55625915527344,40.43182373046875,0.2828073937908497,0.6366676879084967,239,0.3762381672859192,0.0,0.0,0.0,False,121,PNG,941,63,14.936507936507937,5.035102811935968
Hv8tHeqB.png,,test,5.787569999694824,254.14918518066406,0.5067901611328125,0.21212121212121213,0.22008778258778258,227,0.7361511588096619,0.0,0.0,0.017616642616642617,False,188,PNG,594,56,10.607142857142858,2.817941317941318
tQWUm1oA.png,,test,0.0,248.0608673095703,0.0,0.1912229938271605,0.13638117283950618,22,1.0446449518203735,0.0,0.0,0.0,False,86,PNG,640,81,7.901234567901234,1.5944444444444446
RbxPyn4x.png,,test,7.882229804992676,234.14703369140625,19.958206176757812,0.1507638888888889,0.215625,193,0.3368103802204132,0.0,0.0,0.0,False,162,PNG,225,64,3.515625,9.822777777777778
QFfZe8ew.png,,test,0.0,250.984619140625,0.0,0.12959346064814814,0.1251808449074074,256,1.111621618270874,0.0,0.0,0.0,False,159,PNG,1411,66,21.37878787878788,0.8549277323196529
Tv6WAzx4.png,,test,6.181911468505859,243.7896270751953,2.3407440185546875,0.3997948517559713,0.32877448346602844,242,0.5192558169364929,0.0,0.0,0.015190739022126703,False,164,PNG,347,59,5.88135593220339,10.708738338299224
54J05dmZ.png,,test,72.4561767578125,216.52601623535156,53.29127502441406,0.3354123503683241,0.7279461134131369,256,0.8285263180732727,0.0,0.0,0.0,False,155,PNG,905,1280,0.70703125,4.514882596685083
I29sCR8B.png,,test,0.0,251.1254119873047,0.0,0.16799265605875152,0.09960220318237455,118,0.7727457284927368,0.0,0.0,0.0,False,99,PNG,152,43,3.5348837209302326,2.429620563035496
edRKaasR.jpg,,test,12.109344482421875,253.94137573242188,0.44683837890625,0.03249782986111111,0.038300690827546294,256,0.9739102721214294,0.0,0.0,0.0,False,178,JPEG,768,1024,0.75,0.7398885091145834
UnICwyqg.png,,test,11.652064323425293,253.18170166015625,3.852386474609375,0.12578231292517006,0.1374829931972789,146,0.598951518535614,0.0,0.0,0.0,False,195,PNG,294,50,5.88,4.666122448979592
JYfbeH12.jpg,,test,36.61082458496094,80.06365966796875,44.75062561035156,0.49619095413773145,0.9471638997395834,253,0.34109699726104736,1.0,0.0,0.0,True,114,JPEG,1024,768,1.3333333333333333,1.6361897786458333
Ky0oQWpj.png,,test,4.879696369171143,236.5276336669922,0.1172332763671875,0.24866272522522523,0.259325731981982,253,0.7064670920372009,0.0,0.0,0.025056306306306307,False,172,PNG,827,40,20.675,2.9704957678355504
ChZIBpdG.png,,test,34.298912048339844,167.2194061279297,47.27580261230469,0.17704906798245615,0.8830866228070176,195,0.46205052733421326,3.0,0.0,0.0,False,101,PNG,973,96,10.135416666666666,19.533144912641315
VuSyev7a.png,,test,18.46779441833496,220.8060302734375,40.115570068359375,0.27927714646464646,0.3012152777777778,214,0.6572647094726562,0.0,0.0,0.0,False,157,PNG,256,99,2.585858585858586,7.027777777777778
okSu4ciV.png,,test,22.037092208862305,253.62518310546875,2.86407470703125,0.11940298507462686,0.13063075220641818,149,0.5906370878219604,0.0,0.0,0.0,False,192,PNG,553,67,8.253731343283581,4.6046800356265685
CXBUMBFn.png,,test,0.0,250.91156005859375,0.0,0.2218480603448276,0.06910021551724138,256,0.5739825367927551,0.0,0.0,0.0,False,132,PNG,809,92,8.793478260869565,0.9140645993443328
KewGrZpD.png,,test,31.64287567138672,208.7306365966797,38.353546142578125,0.21908838162130523,0.9080333625987709,194,0.3721834421157837,0.0,0.0,0.0,False,137,PNG,402,68,5.911764705882353,10.342405618964005
0RAnFoKU.png,,test,11.100679397583008,245.79159545898438,21.310989379882812,0.49065604130422585,0.5390594309444975,200,0.3215818703174591,0.0,0.0,0.0464953139906841,False,181,PNG,206,173,1.1907514450867052,9.249003872271173
P9JfVGGD.png,,test,0.0,254.6008758544922,0.0,0.10850630096367679,0.03576723498888065,5,1.0670421123504639,0.0,0.0,0.0,False,127,PNG,284,76,3.736842105263158,0.9399555226093402
DaAz8lL4.png,,test,4.887516021728516,245.31800842285156,2.00018310546875,0.16366019118100525,0.2055195806352143,198,0.26668742299079895,0.0,0.0,0.0,False,175,PNG,188,69,2.7246376811594204,9.272895467160035
nRdhCMHl.png,,test,13.511476516723633,219.12852478027344,4.6612091064453125,0.31427310553524146,0.5546589332997099,228,0.35344016551971436,0.0,0.0,0.0013869625520110957,False,156,PNG,206,77,2.675324675324675,10.674568150296306
Zi7kJrQs.png,,test,18.014801025390625,208.29177856445312,41.83668518066406,0.2661708751297129,1.0,156,0.2919417917728424,0.0,0.0,0.0,False,148,PNG,118,49,2.4081632653061225,9.539951573849878
JyGnx4Yb.png,,test,22.17855453491211,220.55638122558594,45.4287109375,0.40128105590062113,0.36886645962732917,248,0.40902629494667053,0.0,0.0,0.0,False,145,PNG,161,160,1.00625,11.4444099378882
dPgoqmRa.png,,test,0.0,254.5790557861328,0.0,0.19554673721340388,0.031746031746031744,5,0.8074339628219604,0.0,0.0,0.0,False,127,PNG,84,54,1.5555555555555556,1.2433862433862437
qDDmJZ7z.png,,test,5.064812183380127,246.168701171875,1.774566650390625,0.16344294003868473,0.08427742470295661,256,0.6614174246788025,1.0,0.0,0.0,False,137,PNG,308,47,6.553191489361702,15.678916827852998
Whk8ayUq.png,,test,0.0,254.64683532714844,0.0,0.14811965811965813,0.041054131054131054,5,0.9044934511184692,0.0,0.0,0.0,False,127,PNG,702,50,14.04,0.90985754985755
MCWevjoy.jpg,,test,23.592514038085938,186.9062957763672,14.0650634765625,0.12845636732623034,0.9809698968374767,220,0.32624801993370056,0.0,0.0,0.10772027735498055,False,130,JPEG,657,720,0.9125,0.8732623033992897
lKlzHcor.png,,test,0.0,241.21633911132812,0.0,0.14519969919786097,0.029530135918003565,256,0.42781779170036316,0.0,0.0,0.0,False,125,PNG,900,219,4.109589041095891,0.3583155758498224
oal4ko2F.png,,test,30.01083755493164,183.87936401367188,50.181549072265625,0.4495442708333333,0.7924262152777778,181,0.48648157715797424,0.0,0.0,0.0,False,119,PNG,144,64,2.25,8.11111111111111
tKOzQYKm.png,,test,62.44233322143555,192.62294006347656,102.42657470703125,0.351160153081914,0.8816719890510949,256,0.49261900782585144,1.0,0.0,0.0,False,145,PNG,840,450,1.8666666666666667,12.247661375661377
59tDe5Gv.webp,,test,12.595560073852539,145.5922088623047,10.427505493164062,0.43577348066298344,0.8376712131675875,227,0.44402915239334106,0.0,0.0,0.07894269874155924,True,180,WEBP,2048,2899,0.7064505001724732,0.1314542730251811
oGT8HWEq.png,,test,18.05409049987793,253.0807342529297,1.8436431884765625,0.08517992424242424,0.10101799242424242,161,0.487095445394516,0.0,0.0,0.0,False,200,PNG,951,68,13.985294117647058,2.5382569431558117
JlYULXkv.png,,test,13.68088150024414,230.51353454589844,1.3764190673828125,0.13909774436090225,0.21879699248120302,162,0.6012362241744995,0.0,0.0,0.0,False,166,PNG,35,38,0.9210526315789472,11.506766917293232
6VezOnWn.jpg,,test,10.550455093383789,164.25057983398438,7.041412353515625,0.21619707272376543,0.9508101851851852,220,0.23784561455249786,0.0,0.0,0.002375096450617284,False,118,JPEG,889,500,1.778,1.2835455568053993
wxpzk5d3.png,,test,27.902511596679688,111.69209289550781,34.27888488769531,0.19163004557291666,0.83599853515625,141,0.3873540163040161,3.0,0.0,0.0,False,62,PNG,783,65,12.046153846153846,18.129560860595344
AnSP4JJ3.jpg,,test,24.615131378173828,84.12077331542969,5.14886474609375,0.3122422960069444,0.7933937355324074,255,0.35932910442352295,3.0,0.0,4.521122685185185e-06,True,146,JPEG,870,653,1.332312404287902,2.075950080090124
nGWPVJWU.png,,test,9.07091236114502,233.18582153320312,0.751708984375,0.1788942052099947,0.1796916533758639,223,0.43824490904808044,0.0,0.0,0.0,False,146,PNG,99,38,2.6052631578947367,8.99946836788942
vMXZNRut.png,,test,23.700164794921875,158.41867065429688,38.11940002441406,0.24156956214689265,0.8109992937853108,174,0.2958229184150696,0.0,0.0,0.0,False,91,PNG,949,73,13.0,5.9672329921907705
oU4Afjm0.png,,test,3.12550950050354,153.59017944335938,0.134857177734375,0.32393790849673204,0.8848549836601307,223,0.956473708152771,12.0,0.0,0.021982230392156864,False,105,PNG,931,62,15.016129032258064,18.88680225910398
xLY3M8f5.png,,test,32.50608825683594,215.50997924804688,49.92356872558594,0.2658195641762452,0.2464230124521073,237,0.2540348172187805,0.0,0.0,0.0,False,128,PNG,813,92,8.83695652173913,8.54398630942831
1nxydDHq.png,,test,22.996410369873047,249.66671752929688,14.1409912109375,0.13859154929577464,0.14225352112676057,224,0.3822783827781677,0.0,0.0,0.0,False,160,PNG,355,60,5.916666666666667,6.748169014084507
Dhgw3OD7.png,,test,14.616470336914062,130.23402404785156,0.105438232421875,0.36448805894308944,0.9001524390243902,151,0.5389934778213501,3.0,0.0,3.1758130081300816e-05,False,90,PNG,937,50,18.74,18.21575240128068
3mAvzleS.png,,test,29.695159912109375,234.28585815429688,49.800933837890625,0.26615003360215056,0.3318632392473118,203,0.47796785831451416,0.0,0.0,0.0,False,151,PNG,922,75,12.293333333333331,3.022530730296457
im6uI6sb.png,,test,9.663236618041992,233.65769958496094,1.388671875,0.3426829268292683,0.40792682926829266,219,0.5713810324668884,0.0,0.0,0.003658536585365854,False,162,PNG,82,40,2.05,9.346341463414634
zEYv6W21.png,,test,16.549156188964844,250.7513885498047,1.85943603515625,0.14870689655172414,0.12272167487684729,254,0.23463623225688934,0.0,0.0,0.0,False,154,PNG,580,84,6.904761904761905,5.629720853858785
aCi9dvle.png,,test,16.132192611694336,196.9392852783203,17.730056762695312,0.10056330815516579,0.9266419152477275,211,0.3960251808166504,0.0,0.0,0.0,False,114,PNG,73,214,0.3411214953271028,8.387658430418641
j4rJdmko.png,,test,0.0,245.91261291503906,0.0,0.26826923076923076,0.3384615384615385,217,0.22026950120925903,0.0,0.0,0.0,False,179,PNG,80,26,3.076923076923077,13.611538461538462
TZ1ueTRt.png,,test,28.910991668701172,212.03700256347656,38.98236083984375,0.13933315261588505,0.913716454323665,219,0.41629093885421753,0.0,0.0,0.0,False,143,PNG,527,70,7.528571428571428,7.018704255895907
hel3KOlu.png,,test,2.8515260219573975,231.7562255859375,0.519561767578125,0.4594326241134752,0.5083687943262412,237,0.4752998352050781,0.0,0.0,0.013900709219858157,False,161,PNG,150,47,3.191489361702128,8.267801418439717
Krjvxple.jpg,,test,21.08452033996582,227.44223022460938,59.695343017578125,0.09112967272458629,0.15448387632978725,219,0.7528045773506165,0.0,0.0,0.0,False,160,JPEG,1700,2313,0.7349762213575444,0.3035711197578902
0b658G9J.png,,test,21.674314498901367,211.36221313476562,38.48686218261719,0.14489418121779157,0.917946665332466,226,0.4054122865200043,0.0,0.0,0.0,False,141,PNG,506,79,6.405063291139241,4.794916695852304
4MUwwG4m.png,,test,2.5246455669403076,140.89437866210938,0.38079833984375,0.05889453301815621,0.9520193129809384,153,0.4917761981487274,0.0,0.0,0.4460091535482573,False,77,PNG,674,59,11.423728813559322,2.8925212493084547
LWZ0IOje.png,,test,30.28199005126953,249.19227600097656,31.333358764648438,0.15798061708860758,0.1643262130801688,249,0.2723378837108612,0.0,0.0,0.0,False,155,PNG,791,81,9.765432098765432,2.744330508342308
G7edH2Ra.png,,test,25.003559112548828,223.81195068359375,31.661163330078125,0.2366830065359477,0.39534313725490194,149,0.22157643735408783,0.0,0.0,0.0,False,176,PNG,216,170,1.2705882352941176,10.190196078431372
GtRD7Rmf.png,,test,13.238690376281738,253.36341857910156,0.4839935302734375,0.2455779514603044,0.24403537638831757,235,0.6372947096824646,0.0,0.0,0.07692307692307693,False,180,PNG,286,68,4.205882352941177,4.202385849444673
dfssXIo8.jpg,,test,47.81250762939453,148.117431640625,64.1540756225586,0.343237606095679,0.6939712336033951,223,0.41839659214019775,2.0,0.25,0.0,False,79,JPEG,1280,720,1.7777777777777777,2.224409722222222
cln7Plo6.png,,test,35.585296630859375,234.46710205078125,1.2825164794921875,0.21819090000908184,0.22541095268367994,244,0.29654639959335327,5.0,0.0,0.0,False,146,PNG,242,91,2.659340659340659,19.821632912542004
OeILLbO4.jpg,,test,2.5718393325805664,248.7432098388672,0.5974273681640625,0.16798279120260545,0.12060230790880945,256,0.3072090148925781,0.0,0.5,0.0,False,146,JPEG,665,374,1.7780748663101604,0.9699650195006232
ZaYgfQQL.png,,test,0.0,254.37060546875,0.0,0.1291901149987766,0.04795693662833374,5,1.126719355583191,0.0,0.0,0.0,False,127,PNG,201,61,3.295081967213114,1.163363510317266
KbrCt83X.png,,test,24.43974494934082,52.191680908203125,13.341651916503906,0.49236376258243664,0.7544255466851788,196,0.4945995807647705,0.0,0.0,0.0,True,121,PNG,134,129,1.0387596899224807,10.132592849704965
bn00IwdS.jpg,,test,27.992780685424805,126.28740692138672,31.757469177246094,0.3951503151604453,0.6750675343811395,195,0.19792160391807556,1.0,0.5,6.139489194499017e-05,False,73,JPEG,2448,3696,0.6623376623376623,2.650701694819342
DcbTyhLk.png,,test,14.399565696716309,199.6263885498047,29.987152099609375,0.14212202891448175,0.9986522911051213,147,0.3701535165309906,0.0,0.0,0.0,False,145,PNG,106,77,1.3766233766233766,6.19358000490076
qi2VSDd6.png,,test,23.558048248291016,186.25894165039062,52.75688171386719,0.040955091714104996,0.9854127134724858,168,0.1605558842420578,0.0,0.0,0.0,False,124,PNG,272,93,2.924731182795699,6.15370018975332
pqtG762h.png,,test,15.722857475280762,250.77247619628906,1.2040557861328125,0.23234375,0.271015625,172,0.5782047510147095,0.0,0.0,0.0,False,181,PNG,815,53,15.37735849056604,5.039101747887487
b4mplqNJ.png,,test,26.24355697631836,142.4185028076172,33.64415740966797,0.3063517060367454,0.7880314960629922,143,0.1572641134262085,0.0,0.0,0.0,False,86,PNG,127,75,1.6933333333333334,8.611443569553806
KEBMdQDz.jpg,,test,36.325435638427734,244.20809936523438,10.782241821289062,0.07136366102430555,0.13699849446614584,256,0.7421854734420776,0.0,0.0,0.0,False,181,JPEG,1024,1024,1.0,2.86529541015625
OQWkQ4vH.png,,test,10.111531257629395,219.96519470214844,3.4998779296875,0.28876682085786376,0.3673517661900757,256,0.8595427870750427,8.0,0.0,0.0,False,129,PNG,656,58,11.310344827586206,21.907064760302774
uiAFa39T.png,,test,4.115693092346191,247.81246948242188,1.07373046875,0.11496350364963503,0.06439393939393939,256,0.7362509965896606,1.0,0.0,0.0,False,139,PNG,548,66,8.303030303030303,14.47489493474895
u8gRNSJu.jpg,,test,0.0,252.32872009277344,0.0,0.07725694444444445,0.0962207935474537,256,1.0637309551239014,0.0,0.0,0.0,False,177,JPEG,768,1024,0.75,1.606231689453125
oI6wrK4S.png,,test,22.814716339111328,167.47825622558594,41.38224792480469,0.32961658841940533,0.7392410015649452,169,0.2888760268688202,0.0,0.0,0.0,False,95,PNG,142,36,3.9444444444444446,9.25508607198748
WvFIkFHu.png,,test,1.736081600189209,254.45968627929688,0.084014892578125,0.05790592098908529,0.06312180044431566,155,0.6121463179588318,0.0,0.0,0.0,False,202,PNG,238,87,2.735632183908046,2.228532792427316
KR5EpRnz.png,,test,22.844894409179688,205.10862731933594,31.177947998046875,0.45429362880886426,0.9970188629468408,189,0.36024636030197144,0.0,0.0,0.0,False,144,PNG,399,95,4.2,6.940720221606648
4Pc0Kc1p.jpg,,test,0.0,248.9430694580078,0.0,0.09085957765888457,0.11688857814526589,256,0.5233888030052185,0.0,0.0,0.0,False,173,JPEG,830,556,1.4928057553956835,2.076605703389096
eiFKAMFN.png,,test,0.0,254.6168212890625,0.0,0.07447803932178933,0.010926790223665224,256,0.5095404982566833,0.0,0.0,0.0,False,131,PNG,2822,1698,1.661955241460542,0.1454197584351123
VKy7LWsI.png,,test,45.1605224609375,215.47122192382812,49.57926940917969,0.29255280671296297,0.46317997685185186,206,0.18777671456336975,0.0,0.0,0.0,False,140,PNG,812,76,10.68421052631579,12.010111485610578
dng6mbzW.png,,test,16.41502571105957,191.552734375,37.840667724609375,0.13821206993795826,0.955668358714044,172,0.45187613368034363,0.0,0.0,0.0,False,126,PNG,591,60,9.85,5.973604060913706
XOb5w4Tj.jpg,,test,23.48056983947754,253.5880126953125,0.3437652587890625,0.06694878472222222,0.0671703197337963,256,0.8842556476593018,0.0,0.0,0.0,False,196,JPEG,768,1024,0.75,0.78326416015625
du6bZvPZ.png,,test,18.865571975708008,6.779982566833496,0.4409170150756836,0.26171875,0.28748139880952384,165,0.605410635471344,0.0,0.25,0.0,True,65,PNG,949,34,27.91176470588235,4.703650901878138
yhu5vLZ2.png,,test,10.916290283203125,252.85348510742188,0.6246490478515625,0.10460829493087558,0.11781874039938556,168,0.5092722773551941,0.0,0.0,0.0,False,186,PNG,155,42,3.690476190476191,6.721966205837173
dZIHQ6IO.jpg,,test,47.33891296386719,160.5309295654297,89.07099151611328,0.4714813232421875,0.7944005330403646,254,0.2043561190366745,1.0,0.0,0.0002924601236979167,False,104,JPEG,1200,800,1.5,1.2909416666666669
pvGzanwP.png,,test,28.800983428955078,195.4307098388672,35.0279541015625,0.46314858490566035,0.8066037735849056,227,0.4049307405948639,4.0,0.0,0.0,False,125,PNG,921,64,14.390625,19.650244299674267
Sto0xADH.png,,test,7.943993091583252,235.50161743164062,0.401123046875,0.09152288072018004,0.13523835504330628,204,0.08941743522882462,0.0,0.0,0.0,False,174,PNG,682,43,15.86046511627907,3.1772488576689626
h5xnSsJF.png,,test,2.9192986488342285,242.8842315673828,2.14862060546875,0.22893415178571427,0.27720424107142855,241,0.3957706391811371,0.0,0.0,0.0,False,161,PNG,904,99,9.131313131313131,8.207383570215429
Z6ZSedJs.png,,test,9.518391609191895,235.65504455566406,0.2809295654296875,0.27861986437973674,0.40304290842783064,210,0.19798004627227783,0.0,0.0,0.0,False,168,PNG,218,161,1.3540372670807452,13.221949968659183
0Be8uAsz.png,,test,19.37160873413086,202.61180114746094,25.352264404296875,0.23725124378109452,0.9969099813432836,165,0.3497365117073059,0.0,0.0,0.0,False,151,PNG,895,78,11.474358974358974,13.33780260707635
9KzA3sXY.png,,test,17.341880798339844,111.42521667480469,32.556060791015625,0.21654929577464788,0.8200312989045383,131,0.37608063220977783,0.0,0.0,0.0,False,62,PNG,142,36,3.9444444444444446,10.8716744913928
rZpMW2CH.png,,test,15.619794845581055,232.2972869873047,0.76531982421875,0.1342068806280305,0.19718309859154928,215,0.4672034978866577,0.0,0.0,0.0,False,155,PNG,142,122,1.1639344262295082,8.04386977603325
87cOoBaA.png,,test,5.365616321563721,252.81521606445312,3.0623321533203125,0.24468185240963855,0.2580321285140562,234,0.42208364605903625,0.0,0.0,0.021429467871485943,False,177,PNG,976,106,9.20754716981132,3.252629137024436
PgHL2J1Y.jpg,,test,37.147972106933594,250.85919189453125,0.2537384033203125,0.08474166666666667,0.11556666666666666,256,0.6554689407348633,0.0,0.0,0.0,False,179,JPEG,400,300,1.3333333333333333,1.0282
NHCgSr47.jpg,,test,42.70531463623047,194.0749053955078,54.506561279296875,0.17551791879985712,0.9592749136802,256,0.4015946090221405,0.0,0.0,7.739016549589237e-05,False,130,JPEG,740,454,1.629955947136564,1.1946184069532086
EtYbzPDr.png,,test,0.0,251.42454528808594,0.0,0.10489856506679862,0.08857001484413657,81,0.6480738520622253,0.0,0.0,0.0,False,150,PNG,94,43,2.186046511627907,2.414646214745176
8a3JTa3q.png,,test,14.472763061523438,120.69446563720703,27.843063354492188,0.23888800803340204,0.8454098620580308,135,0.20457348227500916,0.0,0.0,0.0,False,75,PNG,159,119,1.3361344537815123,11.239575075313144
MgJkaaVi.png,,test,0.0,254.7703094482422,0.0,0.1229739507959479,0.025868306801736615,5,0.8072928190231323,0.0,0.0,0.0,False,127,PNG,691,80,8.6375,0.6723589001447178
fCvfu7Us.png,,test,10.229462623596191,173.01429748535156,0.8050537109375,0.1996157037425215,0.8847984628149701,179,0.22538472712039948,0.0,0.0,0.21153762173020657,False,106,PNG,449,51,8.803921568627452,7.129044936460107
81HeWJBq.png,,test,0.0,254.72268676757812,0.0,0.05431463924152338,0.02012694841716214,5,1.0752743482589722,0.0,0.0,0.0,False,127,PNG,254,98,2.591836734693877,0.6591676040494938
qAqrMJcb.png,,test,30.753070831298828,207.351318359375,37.830352783203125,0.24615384615384617,0.9489010989010989,191,0.4409460723400116,0.0,0.0,0.0,False,147,PNG,182,40,4.55,13.478021978021978
Ipz3NlA5.png,,test,0.0,254.73240661621094,0.0,0.10674269707883154,0.026010404161664665,5,0.9205558896064758,0.0,0.0,0.0,False,127,PNG,441,68,6.485294117647059,0.7835134053621449
YuvQpaWw.png,,test,6.614663124084473,246.15252685546875,1.89404296875,0.24057702850877194,0.22407826206140352,254,0.3819672763347626,0.0,0.0,0.013551946271929825,False,168,PNG,911,90,10.122222222222222,5.808318087571655
XVc6dD9e.png,,test,25.203495025634766,178.55892944335938,42.53277587890625,0.19170673076923078,0.9383513621794872,156,0.5051386952400208,0.0,0.0,0.0,False,119,PNG,932,32,29.125,10.348175965665236
0gywkqZS.png,,test,0.0,250.08477783203125,0.0,0.15482584635416666,0.15018717447916666,256,1.1285555362701416,0.0,0.0,0.0,False,159,PNG,1375,57,24.12280701754386,1.0067496012759172
kdvH7v80.png,,test,29.943740844726562,97.63291931152344,30.235557556152344,0.24170524691358025,0.7824074074074074,124,0.4990313649177551,5.0,0.0,0.0,False,53,PNG,144,36,4.0,17.621913580246915
47iZwzAU.png,,test,7.722627639770508,244.53817749023438,1.4930572509765625,0.17345753205128206,0.11694711538461539,256,0.266679584980011,0.0,0.25,0.0,False,141,PNG,815,69,11.81159420289855,7.182288610296079
40oY2xIY.jpg,,test,25.076946258544922,212.49974060058594,29.495346069335938,0.13740924873737373,0.6301195549242424,256,0.9719797372817993,1.0,0.0,0.0,False,153,JPEG,1600,1100,1.4545454545454546,2.1201636363636363
EVa764br.png,,test,0.0,245.52175903320312,0.0,0.202955223880597,0.19844776119402985,26,1.2056522369384766,0.0,0.0,0.0,False,81,PNG,670,100,6.7,1.7220298507462686
8suclccs.png,,test,7.4757184982299805,42.40061950683594,4.590362548828125,0.4966889880952381,0.2703125,256,0.5209254622459412,3.0,0.25,0.0028273809523809523,True,140,PNG,1401,64,21.890625,9.37437544610992
BNarjjGj.png,,test,11.220502853393555,252.64578247070312,0.6583251953125,0.071868896484375,0.054934183756510414,256,0.1485499143600464,0.0,0.0,0.0,False,149,PNG,1200,800,1.5,1.993225
vzYKFY2J.png,,test,13.371774673461914,189.31333923339844,1.3323822021484375,0.2318413139023826,1.0,153,0.3744700849056244,0.0,0.0,0.0,False,133,PNG,132,131,1.0076335877862594,9.428637520240574
uZCXeRsn.jpg,,test,4.764424800872803,225.68234252929688,11.214767456054688,0.10240944980574007,0.11256109788194009,256,1.040673851966858,0.0,0.0,0.0,False,145,JPEG,404,316,1.2784810126582278,5.199210427371851
7O7h7FxL.png,,test,33.54579162597656,187.83489990234375,47.83427429199219,0.3473360655737705,0.7362961065573771,209,0.20235711336135864,0.0,0.25,0.0,False,106,PNG,800,64,12.5,7.17171875
hiiIL22I.jpg,,test,100.30328369140625,211.21705627441406,18.202011108398438,0.23276939048423423,0.6661102019988738,225,0.22464151680469513,0.0,0.0,0.00010777378941441441,False,155,JPEG,932,719,1.2962447844228095,4.458099291457496
ZyABnADj.png,,test,12.010177612304688,212.41510009765625,13.388092041015625,0.18536543715846995,0.6390454234972678,186,0.5284444093704224,5.0,0.0,0.0,False,155,PNG,961,76,12.644736842105264,17.064461361520348
PQQXgTWv.png,,test,17.632444381713867,177.117919921875,0.211029052734375,0.10021335341365462,0.9681538654618473,195,0.5098075866699219,3.0,0.0,0.0,False,112,PNG,802,87,9.218390804597702,18.90148192736549
bVqDZDkZ.jpg,,test,88.04252624511719,222.51023864746094,31.742218017578125,0.4167548285590278,0.6796112060546875,256,0.39465102553367615,0.0,0.0,0.00010342068142361111,False,169,JPEG,800,800,1.0,4.5855
cOV7dwV9.png,,test,12.79149055480957,253.87905883789062,1.291351318359375,0.09955089820359281,0.11052894211576847,149,0.7970708608627319,0.0,0.0,0.0,False,195,PNG,167,48,3.4791666666666665,3.8223552894211577
VHglU5tG.png,,test,1.9028313159942627,235.47825622558594,0.1568603515625,0.1935659760087241,0.25717920756088697,219,0.4652327597141266,0.0,0.0,0.0,False,156,PNG,131,42,3.119047619047619,9.19083969465649
eizJ5AcS.png,,test,5.216187477111816,238.6912078857422,0.0773162841796875,0.1804698034206231,0.08636718472784047,251,0.5544760823249817,1.0,0.0,0.0,False,129,PNG,231,61,3.7868852459016393,15.799020651479667
Cz8bkDL2.png,,test,9.538557052612305,224.08230590820312,17.769393920898438,0.11233524839472794,0.16130449476174383,243,0.3281455636024475,0.0,0.0,0.0,False,146,PNG,538,55,9.78181818181818,7.799932409597837
v977Z2zw.png,,test,13.488397598266602,237.20516967773438,20.2596435546875,0.3056412969985595,0.2853867184055031,227,0.588030993938446,0.0,0.0,0.014727930152570774,False,166,PNG,493,69,7.144927536231884,7.091042713937149
NlR91Rwp.webp,,test,30.226240158081055,145.00901794433594,49.52251434326172,0.18734478754131553,0.8825030521394753,207,0.15446774661540985,0.0,0.0,0.003263555965816038,False,88,WEBP,710,473,1.5010570824524312,2.679260340053003
nifwsZzJ.png,,test,4.719730377197266,157.90924072265625,0.7614288330078125,0.3316127232142857,0.7535574776785714,181,0.2330985814332962,0.0,0.25,0.05326915922619048,False,91,PNG,823,60,13.716666666666669,7.097610368570272
w3IjrsOh.jpg,,test,20.362394332885742,39.553253173828125,1.3128509521484375,0.37876609519675924,0.49832944516782407,256,0.44067835807800293,1.0,0.0,7.685908564814815e-05,True,119,JPEG,5664,4248,1.3333333333333333,1.5548563232149126
YpHPQVh6.png,,test,3.483067035675049,253.99810791015625,0.4652557373046875,0.086,0.09745945945945945,171,0.6060767769813538,0.0,0.0,0.0,False,182,PNG,250,74,3.3783783783783785,2.9855135135135136
JPtO2j4w.jpg,,test,28.772010803222656,170.67320251464844,30.944107055664062,0.17221952010376135,0.843195221303502,256,0.1361030787229538,0.0,0.0,0.020942262483787288,False,98,JPEG,800,535,1.4953271028037385,1.091663551401869
v4Nqvjpm.png,,test,19.9290771484375,175.34117126464844,41.45143127441406,0.43080929487179487,0.9041666666666667,199,0.48709407448768616,0.0,0.0,2.0032051282051282e-05,False,122,PNG,985,84,11.726190476190476,7.983756345177665
VgWTSZGj.png,,test,21.34601593017578,147.57911682128906,36.859954833984375,0.2801789314516129,0.7923597110215054,165,0.3696620464324951,0.0,0.0,0.0,False,85,PNG,943,76,12.407894736842104,7.434168666629458
gB3m7wJI.png,,test,7.026819705963135,252.39190673828125,0.6499481201171875,0.1901641654336645,0.21334460649616008,146,0.4844464659690857,0.0,0.0,0.0,False,193,PNG,171,166,1.0301204819277108,5.916437680546748
HGqtBqjD.png,,test,12.361064910888672,231.97959899902344,18.706512451171875,0.4956491361788618,0.09603658536585366,241,0.2822820246219635,0.0,0.25,0.0,False,119,PNG,1004,53,18.943396226415093,4.239194166729309
NNhdDS0q.png,,test,12.590209007263184,235.09341430664062,4.5489349365234375,0.19943019943019943,0.25213675213675213,207,0.30253514647483826,0.0,0.0,0.0,False,152,PNG,39,36,1.0833333333333333,12.883190883190885
Ox0GYt25.png,,test,23.464248657226562,190.0697784423828,43.01890563964844,0.2222667735899492,0.9787489975942262,178,0.28087884187698364,0.0,0.0,0.0,False,136,PNG,174,43,4.046511627906977,9.8454958567228
AWadd36B.png,,test,28.968856811523438,211.8578643798828,39.716796875,0.18944279100529102,0.8118592923280423,222,0.427103728055954,0.0,0.0,0.0,False,139,PNG,836,69,12.115942028985508,8.46723528188059
0PyAzQHo.png,,test,5.305606842041016,196.19444274902344,1.8629150390625,0.17531383547008547,0.8938969017094017,225,0.38758158683776855,0.0,0.25,0.0,False,117,PNG,826,42,19.666666666666668,6.979822437449556
Xvvd7Ac1.png,,test,20.228044509887695,72.04290008544922,32.95304489135742,0.3856837606837607,0.6214387464387464,82,0.31150364875793457,0.0,0.0,0.0,False,40,PNG,78,36,2.1666666666666665,10.803418803418804
OTGZSY5w.png,,test,22.408771514892578,181.82791137695312,46.747283935546875,0.13525094696969697,0.9273910984848485,179,0.38059747219085693,0.0,0.0,0.0,False,113,PNG,860,62,13.870967741935484,8.745836459114779
XHbRwo0Z.jpg,,test,22.209684371948242,248.9652557373047,1.4302215576171875,0.09478448275862068,0.11155172413793103,256,1.1112018823623657,0.0,0.0,0.0,False,166,JPEG,400,290,1.3793103448275863,2.0988275862068964
m2kSqjTS.png,,test,87.70977783203125,179.64939880371094,80.54528045654297,0.0812635224734785,0.7142723164433278,256,0.5931241512298584,0.0,0.0,0.007784146426577331,False,102,PNG,1299,1672,0.7769138755980861,0.4289276624271154
uKjRsBx4.png,,test,11.586008071899414,252.7336883544922,0.72113037109375,0.1443932411674347,0.1679467485919099,160,0.4136900305747986,0.0,0.0,0.0,False,189,PNG,124,63,1.968253968253968,5.158218125960062
RehnVJdJ.png,,test,23.399072647094727,251.53317260742188,2.5721435546875,0.22093621399176955,0.24279835390946503,169,0.44045233726501465,0.0,0.0,0.0,False,185,PNG,108,36,3.0,7.220164609053498
jqjMd0Yx.png,,test,4.839508056640625,237.2460174560547,0.1813201904296875,0.07764786014303553,0.0814318689219359,224,0.5032631754875183,0.0,0.0,0.0,False,151,PNG,766,69,11.101449275362318,3.9430885079653386
R1SZovgr.png,,test,27.233789443969727,210.4246368408203,38.7337646484375,0.49684219889699344,0.8932574275040028,231,0.5480457544326782,0.0,0.0,8.89521437466643e-05,False,146,PNG,146,154,0.948051948051948,10.174702010318448
wNwpg3Ar.jpg,,test,49.17625045776367,192.51123046875,34.50439453125,0.38298333333333334,0.888975,250,0.6776134371757507,1.0,0.0,0.00055,False,152,JPEG,300,400,0.75,2.563133333333333
tSvo48rE.png,,test,11.552983283996582,204.44747924804688,7.27081298828125,0.26563832975951673,0.6059117843720458,234,0.2336059957742691,0.0,0.25,0.0,False,117,PNG,711,61,11.655737704918034,9.91445897027968
YIMADrYw.png,,test,0.0,254.78335571289062,0.0,0.08822016460905349,0.0225480109739369,5,0.937663733959198,0.0,0.0,0.0,False,127,PNG,162,72,2.25,0.7736625514403292
et1jPHue.png,,test,33.71470642089844,198.1241455078125,49.897247314453125,0.17694180253623187,0.8789911684782609,204,0.3728695511817932,0.0,0.0,0.0,False,113,PNG,877,53,16.547169811320753,6.871624965039478
eSQjEze4.jpg,,test,8.987990379333496,235.4810333251953,8.5968017578125,0.16864864864864865,0.2515069615069615,241,1.0119001865386963,0.0,0.0,0.0,False,183,JPEG,300,407,0.7371007371007371,2.9054873054873056
SMVfGAZD.png,,test,32.243133544921875,190.25863647460938,43.37294006347656,0.2043576388888889,0.9972048611111111,188,0.2828291356563568,2.0,0.0,0.0,False,125,PNG,776,76,10.210526315789474,17.578404774823657
jsVNMUj5.png,,test,24.59212303161621,151.1120147705078,41.256629943847656,0.10601375898585452,0.9438239159001314,156,0.23203341662883759,0.0,0.0,0.0,False,95,PNG,761,68,11.191176470588236,5.011208162634305
NbEwAuct.jpg,,test,0.0,254.0142822265625,0.0,0.19953835227272726,0.022044665404040403,239,0.5080155730247498,0.0,0.0,0.0,False,144,JPEG,1000,430,2.3255813953488373,0.8048372093023256
nrkhPH5U.png,,test,17.67987060546875,244.0943145751953,2.357086181640625,0.3385714285714286,0.4157142857142857,209,0.31518903374671936,0.0,0.0,0.0,False,166,PNG,50,42,1.1904761904761905,12.388571428571428
elVJofGn.png,,test,4.160543441772461,246.3646697998047,1.9937286376953125,0.2025747007663825,0.20929131146129337,237,0.5862761735916138,0.0,0.0,0.01511237406354947,False,170,PNG,294,79,3.721518987341772,7.400671661069491
alj4mF6e.png,,test,33.47613525390625,232.1033935546875,18.197494506835938,0.20065562456866803,0.27605244996549344,233,0.4736768901348114,5.0,0.0,0.0,False,153,PNG,138,42,3.2857142857142856,20.252587991718425
QKQTTMjT.png,,test,0.0,254.50340270996094,0.0,0.16068580542264752,0.045454545454545456,5,0.874157726764679,0.0,0.0,0.0,False,127,PNG,171,44,3.886363636363636,1.997873471557682
ajknS84q.png,,test,11.71291732788086,249.76573181152344,23.890426635742188,0.12999718468468469,0.15046100788288289,157,0.2593720555305481,0.0,0.0,0.0,False,191,PNG,792,76,10.421052631578949,4.238437001594896
Li8nbn2t.jpg,,test,10.41478157043457,140.52342224121094,17.259689331054688,0.2164994855967078,0.9801793981481481,249,1.140224814414978,0.0,0.0,0.17276716820987653,False,114,JPEG,2288,3612,0.6334440753045404,1.8258853549551224
4AaKRtzE.png,,test,21.127649307250977,188.86192321777344,45.12309265136719,0.3428226855818972,1.0,149,0.17581206560134888,0.0,0.0,0.0,False,126,PNG,389,81,4.802469135802469,9.198387762226666
K9e8TMyg.jpg,,test,9.742164611816406,248.11541748046875,0.1392364501953125,0.11667265590446704,0.07860874613003097,256,1.005686640739441,0.0,0.0,0.0,False,147,JPEG,448,323,1.3869969040247678,1.735515258735073
V2LAceRJ.png,,test,22.578411102294922,210.4552001953125,40.60736083984375,0.34258261494252873,0.9573455459770115,205,0.43720337748527527,0.0,0.0,0.0,False,156,PNG,1539,58,26.53448275862069,2.2778786045573702
3asehMfn.jpg,,test,51.13257598876953,167.6519317626953,6.2145843505859375,0.26344581886574076,0.9841218171296297,234,0.8297923803329468,0.0,0.0,0.22815393518518517,False,125,JPEG,1280,720,1.7777777777777777,0.8264149305555556
hhV3ZKbu.jpg,,test,27.902904510498047,135.3846435546875,39.16099548339844,0.3630164310469494,0.9710119181190315,200,0.3037656545639038,1.0,0.0,0.0044381280075797246,False,102,JPEG,696,461,1.509761388286334,1.5468870770688408
66o6eVNi.png,,test,4.015350818634033,192.303466796875,0.2408294677734375,0.1244836566091954,0.9327406609195402,209,0.42143407464027405,0.0,0.0,0.0,False,117,PNG,816,62,13.161290322580646,4.961100569259962
qmKWKSxE.png,,test,0.0,250.99781799316406,0.0,0.15067616959064328,0.08845029239766082,256,0.7104634642601013,0.0,0.0,0.0,False,142,PNG,994,74,13.432432432432432,0.9243569525259666
VJM1WbBN.jpg,,test,110.91242980957031,186.74920654296875,213.03819274902344,0.07292990517157102,0.9413399810994884,237,0.5759998559951782,0.0,0.0,0.0,False,104,JPEG,579,530,1.0924528301886791,1.056343076872943
c8MnpMk4.jpg,,test,45.26824951171875,251.8947296142578,9.427597045898438,0.05256313747829861,0.0888553195529514,238,0.467459112405777,0.0,0.0,0.0,False,159,JPEG,1200,1200,1.0,0.4972611111111111
TaAdHNlI.png,,test,0.0,253.00965881347656,0.0,0.13213117732558138,0.04860101744186047,256,0.6575477719306946,0.0,0.0,0.0,False,136,PNG,787,88,8.943181818181818,0.6846482615224674
kJJAyZKM.jpg,,test,14.723359107971191,185.370361328125,40.237518310546875,0.11104583740234375,1.0,168,0.39559298753738403,1.0,0.0,0.0,False,146,JPEG,768,512,1.5,1.30084228515625
K2sHB4Jk.jpg,,test,76.75810241699219,187.96609497070312,53.68080139160156,0.17788728056667694,0.8758700338774253,254,0.7375373840332031,0.0,0.0,0.0,False,135,JPEG,340,191,1.780104712041885,2.155343393902064
sa1rVmqD.png,,test,11.220748901367188,73.70892333984375,10.196258544921875,0.4925326970661011,0.4883792859667727,245,0.29374954104423523,0.0,0.0,0.008748674443266172,True,149,PNG,164,138,1.1884057971014492,10.040296924708375
MUAVkDjK.jpg,,test,53.64358139038086,109.06230163574219,71.0614013671875,0.42774074074074075,0.9286518518518518,235,0.6364580392837524,0.0,0.0,0.0,True,152,JPEG,600,450,1.3333333333333333,1.1202370370370371
g31rgeLv.png,,test,0.0,250.43038940429688,0.0,0.18878248974008208,0.09606323149414804,137,0.7551888227462769,0.0,0.0,0.0,False,136,PNG,153,43,3.558139534883721,6.358413132694938
mR8bW1pV.png,,test,16.403289794921875,249.47055053710938,27.560470581054688,0.1005952380952381,0.1275297619047619,220,0.7066419720649719,0.0,0.0,0.0,False,170,PNG,1411,65,21.70769230769231,4.677620890803032
N2Q2ULqo.png,,test,31.892593383789062,187.81520080566406,42.62110900878906,0.25467148884870405,0.9796061884669479,165,0.29674920439720154,0.0,0.0,0.0,False,129,PNG,237,42,5.642857142857143,10.96162346795258
BzZAMGZC.jpg,,test,0.39845481514930725,251.4713134765625,0.01220703125,0.11032116581777023,0.07799678126768535,256,0.6715395450592041,0.0,0.0,0.0,False,147,JPEG,1150,1500,0.7666666666666667,0.926928695652174
ubtIWQXy.png,,test,0.0,254.58041381835938,0.0,0.13600217864923747,0.031100217864923747,5,0.8675790429115295,0.0,0.0,0.0,False,127,PNG,136,135,1.0074074074074073,0.983442265795207
5p0Dj1Vk.webp,,test,1.1100378036499023,251.23793029785156,0.1805267333984375,0.0770733969263381,0.04610906862745098,256,0.3093547821044922,0.0,0.0,0.0,False,136,WEBP,678,828,0.8188405797101449,0.1768771464808402
zMMYfB6o.jpg,,test,75.37601470947266,155.66419982910156,169.4300994873047,0.04558193802925327,0.9685966368360277,242,0.5623058676719666,0.0,0.0,0.0,False,93,JPEG,1200,677,1.7725258493353029,0.5815657311669129
4x8Igjnl.png,,test,8.886470794677734,252.66421508789062,1.030364990234375,0.16126543209876543,0.18441358024691357,190,0.48707377910614014,0.0,0.0,0.0,False,181,PNG,108,36,3.0,6.366255144032922
RPlubVFj.png,,test,8.089238166809082,189.0243682861328,1.6334991455078125,0.11387567934782608,1.0,150,0.5373120307922363,0.0,0.0,0.0,False,134,PNG,951,57,16.68421052631579,6.12939288283801
XRQyv1Zd.png,,test,8.745157241821289,252.63687133789062,2.5861053466796875,0.19708029197080293,0.21735604217356042,132,0.48452961444854736,0.0,0.0,0.0,False,197,PNG,137,36,3.8055555555555554,7.012165450121654
XRUfcTAX.png,,test,13.218805313110352,222.80714416503906,1.555816650390625,0.49569847470238093,0.31645275297619047,247,0.3381485939025879,3.0,0.25,0.0004185267857142857,False,136,PNG,947,69,13.72463768115942,14.316575608710956
WUWpvdeZ.png,,test,0.0,254.83920288085938,0.0,0.05433233011246634,0.016917471883415174,5,1.0143600702285767,0.0,0.0,0.0,False,127,PNG,295,107,2.7570093457943927,0.5890068113416759
i9i4gTem.png,,test,4.0770978927612305,141.4048614501953,0.8021087646484375,0.12045107033639144,0.9169151376146789,155,0.3033903241157532,0.0,0.0,0.6638952599388379,False,84,PNG,480,109,4.403669724770642,5.930428134556575
n3d8txPT.png,,test,38.36463928222656,210.09616088867188,41.64093017578125,0.29420921544209216,0.6998754669987547,232,0.7234084010124207,6.0,0.0,0.0,False,146,PNG,73,44,1.6590909090909092,21.066002490660026
1aQ8f5iK.png,,test,23.296875,252.8047637939453,1.3168792724609375,0.241956613878935,0.2557122490656186,150,0.6427023410797119,0.0,0.0,0.0,False,185,PNG,82,633,0.1295418641390205,4.892998882595461
hdJrfq4s.png,,test,14.786320686340332,231.31979370117188,1.7286224365234375,0.2783018867924528,0.3874785591766724,189,0.15921790897846222,0.0,0.0,0.0,False,161,PNG,530,66,8.030303030303031,8.229616923956547
rWnMvbQk.jpg,,test,37.141483306884766,238.4311981201172,4.2523956298828125,0.11810472276475695,0.1653594970703125,256,0.7437909245491028,0.0,0.0,0.0,False,162,JPEG,840,840,1.0,0.8849886621315193
KXd0P9dH.png,,test,23.457273483276367,234.5608673095703,18.651641845703125,0.12198391420911528,0.1813713542936063,193,0.2611474096775055,0.0,0.0,0.0,False,156,PNG,373,66,5.651515151515151,7.328621333983264
9oawFahu.png,,test,10.545820236206055,237.94744873046875,2.356842041015625,0.18346774193548387,0.23781922043010753,230,0.3463723957538605,0.0,0.0,0.0,False,160,PNG,853,69,12.36231884057971,7.731824591807261
8nBGe8RJ.png,,test,0.0,251.12490844726562,0.0,0.17261311540761412,0.08192146701215866,256,0.5426461100578308,0.0,0.0,0.0,False,138,PNG,173,58,2.9827586206896552,5.593781144110026
ZebzJoUL.jpg,,test,5.41947603225708,251.2828826904297,0.21539306640625,0.07517112125162972,0.09072142546718819,256,1.1398707628250122,0.0,0.0,0.0,False,180,JPEG,236,312,0.7564102564102564,1.8816818774445891
SSysKnwZ.png,,test,0.0,252.80328369140625,0.0,0.09710536858974358,0.04617387820512821,256,0.6846675276756287,0.0,0.0,0.0,False,138,PNG,830,56,14.821428571428571,0.6526678141135972
ZiZ0rzRd.png,,test,43.41183853149414,181.7304229736328,40.64576721191406,0.2786783854166667,0.825927734375,223,0.34379449486732483,5.0,0.0,0.0,False,111,PNG,804,84,9.571428571428571,20.980573323856905
sOyFalPj.png,,test,12.469475746154785,238.3687744140625,1.201995849609375,0.22504708097928436,0.23163841807909605,227,0.49513188004493713,0.0,0.0,0.0009416195856873823,False,152,PNG,118,36,3.2777777777777777,14.077212806026363
svxunifc.png,,test,2.8469438552856445,184.99485778808594,0.052764892578125,0.25448069852941174,0.9611672794117647,194,0.4968666434288025,0.0,0.0,0.05859375,False,130,PNG,939,42,22.357142857142858,1.93843501191744
G1iATUqO.png,,test,9.177921295166016,151.67172241210938,0.7416839599609375,0.18599898726851852,0.8564272280092593,166,0.37138116359710693,0.0,0.0,0.5726092303240741,False,85,PNG,923,86,10.732558139534884,5.052483055758523
ycdhjkBF.png,,test,0.0,254.8957061767578,0.0,0.036313011532738096,0.002101353236607143,251,0.6029106974601746,0.0,0.0,0.0,False,128,PNG,1160,676,1.7159763313609468,0.1566517037339318
51T6XKh2.png,,test,7.682857990264893,251.31019592285156,0.5425872802734375,0.20184702932098766,0.23734085648148148,172,0.3964179456233978,0.0,0.0,0.0,False,182,PNG,891,63,14.142857142857142,5.572764683875795
8pahLIpm.png,,test,7.3739824295043945,242.11810302734375,0.8258514404296875,0.13317460317460317,0.1446031746031746,226,0.21217051148414612,0.0,0.0,0.0,False,154,PNG,100,63,1.5873015873015872,5.342222222222222
uP9TwtV2.jpg,,test,31.06887435913086,238.3040008544922,51.929412841796875,0.04854555483217592,0.05997043185763889,256,0.6074361205101013,0.0,0.0,0.0,False,134,JPEG,960,720,1.3333333333333333,0.5684027777777778
aBQT6TJI.png,,test,5.969376087188721,251.3345489501953,0.5075836181640625,0.3434244791666667,0.3684895833333333,237,0.541867733001709,0.0,0.0,0.018684895833333333,False,181,PNG,949,50,18.98,3.327291886195996
u3VWNChV.png,,test,13.383444786071777,248.38107299804688,1.030792236328125,0.40596415557373394,0.42663791180188887,246,0.4624306857585907,0.0,0.0,0.03257232096378374,False,169,PNG,119,113,1.0530973451327434,10.164348925410872
TTEUFyJY.png,,test,28.22768783569336,219.22251892089844,38.232147216796875,0.1159235668789809,0.19791768740813326,213,0.30997076630592346,0.0,0.0,0.0,False,145,PNG,628,65,9.66153846153846,8.20421362077413
4Jij6v9g.jpg,,test,116.228271484375,186.85348510742188,165.17620849609375,0.3603617350260417,0.9019809299045138,233,0.7158917188644409,0.0,0.0,0.0,False,135,JPEG,1024,1024,1.0,1.1165313720703125
UzaG4Ggg.jpg,,test,32.22739791870117,159.2235870361328,81.58641815185547,0.31332500320389595,0.990985037805972,200,0.3902904689311981,0.0,0.0,0.0,False,136,JPEG,612,408,1.5,1.0904459823144943
ix1amEQM.png,,test,0.0,254.5909423828125,0.0,0.14033882783882784,0.027472527472527472,5,0.8190919160842896,0.0,0.25,0.0,False,127,PNG,78,56,1.3928571428571428,1.195970695970696
qGkM4Ur2.png,,test,3.7449352741241455,253.04135131835938,1.00238037109375,0.09993997599039615,0.12119847939175671,211,0.5485376119613647,0.0,0.0,0.0,False,177,PNG,294,68,4.323529411764706,4.568227290916367
X5VKmeBa.jpg,,test,102.3524398803711,26.184967041015625,60.677024841308594,0.22420322262742684,0.26637451913216176,256,0.646205723285675,0.0,0.25,0.0,True,106,JPEG,399,501,0.7964071856287425,1.6006883476155458
yA7xTpY5.png,,test,14.444194793701172,176.31439208984375,11.3167724609375,0.436015168128655,0.6593567251461988,237,0.4866452217102051,5.0,0.0,0.0,False,100,PNG,925,69,13.405797101449275,13.784441833137484
8HI5NDWB.png,,test,5.302862167358398,171.51016235351562,1.4615631103515625,0.1551789952367517,0.932235739299288,195,0.4621944725513458,0.0,0.0,0.037890229532139476,False,110,PNG,677,89,7.606741573033708,10.338140839460277
ro26fXD7.png,,test,0.0,250.32470703125,0.0,0.11955645161290322,0.11108870967741935,81,0.5623320937156677,0.0,0.0,0.0,False,143,PNG,124,40,3.1,2.5338709677419358
4YGovcfJ.png,,test,10.169310569763184,179.211669921875,2.4710540771484375,0.21332159624413147,0.8271713615023474,193,0.34628042578697205,0.0,0.25,0.0009169600938967136,False,98,PNG,783,72,10.875,7.205761316872428
aaqExlVp.jpg,,test,0.0,236.8843994140625,0.0,0.1500567288450543,0.09620452758719268,256,0.5390070080757141,0.0,0.0,0.0,False,120,JPEG,870,660,1.318181818181818,0.992420759317311
HOYLoAta.jpg,,test,17.072084426879883,251.8688507080078,1.1981964111328125,0.0922073732718894,0.11293548387096775,256,0.7449890971183777,0.0,0.0,0.0,False,201,JPEG,620,350,1.7714285714285714,1.2034285714285715
nm7BXcSo.png,,test,9.474324226379395,236.9205780029297,0.6416168212890625,0.24557260920897284,0.26711924439197166,228,0.5846057534217834,0.0,0.0,0.0,False,155,PNG,77,44,1.75,9.570247933884298
S3sYitMU.png,,test,9.31594467163086,223.76756286621094,1.0654754638671875,0.31190210459183676,0.2725207270408163,227,0.223044753074646,0.0,0.0,0.0,False,138,PNG,814,104,7.826923076923077,9.465223965223965
bt2RKsKm.png,,test,27.04378890991211,198.16009521484375,44.81089782714844,0.4074404761904762,0.6847098214285714,218,0.47345006465911865,0.0,0.25,0.0,False,108,PNG,1367,63,21.6984126984127,8.282300484202459
vvTcbLTG.jpg,,test,56.54269790649414,199.04750061035156,82.02290344238281,0.4583725163966049,0.9699737172067902,254,0.5123541355133057,0.0,0.0,0.0,False,168,JPEG,1920,1080,1.7777777777777777,0.8555401234567901
xKb8yzNs.jpg,,test,3.7273569107055664,246.21250915527344,2.33282470703125,0.036962857142857145,0.038234285714285714,256,0.5013552904129028,0.0,0.0,0.0,False,140,JPEG,700,500,1.4,1.1570971428571428
h2iLpucQ.png,,test,0.0,254.20733642578125,0.0,0.1779788838612368,0.05165912518853695,5,0.9277241826057434,0.0,0.0,0.0,False,127,PNG,68,39,1.7435897435897436,1.5565610859728507
QzYrzlso.webp,,test,52.4002571105957,209.6018829345703,79.06825256347656,0.07396952311197917,0.4122297498914931,256,0.7109384536743164,0.0,0.0,0.0,False,121,WEBP,1200,1200,1.0,0.3921333333333333
WNT3Tnrb.png,,test,3.9703330993652344,253.03387451171875,0.907257080078125,0.10926418439716312,0.12771498226950354,187,0.3559395968914032,0.0,0.0,0.0,False,192,PNG,945,58,16.29310344827586,3.226564495530013
K8weUhmt.png,,test,15.723878860473633,114.8514633178711,31.91870880126953,0.326226012793177,0.8598081023454158,116,0.6775139570236206,0.0,0.0,0.0,False,77,PNG,112,67,1.671641791044776,5.278251599147121
9odq553u.png,,test,8.219482421875,234.50038146972656,0.486907958984375,0.18816458622283866,0.2593619972260749,200,0.5183866620063782,0.0,0.0,0.0,False,157,PNG,103,63,1.6349206349206349,8.906148867313917
ol8RyevU.jpg,,test,4.693174362182617,166.75503540039062,3.1446533203125,0.15638261959876543,0.9236261815200617,233,0.4671943485736847,0.0,0.0,0.05277054398148148,False,103,JPEG,1280,720,1.7777777777777777,0.9094791666666666
dRCVp0zD.jpg,,test,130.53221130371094,206.71824645996094,214.89547729492188,0.31207997311827956,0.8782923645574855,190,0.6120849847793579,0.0,0.0,0.0,False,145,JPEG,1200,630,1.9047619047619049,0.5663280423280423
k0Lb4cxJ.png,,test,7.633167266845703,231.815185546875,1.5973968505859375,0.16286057692307693,0.21517761752136752,247,0.7375010848045349,0.0,0.0,0.0,False,159,PNG,1355,68,19.926470588235293,7.8195789016713695
H0jEMsB8.png,,test,7.9950995445251465,243.5950927734375,5.61572265625,0.07057158801020408,0.07971938775510204,255,0.4974048435688019,1.0,0.0,0.0,False,158,PNG,224,224,1.0,8.934789540816327
NiDKo5Nd.png,,test,23.93793296813965,209.00482177734375,36.50236511230469,0.2833705357142857,0.9105282738095238,219,0.4481223523616791,0.0,0.0,0.0,False,146,PNG,939,43,21.837209302325583,9.72831067191718
5CHegCkK.jpg,,test,52.85307312011719,138.05105590820312,161.90975952148438,0.004534412955465587,0.9963022941970311,120,0.1402466595172882,0.0,0.0,0.0,True,188,JPEG,741,400,1.8525,0.4564102564102564
OoUyvEqb.png,,test,3.301823377609253,248.18844604492188,0.51361083984375,0.14839493011134802,0.1666074389954987,253,0.2952931225299835,0.0,0.0,0.0,False,164,PNG,536,63,8.507936507936508,12.909026297086
wp6wkjKx.png,,test,0.0,250.36607360839844,0.0,0.15724826388888888,0.150390625,256,1.122651219367981,0.0,0.0,0.0,False,160,PNG,1414,56,25.25,0.983532026672055
wYewV5up.png,,test,0.0,250.91441345214844,0.0,0.22779694264069264,0.06572984307359307,256,0.5632255673408508,0.0,0.0,0.0,False,132,PNG,791,79,10.0126582278481,0.8842516282865784
iiCqsrGo.png,,test,30.026765823364258,210.98341369628906,40.039794921875,0.38490675990675993,0.9385198135198135,187,0.633926510810852,0.0,0.0,0.0,False,143,PNG,78,44,1.7727272727272727,8.85081585081585
uAEERgsB.png,,test,9.413261413574219,236.92471313476562,20.091567993164062,0.2421198593073593,0.2654389880952381,233,0.4723183214664459,0.0,0.0,0.03160511363636364,False,170,PNG,794,80,9.925,6.028589420654912
SVxHx8pl.png,,test,11.130107879638672,168.69232177734375,2.7589874267578125,0.4113366526235159,0.7424184394693778,175,0.2302505373954773,0.0,0.0,0.1582465791581073,False,102,PNG,373,77,4.8441558441558445,9.932801782667736
Q7bs1lcv.png,,test,30.016427993774414,248.76910400390625,21.343887329101562,0.1543772438552886,0.16735708367854185,192,0.8244385719299316,2.0,0.0,0.0005523336095001381,False,182,PNG,71,51,1.392156862745098,15.748135874067938
FoTOgdqM.png,,test,0.0,254.52877807617188,0.0,0.11936339522546419,0.03964043619216033,5,1.0465874671936035,0.0,0.0,0.0,False,127,PNG,87,78,1.1153846153846154,1.354553492484527
4IujtzpE.png,,test,23.353282928466797,230.389404296875,0.5653533935546875,0.21062271062271062,0.3266178266178266,221,0.43245524168014526,4.0,0.0,0.0,False,159,PNG,78,42,1.8571428571428568,19.843711843711844
akkU0GuM.jpg,,test,1.4078463315963745,249.5877227783203,0.5921783447265625,0.15262068965517242,0.1876551724137931,256,1.5142009258270264,0.0,0.0,0.0,False,181,JPEG,250,174,1.4367816091954022,3.7368275862068967
RQKLdl0d.png,,test,4.959298610687256,239.63719177246094,0.314453125,0.15362035225048923,0.21135029354207435,214,0.31243202090263367,0.0,0.0,0.0,False,162,PNG,146,42,3.4761904761904763,8.615786040443576
ZgnNANis.png,,test,6.508983612060547,211.43612670898438,2.0374603271484375,0.2319878472222222,0.6156925154320988,211,0.37133467197418213,0.0,0.0,0.0,False,140,PNG,956,67,14.26865671641791,8.401298944607506
Bp5dKMs8.jpg,,test,1.5153560638427734,192.8373260498047,2.1045379638671875,0.15171523201537618,0.9672956136738056,210,0.6164765954017639,1.0,0.0,1.9306013179571662e-05,False,151,JPEG,992,1256,0.7898089171974523,1.0866871275940004
NY6h9a11.png,,test,0.0,254.47731018066406,0.0,0.19883678662304616,0.05288985823336968,5,0.9145476818084717,0.0,0.0,0.0,False,127,PNG,131,42,3.119047619047619,1.3784078516902945
HDUihU2T.jpg,,test,23.92928695678711,225.56759643554688,33.25578308105469,0.040593837535014006,0.20792156862745098,256,1.4372272491455078,1.0,0.0,0.0,False,143,JPEG,250,357,0.7002801120448179,2.692750700280112
7okaG787.png,,test,30.868247985839844,240.2082977294922,42.72459411621094,0.2546439400629986,0.2282375106714946,230,0.2563561201095581,0.0,0.25,0.0,False,149,PNG,507,67,7.567164179104478,8.805440254349554
FGZEAU1U.png,,test,8.034073829650879,244.8782196044922,16.827926635742188,0.2272568839316835,0.27622865109794353,162,0.2856852412223816,0.0,0.0,0.0,False,187,PNG,151,38,3.973684210526316,10.81073544789125
aOLaO5JM.jpg,,test,29.945032119750977,240.03164672851562,21.320968627929688,0.49304361979166667,0.08427083333333334,256,0.439077228307724,0.0,1.0,0.0,False,121,JPEG,640,480,1.3333333333333333,1.0083333333333333
g9Kn0JHj.png,,test,16.785686492919922,248.20541381835938,5.313873291015625,0.3315858004385965,0.3838575932017544,210,0.3620215058326721,0.0,0.0,0.0,False,169,PNG,814,81,10.049382716049385,9.65523098856432
ZKfXeHba.jpg,,test,21.22859001159668,166.1343536376953,12.132675170898438,0.3558349609375,0.7932942708333334,226,0.43264177441596985,3.0,0.0,4.521122685185185e-06,False,107,JPEG,5664,4248,1.3333333333333333,3.004893961398917
qjtA37ao.png,,test,0.0,254.6323699951172,0.0,0.15107976314872867,0.05459770114942529,5,1.1184260845184326,0.0,0.0,0.0,False,127,PNG,198,58,3.413793103448276,1.3556252176941832
RzcsA0iU.jpg,,test,19.76007080078125,174.88441467285156,51.07957458496094,0.23979012345679013,1.0,159,0.665714681148529,1.0,0.0,0.0,False,148,JPEG,270,300,0.9,2.3400493827160496
lYKRQ4Ej.jpg,,test,7.308302402496338,227.91995239257812,6.3919677734375,0.047063492063492064,0.25007936507936507,256,1.3390928506851196,5.0,0.0,0.0,False,148,JPEG,500,252,1.984126984126984,3.195365079365079
kTe41wZp.png,,test,18.365116119384766,252.2974853515625,1.043701171875,0.15902801798685576,0.18311138014527845,190,0.5014018416404724,0.0,0.0,0.0,False,181,PNG,392,59,6.6440677966101696,6.540643375994466
eKyhXzpC.png,,test,0.0,250.5498809814453,0.0,0.1390072601010101,0.13608743686868688,256,1.1241893768310547,0.0,0.0,0.0,False,158,PNG,1405,61,23.0327868852459,0.9414619917157692
xHufZeXk.jpg,,test,46.66973876953125,158.32611083984375,118.21923828125,0.180908203125,0.9983091001157407,218,0.44789281487464905,1.0,0.0,0.0,False,129,JPEG,1024,576,1.7777777777777777,1.2098253038194444
NSoDh4XV.png,,test,26.218708038330078,233.0699462890625,48.8118896484375,0.2752007136485281,0.25007433838834375,217,0.6308810710906982,0.0,0.0,0.0001486767766874814,False,158,PNG,118,57,2.0701754385964914,7.131727624145109
qZbzOws6.png,,test,23.95364761352539,248.26498413085938,13.558517456054688,0.22012724117987276,0.2662810873337189,230,0.3123304843902588,1.0,0.0,0.0,False,167,PNG,133,130,1.023076923076923,13.759167148640833
p9MS8QOZ.png,,test,5.916097164154053,248.51171875,0.05023193359375,0.15600153271386147,0.10695468914646997,256,0.6766649484634399,1.0,0.0,0.0,False,143,PNG,146,143,1.020979020979021,16.23757064852955
pqiXIbz1.jpg,,test,0.0,251.22567749023438,0.0,0.10236263736263736,0.11186813186813187,256,0.9695287942886353,0.0,0.0,0.0,False,170,JPEG,260,280,0.9285714285714286,2.1523076923076925
O7buaCxu.png,,test,18.40207862854004,249.3345184326172,3.3200225830078125,0.47858796296296297,0.5089879918981481,232,0.35771214962005615,0.0,0.0,0.008644386574074073,False,173,PNG,807,76,10.61842105263158,5.648861931781125
gZ6JRRo1.jpg,,test,0.669960618019104,253.14053344726562,0.083160400390625,0.04614661654135338,0.03372885338345865,256,0.9861602187156677,0.0,0.0,0.0,False,147,JPEG,320,266,1.2030075187969924,1.1048872180451128
r9pkij31.png,,test,13.475196838378906,236.42274475097656,20.0482177734375,0.16907935049019607,0.053219464869281044,247,0.23862917721271515,0.0,0.25,0.0,False,125,PNG,865,115,7.521739130434782,5.071746670017593
7z5jC5dJ.png,,test,20.979228973388672,250.8848876953125,5.04718017578125,0.26601974234565834,0.3003178852267024,151,0.35668066143989563,0.0,0.0,0.0,False,187,PNG,139,43,3.232558139534884,7.6787686130165635
1bSnuvCQ.jpg,,test,12.714008331298828,192.43443298339844,19.159820556640625,0.22218153211805555,0.7439507378472222,243,0.4276679754257202,1.0,0.0,0.0001514576099537037,False,112,JPEG,4608,3456,1.3333333333333333,0.4903735251093107
w1TYNXxv.png,,test,0.0,254.86802673339844,0.0,0.04514906141493055,0.002911037868923611,256,0.4638745188713074,0.0,0.0,0.0,False,129,PNG,864,864,1.0,0.128247170781893
mVWaBWn7.png,,test,31.554414749145508,236.5292510986328,34.582244873046875,0.3024904214559387,0.40804597701149425,194,0.14955520629882812,0.0,0.0,0.0,False,172,PNG,145,36,4.027777777777778,12.82911877394636
9uBBnvVC.jpg,,test,62.45783233642578,227.57760620117188,6.97412109375,0.2333351417824074,0.4204252266589506,250,0.39047229290008545,0.0,0.0,3.315489969135802e-05,False,156,JPEG,1280,720,1.7777777777777777,0.7084288194444445
OBJjW2qr.png,,test,16.25701332092285,235.11903381347656,38.94828796386719,0.07503876859456665,0.09995118028832348,184,0.5053980350494385,0.0,0.0,0.0,False,163,PNG,757,92,8.228260869565217,4.288897823215208
lrxdOlAT.png,,test,15.668781280517578,234.27285766601562,19.2208251953125,0.3651785714285714,0.3841517857142857,223,0.6340482234954834,0.0,0.0,0.0140625,False,161,PNG,140,32,4.375,11.4375
Y9Wo1fXp.png,,test,38.049564361572266,242.3681182861328,29.92645263671875,0.17383669885864794,0.22809482001755926,200,0.5975469946861267,3.0,0.0,0.0,False,183,PNG,85,67,1.2686567164179106,18.83617208077261
8aIpqRW3.png,,test,0.0,253.37095642089844,0.0,0.06218998015873016,0.045510912698412696,256,0.9205175042152405,0.0,0.0,0.0,False,151,PNG,794,87,9.126436781609195,0.6081241495121457
DmsOlx6D.png,,test,22.582368850708008,192.70541381835938,33.33424377441406,0.17911216085271317,0.9934290213178295,174,0.48988470435142517,0.0,0.0,0.0,False,136,PNG,939,52,18.057692307692307,9.072007864340131
xDkXQvEj.png,,test,0.0,254.6304168701172,0.0,0.16020627710802227,0.04108466240907073,5,0.9342058300971985,0.0,0.0,0.0,False,127,PNG,623,47,13.25531914893617,0.9464157644889176
gwK0nORp.jpg,,test,80.93118286132812,184.5802459716797,69.54840087890625,0.11245124945832731,0.6278347537194858,255,0.6657759547233582,0.0,0.0,0.011230680340892677,False,104,JPEG,301,276,1.0905797101449275,1.4477346044585682
ewJz6r3b.png,,test,7.6893110275268555,199.31005859375,0.470184326171875,0.15872523275244688,0.9320601575555025,200,0.39474666118621826,0.0,0.0,0.0,False,126,PNG,710,59,12.033898305084746,6.430174265934591
xNKGV4NH.png,,test,8.050352096557617,252.97239685058594,0.984405517578125,0.2825020819838993,0.3012862033866938,209,0.7116363644599915,0.0,0.0,0.030165633385768484,False,188,PNG,107,101,1.0594059405940597,5.664476728046637
dvQD5M5A.jpg,,test,59.3155632019043,242.54173278808594,3.8993377685546875,0.1324666811008468,0.1579971372209392,183,0.4267885684967041,1.0,0.0,0.0,False,183,JPEG,770,434,1.7741935483870968,5.169142378358968
JT80OyO5.png,,test,8.967041969299316,232.46810913085938,0.8740386962890625,0.28590325018896445,0.3356009070294785,223,0.18598893284797668,0.0,0.0,0.0,False,153,PNG,147,36,4.083333333333333,11.4724111866969
9SwD0Cng.png,,test,16.629053115844727,210.8134307861328,49.94779968261719,0.26514555468135326,0.6252950432730133,165,0.09703479707241058,0.0,0.0,0.0,False,166,PNG,248,41,6.048780487804878,9.988198269079463
RKS9K2Fn.png,,test,35.538238525390625,248.1869354248047,21.063125610351562,0.17641665138455895,0.21657803044195856,211,0.639122724533081,0.0,0.0,0.0,False,155,PNG,164,133,1.2330827067669172,7.465982028241335
QDQKS6ep.png,,test,1.592113733291626,158.34979248046875,0.2378082275390625,0.4087890625,0.5998372395833333,184,0.1950441598892212,0.0,0.25,0.19632161458333333,False,80,PNG,952,49,19.428571428571427,2.0418453095523925
iCbYEi4m.png,,test,15.575188636779785,251.3677520751953,3.5198974609375,0.21457533077251387,0.24637217242851045,155,0.4464212954044342,0.0,0.0,0.0,False,195,PNG,213,44,4.840909090909091,8.091335894152795
nMQ4F1xT.jpg,,test,85.30301666259766,163.62213134765625,42.39958190917969,0.37913220799818736,0.8380941591545421,251,0.47528308629989624,0.0,0.0,0.006512486041204745,False,104,JPEG,679,455,1.4923076923076923,1.3380245674796485
Kol75L34.png,,test,14.297296524047852,172.4692840576172,34.27421569824219,0.2290030727210652,0.9589450324342779,189,0.09699251502752304,1.0,0.0,0.0,False,119,PNG,202,58,3.4827586206896552,11.9078183680437
APvuixRi.png,,test,9.950050354003906,172.16160583496094,0.74957275390625,0.29225023342670403,0.9274821039526921,167,0.19522348046302795,0.0,0.0,0.22346716464363522,False,117,PNG,153,42,3.642857142857143,8.100840336134453
cXMgNAwJ.png,,test,0.0,254.40052795410156,0.0,0.16011072261072262,0.04127816627816628,5,0.9606035351753235,0.0,0.0,0.0,False,127,PNG,144,143,1.006993006993007,1.2525252525252526
j9Sd0Ui3.webp,,test,2.0803871154785156,253.1402587890625,0.0405120849609375,0.04644854070660522,0.05946543778801843,241,0.6898869276046753,0.0,0.0,0.0007803379416282642,False,197,WEBP,700,465,1.5053763440860215,0.1987342549923195
MbkiEXjb.png,,test,0.0,254.85928344726562,0.0,0.07187801145059804,0.018422991893883568,5,0.8658086061477661,0.0,0.0,0.0,False,127,PNG,299,59,5.067796610169491,0.6017799444475936
3fw8duj3.png,,test,8.604616165161133,248.8312225341797,1.333343505859375,0.2222222222222222,0.27613168724279835,162,0.3000912666320801,0.0,0.0,0.0,False,194,PNG,54,45,1.2,10.238683127572015
9ujMxB0H.png,,test,18.99626922607422,243.214111328125,2.631683349609375,0.265527950310559,0.29554865424430643,234,0.1956448256969452,0.0,0.0,0.0,False,161,PNG,154,138,1.115942028985507,10.577075098814229
gebXt5nB.png,,test,6.585196018218994,196.5028076171875,1.79541015625,0.13139318885448917,0.987781217750258,170,0.14489780366420746,0.0,0.0,0.0,False,139,PNG,285,85,3.3529411764705883,7.180681114551083
dox3Caag.jpg,,test,1.624068021774292,245.9961700439453,0.2241058349609375,0.1583467741935484,0.18371975806451613,256,0.8750497102737427,0.0,0.0,0.0,False,164,JPEG,310,320,0.96875,1.921532258064516
pXsBWAib.png,,test,31.73731803894043,177.44032287597656,44.55503845214844,0.22413793103448276,0.8539408866995074,154,0.3455321490764618,0.0,0.0,0.0,False,110,PNG,116,105,1.1047619047619048,8.655500821018062
CO9rKb3f.png,,test,114.06999969482422,74.84449768066406,211.4990234375,0.08996487403100775,0.9370881782945737,230,0.5155020356178284,1.0,0.0,0.0,False,51,PNG,1001,280,3.575,13.001027543884687
9QpMUepB.png,,test,4.349846839904785,243.80902099609375,1.4534912109375,0.19302771226415094,0.25073702830188677,213,0.3172219693660736,0.0,0.0,0.0,False,176,PNG,877,61,14.37704918032787,6.125203282427052
8vgm8wKA.png,,test,16.019817352294922,240.62417602539062,2.6414031982421875,0.28735632183908044,0.304802393323886,254,0.5558610558509827,3.0,0.0,0.0005353487639741773,False,170,PNG,435,73,5.958904109589041,18.10662887734215
EoiXaNBt.png,,test,27.078554153442383,162.1704864501953,44.029327392578125,0.37337773224043713,0.7540129781420765,180,0.4011920690536499,0.0,0.0,0.0,False,97,PNG,891,71,12.549295774647888,5.946159561183036
KtJsjnsZ.png,,test,20.62767219543457,231.2487030029297,1.3122711181640625,0.4106700810926163,0.42671788305591124,248,0.45257118344306946,4.0,0.0,0.0002134016218523261,False,159,PNG,165,142,1.1619718309859155,19.028254374733248
gH2GwWBW.png,,test,16.737417221069336,243.42007446289062,0.86895751953125,0.1756172839506173,0.17530864197530865,225,0.42064279317855835,0.0,0.0,0.0,False,158,PNG,90,36,2.5,12.103703703703705
GYZj43GE.jpg,,test,6.420804023742676,251.97950744628906,0.035736083984375,0.02415861906828704,0.041413483796296294,256,0.9929510951042175,0.0,0.0,0.0,False,177,JPEG,768,1024,0.75,0.7722574869791666
n1Iuhvj5.png,,test,2.900031566619873,233.5836181640625,0.153228759765625,0.11303266190514405,0.16344996388732846,213,0.3796631097793579,0.0,0.0,0.0,False,156,PNG,733,68,10.779411764705882,4.501564882433192
rtb326oA.png,,test,13.404335975646973,232.2327880859375,0.8566741943359375,0.3215104166666667,0.335390625,251,0.346261590719223,0.0,0.0,0.0209375,False,158,PNG,874,57,15.333333333333334,5.655626480388615
5MKxqZuH.png,,test,7.712412357330322,202.18385314941406,4.8667755126953125,0.20764918785310735,0.7890845692090396,221,0.423107773065567,3.0,0.0,0.0,False,140,PNG,962,74,13.0,12.800921503624206
65wJVNGh.png,,test,20.561885833740234,105.35526275634766,19.090118408203125,0.48883656026513167,0.5991627420198848,237,0.21705777943134308,0.0,0.0,0.0009244723530437816,True,169,PNG,637,90,7.0777777777777775,9.580743066457352
XfeKKCjv.png,,test,16.90149688720703,229.4475555419922,1.9979705810546875,0.3288845301040423,0.42985672863721647,228,0.28910863399505615,0.0,0.0,0.03313150264369777,False,163,PNG,164,143,1.1468531468531469,9.842742623230428
qaXGDMJG.png,,test,26.009994506835938,216.99200439453125,38.96101379394531,0.31701573581560283,0.27147052304964536,243,0.36945635080337524,2.0,0.25,0.0,False,126,PNG,910,56,16.25,17.3701726844584
CEawXvVN.png,,test,9.21463680267334,218.85342407226562,0.557159423828125,0.08403026682596575,0.3395725474578521,231,0.3937870264053345,0.0,0.0,0.0,False,129,PNG,279,81,3.4444444444444446,4.427806540112394
TpM2nulH.png,,test,22.122486114501953,211.67271423339844,41.5048828125,0.37476746152545237,0.9437558889613684,196,0.4220012128353119,0.0,0.0,0.0,False,145,PNG,657,63,10.428571428571429,6.845546133217366
LA6ocSc4.png,,test,17.369840621948242,212.35707092285156,41.81242370605469,0.11278989779874214,0.9515035377358491,224,0.36247286200523376,0.0,0.0,0.0,False,134,PNG,807,56,14.410714285714286,3.3705080545229245
7O1Z9Ieg.png,,test,18.000375747680664,241.86764526367188,36.99836730957031,0.14726027397260275,0.18508717310087172,165,0.2706458270549774,0.0,0.0,0.0,False,192,PNG,88,73,1.2054794520547945,6.555417185554172
ZLwA6wXB.png,,test,26.005352020263672,192.4759979248047,43.8978271484375,0.14199385683760685,1.0,146,0.17607608437538147,0.0,0.0,0.0,False,141,PNG,797,81,9.839506172839506,6.921263379648992
QaGkv1XE.png,,test,0.0,254.74111938476562,0.0,0.09510951095109511,0.026042604260426042,5,0.9285162687301636,0.0,0.0,0.0,False,127,PNG,303,55,5.509090909090909,0.757035703570357
u3NoAYng.png,,test,39.793949127197266,234.37704467773438,0.6239471435546875,0.3352947586357197,0.36673204751007954,251,0.43665072321891785,6.0,0.0,0.0,False,148,PNG,138,133,1.037593984962406,20.803312629399585
2jgQzL0Z.png,,test,0.0,250.0490264892578,0.0,0.18478747203579418,0.116331096196868,136,0.7092421650886536,0.0,0.0,0.0,False,142,PNG,149,45,3.311111111111111,2.733482475764355
PHFLYaNx.png,,test,0.0,251.73446655273438,0.0,0.13831380208333333,0.06500651041666666,256,0.6419015526771545,0.0,0.0,0.0,False,137,PNG,788,41,19.21951219512195,0.8203540918657918
Wcg5HVar.png,,test,19.12312126159668,209.64854431152344,41.97526550292969,0.35670571778282917,0.950515824444833,207,0.5020013451576233,0.0,0.0,0.0,False,143,PNG,133,43,3.0930232558139537,8.503584542752229
pm6H79rh.png,,test,9.744967460632324,237.78199768066406,0.445953369140625,0.12767481421792462,0.1635777598710717,194,0.296703040599823,0.0,0.0,0.0,False,158,PNG,153,73,2.095890410958904,4.516787536932581
XmPemLJt.png,,test,17.73540496826172,249.0261688232422,2.1187591552734375,0.47622721928277484,0.48298794826572605,242,0.43771255016326904,0.0,0.0,0.014256319811875367,False,170,PNG,378,72,5.25,8.036743092298648
aUdw5dsN.png,,test,14.684586524963379,189.70822143554688,34.98698425292969,0.13839540525114155,1.0,152,0.4846920371055603,0.0,0.0,0.0,False,147,PNG,826,79,10.455696202531646,6.789223649124958
C2rmpLAR.png,,test,13.806248664855957,215.107421875,1.0428009033203125,0.23958333333333334,0.31164863782051283,235,0.7592353224754333,0.0,0.0,0.0,False,139,PNG,1545,53,29.150943396226417,10.080771814129571
ltWHwNeH.png,,test,2.385378837585449,46.59920883178711,0.6706771850585938,0.32215073529411764,0.28948376225490197,256,0.3164069652557373,1.0,0.25,0.027190563725490197,True,144,PNG,1446,64,22.59375,2.9439834024896268
uT2vYMoU.jpg,,test,13.7938232421875,150.5069580078125,22.7337646484375,0.12556061921296297,0.9433623890817902,184,0.24958425760269165,1.0,0.5,9.04224537037037e-05,False,98,JPEG,1200,675,1.7777777777777777,0.9543111111111112
EcNEHVd7.png,,test,16.002643585205078,251.4198760986328,4.180023193359375,0.2193050193050193,0.2478764478764479,154,0.4122885763645172,0.0,0.0,0.0,False,190,PNG,140,37,3.783783783783784,8.183783783783785
2AxMK7gr.png,,test,42.02369689941406,131.767822265625,56.222679138183594,0.021891156462585035,0.9921360544217687,216,0.6955556273460388,0.0,0.0,0.00029931972789115646,True,170,PNG,300,245,1.2244897959183674,4.071510204081632
bop5vEvK.png,,test,62.76948547363281,192.9879150390625,102.70208740234375,0.3413598331404321,0.8690441743827161,256,0.5435351133346558,1.0,0.0,0.0,False,144,PNG,993,558,1.7795698924731185,11.815266001797529
TIWzxvnQ.png,,test,22.93109893798828,211.02392578125,37.09489440917969,0.288712422007941,0.42654566080544526,195,0.1721758246421814,0.0,0.0,0.0,False,137,PNG,43,41,1.048780487804878,12.78275666477595
7yw3UO3l.png,,test,22.42911148071289,209.65565490722656,42.09284973144531,0.19363839285714285,0.7942708333333334,225,0.35654374957084656,0.0,0.0,0.0,False,133,PNG,829,30,27.633333333333333,12.126739043023724
3XYHokqa.png,,test,12.83118724822998,40.94211959838867,18.00823974609375,0.022606216317834316,0.9709080085223712,248,0.4244357943534851,0.0,0.0,0.0,True,136,PNG,404,316,1.2784810126582278,0.8982955257551072
BjCddVpD.png,,test,27.984899520874023,189.7899627685547,42.733978271484375,0.3997668997668998,0.9496891996891997,171,0.4089851677417755,0.0,0.0,0.0,False,133,PNG,143,36,3.9722222222222223,10.923076923076923
A7o2WBJc.png,,test,9.931705474853516,166.19532775878906,18.406997680664062,0.05941946138211382,0.9565548780487805,172,0.4068494141101837,0.0,0.0,0.0028264735772357726,False,94,PNG,933,50,18.66,3.916827438370847
93NRlevh.jpg,,test,35.46855163574219,242.01585388183594,7.8916015625,0.11936995173364855,0.16647581757289204,256,0.7506406307220459,0.0,0.0,0.0,False,157,JPEG,628,1141,0.5503943908851884,0.8448952477712589
vqVon2XC.png,,test,5.5198259353637695,241.78648376464844,1.8262939453125,0.4307455081791365,0.42075623491552694,238,0.501846969127655,0.0,0.0,0.0756234915526951,False,169,PNG,132,113,1.168141592920354,10.817913649772056
IRNP6nIx.png,,test,10.819231986999512,236.02969360351562,3.16375732421875,0.1401124648547329,0.18955014058106842,223,0.4674980938434601,0.0,0.0,0.0,False,162,PNG,97,44,2.2045454545454546,10.86410496719775
qrAaDALi.jpg,,test,3.9562978744506836,252.6757354736328,0.3502349853515625,0.059728021194895786,0.04653989972667975,256,0.8139973878860474,0.0,0.0,0.0,False,151,JPEG,579,206,2.8106796116504853,1.0559887318275567
OE8aYn28.png,,test,11.73684310913086,245.81857299804688,2.6595916748046875,0.09620418848167539,0.122144217039505,189,0.23705247044563293,0.0,0.0,0.0,False,181,PNG,191,88,2.1704545454545454,7.067110899571633
EpFBZRyY.png,,test,18.711780548095703,155.24900817871094,39.14079284667969,0.2500550539528738,0.9341554723629156,169,0.5369763970375061,0.0,0.0,0.00011010790574763268,False,107,PNG,239,76,3.1447368421052637,5.868310944725831
58w1SSBz.png,,test,28.42269515991211,248.5669708251953,20.37139892578125,0.13451137884872824,0.1512182061579652,158,0.6294974088668823,2.0,0.0,0.0,False,200,PNG,225,83,2.710843373493976,15.53991967871486
Vtgd35hU.png,,test,5.849249362945557,195.56884765625,2.3919677734375,0.24079713983050846,0.7229872881355932,250,0.1754252016544342,1.0,0.0,8.827683615819209e-05,False,126,PNG,921,71,12.971830985915492,12.957501796883363
lcZIlQln.png,,test,0.0,252.46827697753906,0.0,0.10127840909090909,0.058522727272727275,256,0.7112523317337036,0.0,0.0,0.0,False,142,PNG,954,68,14.029411764705882,0.6403995560488346
fpIL7VTV.jpg,,test,16.34478759765625,153.65585327148438,34.38531494140625,0.28210539215686276,0.9715122549019608,194,0.40590646862983704,1.0,0.0,2.450980392156863e-06,False,116,JPEG,750,544,1.3786764705882353,3.477509803921569
Ay9ShDpL.png,,test,9.516810417175293,250.1261444091797,1.340789794921875,0.23874172185430464,0.28443708609271523,193,0.2802783250808716,0.0,0.0,0.0,False,180,PNG,151,40,3.775,7.754966887417218
dnS6qlsM.png,,test,19.884933471679688,242.3915252685547,3.907867431640625,0.26024691358024693,0.31777777777777777,195,0.434194952249527,0.0,0.0,0.0,False,163,PNG,135,30,4.5,10.26962962962963
zbfjxVrH.png,,test,22.97113800048828,221.42628479003906,51.55577087402344,0.2442528735632184,0.34514687100894,193,0.3655150830745697,0.0,0.0,0.0,False,158,PNG,108,58,1.862068965517241,10.545338441890166
bO7P6Bkt.png,,test,18.328397750854492,247.45468139648438,5.3564605712890625,0.06531270345052083,0.122772216796875,256,0.3162718117237091,0.0,0.0,0.0,False,161,PNG,1200,800,1.5,4.015025
JMUbIuxW.png,,test,17.123371124267578,230.26806640625,1.0366973876953125,0.3233506944444444,0.2785957532051282,237,0.39680546522140503,0.0,0.0,0.0,False,145,PNG,802,81,9.901234567901234,10.036513654136265
x8uS9FTz.png,,test,2.5620169639587402,253.9122772216797,0.0371551513671875,0.11361727150537634,0.028584444789081887,246,0.5163264870643616,0.0,0.0,0.0,False,144,PNG,1280,671,1.9076005961251865,0.765024217585693
RvR6VzKd.png,,test,18.02556037902832,172.90054321289062,29.982345581054688,0.2928472222222222,0.8584201388888889,184,0.2872689366340637,1.0,0.0,0.0,False,111,PNG,792,77,10.285714285714286,14.199396563032929
152nPU4v.png,,test,4.823762893676758,217.62124633789062,0.243408203125,0.27354111405835546,0.3623452696728559,212,0.6113349795341492,0.0,0.0,0.022877984084880638,False,157,PNG,232,78,2.9743589743589745,7.354553492484527
FFjj4Gt3.jpg,,test,15.196954727172852,150.3582000732422,38.95603942871094,0.3772022099069513,0.9973466577723044,212,0.39425134658813477,2.0,0.0,0.0,False,126,JPEG,812,1024,0.79296875,0.8746055264778325
EuBFu1a2.png,,test,3.1357314586639404,165.85861206054688,2.080810546875,0.3740104166666667,0.7045138888888889,181,0.12543629109859467,0.0,0.25,0.06524305555555555,False,91,PNG,840,82,10.24390243902439,9.063298490127758
WPH4MRoI.jpg,,test,0.0,253.77952575683594,0.0,0.04696316189236111,0.056670012297453706,256,1.0224052667617798,0.0,0.0,0.0,False,185,JPEG,768,1024,0.75,0.9164835611979166
YMl6HdPy.png,,test,20.86874008178711,215.2810516357422,37.28910827636719,0.2103587962962963,0.3967013888888889,211,0.23200853168964386,0.0,0.0,0.0,False,146,PNG,96,36,2.6666666666666665,12.863425925925926
0LozFGtf.png,,test,31.146129608154297,212.9482421875,38.084503173828125,0.2965437788018433,0.4403225806451613,193,0.33492615818977356,0.0,0.0,0.0,False,141,PNG,140,31,4.516129032258065,12.536405529953916
DlYwCXLq.png,,test,13.912527084350586,236.88645935058594,0.6482696533203125,0.11354938271604938,0.11058641975308642,234,0.40017199516296387,0.0,0.0,0.0,False,148,PNG,324,100,3.24,6.667407407407407
keYZq33p.png,,test,6.028702259063721,239.4662322998047,0.3243408203125,0.4722992271505376,0.4456695228494624,241,0.49236682057380676,0.0,0.0,0.1681577620967742,False,171,PNG,799,65,12.292307692307691,5.704823336863387
w2cIWsFj.png,,test,0.0,254.47117614746094,0.0,0.14815128900949798,0.04291044776119403,5,0.9239512085914612,0.0,0.0,0.0,False,127,PNG,134,88,1.5227272727272727,1.2028493894165535
zrUNvOrx.png,,test,17.021427154541016,250.0713348388672,2.7576904296875,0.2103072259173793,0.25460386407854846,196,0.1916016936302185,0.0,0.0,0.0,False,181,PNG,159,139,1.143884892086331,7.320935704266775
iPjo2ktw.png,,test,6.2819695472717285,232.337158203125,0.4853057861328125,0.3155069963580602,0.3672608778991758,222,0.590150773525238,0.0,0.0,0.0007667241709794901,False,161,PNG,141,37,3.810810810810811,8.590377611654207
PPx6NNeK.png,,test,0.0,247.38772583007812,0.0,0.20582000968992248,0.13587088178294573,256,0.18294018507003784,0.0,0.0,0.0,False,141,PNG,796,89,8.9438202247191,7.578792840607532
bhK7v2jl.png,,test,8.650310516357422,231.6329803466797,19.026535034179688,0.23728813559322035,0.3285948605795517,202,0.49364352226257324,0.0,0.0,0.0,False,157,PNG,118,31,3.806451612903226,14.097320940404591
XMe2g54q.png,,test,29.767169952392578,249.1466064453125,3.1124420166015625,0.4728056693989071,0.48603995901639346,235,0.37230178713798523,0.0,0.0,0.0157530737704918,False,174,PNG,822,65,12.646153846153846,6.604229833426913
GUbQCM3T.png,,test,27.510574340820312,204.7099151611328,41.13038635253906,0.1671453737745098,0.8245442708333334,233,0.29406630992889404,3.0,0.0,0.0,False,118,PNG,776,69,11.246376811594205,18.47960555804572
K3HrZflH.png,,test,24.201860427856445,230.38380432128906,1.472412109375,0.2257996632996633,0.32491582491582494,223,0.2786155641078949,4.0,0.0,0.0,False,158,PNG,132,36,3.6666666666666665,18.84175084175084
JDK2V2xX.jpg,,test,57.74414825439453,132.63296508789062,88.27111053466797,0.17590501573350695,0.8412390814887153,171,0.5128679275512695,3.0,0.0,0.0,True,188,JPEG,868,868,1.0,2.46803924483425
dZTPToBV.png,,test,14.939525604248047,235.81253051757812,19.8876953125,0.10546875,0.14142344732704404,204,0.3517321050167084,0.0,0.0,0.0,False,163,PNG,979,135,7.2518518518518515,7.53331063443423
PJdnk3lm.png,,test,0.0,253.3745574951172,0.0,0.07605049435028248,0.035399011299435026,255,0.7148846983909607,0.0,0.0,0.0,False,138,PNG,960,74,12.972972972972974,0.4923423423423423
JqbYEJn9.png,,test,13.897514343261719,214.6034698486328,42.26304626464844,0.2680623973727422,0.4852216748768473,193,0.26830658316612244,1.0,0.0,0.0,False,156,PNG,58,42,1.380952380952381,11.770114942528735
fUMzeXB8.png,,test,35.087806701660156,219.40147399902344,41.942413330078125,0.479672181372549,0.585171568627451,231,0.40843671560287476,4.0,0.0,0.0,False,156,PNG,811,90,9.011111111111113,19.68708042197561
DA4kTYgw.jpg,,test,67.6959228515625,229.33660888671875,29.051528930664062,0.122448,0.21864,256,0.872782289981842,0.0,0.0,0.0,False,174,JPEG,500,500,1.0,1.134112
03CmPGkT.png,,test,44.0087776184082,223.77919006347656,50.28562927246094,0.06969879518072289,0.23234939759036144,252,0.41635364294052124,6.0,0.0,0.0,False,130,PNG,166,100,1.66,19.809156626506024
sZitfzyO.png,,test,4.6883368492126465,246.56253051757812,0.5341339111328125,0.14243251928020564,0.08049485861182519,256,0.6436117887496948,1.0,0.0,0.0,False,138,PNG,389,64,6.078125,15.270244215938304
2GJWBApQ.png,,test,16.035037994384766,249.0475311279297,1.86376953125,0.3804131054131054,0.39554843304843307,243,0.41873711347579956,0.0,0.0,0.019230769230769232,False,174,PNG,180,156,1.1538461538461535,8.473504273504274
4655GZzK.png,,test,39.5294075012207,205.0018768310547,1.55450439453125,0.24289772727272727,0.63052398989899,233,0.471902996301651,7.0,0.0,0.0,False,126,PNG,144,44,3.272727272727273,21.26010101010101
08NfpYut.png,,test,29.301794052124023,220.3780059814453,2.1404571533203125,0.2796296296296296,0.37288773148148147,230,0.5129202008247375,4.0,0.0,0.0,False,135,PNG,384,90,4.266666666666667,19.56365740740741
h3g0czx2.png,,test,26.211042404174805,250.87408447265625,1.647216796875,0.2639004919706674,0.29592499767938363,220,0.5389971733093262,0.0,0.0,0.0023670286828181564,False,180,PNG,162,133,1.218045112781955,10.429778149076396
hk9RQTry.png,,test,9.095312118530273,239.78440856933594,0.4597930908203125,0.1069182389937107,0.1452627307770339,204,0.37084686756134033,0.0,0.0,0.0,False,160,PNG,106,93,1.1397849462365592,6.161898965307365
Zz2volKH.jpg,,test,34.19879913330078,251.09146118164062,3.1200103759765625,0.1325200398763021,0.1594568888346354,256,0.89180588722229,0.0,0.0,0.0,False,187,JPEG,1200,800,1.5,0.969075
eMQyYGpQ.png,,test,12.937295913696289,54.06173324584961,4.931751251220703,0.45102245102245103,0.8381238381238382,207,0.5512750744819641,0.0,0.0,0.012441012441012441,True,129,PNG,111,63,1.761904761904762,9.553553553553554
Hi29doMI.png,,test,18.80226707458496,234.39869689941406,1.5390472412109375,0.23142857142857143,0.30857142857142855,182,0.47190284729003906,0.0,0.0,0.0,False,156,PNG,40,35,1.1428571428571428,11.645714285714286
YpqYLMls.png,,test,21.69447898864746,212.54209899902344,41.735443115234375,0.3994943109987358,0.9519595448798989,180,0.6354534029960632,0.0,0.0,0.0,False,145,PNG,113,42,2.6904761904761907,5.8963337547408345
NDvBjnG7.jpg,,test,3.923374652862549,241.44195556640625,4.3468475341796875,0.08675022133687472,0.11070163789287295,255,0.6984993815422058,0.0,0.0,0.0,False,175,JPEG,502,720,0.6972222222222222,1.1768481629039398
9HLf4SFI.jpg,,test,41.52298355102539,199.35772705078125,7.6354522705078125,0.11251661512586805,0.7674068874782987,256,0.5982341170310974,0.0,0.0,0.0,False,120,JPEG,1080,1080,1.0,1.0454869684499315
ZB2R1d8J.png,,test,7.383673667907715,230.66757202148438,2.5155181884765625,0.2183017418032787,0.2527322404371585,243,0.4796912372112274,0.0,0.0,0.0,False,151,PNG,888,70,12.685714285714283,9.897940797940798
5qer90We.jpg,,test,22.71927261352539,214.01376342773438,31.831329345703125,0.3777213541666667,0.27178385416666667,256,0.4294550120830536,1.0,0.5,0.0044954427083333335,False,118,JPEG,640,480,1.3333333333333333,1.620234375
IBmEBKAa.png,,test,17.067272186279297,195.82635498046875,27.61346435546875,0.3294270833333333,1.0,166,0.4356624186038971,0.0,0.0,0.0,False,132,PNG,1546,56,27.607142857142858,5.440491591203105
74idLsML.png,,test,11.372017860412598,251.1349334716797,1.688507080078125,0.3811509591326105,0.34799833194328605,247,0.6257206797599792,0.0,0.0,0.03784403669724771,False,171,PNG,109,88,1.2386363636363635,7.946622185154295
z1R8PWlY.jpg,,test,0.0,238.7813720703125,0.0,0.029603057962046205,0.04015186674917492,207,0.5148794054985046,1.0,0.0,0.0,False,173,JPEG,1024,538,1.903345724907063,1.0463522304832713
UBKtB1Oc.png,,test,25.401771545410156,207.9716339111328,40.79937744140625,0.20594618055555555,0.9972182765151515,185,0.327236533164978,0.0,0.0,0.0,False,146,PNG,844,72,11.72222222222222,8.924302264349658
Q6XCuJlD.png,,test,23.515104293823242,165.60153198242188,1.7439117431640625,0.18040979510244878,0.8963018490754623,181,0.39517879486083984,4.0,0.0,4.9975012493753125e-05,False,101,PNG,138,145,0.9517241379310344,19.021289355322335
idfEwQVG.png,,test,24.80222511291504,236.394775390625,1.1722412109375,0.19537609899055683,0.2778248127645718,223,0.4049633741378784,4.0,0.0,0.0,False,163,PNG,185,166,1.1144578313253013,19.654575056984697
yNa3HysK.png,,test,27.208566665649414,146.47874450683594,1.04791259765625,0.19565972222222222,0.8659722222222223,165,0.4615626931190491,5.0,0.0,0.0,False,86,PNG,144,40,3.6,19.591666666666665
MBKVuyos.jpg,,test,22.677824020385742,221.07379150390625,30.258514404296875,0.09820054945054946,0.13755494505494506,256,0.9669959545135498,0.0,0.0,0.0,False,135,JPEG,260,280,0.9285714285714286,2.383186813186813
i0emcfgO.png,,test,25.700050354003906,205.65943908691406,39.047760009765625,0.3240327380952381,0.9663690476190476,194,0.6310171484947205,2.0,0.0,0.00014880952380952382,False,154,PNG,1413,64,22.078125,19.57599079971692
dozYNIIq.jpg,,test,25.770753860473633,86.1253433227539,20.078445434570312,0.32412455673758866,0.8935810062056737,256,0.33137568831443787,0.0,0.0,0.0002936613475177305,True,132,JPEG,875,535,1.6355140186915889,1.1671754339118825
7dSHxdbK.png,,test,27.416053771972656,220.8070831298828,39.42219543457031,0.1487685381355932,0.2931232344632768,232,0.6034895181655884,3.0,0.0,2.2069209039548023e-05,False,159,PNG,941,72,13.069444444444445,18.31125280434526
Ug2YwR91.png,,test,0.0,251.3981170654297,0.0,0.11799620132953466,0.0966286799620133,77,0.6647548675537109,0.0,0.0,0.0,False,146,PNG,108,39,2.769230769230769,2.4444444444444446
hFzwSHJo.jpg,,test,63.350677490234375,209.25442504882812,84.27484130859375,0.1240234375,0.5287000868055556,256,0.23312893509864807,0.0,0.0,0.0,False,128,JPEG,800,500,1.6,1.21222
DKYyzKJl.webp,,test,36.751136779785156,239.06951904296875,21.092803955078125,0.19336994876256766,0.151008434841454,256,0.20933425426483154,0.0,1.0,0.0,False,126,WEBP,800,449,1.78173719376392,0.4273942093541202
m4ozFNVG.png,,test,14.386301040649414,214.61912536621094,2.36968994140625,0.16566338566663955,0.27495322541283657,221,0.3147774934768677,0.0,0.0,0.0,False,132,PNG,647,76,8.513157894736842,11.36370292036118
kiILGiOh.png,,test,0.0,254.39500427246094,0.0,0.2950139343269114,0.04280261723009814,5,0.7658343315124512,0.0,0.25,0.0,False,127,PNG,393,84,4.678571428571429,1.102629346904156
KrSZbpXE.webp,,test,0.2273610532283783,250.3138427734375,0.0536041259765625,0.07838421103395062,0.09447337962962964,256,0.5590552091598511,0.0,0.0,0.0,False,158,WEBP,1200,675,1.7777777777777777,0.2381234567901234
lWLK4H0M.jpg,,test,13.266458511352539,174.4447784423828,2.63433837890625,0.20874182389462076,0.9009992598075499,246,0.7229282259941101,0.0,0.0,0.06677970966328796,False,110,JPEG,686,386,1.7772020725388602,1.6725026057795436
ysYHSOU8.png,,test,26.27721405029297,173.35350036621094,46.262786865234375,0.15105560511448113,0.9060362771335118,175,0.4768211245536804,0.0,0.0,0.0,False,104,PNG,118,114,1.0350877192982455,9.67291109128754
c7L3eKPC.png,,test,27.97913360595703,189.88681030273438,43.27391052246094,0.278031994047619,0.8570498511904762,189,0.4127250611782074,0.0,0.0,0.0,False,120,PNG,840,77,10.909090909090908,9.671243042671614
0WkhIplx.png,,test,19.439434051513672,219.2213897705078,39.66778564453125,0.34603834603834605,0.39674289674289676,214,0.5632766485214233,0.0,0.0,0.0,False,148,PNG,222,78,2.8461538461538463,7.151305151305151
6coEpME3.png,,test,5.5559844970703125,129.93772888183594,1.2032470703125,0.27101307189542484,0.8207843137254902,146,0.19321487843990326,0.0,0.0,0.08352941176470588,False,78,PNG,180,170,1.0588235294117647,10.116078431372548
6bCoahIm.png,,test,0.0,254.421875,0.0,0.14729064039408868,0.04187192118226601,5,0.9694516658782959,0.0,0.0,0.0,False,127,PNG,154,145,1.0620689655172413,1.2159426780116436
peNDJF4b.png,,test,19.544151306152344,166.55494689941406,40.237701416015625,0.13599725604527527,0.9304064482936032,165,0.30021047592163086,0.0,0.0,0.0,False,106,PNG,343,85,4.035294117647059,6.034230835191219
pDvLygmX.png,,test,10.409470558166504,251.01150512695312,1.0307769775390625,0.30932291666666667,0.33369791666666665,214,0.46687397360801697,0.0,0.0,0.006432291666666667,False,179,PNG,890,58,15.344827586206897,4.733979077876792
yiJYAIaE.png,,test,5.473873615264893,210.44801330566406,1.714385986328125,0.2624345275508066,0.6716111460297507,225,0.3106030225753784,0.0,0.0,0.0,False,149,PNG,645,74,8.716216216216216,12.455059710873664
9XCWkKHR.png,,test,10.710347175598145,252.1117401123047,0.7165374755859375,0.1321529080675422,0.1625234521575985,215,0.1327209621667862,0.0,0.0,0.0,False,161,PNG,82,104,0.7884615384615384,3.965290806754221
cgHSsmtb.png,,test,15.217068672180176,243.3687286376953,1.61767578125,0.2618876941457587,0.22341696535244923,245,0.2217465192079544,0.0,0.0,0.0,False,148,PNG,135,31,4.354838709677419,10.464038231780169
YM3XRFaS.jpg,,test,40.75712585449219,107.95405578613281,7.9308929443359375,0.40775417485265225,0.8330289169941061,216,0.23735523223876953,0.0,0.0,0.006482277341191879,True,154,JPEG,1024,678,1.5103244837758112,1.446372603244838
KCwPhJOR.png,,test,4.336998462677002,243.3739471435547,0.03106689453125,0.2181547619047619,0.20917038690476192,256,0.26056233048439026,1.0,0.0,0.0,False,150,PNG,885,81,10.925925925925926,17.56830578224175
ISiY75Bj.png,,test,9.943520545959473,250.94488525390625,1.0469512939453125,0.32853563312161294,0.3553988695297477,234,0.5495827198028564,0.0,0.0,0.04358720354291708,False,181,PNG,131,131,1.0,6.945515995571354
VrkXL7CM.jpg,,test,26.6637020111084,104.8925552368164,3.6919174194335938,0.27602021329729415,0.9661574169286364,199,0.8709646463394165,0.0,0.0,0.7145106795546023,True,139,JPEG,674,505,1.3346534653465347,0.7579751446954784
5xvOZlms.png,,test,0.0,254.5012969970703,0.0,0.153,0.04006666666666667,5,0.9716207981109619,0.0,0.0,0.0,False,127,PNG,125,120,1.0416666666666667,1.8144
2Orl9nKh.png,,test,26.908510208129883,239.20465087890625,44.137054443359375,0.13913967073818376,0.18201129725293294,172,0.5379849076271057,0.0,0.0,0.0,False,176,PNG,269,77,3.493506493506493,8.563510838603776
zLGTidae.png,,test,0.0,254.53570556640625,0.0,0.14829268292682926,0.04411924119241192,5,0.8908739686012268,0.0,0.0,0.0,False,127,PNG,205,45,4.555555555555555,1.0918157181571817
L5aixmxr.jpg,,test,0.0,251.75534057617188,0.0,0.07009247202932099,0.08453896604938271,256,0.3810809254646301,0.0,0.0,0.0,False,172,JPEG,1200,675,1.7777777777777777,0.5734716049382717
FTIQOELb.png,,test,14.438002586364746,243.65023803710938,1.154388427734375,0.1543107269503546,0.09962322695035461,256,0.368150919675827,2.0,0.25,0.0,False,147,PNG,938,57,16.45614035087719,18.391650768712825
32fihWfl.png,,test,0.0,247.36489868164062,0.0,0.19859123995983935,0.16988265562248997,256,0.24726900458335876,0.0,0.0,0.0,False,150,PNG,820,89,9.213483146067416,8.690052069060016
H1LyYAs1.png,,test,29.639942169189453,189.13816833496094,40.305206298828125,0.20011737089201878,0.9428794992175273,191,0.3233558237552643,0.0,0.0,0.0,False,126,PNG,71,72,0.9861111111111112,12.915492957746478
RjDCO5Qf.png,,test,13.75115966796875,237.35150146484375,19.706695556640625,0.14717960946400657,0.20318999549585354,188,0.28166505694389343,0.0,0.0,0.0,False,179,PNG,547,69,7.927536231884058,8.166388469385051
2L07gdL9.png,,test,20.19272232055664,209.16835021972656,40.932403564453125,0.16410584720443874,0.9592829705505762,183,0.3563612997531891,0.0,0.0,0.0,False,138,PNG,165,142,1.1619718309859155,8.515236875800255
oV3DKp9V.png,,test,21.38947296142578,216.89169311523438,39.080230712890625,0.4955252001884126,0.4627548617185923,218,0.3903472125530243,0.0,0.0,0.0,False,144,PNG,386,77,5.012987012987013,9.059686427562076
LrLRmKID.png,,test,24.460859298706055,207.0532684326172,38.82762145996094,0.2905633124699085,0.9790563312469909,161,0.2671666443347931,0.0,0.0,0.0,False,150,PNG,134,31,4.32258064516129,12.265767934520944
ryXAdzPy.png,,test,21.658935546875,238.74354553222656,33.59722900390625,0.2313321385902031,0.29764038231780165,153,0.27759304642677307,0.0,0.0,0.0,False,180,PNG,124,54,2.2962962962962963,9.801672640382318
7OfVqjsr.png,,test,18.988584518432617,229.20030212402344,2.0477752685546875,0.2725250278086763,0.38362068965517243,202,0.2617834508419037,0.0,0.0,0.0,False,154,PNG,124,58,2.1379310344827585,10.672969966629587
mPJCe6hs.jpg,,test,42.096858978271484,143.28689575195312,90.20561218261719,0.08047916666666667,0.9339708333333333,173,0.6806461215019226,0.0,0.0,0.0,False,80,JPEG,600,400,1.5,0.7940666666666667
tCGh0ODM.png,,test,15.029314994812012,179.9120635986328,32.16587829589844,0.1786049076371657,0.9641025641025641,186,0.7796016335487366,0.0,0.0,0.00011028398125172319,False,125,PNG,195,93,2.096774193548387,7.434022608216156
WcjGi7bD.jpg,,test,5.717305660247803,244.32115173339844,1.8260040283203125,0.028907608852826103,0.03603019248327804,256,0.9951187968254089,1.0,0.0,0.0,False,137,JPEG,433,559,0.774597495527728,1.9468285085128092
23BRi8rh.png,,test,18.04326629638672,218.18902587890625,39.931121826171875,0.14076535006767565,0.2502768549280177,188,0.27603742480278015,0.0,0.0,0.0,False,152,PNG,129,63,2.0476190476190474,8.164390303925188
VpMXVzaB.png,,test,51.701805114746094,225.68955993652344,38.35758972167969,0.21961371961371962,0.31335331335331335,256,0.4583401679992676,8.0,0.0,0.0,False,141,PNG,143,42,3.4047619047619047,21.514485514485514
JNjLmV4a.png,,test,12.326383590698242,211.83474731445312,0.512908935546875,0.22108609068627452,0.43466605392156865,226,0.2635106146335602,2.0,0.25,0.0,False,116,PNG,949,42,22.59523809523809,17.246625520598123
hWyETqrp.png,,test,20.75503158569336,185.35733032226562,31.00848388671875,0.3546000924641701,0.9741100323624595,180,0.6600329279899597,0.0,0.0,0.0001541069502234551,False,133,PNG,309,42,7.357142857142857,8.290953922021883
R180IYOy.jpg,,test,22.80937957763672,204.23208618164062,18.432403564453125,0.23279712818287038,0.7662466543692129,252,0.5365626811981201,0.0,0.0,0.0,False,129,JPEG,900,1200,0.75,0.5060074074074075
oRHEsOjD.jpg,,test,30.14804458618164,198.22714233398438,61.67469787597656,0.15764308915770608,0.9545414239844683,231,0.7842885851860046,2.0,0.0,0.0,False,168,JPEG,1123,816,1.3762254901960784,1.378983115953416
a9Fj36gc.jpg,,test,25.870147705078125,159.34124755859375,37.47564697265625,0.41998076075193397,0.5900677381858992,216,0.367095947265625,1.0,0.0,0.0,True,206,JPEG,610,409,1.4914425427872862,1.6324181329913023
bJLlA28Q.png,,test,22.791820526123047,230.9960479736328,18.76153564453125,0.20981685815038106,0.2704470481173928,222,0.4718165993690491,0.0,0.0,0.0,False,154,PNG,149,118,1.2627118644067796,13.74906154021158
DDxkeTH4.png,,test,0.0,250.76644897460938,0.0,0.2449343607305936,0.06872502853881278,256,0.5674442648887634,0.0,0.0,0.0,False,132,PNG,797,76,10.486842105263158,0.9263686191639702
DL5cetUZ.png,,test,0.0,254.4207000732422,0.0,0.18228015908086612,0.04231109147149801,5,0.9069678783416748,0.0,0.0,0.0,False,127,PNG,146,124,1.1774193548387095,1.2501104728236854
oKJuL12U.png,,test,0.0,254.53323364257812,0.0,0.17676767676767677,0.03291657837112383,5,0.8498437404632568,0.0,0.0,0.0,False,127,PNG,429,66,6.5,0.9355089355089355
8gUDOxBV.png,,test,22.730846405029297,210.8357391357422,41.041717529296875,0.23823823823823823,0.9767267267267268,189,0.5053611397743225,0.0,0.0,0.0,False,146,PNG,111,36,3.083333333333333,7.925925925925926
d7fok4Jf.png,,test,8.045654296875,251.50439453125,1.314727783203125,0.20600694444444445,0.24027777777777778,162,0.37015846371650696,0.0,0.0,0.0,False,188,PNG,180,160,1.125,7.105277777777777
LsJ8PBga.png,,test,16.602291107177734,236.6049346923828,7.911529541015625,0.23094093406593408,0.35078983516483514,219,0.2569722533226013,1.0,0.0,0.0,False,165,PNG,364,64,5.6875,15.0625
DhpqsuuD.png,,test,6.827028274536133,254.01458740234375,0.5937957763671875,0.12951807228915663,0.13370874803562074,210,0.635918140411377,0.0,0.0,0.003273965426925092,False,175,PNG,92,83,1.108433734939759,3.3179675222629648
ENuhPIJQ.png,,test,0.0,253.68626403808594,0.0,0.09492807539682539,0.027145337301587302,256,0.5557448267936707,0.0,0.0,0.0,False,134,PNG,1080,147,7.346938775510204,0.8110355253212396
ZiyyJUyV.jpg,,test,24.614940643310547,238.4799346923828,3.0702362060546875,0.3194616036821705,0.3741642441860465,256,0.16354718804359436,0.0,0.0,0.0,False,165,JPEG,1200,672,1.7857142857142858,0.9243551587301588
hrTYW18L.png,,test,14.075851440429688,248.58261108398438,1.5300445556640625,0.18572060123784262,0.23364279398762158,180,0.3058619797229767,0.0,0.0,0.0,False,188,PNG,156,145,1.0758620689655172,8.926967285587976
KoIlcF7n.png,,test,19.314498901367188,210.9431915283203,41.327362060546875,0.2936044306198316,0.9934754570973371,193,0.5981869101524353,0.0,0.0,0.0,False,154,PNG,269,49,5.489795918367347,6.602837417494879
H0nZSBs8.png,,test,5.945472240447998,253.63046264648438,0.3367156982421875,0.06959635416666667,0.08313802083333334,174,0.3981340527534485,0.0,0.0,0.0,False,188,PNG,943,49,19.244897959183675,2.814638474689982
TX9kKp0G.png,,test,9.036544799804688,245.8525390625,2.290069580078125,0.10416666666666667,0.1343658625730994,193,0.3343121111392975,0.0,0.0,0.0,False,169,PNG,958,71,13.492957746478874,7.159869446323032
dHO7548y.png,,test,17.00006103515625,235.1125030517578,19.025421142578125,0.14290978773584906,0.16993415880503146,215,0.5416600108146667,0.0,0.0,0.0,False,154,PNG,917,63,14.555555555555555,8.700836059614685
4f0bFHQS.png,,test,30.647422790527344,183.33828735351562,39.693634033203125,0.3958076946355438,0.8323683095607965,240,0.5145246386528015,6.0,0.0,0.0,False,120,PNG,679,73,9.3013698630137,19.69277947021204
ERrLQ3NB.png,,test,5.960670471191406,202.62472534179688,4.232513427734375,0.37112504353883663,0.5899512365029607,246,0.5578103065490723,5.0,0.0,0.0,False,133,PNG,638,90,7.088888888888889,18.04932079414838
SugTrIfE.png,,test,22.313732147216797,136.34420776367188,27.3499755859375,0.19036023500309215,0.9167053184910328,142,0.3213549554347992,0.0,0.0,0.017663883735312306,False,92,PNG,168,154,1.0909090909090908,11.014842300556586
6nVTYWdq.png,,test,0.0,254.72979736328125,0.0,0.09838820301783265,0.023628257887517146,5,0.8803552985191345,0.0,0.0,0.0,False,127,PNG,360,81,4.444444444444445,0.69519890260631
TSJUX46n.png,,test,21.489604949951172,215.26422119140625,35.98323059082031,0.19451388888888888,0.39875,217,0.3360409736633301,0.0,0.0,0.0,False,144,PNG,897,88,10.193181818181818,11.696969696969695
Yhiz4g2U.png,,test,38.60162353515625,203.00399780273438,48.02851867675781,0.19560049351509132,0.7357286870693027,244,0.4196317493915558,5.0,0.0,0.0,False,117,PNG,209,159,1.3144654088050314,19.97243537660618
6BEvEUwu.png,,test,22.062959671020508,208.0277099609375,40.89251708984375,0.28432835820895525,0.9613006396588486,210,0.41253793239593506,0.0,0.0,0.0,False,144,PNG,335,56,5.982142857142857,9.464818763326226
1yKxPNOF.jpg,,test,6.744998455047607,252.8513641357422,0.5921783447265625,0.05479242979242979,0.059331501831501834,256,0.8671011328697205,0.0,0.0,0.0,False,165,JPEG,728,450,1.6177777777777778,4.552942612942613
cGmtpLhk.png,,test,52.96079635620117,210.6492462158203,41.20526123046875,0.17334839073969507,0.6716544325239977,219,0.6540137529373169,8.5,0.0,0.0,False,151,PNG,77,46,1.673913043478261,21.983060417843028
d8vlc36Q.jpg,,test,5.707441329956055,144.11766052246094,2.0213165283203125,0.06200588694353963,0.9967447916666666,160,0.18748430907726288,0.0,0.0,0.658692996742671,False,107,JPEG,840,672,1.25,0.9713577097505668
ceQacvZu.png,,test,0.0,252.42796325683594,0.0,0.1371864776444929,0.022682660850599782,73,0.95058673620224,0.0,0.0,0.0,False,74,PNG,131,35,3.742857142857143,2.4252998909487458
OkrpnHI7.png,,test,0.6953022480010986,229.90390014648438,0.0398406982421875,0.2391357421875,0.14176432291666666,251,0.32302233576774597,0.0,0.5,0.000732421875,False,130,PNG,901,38,23.710526315789476,3.384076172673637
zBEwedW3.png,,test,6.800415992736816,233.88563537597656,0.5302276611328125,0.2794240324979145,0.3268289144390846,227,0.4144439101219177,0.0,0.0,0.07341046752022053,False,169,PNG,349,79,4.417721518987341,5.139603206267455
bnfVNZsA.jpg,,test,1.6951316595077515,249.5015106201172,0.5350494384765625,0.1232939220610119,0.11176409040178571,256,0.22217948734760284,0.0,0.0,0.0,False,154,JPEG,977,570,1.7140350877192982,0.445071737686078
DYpX7zIX.png,,test,29.342397689819336,234.0618896484375,0.7796173095703125,0.23366107576633893,0.32292269134374396,223,0.3607443869113922,5.0,0.0,0.0,False,159,PNG,133,39,3.41025641025641,20.060921534605747
VznA3kbQ.jpg,,test,5.424800872802734,251.93698120117188,0.172393798828125,0.11550645211442787,0.14104283271144277,256,0.7181553840637207,0.0,0.0,0.0,False,180,JPEG,2512,1752,1.4337899543378996,1.3780192973271674
crG5H1Hg.png,,test,6.400882244110107,231.38116455078125,0.6639862060546875,0.409284752356726,0.4181879395481071,243,0.5931540727615356,0.0,0.0,0.01870417477180907,False,160,PNG,163,164,0.9939024390243902,9.691156666167888
kwbsscuk.png,,test,21.083271026611328,123.69200897216797,34.2701416015625,0.28835616438356165,0.7319634703196347,127,0.34839650988578796,0.0,0.0,0.0,False,65,PNG,73,60,1.2166666666666666,7.070319634703196
RoTutvHV.png,,test,8.612176895141602,152.45944213867188,0.338653564453125,0.3249400479616307,0.7689848121502798,167,0.3141096532344818,0.0,0.0,0.060751398880895285,False,88,PNG,139,36,3.861111111111111,15.179856115107912
0a7wQbeX.png,,test,13.267623901367188,109.07960510253906,32.17127990722656,0.1276144907723855,0.9101161995898838,109,0.25141242146492004,0.0,0.0,0.0,False,67,PNG,190,77,2.467532467532468,6.299931647300069
Ruuz1e9B.png,,test,29.951751708984375,165.1986083984375,12.577560424804688,0.320687725942503,0.7780599070407987,187,0.39880096912384033,5.0,0.25,0.0,False,99,PNG,628,74,8.486486486486486,19.27629540368394
Wh7DIkXi.png,,test,11.578186988830566,236.43777465820312,0.6646881103515625,0.11825396825396825,0.13475355054302424,225,0.25231873989105225,0.0,0.0,0.0,False,152,PNG,342,70,4.885714285714286,5.818212197159566
mVeOzpW4.jpg,,test,84.51300048828125,213.09939575195312,75.31901550292969,0.3698673469387755,0.624734693877551,253,1.2899185419082642,2.0,0.0,0.0,False,155,JPEG,245,400,0.6125,5.89134693877551
Ay9ut7Ah.png,,test,0.0,249.6580352783203,0.0,0.21233723958333334,0.09352213541666667,256,0.6519575119018555,0.0,0.0,0.0,False,135,PNG,838,87,9.632183908045976,1.0935725454695089
tmI3uCUC.png,,test,0.0,254.5193328857422,0.0,0.193833734111989,0.03619890072140158,5,0.8361360430717468,0.0,0.0,0.0,False,127,PNG,328,71,4.619718309859155,0.9807626245276536
NVC7yckQ.png,,test,7.1921539306640625,245.56637573242188,2.0110626220703125,0.23129251700680273,0.272108843537415,155,0.29533851146698,0.0,0.0,0.0,False,165,PNG,21,28,0.75,13.4421768707483
iMpL5sMu.png,,test,11.340241432189941,252.31300354003906,0.7097320556640625,0.27193887578616355,0.29031544811320753,225,0.5253225564956665,0.0,0.0,0.01604264937106918,False,184,PNG,789,54,14.61111111111111,3.508238276299113
Jb6p2XUL.png,,test,0.0,254.80349731445312,0.0,0.10478094286190238,0.019740129935032484,5,0.840543270111084,0.0,0.0,0.0,False,127,PNG,138,87,1.5862068965517242,0.7882725304014659
NQ4C3L7O.png,,test,0.0,250.1866912841797,0.0,0.17090678418803418,0.11077724358974358,256,0.7008096575737,0.0,0.0,0.0,False,143,PNG,801,41,19.536585365853657,0.9999695502573004
AOijj7wu.jpg,,test,74.0413818359375,95.5230484008789,76.31948852539062,0.4911440329218107,0.8378864197530864,255,0.397737056016922,0.0,0.0,0.001751440329218107,True,136,JPEG,675,450,1.5,1.527361316872428
5YzXO6Bv.png,,test,23.264692306518555,206.09939575195312,40.84053039550781,0.2698956294846706,0.9709719504240052,187,0.2963148355484009,0.0,0.0,0.0,False,142,PNG,146,42,3.4761904761904763,11.522504892367904
3TzdfqFP.png,,test,0.0,250.07308959960938,0.0,0.16401599702380953,0.14095052083333334,256,1.0149503946304321,0.0,0.0,0.0,False,154,PNG,1542,56,27.535714285714285,0.9120807856216416
pqfcNQl2.jpg,,test,30.499149322509766,145.20835876464844,49.57378387451172,0.1908265578877341,0.8825394675515578,207,0.3366968035697937,1.0,0.0,0.002629178302108521,False,88,JPEG,673,373,1.804289544235925,1.5787817343812869
ORmZmU6c.png,,test,25.994747161865234,243.68931579589844,39.49444580078125,0.13923723335488042,0.18319327731092436,184,0.28261417150497437,0.0,0.0,0.0,False,178,PNG,130,119,1.092436974789916,8.856367162249516
7mBicLAI.png,,test,0.0,253.38829040527344,0.0,0.056731468023255814,0.041712088178294575,256,0.8277414441108704,0.0,0.0,0.0,False,149,PNG,812,91,8.923076923076923,0.545444703080171
DPlxUboY.png,,test,13.169681549072266,241.41390991210938,1.371337890625,0.09758391203703703,0.12977430555555555,240,0.819833517074585,2.0,0.0,0.0,False,165,PNG,1547,73,21.19178082191781,18.9076161549973
czonWT2R.png,,test,34.22940444946289,238.17103576660156,4.0699005126953125,0.2125980795610425,0.2798024691358025,256,0.6744269132614136,0.0,0.0,0.0,False,167,PNG,375,243,1.5432098765432098,11.545459533607682
ErQMK3aS.jpg,,test,85.09696960449219,179.20828247070312,79.56751251220703,0.08089722173377879,0.7178488218744505,251,0.670491635799408,0.0,0.0,0.006473096535959205,False,103,JPEG,376,484,0.7768595041322314,2.4397749252681558
tTqyYtRU.png,,test,0.0,252.84732055664062,0.0,0.122578125,0.043828125,256,0.6533006429672241,0.0,0.0,0.0,False,135,PNG,871,57,15.280701754385966,0.5868632545773158
WFXTeJuH.png,,test,22.57552719116211,241.55555725097656,1.49163818359375,0.18498331009422403,0.2587991718426501,208,0.600287914276123,0.0,0.0,0.0,False,165,PNG,161,147,1.0952380952380951,13.906959056914692
qKE9HlEW.png,,test,36.59273910522461,176.75350952148438,38.0372314453125,0.2947994987468672,0.7816833751044278,225,0.7326186895370483,5.0,0.0,0.0,False,99,PNG,630,76,8.289473684210526,20.82439431913116
tZXzX4LT.jpg,,test,0.0,249.39797973632812,0.0,0.0936327764312096,0.11018474434441367,256,0.46590691804885864,0.0,0.0,0.0,False,165,JPEG,1079,1015,1.0630541871921182,0.8579737669891389
vNdb2CIb.png,,test,17.706714630126953,252.998779296875,1.1312408447265625,0.17641506363310874,0.19115971747550695,189,0.5952987670898438,0.0,0.0,0.0,False,172,PNG,539,57,9.456140350877194,5.514305243628552
24Ya45ra.png,,test,25.811195373535156,212.33189392089844,37.07127380371094,0.282091212458287,0.5243604004449388,179,0.36067700386047363,0.0,0.0,0.0,False,144,PNG,145,31,4.67741935483871,13.421134593993326
u3zlnDGD.png,,test,14.338218688964844,252.54029846191406,0.865570068359375,0.2857730263157895,0.29399671052631576,206,0.7008973360061646,0.0,0.0,0.01850328947368421,False,178,PNG,128,38,3.3684210526315788,6.296052631578948
x6XqsJiB.jpg,,test,4.9861979484558105,252.65260314941406,0.1967315673828125,0.08131691261574074,0.09951217086226852,256,1.1542872190475464,0.0,0.0,0.0,False,182,JPEG,768,1024,0.75,1.7729695638020833
mPZVwZ0A.png,,test,26.746585845947266,212.4834442138672,42.197509765625,0.2212756159336864,0.7183974211374626,210,0.6979550123214722,3.0,0.0,0.0,False,148,PNG,101,43,2.3488372093023258,18.860695371862768
65TY0a9M.png,,test,18.09097671508789,190.98033142089844,37.68418884277344,0.24756944444444445,0.9931423611111111,183,0.5571390986442566,0.0,0.0,0.0,False,141,PNG,1027,40,25.675,3.828042843232717
CAtOcJgM.webp,,test,20.482242584228516,169.63987731933594,27.140090942382812,0.4537398726851852,0.9990204234182098,160,0.2851504683494568,0.0,0.0,0.06708441840277778,False,137,WEBP,1200,675,1.7777777777777777,0.305916049382716
0wyhwwt2.jpg,,test,25.95827865600586,127.12924194335938,39.791358947753906,0.371685393258427,0.8202247191011236,224,0.4163646996021271,0.0,0.0,3.153952296471516e-05,False,85,JPEG,475,267,1.7790262172284643,1.1959156317760693
WLDo1RbW.png,,test,11.64297866821289,236.7235107421875,1.04913330078125,0.3446969696969697,0.3336489898989899,232,0.47001051902770996,0.0,0.0,0.0031565656565656565,False,157,PNG,66,48,1.375,10.686868686868689
ldyaKhEA.jpg,,test,0.0,249.23477172851562,0.0,0.15344663401741293,0.1500068019278607,256,0.9322021007537842,0.0,0.0,0.0,False,157,JPEG,358,1024,0.349609375,2.519509427374301
0tdPUH81.png,,test,18.360443115234375,215.01663208007812,34.79243469238281,0.08733543862527171,0.45443546733379814,189,0.36380454897880554,0.0,0.0,0.0,False,145,PNG,659,74,8.905405405405405,6.805069105524341
1hZMcGvT.png,,test,20.758575439453125,199.22763061523438,33.12689208984375,0.44284940411700974,1.0,162,0.2739706337451935,0.0,0.0,0.0,False,132,PNG,568,52,10.923076923076923,8.20557963163597
NCCpBo66.jpg,,test,41.61821746826172,242.8815155029297,23.275238037109375,0.13058241252302025,0.17281739180478822,256,0.62795090675354,0.0,0.0,0.0,False,185,JPEG,1000,1414,0.7072135785007072,0.7320282885431401
lP6F45t9.png,,test,0.0,251.38832092285156,0.0,0.13862469806763286,0.07704936594202899,256,0.7247322797775269,0.0,0.0,0.0,False,140,PNG,897,81,11.074074074074074,0.8831633565933082
BWwQs87e.jpg,,test,13.608927726745605,101.87883758544922,2.9646224975585938,0.2684766701101928,0.89784385043618,245,0.2918837368488312,2.0,0.0,0.00027799299816345273,True,139,JPEG,850,803,1.0585305105853051,2.3013347007545235
CNxlN8DZ.png,,test,12.02757740020752,245.97344970703125,5.2400665283203125,0.33287911821705424,0.40455426356589147,217,0.32105833292007446,0.0,0.0,0.03766957364341085,False,172,PNG,801,45,17.8,4.7738105146344845
sOsQCyDE.png,,test,0.0,250.9138641357422,0.0,0.1263403799019608,0.12105545343137254,256,1.115740180015564,0.0,0.0,0.0,False,158,PNG,1408,63,22.349206349206348,0.8399170274170275
70y7dEjo.png,,test,7.44456672668457,253.30154418945312,0.445587158203125,0.1118488253319714,0.12736210418794688,146,0.29360634088516235,0.0,0.0,0.0,False,196,PNG,356,88,4.045454545454546,3.831460674157303
EbTdvepg.png,,test,0.0,254.3638153076172,0.0,0.16834659593280282,0.045358090185676395,5,0.9394465684890747,0.0,0.0,0.0,False,127,PNG,156,145,1.0758620689655172,1.2696728558797523
Do2TlKOY.png,,test,5.481101989746094,238.398193359375,0.3745269775390625,0.2010525482747705,0.2143874643874644,236,0.5024235844612122,0.0,0.0,0.018083254194365305,False,161,PNG,162,156,1.0384615384615383,7.96897752453308
yf1UwE2n.png,,test,47.15610122680664,195.15867614746094,49.861236572265625,0.20617816091954022,0.7861590038314177,238,0.47515860199928284,7.0,0.0,0.0,False,111,PNG,116,36,3.2222222222222223,21.057471264367816
edJIl8Kh.jpg,,test,4.201702117919922,251.35057067871094,1.3827362060546875,0.032215909090909094,0.05258522727272727,256,1.0192898511886597,0.0,0.0,0.0,False,191,JPEG,495,640,0.7734375,0.5242676767676767
T24kNPOi.png,,test,4.990383625030518,249.68161010742188,0.8561553955078125,0.3956043956043956,0.3094017094017094,243,0.5633274912834167,0.0,0.0,0.018803418803418803,False,164,PNG,105,39,2.6923076923076925,10.914774114774117
D5zDImAS.jpg,,test,68.68589782714844,244.72515869140625,0.779266357421875,0.17887068383487653,0.21048237364969136,256,0.5574008822441101,0.0,0.0,0.0,False,156,JPEG,736,1308,0.5626911314984709,0.9189186943225636
w5c6oVVG.png,,test,32.91446304321289,155.804931640625,51.408287048339844,0.4175750968992248,0.6000484496124031,178,0.32352545857429504,2.0,0.25,0.0,False,79,PNG,937,53,17.67924528301887,11.420631884174703
0w9yioJV.png,,test,46.391658782958984,205.93763732910156,50.863067626953125,0.12607901780747507,0.8064508740126046,256,0.5788537859916687,2.0,0.0,0.0,False,130,PNG,638,479,1.3319415448851777,13.514126216451462
qpwMjJNL.png,,test,18.374685287475586,179.3772430419922,30.186080932617188,0.40876491495303374,0.9304233307946179,202,0.38719943165779114,2.0,0.0,4.76009139375476e-05,False,127,PNG,624,101,6.178217821782178,12.647118558009646
Z9wTjC40.png,,test,117.81629943847656,226.02549743652344,59.338531494140625,0.11066988950276244,0.4075976442602824,256,0.7024849057197571,0.0,0.0,0.0,False,139,PNG,595,842,0.7066508313539193,0.9364019241901036
ML8Xiqip.jpg,,test,19.770769119262695,188.18309020996094,44.396728515625,0.10438544009132608,0.9884948388383432,240,0.8327818512916565,1.0,0.0,0.0,False,136,JPEG,453,642,0.705607476635514,1.676851450695605
yvntpoy9.png,,test,17.64461898803711,104.4731216430664,30.545677185058594,0.24995983935742971,0.8524497991967871,108,0.5389869213104248,0.0,0.0,0.0,False,66,PNG,498,50,9.96,6.416064257028112
yjoCQYCw.png,,test,12.432371139526367,200.75942993164062,32.250152587890625,0.12560138987883107,0.987638096935139,174,0.5338062644004822,0.0,0.0,0.0,False,149,PNG,736,61,12.065573770491802,3.640413399857448
vyWZjIyU.png,,test,16.647409439086914,253.65249633789062,0.9021148681640625,0.17198581560283688,0.1833839918946302,145,0.7535601258277893,0.0,0.0,0.0,False,201,PNG,94,42,2.238095238095238,6.603850050658561
wCG42W9w.png,,test,3.4750308990478516,254.41952514648438,0.412261962890625,0.05631902610441767,0.06130773092369478,189,0.7502409219741821,0.0,0.0,1.5687751004016063e-05,False,196,PNG,802,87,9.218390804597702,1.3206065296528793
Nq3se1Ox.png,,test,7.991969108581543,233.79750061035156,20.693496704101562,0.18361702127659574,0.24851063829787234,217,0.3521701395511627,0.0,0.0,0.0,False,160,PNG,100,47,2.127659574468085,10.277446808510636
Pye0QO61.jpg,,test,27.94912338256836,152.6421356201172,69.34131622314453,0.2769795918367347,0.9999863945578231,148,1.0560834407806396,2.0,0.0,0.0,False,129,JPEG,245,300,0.8166666666666667,2.331972789115646
48gMlXRq.png,,test,22.480693817138672,175.96429443359375,34.71638488769531,0.18853255587949466,0.9642194540153723,152,0.23891973495483398,0.0,0.0,0.0,False,121,PNG,154,147,1.0476190476190477,7.880201431221839
V2WNVFYg.png,,test,7.163998603820801,209.66123962402344,2.365478515625,0.18086296638614585,0.4240647954468064,241,0.41135042905807495,0.0,0.0,0.0,False,127,PNG,674,61,11.049180327868852,14.12910444130953
yGGznWQt.png,,test,26.774410247802734,231.29212951660156,47.80047607421875,0.231990231990232,0.34004884004884006,182,0.27696898579597473,0.0,0.0,0.0,False,171,PNG,84,39,2.1538461538461537,9.709401709401709
HJRFkhWu.webp,,test,49.6549072265625,206.34378051757812,90.24540710449219,0.06476658950617284,0.9207507474922839,244,0.5449016690254211,0.0,0.0,0.0,False,109,WEBP,1200,675,1.7777777777777777,0.2910419753086419
fJmQsHZ2.jpg,,test,0.0,237.6359405517578,0.0,0.15647002797067902,0.22741247106481483,241,0.6648419499397278,0.0,0.0,0.0,False,180,JPEG,1200,675,1.7777777777777777,0.5215012345679012
hkcIa6sl.jpg,,test,31.79041290283203,163.599853515625,75.66454315185547,0.10400875443262411,0.9839954565602836,219,0.8280059695243835,0.0,0.0,0.0,False,118,JPEG,570,932,0.6115879828326181,0.7519012122581131
l231HyFQ.png,,test,0.0,254.87191772460938,0.0,0.06807747489239599,0.014203730272596844,5,0.86181640625,0.0,0.0,0.0,False,127,PNG,170,82,2.073170731707317,0.5916786226685796
CaBDFN2e.jpg,,test,23.532922744750977,4.016310214996338,1.9574384689331055,0.16129907024793388,0.1816438533057851,254,0.23782719671726227,0.0,0.25,0.0008802513774104683,True,79,JPEG,1284,1011,1.2700296735905046,1.0883582770213016
QssNv1oE.png,,test,21.988229751586914,193.6353759765625,44.576446533203125,0.07151442307692307,0.9980301816239316,183,0.3290221095085144,0.0,0.0,0.0,False,143,PNG,856,43,19.906976744186046,3.541621386655075
PlrcJU6H.png,,test,6.096107482910156,243.4102325439453,1.14111328125,0.3696695963541667,0.07600911458333333,256,0.424868643283844,0.0,0.25,0.0,False,127,PNG,1410,59,23.89830508474576,5.776367351845174
ZRD0PMLB.jpg,,test,3.880209445953369,252.27395629882812,0.018035888671875,0.1948386863425926,0.10255714699074074,256,0.4876806437969208,0.0,0.0,0.0,False,140,JPEG,1500,1600,0.9375,1.90286
K63EPQQq.png,,test,9.844123840332031,230.90826416015625,0.9583892822265625,0.25545361875637107,0.3037716615698267,223,0.2729457914829254,0.0,0.0,0.0,False,151,PNG,109,45,2.422222222222222,10.011009174311926
rAHK0E32.jpg,,test,62.888328552246094,238.83949279785156,81.80435180664062,0.17009062253743104,0.14393223010244288,251,0.790801465511322,0.0,0.0,0.0,False,151,JPEG,600,423,1.4184397163120568,1.926524822695036
rcrdiDBU.png,,test,16.983911514282227,233.452880859375,1.64508056640625,0.22539653929343909,0.32227829848594086,211,0.40173763036727905,0.0,0.0,0.0,False,155,PNG,152,146,1.0410958904109588,11.094448449891852
xV9ONO3u.png,,test,12.137290000915527,143.3603973388672,1.1392669677734375,0.23658056972789115,0.8416772959183674,162,0.48780518770217896,2.0,0.0,0.0007971938775510204,False,84,PNG,826,53,15.58490566037736,16.993923888711226
G6x2O46A.png,,test,20.481782913208008,242.5450897216797,37.16139221191406,0.1860176282051282,0.2104767628205128,236,0.31729796528816223,0.0,0.0,0.0,False,158,PNG,896,76,11.789473684210526,9.015272556390975
cO5C004C.png,,test,16.706281661987305,248.9138946533203,24.087387084960938,0.12676711309523808,0.16213262648809523,224,0.3697180151939392,0.0,0.0,0.0,False,167,PNG,889,65,13.676923076923076,7.039889244613654
3xKp8zpl.jpg,,test,50.0529899597168,210.77330017089844,58.07099914550781,0.3962326388888889,0.7335590277777778,256,0.7462520003318787,0.0,0.0,0.0,False,140,JPEG,320,180,1.7777777777777777,2.194305555555556
K6w1B8dc.png,,test,29.88680648803711,206.86729431152344,38.0145263671875,0.23272727272727273,0.9013333333333333,200,0.26359209418296814,0.0,0.0,0.0,False,142,PNG,75,55,1.3636363636363635,12.53818181818182
T66EkZDT.png,,test,17.169954299926758,55.2069206237793,19.351638793945312,0.40107088220295767,0.848996610372859,148,0.3573329746723175,0.0,0.0,0.0,True,98,PNG,629,106,5.933962264150943,8.093469718330983
fLQ84oD6.jpg,,test,13.017977714538574,51.841773986816406,6.199516296386719,0.37704867906066536,0.8205673108284409,238,0.6126431226730347,2.0,0.0,0.0,True,87,JPEG,1200,799,1.5018773466833542,2.680517313308302
SBgzmmnt.png,,test,13.938952445983887,251.33270263671875,4.8625335693359375,0.1800099101012246,0.2126070644864444,149,0.2238895297050476,0.0,0.0,0.0,False,190,PNG,554,51,10.862745098039216,5.228569406101791
S1OGzZ64.png,,test,18.47311019897461,174.3262939453125,34.07279968261719,0.08739375320020482,0.9919303635432668,151,0.4702093005180359,0.0,0.0,0.0,False,117,PNG,651,75,8.68,6.251879160266257
iYhSzOyi.png,,test,24.443431854248047,198.26268005371094,38.08180236816406,0.07027027027027027,0.996921921921922,169,0.34892967343330383,0.0,0.0,0.0,False,133,PNG,120,111,1.0810810810810811,3.732132132132133
SDARR9F3.png,,test,23.33462905883789,165.54476928710938,37.077911376953125,0.4017227564102564,0.649238782051282,194,0.4082874357700348,0.0,0.25,4.0064102564102564e-05,False,88,PNG,855,72,11.875,6.286549707602339
ooq1TFcW.png,,test,0.0,254.75674438476562,0.0,0.08579465541490858,0.02076611235211384,5,0.8828479051589966,0.0,0.0,0.0,False,127,PNG,237,51,4.647058823529412,0.7320261437908496
BvLkM6aL.png,,test,31.512819290161133,207.75112915039062,35.35304260253906,0.28588975894365115,0.7511899278366344,185,0.5137700438499451,0.0,0.25,0.0,False,118,PNG,334,39,8.564102564102564,6.721940733916782
xEOSklqL.png,,test,8.922789573669434,179.0677032470703,0.6471710205078125,0.21447388041155127,0.8288185297479994,191,0.36173388361930847,0.0,0.25,0.1376310949848402,False,99,PNG,341,59,5.779661016949152,7.255629007405934
vsk9QtTb.png,,test,0.0,252.26620483398438,0.0,0.20760233918128654,0.10087719298245613,97,0.6377187967300415,0.0,0.0,0.0,False,149,PNG,133,36,3.6944444444444446,3.1996658312447788
bYN8mgMF.png,,test,15.725813865661621,183.10801696777344,39.6224365234375,0.0860933169778747,0.9602925809822361,184,0.261678546667099,0.0,0.0,0.0,False,115,PNG,253,87,2.9080459770114944,6.253963927127345
BlFJx9p2.png,,test,14.346864700317383,231.37599182128906,17.893356323242188,0.14890269151138716,0.21763975155279502,184,0.1293325424194336,0.0,0.0,0.0,False,168,PNG,161,75,2.1466666666666665,7.7793788819875775
jHWzMZBX.png,,test,19.394195556640625,207.290771484375,40.97453308105469,0.3351635781285747,0.920841912605811,198,0.38319629430770874,0.0,0.0,0.0,False,137,PNG,93,47,1.9787234042553192,10.694120338595289
VxtFRGfW.png,,test,0.0,252.9696502685547,0.0,0.1005473163841808,0.04219632768361582,256,0.7047857642173767,0.0,0.0,0.0,False,137,PNG,939,72,13.041666666666666,0.5601703940362087
Bd663sGX.png,,test,0.0,250.6390838623047,0.0,0.14244002525252525,0.12949810606060605,256,1.0429847240447998,0.0,0.0,0.0,False,156,PNG,1405,61,23.0327868852459,0.8620267195612858
DqnWrNtX.png,,test,0.0,254.39801025390625,0.0,0.23904831334084434,0.040559347869308766,5,0.8215585350990295,0.0,0.0,0.0,False,127,PNG,382,79,4.835443037974684,1.1086221750944396
JkkPy6AQ.png,,test,15.657196044921875,224.60028076171875,2.8598785400390625,0.20553138185654007,0.13513647151898733,207,0.3376215696334839,0.0,0.0,0.0,False,136,PNG,797,82,9.71951219512195,6.179637053585091
CyWHK8cb.png,,test,0.0,248.76844787597656,0.0,0.28989438657407407,0.09208622685185185,256,0.5766456127166748,0.0,0.0,0.0,False,131,PNG,808,76,10.63157894736842,1.122459614382491
9lfnHqnq.png,,test,0.0,254.54151916503906,0.0,0.17843766720171214,0.05805243445692884,5,0.9213352799415588,0.0,0.0,0.0,False,127,PNG,89,42,2.119047619047619,1.5730337078651686
k6yv0IDG.png,,test,0.0,253.7006072998047,0.0,0.049367268880208336,0.0352783203125,256,0.852756917476654,0.0,0.0,0.0,False,149,PNG,1500,500,3.0,0.6205013333333333
X5ay6OdE.png,,test,11.780299186706543,235.03659057617188,19.483688354492188,0.18260732323232323,0.10665246212121213,248,0.4035053253173828,0.0,0.25,0.0,False,131,PNG,1551,66,23.5,5.436179981634527
wKwx8cCl.jpg,,test,29.019817352294922,230.38473510742188,56.95326232910156,0.12333623188405797,0.20973333333333333,256,0.8239841461181641,1.0,0.0,0.0005797101449275362,False,186,JPEG,500,690,0.7246376811594203,10.858504347826086
FycvTEy1.png,,test,0.0,235.1543731689453,0.0,0.3779292204686753,0.42146102343376374,30,1.6268703937530518,0.0,0.0,0.0,False,60,PNG,680,123,5.528455284552845,9.773409851745576
i8bGpRKt.png,,test,6.5314226150512695,234.49563598632812,0.405120849609375,0.17951839826839827,0.16653138528138528,224,0.41684821248054504,0.0,0.0,0.0,False,145,PNG,132,56,2.357142857142857,7.332251082251083
Uvfd1mdN.png,,test,35.36210250854492,204.1556396484375,50.07731628417969,0.1525978150406504,0.8510861280487805,233,0.7864277362823486,3.0,0.0,0.0,False,125,PNG,1289,69,18.681159420289852,21.22710560933653
D0ZuPqP9.png,,test,22.470813751220703,130.056396484375,30.618392944335938,0.3159455128205128,0.7232772435897435,153,0.24828049540519714,2.0,0.25,0.0,False,70,PNG,831,70,11.871428571428572,16.056523981433727
XHYDtihP.jpg,,test,17.208053588867188,36.62552261352539,13.979400634765625,0.4822432906539352,0.7730938946759259,144,0.47619616985321045,0.0,0.0,0.0004295066550925926,True,59,JPEG,870,1160,0.75,1.380943321442727
H8XMLMoN.png,,test,17.112873077392578,212.8678436279297,41.69969177246094,0.10019947828755563,0.9676231394813565,182,0.38211461901664734,0.0,0.0,0.0,False,137,PNG,133,98,1.3571428571428572,4.193340494092374
StrB0qdK.png,,test,18.470266342163086,231.03086853027344,2.2108154296875,0.36415570612461806,0.46937690979141755,198,0.1846361756324768,0.0,0.0,0.0,False,153,PNG,386,78,4.948717948717949,9.710375979806033
Dhc3vAQj.jpg,,test,29.99941635131836,189.5564422607422,10.661972045898438,0.3191731770833333,0.9180478696469907,256,0.603273332118988,1.0,0.0,0.00445556640625,False,131,JPEG,1108,1477,0.7501692620176033,1.8152416474999329
EgmLlFKZ.png,,test,0.0,248.8841552734375,0.0,0.18013020833333335,0.11731770833333334,256,0.7624697685241699,0.0,0.0,0.0,False,141,PNG,862,56,15.392857142857142,1.2470997679814386
yAkija0y.png,,test,0.0,254.5286102294922,0.0,0.09430051813471503,0.04067357512953368,5,1.1780840158462524,0.0,0.0,0.0,False,127,PNG,193,80,2.4125,1.0404145077720208
SGrqxQ9u.png,,test,6.641766548156738,229.3951873779297,0.442535400390625,0.2696800595238095,0.3541294642857143,206,0.32717275619506836,0.0,0.0,0.0,False,149,PNG,782,71,11.014084507042254,6.651201325600663
iQGZLiZl.png,,test,24.027549743652344,206.27447509765625,40.14030456542969,0.2865743527995184,1.0,175,0.19937309622764587,0.0,0.0,0.0,False,140,PNG,151,44,3.4318181818181817,10.473208910295003
CMo54J89.jpg,,test,50.814510345458984,64.92557525634766,31.74221420288086,0.3547054901531511,0.9016807809810029,247,0.2545972466468811,0.0,0.0,0.019104081043696326,True,114,JPEG,634,634,1.0,1.6303476002348516
arezgmsE.png,,test,8.940397262573242,221.63031005859375,5.62884521484375,0.33125671321160044,0.4950130428111094,254,0.6465694904327393,8.0,0.0,0.0,False,148,PNG,665,49,13.571428571428571,19.624489795918368
1XZHKujf.png,,test,0.0,253.91317749023438,0.0,0.12154326494201606,0.06735057983942908,78,0.712119460105896,0.0,0.0,0.0,False,154,PNG,118,38,3.1052631578947367,2.385370205173952
4nHzJCWR.png,,test,0.0,252.24404907226562,0.0,0.20566476432043965,0.05362804601866111,16,0.7810294032096863,0.0,0.0,0.0,False,82,PNG,581,57,10.192982456140353,1.0720777848235046
8axHGxnX.jpg,,test,18.823680877685547,248.12350463867188,10.498153686523438,0.11736111111111111,0.14434523809523808,253,1.2630372047424316,0.0,0.0,0.0,False,171,JPEG,300,168,1.7857142857142858,7.882539682539683
LoxzO9bz.png,,test,0.0,254.85638427734375,0.0,0.04502699110243055,0.003180609809027778,256,0.48033297061920166,0.0,0.0,0.0,False,129,PNG,864,864,1.0,0.1324374142661179
hND1kQVy.png,,test,5.560060501098633,244.55918884277344,1.655517578125,0.22185496794871795,0.1055355235042735,256,0.5627622604370117,1.0,0.0,0.0,False,134,PNG,576,52,11.076923076923077,15.62152777777778
hGcwwDiR.png,,test,26.330322265625,190.63232421875,46.277374267578125,0.06836158192090395,0.9748022598870056,198,0.2669306993484497,0.0,0.0,0.0,False,125,PNG,177,100,1.77,6.311412429378531
t87RBrU5.png,,test,9.769954681396484,237.48345947265625,0.980560302734375,0.40112058080808083,0.23469065656565657,252,0.28805550932884216,0.0,0.25,0.003393308080808081,False,141,PNG,1424,61,23.34426229508197,2.8660895192484803
fyQWaVK3.png,,test,0.0,251.62265014648438,0.0,0.1903782894736842,0.14268092105263158,62,0.5774314999580383,0.0,0.0,0.0,False,152,PNG,76,32,2.375,3.460526315789474
nmtWWO8J.png,,test,11.6293363571167,149.54693603515625,8.62005615234375,0.35665096966935034,0.7126943136361334,195,0.3377629518508911,3.0,0.25,0.011241075497493544,False,82,PNG,681,58,11.741379310344827,13.87594308572586
FHx7Z7Pt.png,,test,29.9068603515625,180.91429138183594,36.488555908203125,0.2148972602739726,0.9965753424657534,173,0.3744167387485504,4.0,0.0,0.0,False,125,PNG,146,40,3.65,18.973972602739725
CybNCann.png,,test,33.32988357543945,194.93478393554688,4.7690277099609375,0.18234949443351012,0.7299688997731336,256,0.4514228105545044,7.0,0.0,0.0,False,129,PNG,659,101,6.524752475247524,20.76485524121456
zAe4xcKI.png,,test,27.471553802490234,226.0579071044922,38.49725341796875,0.14646638382448496,0.2361349998088904,190,0.5086823105812073,0.0,0.0,0.0,False,157,PNG,171,153,1.1176470588235294,8.963803845124795
76EpQXpN.png,,test,0.0,248.5986785888672,0.0,0.35013234289617484,0.3441555669398907,249,0.6265166997909546,0.0,0.0,0.008495560109289618,False,165,PNG,974,77,12.64935064935065,6.872396597242593
mqFxina4.png,,test,16.708003997802734,220.9298858642578,39.75523376464844,0.1431686046511628,0.1866218507751938,233,0.5632235407829285,0.0,0.0,0.0,False,162,PNG,885,50,17.7,4.676519774011299
CFWgyt1V.png,,test,20.629802703857422,209.9735107421875,41.12864685058594,0.30758854059491963,0.9798797356928916,206,0.36343875527381897,0.0,0.0,0.0,False,148,PNG,717,61,11.754098360655735,5.826096897363788
QEsx1HUL.png,,test,0.0,251.52725219726562,0.0,0.13243243243243244,0.0660472972972973,121,0.727260172367096,0.0,0.0,0.0,False,140,PNG,148,40,3.7,2.445945945945946
mNAn6g2p.jpg,,test,7.346243858337402,169.30963134765625,16.278976440429688,0.06550202546296297,0.9482489691840278,218,0.46597927808761597,1.0,0.0,0.0002757884837962963,False,99,JPEG,1108,1477,0.7501692620176033,1.648164759770146
pgv16KNB.png,,test,9.238266944885254,250.05642700195312,1.4642486572265625,0.16802554694931376,0.21350274040857,193,0.274101197719574,0.0,0.0,0.0,False,186,PNG,669,66,10.136363636363637,7.485074964895593
hzd4Ktmp.png,,test,0.0,253.07847595214844,0.0,0.23747096360772169,0.04528342188876725,17,0.781592607498169,0.0,0.0,0.0,False,66,PNG,559,67,8.343283582089553,1.056684377753451
2YSySWcS.jpg,,test,51.31890106201172,94.93473815917969,22.534706115722656,0.20735677083333334,0.8640227141203703,255,0.5134322643280029,1.0,0.0,0.001254611545138889,True,154,JPEG,1477,1108,1.333032490974729,2.1014301112851936
5DCOY2zY.png,,test,0.0,254.73451232910156,0.0,0.16515151515151516,0.02922077922077922,5,0.7660660147666931,0.0,0.0,0.0,False,127,PNG,84,55,1.5272727272727271,1.0822510822510822
WAwRYLGo.jpg,,test,24.17197608947754,212.99778747558594,51.482421875,0.10558080808080808,0.6259595959595959,212,1.8175342082977295,0.0,0.0,0.0,False,181,JPEG,500,396,1.2626262626262623,2.1233131313131315
BCm3HwjR.jpg,,test,22.601619720458984,164.03005981445312,3.983123779296875,0.4824541666666667,0.9512666666666667,242,0.4103728234767914,1.0,0.0,0.0013333333333333333,False,123,JPEG,640,375,1.7066666666666668,6.347333333333333
Sq8qiGnA.png,,test,23.18645668029785,250.6279754638672,2.24298095703125,0.2072072072072072,0.24350717905405406,199,0.2393864244222641,0.0,0.0,0.0,False,170,PNG,815,79,10.316455696202532,5.757490098625456
wKMxEpHX.png,,test,22.41910171508789,140.2925262451172,39.155120849609375,0.3203243911719939,0.8237490487062404,163,0.4446044862270355,0.0,0.25,0.0,False,87,PNG,584,72,8.11111111111111,4.763888888888889
B2HKyGTf.png,,test,18.55364227294922,244.48367309570312,38.20623779296875,0.18764619883040937,0.21052631578947367,231,0.6424955725669861,0.0,0.0,7.309941520467836e-05,False,175,PNG,190,72,2.638888888888889,7.250292397660819
WRwiRSHE.png,,test,44.98221969604492,246.2418670654297,33.96488952636719,0.13672194890196102,0.030562553526664874,253,1.3161134719848633,0.0,0.0,0.0,False,124,PNG,694,461,1.5054229934924075,8.229797395712867
8H61GdWM.png,,test,0.0,250.40269470214844,0.0,0.1498235887096774,0.13650873655913978,256,1.0600801706314087,0.0,0.0,0.0,False,155,PNG,1444,59,24.47457627118644,0.883233954645758
w7C1zxjQ.png,,test,8.78342056274414,251.3314666748047,1.04229736328125,0.13623366013071894,0.17008782679738563,175,0.4525591731071472,0.0,0.0,0.0,False,185,PNG,866,57,15.192982456140353,6.075442648190916
