image_id,label,split,fmt,mode,w,h,bytes,has_alpha,exif_orient,dpi,ratio,megapix,bpp
tHpqlCor.png,lontara,train,PNG,RGB,942,49,4190,False,1,,19.224489795918366,0.046158,0.7262013085488973
B494gp8Z.png,jawa,train,PNG,RGB,813,81,14949,False,1,,10.037037037037036,0.065853,1.8160448271149379
rJZQjxc0.png,jawi,train,PNG,RGB,440,53,3154,False,1,,8.30188679245283,0.02332,1.0819897084048027
hO9fOUhw.png,sunda,train,PNG,RGB,124,58,1034,False,1,,2.1379310344827585,0.007192,1.150166852057842
Q4K6YjCj.png,sunda,train,PNG,RGB,791,76,5295,False,1,,10.407894736842104,0.060116,0.7046377004458048
PbvtXzAF.png,lontara,train,PNG,RGB,944,54,4026,False,1,,17.48148148148148,0.050976,0.6318267419962336
bvZgcoNn.png,jawi,train,PNG,RGB,800,81,7740,False,1,,9.876543209876543,0.0648,0.9555555555555556
vrNJOkCG.png,jawa,train,PNG,RGB,968,94,5556,False,1,,10.297872340425531,0.090992,0.48848250395639176
qzpRIEtV.png,jawa,train,PNG,RGB,684,85,12751,False,1,,8.047058823529412,0.05814,1.7545235638114896
305fGZ3w.png,jawi,train,PNG,RGB,189,71,1592,False,1,,2.6619718309859155,0.013419,0.9491020195245548
oV1rqiki.png,sunda,train,PNG,RGB,328,58,2043,False,1,,5.655172413793103,0.019024,0.8591253153910849
efsCVAXh.png,jawi,train,PNG,RGB,376,62,2022,False,1,,6.064516129032258,0.023312,0.693891557995882
SZlo4nAd.png,lontara,train,PNG,RGB,940,50,3922,False,1,,18.8,0.047,0.6675744680851063
Odiwgs3f.png,jawi,train,PNG,RGB,784,76,6673,False,1,,10.31578947368421,0.059584,0.8959452201933404
XnmCJESw.png,pegon,train,PNG,RGB,181,154,3900,False,1,,1.1753246753246753,0.027874,1.1193226662839924
3YX19rhG.png,pegon,train,PNG,RGB,638,88,5703,False,1,,7.25,0.056144,0.8126246793958393
HRCr8t7l.png,pegon,train,PNG,RGB,139,108,2171,False,1,,1.287037037037037,0.015012,1.1569411137756462
jYTQSpdW.png,bali,train,PNG,RGB,1237,77,9453,False,1,,16.064935064935064,0.095249,0.7939610914550284
7E48jzhq.png,lontara,train,PNG,RGB,935,52,3895,False,1,,17.98076923076923,0.04862,0.6408885232414644
TVGT0l15.png,lampung,train,PNG,RGB,143,36,1673,False,1,,3.9722222222222223,0.005148,2.5998445998446
brPaEeqP.png,lontara,train,PNG,RGB,776,52,4154,False,1,,14.923076923076923,0.040352,0.8235527359238699
GmuReuLR.png,sunda,train,PNG,RGB,153,137,3450,False,1,,1.1167883211678833,0.020961,1.31673107199084
GsOT0T5x.png,lampung,train,PNG,RGB,191,78,1514,False,1,,2.448717948717949,0.014898,0.8129950328903208
5rjyLVjM.png,sunda,train,PNG,RGB,216,65,1522,False,1,,3.3230769230769233,0.01404,0.8672364672364672
zserujX8.jpg,bali,train,JPEG,RGB,1280,720,93100,False,1,,1.7777777777777777,0.9216,0.8081597222222222
ULOLP0Ie.png,sunda,train,PNG,RGB,245,42,1433,False,1,,5.833333333333333,0.01029,1.1140913508260446
tzoxINik.png,jawi,train,PNG,RGB,676,52,5242,False,1,,13.0,0.035152,1.1929904415111516
SWmX6WTA.png,lontara,train,PNG,RGB,936,52,4289,False,1,,18.0,0.048672,0.7049638395792241
UmCiBs0K.png,jawi,train,PNG,RGB,284,60,1705,False,1,,4.733333333333333,0.01704,0.8004694835680751
qRtpcq8R.png,lampung,train,PNG,RGB,201,81,1696,False,1,,2.4814814814814814,0.016281,0.8333640439776426
sEWlF4GG.png,jawa,train,PNG,RGB,603,91,12880,False,1,,6.626373626373627,0.054873,1.8777905345069523
kg4W1LjT.png,jawa,train,PNG,RGB,944,96,8541,False,1,,9.833333333333334,0.090624,0.7539724576271186
gEPhuYHT.png,jawi,train,PNG,RGB,175,82,1206,False,1,,2.1341463414634148,0.01435,0.6723344947735191
VwBH4U2s.png,jawa,train,PNG,RGB,162,58,16536,False,1,,2.793103448275862,0.009396,14.079182630906768
WdbxpsD0.png,lontara,train,PNG,RGB,812,69,4619,False,1,,11.768115942028986,0.056028,0.6595273791675591
c5qAky23.png,sunda,train,PNG,RGB,77,40,565,False,1,,1.925,0.00308,1.4675324675324675
E7eISFeD.png,jawi,train,PNG,RGB,806,83,7557,False,1,,9.710843373493976,0.066898,0.903704146611259
sQzD0xtD.png,bali,train,PNG,RGB,218,78,2215,False,1,,2.7948717948717947,0.017004,1.0421077393554459
au9mLbd8.png,jawi,train,PNG,RGB,92,45,735,False,1,,2.0444444444444443,0.00414,1.4202898550724639
Pr22tEu7.jpg,pegon,train,JPEG,RGB,600,400,30786,False,1,,1.5,0.24,1.0262
nY3i2PTt.png,bali,train,PNG,RGB,1548,56,10324,False,1,,27.642857142857142,0.086688,0.952750092284976
KxxJsUIA.png,bali,train,PNG,RGB,1409,59,8901,False,1,,23.88135593220339,0.083131,0.8565757659597503
e5T265XU.png,pegon,train,PNG,RGB,126,111,2569,False,1,,1.135135135135135,0.013986,1.4694694694694694
92Scn6vQ.png,bali,train,PNG,RGB,1402,61,10265,False,1,,22.983606557377048,0.085522,0.9602207619092163
feSarHT2.png,pegon,train,PNG,RGB,384,90,3727,False,1,,4.266666666666667,0.03456,0.8627314814814815
XDdeBeL4.png,sunda,train,PNG,RGB,832,70,5141,False,1,,11.885714285714286,0.05824,0.7061813186813187
R7Hd50RH.png,lampung,train,PNG,RGB,126,31,1520,False,1,,4.064516129032258,0.003906,3.1131592421915
vZh1HlrP.png,pegon,train,PNG,RGB,201,159,4771,False,1,,1.2641509433962264,0.031959,1.1942801714696956
NTvU9OQs.png,jawi,train,PNG,RGB,810,101,8902,False,1,,8.01980198019802,0.08181,0.8705048282606038
N8Bs9W3h.png,bali,train,PNG,RGB,1545,66,10397,False,1,,23.40909090909091,0.10197,0.8156908894772973
F53YDFQs.png,lontara,train,PNG,RGB,928,54,4209,False,1,,17.185185185185187,0.050112,0.6719348659003831
kFuOywWA.png,jawi,train,PNG,RGB,79,49,477,False,1,,1.6122448979591837,0.003871,0.9857917850684578
Z1un6yl6.png,lontara,train,PNG,RGB,937,47,3485,False,1,,19.93617021276596,0.044039,0.6330752287744953
jUXNviVX.png,jawi,train,PNG,RGB,956,83,5993,False,1,,11.518072289156626,0.079348,0.6042244290971417
mh4YpTLf.png,sunda,train,PNG,RGB,798,89,5036,False,1,,8.96629213483146,0.071022,0.5672608487510912
ozj6KCYP.png,bali,train,PNG,RGB,1377,71,9039,False,1,,19.3943661971831,0.097767,0.7396360735217404
1pFJnWNU.png,jawi,train,PNG,RGB,51,50,422,False,1,,1.02,0.00255,1.323921568627451
g6icPNYH.png,lontara,train,PNG,RGB,951,50,3988,False,1,,19.02,0.04755,0.6709568874868559
bGRWCsTu.png,jawa,train,PNG,RGB,825,82,6566,False,1,,10.060975609756097,0.06765,0.7764671101256467
dCSSepmf.png,bali,train,PNG,RGB,233,80,1847,False,1,,2.9125,0.01864,0.7927038626609442
V9zZHbxx.png,lontara,train,PNG,RGB,417,66,2354,False,1,,6.318181818181818,0.027522,0.6842525979216627
9RppdSnF.png,lontara,train,PNG,RGB,922,35,3829,False,1,,26.34285714285714,0.03227,0.9492407809110629
AOntxfbJ.png,pegon,train,PNG,RGB,185,170,5168,False,1,,1.088235294117647,0.03145,1.3145945945945945
UW8zRXPQ.png,jawi,train,PNG,RGB,453,53,3237,False,1,,8.547169811320755,0.024009,1.078595526677496
YapID8rH.png,jawa,train,PNG,RGB,566,57,61551,False,1,,9.929824561403509,0.032262,15.262785940115306
iLTzTF1l.png,jawi,train,PNG,RGB,118,83,1025,False,1,,1.4216867469879517,0.009794,0.8372472942617929
dqBT88Ps.png,jawi,train,PNG,RGB,23,33,266,False,1,,0.696969696969697,0.000759,2.80368906455863
UFE3w0yF.png,bali,train,PNG,RGB,1083,64,7866,False,1,,16.921875,0.069312,0.9078947368421053
FPktjVik.png,pegon,train,PNG,RGB,155,148,3305,False,1,,1.0472972972972974,0.02294,1.1525719267654753
ciJA1mjW.png,jawa,train,PNG,RGB,90,78,1160,False,1,,1.1538461538461537,0.00702,1.3219373219373218
t70ANyVM.png,bali,train,PNG,RGB,1370,70,10803,False,1,,19.571428571428573,0.0959,0.9011887382690302
wTOJkzj8.png,jawa,train,PNG,RGB,933,77,8065,False,1,,12.116883116883116,0.071841,0.898094402917554
NGSYgYgV.png,sunda,train,PNG,RGB,150,63,1263,False,1,,2.380952380952381,0.00945,1.0692063492063493
nxOWgGHf.jpg,bali,train,JPEG,RGB,259,194,9912,False,1,,1.3350515463917525,0.050246,1.5781554750626916
MzfJHQdz.png,lontara,train,PNG,RGB,940,53,4407,False,1,,17.735849056603772,0.04982,0.7076676033721397
mASmqPJv.png,jawi,train,PNG,RGB,216,61,1863,False,1,,3.540983606557377,0.013176,1.1311475409836065
FD30O9tB.png,jawa,train,PNG,RGB,1013,121,8110,False,1,,8.37190082644628,0.122573,0.5293172232057631
sntQGqx6.png,bali,train,PNG,RGB,121,75,1149,False,1,,1.6133333333333333,0.009075,1.012892561983471
iPc57tQw.png,jawi,train,PNG,RGB,956,64,5358,False,1,,14.9375,0.061184,0.7005753138075314
JlEpM3oC.png,bali,train,PNG,RGB,1352,66,10126,False,1,,20.484848484848484,0.089232,0.9078357539896001
nAkbUt21.png,jawi,train,PNG,RGB,66,53,605,False,1,,1.2452830188679245,0.003498,1.3836477987421383
j1hLG7kG.png,lampung,train,PNG,RGB,232,81,1769,False,1,,2.8641975308641974,0.018792,0.7530864197530864
Yk674FLr.png,sunda,train,PNG,RGB,44,54,376,False,1,,0.8148148148148148,0.002376,1.265993265993266
WswN2D8a.png,pegon,train,PNG,RGB,146,132,3147,False,1,,1.106060606060606,0.019272,1.3063511830635117
GjVx3hcd.png,pegon,train,PNG,RGB,169,161,4989,False,1,,1.049689440993789,0.027209,1.4668675805799551
AlMtohM9.jpg,jawi,train,JPEG,RGB,1088,1316,442749,False,1,"(96, 96)",0.8267477203647416,1.431808,2.473789781870195
i1j3gXwa.png,pegon,train,PNG,RGB,141,142,3076,False,1,,0.9929577464788732,0.020022,1.229048047148137
jxh6yxyy.jpg,lontara,train,JPEG,RGB,568,621,73202,False,1,"(350, 350)",0.9146537842190016,0.352728,1.660248123199746
ZzLibL3o.png,jawi,train,PNG,RGB,891,77,6002,False,1,,11.571428571428571,0.068607,0.6998702756278514
TT2py3po.png,jawa,train,PNG,RGB,917,73,7214,False,1,,12.561643835616438,0.066941,0.8621323254806471
tuGKcLTO.png,pegon,train,PNG,RGB,101,93,835,False,1,,1.086021505376344,0.009393,0.7111678909826467
ejB5lV79.png,jawa,train,PNG,RGB,591,71,74381,False,1,,8.32394366197183,0.041961,14.180977574414337
MQDWdzQd.png,jawi,train,PNG,RGB,23,28,270,False,1,,0.8214285714285714,0.000644,3.3540372670807455
lM3588zD.png,jawi,train,PNG,RGB,24,27,247,False,1,,0.8888888888888888,0.000648,3.049382716049383
jxxuZl8a.png,sunda,train,PNG,RGB,748,70,4383,False,1,,10.685714285714285,0.05236,0.6696715049656227
dsMBZPzT.png,sunda,train,PNG,RGB,166,58,1302,False,1,,2.8620689655172415,0.009628,1.0818446198587452
xXH0p0da.png,sunda,train,PNG,RGB,801,46,4278,False,1,,17.41304347826087,0.036846,0.9288389513108615
ODoFxn0s.png,jawa,train,PNG,RGB,879,60,5836,False,1,,14.65,0.05274,0.8852483883200607
LLZtcVWL.png,bali,train,PNG,RGB,317,76,2577,False,1,,4.171052631578948,0.024092,0.8557197409928607
xoBMTnSE.png,jawa,train,PNG,RGB,869,83,7230,False,1,,10.46987951807229,0.072127,0.8019188376058896
HC8XBClO.png,lampung,train,PNG,RGB,377,85,2792,False,1,,4.435294117647059,0.032045,0.6970198158839133
QpAYjE7a.png,bali,train,PNG,RGB,88,75,1141,False,1,,1.1733333333333333,0.0066,1.383030303030303
sA9afht9.png,jawa,train,PNG,RGB,497,75,8597,False,1,,6.626666666666667,0.037275,1.8450972501676728
p5adqFyu.png,sunda,train,PNG,RGB,834,78,4815,False,1,,10.692307692307692,0.065052,0.5921416712783619
BicxDosj.png,lontara,train,PNG,RGB,310,49,1654,False,1,,6.326530612244898,0.01519,0.8710994075049374
oteXEBir.png,pegon,train,PNG,RGB,148,133,3183,False,1,,1.112781954887218,0.019684,1.29363950416582
GWcehJAP.png,sunda,train,PNG,RGB,76,54,625,False,1,,1.4074074074074074,0.004104,1.2183235867446394
L3S94zx2.png,sunda,train,PNG,RGB,44,54,376,False,1,,0.8148148148148148,0.002376,1.265993265993266
AxZ5sTvi.png,jawa,train,PNG,RGB,677,96,5221,False,1,,7.052083333333333,0.064992,0.6426637124569178
pzzBFip4.png,jawi,train,PNG,RGB,269,65,931,False,1,,4.138461538461539,0.017485,0.42596511295396056
UZCz3Tc9.png,jawi,train,PNG,RGB,951,80,6846,False,1,,11.8875,0.07608,0.7198738170347003
Uwt2QK3l.png,jawi,train,PNG,RGB,806,90,9333,False,1,,8.955555555555556,0.07254,1.0292803970223325
snVEL8LD.png,bali,train,PNG,RGB,1412,59,8739,False,1,,23.93220338983051,0.083308,0.8391991165314255
l6Hef28r.png,jawi,train,PNG,RGB,91,62,817,False,1,,1.467741935483871,0.005642,1.1584544487770294
loTKHqLn.png,jawi,train,PNG,RGB,660,93,3866,False,1,,7.096774193548387,0.06138,0.5038774845226458
vdLe81Di.png,jawi,train,PNG,RGB,381,66,1008,False,1,,5.7727272727272725,0.025146,0.3206871868289191
WhdB3FSi.png,jawa,train,PNG,RGB,115,84,782,False,1,,1.369047619047619,0.00966,0.6476190476190476
XRspxxB1.png,jawi,train,PNG,RGB,828,80,7204,False,1,,10.35,0.06624,0.870048309178744
6IRZgMuD.png,lontara,train,PNG,RGB,805,58,3887,False,1,,13.879310344827585,0.04669,0.6660098522167488
nXqKCOKa.png,bali,train,PNG,RGB,1421,58,9623,False,1,,24.5,0.082418,0.934067800723143
Gx7JCcSL.png,jawi,train,PNG,RGB,266,55,1573,False,1,,4.836363636363636,0.01463,0.8601503759398497
f6fRApLW.png,sunda,train,PNG,RGB,44,54,379,False,1,,0.8148148148148148,0.002376,1.2760942760942762
EaGEhyHL.png,jawi,train,PNG,RGB,789,74,7062,False,1,,10.662162162162161,0.058386,0.9676292261843593
qZBSLty4.png,lontara,train,PNG,RGB,962,51,4120,False,1,,18.862745098039216,0.049062,0.6718030247442012
3gdGLyyS.png,bali,train,PNG,RGB,1409,64,9801,False,1,,22.015625,0.090176,0.8694996451383961
bRpq18iJ.png,jawi,train,PNG,RGB,807,73,8472,False,1,,11.054794520547945,0.058911,1.1504812344044406
lp1In676.jpg,lampung,train,JPEG,RGB,1000,370,38710,False,1,,2.7027027027027026,0.37,0.836972972972973
bo21nCpd.png,sunda,train,PNG,RGB,768,101,4697,False,1,,7.603960396039604,0.077568,0.48442656765676567
NA2mW6MM.png,sunda,train,PNG,RGB,71,54,602,False,1,,1.3148148148148149,0.003834,1.2561293688054251
FgzMhPjr.png,jawi,train,PNG,RGB,91,62,488,False,1,,1.467741935483871,0.005642,0.6919532080822404
DLSJox4o.png,jawa,train,PNG,RGB,108,90,1284,False,1,,1.2,0.00972,1.05679012345679
yu3XZe48.png,jawa,train,PNG,RGB,1012,61,8986,False,1,,16.59016393442623,0.061732,1.1645175921726172
rTnbMuPc.png,bali,train,PNG,RGB,135,65,1533,False,1,,2.076923076923077,0.008775,1.3976068376068376
s4uPNwXr.png,lontara,train,PNG,RGB,943,57,3675,False,1,,16.54385964912281,0.053751,0.54696656806385
ExoD4vP2.png,jawi,train,PNG,RGB,687,85,6358,False,1,,8.08235294117647,0.058395,0.8710334788937409
WGC3HdHJ.png,lontara,train,PNG,RGB,943,53,4199,False,1,,17.79245283018868,0.049979,0.6721222913623722
13j6YVfp.png,lontara,train,PNG,RGB,935,50,4020,False,1,,18.7,0.04675,0.6879144385026738
A4CGGZsR.png,jawi,train,PNG,RGB,155,102,1559,False,1,,1.5196078431372548,0.01581,0.7888678051865907
Qb0WFKYF.png,jawi,train,PNG,RGB,959,68,5566,False,1,,14.102941176470589,0.065212,0.6828191130466785
uBQ42CXJ.png,sunda,train,PNG,RGB,710,53,3838,False,1,,13.39622641509434,0.03763,0.8159447249534946
bmfAMvLs.png,pegon,train,PNG,RGB,103,98,1461,False,1,,1.0510204081632653,0.010094,1.1579155934218348
kTGitTTZ.png,jawa,train,PNG,RGB,592,91,16609,False,1,,6.5054945054945055,0.053872,2.4664389664389663
pbGKPZDB.png,lampung,train,PNG,RGB,325,110,3049,False,1,,2.9545454545454546,0.03575,0.6822937062937063
QosnQx0a.png,sunda,train,PNG,RGB,47,42,490,False,1,,1.119047619047619,0.001974,1.9858156028368794
A3amnqqs.jpg,lampung,train,JPEG,RGB,480,360,22894,False,1,,1.3333333333333333,0.1728,1.0599074074074073
gp4CQMwA.png,lontara,train,PNG,RGB,866,65,4577,False,1,,13.323076923076924,0.05629,0.6504885414816131
xuPX8psl.png,lontara,train,PNG,RGB,744,70,4937,False,1,,10.628571428571428,0.05208,0.7583717357910906
9cISqU3p.png,lampung,train,PNG,RGB,102,36,1096,False,1,,2.8333333333333335,0.003672,2.3877995642701526
3vUqiFim.png,jawi,train,PNG,RGB,389,60,3107,False,1,,6.483333333333333,0.02334,1.0649528706083975
lHph2mVk.png,sunda,train,PNG,RGB,136,56,1097,False,1,,2.4285714285714284,0.007616,1.1523109243697478
ZnCNUFWa.png,jawa,train,PNG,RGB,365,58,5837,False,1,,6.293103448275862,0.02117,2.205762871988663
ZAF7P4TS.png,lampung,train,PNG,RGB,678,48,2779,False,1,,14.125,0.032544,0.6831366764995084
adQMTd4d.png,jawi,train,PNG,RGB,804,80,7287,False,1,,10.05,0.06432,0.9063432835820896
M1LFLF2f.png,pegon,train,PNG,RGB,823,72,8626,False,1,,11.430555555555555,0.059256,1.1645740515728364
zJfN1IUl.png,sunda,train,PNG,RGB,77,44,633,False,1,,1.75,0.003388,1.4946871310507674
Uv3ZYkHU.png,lampung,train,PNG,RGB,250,40,1121,False,1,,6.25,0.01,0.8968
ZB89iX5O.png,jawa,train,PNG,RGB,914,65,5883,False,1,,14.061538461538461,0.05941,0.7921898670257532
HpJV9OF2.png,lampung,train,PNG,RGB,261,76,1615,False,1,,3.4342105263157894,0.019836,0.6513409961685823
2Eo65dbo.png,lontara,train,PNG,RGB,937,51,4232,False,1,,18.372549019607842,0.047787,0.708477200912382
mniEyr50.png,jawi,train,PNG,RGB,357,47,1925,False,1,,7.595744680851064,0.016779,0.917813934084272
Z2aYj4Mb.png,sunda,train,PNG,RGB,48,38,464,False,1,,1.263157894736842,0.001824,2.0350877192982457
lKFokYuI.png,jawa,train,PNG,RGB,573,53,4585,False,1,,10.81132075471698,0.030369,1.2078105963317858
DZlkHVVs.jpg,pegon,train,JPEG,RGB,878,460,147485,False,1,"(72, 72)",1.9086956521739131,0.40388,2.9213627810240665
UD0troHv.png,lontara,train,PNG,RGB,951,50,3937,False,1,,19.02,0.04755,0.6623764458464774
JDdQ8TGU.png,lontara,train,PNG,RGB,950,61,4174,False,1,,15.573770491803279,0.05795,0.576220880069025
HpHvsaNP.png,sunda,train,PNG,RGB,56,59,421,False,1,,0.9491525423728814,0.003304,1.0193704600484261
8hScNnfh.png,jawi,train,PNG,RGB,58,53,430,False,1,,1.0943396226415094,0.003074,1.1190631099544568
lJJD74rc.png,jawi,train,PNG,RGB,957,69,5399,False,1,,13.869565217391305,0.066033,0.6540971938273288
DXzY0DKg.png,jawa,train,PNG,RGB,967,88,8219,False,1,,10.988636363636363,0.085096,0.7726802669925731
SLBFk2LV.png,pegon,train,PNG,RGB,819,73,7869,False,1,,11.219178082191782,0.059787,1.0529379296502583
hl9Zkp1X.png,bali,train,PNG,RGB,607,64,4613,False,1,,9.484375,0.038848,0.9499588138385503
9dyJtrsn.png,lampung,train,PNG,RGB,522,44,1938,False,1,,11.863636363636363,0.022968,0.6750261233019854
EKZ2hjos.png,jawa,train,PNG,RGB,840,63,5375,False,1,,13.333333333333334,0.05292,0.8125472411186697
NWuOzl3e.png,pegon,train,PNG,RGB,196,175,4783,False,1,,1.12,0.0343,1.1155685131195334
gJaMXpFS.png,jawa,train,PNG,RGB,576,58,63341,False,1,,9.931034482758621,0.033408,15.16786398467433
IWDWEDhC.png,bali,train,PNG,RGB,140,79,1224,False,1,,1.7721518987341771,0.01106,0.8853526220614828
XW4QHkMM.png,sunda,train,PNG,RGB,702,76,3833,False,1,,9.236842105263158,0.053352,0.5747488379067326
v72v6rHz.png,jawa,train,PNG,RGB,999,122,8478,False,1,,8.188524590163935,0.121878,0.5564909171466549
ghORLgLJ.png,jawa,train,PNG,RGB,863,81,7876,False,1,,10.654320987654321,0.069903,0.9013633177402973
HWMpicqN.png,bali,train,PNG,RGB,1455,76,11039,False,1,,19.144736842105264,0.11058,0.7986254295532647
besjh4lI.png,bali,train,PNG,RGB,1410,64,9611,False,1,,22.03125,0.09024,0.8520390070921986
Kez87I4J.png,jawa,train,PNG,RGB,670,58,106901,False,1,,11.551724137931034,0.03886,22.007411219763252
t3Ym3TGY.png,bali,train,PNG,RGB,1414,68,10220,False,1,,20.794117647058822,0.096152,0.8503203261502621
IEjn8TEX.png,jawa,train,PNG,RGB,972,64,7850,False,1,,15.1875,0.062208,1.0095164609053497
RHtL6NXw.png,sunda,train,PNG,RGB,798,42,4330,False,1,,19.0,0.033516,1.0335362215061463
t2n4u99T.png,jawi,train,PNG,RGB,221,43,1134,False,1,,5.1395348837209305,0.009503,0.9546459012943281
YSDnjf8f.png,lampung,train,PNG,RGB,93,27,1096,False,1,,3.4444444444444446,0.002511,3.4918359219434487
zMOhEC7Z.png,lampung,train,PNG,RGB,130,37,1286,False,1,,3.5135135135135136,0.00481,2.138877338877339
689030ZS.png,sunda,train,PNG,RGB,60,55,550,False,1,,1.0909090909090908,0.0033,1.3333333333333333
MIUYemUt.png,jawa,train,PNG,RGB,912,87,8778,False,1,,10.482758620689655,0.079344,0.8850574712643678
JaRjy4g9.png,lampung,train,PNG,RGB,146,81,1317,False,1,,1.8024691358024691,0.011826,0.8909183155758498
yWw2jKLf.png,bali,train,PNG,RGB,1406,56,9634,False,1,,25.107142857142858,0.078736,0.978866084129242
sB5nwmQC.png,jawa,train,PNG,RGB,362,58,5523,False,1,,6.241379310344827,0.020996,2.1044008382549055
DAgTCtts.png,bali,train,PNG,RGB,1343,75,10015,False,1,,17.906666666666666,0.100725,0.7954331099528419
7fLvnG6h.png,jawi,train,PNG,RGB,33,32,268,False,1,,1.03125,0.001056,2.0303030303030303
gllNr3XG.png,jawa,train,PNG,RGB,606,88,14639,False,1,,6.886363636363637,0.053328,2.196069606960696
qHmc41kt.png,bali,train,PNG,RGB,1406,66,10963,False,1,,21.303030303030305,0.092796,0.9451269451269452
noOwJU2p.png,sunda,train,PNG,RGB,830,77,4849,False,1,,10.779220779220779,0.06391,0.6069785636050696
giNnvjGG.png,lampung,train,PNG,RGB,898,55,3466,False,1,,16.327272727272728,0.04939,0.5614091921441587
wDOeDUea.png,lontara,train,PNG,RGB,886,49,4062,False,1,,18.081632653061224,0.043414,0.7485143041415212
A8uMZawH.png,pegon,train,PNG,RGB,163,150,3408,False,1,,1.0866666666666667,0.02445,1.1150920245398772
mU0VIMOM.jpg,jawi,train,JPEG,RGB,750,469,479032,False,1,"(72.0, 72.0)",1.5991471215351811,0.35175,10.894828713574983
fIodXJ1R.png,pegon,train,PNG,RGB,377,83,3744,False,1,,4.542168674698795,0.031291,0.9572081429164936
qg0nD3g1.png,bali,train,PNG,RGB,206,80,1882,False,1,,2.575,0.01648,0.9135922330097087
MVI2eyba.png,jawa,train,PNG,RGB,985,61,7219,False,1,,16.147540983606557,0.060085,0.9611716734625947
c0vJ7SsN.png,lontara,train,PNG,RGB,900,49,3854,False,1,,18.367346938775512,0.0441,0.6991383219954649
IH4Uc93c.png,sunda,train,PNG,RGB,736,60,4176,False,1,,12.266666666666667,0.04416,0.7565217391304347
uqkPqX5q.png,jawa,train,PNG,RGB,933,52,6340,False,1,,17.942307692307693,0.048516,1.0454283123093413
zGBPIVsX.png,jawi,train,PNG,RGB,26,37,295,False,1,,0.7027027027027027,0.000962,2.453222453222453
veHvdin9.png,jawa,train,PNG,RGB,346,75,48812,False,1,,4.613333333333333,0.02595,15.048015414258188
ehQYMkng.png,bali,train,PNG,RGB,321,69,2424,False,1,,4.6521739130434785,0.022149,0.8755248543952323
muNHjvT1.png,jawi,train,PNG,RGB,291,64,1726,False,1,,4.546875,0.018624,0.7414089347079038
YB8a3Tvf.png,pegon,train,PNG,RGB,100,101,2017,False,1,,0.9900990099009901,0.0101,1.5976237623762377
VBXfIuQo.png,lampung,train,PNG,RGB,100,39,1610,False,1,,2.5641025641025643,0.0039,3.3025641025641024
Enpc8p6E.jpg,lampung,train,JPEG,RGB,300,228,14307,False,1,"(72.0, 72.0)",1.3157894736842106,0.0684,1.6733333333333333
ArLIuehv.png,pegon,train,PNG,RGB,1521,750,1058963,False,1,,2.028,1.14075,7.426433486741179
Hc6z8jIH.png,jawi,train,PNG,RGB,799,90,7778,False,1,,8.877777777777778,0.07191,0.8653038520372688
3uZ754oe.jpg,jawa,train,JPEG,RGB,1000,614,215820,False,1,"(72.0, 72.0)",1.6286644951140066,0.614,2.811986970684039
DOuAVBCT.png,jawa,train,PNG,RGB,932,51,5582,False,1,,18.274509803921568,0.047532,0.9394933939240933
niytSMhh.png,jawi,train,PNG,RGB,440,67,3913,False,1,,6.567164179104478,0.02948,1.0618724559023067
aoPT6i3l.png,jawa,train,PNG,RGB,107,87,1330,False,1,,1.2298850574712643,0.009309,1.1429799119132023
XZZuXKEY.png,bali,train,PNG,RGB,1420,66,10604,False,1,,21.515151515151516,0.09372,0.9051643192488263
nHpvpCBB.png,sunda,train,PNG,RGB,100,58,828,False,1,,1.7241379310344827,0.0058,1.1420689655172414
m121DOJC.png,jawa,train,PNG,RGB,573,57,60679,False,1,,10.052631578947368,0.032661,14.862741495973792
PsItOhnH.png,jawi,train,PNG,RGB,377,62,3001,False,1,,6.080645161290323,0.023374,1.027124155044066
NrSfvP0C.png,lontara,train,PNG,RGB,944,72,4826,False,1,,13.11111111111111,0.067968,0.5680320150659134
Y0PizvCj.png,jawi,train,PNG,RGB,114,76,1029,False,1,,1.5,0.008664,0.9501385041551247
RtVhw7WU.png,jawi,train,PNG,RGB,486,52,3413,False,1,,9.346153846153847,0.025272,1.0804051915163027
FMKU5Hon.png,lontara,train,PNG,RGB,942,52,4050,False,1,,18.115384615384617,0.048984,0.6614404703576678
Tm3dwYeQ.png,lontara,train,PNG,RGB,935,43,3900,False,1,,21.74418604651163,0.040205,0.7760228827260292
GmZ1gfCu.png,sunda,train,PNG,RGB,125,35,776,False,1,,3.5714285714285716,0.004375,1.4189714285714286
zpTONVp2.png,jawi,train,PNG,RGB,871,60,4446,False,1,,14.516666666666667,0.05226,0.6805970149253732
6JPcEjrb.png,sunda,train,PNG,RGB,68,42,628,False,1,,1.619047619047619,0.002856,1.7591036414565826
XxWkw905.png,lontara,train,PNG,RGB,964,72,4946,False,1,,13.38888888888889,0.069408,0.570078377132319
r3tGNzm6.jpg,jawa,train,JPEG,RGB,2834,1223,298266,False,1,"(240.0, 240.0)",2.3172526573998367,3.465982,0.688442121165084
fKyxPzrH.png,pegon,train,PNG,RGB,201,165,4495,False,1,,1.2181818181818183,0.033165,1.0842755917382783
V8n1dXSm.png,lampung,train,PNG,RGB,230,68,1760,False,1,,3.3823529411764706,0.01564,0.9002557544757033
TxG9PdgC.png,jawi,train,PNG,RGB,117,86,977,False,1,,1.3604651162790697,0.010062,0.7767839395746372
CU4SljdE.png,lontara,train,PNG,RGB,866,54,3549,False,1,,16.037037037037038,0.046764,0.607133692584039
GGMdDpgF.png,jawa,train,PNG,RGB,650,51,62664,False,1,,12.745098039215685,0.03315,15.122533936651584
PAWQTNXw.png,jawa,train,PNG,RGB,520,91,8571,False,1,,5.714285714285714,0.04732,1.4490278951817412
ET3InrVE.png,jawi,train,PNG,RGB,64,50,472,False,1,,1.28,0.0032,1.18
E9Tm3Fpb.png,jawi,train,PNG,RGB,817,78,8047,False,1,,10.474358974358974,0.063726,1.0101999184006527
doyUwjr8.png,pegon,train,PNG,RGB,145,127,3133,False,1,,1.141732283464567,0.018415,1.3610643497149064
6wUPvKhT.png,sunda,train,PNG,RGB,66,55,611,False,1,,1.2,0.00363,1.346556473829201
t3xloWkI.png,jawa,train,PNG,RGB,493,89,5030,False,1,,5.53932584269663,0.043877,0.9171091916038016
reK9JAqs.png,lontara,train,PNG,RGB,944,79,4764,False,1,,11.949367088607595,0.074576,0.5110491310877494
QBi4np6m.png,jawi,train,PNG,RGB,168,90,1490,False,1,,1.8666666666666667,0.01512,0.7883597883597884
pugriEKg.jpg,pegon,train,JPEG,RGB,768,768,266154,False,1,"(72, 72)",1.0,0.589824,3.6099446614583335
sneBuutJ.png,sunda,train,PNG,RGB,803,46,4772,False,1,,17.456521739130434,0.036938,1.0335156207699387
VA317cEJ.jpg,pegon,train,JPEG,RGB,677,453,57014,False,1,"(96, 96)",1.4944812362030906,0.306681,1.4872522262546424
wo76s5ii.png,pegon,train,PNG,RGB,150,138,2692,False,1,,1.0869565217391304,0.0207,1.0403864734299517
vtF71dpN.png,lampung,train,PNG,RGB,116,38,1240,False,1,,3.0526315789473686,0.004408,2.250453720508167
gGNLaVqC.png,jawi,train,PNG,RGB,802,84,7709,False,1,,9.547619047619047,0.067368,0.9154494715591972
fEIpVd4O.png,jawa,train,PNG,RGB,676,59,108024,False,1,,11.457627118644067,0.039884,21.667636144819976
eZChotVz.png,jawi,train,PNG,RGB,82,45,571,False,1,,1.8222222222222222,0.00369,1.237940379403794
EdHsJlgR.png,jawa,train,PNG,RGB,933,65,7162,False,1,,14.353846153846154,0.060645,0.9447769807898425
813ukdjO.png,pegon,train,PNG,RGB,140,142,3127,False,1,,0.9859154929577465,0.01988,1.2583501006036217
BLCK8n8x.png,jawi,train,PNG,RGB,205,56,1152,False,1,,3.6607142857142856,0.01148,0.802787456445993
W1C1YnzQ.png,jawi,train,PNG,RGB,518,68,2973,False,1,,7.617647058823529,0.035224,0.6752214399273223
91iDVf68.png,lampung,train,PNG,RGB,115,42,1692,False,1,,2.738095238095238,0.00483,2.8024844720496893
81j5zVEb.png,lampung,train,PNG,RGB,152,36,2779,False,1,,4.222222222222222,0.005472,4.062865497076023
mapjGkc3.png,bali,train,PNG,RGB,1447,56,8478,False,1,,25.839285714285715,0.081032,0.8370026656135847
JMxapaoo.png,lontara,train,PNG,RGB,1061,46,5512,False,1,,23.065217391304348,0.048806,0.9034954718682129
4nuIEMKJ.png,jawa,train,PNG,RGB,828,71,8032,False,1,,11.661971830985916,0.058788,1.0930121793563312
jtYjaI51.png,lampung,train,PNG,RGB,133,36,1986,False,1,,3.6944444444444446,0.004788,3.318295739348371
ydLzP6nj.png,lampung,train,PNG,RGB,126,37,1583,False,1,,3.4054054054054053,0.004662,2.7164307164307164
SBmp4ejo.png,jawi,train,PNG,RGB,210,75,1003,False,1,,2.8,0.01575,0.5094603174603175
WthKsRUl.png,lontara,train,PNG,RGB,748,56,3761,False,1,,13.357142857142858,0.041888,0.7182964094728801
DZTo0L77.png,lampung,train,PNG,RGB,151,40,2500,False,1,,3.775,0.00604,3.3112582781456954
OfSyjlyN.png,jawi,train,PNG,RGB,76,49,549,False,1,,1.5510204081632653,0.003724,1.17937701396348
NQ0U6894.png,jawi,train,PNG,RGB,271,60,1489,False,1,,4.516666666666667,0.01626,0.7325953259532595
VvWr2DRJ.jpg,pegon,train,JPEG,RGB,1280,720,47353,False,1,"(72, 72)",1.7777777777777777,0.9216,0.4110503472222222
Mzb4wZCZ.png,jawa,train,PNG,RGB,875,76,6655,False,1,,11.513157894736842,0.0665,0.8006015037593985
Qb6CW7sv.png,lontara,train,PNG,RGB,944,54,4623,False,1,,17.48148148148148,0.050976,0.725517890772128
v6kj867e.png,lampung,train,PNG,RGB,145,31,2139,False,1,,4.67741935483871,0.004495,3.806896551724138
SsWU9PM8.png,sunda,train,PNG,RGB,40,36,338,False,1,,1.1111111111111112,0.00144,1.8777777777777778
hgbUOPe3.png,sunda,train,PNG,RGB,67,39,595,False,1,,1.7179487179487178,0.002613,1.8216609261385381
sncIXO2l.png,lontara,train,PNG,RGB,868,51,4083,False,1,,17.019607843137255,0.044268,0.737869341284901
FjH55jbg.png,sunda,train,PNG,RGB,70,61,575,False,1,,1.1475409836065573,0.00427,1.0772833723653397
XOj8QBf5.png,bali,train,PNG,RGB,1371,54,8581,False,1,,25.38888888888889,0.074034,0.9272496420563525
qUOpSY2G.png,lampung,train,PNG,RGB,121,43,1395,False,1,,2.813953488372093,0.005203,2.1449163943878533
7i1dsQVN.png,pegon,train,PNG,RGB,146,137,2908,False,1,,1.0656934306569343,0.020002,1.163083691630837
fVa1V6Yb.png,jawa,train,PNG,RGB,950,79,18839,False,1,,12.025316455696203,0.07505,2.0081545636242506
BfCvYSjw.png,sunda,train,PNG,RGB,802,44,4594,False,1,,18.227272727272727,0.035288,1.0414871911131263
9TAbChoL.png,jawa,train,PNG,RGB,653,94,12862,False,1,,6.946808510638298,0.061382,1.676322048809097
rAElAId0.png,jawi,train,PNG,RGB,349,69,1933,False,1,,5.057971014492754,0.024081,0.6421660230056891
tvhWK7Hy.png,bali,train,PNG,RGB,1446,56,9519,False,1,,25.821428571428573,0.080976,0.9404267931238885
0HGBgMZi.png,jawi,train,PNG,RGB,442,73,3970,False,1,,6.054794520547945,0.032266,0.9843178578069794
gOonbitg.png,lontara,train,PNG,RGB,797,49,3803,False,1,,16.26530612244898,0.039053,0.7790438634675954
AWERVvHG.png,sunda,train,PNG,RGB,767,96,4434,False,1,,7.989583333333333,0.073632,0.4817470664928292
o3CxD95x.png,jawa,train,PNG,RGB,434,75,58168,False,1,,5.786666666666667,0.03255,14.296282642089094
eLBBW2QF.png,sunda,train,PNG,RGB,805,40,4408,False,1,,20.125,0.0322,1.0951552795031056
xNBTYUed.png,bali,train,PNG,RGB,1540,61,9662,False,1,,25.24590163934426,0.09394,0.8228230785607835
NvJjdbil.png,jawi,train,PNG,RGB,314,65,2473,False,1,,4.8307692307692305,0.02041,0.9693287604115629
kroxfm4S.png,lampung,train,PNG,RGB,143,36,1746,False,1,,3.9722222222222223,0.005148,2.7132867132867133
4FK8CmTj.png,jawa,train,PNG,RGB,648,81,10782,False,1,,8.0,0.052488,1.643347050754458
IjWB2eiN.png,jawi,train,PNG,RGB,635,67,3139,False,1,,9.477611940298507,0.042545,0.5902456222822894
VObY0cqk.jpg,pegon,train,JPEG,RGB,1967,1724,2052237,False,1,"(72, 72)",1.1409512761020881,3.391108,4.841454769355621
lzSevp4g.png,sunda,train,PNG,RGB,124,58,1034,False,1,,2.1379310344827585,0.007192,1.150166852057842
rfMDau6y.png,jawi,train,PNG,RGB,412,81,3071,False,1,,5.08641975308642,0.033372,0.7361860242119141
1n55t9rr.png,jawi,train,PNG,RGB,69,56,500,False,1,,1.2321428571428572,0.003864,1.0351966873706004
3xzUVc3u.png,sunda,train,PNG,RGB,162,59,1201,False,1,,2.7457627118644066,0.009558,1.0052312199204854
dwY5xOLe.png,lampung,train,PNG,RGB,199,85,1514,False,1,,2.3411764705882354,0.016915,0.7160508424475318
LDR67vYw.png,lampung,train,PNG,RGB,171,69,1178,False,1,,2.4782608695652173,0.011799,0.7987117552334944
d99PX5Ja.png,bali,train,PNG,RGB,358,57,2847,False,1,,6.280701754385965,0.020406,1.116142311084975
oIQUcmLf.png,jawi,train,PNG,RGB,838,94,4053,False,1,,8.914893617021276,0.078772,0.4116183415426801
PnJm72Pb.png,sunda,train,PNG,RGB,175,42,1079,False,1,,4.166666666666667,0.00735,1.174421768707483
58182AjM.png,sunda,train,PNG,RGB,55,56,456,False,1,,0.9821428571428571,0.00308,1.1844155844155844
rbX8udzi.png,lampung,train,PNG,RGB,73,31,872,False,1,,2.3548387096774195,0.002263,3.082633672116659
s6S2jmQV.png,sunda,train,PNG,RGB,50,55,483,False,1,,0.9090909090909091,0.00275,1.4050909090909092
2LT7SZwr.png,jawa,train,PNG,RGB,850,66,5088,False,1,,12.878787878787879,0.0561,0.7255614973262032
u2hfbgTK.png,jawa,train,PNG,RGB,912,76,8581,False,1,,12.0,0.069312,0.9904201292705448
VMP4kZ1O.png,jawi,train,PNG,RGB,805,80,8246,False,1,,10.0625,0.0644,1.0243478260869565
x3hDUkle.png,jawa,train,PNG,RGB,664,66,116197,False,1,,10.06060606060606,0.043824,21.211573566995252
UiPZ7edq.png,lontara,train,PNG,RGB,942,52,4018,False,1,,18.115384615384617,0.048984,0.6562142740486689
Ps8l8f2o.png,lontara,train,PNG,RGB,417,52,2052,False,1,,8.01923076923077,0.021684,0.7570558937465413
waNwx08C.png,bali,train,PNG,RGB,1412,57,9161,False,1,,24.771929824561404,0.080484,0.9105909249043288
yU3u4hYx.png,jawi,train,PNG,RGB,21,25,219,False,1,,0.84,0.000525,3.337142857142857
PfkSwejU.png,lontara,train,PNG,RGB,949,63,4219,False,1,,15.063492063492063,0.059787,0.56453744124977
3q0rYDno.png,pegon,train,PNG,RGB,140,137,2905,False,1,,1.0218978102189782,0.01918,1.2116788321167884
5yH82hWM.png,jawi,train,PNG,RGB,746,44,4282,False,1,,16.954545454545453,0.032824,1.043626614672191
bNohXPr9.png,jawi,train,PNG,RGB,266,69,1806,False,1,,3.8550724637681157,0.018354,0.7871853546910755
Y0M39Mof.png,lontara,train,PNG,RGB,999,58,4204,False,1,,17.224137931034484,0.057942,0.5804425114769942
QitMTWIs.png,sunda,train,PNG,RGB,788,75,5033,False,1,,10.506666666666666,0.0591,0.6812859560067682
3X5nVAVF.png,bali,train,PNG,RGB,1378,64,9802,False,1,,21.53125,0.088192,0.8891509433962265
9QkzJWYC.png,bali,train,PNG,RGB,864,864,21094,False,1,,1.0,0.746496,0.22605881344307271
G02HH7pZ.png,pegon,train,PNG,RGB,825,70,7816,False,1,,11.785714285714286,0.05775,1.0827359307359308
isCRUjsC.jpg,pegon,train,JPEG,RGB,1280,734,207280,False,1,"(72, 72)",1.7438692098092643,0.93952,1.7649863760217983
4i1G43sq.png,lontara,train,PNG,RGB,318,49,1561,False,1,,6.489795918367347,0.015582,0.8014375561545373
mMgmhdVW.png,lampung,train,PNG,RGB,55,34,755,False,1,,1.6176470588235294,0.00187,3.229946524064171
c1Ec9G4r.png,jawa,train,PNG,RGB,909,68,6624,False,1,,13.367647058823529,0.061812,0.8573092603377985
efuoz9rC.png,lampung,train,PNG,RGB,143,36,2231,False,1,,3.9722222222222223,0.005148,3.466977466977467
jfpGCWXC.png,bali,train,PNG,RGB,730,61,4835,False,1,,11.967213114754099,0.04453,0.8686278913092297
XFGzYUI3.png,sunda,train,PNG,RGB,775,67,4336,False,1,,11.567164179104477,0.051925,0.6680404429465575
lwSlyHKB.png,bali,train,PNG,RGB,161,74,1469,False,1,,2.175675675675676,0.011914,0.986402551619943
cJWdEO6y.png,jawi,train,PNG,RGB,851,59,4606,False,1,,14.423728813559322,0.050209,0.7338923300603477
ICgXhk2z.png,jawi,train,PNG,RGB,524,56,3191,False,1,,9.357142857142858,0.029344,0.8699563794983642
lwmeawxL.png,jawi,train,PNG,RGB,424,71,3524,False,1,,5.971830985915493,0.030104,0.9364868456019134
8LHeooKP.png,lampung,train,PNG,RGB,139,36,1637,False,1,,3.861111111111111,0.005004,2.6171063149480416
rEohqrKO.webp,jawa,train,WEBP,RGB,720,447,18402,False,1,,1.610738255033557,0.32184,0.45741983594332586
S7tOC4MU.png,sunda,train,PNG,RGB,790,72,5079,False,1,,10.972222222222221,0.05688,0.7143459915611814
tHJHoMuu.png,jawa,train,PNG,RGB,916,90,16060,False,1,,10.177777777777777,0.08244,1.5584667637069385
rAKwhp69.png,jawi,train,PNG,RGB,777,66,5882,False,1,,11.772727272727273,0.051282,0.9175929175929176
enryLTKQ.png,jawi,train,PNG,RGB,810,92,7147,False,1,,8.804347826086957,0.07452,0.7672571121846484
IpnJvcln.png,sunda,train,PNG,RGB,138,56,1153,False,1,,2.4642857142857144,0.007728,1.1935817805383022
B9Ev6phT.png,jawa,train,PNG,RGB,975,80,15959,False,1,,12.1875,0.078,1.6368205128205129
DUCMjwal.png,sunda,train,PNG,RGB,115,58,1109,False,1,,1.9827586206896552,0.00667,1.330134932533733
C5R3SyGp.png,jawi,train,PNG,RGB,49,266,1760,False,1,,0.18421052631578946,0.013034,1.0802516495319932
dK6iEJJq.png,jawi,train,PNG,RGB,155,45,865,False,1,,3.4444444444444446,0.006975,0.9921146953405018
SuJZx9d8.png,jawa,train,PNG,RGB,609,51,60666,False,1,,11.941176470588236,0.031059,15.626002124987926
hNYgGzjN.png,sunda,train,PNG,RGB,784,67,4361,False,1,,11.701492537313433,0.052528,0.664179104477612
mZIWU4zy.png,jawa,train,PNG,RGB,756,71,5731,False,1,,10.647887323943662,0.053676,0.8541620090915866
1JSBews8.png,sunda,train,PNG,RGB,150,44,959,False,1,,3.409090909090909,0.0066,1.1624242424242424
HT9wMEXb.png,jawi,train,PNG,RGB,62,55,441,False,1,,1.1272727272727272,0.00341,1.0346041055718476
BcbSC01R.png,pegon,train,PNG,RGB,149,115,2866,False,1,,1.2956521739130435,0.017135,1.3380799533119347
MCFLQnkE.png,jawi,train,PNG,RGB,79,66,604,False,1,,1.196969696969697,0.005214,0.9267357115458381
tj4d4a2b.png,bali,train,PNG,RGB,1350,64,9951,False,1,,21.09375,0.0864,0.9213888888888889
5h3w4knj.png,lampung,train,PNG,RGB,142,40,1746,False,1,,3.55,0.00568,2.4591549295774646
SUn6IPsc.png,jawi,train,PNG,RGB,302,69,1738,False,1,,4.3768115942028984,0.020838,0.6672425376715616
W7ysnf9R.png,lampung,train,PNG,RGB,262,73,1866,False,1,,3.589041095890411,0.019126,0.7805082087211126
i5hIEwfF.png,lampung,train,PNG,RGB,198,87,1372,False,1,,2.2758620689655173,0.017226,0.6371763613142923
JTmj62CD.png,jawa,train,PNG,RGB,816,77,6734,False,1,,10.597402597402597,0.062832,0.857397504456328
HyDq4gLc.png,sunda,train,PNG,RGB,695,78,4227,False,1,,8.91025641025641,0.05421,0.6237963475373547
CO7MjAIL.png,lampung,train,PNG,RGB,150,36,1937,False,1,,4.166666666666667,0.0054,2.8696296296296295
p42gQMNP.png,jawi,train,PNG,RGB,389,101,2063,False,1,,3.8514851485148514,0.039289,0.42006668533177227
e5PImHmm.png,jawi,train,PNG,RGB,80,47,573,False,1,,1.702127659574468,0.00376,1.2191489361702128
uuaxgu4e.png,jawa,train,PNG,RGB,662,78,135541,False,1,,8.487179487179487,0.051636,20.99945774266016
tzQwlTr6.png,sunda,train,PNG,RGB,35,35,350,False,1,,1.0,0.001225,2.2857142857142856
e5jpkL8J.png,lontara,train,PNG,RGB,951,40,3572,False,1,,23.775,0.03804,0.7512092534174553
H8tMgkXB.png,bali,train,PNG,P,700,663,63443,True,1,,1.0558069381598794,0.4641,1.0936091359620772
4pUEsJLt.png,jawi,train,PNG,RGB,802,78,8229,False,1,,10.282051282051283,0.062556,1.0523690773067331
z4DvRMD9.png,jawa,train,PNG,RGB,555,60,64806,False,1,,9.25,0.0333,15.56900900900901
mWyRE1Sg.png,lontara,train,PNG,RGB,944,54,4267,False,1,,17.48148148148148,0.050976,0.6696484620213434
Cqvfwf4R.png,bali,train,PNG,RGB,163,71,1472,False,1,,2.295774647887324,0.011573,1.0175408277888187
GPCSlj46.png,sunda,train,PNG,RGB,157,54,1190,False,1,,2.9074074074074074,0.008478,1.1229063458362822
CTc2ysIM.png,jawa,train,PNG,RGB,944,91,8403,False,1,,10.373626373626374,0.085904,0.7825479605140622
euTF4xwC.png,bali,train,PNG,RGB,1329,73,9930,False,1,,18.205479452054796,0.097017,0.818825566653267
1bvvJU62.png,jawi,train,PNG,RGB,277,41,1333,False,1,,6.7560975609756095,0.011357,0.9389803645328872
8J6Ym4G0.png,sunda,train,PNG,RGB,55,44,515,False,1,,1.25,0.00242,1.7024793388429753
jQ74LL0S.png,bali,train,PNG,RGB,1123,61,8178,False,1,,18.40983606557377,0.068503,0.9550530633694875
RQ3Do173.png,jawi,train,PNG,RGB,794,81,7187,False,1,,9.802469135802468,0.064314,0.8939888671206891
JkcwfeWb.jpg,pegon,train,JPEG,RGB,300,445,87822,False,1,,0.6741573033707865,0.1335,5.262741573033708
SaqEWIzW.png,jawa,train,PNG,RGB,134,70,943,False,1,,1.9142857142857144,0.00938,0.8042643923240939
xvtN14dZ.png,pegon,train,PNG,RGB,77,73,1089,False,1,,1.0547945205479452,0.005621,1.5499021526418786
4stMTrft.png,lampung,train,PNG,RGB,132,36,1947,False,1,,3.6666666666666665,0.004752,3.2777777777777777
xi9fIoRJ.png,lontara,train,PNG,RGB,938,56,4115,False,1,,16.75,0.052528,0.6267133719159306
nMLICxfk.png,sunda,train,PNG,RGB,76,55,631,False,1,,1.3818181818181818,0.00418,1.2076555023923445
JK5pBo2y.png,jawa,train,PNG,RGB,363,71,6631,False,1,,5.112676056338028,0.025773,2.058278042913126
fVXal26M.png,jawa,train,PNG,RGB,322,72,44262,False,1,,4.472222222222222,0.023184,15.273291925465838
9q9sIyuH.png,pegon,train,PNG,RGB,153,141,3448,False,1,,1.0851063829787233,0.021573,1.2786353312010383
1NivQZuR.png,pegon,train,PNG,RGB,140,128,2983,False,1,,1.09375,0.01792,1.3316964285714286
hAjRbN7U.png,jawi,train,PNG,RGB,828,78,7023,False,1,,10.615384615384615,0.064584,0.8699368264585656
Vz9CR2D3.png,lampung,train,PNG,RGB,141,35,2395,False,1,,4.0285714285714285,0.004935,3.8824721377912867
HgaBLlL0.png,bali,train,PNG,RGB,95,68,1030,False,1,,1.3970588235294117,0.00646,1.2755417956656347
e27L4JOG.png,sunda,train,PNG,RGB,798,83,4442,False,1,,9.614457831325302,0.066234,0.53652202796147
MlAOALyQ.png,lampung,train,PNG,RGB,150,43,1934,False,1,,3.488372093023256,0.00645,2.3987596899224806
Zy41dldG.png,sunda,train,PNG,RGB,201,46,1399,False,1,,4.369565217391305,0.009246,1.2104693921695868
4H561G4W.png,lampung,train,PNG,RGB,125,38,1628,False,1,,3.289473684210526,0.00475,2.7418947368421054
PHU3SvOb.png,sunda,train,PNG,RGB,54,43,532,False,1,,1.255813953488372,0.002322,1.8329026701119724
UDm5xGdt.png,bali,train,PNG,RGB,222,79,2135,False,1,,2.810126582278481,0.017538,0.973885277682746
xJG58zZU.png,jawa,train,PNG,RGB,645,83,11355,False,1,,7.771084337349397,0.053535,1.696833847015971
EUiThoUh.png,sunda,train,PNG,RGB,39,41,410,False,1,,0.9512195121951219,0.001599,2.051282051282051
rSwsKzlb.png,jawa,train,PNG,RGB,840,79,6344,False,1,,10.632911392405063,0.06636,0.764798071127185
28fqC0L3.png,jawa,train,PNG,RGB,864,62,6938,False,1,,13.935483870967742,0.053568,1.0361409796893668
YqlhtZfg.png,jawa,train,PNG,RGB,907,101,21662,False,1,,8.98019801980198,0.091607,1.891733164496163
o5UgfV0P.png,lontara,train,PNG,RGB,869,38,3426,False,1,,22.86842105263158,0.033022,0.8299921264611471
DHT1x9LC.png,lampung,train,PNG,RGB,136,43,1880,False,1,,3.1627906976744184,0.005848,2.5718194254445965
pCu64Vtj.png,jawi,train,PNG,RGB,163,42,867,False,1,,3.880952380952381,0.006846,1.0131463628396145
vV9jBUYX.png,sunda,train,PNG,RGB,151,61,1278,False,1,,2.4754098360655736,0.009211,1.109977201172511
NEpfPr4u.png,jawa,train,PNG,RGB,855,84,7658,False,1,,10.178571428571429,0.07182,0.8530214424951267
sXydQMIE.png,bali,train,PNG,RGB,1406,56,8775,False,1,,25.107142857142858,0.078736,0.8915870757976021
PSMXQz4m.png,sunda,train,PNG,RGB,112,48,823,False,1,,2.3333333333333335,0.005376,1.224702380952381
cMUAQxep.png,jawi,train,PNG,RGB,795,83,7622,False,1,,9.578313253012048,0.065985,0.9240888080624384
Te10B6v8.png,lontara,train,PNG,RGB,944,71,4017,False,1,,13.295774647887324,0.067024,0.47947004058247794
BERE0as8.png,bali,train,PNG,RGB,491,73,4533,False,1,,6.726027397260274,0.035843,1.0117456686103283
FFMjOCYD.png,jawa,train,PNG,RGB,108,46,1014,False,1,,2.347826086956522,0.004968,1.6328502415458936
tNiWpROS.png,jawi,train,PNG,RGB,20,33,221,False,1,,0.6060606060606061,0.00066,2.6787878787878787
LjhafstK.png,jawi,train,PNG,RGB,379,59,2761,False,1,,6.423728813559322,0.022361,0.9877912436831984
8qi9zHQz.png,lontara,train,PNG,RGB,949,56,4050,False,1,,16.946428571428573,0.053144,0.6096643082944453
oUA794fA.png,lontara,train,PNG,RGB,556,45,2455,False,1,,12.355555555555556,0.02502,0.7849720223820943
7tjVT2Zm.png,bali,train,PNG,RGB,1418,61,9325,False,1,,23.24590163934426,0.086498,0.8624476866517145
YYxkJNJJ.png,pegon,train,PNG,RGB,100,115,1062,False,1,,0.8695652173913043,0.0115,0.7387826086956522
PlXVgLO8.png,jawa,train,PNG,RGB,451,59,49609,False,1,,7.6440677966101696,0.026609,14.914953587132173
U1WtLnQL.png,lontara,train,PNG,RGB,967,45,4412,False,1,,21.488888888888887,0.043515,0.8111226014018155
MM5YfLRS.png,bali,train,PNG,RGB,155,51,1400,False,1,,3.0392156862745097,0.007905,1.4168247944339025
yTAKomBD.png,jawi,train,PNG,RGB,30,34,323,False,1,,0.8823529411764706,0.00102,2.533333333333333
1nvsGp1f.png,sunda,train,PNG,RGB,44,54,412,False,1,,0.8148148148148148,0.002376,1.387205387205387
TgrfwfwN.png,jawi,train,PNG,RGB,800,71,7541,False,1,,11.267605633802816,0.0568,1.062112676056338
zxKGCs1x.png,jawa,train,PNG,RGB,940,71,8082,False,1,,13.23943661971831,0.06674,0.9687743482169613
yXw0zdtp.png,sunda,train,PNG,RGB,702,41,3814,False,1,,17.121951219512194,0.028782,1.0601070113265236
2U2POJNT.png,jawa,train,PNG,RGB,657,65,111067,False,1,,10.107692307692307,0.042705,20.806369277602155
dIZFKnEx.png,jawa,train,PNG,RGB,992,128,10185,False,1,,7.75,0.126976,0.6416960685483871
TDVNSM0O.png,pegon,train,PNG,RGB,102,92,1583,False,1,,1.108695652173913,0.009384,1.3495311167945439
lQ2W2RnL.png,lontara,train,PNG,RGB,945,54,4267,False,1,,17.5,0.05103,0.6689398393102097
Al6UyVrB.png,jawa,train,PNG,RGB,926,101,23676,False,1,,9.168316831683168,0.093526,2.0251908560186473
ekE0b395.png,lampung,train,PNG,RGB,96,38,1288,False,1,,2.526315789473684,0.003648,2.824561403508772
EuAQeVvQ.png,jawi,train,PNG,RGB,379,75,4013,False,1,,5.053333333333334,0.028425,1.1294283201407211
OwsprBiF.png,lampung,train,PNG,RGB,90,44,1235,False,1,,2.0454545454545454,0.00396,2.494949494949495
dkWqc4sO.png,lontara,train,PNG,RGB,933,45,4063,False,1,,20.733333333333334,0.041985,0.7741812552101941
zGLavGQo.png,bali,train,PNG,RGB,88,71,982,False,1,,1.2394366197183098,0.006248,1.2573623559539053
eo8lobTE.png,sunda,train,PNG,RGB,733,76,4120,False,1,,9.644736842105264,0.055708,0.5916564945788756
6VcJt3f4.png,sunda,train,PNG,RGB,186,44,1197,False,1,,4.2272727272727275,0.008184,1.1700879765395895
V8oCxQAo.png,sunda,train,PNG,RGB,125,50,951,False,1,,2.5,0.00625,1.21728
Ce520dWW.png,sunda,train,PNG,RGB,133,56,1139,False,1,,2.375,0.007448,1.2234156820622986
lHogjzRw.png,pegon,train,PNG,RGB,884,69,7686,False,1,,12.81159420289855,0.060996,1.0080661026952586
Sq4mQMmX.webp,lampung,train,WEBP,RGB,500,281,15388,False,1,,1.7793594306049823,0.1405,0.8761850533807829
wtaEU6Uv.png,lampung,train,PNG,RGB,113,31,1629,False,1,,3.6451612903225805,0.003503,3.72023979446189
ARZUedyw.png,bali,train,PNG,RGB,1420,71,10233,False,1,,20.0,0.10082,0.8119817496528466
YLiWKUyc.png,sunda,train,PNG,RGB,54,61,504,False,1,,0.8852459016393442,0.003294,1.2240437158469946
dEu2ebLU.png,sunda,train,PNG,RGB,90,42,723,False,1,,2.142857142857143,0.00378,1.53015873015873
mUmJ1MqY.png,bali,train,PNG,RGB,1514,74,10934,False,1,,20.45945945945946,0.112036,0.7807490449498375
HUutsxXm.png,lontara,train,PNG,RGB,925,49,4006,False,1,,18.877551020408163,0.045325,0.7070711527854385
aJ8Hrad5.png,jawi,train,PNG,RGB,635,67,5281,False,1,,9.477611940298507,0.042545,0.9930191561875661
gXHh9d8H.png,lampung,train,PNG,RGB,106,42,1044,False,1,,2.5238095238095237,0.004452,1.876010781671159
DY7jFAuq.png,lampung,train,PNG,RGB,304,79,2378,False,1,,3.848101265822785,0.024016,0.7921385742838108
aZHluZQx.png,sunda,train,PNG,RGB,177,41,1235,False,1,,4.317073170731708,0.007257,1.3614441229158054
JRUxainu.png,jawa,train,PNG,RGB,883,79,6468,False,1,,11.177215189873417,0.069757,0.7417750189945095
N5u0LgNa.png,jawa,train,PNG,RGB,867,61,7305,False,1,,14.21311475409836,0.052887,1.1049974473878268
Z3qfTLuM.png,lontara,train,PNG,RGB,944,63,4483,False,1,,14.984126984126984,0.059472,0.6030400860909335
NuBSFCk1.png,jawi,train,PNG,RGB,93,54,768,False,1,,1.7222222222222223,0.005022,1.2234169653524491
gq5Unoa5.png,lampung,train,PNG,RGB,905,48,3395,False,1,,18.854166666666668,0.04344,0.6252302025782689
Q9QSTUAS.png,sunda,train,PNG,RGB,156,145,2459,False,1,,1.0758620689655172,0.02262,0.8696728558797524
A93FW33J.png,sunda,train,PNG,RGB,820,62,4423,False,1,,13.225806451612904,0.05084,0.6959874114870181
VHx1ThVN.png,bali,train,PNG,RGB,1379,56,8519,False,1,,24.625,0.077224,0.8825235678027556
Z9bnsKFs.png,jawi,train,PNG,RGB,375,71,3554,False,1,,5.28169014084507,0.026625,1.067868544600939
PqaMUUjb.png,jawi,train,PNG,RGB,470,65,2824,False,1,,7.230769230769231,0.03055,0.7395090016366612
ck90bB1F.png,bali,train,PNG,RGB,1376,63,9820,False,1,,21.841269841269842,0.086688,0.9062384643779993
TQWzZV5A.png,lampung,train,PNG,RGB,153,36,2079,False,1,,4.25,0.005508,3.019607843137255
piR9UOHA.png,lontara,train,PNG,RGB,935,56,4533,False,1,,16.696428571428573,0.05236,0.6925897631779985
6QM0u66S.png,jawa,train,PNG,RGB,851,59,5812,False,1,,14.423728813559322,0.050209,0.9260491147005517
mnZkuvMo.png,sunda,train,PNG,RGB,79,55,770,False,1,,1.4363636363636363,0.004345,1.4177215189873418
Tkbr7Rrn.png,jawi,train,PNG,RGB,45,53,521,False,1,,0.8490566037735849,0.002385,1.7475890985324947
GnHo3paa.png,bali,train,PNG,RGB,1416,77,10562,False,1,,18.38961038961039,0.109032,0.7749651478465038
nGDscQIw.png,jawi,train,PNG,RGB,103,67,1023,False,1,,1.537313432835821,0.006901,1.185915084770323
alGxFTl1.png,jawa,train,PNG,RGB,1007,81,8466,False,1,,12.432098765432098,0.081567,0.8303357975651918
89fAKwrw.png,jawi,train,PNG,RGB,896,61,4959,False,1,,14.688524590163935,0.054656,0.7258489461358314
XKaUg4E5.png,lampung,train,PNG,RGB,226,86,1881,False,1,,2.627906976744186,0.019436,0.7742333813541881
X5YNKDzJ.png,lontara,train,PNG,RGB,920,50,4054,False,1,,18.4,0.046,0.7050434782608695
os7xl0Fv.png,jawi,train,PNG,RGB,792,78,7134,False,1,,10.153846153846153,0.061776,0.9238539238539238
bObwH7Dz.png,bali,train,PNG,RGB,605,71,4589,False,1,,8.52112676056338,0.042955,0.8546618554301013
52YyGz3b.png,jawi,train,PNG,RGB,356,63,2770,False,1,,5.650793650793651,0.022428,0.9880506509719993
Cx5C6rnG.png,lontara,train,PNG,RGB,895,47,3877,False,1,,19.04255319148936,0.042065,0.7373350766670629
sYlUZjB3.png,jawa,train,PNG,RGB,923,83,7161,False,1,,11.120481927710843,0.076609,0.7477972561970526
lyRKrF1d.jpg,jawi,train,JPEG,RGB,1200,1690,199240,False,1,"(72.0, 72.0)",0.7100591715976331,2.028,0.785956607495069
18Yut8y2.jpg,sunda,train,JPEG,RGB,712,712,33562,False,1,"(72, 72)",1.0,0.506944,0.5296364095442495
mS2kZ8fi.jpg,bali,train,JPEG,RGB,668,375,22126,False,1,,1.7813333333333334,0.2505,0.70661876247505
iKqu9Zk2.png,bali,train,PNG,RGB,1314,61,8693,False,1,,21.540983606557376,0.080154,0.8676298126107244
J8W3QqUw.png,jawa,train,PNG,RGB,902,67,6395,False,1,,13.462686567164178,0.060434,0.8465433365324155
fcrD55W3.png,pegon,train,PNG,RGB,112,119,1151,False,1,,0.9411764705882353,0.013328,0.6908763505402161
efhK1O6d.png,sunda,train,PNG,RGB,316,42,1625,False,1,,7.523809523809524,0.013272,0.9795057263411694
3lMV2c96.png,lampung,train,PNG,RGB,214,104,2203,False,1,,2.0576923076923075,0.022256,0.7918763479511143
Mrlqg2m9.png,sunda,train,PNG,RGB,164,146,1816,False,1,,1.1232876712328768,0.023944,0.606749081189442
Utnn2nU3.png,jawi,train,PNG,RGB,795,87,9036,False,1,,9.137931034482758,0.069165,1.045152895250488
QwEtEpis.png,sunda,train,PNG,RGB,115,47,842,False,1,,2.4468085106382977,0.005405,1.2462534690101759
DuLkxDKT.png,sunda,train,PNG,RGB,254,44,1677,False,1,,5.7727272727272725,0.011176,1.2004294917680745
UkKZoDie.png,sunda,train,PNG,RGB,50,47,478,False,1,,1.0638297872340425,0.00235,1.6272340425531915
bfve1nyr.png,jawa,train,PNG,RGB,622,71,78140,False,1,,8.76056338028169,0.044162,14.15515601648476
546GB4iY.png,jawi,train,PNG,RGB,280,86,2188,False,1,,3.255813953488372,0.02408,0.7269102990033223
e0JdedYV.png,sunda,train,PNG,RGB,114,55,1044,False,1,,2.0727272727272728,0.00627,1.3320574162679426
XzBQcFhv.png,lontara,train,PNG,RGB,789,49,3942,False,1,,16.102040816326532,0.038661,0.8157057499806006
PBhcre2J.png,sunda,train,PNG,RGB,827,68,4844,False,1,,12.161764705882353,0.056236,0.6890959527704673
AJTtyGzl.png,bali,train,PNG,RGB,1474,67,10313,False,1,,22.0,0.098758,0.8354158650438446
CkinVxQR.png,jawi,train,PNG,RGB,30,45,306,False,1,,0.6666666666666666,0.00135,1.8133333333333332
ucv8CliR.png,lontara,train,PNG,RGB,894,70,6431,False,1,,12.771428571428572,0.06258,0.8221156919143496
60AwM4Fq.png,lampung,train,PNG,RGB,144,36,1978,False,1,,4.0,0.005184,3.052469135802469
G0WG42Z7.png,jawi,train,PNG,RGB,373,71,3796,False,1,,5.253521126760563,0.026483,1.1466978816599327
eIJIhThP.png,lampung,train,PNG,RGB,248,83,1465,False,1,,2.9879518072289155,0.020584,0.569374271278663
ffhLfjKO.png,pegon,train,PNG,RGB,160,155,4308,False,1,,1.032258064516129,0.0248,1.3896774193548387
3bpczjwB.png,bali,train,PNG,RGB,1407,61,9346,False,1,,23.065573770491802,0.085827,0.8711477740105095
DogN51xa.png,bali,train,PNG,RGB,287,76,2762,False,1,,3.776315789473684,0.021812,1.0130203557674675
jNUg0YNa.png,jawa,train,PNG,RGB,224,224,42967,False,1,"(71.9836, 71.9836)",1.0,0.050176,6.850605867346939
J4yyn8Uy.png,lontara,train,PNG,RGB,942,43,3806,False,1,,21.906976744186046,0.040506,0.7516911074902484
9JVC1D5e.png,lampung,train,PNG,RGB,117,32,2059,False,1,,3.65625,0.003744,4.39957264957265
2LAPeXU6.png,bali,train,PNG,RGB,1503,69,10825,False,1,,21.782608695652176,0.103707,0.8350448860732641
gBQkfb30.png,lampung,train,PNG,RGB,107,42,1035,False,1,,2.5476190476190474,0.004494,1.842456608811749
J5rUUjOm.jpg,lontara,train,JPEG,RGB,2764,1849,1007295,False,1,"(72.0, 72.0)",1.494862087614927,5.110636,1.57678222436503
Bpn0oyj0.png,sunda,train,PNG,RGB,208,42,1354,False,1,,4.9523809523809526,0.008736,1.23992673992674
faBe59h8.png,bali,train,PNG,RGB,1375,61,9101,False,1,,22.540983606557376,0.083875,0.868053651266766
EZnncUmP.png,jawi,train,PNG,RGB,312,49,1702,False,1,,6.36734693877551,0.015288,0.8906331763474621
JoyPHY0u.png,sunda,train,PNG,RGB,66,43,554,False,1,,1.5348837209302326,0.002838,1.561663143058492
nE0aVbtl.png,lampung,train,PNG,RGB,108,32,1163,False,1,,3.375,0.003456,2.6921296296296298
MM5OEUAz.png,jawa,train,PNG,RGB,653,78,4893,False,1,,8.371794871794872,0.050934,0.7685239721993168
qGn7QPCU.png,jawi,train,PNG,RGB,955,61,5597,False,1,,15.655737704918034,0.058255,0.7686207192515664
HaUlrvvF.png,jawi,train,PNG,RGB,796,80,8368,False,1,,9.95,0.06368,1.0512562814070352
pEWd14x1.png,lontara,train,PNG,RGB,940,56,3875,False,1,,16.785714285714285,0.05264,0.5889057750759878
an8cmqqQ.png,sunda,train,PNG,RGB,160,41,1100,False,1,,3.902439024390244,0.00656,1.3414634146341464
qSLfCNmA.png,lontara,train,PNG,RGB,940,56,3732,False,1,,16.785714285714285,0.05264,0.5671732522796352
fIvgHf9F.png,bali,train,PNG,RGB,779,61,6067,False,1,,12.770491803278688,0.047519,1.0214019655295776
x6wTnu5I.png,jawa,train,PNG,RGB,963,86,8761,False,1,,11.19767441860465,0.082818,0.8462894539834336
4rHLRpkN.png,jawi,train,PNG,RGB,635,70,1739,False,1,,9.071428571428571,0.04445,0.3129808773903262
0RK4QIII.png,sunda,train,PNG,RGB,803,49,4507,False,1,,16.387755102040817,0.039347,0.9163595699799222
6p9QQQlc.png,jawa,train,PNG,RGB,284,69,5519,False,1,,4.115942028985507,0.019596,2.2531128801796285
jwXtZIPo.png,lampung,train,PNG,RGB,130,31,1845,False,1,,4.193548387096774,0.00403,3.662531017369727
zKqnFX4q.png,jawi,train,PNG,RGB,608,73,3616,False,1,,8.32876712328767,0.044384,0.6517664023071377
3fGkBXmy.png,lontara,train,PNG,RGB,789,63,4036,False,1,,12.523809523809524,0.049707,0.649566459452391
Jfg0aDbA.png,jawa,train,PNG,RGB,699,65,10933,False,1,,10.753846153846155,0.045435,1.925035765379113
BeLlmsS0.png,lontara,train,PNG,RGB,956,39,4068,False,1,,24.512820512820515,0.037284,0.8728677180560026
Tl6cNjSQ.png,jawa,train,PNG,RGB,686,104,21413,False,1,,6.596153846153846,0.071344,2.401098901098901
RLBx5V6t.png,jawi,train,PNG,RGB,57,32,462,False,1,,1.78125,0.001824,2.026315789473684
FDWa713g.png,bali,train,PNG,RGB,1411,56,9376,False,1,,25.196428571428573,0.079016,0.949276095980561
PzgGMHjn.png,lampung,train,PNG,RGB,127,31,1568,False,1,,4.096774193548387,0.003937,3.186182372364745
QVFqAlMn.png,jawa,train,PNG,RGB,877,81,6872,False,1,,10.82716049382716,0.071037,0.7739065557385588
0RY4v3Mr.png,lontara,train,PNG,RGB,869,70,5494,False,1,,12.414285714285715,0.06083,0.7225382212723985
RTuj33f0.png,lontara,train,PNG,RGB,956,54,4614,False,1,,17.703703703703702,0.051624,0.7150162715016272
mMIK1gKF.png,lampung,train,PNG,RGB,117,37,1357,False,1,,3.1621621621621623,0.004329,2.507738507738508
Bgc5xcQB.png,sunda,train,PNG,RGB,130,65,1055,False,1,,2.0,0.00845,0.9988165680473373
WnSMMACr.png,lontara,train,PNG,RGB,895,70,5896,False,1,,12.785714285714286,0.06265,0.7528810853950518
N04h00pJ.png,bali,train,PNG,RGB,97,83,1102,False,1,,1.1686746987951808,0.008051,1.0950192522667992
7QKZu7RS.png,jawa,train,PNG,RGB,335,43,30401,False,1,,7.790697674418604,0.014405,16.883582089552238
3e0GxUY3.png,jawa,train,PNG,RGB,975,73,15315,False,1,,13.356164383561644,0.071175,1.721390937829294
t0F530i0.png,sunda,train,PNG,RGB,198,142,3364,False,1,,1.3943661971830985,0.028116,0.9571774078816332
LbdIIDPH.png,bali,train,PNG,RGB,1200,700,228827,False,1,,1.7142857142857142,0.84,2.179304761904762
eC8CLh5p.png,lontara,train,PNG,RGB,950,56,4284,False,1,,16.964285714285715,0.0532,0.6442105263157895
rYnAsYKa.png,bali,train,PNG,RGB,1370,56,8874,False,1,,24.464285714285715,0.07672,0.9253388946819604
5iijQVjv.png,jawi,train,PNG,RGB,287,53,1631,False,1,,5.415094339622642,0.015211,0.8578002761159687
WC3LEzxB.png,jawi,train,PNG,RGB,202,50,1267,False,1,,4.04,0.0101,1.0035643564356436
t6C5Fe4r.png,jawa,train,PNG,RGB,616,81,7656,False,1,,7.604938271604938,0.049896,1.2275132275132274
iogukONZ.png,lampung,train,PNG,RGB,147,42,2462,False,1,,3.5,0.006174,3.190152251376741
wST3apPG.png,jawi,train,PNG,RGB,66,41,499,False,1,,1.6097560975609757,0.002706,1.4752402069475241
CCi8M4Wp.png,sunda,train,PNG,RGB,779,70,5150,False,1,,11.128571428571428,0.05453,0.7555474050981111
2U2FBMI8.png,lampung,train,PNG,RGB,92,44,564,False,1,,2.090909090909091,0.004048,1.1146245059288538
8Qd3qGTa.png,lampung,train,PNG,RGB,138,42,1934,False,1,,3.2857142857142856,0.005796,2.6694271911663217
OnISjH4b.png,bali,train,PNG,RGB,1518,61,10952,False,1,,24.885245901639344,0.092598,0.9461975420635435
FLAbYenf.png,jawa,train,PNG,RGB,855,68,7621,False,1,,12.573529411764707,0.05814,1.0486412108703131
8P0TpN1l.png,sunda,train,PNG,RGB,309,74,2048,False,1,,4.175675675675675,0.022866,0.7165223475903088
OQAQhy3X.png,bali,train,PNG,RGB,101,57,806,False,1,,1.7719298245614035,0.005757,1.1200277922529096
M8gaGQlP.png,jawi,train,PNG,RGB,798,93,7551,False,1,,8.580645161290322,0.074214,0.813970409895707
vIX9hIjR.jpg,pegon,train,JPEG,RGB,640,462,45408,False,1,,1.3852813852813852,0.29568,1.2285714285714286
HQviYMaE.png,pegon,train,PNG,RGB,174,151,3644,False,1,,1.1523178807947019,0.026274,1.1095379462586588
Kfm4fv4c.png,sunda,train,PNG,RGB,72,55,682,False,1,,1.309090909090909,0.00396,1.3777777777777778
DpQEXWZJ.png,jawa,train,PNG,RGB,677,81,11860,False,1,,8.358024691358025,0.054837,1.7302186479931434
sHDzG055.png,jawa,train,PNG,RGB,749,91,6446,False,1,,8.23076923076923,0.068159,0.7565838700685162
Dd7xWbLY.png,jawi,train,PNG,RGB,87,51,725,False,1,,1.7058823529411764,0.004437,1.3071895424836601
5ysc4FpU.png,jawi,train,PNG,RGB,163,97,1893,False,1,,1.6804123711340206,0.015811,0.957814180001265
ZmVXRymf.png,sunda,train,PNG,RGB,63,54,594,False,1,,1.1666666666666667,0.003402,1.3968253968253967
EaYGOrlT.png,sunda,train,PNG,RGB,217,37,1409,False,1,,5.864864864864865,0.008029,1.403910823265662
z2vvLBUT.png,pegon,train,PNG,RGB,201,103,3587,False,1,,1.9514563106796117,0.020703,1.3860793121769792
9uFtnYPL.png,jawa,train,PNG,RGB,833,52,5261,False,1,,16.01923076923077,0.043316,0.9716501985409548
06eqZ6CH.png,jawi,train,PNG,RGB,75,44,578,False,1,,1.7045454545454546,0.0033,1.4012121212121211
DcTnvPA0.png,jawi,train,PNG,RGB,874,89,9964,False,1,,9.820224719101123,0.077786,1.0247602396318103
ooUCUvDt.png,jawa,train,PNG,RGB,651,62,4942,False,1,,10.5,0.040362,0.9795352063822407
OpZHk0xy.png,sunda,train,PNG,RGB,487,44,2898,False,1,,11.068181818181818,0.021428,1.0819488519693858
aluaTbKZ.png,jawi,train,PNG,RGB,369,52,2029,False,1,,7.096153846153846,0.019188,0.8459453825307484
9ttYMU0C.png,sunda,train,PNG,RGB,138,57,886,False,1,,2.4210526315789473,0.007866,0.9010933129926265
OOt4JATx.png,lampung,train,PNG,RGB,148,29,1968,False,1,,5.103448275862069,0.004292,3.668219944082013
NX1ipq6z.png,jawa,train,PNG,RGB,963,94,22056,False,1,,10.24468085106383,0.090522,1.9492278120235964
lgnFKBft.png,lampung,train,PNG,RGB,239,77,1597,False,1,,3.103896103896104,0.018403,0.6942346356572298
hzsdmZFP.png,sunda,train,PNG,RGB,798,91,5149,False,1,,8.76923076923077,0.072618,0.5672422815279958
aqsxlWL5.png,jawi,train,PNG,RGB,308,58,1900,False,1,,5.310344827586207,0.017864,0.8508732646663681
KqoNgEEr.png,sunda,train,PNG,RGB,79,46,659,False,1,,1.7173913043478262,0.003634,1.4507429829389102
FThF7jTW.png,lampung,train,PNG,RGB,886,43,3168,False,1,,20.6046511627907,0.038098,0.6652317706966245
8BzWXhj3.png,sunda,train,PNG,RGB,695,80,3798,False,1,,8.6875,0.0556,0.5464748201438849
o0e8byeJ.png,lontara,train,PNG,RGB,949,42,3906,False,1,,22.595238095238095,0.039858,0.7839831401475237
5au8xV24.png,lontara,train,PNG,RGB,920,50,4221,False,1,,18.4,0.046,0.7340869565217392
wsBLplFw.png,jawi,train,PNG,RGB,955,64,4863,False,1,,14.921875,0.06112,0.6365183246073298
sX2VGTUF.png,jawa,train,PNG,RGB,970,98,8640,False,1,,9.89795918367347,0.09506,0.7271197138649275
yJ1ahmYi.png,sunda,train,PNG,RGB,149,149,3004,False,1,,1.0,0.022201,1.082473762443133
8uBBrTmA.png,lontara,train,PNG,RGB,941,61,4293,False,1,,15.426229508196721,0.057401,0.5983171024895036
CbAjh73M.png,jawi,train,PNG,RGB,555,100,2743,False,1,,5.55,0.0555,0.3953873873873874
iw6Q2gq4.png,bali,train,PNG,RGB,947,68,7398,False,1,,13.926470588235293,0.064396,0.9190632958568855
Fk7ll1RD.png,sunda,train,PNG,RGB,334,41,1930,False,1,,8.146341463414634,0.013694,1.1275010953702351
4xcVTIui.png,jawa,train,PNG,RGB,937,89,8628,False,1,,10.52808988764045,0.083393,0.8276953701149976
uexUBJnb.jpg,jawi,train,JPEG,RGB,320,180,10490,False,1,,1.7777777777777777,0.0576,1.4569444444444444
emMjxGOq.png,jawi,train,PNG,RGB,22,28,286,False,1,,0.7857142857142857,0.000616,3.7142857142857144
i7LJu09I.png,lampung,train,PNG,RGB,98,43,1336,False,1,,2.2790697674418605,0.004214,2.536307546274324
Xgu6c7a8.png,sunda,train,PNG,RGB,98,51,807,False,1,,1.9215686274509804,0.004998,1.2917166866746699
eLGHyiqR.png,bali,train,PNG,RGB,1400,56,9034,False,1,,25.0,0.0784,0.9218367346938775
pXiAetoy.png,jawi,train,PNG,RGB,399,68,1915,False,1,,5.867647058823529,0.027132,0.5646469113961374
bBse9E8Y.png,jawa,train,PNG,RGB,257,35,1657,False,1,,7.3428571428571425,0.008995,1.4737076153418567
RgrRqTFt.png,lontara,train,PNG,RGB,1063,46,5480,False,1,,23.108695652173914,0.048898,0.8965601865106957
DHgrHgLr.png,sunda,train,PNG,RGB,269,42,1697,False,1,,6.404761904761905,0.011298,1.2016286068330677
T7d3iSG8.png,jawi,train,PNG,RGB,701,69,3843,False,1,,10.159420289855072,0.048369,0.6356137195311047
kOlIkBFH.png,bali,train,PNG,RGB,1343,70,9532,False,1,,19.185714285714287,0.09401,0.8111477502393363
ANUT39NX.png,jawi,train,PNG,RGB,399,78,1539,False,1,,5.115384615384615,0.031122,0.3956043956043956
Tm3qlqOY.png,sunda,train,PNG,RGB,95,43,680,False,1,,2.2093023255813953,0.004085,1.3317013463892289
98OaxYfC.png,jawi,train,PNG,RGB,60,53,444,False,1,,1.1320754716981132,0.00318,1.1169811320754717
jEdo1CjR.png,sunda,train,PNG,RGB,390,42,2255,False,1,,9.285714285714286,0.01638,1.1013431013431014
UQ4cH1sk.png,sunda,train,PNG,RGB,44,36,343,False,1,,1.2222222222222223,0.001584,1.7323232323232323
Eo5PDAhP.png,pegon,train,PNG,RGB,146,125,2507,False,1,,1.168,0.01825,1.098958904109589
r04Xep33.png,bali,train,PNG,RGB,1513,70,10789,False,1,,21.614285714285714,0.10591,0.8149560947974696
wu8UrNFQ.png,lontara,train,PNG,RGB,1036,55,6135,False,1,,18.836363636363636,0.05698,0.8613548613548614
8gbwpGQ3.png,lampung,train,PNG,RGB,92,31,1027,False,1,,2.967741935483871,0.002852,2.8807854137447406
o5YdNKLt.png,jawi,train,PNG,RGB,796,79,7958,False,1,,10.075949367088608,0.062884,1.012403791107436
Jt0kChxc.png,sunda,train,PNG,RGB,74,38,585,False,1,,1.9473684210526316,0.002812,1.6642958748221905
DKleZU2C.png,jawa,train,PNG,RGB,957,73,7277,False,1,,13.10958904109589,0.069861,0.8333118621262221
KH2fk8Tr.png,sunda,train,PNG,RGB,171,51,1167,False,1,,3.3529411764705883,0.008721,1.0705194358445131
4cQJzJ58.jpg,pegon,train,JPEG,RGB,1500,1225,585891,False,1,,1.2244897959183674,1.8375,2.5508179591836733
v8iQD1YR.png,lampung,train,PNG,RGB,253,62,1825,False,1,,4.080645161290323,0.015686,0.9307662884100472
3Iqw2j3Z.png,jawa,train,PNG,RGB,82,39,700,False,1,,2.1025641025641026,0.003198,1.7510944340212633
SpF9CSFQ.png,lontara,train,PNG,RGB,938,52,4175,False,1,,18.03846153846154,0.048776,0.684762998195834
YJzwBZ1W.png,lampung,train,PNG,RGB,146,73,1093,False,1,,2.0,0.010658,0.8204165884781385
X8sf34uy.png,jawi,train,PNG,RGB,804,68,7520,False,1,,11.823529411764707,0.054672,1.1003804506877377
e0UVxPvs.png,sunda,train,PNG,RGB,212,42,1336,False,1,,5.0476190476190474,0.008904,1.2003593890386344
3fkWEO2g.png,lampung,train,PNG,RGB,893,55,3438,False,1,,16.236363636363638,0.049115,0.5599918558485187
c51EHp9v.png,lontara,train,PNG,RGB,882,61,4193,False,1,,14.459016393442623,0.053802,0.6234712464220661
50M7u8ac.png,jawi,train,PNG,RGB,148,92,1242,False,1,,1.608695652173913,0.013616,0.7297297297297297
OEDXcIST.png,lontara,train,PNG,RGB,930,50,4470,False,1,,18.6,0.0465,0.7690322580645161
3rqeXFQ4.png,lampung,train,PNG,RGB,153,80,1212,False,1,,1.9125,0.01224,0.792156862745098
uLKywNbB.png,jawi,train,PNG,RGB,197,65,1549,False,1,,3.0307692307692307,0.012805,0.9677469738383444
MEMj71vS.png,sunda,train,PNG,RGB,263,47,1687,False,1,,5.595744680851064,0.012361,1.0918210500768546
zDgrKgYV.png,jawa,train,PNG,RGB,642,76,11372,False,1,,8.447368421052632,0.048792,1.8645679619609772
FzUde3i5.png,sunda,train,PNG,RGB,789,72,4926,False,1,,10.958333333333334,0.056808,0.6937051119560625
fELO1z01.png,sunda,train,PNG,RGB,792,69,5121,False,1,,11.478260869565217,0.054648,0.7496706192358367
WiFuJUGL.png,jawa,train,PNG,RGB,912,82,7486,False,1,,11.121951219512194,0.074784,0.8008130081300813
B0y4rLV8.png,jawi,train,PNG,RGB,471,70,2854,False,1,,6.728571428571429,0.03297,0.6925083409159842
37VMQK8F.png,jawi,train,PNG,RGB,357,41,1815,False,1,,8.707317073170731,0.014637,0.9920065587210494
AXMZdhYS.png,lontara,train,PNG,RGB,896,52,2971,False,1,,17.23076923076923,0.046592,0.5101304945054945
tcMpHtgF.png,jawi,train,PNG,RGB,811,76,8661,False,1,,10.671052631578947,0.061636,1.1241482250632746
JNppT7xp.png,jawi,train,PNG,RGB,47,50,411,False,1,,0.94,0.00235,1.3991489361702127
QuGz5D8G.png,pegon,train,PNG,RGB,815,83,8117,False,1,,9.819277108433734,0.067645,0.9599526942124326
E6kMcEiC.png,jawi,train,PNG,RGB,81,92,663,False,1,,0.8804347826086957,0.007452,0.711755233494364
2HAs2PFB.png,jawa,train,PNG,RGB,981,93,7500,False,1,,10.548387096774194,0.091233,0.6576567689322942
Ifcb2r4C.jpg,jawa,train,JPEG,RGB,1200,800,163583,False,1,"(300, 300)",1.5,0.96,1.3631916666666666
h6dp5flA.png,lontara,train,PNG,RGB,950,54,4247,False,1,,17.59259259259259,0.0513,0.6623001949317738
7Bl20NPI.png,lontara,train,PNG,RGB,933,41,4166,False,1,,22.75609756097561,0.038253,0.8712519279533631
nCZUSO47.png,lontara,train,PNG,RGB,987,49,4956,False,1,,20.142857142857142,0.048363,0.8198002605297439
ojz5sEzd.png,lampung,train,PNG,RGB,296,76,2361,False,1,,3.8947368421052633,0.022496,0.8396159317211949
cSqToiMa.jpg,bali,train,JPEG,RGB,640,589,60101,False,1,,1.0865874363327674,0.37696,1.2754881154499151
N2JxkPDy.png,lontara,train,PNG,RGB,947,68,3813,False,1,,13.926470588235293,0.064396,0.47369401826200386
ZTjt1UNI.jpg,bali,train,JPEG,RGB,393,577,66881,False,1,"(96, 96)",0.6811091854419411,0.226761,2.3595239040222964
XkTXJuHL.png,bali,train,PNG,RGB,1379,69,9712,False,1,,19.985507246376812,0.095151,0.8165547393090982
C1ItbRuK.png,lampung,train,PNG,RGB,136,36,1760,False,1,,3.7777777777777777,0.004896,2.8758169934640523
RNff8a0B.png,jawi,train,PNG,RGB,77,51,468,False,1,,1.5098039215686274,0.003927,0.9533995416348358
6HyOkO6K.png,sunda,train,PNG,RGB,130,53,936,False,1,,2.452830188679245,0.00689,1.0867924528301887
8SdXjc5Q.png,lampung,train,PNG,RGB,237,81,1775,False,1,,2.925925925925926,0.019197,0.7396989112882221
SUpeGnqL.png,jawa,train,PNG,RGB,406,61,48481,False,1,,6.655737704918033,0.024766,15.660502301542436
GJPk1yx2.png,lontara,train,PNG,RGB,843,69,4613,False,1,,12.217391304347826,0.058167,0.6344490862516547
a4jh7wTT.jpg,jawa,train,JPEG,RGB,700,441,38411,False,1,"(96, 96)",1.5873015873015872,0.3087,0.9954259799157759
H2So05rF.png,lampung,train,PNG,RGB,155,41,1959,False,1,,3.7804878048780486,0.006355,2.4660896931549963
DZ2S8alb.png,jawa,train,PNG,RGB,928,76,6868,False,1,,12.210526315789474,0.070528,0.7790381125226861
WIWPKilN.png,bali,train,PNG,RGB,1363,63,7885,False,1,,21.634920634920636,0.085869,0.7346073670358336
e5ZjpoAU.png,bali,train,PNG,RGB,170,81,1361,False,1,,2.0987654320987654,0.01377,0.7907044299201162
sX3Wke3m.png,sunda,train,PNG,RGB,131,58,1068,False,1,,2.2586206896551726,0.007598,1.1245064490655436
aWiq8IgM.png,jawa,train,PNG,RGB,177,52,16566,False,1,,3.4038461538461537,0.009204,14.398956975228161
uB9Us8VD.png,jawa,train,PNG,RGB,476,81,71499,False,1,,5.8765432098765435,0.038556,14.83535636476813
r2g1SCRN.png,pegon,train,PNG,RGB,101,89,1586,False,1,,1.1348314606741574,0.008989,1.4115029480476138
B4fDcO84.png,sunda,train,PNG,RGB,776,55,4597,False,1,,14.10909090909091,0.04268,0.861668228678538
ATKeORaE.png,bali,train,PNG,RGB,86,61,870,False,1,,1.4098360655737705,0.005246,1.3267251239039268
OrlluMAX.png,jawi,train,PNG,RGB,791,81,7170,False,1,,9.765432098765432,0.064071,0.8952568244603643
wISufpBg.png,jawi,train,PNG,RGB,71,48,612,False,1,,1.4791666666666667,0.003408,1.4366197183098592
zels8k1o.png,bali,train,PNG,RGB,201,59,1608,False,1,,3.406779661016949,0.011859,1.0847457627118644
hW9ckDAr.png,jawi,train,PNG,RGB,91,61,625,False,1,,1.4918032786885247,0.005551,0.9007386056566384
L4cIkqat.jpg,bali,train,JPEG,RGB,1280,1280,159007,False,1,"(72, 72)",1.0,1.6384,0.7764013671875
rRQpjlcO.png,jawa,train,PNG,RGB,689,93,4853,False,1,,7.408602150537634,0.064077,0.6058960313372973
xaR1BJyC.png,jawi,train,PNG,RGB,953,72,5716,False,1,,13.23611111111111,0.068616,0.6664334849014807
gLKafNpK.png,jawa,train,PNG,RGB,917,81,6995,False,1,,11.320987654320987,0.074277,0.7533960714622292
yZwl8HNa.png,jawi,train,PNG,RGB,805,81,8381,False,1,,9.938271604938272,0.065205,1.0282647036270225
2d7sE8Pc.png,lontara,train,PNG,RGB,967,47,3731,False,1,,20.574468085106382,0.045449,0.6567361218068605
4GdmGVjg.png,sunda,train,PNG,RGB,231,42,1424,False,1,,5.5,0.009702,1.1741908884766028
4ElTzcrH.png,jawi,train,PNG,RGB,60,54,439,False,1,,1.1111111111111112,0.00324,1.0839506172839506
VivXjrOH.png,sunda,train,PNG,RGB,110,58,913,False,1,,1.896551724137931,0.00638,1.1448275862068966
FtJgAj3z.png,jawa,train,PNG,RGB,630,66,72344,False,1,,9.545454545454545,0.04158,13.918999518999518
AVjYB2z6.png,jawi,train,PNG,RGB,81,45,611,False,1,,1.8,0.003645,1.3410150891632373
UWOkZppw.png,lampung,train,PNG,RGB,133,36,2085,False,1,,3.6944444444444446,0.004788,3.4837092731829573
rdLmkUy7.png,jawi,train,PNG,RGB,812,84,7457,False,1,,9.666666666666666,0.068208,0.8746188130424584
gXeIZ31O.png,pegon,train,PNG,RGB,903,80,8740,False,1,,11.2875,0.07224,0.9678848283499446
QNSHDhtU.png,jawa,train,PNG,RGB,79,94,1041,False,1,,0.8404255319148937,0.007426,1.1214651225424186
C7N9K1we.png,jawi,train,PNG,RGB,846,60,4672,False,1,,14.1,0.05076,0.736327817178881
fc56T1Kt.png,lampung,train,PNG,RGB,136,35,2219,False,1,,3.8857142857142857,0.00476,3.7294117647058824
zL2KHuIF.png,lontara,train,PNG,RGB,944,56,4263,False,1,,16.857142857142858,0.052864,0.6451271186440678
8dVCzsvx.png,pegon,train,PNG,RGB,117,115,2301,False,1,,1.017391304347826,0.013455,1.3681159420289855
pXLID2Oz.png,sunda,train,PNG,RGB,234,42,1459,False,1,,5.571428571428571,0.009828,1.1876271876271876
NPGlMIWr.png,jawi,train,PNG,RGB,838,101,8277,False,1,,8.297029702970297,0.084638,0.7823436281575652
1u2I4e7K.png,sunda,train,PNG,RGB,801,41,4565,False,1,,19.536585365853657,0.032841,1.1120246033921013
KHeo5E5D.png,lontara,train,PNG,RGB,940,51,3399,False,1,,18.431372549019606,0.04794,0.5672090112640801
cFylpRIG.png,lampung,train,PNG,RGB,133,36,2060,False,1,,3.6944444444444446,0.004788,3.441938178780284
zf4vByQe.png,bali,train,PNG,RGB,1416,64,9717,False,1,,22.125,0.090624,0.8577860169491526
KHGmYaNV.png,sunda,train,PNG,RGB,142,49,1111,False,1,,2.8979591836734695,0.006958,1.2773785570566254
YJ3gjCEJ.png,sunda,train,PNG,RGB,124,56,999,False,1,,2.2142857142857144,0.006944,1.150921658986175
bwQJdtjH.png,sunda,train,PNG,RGB,787,69,4830,False,1,,11.405797101449275,0.054303,0.7115628970775095
qDr2qXBx.png,pegon,train,PNG,RGB,178,157,4734,False,1,,1.1337579617834395,0.027946,1.355184999642167
DOH3uoeR.jpg,bali,train,JPEG,RGB,640,480,47985,False,1,,1.3333333333333333,0.3072,1.249609375
zmpVYdML.png,bali,train,PNG,RGB,1363,76,10207,False,1,,17.93421052631579,0.103588,0.7882766343591922
AQ479Wmf.png,sunda,train,PNG,RGB,786,80,5108,False,1,,9.825,0.06288,0.6498727735368957
aZW70Z5d.png,jawi,train,PNG,RGB,63,34,489,False,1,,1.8529411764705883,0.002142,1.826330532212885
RTqafbRm.png,bali,train,PNG,RGB,207,78,2008,False,1,,2.6538461538461537,0.016146,0.9949213427474297
HW0gtJ3z.png,jawa,train,PNG,RGB,681,114,23598,False,1,,5.973684210526316,0.077634,2.4317180616740086
pXrWfipo.png,jawa,train,PNG,RGB,992,73,7759,False,1,,13.58904109589041,0.072416,0.8571586389748121
H6XrSApP.png,lontara,train,PNG,RGB,871,55,4160,False,1,,15.836363636363636,0.047905,0.694708276797829
R0SrSrZm.png,sunda,train,PNG,RGB,167,65,1257,False,1,,2.5692307692307694,0.010855,0.92639336711193
mQYCGlTg.png,bali,train,PNG,RGB,803,59,4959,False,1,,13.610169491525424,0.047377,0.8373683432889377
Q3kRJ6xo.png,jawa,train,PNG,RGB,949,88,7600,False,1,,10.784090909090908,0.083512,0.7280390842034677
qKrhfGzf.png,jawi,train,PNG,RGB,439,64,2430,False,1,,6.859375,0.028096,0.6919134396355353
LhjUco2x.png,lampung,train,PNG,RGB,122,39,1994,False,1,,3.128205128205128,0.004758,3.3526691887347626
uIBwhlqU.png,jawi,train,PNG,RGB,627,93,6356,False,1,,6.741935483870968,0.058311,0.8720138567337209
ckJUAUBq.png,lontara,train,PNG,RGB,940,57,4246,False,1,,16.49122807017544,0.05358,0.6339678984695782
47WprzGZ.png,bali,train,PNG,RGB,1511,68,9649,False,1,,22.220588235294116,0.102748,0.7512749639895667
nbDYiJ5s.png,jawa,train,PNG,RGB,935,79,7705,False,1,,11.835443037974683,0.073865,0.8344953631625263
GQtfL5mW.png,lampung,train,PNG,RGB,893,55,3461,False,1,,16.236363636363638,0.049115,0.5637381655298789
HKwzw4nv.png,lampung,train,PNG,RGB,227,87,1411,False,1,,2.6091954022988504,0.019749,0.571573244214897
xRVYH2Wt.png,lampung,train,PNG,RGB,141,47,2266,False,1,,3.0,0.006627,2.7354760826920175
Zm5B81LE.png,lampung,train,PNG,RGB,120,37,1357,False,1,,3.2432432432432434,0.00444,2.445045045045045
lPJpDgwW.jpg,bali,train,JPEG,RGB,1200,675,150434,False,1,,1.7777777777777777,0.81,1.485767901234568
Vz1nxIKv.png,jawi,train,PNG,RGB,700,446,372459,False,1,,1.5695067264573992,0.3122,9.544112748238309
NB6PonAo.png,bali,train,PNG,RGB,1410,54,9426,False,1,,26.11111111111111,0.07614,0.9903861308116627
0ZdBQtWj.png,jawi,train,PNG,RGB,262,40,1402,False,1,,6.55,0.01048,1.0702290076335879
CDwRTRLG.png,lampung,train,PNG,RGB,143,36,1870,False,1,,3.9722222222222223,0.005148,2.905982905982906
XjP6P9L1.png,pegon,train,PNG,RGB,148,118,2709,False,1,,1.2542372881355932,0.017464,1.2409528172240036
j35vlXtu.png,lontara,train,PNG,RGB,919,82,5666,False,1,,11.207317073170731,0.075358,0.6015021630085724
eWDZoAtS.png,jawa,train,PNG,RGB,651,98,21011,False,1,,6.642857142857143,0.063798,2.6346907426565096
0yw3HUMJ.png,jawa,train,PNG,RGB,1019,131,11155,False,1,,7.778625954198473,0.133489,0.6685195034796875
nTasNM93.png,lontara,train,PNG,RGB,235,51,1323,False,1,,4.607843137254902,0.011985,0.8831038798498123
4mbeSD03.png,jawi,train,PNG,RGB,500,52,1750,False,1,,9.615384615384615,0.026,0.5384615384615384
BH0R4c3B.jpg,bali,train,JPEG,RGB,735,463,28939,False,1,"(72, 72)",1.5874730021598271,0.340305,0.680307371328661
DMfn9sN7.png,jawa,train,PNG,RGB,364,60,34591,False,1,,6.066666666666666,0.02184,12.67069597069597
tRAMwJga.png,jawi,train,PNG,RGB,255,58,1474,False,1,,4.396551724137931,0.01479,0.7972954699121028
bG8nMmtY.png,bali,train,PNG,RGB,1421,71,9321,False,1,,20.014084507042252,0.100891,0.7390946665212953
vgRH3hfk.webp,lontara,train,WEBP,RGB,720,565,20588,False,1,,1.2743362831858407,0.4068,0.40487708947885936
RjPg5YEs.png,lontara,train,PNG,RGB,1046,40,5041,False,1,,26.15,0.04184,0.9638623326959848
p5Nke4ur.png,lontara,train,PNG,RGB,943,73,7068,False,1,,12.917808219178083,0.068839,0.8213948488502157
dkcNWByU.png,lontara,train,PNG,RGB,943,55,3935,False,1,,17.145454545454545,0.051865,0.6069603779041743
ZIMyFIYP.png,jawi,train,PNG,RGB,184,51,1038,False,1,,3.607843137254902,0.009384,0.8849104859335039
1dLNRoUS.png,lampung,train,PNG,RGB,99,48,687,False,1,,2.0625,0.004752,1.1565656565656566
KxPXeWmk.png,lontara,train,PNG,RGB,936,51,4370,False,1,,18.352941176470587,0.047736,0.7323613205966147
szJtpSIy.png,pegon,train,PNG,RGB,126,118,1134,False,1,,1.0677966101694916,0.014868,0.6101694915254238
lfmVTRk6.png,bali,train,PNG,RGB,131,44,768,False,1,,2.977272727272727,0.005764,1.0659264399722415
45lJaV4Z.png,sunda,train,PNG,RGB,44,54,331,False,1,,0.8148148148148148,0.002376,1.1144781144781144
qovgDuWs.png,jawi,train,PNG,RGB,190,48,1086,False,1,,3.9583333333333335,0.00912,0.9526315789473684
kckfQOzE.png,lampung,train,PNG,RGB,281,80,1875,False,1,,3.5125,0.02248,0.6672597864768683
nnhsY4Ch.png,jawi,train,PNG,RGB,408,58,2493,False,1,,7.0344827586206895,0.023664,0.8427991886409736
W2hIuZd0.png,sunda,train,PNG,RGB,42,35,360,False,1,,1.2,0.00147,1.9591836734693877
GA868jP9.png,lontara,train,PNG,RGB,938,56,5167,False,1,,16.75,0.052528,0.7869326835211696
hqBcTp3a.png,lontara,train,PNG,RGB,543,43,2247,False,1,,12.627906976744185,0.023349,0.7698830785044327
6sBveoL3.png,jawi,train,PNG,RGB,352,92,1913,False,1,,3.8260869565217392,0.032384,0.47257905138339923
TaKnFs4O.png,sunda,train,PNG,RGB,764,96,4425,False,1,,7.958333333333333,0.073344,0.4826570680628272
s6OZpx9Q.png,jawa,train,PNG,RGB,923,66,5745,False,1,,13.984848484848484,0.060918,0.754456810794839
2r1iIqoq.png,sunda,train,PNG,RGB,44,54,412,False,1,,0.8148148148148148,0.002376,1.387205387205387
6AetDGDX.png,jawa,train,PNG,RGB,535,63,4384,False,1,,8.492063492063492,0.033705,1.0405577807446966
vOlQz7X4.png,jawa,train,PNG,RGB,897,59,5582,False,1,,15.203389830508474,0.052923,0.8437919241161688
aRBdtt5d.png,lampung,train,PNG,RGB,112,36,1382,False,1,,3.111111111111111,0.004032,2.742063492063492
hf31jPKG.png,pegon,train,PNG,RGB,898,82,9412,False,1,,10.951219512195122,0.073636,1.0225433212015862
XraAu4KR.png,sunda,train,PNG,RGB,55,56,352,False,1,,0.9821428571428571,0.00308,0.9142857142857143
CVfP1EKb.png,jawa,train,PNG,RGB,611,79,11332,False,1,,7.734177215189874,0.048269,1.8781412500776895
0PmCdXWH.png,jawi,train,PNG,RGB,807,82,6715,False,1,,9.841463414634147,0.066174,0.8117991960588751
KyG3HZrn.png,lampung,train,PNG,RGB,152,43,2427,False,1,,3.5348837209302326,0.006536,2.97062423500612
QUhZ58H3.png,pegon,train,PNG,RGB,183,155,4763,False,1,,1.1806451612903226,0.028365,1.3433456724836947
iJ9kUjfo.png,bali,train,PNG,RGB,1379,61,10042,False,1,,22.60655737704918,0.084119,0.9550279960532103
TiUZu5be.png,jawi,train,PNG,RGB,792,70,6774,False,1,,11.314285714285715,0.05544,0.9774891774891775
twC5znxg.png,lontara,train,PNG,RGB,769,54,4376,False,1,,14.24074074074074,0.041526,0.8430380966141694
4kq9j1Pf.png,bali,train,PNG,RGB,584,61,3997,False,1,,9.573770491803279,0.035624,0.8975971255333483
3ICL8wtf.png,bali,train,PNG,RGB,1405,64,10523,False,1,,21.953125,0.08992,0.9362099644128113
o87hFitu.png,pegon,train,PNG,RGB,65,62,838,False,1,,1.0483870967741935,0.00403,1.6635235732009925
U7PXw2sv.png,jawa,train,PNG,RGB,93,43,598,False,1,,2.1627906976744184,0.003999,1.1962990747686921
ZoYW5UTA.png,jawa,train,PNG,RGB,984,82,17881,False,1,,12.0,0.080688,1.7728534602419195
V4z6YJQd.png,jawi,train,PNG,RGB,803,69,6964,False,1,,11.63768115942029,0.055407,1.0055047196202647
FPo8eKNu.webp,jawa,train,WEBP,RGB,1280,720,32806,False,1,,1.7777777777777777,0.9216,0.28477430555555555
hX1yIidx.png,sunda,train,PNG,RGB,256,70,2193,False,1,,3.657142857142857,0.01792,0.9790178571428572
X7X88S7M.png,lampung,train,PNG,RGB,284,82,2225,False,1,,3.4634146341463414,0.023288,0.7643421504637582
bKCmBert.png,lampung,train,PNG,RGB,844,40,3182,False,1,,21.1,0.03376,0.7540284360189573
oAuDOcs1.png,pegon,train,PNG,RGB,864,60,7849,False,1,,14.4,0.05184,1.2112654320987655
hMk547j4.png,jawi,train,PNG,RGB,151,86,1132,False,1,,1.755813953488372,0.012986,0.6973663945787771
YUnQJDOQ.png,lampung,train,PNG,RGB,144,43,1753,False,1,,3.3488372093023258,0.006192,2.264857881136951
CBTHvbPw.png,jawa,train,PNG,RGB,603,59,63691,False,1,,10.220338983050848,0.035577,14.321837141973747
smPY9kPL.png,jawi,train,PNG,RGB,355,55,2015,False,1,,6.454545454545454,0.019525,0.8256081946222791
j5Hqfx2s.png,lampung,train,PNG,RGB,84,33,1160,False,1,,2.5454545454545454,0.002772,3.347763347763348
XBkOlqJG.png,bali,train,PNG,RGB,1405,65,10947,False,1,,21.615384615384617,0.091325,0.9589488091979195
zM93gk21.png,sunda,train,PNG,RGB,80,55,798,False,1,,1.4545454545454546,0.0044,1.450909090909091
v0eRKhNN.jpg,lontara,train,JPEG,RGB,750,500,68026,False,1,,1.5,0.375,1.4512213333333333
kvNQnwyn.png,sunda,train,PNG,RGB,44,36,383,False,1,,1.2222222222222223,0.001584,1.9343434343434343
VlCMn0lr.png,lontara,train,PNG,RGB,943,75,4556,False,1,,12.573333333333334,0.070725,0.5153481795687522
NI1PSZZR.png,lontara,train,PNG,RGB,760,50,3591,False,1,,15.2,0.038,0.756
u68g7AwR.png,jawi,train,PNG,RGB,71,49,654,False,1,,1.4489795918367347,0.003479,1.5038804254096005
7XGmQ6mf.png,jawa,train,PNG,RGB,986,73,15332,False,1,,13.506849315068493,0.071978,1.7040762455194642
9Ugdllgt.png,lampung,train,PNG,RGB,175,84,1281,False,1,,2.0833333333333335,0.0147,0.6971428571428572
4kfjqqOT.png,jawi,train,PNG,RGB,799,87,7113,False,1,,9.183908045977011,0.069513,0.8186094687324673
j6DBnD9K.png,sunda,train,PNG,RGB,789,73,4792,False,1,,10.808219178082192,0.057597,0.6655902217129365
ej2161Uz.png,jawi,train,PNG,RGB,804,93,8231,False,1,,8.64516129032258,0.074772,0.8806505108864281
oIPc51RQ.png,jawa,train,PNG,RGB,950,91,8178,False,1,,10.43956043956044,0.08645,0.7567842683632158
6vzR4WZ6.png,jawa,train,PNG,RGB,956,71,5466,False,1,,13.464788732394366,0.067876,0.6442336024515293
8ofWxJYc.png,lampung,train,PNG,RGB,116,43,1437,False,1,,2.697674418604651,0.004988,2.3047313552526063
SZpAml1X.png,sunda,train,PNG,RGB,280,44,1697,False,1,,6.363636363636363,0.01232,1.101948051948052
FeBshSio.png,lampung,train,PNG,RGB,138,42,2283,False,1,,3.2857142857142856,0.005796,3.1511387163561078
yheWj3KC.png,lampung,train,PNG,RGB,116,36,1404,False,1,,3.2222222222222223,0.004176,2.689655172413793
jcEoAn0N.png,lontara,train,PNG,RGB,938,50,4078,False,1,,18.76,0.0469,0.6956076759061833
4vdvnZuM.png,jawa,train,PNG,RGB,899,59,6123,False,1,,15.23728813559322,0.053041,0.9235120001508267
zmwL3UBK.png,jawi,train,PNG,RGB,800,75,7138,False,1,,10.666666666666666,0.06,0.9517333333333333
Zxz9Llmw.png,bali,train,PNG,RGB,1294,64,8901,False,1,,20.21875,0.082816,0.8598338485316847
vVc2WZn3.png,jawi,train,PNG,RGB,242,65,1391,False,1,,3.723076923076923,0.01573,0.7074380165289256
tHvUSGPF.png,sunda,train,PNG,RGB,703,49,3899,False,1,,14.346938775510203,0.034447,0.9055070107701687
z1gWHjA6.png,sunda,train,PNG,RGB,73,55,634,False,1,,1.3272727272727274,0.004015,1.2632627646326275
p1nlqTvi.jpg,jawi,train,JPEG,RGB,742,1080,204770,False,1,"(72.0, 72.0)",0.687037037037037,0.80136,2.0442248178097233
3MuE8FY7.png,lampung,train,PNG,RGB,293,64,2049,False,1,,4.578125,0.018752,0.8741467576791809
9xvc7vM6.png,jawi,train,PNG,RGB,100,62,969,False,1,,1.6129032258064515,0.0062,1.2503225806451612
uMBq6swg.png,bali,train,PNG,RGB,1095,71,7662,False,1,,15.422535211267606,0.077745,0.7884236928419834
aIrqAzFn.png,jawi,train,PNG,RGB,348,69,1063,False,1,,5.043478260869565,0.024012,0.35415625520573046
fIpdDLFH.png,lontara,train,PNG,RGB,935,53,4051,False,1,,17.641509433962263,0.049555,0.6539804257895268
keCE1USA.png,lampung,train,PNG,RGB,126,37,1451,False,1,,3.4054054054054053,0.004662,2.48991848991849
k2FvNHaO.png,lampung,train,PNG,RGB,134,30,1853,False,1,,4.466666666666667,0.00402,3.6875621890547263
2DTUQgGc.png,jawa,train,PNG,RGB,648,79,10991,False,1,,8.20253164556962,0.051192,1.7176121268948272
fQI2qgTw.png,sunda,train,PNG,RGB,523,70,3129,False,1,,7.4714285714285715,0.03661,0.6837476099426386
bKIFksG8.png,lampung,train,PNG,RGB,151,37,1873,False,1,,4.081081081081081,0.005587,2.6819402183640593
J7tNGxwh.png,sunda,train,PNG,RGB,781,71,4821,False,1,,11.0,0.055451,0.695532993093001
glOJOXcx.png,lampung,train,PNG,RGB,93,37,1237,False,1,,2.5135135135135136,0.003441,2.875908166230747
HpJ8LzOu.png,sunda,train,PNG,RGB,117,45,960,False,1,,2.6,0.005265,1.4586894586894588
bdGRQd5v.png,sunda,train,PNG,RGB,311,42,1793,False,1,,7.404761904761905,0.013062,1.0981472975042106
vJucb8db.png,sunda,train,PNG,RGB,815,67,4392,False,1,,12.164179104477611,0.054605,0.6434575588316088
rNoV0RcT.png,jawi,train,PNG,RGB,361,52,2722,False,1,,6.9423076923076925,0.018772,1.1600255699978692
cszzH9hp.png,jawi,train,PNG,RGB,826,87,6910,False,1,,9.494252873563218,0.071862,0.7692521777851994
p0ZYvG0T.png,sunda,train,PNG,RGB,265,42,1588,False,1,,6.309523809523809,0.01113,1.1414195867026056
gS8V28Q0.png,jawa,train,PNG,RGB,689,64,117576,False,1,,10.765625,0.044096,21.330914368650216
04Xl96UM.png,jawi,train,PNG,RGB,799,90,8817,False,1,,8.877777777777778,0.07191,0.9808927826449729
4Sfkw8rm.png,sunda,train,PNG,RGB,40,36,368,False,1,,1.1111111111111112,0.00144,2.0444444444444443
QDlvEOvV.png,sunda,train,PNG,RGB,124,56,1102,False,1,,2.2142857142857144,0.006944,1.2695852534562213
ZbmjVhfI.png,sunda,train,PNG,RGB,57,47,538,False,1,,1.2127659574468086,0.002679,1.6065696155281821
qZL4Jq7a.png,lampung,train,PNG,RGB,131,31,1523,False,1,,4.225806451612903,0.004061,3.0002462447672986
kSGmDn7W.png,pegon,train,PNG,RGB,131,121,1906,False,1,,1.0826446280991735,0.015851,0.9619582360734339
db0c2Z4p.png,lampung,train,PNG,RGB,1074,575,117038,False,1,,1.8678260869565217,0.61755,1.516159015464335
nYwmrm3I.png,lontara,train,PNG,RGB,936,52,3825,False,1,,18.0,0.048672,0.628698224852071
bk0jl4qo.png,lontara,train,PNG,RGB,943,56,4076,False,1,,16.839285714285715,0.052808,0.6174821996667171
mgAx8AiT.png,lampung,train,PNG,RGB,92,37,1140,False,1,,2.4864864864864864,0.003404,2.6792009400705052
GpM40HmE.png,jawi,train,PNG,RGB,252,72,1382,False,1,,3.5,0.018144,0.609347442680776
F2izSnYq.png,pegon,train,PNG,RGB,149,138,3453,False,1,,1.0797101449275361,0.020562,1.3434490808287132
g6OoA5L1.png,pegon,train,PNG,RGB,138,130,1901,False,1,,1.0615384615384615,0.01794,0.8477146042363434
rpwRJFPi.png,lontara,train,PNG,RGB,819,65,5516,False,1,,12.6,0.053235,0.8289283366206444
GlcHHmBv.png,lontara,train,PNG,RGB,949,35,3702,False,1,,27.114285714285714,0.033215,0.8916453409604095
1zxp9geQ.jpg,jawa,train,JPEG,RGB,1200,675,95550,False,1,,1.7777777777777777,0.81,0.9437037037037037
ih7t7yJy.png,jawi,train,PNG,RGB,110,76,839,False,1,,1.4473684210526316,0.00836,0.8028708133971292
bDwOcDTg.png,lampung,train,PNG,RGB,99,36,1052,False,1,,2.75,0.003564,2.361391694725028
DIlL0Urz.png,jawi,train,PNG,RGB,141,93,1583,False,1,,1.5161290322580645,0.013113,0.9657591702890261
JWawKQ9Q.png,sunda,train,PNG,RGB,757,88,4722,False,1,,8.602272727272727,0.066616,0.5670709739401946
vSBHNoJ1.png,jawi,train,PNG,RGB,896,72,5300,False,1,,12.444444444444445,0.064512,0.6572420634920635
QGrVt7Vu.png,jawi,train,PNG,RGB,759,42,4184,False,1,,18.071428571428573,0.031878,1.0500031369596587
2nQQobQf.png,lampung,train,PNG,RGB,234,87,1876,False,1,,2.689655172413793,0.020358,0.7372040475488751
WT8CWUGj.png,sunda,train,PNG,RGB,821,67,4563,False,1,,12.253731343283581,0.055007,0.6636246295925973
mBTY89oL.png,sunda,train,PNG,RGB,213,48,1368,False,1,,4.4375,0.010224,1.0704225352112675
LO3HoNVO.png,bali,train,PNG,RGB,1385,68,9749,False,1,,20.36764705882353,0.09418,0.8281163729029518
WJRPxjha.png,lampung,train,PNG,RGB,86,39,1294,False,1,,2.2051282051282053,0.003354,3.086463923673226
MsLQzDrg.png,jawi,train,PNG,RGB,123,74,1063,False,1,,1.662162162162162,0.009102,0.934300153812349
Zpy0Fr7R.png,jawa,train,PNG,RGB,988,61,8959,False,1,,16.19672131147541,0.060268,1.1892214774009424
e4Me7LMM.png,pegon,train,PNG,RGB,148,129,2963,False,1,,1.1472868217054264,0.019092,1.2415671485438928
fhfb6Iy5.png,jawa,train,PNG,RGB,600,74,10368,False,1,,8.108108108108109,0.0444,1.8681081081081081
KYF9xvKR.png,sunda,train,PNG,RGB,132,129,2038,False,1,,1.0232558139534884,0.017028,0.9574817946910971
RkaUxkjW.png,lampung,train,PNG,RGB,136,41,1679,False,1,,3.317073170731707,0.005576,2.4088952654232423
rA5HNNrH.png,lampung,train,PNG,RGB,116,48,1516,False,1,,2.4166666666666665,0.005568,2.17816091954023
hXTsTsZC.png,lontara,train,PNG,RGB,216,60,1228,False,1,,3.6,0.01296,0.7580246913580246
nXMcwUDe.png,pegon,train,PNG,RGB,881,89,10192,False,1,,9.898876404494382,0.078409,1.0398806259485518
4EW31qUo.png,bali,train,PNG,RGB,479,74,3370,False,1,,6.472972972972973,0.035446,0.7605935789651865
adLSFAug.png,lampung,train,PNG,RGB,135,37,2004,False,1,,3.6486486486486487,0.004995,3.2096096096096094
7n8YNOrd.png,sunda,train,PNG,RGB,74,40,626,False,1,,1.85,0.00296,1.691891891891892
Vu91eBay.png,jawi,train,PNG,RGB,424,63,3528,False,1,,6.73015873015873,0.026712,1.0566037735849056
XUDGbHlp.png,lampung,train,PNG,RGB,100,38,1330,False,1,,2.6315789473684212,0.0038,2.8
v9lgekSy.png,pegon,train,PNG,RGB,839,72,8112,False,1,,11.652777777777779,0.060408,1.0742947953913389
A3HWu1eb.png,sunda,train,PNG,RGB,35,33,272,False,1,,1.0606060606060606,0.001155,1.883982683982684
YLEyhwV4.png,jawi,train,PNG,RGB,347,52,1851,False,1,,6.673076923076923,0.018044,0.8206606074041233
ztUA2eyb.png,lampung,train,PNG,RGB,122,36,1620,False,1,,3.388888888888889,0.004392,2.9508196721311477
tB4d96sN.png,jawa,train,PNG,RGB,825,60,4826,False,1,,13.75,0.0495,0.779959595959596
xpLtIH56.png,lontara,train,PNG,RGB,941,47,4017,False,1,,20.02127659574468,0.044227,0.7266149637099509
PgEIaKx4.png,sunda,train,PNG,RGB,702,47,3848,False,1,,14.936170212765957,0.032994,0.9330181245074862
nGhp8rvR.jpg,lontara,train,JPEG,RGB,528,800,35878,False,1,"(72, 72)",0.66,0.4224,0.6795075757575758
yKdVboEu.png,pegon,train,PNG,RGB,139,126,1963,False,1,,1.1031746031746033,0.017514,0.8966541052871988
Rj5VD0fQ.png,lampung,train,PNG,RGB,140,41,1748,False,1,,3.4146341463414633,0.00574,2.4362369337979093
ZHkOKSy0.png,jawi,train,PNG,RGB,801,90,8965,False,1,,8.9,0.07209,0.9948675267027327
VnTJSRqO.png,jawa,train,PNG,RGB,854,61,5190,False,1,,14.0,0.052094,0.797020770146274
WHAHum19.png,lampung,train,PNG,RGB,202,76,1538,False,1,,2.6578947368421053,0.015352,0.8014590932777488
92b3Lu4Z.png,sunda,train,PNG,RGB,61,54,538,False,1,,1.1296296296296295,0.003294,1.3066180935033394
GqN3J713.png,bali,train,PNG,RGB,1481,71,10938,False,1,,20.859154929577464,0.105151,0.832174682123803
bkznjpsi.png,jawi,train,PNG,RGB,786,74,6515,False,1,,10.621621621621621,0.058164,0.8960869266212778
NBsppWE3.png,pegon,train,PNG,RGB,163,143,3487,False,1,,1.1398601398601398,0.023309,1.1967909391222276
BAbW4cIv.png,jawa,train,PNG,RGB,934,98,8258,False,1,,9.53061224489796,0.091532,0.7217585106847878
svygWLbh.png,lampung,train,PNG,RGB,274,67,1706,False,1,,4.08955223880597,0.018358,0.743436104150779
NWOTfE5V.png,jawi,train,PNG,RGB,815,83,7601,False,1,,9.819277108433734,0.067645,0.8989282282504251
tcXc4HNt.png,jawi,train,PNG,RGB,56,32,359,False,1,,1.75,0.001792,1.6026785714285714
vxqbLBEN.png,sunda,train,PNG,RGB,69,39,534,False,1,,1.7692307692307692,0.002691,1.5875139353400223
Z4QcGBcg.png,lontara,train,PNG,RGB,828,49,3929,False,1,,16.897959183673468,0.040572,0.7747214827960169
rIBiikZY.png,sunda,train,PNG,RGB,81,54,805,False,1,,1.5,0.004374,1.472336534064929
UAFq2GKA.png,sunda,train,PNG,RGB,45,51,429,False,1,,0.8823529411764706,0.002295,1.4954248366013072
cM7aMsIP.jpg,jawa,train,JPEG,RGB,1024,543,71751,False,1,,1.8858195211786373,0.556032,1.0323290745856353
0YnIb1mk.png,lampung,train,PNG,RGB,133,39,1719,False,1,,3.41025641025641,0.005187,2.6512434933487565
chZLlGCH.png,lontara,train,PNG,RGB,961,42,3610,False,1,,22.88095238095238,0.040362,0.7155245032456271
zGQ2vh1g.png,bali,train,PNG,RGB,1546,71,11269,False,1,,21.774647887323944,0.109766,0.821310788404424
TfrcAKgY.png,sunda,train,PNG,RGB,179,69,1189,False,1,,2.5942028985507246,0.012351,0.7701400696299895
Ei2KJkYS.png,bali,train,PNG,RGB,1416,71,10005,False,1,,19.943661971830984,0.100536,0.7961327285748389
qhrOiqcN.png,sunda,train,PNG,RGB,44,54,404,False,1,,0.8148148148148148,0.002376,1.3602693602693603
4rzA2cl1.jpg,bali,train,JPEG,RGB,1706,960,215600,False,1,"(72, 72)",1.7770833333333333,1.63776,1.0531457600625245
PC0AuloZ.png,jawi,train,PNG,RGB,892,68,4818,False,1,,13.117647058823529,0.060656,0.6354523872329201
EYAoWksO.png,bali,train,PNG,RGB,1360,63,9798,False,1,,21.58730158730159,0.08568,0.9148459383753501
r6Y1zvkz.png,bali,train,PNG,RGB,1279,73,10208,False,1,,17.52054794520548,0.093367,0.8746559276832285
0B9h6mx2.png,jawa,train,PNG,RGB,685,66,83264,False,1,,10.378787878787879,0.04521,14.733731475337315
hGEa2KFw.png,lampung,train,PNG,RGB,214,95,1531,False,1,,2.2526315789473683,0.02033,0.6024594195769798
nYKoXEgH.png,lampung,train,PNG,RGB,144,42,1555,False,1,,3.4285714285714284,0.006048,2.056878306878307
BekUheLH.png,jawi,train,PNG,RGB,197,66,1654,False,1,,2.984848484848485,0.013002,1.017689586217505
tviyv7W0.jpg,lampung,train,JPEG,RGB,970,544,39594,False,1,,1.7830882352941178,0.52768,0.6002728926622195
sFkNBSo3.png,jawa,train,PNG,RGB,517,49,47456,False,1,,10.551020408163266,0.025333,14.986302451348044
bqKF2TcM.png,sunda,train,PNG,RGB,785,65,4752,False,1,,12.076923076923077,0.051025,0.745046545810877
65SxWsqy.png,jawi,train,PNG,RGB,521,74,4454,False,1,,7.04054054054054,0.038554,0.9242101986823675
kKxTldHU.png,jawi,train,PNG,RGB,955,65,5643,False,1,,14.692307692307692,0.062075,0.7272492952074104
9VjPtma0.png,jawa,train,PNG,RGB,650,78,10616,False,1,,8.333333333333334,0.0507,1.6751084812623274
hhwxutSL.png,jawa,train,PNG,RGB,595,46,56031,False,1,,12.934782608695652,0.02737,16.37734746072342
tGgh8G2Z.png,jawi,train,PNG,RGB,376,82,2121,False,1,,4.585365853658536,0.030832,0.5503373118837571
lhv9S38a.png,sunda,train,PNG,RGB,784,68,4647,False,1,,11.529411764705882,0.053312,0.6973289315726291
vKu41bF1.png,bali,train,PNG,RGB,1395,66,9854,False,1,,21.136363636363637,0.09207,0.8562180949277723
gjbw7Txw.png,lampung,train,PNG,RGB,98,36,1290,False,1,,2.7222222222222223,0.003528,2.925170068027211
zokFdUSP.png,jawi,train,PNG,RGB,16,21,198,False,1,,0.7619047619047619,0.000336,4.714285714285714
U0Nfvmit.png,sunda,train,PNG,RGB,120,45,855,False,1,,2.6666666666666665,0.0054,1.2666666666666666
LeLdY3Qb.png,bali,train,PNG,RGB,86,58,1045,False,1,,1.4827586206896552,0.004988,1.6760224538893345
ff0VFdBw.png,lontara,train,PNG,RGB,948,74,4957,False,1,,12.81081081081081,0.070152,0.565286805793135
fOhRpUOR.png,sunda,train,PNG,RGB,157,43,1144,False,1,,3.6511627906976742,0.006751,1.3556510146644942
dKAZufxE.png,lampung,train,PNG,RGB,885,51,3500,False,1,,17.352941176470587,0.045135,0.6203611388058048
NlJH7RsA.png,jawa,train,PNG,RGB,611,74,10784,False,1,,8.256756756756756,0.045214,1.9080815676560356
i7vsDYaI.png,jawa,train,PNG,RGB,955,98,7705,False,1,,9.744897959183673,0.09359,0.6586173736510311
vvKbeERx.png,jawi,train,PNG,RGB,451,62,3343,False,1,,7.274193548387097,0.027962,0.9564408840569344
QSVdE7IT.png,lampung,train,PNG,RGB,143,42,1954,False,1,,3.4047619047619047,0.006006,2.6027306027306025
fSfO4lAR.png,jawi,train,PNG,RGB,800,70,6413,False,1,,11.428571428571429,0.056,0.9161428571428571
IcMQ729U.jpg,bali,train,JPEG,RGB,480,360,24697,False,1,,1.3333333333333333,0.1728,1.1433796296296297
PUJYfPqc.png,jawa,train,PNG,RGB,107,82,722,False,1,,1.3048780487804879,0.008774,0.658308639161158
8Fj6gzLT.png,lampung,train,PNG,RGB,276,72,2157,False,1,,3.8333333333333335,0.019872,0.8683574879227053
aRd3KGa1.png,jawa,train,PNG,RGB,393,51,38137,False,1,,7.705882352941177,0.020043,15.222072544030334
uWSyOh6F.png,jawa,train,PNG,RGB,891,66,6712,False,1,,13.5,0.058806,0.913104105023297
Jeqg0M7h.png,bali,train,PNG,RGB,1375,64,8724,False,1,,21.484375,0.088,0.7930909090909091
JBNBOY4K.png,jawa,train,PNG,RGB,630,66,71956,False,1,,9.545454545454545,0.04158,13.844348244348245
tz0qToNY.png,jawi,train,PNG,RGB,796,96,9842,False,1,,8.291666666666666,0.076416,1.0303601340033501
V5Yi5RNT.png,lontara,train,PNG,RGB,932,47,3961,False,1,,19.829787234042552,0.043804,0.723404255319149
4v7HlP24.png,jawa,train,PNG,RGB,697,51,95265,False,1,,13.666666666666666,0.035547,21.43978394801249
KQn86KbN.jpg,bali,train,JPEG,RGB,503,856,124637,False,1,"(96, 96)",0.5876168224299065,0.430568,2.3157689377752178
QGQKm9s0.png,lampung,train,PNG,RGB,219,80,1697,False,1,,2.7375,0.01752,0.7748858447488585
zxipBKYy.png,jawa,train,PNG,RGB,571,66,4566,False,1,,8.651515151515152,0.037686,0.9692724088520936
9kSoqZEt.png,sunda,train,PNG,RGB,823,73,4914,False,1,,11.273972602739725,0.060079,0.6543384543684149
8AuxnEhR.png,jawa,train,PNG,RGB,577,59,68765,False,1,,9.779661016949152,0.034043,16.159562905736863
yBtnmgOy.png,jawi,train,PNG,RGB,391,57,2020,False,1,,6.859649122807017,0.022287,0.7250863732220577
GEO1YdWF.png,jawi,train,PNG,RGB,73,38,589,False,1,,1.9210526315789473,0.002774,1.6986301369863013
bI31kQ7C.png,sunda,train,PNG,RGB,54,44,484,False,1,,1.2272727272727273,0.002376,1.6296296296296295
F4xub8nN.png,jawa,train,PNG,RGB,667,54,98665,False,1,,12.351851851851851,0.036018,21.914598256427343
s7ZSiH4S.png,jawi,train,PNG,RGB,418,94,2186,False,1,,4.446808510638298,0.039292,0.44507787844853913
oh2MaR6D.png,lontara,train,PNG,RGB,942,50,3996,False,1,,18.84,0.0471,0.6787261146496816
1Kr2Pnpk.png,jawa,train,PNG,RGB,945,56,13456,False,1,,16.875,0.05292,2.03416477702192
XtCkDoX1.png,pegon,train,PNG,RGB,825,93,9070,False,1,,8.870967741935484,0.076725,0.9457152166829587
IKinYpX9.png,sunda,train,PNG,RGB,156,136,2533,False,1,,1.1470588235294117,0.021216,0.9551282051282052
oCVV5Hjk.png,lampung,train,PNG,RGB,269,40,1279,False,1,,6.725,0.01076,0.9509293680297398
DIA0j6SU.png,lampung,train,PNG,RGB,186,75,1151,False,1,,2.48,0.01395,0.6600716845878136
zZCDmzPe.png,lontara,train,PNG,RGB,952,74,4684,False,1,,12.864864864864865,0.070448,0.531910061321826
HnelVBgL.png,jawi,train,PNG,RGB,386,66,3148,False,1,,5.848484848484849,0.025476,0.9885382320615481
ZJH0XFls.png,jawa,train,PNG,RGB,915,56,5892,False,1,,16.339285714285715,0.05124,0.9199063231850118
3OIQLttH.png,sunda,train,PNG,RGB,84,55,581,False,1,,1.5272727272727273,0.00462,1.006060606060606
8EkknZD6.png,jawi,train,PNG,RGB,952,72,5164,False,1,,13.222222222222221,0.068544,0.6027077497665733
pReQqu8e.png,lampung,train,PNG,RGB,143,33,1895,False,1,,4.333333333333333,0.004719,3.212545030726849
A86cbI0P.png,sunda,train,PNG,RGB,300,282,187494,False,1,,1.0638297872340425,0.0846,17.729929078014184
LVq2TXoU.png,jawi,train,PNG,RGB,220,71,1519,False,1,,3.0985915492957745,0.01562,0.7779769526248399
wezgD0gF.png,pegon,train,PNG,RGB,158,147,3438,False,1,,1.0748299319727892,0.023226,1.184190131748902
rriODEG0.png,jawa,train,PNG,RGB,958,86,20319,False,1,,11.13953488372093,0.082388,1.9730057775404186
shhbB1gz.png,jawa,train,PNG,RGB,338,56,4850,False,1,,6.035714285714286,0.018928,2.0498732037193577
xLcxiNs9.png,sunda,train,PNG,RGB,777,59,4849,False,1,,13.169491525423728,0.045843,0.8461924394127784
qr0Dsa4r.png,jawa,train,PNG,P,700,730,46758,False,1,"(95.9866, 95.9866)",0.958904109589041,0.511,0.7320234833659491
dYxZEzBa.png,sunda,train,PNG,RGB,820,69,4356,False,1,,11.884057971014492,0.05658,0.6159066808059385
BBvCgo51.png,jawa,train,PNG,RGB,988,89,8189,False,1,,11.101123595505618,0.087932,0.7450302506482281
LeTEDZBH.png,lampung,train,PNG,RGB,141,31,1994,False,1,,4.548387096774194,0.004371,3.649508121711279
O7G1SxRA.png,sunda,train,PNG,RGB,80,55,698,False,1,,1.4545454545454546,0.0044,1.269090909090909
GUq8AaWM.png,jawa,train,PNG,RGB,855,79,7196,False,1,,10.822784810126583,0.067545,0.852291065215782
eYz5jjXC.png,lontara,train,PNG,RGB,935,56,4314,False,1,,16.696428571428573,0.05236,0.6591291061879297
80g7zxyM.png,jawa,train,PNG,RGB,701,112,24297,False,1,,6.258928571428571,0.078512,2.4757489300998574
SCdW6REG.png,jawi,train,PNG,RGB,202,50,1044,False,1,,4.04,0.0101,0.8269306930693069
RSuXHIPF.png,jawa,train,PNG,RGB,449,84,3122,False,1,,5.345238095238095,0.037716,0.6622123236822569
I63uqhLK.png,lontara,train,PNG,RGB,943,56,4010,False,1,,16.839285714285715,0.052808,0.6074837145886987
LliQF9GY.png,sunda,train,PNG,RGB,44,54,428,False,1,,0.8148148148148148,0.002376,1.4410774410774412
OhtDRxOw.png,sunda,train,PNG,RGB,186,50,1280,False,1,,3.72,0.0093,1.1010752688172043
BwRTQ582.png,jawa,train,PNG,RGB,845,72,6077,False,1,,11.73611111111111,0.06084,0.7990795529257068
pSKsyIru.png,sunda,train,PNG,RGB,190,58,1586,False,1,,3.2758620689655173,0.01102,1.151361161524501
22PuHPHT.png,lampung,train,PNG,RGB,938,48,3777,False,1,,19.541666666666668,0.045024,0.6711087420042644
QGDNJquS.png,sunda,train,PNG,RGB,787,73,5020,False,1,,10.780821917808218,0.057451,0.6990304781465945
ejv8VdvJ.png,jawa,train,PNG,RGB,727,87,12536,False,1,,8.35632183908046,0.063249,1.5856060965390757
3XCKjrFv.png,bali,train,PNG,RGB,1404,62,9566,False,1,,22.64516129032258,0.087048,0.8791471372116534
i6jX5VMn.png,sunda,train,PNG,RGB,244,45,1510,False,1,,5.4222222222222225,0.01098,1.1001821493624773
I5PChxPI.png,jawa,train,PNG,RGB,817,131,7798,False,1,,6.236641221374046,0.107027,0.5828809552729685
HdxdThx8.png,bali,train,PNG,RGB,1336,68,10315,False,1,,19.647058823529413,0.090848,0.9083303980274745
q8IFpkSi.png,bali,train,PNG,RGB,1355,71,9823,False,1,,19.08450704225352,0.096205,0.8168390416298529
BY8lyTaX.png,sunda,train,PNG,RGB,801,47,4636,False,1,,17.04255319148936,0.037647,0.9851515392992801
n3BBzqrJ.png,lontara,train,PNG,RGB,843,51,4169,False,1,,16.529411764705884,0.042993,0.7757541925429721
baTQS37T.png,sunda,train,PNG,RGB,733,72,4549,False,1,,10.180555555555555,0.052776,0.6895558587236623
8zX3Bk38.png,lontara,train,PNG,RGB,925,49,4922,False,1,,18.877551020408163,0.045325,0.8687479316050745
11J5YDvg.png,jawa,train,PNG,RGB,664,78,11337,False,1,,8.512820512820513,0.051792,1.7511584800741427
mIZSvA7u.png,sunda,train,PNG,RGB,55,58,419,False,1,,0.9482758620689655,0.00319,1.0507836990595611
MXJBUBMT.png,jawa,train,PNG,RGB,656,94,18042,False,1,,6.9787234042553195,0.061664,2.340685002594707
ATThQiJO.png,pegon,train,PNG,RGB,175,151,4399,False,1,,1.1589403973509933,0.026425,1.3317691579943236
ezxa6soR.png,lampung,train,PNG,RGB,139,31,1846,False,1,,4.483870967741935,0.004309,3.4272453005337664
zSQEmPHo.png,jawi,train,PNG,RGB,540,52,3651,False,1,,10.384615384615385,0.02808,1.0401709401709403
jYd9XEoO.png,pegon,train,PNG,RGB,156,145,3922,False,1,,1.0758620689655172,0.02262,1.3870910698496905
o7uoMt0D.png,jawa,train,PNG,RGB,640,86,145333,False,1,,7.441860465116279,0.05504,21.123982558139534
lOsHKXKt.png,bali,train,PNG,RGB,1406,58,9454,False,1,,24.24137931034483,0.081548,0.9274537695590327
YV05c7bO.png,pegon,train,PNG,RGB,927,63,8137,False,1,,14.714285714285714,0.058401,1.1146384479717812
nz0luBwZ.png,sunda,train,PNG,RGB,692,65,3584,False,1,,10.646153846153846,0.04498,0.6374388617163184
pSiKFjbE.png,lampung,train,PNG,RGB,138,41,2162,False,1,,3.3658536585365852,0.005658,3.0569105691056913
wrUViaar.png,jawa,train,PNG,RGB,987,76,16280,False,1,,12.986842105263158,0.075012,1.7362555324481417
LtuVyyLs.png,jawi,train,PNG,RGB,323,54,1892,False,1,,5.981481481481482,0.017442,0.8677903910102053
yK0QM0aZ.png,jawa,train,PNG,RGB,572,51,57386,False,1,,11.215686274509803,0.029172,15.73728232551762
F2BFe1Ft.png,pegon,train,PNG,RGB,112,94,1793,False,1,,1.1914893617021276,0.010528,1.3624620060790273
zIsxfEpX.png,jawa,train,PNG,RGB,136,108,1154,False,1,,1.2592592592592593,0.014688,0.6285403050108932
6qJNCoYy.png,jawi,train,PNG,RGB,84,47,637,False,1,,1.7872340425531914,0.003948,1.2907801418439717
wBLg71Yy.png,lontara,train,PNG,RGB,2000,1600,2373209,False,1,,1.25,3.2,5.9330225
qpfkhEY1.png,pegon,train,PNG,RGB,132,132,2434,False,1,,1.0,0.017424,1.1175390266299357
h3l9ppZ3.png,jawa,train,PNG,RGB,640,79,9907,False,1,,8.10126582278481,0.05056,1.5675632911392405
cwBsh56a.png,pegon,train,PNG,RGB,101,100,1894,False,1,,1.01,0.0101,1.5001980198019802
5CEDhrRj.png,sunda,train,PNG,RGB,40,35,334,False,1,,1.1428571428571428,0.0014,1.9085714285714286
fuuZiyNB.jpg,lontara,train,JPEG,RGB,433,616,34688,False,1,,0.702922077922078,0.266728,1.0404007078371975
Qp5L2a6r.png,lontara,train,PNG,RGB,939,47,4224,False,1,,19.97872340425532,0.044133,0.7656855414315819
A4lcvyH2.png,sunda,train,PNG,RGB,786,67,4209,False,1,,11.73134328358209,0.052662,0.6393984277087843
Rw9cWoNQ.png,lontara,train,PNG,RGB,869,52,4426,False,1,,16.71153846153846,0.045188,0.7835708595202266
gau3WdqE.png,jawi,train,PNG,RGB,295,45,1594,False,1,,6.555555555555555,0.013275,0.9606026365348399
6i4aihLB.png,jawa,train,PNG,RGB,669,53,96203,False,1,,12.622641509433961,0.035457,21.705840877682828
OInGUFul.png,jawi,train,PNG,RGB,811,77,8431,False,1,,10.532467532467532,0.062447,1.080083911156661
AaFlOUh2.png,jawi,train,PNG,RGB,808,80,7129,False,1,,10.1,0.06464,0.8823019801980198
WeFVJU48.png,bali,train,PNG,RGB,113,68,900,False,1,,1.661764705882353,0.007684,0.9370119729307652
Bc8w4GiB.png,sunda,train,PNG,RGB,160,144,2884,False,1,,1.1111111111111112,0.02304,1.0013888888888889
nN36nXcf.png,sunda,train,PNG,RGB,34,32,277,False,1,,1.0625,0.001088,2.036764705882353
RdbueIP3.png,jawi,train,PNG,RGB,581,79,3435,False,1,,7.3544303797468356,0.045899,0.5987058541580427
IF7uM85N.png,bali,train,PNG,RGB,144,80,1373,False,1,,1.8,0.01152,0.9534722222222223
bOpBfm5b.png,sunda,train,PNG,RGB,795,72,4911,False,1,,11.041666666666666,0.05724,0.6863731656184486
aWDmeZnl.png,pegon,train,PNG,RGB,582,89,4607,False,1,,6.53932584269663,0.051798,0.7115332638325804
aUXYRTlv.png,sunda,train,PNG,RGB,32,35,305,False,1,,0.9142857142857143,0.00112,2.1785714285714284
dvfU4Fz4.png,jawi,train,PNG,RGB,810,81,7347,False,1,,10.0,0.06561,0.8958390489254687
rruEa7kF.png,jawi,train,PNG,RGB,414,47,2511,False,1,,8.808510638297872,0.019458,1.032377428307123
Katgct1b.png,lampung,train,PNG,RGB,151,82,1401,False,1,,1.8414634146341464,0.012382,0.905184945889194
DnGgNuXD.png,jawi,train,PNG,RGB,947,60,5162,False,1,,15.783333333333333,0.05682,0.7267863428370293
8hHxmufk.png,bali,train,PNG,RGB,1399,56,9437,False,1,,24.982142857142858,0.078344,0.963647503318697
D05LoIbZ.png,jawi,train,PNG,RGB,814,85,7379,False,1,,9.576470588235294,0.06919,0.8531868767162885
GimhRf53.png,jawi,train,PNG,RGB,24,26,275,False,1,,0.9230769230769231,0.000624,3.5256410256410255
bCIsakwd.png,lampung,train,PNG,RGB,102,37,1115,False,1,,2.7567567567567566,0.003774,2.3635400105988342
i6A1RSR1.png,jawi,train,PNG,RGB,686,91,7445,False,1,,7.538461538461538,0.062426,0.9540896421362893
yvhE48gD.png,pegon,train,PNG,RGB,148,120,2696,False,1,,1.2333333333333334,0.01776,1.2144144144144144
noNn865N.png,jawa,train,PNG,RGB,655,69,123561,False,1,,9.492753623188406,0.045195,21.871622967142383
BaycxHhF.png,jawi,train,PNG,RGB,238,79,1089,False,1,,3.0126582278481013,0.018802,0.4633549622380598
8aXb57MZ.png,jawi,train,PNG,RGB,36,45,380,False,1,,0.8,0.00162,1.876543209876543
KqXg11it.png,jawa,train,PNG,RGB,264,62,32185,False,1,,4.258064516129032,0.016368,15.73069403714565
fru6b0zL.png,jawi,train,PNG,RGB,372,71,3898,False,1,,5.23943661971831,0.026412,1.180675450552779
2Ep3D91l.png,pegon,train,PNG,RGB,186,169,4897,False,1,,1.1005917159763314,0.031434,1.246293821976204
NZSKqCu2.png,sunda,train,PNG,RGB,802,43,4363,False,1,,18.651162790697676,0.034486,1.0121208606391
j2pF621b.png,sunda,train,PNG,RGB,124,42,856,False,1,,2.9523809523809526,0.005208,1.314900153609831
lUs8lUdP.png,jawa,train,PNG,RGB,80,98,1184,False,1,,0.8163265306122449,0.00784,1.2081632653061225
Co0lR3pn.png,jawa,train,PNG,RGB,635,68,69651,False,1,,9.338235294117647,0.04318,12.90430754979157
qbOGYkER.png,jawa,train,PNG,RGB,114,85,1484,False,1,,1.3411764705882352,0.00969,1.2251805985552116
8Pg4QEHg.png,sunda,train,PNG,RGB,785,73,4668,False,1,,10.753424657534246,0.057305,0.6516708838670273
TSTe8GQ1.png,jawa,train,PNG,RGB,640,91,9897,False,1,,7.032967032967033,0.05824,1.359478021978022
GHmYgsU1.png,sunda,train,PNG,RGB,801,45,4186,False,1,,17.8,0.036045,0.9290608961020946
MuR7rzdl.jpg,jawa,train,JPEG,L,1654,2340,285193,False,1,"(200.0, 200.0)",0.7068376068376069,3.87036,0.5894914168191072
BqUmXjph.png,sunda,train,PNG,RGB,164,150,2529,False,1,,1.0933333333333333,0.0246,0.8224390243902439
gOhGTv61.png,jawa,train,PNG,RGB,731,68,5981,False,1,,10.75,0.049708,0.9625814758187817
pUiOAa74.png,jawi,train,PNG,RGB,806,73,7723,False,1,,11.04109589041096,0.058838,1.050069682858017
iodbCLbu.png,lontara,train,PNG,RGB,946,55,4159,False,1,,17.2,0.05203,0.6394772246780703
MK1maYWw.png,lampung,train,PNG,RGB,259,81,1865,False,1,,3.197530864197531,0.020979,0.7111873778540445
s9TzT5gN.png,lampung,train,PNG,RGB,138,41,1656,False,1,,3.3658536585365852,0.005658,2.341463414634146
3U5RoRQk.png,jawi,train,PNG,RGB,819,76,6976,False,1,,10.776315789473685,0.062244,0.896600475547844
MMFqryiY.png,lampung,train,PNG,RGB,194,71,1319,False,1,,2.732394366197183,0.013774,0.7660810222157688
5qMFRTiX.png,jawa,train,PNG,RGB,958,72,9730,False,1,,13.305555555555555,0.068976,1.1285084667130596
4LRyTHiQ.png,sunda,train,PNG,RGB,706,44,4041,False,1,,16.045454545454547,0.031064,1.0406901879989698
5AUniMPt.png,lontara,train,PNG,RGB,877,59,3899,False,1,,14.864406779661017,0.051743,0.6028255029665849
QeEf1zIv.png,lampung,train,PNG,RGB,179,73,1227,False,1,,2.452054794520548,0.013067,0.7512053263947348
8lodvJ0E.png,sunda,train,PNG,RGB,77,55,666,False,1,,1.4,0.004235,1.2580873671782762
Z0SqcnG4.png,sunda,train,PNG,RGB,124,56,1100,False,1,,2.2142857142857144,0.006944,1.2672811059907834
9fr0iKs3.png,jawi,train,PNG,RGB,135,70,918,False,1,,1.9285714285714286,0.00945,0.7771428571428571
HaZZ4QH2.png,lampung,train,PNG,RGB,152,42,2225,False,1,,3.619047619047619,0.006384,2.788220551378446
6xDUKb3K.png,lampung,train,PNG,RGB,199,69,1459,False,1,,2.8840579710144927,0.013731,0.8500473381399752
iI6in3eP.png,bali,train,PNG,RGB,1377,57,8634,False,1,,24.157894736842106,0.078489,0.8800214042732103
lU5xgYR0.png,jawi,train,PNG,RGB,361,63,1850,False,1,,5.73015873015873,0.022743,0.6507496812205954
7i8PG9Ub.png,sunda,train,PNG,RGB,214,42,1375,False,1,,5.095238095238095,0.008988,1.2238540275923453
sJ0iKoM1.png,jawi,train,PNG,RGB,799,89,7509,False,1,,8.97752808988764,0.071111,0.8447638199434686
Ta0x7Eph.png,bali,train,PNG,RGB,309,77,3885,False,1,,4.012987012987013,0.023793,1.3062665489849956
mnehekz3.png,jawa,train,PNG,RGB,658,84,10701,False,1,,7.833333333333333,0.055272,1.5488493269648285
EOH2hydY.png,jawa,train,PNG,RGB,647,66,9613,False,1,,9.803030303030303,0.042702,1.8009460915179616
krGxZur9.png,lontara,train,PNG,RGB,944,76,4830,False,1,,12.421052631578947,0.071744,0.5385816235504014
kZHNa11x.png,lontara,train,PNG,RGB,724,51,3539,False,1,,14.196078431372548,0.036924,0.7667641642292276
GGtyvDUK.png,jawi,train,PNG,RGB,865,65,4505,False,1,,13.307692307692308,0.056225,0.6409959982214317
wbJxvXIi.png,jawi,train,PNG,RGB,423,68,2671,False,1,,6.220588235294118,0.028764,0.7428730357391183
2SrsTCNZ.png,sunda,train,PNG,RGB,772,69,4738,False,1,,11.18840579710145,0.053268,0.7115716753022453
QrQvIixH.png,sunda,train,PNG,RGB,830,82,4625,False,1,,10.121951219512194,0.06806,0.543637966500147
EvefOGy3.png,jawi,train,PNG,RGB,818,79,7493,False,1,,10.354430379746836,0.064622,0.9276097923307852
zM4t7zMV.png,sunda,train,PNG,RGB,784,78,5015,False,1,,10.051282051282051,0.061152,0.6560701203558347
Xeg5Vipo.png,sunda,train,PNG,RGB,63,61,489,False,1,,1.0327868852459017,0.003843,1.0179547228727557
PxvIygvK.png,sunda,train,PNG,RGB,128,56,1055,False,1,,2.2857142857142856,0.007168,1.1774553571428572
MKEj9Egy.png,pegon,train,PNG,RGB,106,122,2134,False,1,,0.8688524590163934,0.012932,1.3201360965047944
xJX17TF8.png,jawi,train,PNG,RGB,640,80,5252,False,1,,8.0,0.0512,0.820625
ewvo77IW.png,jawa,train,PNG,RGB,967,82,7225,False,1,,11.792682926829269,0.079294,0.7289328322445582
4Z7OoWaz.png,sunda,train,PNG,RGB,124,56,1047,False,1,,2.2142857142857144,0.006944,1.206221198156682
SGWBg1Sk.png,sunda,train,PNG,RGB,82,55,615,False,1,,1.490909090909091,0.00451,1.0909090909090908
WyrlDhoh.png,jawi,train,PNG,RGB,116,57,852,False,1,,2.0350877192982457,0.006612,1.030852994555354
hiYUQY8w.png,pegon,train,PNG,RGB,112,104,1894,False,1,,1.0769230769230769,0.011648,1.3008241758241759
Bv2oyw7P.png,pegon,train,PNG,RGB,144,133,3403,False,1,,1.0827067669172932,0.019152,1.421470342522974
dLaKcGAs.png,lampung,train,PNG,RGB,118,30,1655,False,1,,3.933333333333333,0.00354,3.7401129943502824
9hZnoYgP.png,sunda,train,PNG,RGB,110,58,945,False,1,,1.896551724137931,0.00638,1.1849529780564263
Re4aIUH9.png,lontara,train,PNG,RGB,946,64,4028,False,1,,14.78125,0.060544,0.5322410147991543
alDc3OSN.png,jawi,train,PNG,RGB,179,76,1278,False,1,,2.3552631578947367,0.013604,0.7515436636283446
pSWmA3Un.png,jawa,train,PNG,RGB,991,98,7831,False,1,,10.112244897959183,0.097118,0.6450709446240656
2jtMkRoa.png,sunda,train,PNG,RGB,49,46,460,False,1,,1.065217391304348,0.002254,1.6326530612244898
h5GN86Z8.png,sunda,train,PNG,RGB,124,56,1063,False,1,,2.2142857142857144,0.006944,1.2246543778801844
g5EaEpvy.png,lontara,train,PNG,RGB,956,60,4492,False,1,,15.933333333333334,0.05736,0.6264993026499303
lvH9xi3L.png,jawa,train,PNG,RGB,884,83,6277,False,1,,10.650602409638553,0.073372,0.684402769448836
7B9GsLot.png,sunda,train,PNG,RGB,689,54,3772,False,1,,12.75925925925926,0.037206,0.8110519808633017
IYZ4iF9X.png,sunda,train,PNG,RGB,44,54,444,False,1,,0.8148148148148148,0.002376,1.494949494949495
5XOC7t4K.png,sunda,train,PNG,RGB,725,49,4263,False,1,,14.795918367346939,0.035525,0.96
sZVE2ywp.png,pegon,train,PNG,RGB,134,101,2454,False,1,,1.3267326732673268,0.013534,1.450568937490764
RJPuZlBW.png,jawa,train,PNG,RGB,643,75,10853,False,1,,8.573333333333334,0.048225,1.8003939865215137
ZpHspSiD.png,jawa,train,PNG,RGB,794,69,6656,False,1,,11.507246376811594,0.054786,0.9719271346694411
tVLTxNyb.jpg,pegon,train,JPEG,RGB,561,561,144617,False,1,"(72, 72)",1.0,0.314721,3.6760686449267763
uqQiKkIP.png,bali,train,PNG,RGB,262,77,1727,False,1,,3.4025974025974026,0.020174,0.6848418756815703
WHOTc9Kh.png,jawa,train,PNG,RGB,950,75,7391,False,1,,12.666666666666666,0.07125,0.8298666666666666
OKkmXzt8.png,jawa,train,PNG,RGB,94,67,1013,False,1,,1.4029850746268657,0.006298,1.2867577008574151
72uKrvWD.png,jawa,train,PNG,RGB,439,79,7432,False,1,,5.556962025316456,0.034681,1.714368097805715
pxo8iU3u.png,lampung,train,PNG,RGB,82,37,1231,False,1,,2.2162162162162162,0.003034,3.245880026367831
6lzzj1My.png,jawi,train,PNG,RGB,375,76,4072,False,1,,4.934210526315789,0.0285,1.143017543859649
CUJFtpU0.png,jawi,train,PNG,RGB,828,92,8256,False,1,,9.0,0.076176,0.867044738500315
Pn2o0YTT.jpg,jawa,train,JPEG,L,565,514,101076,False,1,"(72, 72)",1.0992217898832686,0.29041,2.7843669295134466
kdMmxAfq.png,sunda,train,PNG,RGB,766,96,4199,False,1,,7.979166666666667,0.073536,0.4568102697998259
Y96AH3bs.png,lontara,train,PNG,RGB,925,49,3924,False,1,,18.877551020408163,0.045325,0.6925979040264755
l8CCE88p.png,lampung,train,PNG,RGB,146,42,1682,False,1,,3.4761904761904763,0.006132,2.194390084801044
mKIZSzSN.png,sunda,train,PNG,RGB,1122,62,7064,False,1,,18.096774193548388,0.069564,0.8123742165487896
aIifqU3i.png,jawi,train,PNG,RGB,817,104,9799,False,1,,7.855769230769231,0.084968,0.9226061576122776
zrz1gBi8.png,pegon,train,PNG,RGB,102,94,1442,False,1,,1.0851063829787233,0.009588,1.2031706299541094
wNTWQ7Eu.png,jawa,train,PNG,RGB,972,101,9329,False,1,,9.623762376237623,0.098172,0.7602167624169824
Klwhq4ps.png,jawi,train,PNG,RGB,500,50,2853,False,1,,10.0,0.025,0.91296
6L6oDkMj.png,pegon,train,PNG,RGB,87,71,1155,False,1,,1.2253521126760563,0.006177,1.4958717824186498
bnhZPFr1.png,sunda,train,PNG,RGB,298,42,1765,False,1,,7.095238095238095,0.012516,1.1281559603707254
6Jj7eo3O.png,sunda,train,PNG,RGB,695,72,4168,False,1,,9.652777777777779,0.05004,0.6663469224620304
wPTaDzIy.png,bali,train,PNG,RGB,99,68,716,False,1,,1.4558823529411764,0.006732,0.8508615567439097
JAYqAwsv.png,bali,train,PNG,RGB,1410,63,10259,False,1,,22.38095238095238,0.08883,0.9239220983901835
VjC2Zk8B.png,jawi,train,PNG,RGB,944,57,4871,False,1,,16.56140350877193,0.053808,0.7242045792447219
iYM4n0S7.png,pegon,train,PNG,RGB,180,145,3895,False,1,,1.2413793103448276,0.0261,1.1938697318007663
FAMrEL5t.png,jawa,train,PNG,RGB,734,75,11513,False,1,,9.786666666666667,0.05505,1.6730971843778384
GqTzvICw.png,lontara,train,PNG,RGB,766,60,4061,False,1,,12.766666666666667,0.04596,0.706875543951262
kz50SphP.png,bali,train,PNG,RGB,1409,49,7715,False,1,,28.755102040816325,0.069041,0.893961559073594
R7LZ7gT7.png,jawa,train,PNG,RGB,965,76,17843,False,1,,12.697368421052632,0.07334,1.9463321516225798
cg6YBstG.png,sunda,train,PNG,RGB,167,51,1226,False,1,,3.2745098039215685,0.008517,1.1515791945520724
XzNnUpQh.png,sunda,train,PNG,RGB,47,54,470,False,1,,0.8703703703703703,0.002538,1.4814814814814814
aN9eOSXS.jpg,jawi,train,JPEG,L,768,1024,90146,False,1,,0.75,0.786432,0.9170125325520834
oTyT8UlN.png,sunda,train,PNG,RGB,79,41,654,False,1,,1.9268292682926829,0.003239,1.6153133683235568
HSmSrC1f.png,jawi,train,PNG,RGB,293,64,1743,False,1,,4.578125,0.018752,0.7436006825938567
ieCwAOj8.png,lontara,train,PNG,RGB,844,47,4128,False,1,,17.95744680851064,0.039668,0.8325098316022991
LRUV85Nq.png,lontara,train,PNG,RGB,712,70,5697,False,1,,10.17142857142857,0.04984,0.914446227929374
gEP1AjoU.png,sunda,train,PNG,RGB,140,43,933,False,1,,3.255813953488372,0.00602,1.2398671096345515
hXcSm3XE.png,sunda,train,PNG,RGB,112,65,1138,False,1,,1.7230769230769232,0.00728,1.2505494505494505
JbnV2aI4.png,pegon,train,PNG,RGB,122,50,791,False,1,,2.44,0.0061,1.0373770491803278
jp0XB4bC.png,jawi,train,PNG,RGB,42,39,340,False,1,,1.0769230769230769,0.001638,1.6605616605616607
WximjsPa.png,lampung,train,PNG,RGB,138,43,1667,False,1,,3.2093023255813953,0.005934,2.247387933940007
Cj6fhTfi.png,lontara,train,PNG,RGB,942,51,4423,False,1,,18.470588235294116,0.048042,0.7365222097331502
pciJQTiE.png,lampung,train,PNG,RGB,93,38,1354,False,1,,2.4473684210526314,0.003534,3.0650820599886814
iNvknkP5.png,bali,train,PNG,RGB,185,68,1556,False,1,,2.7205882352941178,0.01258,0.9895071542130366
peQKGGlM.png,pegon,train,PNG,RGB,172,165,4264,False,1,,1.0424242424242425,0.02838,1.2019732205778717
wgJN7jBV.png,lontara,train,PNG,RGB,866,47,3922,False,1,,18.425531914893618,0.040702,0.7708712102599381
fKR9IIiQ.png,jawi,train,PNG,RGB,48,44,487,False,1,,1.0909090909090908,0.002112,1.8446969696969697
fWOVNtAL.png,lontara,train,PNG,RGB,938,51,3996,False,1,,18.392156862745097,0.047838,0.668255361846231
EWKLlLMS.png,jawi,train,PNG,RGB,814,97,8816,False,1,,8.391752577319588,0.078958,0.8932343777704602
tycI2E60.png,jawa,train,PNG,RGB,443,66,55841,False,1,,6.712121212121212,0.029238,15.27902045283535
mX6JeAay.jpg,lontara,train,JPEG,RGB,572,481,50244,False,1,"(96, 96)",1.1891891891891893,0.275132,1.4609423840193072
UYStIPdv.png,lontara,train,PNG,RGB,943,52,3839,False,1,,18.134615384615383,0.049036,0.626315360143568
MYzLfnpF.png,bali,train,PNG,RGB,188,68,1713,False,1,,2.764705882352941,0.012784,1.071964956195244
pikUEMoX.png,lampung,train,PNG,RGB,150,42,2042,False,1,,3.5714285714285716,0.0063,2.593015873015873
6CYeL72O.png,sunda,train,PNG,RGB,74,44,607,False,1,,1.6818181818181819,0.003256,1.4914004914004915
CwYhcemU.png,jawi,train,PNG,RGB,32,31,287,False,1,,1.032258064516129,0.000992,2.314516129032258
bK8eXPbH.png,jawa,train,PNG,RGB,541,48,51154,False,1,,11.270833333333334,0.025968,15.759088108441158
tcGUJD42.png,bali,train,PNG,RGB,1337,62,9668,False,1,,21.56451612903226,0.082894,0.9330470239100538
XE8xFXcX.png,jawi,train,PNG,RGB,259,102,2231,False,1,,2.5392156862745097,0.026418,0.6755999697176168
fN0sbRwP.png,lampung,train,PNG,RGB,107,31,1279,False,1,,3.4516129032258065,0.003317,3.084715104009647
CkxgOrzC.png,bali,train,PNG,RGB,1407,59,10074,False,1,,23.847457627118644,0.083013,0.9708358931733584
2QJgfFSK.png,sunda,train,PNG,RGB,41,40,352,False,1,,1.025,0.00164,1.7170731707317073
e7lxgzEX.png,lontara,train,PNG,RGB,477,45,2216,False,1,,10.6,0.021465,0.8259026321919404
tp9qoZRs.png,jawa,train,PNG,RGB,874,75,8541,False,1,,11.653333333333334,0.06555,1.0423798627002288
NbPLh9RR.png,jawa,train,PNG,RGB,900,49,5073,False,1,,18.367346938775512,0.0441,0.9202721088435374
fChr7anR.png,bali,train,PNG,RGB,690,63,4929,False,1,,10.952380952380953,0.04347,0.9071083505866114
eYLW9c4b.png,jawi,train,PNG,RGB,212,43,1214,False,1,,4.930232558139535,0.009116,1.0653795524352787
XbEHmHlv.png,pegon,train,PNG,RGB,95,89,1701,False,1,,1.0674157303370786,0.008455,1.6094618568894146
4jN9hS8W.png,sunda,train,PNG,RGB,777,60,5002,False,1,,12.95,0.04662,0.8583440583440584
Wzbtjc6D.png,lontara,train,PNG,RGB,819,41,3595,False,1,,19.975609756097562,0.033579,0.8564876857559784
MPS9kbYk.png,bali,train,PNG,RGB,1443,64,10464,False,1,,22.546875,0.092352,0.9064449064449065
0P0G9kXl.png,sunda,train,PNG,RGB,113,38,784,False,1,,2.973684210526316,0.004294,1.4606427573358174
6xp7t7dv.png,lampung,train,PNG,RGB,144,36,1951,False,1,,4.0,0.005184,3.0108024691358026
VNgFlTGn.png,sunda,train,PNG,RGB,806,46,4477,False,1,,17.52173913043478,0.037076,0.9660157514294961
McbzBlOe.png,jawi,train,PNG,RGB,553,56,3251,False,1,,9.875,0.030968,0.839834668044433
3v4NqUc3.png,bali,train,PNG,RGB,759,55,5290,False,1,,13.8,0.041745,1.0137741046831956
aqLVKvZq.png,lampung,train,PNG,RGB,152,72,1131,False,1,,2.111111111111111,0.010944,0.8267543859649122
CfHqeTls.png,jawi,train,PNG,RGB,271,73,2495,False,1,,3.712328767123288,0.019783,1.0089470757721275
jIilztY5.jpg,bali,train,JPEG,RGB,260,146,9312,False,1,,1.7808219178082192,0.03796,1.962486828240253
pS22M8WI.png,jawa,train,PNG,RGB,923,80,7996,False,1,,11.5375,0.07384,0.866305525460455
bujx5toW.png,lontara,train,PNG,RGB,936,47,4251,False,1,,19.914893617021278,0.043992,0.7730496453900709
g3tAkhyr.png,lampung,train,PNG,RGB,128,42,1727,False,1,,3.0476190476190474,0.005376,2.5699404761904763
YUFuRAx6.png,sunda,train,PNG,RGB,1123,62,7333,False,1,,18.112903225806452,0.069626,0.8425588142360613
h3exH7tZ.png,lampung,train,PNG,RGB,148,81,1278,False,1,,1.8271604938271604,0.011988,0.8528528528528528
CgDIIDUS.png,lontara,train,PNG,RGB,875,55,2984,False,1,,15.909090909090908,0.048125,0.49604155844155845
JBoPkgax.png,jawa,train,PNG,RGB,670,81,12235,False,1,,8.271604938271604,0.05427,1.8035747189976046
k90N8S4u.png,jawa,train,PNG,RGB,363,67,6196,False,1,,5.417910447761194,0.024321,2.0380740923481766
5ghxWNyR.jpg,jawa,train,JPEG,RGB,585,329,20725,False,1,"(96, 96)",1.778115501519757,0.192465,0.8614553295404359
9tdOj7fa.png,lontara,train,PNG,RGB,182,42,1028,False,1,,4.333333333333333,0.007644,1.075876504447933
HhhrLbSz.png,bali,train,PNG,RGB,1408,67,9846,False,1,,21.01492537313433,0.094336,0.8349728629579376
zAnFtNxA.png,jawa,train,PNG,RGB,913,73,7353,False,1,,12.506849315068493,0.066649,0.8825938873801558
N8fx0ckv.png,sunda,train,PNG,RGB,832,68,4372,False,1,,12.235294117647058,0.056576,0.6182126696832579
UmCki9z3.png,bali,train,PNG,RGB,133,76,1011,False,1,,1.75,0.010108,0.8001582904629996
GOkjzosa.png,jawa,train,PNG,RGB,667,73,10118,False,1,,9.136986301369863,0.048691,1.6624016758743916
IDpHW9DT.png,pegon,train,PNG,RGB,185,178,6248,False,1,,1.0393258426966292,0.03293,1.5178864257515943
oLaVz1RZ.png,sunda,train,PNG,RGB,149,42,949,False,1,,3.5476190476190474,0.006258,1.2131671460530522
F6VAx3lT.png,jawi,train,PNG,RGB,271,61,2037,False,1,,4.442622950819672,0.016531,0.985784284072349
ZUT2PB1L.png,jawi,train,PNG,RGB,937,64,5224,False,1,,14.640625,0.059968,0.6969050160085379
4ocQNYId.png,lampung,train,PNG,RGB,139,36,1765,False,1,,3.861111111111111,0.005004,2.8217426059152677
2fhz1UCI.png,jawi,train,PNG,RGB,812,82,8479,False,1,,9.902439024390244,0.066584,1.0187432416196083
2Yex6aA9.png,lampung,train,PNG,RGB,261,80,1972,False,1,,3.2625,0.02088,0.7555555555555555
cCmV6Lgk.png,lampung,train,PNG,RGB,139,36,1794,False,1,,3.861111111111111,0.005004,2.86810551558753
sqBZ8Hk7.png,bali,train,PNG,RGB,1380,69,9793,False,1,,20.0,0.09522,0.8227683259819366
dT68gWIu.png,jawi,train,PNG,RGB,31,33,307,False,1,,0.9393939393939394,0.001023,2.4007820136852396
9CLHUxKU.png,jawa,train,PNG,RGB,968,73,6524,False,1,,13.26027397260274,0.070664,0.7385939092041209
Mze89h6X.png,lontara,train,PNG,RGB,932,50,4367,False,1,,18.64,0.0466,0.7496995708154507
6NGSKGLk.png,lampung,train,PNG,RGB,188,76,1345,False,1,,2.473684210526316,0.014288,0.7530795072788354
sb2Ps29j.png,bali,train,PNG,RGB,885,64,7059,False,1,,13.828125,0.05664,0.9970338983050847
jXAPE9Eo.png,jawa,train,PNG,RGB,724,59,5094,False,1,,12.271186440677965,0.042716,0.9540219121640603
a2VxfwzN.png,jawi,train,PNG,RGB,807,78,7281,False,1,,10.346153846153847,0.062946,0.9253645982270517
0qtTI1jU.png,jawa,train,PNG,RGB,775,48,5090,False,1,,16.145833333333332,0.0372,1.0946236559139786
O9SD6pqN.png,lampung,train,PNG,RGB,152,36,2284,False,1,,4.222222222222222,0.005472,3.3391812865497075
XxZwwo8P.png,bali,train,PNG,RGB,1418,79,9517,False,1,,17.949367088607595,0.112022,0.6796522111728054
3x3FnwZF.png,jawa,train,PNG,RGB,930,103,8477,False,1,,9.029126213592233,0.09579,0.7079653408497756
oHI7dYTY.png,jawi,train,PNG,RGB,81,48,648,False,1,,1.6875,0.003888,1.3333333333333333
BiHHi4at.png,sunda,train,PNG,RGB,85,39,716,False,1,,2.1794871794871793,0.003315,1.7279034690799397
4DqqHcE9.png,pegon,train,PNG,RGB,103,90,736,False,1,,1.1444444444444444,0.00927,0.6351672060409924
5JCZ9Xd0.png,jawi,train,PNG,RGB,372,76,4191,False,1,,4.894736842105263,0.028272,1.1859083191850595
7A85hO7m.png,lontara,train,PNG,RGB,210,30,863,False,1,,7.0,0.0063,1.0958730158730159
3VNuE1ij.png,sunda,train,PNG,RGB,117,56,974,False,1,,2.0892857142857144,0.006552,1.1892551892551892
JzKDVyzr.png,sunda,train,PNG,RGB,73,55,650,False,1,,1.3272727272727274,0.004015,1.2951432129514322
A4F6q5kO.png,sunda,train,PNG,RGB,125,50,996,False,1,,2.5,0.00625,1.27488
2xWIPu4c.png,jawi,train,PNG,RGB,51,44,388,False,1,,1.1590909090909092,0.002244,1.3832442067736186
ht8WgAl0.png,lampung,train,PNG,RGB,373,84,2501,False,1,,4.440476190476191,0.031332,0.6385803651219201
bJgQiB3q.png,sunda,train,PNG,RGB,175,62,1419,False,1,,2.8225806451612905,0.01085,1.0462672811059908
XbNnHsqT.png,bali,train,PNG,RGB,373,87,3352,False,1,,4.287356321839081,0.032451,0.8263535792425503
HSPlRvu6.jpg,lontara,train,JPEG,RGB,355,259,47904,False,1,"(72, 72)",1.3706563706563706,0.091945,4.168056990592202
yCjpXHMD.png,jawi,train,PNG,RGB,800,68,6373,False,1,,11.764705882352942,0.0544,0.9372058823529412
beQ9FGMV.png,pegon,train,PNG,RGB,145,146,3203,False,1,,0.9931506849315068,0.02117,1.2103920642418518
3ZsXk0D6.png,jawi,train,PNG,RGB,500,65,4130,False,1,,7.6923076923076925,0.0325,1.0166153846153847
kuKMn0V1.png,jawi,train,PNG,RGB,886,40,4964,False,1,,22.15,0.03544,1.1205417607223476
sXD64T1B.png,lampung,train,PNG,RGB,130,60,1036,False,1,,2.1666666666666665,0.0078,1.0625641025641026
i7V6mkQt.png,sunda,train,PNG,RGB,801,50,3964,False,1,,16.02,0.04005,0.7918102372034956
GHfdMfJf.png,jawa,train,PNG,RGB,373,66,49585,False,1,,5.651515151515151,0.024618,16.113412949874075
9bd0M7ij.png,pegon,train,PNG,RGB,127,122,3156,False,1,,1.040983606557377,0.015494,1.629534013166387
RCCBwFOz.png,jawi,train,PNG,RGB,457,57,3375,False,1,,8.017543859649123,0.026049,1.0365081193136012
Ymh2tbFw.png,bali,train,PNG,RGB,864,864,15418,False,1,,1.0,0.746496,0.16523062414266118
c7r3oRsw.png,lontara,train,PNG,RGB,1001,43,5204,False,1,,23.27906976744186,0.043043,0.967218827683944
wy19yn7P.png,bali,train,PNG,RGB,1368,63,9201,False,1,,21.714285714285715,0.086184,0.8540796435533278
omJSP26e.png,jawi,train,PNG,RGB,328,42,2012,False,1,,7.809523809523809,0.013776,1.1684088269454123
iuBUw6Z0.png,jawi,train,PNG,RGB,891,47,5408,False,1,,18.95744680851064,0.041877,1.0331208061704515
hephL39u.png,sunda,train,PNG,RGB,72,54,621,False,1,,1.3333333333333333,0.003888,1.2777777777777777
yG4PsbvZ.png,bali,train,PNG,RGB,1379,56,9399,False,1,,24.625,0.077224,0.9736869367036155
3E6RGIb9.png,lampung,train,PNG,RGB,96,31,1056,False,1,,3.096774193548387,0.002976,2.838709677419355
yv7y2Uyf.png,pegon,train,PNG,RGB,156,155,3890,False,1,,1.0064516129032257,0.02418,1.2870140612076095
oJe8JySY.png,bali,train,PNG,RGB,1416,84,10916,False,1,,16.857142857142858,0.118944,0.7341942426688189
MGaJkGc8.png,lontara,train,PNG,RGB,271,37,1143,False,1,,7.324324324324325,0.010027,0.9119377680263289
nmN9SKz7.png,sunda,train,PNG,RGB,757,93,4540,False,1,,8.13978494623656,0.070401,0.5159017627590518
jHj3sS9r.png,jawa,train,PNG,RGB,412,57,45858,False,1,,7.228070175438597,0.023484,15.621870209504344
Uvojcyqv.png,sunda,train,PNG,RGB,802,45,4661,False,1,,17.822222222222223,0.03609,1.033194790800776
zDUC5EK7.png,sunda,train,PNG,RGB,426,50,2475,False,1,,8.52,0.0213,0.9295774647887324
VCA0rqrB.png,pegon,train,PNG,RGB,151,126,2505,False,1,,1.1984126984126984,0.019026,1.053295490381583
auKXQuSg.png,sunda,train,PNG,RGB,760,90,4539,False,1,,8.444444444444445,0.0684,0.5308771929824562
Z8VqzwQC.png,bali,train,PNG,RGB,116,63,1011,False,1,,1.8412698412698412,0.007308,1.1067323481116584
A9bGt749.png,sunda,train,PNG,RGB,63,54,655,False,1,,1.1666666666666667,0.003402,1.540270429159318
VbnNzoYT.png,jawa,train,PNG,RGB,662,65,115709,False,1,,10.184615384615384,0.04303,21.512247269346968
ixZuvAcb.png,lontara,train,PNG,RGB,938,50,4006,False,1,,18.76,0.0469,0.6833262260127931
7aDRp8vj.jpg,jawa,train,JPEG,RGB,480,675,72775,False,1,"(96, 96)",0.7111111111111111,0.324,1.7969135802469136
XPzLX5cB.png,jawi,train,PNG,RGB,795,79,7070,False,1,,10.063291139240507,0.062805,0.90056524162089
aoyEVfoQ.png,jawa,train,PNG,RGB,966,83,7016,False,1,,11.63855421686747,0.080178,0.7000424056474345
lXOU7ZRb.png,jawi,train,PNG,RGB,110,79,932,False,1,,1.3924050632911393,0.00869,0.8579976985040276
QSAznllM.png,pegon,train,PNG,RGB,104,84,1359,False,1,,1.2380952380952381,0.008736,1.2445054945054945
3dRlOZwL.png,pegon,train,PNG,RGB,123,124,2504,False,1,,0.9919354838709677,0.015252,1.3134015211119854
O8DUo3Q0.png,pegon,train,PNG,RGB,127,96,1075,False,1,,1.3229166666666667,0.012192,0.7053805774278216
khZ1OaBE.png,sunda,train,PNG,RGB,181,162,2935,False,1,,1.117283950617284,0.029322,0.8007639315189959
IIjZGtAH.png,jawa,train,PNG,RGB,896,79,7526,False,1,,11.341772151898734,0.070784,0.8505877034358047
kc1azKPu.png,bali,train,PNG,RGB,1552,68,12116,False,1,,22.823529411764707,0.105536,0.9184354154032747
toRzpmzN.png,lontara,train,PNG,RGB,754,54,4237,False,1,,13.962962962962964,0.040716,0.8324982807741429
1JcDslfr.png,jawi,train,PNG,RGB,541,44,3305,False,1,,12.295454545454545,0.023804,1.1107376911443454
gYf9v3FU.png,jawi,train,PNG,RGB,535,61,3100,False,1,,8.770491803278688,0.032635,0.7599203309330473
8sJ8xcoT.png,lampung,train,PNG,RGB,137,31,1888,False,1,,4.419354838709677,0.004247,3.556392747821992
zL9Uvixs.png,sunda,train,PNG,RGB,77,54,764,False,1,,1.4259259259259258,0.004158,1.4699374699374699
uuK4oQAM.png,jawi,train,PNG,RGB,197,56,1318,False,1,,3.517857142857143,0.011032,0.9557650471356055
2H0tXNTD.png,jawa,train,PNG,RGB,887,69,6219,False,1,,12.855072463768115,0.061203,0.8129013283662565
WWCrZrGd.jpg,bali,train,JPEG,RGB,1200,800,723646,False,1,,1.5,0.96,6.030383333333333
oLu3aUf1.png,lampung,train,PNG,RGB,144,36,2039,False,1,,4.0,0.005184,3.146604938271605
gffa5wIo.png,pegon,train,PNG,RGB,172,161,4910,False,1,,1.0683229813664596,0.027692,1.41846020511339
V4j3pTVL.png,bali,train,PNG,RGB,1416,66,10112,False,1,,21.454545454545453,0.093456,0.8656052045882554
EAumamZe.jpg,jawi,train,JPEG,RGB,1024,683,96745,False,1,"(96, 96)",1.499267935578331,0.699392,1.1066183199121522
Qf2P4kf8.png,lontara,train,PNG,RGB,1160,676,23178,False,1,,1.7159763313609468,0.78416,0.23646194654152214
9OCyzKMd.png,jawi,train,PNG,RGB,24,23,209,False,1,,1.0434782608695652,0.000552,3.028985507246377
guc21whT.png,jawi,train,PNG,RGB,335,70,1497,False,1,,4.785714285714286,0.02345,0.5107036247334755
WNbjDQsY.png,lontara,train,PNG,RGB,354,40,1728,False,1,,8.85,0.01416,0.976271186440678
WQnwcXli.png,sunda,train,PNG,RGB,165,56,1312,False,1,,2.9464285714285716,0.00924,1.135930735930736
tSvmHzgw.png,pegon,train,PNG,RGB,172,145,4189,False,1,,1.186206896551724,0.02494,1.3437048917401764
dsKJVHpv.png,sunda,train,PNG,RGB,338,44,2040,False,1,,7.681818181818182,0.014872,1.0973641742872513
l3m9mDnW.png,lampung,train,PNG,RGB,269,75,1501,False,1,,3.5866666666666664,0.020175,0.5951920693928129
r9G0LEC3.png,jawi,train,PNG,RGB,65,51,616,False,1,,1.2745098039215685,0.003315,1.4865761689291102
6hlKj9E8.png,jawi,train,PNG,RGB,669,46,4117,False,1,,14.543478260869565,0.030774,1.070254110612855
r8q94hOZ.png,sunda,train,PNG,RGB,683,74,4026,False,1,,9.22972972972973,0.050542,0.6372521863005025
FyGyCJuF.png,sunda,train,PNG,RGB,272,44,1637,False,1,,6.181818181818182,0.011968,1.0942513368983957
YRWrng7x.png,jawi,train,PNG,RGB,396,57,2847,False,1,,6.947368421052632,0.022572,1.0090377458798512
jB3qCu2R.png,lampung,train,PNG,RGB,135,31,1819,False,1,,4.354838709677419,0.004185,3.477180406212664
Q6izBwPY.png,jawi,train,PNG,RGB,286,51,1676,False,1,,5.607843137254902,0.014586,0.9192376251199781
meHehKb8.png,bali,train,PNG,RGB,1379,66,9474,False,1,,20.893939393939394,0.091014,0.8327510053398378
M0CnZ2cz.png,bali,train,PNG,RGB,1403,49,8793,False,1,,28.632653061224488,0.068747,1.0232301045863819
rCyplLeH.png,lampung,train,PNG,RGB,887,55,3343,False,1,,16.12727272727273,0.048785,0.5482012913805473
hj9MdB5L.png,sunda,train,PNG,RGB,314,44,1608,False,1,,7.136363636363637,0.013816,0.9310943833236827
Kz7831AM.png,jawa,train,PNG,RGB,662,57,103360,False,1,,11.614035087719298,0.037734,21.91339375629406
LckMmuIr.png,sunda,train,PNG,RGB,135,50,992,False,1,,2.7,0.00675,1.1757037037037037
iv1jiudl.png,bali,train,PNG,RGB,212,83,2330,False,1,,2.5542168674698793,0.017596,1.0593316662877927
p3Fi7ikK.png,sunda,train,PNG,RGB,794,79,5464,False,1,,10.050632911392405,0.062726,0.6968721104486177
k0wsl0ON.png,jawi,train,PNG,RGB,798,80,7071,False,1,,9.975,0.06384,0.8860902255639098
JDSTsd9m.png,jawi,train,PNG,RGB,366,58,2629,False,1,,6.310344827586207,0.021228,0.9907669116261542
cj8ZpPgo.png,bali,train,PNG,RGB,1412,56,8739,False,1,,25.214285714285715,0.079072,0.8841562120598948
LLcdarUM.png,sunda,train,PNG,RGB,812,49,4370,False,1,,16.571428571428573,0.039788,0.8786568814718005
vg1mNlvD.png,sunda,train,PNG,RGB,553,48,3120,False,1,,11.520833333333334,0.026544,0.9403254972875226
3zdl9RbT.png,jawi,train,PNG,RGB,36,36,347,False,1,,1.0,0.001296,2.1419753086419755
2Qb6JinM.png,sunda,train,PNG,RGB,76,54,655,False,1,,1.4074074074074074,0.004104,1.2768031189083822
sWuB86xZ.png,bali,train,PNG,RGB,1406,59,10503,False,1,,23.83050847457627,0.082954,1.0128987149504545
QNEvz4dm.jpg,pegon,train,JPEG,RGB,820,457,69686,False,1,"(72.0, 72.0)",1.7943107221006565,0.37474,1.4876661151731867
ErsHzyfq.png,jawi,train,PNG,RGB,382,91,5094,False,1,,4.197802197802198,0.034762,1.172314596398366
4RJXJvVO.png,jawa,train,PNG,RGB,817,58,7624,False,1,,14.086206896551724,0.047386,1.2871312201916179
THKiuW6M.png,jawa,train,PNG,RGB,413,65,50427,False,1,,6.3538461538461535,0.026845,15.027602905569008
DN9PXJsK.png,jawa,train,PNG,RGB,952,111,7777,False,1,,8.576576576576576,0.105672,0.5887652358240594
wiQM3IqJ.png,jawi,train,PNG,RGB,83,48,608,False,1,,1.7291666666666667,0.003984,1.2208835341365463
f5Rqnzh1.png,sunda,train,PNG,RGB,130,37,890,False,1,,3.5135135135135136,0.00481,1.4802494802494803
x96FUfNK.jpg,lampung,train,JPEG,RGB,225,225,9834,False,1,,1.0,0.050625,1.5540148148148147
lINChAs2.png,bali,train,PNG,RGB,1502,60,10410,False,1,,25.033333333333335,0.09012,0.9241011984021305
RIQh8NON.png,lontara,train,PNG,RGB,958,68,4034,False,1,,14.088235294117647,0.065144,0.49539481763477833
W180Qta2.png,lontara,train,PNG,RGB,941,57,4404,False,1,,16.50877192982456,0.053637,0.6568600033558923
0Db15pA8.png,jawi,train,PNG,RGB,34,35,335,False,1,,0.9714285714285714,0.00119,2.2521008403361344
ElsqQbhZ.png,sunda,train,PNG,RGB,823,76,4512,False,1,,10.828947368421053,0.062548,0.5770927927351793
Bq9WTgx7.png,pegon,train,PNG,RGB,861,64,8263,False,1,,13.453125,0.055104,1.1996225319396052
a7rT8TDi.jpg,jawa,train,JPEG,RGB,300,194,10326,False,1,,1.5463917525773196,0.0582,1.419381443298969
pYL28KSV.png,jawa,train,PNG,RGB,958,86,6242,False,1,,11.13953488372093,0.082388,0.6061076855852794
nVOjkbo9.png,jawa,train,PNG,RGB,921,72,17115,False,1,,12.791666666666666,0.066312,2.0647846543612016
XKPPCuZU.png,jawa,train,PNG,RGB,557,81,5166,False,1,,6.8765432098765435,0.045117,0.9160183522840615
b50JE2et.png,jawa,train,PNG,RGB,259,65,28804,False,1,,3.9846153846153847,0.016835,13.687674487674487
W8rL1ivl.png,jawa,train,PNG,RGB,998,102,9116,False,1,,9.784313725490197,0.101796,0.7164132185940508
196j1AA5.png,lampung,train,PNG,RGB,139,42,2351,False,1,,3.3095238095238093,0.005838,3.221651250428229
6TFhEP5x.png,sunda,train,PNG,RGB,171,44,1072,False,1,,3.8863636363636362,0.007524,1.139819245082403
6gS3NXIS.png,sunda,train,PNG,RGB,729,65,3941,False,1,,11.215384615384615,0.047385,0.6653582357286061
iwyxuPoR.png,lontara,train,PNG,RGB,947,54,4255,False,1,,17.537037037037038,0.051138,0.665649810317181
NRxim99z.png,lampung,train,PNG,RGB,132,37,1843,False,1,,3.5675675675675675,0.004884,3.018837018837019
EZBg9JJx.png,jawa,train,PNG,RGB,568,74,76857,False,1,,7.675675675675675,0.042032,14.628283212790254
F8Plyiva.png,pegon,train,PNG,RGB,134,134,2935,False,1,,1.0,0.017956,1.3076408999777234
gENQiblp.png,sunda,train,PNG,RGB,40,36,348,False,1,,1.1111111111111112,0.00144,1.9333333333333333
YV3foCub.png,lampung,train,PNG,RGB,149,37,1817,False,1,,4.027027027027027,0.005513,2.6366769454017778
lkZUfCn0.jpg,jawa,train,JPEG,RGB,954,397,147276,False,1,"(96, 96)",2.403022670025189,0.378738,3.1108787605151846
POApg2ai.png,sunda,train,PNG,RGB,640,404,192132,False,1,,1.5841584158415842,0.25856,5.9446782178217825
zOMPhDUE.jpg,lampung,train,JPEG,RGB,2192,1231,92531,False,1,,1.7806661251015434,2.698352,0.27433337088711923
7ejFm824.png,sunda,train,PNG,RGB,77,40,596,False,1,,1.925,0.00308,1.5480519480519481
Ms67SfCP.png,jawi,train,PNG,RGB,82,68,720,False,1,,1.2058823529411764,0.005576,1.0329985652797704
NYJMq1wS.png,jawa,train,PNG,RGB,591,73,10941,False,1,,8.095890410958905,0.043143,2.028787984145748
03F12zNN.png,bali,train,PNG,RGB,648,61,4799,False,1,,10.62295081967213,0.039528,0.9712608783647035
EZ9bE0CW.png,pegon,train,PNG,RGB,158,133,3956,False,1,,1.1879699248120301,0.021014,1.5060435899876272
f2Lu2HQI.png,pegon,train,PNG,RGB,929,87,9105,False,1,,10.67816091954023,0.080823,0.9012286106677555
AScgzXu9.png,jawi,train,PNG,RGB,236,47,1384,False,1,,5.0212765957446805,0.011092,0.998196898665705
FP3Ie4ST.png,lampung,train,PNG,RGB,322,87,2185,False,1,,3.7011494252873565,0.028014,0.6239737274220033
WCHCFDE6.jpg,jawi,train,JPEG,RGB,1024,766,282935,False,1,"(144, 144)",1.3368146214099217,0.784384,2.8856784432114884
3yNFUOhf.png,sunda,train,PNG,RGB,418,74,2849,False,1,,5.648648648648648,0.030932,0.7368421052631579
Obz43fp1.png,lampung,train,PNG,RGB,100,42,1286,False,1,,2.380952380952381,0.0042,2.4495238095238094
Np5YnHQS.png,bali,train,PNG,RGB,1399,56,9145,False,1,,24.982142857142858,0.078344,0.9338302869396508
pRc0lF7M.png,bali,train,PNG,RGB,243,77,1630,False,1,,3.155844155844156,0.018711,0.696916252471808
2ZTZ8Ikx.png,jawi,train,PNG,RGB,886,82,5040,False,1,,10.804878048780488,0.072652,0.55497439850245
XftNiUZ4.png,lampung,train,PNG,RGB,156,31,2774,False,1,,5.032258064516129,0.004836,4.588916459884202
YjPqaDjJ.png,jawi,train,PNG,RGB,811,85,7158,False,1,,9.541176470588235,0.068935,0.8306955827953869
u943bcWl.png,pegon,train,PNG,RGB,844,67,8166,False,1,,12.597014925373134,0.056548,1.1552663224163542
bOIpF8oq.png,jawa,train,PNG,RGB,655,85,10710,False,1,,7.705882352941177,0.055675,1.5389312977099237
hUK8nuQB.png,jawi,train,PNG,RGB,808,81,7820,False,1,,9.975308641975309,0.065448,0.9558733651142892
GVDAedZc.png,jawa,train,PNG,RGB,821,87,8090,False,1,,9.436781609195402,0.071427,0.9060999341985524
zgOgt2be.png,pegon,train,PNG,RGB,135,119,2059,False,1,,1.134453781512605,0.016065,1.0253345782757548
eHgVQniK.png,lampung,train,PNG,RGB,250,86,2045,False,1,,2.9069767441860463,0.0215,0.7609302325581395
FoQP5iHt.png,jawi,train,PNG,RGB,408,58,3057,False,1,,7.0344827586206895,0.023664,1.0334685598377282
QY7k8HPn.png,jawa,train,PNG,RGB,456,79,2933,False,1,,5.772151898734177,0.036024,0.6513435487452809
LvlGhuyB.png,lontara,train,PNG,RGB,940,57,4537,False,1,,16.49122807017544,0.05358,0.6774169466218738
46hBzRHT.png,sunda,train,PNG,RGB,797,79,4688,False,1,,10.08860759493671,0.062963,0.5956514143226974
e4hQQYNO.png,lontara,train,PNG,RGB,947,49,3923,False,1,,19.3265306122449,0.046403,0.6763355817511799
ero1Ey5b.png,jawi,train,PNG,RGB,894,55,7146,False,1,,16.254545454545454,0.04917,1.162660158633313
zWbJCxFk.png,jawa,train,PNG,RGB,705,65,11169,False,1,,10.846153846153847,0.045825,1.9498527004909985
OGOrvNES.png,sunda,train,PNG,RGB,824,69,4295,False,1,,11.942028985507246,0.056856,0.6043337554523709
kvcemRRT.png,lampung,train,PNG,RGB,275,40,1391,False,1,,6.875,0.011,1.0116363636363637
85jolbs7.png,sunda,train,PNG,RGB,804,48,4027,False,1,,16.75,0.038592,0.8347844112769486
UMp0acRh.png,sunda,train,PNG,RGB,787,70,4635,False,1,,11.242857142857142,0.05509,0.6730804138682156
ZMBv01UD.png,pegon,train,PNG,RGB,818,92,9576,False,1,,8.891304347826088,0.075256,1.0179653449558839
Ri3Z5pPu.png,jawi,train,PNG,RGB,811,88,7507,False,1,,9.215909090909092,0.071368,0.8414975899562829
aaGL9ufc.jpg,sunda,train,JPEG,RGB,650,488,49143,False,1,,1.3319672131147542,0.3172,1.2394199243379571
AhAzofzP.png,sunda,train,PNG,RGB,52,42,544,False,1,,1.2380952380952381,0.002184,1.9926739926739927
G3r5EbvY.png,bali,train,PNG,RGB,1368,66,9072,False,1,,20.727272727272727,0.090288,0.8038277511961722
FxsyuSxE.png,jawa,train,PNG,RGB,782,74,5884,False,1,,10.567567567567568,0.057868,0.8134374783991152
cHhCbyyZ.png,bali,train,PNG,RGB,1406,61,10306,False,1,,23.049180327868854,0.085766,0.9613133409509595
T4JLatBz.png,jawa,train,PNG,RGB,855,74,6713,False,1,,11.554054054054054,0.06327,0.8488067014382804
YYjuRWFX.png,jawi,train,PNG,RGB,87,45,667,False,1,,1.9333333333333333,0.003915,1.362962962962963
VyEA0m9Y.png,sunda,train,PNG,RGB,798,41,4350,False,1,,19.463414634146343,0.032718,1.0636346964973409
1XIObnAS.png,lampung,train,PNG,RGB,94,36,1475,False,1,,2.611111111111111,0.003384,3.486997635933806
9HXjsPfe.png,lampung,train,PNG,RGB,92,42,1143,False,1,,2.1904761904761907,0.003864,2.3664596273291925
DX7h97mZ.png,jawi,train,PNG,RGB,789,96,8353,False,1,,8.21875,0.075744,0.8822348964934517
8LjNxpMR.png,jawa,train,PNG,RGB,125,106,1167,False,1,,1.179245283018868,0.01325,0.7046037735849057
3sagdqe0.png,lontara,train,PNG,RGB,941,49,3860,False,1,,19.20408163265306,0.046109,0.6697174087488342
IeiK43RB.png,sunda,train,PNG,RGB,244,42,1363,False,1,,5.809523809523809,0.010248,1.0640124902419985
3baaEuYZ.png,jawa,train,PNG,RGB,900,76,7271,False,1,,11.842105263157896,0.0684,0.8504093567251462
RWteoUZc.png,sunda,train,PNG,RGB,162,144,2313,False,1,,1.125,0.023328,0.7932098765432098
sF5OwWUB.png,jawi,train,PNG,RGB,358,69,948,False,1,,5.188405797101449,0.024702,0.3070196745202818
dJmigvE4.png,sunda,train,PNG,RGB,64,35,506,False,1,,1.8285714285714285,0.00224,1.8071428571428572
USvUNK13.png,pegon,train,PNG,RGB,105,87,762,False,1,,1.206896551724138,0.009135,0.6673234811165846
GMGUEqmg.png,lampung,train,PNG,RGB,567,43,2144,False,1,,13.186046511627907,0.024381,0.7034986259792462
fKVrUNNF.png,lontara,train,PNG,RGB,845,41,3805,False,1,,20.609756097560975,0.034645,0.8786260643671525
esLndHHd.png,sunda,train,PNG,RGB,160,146,2575,False,1,,1.095890410958904,0.02336,0.8818493150684932
4NrSuMzE.png,sunda,train,PNG,RGB,37,38,366,False,1,,0.9736842105263158,0.001406,2.0825035561877665
Fzt8fiIZ.png,jawa,train,PNG,RGB,694,77,4431,False,1,,9.012987012987013,0.053438,0.6633481791983233
Wfsqr4mk.png,jawi,train,PNG,RGB,327,69,2787,False,1,,4.739130434782608,0.022563,0.988166467225103
LP4N8hta.png,pegon,train,PNG,RGB,93,83,1513,False,1,,1.1204819277108433,0.007719,1.5680787666796216
MVm287Er.png,lampung,train,PNG,RGB,358,74,2470,False,1,,4.837837837837838,0.026492,0.7458855503548241
1hjGIOew.png,sunda,train,PNG,RGB,229,43,1353,False,1,,5.325581395348837,0.009847,1.0992180359500356
Wj6Cwahq.png,pegon,train,PNG,RGB,175,151,3671,False,1,,1.1589403973509933,0.026425,1.1113718070009462
s2qyhZk1.png,sunda,train,PNG,RGB,124,56,1117,False,1,,2.2142857142857144,0.006944,1.2868663594470047
gUYt9U06.png,lontara,train,PNG,RGB,867,57,3637,False,1,,15.210526315789474,0.049419,0.5887614075557984
dW42Xqc0.png,lampung,train,PNG,RGB,147,43,2257,False,1,,3.4186046511627906,0.006321,2.856510045878817
y0uFaJnx.png,jawa,train,PNG,RGB,1200,1200,174864,False,1,,1.0,1.44,0.9714666666666667
sfQ5NoIs.png,sunda,train,PNG,RGB,102,46,808,False,1,,2.217391304347826,0.004692,1.3776641091219097
AQWqoAqN.png,jawi,train,PNG,RGB,166,79,1173,False,1,,2.1012658227848102,0.013114,0.7155711453408571
RS7IohRL.png,pegon,train,PNG,RGB,120,100,1075,False,1,,1.2,0.012,0.7166666666666667
8VHrTv1N.png,jawi,train,PNG,RGB,28,36,304,False,1,,0.7777777777777778,0.001008,2.4126984126984126
zngeIoPx.png,sunda,train,PNG,RGB,704,49,3892,False,1,,14.36734693877551,0.034496,0.9025974025974026
a6e261ou.png,lampung,train,PNG,RGB,108,38,1290,False,1,,2.8421052631578947,0.004104,2.5146198830409356
FCyW5YHL.png,bali,train,PNG,RGB,1045,66,7333,False,1,,15.833333333333334,0.06897,0.8505727127736697
f18wyMjo.png,lampung,train,PNG,RGB,137,42,2019,False,1,,3.261904761904762,0.005754,2.8070907194994787
UQYBS2kZ.png,lontara,train,PNG,RGB,783,48,3930,False,1,,16.3125,0.037584,0.8365261813537676
uFdt7bB5.png,sunda,train,PNG,RGB,154,44,1126,False,1,,3.5,0.006776,1.3293978748524202
loFIcWQV.png,pegon,train,PNG,RGB,173,154,3890,False,1,,1.1233766233766234,0.026642,1.168080474438856
D2qKAOzK.png,jawi,train,PNG,RGB,948,64,5077,False,1,,14.8125,0.060672,0.6694356540084389
t0lEZa9v.png,jawa,train,PNG,RGB,683,76,4910,False,1,,8.986842105263158,0.051908,0.7567234337674347
mg4sR2J0.png,jawa,train,PNG,RGB,103,92,976,False,1,,1.1195652173913044,0.009476,0.8239763613338962
uCao3z9Y.png,sunda,train,PNG,RGB,269,44,1653,False,1,,6.113636363636363,0.011836,1.1172693477526192
8tLVMECM.png,jawa,train,PNG,RGB,285,61,2428,False,1,,4.672131147540983,0.017385,1.1172850158182341
oC1rLK6d.png,jawi,train,PNG,RGB,188,48,1113,False,1,,3.9166666666666665,0.009024,0.9867021276595744
VCEnvgza.png,sunda,train,PNG,RGB,783,69,4401,False,1,,11.347826086956522,0.054027,0.6516741629185407
fm6QbtDG.png,lampung,train,PNG,RGB,207,87,1466,False,1,,2.3793103448275863,0.018009,0.651229940585263
TKOqx3OX.png,sunda,train,PNG,RGB,247,39,1452,False,1,,6.333333333333333,0.009633,1.2058548738710682
2gTsOdSh.png,sunda,train,PNG,RGB,801,48,4534,False,1,,16.6875,0.038448,0.943404078235539
zgJkvBv7.png,pegon,train,PNG,RGB,92,70,1519,False,1,,1.3142857142857143,0.00644,1.8869565217391304
vdWnn8ZJ.png,jawi,train,PNG,RGB,796,72,6594,False,1,,11.055555555555555,0.057312,0.9204355108877722
pavbfL0r.png,jawi,train,PNG,RGB,951,74,5551,False,1,,12.85135135135135,0.070374,0.6310285048455395
hf1aJZJs.jpg,jawa,train,JPEG,RGB,1080,589,92824,False,1,,1.833616298811545,0.63612,1.167377224423065
CPtzWwNZ.png,jawi,train,PNG,RGB,790,80,6647,False,1,,9.875,0.0632,0.8413924050632912
6IghgWhb.png,lontara,train,PNG,RGB,941,52,4430,False,1,,18.096153846153847,0.048932,0.7242704160876318
4gl98FhL.png,jawi,train,PNG,RGB,28,37,277,False,1,,0.7567567567567568,0.001036,2.138996138996139
Ea5I44NA.png,lampung,train,PNG,RGB,120,38,1303,False,1,,3.1578947368421053,0.00456,2.2859649122807015
6c2wMIy0.png,pegon,train,PNG,RGB,141,126,2438,False,1,,1.119047619047619,0.017766,1.097827310593268
QWiHIKJs.png,jawa,train,PNG,RGB,491,92,14213,False,1,,5.336956521739131,0.045172,2.517134508102364
CTntcO6z.png,jawi,train,PNG,RGB,223,52,1261,False,1,,4.288461538461538,0.011596,0.8699551569506726
2mZNt0AT.png,sunda,train,PNG,RGB,111,56,912,False,1,,1.9821428571428572,0.006216,1.1737451737451738
SXGvYSTO.png,jawi,train,PNG,RGB,94,45,703,False,1,,2.088888888888889,0.00423,1.3295508274231678
RhkbnXZR.png,sunda,train,PNG,RGB,366,44,2204,False,1,,8.318181818181818,0.016104,1.0948832588176851
gvNd0ddj.png,pegon,train,PNG,RGB,218,168,4964,False,1,,1.2976190476190477,0.036624,1.0843162953254697
TCYatNAu.png,bali,train,PNG,RGB,1423,56,9322,False,1,,25.410714285714285,0.079688,0.9358498142756752
BnmVML2h.png,lontara,train,PNG,RGB,925,37,3745,False,1,,25.0,0.034225,0.8753834915997079
QehIfWtf.png,lampung,train,PNG,RGB,228,97,1873,False,1,,2.350515463917526,0.022116,0.6775185386145777
d0wapM8f.png,jawa,train,PNG,RGB,989,65,5711,False,1,,15.215384615384615,0.064285,0.7107101190013222
tIMDAYJQ.png,jawi,train,PNG,RGB,803,69,7153,False,1,,11.63768115942029,0.055407,1.0327936903279369
qDZDUV0V.png,lampung,train,PNG,RGB,142,36,2013,False,1,,3.9444444444444446,0.005112,3.1502347417840375
TsobLvSj.png,jawi,train,PNG,RGB,392,46,2172,False,1,,8.521739130434783,0.018032,0.963620230700976
O9n4Vr4G.png,lampung,train,PNG,RGB,579,50,2388,False,1,,11.58,0.02895,0.6598963730569948
UUwcG7MN.png,jawi,train,PNG,RGB,800,76,8636,False,1,,10.526315789473685,0.0608,1.1363157894736842
stMRsrmu.png,pegon,train,PNG,RGB,64,61,987,False,1,,1.0491803278688525,0.003904,2.0225409836065573
aQDYMxch.png,lampung,train,PNG,RGB,146,40,1650,False,1,,3.65,0.00584,2.26027397260274
lUuAU6E8.jpg,jawi,train,JPEG,RGB,830,468,45348,False,1,,1.7735042735042734,0.38844,0.9339511893728761
smfsvzjh.png,sunda,train,PNG,RGB,452,67,3131,False,1,,6.746268656716418,0.030284,0.8271034209483555
EJ2jp2WA.png,jawi,train,PNG,RGB,669,47,4160,False,1,,14.23404255319149,0.031443,1.0584231784498934
m4aWwQum.png,jawi,train,PNG,RGB,37,53,395,False,1,,0.6981132075471698,0.001961,1.6114227434982151
DMYZiqvP.png,jawa,train,PNG,RGB,89,83,1017,False,1,,1.072289156626506,0.007387,1.1013943414105862
AAXxBY3x.png,jawa,train,PNG,RGB,628,64,4975,False,1,,9.8125,0.040192,0.9902468152866242
ZGSeetyF.png,sunda,train,PNG,RGB,805,42,4331,False,1,,19.166666666666668,0.03381,1.0247855664004732
etjBsDqV.png,lampung,train,PNG,RGB,119,47,1400,False,1,,2.5319148936170213,0.005593,2.002503128911139
7iG2FGRP.png,lontara,train,PNG,RGB,938,58,4369,False,1,,16.17241379310345,0.054404,0.6424527608264098
A0JgV59j.png,bali,train,PNG,RGB,160,72,1515,False,1,,2.2222222222222223,0.01152,1.0520833333333333
OhAgSpZ6.png,jawa,train,PNG,RGB,902,56,5406,False,1,,16.107142857142858,0.050512,0.8561925878999049
bq4MPug2.png,lampung,train,PNG,RGB,97,44,699,False,1,,2.2045454545454546,0.004268,1.3102155576382382
CaH8XW8B.png,sunda,train,PNG,RGB,984,62,6671,False,1,,15.870967741935484,0.061008,0.8747705218987674
hNpRq8k6.png,pegon,train,PNG,RGB,141,113,2347,False,1,,1.247787610619469,0.015933,1.1784346952865123
FMtlSA5W.png,sunda,train,PNG,RGB,692,73,4301,False,1,,9.479452054794521,0.050516,0.68113073085755
m7yJoJHw.png,jawi,train,PNG,RGB,507,53,1258,False,1,,9.566037735849056,0.026871,0.3745301626288564
wrPDipzT.png,sunda,train,PNG,RGB,757,78,4386,False,1,,9.705128205128204,0.059046,0.5942485519764251
IgOoNAh0.png,pegon,train,PNG,RGB,165,143,2749,False,1,,1.1538461538461537,0.023595,0.932061877516423
3SjKAK2h.png,jawi,train,PNG,RGB,83,47,664,False,1,,1.7659574468085106,0.003901,1.3617021276595744
Dv27HR1n.png,jawa,train,PNG,RGB,942,76,6846,False,1,,12.394736842105264,0.071592,0.7650016761649346
TrWpjvQx.png,pegon,train,PNG,RGB,369,80,3824,False,1,,4.6125,0.02952,1.0363143631436313
0airNd0l.png,bali,train,PNG,RGB,43,49,340,False,1,,0.8775510204081632,0.002107,1.2909349786426199
bz7BRW71.png,jawa,train,PNG,RGB,756,71,6001,False,1,,10.647887323943662,0.053676,0.8944034577837394
3vAPDAjq.png,jawa,train,PNG,RGB,882,72,7112,False,1,,12.25,0.063504,0.8959435626102292
GptK00yn.png,lampung,train,PNG,RGB,139,42,1449,False,1,,3.3095238095238093,0.005838,1.985611510791367
lBskvje3.png,lontara,train,PNG,RGB,949,56,3687,False,1,,16.946428571428573,0.053144,0.5550203221436099
sbs2aKLm.png,jawa,train,PNG,RGB,830,78,6512,False,1,,10.64102564102564,0.06474,0.8046957059005252
jZjvp5bJ.png,bali,train,PNG,RGB,116,64,896,False,1,,1.8125,0.007424,0.9655172413793104
rYQuuaBs.png,sunda,train,PNG,RGB,153,49,1153,False,1,,3.122448979591837,0.007497,1.230358810190743
vt3NspUc.png,jawi,train,PNG,RGB,808,85,7900,False,1,,9.505882352941176,0.06868,0.9202096680256261
hRKdeXBd.png,lontara,train,PNG,RGB,780,48,3328,False,1,,16.25,0.03744,0.7111111111111111
1O6J9TlD.png,jawa,train,PNG,RGB,879,83,9152,False,1,,10.590361445783133,0.072957,1.0035500363227654
FWY70fUU.png,jawa,train,PNG,RGB,127,120,1370,False,1,,1.0583333333333333,0.01524,0.7191601049868767
I0e6a2ip.png,jawi,train,PNG,RGB,284,64,1377,False,1,,4.4375,0.018176,0.6060739436619719
EaIfAc28.png,jawi,train,PNG,RGB,210,51,1352,False,1,,4.117647058823529,0.01071,1.0098972922502334
DEK5XpBn.png,bali,train,PNG,RGB,201,84,1983,False,1,,2.392857142857143,0.016884,0.9395877754086709
zolG0Cqm.png,sunda,train,PNG,RGB,788,74,4669,False,1,,10.64864864864865,0.058312,0.6405542598435999
VlGmgACZ.png,jawa,train,PNG,RGB,623,83,12866,False,1,,7.506024096385542,0.051709,1.9905238933261133
kxRPrcuN.png,jawi,train,PNG,RGB,811,81,7597,False,1,,10.012345679012345,0.065691,0.925180009438127
CF3vUWBh.png,jawa,train,PNG,RGB,850,79,8005,False,1,,10.759493670886076,0.06715,0.9536857781087118
ufoKDtK9.png,jawi,train,PNG,RGB,452,77,2847,False,1,,5.87012987012987,0.034804,0.6544075393632915
8E5t9hUP.png,bali,train,PNG,RGB,1413,49,8696,False,1,,28.836734693877553,0.069237,1.0047806808498345
FSrLvwHc.png,lontara,train,PNG,RGB,947,55,4501,False,1,,17.21818181818182,0.052085,0.6913314773927234
jBP46hUM.png,sunda,train,PNG,RGB,794,43,4106,False,1,,18.46511627906977,0.034142,0.9620994669322243
IAjPl3Z2.png,pegon,train,PNG,RGB,115,110,1505,False,1,,1.0454545454545454,0.01265,0.9517786561264822
dm221kD5.png,pegon,train,PNG,RGB,814,83,8699,False,1,,9.80722891566265,0.067562,1.0300464758296084
nco16Cns.png,lampung,train,PNG,RGB,183,89,1277,False,1,,2.056179775280899,0.016287,0.6272487259777737
SnU6PDVr.png,jawi,train,PNG,RGB,827,75,6797,False,1,,11.026666666666667,0.062025,0.8766787585650947
2Y5T9VU4.png,jawi,train,PNG,RGB,499,77,3290,False,1,,6.48051948051948,0.038423,0.685006376389142
4a7LqZm5.png,jawa,train,PNG,RGB,673,94,5668,False,1,,7.159574468085107,0.063262,0.7167651986974803
DRw26AJA.png,jawa,train,PNG,RGB,995,88,7260,False,1,,11.306818181818182,0.08756,0.6633165829145728
ck3xe1MM.png,pegon,train,PNG,RGB,861,57,7656,False,1,,15.105263157894736,0.049077,1.2479980438902134
f72rqGSS.png,pegon,train,PNG,RGB,152,138,3108,False,1,,1.1014492753623188,0.020976,1.1853546910755148
Sw1X3uZv.png,bali,train,PNG,RGB,1399,54,9346,False,1,,25.90740740740741,0.075546,0.9897016387366637
aqdlDndw.png,jawi,train,PNG,RGB,853,83,5391,False,1,,10.27710843373494,0.070799,0.6091611463438749
lfEgNa4m.png,bali,train,PNG,RGB,1366,64,10004,False,1,,21.34375,0.087424,0.9154465592972182
Ip328akQ.png,sunda,train,PNG,RGB,820,65,4315,False,1,,12.615384615384615,0.0533,0.6476547842401501
0AGadw2m.png,sunda,train,PNG,RGB,67,39,608,False,1,,1.7179487179487178,0.002613,1.8614619211634138
udlQZFmz.png,jawi,train,PNG,RGB,485,73,3132,False,1,,6.6438356164383565,0.035405,0.7076966530151109
ZsV44R7s.png,jawi,train,PNG,RGB,29,32,270,False,1,,0.90625,0.000928,2.3275862068965516
kzNIHUxe.png,lontara,train,PNG,RGB,470,54,2485,False,1,,8.703703703703704,0.02538,0.7832939322301025
doFi24BP.png,sunda,train,PNG,RGB,66,60,629,False,1,,1.1,0.00396,1.2707070707070707
NFfETdXV.png,lampung,train,PNG,RGB,456,42,2214,False,1,,10.857142857142858,0.019152,0.924812030075188
pkPH1QQI.png,lampung,train,PNG,RGB,232,77,1683,False,1,,3.012987012987013,0.017864,0.7536945812807881
FUOIUHTI.png,sunda,train,PNG,RGB,181,44,1215,False,1,,4.113636363636363,0.007964,1.2204922149673532
iLifF5nI.png,sunda,train,PNG,RGB,787,79,5265,False,1,,9.962025316455696,0.062173,0.6774644942338314
lVH3rpy1.png,pegon,train,PNG,RGB,834,61,7383,False,1,,13.672131147540984,0.050874,1.1609859653260999
1cvkQnDZ.png,jawa,train,PNG,RGB,576,65,72129,False,1,,8.861538461538462,0.03744,15.412179487179488
PVvyk4eR.png,lontara,train,PNG,RGB,878,44,3930,False,1,,19.954545454545453,0.038632,0.8138330917374198
8EipKWmG.png,sunda,train,PNG,RGB,812,52,4536,False,1,,15.615384615384615,0.042224,0.8594164456233422
cBQqTwIg.png,lampung,train,PNG,RGB,118,38,1842,False,1,,3.1052631578947367,0.004484,3.286351471900089
0KafHdnc.png,pegon,train,PNG,RGB,75,74,1043,False,1,,1.0135135135135136,0.00555,1.5034234234234234
bhb95vJc.png,sunda,train,PNG,RGB,55,56,465,False,1,,0.9821428571428571,0.00308,1.2077922077922079
Txa49y4L.png,pegon,train,PNG,RGB,130,128,2712,False,1,,1.015625,0.01664,1.3038461538461539
vFUZvRYM.png,bali,train,PNG,RGB,1416,66,9144,False,1,,21.454545454545453,0.093456,0.7827426810477658
1rFY5ymX.png,sunda,train,PNG,RGB,1123,62,7144,False,1,,18.112903225806452,0.069626,0.820842788613449
VIccv3aL.png,sunda,train,PNG,RGB,40,35,300,False,1,,1.1428571428571428,0.0014,1.7142857142857142
GOpyxAwP.png,jawa,train,PNG,RGB,423,57,44322,False,1,,7.421052631578948,0.024111,14.705984820206545
iXb9ohb3.png,jawi,train,PNG,RGB,690,88,7358,False,1,,7.840909090909091,0.06072,0.969433465085639
tsihOkEn.png,pegon,train,PNG,RGB,215,153,4853,False,1,,1.4052287581699345,0.032895,1.1802401580787354
w9SMKTlv.png,lontara,train,PNG,RGB,868,57,3925,False,1,,15.228070175438596,0.049476,0.6346511439890048
DibLUM0s.png,jawi,train,PNG,RGB,823,84,8289,False,1,,9.797619047619047,0.069132,0.9592084707516056
PS2ncm3Z.png,jawa,train,PNG,RGB,649,95,19803,False,1,,6.831578947368421,0.061655,2.5695239639931877
0nLTwBWz.png,jawa,train,PNG,RGB,668,59,104501,False,1,,11.322033898305085,0.039412,21.212016644676748
jKUrpvpy.png,bali,train,PNG,RGB,299,61,1997,False,1,,4.901639344262295,0.018239,0.8759252151982017
HNzqImsA.png,jawa,train,PNG,RGB,794,59,5687,False,1,,13.457627118644067,0.046846,0.9711821713700209
R3jjnZkx.png,jawi,train,PNG,RGB,14,19,203,False,1,,0.7368421052631579,0.000266,6.105263157894737
W0b6uSzZ.jpg,jawa,train,JPEG,RGB,800,800,150594,False,1,,1.0,0.64,1.882425
EOoEfT8V.png,jawa,train,PNG,RGB,882,69,5873,False,1,,12.782608695652174,0.060858,0.7720266850701634
hEJLNuKg.png,jawa,train,PNG,RGB,820,69,6429,False,1,,11.884057971014492,0.05658,0.9090137857900318
fC1kacWM.png,lampung,train,PNG,RGB,148,31,2138,False,1,,4.774193548387097,0.004588,3.7279860505666957
81UQojTS.png,lampung,train,PNG,RGB,315,73,2351,False,1,,4.315068493150685,0.022995,0.8179169384648837
N51AJir3.png,bali,train,PNG,RGB,1412,63,9482,False,1,,22.41269841269841,0.088956,0.8527361841809434
KOjxlbon.png,jawi,train,PNG,RGB,816,80,7404,False,1,,10.2,0.06528,0.9073529411764706
slg7fj6Y.jpg,lampung,train,JPEG,RGB,566,472,56946,False,1,"(96, 96)",1.1991525423728813,0.267152,1.7052763969575373
PPycIyIT.png,lontara,train,PNG,RGB,831,59,4671,False,1,,14.084745762711865,0.049029,0.7621611699198434
Axjnt08G.png,jawa,train,PNG,RGB,932,83,20068,False,1,,11.228915662650602,0.077356,2.075391695537515
stfZewkr.png,lampung,train,PNG,RGB,145,41,1765,False,1,,3.5365853658536586,0.005945,2.3751051303616486
FSeTEL4D.jpg,sunda,train,JPEG,RGB,2056,2704,1386840,False,1,"(300, 300)",0.7603550295857988,5.559424,1.995659982041305
Nn39PzSC.png,jawi,train,PNG,RGB,41,39,367,False,1,,1.0512820512820513,0.001599,1.8361475922451531
ucAnae1X.png,sunda,train,PNG,RGB,777,67,4302,False,1,,11.597014925373134,0.052059,0.6610960640811387
tU2GW1lZ.png,jawi,train,PNG,RGB,591,59,4231,False,1,,10.016949152542374,0.034869,0.9707189767415183
Z9D6fGmF.png,jawa,train,PNG,RGB,259,61,2120,False,1,,4.245901639344262,0.015799,1.073485663649598
eWPUNO8n.png,bali,train,PNG,RGB,106,66,1006,False,1,,1.606060606060606,0.006996,1.1503716409376787
ksDh5N1j.png,lontara,train,PNG,RGB,947,59,3901,False,1,,16.050847457627118,0.055873,0.5585524314069408
x5ZatseU.png,sunda,train,PNG,RGB,797,43,4402,False,1,,18.53488372093023,0.034271,1.0275743339850019
T5Q9z9Eg.jpg,sunda,train,JPEG,RGB,768,1024,55628,False,1,,0.75,0.786432,0.5658772786458334
oXWKMEYU.png,jawi,train,PNG,RGB,803,85,8703,False,1,,9.447058823529412,0.068255,1.0200571386711597
oy9AjJSq.png,lampung,train,PNG,RGB,104,41,1325,False,1,,2.5365853658536586,0.004264,2.4859287054409007
D8AGWEgm.png,sunda,train,PNG,RGB,265,46,1481,False,1,,5.760869565217392,0.01219,0.9719442165709598
sl3SaX97.png,bali,train,PNG,RGB,91,61,652,False,1,,1.4918032786885247,0.005551,0.9396505134210053
If6abOkY.png,pegon,train,PNG,RGB,174,152,4378,False,1,,1.144736842105263,0.026448,1.324258923169994
Dkb1nupM.png,sunda,train,PNG,RGB,44,54,470,False,1,,0.8148148148148148,0.002376,1.5824915824915824
ORp7qPE9.png,jawa,train,PNG,RGB,652,68,114453,False,1,,9.588235294117647,0.044336,20.651930710934682
Q3Q4mo2P.png,jawi,train,PNG,RGB,727,67,2077,False,1,,10.850746268656716,0.048709,0.34112792297111416
adVu2vI7.png,lampung,train,PNG,RGB,129,36,1620,False,1,,3.5833333333333335,0.004644,2.7906976744186047
zTzCgmK7.png,lampung,train,PNG,RGB,115,46,1357,False,1,,2.5,0.00529,2.0521739130434784
yMPuiUhj.png,jawi,train,PNG,RGB,955,87,6520,False,1,,10.977011494252874,0.083085,0.6277908166335681
ZEZPbxDE.png,jawi,train,PNG,RGB,814,80,7120,False,1,,10.175,0.06512,0.8746928746928747
atWTdS5x.png,bali,train,PNG,RGB,1559,64,10371,False,1,,24.359375,0.099776,0.8315426555484284
05E6cN2H.jpg,bali,train,JPEG,RGB,696,464,108342,False,1,,1.5,0.322944,2.683858501783591
OhI0pCEf.png,sunda,train,PNG,RGB,1203,67,7757,False,1,,17.955223880597014,0.080601,0.7699160060048883
ZTwUaLsN.png,pegon,train,PNG,RGB,154,119,3263,False,1,,1.2941176470588236,0.018326,1.4244243151806177
jvnmJCg3.png,lontara,train,PNG,RGB,130,57,821,False,1,,2.280701754385965,0.00741,0.8863697705802969
TjWK7AcR.png,jawa,train,PNG,RGB,130,87,1073,False,1,,1.4942528735632183,0.01131,0.7589743589743589
yH2Pop2c.jpg,jawi,train,JPEG,RGB,2098,1424,1037068,False,1,"(96, 96)",1.473314606741573,2.987552,2.7770375210205547
cNXpTJrq.png,jawa,train,PNG,RGB,427,51,40914,False,1,,8.372549019607844,0.021777,15.030169444827111
IsN0vy3Z.png,jawa,train,PNG,RGB,899,88,8380,False,1,,10.215909090909092,0.079112,0.8474062089190009
JANKXYDQ.png,sunda,train,PNG,RGB,808,46,4442,False,1,,17.565217391304348,0.037168,0.9560912613000431
EsPJndOK.png,jawi,train,PNG,RGB,83,49,513,False,1,,1.6938775510204083,0.004067,1.0090976149495943
y42e51pS.png,lontara,train,PNG,RGB,933,41,3740,False,1,,22.75609756097561,0.038253,0.7821608762711422
urCfCFDH.png,jawi,train,PNG,RGB,783,67,6147,False,1,,11.686567164179104,0.052461,0.9373820552410362
pv2y0ifu.png,jawa,train,PNG,RGB,581,63,4003,False,1,,9.222222222222221,0.036603,0.874900964401825
JvDICrXo.png,jawa,train,PNG,RGB,127,99,1431,False,1,,1.2828282828282829,0.012573,0.9105225483178239
qZxtXrxJ.png,pegon,train,PNG,RGB,82,89,715,False,1,,0.9213483146067416,0.007298,0.7837763770896136
iXfNUXNk.png,lampung,train,PNG,RGB,256,106,2646,False,1,,2.4150943396226414,0.027136,0.7800707547169812
6B6gEZsF.png,sunda,train,PNG,RGB,257,46,1505,False,1,,5.586956521739131,0.011822,1.0184401962442904
QTLJKRy7.png,lampung,train,PNG,RGB,134,31,1635,False,1,,4.32258064516129,0.004154,3.148772267693789
3g73ErdB.png,jawi,train,PNG,RGB,61,53,389,False,1,,1.150943396226415,0.003233,0.9625734611815651
dAP8AKc7.png,lampung,train,PNG,RGB,102,42,1161,False,1,,2.4285714285714284,0.004284,2.168067226890756
FmblxCTE.png,jawi,train,PNG,RGB,380,56,2012,False,1,,6.785714285714286,0.02128,0.7563909774436091
GH30tjqn.png,pegon,train,PNG,RGB,614,95,5510,False,1,,6.463157894736842,0.05833,0.755700325732899
1tZNineB.png,pegon,train,PNG,RGB,148,133,2822,False,1,,1.112781954887218,0.019684,1.1469213574476733
tay5RD5S.png,pegon,train,PNG,RGB,821,103,8954,False,1,,7.970873786407767,0.084563,0.8470844222650569
nB3tWRdP.png,jawi,train,PNG,RGB,151,94,1667,False,1,,1.6063829787234043,0.014194,0.9395519233478935
O72oEUEN.png,jawi,train,PNG,RGB,23,22,234,False,1,,1.0454545454545454,0.000506,3.699604743083004
nDQ83aBq.png,jawi,train,PNG,RGB,67,59,442,False,1,,1.1355932203389831,0.003953,0.8945104983556792
Pz1v0KGJ.png,sunda,train,PNG,RGB,131,39,801,False,1,,3.358974358974359,0.005109,1.254257193188491
g5ciNG8q.png,lampung,train,PNG,RGB,135,38,1948,False,1,,3.5526315789473686,0.00513,3.0378167641325535
QgbzhutZ.png,jawi,train,PNG,RGB,948,62,4821,False,1,,15.290322580645162,0.058776,0.6561861984483462
zqAIhomw.png,jawi,train,PNG,RGB,68,49,505,False,1,,1.3877551020408163,0.003332,1.212484993997599
k7uR3cU2.png,jawi,train,PNG,RGB,888,76,5479,False,1,,11.68421052631579,0.067488,0.6494784257942152
HiwcczB3.png,jawa,train,PNG,RGB,775,64,5306,False,1,,12.109375,0.0496,0.8558064516129033
M4KkJkVF.png,sunda,train,PNG,RGB,93,60,870,False,1,,1.55,0.00558,1.2473118279569892
c0Qsxy7e.png,jawi,train,PNG,RGB,843,64,6782,False,1,,13.171875,0.053952,1.0056346381969157
pRhmq7IU.png,jawi,train,PNG,RGB,297,47,1481,False,1,,6.319148936170213,0.013959,0.8487714019628914
MyFb4Qse.png,lontara,train,PNG,RGB,945,41,3797,False,1,,23.048780487804876,0.038745,0.7839979352174474
HWLMS0b9.png,lontara,train,PNG,RGB,739,37,3247,False,1,,19.972972972972972,0.027343,0.9500054858647552
vYQ2SdCm.png,sunda,train,PNG,RGB,44,54,381,False,1,,0.8148148148148148,0.002376,1.2828282828282829
J65ljvGF.png,lontara,train,PNG,RGB,946,75,5252,False,1,,12.613333333333333,0.07095,0.5921916842847076
w7Mki1j1.png,lontara,train,PNG,RGB,997,75,6677,False,1,,13.293333333333333,0.074775,0.7143564025409562
shMN5IQx.png,sunda,train,PNG,RGB,243,42,1535,False,1,,5.785714285714286,0.010206,1.2032137958063884
ZVhztQB0.png,sunda,train,PNG,RGB,76,55,637,False,1,,1.3818181818181818,0.00418,1.2191387559808613
vhZxIwJZ.png,jawi,train,PNG,RGB,220,55,1792,False,1,,4.0,0.0121,1.1847933884297521
y5o39zul.png,sunda,train,PNG,RGB,573,73,3423,False,1,,7.8493150684931505,0.041829,0.654665423510005
WAymDvWY.png,pegon,train,PNG,RGB,104,81,1086,False,1,,1.2839506172839505,0.008424,1.0313390313390314
P7jsy3Fy.png,jawa,train,PNG,RGB,936,66,6079,False,1,,14.181818181818182,0.061776,0.7872312872312872
5YDbEfBO.png,jawi,train,PNG,RGB,59,43,548,False,1,,1.372093023255814,0.002537,1.7280252266456444
63HJb3od.png,sunda,train,PNG,RGB,1137,63,7020,False,1,,18.047619047619047,0.071631,0.7840180927252167
TfRLGd7w.png,lampung,train,PNG,RGB,106,38,1309,False,1,,2.789473684210526,0.004028,2.599801390268123
5XhUe18W.png,jawi,train,PNG,RGB,31,35,347,False,1,,0.8857142857142857,0.001085,2.5585253456221198
KPamIaBc.png,sunda,train,PNG,RGB,144,52,1084,False,1,,2.769230769230769,0.007488,1.1581196581196582
JO5KeIvE.png,jawa,train,PNG,RGB,899,78,6760,False,1,,11.525641025641026,0.070122,0.7712272895810159
m3DY4h7N.png,sunda,train,PNG,RGB,730,77,4188,False,1,,9.480519480519481,0.05621,0.5960505248176481
w48Fkyxn.png,jawa,train,PNG,RGB,908,70,7015,False,1,,12.971428571428572,0.06356,0.8829452485840151
7bPfcRfE.png,jawa,train,PNG,RGB,890,91,9586,False,1,,9.780219780219781,0.08099,0.946882331151994
aN1pE3Zk.png,jawi,train,PNG,RGB,672,62,3967,False,1,,10.838709677419354,0.041664,0.7617127496159755
iYOBI8wk.png,lampung,train,PNG,RGB,280,76,1923,False,1,,3.6842105263157894,0.02128,0.7229323308270676
uiL6N4Ho.png,jawi,train,PNG,RGB,788,77,6713,False,1,,10.233766233766234,0.060676,0.8850946008306414
MDUe76ah.png,pegon,train,PNG,RGB,134,108,2161,False,1,,1.2407407407407407,0.014472,1.1945826423438364
9rjbkZkh.png,sunda,train,PNG,RGB,259,42,1652,False,1,,6.166666666666667,0.010878,1.214929214929215
lXCQl9TD.png,lontara,train,PNG,RGB,937,49,3785,False,1,,19.122448979591837,0.045913,0.6595082002918563
v4Rz2PgN.png,sunda,train,PNG,RGB,153,55,1187,False,1,,2.7818181818181817,0.008415,1.128461081402258
hm392a74.png,sunda,train,PNG,RGB,757,93,4703,False,1,,8.13978494623656,0.070401,0.5344242269285948
bv4i3Hy5.jpg,lampung,train,JPEG,RGB,387,516,29592,False,1,,0.75,0.199692,1.1855056787452678
EFi5au5z.png,sunda,train,PNG,RGB,715,60,4032,False,1,,11.916666666666666,0.0429,0.7518881118881119
Ik6fnyVl.png,lampung,train,PNG,RGB,150,36,2184,False,1,,4.166666666666667,0.0054,3.2355555555555555
7INrLHjm.png,jawi,train,PNG,RGB,32,41,262,False,1,,0.7804878048780488,0.001312,1.5975609756097562
AG40WrsZ.png,jawi,train,PNG,RGB,405,65,3326,False,1,,6.230769230769231,0.026325,1.0107502374169042
lCRJdHht.png,sunda,train,PNG,RGB,936,67,5868,False,1,,13.970149253731343,0.062712,0.748564867967853
6zqpabk5.png,lontara,train,PNG,RGB,705,49,3283,False,1,,14.387755102040817,0.034545,0.7602836879432624
pbMymOOx.png,jawi,train,PNG,RGB,838,52,4631,False,1,,16.115384615384617,0.043576,0.8501927666605471
BXceAgzr.png,jawi,train,PNG,RGB,690,70,3841,False,1,,9.857142857142858,0.0483,0.6361904761904762
opaiNmqq.png,sunda,train,PNG,RGB,157,52,1187,False,1,,3.019230769230769,0.008164,1.163155316021558
FRxoEmsj.png,jawa,train,PNG,RGB,907,52,6469,False,1,,17.442307692307693,0.047164,1.0972775845984226
A2gApZnB.jpg,lampung,train,JPEG,RGB,488,409,12513,False,1,,1.1931540342298288,0.199592,0.5015431480219648
r6cYFU5I.png,sunda,train,PNG,RGB,741,78,4328,False,1,,9.5,0.057798,0.5990518703069311
NUT7LqIb.png,bali,train,PNG,RGB,1381,58,10215,False,1,,23.810344827586206,0.080098,1.0202501935129467
G2Yo1KXC.png,sunda,train,PNG,RGB,73,55,706,False,1,,1.3272727272727274,0.004015,1.4067247820672477
2Dy1vF5B.png,jawi,train,PNG,RGB,803,94,7937,False,1,,8.542553191489361,0.075482,0.8412071752205824
KWkh8Up9.png,lampung,train,PNG,RGB,937,43,3782,False,1,,21.790697674418606,0.040291,0.7509369338065573
4WAP6hq7.png,lontara,train,PNG,RGB,377,53,2013,False,1,,7.113207547169812,0.019981,0.8059656673840148
xdPo0cWI.png,jawa,train,PNG,RGB,776,76,5693,False,1,,10.210526315789474,0.058976,0.7722463374932176
5e2kJqq4.png,lampung,train,PNG,RGB,97,44,621,False,1,,2.2045454545454546,0.004268,1.1640112464854733
keFKqJYS.png,jawi,train,PNG,RGB,800,69,6659,False,1,,11.594202898550725,0.0552,0.965072463768116
7gXMJG6J.webp,lontara,train,WEBP,RGB,720,405,17842,False,1,,1.7777777777777777,0.2916,0.4894924554183813
sTPZ9pY9.png,bali,train,PNG,RGB,1353,64,9195,False,1,,21.140625,0.086592,0.8495011086474501
gVqz9byo.png,sunda,train,PNG,RGB,230,39,1388,False,1,,5.897435897435898,0.00897,1.2379041248606466
XNowICYo.png,jawi,train,PNG,RGB,167,87,1990,False,1,,1.9195402298850575,0.014529,1.0957395553720146
1NygwbYG.png,jawa,train,PNG,RGB,569,74,10088,False,1,,7.6891891891891895,0.042106,1.9166864579869853
aTe20JWs.png,lampung,train,PNG,RGB,136,31,1927,False,1,,4.387096774193548,0.004216,3.6565464895635675
Ikqgyq4e.png,jawa,train,PNG,RGB,517,66,4637,False,1,,7.833333333333333,0.034122,1.0871578453783484
4da6zWMs.png,pegon,train,PNG,RGB,143,130,3061,False,1,,1.1,0.01859,1.3172673480365789
16KeE2XC.png,lampung,train,PNG,RGB,224,92,2056,False,1,,2.4347826086956523,0.020608,0.7981366459627329
87FfwyLC.png,jawi,train,PNG,RGB,49,54,372,False,1,,0.9074074074074074,0.002646,1.124716553287982
5b4dKJQg.png,jawi,train,PNG,RGB,89,38,654,False,1,,2.3421052631578947,0.003382,1.5470136014192786
wIwyYdzZ.png,jawa,train,PNG,RGB,692,83,12541,False,1,,8.337349397590362,0.057436,1.7467790236088865
To3jYmKq.png,sunda,train,PNG,RGB,71,60,620,False,1,,1.1833333333333333,0.00426,1.164319248826291
9XJwkHaD.png,lampung,train,PNG,RGB,137,42,1891,False,1,,3.261904761904762,0.005754,2.6291275634341327
SzEbRPDF.png,sunda,train,PNG,RGB,74,41,624,False,1,,1.8048780487804879,0.003034,1.6453526697429137
nLFOghtc.png,jawa,train,PNG,RGB,674,83,9194,False,1,,8.120481927710843,0.055942,1.3147903185442065
SWcYIXIP.png,jawi,train,PNG,RGB,481,55,2637,False,1,,8.745454545454546,0.026455,0.7974295974295974
pbRGdxNa.png,lampung,train,PNG,RGB,142,36,2022,False,1,,3.9444444444444446,0.005112,3.164319248826291
lK7jxLfl.png,sunda,train,PNG,RGB,75,55,748,False,1,,1.3636363636363635,0.004125,1.4506666666666668
24ht0nBF.png,bali,train,PNG,RGB,1344,69,10668,False,1,,19.47826086956522,0.092736,0.9202898550724637
n20K6eX1.png,lampung,train,PNG,RGB,149,43,2224,False,1,,3.4651162790697674,0.006407,2.7769626970501013
4b8hSGve.png,jawa,train,PNG,RGB,659,62,113265,False,1,,10.629032258064516,0.040858,22.17729697978364
Ih7WzxN8.png,lampung,train,PNG,RGB,218,89,1871,False,1,,2.449438202247191,0.019402,0.7714668590866921
vVFcLQJA.png,jawa,train,PNG,RGB,73,95,1174,False,1,,0.7684210526315789,0.006935,1.3542898341744773
SnpsxIJd.png,sunda,train,PNG,RGB,40,36,271,False,1,,1.1111111111111112,0.00144,1.5055555555555555
cD3Q9Mup.png,lampung,train,PNG,RGB,145,32,2301,False,1,,4.53125,0.00464,3.967241379310345
Jt110dqm.png,pegon,train,PNG,RGB,143,118,2299,False,1,,1.2118644067796611,0.016874,1.0899608865710562
0kKWTTMk.png,jawi,train,PNG,RGB,795,83,7661,False,1,,9.578313253012048,0.065985,0.9288171554141093
Kb0OMs2F.png,sunda,train,PNG,RGB,64,54,681,False,1,,1.1851851851851851,0.003456,1.5763888888888888
1uTfG4Ff.png,sunda,train,PNG,RGB,1200,68,7563,False,1,,17.647058823529413,0.0816,0.7414705882352941
7KSDQ45c.png,lampung,train,PNG,RGB,357,73,2423,False,1,,4.890410958904109,0.026061,0.7437934077740685
f9cIdnQp.jpg,sunda,train,JPEG,RGB,1024,581,141215,False,1,"(72, 72)",1.7624784853700517,0.594944,1.8988677925989672
EsOAZSPf.png,sunda,train,PNG,RGB,761,99,4408,False,1,,7.686868686868687,0.075339,0.46807098581080187
s7dY6j4u.png,lampung,train,PNG,RGB,145,41,1593,False,1,,3.5365853658536586,0.005945,2.143650126156434
kEhxAG7h.png,jawa,train,PNG,RGB,643,84,10506,False,1,,7.654761904761905,0.054012,1.556098644745612
Tp5c8NpO.png,jawa,train,PNG,RGB,914,73,6078,False,1,,12.520547945205479,0.066722,0.7287551332394113
wEYWWhaw.png,jawi,train,PNG,RGB,254,90,2591,False,1,,2.8222222222222224,0.02286,0.9067366579177603
VgtC2e8O.png,bali,train,PNG,RGB,1541,76,10742,False,1,,20.276315789473685,0.117116,0.7337682297892688
LOt4i5xE.png,jawi,train,PNG,RGB,943,68,5897,False,1,,13.867647058823529,0.064124,0.7356995820597593
XhzyZXBX.jpg,pegon,train,JPEG,RGB,830,485,69222,False,1,"(96, 96)",1.711340206185567,0.40255,1.3756701030927836
JDgVQprN.png,jawa,train,PNG,RGB,562,79,4658,False,1,,7.113924050632911,0.044398,0.8393170863552413
eINCyDee.png,lampung,train,PNG,RGB,198,71,1215,False,1,,2.788732394366197,0.014058,0.6914212548015365
prGQrDIB.png,pegon,train,PNG,RGB,149,141,3554,False,1,,1.0567375886524824,0.021009,1.3533247655766576
oIOESpST.png,lontara,train,PNG,RGB,931,46,4054,False,1,,20.23913043478261,0.042826,0.7572969691309018
H7xpqqh7.png,pegon,train,PNG,RGB,183,160,4642,False,1,,1.14375,0.02928,1.2683060109289617
TeLvO0Kw.png,lampung,train,PNG,RGB,141,40,1822,False,1,,3.525,0.00564,2.5843971631205673
Imsi27LU.jpg,lontara,train,JPEG,RGB,645,923,133786,False,1,"(72, 72)",0.6988082340195017,0.595335,1.7977911595992173
INwD0I8T.png,sunda,train,PNG,RGB,109,56,979,False,1,,1.9464285714285714,0.006104,1.2830930537352556
LTPvVx2F.png,bali,train,PNG,RGB,1513,68,10756,False,1,,22.25,0.102884,0.8363593950468489
MDiV8shM.jpg,lampung,train,JPEG,RGB,1138,316,43979,False,1,"(96, 96)",3.6012658227848102,0.359608,0.9783764543614157
4FPOyOhR.png,lampung,train,PNG,RGB,253,55,1255,False,1,,4.6,0.013915,0.7215235357527847
ltmCbkwb.png,lampung,train,PNG,RGB,648,43,2446,False,1,,15.069767441860465,0.027864,0.7022681596325007
Gyv1XEoO.png,jawi,train,PNG,RGB,67,50,593,False,1,,1.34,0.00335,1.4161194029850745
wE8el0Ro.jpg,pegon,train,JPEG,RGB,480,360,21313,False,1,,1.3333333333333333,0.1728,0.986712962962963
wxVGUVvs.png,sunda,train,PNG,RGB,126,58,1103,False,1,,2.1724137931034484,0.007308,1.2074438970990695
WLPU0XAt.png,bali,train,PNG,RGB,1376,64,10044,False,1,,21.5,0.088064,0.9124273255813954
dvLMdtIG.png,pegon,train,PNG,RGB,181,167,4985,False,1,,1.0838323353293413,0.030227,1.3193502497766898
36TapIhU.png,sunda,train,PNG,RGB,692,75,4330,False,1,,9.226666666666667,0.0519,0.6674373795761079
qBistJyl.png,pegon,train,PNG,RGB,61,56,784,False,1,,1.0892857142857142,0.003416,1.8360655737704918
hESF37wT.png,jawi,train,PNG,RGB,412,59,3324,False,1,,6.983050847457627,0.024308,1.0939608359387856
2uJPlmj3.png,lampung,train,PNG,RGB,374,81,3299,False,1,,4.617283950617284,0.030294,0.8711956162936555
HiNNV5kJ.png,sunda,train,PNG,RGB,783,64,5077,False,1,,12.234375,0.050112,0.8105044699872286
FxLdbpDH.png,sunda,train,PNG,RGB,77,42,654,False,1,,1.8333333333333333,0.003234,1.6178107606679035
3uz8EaZ0.png,jawa,train,PNG,RGB,774,74,5514,False,1,,10.45945945945946,0.057276,0.7701655143515609
ucR5bz2j.png,sunda,train,PNG,RGB,790,66,4946,False,1,,11.969696969696969,0.05214,0.758879938626774
XxKFLYEC.png,jawa,train,PNG,RGB,313,59,2481,False,1,,5.305084745762712,0.018467,1.0747820436454216
3X5bGS5Y.png,bali,train,PNG,RGB,1406,63,10206,False,1,,22.317460317460316,0.088578,0.9217638691322901
9a3S4JO2.png,jawa,train,PNG,RGB,907,74,7429,False,1,,12.256756756756756,0.067118,0.8854852647575912
3hpHWggd.png,jawi,train,PNG,RGB,85,55,624,False,1,,1.5454545454545454,0.004675,1.067807486631016
MvEmUErU.png,jawa,train,PNG,RGB,643,76,10555,False,1,,8.460526315789474,0.048868,1.7279201113202913
WpqyECfG.png,sunda,train,PNG,RGB,808,49,4476,False,1,,16.489795918367346,0.039592,0.9044251363911902
yvslca8v.png,jawa,train,PNG,RGB,945,59,5012,False,1,,16.016949152542374,0.055755,0.7191462649089768
sCLYTTfG.png,lontara,train,PNG,RGB,940,46,3432,False,1,,20.434782608695652,0.04324,0.6349676225716929
t5tOvHvB.png,jawi,train,PNG,RGB,22,24,236,False,1,,0.9166666666666666,0.000528,3.5757575757575757
tPQfspZA.png,sunda,train,PNG,RGB,94,58,816,False,1,,1.6206896551724137,0.005452,1.1973587674247983
py0rDMIZ.png,jawi,train,PNG,RGB,845,76,5487,False,1,,11.118421052631579,0.06422,0.68352538150109
jNBwqzUN.png,pegon,train,PNG,RGB,63,51,548,False,1,,1.2352941176470589,0.003213,1.3644568938686585
pOmkUl2v.png,jawa,train,PNG,RGB,894,59,7108,False,1,,15.152542372881356,0.052746,1.0780722708831
DoIjOBVM.png,sunda,train,PNG,RGB,788,72,5309,False,1,,10.944444444444445,0.056736,0.7485899605188945
B8wfb9HN.png,pegon,train,PNG,RGB,829,60,7308,False,1,,13.816666666666666,0.04974,1.1753920386007237
aB7DAFWh.png,sunda,train,PNG,RGB,822,71,4452,False,1,,11.577464788732394,0.058362,0.6102601007504883
25yyb63f.png,sunda,train,PNG,RGB,40,35,363,False,1,,1.1428571428571428,0.0014,2.0742857142857143
n4tugGUl.png,jawi,train,PNG,RGB,812,74,8487,False,1,,10.972972972972974,0.060088,1.1299427506324058
n4tx9vq1.png,jawa,train,PNG,RGB,849,71,6657,False,1,,11.95774647887324,0.060279,0.8834917633006519
qhhWO7r3.png,lampung,train,PNG,RGB,290,89,2796,False,1,,3.258426966292135,0.02581,0.8666408368849283
LPLnF4DK.png,jawi,train,PNG,RGB,618,69,5064,False,1,,8.956521739130435,0.042642,0.9500492472210497
WYngEEh9.png,jawa,train,PNG,RGB,679,88,18149,False,1,,7.715909090909091,0.059752,2.429910295889677
ViTPK66C.png,sunda,train,PNG,RGB,182,151,2820,False,1,,1.205298013245033,0.027482,0.8209009533512844
lWjk9Tvo.jpg,lampung,train,JPEG,RGB,1280,720,70036,False,1,,1.7777777777777777,0.9216,0.6079513888888889
ZEBHEINS.png,sunda,train,PNG,RGB,794,87,4783,False,1,,9.126436781609195,0.069078,0.5539245490604824
lbHpRziu.png,jawa,train,PNG,RGB,937,88,6784,False,1,,10.647727272727273,0.082456,0.6581934607548268
OwAQwrMA.png,jawi,train,PNG,RGB,69,53,536,False,1,,1.3018867924528301,0.003657,1.172545802570413
9Oey6um9.png,jawi,train,PNG,RGB,953,66,5799,False,1,,14.43939393939394,0.062898,0.7375751216254889
RJoZDw1O.png,bali,train,PNG,RGB,1584,58,10641,False,1,,27.310344827586206,0.091872,0.9265935214211076
I2EPpFdr.png,jawa,train,PNG,RGB,928,136,8251,False,1,,6.823529411764706,0.126208,0.5230096348884381
u6OG4OU1.jpg,jawa,train,JPEG,RGB,449,252,21799,False,1,,1.7817460317460319,0.113148,1.541273376462686
D2soF0H4.png,sunda,train,PNG,RGB,288,42,1747,False,1,,6.857142857142857,0.012096,1.1554232804232805
g5ky15AC.png,bali,train,PNG,RGB,1415,67,9702,False,1,,21.119402985074625,0.094805,0.8186909973102684
XQK4DDMk.png,lontara,train,PNG,RGB,868,57,4545,False,1,,15.228070175438596,0.049476,0.7349017705554208
I8ZRTjr4.png,jawi,train,PNG,RGB,486,66,2260,False,1,,7.363636363636363,0.032076,0.5636613044020451
rfUqvyMU.png,lontara,train,PNG,RGB,943,54,3992,False,1,,17.462962962962962,0.050922,0.627155257059817
zng5Ob2d.png,lampung,train,PNG,RGB,106,38,1395,False,1,,2.789473684210526,0.004028,2.7706057596822244
cVJQ8aSY.png,jawi,train,PNG,RGB,954,72,5434,False,1,,13.25,0.068688,0.6328907523876077
WtMWgmM1.png,jawi,train,PNG,RGB,67,49,440,False,1,,1.3673469387755102,0.003283,1.072190070057874
BW1aeOIN.png,jawa,train,PNG,RGB,951,71,5969,False,1,,13.394366197183098,0.067521,0.7072170139660254
J4Ga75PM.png,lampung,train,PNG,RGB,328,93,2749,False,1,,3.5268817204301075,0.030504,0.7209546289011277
5uhyW114.png,jawi,train,PNG,RGB,94,44,716,False,1,,2.1363636363636362,0.004136,1.3849129593810445
xBCIhZ3x.png,bali,train,PNG,RGB,1418,67,9821,False,1,,21.16417910447761,0.095006,0.8269793486727154
sHFxjqCb.png,jawi,train,PNG,RGB,677,64,3953,False,1,,10.578125,0.043328,0.7298744460856721
3itA4GCy.jpg,bali,train,JPEG,RGB,235,207,12518,False,1,"(72, 72)",1.1352657004830917,0.048645,2.0586699558022405
ClHmnE3M.png,sunda,train,PNG,RGB,291,39,1825,False,1,,7.461538461538462,0.011349,1.2864569565600494
X4wgUCC9.png,jawa,train,PNG,RGB,158,44,1090,False,1,,3.590909090909091,0.006952,1.2543153049482163
Iie8eXEM.png,jawa,train,PNG,RGB,919,95,8405,False,1,,9.673684210526316,0.087305,0.7701735295802073
vFFKpryr.png,lontara,train,PNG,RGB,498,46,2454,False,1,,10.826086956521738,0.022908,0.856993190151912
m5pludkP.png,bali,train,PNG,RGB,84,59,883,False,1,,1.423728813559322,0.004956,1.4253430185633575
p9Yo5NBN.png,lampung,train,PNG,RGB,177,101,1459,False,1,,1.7524752475247525,0.017877,0.652905968562958
hQncyZ7t.png,jawa,train,PNG,RGB,907,93,6915,False,1,,9.75268817204301,0.084351,0.6558309919265924
MseEenaa.png,bali,train,PNG,RGB,204,81,1874,False,1,,2.5185185185185186,0.016524,0.907286371338659
Ke1EtMqj.png,bali,train,PNG,RGB,1380,61,10209,False,1,,22.62295081967213,0.08418,0.9702066999287242
RLFIDPIy.png,jawi,train,PNG,RGB,89,44,718,False,1,,2.022727272727273,0.003916,1.466802860061287
atguBlcH.png,jawi,train,PNG,RGB,885,56,6243,False,1,,15.803571428571429,0.04956,1.0077481840193705
nSWmqFez.png,sunda,train,PNG,RGB,783,69,5083,False,1,,11.347826086956522,0.054027,0.7526607066836952
YLviXRXD.png,sunda,train,PNG,RGB,76,41,717,False,1,,1.853658536585366,0.003116,1.840821566110398
0J1XjPv7.png,lontara,train,PNG,RGB,962,58,4748,False,1,,16.586206896551722,0.055796,0.6807656462828877
COYd1v3e.png,lontara,train,PNG,RGB,942,82,5380,False,1,,11.487804878048781,0.077244,0.5571953808710062
KSBl7ztu.png,bali,train,PNG,RGB,96,56,805,False,1,,1.7142857142857142,0.005376,1.1979166666666667
xYzq0GmI.png,jawi,train,PNG,RGB,977,64,5174,False,1,,15.265625,0.062528,0.6619754350051177
bfGFFn4n.png,jawi,train,PNG,RGB,803,69,7116,False,1,,11.63768115942029,0.055407,1.0274514050571228
9hyZz7XW.png,jawa,train,PNG,RGB,874,77,7806,False,1,,11.35064935064935,0.067298,0.9279324794198937
suYjfbwS.png,jawa,train,PNG,RGB,508,66,62726,False,1,,7.696969696969697,0.033528,14.96683369124314
JrvEe6dP.png,lampung,train,PNG,RGB,107,37,1218,False,1,,2.891891891891892,0.003959,2.46122758272291
WwdyEjiX.png,jawa,train,PNG,RGB,422,68,7212,False,1,,6.205882352941177,0.028696,2.0105938109841093
k2KtRniI.jpg,pegon,train,JPEG,RGB,878,576,115707,False,1,"(96, 96)",1.5243055555555556,0.505728,1.8303435839028095
O1ykAmv8.png,jawi,train,PNG,RGB,374,84,4410,False,1,,4.4523809523809526,0.031416,1.1229946524064172
moTcEMuO.png,lampung,train,PNG,RGB,340,62,2260,False,1,,5.483870967741935,0.02108,0.857685009487666
0aEaZKLB.png,bali,train,PNG,RGB,125,64,885,False,1,,1.953125,0.008,0.885
baZWnmbC.png,jawa,train,PNG,RGB,605,66,74323,False,1,,9.166666666666666,0.03993,14.890658652642124
NKj6pIDe.png,lampung,train,PNG,RGB,150,37,1998,False,1,,4.054054054054054,0.00555,2.88
ze6LVt3f.jpg,jawa,train,JPEG,RGB,1280,720,149447,False,1,,1.7777777777777777,0.9216,1.297282986111111
bVfXghWK.png,jawi,train,PNG,RGB,816,80,9555,False,1,,10.2,0.06528,1.1709558823529411
eeexVWkF.png,jawa,train,PNG,RGB,650,83,11732,False,1,,7.831325301204819,0.05395,1.7396848934198332
Wb5NrKcT.png,pegon,train,PNG,RGB,157,138,3151,False,1,,1.1376811594202898,0.021666,1.1634819532908705
bGV7WduC.png,sunda,train,PNG,RGB,291,48,1669,False,1,,6.0625,0.013968,0.9558991981672395
Djrt0occ.png,jawi,train,PNG,RGB,630,82,5938,False,1,,7.682926829268292,0.05166,0.9195509097948122
nUhgEHDQ.png,lontara,train,PNG,RGB,776,53,3153,False,1,,14.641509433962264,0.041128,0.6133048045127407
ZPNUusQX.png,lontara,train,PNG,RGB,184,40,899,False,1,,4.6,0.00736,0.9771739130434782
AYmHBQpl.png,jawa,train,PNG,RGB,679,56,4755,False,1,,12.125,0.038024,1.0004207868714496
7gClVyOS.png,sunda,train,PNG,RGB,807,52,4580,False,1,,15.51923076923077,0.041964,0.8731293489657802
e7sw8UqJ.png,jawa,train,PNG,RGB,894,69,6452,False,1,,12.956521739130435,0.061686,0.8367538825665467
MDfOSmjo.png,sunda,train,PNG,RGB,789,72,4590,False,1,,10.958333333333334,0.056808,0.6463878326996197
g5zApoDB.png,lontara,train,PNG,RGB,942,73,4783,False,1,,12.904109589041095,0.068766,0.5564377744815752
HJKE5L4T.png,bali,train,PNG,RGB,1190,63,7433,False,1,,18.88888888888889,0.07497,0.7931706015739629
4ws9WOfJ.png,lontara,train,PNG,RGB,925,49,4780,False,1,,18.877551020408163,0.045325,0.843684500827358
aHm2wwPd.png,lampung,train,PNG,RGB,695,43,2594,False,1,,16.162790697674417,0.029885,0.6943951815291952
Iz8SVj1m.png,jawa,train,PNG,RGB,935,71,6667,False,1,,13.169014084507042,0.066385,0.8034345108081645
ko1fpmtd.png,jawi,train,PNG,RGB,845,76,7566,False,1,,11.118421052631579,0.06422,0.9425101214574899
U4R2T8xm.png,jawa,train,PNG,RGB,620,81,10078,False,1,,7.654320987654321,0.05022,1.605416168857029
goMVEr9M.jpg,jawi,train,JPEG,RGB,1200,630,311445,False,1,"(96, 96)",1.9047619047619047,0.756,3.295714285714286
CI75W5ow.png,lontara,train,PNG,RGB,920,47,3155,False,1,,19.574468085106382,0.04324,0.5837187789084182
pVN1uJzQ.png,lampung,train,PNG,RGB,230,70,1606,False,1,,3.2857142857142856,0.0161,0.7980124223602485
GLuRIHuH.png,jawa,train,PNG,RGB,712,96,21971,False,1,,7.416666666666667,0.068352,2.571512172284644
cQqHTDoa.png,jawi,train,PNG,RGB,296,46,1776,False,1,,6.434782608695652,0.013616,1.0434782608695652
20iTDSMa.png,sunda,train,PNG,RGB,44,54,408,False,1,,0.8148148148148148,0.002376,1.3737373737373737
pxgyby0r.png,jawi,train,PNG,RGB,795,75,6682,False,1,,10.6,0.059625,0.8965366876310272
yEky4Yhm.png,lampung,train,PNG,RGB,116,31,1650,False,1,,3.7419354838709675,0.003596,3.670745272525028
JV0rKzui.png,lampung,train,PNG,RGB,136,36,1919,False,1,,3.7777777777777777,0.004896,3.1356209150326797
JbqiuUPI.png,sunda,train,PNG,RGB,78,43,654,False,1,,1.813953488372093,0.003354,1.5599284436493739
roT0Obt1.png,lontara,train,PNG,RGB,940,52,4146,False,1,,18.076923076923077,0.04888,0.6785597381342062
zjL1LYpx.png,jawa,train,PNG,RGB,901,67,5557,False,1,,13.447761194029852,0.060367,0.7364288435734756
Pi1VW9Sr.png,jawi,train,PNG,RGB,942,62,5003,False,1,,15.193548387096774,0.058404,0.6852955277035819
Q6NLmXjv.png,jawi,train,PNG,RGB,39,44,386,False,1,,0.8863636363636364,0.001716,1.7995337995337994
JlKVUNOk.png,jawi,train,PNG,RGB,817,80,8105,False,1,,10.2125,0.06536,0.9920440636474909
2nDcsvi8.png,sunda,train,PNG,RGB,68,55,582,False,1,,1.2363636363636363,0.00374,1.2449197860962566
qMctj2TI.png,jawi,train,PNG,RGB,99,52,816,False,1,,1.9038461538461537,0.005148,1.268065268065268
nB7tdnSn.png,jawi,train,PNG,RGB,600,600,17024,False,1,,1.0,0.36,0.3783111111111111
YxxPgU7l.png,jawi,train,PNG,RGB,302,49,1430,False,1,,6.163265306122449,0.014798,0.7730774428976889
vE8trGvN.png,jawi,train,PNG,RGB,63,55,431,False,1,,1.1454545454545455,0.003465,0.9950937950937951
8XkkfSzX.png,sunda,train,PNG,RGB,66,61,596,False,1,,1.0819672131147542,0.004026,1.184302036761053
MJouVHWu.png,sunda,train,PNG,RGB,40,35,358,False,1,,1.1428571428571428,0.0014,2.045714285714286
UzZNRYg1.png,jawi,train,PNG,RGB,67,39,497,False,1,,1.7179487179487178,0.002613,1.5216226559510142
Tw5uE2Aq.png,jawa,train,PNG,RGB,858,66,6206,False,1,,13.0,0.056628,0.8767394221939676
RMJ8zZ2X.png,sunda,train,PNG,RGB,245,43,1626,False,1,,5.6976744186046515,0.010535,1.2347413383958235
WZt7Orua.png,pegon,train,PNG,RGB,164,148,4002,False,1,,1.1081081081081081,0.024272,1.3190507580751483
JfHP176N.jpg,lampung,train,JPEG,RGB,1200,700,66733,False,1,"(96.0, 96.0)",1.7142857142857142,0.84,0.635552380952381
FlvDlpty.png,lontara,train,PNG,RGB,942,71,4819,False,1,,13.267605633802816,0.066882,0.5764181693131186
Y885ioF4.png,bali,train,PNG,RGB,1398,56,9462,False,1,,24.964285714285715,0.078288,0.9668914776210914
K9owTuUE.png,bali,train,PNG,RGB,202,60,1800,False,1,,3.3666666666666667,0.01212,1.188118811881188
pyl2oO3P.png,lampung,train,PNG,RGB,149,45,2217,False,1,,3.311111111111111,0.006705,2.6451901565995524
zg4EljYp.png,jawi,train,PNG,RGB,807,80,8607,False,1,,10.0875,0.06456,1.0665427509293681
WZgv1FNH.png,jawi,train,PNG,RGB,169,78,1140,False,1,,2.1666666666666665,0.013182,0.6918525261720528
pbY8GUCp.png,jawa,train,PNG,RGB,486,74,68926,False,1,,6.5675675675675675,0.035964,15.332221109998887
9sHcNOuO.png,jawi,train,PNG,RGB,136,47,927,False,1,,2.893617021276596,0.006392,1.1602002503128912
qoLovT11.png,lontara,train,PNG,RGB,868,51,4575,False,1,,17.019607843137255,0.044268,0.8267823258335593
m0UETCgQ.png,lampung,train,PNG,RGB,162,48,2381,False,1,,3.375,0.007776,2.4495884773662553
7MQLP5hC.png,jawa,train,PNG,RGB,123,93,1472,False,1,,1.3225806451612903,0.011439,1.029460617186817
HgZ38kSl.png,jawi,train,PNG,RGB,789,77,7245,False,1,,10.246753246753247,0.060753,0.9540269616315243
i7MvKsHU.png,jawa,train,PNG,RGB,507,76,7373,False,1,,6.671052631578948,0.038532,1.5307796117512718
jPai5Qcl.png,lampung,train,PNG,RGB,157,86,1255,False,1,,1.8255813953488371,0.013502,0.7435935416975263
ltsonDVi.png,bali,train,PNG,RGB,1517,68,10151,False,1,,22.308823529411764,0.103156,0.7872348675792005
eTqVnadJ.png,jawa,train,PNG,RGB,620,69,74063,False,1,,8.985507246376812,0.04278,13.85002337540907
8rtQdXCn.png,bali,train,PNG,RGB,1386,67,10520,False,1,,20.686567164179106,0.092862,0.9062910555447868
vpbIBAhx.png,jawa,train,PNG,RGB,340,84,8699,False,1,,4.0476190476190474,0.02856,2.4366946778711482
h4kTZUJy.png,pegon,train,PNG,RGB,120,48,930,False,1,,2.5,0.00576,1.2916666666666667
Z7MzzqtR.png,bali,train,PNG,RGB,1373,69,10494,False,1,,19.89855072463768,0.094737,0.8861585230691282
BB21DgRU.png,sunda,train,PNG,RGB,469,44,2700,False,1,,10.659090909090908,0.020636,1.0467144795503005
TZTwXRmf.png,bali,train,PNG,RGB,1545,74,10902,False,1,,20.87837837837838,0.11433,0.7628443977958541
L0wKYVh9.png,jawi,train,PNG,RGB,832,83,7122,False,1,,10.024096385542169,0.069056,0.8250695088044485
kMdVAUcU.png,lontara,train,PNG,RGB,935,44,3753,False,1,,21.25,0.04114,0.7298006806028197
qfkfQRUE.png,jawa,train,PNG,RGB,891,90,9570,False,1,,9.9,0.08019,0.9547325102880658
8Da7mGrN.png,pegon,train,PNG,RGB,105,94,1612,False,1,,1.1170212765957446,0.00987,1.3065856129685918
HPIqKh3v.png,jawi,train,PNG,RGB,662,55,4009,False,1,,12.036363636363637,0.03641,0.8808569074430102
QyH0EkF7.png,sunda,train,PNG,RGB,67,55,646,False,1,,1.2181818181818183,0.003685,1.4024423337856173
mYmraZ5C.png,bali,train,PNG,RGB,198,73,1972,False,1,,2.712328767123288,0.014454,1.0914625709146257
km0czfzY.png,sunda,train,PNG,RGB,155,65,1234,False,1,,2.3846153846153846,0.010075,0.9798511166253102
YiSRGIkT.png,pegon,train,PNG,RGB,827,78,7987,False,1,,10.602564102564102,0.064506,0.9905435153319071
nDXTDZei.png,lampung,train,PNG,RGB,885,51,3512,False,1,,17.352941176470587,0.045135,0.6224880912817105
UQdLpq0g.png,jawa,train,PNG,RGB,621,71,75198,False,1,,8.746478873239436,0.044091,13.644145063618426
zv1OAzBd.png,lontara,train,PNG,RGB,935,53,4018,False,1,,17.641509433962263,0.049555,0.6486530118050651
kuEFJR8y.png,lontara,train,PNG,RGB,315,46,1489,False,1,,6.8478260869565215,0.01449,0.8220841959972395
9enuJq0y.png,sunda,train,PNG,RGB,88,54,739,False,1,,1.6296296296296295,0.004752,1.2441077441077442
CBKGtJXU.png,jawi,train,PNG,RGB,750,43,4432,False,1,,17.441860465116278,0.03225,1.0994108527131783
Ixmmsjw5.png,sunda,train,PNG,RGB,1196,59,7240,False,1,,20.271186440677965,0.070564,0.8208151465336432
q9pibTZ9.png,lontara,train,PNG,RGB,939,52,4180,False,1,,18.057692307692307,0.048828,0.6848529532235602
XmDXsCvc.webp,jawa,train,WEBP,RGB,300,417,15354,False,1,,0.7194244604316546,0.1251,0.9818705035971224
9NkwViXj.png,jawi,train,PNG,RGB,808,69,7841,False,1,,11.710144927536232,0.055752,1.1251255560338642
OBUQrsCs.png,jawi,train,PNG,RGB,346,66,2447,False,1,,5.242424242424242,0.022836,0.8572429497284989
ByChr7Ym.png,jawa,train,PNG,RGB,781,81,5982,False,1,,9.641975308641975,0.063261,0.756485038175179
uPbsD2ID.png,sunda,train,PNG,RGB,52,42,563,False,1,,1.2380952380952381,0.002184,2.062271062271062
OIPUFwK1.png,lontara,train,PNG,RGB,936,56,4184,False,1,,16.714285714285715,0.052416,0.6385836385836385
pZMtL7pw.png,sunda,train,PNG,RGB,797,80,4758,False,1,,9.9625,0.06376,0.5969887076537014
C1AbFl1n.png,lampung,train,PNG,RGB,178,87,1518,False,1,,2.045977011494253,0.015486,0.7841921735761332
gQioTBnz.png,lampung,train,PNG,RGB,804,63,3152,False,1,,12.761904761904763,0.050652,0.4978283187238411
L7tbB4rW.png,lampung,train,PNG,RGB,221,65,1572,False,1,,3.4,0.014365,0.875461190393317
XN2L0Pkk.png,lontara,train,PNG,RGB,1034,45,5346,False,1,,22.977777777777778,0.04653,0.9191489361702128
ApySYVQH.png,pegon,train,PNG,RGB,386,91,4094,False,1,,4.241758241758242,0.035126,0.9324147355235438
HBrGi15a.png,sunda,train,PNG,RGB,63,39,591,False,1,,1.6153846153846154,0.002457,1.9242979242979243
w6Bq3Rh3.png,lampung,train,PNG,RGB,144,65,1172,False,1,,2.2153846153846155,0.00936,1.0017094017094017
b82ggHWL.png,sunda,train,PNG,RGB,796,104,4838,False,1,,7.653846153846154,0.082784,0.4675299574797062
cuKxWYj2.png,sunda,train,PNG,RGB,157,38,1075,False,1,,4.131578947368421,0.005966,1.441501843781428
BItvOxGo.png,bali,train,PNG,RGB,1041,66,6959,False,1,,15.772727272727273,0.068706,0.8102931330597036
exvusb7x.png,jawi,train,PNG,RGB,103,70,968,False,1,,1.4714285714285715,0.00721,1.0740638002773926
od40HX69.png,jawi,train,PNG,RGB,500,52,3588,False,1,,9.615384615384615,0.026,1.104
xum0gGIa.png,bali,train,PNG,RGB,1367,49,9237,False,1,,27.897959183673468,0.066983,1.1032052908947045
SVR4eenU.png,lampung,train,PNG,RGB,142,36,1766,False,1,,3.9444444444444446,0.005112,2.763693270735524
axINQ6D3.png,jawa,train,PNG,RGB,963,71,5550,False,1,,13.56338028169014,0.068373,0.6493791408889474
PoU7LTEl.png,sunda,train,PNG,RGB,194,60,1510,False,1,,3.2333333333333334,0.01164,1.0378006872852235
wPwqcIR6.png,jawi,train,PNG,RGB,132,51,780,False,1,,2.588235294117647,0.006732,0.9269162210338681
memyy9kn.png,sunda,train,PNG,RGB,65,54,597,False,1,,1.2037037037037037,0.00351,1.3606837606837607
HebWPR5D.png,jawi,train,PNG,RGB,688,85,5952,False,1,,8.094117647058823,0.05848,0.8142270861833105
Non9xPbi.png,lontara,train,PNG,RGB,943,40,3707,False,1,,23.575,0.03772,0.7862142099681866
3XBxHC6x.png,jawi,train,PNG,RGB,57,54,447,False,1,,1.0555555555555556,0.003078,1.161793372319688
39hdDn6h.png,sunda,train,PNG,RGB,800,47,4449,False,1,,17.02127659574468,0.0376,0.9465957446808511
b7U1G6OB.png,sunda,train,PNG,RGB,43,36,358,False,1,,1.1944444444444444,0.001548,1.8501291989664084
yFOXnHMt.png,sunda,train,PNG,RGB,170,42,1191,False,1,,4.0476190476190474,0.00714,1.334453781512605
w1KunOdn.png,lontara,train,PNG,RGB,938,54,4015,False,1,,17.37037037037037,0.050652,0.6341309326383954
kKtCuyhc.png,jawi,train,PNG,RGB,517,53,3410,False,1,,9.754716981132075,0.027401,0.9955841027699719
ZQ20ph6F.png,jawi,train,PNG,RGB,685,57,3532,False,1,,12.017543859649123,0.039045,0.7236778076578307
FppoeY65.png,pegon,train,PNG,RGB,151,143,3698,False,1,,1.055944055944056,0.021593,1.3700736349742972
haMG0wzX.png,bali,train,PNG,RGB,1411,66,9168,False,1,,21.37878787878788,0.093126,0.787578119966497
iU4bxOvj.png,jawi,train,PNG,RGB,400,58,1835,False,1,,6.896551724137931,0.0232,0.6327586206896552
BSI9J6Q5.png,sunda,train,PNG,RGB,47,53,429,False,1,,0.8867924528301887,0.002491,1.3777599357687675
IWyD6NVn.png,lampung,train,PNG,RGB,141,31,2170,False,1,,4.548387096774194,0.004371,3.971631205673759
9nA77pxE.png,sunda,train,PNG,RGB,798,91,4747,False,1,,8.76923076923077,0.072618,0.5229557410008537
4FghFXiQ.png,jawi,train,PNG,RGB,739,53,3853,False,1,,13.943396226415095,0.039167,0.7869890469017286
CZfJ46lw.png,sunda,train,PNG,RGB,191,44,1099,False,1,,4.340909090909091,0.008404,1.0461684911946691
ITZyJM4t.png,lampung,train,PNG,RGB,136,43,1657,False,1,,3.1627906976744184,0.005848,2.2667578659370724
K5b5Oyre.png,lontara,train,PNG,RGB,934,67,4492,False,1,,13.940298507462687,0.062578,0.5742593243631947
DnJnUzBX.png,sunda,train,PNG,RGB,305,67,2070,False,1,,4.552238805970149,0.020435,0.8103743577195988
KjMl6acI.png,jawi,train,PNG,RGB,53,43,421,False,1,,1.2325581395348837,0.002279,1.4778411584028082
tCSnngIf.png,lontara,train,PNG,RGB,935,45,3973,False,1,,20.77777777777778,0.042075,0.7554129530600119
Jc2DCLJE.png,lampung,train,PNG,RGB,235,76,1615,False,1,,3.0921052631578947,0.01786,0.723404255319149
OPL6FWW9.png,lontara,train,PNG,RGB,110,45,702,False,1,,2.4444444444444446,0.00495,1.1345454545454545
M354cifF.png,jawi,train,PNG,RGB,377,71,2310,False,1,,5.309859154929577,0.026767,0.6904023611162999
gvY2Mlhi.png,sunda,train,PNG,RGB,71,61,612,False,1,,1.1639344262295082,0.004331,1.1304548603093973
CNIF2MO6.png,jawi,train,PNG,RGB,606,56,3508,False,1,,10.821428571428571,0.033936,0.826968411126827
Cmgazgf9.png,bali,train,PNG,RGB,1411,53,7633,False,1,,26.62264150943396,0.074783,0.8165492157308479
DR7xzzkP.png,jawa,train,PNG,RGB,893,74,7195,False,1,,12.067567567567568,0.066082,0.8710390121364365
vpkXnJK9.png,pegon,train,PNG,RGB,147,137,3593,False,1,,1.072992700729927,0.020139,1.4272804012115796
hcGJmtKd.png,sunda,train,PNG,RGB,782,70,4620,False,1,,11.17142857142857,0.05474,0.6751918158567775
k9b3mpvL.png,sunda,train,PNG,RGB,164,65,1276,False,1,,2.523076923076923,0.01066,0.9575984990619137
7y8ztGPg.png,sunda,train,PNG,RGB,161,65,1251,False,1,,2.476923076923077,0.010465,0.9563306258958433
Xtyid4hD.png,jawa,train,PNG,RGB,958,74,17059,False,1,,12.945945945945946,0.070892,1.9250691192236078
vOm3gsb4.png,jawa,train,PNG,RGB,888,62,6047,False,1,,14.32258064516129,0.055056,0.8786689915722173
hXV007OF.png,bali,train,PNG,RGB,1390,62,9850,False,1,,22.419354838709676,0.08618,0.914365281967974
hcZye5Sj.png,jawi,train,PNG,RGB,804,80,7454,False,1,,10.05,0.06432,0.9271144278606965
va9We9KL.png,bali,train,PNG,RGB,64,64,461,False,1,,1.0,0.004096,0.900390625
nR4IvySO.png,lontara,train,PNG,RGB,841,61,5528,False,1,,13.78688524590164,0.051301,0.86204947271983
9nhODgRn.png,sunda,train,PNG,RGB,134,48,1034,False,1,,2.7916666666666665,0.006432,1.2860696517412935
Q9IOZdPn.png,jawi,train,PNG,RGB,238,41,1262,False,1,,5.804878048780488,0.009758,1.0346382455421193
huxPExx2.png,jawa,train,PNG,RGB,866,67,6972,False,1,,12.925373134328359,0.058022,0.9612905449657027
Py8w6YjF.png,sunda,train,PNG,RGB,144,142,2572,False,1,,1.0140845070422535,0.020448,1.0062597809076683
sgJcQYI6.jpg,lontara,train,JPEG,RGB,444,280,142275,False,1,"(180, 180)",1.5857142857142856,0.12432,9.155405405405405
tXC4Cr6n.png,jawi,train,PNG,RGB,294,56,1636,False,1,,5.25,0.016464,0.7949465500485908
GjJi4URV.png,jawi,train,PNG,RGB,58,57,537,False,1,,1.0175438596491229,0.003306,1.2994555353901995
RDN1Ptew.png,lontara,train,PNG,RGB,877,59,4863,False,1,,14.864406779661017,0.051743,0.7518698181396517
LBV0oWS1.png,lampung,train,PNG,RGB,102,37,996,False,1,,2.7567567567567566,0.003774,2.111287758346582
AwDbaxa3.png,jawa,train,PNG,RGB,967,91,7444,False,1,,10.626373626373626,0.087997,0.6767503437617192
w0tvoyQC.png,jawi,train,PNG,RGB,804,72,6649,False,1,,11.166666666666666,0.057888,0.9188778330569375
fHEAkWZl.png,jawa,train,PNG,RGB,288,114,6328,False,1,,2.526315789473684,0.032832,1.5419103313840157
30409Bsb.png,lampung,train,PNG,RGB,176,79,1468,False,1,,2.2278481012658227,0.013904,0.8446490218642118
eB13dJEf.png,bali,train,PNG,RGB,1040,64,8521,False,1,,16.25,0.06656,1.0241586538461538
UMBrKBBb.png,sunda,train,PNG,RGB,799,50,4696,False,1,,15.98,0.03995,0.9403754693366708
uGXVJZEH.png,jawi,train,PNG,RGB,93,90,910,False,1,,1.0333333333333334,0.00837,0.8697729988052568
8Eum6Ec9.png,sunda,train,PNG,RGB,120,44,849,False,1,,2.727272727272727,0.00528,1.2863636363636364
PJAWNugk.png,jawi,train,PNG,RGB,84,55,472,False,1,,1.5272727272727273,0.00462,0.8173160173160173
4TLbxbnt.png,jawa,train,PNG,RGB,892,62,7454,False,1,,14.387096774193548,0.055304,1.0782583538261248
AWstPzCd.png,lampung,train,PNG,RGB,811,39,3182,False,1,,20.794871794871796,0.031629,0.8048310095165829
bIVEz5kB.jpg,sunda,train,JPEG,RGB,354,355,3957,False,1,"(72, 72)",0.9971830985915493,0.12567,0.25189782764382906
NUi7Xsqy.png,lampung,train,PNG,RGB,164,77,1345,False,1,,2.1298701298701297,0.012628,0.8520747545137789
lsQVR0lI.png,jawa,train,PNG,RGB,561,51,55985,False,1,,11.0,0.028611,15.654119045122505
aWChNSBf.png,pegon,train,PNG,RGB,81,61,589,False,1,,1.3278688524590163,0.004941,0.9536531066585712
WtdYMinR.jpg,pegon,train,JPEG,RGB,410,418,147392,False,1,,0.9808612440191388,0.17138,6.880242735441708
vISSmeIs.png,lampung,train,PNG,RGB,101,38,1267,False,1,,2.6578947368421053,0.003838,2.640958832725378
vJNHumL4.png,sunda,train,PNG,RGB,133,48,980,False,1,,2.7708333333333335,0.006384,1.2280701754385965
JZhjImHR.png,jawi,train,PNG,RGB,790,69,6515,False,1,,11.44927536231884,0.05451,0.9561548339754173
6XJFVlyu.png,pegon,train,PNG,RGB,151,136,3179,False,1,,1.1102941176470589,0.020536,1.2384105960264902
C3L3i6Jg.png,jawi,train,PNG,RGB,36,38,306,False,1,,0.9473684210526315,0.001368,1.7894736842105263
56IrbZRC.png,bali,train,PNG,RGB,1374,56,8970,False,1,,24.535714285714285,0.076944,0.932626325639426
cLcF0nUi.png,lampung,train,PNG,RGB,640,758,355153,False,1,,0.8443271767810027,0.48512,5.8567447229551455
RFosbPo8.png,lontara,train,PNG,RGB,957,58,4109,False,1,,16.5,0.055506,0.5922242640435268
sFlWNNdA.png,lampung,train,PNG,RGB,138,36,1923,False,1,,3.8333333333333335,0.004968,3.0966183574879227
hCmQMvEz.png,bali,train,PNG,RGB,1479,71,9903,False,1,,20.830985915492956,0.105009,0.7544496186041196
jdtL6DH2.png,jawa,train,PNG,RGB,69,42,474,False,1,,1.6428571428571428,0.002898,1.308488612836439
Iyo3cC12.png,sunda,train,PNG,RGB,184,44,1159,False,1,,4.181818181818182,0.008096,1.1452569169960474
zVEeiaMK.png,bali,train,PNG,RGB,1400,65,10400,False,1,,21.53846153846154,0.091,0.9142857142857143
ZXLAYYKs.png,lontara,train,PNG,RGB,945,60,3575,False,1,,15.75,0.0567,0.5044091710758377
WkUuaX3b.png,jawa,train,PNG,RGB,657,58,99074,False,1,,11.327586206896552,0.038106,20.799664094893192
wIBaPaG6.png,lontara,train,PNG,RGB,949,55,4026,False,1,,17.254545454545454,0.052195,0.6170706006322445
3NbzeLGv.png,jawa,train,PNG,RGB,936,79,8187,False,1,,11.848101265822784,0.073944,0.8857513794222655
eO8EF3c6.png,lontara,train,PNG,RGB,939,48,3949,False,1,,19.5625,0.045072,0.7009229676961306
BOgaZX5p.png,jawa,train,PNG,RGB,355,67,44843,False,1,,5.298507462686567,0.023785,15.082783266764768
2gzej8LI.png,lontara,train,PNG,RGB,731,59,6134,False,1,,12.389830508474576,0.043129,1.137795914581836
SMwV3uxE.png,jawa,train,PNG,RGB,797,80,6313,False,1,,9.9625,0.06376,0.7920953575909662
NwiJZKih.png,jawa,train,PNG,RGB,591,72,11469,False,1,,8.208333333333334,0.042552,2.156232374506486
PYyGodVd.png,lampung,train,PNG,RGB,147,36,2305,False,1,,4.083333333333333,0.005292,3.4845049130763415
PYUDpaj9.png,pegon,train,PNG,RGB,71,60,756,False,1,,1.1833333333333333,0.00426,1.419718309859155
iwxCZ1xU.png,jawi,train,PNG,RGB,22,28,229,False,1,,0.7857142857142857,0.000616,2.9740259740259742
x2MmE1XN.png,sunda,train,PNG,RGB,70,61,554,False,1,,1.1475409836065573,0.00427,1.0379391100702575
TWaDlRbb.jpg,bali,train,JPEG,RGB,960,1200,76828,False,1,,0.8,1.152,0.5335277777777778
K4HStmgL.png,jawi,train,PNG,RGB,144,115,1485,False,1,,1.2521739130434784,0.01656,0.717391304347826
sjULemgz.png,jawi,train,PNG,RGB,33,32,271,False,1,,1.03125,0.001056,2.053030303030303
4reTZEMd.png,sunda,train,PNG,RGB,32,36,304,False,1,,0.8888888888888888,0.001152,2.111111111111111
LXsgL7t6.png,bali,train,PNG,RGB,1333,76,10848,False,1,,17.539473684210527,0.101308,0.8566352114344375
5aSIRB27.png,jawa,train,PNG,RGB,872,71,6680,False,1,,12.28169014084507,0.061912,0.8631606150665461
hUzGeXmE.png,jawa,train,PNG,RGB,727,81,5892,False,1,,8.975308641975309,0.058887,0.8004483162667482
yDFD5PVJ.png,jawi,train,PNG,RGB,797,77,6858,False,1,,10.35064935064935,0.061369,0.8940018576154084
k6oYT60e.png,lampung,train,PNG,RGB,134,31,2045,False,1,,4.32258064516129,0.004154,3.9383726528647087
4sQkkgkH.png,lampung,train,PNG,RGB,425,521,316705,False,1,,0.8157389635316699,0.221425,11.442429716608332
pXvxdew9.png,sunda,train,PNG,RGB,160,62,1343,False,1,,2.5806451612903225,0.00992,1.0830645161290322
nATmZSax.png,sunda,train,PNG,RGB,246,39,1503,False,1,,6.3076923076923075,0.009594,1.25328330206379
KfiwomIm.png,sunda,train,PNG,RGB,754,49,4527,False,1,,15.387755102040817,0.036946,0.9802414334434039
OQL0J11R.png,lampung,train,PNG,RGB,814,60,3051,False,1,,13.566666666666666,0.04884,0.49975429975429975
yylkRMsd.png,bali,train,PNG,RGB,728,59,5188,False,1,,12.338983050847459,0.042952,0.9662879493387968
Qq8v0hKp.jpg,jawa,train,JPEG,RGB,423,568,26511,False,1,,0.7447183098591549,0.240264,0.8827289981020877
ydlfeeQR.jpg,bali,train,JPEG,RGB,1477,1108,504481,False,1,"(72, 72)",1.3330324909747293,1.636516,2.466121932202313
HIfjNZbW.png,pegon,train,PNG,RGB,132,127,2938,False,1,,1.0393700787401574,0.016764,1.4020520162252446
feJiIRPi.png,jawi,train,PNG,RGB,267,68,1697,False,1,,3.926470588235294,0.018156,0.7477417933465521
flLeRwE5.png,pegon,train,PNG,RGB,605,76,4647,False,1,,7.9605263157894735,0.04598,0.80852544584602
wZBZmXVo.png,jawa,train,PNG,RGB,894,61,5944,False,1,,14.655737704918034,0.054534,0.871969780320534
LnEnKwut.png,jawi,train,PNG,RGB,174,59,911,False,1,,2.9491525423728815,0.010266,0.7099162283265147
9lVWK1Ji.png,lontara,train,PNG,RGB,776,51,3790,False,1,,15.215686274509803,0.039576,0.7661208813422277
tgD6nPYV.png,bali,train,PNG,RGB,1368,63,8297,False,1,,21.714285714285715,0.086184,0.7701661561310684
tygv52KQ.png,jawi,train,PNG,RGB,378,71,2105,False,1,,5.323943661971831,0.026838,0.6274685147924585
CNGbKP8u.jpg,jawa,train,JPEG,RGB,481,280,45922,False,1,,1.7178571428571427,0.13468,2.727769527769528
nOkBZWxv.png,jawa,train,PNG,P,811,613,26070,True,1,"(99.9998, 99.9998)",1.3230016313213704,0.497143,0.4195171208284136
UrVnEj8D.png,jawa,train,PNG,RGB,655,42,75759,False,1,,15.595238095238095,0.02751,22.030970556161396
d3DA6b8J.png,lampung,train,PNG,RGB,247,62,1630,False,1,,3.9838709677419355,0.015314,0.8515084236646207
f915SexE.png,sunda,train,PNG,RGB,207,46,1355,False,1,,4.5,0.009522,1.1384162990968283
aqJNnSR5.png,pegon,train,PNG,RGB,392,90,4983,False,1,,4.355555555555555,0.03528,1.1299319727891157
kjcMI6OR.png,jawa,train,PNG,RGB,622,71,75416,False,1,,8.76056338028169,0.044162,13.66170010416195
8BnKtmC3.png,sunda,train,PNG,RGB,162,44,1200,False,1,,3.6818181818181817,0.007128,1.3468013468013469
WPV1C18L.png,jawi,train,PNG,RGB,33,30,321,False,1,,1.1,0.00099,2.5939393939393938
DUacVKKU.png,jawi,train,PNG,RGB,863,71,4802,False,1,,12.154929577464788,0.061273,0.6269645684069656
URsVqMEu.png,jawi,train,PNG,RGB,955,63,4579,False,1,,15.158730158730158,0.060165,0.6088589711626361
OhpqFBTa.png,lontara,train,PNG,RGB,946,39,4343,False,1,,24.256410256410255,0.036894,0.9417249417249417
Sdp96BZz.png,lampung,train,PNG,RGB,75,33,805,False,1,,2.272727272727273,0.002475,2.602020202020202
Vu0ZlUF2.png,lontara,train,PNG,RGB,931,69,6710,False,1,,13.492753623188406,0.064239,0.8356294462865238
2iSupLdX.png,jawa,train,PNG,RGB,800,100,15279,False,1,,8.0,0.08,1.5279
Ls5iuy9U.png,jawi,train,PNG,RGB,173,49,995,False,1,,3.5306122448979593,0.008477,0.93901144272738
7hjV2je5.png,lontara,train,PNG,RGB,931,45,3925,False,1,,20.68888888888889,0.041895,0.7494927795679676
3z3S2VTt.png,sunda,train,PNG,RGB,757,92,4545,False,1,,8.228260869565217,0.069644,0.522083740164264
AOARR7D1.png,jawa,train,PNG,RGB,651,94,5539,False,1,,6.925531914893617,0.061194,0.7241232800601366
6XQ6tGrT.png,jawa,train,PNG,RGB,914,97,7709,False,1,,9.422680412371134,0.088658,0.6956168648063344
p7peNOxs.png,jawa,train,PNG,RGB,912,83,9912,False,1,,10.987951807228916,0.075696,1.047558655675333
Wd45gxtK.png,sunda,train,PNG,RGB,145,59,936,False,1,,2.457627118644068,0.008555,0.8752776154295734
xaCuetVe.png,lontara,train,PNG,RGB,939,49,3914,False,1,,19.163265306122447,0.046011,0.6805329160418161
9jyBqFhG.png,lampung,train,PNG,RGB,141,45,2036,False,1,,3.1333333333333333,0.006345,2.5670606776989757
zf8bKPv6.png,sunda,train,PNG,RGB,1200,900,270564,False,1,,1.3333333333333333,1.08,2.0041777777777776
oeMEYdyX.png,jawi,train,PNG,RGB,72,58,557,False,1,,1.2413793103448276,0.004176,1.0670498084291187
nmQbW6CE.png,sunda,train,PNG,RGB,674,85,4316,False,1,,7.929411764705883,0.05729,0.6026880781986385
wFgWjzL4.png,jawi,train,PNG,RGB,940,61,5358,False,1,,15.40983606557377,0.05734,0.7475409836065574
BpMwF2nb.png,lontara,train,PNG,RGB,896,37,3750,False,1,,24.216216216216218,0.033152,0.9049227799227799
rhs7fk1u.png,sunda,train,PNG,RGB,654,76,3780,False,1,,8.605263157894736,0.049704,0.6084017382906808
iWeZ1ZEc.jpg,jawi,train,JPEG,RGB,235,300,23378,False,1,"(96, 96)",0.7833333333333333,0.0705,2.652822695035461
DycqI7mT.png,sunda,train,PNG,RGB,122,49,875,False,1,,2.489795918367347,0.005978,1.17096018735363
h0LtJbi8.jpg,jawi,train,JPEG,RGB,360,466,18313,False,1,,0.7725321888412017,0.16776,0.8732951835956128
jvDi0wqt.png,pegon,train,PNG,RGB,137,129,2435,False,1,,1.062015503875969,0.017673,1.1022463645108358
W5FUdAuZ.png,sunda,train,PNG,RGB,791,72,4635,False,1,,10.98611111111111,0.056952,0.6510745891276865
0S8GZuA8.png,lampung,train,PNG,RGB,116,31,1387,False,1,,3.7419354838709675,0.003596,3.085650723025584
8dfolTMF.jpg,jawi,train,JPEG,RGB,469,754,67122,False,1,,0.6220159151193634,0.353626,1.5184856317126003
gb8TzDfD.webp,jawa,train,WEBP,RGB,1200,675,11520,False,1,,1.7777777777777777,0.81,0.11377777777777778
Q5TmKwnk.jpg,pegon,train,JPEG,RGB,1280,720,80145,False,1,"(72, 72)",1.7777777777777777,0.9216,0.695703125
ueiukMHt.png,jawi,train,PNG,RGB,192,43,1108,False,1,,4.465116279069767,0.008256,1.073643410852713
5NaVRwup.png,jawa,train,PNG,RGB,920,71,8616,False,1,,12.95774647887324,0.06532,1.05523576240049
CdikxegH.png,sunda,train,PNG,RGB,79,46,637,False,1,,1.7173913043478262,0.003634,1.4023115024766097
jkF5oQI1.png,jawi,train,PNG,RGB,91,44,745,False,1,,2.0681818181818183,0.004004,1.4885114885114885
vjr5eano.png,lontara,train,PNG,RGB,941,73,4249,False,1,,12.89041095890411,0.068693,0.49483935772203863
l9oasdzR.png,jawa,train,PNG,RGB,901,56,5965,False,1,,16.089285714285715,0.050456,0.9457745362295862
UpC9L4O8.png,lontara,train,PNG,RGB,873,30,3387,False,1,,29.1,0.02619,1.0345933562428409
UAKR5XNh.png,sunda,train,PNG,RGB,758,98,4055,False,1,,7.73469387755102,0.074284,0.436702385439664
1ypvFmrI.png,bali,train,PNG,RGB,1177,64,8429,False,1,,18.390625,0.075328,0.89517841971113
YDxAl6Al.png,lampung,train,PNG,RGB,240,73,1501,False,1,,3.287671232876712,0.01752,0.6853881278538813
wQoP5j1L.png,jawa,train,PNG,RGB,669,73,135811,False,1,,9.164383561643836,0.048837,22.247230583369166
ewC4kNvj.png,lampung,train,PNG,RGB,97,43,1302,False,1,,2.255813953488372,0.004171,2.4972428674178855
QE7E32zM.png,lontara,train,PNG,RGB,957,50,3850,False,1,,19.14,0.04785,0.6436781609195402
wB8xUuXl.png,jawa,train,PNG,RGB,687,71,132688,False,1,,9.67605633802817,0.048777,21.762388010742768
IbsScyTb.png,bali,train,PNG,RGB,1384,69,9896,False,1,,20.057971014492754,0.095496,0.829019016503309
SRt9vg3w.png,bali,train,PNG,RGB,1415,66,9498,False,1,,21.439393939393938,0.09339,0.8136203019595246
HVK6NnFG.png,lontara,train,PNG,RGB,941,47,4151,False,1,,20.02127659574468,0.044227,0.750853550998259
RlsASDTp.png,pegon,train,PNG,RGB,148,131,2564,False,1,,1.1297709923664123,0.019388,1.0579740045388901
Z5Lj8agc.png,lontara,train,PNG,RGB,896,43,3782,False,1,,20.837209302325583,0.038528,0.7852990033222591
qGKbYhBh.png,jawi,train,PNG,RGB,347,90,1972,False,1,,3.8555555555555556,0.03123,0.5051552993916106
TS2tB1xT.png,sunda,train,PNG,RGB,777,91,5370,False,1,,8.538461538461538,0.070707,0.6075777504348933
x53ysTFo.png,jawa,train,PNG,RGB,900,64,6807,False,1,,14.0625,0.0576,0.9454166666666667
DdzFtwA6.png,jawi,train,PNG,RGB,842,46,4713,False,1,,18.304347826086957,0.038732,0.9734586388515956
I9Qf0QxG.png,jawa,train,PNG,RGB,620,62,69099,False,1,,10.0,0.03844,14.380645161290323
XVcZ3gSG.png,jawa,train,PNG,RGB,654,48,86412,False,1,,13.625,0.031392,22.021406727828747
p8u8qu95.png,lampung,train,PNG,RGB,111,42,1456,False,1,,2.642857142857143,0.004662,2.4984984984984986
D0aGeRWT.png,bali,train,PNG,RGB,1387,68,9681,False,1,,20.397058823529413,0.094316,0.8211544170660333
KaAh5Zwo.png,pegon,train,PNG,RGB,150,138,3740,False,1,,1.0869565217391304,0.0207,1.4454106280193237
FUm1AYLk.png,jawa,train,PNG,RGB,552,79,79154,False,1,,6.987341772151899,0.043608,14.521005320124747
vFM0SwNq.png,jawa,train,PNG,RGB,911,74,6650,False,1,,12.31081081081081,0.067414,0.7891535882754324
AssUogbY.png,pegon,train,PNG,RGB,159,134,3735,False,1,,1.1865671641791045,0.021306,1.4024218529991552
EVqXrTOD.png,pegon,train,PNG,RGB,893,71,9035,False,1,,12.577464788732394,0.063403,1.1400091478321215
xYmtlcB4.png,lontara,train,PNG,RGB,943,54,4178,False,1,,17.462962962962962,0.050922,0.6563764188366521
A44qASyW.png,jawa,train,PNG,RGB,403,52,41263,False,1,,7.75,0.020956,15.752242794426417
RagF0CFz.png,sunda,train,PNG,RGB,72,47,567,False,1,,1.5319148936170213,0.003384,1.3404255319148937
a9VhX8SO.png,sunda,train,PNG,RGB,661,86,3719,False,1,,7.686046511627907,0.056846,0.523378953664286
mkQjEPgE.png,jawa,train,PNG,RGB,1003,89,19212,False,1,,11.269662921348315,0.089267,1.7217560800743836
59DTmuXq.png,lampung,train,PNG,RGB,136,42,1123,False,1,,3.238095238095238,0.005712,1.572829131652661
HG7HTZzW.jpg,lontara,train,JPEG,RGB,367,238,20338,False,1,"(96, 96)",1.5420168067226891,0.087346,1.862752730520001
M8UhFbf6.png,lampung,train,PNG,RGB,304,112,2967,False,1,,2.7142857142857144,0.034048,0.6971334586466166
NbULgg51.png,lontara,train,PNG,RGB,942,54,4122,False,1,,17.444444444444443,0.050868,0.6482661004953999
8aExM3bI.png,lampung,train,PNG,RGB,128,38,1738,False,1,,3.3684210526315788,0.004864,2.8585526315789473
bb2lmRKe.png,lampung,train,PNG,RGB,354,72,2374,False,1,,4.916666666666667,0.025488,0.7451349654739485
FQfkMBIA.png,jawi,train,PNG,RGB,884,67,5086,False,1,,13.194029850746269,0.059228,0.6869723779293577
F8OWcAD4.png,jawa,train,PNG,RGB,187,80,3710,False,1,,2.3375,0.01496,1.9839572192513368
Jtk8o1u8.png,sunda,train,PNG,RGB,69,55,681,False,1,,1.2545454545454546,0.003795,1.4355731225296442
KjO2MkOE.png,jawi,train,PNG,RGB,62,53,404,False,1,,1.169811320754717,0.003286,0.9835666463785758
Z9rSQW7d.png,sunda,train,PNG,RGB,191,39,1219,False,1,,4.897435897435898,0.007449,1.3091690159752987
AKUar1TE.jpg,jawa,train,JPEG,RGB,1280,720,81592,False,1,,1.7777777777777777,0.9216,0.7082638888888889
1yslbfmO.png,sunda,train,PNG,RGB,69,61,583,False,1,,1.1311475409836065,0.004209,1.1081016868614872
gM4oNRpH.png,jawa,train,PNG,RGB,951,74,10426,False,1,,12.85135135135135,0.070374,1.1852104470401001
V0SDWEzK.png,sunda,train,PNG,RGB,79,54,663,False,1,,1.462962962962963,0.004266,1.2433192686357244
0y6zV4nG.png,jawi,train,PNG,RGB,790,85,6599,False,1,,9.294117647058824,0.06715,0.7861801935964259
LkEMHDv3.png,jawi,train,PNG,RGB,149,69,1122,False,1,,2.1594202898550723,0.010281,0.8730668222935513
qD5voz8b.png,lampung,train,PNG,RGB,789,60,3119,False,1,,13.15,0.04734,0.5270806928601606
Age0JNbQ.png,sunda,train,PNG,RGB,61,35,497,False,1,,1.7428571428571429,0.002135,1.862295081967213
ITHAgai3.png,sunda,train,PNG,RGB,70,54,636,False,1,,1.2962962962962963,0.00378,1.3460317460317461
YXbcy3oP.png,sunda,train,PNG,RGB,801,47,4098,False,1,,17.04255319148936,0.037647,0.8708263606661886
BxMTquT0.png,jawa,train,PNG,RGB,880,67,6870,False,1,,13.134328358208956,0.05896,0.932157394843962
7irIoeGE.png,jawi,train,PNG,RGB,209,59,1293,False,1,,3.542372881355932,0.012331,0.838861406211986
XN86ss86.png,lontara,train,PNG,RGB,936,56,4299,False,1,,16.714285714285715,0.052416,0.6561355311355311
daByV6JQ.png,jawi,train,PNG,RGB,150,54,919,False,1,,2.7777777777777777,0.0081,0.9076543209876543
AUzSWcSf.png,lontara,train,PNG,RGB,287,30,1087,False,1,,9.566666666666666,0.00861,1.0099883855981417
wLhCitPX.png,bali,train,PNG,RGB,1446,54,8861,False,1,,26.77777777777778,0.078084,0.9078428359202909
3SpdonBg.png,jawa,train,PNG,RGB,1032,120,8263,False,1,,8.6,0.12384,0.5337855297157623
Dv1PC14L.png,jawa,train,PNG,RGB,114,112,1345,False,1,,1.0178571428571428,0.012768,0.8427318295739349
3oxgppGh.png,sunda,train,PNG,RGB,425,77,2817,False,1,,5.51948051948052,0.032725,0.6886478227654699
lGKE3TNF.png,bali,train,PNG,RGB,43,49,305,False,1,,0.8775510204081632,0.002107,1.158044613194115
8cpX2pVc.jpg,lampung,train,JPEG,RGB,543,154,19568,False,1,"(96, 96)",3.5259740259740258,0.083622,1.872043242208988
KWYOosP9.png,lontara,train,PNG,RGB,942,51,4191,False,1,,18.470588235294116,0.048042,0.6978893468215311
kdPAng3j.jpg,lampung,train,JPEG,RGB,1280,720,60151,False,1,,1.7777777777777777,0.9216,0.5221440972222222
mgPKKBl4.png,lampung,train,PNG,RGB,95,31,1188,False,1,,3.064516129032258,0.002945,3.227164685908319
qNIF9xpH.png,jawi,train,PNG,RGB,798,93,9543,False,1,,8.580645161290322,0.074214,1.028700784218611
KK8NwYUb.png,jawi,train,PNG,RGB,686,79,6532,False,1,,8.683544303797468,0.054194,0.9642395837177548
L7GvB9SI.png,bali,train,PNG,RGB,586,59,4945,False,1,,9.932203389830509,0.034574,1.1442124139526813
lb8jqQ9Z.png,lampung,train,PNG,RGB,759,60,3093,False,1,,12.65,0.04554,0.5433465085638999
SN1gFQw5.png,lontara,train,PNG,RGB,868,57,4160,False,1,,15.228070175438596,0.049476,0.672649365348856
ZXsmT0Fj.png,bali,train,PNG,RGB,1400,49,8116,False,1,,28.571428571428573,0.0686,0.946472303206997
PUbvkADa.png,bali,train,PNG,RGB,454,86,4018,False,1,,5.27906976744186,0.039044,0.8232763036574121
LbEfoyRL.png,sunda,train,PNG,RGB,40,35,309,False,1,,1.1428571428571428,0.0014,1.7657142857142858
j2jfekri.png,lampung,train,PNG,RGB,145,36,2263,False,1,,4.027777777777778,0.00522,3.4681992337164753
1J9z8EVF.png,jawa,train,PNG,RGB,465,67,3835,False,1,,6.940298507462686,0.031155,0.984753651099342
8V7Dp51C.png,jawa,train,PNG,RGB,669,83,149631,False,1,,8.060240963855422,0.055527,21.55794478361878
Bfy60IEV.png,lontara,train,PNG,RGB,937,51,4018,False,1,,18.372549019607842,0.047787,0.6726515579550923
FVsfhuVO.png,lampung,train,PNG,RGB,193,76,1334,False,1,,2.539473684210526,0.014668,0.7275702208890101
f5oMjiQk.png,sunda,train,PNG,RGB,28,35,306,False,1,,0.8,0.00098,2.4979591836734696
SduoL81h.png,jawi,train,PNG,RGB,597,43,3682,False,1,,13.883720930232558,0.025671,1.1474426395543609
xUX60Xgu.png,sunda,train,PNG,RGB,228,44,1353,False,1,,5.181818181818182,0.010032,1.0789473684210527
8GwoggUh.png,lontara,train,PNG,RGB,938,54,3522,False,1,,17.37037037037037,0.050652,0.5562662876095712
0N0V9FXy.png,bali,train,PNG,RGB,880,59,6728,False,1,,14.915254237288135,0.05192,1.0366718027734978
VefKtaqY.png,sunda,train,PNG,RGB,64,55,536,False,1,,1.1636363636363636,0.00352,1.2181818181818183
no4XV7SZ.png,pegon,train,PNG,RGB,155,139,3203,False,1,,1.1151079136690647,0.021545,1.1893246692968207
TF7oMvRR.png,lontara,train,PNG,RGB,940,51,4238,False,1,,18.431372549019606,0.04794,0.7072173550271172
pZGYnrBi.png,pegon,train,PNG,RGB,153,113,2898,False,1,,1.3539823008849559,0.017289,1.3409682457053618
LYew8Miu.png,sunda,train,PNG,RGB,178,40,1197,False,1,,4.45,0.00712,1.344943820224719
TxpoAc8g.png,jawa,train,PNG,RGB,1005,105,8345,False,1,,9.571428571428571,0.105525,0.6326462923477849
sS3UYDJU.png,lampung,train,PNG,RGB,185,96,1377,False,1,,1.9270833333333333,0.01776,0.6202702702702703
JcwVP8p1.png,lampung,train,PNG,RGB,135,36,1803,False,1,,3.75,0.00486,2.9679012345679014
wcNVMVpy.png,bali,train,PNG,RGB,542,67,3936,False,1,,8.08955223880597,0.036314,0.8671035964090984
zNelCQlA.png,jawi,train,PNG,RGB,698,64,4136,False,1,,10.90625,0.044672,0.7406876790830945
9qNbmXLt.png,sunda,train,PNG,RGB,709,51,3705,False,1,,13.901960784313726,0.036159,0.8197129345391189
kVhRKlm2.png,lontara,train,PNG,RGB,984,57,5437,False,1,,17.263157894736842,0.056088,0.7754956496933391
ELZIsqgV.png,jawa,train,PNG,RGB,912,74,6463,False,1,,12.324324324324325,0.067488,0.7661213845424372
drKaI6XR.jpg,pegon,train,JPEG,RGB,1247,980,625447,False,0,"(72, 72)",1.2724489795918368,1.22206,4.094378344762123
J0fKb2vw.png,lampung,train,PNG,RGB,130,28,1609,False,1,,4.642857142857143,0.00364,3.536263736263736
cWr7qr33.png,sunda,train,PNG,RGB,708,53,4226,False,1,,13.358490566037736,0.037524,0.9009700458373308
4UCVa5j8.png,lontara,train,PNG,RGB,933,44,3677,False,1,,21.204545454545453,0.041052,0.716554613660723
OOHUhQB2.png,jawi,train,PNG,RGB,797,73,8615,False,1,,10.917808219178083,0.058181,1.1845791581444114
nmvGAkFu.png,jawi,train,PNG,RGB,62,52,599,False,1,,1.1923076923076923,0.003224,1.4863523573200992
JUmOmSgQ.png,bali,train,PNG,RGB,900,71,7376,False,1,,12.67605633802817,0.0639,0.9234428794992176
rAfLy9SD.png,jawa,train,PNG,RGB,663,82,85298,False,1,,8.085365853658537,0.054366,12.551668322113086
FVVfuJdX.png,bali,train,PNG,RGB,1349,61,9216,False,1,,22.114754098360656,0.082289,0.8959642236507918
88Ooz9IA.png,jawi,train,PNG,RGB,156,69,1163,False,1,,2.260869565217391,0.010764,0.864362690449647
oqcnYu2y.png,jawi,train,PNG,RGB,810,83,8737,False,1,,9.759036144578314,0.06723,1.039654915960137
bBwVfDRj.png,pegon,train,PNG,RGB,123,120,3115,False,1,,1.025,0.01476,1.6883468834688347
Loi9EW9p.png,jawi,train,PNG,RGB,500,65,2883,False,1,,7.6923076923076925,0.0325,0.7096615384615385
3YQhv7gK.png,pegon,train,PNG,RGB,141,127,2993,False,1,,1.110236220472441,0.017907,1.3371307309990506
eErPkRSe.png,lampung,train,PNG,RGB,143,43,2077,False,1,,3.3255813953488373,0.006149,2.702228004553586
rDtYHUS6.png,jawa,train,PNG,RGB,853,71,6102,False,1,,12.014084507042254,0.060563,0.8060366890675825
3Q4CXWh2.png,jawi,train,PNG,RGB,276,56,1485,False,1,,4.928571428571429,0.015456,0.7686335403726708
cVVGbu11.png,lampung,train,PNG,RGB,97,38,1156,False,1,,2.5526315789473686,0.003686,2.5089527943570267
2Xxw4tCi.png,sunda,train,PNG,RGB,134,47,865,False,1,,2.851063829787234,0.006298,1.0987615115909812
TYJYoiL0.png,jawa,train,PNG,RGB,486,51,48441,False,1,,9.529411764705882,0.024786,15.634955216654562
bvV4zmMc.png,pegon,train,PNG,RGB,108,104,1729,False,1,,1.0384615384615385,0.011232,1.2314814814814814
d5RdQtn0.png,bali,train,PNG,RGB,73,62,809,False,1,,1.1774193548387097,0.004526,1.4299602297834733
JDYNia3z.png,lampung,train,PNG,RGB,124,36,1737,False,1,,3.4444444444444446,0.004464,3.1129032258064515
P5yudurv.jpg,lampung,train,JPEG,RGB,952,476,38057,False,1,,2.0,0.453152,0.6718628627921757
hXjpkoQs.png,bali,train,PNG,RGB,1402,59,9598,False,1,,23.76271186440678,0.082718,0.9282622887400566
RHE19o0W.png,jawa,train,PNG,RGB,88,91,1047,False,1,,0.967032967032967,0.008008,1.045954045954046
PBmR49Uf.png,jawa,train,PNG,RGB,664,61,111441,False,1,,10.885245901639344,0.040504,22.010863124629665
JvdxphQC.png,jawa,train,PNG,RGB,588,62,4049,False,1,,9.483870967741936,0.036456,0.8885231511959623
8DzvCPeU.png,lampung,train,PNG,RGB,178,72,1186,False,1,,2.4722222222222223,0.012816,0.7403245942571786
3CimsDAy.png,lontara,train,PNG,RGB,921,50,4199,False,1,,18.42,0.04605,0.7294679695982628
dKpZfhoe.jpg,pegon,train,JPEG,RGB,738,1600,106566,False,1,"(96, 96)",0.46125,1.1808,0.7219918699186992
Zc20rlVi.png,jawi,train,PNG,RGB,151,37,804,False,1,,4.081081081081081,0.005587,1.151243959190979
5x79ioxC.png,lontara,train,PNG,RGB,950,59,4094,False,1,,16.10169491525424,0.05605,0.5843354148082069
M1WsjN7B.png,bali,train,PNG,RGB,1377,62,8964,False,1,,22.20967741935484,0.085374,0.8399746995572422
b29ZHVzg.png,jawa,train,PNG,RGB,932,113,7856,False,1,,8.247787610619469,0.105316,0.5967564282730069
ruBJ8985.png,bali,train,PNG,RGB,1410,61,9762,False,1,,23.114754098360656,0.08601,0.9079874433205442
tyCBHhT7.png,bali,train,PNG,RGB,1384,76,11926,False,1,,18.210526315789473,0.105184,0.9070581076969881
utXFcWR0.png,lampung,train,PNG,RGB,136,32,2215,False,1,,4.25,0.004352,4.071691176470588
9f2RmkhZ.png,lontara,train,PNG,RGB,895,52,4161,False,1,,17.21153846153846,0.04654,0.7152556940266438
uMgNTXf7.png,jawi,train,PNG,RGB,67,41,585,False,1,,1.6341463414634145,0.002747,1.7036767382599198
s2rSilLa.png,jawa,train,PNG,RGB,573,64,70946,False,1,,8.953125,0.036672,15.476876090750435
Su78hVU3.png,bali,train,PNG,RGB,199,58,1393,False,1,,3.4310344827586206,0.011542,0.9655172413793104
0ZA9rEyg.png,jawi,train,PNG,RGB,486,62,3798,False,1,,7.838709677419355,0.030132,1.008363201911589
8bO3UPdr.png,sunda,train,PNG,RGB,64,43,460,False,1,,1.4883720930232558,0.002752,1.3372093023255813
sKvUwKyY.png,bali,train,PNG,RGB,109,65,1014,False,1,,1.676923076923077,0.007085,1.144954128440367
1cLaweRD.png,sunda,train,PNG,RGB,787,65,4496,False,1,,12.107692307692307,0.051155,0.7031179747825237
kI1F48fG.jpg,sunda,train,JPEG,RGB,566,619,73175,False,1,"(96, 96)",0.9143780290791599,0.350354,1.6708814513320813
QXjb5GEa.jpg,lampung,train,JPEG,RGB,720,1280,49437,False,1,,0.5625,0.9216,0.429140625
2v8NSzWR.jpg,pegon,train,JPEG,RGB,490,354,153047,False,1,"(113, 113)",1.384180790960452,0.17346,7.058549521503517
TOVwIVEf.png,sunda,train,PNG,RGB,162,63,1325,False,1,,2.5714285714285716,0.010206,1.038604742308446
7FbIlPLp.png,sunda,train,PNG,RGB,32,36,354,False,1,,0.8888888888888888,0.001152,2.4583333333333335
UJpfbfsg.png,sunda,train,PNG,RGB,79,55,695,False,1,,1.4363636363636363,0.004345,1.279631760644419
gAfWps2z.png,lontara,train,PNG,RGB,113,48,686,False,1,,2.3541666666666665,0.005424,1.0117994100294985
v39deMFw.png,jawi,train,PNG,RGB,789,85,7555,False,1,,9.282352941176471,0.067065,0.9012152389472899
9l4LMazG.png,lontara,train,PNG,RGB,1366,768,105960,False,1,,1.7786458333333333,1.049088,0.8080161054172768
7IGLH2dO.png,lampung,train,PNG,RGB,174,99,1670,False,1,,1.7575757575757576,0.017226,0.7755718100545687
xYBnbe3B.png,jawi,train,PNG,RGB,356,71,2066,False,1,,5.014084507042254,0.025276,0.6539009336920398
RJm0mhjJ.png,bali,train,PNG,RGB,1345,66,9510,False,1,,20.37878787878788,0.08877,0.8570462994254816
2gBPYKUy.png,lampung,train,PNG,RGB,917,49,3385,False,1,,18.714285714285715,0.044933,0.6026750940288874
C2kiRpvg.png,lampung,train,PNG,RGB,306,95,2723,False,1,,3.221052631578947,0.02907,0.7493636050911593
ZkPkzMVZ.png,lontara,train,PNG,RGB,869,52,3591,False,1,,16.71153846153846,0.045188,0.6357440028326105
TlLIdWBx.png,bali,train,PNG,RGB,985,74,8857,False,1,,13.31081081081081,0.07289,0.972094937577171
zvVGHDa8.png,lampung,train,PNG,RGB,138,43,1772,False,1,,3.2093023255813953,0.005934,2.3889450623525446
meR0J78v.png,sunda,train,PNG,RGB,488,77,3393,False,1,,6.337662337662338,0.037576,0.7223759846710667
2K3X6GAy.png,bali,train,PNG,RGB,1378,66,10809,False,1,,20.87878787878788,0.090948,0.9507850639926112
fpsgb5GV.png,lampung,train,PNG,RGB,144,35,1880,False,1,,4.114285714285714,0.00504,2.984126984126984
6Cev0IvT.png,jawi,train,PNG,RGB,778,82,7697,False,1,,9.487804878048781,0.063796,0.9652015800363659
DDZDSwBa.png,sunda,train,PNG,RGB,112,58,1008,False,1,,1.9310344827586208,0.006496,1.2413793103448276
d81F6pxi.jpg,lampung,train,JPEG,RGB,735,1040,86956,False,1,"(93.98, 93.98)",0.7067307692307693,0.7644,0.9100575614861329
latPvf22.png,lampung,train,PNG,RGB,154,36,1736,False,1,,4.277777777777778,0.005544,2.505050505050505
nVk03uTF.png,sunda,train,PNG,RGB,124,56,1066,False,1,,2.2142857142857144,0.006944,1.228110599078341
0QFllkcj.png,lampung,train,PNG,RGB,152,41,2010,False,1,,3.707317073170732,0.006232,2.5802310654685496
0RDJIi3l.png,sunda,train,PNG,RGB,79,46,610,False,1,,1.7173913043478262,0.003634,1.3428728673637864
zSKBF5ad.png,jawa,train,PNG,RGB,605,72,10311,False,1,,8.402777777777779,0.04356,1.8936639118457301
GwIOVaAX.png,jawa,train,PNG,RGB,313,51,2380,False,1,,6.137254901960785,0.015963,1.192758253461129
oJequP2s.png,jawi,train,PNG,RGB,434,56,2246,False,1,,7.75,0.024304,0.739302172481896
KpRcwnvc.jpg,lontara,train,JPEG,RGB,404,316,62533,False,1,"(300.0, 300.0)",1.2784810126582278,0.127664,3.918598821907507
NZBjmIhk.png,jawa,train,PNG,RGB,527,98,10224,False,1,,5.377551020408164,0.051646,1.5837044495217443
vS2CTeHK.png,jawa,train,PNG,RGB,804,86,6085,False,1,,9.348837209302326,0.069144,0.7040379497859539
eKB19B9H.png,bali,train,PNG,RGB,1335,62,9673,False,1,,21.532258064516128,0.08277,0.9349281140509846
Tm8uX9iq.png,bali,train,PNG,RGB,1360,63,9533,False,1,,21.58730158730159,0.08568,0.8901027077497665
mpyCVm2l.png,lampung,train,PNG,RGB,145,43,1970,False,1,,3.372093023255814,0.006235,2.5276663993584605
4pwX2kyE.png,jawi,train,PNG,RGB,829,77,7831,False,1,,10.766233766233766,0.063833,0.9814359343913023
pTjUat0g.png,bali,train,PNG,RGB,1416,71,9664,False,1,,19.943661971830984,0.100536,0.7689981698098194
YRgtG06r.png,jawa,train,PNG,RGB,917,78,8273,False,1,,11.756410256410257,0.071526,0.9253138718787574
ZJApdQO8.png,bali,train,PNG,RGB,1379,59,9126,False,1,,23.372881355932204,0.081361,0.8973341035631323
BBsr7HcW.png,lontara,train,PNG,RGB,930,51,4155,False,1,,18.235294117647058,0.04743,0.7008222643896268
qWzOPFo0.png,jawi,train,PNG,RGB,802,76,7089,False,1,,10.552631578947368,0.060952,0.9304370652316577
N8Yk7V2S.png,pegon,train,PNG,RGB,132,132,2341,False,1,,1.0,0.017424,1.0748393021120295
RZCNpDjT.png,lampung,train,PNG,RGB,154,40,2336,False,1,,3.85,0.00616,3.033766233766234
k7EpqbzA.png,bali,train,PNG,RGB,1518,61,9891,False,1,,24.885245901639344,0.092598,0.8545324953022744
uKajDrCg.png,sunda,train,PNG,RGB,156,44,1041,False,1,,3.5454545454545454,0.006864,1.2132867132867133
Stz7sK8i.png,jawa,train,PNG,RGB,645,75,128887,False,1,,8.6,0.048375,21.31464599483204
bVgj6Mdi.png,jawa,train,PNG,RGB,861,62,5307,False,1,,13.887096774193548,0.053382,0.7953242666067214
cb7H0D9R.png,jawi,train,PNG,RGB,35,32,265,False,1,,1.09375,0.00112,1.8928571428571428
8ceaN5wf.png,sunda,train,PNG,RGB,169,42,1022,False,1,,4.023809523809524,0.007098,1.1518737672583828
rcZRQhKq.png,lampung,train,PNG,RGB,151,42,2272,False,1,,3.5952380952380953,0.006342,2.8659728792179124
kNo6RDgF.png,jawi,train,PNG,RGB,450,63,2640,False,1,,7.142857142857143,0.02835,0.744973544973545
4cnCZdqC.png,lontara,train,PNG,RGB,934,57,4231,False,1,,16.385964912280702,0.053238,0.6357864683121079
pUEcgZgt.png,jawi,train,PNG,RGB,214,79,1523,False,1,,2.7088607594936707,0.016906,0.7206908789778776
GlbexYJY.png,jawa,train,PNG,RGB,869,70,7060,False,1,,12.414285714285715,0.06083,0.9284892322867007
5qK8FD2Q.png,lontara,train,PNG,RGB,401,52,1552,False,1,,7.711538461538462,0.020852,0.5954344906963361
Qloh0D5F.png,jawi,train,PNG,RGB,678,45,3543,False,1,,15.066666666666666,0.03051,0.9290068829891839
hbVoPQCx.png,sunda,train,PNG,RGB,106,58,844,False,1,,1.8275862068965518,0.006148,1.0982433311646065
KRf6HW6W.png,pegon,train,PNG,RGB,101,90,1640,False,1,,1.1222222222222222,0.00909,1.4433443344334433
WjjjhAoK.png,jawa,train,PNG,RGB,990,75,15813,False,1,,13.2,0.07425,1.7037575757575758
HtTc2pix.png,lontara,train,PNG,RGB,935,50,4429,False,1,,18.7,0.04675,0.757903743315508
fyBYiJYM.png,bali,train,PNG,RGB,448,66,4023,False,1,,6.787878787878788,0.029568,1.088474025974026
cgV69blO.jpg,jawi,train,JPEG,RGB,1080,763,67022,False,1,,1.4154652686762779,0.82404,0.6506674433279938
GzgHn1P7.png,lampung,train,PNG,RGB,149,42,2393,False,1,,3.5476190476190474,0.006258,3.0591243208692873
lqAQn4yG.png,lampung,train,PNG,RGB,125,29,1375,False,1,,4.310344827586207,0.003625,3.0344827586206895
wWTo0MFR.png,lontara,train,PNG,RGB,703,54,3233,False,1,,13.018518518518519,0.037962,0.6813128918392076
NRYHEHUN.png,lontara,train,PNG,RGB,395,50,2106,False,1,,7.9,0.01975,0.8530632911392405
P64Ivxum.png,jawi,train,PNG,RGB,832,79,6510,False,1,,10.531645569620252,0.065728,0.7923563777994158
UVZEzER1.png,lontara,train,PNG,RGB,847,36,3430,False,1,,23.52777777777778,0.030492,0.8999081726354453
esHtTrpO.png,lontara,train,PNG,RGB,947,56,4140,False,1,,16.910714285714285,0.053032,0.6245285865138029
hGhWp1NA.png,jawa,train,PNG,RGB,928,76,7359,False,1,,12.210526315789474,0.070528,0.8347323049001815
kqud6xaj.png,bali,train,PNG,RGB,111,56,993,False,1,,1.9821428571428572,0.006216,1.277992277992278
57yHneEm.png,sunda,train,PNG,RGB,789,69,4973,False,1,,11.434782608695652,0.054441,0.7307727631748131
ml4uHLlO.png,sunda,train,PNG,RGB,819,71,4440,False,1,,11.535211267605634,0.058149,0.6108445545065263
MzTT3zZ0.png,sunda,train,PNG,RGB,146,48,1118,False,1,,3.0416666666666665,0.007008,1.2762557077625571
xHew3tgK.png,jawi,train,PNG,RGB,770,63,3759,False,1,,12.222222222222221,0.04851,0.6199134199134199
lwvKN1mf.png,jawa,train,PNG,RGB,912,82,6890,False,1,,11.121951219512194,0.074784,0.737056054771074
fI28pTaG.png,jawa,train,PNG,RGB,329,52,35704,False,1,,6.326923076923077,0.017108,16.695814823474397
DnWDDnKs.webp,pegon,train,WEBP,RGB,600,338,71116,False,1,,1.7751479289940828,0.2028,2.8053648915187375
szoyK3vk.png,sunda,train,PNG,RGB,124,58,1105,False,1,,2.1379310344827585,0.007192,1.2291434927697442
lkCM0ApG.png,jawa,train,PNG,RGB,760,71,6860,False,1,,10.704225352112676,0.05396,1.01704966641957
GGJKEOHR.png,jawa,train,PNG,RGB,840,66,7746,False,1,,12.727272727272727,0.05544,1.1177489177489177
ckJND3QK.png,jawi,train,PNG,RGB,121,31,725,False,1,,3.903225806451613,0.003751,1.546254332178086
LBlGLJh4.png,pegon,train,PNG,RGB,144,151,3761,False,1,,0.9536423841059603,0.021744,1.38373804267844
JjMbsu9W.png,jawi,train,PNG,RGB,466,63,3339,False,1,,7.396825396825397,0.029358,0.9098712446351931
Ii5jq5tb.png,sunda,train,PNG,RGB,182,74,1512,False,1,,2.4594594594594597,0.013468,0.8981288981288982
OBChuUs5.png,lontara,train,PNG,RGB,931,51,3975,False,1,,18.254901960784313,0.047481,0.6697415808428635
kUOr3bB8.png,jawi,train,PNG,RGB,74,58,639,False,1,,1.2758620689655173,0.004292,1.1910531220876048
RRqYagJ5.png,sunda,train,PNG,RGB,821,68,4250,False,1,,12.073529411764707,0.055828,0.6090133982947625
H89KMDbC.png,jawi,train,PNG,RGB,955,82,5626,False,1,,11.646341463414634,0.07831,0.5747414123355893
DRyqEjHp.png,jawa,train,PNG,RGB,739,86,6200,False,1,,8.593023255813954,0.063554,0.7804386820656449
ulyIU2GL.png,sunda,train,PNG,RGB,730,66,3794,False,1,,11.06060606060606,0.04818,0.6299709422997094
bSmzSSsW.jpg,lampung,train,JPEG,RGB,700,350,18558,False,1,,2.0,0.245,0.6059755102040816
conX5YDI.png,lontara,train,PNG,RGB,949,35,3527,False,1,,27.114285714285714,0.033215,0.8494957097696824
HDyDD40V.png,jawi,train,PNG,RGB,395,51,2511,False,1,,7.745098039215686,0.020145,0.9971705137751303
sO4z1h9a.png,lontara,train,PNG,RGB,803,49,3795,False,1,,16.387755102040817,0.039347,0.7715963097567794
kJa4pVAt.png,lampung,train,PNG,RGB,145,42,1749,False,1,,3.4523809523809526,0.00609,2.297536945812808
AzC6Ngq5.png,bali,train,PNG,RGB,1540,63,10722,False,1,,24.444444444444443,0.09702,0.8841063698206555
p3mRH8k9.png,jawi,train,PNG,RGB,42,33,298,False,1,,1.2727272727272727,0.001386,1.72005772005772
haK6l0mj.png,jawa,train,PNG,RGB,977,66,14190,False,1,,14.803030303030303,0.064482,1.7604912998976459
5RFPyYko.png,jawa,train,PNG,RGB,494,114,11005,False,1,,4.333333333333333,0.056316,1.5633212586121172
Nm33djBd.png,pegon,train,PNG,RGB,826,81,8018,False,1,,10.197530864197532,0.066906,0.9587182016560548
6rU10qVE.png,jawa,train,PNG,RGB,874,71,5497,False,1,,12.309859154929578,0.062054,0.7086730911786508
Bi3agbH6.png,lontara,train,PNG,RGB,857,59,4217,False,1,,14.525423728813559,0.050563,0.6672072464054744
iGdvsmXp.png,jawi,train,PNG,RGB,75,43,528,False,1,,1.744186046511628,0.003225,1.309767441860465
cCReGwbS.png,bali,train,PNG,RGB,1453,70,9428,False,1,,20.757142857142856,0.10171,0.7415593353652542
0lPkokiG.jpg,lampung,train,JPEG,RGB,1000,915,81874,False,1,,1.092896174863388,0.915,0.7158382513661202
BcdssRE5.png,jawa,train,PNG,RGB,941,66,5770,False,1,,14.257575757575758,0.062106,0.743245419122146
KFHipTFg.jpg,jawa,train,JPEG,RGB,240,172,6842,False,1,"(72, 72)",1.3953488372093024,0.04128,1.325968992248062
CtRDviFi.png,sunda,train,PNG,RGB,793,50,4607,False,1,,15.86,0.03965,0.9295334174022699
ATVIVynT.png,jawi,train,PNG,RGB,58,45,458,False,1,,1.288888888888889,0.00261,1.403831417624521
Naf8DwKt.png,sunda,train,PNG,RGB,44,54,345,False,1,,0.8148148148148148,0.002376,1.1616161616161615
7roqip05.png,sunda,train,PNG,RGB,655,80,3809,False,1,,8.1875,0.0524,0.5815267175572519
dWtx8gvp.png,jawi,train,PNG,RGB,486,100,2916,False,1,,4.86,0.0486,0.48
3zbf5W4B.png,lontara,train,PNG,RGB,818,40,3269,False,1,,20.45,0.03272,0.7992665036674816
GgxjirJ3.png,jawa,train,PNG,RGB,854,66,6639,False,1,,12.93939393939394,0.056364,0.9423035980413029
2OlQVE2N.png,pegon,train,PNG,RGB,105,75,816,False,1,,1.4,0.007875,0.828952380952381
ZSYJH5VG.png,jawi,train,PNG,RGB,375,72,3958,False,1,,5.208333333333333,0.027,1.1727407407407406
GPLTojcO.png,lampung,train,PNG,RGB,155,36,1785,False,1,,4.305555555555555,0.00558,2.5591397849462365
9s8Bhmvh.png,lontara,train,PNG,RGB,865,71,6331,False,1,,12.183098591549296,0.061415,0.8246845233249206
lDTf1iaZ.png,jawa,train,PNG,RGB,891,79,6666,False,1,,11.278481012658228,0.070389,0.7576183778715424
lWqGfthg.jpg,jawi,train,JPEG,RGB,250,377,25731,False,1,,0.6631299734748011,0.09425,2.1840636604774537
iKHNIvf8.png,pegon,train,PNG,RGB,154,131,3601,False,1,,1.1755725190839694,0.020174,1.4279766035491226
kfDuOEST.png,jawi,train,PNG,RGB,831,45,4946,False,1,,18.466666666666665,0.037395,1.0581093729108169
DlIWXqaP.png,jawi,train,PNG,RGB,389,57,2798,False,1,,6.824561403508772,0.022173,1.0095160781130204
KSS3erX3.png,sunda,train,PNG,RGB,712,53,4101,False,1,,13.433962264150944,0.037736,0.8694085223659105
j3myIAOs.png,bali,train,PNG,RGB,213,58,1659,False,1,,3.6724137931034484,0.012354,1.074307916464303
CuJLhxdY.png,jawa,train,PNG,RGB,618,84,87142,False,1,,7.357142857142857,0.051912,13.429187856372323
3LGwwLqE.png,pegon,train,PNG,RGB,161,150,3063,False,1,,1.0733333333333333,0.02415,1.0146583850931676
lFWhw6zZ.png,lontara,train,PNG,RGB,936,51,4155,False,1,,18.352941176470587,0.047736,0.6963298139768728
GtFrXMZ2.png,sunda,train,PNG,RGB,71,61,663,False,1,,1.1639344262295082,0.004331,1.2246594320018471
xJBRkfU6.png,bali,train,PNG,RGB,1398,59,10133,False,1,,23.694915254237287,0.082482,0.9828083703110981
Mb4Dtbtk.png,jawi,train,PNG,RGB,58,55,408,False,1,,1.0545454545454545,0.00319,1.0231974921630094
TPjl9pb9.png,sunda,train,PNG,RGB,40,35,273,False,1,,1.1428571428571428,0.0014,1.56
FONFMieM.png,lontara,train,PNG,RGB,945,45,4543,False,1,,21.0,0.042525,0.8546502057613169
syfMB5i1.png,lampung,train,PNG,RGB,149,36,2223,False,1,,4.138888888888889,0.005364,3.315436241610738
Uzp4wJfZ.png,lampung,train,PNG,RGB,103,44,600,False,1,,2.340909090909091,0.004532,1.059135039717564
ZOJNOSoS.png,sunda,train,PNG,RGB,126,58,999,False,1,,2.1724137931034484,0.007308,1.0935960591133005
vfn8246d.png,jawa,train,PNG,RGB,919,74,8115,False,1,,12.41891891891892,0.068006,0.9546216510307914
lf1NA7Yz.png,jawi,train,PNG,RGB,121,38,844,False,1,,3.1842105263157894,0.004598,1.4684645498042628
AkdjzDcY.png,bali,train,PNG,RGB,1514,61,9622,False,1,,24.81967213114754,0.092354,0.833488533252485
UQcTiICv.png,jawi,train,PNG,RGB,119,81,942,False,1,,1.4691358024691359,0.009639,0.7818238406473701
qKCjTzaN.png,jawa,train,PNG,RGB,889,73,7408,False,1,,12.178082191780822,0.064897,0.9132009183783534
c5vOU9Ed.png,bali,train,PNG,RGB,1548,56,9852,False,1,,27.642857142857142,0.086688,0.9091915836101883
QFDYs1zj.png,pegon,train,PNG,RGB,153,156,4172,False,1,,0.9807692307692307,0.023868,1.3983576336517514
jaeOGFiu.png,lampung,train,PNG,RGB,235,89,1638,False,1,,2.640449438202247,0.020915,0.6265359789624672
p5RQxEEQ.png,sunda,train,PNG,RGB,164,58,1304,False,1,,2.8275862068965516,0.009512,1.0967199327165686
mdcWJNhe.png,jawa,train,PNG,RGB,916,68,6247,False,1,,13.470588235294118,0.062288,0.8023375288980221
6xjkxiUz.png,jawa,train,PNG,RGB,116,82,969,False,1,,1.4146341463414633,0.009512,0.8149705634987384
RA3JJ73G.png,jawa,train,PNG,RGB,542,110,4921,False,1,,4.927272727272728,0.05962,0.6603153304260315
A1YI6YAE.png,lampung,train,PNG,RGB,117,38,1548,False,1,,3.0789473684210527,0.004446,2.785425101214575
dFl0KuYJ.png,sunda,train,PNG,RGB,166,153,2826,False,1,,1.0849673202614378,0.025398,0.890148830616584
k8urWBU9.png,jawa,train,PNG,RGB,1005,106,9223,False,1,,9.481132075471699,0.10653,0.6926124096498639
ReeXHTHV.png,bali,train,PNG,RGB,1243,56,7947,False,1,,22.196428571428573,0.069608,0.9133432938742673
Jb4ww86B.png,bali,train,PNG,RGB,1555,66,9930,False,1,,23.560606060606062,0.10263,0.7740426775796551
i1hlrJir.png,jawi,train,PNG,RGB,152,78,1190,False,1,,1.9487179487179487,0.011856,0.8029689608636977
XdEdDVjt.png,bali,train,PNG,RGB,451,73,3854,False,1,,6.178082191780822,0.032923,0.9364881693648817
pb5Keklp.png,jawi,train,PNG,RGB,32,37,338,False,1,,0.8648648648648649,0.001184,2.2837837837837838
DMKj60Wf.png,sunda,train,PNG,RGB,796,87,5075,False,1,,9.149425287356323,0.069252,0.5862646566164154
quqqBFaT.png,pegon,train,PNG,RGB,820,86,8750,False,1,,9.534883720930232,0.07052,0.9926262053318208
yc1w3IGR.png,jawi,train,PNG,RGB,80,53,714,False,1,,1.509433962264151,0.00424,1.3471698113207546
mb4HqMUq.png,sunda,train,PNG,RGB,64,54,578,False,1,,1.1851851851851851,0.003456,1.337962962962963
hB6WAl6r.png,pegon,train,PNG,RGB,196,163,3813,False,1,,1.2024539877300613,0.031948,0.9548015525228496
4i7Nrw6G.png,jawi,train,PNG,RGB,809,76,7074,False,1,,10.644736842105264,0.061484,0.9204345846073775
ttE3AN4T.png,jawa,train,PNG,RGB,835,61,6095,False,1,,13.688524590163935,0.050935,0.957298517718661
hRKL1niD.png,lampung,train,PNG,RGB,96,36,1012,False,1,,2.6666666666666665,0.003456,2.3425925925925926
707uZmNF.png,lampung,train,PNG,RGB,154,37,1868,False,1,,4.162162162162162,0.005698,2.6226746226746225
wPfngsjL.png,jawi,train,PNG,RGB,806,87,9067,False,1,,9.264367816091953,0.070122,1.0344257151821112
m2Ui2a65.png,sunda,train,PNG,RGB,805,51,4625,False,1,,15.784313725490197,0.041055,0.9012300572402874
VKPxizTW.png,bali,train,PNG,RGB,1410,69,10913,False,1,,20.434782608695652,0.09729,0.8973584129920855
gHwP5faW.png,lontara,train,PNG,RGB,945,58,4013,False,1,,16.29310344827586,0.05481,0.5857325305601168
n2fooew4.png,lontara,train,PNG,RGB,426,68,3379,False,1,,6.264705882352941,0.028968,0.9331676332504832
qv8MPAZZ.png,jawa,train,PNG,RGB,900,71,16536,False,1,,12.67605633802817,0.0639,2.0702347417840374
HlHV3i61.png,jawa,train,PNG,RGB,894,96,9932,False,1,,9.3125,0.085824,0.9258016405667412
W1I6n8PU.png,bali,train,PNG,RGB,1510,64,10915,False,1,,23.59375,0.09664,0.9035596026490066
qXCFidUW.png,pegon,train,PNG,RGB,133,128,3145,False,1,,1.0390625,0.017024,1.4779135338345866
v4Wtdh0k.png,jawa,train,PNG,RGB,628,91,13168,False,1,,6.9010989010989015,0.057148,1.8433540981311682
brW64y2l.png,lampung,train,PNG,RGB,103,38,1075,False,1,,2.710526315789474,0.003914,2.1972406745017885
DLftqOJn.png,jawa,train,PNG,RGB,661,73,125922,False,1,,9.054794520547945,0.048253,20.876961017967794
qzbZzHEh.png,lampung,train,PNG,RGB,147,31,2269,False,1,,4.741935483870968,0.004557,3.9833223612025455
K80SJ6gJ.png,jawi,train,PNG,RGB,244,48,1301,False,1,,5.083333333333333,0.011712,0.8886612021857924
pq8rWA4S.png,jawi,train,PNG,RGB,557,52,4396,False,1,,10.711538461538462,0.028964,1.2141969341251209
KK5wchO8.png,sunda,train,PNG,RGB,81,41,710,False,1,,1.975609756097561,0.003321,1.710328214393255
I3bk9vMY.png,jawa,train,PNG,RGB,474,67,58094,False,1,,7.074626865671642,0.031758,14.634170917564079
OcIQAZm5.png,jawi,train,PNG,RGB,80,77,725,False,1,,1.0389610389610389,0.00616,0.9415584415584416
hUJeFeCS.png,lampung,train,PNG,RGB,334,62,2701,False,1,,5.387096774193548,0.020708,1.0434614641684372
je4CKCGF.png,sunda,train,PNG,RGB,794,82,5079,False,1,,9.682926829268293,0.065108,0.6240707747127849
xXjlWoIB.png,sunda,train,PNG,RGB,161,42,1189,False,1,,3.8333333333333335,0.006762,1.406684412895593
K3XaiW1B.png,lampung,train,PNG,RGB,139,31,1893,False,1,,4.483870967741935,0.004309,3.5145045254119287
RTFSbVj1.png,lampung,train,PNG,RGB,212,98,1416,False,1,,2.163265306122449,0.020776,0.5452445128994994
vWeSwS0f.png,lampung,train,PNG,RGB,247,68,2072,False,1,,3.6323529411764706,0.016796,0.9869016432483925
A2eg6TZk.png,jawi,train,PNG,RGB,85,40,617,False,1,,2.125,0.0034,1.4517647058823528
44OG5x3s.png,sunda,train,PNG,RGB,40,35,293,False,1,,1.1428571428571428,0.0014,1.6742857142857144
xoWpVy3M.jpg,bali,train,JPEG,RGB,500,500,66399,False,1,"(96, 96)",1.0,0.25,2.124768
CqSvfsrM.jpg,lampung,train,JPEG,RGB,570,588,78560,False,1,"(96, 96)",0.9693877551020408,0.33516,1.8751641007280104
qyRWutkF.png,jawi,train,PNG,RGB,66,60,594,False,1,,1.1,0.00396,1.2
V1BoyGIl.png,lampung,train,PNG,RGB,140,36,2073,False,1,,3.888888888888889,0.00504,3.2904761904761903
NMa5ZOZt.png,sunda,train,PNG,RGB,826,73,4362,False,1,,11.315068493150685,0.060298,0.5787256625427045
h3ujPFJx.png,sunda,train,PNG,RGB,212,43,1191,False,1,,4.930232558139535,0.009116,1.0451952610794208
wJLSOF58.jpg,lontara,train,JPEG,RGB,770,450,246122,False,1,,1.711111111111111,0.3465,5.682470418470419
IgWWRlLR.png,jawi,train,PNG,RGB,807,88,9855,False,1,,9.170454545454545,0.071016,1.1101723555255154
VVERUvw3.png,jawa,train,PNG,RGB,373,46,33498,False,1,,8.108695652173912,0.017158,15.618603566849282
V7shHs7j.png,lontara,train,PNG,RGB,938,44,4278,False,1,,21.318181818181817,0.041272,0.8292304710215158
IyEAH5U6.png,pegon,train,PNG,RGB,86,64,932,False,1,,1.34375,0.005504,1.3546511627906976
l21VSeGL.png,jawa,train,PNG,RGB,970,75,8232,False,1,,12.933333333333334,0.07275,0.9052371134020618
zhbMkIs9.png,jawi,train,PNG,RGB,810,76,8297,False,1,,10.657894736842104,0.06156,1.0782326185834958
1WPyj5A3.png,lontara,train,PNG,RGB,887,66,5397,False,1,,13.43939393939394,0.058542,0.7375217792354207
SEvq1hMB.png,bali,train,PNG,RGB,1411,64,9374,False,1,,22.046875,0.090304,0.8304394046775336
du5jmDay.png,jawa,train,PNG,RGB,933,73,6857,False,1,,12.780821917808218,0.068109,0.8054148497261743
Ddq9TJSX.png,sunda,train,PNG,RGB,800,43,4282,False,1,,18.6046511627907,0.0344,0.9958139534883721
ODB5WupS.png,bali,train,PNG,RGB,1400,58,9276,False,1,,24.137931034482758,0.0812,0.9138916256157635
8JJuN4wc.png,pegon,train,PNG,RGB,143,137,2773,False,1,,1.0437956204379562,0.019591,1.13235669440049
hN8k7EQS.png,bali,train,PNG,RGB,391,72,3261,False,1,,5.430555555555555,0.028152,0.9266837169650469
yybF3m5Z.png,jawi,train,PNG,RGB,817,79,8750,False,1,,10.341772151898734,0.064543,1.0845482856390314
eM3xPkcX.png,jawa,train,PNG,RGB,973,76,18302,False,1,,12.802631578947368,0.073948,1.9799859360631795
vFEzgwPg.png,jawa,train,PNG,RGB,834,66,6063,False,1,,12.636363636363637,0.055044,0.881185960322651
jZVd3dMy.png,jawa,train,PNG,RGB,900,71,6084,False,1,,12.67605633802817,0.0639,0.7616901408450705
nihsCLVc.png,jawi,train,PNG,RGB,235,67,1464,False,1,,3.5074626865671643,0.015745,0.7438551921244839
3ZfYenHe.png,lontara,train,PNG,RGB,937,56,4436,False,1,,16.732142857142858,0.052472,0.6763226101539869
1pjoI8Vk.png,sunda,train,PNG,RGB,310,37,1780,False,1,,8.378378378378379,0.01147,1.2414995640802093
dBoBgDiR.png,jawi,train,PNG,RGB,339,68,3107,False,1,,4.985294117647059,0.023052,1.0782578518132917
SxMWNLTh.png,sunda,train,PNG,RGB,788,73,5174,False,1,,10.794520547945206,0.057524,0.719560531256519
TgOWUXvR.png,lampung,train,PNG,RGB,262,65,1590,False,1,,4.030769230769231,0.01703,0.7469172049324722
HEZdK2Q0.png,lampung,train,PNG,RGB,153,42,1876,False,1,,3.642857142857143,0.006426,2.335511982570806
YlwWbGg5.png,jawi,train,PNG,RGB,38,30,320,False,1,,1.2666666666666666,0.00114,2.245614035087719
GUNVgR19.png,sunda,train,PNG,RGB,1196,62,7527,False,1,,19.29032258064516,0.074152,0.8120617110799438
kTFSjevF.png,jawi,train,PNG,RGB,196,55,1094,False,1,,3.5636363636363635,0.01078,0.811873840445269
0GHckJbq.png,sunda,train,PNG,RGB,665,79,3719,False,1,,8.417721518987342,0.052535,0.5663272104311411
Vq2yShDg.png,lampung,train,PNG,RGB,892,55,3707,False,1,,16.21818181818182,0.04906,0.6044843049327354
Inm8bNSA.png,sunda,train,PNG,RGB,250,42,1534,False,1,,5.9523809523809526,0.0105,1.1687619047619047
EnhSkTfz.png,jawa,train,PNG,RGB,306,300,4915,False,1,,1.02,0.0918,0.428322440087146
PwoM0tyX.png,jawi,train,PNG,RGB,60,52,446,False,1,,1.1538461538461537,0.00312,1.1435897435897435
knoFpOfg.png,lontara,train,PNG,RGB,236,49,1154,False,1,,4.816326530612245,0.011564,0.7983396748529921
3vKf3saV.png,lampung,train,PNG,RGB,104,38,937,False,1,,2.736842105263158,0.003952,1.8967611336032388
JIVqdSLV.png,jawa,train,PNG,RGB,473,50,43494,False,1,,9.46,0.02365,14.712558139534885
qkYiMCMr.png,jawi,train,PNG,RGB,791,85,7427,False,1,,9.305882352941177,0.067235,0.8837064029151483
wc82l2do.png,pegon,train,PNG,RGB,173,146,4362,False,1,,1.1849315068493151,0.025258,1.3815820730065722
J5DkO3dk.png,jawi,train,PNG,RGB,53,47,407,False,1,,1.127659574468085,0.002491,1.307105580088318
ThNR2Trc.png,jawi,train,PNG,RGB,44,44,345,False,1,,1.0,0.001936,1.4256198347107438
UjwHu6WB.png,jawa,train,PNG,RGB,312,151,10411,False,1,,2.066225165562914,0.047112,1.7678723042961453
SzRbIeqA.png,lontara,train,PNG,RGB,866,54,4884,False,1,,16.037037037037038,0.046764,0.8355144983320503
O9S6paus.png,pegon,train,PNG,RGB,844,71,8244,False,1,,11.887323943661972,0.059924,1.1005940858420666
NE1L1AGP.png,jawi,train,PNG,RGB,100,137,2045,False,1,,0.7299270072992701,0.0137,1.1941605839416058
4vfmWhwX.png,bali,train,PNG,RGB,1418,64,8916,False,1,,22.15625,0.090752,0.785966149506347
LCP4Qoi4.png,lampung,train,PNG,RGB,121,38,1308,False,1,,3.1842105263157894,0.004598,2.275772074815137
e0n0nE8Z.png,lampung,train,PNG,RGB,137,37,1656,False,1,,3.7027027027027026,0.005069,2.6135332412704675
TgirLX7r.png,jawi,train,PNG,RGB,39,29,338,False,1,,1.3448275862068966,0.001131,2.3908045977011496
qZZ6OWjy.png,jawa,train,PNG,RGB,889,44,5996,False,1,,20.204545454545453,0.039116,1.2263012577973207
ShG14p8V.png,bali,train,PNG,RGB,507,70,4528,False,1,,7.242857142857143,0.03549,1.0206818822203438
cNrccj3K.png,jawa,train,PNG,RGB,815,84,6388,False,1,,9.702380952380953,0.06846,0.7464796961729477
dy8SvhhT.png,sunda,train,PNG,RGB,168,147,2287,False,1,,1.1428571428571428,0.024696,0.7408487204405572
u3c9ZTqQ.jpg,jawa,train,JPEG,RGB,720,452,73832,False,1,"(72, 72)",1.592920353982301,0.32544,1.814945919370698
Aa9HGdD5.png,bali,train,PNG,RGB,1408,67,10169,False,1,,21.01492537313433,0.094336,0.8623643147896879
9rsZr7JG.png,jawi,train,PNG,RGB,793,71,6768,False,1,,11.169014084507042,0.056303,0.9616539083174964
20FxmV49.png,jawa,train,PNG,RGB,522,101,4480,False,1,,5.1683168316831685,0.052722,0.6797921171427488
1WWcZhSj.png,lontara,train,PNG,RGB,940,57,4085,False,1,,16.49122807017544,0.05358,0.6099290780141844
ZX7GGGbT.png,jawa,train,PNG,RGB,106,83,1182,False,1,,1.2771084337349397,0.008798,1.0747897249374858
A3q9jZtf.png,jawi,train,PNG,RGB,375,76,4149,False,1,,4.934210526315789,0.0285,1.1646315789473685
SzmxwxNp.png,jawa,train,PNG,RGB,790,87,6337,False,1,,9.080459770114942,0.06873,0.7376109413647607
zV97GX1O.png,lontara,train,PNG,RGB,490,42,2205,False,1,,11.666666666666666,0.02058,0.8571428571428571
gNBbqikL.png,lontara,train,PNG,RGB,937,55,3743,False,1,,17.036363636363635,0.051535,0.5810420102842728
CuVzOrbM.png,sunda,train,PNG,RGB,824,79,5090,False,1,,10.430379746835444,0.065096,0.6255376674450043
0RrfREkM.jpg,pegon,train,JPEG,RGB,747,531,29958,False,1,,1.4067796610169492,0.396657,0.6042096824208321
w9XmvLj8.png,pegon,train,PNG,RGB,97,76,862,False,1,,1.2763157894736843,0.007372,0.9354313619099295
Kd0EJ2dJ.png,jawi,train,PNG,RGB,40,27,297,False,1,,1.4814814814814814,0.00108,2.2
14vVVl4E.png,pegon,train,PNG,RGB,800,595,868999,False,1,,1.3445378151260505,0.476,14.605025210084033
QcyZjZ3X.png,bali,train,PNG,RGB,1414,63,9150,False,1,,22.444444444444443,0.089082,0.8217148245436788
9aRfOJ47.png,bali,train,PNG,RGB,1384,56,8777,False,1,,24.714285714285715,0.077504,0.9059661436829067
7b6sWGiU.png,jawi,train,PNG,RGB,403,56,2195,False,1,,7.196428571428571,0.022568,0.7780928748670685
XubF5e3W.png,jawi,train,PNG,RGB,52,25,435,False,1,,2.08,0.0013,2.6769230769230767
BtN0snf5.jpg,pegon,train,JPEG,RGB,744,536,122113,False,1,"(72.0, 72.0)",1.3880597014925373,0.398784,2.4497071096132244
Dj1KI6OH.png,jawi,train,PNG,RGB,30,29,240,False,1,,1.0344827586206897,0.00087,2.206896551724138
0YA9J5W1.png,bali,train,PNG,RGB,415,79,3388,False,1,,5.253164556962025,0.032785,0.8267195363733415
Dd0jNE9v.png,sunda,train,PNG,RGB,73,61,628,False,1,,1.1967213114754098,0.004453,1.1282281607904783
53pq8UKZ.png,jawi,train,PNG,RGB,42,42,461,False,1,,1.0,0.001764,2.090702947845805
NaTwFOSV.png,bali,train,PNG,RGB,103,85,1123,False,1,,1.2117647058823529,0.008755,1.0261564820102798
fB3TuwJs.png,jawa,train,PNG,RGB,883,77,5816,False,1,,11.467532467532468,0.067991,0.6843258666588224
Kw4PRAzE.png,lontara,train,PNG,RGB,874,47,4032,False,1,,18.595744680851062,0.041078,0.7852378402064365
dRClM9eF.png,bali,train,PNG,RGB,1519,68,10415,False,1,,22.33823529411765,0.103292,0.8066452387406575
L29NxC85.png,jawa,train,PNG,RGB,953,73,9449,False,1,,13.054794520547945,0.069569,1.0865759174344896
x6TUP3bb.png,jawi,train,PNG,RGB,24,31,283,False,1,,0.7741935483870968,0.000744,3.043010752688172
z62bzXr7.png,lampung,train,PNG,RGB,257,77,1655,False,1,,3.3376623376623376,0.019789,0.6690585678912527
dfp1vbRJ.png,jawa,train,PNG,RGB,355,67,44122,False,1,,5.298507462686567,0.023785,14.840277485810384
LjHQdn9x.png,lontara,train,PNG,RGB,931,42,3931,False,1,,22.166666666666668,0.039102,0.8042555368011867
VDrAXlPc.png,lontara,train,PNG,RGB,945,58,4154,False,1,,16.29310344827586,0.05481,0.6063127166575443
0TBRdSix.png,jawa,train,PNG,RGB,676,106,21300,False,1,,6.377358490566038,0.071656,2.3780283577090544
WDbmuVat.png,lampung,train,PNG,RGB,143,42,2097,False,1,,3.4047619047619047,0.006006,2.793206793206793
x9REW93s.png,jawi,train,PNG,RGB,802,83,7400,False,1,,9.662650602409638,0.066566,0.8893429077907641
h0pKPA3F.png,jawi,train,PNG,RGB,587,43,3146,False,1,,13.651162790697674,0.025241,0.9971078800364487
2WAaMM0i.png,sunda,train,PNG,RGB,803,87,4943,False,1,,9.229885057471265,0.069861,0.5660382760052104
MscHvNuk.png,pegon,train,PNG,RGB,137,119,2608,False,1,,1.1512605042016806,0.016303,1.279764460528737
RaqdcaK4.png,sunda,train,PNG,RGB,822,73,4128,False,1,,11.26027397260274,0.060006,0.5503449655034497
pVm5BPbD.png,lampung,train,PNG,RGB,78,31,1057,False,1,,2.5161290322580645,0.002418,3.4971050454921424
rKVeTtSS.png,lampung,train,PNG,RGB,148,44,857,False,1,,3.3636363636363638,0.006512,1.0528255528255528
RZTQWF8q.png,lampung,train,PNG,RGB,99,36,1040,False,1,,2.75,0.003564,2.334455667789001
YXJ9nyYF.png,jawi,train,PNG,RGB,951,82,5507,False,1,,11.597560975609756,0.077982,0.5649508861019209
0qieWTAa.jpg,pegon,train,JPEG,RGB,446,330,116376,False,1,"(113, 113)",1.3515151515151516,0.14718,6.325642070933551
IE5oHD3M.png,jawa,train,PNG,RGB,818,74,7002,False,1,,11.054054054054054,0.060532,0.9253948324852971
IoxFDRN1.png,jawi,train,PNG,RGB,66,81,775,False,1,,0.8148148148148148,0.005346,1.1597456041900487
gKU8FXn9.png,lampung,train,PNG,RGB,126,37,1971,False,1,,3.4054054054054053,0.004662,3.382239382239382
48uWCL2y.png,lontara,train,PNG,RGB,931,51,3831,False,1,,18.254901960784313,0.047481,0.6454792443293107
MjQUIIgU.png,jawa,train,PNG,RGB,844,64,5336,False,1,,13.1875,0.054016,0.7902843601895735
MLaSwjle.png,sunda,train,PNG,RGB,130,51,1007,False,1,,2.549019607843137,0.00663,1.2150829562594267
b3mX8O1h.png,sunda,train,PNG,RGB,250,39,1515,False,1,,6.410256410256411,0.00975,1.243076923076923
tW90ex0w.png,bali,train,PNG,RGB,1340,59,9597,False,1,,22.71186440677966,0.07906,0.9711105489501645
CKwdiRJV.png,lontara,train,PNG,RGB,868,57,4201,False,1,,15.228070175438596,0.049476,0.6792788422669577
bBVQpdj1.png,lampung,train,PNG,RGB,82,39,1237,False,1,,2.1025641025641026,0.003198,3.0944340212632895
YG6yAvc0.png,lampung,train,PNG,RGB,136,36,1883,False,1,,3.7777777777777777,0.004896,3.076797385620915
I3dQluWZ.png,jawa,train,PNG,RGB,928,58,13726,False,1,,16.0,0.053824,2.0401307966706304
0DswLBCf.png,jawi,train,PNG,RGB,113,69,894,False,1,,1.6376811594202898,0.007797,0.917275875336668
xSW9pTyw.png,jawa,train,PNG,RGB,993,83,17345,False,1,,11.963855421686747,0.082419,1.683592375544474
Bu311bOJ.png,sunda,train,PNG,RGB,228,46,1375,False,1,,4.956521739130435,0.010488,1.0488176964149505
peQYqrbb.png,jawi,train,PNG,RGB,798,99,8312,False,1,,8.06060606060606,0.079002,0.8417002101212627
7Wq83fQ5.png,jawa,train,PNG,RGB,845,79,5767,False,1,,10.69620253164557,0.066755,0.6911242603550296
CUwmDZOk.png,bali,train,PNG,RGB,83,60,556,False,1,,1.3833333333333333,0.00498,0.8931726907630522
hcC86FhH.png,jawi,train,PNG,RGB,952,68,6705,False,1,,14.0,0.064736,0.828596144340089
hKYgVN4A.png,lampung,train,PNG,RGB,145,36,2236,False,1,,4.027777777777778,0.00522,3.4268199233716476
UGgD2DKA.png,jawi,train,PNG,RGB,789,74,6610,False,1,,10.662162162162161,0.058386,0.9056965710958106
JUcIlUlw.jpg,jawa,train,JPEG,RGB,480,360,33827,False,1,,1.3333333333333333,0.1728,1.5660648148148149
6VqN6Pck.png,sunda,train,PNG,RGB,797,78,4357,False,1,,10.217948717948717,0.062166,0.5606923398642345
yGjvgw2c.png,jawa,train,PNG,RGB,675,82,11524,False,1,,8.231707317073171,0.05535,1.6656187895212284
5RrsLcjU.png,pegon,train,PNG,RGB,148,123,2607,False,1,,1.2032520325203253,0.018204,1.1456822676334872
DiTgY9CI.png,jawi,train,PNG,RGB,51,43,406,False,1,,1.186046511627907,0.002193,1.4810761513907889
ZTfpmt2B.png,lontara,train,PNG,RGB,911,44,4473,False,1,,20.704545454545453,0.040084,0.8927252769184713
W9KU9Wvz.png,bali,train,PNG,RGB,166,80,1351,False,1,,2.075,0.01328,0.813855421686747
XLNKCy5O.png,sunda,train,PNG,RGB,40,35,309,False,1,,1.1428571428571428,0.0014,1.7657142857142858
tqy9vNiv.png,lontara,train,PNG,RGB,932,72,4813,False,1,,12.944444444444445,0.067104,0.573795898903195
4Ta1hfxP.png,sunda,train,PNG,RGB,687,62,4362,False,1,,11.080645161290322,0.042594,0.819270319763347
sGcIIOD4.png,pegon,train,PNG,RGB,182,178,5621,False,1,,1.0224719101123596,0.032396,1.3880726015557476
iqPiMuzH.png,pegon,train,PNG,RGB,836,75,8953,False,1,,11.146666666666667,0.0627,1.1423285486443382
yTfUtOrl.png,lontara,train,PNG,RGB,810,46,3895,False,1,,17.608695652173914,0.03726,0.8362855609232421
CPGVPQih.png,jawi,train,PNG,RGB,35,33,331,False,1,,1.0606060606060606,0.001155,2.292640692640693
Pwxovv4w.jpg,pegon,train,JPEG,RGB,768,472,77423,False,1,"(96, 96)",1.6271186440677967,0.362496,1.7086643714689265
pVaurMOE.png,sunda,train,PNG,P,729,331,7496,False,1,,2.202416918429003,0.241299,0.24852154381079075
p351Z4S5.png,lontara,train,PNG,RGB,933,47,4065,False,1,,19.851063829787233,0.043851,0.7416022439625094
nPilQvB7.png,bali,train,PNG,RGB,645,67,4356,False,1,,9.626865671641792,0.043215,0.8063866712946893
W9YzgCDe.jpg,bali,train,JPEG,RGB,870,1160,251340,False,1,"(96, 96)",0.75,1.0092,1.9923900118906064
g4u9buSM.png,jawi,train,PNG,RGB,154,49,867,False,1,,3.142857142857143,0.007546,0.9191624701828783
zpjnHXjv.png,jawa,train,PNG,RGB,776,83,6079,False,1,,9.349397590361447,0.064408,0.7550614830455844
XLpfTPXq.png,lontara,train,PNG,RGB,931,51,3815,False,1,,18.254901960784313,0.047481,0.6427834291611382
sraqOBct.png,lampung,train,PNG,RGB,126,31,1358,False,1,,4.064516129032258,0.003906,2.781362007168459
HOn1Kjg3.png,lampung,train,PNG,RGB,95,42,1404,False,1,,2.261904761904762,0.00399,2.8150375939849623
QepjZS9b.png,sunda,train,PNG,RGB,798,45,4588,False,1,,17.733333333333334,0.03591,1.0221108326371484
3mcFdk7G.png,pegon,train,PNG,RGB,172,155,4061,False,1,,1.1096774193548387,0.02666,1.2186046511627906
DraaCBcD.png,jawa,train,PNG,RGB,902,81,8601,False,1,,11.135802469135802,0.073062,0.9417754783608442
ZxaB1nEC.png,jawi,train,PNG,RGB,472,51,3290,False,1,,9.254901960784315,0.024072,1.093386507145231
aeFnWHXI.png,lampung,train,PNG,RGB,290,80,2044,False,1,,3.625,0.0232,0.7048275862068966
KMr4VEKF.png,lampung,train,PNG,RGB,147,37,1998,False,1,,3.972972972972973,0.005439,2.938775510204082
ZwWrOa3o.png,jawi,train,PNG,RGB,793,81,7477,False,1,,9.790123456790123,0.064233,0.9312347235844504
cJsdBlLn.png,lampung,train,PNG,RGB,718,43,2541,False,1,,16.697674418604652,0.030874,0.6584180864157544
m2in5eft.png,jawi,train,PNG,RGB,809,77,7057,False,1,,10.506493506493506,0.062293,0.9062976578427753
j9iNhn8A.png,jawa,train,PNG,RGB,913,64,7077,False,1,,14.265625,0.058432,0.968921139101862
XG5wyJgA.png,jawi,train,PNG,RGB,220,48,1330,False,1,,4.583333333333333,0.01056,1.0075757575757576
crv2qL3d.jpg,jawa,train,JPEG,RGB,483,341,85985,False,1,"(72, 72)",1.4164222873900294,0.164703,4.176487374243335
r2BpthqB.png,lampung,train,PNG,RGB,111,38,1329,False,1,,2.9210526315789473,0.004218,2.5206258890469417
LDOS19XN.png,pegon,train,PNG,RGB,816,66,7246,False,1,,12.363636363636363,0.053856,1.076351752822341
nKVKvIRz.png,sunda,train,PNG,RGB,807,58,4627,False,1,,13.913793103448276,0.046806,0.790838781352818
5U9QYXrR.png,jawi,train,PNG,RGB,47,50,382,False,1,,0.94,0.00235,1.3004255319148936
GaYpPtLD.png,bali,train,PNG,RGB,512,70,4145,False,1,,7.314285714285714,0.03584,0.9252232142857143
Skes3FaH.png,jawi,train,PNG,RGB,23,35,250,False,1,,0.6571428571428571,0.000805,2.484472049689441
gu5us0CH.png,lampung,train,PNG,RGB,151,40,2732,False,1,,3.775,0.00604,3.618543046357616
IIUI6655.png,lontara,train,PNG,RGB,875,55,4057,False,1,,15.909090909090908,0.048125,0.6744103896103896
bUK22ID9.png,lampung,train,PNG,RGB,156,47,2287,False,1,,3.3191489361702127,0.007332,2.4953627932351337
3V2y3BS8.png,sunda,train,PNG,RGB,40,36,338,False,1,,1.1111111111111112,0.00144,1.8777777777777778
2XWwj13J.png,jawi,train,PNG,RGB,794,82,6870,False,1,,9.682926829268293,0.065108,0.8441358972783682
HKuAo8pN.png,sunda,train,PNG,RGB,800,42,4270,False,1,,19.047619047619047,0.0336,1.0166666666666666
1loLOIK0.png,jawi,train,PNG,RGB,819,89,8670,False,1,,9.202247191011235,0.072891,0.9515578054903897
buiY6ByJ.png,jawi,train,PNG,RGB,866,60,4849,False,1,,14.433333333333334,0.05196,0.7465742879137798
1VswsgkH.png,pegon,train,PNG,RGB,114,108,2013,False,1,,1.0555555555555556,0.012312,1.307992202729045
26CqbMpI.jpg,sunda,train,JPEG,RGB,415,405,7133,False,1,,1.0246913580246915,0.168075,0.339515097426744
4hL6fgAt.png,sunda,train,PNG,RGB,172,65,1217,False,1,,2.646153846153846,0.01118,0.8708407871198569
d2jkqGaU.png,jawi,train,PNG,RGB,149,120,1522,False,1,,1.2416666666666667,0.01788,0.6809843400447427
fSs4JQ76.png,jawa,train,PNG,RGB,624,76,7186,False,1,,8.210526315789474,0.047424,1.2122132253711202
2nbQorQ6.png,lontara,train,PNG,RGB,945,53,3781,False,1,,17.830188679245282,0.050085,0.6039333133672756
PgwtcEoX.png,jawa,train,PNG,RGB,93,60,789,False,1,,1.55,0.00558,1.1311827956989247
segKORP7.png,lampung,train,PNG,RGB,107,36,1344,False,1,,2.9722222222222223,0.003852,2.791277258566978
ptggm8Dm.png,jawa,train,PNG,RGB,616,83,13566,False,1,,7.421686746987952,0.051128,2.1226725082146767
WjO9Cz5R.png,jawi,train,PNG,RGB,123,31,756,False,1,,3.967741935483871,0.003813,1.5861526357199056
NCiHszCQ.png,jawi,train,PNG,RGB,49,52,374,False,1,,0.9423076923076923,0.002548,1.1742543171114599
pI6H93As.png,lontara,train,PNG,RGB,937,59,4517,False,1,,15.88135593220339,0.055283,0.6536548305989183
k6xPHhli.png,bali,train,PNG,RGB,1393,66,10982,False,1,,21.106060606060606,0.091938,0.9556005133894581
EIbBGv9G.jpg,bali,train,JPEG,RGB,768,1024,66119,False,1,"(72, 72)",0.75,0.786432,0.6725972493489584
fAFoe01T.png,jawi,train,PNG,RGB,349,64,1847,False,1,,5.453125,0.022336,0.6615329512893983
lCnwzD6t.png,jawi,train,PNG,RGB,719,59,4148,False,1,,12.186440677966102,0.042421,0.7822540722755239
xJKkDOHT.png,lontara,train,PNG,RGB,938,59,4499,False,1,,15.898305084745763,0.055342,0.6503559683423078
BrB0zdoq.png,jawa,train,PNG,RGB,616,71,4556,False,1,,8.67605633802817,0.043736,0.8333638192793122
ptAschbP.png,lampung,train,PNG,RGB,282,77,1991,False,1,,3.6623376623376624,0.021714,0.7335359675785208
0wrkeCaA.png,sunda,train,PNG,RGB,577,60,3886,False,1,,9.616666666666667,0.03462,0.8979780473714616
2Z5KwPmp.png,lampung,train,PNG,RGB,280,82,2265,False,1,,3.4146341463414633,0.02296,0.789198606271777
8pOxiJ2F.png,lontara,train,PNG,RGB,955,61,3857,False,1,,15.655737704918034,0.058255,0.5296712728521157
9WzBLHSF.png,bali,train,PNG,RGB,524,66,4378,False,1,,7.9393939393939394,0.034584,1.0127226463104326
nBOckJ2O.png,jawi,train,PNG,RGB,881,67,4610,False,1,,13.149253731343284,0.059027,0.624798820878581
hX81sT54.png,lontara,train,PNG,RGB,941,49,4089,False,1,,19.20408163265306,0.046109,0.7094493482834154
AHdpVHM7.png,sunda,train,PNG,RGB,802,56,4580,False,1,,14.321428571428571,0.044912,0.8158175988599928
cjnsTa5k.png,sunda,train,PNG,RGB,731,68,4127,False,1,,10.75,0.049708,0.664198921702744
tu86jf4F.png,lampung,train,PNG,RGB,149,41,2513,False,1,,3.6341463414634148,0.006109,3.2908823047962024
hDoKvj7h.png,sunda,train,PNG,RGB,161,63,1162,False,1,,2.5555555555555554,0.010143,0.9164941338854382
HKpOw0E7.png,jawi,train,PNG,RGB,215,57,1122,False,1,,3.7719298245614037,0.012255,0.7324357405140759
TMIIvH9S.png,jawi,train,PNG,RGB,482,55,2571,False,1,,8.763636363636364,0.02651,0.775858166729536
IPSizNWQ.png,jawi,train,PNG,RGB,78,71,701,False,1,,1.0985915492957747,0.005538,1.012639942217407
u7i9RALq.png,lampung,train,PNG,RGB,139,42,1783,False,1,,3.3095238095238093,0.005838,2.4433025008564577
oNV6d8Ue.png,sunda,train,PNG,RGB,783,65,4864,False,1,,12.046153846153846,0.050895,0.7645544748993025
r96Tl3Hf.png,bali,train,PNG,RGB,194,68,1865,False,1,,2.8529411764705883,0.013192,1.130988477865373
6AktV6iu.png,bali,train,PNG,RGB,1501,68,11189,False,1,,22.073529411764707,0.102068,0.8769839714700004
g45mFPbB.png,lontara,train,PNG,RGB,954,56,3920,False,1,,17.035714285714285,0.053424,0.5870020964360587
68vAJ2QF.png,sunda,train,PNG,RGB,357,47,2085,False,1,,7.595744680851064,0.016779,0.9940997675666011
sGuwuaSx.png,sunda,train,PNG,RGB,73,55,656,False,1,,1.3272727272727274,0.004015,1.3070983810709838
sSIPm67w.png,bali,train,PNG,RGB,1372,65,10219,False,1,,21.107692307692307,0.08918,0.9167077820139045
9loTSMIh.png,pegon,train,PNG,RGB,844,74,8181,False,1,,11.405405405405405,0.062456,1.0479057256308442
ePMlluIs.png,jawa,train,PNG,RGB,984,66,14139,False,1,,14.909090909090908,0.064944,1.7416851441241685
fB1k6OYk.jpg,jawa,train,JPEG,RGB,1000,750,45372,False,1,,1.3333333333333333,0.75,0.483968
P52dvVOv.png,lontara,train,PNG,RGB,939,55,4126,False,1,,17.072727272727274,0.051645,0.6391325394520283
RJVhHjwp.png,sunda,train,PNG,RGB,706,52,4087,False,1,,13.576923076923077,0.036712,0.8906079755938113
DcqIVlkQ.png,sunda,train,PNG,RGB,798,91,5047,False,1,,8.76923076923077,0.072618,0.5560053981106613
UmAM2xxw.png,bali,train,PNG,RGB,667,56,4577,False,1,,11.910714285714286,0.037352,0.9802955665024631
SjgjW4Tx.png,jawi,train,PNG,RGB,398,58,2391,False,1,,6.862068965517241,0.023084,0.8286258880609946
vNfPJkvY.png,jawi,train,PNG,RGB,126,47,855,False,1,,2.6808510638297873,0.005922,1.155015197568389
BYVSlwwq.png,jawi,train,PNG,RGB,94,72,833,False,1,,1.3055555555555556,0.006768,0.9846335697399528
S956mZFT.png,bali,train,PNG,RGB,1489,73,11301,False,1,,20.397260273972602,0.108697,0.8317432863832489
wfFUMS9o.png,lontara,train,PNG,RGB,1014,62,5843,False,1,,16.35483870967742,0.062868,0.7435261182159445
WZfesrhL.png,lontara,train,PNG,RGB,940,52,3939,False,1,,18.076923076923077,0.04888,0.6446808510638298
B9ufMYFb.png,jawi,train,PNG,RGB,402,62,1962,False,1,,6.483870967741935,0.024924,0.6297544535387578
3LzGlLOu.png,lampung,train,PNG,RGB,167,65,1155,False,1,,2.5692307692307694,0.010855,0.8512206356517734
0ZesCcre.png,lontara,train,PNG,RGB,941,51,4343,False,1,,18.45098039215686,0.047991,0.7239690775353712
ZiWzQeWe.png,bali,train,PNG,RGB,89,60,979,False,1,,1.4833333333333334,0.00534,1.4666666666666666
d9Khp4Mf.png,lontara,train,PNG,RGB,942,54,4341,False,1,,17.444444444444443,0.050868,0.6827081858928993
6Dsgv9Et.png,jawa,train,PNG,RGB,911,58,5049,False,1,,15.706896551724139,0.052838,0.7644498277754647
NZrTPBsT.jpg,jawa,train,JPEG,RGB,736,1308,80128,False,1,"(72, 72)",0.5626911314984709,0.962688,0.6658689004121793
0MabuhkW.png,bali,train,PNG,RGB,101,64,946,False,1,,1.578125,0.006464,1.1707920792079207
CnouVewX.png,lontara,train,PNG,RGB,378,49,1846,False,1,,7.714285714285714,0.018522,0.7973221034445525
QMe5Qa85.jpg,lampung,train,JPEG,RGB,1200,675,78264,False,1,,1.7777777777777777,0.81,0.7729777777777778
9JyFzjKx.png,lampung,train,PNG,RGB,146,40,2060,False,1,,3.65,0.00584,2.8219178082191783
feyznHRD.png,jawa,train,PNG,RGB,1013,111,8348,False,1,,9.126126126126126,0.112443,0.5939364833737982
jXxnptdy.png,jawa,train,PNG,RGB,663,78,11326,False,1,,8.5,0.051714,1.752098077889933
wkyRylPr.png,lampung,train,PNG,RGB,937,43,3487,False,1,,21.790697674418606,0.040291,0.6923630587476112
gmPHWaMA.png,pegon,train,PNG,RGB,130,124,2361,False,1,,1.0483870967741935,0.01612,1.171712158808933
Vtqkkqds.png,lampung,train,PNG,RGB,236,88,1918,False,1,,2.6818181818181817,0.020768,0.7388289676425269
ksrg3wo4.png,pegon,train,PNG,RGB,120,119,2603,False,1,,1.0084033613445378,0.01428,1.4582633053221288
GW5uvkRW.png,jawa,train,PNG,RGB,681,74,136201,False,1,,9.202702702702704,0.050394,21.621780370679048
RjekL8VN.png,sunda,train,PNG,RGB,801,48,4798,False,1,,16.6875,0.038448,0.9983354140657511
nQUE5SqL.png,jawi,train,PNG,RGB,788,76,6708,False,1,,10.368421052631579,0.059888,0.8960726689820999
9W5axwiz.jpg,pegon,train,JPEG,RGB,1239,1800,302591,False,1,,0.6883333333333334,2.2302,1.0854309030580218
Tm9OdQXS.png,lampung,train,PNG,RGB,99,40,1189,False,1,,2.475,0.00396,2.402020202020202
6n8WgRf6.png,lontara,train,PNG,RGB,941,63,4684,False,1,,14.936507936507937,0.059283,0.6320867702376736
fZ10vd5k.png,sunda,train,PNG,RGB,55,56,417,False,1,,0.9821428571428571,0.00308,1.0831168831168831
JP3qTWWa.png,jawi,train,PNG,RGB,789,88,7332,False,1,,8.965909090909092,0.069432,0.8447977877635672
X7Mu75aM.png,bali,train,PNG,RGB,85,75,870,False,1,,1.1333333333333333,0.006375,1.091764705882353
enIvDFOG.png,jawi,train,PNG,RGB,860,70,4983,False,1,,12.285714285714286,0.0602,0.6621926910299003
g9oS32ZH.png,lampung,train,PNG,RGB,75,33,903,False,1,,2.272727272727273,0.002475,2.918787878787879
TBkFjG3r.png,lampung,train,PNG,RGB,274,84,1977,False,1,,3.261904761904762,0.023016,0.6871741397288843
h6uvGoiY.png,jawa,train,PNG,RGB,637,80,9346,False,1,,7.9625,0.05096,1.4671899529042387
IilOTwi9.png,bali,train,PNG,RGB,1363,69,9957,False,1,,19.753623188405797,0.094047,0.8469807649366806
jihYyOVk.png,pegon,train,PNG,RGB,70,96,682,False,1,,0.7291666666666666,0.00672,0.8119047619047619
4QqymdHS.png,jawi,train,PNG,RGB,797,113,7390,False,1,,7.053097345132743,0.090061,0.6564439657565427
N5yUUVmc.png,lampung,train,PNG,RGB,145,40,1947,False,1,,3.625,0.0058,2.6855172413793102
jVRM9bLG.png,pegon,train,PNG,RGB,398,113,5530,False,1,,3.52212389380531,0.044974,0.9836794592431183
BvzTd4IL.png,jawi,train,PNG,RGB,790,86,7086,False,1,,9.186046511627907,0.06794,0.8343832793641448
Hn3NR2qi.png,jawa,train,PNG,RGB,597,99,14683,False,1,,6.03030303030303,0.059103,1.987445645737103
FDimLVa3.png,jawa,train,PNG,RGB,842,79,6684,False,1,,10.658227848101266,0.066518,0.8038726359782314
WAOz0ZE4.png,jawa,train,PNG,RGB,900,56,6186,False,1,,16.071428571428573,0.0504,0.981904761904762
GXjQi5XT.png,jawi,train,PNG,RGB,802,88,7764,False,1,,9.113636363636363,0.070576,0.8800725459079574
XjzuHQqf.png,jawi,train,PNG,RGB,85,46,533,False,1,,1.8478260869565217,0.00391,1.090537084398977
nZXPsFKH.png,bali,train,PNG,RGB,203,86,2520,False,1,,2.36046511627907,0.017458,1.1547714514835605
UAr5UbQU.png,sunda,train,PNG,RGB,428,67,2985,False,1,,6.388059701492537,0.028676,0.8327521272143953
8nXUopAm.png,pegon,train,PNG,RGB,152,148,3822,False,1,,1.027027027027027,0.022496,1.3591749644381224
vXtcdKz0.png,pegon,train,PNG,RGB,82,70,539,False,1,,1.1714285714285715,0.00574,0.751219512195122
VwGQA44N.png,lampung,train,PNG,RGB,272,87,2200,False,1,,3.1264367816091956,0.023664,0.7437457741717377
eAW798Xv.png,sunda,train,PNG,RGB,739,65,3960,False,1,,11.36923076923077,0.048035,0.6595191006557718
xna93YNK.png,jawi,train,PNG,RGB,324,70,2703,False,1,,4.628571428571429,0.02268,0.9534391534391534
m8WqQXdM.png,lontara,train,PNG,RGB,943,53,4591,False,1,,17.79245283018868,0.049979,0.7348686448308289
1aIVpZ2l.jpg,lampung,train,JPEG,RGB,830,556,87829,False,1,,1.4928057553956835,0.46148,1.5225621912108867
N7QMo30a.png,jawi,train,PNG,RGB,380,70,4013,False,1,,5.428571428571429,0.0266,1.2069172932330827
q8zqGHIi.png,jawa,train,PNG,RGB,103,81,865,False,1,,1.271604938271605,0.008343,0.8294378520915737
FfT3Mhg3.png,jawi,train,PNG,RGB,330,66,2915,False,1,,5.0,0.02178,1.0707070707070707
UPhGM4Nl.png,lampung,train,PNG,RGB,136,31,1660,False,1,,4.387096774193548,0.004216,3.1499051233396584
i5E7A3yA.png,bali,train,PNG,RGB,524,77,4626,False,1,,6.805194805194805,0.040348,0.9172201843957569
Etv2CI1N.webp,lampung,train,WEBP,RGB,136,296,10844,False,1,,0.4594594594594595,0.040256,2.1550079491255962
aM48OAaT.png,lampung,train,PNG,RGB,211,72,1513,False,1,,2.9305555555555554,0.015192,0.7967351237493417
pBfubdWd.png,jawi,train,PNG,RGB,777,67,7317,False,1,,11.597014925373134,0.052059,1.124416527401602
Gc67aHgm.png,jawa,train,PNG,RGB,585,47,53894,False,1,,12.446808510638299,0.027495,15.68110565557374
OCzTk2QT.png,jawa,train,PNG,RGB,630,88,12351,False,1,,7.159090909090909,0.05544,1.7822510822510822
cHq3BUes.png,sunda,train,PNG,RGB,51,43,450,False,1,,1.186046511627907,0.002193,1.6415868673050615
xHinAwkA.png,jawi,train,PNG,RGB,793,77,6738,False,1,,10.2987012987013,0.061061,0.8827893418057352
ZhOGt7p1.png,jawa,train,PNG,RGB,908,61,6778,False,1,,14.885245901639344,0.055388,0.9789846176067019
jz49o2DX.png,sunda,train,PNG,RGB,781,60,4709,False,1,,13.016666666666667,0.04686,0.8039265898420828
u3JBbYe7.png,lontara,train,PNG,RGB,610,44,2794,False,1,,13.863636363636363,0.02684,0.8327868852459016
9ZKX8f9o.png,jawa,train,PNG,RGB,942,56,7299,False,1,,16.821428571428573,0.052752,1.1069153776160146
n6Z6w8bi.png,jawi,train,PNG,RGB,950,61,5320,False,1,,15.573770491803279,0.05795,0.7344262295081967
NY7qPAoP.png,jawi,train,PNG,RGB,893,46,5979,False,1,,19.41304347826087,0.041078,1.164418910365646
qDNjjL14.png,bali,train,PNG,RGB,1406,64,9071,False,1,,21.96875,0.089984,0.8064544807965861
W40aaNZO.png,jawi,train,PNG,RGB,125,67,998,False,1,,1.8656716417910448,0.008375,0.9533134328358209
iwpAaVS9.png,jawa,train,PNG,RGB,434,58,47842,False,1,,7.482758620689655,0.025172,15.204830764341331
SZoM5n9t.png,lontara,train,PNG,RGB,933,46,4227,False,1,,20.282608695652176,0.042918,0.7879211519642109
JKBbhzU0.png,jawa,train,PNG,RGB,740,79,5505,False,1,,9.367088607594937,0.05846,0.7533356140951077
0iwTJE6k.png,lampung,train,PNG,RGB,79,31,1049,False,1,,2.5483870967741935,0.002449,3.4267047774601878
vFnuGssw.jpg,lampung,train,JPEG,RGB,1000,1673,54549,False,1,"(300, 300)",0.5977286312014346,1.673,0.2608439928272564
TMsy6o0B.png,lontara,train,PNG,RGB,918,95,6913,False,1,,9.663157894736843,0.08721,0.6341474601536521
bexck0P3.png,jawi,train,PNG,RGB,449,94,3150,False,1,,4.776595744680851,0.042206,0.597071506420888
x2L9BHva.png,jawa,train,PNG,RGB,658,66,116993,False,1,,9.969696969696969,0.043428,21.551625679285255
xNFgcLhi.png,lontara,train,PNG,RGB,971,56,4027,False,1,,17.339285714285715,0.054376,0.5924672649698396
PilQ27zJ.png,lampung,train,PNG,RGB,151,64,1105,False,1,,2.359375,0.009664,0.9147350993377483
r1npzOw1.png,bali,train,PNG,RGB,102,51,766,False,1,,2.0,0.005202,1.1780084582852748
UI3jGyTt.png,lampung,train,PNG,RGB,155,88,1389,False,1,,1.7613636363636365,0.01364,0.8146627565982405
Nvn5qA11.png,lampung,train,PNG,RGB,105,42,1566,False,1,,2.5,0.00441,2.840816326530612
xhaFelwo.png,lampung,train,PNG,RGB,121,43,1523,False,1,,2.813953488372093,0.005203,2.341725927349606
ns70wY86.png,jawa,train,PNG,RGB,438,93,4314,False,1,,4.709677419354839,0.040734,0.8472529091176904
CGBrUkff.png,pegon,train,PNG,RGB,156,127,2933,False,1,,1.2283464566929134,0.019812,1.1843327276398143
4DT4yDiz.png,jawi,train,PNG,RGB,651,54,4765,False,1,,12.055555555555555,0.035154,1.0843716220060307
cM6x8sr0.png,jawa,train,PNG,RGB,993,87,8352,False,1,,11.413793103448276,0.086391,0.7734138972809668
zBuMPvSO.jpg,pegon,train,JPEG,RGB,300,225,16853,False,1,"(72, 72)",1.3333333333333333,0.0675,1.9973925925925926
G3idkeXi.png,sunda,train,PNG,RGB,144,63,1199,False,1,,2.2857142857142856,0.009072,1.0573192239858906
7jzKCt3u.png,bali,train,PNG,RGB,1343,70,9394,False,1,,19.185714285714287,0.09401,0.7994043186895011
dWZoWlr6.png,jawi,train,PNG,RGB,799,76,6683,False,1,,10.513157894736842,0.060724,0.8804426585863909
0yrRzznr.png,lampung,train,PNG,RGB,164,78,1271,False,1,,2.1025641025641026,0.012792,0.7948717948717948
RRw3rIar.png,jawi,train,PNG,RGB,374,62,3103,False,1,,6.032258064516129,0.023188,1.070553734690357
vmKyrebs.png,pegon,train,PNG,RGB,74,60,837,False,1,,1.2333333333333334,0.00444,1.508108108108108
xtQ6Whrv.png,pegon,train,PNG,RGB,890,74,8638,False,1,,12.027027027027026,0.06586,1.0492559975706044
h0stjJad.png,jawi,train,PNG,RGB,139,79,1287,False,1,,1.759493670886076,0.010981,0.9376195246334578
NBrSCBP4.png,lontara,train,PNG,RGB,778,46,3985,False,1,,16.91304347826087,0.035788,0.890801385939421
HTEj5HZX.png,lampung,train,PNG,RGB,113,51,1364,False,1,,2.215686274509804,0.005763,1.8934582682630574
OowsNhfe.png,jawi,train,PNG,RGB,524,57,3986,False,1,,9.192982456140351,0.029868,1.0676309093344047
19QcPWu7.png,pegon,train,PNG,RGB,141,132,2303,False,1,,1.0681818181818181,0.018612,0.98989898989899
EDVlXN07.png,jawa,train,PNG,RGB,551,65,8557,False,1,,8.476923076923077,0.035815,1.9113779142817255
jIS5kZuK.png,jawi,train,PNG,RGB,303,56,1626,False,1,,5.410714285714286,0.016968,0.7666195190947667
zRCncChp.png,sunda,train,PNG,RGB,762,85,4076,False,1,,8.964705882352941,0.06477,0.5034429519839432
bhu1tYdU.png,lampung,train,PNG,RGB,567,48,2496,False,1,,11.8125,0.027216,0.7336860670194003
GstOwJqY.png,lampung,train,PNG,RGB,96,38,1214,False,1,,2.526315789473684,0.003648,2.662280701754386
5s7tp5tB.png,lontara,train,PNG,RGB,937,48,4136,False,1,,19.520833333333332,0.044976,0.7356812522234081
Ln2QRnMi.png,jawa,train,PNG,RGB,774,76,6099,False,1,,10.18421052631579,0.058824,0.8294573643410853
QLqHeQdT.png,bali,train,PNG,RGB,1402,74,10078,False,1,,18.945945945945947,0.103748,0.7771137756872422
y3XQDMZv.jpg,sunda,train,JPEG,RGB,960,1200,113029,False,1,,0.8,1.152,0.7849236111111111
IQlmOYcA.png,bali,train,PNG,RGB,209,67,1791,False,1,,3.1194029850746268,0.014003,1.0232093122902235
HrgEozJY.png,lampung,train,PNG,RGB,375,243,131510,False,1,"(72.009, 72.009)",1.5432098765432098,0.091125,11.545459533607682
F10uF6Co.png,jawi,train,PNG,RGB,14,19,212,False,1,,0.7368421052631579,0.000266,6.37593984962406
ssaRhf3L.png,sunda,train,PNG,RGB,136,63,1195,False,1,,2.1587301587301586,0.008568,1.11577964519141
OPXC9kMl.png,lontara,train,PNG,RGB,942,52,3924,False,1,,18.115384615384617,0.048984,0.6408623223909848
bJ67yc1f.png,jawi,train,PNG,RGB,812,78,6992,False,1,,10.41025641025641,0.063336,0.8831628141972969
LnPrhTAZ.png,jawa,train,PNG,RGB,926,82,11207,False,1,,11.292682926829269,0.075932,1.1807406626982035
VZO71h9x.png,bali,train,PNG,RGB,262,78,2805,False,1,,3.358974358974359,0.020436,1.098062243100411
hRg2qwvr.png,pegon,train,PNG,RGB,140,140,3228,False,1,,1.0,0.0196,1.3175510204081633
TGQ7mHxT.png,bali,train,PNG,RGB,235,70,2421,False,1,,3.357142857142857,0.01645,1.177386018237082
pZxR2XMH.png,jawi,train,PNG,RGB,289,40,1559,False,1,,7.225,0.01156,1.078892733564014
Jm77pTKe.jpg,jawa,train,JPEG,RGB,650,412,28312,False,1,,1.5776699029126213,0.2678,0.845765496639283
afHczR2W.png,sunda,train,PNG,RGB,186,43,1139,False,1,,4.325581395348837,0.007998,1.1392848212053013
AGklOEmZ.png,jawa,train,PNG,RGB,888,84,7232,False,1,,10.571428571428571,0.074592,0.7756327756327757
0tfJxB1a.png,lampung,train,PNG,RGB,135,29,1925,False,1,,4.655172413793103,0.003915,3.9335887611749683
0wy1wNHA.png,lampung,train,PNG,RGB,232,93,1454,False,1,,2.4946236559139785,0.021576,0.5391175380051909
lMUp3E7m.png,lampung,train,PNG,RGB,901,55,3427,False,1,,16.381818181818183,0.049555,0.5532438704469781
R2GXP3Pu.png,jawa,train,PNG,RGB,574,58,64824,False,1,,9.89655172413793,0.033292,15.577075573711403
oJ455hvM.png,bali,train,PNG,RGB,205,78,2106,False,1,,2.628205128205128,0.01599,1.053658536585366
YIJmH1np.png,jawa,train,PNG,RGB,667,120,24232,False,1,,5.558333333333334,0.08004,2.4219890054972515
sOL5z0Ty.png,sunda,train,PNG,RGB,289,47,1802,False,1,,6.148936170212766,0.013583,1.0613266583229037
pNOkdJT3.png,lontara,train,PNG,RGB,920,45,3696,False,1,,20.444444444444443,0.0414,0.7142028985507246
RPjhIvRd.png,lampung,train,PNG,RGB,139,43,1648,False,1,,3.2325581395348837,0.005977,2.205788857286264
XvUUuTIf.png,bali,train,PNG,RGB,1426,68,9681,False,1,,20.970588235294116,0.096968,0.7986964771883508
4BuYYd9i.png,jawa,train,PNG,RGB,617,65,69508,False,1,,9.492307692307692,0.040105,13.865203839920209
JFkmuSPK.png,bali,train,PNG,RGB,1373,56,9255,False,1,,24.517857142857142,0.076888,0.9629591093538654
ZGCPT31t.png,lontara,train,PNG,RGB,491,52,2147,False,1,,9.442307692307692,0.025532,0.6727244242519191
Yy7R5voO.png,sunda,train,PNG,RGB,44,54,369,False,1,,0.8148148148148148,0.002376,1.2424242424242424
qir2Iqgs.png,jawa,train,PNG,RGB,335,55,37715,False,1,,6.090909090909091,0.018425,16.375576662143825
gJeXo3I5.png,lontara,train,PNG,RGB,638,53,3088,False,1,,12.037735849056604,0.033814,0.7305849648074761
J3uxBvVe.png,sunda,train,PNG,RGB,110,55,935,False,1,,2.0,0.00605,1.2363636363636363
taMMuUIx.png,lampung,train,PNG,RGB,139,42,2042,False,1,,3.3095238095238093,0.005838,2.7982185680027407
gYMNzfMo.png,jawa,train,PNG,RGB,467,49,44435,False,1,,9.53061224489796,0.022883,15.534676397325525
xetlJ61H.png,lampung,train,PNG,RGB,139,47,2050,False,1,,2.9574468085106385,0.006533,2.5103321598040718
IKWbnGgJ.png,jawa,train,PNG,RGB,667,64,116579,False,1,,10.421875,0.042688,21.84763868065967
SkRildHW.png,jawa,train,PNG,RGB,958,75,7505,False,1,,12.773333333333333,0.07185,0.8356297842727906
oqkddZCi.png,jawa,train,PNG,RGB,928,77,7383,False,1,,12.051948051948052,0.071456,0.8265785938199731
RLNrUopx.png,sunda,train,PNG,RGB,301,43,1804,False,1,,7.0,0.012943,1.1150428803214092
vJaL3ISU.png,sunda,train,PNG,RGB,63,39,523,False,1,,1.6153846153846154,0.002457,1.702889702889703
L5ew6cf9.jpg,pegon,train,JPEG,RGB,1200,948,90263,False,1,,1.2658227848101267,1.1376,0.634760900140647
mDJIHdCv.png,bali,train,PNG,RGB,301,59,2192,False,1,,5.101694915254237,0.017759,0.987442986654654
n0tHVInl.png,pegon,train,PNG,RGB,75,71,653,False,1,,1.056338028169014,0.005325,0.9810328638497653
NVwmEwMO.png,lampung,train,PNG,RGB,185,62,1447,False,1,,2.9838709677419355,0.01147,1.0092414995640802
MOjCWfLE.png,bali,train,PNG,RGB,143,51,1301,False,1,,2.803921568627451,0.007293,1.427121897710133
7JRMQWBP.png,jawa,train,PNG,RGB,920,63,7874,False,1,,14.603174603174603,0.05796,1.0868184955141478
Ve8qLRWH.png,jawi,train,PNG,RGB,157,75,1316,False,1,,2.0933333333333333,0.011775,0.8940976645435245
hTRcU7KL.png,lontara,train,PNG,RGB,940,55,4270,False,1,,17.09090909090909,0.0517,0.6607350096711799
FoQ1SzDc.png,lampung,train,PNG,RGB,890,55,3407,False,1,,16.181818181818183,0.04895,0.5568130745658836
I0u2MD7s.png,pegon,train,PNG,RGB,179,172,5012,False,1,,1.0406976744186047,0.030788,1.302325581395349
cbBRxFl5.png,lontara,train,PNG,RGB,939,54,3872,False,1,,17.38888888888889,0.050706,0.6108941742594565
bnmNrxH6.png,jawa,train,PNG,RGB,889,89,7908,False,1,,9.98876404494382,0.079121,0.7995854450777923
XE1yQhgw.webp,sunda,train,WEBP,RGB,2048,1152,138312,False,1,,1.7777777777777777,2.359296,0.468994140625
PIFFpjeF.png,sunda,train,PNG,RGB,64,42,579,False,1,,1.5238095238095237,0.002688,1.7232142857142858
FbkL6zeW.png,jawi,train,PNG,RGB,561,64,3130,False,1,,8.765625,0.035904,0.6974153297682709
hCeHsO0X.png,lampung,train,PNG,RGB,144,36,1974,False,1,,4.0,0.005184,3.0462962962962963
cSWRFRxB.png,jawa,train,PNG,RGB,899,72,6524,False,1,,12.48611111111111,0.064728,0.8063280187863058
dGE8N3Cx.png,lampung,train,PNG,RGB,142,41,1916,False,1,,3.4634146341463414,0.005822,2.6327722432153897
4iwimPuq.png,bali,train,PNG,RGB,208,82,2208,False,1,,2.5365853658536586,0.017056,1.0356472795497185
uMCxq53Z.png,lampung,train,PNG,RGB,158,81,1079,False,1,,1.9506172839506173,0.012798,0.6744803875605563
ajhbUFb1.png,jawi,train,PNG,RGB,505,49,3211,False,1,,10.306122448979592,0.024745,1.0381087088300667
uIB2VqCb.png,lampung,train,PNG,RGB,99,38,1244,False,1,,2.6052631578947367,0.003762,2.6454013822434876
EzWw7doT.png,sunda,train,PNG,RGB,319,43,1793,False,1,,7.4186046511627906,0.013717,1.045709703287891
PdPkWWHH.png,jawi,train,PNG,RGB,53,36,399,False,1,,1.4722222222222223,0.001908,1.6729559748427674
4Rrltc8X.png,lampung,train,PNG,RGB,127,35,1490,False,1,,3.6285714285714286,0.004445,2.6816647919010124
K88CO7Tb.png,sunda,train,PNG,RGB,64,60,606,False,1,,1.0666666666666667,0.00384,1.2625
cR3O0tPt.png,lontara,train,PNG,RGB,946,80,5009,False,1,,11.825,0.07568,0.529492600422833
S1ZzFAvu.png,lampung,train,PNG,RGB,251,92,1956,False,1,,2.7282608695652173,0.023092,0.6776372769790404
V4henON5.png,jawa,train,PNG,RGB,673,84,12004,False,1,,8.011904761904763,0.056532,1.698719309417675
T4CwXbxe.jpg,bali,train,JPEG,RGB,870,286,45850,False,1,"(96, 96)",3.041958041958042,0.24882,1.4741580258821638
EejC1Gpc.png,lontara,train,PNG,RGB,978,60,4448,False,1,,16.3,0.05868,0.6064076346284936
LHzILCt5.png,jawi,train,PNG,RGB,798,74,8247,False,1,,10.783783783783784,0.059052,1.1172525909368014
SYQyPFMm.png,lampung,train,PNG,RGB,147,36,1951,False,1,,4.083333333333333,0.005292,2.949357520786092
FXEiRhg0.png,bali,train,PNG,RGB,90,62,887,False,1,,1.4516129032258065,0.00558,1.27168458781362
0Zb29GIM.png,jawa,train,PNG,RGB,506,89,14773,False,1,,5.685393258426966,0.045034,2.6243282852955545
WhDJigwu.png,jawi,train,PNG,RGB,29,32,293,False,1,,0.90625,0.000928,2.5258620689655173
pYoucazY.png,bali,train,PNG,RGB,1395,63,10453,False,1,,22.142857142857142,0.087885,0.951516185924788
DjkVpXOe.png,lampung,train,PNG,RGB,745,49,2755,False,1,,15.204081632653061,0.036505,0.6037529105601972
j4Ob2WUG.png,jawa,train,PNG,RGB,522,60,57517,False,1,,8.7,0.03132,14.691443167305236
iZnqgWWc.png,jawa,train,PNG,RGB,633,88,19058,False,1,,7.193181818181818,0.055704,2.73703863277323
Nj8BpDDz.png,sunda,train,PNG,RGB,118,60,1058,False,1,,1.9666666666666666,0.00708,1.1954802259887005
WAMz5qlK.png,sunda,train,PNG,RGB,127,47,896,False,1,,2.702127659574468,0.005969,1.2008711676997823
vZ3FHr4C.png,jawa,train,PNG,RGB,581,89,7697,False,1,,6.52808988764045,0.051709,1.190817846022936
x7pzCUYv.png,pegon,train,PNG,RGB,862,72,8962,False,1,,11.972222222222221,0.062064,1.1551946377932456
adTHtUHd.png,lontara,train,PNG,RGB,889,44,3732,False,1,,20.204545454545453,0.039116,0.763268227835157
Pn086937.png,lampung,train,PNG,RGB,127,36,1692,False,1,,3.5277777777777777,0.004572,2.9606299212598426
7RxzqF7t.png,jawi,train,PNG,RGB,794,92,7398,False,1,,8.630434782608695,0.073048,0.8102069871865075
HEAYE6QE.png,sunda,train,PNG,RGB,801,73,4421,False,1,,10.972602739726028,0.058473,0.6048603629025362
6shJrnnF.png,jawa,train,PNG,RGB,942,73,6360,False,1,,12.904109589041095,0.068766,0.7399005322397697
Bwt9E0hk.png,jawi,train,PNG,RGB,787,69,6130,False,1,,11.405797101449275,0.054303,0.9030808610942305
PKjyMLm7.png,lontara,train,PNG,RGB,936,65,4233,False,1,,14.4,0.06084,0.5566074950690335
6nPmixt0.png,sunda,train,PNG,RGB,222,39,1346,False,1,,5.6923076923076925,0.008658,1.2437052437052436
I0LX9AHT.png,lampung,train,PNG,RGB,265,82,1838,False,1,,3.231707317073171,0.02173,0.6766682006442706
47bEsIKj.png,jawa,train,PNG,RGB,460,68,58017,False,1,,6.764705882352941,0.03128,14.838107416879796
HgqF6Pqp.png,lontara,train,PNG,RGB,867,60,5060,False,1,,14.45,0.05202,0.778162245290273
FDEwreEi.png,lampung,train,PNG,RGB,117,37,1434,False,1,,3.1621621621621623,0.004329,2.65003465003465
lwCYaowC.png,pegon,train,PNG,RGB,399,85,4591,False,1,,4.694117647058824,0.033915,1.0829426507445084
qyPXddz2.jpg,pegon,train,JPEG,RGB,800,800,144426,False,1,"(72.0, 72.0)",1.0,0.64,1.805325
TAAqV9K9.png,jawa,train,PNG,RGB,976,92,21094,False,1,,10.608695652173912,0.089792,1.8793656450463292
nwF2uotn.png,sunda,train,PNG,RGB,56,43,544,False,1,,1.302325581395349,0.002408,1.8073089700996678
2BEyDibF.png,pegon,train,PNG,RGB,138,128,3098,False,1,,1.078125,0.017664,1.4030797101449275
O1vH5YwI.png,jawa,train,PNG,RGB,609,112,20566,False,1,,5.4375,0.068208,2.412151067323481
jNOLmgQL.png,jawa,train,PNG,RGB,654,56,97303,False,1,,11.678571428571429,0.036624,21.254477937964175
dwal2hSL.png,lontara,train,PNG,RGB,938,49,4178,False,1,,19.142857142857142,0.045962,0.7272094338801619
6BNeWMqa.png,jawi,train,PNG,RGB,812,87,7367,False,1,,9.333333333333334,0.070644,0.8342675952664063
0og3oXGS.png,jawi,train,PNG,RGB,816,88,7720,False,1,,9.272727272727273,0.071808,0.8600713012477719
WtLnNJFk.png,sunda,train,PNG,RGB,77,61,729,False,1,,1.2622950819672132,0.004697,1.24164360229934
9H7mzKdA.png,bali,train,PNG,RGB,1375,64,9576,False,1,,21.484375,0.088,0.8705454545454545
x4VTS4EG.png,pegon,train,PNG,RGB,130,124,2085,False,1,,1.0483870967741935,0.01612,1.034739454094293
yb86tnoe.png,jawi,train,PNG,RGB,164,88,1335,False,1,,1.8636363636363635,0.014432,0.7400221729490022
QbfRXOMt.png,bali,train,PNG,RGB,1384,76,10671,False,1,,18.210526315789473,0.105184,0.8116063279586249
u0s5BGpz.png,bali,train,PNG,RGB,1408,61,9394,False,1,,23.081967213114755,0.085888,0.875
ZeasGJyj.png,pegon,train,PNG,RGB,147,126,3035,False,1,,1.1666666666666667,0.018522,1.310873555771515
256krqfp.png,sunda,train,PNG,RGB,40,35,320,False,1,,1.1428571428571428,0.0014,1.8285714285714285
6KSo7Gog.png,jawi,train,PNG,RGB,802,98,10698,False,1,,8.183673469387756,0.078596,1.0889103771184285
WTnuiFai.png,bali,train,PNG,RGB,132,59,685,False,1,,2.23728813559322,0.007788,0.7036466358500256
EK2HtJoO.png,lampung,train,PNG,RGB,172,77,1413,False,1,,2.2337662337662336,0.013244,0.853518574448807
qFKpeT4W.png,sunda,train,PNG,RGB,138,56,1069,False,1,,2.4642857142857144,0.007728,1.1066252587991718
U0VZtyQG.png,pegon,train,PNG,RGB,43,50,621,False,1,,0.86,0.00215,2.3106976744186047
50t210oB.png,sunda,train,PNG,RGB,723,69,4057,False,1,,10.478260869565217,0.049887,0.6505903341551907
IZOvkFnb.png,jawi,train,PNG,RGB,51,49,443,False,1,,1.0408163265306123,0.002499,1.4181672669067626
z1Bh05Xj.png,sunda,train,PNG,RGB,792,69,4973,False,1,,11.478260869565217,0.054648,0.7280046845264236
HQdqHenE.png,jawa,train,PNG,RGB,769,84,6581,False,1,,9.154761904761905,0.064596,0.8150349866864821
BH4GQEXv.png,sunda,train,PNG,RGB,55,56,400,False,1,,0.9821428571428571,0.00308,1.0389610389610389
6k0z1nYo.png,jawi,train,PNG,RGB,49,45,372,False,1,,1.0888888888888888,0.002205,1.3496598639455781
AjwosTfp.png,pegon,train,PNG,RGB,625,905,737736,False,1,,0.6906077348066298,0.565625,10.434277127071823
sTF5JF4F.png,jawa,train,PNG,RGB,992,93,9366,False,1,,10.666666666666666,0.092256,0.8121748178980229
jgTWj9Ty.png,jawi,train,PNG,RGB,843,81,4774,False,1,,10.407407407407407,0.068283,0.5593193034869587
Es5vv048.png,lampung,train,PNG,RGB,89,43,1127,False,1,,2.0697674418604652,0.003827,2.355892343872485
cE2bXLyt.png,pegon,train,PNG,RGB,819,60,7499,False,1,,13.65,0.04914,1.2208384208384209
946vQ9LQ.png,jawi,train,PNG,RGB,279,71,1646,False,1,,3.9295774647887325,0.019809,0.664748346711091
Zg8oA7E0.png,sunda,train,PNG,RGB,41,44,386,False,1,,0.9318181818181818,0.001804,1.711751662971175
esnjGQul.png,lampung,train,PNG,RGB,594,56,2488,False,1,,10.607142857142858,0.033264,0.5983645983645983
S2FxkwQy.png,sunda,train,PNG,RGB,81,54,767,False,1,,1.5,0.004374,1.4028349336991313
RY9pKXN7.jpg,bali,train,JPEG,RGB,500,300,65593,False,1,,1.6666666666666667,0.15,3.4982933333333333
pQD7Qj8N.png,bali,train,PNG,RGB,158,51,1139,False,1,,3.0980392156862746,0.008058,1.130801687763713
kne37dqn.jpg,jawa,train,JPEG,RGB,1280,720,128495,False,1,,1.7777777777777777,0.9216,1.115407986111111
LGE9zS04.png,jawi,train,PNG,RGB,805,84,9066,False,1,,9.583333333333334,0.06762,1.0725820763087843
ExPEyQWf.png,pegon,train,PNG,RGB,851,53,6823,False,1,,16.056603773584907,0.045103,1.210207746713079
Sfo6dZpC.png,lontara,train,PNG,RGB,796,38,3179,False,1,,20.94736842105263,0.030248,0.840782861676805
gF7KzaLt.png,pegon,train,PNG,RGB,139,123,3001,False,1,,1.1300813008130082,0.017097,1.4042229630929404
glUdQABh.png,pegon,train,PNG,RGB,155,153,4324,False,1,,1.0130718954248366,0.023715,1.4586548597933797
b9hk8Iir.png,jawi,train,PNG,RGB,410,53,3001,False,1,,7.735849056603773,0.02173,1.10483202945237
eg2cftsm.png,jawi,train,PNG,RGB,35,33,249,False,1,,1.0606060606060606,0.001155,1.7246753246753246
2cxCSqBA.png,lampung,train,PNG,RGB,131,37,1545,False,1,,3.5405405405405403,0.004847,2.550030946977512
VeKZboCk.png,lampung,train,PNG,RGB,107,48,1676,False,1,,2.2291666666666665,0.005136,2.6105919003115265
qXTvUDpp.png,jawa,train,PNG,RGB,806,61,5451,False,1,,13.21311475409836,0.049166,0.8869543993816865
rlAo2Dbn.png,sunda,train,PNG,RGB,755,79,4494,False,1,,9.556962025316455,0.059645,0.6027663676754128
iT8p6V9g.png,bali,train,PNG,RGB,99,46,801,False,1,,2.152173913043478,0.004554,1.407114624505929
rwhBNoli.png,jawi,train,PNG,RGB,175,51,941,False,1,,3.4313725490196076,0.008925,0.8434733893557423
j8Ca2MNo.png,bali,train,PNG,RGB,212,61,1798,False,1,,3.4754098360655736,0.012932,1.1122796164553046
gekcXoV6.png,jawi,train,PNG,RGB,400,62,1887,False,1,,6.451612903225806,0.0248,0.6087096774193549
lBQfj5Tg.png,jawi,train,PNG,RGB,60,51,468,False,1,,1.1764705882352942,0.00306,1.223529411764706
OHeT6bhg.png,sunda,train,PNG,RGB,571,46,3281,False,1,,12.41304347826087,0.026266,0.9993147034188685
8LgQHBWJ.png,sunda,train,PNG,RGB,69,37,628,False,1,,1.864864864864865,0.002553,1.9678809244026636
E1sMhlU6.png,jawa,train,PNG,RGB,916,76,18277,False,1,,12.052631578947368,0.069616,2.1003217651114685
0adtYzoP.png,lampung,train,PNG,RGB,152,40,2159,False,1,,3.8,0.00608,2.8407894736842105
z0U5RS9E.png,sunda,train,PNG,RGB,820,67,4476,False,1,,12.238805970149254,0.05494,0.6517655624317438
c0yCauCn.png,bali,train,PNG,RGB,1552,71,11124,False,1,,21.859154929577464,0.110192,0.8076085378248875
pZ4jPKQt.png,jawi,train,PNG,RGB,82,63,751,False,1,,1.3015873015873016,0.005166,1.1629887727448702
wVSJnIqQ.png,sunda,train,PNG,RGB,235,40,1461,False,1,,5.875,0.0094,1.2434042553191489
TqM6sElv.png,jawi,train,PNG,RGB,301,58,1459,False,1,,5.189655172413793,0.017458,0.6685760109978234
EbCet6oh.png,jawi,train,PNG,RGB,81,49,513,False,1,,1.653061224489796,0.003969,1.034013605442177
YexLSh1S.png,sunda,train,PNG,RGB,124,58,1069,False,1,,2.1379310344827585,0.007192,1.189098998887653
zFmjFJQ6.png,sunda,train,PNG,RGB,71,47,621,False,1,,1.5106382978723405,0.003337,1.4887623614024572
ROJHaGXX.png,jawi,train,PNG,RGB,874,60,4973,False,1,,14.566666666666666,0.05244,0.7586575133485889
8A3ZrtYF.png,jawa,train,PNG,RGB,326,74,2764,False,1,,4.405405405405405,0.024124,0.9165975791742663
G87c0lVn.png,jawi,train,PNG,RGB,849,68,5014,False,1,,12.485294117647058,0.057732,0.6947966465738239
w2RraQPy.jpg,pegon,train,JPEG,RGB,300,225,17370,False,1,"(72, 72)",1.3333333333333333,0.0675,2.058666666666667
KgLrlvQi.png,lampung,train,PNG,RGB,147,72,1231,False,1,,2.0416666666666665,0.010584,0.9304610733182161
aBB1Z8RF.png,bali,train,PNG,RGB,1416,71,11779,False,1,,19.943661971830984,0.100536,0.9372960929418318
sutQHxh9.png,lontara,train,PNG,RGB,992,52,4901,False,1,,19.076923076923077,0.051584,0.7600806451612904
InRjyE6O.png,jawi,train,PNG,RGB,831,46,4811,False,1,,18.065217391304348,0.038226,1.006853973735154
inLrY10b.png,jawi,train,PNG,RGB,793,88,7444,False,1,,9.011363636363637,0.069784,0.8533761320646567
GgFGc8Sz.png,sunda,train,PNG,RGB,169,140,2364,False,1,,1.207142857142857,0.02366,0.799323753169907
tGpvOFlV.png,jawa,train,PNG,RGB,393,58,43774,False,1,,6.775862068965517,0.022794,15.363341230148285
228yIFIE.png,bali,train,PNG,RGB,1040,66,7786,False,1,,15.757575757575758,0.06864,0.9074592074592075
iCpyVmY9.png,pegon,train,PNG,RGB,85,59,507,False,1,,1.4406779661016949,0.005015,0.8087736789631107
RHf49ZhD.png,jawi,train,PNG,RGB,381,53,1724,False,1,,7.188679245283019,0.020193,0.6830089635022037
tl3IX4js.png,jawa,train,PNG,RGB,605,77,5958,False,1,,7.857142857142857,0.046585,1.0231619620049373
ivUufIe8.png,bali,train,PNG,RGB,1414,56,9557,False,1,,25.25,0.079184,0.9655485956758941
7RhX687E.png,pegon,train,PNG,RGB,900,75,9165,False,1,,12.0,0.0675,1.0862222222222222
96QJ34En.png,jawa,train,PNG,RGB,461,85,3831,False,1,,5.423529411764706,0.039185,0.7821360214367743
q5bf1EMd.png,sunda,train,PNG,RGB,757,92,4080,False,1,,8.228260869565217,0.069644,0.46866923209465283
MwYzMNCH.png,lontara,train,PNG,RGB,833,51,4472,False,1,,16.333333333333332,0.042483,0.8421250853282489
SF44HsU7.png,pegon,train,PNG,RGB,115,97,1618,False,1,,1.1855670103092784,0.011155,1.1603765127745405
VK4f1P3r.png,lampung,train,PNG,RGB,108,49,1873,False,1,,2.204081632653061,0.005292,2.8314436885865457
EZ8UgovW.png,lampung,train,PNG,RGB,190,68,1216,False,1,,2.7941176470588234,0.01292,0.7529411764705882
jKrkTGqt.png,lampung,train,PNG,RGB,128,31,1621,False,1,,4.129032258064516,0.003968,3.2681451612903225
52JFCtsx.png,jawa,train,PNG,RGB,909,66,15603,False,1,,13.772727272727273,0.059994,2.0806080608060804
M3kHpfc3.png,sunda,train,PNG,RGB,752,88,4298,False,1,,8.545454545454545,0.066176,0.5195841392649904
8MjE9LQ5.png,lontara,train,PNG,RGB,875,62,4434,False,1,,14.112903225806452,0.05425,0.6538617511520737
QQi5Tfng.png,jawa,train,PNG,RGB,576,65,69526,False,1,,8.861538461538462,0.03744,14.855982905982906
X97SgL7K.png,sunda,train,PNG,RGB,147,42,899,False,1,,3.5,0.006174,1.1648850016196954
85lb3nur.png,jawi,train,PNG,RGB,526,70,4187,False,1,,7.514285714285714,0.03682,0.9097229766431287
S7QW6kSt.png,bali,train,PNG,RGB,404,81,3472,False,1,,4.987654320987654,0.032724,0.8487959907101821
W5Zgl7D7.png,lampung,train,PNG,RGB,112,41,1234,False,1,,2.731707317073171,0.004592,2.1498257839721253
3AK8Uu5E.png,bali,train,PNG,RGB,1375,61,9970,False,1,,22.540983606557376,0.083875,0.9509388971684054
GqIaLzPa.png,jawa,train,PNG,RGB,640,74,10573,False,1,,8.64864864864865,0.04736,1.7859797297297297
AT2ggO6N.png,jawa,train,PNG,RGB,926,74,6696,False,1,,12.513513513513514,0.068524,0.7817407039869243
zEKfb4Px.png,jawa,train,PNG,RGB,660,71,5314,False,1,,9.295774647887324,0.04686,0.9072129748186086
cWXhhLTH.png,jawi,train,PNG,RGB,945,58,5216,False,1,,16.29310344827586,0.05481,0.7613209268381682
d1TnxtrQ.png,sunda,train,PNG,RGB,799,91,4974,False,1,,8.780219780219781,0.072709,0.5472775034727475
eRhBRVGT.png,lampung,train,PNG,RGB,291,80,2373,False,1,,3.6375,0.02328,0.8154639175257732
E3CdR6fQ.png,pegon,train,PNG,RGB,147,145,3386,False,1,,1.013793103448276,0.021315,1.2708421299554304
jut5gxjK.png,jawi,train,PNG,RGB,382,62,1918,False,1,,6.161290322580645,0.023684,0.6478635365647695
80IMmLOI.png,bali,train,PNG,RGB,71,61,539,False,1,,1.1639344262295082,0.004331,0.9956130223966752
AZSBFxTH.png,lampung,train,PNG,RGB,82,38,1214,False,1,,2.1578947368421053,0.003116,3.1168164313222078
CMhKnPqc.png,sunda,train,PNG,RGB,654,76,3997,False,1,,8.605263157894736,0.049704,0.6433285047481088
TlENSHA8.png,sunda,train,PNG,RGB,65,46,566,False,1,,1.4130434782608696,0.00299,1.51438127090301
tTKbehgk.png,bali,train,PNG,RGB,1361,69,9864,False,1,,19.72463768115942,0.093909,0.8403028463725521
6W4aU5Cg.png,sunda,train,PNG,RGB,282,43,1693,False,1,,6.558139534883721,0.012126,1.1169388091703778
W430EtBO.png,lampung,train,PNG,RGB,152,42,2436,False,1,,3.619047619047619,0.006384,3.0526315789473686
LkJkjz8X.png,lampung,train,PNG,RGB,884,39,3407,False,1,,22.666666666666668,0.034476,0.790578953474881
9rK6DI1d.png,jawa,train,PNG,RGB,881,66,6276,False,1,,13.348484848484848,0.058146,0.8634815808482097
FLLI9khJ.jpg,jawi,train,JPEG,RGB,300,187,45072,False,1,,1.6042780748663101,0.0561,6.427379679144385
zzcUZhKM.png,jawa,train,PNG,RGB,392,75,56659,False,1,,5.226666666666667,0.0294,15.417414965986394
3cJKzTvd.png,sunda,train,PNG,RGB,151,54,1241,False,1,,2.7962962962962963,0.008154,1.2175619327937208
JtsHS4lO.png,jawi,train,PNG,RGB,536,69,4784,False,1,,7.768115942028985,0.036984,1.0348258706467661
YZEJQ1iA.png,jawa,train,PNG,RGB,434,72,59462,False,1,,6.027777777777778,0.031248,15.223246287762416
ynf0ei56.png,jawa,train,PNG,RGB,408,46,35715,False,1,,8.869565217391305,0.018768,15.22378516624041
ogPEoW0X.jpg,sunda,train,JPEG,RGB,800,400,91041,False,1,"(96, 96)",2.0,0.32,2.276025
nTiwCHmF.png,pegon,train,PNG,RGB,146,140,2960,False,1,,1.042857142857143,0.02044,1.1585127201565557
6NC0vexR.png,jawi,train,PNG,RGB,132,31,855,False,1,,4.258064516129032,0.004092,1.6715542521994136
59tMM4UE.png,lontara,train,PNG,RGB,747,53,3915,False,1,,14.09433962264151,0.039591,0.7910888838372357
ATAmVTbp.png,jawi,train,PNG,RGB,799,75,7002,False,1,,10.653333333333334,0.059925,0.9347684605757196
HEcsD6AX.png,bali,train,PNG,RGB,5000,1705,139848,False,1,,2.932551319648094,8.525,0.13123565982404692
0X1noIHO.png,lontara,train,PNG,RGB,931,49,4588,False,1,,19.0,0.045619,0.8045770402683092
5KGin5ao.png,pegon,train,PNG,RGB,820,104,10985,False,1,,7.884615384615385,0.08528,1.0304878048780488
LqxphThX.png,jawi,train,PNG,RGB,467,75,2657,False,1,,6.226666666666667,0.035025,0.6068807994289793
8W7ONxAA.png,jawa,train,PNG,RGB,944,81,7355,False,1,,11.654320987654321,0.076464,0.7695124503034108
uKebVgpd.png,jawa,train,PNG,RGB,891,56,6174,False,1,,15.910714285714286,0.049896,0.98989898989899
9ZlgBAKg.png,jawi,train,PNG,RGB,87,32,588,False,1,,2.71875,0.002784,1.6896551724137931
zasgaCVk.jpg,pegon,train,JPEG,RGB,1320,990,368179,False,1,"(72, 72)",1.3333333333333333,1.3068,2.2539271502907865
vvDlbkMj.png,jawi,train,PNG,RGB,243,67,1529,False,1,,3.626865671641791,0.016281,0.751305202383146
1GrWUSqh.png,sunda,train,PNG,RGB,785,69,5161,False,1,,11.376811594202898,0.054165,0.7622634542601311
IZwQ8PFs.png,sunda,train,PNG,RGB,39,35,352,False,1,,1.1142857142857143,0.001365,2.0630036630036632
TBPe62pw.png,jawa,train,PNG,RGB,883,72,7151,False,1,,12.26388888888889,0.063576,0.8998364162577073
lMYeOBxo.png,bali,train,PNG,RGB,1432,54,9940,False,1,,26.51851851851852,0.077328,1.0283467825367267
zfCKqwfY.png,lontara,train,PNG,RGB,804,50,4041,False,1,,16.08,0.0402,0.804179104477612
HAcO5Bc2.png,jawa,train,PNG,RGB,1005,90,8465,False,1,,11.166666666666666,0.09045,0.7487009397457158
fQ8cDVLW.png,jawa,train,PNG,RGB,963,79,6917,False,1,,12.189873417721518,0.076077,0.7273683241978521
JyRhOG7t.png,sunda,train,PNG,RGB,124,54,1001,False,1,,2.2962962962962963,0.006696,1.1959378733572281
cGKjvPmI.png,jawa,train,PNG,RGB,436,52,2677,False,1,,8.384615384615385,0.022672,0.9446012702893437
onriYlId.png,jawa,train,PNG,RGB,114,81,1384,False,1,,1.4074074074074074,0.009234,1.199047000216591
hiCuBuAe.png,jawa,train,PNG,RGB,902,70,15977,False,1,,12.885714285714286,0.06314,2.0243268926195754
8U4Q12tu.png,lampung,train,PNG,RGB,144,36,1528,False,1,,4.0,0.005184,2.3580246913580245
mSezCFIE.png,lontara,train,PNG,RGB,939,81,5289,False,1,,11.592592592592593,0.076059,0.5563049737703625
AC7u1TO8.png,jawi,train,PNG,RGB,20,17,220,False,1,,1.1764705882352942,0.00034,5.176470588235294
LvBqIqFv.png,lampung,train,PNG,RGB,139,31,1717,False,1,,4.483870967741935,0.004309,3.187746576932003
PzwFtO0w.png,jawi,train,PNG,RGB,949,62,5196,False,1,,15.306451612903226,0.058838,0.7064822053774772
3N5as1d8.png,lontara,train,PNG,RGB,848,56,4509,False,1,,15.142857142857142,0.047488,0.7596024258760108
d0ssbEN9.png,jawa,train,PNG,RGB,677,69,126822,False,1,,9.81159420289855,0.046713,21.719350073855242
OxS7fXK2.png,jawa,train,PNG,RGB,927,93,8412,False,1,,9.96774193548387,0.086211,0.7805964436092842
DfJiDkYP.png,bali,train,PNG,RGB,85,75,935,False,1,,1.1333333333333333,0.006375,1.1733333333333333
tI1VGJRl.png,jawi,train,PNG,RGB,950,68,5418,False,1,,13.970588235294118,0.0646,0.6709597523219815
YDTCOOxQ.png,jawi,train,PNG,RGB,366,66,2997,False,1,,5.545454545454546,0.024156,0.992548435171386
Uk7G5B6Y.png,lampung,train,PNG,RGB,373,81,2840,False,1,,4.604938271604938,0.030213,0.751994174693013
97WdaxBp.png,jawi,train,PNG,RGB,316,65,1158,False,1,,4.861538461538461,0.02054,0.4510223953261928
Cn5MbohQ.png,sunda,train,PNG,RGB,51,44,517,False,1,,1.1590909090909092,0.002244,1.8431372549019607
RP3Nu0cU.png,jawa,train,PNG,RGB,918,68,7257,False,1,,13.5,0.062424,0.9300269127258747
CMJ08Y3i.png,sunda,train,PNG,RGB,793,71,4959,False,1,,11.169014084507042,0.056303,0.7046160950571018
gpcToES9.png,lampung,train,PNG,RGB,104,38,1274,False,1,,2.736842105263158,0.003952,2.5789473684210527
ZL5DeXGh.png,pegon,train,PNG,RGB,111,77,1612,False,1,,1.4415584415584415,0.008547,1.5088335088335088
Zm78KvRV.jpg,pegon,train,JPEG,RGB,1360,903,257585,False,1,"(96, 96)",1.5060908084163898,1.22808,1.67796886196339
F4lTayfy.png,jawa,train,PNG,RGB,978,90,7938,False,1,,10.866666666666667,0.08802,0.7214723926380369
Phy7PuM9.png,lontara,train,PNG,RGB,946,56,3852,False,1,,16.892857142857142,0.052976,0.5816973723950468
6k5O7gob.png,pegon,train,PNG,RGB,816,67,7882,False,1,,12.17910447761194,0.054672,1.1533508925958442
tmR92W4e.png,pegon,train,PNG,RGB,188,153,4705,False,1,,1.2287581699346406,0.028764,1.3085801696565151
YOYCZDkj.png,bali,train,PNG,RGB,1350,68,10879,False,1,,19.852941176470587,0.0918,0.9480610021786492
YvWTkXxw.png,pegon,train,PNG,RGB,379,107,4301,False,1,,3.542056074766355,0.040553,0.8484699035829655
xtXw0TeJ.png,lampung,train,PNG,RGB,164,72,1221,False,1,,2.2777777777777777,0.011808,0.8272357723577236
AJ7e3EE8.png,jawi,train,PNG,RGB,156,85,1122,False,1,,1.8352941176470587,0.01326,0.676923076923077
mHXRdDDb.png,lampung,train,PNG,RGB,153,36,1992,False,1,,4.25,0.005508,2.893246187363834
Ez9ITg09.png,lampung,train,PNG,RGB,152,71,1223,False,1,,2.140845070422535,0.010792,0.9065974796145293
lnSEIPcz.png,bali,train,PNG,RGB,1376,57,9067,False,1,,24.140350877192983,0.078432,0.9248266013871889
nGtk5is1.png,jawi,train,PNG,RGB,693,52,1324,False,1,,13.326923076923077,0.036036,0.29392829392829395
jANZZM42.png,jawa,train,PNG,RGB,898,76,7388,False,1,,11.81578947368421,0.068248,0.8660180518110421
1ITIDhKX.png,lampung,train,PNG,RGB,83,33,1004,False,1,,2.515151515151515,0.002739,2.9324571011318
pL1TEs2W.webp,pegon,train,WEBP,RGB,759,450,20606,False,1,,1.6866666666666668,0.34155,0.48264675742936614
qFN68Aja.png,lontara,train,PNG,RGB,940,53,4211,False,1,,17.735849056603772,0.04982,0.6761942994781213
iXE7FVx4.png,sunda,train,PNG,RGB,694,74,4316,False,1,,9.378378378378379,0.051356,0.6723265051795311
RPAbitNJ.png,jawi,train,PNG,RGB,36,38,380,False,1,,0.9473684210526315,0.001368,2.2222222222222223
H5s9IUaI.png,sunda,train,PNG,RGB,167,62,1257,False,1,,2.693548387096774,0.010354,0.971218852617346
LlwIqrqS.png,bali,train,PNG,RGB,1457,61,9521,False,1,,23.885245901639344,0.088877,0.8570046243685093
p1ZmXQgH.png,lontara,train,PNG,RGB,868,63,4123,False,1,,13.777777777777779,0.054684,0.6031746031746031
GcWEasCe.png,pegon,train,PNG,RGB,160,155,4044,False,1,,1.032258064516129,0.0248,1.304516129032258
3s2swDnP.png,jawa,train,PNG,RGB,928,71,7712,False,1,,13.070422535211268,0.065888,0.9363768819815445
fMTbUwVX.png,sunda,train,PNG,RGB,327,43,2049,False,1,,7.604651162790698,0.014061,1.1657776829528483
8Aqs59wk.png,jawi,train,PNG,RGB,154,56,1122,False,1,,2.75,0.008624,1.0408163265306123
hsGNHx9x.png,lampung,train,PNG,RGB,138,36,1701,False,1,,3.8333333333333335,0.004968,2.739130434782609
dqDHk311.png,jawi,train,PNG,RGB,37,44,371,False,1,,0.8409090909090909,0.001628,1.8230958230958232
M6WzE34H.png,sunda,train,PNG,RGB,243,46,1586,False,1,,5.282608695652174,0.011178,1.135086777598855
nvDb3CIV.png,lontara,train,PNG,RGB,312,67,1870,False,1,,4.656716417910448,0.020904,0.7156525066972829
KD4ldo29.png,sunda,train,PNG,RGB,98,54,937,False,1,,1.8148148148148149,0.005292,1.4164777021919879
zXdfyU5t.png,jawi,train,PNG,RGB,797,72,7843,False,1,,11.069444444444445,0.057384,1.093405827408337
5a1ltj1G.png,lampung,train,PNG,RGB,237,115,2208,False,1,,2.0608695652173914,0.027255,0.6481012658227848
I4lzSJd9.png,jawi,train,PNG,RGB,84,57,444,False,1,,1.4736842105263157,0.004788,0.7418546365914787
jHlVtGNK.png,bali,train,PNG,RGB,1549,67,11408,False,1,,23.119402985074625,0.103783,0.879373307767168
yUrGJcUt.png,jawa,train,PNG,RGB,330,58,4954,False,1,,5.689655172413793,0.01914,2.070637408568443
dQCt4xEf.png,sunda,train,PNG,RGB,127,58,1025,False,1,,2.189655172413793,0.007366,1.1132229161010045
HoS22JtW.png,lampung,train,PNG,RGB,84,33,1337,False,1,,2.5454545454545454,0.002772,3.8585858585858586
isAtYRoW.png,lontara,train,PNG,RGB,867,51,3863,False,1,,17.0,0.044217,0.6989167062442048
63nSwhQm.png,lampung,train,PNG,RGB,140,42,2001,False,1,,3.3333333333333335,0.00588,2.7224489795918365
8WvuXUrM.png,sunda,train,PNG,RGB,75,42,650,False,1,,1.7857142857142858,0.00315,1.6507936507936507
rPMoSL7U.png,bali,train,PNG,RGB,1408,61,10129,False,1,,23.081967213114755,0.085888,0.9434612518628912
VhstHNtA.png,jawa,train,PNG,RGB,911,62,6020,False,1,,14.693548387096774,0.056482,0.8526610247512482
7TRA99ha.png,jawa,train,PNG,RGB,625,63,67745,False,1,,9.920634920634921,0.039375,13.764063492063492
A6aMCzpT.png,bali,train,PNG,RGB,1508,66,10638,False,1,,22.848484848484848,0.099528,0.8550759585242343
yMbFuZGH.png,sunda,train,PNG,RGB,57,54,475,False,1,,1.0555555555555556,0.003078,1.2345679012345678
ogy0fw9T.png,lampung,train,PNG,RGB,209,65,1481,False,1,,3.2153846153846155,0.013585,0.8721383879278616
jDlTjgIJ.png,sunda,train,PNG,RGB,58,44,533,False,1,,1.3181818181818181,0.002552,1.670846394984326
9rr8VvDa.jpg,jawa,train,JPEG,L,640,492,102837,False,1,,1.3008130081300813,0.31488,2.6127286585365854
ZizWqC7c.png,sunda,train,PNG,RGB,783,60,4863,False,1,,13.05,0.04698,0.8280970625798212
3ybdR83A.png,lampung,train,PNG,RGB,142,42,2153,False,1,,3.380952380952381,0.005964,2.887994634473508
gamIe9vt.png,lampung,train,PNG,RGB,135,36,1481,False,1,,3.75,0.00486,2.437860082304527
LjhcNU81.png,sunda,train,PNG,RGB,330,42,2013,False,1,,7.857142857142857,0.01386,1.161904761904762
Xpqd8vk4.png,lontara,train,PNG,RGB,944,54,3706,False,1,,17.48148148148148,0.050976,0.5816070307595731
VjLH5u4P.png,jawi,train,PNG,RGB,85,45,654,False,1,,1.8888888888888888,0.003825,1.367843137254902
NFZIt3sH.png,lontara,train,PNG,RGB,404,316,14816,False,1,,1.2784810126582278,0.127664,0.9284371475122196
Y1SMqClf.png,bali,train,PNG,RGB,1388,69,9696,False,1,,20.115942028985508,0.095772,0.8099235684751285
LG4wGEN4.png,lampung,train,PNG,RGB,162,78,1187,False,1,,2.076923076923077,0.012636,0.7515036403925293
bgn3EjVU.jpg,lampung,train,JPEG,RGB,201,280,19534,False,1,,0.7178571428571429,0.05628,2.776687988628287
6dURbwBE.png,jawi,train,PNG,RGB,802,70,6792,False,1,,11.457142857142857,0.05614,0.9678660491628073
z5To7Zqy.png,jawi,train,PNG,RGB,799,77,7242,False,1,,10.376623376623376,0.061523,0.9416966012710694
jHeGsTl9.png,lontara,train,PNG,RGB,940,47,4041,False,1,,20.0,0.04418,0.7317338162064283
4jgnGbPq.png,sunda,train,PNG,RGB,570,87,3317,False,1,,6.551724137931035,0.04959,0.5351078846541641
gjpwMgUj.png,bali,train,PNG,RGB,132,59,782,False,1,,2.23728813559322,0.007788,0.8032871083718541
IM4mwRgD.png,lampung,train,PNG,RGB,265,93,2603,False,1,,2.849462365591398,0.024645,0.8449584094136742
WbYvLu7A.webp,pegon,train,WEBP,RGB,2560,1440,138348,False,1,,1.7777777777777777,3.6864,0.300234375
Ie4HfMZF.png,pegon,train,PNG,RGB,130,116,2367,False,1,,1.1206896551724137,0.01508,1.2557029177718833
Fa9Sqkkj.png,jawi,train,PNG,RGB,201,36,885,False,1,,5.583333333333333,0.007236,0.978441127694859
fUmrSdl8.png,lontara,train,PNG,RGB,944,75,4523,False,1,,12.586666666666666,0.0708,0.5110734463276836
1hT5vZVa.png,jawa,train,PNG,RGB,300,39,23236,False,1,,7.6923076923076925,0.0117,15.887863247863248
9E4qY7C5.png,jawa,train,PNG,RGB,358,72,49118,False,1,,4.972222222222222,0.025776,15.244568590937305
lNDHae3z.png,jawi,train,PNG,RGB,22,31,213,False,1,,0.7096774193548387,0.000682,2.498533724340176
Qb63FDof.png,sunda,train,PNG,RGB,43,36,326,False,1,,1.1944444444444444,0.001548,1.6847545219638242
Uq6hztpW.png,bali,train,PNG,RGB,1409,49,7877,False,1,,28.755102040816325,0.069041,0.9127330137164873
bkQMbuRg.png,jawa,train,PNG,RGB,354,66,44787,False,1,,5.363636363636363,0.023364,15.335387776065742
gWgjb1jF.png,lampung,train,PNG,RGB,211,84,1570,False,1,,2.511904761904762,0.017724,0.7086436470322727
wnnJ84RO.png,sunda,train,PNG,RGB,717,91,4588,False,1,,7.8791208791208796,0.065247,0.5625392738363449
7hmKyk9t.png,jawi,train,PNG,RGB,257,59,1235,False,1,,4.3559322033898304,0.015163,0.6515860977379146
z4emnKC6.png,jawi,train,PNG,RGB,309,46,1730,False,1,,6.717391304347826,0.014214,0.9736879133248909
y7L2loRm.png,jawa,train,PNG,RGB,679,76,135650,False,1,,8.93421052631579,0.051604,21.029377567630416
IcxctJMu.png,jawa,train,PNG,RGB,675,74,134400,False,1,,9.121621621621621,0.04995,21.525525525525527
8sPDOugH.png,sunda,train,PNG,RGB,528,73,3671,False,1,,7.232876712328767,0.038544,0.7619344126193441
2snfANZe.png,sunda,train,PNG,RGB,431,97,2555,False,1,,4.443298969072165,0.041807,0.4889133398713134
OxuzrqgY.png,jawa,train,PNG,RGB,590,66,71836,False,1,,8.93939393939394,0.03894,14.758294812532101
8fqiqkQW.png,bali,train,PNG,RGB,1586,56,9786,False,1,,28.321428571428573,0.088816,0.8814627994955864
9N5DsZPR.jpg,lampung,train,JPEG,RGB,736,1308,97640,False,1,"(72, 72)",0.5626911314984709,0.962688,0.8113947613349288
6dpQV8vo.png,lontara,train,PNG,RGB,934,72,4818,False,1,,12.972222222222221,0.067248,0.5731620271234832
cz3x28z7.png,jawa,train,PNG,RGB,842,75,6348,False,1,,11.226666666666667,0.06315,0.8041805225653207
5jKjFSrz.png,jawi,train,PNG,RGB,405,69,2024,False,1,,5.869565217391305,0.027945,0.5794238683127572
NHV79M5y.png,pegon,train,PNG,RGB,75,69,589,False,1,,1.0869565217391304,0.005175,0.9105314009661836
wzc486zM.png,jawa,train,PNG,RGB,663,74,10674,False,1,,8.95945945945946,0.049062,1.740491622844564
8YdXarDv.png,bali,train,PNG,RGB,88,58,785,False,1,,1.5172413793103448,0.005104,1.2304075235109717
VFfAUsan.png,lampung,train,PNG,RGB,887,55,3216,False,1,,16.12727272727273,0.048785,0.5273752177923542
Qm0ta5uo.png,jawa,train,PNG,RGB,53,31,501,False,1,,1.7096774193548387,0.001643,2.4394400486914183
cDBca7cE.png,lampung,train,PNG,RGB,112,38,1432,False,1,,2.9473684210526314,0.004256,2.691729323308271
3x7VYaFh.png,lampung,train,PNG,RGB,131,39,1702,False,1,,3.358974358974359,0.005109,2.665100802505383
jW64hBug.png,jawa,train,PNG,RGB,927,76,6558,False,1,,12.197368421052632,0.070452,0.744677227048203
SIL4wPps.png,jawi,train,PNG,RGB,394,55,1934,False,1,,7.163636363636364,0.02167,0.7139824642362713
6ENdNftF.png,jawi,train,PNG,RGB,809,75,7118,False,1,,10.786666666666667,0.060675,0.9385084466419448
Fo30St5x.png,pegon,train,PNG,RGB,122,122,2368,False,1,,1.0,0.014884,1.2727761354474603
WnYHhg5j.png,bali,train,PNG,RGB,382,72,2980,False,1,,5.305555555555555,0.027504,0.8667830133798721
GU1F6lcF.png,sunda,train,PNG,RGB,218,44,1369,False,1,,4.954545454545454,0.009592,1.1417848206839032
gQvPKt46.png,sunda,train,PNG,RGB,143,50,1053,False,1,,2.86,0.00715,1.1781818181818182
bLTNpPQA.png,lampung,train,PNG,RGB,80,26,1008,False,1,,3.076923076923077,0.00208,3.876923076923077
JEm2YNFD.jpg,jawa,train,JPEG,RGB,600,356,59441,False,1,"(96, 96)",1.6853932584269662,0.2136,2.2262546816479403
y6VQ6w9q.png,jawi,train,PNG,RGB,329,61,1780,False,1,,5.39344262295082,0.020069,0.7095520454432209
a2qh7aww.png,jawa,train,PNG,RGB,1024,335,42084,False,1,,3.056716417910448,0.34304,0.9814365671641792
zdGnMG5X.png,sunda,train,PNG,RGB,55,39,476,False,1,,1.4102564102564104,0.002145,1.7752913752913753
0pQOih09.jpg,jawa,train,JPEG,RGB,626,338,66242,False,1,,1.8520710059171597,0.211588,2.504565476303004
roSK9yTZ.png,lontara,train,PNG,RGB,866,74,4278,False,1,,11.702702702702704,0.064084,0.5340490606079521
pJKK2jvz.png,sunda,train,PNG,RGB,242,42,1507,False,1,,5.761904761904762,0.010164,1.1861471861471862
4PIoUXqu.png,lampung,train,PNG,RGB,939,56,3760,False,1,,16.767857142857142,0.052584,0.5720371215578883
ATHfH6CO.png,jawi,train,PNG,RGB,549,67,3160,False,1,,8.194029850746269,0.036783,0.6872740124514042
YC50Y2xf.png,bali,train,PNG,RGB,397,80,3599,False,1,,4.9625,0.03176,0.9065491183879093
tCMyaOLi.png,jawi,train,PNG,RGB,789,68,7101,False,1,,11.602941176470589,0.053652,1.0588235294117647
Pme1oSin.png,lampung,train,PNG,RGB,125,44,1215,False,1,,2.840909090909091,0.0055,1.7672727272727273
3l3Fe0pB.png,jawa,train,PNG,RGB,271,55,2105,False,1,,4.927272727272728,0.014905,1.1298222073129822
tEXmYAkO.jpg,lontara,train,JPEG,RGB,400,391,48643,False,1,,1.0230179028132993,0.1564,2.488132992327366
b8z69zOQ.png,lontara,train,PNG,RGB,854,42,3502,False,1,,20.333333333333332,0.035868,0.7810862049737928
7HldtC9V.png,bali,train,PNG,RGB,111,56,1074,False,1,,1.9821428571428572,0.006216,1.3822393822393821
e2zApEOz.png,jawi,train,PNG,RGB,67,60,388,False,1,,1.1166666666666667,0.00402,0.7721393034825871
GsMZInH1.png,jawa,train,PNG,RGB,119,56,771,False,1,,2.125,0.006664,0.9255702280912365
5WIKbWAn.png,jawi,train,PNG,RGB,139,87,1500,False,1,,1.5977011494252873,0.012093,0.9923096005953858
7K1A9uFM.png,lontara,train,PNG,RGB,980,60,4336,False,1,,16.333333333333332,0.0588,0.5899319727891157
wfzlBCWc.png,pegon,train,PNG,RGB,877,69,8479,False,1,,12.710144927536232,0.060513,1.1209492175235074
B5E2DD4E.png,sunda,train,PNG,RGB,901,67,5961,False,1,,13.447761194029852,0.060367,0.7899680288899564
E0hQXlzU.png,sunda,train,PNG,RGB,792,40,4401,False,1,,19.8,0.03168,1.1113636363636363
YUgHvvdQ.png,bali,train,PNG,RGB,1590,61,10000,False,1,,26.065573770491802,0.09699,0.824827301783689
fhztY2U3.png,lontara,train,PNG,RGB,687,36,2896,False,1,,19.083333333333332,0.024732,0.9367620896005175
sTA1nYFq.png,sunda,train,PNG,RGB,240,42,1363,False,1,,5.714285714285714,0.01008,1.0817460317460317
mKTXY7yc.png,lontara,train,PNG,RGB,947,46,4045,False,1,,20.58695652173913,0.043562,0.7428492723015472
oXIGnv2g.png,sunda,train,PNG,RGB,802,52,4537,False,1,,15.423076923076923,0.041704,0.8703241895261845
ioFqOutV.png,jawi,train,PNG,RGB,606,66,5108,False,1,,9.181818181818182,0.039996,1.0217021702170217
rZIKxisy.png,jawi,train,PNG,RGB,504,62,3837,False,1,,8.129032258064516,0.031248,0.9823348694316436
DSzuCQn3.png,jawa,train,PNG,RGB,957,58,8177,False,1,,16.5,0.055506,1.1785392570172595
aoDqHcXM.png,jawa,train,PNG,RGB,970,88,6677,False,1,,11.022727272727273,0.08536,0.6257731958762887
1icXIUfR.jpg,jawa,train,JPEG,RGB,750,487,39155,False,1,,1.540041067761807,0.36525,0.8576043805612594
xmBBDOZ6.png,jawa,train,PNG,RGB,305,42,25298,False,1,,7.261904761904762,0.01281,15.798907103825137
1hsmUST1.png,jawa,train,PNG,RGB,907,81,7876,False,1,,11.197530864197532,0.073467,0.8576367620836566
VutEMVio.png,jawa,train,PNG,RGB,945,66,15395,False,1,,14.318181818181818,0.06237,1.9746673080006414
EYMhIRJg.png,sunda,train,PNG,RGB,781,69,5231,False,1,,11.318840579710145,0.053889,0.7765592235892297
EvWOEOgu.jpg,jawa,train,JPEG,RGB,630,458,44746,False,1,,1.3755458515283843,0.28854,1.2406182851597698
1rPuWUQc.png,jawa,train,PNG,RGB,924,82,19820,False,1,,11.268292682926829,0.075768,2.0927040439235562
RkH3Vfp4.png,jawa,train,PNG,RGB,618,56,3758,False,1,,11.035714285714286,0.034608,0.8687008784096163
MXafWxbJ.png,jawa,train,PNG,RGB,690,86,6060,False,1,,8.023255813953488,0.05934,0.8169868554095046
r5seh29X.png,lontara,train,PNG,RGB,498,79,3709,False,1,,6.30379746835443,0.039342,0.7542067002185959
CgTgNi2V.png,sunda,train,PNG,RGB,71,55,602,False,1,,1.290909090909091,0.003905,1.233290653008963
p2CxhXPz.png,jawi,train,PNG,RGB,823,80,7564,False,1,,10.2875,0.06584,0.9190765492102065
MFJuflPy.png,sunda,train,PNG,RGB,751,87,4556,False,1,,8.632183908045977,0.065337,0.5578462433230789
cH9bWQc1.png,sunda,train,PNG,RGB,799,91,5481,False,1,,8.780219780219781,0.072709,0.6030615192067007
VIeXlYBa.png,lampung,train,PNG,RGB,194,84,1534,False,1,,2.3095238095238093,0.016296,0.7530682376043201
OuOGf9fY.png,jawa,train,PNG,RGB,287,61,34733,False,1,,4.704918032786885,0.017507,15.871594219455075
LUE7RMJC.png,lontara,train,PNG,RGB,871,46,3626,False,1,,18.934782608695652,0.040066,0.7240053911046773
q5IPy066.png,lampung,train,PNG,RGB,150,36,2122,False,1,,4.166666666666667,0.0054,3.1437037037037037
FBQDQBpe.png,pegon,train,PNG,RGB,169,151,3718,False,1,,1.119205298013245,0.025519,1.1655629139072847
NHfOmNh0.png,lontara,train,PNG,RGB,837,42,3504,False,1,,19.928571428571427,0.035154,0.7974057006315071
GLILkmon.png,sunda,train,PNG,RGB,800,48,4535,False,1,,16.666666666666668,0.0384,0.9447916666666667
L3pUypPe.png,pegon,train,PNG,RGB,897,82,10141,False,1,,10.939024390243903,0.073554,1.1029719661745112
XT14baEq.png,sunda,train,PNG,RGB,702,48,4078,False,1,,14.625,0.033696,0.9681861348528015
RstopTOq.png,lontara,train,PNG,RGB,764,50,3718,False,1,,15.28,0.0382,0.7786387434554973
DTh1jwdO.png,jawa,train,PNG,RGB,129,100,1465,False,1,,1.29,0.0129,0.9085271317829458
MeeOibKI.png,bali,train,PNG,RGB,1530,73,11196,False,1,,20.958904109589042,0.11169,0.8019339242546334
fRrkaLW7.png,lampung,train,PNG,RGB,146,44,2117,False,1,,3.3181818181818183,0.006424,2.6363636363636362
R2JFjqRr.png,sunda,train,PNG,RGB,143,58,1022,False,1,,2.4655172413793105,0.008294,0.9857728478418134
pIe2Shm6.png,jawi,train,PNG,RGB,440,81,3010,False,1,,5.432098765432099,0.03564,0.675645342312009
9EqCUPK2.png,jawa,train,PNG,RGB,728,129,29026,False,1,,5.6434108527131785,0.093912,2.47261265865917
zRvw8GJh.png,sunda,train,PNG,RGB,145,42,884,False,1,,3.4523809523809526,0.00609,1.161247947454844
BlrqXrR3.png,sunda,train,PNG,RGB,447,89,2626,False,1,,5.022471910112359,0.039783,0.5280647512756705
WuXGnCLb.png,bali,train,PNG,RGB,204,67,1782,False,1,,3.044776119402985,0.013668,1.0430201931518877
79vWCUW8.jpg,lampung,train,JPEG,RGB,600,338,54685,False,1,"(72, 72)",1.7751479289940828,0.2028,2.157199211045365
9GPJrzaR.png,lontara,train,PNG,RGB,958,54,3916,False,1,,17.74074074074074,0.051732,0.6055826181087142
nSffF8XA.png,jawa,train,PNG,RGB,585,61,66470,False,1,,9.59016393442623,0.035685,14.901499229368081
4PF45YGB.png,sunda,train,PNG,RGB,379,79,2403,False,1,,4.7974683544303796,0.029941,0.6420627233559333
02An4T7T.png,sunda,train,PNG,RGB,44,54,429,False,1,,0.8148148148148148,0.002376,1.4444444444444444
B8z4S0De.png,jawa,train,PNG,RGB,904,61,7468,False,1,,14.819672131147541,0.055144,1.0834179602495284
cNINOH03.png,lampung,train,PNG,RGB,145,31,2235,False,1,,4.67741935483871,0.004495,3.9777530589543937
Bz01Prso.jpg,jawi,train,JPEG,RGB,689,591,144111,False,1,"(72.009, 72.009)",1.1658206429780034,0.407199,2.8312643203937142
dAIV9TwV.png,jawi,train,PNG,RGB,72,52,463,False,1,,1.3846153846153846,0.003744,0.9893162393162394
BRUXNKdg.png,jawa,train,PNG,RGB,659,96,13836,False,1,,6.864583333333333,0.063264,1.7496206373292869
gJDglhRM.png,jawa,train,PNG,RGB,923,78,18687,False,1,,11.833333333333334,0.071994,2.0765063755312942
BacEIvNg.png,lontara,train,PNG,RGB,943,51,4105,False,1,,18.49019607843137,0.048093,0.6828436570810721
mjuI3nGZ.png,sunda,train,PNG,RGB,799,91,4290,False,1,,8.780219780219781,0.072709,0.4720185946719113
jdCvJbl9.png,sunda,train,PNG,RGB,786,75,4953,False,1,,10.48,0.05895,0.6721628498727735
johVZUvs.png,jawa,train,PNG,P,600,450,84691,False,1,,1.3333333333333333,0.27,2.509362962962963
9DlBUhat.png,pegon,train,PNG,RGB,161,153,3616,False,1,,1.0522875816993464,0.024633,1.1743595989120286
NVotWlLu.png,lampung,train,PNG,RGB,201,74,1580,False,1,,2.7162162162162162,0.014874,0.8498050289095065
VJCL7tIj.png,jawi,train,PNG,RGB,87,54,721,False,1,,1.6111111111111112,0.004698,1.2277564921243083
BJ5K7OU4.png,sunda,train,PNG,RGB,803,50,4131,False,1,,16.06,0.04015,0.8231133250311332
2ZPY6Ojj.png,lontara,train,PNG,RGB,946,56,4011,False,1,,16.892857142857142,0.052976,0.6057082452431289
Ktz3gxYq.png,jawa,train,PNG,RGB,583,65,69713,False,1,,8.96923076923077,0.037895,14.717086686898007
CDmbODSB.png,lampung,train,PNG,RGB,144,41,2147,False,1,,3.5121951219512195,0.005904,2.9092140921409215
RiDy3edM.png,lontara,train,PNG,RGB,867,43,3720,False,1,,20.162790697674417,0.037281,0.7982618491993241
bDTNOUEY.png,jawa,train,PNG,RGB,608,84,12372,False,1,,7.238095238095238,0.051072,1.9379699248120301
8cEuXyGr.png,sunda,train,PNG,RGB,690,73,4534,False,1,,9.452054794520548,0.05037,0.7201111772880683
1ckKABsF.png,sunda,train,PNG,RGB,262,37,1611,False,1,,7.081081081081081,0.009694,1.3294821539096349
PitPRSez.png,jawa,train,PNG,RGB,978,91,7724,False,1,,10.747252747252746,0.088998,0.6943077372525225
n2t4ay2m.png,bali,train,PNG,RGB,126,74,1268,False,1,,1.7027027027027026,0.009324,1.087945087945088
jVQNi4td.png,jawi,train,PNG,RGB,311,66,2817,False,1,,4.712121212121212,0.020526,1.09792458345513
UWU9GyhN.png,jawi,train,PNG,RGB,792,92,7218,False,1,,8.608695652173912,0.072864,0.7924901185770751
fwEzOD0h.png,jawi,train,PNG,RGB,26,44,264,False,1,,0.5909090909090909,0.001144,1.8461538461538463
a4LNyetw.png,lampung,train,PNG,RGB,938,49,3497,False,1,,19.142857142857142,0.045962,0.6086767329533093
hIbi1sTO.png,lampung,train,PNG,RGB,124,42,1775,False,1,,2.9523809523809526,0.005208,2.726574500768049
KhUAQ5qF.png,jawa,train,PNG,RGB,668,96,18414,False,1,,6.958333333333333,0.064128,2.2971556886227544
NWNZlIey.png,pegon,train,PNG,RGB,142,134,3143,False,1,,1.0597014925373134,0.019028,1.3214210636956065
ta4EJLMk.png,jawi,train,PNG,RGB,24,27,275,False,1,,0.8888888888888888,0.000648,3.3950617283950617
0wklKaVE.png,pegon,train,PNG,RGB,101,102,1712,False,1,,0.9901960784313726,0.010302,1.3294505921180353
mpNxLrg5.png,jawi,train,PNG,RGB,495,63,4107,False,1,,7.857142857142857,0.031185,1.0535834535834536
EaPdz2Da.png,jawi,train,PNG,RGB,520,55,3211,False,1,,9.454545454545455,0.0286,0.8981818181818182
QwWFIe0g.png,jawa,train,PNG,RGB,943,83,7973,False,1,,11.36144578313253,0.078269,0.8149331152819124
DAZyha4L.png,jawa,train,PNG,RGB,359,104,10587,False,1,,3.451923076923077,0.037336,2.2684808227983715
aNFQ2IIy.png,jawa,train,PNG,RGB,679,117,22696,False,1,,5.803418803418803,0.079443,2.2855128834510277
QyFBpq4o.png,lampung,train,PNG,RGB,232,83,1779,False,1,,2.7951807228915664,0.019256,0.739094308267553
zZUjT7jH.png,pegon,train,PNG,RGB,826,101,10098,False,1,,8.178217821782178,0.083426,0.9683312156881547
6aUkvJCS.png,jawi,train,PNG,RGB,797,78,6548,False,1,,10.217948717948717,0.062166,0.8426471061351865
d9BsOFKE.png,lampung,train,PNG,RGB,555,56,2261,False,1,,9.910714285714286,0.03108,0.581981981981982
xFfdDrWx.png,lontara,train,PNG,RGB,936,54,3852,False,1,,17.333333333333332,0.050544,0.6096866096866097
ccgBy6Xg.png,jawa,train,PNG,RGB,642,73,79989,False,1,,8.794520547945206,0.046866,13.654077582895916
DupVnEJp.png,jawa,train,PNG,RGB,334,44,3882,False,1,,7.590909090909091,0.014696,2.1132280892759936
ZsxnQeUw.png,lontara,train,PNG,RGB,916,46,4476,False,1,,19.91304347826087,0.042136,0.8498196316688817
wyVjdYZa.png,jawa,train,PNG,RGB,581,51,56433,False,1,,11.392156862745098,0.029631,15.236205325503695
Xx9Hy0FJ.png,jawa,train,PNG,RGB,984,78,6996,False,1,,12.615384615384615,0.076752,0.7292057535959975
BxmUAchE.png,jawa,train,PNG,RGB,298,75,5743,False,1,,3.973333333333333,0.02235,2.0556599552572705
xRERpbmu.png,lontara,train,PNG,RGB,126,57,860,False,1,,2.210526315789474,0.007182,0.9579504316346421
xvQZ55I2.png,lontara,train,PNG,RGB,942,56,4092,False,1,,16.821428571428573,0.052752,0.6205641492265697
z5dSF1Z0.jpg,jawi,train,JPEG,RGB,787,1106,164074,False,1,,0.7115732368896925,0.870422,1.507994972553543
6I1DfcJg.png,bali,train,PNG,RGB,1555,61,10262,False,1,,25.491803278688526,0.094855,0.8654894312371515
NJiO6TAV.png,lampung,train,PNG,RGB,134,37,1649,False,1,,3.6216216216216215,0.004958,2.6607503025413473
dJRR1bNu.png,jawi,train,PNG,RGB,807,77,6981,False,1,,10.480519480519481,0.062139,0.898759233331724
Em0erW8V.png,bali,train,PNG,RGB,1416,69,10154,False,1,,20.52173913043478,0.097704,0.8314091541799722
oQa8mbBL.png,jawa,train,PNG,RGB,882,76,6259,False,1,,11.605263157894736,0.067032,0.7469865139038071
v7sgUN1H.png,lontara,train,PNG,RGB,940,56,3994,False,1,,16.785714285714285,0.05264,0.6069908814589665
nIPZIx3T.png,bali,train,PNG,RGB,1340,69,10850,False,1,,19.420289855072465,0.09246,0.9387843391736967
5j2wFAN7.png,sunda,train,PNG,RGB,45,54,458,False,1,,0.8333333333333334,0.00243,1.5078189300411522
ArdB4Cxd.png,jawa,train,PNG,RGB,559,66,70514,False,1,,8.469696969696969,0.036894,15.290074266818452
OYMbl0Bl.png,bali,train,PNG,RGB,1063,62,7541,False,1,,17.14516129032258,0.065906,0.9153643067399023
xlOxBqCr.png,jawa,train,PNG,RGB,648,81,10597,False,1,,8.0,0.052488,1.6151501295534216
ULC4a1Pn.png,bali,train,PNG,RGB,660,74,5385,False,1,,8.91891891891892,0.04884,0.8820638820638821
CjvgKMVf.png,jawi,train,PNG,RGB,810,69,7389,False,1,,11.73913043478261,0.05589,1.0576489533011273
DYYniDA0.png,jawi,train,PNG,RGB,803,73,7742,False,1,,11.0,0.058619,1.0565857486480492
yGr3MVEc.png,sunda,train,PNG,RGB,44,37,345,False,1,,1.1891891891891893,0.001628,1.6953316953316953
sVmScoBU.png,jawi,train,PNG,RGB,276,48,1472,False,1,,5.75,0.013248,0.8888888888888888
McFkOTjK.png,lontara,train,PNG,RGB,765,60,4263,False,1,,12.75,0.0459,0.7430065359477124
ycC0XHyp.png,jawa,train,PNG,RGB,632,83,11626,False,1,,7.614457831325301,0.052456,1.7730669513497026
m54NcLeq.png,sunda,train,PNG,RGB,44,54,396,False,1,,0.8148148148148148,0.002376,1.3333333333333333
278DH40s.png,bali,train,PNG,RGB,1384,66,9718,False,1,,20.96969696969697,0.091344,0.8511122788579436
yXgIiUWV.png,jawi,train,PNG,RGB,503,64,3926,False,1,,7.859375,0.032192,0.9756461232604374
i8bBaMP6.png,sunda,train,PNG,RGB,92,58,820,False,1,,1.5862068965517242,0.005336,1.2293853073463268
RZ24f0Mh.png,jawi,train,PNG,RGB,365,60,3581,False,1,,6.083333333333333,0.0219,1.3081278538812786
rxemDF9d.png,lampung,train,PNG,RGB,177,112,2181,False,1,,1.5803571428571428,0.019824,0.8801452784503632
zlWOC3fd.png,lampung,train,PNG,RGB,120,32,1780,False,1,,3.75,0.00384,3.7083333333333335
sONIkA2u.png,pegon,train,PNG,RGB,109,102,1486,False,1,,1.0686274509803921,0.011118,1.069257060622414
9vAagRwJ.png,jawa,train,PNG,RGB,906,55,12914,False,1,,16.472727272727273,0.04983,2.073289183222958
qCfPBStn.png,jawa,train,PNG,RGB,359,49,33375,False,1,,7.326530612244898,0.017591,15.178216133249958
yb7nIkrc.png,lampung,train,PNG,RGB,260,73,1889,False,1,,3.5616438356164384,0.01898,0.7962065331928345
thvgVXP5.png,jawi,train,PNG,RGB,101,62,911,False,1,,1.6290322580645162,0.006262,1.1638454167997445
0zS7Oqk2.png,sunda,train,PNG,RGB,132,54,1108,False,1,,2.4444444444444446,0.007128,1.24354657687991
lDRtzr60.png,jawa,train,PNG,RGB,895,76,6901,False,1,,11.776315789473685,0.06802,0.8116436342252279
DSf8SlDb.png,jawi,train,PNG,RGB,472,53,3314,False,1,,8.90566037735849,0.025016,1.0598017268947872
GVqxMBMQ.jpg,bali,train,JPEG,RGB,1706,960,667333,False,1,"(72, 72)",1.7770833333333333,1.63776,3.259735248143806
N2eWXmHy.png,jawa,train,PNG,RGB,648,89,13334,False,1,,7.280898876404494,0.057672,1.84963240393952
BHr4Mwsc.png,lontara,train,PNG,RGB,936,74,4837,False,1,,12.64864864864865,0.069264,0.5586740586740587
7WuoTkhU.png,pegon,train,PNG,RGB,98,99,1564,False,1,,0.98989898989899,0.009702,1.2896310039167183
A5auRw12.png,jawa,train,PNG,RGB,857,72,6019,False,1,,11.902777777777779,0.061704,0.7803708025411643
fTSBZbEt.png,lontara,train,PNG,RGB,942,68,5147,False,1,,13.852941176470589,0.064056,0.6428125390283502
3pAe9lMF.png,lontara,train,PNG,RGB,943,54,3713,False,1,,17.462962962962962,0.050922,0.5833235143945642
7EGLeWm4.png,jawi,train,PNG,RGB,380,59,2747,False,1,,6.440677966101695,0.02242,0.9801962533452275
hioQpFpk.png,sunda,train,PNG,RGB,727,78,4597,False,1,,9.320512820512821,0.056706,0.6485380735724615
Hd6xFGtB.png,lontara,train,PNG,RGB,941,50,3794,False,1,,18.82,0.04705,0.6451009564293305
6J2dhgt1.png,lontara,train,PNG,RGB,110,63,756,False,1,,1.746031746031746,0.00693,0.8727272727272727
iM5IYObF.png,jawa,train,PNG,RGB,356,58,2863,False,1,,6.137931034482759,0.020648,1.1092599767531965
OeCwdBQ9.png,bali,train,PNG,RGB,1487,74,10996,False,1,,20.094594594594593,0.110038,0.7994329231719951
j68Kd21T.png,jawi,train,PNG,RGB,536,64,4143,False,1,,8.375,0.034304,0.9661847014925373
3OW9abKi.webp,pegon,train,WEBP,RGB,400,300,46522,False,1,,1.3333333333333333,0.12,3.1014666666666666
LkzMEO2H.png,jawi,train,PNG,RGB,260,49,1339,False,1,,5.3061224489795915,0.01274,0.8408163265306122
tLS37Mqi.png,bali,train,PNG,RGB,1414,61,10009,False,1,,23.18032786885246,0.086254,0.9283279616017808
z7YRekG7.png,lontara,train,PNG,RGB,935,55,4219,False,1,,17.0,0.051425,0.656334467671366
AB42qszd.jpg,jawa,train,JPEG,RGB,254,198,25021,False,1,,1.2828282828282829,0.050292,3.9801161218484054
t89vfsjM.png,jawa,train,PNG,RGB,863,60,7461,False,1,,14.383333333333333,0.05178,1.1527230590961761
GYLPpcoX.png,jawi,train,PNG,RGB,944,60,5018,False,1,,15.733333333333333,0.05664,0.7087570621468926
Ku2Zj2ob.png,lampung,train,PNG,RGB,162,74,1173,False,1,,2.189189189189189,0.011988,0.7827827827827828
z06wgOAm.png,bali,train,PNG,RGB,123,65,897,False,1,,1.8923076923076922,0.007995,0.8975609756097561
GD5a6bwi.png,lampung,train,PNG,RGB,149,42,2086,False,1,,3.5476190476190474,0.006258,2.6666666666666665
1it2nTHK.png,jawi,train,PNG,RGB,20,28,219,False,1,,0.7142857142857143,0.00056,3.1285714285714286
OxShy2Kr.png,lontara,train,PNG,RGB,941,70,4211,False,1,,13.442857142857143,0.06587,0.5114316077121603
WFmFkVXP.png,pegon,train,PNG,RGB,171,149,3667,False,1,,1.1476510067114094,0.025479,1.15137956748695
QOxAMrkO.png,lontara,train,PNG,RGB,947,75,4680,False,1,,12.626666666666667,0.071025,0.5271383315733896
cSRKI1Eo.png,sunda,train,PNG,RGB,98,58,883,False,1,,1.6896551724137931,0.005684,1.2427867698803658
O4JCHlaE.png,lampung,train,PNG,RGB,134,35,1515,False,1,,3.8285714285714287,0.00469,2.5842217484008527
skuRibYx.png,bali,train,PNG,RGB,1368,62,9347,False,1,,22.06451612903226,0.084816,0.8816261082814564
LZ7Kq86m.png,sunda,train,PNG,RGB,124,63,909,False,1,,1.9682539682539681,0.007812,0.9308755760368663
PN7DuOxW.png,sunda,train,PNG,RGB,782,65,4907,False,1,,12.03076923076923,0.05083,0.7722998229392092
AI9V1e4k.png,lampung,train,PNG,RGB,86,37,1057,False,1,,2.324324324324324,0.003182,2.657448145820239
Z9OEjLFi.png,jawi,train,PNG,RGB,947,75,5821,False,1,,12.626666666666667,0.071025,0.6556564589933123
ypOqZZHI.png,pegon,train,PNG,RGB,142,130,2504,False,1,,1.0923076923076922,0.01846,1.0851570964247022
ba5StGlD.png,jawa,train,PNG,RGB,901,63,6012,False,1,,14.301587301587302,0.056763,0.8473125099096243
HCofwuMG.png,jawa,train,PNG,RGB,749,66,6022,False,1,,11.348484848484848,0.049434,0.9745519278229559
68e04qUG.png,sunda,train,PNG,RGB,667,84,3653,False,1,,7.940476190476191,0.056028,0.5215963446848004
YObQP7mc.png,bali,train,PNG,RGB,1556,54,9691,False,1,,28.814814814814813,0.084024,0.9226887555936399
RquAdAqT.png,pegon,train,PNG,RGB,378,100,4569,False,1,,3.78,0.0378,0.966984126984127
0ECdpw0Q.png,jawi,train,PNG,RGB,93,49,757,False,1,,1.8979591836734695,0.004557,1.3289444810182138
bX7Dldkx.png,sunda,train,PNG,RGB,819,84,5109,False,1,,9.75,0.068796,0.5941043083900227
sJWMUaDF.png,sunda,train,PNG,RGB,44,54,401,False,1,,0.8148148148148148,0.002376,1.3501683501683501
RIgqCbWD.png,lontara,train,PNG,RGB,990,47,4915,False,1,,21.06382978723404,0.04653,0.8450462067483344
mMdGIwma.png,jawi,train,PNG,RGB,509,65,4216,False,1,,7.8307692307692305,0.033085,1.0194347891793865
4bP8wrjs.png,jawi,train,PNG,RGB,16,23,192,False,1,,0.6956521739130435,0.000368,4.173913043478261
rxyVUgTT.png,jawa,train,PNG,RGB,111,94,1142,False,1,,1.1808510638297873,0.010434,0.8755990032585778
zS66xGK1.png,jawa,train,PNG,RGB,360,137,4072,False,1,,2.627737226277372,0.04932,0.6605028386050283
p7xoNEji.png,bali,train,PNG,RGB,1347,56,9452,False,1,,24.053571428571427,0.075432,1.002439283062891
By0GQ8yc.png,sunda,train,PNG,RGB,177,42,1117,False,1,,4.214285714285714,0.007434,1.2020446596717784
RIQ7tDw4.png,jawi,train,PNG,RGB,819,59,4477,False,1,,13.88135593220339,0.048321,0.7412098259555887
4O8W3tzT.png,pegon,train,PNG,RGB,156,158,4116,False,1,,0.9873417721518988,0.024648,1.335929892891918
VaE0mZmW.png,jawi,train,PNG,RGB,42,42,271,False,1,,1.0,0.001764,1.2290249433106577
CaFdFFxV.png,lampung,train,PNG,RGB,86,44,1471,False,1,,1.9545454545454546,0.003784,3.109936575052854
YD7hntCS.png,jawi,train,PNG,RGB,947,66,5434,False,1,,14.348484848484848,0.062502,0.6955297430482225
51Cixch0.png,bali,train,PNG,RGB,76,58,489,False,1,,1.3103448275862069,0.004408,0.8874773139745916
Btbg3dEE.png,pegon,train,PNG,RGB,820,116,11556,False,1,,7.068965517241379,0.09512,0.9719091673675357
XchTCHfY.png,bali,train,PNG,RGB,1405,59,9334,False,1,,23.8135593220339,0.082895,0.9008022196754931
P7pWofbr.jpg,jawa,train,JPEG,RGB,537,929,142049,False,1,"(96, 96)",0.5780409041980624,0.498873,2.277918428137021
bX4sjXeW.png,pegon,train,PNG,RGB,113,89,802,False,1,,1.2696629213483146,0.010057,0.6379636074376056
XvltVda2.png,jawa,train,PNG,RGB,919,59,7132,False,1,,15.576271186440678,0.054221,1.0522860146437727
pyQ84Yr4.png,jawi,train,PNG,RGB,280,99,2394,False,1,,2.8282828282828283,0.02772,0.6909090909090909
Ak09YdoW.png,lontara,train,PNG,RGB,936,53,4609,False,1,,17.660377358490567,0.049608,0.7432672149653282
wPvgJErT.png,jawi,train,PNG,RGB,888,44,5172,False,1,,20.181818181818183,0.039072,1.058968058968059
VTrqKzpy.png,bali,train,PNG,RGB,1410,57,8446,False,1,,24.736842105263158,0.08037,0.8407117083488864
KACcMSvB.png,jawa,train,PNG,RGB,362,52,34243,False,1,,6.961538461538462,0.018824,14.552911177220569
D8CHBmIE.png,jawi,train,PNG,RGB,94,53,755,False,1,,1.7735849056603774,0.004982,1.2123645122440787
EMKk06Ac.png,jawi,train,PNG,RGB,793,74,6443,False,1,,10.716216216216216,0.058682,0.8783613373777308
0C1sE7yC.png,lampung,train,PNG,RGB,280,61,1995,False,1,,4.590163934426229,0.01708,0.9344262295081968
HUS3Q1se.png,sunda,train,PNG,RGB,31,35,326,False,1,,0.8857142857142857,0.001085,2.4036866359447004
5HVOJkl4.png,bali,train,PNG,RGB,173,64,1353,False,1,,2.703125,0.011072,0.9776011560693642
b3REldwn.png,jawi,train,PNG,RGB,53,66,526,False,1,,0.803030303030303,0.003498,1.2029731275014295
QlDLPzwK.png,pegon,train,PNG,RGB,171,165,4291,False,1,,1.0363636363636364,0.028215,1.2166578061314903
74o5tK1T.png,lontara,train,PNG,RGB,937,51,4118,False,1,,18.372549019607842,0.047787,0.6893925126080315
bUWyh8nq.png,jawa,train,PNG,RGB,921,66,7077,False,1,,13.954545454545455,0.060786,0.9313986773270161
upopagai.png,lampung,train,PNG,RGB,120,36,1664,False,1,,3.3333333333333335,0.00432,3.0814814814814815
u1R2Q9rl.png,jawi,train,PNG,RGB,802,83,7338,False,1,,9.662650602409638,0.066566,0.8818916564011657
oSjsdcIc.jpg,lontara,train,JPEG,RGB,454,675,90074,False,1,"(72, 72)",0.6725925925925926,0.30645,2.3514178495676292
vII1fZnp.png,lampung,train,PNG,RGB,107,43,1550,False,1,,2.488372093023256,0.004601,2.69506628993697
07pXWflD.png,pegon,train,PNG,RGB,168,158,4617,False,1,,1.0632911392405062,0.026544,1.391500904159132
6UyDaKw2.png,jawa,train,PNG,RGB,866,58,6323,False,1,,14.931034482758621,0.050228,1.0070876801783866
QQXTSG81.jpg,lampung,train,JPEG,RGB,781,622,75425,False,1,"(96, 96)",1.2556270096463023,0.485782,1.2421209513732496
aGV33QrD.png,jawi,train,PNG,RGB,106,97,1713,False,1,,1.092783505154639,0.010282,1.3328146275043766
h3TbKd64.png,bali,train,PNG,RGB,1447,64,9490,False,1,,22.609375,0.092608,0.8197995853489979
FOTvlbGm.png,bali,train,PNG,RGB,1386,79,8958,False,1,,17.544303797468356,0.109494,0.654501616526933
j0jdzWTT.jpg,lampung,train,JPEG,RGB,566,226,26930,False,1,"(96, 96)",2.504424778761062,0.127916,1.684230276118703
2zRgk90B.png,jawa,train,PNG,RGB,285,51,2590,False,1,,5.588235294117647,0.014535,1.4255245958032337
41bEJMvp.png,jawi,train,PNG,RGB,877,60,4835,False,1,,14.616666666666667,0.05262,0.7350817179779552
MUdEbs86.png,sunda,train,PNG,RGB,177,54,1398,False,1,,3.2777777777777777,0.009558,1.170119271814187
tmI2BcOR.png,jawa,train,PNG,RGB,741,69,4933,False,1,,10.73913043478261,0.051129,0.771851591073559
FG3ueBkZ.png,jawi,train,PNG,RGB,346,63,2868,False,1,,5.492063492063492,0.021798,1.0525736306083127
VvkahcJH.png,lampung,train,PNG,RGB,146,44,1977,False,1,,3.3181818181818183,0.006424,2.4620174346201744
3s4DI3By.png,sunda,train,PNG,RGB,827,76,4701,False,1,,10.881578947368421,0.062852,0.5983580474766117
W1sIfo57.png,sunda,train,PNG,RGB,73,44,678,False,1,,1.6590909090909092,0.003212,1.688667496886675
g3JT4dEA.png,pegon,train,PNG,RGB,81,69,1063,False,1,,1.173913043478261,0.005589,1.5215602075505457
IINLIyaj.png,jawi,train,PNG,RGB,21,37,256,False,1,,0.5675675675675675,0.000777,2.6357786357786357
34KmzoiV.png,jawa,train,PNG,RGB,368,86,7445,False,1,,4.27906976744186,0.031648,1.8819514661274015
C4lix8rF.png,sunda,train,PNG,RGB,39,36,403,False,1,,1.0833333333333333,0.001404,2.2962962962962963
RvnDiOyf.png,pegon,train,PNG,RGB,210,161,4717,False,1,,1.3043478260869565,0.03381,1.1161194912747707
LTYnkG9v.png,bali,train,PNG,RGB,101,54,746,False,1,,1.8703703703703705,0.005454,1.0942427576090943
wsmiptYu.png,jawi,train,PNG,RGB,434,78,2835,False,1,,5.564102564102564,0.033852,0.6699751861042184
dFUfTjGL.png,sunda,train,PNG,RGB,833,81,4830,False,1,,10.283950617283951,0.067473,0.5726735138499844
CFLwmmBp.png,lontara,train,PNG,RGB,838,56,3272,False,1,,14.964285714285714,0.046928,0.5577906580293215
94ewkTDx.png,lampung,train,PNG,RGB,134,30,1870,False,1,,4.466666666666667,0.00402,3.7213930348258706
XBgs9VLN.png,lampung,train,PNG,RGB,151,41,2246,False,1,,3.682926829268293,0.006191,2.902277499596188
OOgfsu4i.png,bali,train,PNG,RGB,308,68,2184,False,1,,4.529411764705882,0.020944,0.8342245989304813
HKx3rqPr.png,bali,train,PNG,RGB,1402,69,11279,False,1,,20.318840579710145,0.096738,0.9327461804048047
Se1AkYtw.png,lontara,train,PNG,RGB,888,34,3235,False,1,,26.11764705882353,0.030192,0.8571807101218866
U1LFb1er.png,sunda,train,PNG,RGB,34,36,338,False,1,,0.9444444444444444,0.001224,2.2091503267973858
UZqVfOOv.png,jawa,train,PNG,RGB,785,58,6037,False,1,,13.53448275862069,0.04553,1.0607511530858775
pEHgFPsi.png,pegon,train,PNG,RGB,271,99,2488,False,1,,2.7373737373737375,0.026829,0.7418837824741884
P4GmIvf9.png,sunda,train,PNG,RGB,84,55,670,False,1,,1.5272727272727273,0.00462,1.1601731601731602
gYaBdDiJ.png,sunda,train,PNG,RGB,802,49,4239,False,1,,16.367346938775512,0.039298,0.8629446791185302
nwpqPVL8.png,jawa,train,PNG,RGB,393,51,37581,False,1,,7.705882352941177,0.020043,15.000149678191887
vGMFVHII.png,bali,train,PNG,RGB,165,93,1654,False,1,,1.7741935483870968,0.015345,0.8623004235907462
yEDBuUF3.png,pegon,train,PNG,RGB,177,170,4055,False,1,,1.0411764705882354,0.03009,1.0780990362246594
tISBO4EK.png,sunda,train,PNG,RGB,242,42,1465,False,1,,5.761904761904762,0.010164,1.1530893349075166
GoGj1Sor.webp,jawa,train,WEBP,RGB,644,277,17264,False,1,,2.324909747292419,0.178388,0.7742224813328251
tIopNkaY.png,sunda,train,PNG,RGB,125,63,982,False,1,,1.9841269841269842,0.007875,0.9975873015873016
9H42Na54.png,jawa,train,PNG,RGB,569,75,4756,False,1,,7.586666666666667,0.042675,0.8915758640890451
YZJjbcRD.png,sunda,train,PNG,RGB,84,54,653,False,1,,1.5555555555555556,0.004536,1.1516754850088184
mStZ1KIy.png,sunda,train,PNG,RGB,72,39,636,False,1,,1.8461538461538463,0.002808,1.811965811965812
Z7wXfMoS.png,lontara,train,PNG,RGB,865,30,3626,False,1,,28.833333333333332,0.02595,1.1178420038535646
1DuVGqHK.png,jawa,train,PNG,RGB,667,81,12268,False,1,,8.234567901234568,0.054027,1.8165731948840396
1LrlK8lQ.png,jawi,train,PNG,RGB,380,72,3766,False,1,,5.277777777777778,0.02736,1.1011695906432748
wbjBLuBU.png,jawi,train,PNG,RGB,381,62,3229,False,1,,6.145161290322581,0.023622,1.0935568537803741
N0uTbQoJ.png,jawa,train,PNG,RGB,919,83,7525,False,1,,11.072289156626505,0.076277,0.789228732121085
ZN0ngQmb.png,bali,train,PNG,RGB,1358,66,9329,False,1,,20.575757575757574,0.089628,0.832686214129513
K22jcckA.png,lontara,train,PNG,RGB,766,65,3882,False,1,,11.784615384615385,0.04979,0.6237397067684274
BKiPcjAR.png,sunda,train,PNG,RGB,99,51,868,False,1,,1.9411764705882353,0.005049,1.375321845910081
2aiuUYUz.png,bali,train,PNG,RGB,1397,56,9303,False,1,,24.946428571428573,0.078232,0.9513242662848962
22mjcWoR.png,lampung,train,PNG,RGB,133,42,2024,False,1,,3.1666666666666665,0.005586,2.8986752595775154
MEeNEAtO.png,lampung,train,PNG,RGB,292,84,2296,False,1,,3.4761904761904763,0.024528,0.7488584474885844
PD4OP0Gm.png,lampung,train,PNG,RGB,938,56,3502,False,1,,16.75,0.052528,0.5333536399634481
GpJFtA35.png,jawi,train,PNG,RGB,79,62,384,False,1,,1.2741935483870968,0.004898,0.6271947733768886
WqcfATow.png,jawi,train,PNG,RGB,80,49,513,False,1,,1.6326530612244898,0.00392,1.046938775510204
fbHJHq2G.png,jawa,train,PNG,RGB,896,70,6356,False,1,,12.8,0.06272,0.8107142857142857
49GVFYZ3.png,pegon,train,PNG,RGB,811,69,7566,False,1,,11.753623188405797,0.055959,1.0816490644936472
D7uzmJQg.png,sunda,train,PNG,RGB,55,56,399,False,1,,0.9821428571428571,0.00308,1.0363636363636364
18ORA4b9.png,sunda,train,PNG,RGB,81,61,765,False,1,,1.3278688524590163,0.004941,1.238615664845173
HWaOfeV1.png,sunda,train,PNG,RGB,171,52,1338,False,1,,3.2884615384615383,0.008892,1.203778677462888
cnr5Hz2z.png,jawi,train,PNG,RGB,31,33,262,False,1,,0.9393939393939394,0.001023,2.048875855327468
jPMwzlFa.png,lontara,train,PNG,RGB,928,57,4017,False,1,,16.280701754385966,0.052896,0.6075317604355717
r5siQaoT.png,sunda,train,PNG,RGB,406,77,2782,False,1,,5.2727272727272725,0.031262,0.7119186232486725
Rq6ARtYz.png,lontara,train,PNG,RGB,938,47,3949,False,1,,19.95744680851064,0.044086,0.7165993739509141
s6pHIPUp.png,sunda,train,PNG,RGB,57,46,579,False,1,,1.2391304347826086,0.002622,1.7665903890160184
Y2d7yaWa.png,pegon,train,PNG,RGB,838,70,8139,False,1,,11.971428571428572,0.05866,1.1099897715649505
qcRRtg6b.png,jawi,train,PNG,RGB,314,48,1709,False,1,,6.541666666666667,0.015072,0.9071125265392781
INdCbl0V.png,lontara,train,PNG,RGB,942,53,3812,False,1,,17.77358490566038,0.049926,0.6108240195489324
8FLb8Z9e.png,sunda,train,PNG,RGB,94,58,919,False,1,,1.6206896551724137,0.005452,1.3484959647835657
uDCpeB83.png,sunda,train,PNG,RGB,711,50,3908,False,1,,14.22,0.03555,0.87943741209564
6jg6wZYM.png,jawi,train,PNG,RGB,814,89,9764,False,1,,9.146067415730338,0.072446,1.0782099770863816
VsHm90ho.png,bali,train,PNG,RGB,1353,61,9096,False,1,,22.18032786885246,0.082533,0.8816836901602996
oIBpwfyT.png,pegon,train,PNG,RGB,150,137,3319,False,1,,1.094890510948905,0.02055,1.2920681265206813
gFy7NjCi.jpg,lontara,train,JPEG,RGB,330,248,31124,False,1,,1.3306451612903225,0.08184,3.0424242424242425
AywtGwk9.png,bali,train,PNG,RGB,1524,81,11222,False,1,,18.814814814814813,0.123444,0.7272609442338226
4z8VHvRp.png,sunda,train,PNG,RGB,139,41,945,False,1,,3.3902439024390243,0.005699,1.326548517283734
RU6V54Sr.png,jawi,train,PNG,RGB,554,86,2699,False,1,,6.441860465116279,0.047644,0.4531945260683402
BNztnT3G.png,sunda,train,PNG,RGB,803,46,4364,False,1,,17.456521739130434,0.036938,0.9451513346689047
C0lB4USX.png,sunda,train,PNG,RGB,792,82,5530,False,1,,9.658536585365853,0.064944,0.6812022665681202
Ae0oHfNq.png,sunda,train,PNG,RGB,79,55,708,False,1,,1.4363636363636363,0.004345,1.3035673187571921
rEdU1wa7.png,jawa,train,PNG,RGB,679,66,121558,False,1,,10.287878787878787,0.044814,21.700004462891062
ipvFnC6O.png,lampung,train,PNG,RGB,107,38,1167,False,1,,2.8157894736842106,0.004066,2.2961141170683717
vQjPlfLj.png,jawa,train,PNG,RGB,899,71,7155,False,1,,12.661971830985916,0.063829,0.8967710601764088
eAUV4zzw.png,jawa,train,PNG,RGB,989,104,7935,False,1,,9.509615384615385,0.102856,0.6171735241502684
cJiLsIOo.png,jawa,train,PNG,RGB,1018,66,8903,False,1,,15.424242424242424,0.067188,1.0600702506399953
IraZdZJK.png,jawa,train,PNG,RGB,936,41,4648,False,1,,22.829268292682926,0.038376,0.9689389201584323
VbSkTOYp.png,bali,train,PNG,RGB,1380,70,10354,False,1,,19.714285714285715,0.0966,0.8574741200828158
RsXRpf3C.png,sunda,train,PNG,RGB,371,77,2408,False,1,,4.818181818181818,0.028567,0.6743445234011272
48vzxUs0.png,bali,train,PNG,RGB,227,78,1755,False,1,,2.91025641025641,0.017706,0.7929515418502202
FFfDCnjR.png,jawi,train,PNG,RGB,28,37,321,False,1,,0.7567567567567568,0.001036,2.4787644787644787
u29gOzoJ.png,lampung,train,PNG,RGB,140,36,1863,False,1,,3.888888888888889,0.00504,2.9571428571428573
QI5W6ITd.png,jawa,train,PNG,RGB,896,61,6843,False,1,,14.688524590163935,0.054656,1.0016100702576112
5do5nCv1.png,pegon,train,PNG,RGB,125,58,826,False,1,,2.1551724137931036,0.00725,0.911448275862069
Ms8pcT4l.png,lampung,train,PNG,RGB,276,80,1814,False,1,,3.45,0.02208,0.6572463768115943
EZKsfIau.png,sunda,train,PNG,RGB,190,54,1434,False,1,,3.5185185185185186,0.01026,1.1181286549707603
ZvyrSx94.png,lampung,train,PNG,RGB,123,37,1641,False,1,,3.324324324324324,0.004551,2.8846407382992747
bHwRnMpK.png,jawi,train,PNG,RGB,607,59,4895,False,1,,10.288135593220339,0.035813,1.0934576829642868
W7MDlp91.png,sunda,train,PNG,RGB,69,60,596,False,1,,1.15,0.00414,1.1516908212560386
pGantmFT.png,jawa,train,PNG,RGB,442,47,40818,False,1,,9.404255319148936,0.020774,15.718879368441321
6KqyMPaR.png,jawi,train,PNG,RGB,32,37,355,False,1,,0.8648648648648649,0.001184,2.3986486486486487
dgElFnJV.png,sunda,train,PNG,RGB,85,42,662,False,1,,2.0238095238095237,0.00357,1.4834733893557424
XwipKGQf.png,lampung,train,PNG,RGB,251,40,1026,False,1,,6.275,0.01004,0.8175298804780876
CyXkBtVS.png,lampung,train,PNG,RGB,152,40,2225,False,1,,3.8,0.00608,2.9276315789473686
nY2ugXgV.png,jawa,train,PNG,RGB,937,66,6391,False,1,,14.196969696969697,0.061842,0.8267520455353966
djKIdhTA.png,jawa,train,PNG,RGB,703,68,11990,False,1,,10.338235294117647,0.047804,2.0065266504894987
eytvM7Si.png,bali,train,PNG,RGB,1406,67,9389,False,1,,20.98507462686567,0.094202,0.7973503747266513
nmq6WURI.png,lampung,train,PNG,RGB,135,37,1728,False,1,,3.6486486486486487,0.004995,2.7675675675675677
mb46dG7l.png,jawi,train,PNG,RGB,53,47,426,False,1,,1.127659574468085,0.002491,1.3681252509032518
sFKpVlPG.png,pegon,train,PNG,RGB,52,46,548,False,1,,1.1304347826086956,0.002392,1.8327759197324414
yjdyA4ew.png,pegon,train,PNG,RGB,181,180,4770,False,1,,1.0055555555555555,0.03258,1.171270718232044
cOZbNfgE.png,jawi,train,PNG,RGB,251,45,1338,False,1,,5.5777777777777775,0.011295,0.947675962815405
j3znPujb.png,bali,train,PNG,RGB,80,59,741,False,1,,1.3559322033898304,0.00472,1.2559322033898306
qPNhM6FV.png,jawa,train,PNG,RGB,921,91,7991,False,1,,10.12087912087912,0.083811,0.7627638376824044
76C4p8SR.png,jawa,train,PNG,RGB,855,74,6484,False,1,,11.554054054054054,0.06327,0.8198514303777462
O8aBXoZi.png,jawa,train,PNG,RGB,937,76,9078,False,1,,12.328947368421053,0.071212,1.0198281188563725
dwdinPSa.png,jawi,train,PNG,RGB,352,54,2684,False,1,,6.518518518518518,0.019008,1.1296296296296295
yAiMAkKx.png,sunda,train,PNG,RGB,818,67,4399,False,1,,12.208955223880597,0.054806,0.6421194759697844
3SFhyLrZ.png,lampung,train,PNG,RGB,940,43,3789,False,1,,21.86046511627907,0.04042,0.7499257793171697
a7FYASKP.png,sunda,train,PNG,RGB,32,36,292,False,1,,0.8888888888888888,0.001152,2.0277777777777777
U1JwRdX1.png,jawa,train,PNG,RGB,675,76,12768,False,1,,8.881578947368421,0.0513,1.991111111111111
JGiGPGjv.png,sunda,train,PNG,RGB,215,51,1307,False,1,,4.215686274509804,0.010965,0.9535795713634291
iCzpnrgn.png,jawa,train,PNG,RGB,882,79,6917,False,1,,11.164556962025317,0.069678,0.7941674560119406
KCfLxLJI.png,sunda,train,PNG,RGB,150,42,1052,False,1,,3.5714285714285716,0.0063,1.3358730158730159
MoxwL7uB.png,jawi,train,PNG,RGB,26,24,239,False,1,,1.0833333333333333,0.000624,3.0641025641025643
FjY2bKk1.png,jawi,train,PNG,RGB,283,58,1639,False,1,,4.879310344827586,0.016414,0.798830266845376
2xqocgnn.png,jawi,train,PNG,RGB,795,79,7384,False,1,,10.063291139240507,0.062805,0.940562057161054
QrBIyo4p.png,jawa,train,PNG,RGB,894,95,10119,False,1,,9.410526315789474,0.08493,0.9531614270575768
KXX9rqp9.png,jawa,train,PNG,RGB,762,54,5016,False,1,,14.11111111111111,0.041148,0.9752114319043453
Okf3d3Wh.png,pegon,train,PNG,RGB,151,133,3682,False,1,,1.1353383458646618,0.020083,1.4667131404670617
iwC3WfNp.png,jawa,train,PNG,RGB,633,73,5427,False,1,,8.67123287671233,0.046209,0.9395572291112121
nJkTe6nm.png,jawa,train,PNG,RGB,634,110,22581,False,1,,5.763636363636364,0.06974,2.5903068540292513
Qn3NCkjC.png,jawi,train,PNG,RGB,294,46,1632,False,1,,6.391304347826087,0.013524,0.9653948535936113
Tl7C65lw.png,jawa,train,PNG,RGB,586,73,76714,False,1,,8.027397260273972,0.042778,14.3464397587545
i4AFpU25.png,lampung,train,PNG,RGB,92,36,1209,False,1,,2.5555555555555554,0.003312,2.920289855072464
mBBZjQIj.png,sunda,train,PNG,RGB,181,44,1262,False,1,,4.113636363636363,0.007964,1.267704671019588
WaAj0hRS.png,bali,train,PNG,RGB,138,61,984,False,1,,2.262295081967213,0.008418,0.9351389878831077
dMNkE1Ou.png,pegon,train,PNG,RGB,828,70,8606,False,1,,11.82857142857143,0.05796,1.1878536922015184
YwbjuaDk.png,lontara,train,PNG,RGB,953,64,4333,False,1,,14.890625,0.060992,0.5683368310598111
OrtLHxsW.png,bali,train,PNG,RGB,1137,74,9053,False,1,,15.364864864864865,0.084138,0.8607763436259478
jY7HKXHU.png,jawa,train,PNG,RGB,525,56,55711,False,1,,9.375,0.0294,15.159455782312925
IcvwoHi5.png,jawa,train,PNG,RGB,648,83,11056,False,1,,7.807228915662651,0.053784,1.6445039416926968
Upp8Rm0A.jpg,jawa,train,JPEG,RGB,972,632,107612,False,1,"(96, 96)",1.5379746835443038,0.614304,1.4014168880554254
ge440A3b.jpg,lontara,train,JPEG,RGB,4608,3456,816847,False,1,"(240.0, 240.0)",1.3333333333333333,15.925248,0.41034061133616256
HstbKfBE.png,lampung,train,PNG,RGB,147,41,2161,False,1,,3.5853658536585367,0.006027,2.868425418948067
P28A3Spn.png,bali,train,PNG,RGB,125,88,1193,False,1,,1.4204545454545454,0.011,0.8676363636363637
9Wfypakb.png,jawi,train,PNG,RGB,566,54,4086,False,1,,10.481481481481481,0.030564,1.0694935217903416
nhSNQ4NX.png,lampung,train,PNG,RGB,99,31,1079,False,1,,3.193548387096774,0.003069,2.8126425545780385
poQCWyYr.png,lampung,train,PNG,RGB,238,111,1917,False,1,,2.144144144144144,0.026418,0.5805132863956394
U6fObyJX.png,sunda,train,PNG,RGB,134,43,917,False,1,,3.116279069767442,0.005762,1.2731690385282888
QCEUSMHO.png,pegon,train,PNG,RGB,380,82,4162,False,1,,4.634146341463414,0.03116,1.0685494223363285
k5zKCoob.png,jawa,train,PNG,RGB,813,72,6792,False,1,,11.291666666666666,0.058536,0.9282492824928249
08aYHbC0.png,jawi,train,PNG,RGB,443,62,2236,False,1,,7.145161290322581,0.027466,0.6512779436394087
7ZPRW0FR.png,sunda,train,PNG,RGB,85,54,742,False,1,,1.5740740740740742,0.00459,1.2932461873638343
hWfvS5zU.png,pegon,train,PNG,RGB,123,112,2279,False,1,,1.0982142857142858,0.013776,1.3234610917537746
WFYK7wVf.png,jawi,train,PNG,RGB,81,47,605,False,1,,1.7234042553191489,0.003807,1.2713422642500656
PqGoUotM.png,lontara,train,PNG,RGB,938,52,4174,False,1,,18.03846153846154,0.048776,0.6845989831064458
tYyESj0U.png,bali,train,PNG,RGB,1373,66,10031,False,1,,20.803030303030305,0.090618,0.8855635745657595
C2ddQCGg.png,lampung,train,PNG,RGB,128,42,1983,False,1,,3.0476190476190474,0.005376,2.950892857142857
6pvIX459.png,jawa,train,PNG,RGB,910,66,6792,False,1,,13.787878787878787,0.06006,0.9046953046953047
TbERKONw.png,lontara,train,PNG,RGB,936,42,3942,False,1,,22.285714285714285,0.039312,0.8021978021978022
jBaqIxtA.png,sunda,train,PNG,RGB,676,71,3542,False,1,,9.52112676056338,0.047996,0.5903825318776564
U5yl4IIX.png,jawa,train,PNG,RGB,623,62,4991,False,1,,10.048387096774194,0.038626,1.0337078651685394
Cu9T369R.png,lontara,train,PNG,RGB,579,58,2387,False,1,,9.982758620689655,0.033582,0.56863796081234
rrf91bbL.png,sunda,train,PNG,RGB,99,63,910,False,1,,1.5714285714285714,0.006237,1.1672278338945006
dpMqwLL2.png,bali,train,PNG,RGB,237,74,1572,False,1,,3.2027027027027026,0.017538,0.7170715018816285
GlyqwkS4.png,lontara,train,PNG,RGB,665,47,3060,False,1,,14.148936170212766,0.031255,0.7832346824508079
HcdfCAZd.png,sunda,train,PNG,RGB,175,53,1155,False,1,,3.30188679245283,0.009275,0.9962264150943396
OFPHRovZ.png,jawi,train,PNG,RGB,86,57,397,False,1,,1.5087719298245614,0.004902,0.6478988168094655
xhefJcO0.png,bali,train,PNG,RGB,426,59,3064,False,1,,7.220338983050848,0.025134,0.9752526458184133
6xN5Fd2w.png,pegon,train,PNG,RGB,118,120,2593,False,1,,0.9833333333333333,0.01416,1.4649717514124294
ih1FqWkA.png,jawa,train,PNG,RGB,145,113,1603,False,1,,1.2831858407079646,0.016385,0.7826670735428746
zmMtAnw5.png,lontara,train,PNG,RGB,939,54,4022,False,1,,17.38888888888889,0.050706,0.6345600126217804
pjCt6g2D.png,jawi,train,PNG,RGB,39,51,394,False,1,,0.7647058823529411,0.001989,1.584715937657114
Fe9H6IP8.png,jawi,train,PNG,RGB,806,97,8857,False,1,,8.309278350515465,0.078182,0.906295566754496
CqMnPFZn.png,lampung,train,PNG,RGB,139,42,1469,False,1,,3.3095238095238093,0.005838,2.013018156903049
ojFD6pZm.png,jawi,train,PNG,RGB,840,68,5118,False,1,,12.352941176470589,0.05712,0.7168067226890756
clb99A33.png,jawi,train,PNG,RGB,155,72,1012,False,1,,2.1527777777777777,0.01116,0.7254480286738352
0vvMc4ds.png,jawa,train,PNG,RGB,677,63,82266,False,1,,10.746031746031745,0.042651,15.430540901737357
wzGba4AH.png,sunda,train,PNG,RGB,76,54,675,False,1,,1.4074074074074074,0.004104,1.3157894736842106
70l0mxku.png,sunda,train,PNG,RGB,712,48,3980,False,1,,14.833333333333334,0.034176,0.9316479400749064
b89RUQx5.png,lontara,train,PNG,RGB,940,48,4370,False,1,,19.583333333333332,0.04512,0.774822695035461
YaAJvlaX.png,jawi,train,PNG,RGB,785,89,6984,False,1,,8.820224719101123,0.069865,0.7997137336291419
nhKXB7Qo.png,lontara,train,PNG,RGB,933,64,4438,False,1,,14.578125,0.059712,0.5945873526259379
r2DdB2yi.png,pegon,train,PNG,RGB,178,178,4926,False,1,,1.0,0.031684,1.2437823507132937
frLXoSeF.png,bali,train,PNG,RGB,1409,54,8908,False,1,,26.09259259259259,0.076086,0.9366243461346371
98RpO4vT.png,jawa,train,PNG,RGB,487,90,3769,False,1,,5.411111111111111,0.04383,0.6879306411133926
9D9NLBaF.jpg,sunda,train,JPEG,RGB,736,1152,194432,False,1,,0.6388888888888888,0.847872,1.8345410628019323
0CDi1L7T.png,bali,train,PNG,RGB,1536,59,10554,False,1,,26.033898305084747,0.090624,0.9316737288135594
hcpkttpU.png,sunda,train,PNG,RGB,437,44,2859,False,1,,9.931818181818182,0.019228,1.1895152902017891
B9qWsgCy.png,bali,train,PNG,RGB,362,66,3120,False,1,,5.484848484848484,0.023892,1.0447011551983927
c0wO7CYR.png,sunda,train,PNG,RGB,203,46,1409,False,1,,4.413043478260869,0.009338,1.207110730349111
s1YcGI2I.png,jawi,train,PNG,RGB,798,70,6662,False,1,,11.4,0.05586,0.9540995345506623
1a4UsITZ.png,lampung,train,PNG,RGB,150,43,1874,False,1,,3.488372093023256,0.00645,2.324341085271318
19bwMYLN.png,jawa,train,PNG,RGB,906,64,15421,False,1,,14.15625,0.057984,2.1276214128035322
lyKlRbaX.png,jawa,train,PNG,RGB,1011,83,6595,False,1,,12.180722891566266,0.083913,0.6287464397649947
80ojwRWZ.png,pegon,train,PNG,RGB,896,88,10707,False,1,,10.181818181818182,0.078848,1.086343344155844
hr0dfYh7.png,lontara,train,PNG,RGB,948,48,4302,False,1,,19.75,0.045504,0.7563291139240507
7JlX3bAd.png,lampung,train,PNG,RGB,90,37,990,False,1,,2.4324324324324325,0.00333,2.3783783783783785
TZXjeSy0.png,lampung,train,PNG,RGB,581,203,11126,False,1,,2.8620689655172415,0.117943,0.754669628549384
kPaABd0l.png,lontara,train,PNG,RGB,954,60,4636,False,1,,15.9,0.05724,0.6479385045422781
HT5rmqMe.png,sunda,train,PNG,RGB,787,70,4919,False,1,,11.242857142857142,0.05509,0.714322018515157
DXszkDdN.png,jawi,train,PNG,RGB,800,79,7068,False,1,,10.126582278481013,0.0632,0.8946835443037975
UdhDfaAy.png,jawa,train,PNG,RGB,546,74,10048,False,1,,7.378378378378378,0.040404,1.9895059895059894
vRes0AJq.png,lampung,train,PNG,RGB,114,36,1145,False,1,,3.1666666666666665,0.004104,2.2319688109161793
8ua1wfDX.png,jawi,train,PNG,RGB,802,79,7475,False,1,,10.151898734177216,0.063358,0.9438429243347328
Oez2NizN.png,pegon,train,PNG,RGB,114,109,2286,False,1,,1.0458715596330275,0.012426,1.4717527764365042
0XmV3sqy.png,lontara,train,PNG,RGB,941,61,4603,False,1,,15.426229508196721,0.057401,0.6415219247051445
VhDTXgrp.png,lontara,train,PNG,RGB,938,51,4335,False,1,,18.392156862745097,0.047838,0.7249466950959488
vgioF8rC.png,jawa,train,PNG,RGB,920,59,6223,False,1,,15.59322033898305,0.05428,0.9171702284450994
TxMU41VO.png,lampung,train,PNG,RGB,127,36,1381,False,1,,3.5277777777777777,0.004572,2.416447944006999
CuRMXZBz.png,pegon,train,PNG,RGB,119,107,1877,False,1,,1.1121495327102804,0.012733,1.1792978873792508
dP4RZxcI.png,jawi,train,PNG,RGB,63,55,466,False,1,,1.1454545454545455,0.003465,1.075901875901876
17nQ7hxB.png,jawa,train,PNG,RGB,811,51,4960,False,1,,15.901960784313726,0.041361,0.9593578491815962
m8IB76jQ.png,sunda,train,PNG,RGB,44,54,447,False,1,,0.8148148148148148,0.002376,1.505050505050505
GhwXgGfR.png,bali,train,PNG,RGB,90,68,938,False,1,,1.3235294117647058,0.00612,1.2261437908496733
7PsKowCN.png,lontara,train,PNG,RGB,966,45,3797,False,1,,21.466666666666665,0.04347,0.6987807683459858
BUFPaVQZ.png,sunda,train,PNG,RGB,209,45,1447,False,1,,4.644444444444445,0.009405,1.2308346624136097
d3UqJGKe.png,jawi,train,PNG,RGB,442,58,2402,False,1,,7.620689655172414,0.025636,0.7495709158995163
hrxUi4So.png,jawi,train,PNG,RGB,797,83,6761,False,1,,9.602409638554217,0.066151,0.8176444800532116
bKY1z0HZ.png,bali,train,PNG,RGB,177,77,1259,False,1,,2.2987012987012987,0.013629,0.7390124000293492
27D56YjS.png,lampung,train,PNG,RGB,148,45,2917,False,1,,3.2888888888888888,0.00666,3.503903903903904
TKGLdJm3.png,sunda,train,PNG,RGB,109,42,762,False,1,,2.5952380952380953,0.004578,1.3315858453473133
fvQqQR7V.png,jawa,train,PNG,RGB,346,74,6542,False,1,,4.675675675675675,0.025604,2.0440556163099517
01MMZ5aI.png,jawa,train,PNG,RGB,952,76,5828,False,1,,12.526315789473685,0.072352,0.6444051304732419
0dfivSA8.png,lontara,train,PNG,RGB,811,53,4116,False,1,,15.30188679245283,0.042983,0.7660703068655049
4HAoOb3l.png,jawi,train,PNG,RGB,882,64,5070,False,1,,13.78125,0.056448,0.7185374149659864
nbFy3gmG.png,bali,train,PNG,RGB,1370,61,9237,False,1,,22.459016393442624,0.08357,0.8842407562522436
3MmTjrlP.png,jawa,train,PNG,RGB,642,84,14241,False,1,,7.642857142857143,0.053928,2.1125945705384956
Cd46zhcT.png,pegon,train,PNG,RGB,174,172,3921,False,1,,1.0116279069767442,0.029928,1.0481154771451484
BpNhg6ls.png,sunda,train,PNG,RGB,674,78,3950,False,1,,8.64102564102564,0.052572,0.60108042303888
6KVqgrdM.png,pegon,train,PNG,RGB,175,156,4346,False,1,,1.1217948717948718,0.0273,1.2735531135531135
JYtblEYm.png,jawa,train,PNG,RGB,336,51,33943,False,1,,6.588235294117647,0.017136,15.84640522875817
IGQ5z17r.png,jawa,train,PNG,RGB,939,70,6902,False,1,,13.414285714285715,0.06573,0.8400425985090522
nbRDI49S.png,jawi,train,PNG,RGB,128,47,799,False,1,,2.723404255319149,0.006016,1.0625
Zi9CGwaW.png,jawi,train,PNG,RGB,19,15,201,False,1,,1.2666666666666666,0.000285,5.6421052631578945
wXDIdAIQ.png,lampung,train,PNG,RGB,191,76,1394,False,1,,2.513157894736842,0.014516,0.7682557178286029
j8hvrMrh.png,jawi,train,PNG,RGB,22,33,220,False,1,,0.6666666666666666,0.000726,2.4242424242424243
gELOnTQ8.png,sunda,train,PNG,RGB,83,55,710,False,1,,1.509090909090909,0.004565,1.244249726177437
H97vIDFG.png,jawi,train,PNG,RGB,803,89,7509,False,1,,9.02247191011236,0.071467,0.8405557809898275
MXWpeYmn.png,pegon,train,PNG,RGB,97,84,1599,False,1,,1.1547619047619047,0.008148,1.5699558173784978
qoikUBwF.png,sunda,train,PNG,RGB,44,54,367,False,1,,0.8148148148148148,0.002376,1.2356902356902357
txixAaRu.png,jawi,train,PNG,RGB,77,39,568,False,1,,1.9743589743589745,0.003003,1.5131535131535132
k9F7RsAo.png,jawi,train,PNG,RGB,530,66,3300,False,1,,8.030303030303031,0.03498,0.7547169811320755
nbXcyVS0.png,lampung,train,PNG,RGB,149,41,1832,False,1,,3.6341463414634148,0.006109,2.399083319692257
xWAVcyUQ.png,jawa,train,PNG,RGB,934,78,18876,False,1,,11.974358974358974,0.072852,2.0728051391862956
p1KvJOpI.jpg,jawa,train,JPEG,RGB,768,1024,123258,False,1,,0.75,0.786432,1.25384521484375
C566ep0O.png,jawi,train,PNG,RGB,809,80,7683,False,1,,10.1125,0.06472,0.9496909765142151
cqOKstEs.png,jawa,train,PNG,RGB,618,79,11583,False,1,,7.822784810126582,0.048822,1.897996804719184
GOJYN8Ke.png,sunda,train,PNG,RGB,143,42,1028,False,1,,3.4047619047619047,0.006006,1.3692973692973693
f2iyc947.png,jawi,train,PNG,RGB,121,31,798,False,1,,3.903225806451613,0.003751,1.7019461476939484
Chi8tOxt.png,jawa,train,PNG,RGB,831,82,7488,False,1,,10.134146341463415,0.068142,0.8791053975521704
nXFMMzKG.png,jawi,train,PNG,RGB,953,65,5503,False,1,,14.661538461538461,0.061945,0.7106949713455485
MuQjkMD7.png,jawi,train,PNG,RGB,205,92,1352,False,1,,2.2282608695652173,0.01886,0.5734888653234358
4t6j7WDj.jpg,lampung,train,JPEG,RGB,1270,954,239701,False,1,"(300, 300)",1.3312368972746331,1.21158,1.58273329041417
EYfOQbjR.png,sunda,train,PNG,RGB,74,44,573,False,1,,1.6818181818181819,0.003256,1.4078624078624078
qBGQp2f4.png,sunda,train,PNG,RGB,223,46,1411,False,1,,4.8478260869565215,0.010258,1.1004094365373367
NjSjleEK.png,sunda,train,PNG,RGB,735,73,4274,False,1,,10.068493150684931,0.053655,0.6372565464541982
RBrgVb0r.png,jawi,train,PNG,RGB,858,103,4841,False,1,,8.330097087378642,0.088374,0.4382284382284382
CxqhB2vV.png,bali,train,PNG,RGB,1427,67,10381,False,1,,21.29850746268657,0.095609,0.8686211549121945
QhTBtVpk.png,bali,train,PNG,RGB,96,67,1015,False,1,,1.4328358208955223,0.006432,1.2624378109452736
pn7Eltsw.png,pegon,train,PNG,RGB,844,81,8430,False,1,,10.419753086419753,0.068364,0.9864841144461998
xwvLPfJ9.png,pegon,train,PNG,RGB,908,88,9900,False,1,,10.318181818181818,0.079904,0.9911894273127754
8GWAk0ds.png,lampung,train,PNG,RGB,123,36,1602,False,1,,3.4166666666666665,0.004428,2.894308943089431
9qkJVgk3.png,jawi,train,PNG,RGB,75,51,502,False,1,,1.4705882352941178,0.003825,1.0499346405228758
IBkfr9Dk.png,jawi,train,PNG,RGB,416,74,2535,False,1,,5.621621621621622,0.030784,0.6587837837837838
AyNqhpo3.png,jawa,train,PNG,RGB,997,79,17204,False,1,,12.620253164556962,0.078763,1.7474194736107056
ZfZb7Wre.jpg,jawa,train,JPEG,RGB,1440,1920,448314,False,1,,0.75,2.7648,1.297204861111111
g9f8i1Ui.png,jawa,train,PNG,RGB,635,83,8170,False,1,,7.650602409638554,0.052705,1.240110046485153
j76Ic5Y3.png,jawi,train,PNG,RGB,41,38,350,False,1,,1.0789473684210527,0.001558,1.797175866495507
KC6zdFaL.png,jawa,train,PNG,RGB,997,100,7968,False,1,,9.97,0.0997,0.639358074222668
mKhQBdwA.png,sunda,train,PNG,RGB,112,61,1071,False,1,,1.8360655737704918,0.006832,1.2540983606557377
gFMueXPs.png,jawi,train,PNG,RGB,313,60,1775,False,1,,5.216666666666667,0.01878,0.7561235356762513
vk31wBev.png,jawi,train,PNG,RGB,379,63,3002,False,1,,6.015873015873016,0.023877,1.0058215018637182
78ORQc4c.png,sunda,train,PNG,RGB,800,42,4435,False,1,,19.047619047619047,0.0336,1.055952380952381
p4pi6VXK.png,jawa,train,PNG,RGB,842,67,13696,False,1,,12.567164179104477,0.056414,1.942212925869465
hz0i0VAL.jpg,jawi,train,JPEG,RGB,654,480,32475,False,1,"(96, 96)",1.3625,0.31392,0.8275993883792049
kf8yJyhK.png,jawa,train,PNG,RGB,930,64,7362,False,1,,14.53125,0.05952,0.989516129032258
CqZCTB8q.png,jawa,train,PNG,RGB,919,72,7240,False,1,,12.76388888888889,0.066168,0.8753476000483618
g3kvSk1p.png,jawi,train,PNG,RGB,49,50,329,False,1,,0.98,0.00245,1.0742857142857143
GAOgnfKS.png,pegon,train,PNG,RGB,143,116,2806,False,1,,1.2327586206896552,0.016588,1.3532674222329395
iM3DEjm8.png,lontara,train,PNG,RGB,860,63,3974,False,1,,13.65079365079365,0.05418,0.5867847914359542
JKN982kq.png,jawi,train,PNG,RGB,755,96,2820,False,1,,7.864583333333333,0.07248,0.31125827814569534
ufnc7kuz.png,jawi,train,PNG,RGB,618,69,2817,False,1,,8.956521739130435,0.042642,0.5284930350358801
oQ8UwTaE.png,pegon,train,PNG,RGB,70,60,907,False,1,,1.1666666666666667,0.0042,1.7276190476190476
QG8yrGd8.png,lampung,train,PNG,RGB,247,70,1627,False,1,,3.5285714285714285,0.01729,0.752805089647195
6caK0TCI.png,jawi,train,PNG,RGB,587,78,5040,False,1,,7.5256410256410255,0.045786,0.8806185296815621
OqCvqOrQ.png,pegon,train,PNG,RGB,82,69,933,False,1,,1.1884057971014492,0.005658,1.3191940615058324
JLXQASMz.png,jawa,train,PNG,RGB,389,67,43740,False,1,,5.8059701492537314,0.026063,13.425929478571154
D1c1o2WU.png,lontara,train,PNG,RGB,882,41,3926,False,1,,21.51219512195122,0.036162,0.8685360322990985
XJSwtqJo.png,sunda,train,PNG,RGB,779,65,4742,False,1,,11.984615384615385,0.050635,0.7492050952898193
AanAhSMP.png,jawi,train,PNG,RGB,60,51,471,False,1,,1.1764705882352942,0.00306,1.231372549019608
LDln3bUH.png,jawa,train,PNG,RGB,923,64,6138,False,1,,14.421875,0.059072,0.8312567713976164
2WFx5pUQ.png,jawa,train,PNG,RGB,709,88,112445,False,1,,8.056818181818182,0.062392,14.417874086421335
l04dtfsw.png,lampung,train,PNG,RGB,172,43,869,False,1,,4.0,0.007396,0.9399675500270417
VoOkCBlG.png,sunda,train,PNG,RGB,239,42,1351,False,1,,5.690476190476191,0.010038,1.0767085076708507
44PoGOC6.png,jawi,train,PNG,RGB,83,47,314,False,1,,1.7659574468085106,0.003901,0.6439374519354012
bnCQCCP0.png,jawi,train,PNG,RGB,895,53,2104,False,1,,16.88679245283019,0.047435,0.35484347001159483
lcJFatXl.png,jawi,train,PNG,RGB,161,51,910,False,1,,3.156862745098039,0.008211,0.886615515771526
pYOWOnoZ.png,jawi,train,PNG,RGB,57,56,460,False,1,,1.0178571428571428,0.003192,1.1528822055137844
21ExR9Ru.png,sunda,train,PNG,RGB,81,47,663,False,1,,1.7234042553191489,0.003807,1.3932230102442869
I2f3AdpP.png,jawa,train,PNG,RGB,909,76,7049,False,1,,11.960526315789474,0.069084,0.8162816281628162
EFJyYqoz.png,jawa,train,PNG,RGB,479,46,44204,False,1,,10.41304347826087,0.022034,16.049378233638922
Fpi34fCB.png,lampung,train,PNG,RGB,158,45,2162,False,1,,3.511111111111111,0.00711,2.4326300984528832
9nxofWC0.png,jawi,train,PNG,RGB,804,40,4512,False,1,,20.1,0.03216,1.1223880597014926
ZMAb47Da.png,jawi,train,PNG,RGB,35,45,331,False,1,,0.7777777777777778,0.001575,1.6812698412698412
2fkdzLjc.png,lampung,train,PNG,RGB,289,75,2142,False,1,,3.8533333333333335,0.021675,0.7905882352941176
hwqyFzh5.png,bali,train,PNG,RGB,90,61,936,False,1,,1.4754098360655739,0.00549,1.3639344262295081
KN9Iw5q8.png,lampung,train,PNG,RGB,264,77,1684,False,1,,3.4285714285714284,0.020328,0.6627312081857536
p3gMu4xn.png,jawa,train,PNG,RGB,970,77,17728,False,1,,12.597402597402597,0.07469,1.8988351854331236
oCvVQCcJ.png,jawa,train,PNG,RGB,853,94,7612,False,1,,9.074468085106384,0.080182,0.759472200743309
GgCJQTs8.png,jawa,train,PNG,RGB,705,110,24130,False,1,,6.409090909090909,0.07755,2.48923275306254
hJoHn83a.png,sunda,train,PNG,RGB,32,36,313,False,1,,0.8888888888888888,0.001152,2.173611111111111
vNZuhbRM.png,jawi,train,PNG,RGB,564,83,2776,False,1,,6.795180722891566,0.046812,0.47440827138340597
BhcaOKnO.png,lontara,train,PNG,RGB,1024,44,5438,False,1,,23.272727272727273,0.045056,0.9655539772727273
a38mKtUf.png,jawi,train,PNG,RGB,789,78,7512,False,1,,10.115384615384615,0.061542,0.9765038510285659
QS4dasqK.png,jawa,train,PNG,RGB,328,59,36950,False,1,,5.559322033898305,0.019352,15.274906986358
CUahBk8n.png,jawi,train,PNG,RGB,624,82,5314,False,1,,7.609756097560975,0.051168,0.8308317698561601
DYeVyAyC.png,sunda,train,PNG,RGB,72,42,564,False,1,,1.7142857142857142,0.003024,1.492063492063492
fgR4T1WK.png,bali,train,PNG,RGB,234,60,2030,False,1,,3.9,0.01404,1.1566951566951567
o7wasDKU.jpg,jawi,train,JPEG,RGB,1237,1600,104392,False,1,"(72, 72)",0.773125,1.9792,0.42195634599838316
bZm9gGmC.png,sunda,train,PNG,RGB,160,35,933,False,1,,4.571428571428571,0.0056,1.332857142857143
GE0IcGGu.png,jawa,train,PNG,RGB,127,69,961,False,1,,1.8405797101449275,0.008763,0.8773251169690746
tOrVRjPb.png,jawa,train,PNG,RGB,115,66,1042,False,1,,1.7424242424242424,0.00759,1.0982872200263505
Kgpk7ZZg.png,bali,train,PNG,RGB,167,60,1380,False,1,,2.783333333333333,0.01002,1.1017964071856288
NVx8YxxP.png,jawi,train,PNG,RGB,142,45,817,False,1,,3.1555555555555554,0.00639,1.022848200312989
37GylGd0.png,lampung,train,PNG,RGB,231,74,1638,False,1,,3.1216216216216215,0.017094,0.7665847665847666
6fEMM1Oz.png,bali,train,PNG,RGB,1335,59,9739,False,1,,22.627118644067796,0.078765,0.9891703167650606
A9sXDe5H.png,lontara,train,PNG,RGB,435,57,1944,False,1,,7.631578947368421,0.024795,0.6272232304900182
RSGUES1l.png,sunda,train,PNG,RGB,819,75,4698,False,1,,10.92,0.061425,0.6118681318681318
T5ThUHie.jpg,jawi,train,JPEG,RGB,840,570,92517,False,1,"(72, 72)",1.4736842105263157,0.4788,1.5458145363408522
u6O8GoiS.png,sunda,train,PNG,RGB,144,43,941,False,1,,3.3488372093023258,0.006192,1.2157622739018088
NkCNXRcC.png,jawa,train,PNG,RGB,560,94,98673,False,1,,5.957446808510638,0.05264,14.995896656534955
i95CZtB9.png,jawa,train,PNG,RGB,811,59,5995,False,1,,13.745762711864407,0.047849,1.0023197976969216
86I8SQzL.png,jawi,train,PNG,RGB,799,84,7573,False,1,,9.511904761904763,0.067116,0.9026759640026223
kkZ1uJIR.png,jawi,train,PNG,RGB,689,87,4107,False,1,,7.919540229885057,0.059943,0.548120714678945
sVKuUOSv.png,pegon,train,PNG,RGB,136,122,2615,False,1,,1.1147540983606556,0.016592,1.2608486017357763
oEexlTsq.png,jawi,train,PNG,RGB,800,81,8411,False,1,,9.876543209876543,0.0648,1.038395061728395
Dry3qSLh.png,jawi,train,PNG,RGB,782,74,7562,False,1,,10.567567567567568,0.057868,1.045413700145158
KNBLkUcH.png,bali,train,PNG,RGB,132,90,1279,False,1,,1.4666666666666666,0.01188,0.8612794612794613
NUd1UDvM.png,lontara,train,PNG,RGB,975,51,4370,False,1,,19.11764705882353,0.049725,0.7030668677727501
IXK7zxuZ.png,jawa,train,PNG,RGB,943,93,8237,False,1,,10.13978494623656,0.087699,0.7513882712459663
1KefcIhj.png,jawi,train,PNG,RGB,382,61,3214,False,1,,6.262295081967213,0.023302,1.1034245987468887
spliyOqu.png,lampung,train,PNG,RGB,147,36,2146,False,1,,4.083333333333333,0.005292,3.2441421012849583
EjBO4VeV.png,jawa,train,PNG,RGB,677,76,12232,False,1,,8.907894736842104,0.051452,1.9018891393920547
WDR2ShTy.png,pegon,train,PNG,RGB,691,87,7057,False,1,,7.942528735632184,0.060117,0.9391020842690088
TXWQkfQ4.png,jawa,train,PNG,RGB,642,112,23152,False,1,,5.732142857142857,0.071904,2.5758789497107255
uTFMKoRL.png,sunda,train,PNG,RGB,281,48,1945,False,1,,5.854166666666667,0.013488,1.1536180308422301
HzzA7VHe.png,lontara,train,PNG,RGB,933,67,4148,False,1,,13.925373134328359,0.062511,0.5308505702996272
R89F1Atb.png,jawa,train,PNG,RGB,812,64,6014,False,1,,12.6875,0.051968,0.9258004926108374
UIaLnvhh.png,lampung,train,PNG,RGB,285,80,1814,False,1,,3.5625,0.0228,0.6364912280701754
mFUCWEED.png,jawi,train,PNG,RGB,34,41,288,False,1,,0.8292682926829268,0.001394,1.6527977044476327
Sj0tYd67.png,jawi,train,PNG,RGB,100,60,894,False,1,,1.6666666666666667,0.006,1.192
pabCL57q.png,pegon,train,PNG,RGB,114,84,1969,False,1,,1.3571428571428572,0.009576,1.6449456975772765
PzpijjpM.png,lampung,train,PNG,RGB,148,44,850,False,1,,3.3636363636363638,0.006512,1.0442260442260443
Mqn2TGZS.png,jawi,train,PNG,RGB,884,68,5365,False,1,,13.0,0.060112,0.7140005323396327
Ztg57klF.png,jawa,train,PNG,RGB,576,44,51789,False,1,,13.090909090909092,0.025344,16.34753787878788
3l22B7OQ.png,jawa,train,PNG,RGB,651,85,12263,False,1,,7.658823529411765,0.055335,1.7729104545043823
S2lydPJ3.jpg,pegon,train,JPEG,RGB,355,492,18646,False,1,"(96, 96)",0.7215447154471545,0.17466,0.8540478644223062
rUbk08HG.png,lampung,train,PNG,RGB,327,48,1370,False,1,,6.8125,0.015696,0.6982670744138634
ANzN1TIu.png,pegon,train,PNG,RGB,186,147,5181,False,1,,1.2653061224489797,0.027342,1.5159095896423085
lQXSutzH.png,jawa,train,PNG,RGB,667,81,93745,False,1,,8.234567901234568,0.054027,13.881207544375961
LdAfbYLV.png,lontara,train,PNG,RGB,979,48,4800,False,1,,20.395833333333332,0.046992,0.8171603677221655
z93c8GUg.png,bali,train,PNG,RGB,375,79,2677,False,1,,4.746835443037975,0.029625,0.7229029535864979
VsZpO7bY.png,pegon,train,PNG,RGB,420,60,3606,False,1,,7.0,0.0252,1.1447619047619049
a0CO5Rbb.png,jawa,train,PNG,RGB,372,68,50504,False,1,,5.470588235294118,0.025296,15.972169512966477
exqWyPOU.png,sunda,train,PNG,RGB,171,42,1122,False,1,,4.071428571428571,0.007182,1.2497911445279866
fiFlK8a2.png,jawa,train,PNG,RGB,355,47,4711,False,1,,7.553191489361702,0.016685,2.2587953251423434
jQg8o3pa.png,bali,train,PNG,RGB,1412,57,8767,False,1,,24.771929824561404,0.080484,0.8714278614382983
UuFHKhPB.png,lontara,train,PNG,RGB,877,53,4752,False,1,,16.547169811320753,0.046481,0.8178825756760827
i8aNlkNv.png,pegon,train,PNG,RGB,162,142,4212,False,1,,1.1408450704225352,0.023004,1.4647887323943662
DKyDdSq4.png,jawa,train,PNG,RGB,423,59,47062,False,1,,7.169491525423729,0.024957,15.085787554593901
qkwpx4OH.png,jawa,train,PNG,RGB,823,81,6708,False,1,,10.160493827160494,0.066663,0.805004275235138
FPuPjmRC.png,lontara,train,PNG,RGB,948,49,4236,False,1,,19.346938775510203,0.046452,0.7295272539395505
w6X8UUSv.png,jawi,train,PNG,RGB,152,88,1508,False,1,,1.7272727272727273,0.013376,0.9019138755980861
Pjd219XL.png,jawa,train,PNG,RGB,988,83,8440,False,1,,11.903614457831326,0.082004,0.8233744695380714
UvIhehD6.png,jawi,train,PNG,RGB,799,76,7271,False,1,,10.513157894736842,0.060724,0.9579079112047955
RVHspG2D.png,jawi,train,PNG,RGB,801,76,6967,False,1,,10.539473684210526,0.060876,0.9155660687298771
HBj1uyhH.png,jawi,train,PNG,RGB,365,95,2345,False,1,,3.8421052631578947,0.034675,0.5410237923576063
CkGqSZv5.png,jawa,train,PNG,RGB,354,60,39608,False,1,,5.9,0.02124,14.918267419962335
KxJaPGN8.png,jawa,train,PNG,RGB,882,82,7320,False,1,,10.75609756097561,0.072324,0.8096897295503567
OHoXioVL.png,sunda,train,PNG,RGB,787,74,4948,False,1,,10.635135135135135,0.058238,0.6796936707991346
MICLdVDB.png,lontara,train,PNG,RGB,940,51,3975,False,1,,18.431372549019606,0.04794,0.6633291614518148
yb8drFcF.png,jawa,train,PNG,RGB,397,81,8239,False,1,,4.901234567901234,0.032157,2.0496936903318095
yLFKh66e.png,sunda,train,PNG,RGB,43,37,387,False,1,,1.162162162162162,0.001591,1.945945945945946
kalEX9GD.png,jawa,train,PNG,RGB,906,65,13977,False,1,,13.938461538461539,0.05889,1.8987264391237901
WfmnDtRN.png,sunda,train,PNG,RGB,173,39,1122,False,1,,4.435897435897436,0.006747,1.3303690529124055
xkUMcjKo.png,lontara,train,PNG,RGB,943,55,4121,False,1,,17.145454545454545,0.051865,0.6356502458305215
aGRaVan8.png,lampung,train,PNG,RGB,148,41,1944,False,1,,3.6097560975609757,0.006068,2.5629531970995387
N0bb2f2V.png,pegon,train,PNG,RGB,842,70,8329,False,1,,12.028571428571428,0.05894,1.13050559891415
Zo51afLu.png,bali,train,PNG,RGB,1411,63,9619,False,1,,22.396825396825395,0.088893,0.8656699627642221
vFM0jy9H.jpg,jawa,train,JPEG,RGB,847,999,177032,False,1,"(72.0, 72.0)",0.8478478478478478,0.846153,1.6737587646678556
EYpmsJp4.jpg,bali,train,JPEG,RGB,1024,768,140717,False,1,"(72, 72)",1.3333333333333333,0.786432,1.4314473470052083
JqpiLypx.png,pegon,train,PNG,RGB,190,160,4319,False,1,,1.1875,0.0304,1.1365789473684211
MZ9jtSor.png,lampung,train,PNG,RGB,145,35,2236,False,1,,4.142857142857143,0.005075,3.5247290640394087
gEkmXKul.png,jawa,train,PNG,RGB,915,53,6730,False,1,,17.264150943396228,0.048495,1.1102175482008454
WEajVawh.png,,test,PNG,RGB,47,44,3587,False,1,,1.0681818181818181,0.002068,13.876208897485494
qA1ZrD98.png,,test,PNG,RGB,148,47,1928,False,1,,3.148936170212766,0.006956,2.2173663024726853
G4lDbpor.png,,test,PNG,RGB,407,70,3178,False,1,,5.814285714285714,0.02849,0.8923832923832924
fDI0VO86.png,,test,PNG,RGB,808,67,48044,False,1,,12.059701492537313,0.054136,7.099748780848234
J9SshuHf.png,,test,PNG,RGB,1447,56,189532,False,1,,25.839285714285715,0.081032,18.711817553559086
aZwZsKoj.png,,test,PNG,RGB,97,41,6241,False,1,,2.3658536585365852,0.003977,12.554186572793563
5sibrN1x.png,,test,PNG,RGB,919,80,69442,False,1,,11.4875,0.07352,7.5562568008705115
OQTuij3P.png,,test,PNG,RGB,160,138,30277,False,1,,1.1594202898550725,0.02208,10.969927536231884
ItQogqk5.jpg,,test,JPEG,RGB,720,961,112361,False,1,"(72, 72)",0.7492195629552549,0.69192,1.2991212856977685
ZqydnzgJ.png,,test,PNG,RGB,423,340,256859,False,1,,1.2441176470588236,0.14382,14.287804199694062
PVjGocDm.png,,test,PNG,RGB,868,66,7545,False,1,,13.151515151515152,0.057288,1.0536237955592795
VJtZBYhT.png,,test,PNG,RGB,392,102,51583,False,1,,3.843137254901961,0.039984,10.320728291316527
0CSBXH8E.png,,test,PNG,RGB,151,98,13519,False,1,,1.5408163265306123,0.014798,7.308555210163536
Qs5gOQRU.png,,test,PNG,RGB,886,77,76714,False,1,,11.506493506493506,0.068222,8.995807803934214
3pEwqbyv.png,,test,PNG,RGB,162,82,30746,False,1,,1.975609756097561,0.013284,18.5161096055405
LYSJlPHg.jpg,,test,JPEG,RGB,1024,1024,441954,False,1,,1.0,1.048576,3.3718414306640625
RuN8j9dn.png,,test,PNG,RGB,139,42,8478,False,1,,3.3095238095238093,0.005838,11.617677286742035
r0elQ0IA.jpg,,test,JPEG,RGB,480,288,16803,False,1,,1.6666666666666667,0.13824,0.9723958333333333
2vGITeza.png,,test,PNG,RGB,137,42,5328,False,1,,3.261904761904762,0.005754,7.407716371220021
8cP0TG9G.png,,test,PNG,RGB,794,71,19249,False,1,,11.183098591549296,0.056374,2.7316138645474863
j6anMMkb.png,,test,PNG,RGB,94,36,6372,False,1,,2.611111111111111,0.003384,15.063829787234043
KTQSUrrc.jpg,,test,JPEG,RGB,1200,800,116894,False,1,"(96, 96)",1.5,0.96,0.9741166666666666
m5VeP6bO.png,,test,PNG,RGB,357,63,2692,False,1,,5.666666666666667,0.022491,0.9575385709839491
SnCZ4PQw.png,,test,PNG,RGB,170,146,33673,False,1,,1.1643835616438356,0.02482,10.853505237711524
wBQ3yw10.png,,test,PNG,RGB,412,63,32301,False,1,,6.5396825396825395,0.025956,9.955617198335645
AdpKUfiD.png,,test,PNG,RGB,224,96,18374,False,1,,2.3333333333333335,0.021504,6.835565476190476
KEu2kTL0.jpg,,test,JPEG,RGB,1503,986,152297,False,1,"(300.0, 300.0)",1.524340770791075,1.481958,0.8221393588752178
vDh3sqrP.png,,test,PNG,RGB,798,43,4471,False,1,,18.558139534883722,0.034314,1.0423733752987119
vlFWLeRt.jpg,,test,JPEG,RGB,750,938,103573,False,1,"(149.86, 149.86)",0.7995735607675906,0.7035,1.1778024164889838
i3o0uiBI.png,,test,PNG,RGB,168,143,29205,False,1,,1.1748251748251748,0.024024,9.725274725274724
GzY7jkaJ.png,,test,PNG,RGB,781,60,24706,False,1,,13.016666666666667,0.04686,4.217840375586855
G3QE12Wa.png,,test,PNG,RGB,932,53,45213,False,1,,17.58490566037736,0.049396,7.322536237752045
OejnTLcZ.png,,test,PNG,RGB,665,525,379923,False,1,,1.2666666666666666,0.349125,8.70571858216971
XSED2XWK.jpg,,test,JPEG,RGB,1080,1440,109429,False,1,,0.75,1.5552,0.562906378600823
inXsqhEY.png,,test,PNG,RGB,82,55,751,False,1,,1.490909090909091,0.00451,1.332150776053215
ndpkiGAu.jpg,,test,JPEG,RGB,405,626,89577,False,1,,0.646964856230032,0.25353,2.8265530706425275
bJbum0jm.png,,test,PNG,RGB,885,64,60519,False,1,,13.828125,0.05664,8.547881355932203
vhJKwyt6.png,,test,PNG,RGB,113,48,1700,False,1,,2.3541666666666665,0.005424,2.5073746312684366
HC8195r5.jpg,,test,JPEG,RGB,1024,683,156093,False,1,"(72, 72)",1.499267935578331,0.699392,1.785470808931186
FsRveb1q.png,,test,PNG,RGB,150,141,3825,False,1,,1.0638297872340425,0.02115,1.446808510638298
I9EOqAYR.png,,test,PNG,RGB,708,48,40701,False,1,,14.75,0.033984,9.581214689265536
1ylSINFk.png,,test,PNG,RGB,915,59,48527,False,1,,15.508474576271187,0.053985,7.19118273594517
os7DW2YN.png,,test,PNG,RGB,124,58,18267,False,1,,2.1379310344827585,0.007192,20.31924360400445
lYmPrQa7.png,,test,PNG,RGB,143,138,2960,False,1,,1.036231884057971,0.019734,1.199959460829026
DouTwCmZ.jpg,,test,JPEG,RGB,768,503,90225,False,1,,1.5268389662027833,0.386304,1.8684766401590458
JM5Rlwfw.png,,test,PNG,RGB,134,124,21371,False,1,,1.0806451612903225,0.016616,10.289359653346173
4ONNN3sr.png,,test,PNG,RGB,796,88,181493,False,1,,9.045454545454545,0.070048,20.727843764275924
26WUdDnL.jpg,,test,JPEG,RGB,500,333,101793,False,1,,1.5015015015015014,0.1665,4.890954954954955
sXLZOJSp.jpg,,test,JPEG,RGB,300,243,84295,False,1,,1.2345679012345678,0.0729,9.25048010973937
TdLGEb6y.png,,test,PNG,RGB,848,43,27627,False,1,,19.72093023255814,0.036464,6.061211057481351
eJBz6Ijo.png,,test,PNG,RGB,611,47,24783,False,1,,13.0,0.028717,6.904063794964655
QfVxUOA8.png,,test,PNG,RGB,375,39,8276,False,1,,9.615384615384615,0.014625,4.527042735042735
xKDQ2khc.png,,test,PNG,RGB,76,55,4242,False,1,,1.3818181818181818,0.00418,8.11866028708134
J0DSglN2.png,,test,PNG,RGB,821,91,71100,False,1,,9.021978021978022,0.074711,7.613336724177163
S9OQQwUs.png,,test,PNG,RGB,134,121,2875,False,1,,1.1074380165289257,0.016214,1.418527198717158
Y3FTOh22.png,,test,PNG,RGB,127,31,5452,False,1,,4.096774193548387,0.003937,11.078486156972314
U8zdIIUJ.png,,test,PNG,RGB,815,79,51511,False,1,,10.316455696202532,0.064385,6.400372757629882
MXzGfFQm.jpg,,test,JPEG,RGB,716,476,33847,False,1,,1.504201680672269,0.340816,0.7944932162809257
TWwOlCLX.webp,,test,WEBP,RGB,700,436,11402,False,1,,1.6055045871559632,0.3052,0.29887287024901704
aYPxmfJH.png,,test,PNG,RGB,116,79,23873,False,1,,1.4683544303797469,0.009164,20.840680925360104
Z7BTkpZi.png,,test,PNG,RGB,828,49,30484,False,1,,16.897959183673468,0.040572,6.010844917677216
3ZJwNBAE.png,,test,PNG,RGB,838,84,185605,False,1,,9.976190476190476,0.070392,21.093874303898172
VjUX1UMA.jpg,,test,JPEG,RGB,1500,1600,394757,False,1,,0.9375,2.4,1.3158566666666667
Pe5YLNR7.png,,test,PNG,RGB,865,76,42559,False,1,,11.381578947368421,0.06574,5.179069059933069
yDpRmpun.jpg,,test,JPEG,RGB,3120,4160,2383980,False,1,"(72.0, 72.0)",0.75,12.9792,1.4694156804733727
7WFSRZdK.png,,test,PNG,RGB,214,43,1374,False,1,,4.976744186046512,0.009202,1.1945229297978701
ih56UWvz.jpg,,test,JPEG,RGB,1706,960,241671,False,1,"(72, 72)",1.7770833333333333,1.63776,1.1804953106682299
SkISLMsf.png,,test,PNG,RGB,104,46,826,False,1,,2.260869565217391,0.004784,1.3812709030100334
na92LGMz.png,,test,PNG,RGB,970,56,3599,False,1,,17.321428571428573,0.05432,0.5300441826215022
1ZVk0eST.png,,test,PNG,RGB,135,36,1870,False,1,,3.75,0.00486,3.078189300411523
gdOOKVnw.png,,test,PNG,RGB,143,40,8673,False,1,,3.575,0.00572,12.13006993006993
ehzSl5Ig.png,,test,PNG,RGB,942,56,29928,False,1,,16.821428571428573,0.052752,4.538671519563239
fWSSeXCX.webp,,test,WEBP,RGB,960,695,141532,False,1,,1.381294964028777,0.6672,1.6970263788968825
zNfsepUJ.png,,test,PNG,RGB,55,46,3700,False,1,,1.1956521739130435,0.00253,11.699604743083004
fkJRTTfO.png,,test,PNG,RGB,820,85,8975,False,1,,9.647058823529411,0.0697,1.0301291248206599
pgSyyi4V.png,,test,PNG,RGB,1112,67,27147,False,1,,16.597014925373134,0.074504,2.91495758616987
YZumQKNy.jpg,,test,JPEG,RGB,720,985,125189,False,1,"(72.0, 72.0)",0.7309644670050761,0.7092,1.4121714608009024
WiADA2MM.png,,test,PNG,RGB,882,51,35889,False,1,,17.294117647058822,0.044982,6.382819794584501
OZQEsgPy.png,,test,PNG,RGB,89,31,1078,False,1,,2.870967741935484,0.002759,3.125770206596593
HLdt1ZzI.png,,test,PNG,RGB,925,36,22441,False,1,,25.694444444444443,0.0333,5.391231231231231
9JSbMpTZ.jpg,,test,JPEG,RGB,224,224,28947,False,1,"(72, 72)",1.0,0.050176,4.615274234693878
dzq5cujj.jpg,,test,JPEG,RGB,1000,1778,191159,False,1,,0.562429696287964,1.778,0.8601079865016873
OsqMdOFN.png,,test,PNG,RGB,735,60,25354,False,1,,12.25,0.0441,4.5993650793650795
HgwXDSUQ.png,,test,PNG,RGB,52,46,2953,False,1,,1.1304347826086956,0.002392,9.876254180602007
pTQL9HRj.png,,test,PNG,RGB,807,91,62139,False,1,,8.868131868131869,0.073437,6.769230769230769
3nLgwaxm.png,,test,PNG,RGB,311,78,23202,False,1,,3.9871794871794872,0.024258,7.6517437546376454
TXqX2mWJ.png,,test,PNG,RGB,102,73,9049,False,1,,1.3972602739726028,0.007446,9.722266988987375
q0xsg3Dy.jpg,,test,JPEG,RGB,4608,3456,813414,False,1,"(240.0, 240.0)",1.3333333333333333,15.925248,0.40861605420524694
F9izBJpz.png,,test,PNG,RGB,132,59,7830,False,1,,2.23728813559322,0.007788,8.043143297380585
t82u4xu2.png,,test,PNG,RGB,483,44,10459,False,1,,10.977272727272727,0.021252,3.9371353284396764
jg4VFZds.jpg,,test,JPEG,RGB,300,238,14670,False,1,,1.2605042016806722,0.0714,1.6436974789915966
lUuephPg.jpg,,test,JPEG,RGB,824,448,88301,False,1,"(96, 96)",1.8392857142857142,0.369152,1.9135965672676838
OnWsj9bp.png,,test,PNG,RGB,135,36,11396,False,1,,3.75,0.00486,18.758847736625516
1c7Wpj98.png,,test,PNG,RGB,1414,49,169523,False,1,,28.857142857142858,0.069286,19.57370897439598
WSBZPBmt.png,,test,PNG,RGB,932,78,47416,False,1,,11.948717948717949,0.072696,5.218003741608892
aQis1ndJ.jpg,,test,JPEG,RGB,236,376,25183,False,1,,0.6276595744680851,0.088736,2.2703750450775333
zFNBzMgh.jpg,,test,JPEG,RGB,1080,1440,120888,False,1,,0.75,1.5552,0.6218518518518519
BKre5xTa.jpg,,test,JPEG,RGB,1024,1024,313378,False,1,,1.0,1.048576,2.3908843994140625
vE1lC5ua.jpg,,test,JPEG,RGB,800,437,37571,False,1,"(96, 96)",1.8306636155606408,0.3496,0.8597482837528604
F50UsMaR.webp,,test,WEBP,RGB,2048,2899,109496,False,1,,0.7064505001724732,5.937152,0.14754010003449466
26z1ANyb.jpg,,test,JPEG,L,768,1024,106153,False,1,,0.75,0.786432,1.0798441569010417
CnBToLjM.png,,test,PNG,RGB,941,51,32870,False,1,,18.45098039215686,0.047991,5.479360713467108
uNqqe0I4.png,,test,PNG,RGB,689,68,12387,False,1,,10.132352941176471,0.046852,2.1150858021002303
WBPdHXL5.png,,test,PNG,RGB,573,65,58499,False,1,,8.815384615384616,0.037245,12.56523023224594
U7vvUNPB.png,,test,PNG,RGB,109,38,4661,False,1,,2.8684210526315788,0.004142,9.002414292612265
wLoVkfTl.png,,test,PNG,RGB,803,43,15994,False,1,,18.674418604651162,0.034529,3.705638738451736
Eys3trgy.png,,test,PNG,RGB,32,36,3180,False,1,,0.8888888888888888,0.001152,22.083333333333332
fGihSJCN.png,,test,PNG,RGB,795,79,158403,False,1,,10.063291139240507,0.062805,20.17711965607834
rHj8SiVp.png,,test,PNG,RGB,601,897,911197,False,1,,0.6700111482720178,0.539097,13.52182631326088
Lm3wIDHm.png,,test,PNG,RGB,392,98,26774,False,1,,4.0,0.038416,5.575593502707205
m7bhJXyj.png,,test,PNG,RGB,688,74,118943,False,1,,9.297297297297296,0.050912,18.68997485857951
3BUyPwJk.png,,test,PNG,RGB,846,89,172668,False,1,,9.50561797752809,0.075294,18.34600366563073
UnwSaMS8.png,,test,PNG,RGB,1400,990,507818,False,1,,1.4141414141414141,1.386,2.931128427128427
Fj83bcac.jpg,,test,JPEG,RGB,794,1024,112982,False,1,,0.775390625,0.813056,1.1116774244332495
AvWpUyyu.png,,test,PNG,RGB,119,110,1623,False,1,,1.0818181818181818,0.01309,0.9919022154316272
FWqUTKFt.jpg,,test,JPEG,RGB,4344,3258,1124010,False,1,"(240, 240)",1.3333333333333333,14.152752,0.6353591160220995
GtqK3cHR.jpg,,test,JPEG,RGB,480,357,23254,False,1,,1.3445378151260505,0.17136,1.0856209150326797
nGSdmtoh.png,,test,PNG,RGB,148,128,26089,False,1,,1.15625,0.018944,11.01731418918919
pVthZwP1.png,,test,PNG,RGB,676,94,82911,False,1,,7.191489361702128,0.063544,10.438247513533929
5eX664EA.png,,test,PNG,RGB,945,58,45239,False,1,,16.29310344827586,0.05481,6.603028644407955
ScnmEXLU.png,,test,PNG,RGB,895,51,3515,False,1,,17.54901960784314,0.045645,0.6160587139883886
n6DUkpEY.png,,test,PNG,RGB,250,88,18385,False,1,,2.840909090909091,0.022,6.6854545454545455
xUGmT8fC.png,,test,PNG,RGB,800,46,82957,False,1,,17.391304347826086,0.0368,18.034130434782607
Xre8jQe3.webp,,test,WEBP,RGB,952,700,99568,False,1,,1.36,0.6664,1.1952941176470588
C6hR7VXO.png,,test,PNG,RGB,868,51,23899,False,1,,17.019607843137255,0.044268,4.318966296195898
8I2L3o6S.png,,test,PNG,RGB,1401,59,76611,False,1,,23.74576271186441,0.082659,7.414655391427431
SxoWWkm3.png,,test,PNG,RGB,278,32,1100,False,1,,8.6875,0.008896,0.9892086330935251
aq9Gx8p5.png,,test,PNG,RGB,807,74,67653,False,1,,10.905405405405405,0.059718,9.062996081583442
k5xdnWK8.png,,test,PNG,RGB,500,380,38618,False,1,,1.3157894736842106,0.19,1.626021052631579
hJmQnS4O.png,,test,PNG,RGB,696,74,45262,False,1,,9.405405405405405,0.051504,7.030444237340789
Dpu9hYWa.png,,test,PNG,RGB,804,76,83215,False,1,,10.578947368421053,0.061104,10.894867766431004
xQjZVApr.png,,test,PNG,RGB,180,156,44271,False,1,,1.1538461538461537,0.02808,12.612820512820512
OqzKJN52.png,,test,PNG,RGB,832,40,27581,False,1,,20.8,0.03328,6.630048076923077
LvoCIxWk.png,,test,PNG,RGB,793,69,4688,False,1,,11.492753623188406,0.054717,0.6854176946835535
jDvkwspJ.png,,test,PNG,RGB,886,48,7854,False,1,,18.458333333333332,0.042528,1.4774266365688487
iSe2cw0a.png,,test,PNG,RGB,277,51,14531,False,1,,5.431372549019608,0.014127,8.228781765413746
5kT0KM0c.png,,test,PNG,RGB,92,37,4009,False,1,,2.4864864864864864,0.003404,9.421856639247943
5K4PiZGI.png,,test,PNG,RGB,789,71,21538,False,1,,11.112676056338028,0.056019,3.0758135632553243
AdLJqOB1.png,,test,PNG,RGB,56,47,4866,False,1,,1.1914893617021276,0.002632,14.790273556231003
1RE1VcHj.jpg,,test,JPEG,RGB,1080,687,239409,False,1,,1.5720524017467248,0.74196,2.58136826783115
Mgzl4MJw.png,,test,PNG,RGB,194,55,12829,False,1,,3.5272727272727273,0.01067,9.618744142455483
H036HViM.jpg,,test,JPEG,L,601,563,148891,False,1,"(300, 300)",1.0674955595026643,0.338363,3.5202666958266713
n5DNTpPv.png,,test,PNG,RGB,76,69,3517,False,1,,1.1014492753623188,0.005244,5.365369946605645
G53WDmJS.png,,test,PNG,RGB,467,68,4116,False,1,,6.867647058823529,0.031756,1.0369064113868245
yuiAa6pM.jpg,,test,JPEG,RGB,1024,416,135462,False,1,"(300, 300)",2.4615384615384617,0.425984,2.5439828725961537
8QbQfOFO.png,,test,PNG,RGB,105,92,6644,False,1,,1.141304347826087,0.00966,5.502277432712216
ErGST9sT.jpg,,test,JPEG,RGB,640,129,27736,False,1,"(96, 96)",4.961240310077519,0.08256,2.6875968992248063
KLS2GwTM.png,,test,PNG,RGB,402,45,34706,False,1,,8.933333333333334,0.01809,15.348148148148148
PFdjl0p9.jpg,,test,JPEG,RGB,480,354,25176,False,1,,1.3559322033898304,0.16992,1.1853107344632767
Pcz6TMby.png,,test,PNG,RGB,150,148,31097,False,1,,1.0135135135135136,0.0222,11.206126126126126
ItKYqOPE.jpg,,test,JPEG,RGB,830,556,134622,False,1,,1.4928057553956835,0.46148,2.3337436075236195
a9BmtPJb.jpg,,test,JPEG,RGB,768,544,110718,False,1,,1.411764705882353,0.417792,2.120059742647059
EMRQOOsO.png,,test,PNG,RGB,132,63,11357,False,1,,2.0952380952380953,0.008316,10.925444925444925
nQwYl20J.png,,test,PNG,RGB,1172,64,40725,False,1,,18.3125,0.075008,4.343536689419795
10YNnodr.png,,test,PNG,RGB,146,42,6343,False,1,,3.4761904761904763,0.006132,8.275277234181344
x8yJPsGV.png,,test,PNG,RGB,418,68,35398,False,1,,6.147058823529412,0.028424,9.962848297213622
y4Div1Ps.jpg,,test,JPEG,RGB,404,316,65542,False,1,"(300.0, 300.0)",1.2784810126582278,0.127664,4.107156285248778
IwuTnbUj.png,,test,PNG,RGB,146,37,13117,False,1,,3.945945945945946,0.005402,19.425398000740465
6nRakZMt.png,,test,PNG,RGB,864,864,14325,False,1,,1.0,0.746496,0.15351723251028807
4PdmVIkP.png,,test,PNG,RGB,795,45,14531,False,1,,17.666666666666668,0.035775,3.2494199860237596
4sMBUagD.png,,test,PNG,RGB,1200,800,91735,False,1,,1.5,0.96,0.7644583333333334
lFWeSmNZ.png,,test,PNG,RGB,936,72,163812,False,1,,13.0,0.067392,19.445868945868945
mHeGx7ZL.png,,test,PNG,RGB,347,45,30196,False,1,,7.711111111111111,0.015615,15.470252961895612
xlXgf5c2.png,,test,PNG,RGB,867,46,31433,False,1,,18.847826086956523,0.039882,6.305200341005968
NtuvqiQ4.png,,test,PNG,RGB,449,66,50690,False,1,,6.803030303030303,0.029634,13.68428156846865
PbWauHfe.png,,test,PNG,RGB,129,36,10819,False,1,,3.5833333333333335,0.004644,18.637381567614124
ipYw1jbF.jpg,,test,JPEG,RGB,1320,990,368179,False,1,"(72, 72)",1.3333333333333333,1.3068,2.2539271502907865
emcWShUR.png,,test,PNG,RGB,902,67,83783,False,1,,13.462686567164178,0.060434,11.090842903001622
zpaJVslx.png,,test,PNG,P,640,279,130511,False,1,"(72.009, 72.009)",2.293906810035842,0.17856,5.8472670250896055
K3eaNag9.png,,test,PNG,RGB,1707,900,1896478,False,1,,1.8966666666666667,1.5363,9.875560762871835
YBRfQm8i.jpg,,test,JPEG,RGB,289,128,5913,False,1,,2.2578125,0.036992,1.2787629757785468
TqNcmXGk.png,,test,PNG,RGB,57,55,3190,False,1,,1.0363636363636364,0.003135,8.140350877192983
75FTutS8.png,,test,PNG,RGB,233,62,12000,False,1,,3.7580645161290325,0.014446,6.64543818358023
svOhCBGO.png,,test,PNG,RGB,122,42,885,False,1,,2.9047619047619047,0.005124,1.3817330210772834
Y43lbNxD.jpg,,test,JPEG,RGB,660,400,50037,False,1,,1.65,0.264,1.5162727272727272
PHspQViJ.png,,test,PNG,RGB,131,43,4820,False,1,,3.046511627906977,0.005633,6.8453754660039055
irfN8SvM.png,,test,PNG,RGB,468,236,18022,False,1,"(72.009, 72.009)",1.9830508474576272,0.110448,1.3053744748660003
6keS2q1W.png,,test,PNG,RGB,627,76,18057,False,1,,8.25,0.047652,3.031478217073785
iqjxUJyG.png,,test,PNG,RGB,76,71,7652,False,1,,1.0704225352112675,0.005396,11.344699777613046
056AqPTe.jpg,,test,JPEG,RGB,800,439,138585,False,1,"(96, 96)",1.8223234624145785,0.3512,3.1568337129840547
tuQn2tFG.jpg,,test,JPEG,RGB,1280,720,111347,False,1,,1.7777777777777777,0.9216,0.9665538194444444
VCETFUEm.png,,test,PNG,RGB,88,52,7023,False,1,,1.6923076923076923,0.004576,12.277972027972028
KbH41LGp.png,,test,PNG,RGB,473,75,24976,False,1,,6.306666666666667,0.035475,5.632360817477097
uDeervHv.png,,test,PNG,RGB,947,56,28715,False,1,,16.910714285714285,0.053032,4.331724241967114
kOzZg1JG.jpg,,test,JPEG,RGB,1280,720,84863,False,1,,1.7777777777777777,0.9216,0.7366579861111111
VYOpwZqb.png,,test,PNG,RGB,99,38,9477,False,1,,2.6052631578947367,0.003762,20.15311004784689
tFNYQUUg.png,,test,PNG,RGB,791,80,28579,False,1,,9.8875,0.06328,3.6130214917825536
ZjFyliaI.png,,test,PNG,RGB,798,96,9715,False,1,,8.3125,0.076608,1.014515455304929
ikM06HcP.png,,test,PNG,RGB,792,72,139684,False,1,,11.0,0.057024,19.59652076318743
zLGulVUF.png,,test,PNG,RGB,891,88,90195,False,1,,10.125,0.078408,9.202632384450567
XBafp2ut.png,,test,PNG,RGB,792,86,53392,False,1,,9.209302325581396,0.068112,6.2710829222457125
XziMPG8z.png,,test,PNG,RGB,153,58,10922,False,1,,2.6379310344827585,0.008874,9.846292540004507
24T5SZRZ.png,,test,PNG,RGB,1007,76,7430,False,1,,13.25,0.076532,0.7766685830763602
Osd5jaCP.png,,test,PNG,RGB,22,26,1222,False,1,,0.8461538461538461,0.000572,17.09090909090909
P8cAscCZ.png,,test,PNG,RGB,176,89,1597,False,1,,1.9775280898876404,0.015664,0.8156281920326864
jM8Jsl4A.png,,test,PNG,RGB,60,32,3128,False,1,,1.875,0.00192,13.033333333333333
s74sHDUk.png,,test,PNG,RGB,200,46,8806,False,1,,4.3478260869565215,0.0092,7.657391304347826
0n7QAEVG.png,,test,PNG,RGB,113,86,11924,False,1,,1.313953488372093,0.009718,9.816011525005145
l7zErLnw.jpg,,test,JPEG,RGB,279,494,31926,False,1,"(72, 72)",0.5647773279352226,0.137826,1.8531191502329023
LPbJ8Xa9.png,,test,PNG,RGB,963,97,37667,False,1,,9.927835051546392,0.093411,3.225915577394525
uneupKp4.jpg,,test,JPEG,RGB,1024,714,279722,False,1,"(72, 72)",1.4341736694677871,0.731136,3.0606836484593836
RQ3dXMka.png,,test,PNG,RGB,104,58,971,False,1,,1.793103448275862,0.006032,1.2877984084880636
gPxFUf2Q.png,,test,PNG,RGB,138,36,7422,False,1,,3.8333333333333335,0.004968,11.951690821256038
gCeXTM6f.png,,test,PNG,RGB,2226,3356,1028178,False,1,,0.6632896305125149,7.470456,1.1010604975117986
RCAhhZd5.png,,test,PNG,RGB,929,47,3993,False,1,,19.76595744680851,0.043663,0.7316034170808235
EZsD6yU2.png,,test,PNG,RGB,180,90,14649,False,1,,2.0,0.0162,7.234074074074074
YwAccQRI.jpg,,test,JPEG,RGB,600,423,63540,False,1,"(72, 72)",1.4184397163120568,0.2538,2.002836879432624
YUSbZwlL.png,,test,PNG,RGB,167,156,44853,False,1,,1.0705128205128205,0.026052,13.773376324274528
etGskeZb.png,,test,PNG,RGB,108,50,1468,False,1,,2.16,0.0054,2.1748148148148148
hLjOXcIt.png,,test,PNG,RGB,119,36,5738,False,1,,3.3055555555555554,0.004284,10.715219421101773
XHfBbGro.png,,test,PNG,RGB,1199,67,205536,False,1,,17.895522388059703,0.080333,20.468400283818607
qq4ruweS.png,,test,PNG,RGB,132,44,11539,False,1,,3.0,0.005808,15.893939393939394
88um4MLL.png,,test,PNG,RGB,683,71,80756,False,1,,9.619718309859154,0.048493,13.322500154661498
mh0dnpYt.png,,test,PNG,RGB,203,58,11205,False,1,,3.5,0.011774,7.613385425513844
EkcAINcb.jpg,,test,JPEG,RGB,395,720,66888,False,1,"(96, 96)",0.5486111111111112,0.2844,1.8815189873417721
t4WWJWrm.png,,test,PNG,RGB,461,63,9920,False,1,,7.317460317460317,0.029043,2.732500086079262
CnD6r3Nc.png,,test,PNG,RGB,704,50,3869,False,1,,14.08,0.0352,0.8793181818181818
KErle2IZ.png,,test,PNG,RGB,126,43,9775,False,1,,2.9302325581395348,0.005418,14.433370247323735
OxqIjBqf.png,,test,PNG,RGB,1280,865,820217,False,1,"(143.99259999999998, 143.99259999999998)",1.4797687861271676,1.1072,5.926423410404624
eQdRb66P.bmp,,test,BMP,RGB,822,667,1646210,False,1,"(143.99252224403799, 143.99252224403799)",1.232383808095952,0.548274,24.020252647398927
rAp05mwt.jpg,,test,JPEG,RGB,1200,750,88325,False,1,,1.6,0.9,0.7851111111111111
NOtYR2fS.png,,test,PNG,RGB,147,41,5802,False,1,,3.5853658536585367,0.006027,7.701343952215033
2JOdaZIF.jpg,,test,JPEG,RGB,449,252,20242,False,1,,1.7817460317460319,0.113148,1.4311874712765582
U7VOFbSp.png,,test,PNG,RGB,142,59,20628,False,1,,2.406779661016949,0.008378,19.697302458820722
8oq6zqeT.jpg,,test,JPEG,RGB,768,1024,118740,False,1,,0.75,0.786432,1.2078857421875
A8vOjcCg.png,,test,PNG,RGB,338,86,27246,False,1,,3.9302325581395348,0.029068,7.498555112150819
Pof0hs8v.png,,test,PNG,RGB,788,82,76870,False,1,,9.609756097560975,0.064616,9.517147455738517
wHZdMejr.jpg,,test,JPEG,RGB,768,1024,111893,False,1,"(72, 72)",0.75,0.786432,1.1382344563802083
UNtkdcp9.png,,test,PNG,RGB,509,62,3934,False,1,,8.209677419354838,0.031558,0.9972748589897966
XkbrUkn5.png,,test,PNG,RGB,929,47,6567,False,1,,19.76595744680851,0.043663,1.2032155371825115
31eEtdGH.png,,test,PNG,RGB,598,59,95116,False,1,,10.135593220338983,0.035282,21.567031347429285
eGkKGqww.png,,test,PNG,RGB,669,73,119908,False,1,,9.164383561643836,0.048837,19.64215656162336
7CyTFt1f.png,,test,PNG,RGB,133,43,7223,False,1,,3.0930232558139537,0.005719,10.103864311942647
oY0gb7Sn.jpg,,test,JPEG,RGB,750,500,71308,False,1,,1.5,0.375,1.5212373333333333
LfkwfRXY.png,,test,PNG,RGB,951,61,25341,False,1,,15.59016393442623,0.058011,3.4946475668407717
Ep42uvIt.jpg,,test,JPEG,RGB,736,515,25078,False,1,"(72, 72)",1.429126213592233,0.37904,0.5292950612072604
Dm7oXhal.png,,test,PNG,RGB,153,37,4754,False,1,,4.135135135135135,0.005661,6.71824765942413
VoJ1Xg9b.png,,test,PNG,RGB,96,99,12521,False,1,,0.9696969696969697,0.009504,10.539562289562289
GFi010T3.png,,test,PNG,RGB,604,81,79973,False,1,,7.45679012345679,0.048924,13.077099174229417
3thCZSyH.jpg,,test,JPEG,RGB,569,753,62469,False,1,,0.7556440903054449,0.428457,1.1663994286474488
LiB3gmQw.png,,test,PNG,RGB,1299,1672,97834,False,1,,0.7769138755980861,2.171928,0.3603581702524209
fI8C362v.png,,test,PNG,RGB,55,56,3665,False,1,,0.9821428571428571,0.00308,9.519480519480519
pFSi98wx.png,,test,PNG,RGB,581,73,51370,False,1,,7.958904109589041,0.042413,9.689481998443874
K1OaxX8K.png,,test,PNG,RGB,854,57,46605,False,1,,14.982456140350877,0.048678,7.659312214963639
MLej2rDG.png,,test,PNG,RGB,138,36,4947,False,1,,3.8333333333333335,0.004968,7.966183574879227
VbUDzy4i.jpg,,test,JPEG,L,500,291,36570,False,1,,1.7182130584192439,0.1455,2.010721649484536
ujjDXtsH.png,,test,PNG,RGB,144,138,3456,False,1,,1.0434782608695652,0.019872,1.391304347826087
o6wvvIED.jpg,,test,JPEG,RGB,330,255,29122,False,1,,1.2941176470588236,0.08415,2.7685799168152108
UIyE3mPI.png,,test,PNG,RGB,240,80,9545,False,1,,3.0,0.0192,3.9770833333333333
DFkLcO4k.png,,test,PNG,RGB,373,53,18100,False,1,,7.037735849056604,0.019769,7.324599119834084
KjfiynKK.jpg,,test,JPEG,RGB,600,450,21842,False,1,,1.3333333333333333,0.27,0.6471703703703704
FBTHN0rk.jpg,,test,JPEG,RGB,300,172,19339,False,1,,1.744186046511628,0.0516,2.998294573643411
bxQcDY0h.png,,test,PNG,RGB,457,64,4026,False,1,,7.140625,0.029248,1.101203501094092
oJMW3lXi.png,,test,PNG,RGB,847,59,56767,False,1,,14.35593220338983,0.049973,9.087627318752126
UZkcwMR2.png,,test,PNG,RGB,142,128,28987,False,1,,1.109375,0.018176,12.758362676056338
ay6KXtZE.png,,test,PNG,RGB,942,52,11851,False,1,,18.115384615384617,0.048984,1.9354891393107954
O2jk1qCX.png,,test,PNG,RGB,111,101,12192,False,1,,1.099009900990099,0.011211,8.7000267594327
iQAE0e2j.png,,test,PNG,RGB,921,73,23456,False,1,,12.616438356164384,0.067233,2.791010366932905
JR8H0DtD.png,,test,PNG,RGB,706,46,63209,False,1,,15.347826086956522,0.032476,15.570636777928316
O8zOrSNi.png,,test,PNG,RGB,99,37,4268,False,1,,2.675675675675676,0.003663,9.32132132132132
XNKeg34p.png,,test,PNG,RGB,139,120,12119,False,1,,1.1583333333333334,0.01668,5.812470023980815
YUrX9JYE.png,,test,PNG,RGB,74,45,4400,False,1,,1.6444444444444444,0.00333,10.57057057057057
GsTqjyBm.png,,test,PNG,RGB,945,72,62683,False,1,,13.125,0.06804,7.370135214579659
ezwvAKNA.png,,test,PNG,RGB,260,64,1340,False,1,,4.0625,0.01664,0.6442307692307693
mgq2eH5y.png,,test,PNG,RGB,691,66,4832,False,1,,10.469696969696969,0.045606,0.8476077709073367
1kBHFF7b.png,,test,PNG,RGB,590,64,64792,False,1,,9.21875,0.03776,13.727118644067797
8fctJinJ.png,,test,PNG,RGB,145,62,11132,False,1,,2.338709677419355,0.00899,9.906117908787541
TQ0omJqB.png,,test,PNG,RGB,86,74,7158,False,1,,1.162162162162162,0.006364,8.998114393463231
Y4p39xPf.png,,test,PNG,RGB,169,153,64751,False,1,,1.1045751633986929,0.025857,20.03356924623893
D2al3WFj.png,,test,PNG,RGB,590,66,51004,False,1,,8.93939393939394,0.03894,10.478479712378018
aFNQd7Wq.jpg,,test,JPEG,RGB,640,480,48589,False,1,,1.3333333333333333,0.3072,1.2653385416666667
lEgRN8gs.png,,test,PNG,RGB,87,38,4620,False,1,,2.289473684210526,0.003306,11.17967332123412
00T8kKS9.png,,test,PNG,RGB,180,50,7302,False,1,,3.6,0.009,6.490666666666667
dNOv6cil.png,,test,PNG,RGB,791,71,4734,False,1,,11.140845070422536,0.056161,0.6743469667562899
pkr1vakn.png,,test,PNG,RGB,147,36,2784,False,1,,4.083333333333333,0.005292,4.208616780045351
3PuR8UUd.png,,test,PNG,RGB,149,60,5645,False,1,,2.4833333333333334,0.00894,5.051454138702461
Ybv4ejqR.jpg,,test,JPEG,RGB,1024,1024,425147,False,1,,1.0,1.048576,3.2436141967773438
fJlFp9qb.png,,test,PNG,RGB,274,44,9015,False,1,,6.2272727272727275,0.012056,5.982083609820836
SegSnPMo.png,,test,PNG,RGB,117,36,6069,False,1,,3.25,0.004212,11.527065527065528
jTbRy3wy.png,,test,PNG,RGB,776,61,4553,False,1,,12.721311475409836,0.047336,0.7694777758999493
wfrQPPz0.png,,test,PNG,RGB,177,63,10774,False,1,,2.8095238095238093,0.011151,7.729530983768272
l7zm4ex5.jpg,,test,JPEG,RGB,640,558,142990,False,1,,1.146953405017921,0.35712,3.203181003584229
i2Po8naX.png,,test,PNG,RGB,952,52,3811,False,1,,18.307692307692307,0.049504,0.6158694246929541
J1wE89Kg.png,,test,PNG,RGB,942,54,37178,False,1,,17.444444444444443,0.050868,5.846976488165448
IFsvMMMZ.png,,test,PNG,RGB,933,83,7296,False,1,,11.240963855421686,0.077439,0.753728741331887
JxJ5O6S2.png,,test,PNG,RGB,164,160,40090,False,1,,1.025,0.02624,12.222560975609756
bdWh7vZy.jpg,,test,JPEG,RGB,774,1032,108506,False,1,,0.75,0.798768,1.086733569697334
xKOr051L.png,,test,PNG,RGB,129,112,13056,False,1,,1.1517857142857142,0.014448,7.229235880398671
u04JTLXq.png,,test,PNG,RGB,356,66,26185,False,1,,5.393939393939394,0.023496,8.915560095335376
wZXItSQr.png,,test,PNG,RGB,276,47,23826,False,1,,5.872340425531915,0.012972,14.693802035152636
kiTqS47o.png,,test,PNG,RGB,658,83,97857,False,1,,7.927710843373494,0.054614,14.33434650455927
2DNZmXTB.png,,test,PNG,RGB,140,143,28277,False,1,,0.9790209790209791,0.02002,11.2995004995005
FwX91kPV.png,,test,PNG,RGB,149,43,7918,False,1,,3.4651162790697674,0.006407,9.886686436709848
KUPPAWQo.png,,test,PNG,RGB,369,56,40821,False,1,,6.589285714285714,0.020664,15.803716608594657
ZkaIdXph.png,,test,PNG,RGB,97,91,1522,False,1,,1.065934065934066,0.008827,1.3794041010535856
ipee2D8y.png,,test,PNG,RGB,1049,61,38626,False,1,,17.19672131147541,0.063989,4.829079998124677
3htXo3T1.png,,test,PNG,RGB,146,44,7819,False,1,,3.3181818181818183,0.006424,9.737235367372353
VpiyizbZ.png,,test,PNG,RGB,155,75,4016,False,1,,2.066666666666667,0.011625,2.763698924731183
Osr6x8QO.jpg,,test,JPEG,RGB,790,445,42930,False,1,,1.7752808988764044,0.35155,0.9769307353150334
pEh1Rkyx.png,,test,PNG,RGB,389,97,32868,False,1,,4.010309278350515,0.037733,6.9685421249304325
hkW7FAtu.png,,test,PNG,RGB,147,36,6254,False,1,,4.083333333333333,0.005292,9.45427059712774
EfsKBSzv.png,,test,PNG,RGB,201,106,11891,False,1,,1.8962264150943395,0.021306,4.464845583403736
ucJ8RJ0x.png,,test,PNG,RGB,194,162,79184,False,1,,1.1975308641975309,0.031428,20.15629375079547
KWPvaaiz.png,,test,PNG,RGB,850,68,59474,False,1,,12.5,0.0578,8.231695501730103
3P33Mx6w.png,,test,PNG,RGB,239,58,1995,False,1,,4.120689655172414,0.013862,1.1513490116866254
m8gGjDUO.png,,test,PNG,RGB,949,63,47348,False,1,,15.063492063492063,0.059787,6.335557897201733
2kwxMF1P.png,,test,PNG,RGB,1377,54,49076,False,1,,25.5,0.074358,5.279969875467334
YrcxD0Iz.png,,test,PNG,RGB,805,75,75390,False,1,,10.733333333333333,0.060375,9.989565217391304
LDnDYpYN.png,,test,PNG,RGB,941,48,14651,False,1,,19.604166666666668,0.045168,2.5949344668792067
Ql34AEov.png,,test,PNG,RGB,161,152,33364,False,1,,1.0592105263157894,0.024472,10.906832298136646
0G6K6Mgx.png,,test,PNG,RGB,928,72,50877,False,1,,12.88888888888889,0.066816,6.091594827586207
rCFHzah9.jpg,,test,JPEG,RGB,750,375,72212,False,1,"(72, 72)",2.0,0.28125,2.0540302222222224
nYuKVvtP.png,,test,PNG,RGB,55,44,3692,False,1,,1.25,0.00242,12.20495867768595
iMzXnHzi.png,,test,PNG,RGB,940,59,35929,False,1,,15.932203389830509,0.05546,5.182690227190768
H2wD2Cwp.jpg,,test,JPEG,RGB,800,534,46324,False,1,"(96, 96)",1.4981273408239701,0.4272,0.8674906367041199
nmE8gjqc.png,,test,PNG,RGB,139,131,23318,False,1,,1.0610687022900764,0.018209,10.244604316546763
hu2IO3uu.png,,test,PNG,RGB,119,77,22523,False,1,,1.5454545454545454,0.009163,19.66430208447015
pOdWxgnU.jpg,,test,JPEG,RGB,743,534,60504,False,1,"(72.0, 72.0)",1.3913857677902621,0.396762,1.2199555400970858
Urll2kV8.png,,test,PNG,RGB,162,148,28786,False,1,,1.0945945945945945,0.023976,9.604938271604938
3WOfUs8V.jpg,,test,JPEG,RGB,780,552,128005,False,1,"(72, 72)",1.4130434782608696,0.43056,2.3783909327387587
QnomGMrW.png,,test,PNG,RGB,830,805,103758,False,1,,1.031055900621118,0.66815,1.2423318117189255
qdyOBJMm.png,,test,PNG,RGB,146,36,6893,False,1,,4.055555555555555,0.005256,10.491628614916285
AJtfjse4.png,,test,PNG,RGB,899,61,5591,False,1,,14.737704918032787,0.054839,0.8156239172851438
uo2fXOOg.png,,test,PNG,RGB,88,38,5135,False,1,,2.3157894736842106,0.003344,12.28468899521531
bzYOfktG.jpg,,test,JPEG,RGB,1706,960,412696,False,1,"(72, 72)",1.7770833333333333,1.63776,2.0159046502540057
MEIIpTFk.jpg,,test,JPEG,RGB,1200,800,117590,False,1,"(96, 96)",1.5,0.96,0.9799166666666667
vbTrP2XB.png,,test,PNG,RGB,74,38,4262,False,1,,1.9473684210526316,0.002812,12.125177809388335
cgKILzhK.png,,test,PNG,RGB,143,143,31089,False,1,,1.0,0.020449,12.162550735977309
wddJmAo6.png,,test,PNG,RGB,621,46,68676,False,1,,13.5,0.028566,19.232934257508926
iApRoWXi.png,,test,PNG,RGB,647,73,11167,False,1,,8.863013698630137,0.047231,1.8914695856534902
hzmyHjwd.png,,test,PNG,RGB,344,43,4120,False,1,,8.0,0.014792,2.2282314764737694
ANvXuugy.jpg,,test,JPEG,RGB,750,500,71871,False,1,,1.5,0.375,1.533248
mHPYOxBd.png,,test,PNG,RGB,148,41,14346,False,1,,3.6097560975609757,0.006068,18.913645352669743
3Vb1a9Jq.png,,test,PNG,RGB,923,56,82103,False,1,,16.482142857142858,0.051688,12.70747562296858
ZBvUKEFY.jpg,,test,JPEG,RGB,700,493,50873,False,1,,1.4198782961460445,0.3451,1.17932193567082
j2A8mZqi.png,,test,PNG,RGB,1399,54,180003,False,1,,25.90740740740741,0.075546,19.06155190215233
GVuvm0Fe.png,,test,PNG,RGB,143,43,16416,False,1,,3.3255813953488373,0.006149,21.357619125060985
yH8kDyOL.png,,test,PNG,RGB,140,31,2122,False,1,,4.516129032258065,0.00434,3.911520737327189
pmpFP6tE.jpg,,test,JPEG,RGB,1200,800,134102,False,1,,1.5,0.96,1.1175166666666667
HmO2XhX4.png,,test,PNG,RGB,139,41,7871,False,1,,3.3902439024390243,0.005699,11.048955957185472
DzyTnG3l.png,,test,PNG,RGB,104,44,654,False,1,,2.3636363636363638,0.004576,1.1433566433566433
2vw5LSXt.png,,test,PNG,RGB,147,140,18804,False,1,,1.05,0.02058,7.309620991253644
BdjIUfGT.png,,test,PNG,RGB,819,70,67612,False,1,,11.7,0.05733,9.434781091923949
a2xlyNPU.png,,test,PNG,RGB,258,90,17744,False,1,,2.8666666666666667,0.02322,6.113350559862187
jKDXOxK5.png,,test,PNG,RGB,629,79,69078,False,1,,7.962025316455696,0.049691,11.121209072065364
tCOj1eAD.png,,test,PNG,RGB,131,123,18373,False,1,,1.065040650406504,0.016113,9.122075342890833
2T7yQYeE.jpg,,test,JPEG,RGB,600,471,105205,False,1,,1.2738853503184713,0.2826,2.978202406227884
VPd59w2G.png,,test,PNG,RGB,61,54,4361,False,1,,1.1296296296296295,0.003294,10.59137826350941
TkC0OpHV.png,,test,PNG,RGB,135,38,5659,False,1,,3.5526315789473686,0.00513,8.82495126705653
fEklPkNb.png,,test,PNG,RGB,93,79,11084,False,1,,1.1772151898734178,0.007347,12.069143868245542
nb7zv9pn.png,,test,PNG,RGB,145,31,7097,False,1,,4.67741935483871,0.004495,12.630923248053392
3Ab69ql6.jpg,,test,JPEG,RGB,640,376,80962,False,1,"(96, 96)",1.702127659574468,0.24064,2.6915558510638298
T2fp5mfj.png,,test,PNG,RGB,158,42,11018,False,1,,3.761904761904762,0.006636,13.282700421940929
fjnGrtEu.png,,test,PNG,P,920,224,9204,False,1,,4.107142857142857,0.20608,0.3572981366459627
HgFDeeQj.png,,test,PNG,RGB,532,49,15437,False,1,,10.857142857142858,0.026068,4.737455884609483
khaxzjZo.png,,test,PNG,RGB,67,38,2847,False,1,,1.763157894736842,0.002546,8.945797329143755
AGHPVJzn.png,,test,PNG,RGB,630,83,85455,False,1,,7.590361445783133,0.05229,13.074010327022375
nNFES8AI.png,,test,PNG,RGB,274,51,33105,False,1,,5.372549019607843,0.013974,18.952340060111634
o36fxQgG.jpg,,test,JPEG,L,600,600,42950,False,1,"(90, 90)",1.0,0.36,0.9544444444444444
94w0nbLY.jpg,,test,JPEG,RGB,1158,1600,272805,False,1,,0.72375,1.8528,1.1779145077720208
WfW6DiJL.png,,test,PNG,RGB,798,74,61997,False,1,,10.783783783783784,0.059052,8.398970398970398
3VEBASAg.png,,test,PNG,RGB,215,57,14273,False,1,,3.7719298245614037,0.012255,9.31733986128111
T0d4kIfP.jpg,,test,JPEG,RGB,480,272,27131,False,1,,1.7647058823529411,0.13056,1.662438725490196
fL2JmXEd.png,,test,PNG,RGB,80,55,789,False,1,,1.4545454545454546,0.0044,1.4345454545454546
XptxcyjW.png,,test,PNG,RGB,917,67,46765,False,1,,13.686567164179104,0.061439,6.089291817900682
EnCEWDE8.jpg,,test,JPEG,RGB,750,500,64009,False,1,,1.5,0.375,1.3655253333333333
KBBAssZV.webp,,test,WEBP,RGB,750,500,91774,False,1,,1.5,0.375,1.9578453333333334
5K0ntO8j.png,,test,PNG,RGB,97,45,4904,False,1,,2.1555555555555554,0.004365,8.987857961053837
4Exa86KL.png,,test,PNG,RGB,139,120,42450,False,1,,1.1583333333333334,0.01668,20.359712230215827
mx7LCCNB.png,,test,PNG,RGB,875,55,4073,False,1,,15.909090909090908,0.048125,0.6770701298701298
9KPYHyTK.jpg,,test,JPEG,L,768,1024,56032,False,1,,0.75,0.786432,0.5699869791666666
SCCerkBY.jpg,,test,JPEG,L,1654,2340,262916,False,1,"(200, 200)",0.7068376068376069,3.87036,0.5434450542068439
IINdF7pr.webp,,test,WEBP,RGB,1200,676,101056,False,1,,1.7751479289940828,0.8112,0.9966074950690336
5IMxeqAJ.png,,test,PNG,RGB,342,77,47605,False,1,,4.441558441558442,0.026334,14.461912356649199
chtz5jzk.jpg,,test,JPEG,L,768,1024,166552,False,1,,0.75,0.786432,1.6942545572916667
8jfXGtZJ.png,,test,PNG,RGB,734,56,39763,False,1,,13.107142857142858,0.041104,7.73900350330868
sZuRUcfR.png,,test,PNG,RGB,430,61,19218,False,1,,7.049180327868853,0.02623,5.861380099123141
5wSDIkxd.png,,test,PNG,RGB,296,91,43139,False,1,,3.2527472527472527,0.026936,12.812295812295812
WsL7EGKU.jpg,,test,JPEG,RGB,801,435,76527,False,1,"(96, 96)",1.8413793103448275,0.348435,1.7570450729691334
TttzcFgE.jpg,,test,JPEG,RGB,650,367,55698,False,1,,1.771117166212534,0.23855,1.867885139383777
EqOy0Ygp.jpg,,test,JPEG,RGB,414,95,12635,False,1,"(300, 300)",4.3578947368421055,0.03933,2.570048309178744
MWUxUolm.png,,test,PNG,RGB,1378,66,37384,False,1,,20.87878787878788,0.090948,3.2883845714034394
vI3WShwa.bmp,,test,BMP,RGB,144,254,109784,False,1,"(119.96413521936698, 119.96413521936698)",0.5669291338582677,0.036576,24.012248468941383
yPoCDaF4.png,,test,PNG,RGB,44,54,420,False,1,,0.8148148148148148,0.002376,1.4141414141414141
xR0SEbgG.png,,test,PNG,RGB,903,59,68082,False,1,,15.305084745762711,0.053277,10.223098147418211
fF7SuGhV.png,,test,PNG,RGB,79,58,6626,False,1,,1.3620689655172413,0.004582,11.568747271933653
W6smHRuA.png,,test,PNG,RGB,785,60,28887,False,1,,13.083333333333334,0.0471,4.906496815286625
EMntqvyh.png,,test,PNG,RGB,89,84,7992,False,1,,1.0595238095238095,0.007476,8.552166934189406
4OR8cPdh.jpg,,test,JPEG,RGB,1082,767,36243,False,1,"(100, 100)",1.410691003911343,0.829894,0.349374739424553
zdu2Zw13.png,,test,PNG,RGB,160,126,43989,False,1,,1.2698412698412698,0.02016,17.455952380952382
W2n52G1r.jpg,,test,JPEG,RGB,1024,874,77107,False,1,,1.17162471395881,0.894976,0.6892430635011442
hgfKArJw.png,,test,PNG,RGB,480,309,157490,False,1,,1.5533980582524272,0.14832,8.494606256742179
DVXTo7I6.png,,test,PNG,RGB,838,67,61439,False,1,,12.507462686567164,0.056146,8.75417661097852
QlEiR0iG.jpg,,test,JPEG,RGB,1280,720,72549,False,1,,1.7777777777777777,0.9216,0.629765625
vmQ5ocag.png,,test,PNG,RGB,795,70,33424,False,1,,11.357142857142858,0.05565,4.804887690925427
6walxVK4.jpg,,test,JPEG,RGB,768,768,87893,False,1,"(72, 72)",1.0,0.589824,1.1921251085069444
yOU77fDe.png,,test,PNG,RGB,964,58,47340,False,1,,16.620689655172413,0.055912,6.77350121619688
VYSBSqiL.png,,test,PNG,RGB,257,63,6898,False,1,,4.079365079365079,0.016191,3.408313260453338
X2RZw52N.png,,test,PNG,RGB,1410,61,78909,False,1,,23.114754098360656,0.08601,7.3395186606208584
pWnaLPgR.jpg,,test,JPEG,RGB,736,515,36335,False,1,"(72, 72)",1.429126213592233,0.37904,0.7668847615027438
TkcyO0pK.jpg,,test,JPEG,RGB,768,1024,204699,False,1,,0.75,0.786432,2.082305908203125
wEqxO932.png,,test,PNG,RGB,203,67,1330,False,1,,3.029850746268657,0.013601,0.7822954194544519
PpusvmqU.png,,test,PNG,RGB,659,56,65139,False,1,,11.767857142857142,0.036904,14.120745718621288
5u5TVLbj.png,,test,PNG,RGB,168,65,9453,False,1,,2.5846153846153848,0.01092,6.9252747252747255
05JGzTkN.png,,test,PNG,RGB,497,112,127373,False,1,,4.4375,0.055664,18.30597872951998
vGWIjnJU.png,,test,PNG,RGB,155,150,31392,False,1,,1.0333333333333334,0.02325,10.801548387096775
RyJnmmhF.png,,test,PNG,RGB,788,75,60061,False,1,,10.506666666666666,0.0591,8.130084602368866
0N0MItKu.png,,test,PNG,RGB,263,64,9262,False,1,,4.109375,0.016832,4.402091254752852
4IateSUS.png,,test,PNG,RGB,454,79,29775,False,1,,5.746835443037975,0.035866,6.641387386382647
WrucuNTl.jpg,,test,JPEG,RGB,830,1478,175635,False,1,"(96, 96)",0.5615696887686062,1.22674,1.1453771785382396
nrjSuQUI.png,,test,PNG,RGB,209,174,42695,False,1,,1.2011494252873562,0.036366,9.392289501182423
zT9aeQxi.jpg,,test,JPEG,RGB,1706,960,499886,False,1,"(72, 72)",1.7770833333333333,1.63776,2.4418034388432983
Q9imR7oT.jpg,,test,JPEG,L,768,544,57193,False,1,,1.411764705882353,0.417792,1.095147824754902
c8jZaveK.png,,test,PNG,RGB,856,64,44490,False,1,,13.375,0.054784,6.49678738317757
nIhqTJNj.png,,test,PNG,RGB,88,87,8542,False,1,,1.0114942528735633,0.007656,8.925809822361547
lWYdBjrk.png,,test,PNG,RGB,1194,62,7650,False,1,,19.258064516129032,0.074028,0.8267142162425029
HUGi0nLM.jpg,,test,JPEG,RGB,500,330,21772,False,1,"(120, 120)",1.5151515151515151,0.165,1.0556121212121212
rErI59dc.png,,test,PNG,RGB,130,111,18269,False,1,,1.1711711711711712,0.01443,10.128343728343728
2yagSjhm.png,,test,PNG,RGB,243,286,120007,False,1,,0.8496503496503497,0.069498,13.814152925264036
h8v2QrgF.png,,test,PNG,RGB,455,66,76879,False,1,,6.893939393939394,0.03003,20.48058608058608
WayCSImu.png,,test,PNG,RGB,90,90,1512,False,1,,1.0,0.0081,1.4933333333333334
7VMfcMHI.png,,test,PNG,RGB,187,64,7226,False,1,,2.921875,0.011968,4.830213903743315
9zGlcdIa.png,,test,PNG,RGB,130,38,1602,False,1,,3.4210526315789473,0.00494,2.594331983805668
s05yO8BP.png,,test,PNG,RGB,398,40,9694,False,1,,9.95,0.01592,4.871356783919598
YLBrPsjO.png,,test,PNG,RGB,662,59,44723,False,1,,11.220338983050848,0.039058,9.160325669517128
TXkxko1i.jpg,,test,JPEG,RGB,1033,774,295330,False,1,"(72, 72)",1.334625322997416,0.799542,2.954991732767009
95YZVrDD.png,,test,PNG,RGB,124,58,10395,False,1,,2.1379310344827585,0.007192,11.562847608453838
7ckJIDU4.png,,test,PNG,RGB,145,136,3062,False,1,,1.0661764705882353,0.01972,1.2421906693711968
loTQb3H7.png,,test,PNG,RGB,89,38,8213,False,1,,2.3421052631578947,0.003382,19.42755765819042
34HKXjV9.png,,test,PNG,RGB,706,49,30978,False,1,,14.408163265306122,0.034594,7.163785627565474
rZnOMgbJ.png,,test,PNG,RGB,78,55,3680,False,1,,1.4181818181818182,0.00429,6.862470862470863
6W0xinoW.png,,test,PNG,RGB,324,60,16596,False,1,,5.4,0.01944,6.82962962962963
BF2a88L9.webp,,test,WEBP,RGB,1200,728,26716,False,1,,1.6483516483516483,0.8736,0.24465201465201467
vdHe3qEg.png,,test,PNG,RGB,594,30,12152,False,1,,19.8,0.01782,5.455443322109989
nGYbQt8U.png,,test,PNG,RGB,150,43,6694,False,1,,3.488372093023256,0.00645,8.30263565891473
r7fakC6Y.png,,test,PNG,RGB,576,68,30963,False,1,,8.470588235294118,0.039168,6.324142156862745
01eMwHuH.png,,test,PNG,RGB,793,78,8087,False,1,,10.166666666666666,0.061854,1.045946907233162
mzWOtlbp.png,,test,PNG,RGB,902,59,57551,False,1,,15.288135593220339,0.053218,8.651358562892254
iiCd7aNl.jpg,,test,JPEG,RGB,242,280,14341,False,1,"(72, 72)",0.8642857142857143,0.06776,1.6931523022432113
NjeIgej1.png,,test,PNG,RGB,93,89,7491,False,1,,1.0449438202247192,0.008277,7.240304458137006
r3Ups2lg.png,,test,PNG,RGB,809,90,9824,False,1,,8.988888888888889,0.07281,1.0794121686581513
AQwUoSbi.png,,test,PNG,RGB,1126,67,42219,False,1,,16.80597014925373,0.075442,4.476975689933989
USzzfXaO.png,,test,PNG,RGB,785,75,153756,False,1,,10.466666666666667,0.058875,20.892535031847135
nWpj5DQ3.png,,test,PNG,RGB,802,90,73527,False,1,,8.911111111111111,0.07218,8.149293433083956
ak3GwgIz.png,,test,PNG,RGB,794,76,65678,False,1,,10.447368421052632,0.060344,8.707145697998143
a48ZKsTM.png,,test,PNG,RGB,150,144,21673,False,1,,1.0416666666666667,0.0216,8.027037037037037
3f76p0cH.png,,test,PNG,RGB,386,90,41055,False,1,,4.288888888888889,0.03474,9.454231433506045
WIzFRrQw.png,,test,PNG,RGB,116,38,7838,False,1,,3.0526315789473686,0.004408,14.225045372050817
t0CUnaq7.png,,test,PNG,RGB,144,61,5801,False,1,,2.360655737704918,0.008784,5.283242258652095
CURsUyvi.jpg,,test,JPEG,RGB,480,360,45273,False,1,,1.3333333333333333,0.1728,2.095972222222222
rSIh1IgC.png,,test,PNG,RGB,765,77,43559,False,1,,9.935064935064934,0.058905,5.9158305746541044
TSJcHALM.jpg,,test,JPEG,RGB,700,368,55687,False,1,"(72, 72)",1.9021739130434783,0.2576,1.7294099378881989
gxSxzmWq.png,,test,PNG,L,626,443,66194,False,1,,1.4130925507900678,0.277318,1.9095478836570292
hS8BXVxE.png,,test,PNG,RGB,808,86,55388,False,1,,9.395348837209303,0.069488,6.376698134929772
FJIb3JJZ.png,,test,PNG,RGB,293,47,13434,False,1,,6.23404255319149,0.013771,7.804226272601844
103HUaxy.png,,test,PNG,RGB,101,42,623,False,1,,2.4047619047619047,0.004242,1.174917491749175
KJdY1jWR.jpg,,test,JPEG,RGB,752,564,134774,False,1,"(72.0, 72.0)",1.3333333333333333,0.424128,2.5421382224234192
qO6OKcRs.jpg,,test,JPEG,RGB,716,537,190313,False,1,"(72, 72)",1.3333333333333333,0.384492,3.9597806976478056
BpemwSh9.png,,test,PNG,RGB,170,136,3694,False,1,,1.25,0.02312,1.2782006920415225
XMWlmHYn.webp,,test,WEBP,RGB,1200,675,17168,False,1,,1.7777777777777777,0.81,0.16956049382716049
cIvpkHsH.jpg,,test,JPEG,RGB,453,472,35008,False,1,"(72, 72)",0.9597457627118644,0.213816,1.3098364949302204
iN8lmlCB.png,,test,PNG,RGB,120,114,11079,False,1,,1.0526315789473684,0.01368,6.478947368421053
YtqTEdMc.png,,test,PNG,RGB,940,42,7011,False,1,,22.38095238095238,0.03948,1.4206686930091186
TsW7zvts.png,,test,PNG,RGB,812,46,3602,False,1,,17.652173913043477,0.037352,0.7714714071535661
Y978qcT3.jpg,,test,JPEG,RGB,705,667,80322,False,1,,1.0569715142428786,0.470235,1.3664997288589749
RsrT9tlT.png,,test,PNG,RGB,970,114,9142,False,1,,8.508771929824562,0.11058,0.6613854223186834
VEr26nUc.png,,test,PNG,RGB,595,54,4122,False,1,,11.018518518518519,0.03213,1.026330532212885
fLvo3NSl.png,,test,PNG,RGB,787,75,47885,False,1,,10.493333333333334,0.059025,6.490131300296484
Kmt3tBTF.png,,test,PNG,RGB,665,34,15272,False,1,,19.558823529411764,0.02261,5.403626713843432
0yYINh3K.png,,test,PNG,RGB,423,77,35604,False,1,,5.4935064935064934,0.032571,8.744957170489085
JC72Wvwy.png,,test,PNG,RGB,114,66,4211,False,1,,1.7272727272727273,0.007524,4.477405635300372
TCGOSVcJ.png,,test,PNG,RGB,386,93,87481,False,1,,4.150537634408602,0.035898,19.495459357067247
Kvzj3Pv0.png,,test,PNG,RGB,759,57,26312,False,1,,13.31578947368421,0.043263,4.8654970760233915
33wj8h0R.png,,test,PNG,RGB,1014,45,42114,False,1,,22.533333333333335,0.04563,7.383563445101907
yZhMQJBZ.jpg,,test,JPEG,RGB,300,225,17646,False,1,"(96, 96)",1.3333333333333333,0.0675,2.091377777777778
0GsnAjkh.jpg,,test,JPEG,RGB,1200,677,35297,False,1,,1.7725258493353029,0.8124,0.3475824716888232
UtmpkmTz.jpg,,test,JPEG,RGB,736,1164,160254,False,1,"(72, 72)",0.6323024054982818,0.856704,1.4964701927386823
u18BMse4.jpg,,test,JPEG,RGB,1024,535,222119,False,1,"(96, 96)",1.9140186915887851,0.54784,3.2435601635514018
cgrMsZJ8.png,,test,PNG,RGB,237,46,5309,False,1,,5.1521739130434785,0.010902,3.8957989359750504
yEwOuwUz.jpg,,test,JPEG,RGB,1200,1599,162096,False,1,,0.7504690431519699,1.9188,0.6758223889931207
GtmANNHc.png,,test,PNG,RGB,147,132,19723,False,1,,1.1136363636363635,0.019404,8.131519274376418
FNnSLEoz.jpg,,test,JPEG,RGB,700,700,45491,False,1,,1.0,0.49,0.7427102040816327
hO5C0YCv.png,,test,PNG,RGB,964,62,15642,False,1,,15.548387096774194,0.059768,2.0936956230758934
WUwowK3j.jpg,,test,JPEG,RGB,736,1004,131022,False,1,,0.7330677290836654,0.738944,1.4184782608695652
g1V2Jf5T.png,,test,PNG,RGB,169,58,22865,False,1,,2.913793103448276,0.009802,18.661497653540096
G9emTgSa.png,,test,PNG,RGB,197,78,1468,False,1,,2.5256410256410255,0.015366,0.7642847845893531
3nA3W49u.jpg,,test,JPEG,RGB,588,971,165987,False,1,"(149.86, 149.86)",0.6055612770339855,0.570948,2.3257739759137435
5RITOks4.png,,test,PNG,RGB,608,55,37160,False,1,,11.054545454545455,0.03344,8.889952153110048
hOmpjJmw.png,,test,PNG,RGB,56,42,479,False,1,,1.3333333333333333,0.002352,1.629251700680272
3MWxF7cW.png,,test,PNG,RGB,316,46,11166,False,1,,6.869565217391305,0.014536,6.145294441386901
deHZj2TH.png,,test,PNG,RGB,1376,64,36994,False,1,,21.5,0.088064,3.3606468023255816
0u4WUqfd.png,,test,PNG,RGB,389,83,24599,False,1,,4.686746987951807,0.032287,6.095084709016013
wX7bM0kB.png,,test,PNG,RGB,382,102,13562,False,1,,3.7450980392156863,0.038964,2.784519043219382
08ir1p0K.png,,test,PNG,RGB,183,70,1284,False,1,,2.6142857142857143,0.01281,0.8018735362997658
Q0tOdDTQ.png,,test,PNG,RGB,49,42,3080,False,1,,1.1666666666666667,0.002058,11.97278911564626
Cs3YLT81.png,,test,PNG,RGB,519,67,32530,False,1,,7.746268656716418,0.034773,7.483967446006959
nq6bdC2J.jpg,,test,JPEG,RGB,330,549,38881,False,1,,0.6010928961748634,0.18117,1.7168846939338742
hSV8sh6t.png,,test,PNG,RGB,127,121,17361,False,1,,1.0495867768595042,0.015367,9.038068588533871
8vFap5BO.png,,test,PNG,RGB,1388,84,87985,False,1,,16.523809523809526,0.116592,6.037120900233292
3sAJUg9D.png,,test,PNG,RGB,328,58,2327,False,1,,5.655172413793103,0.019024,0.9785534062237174
FfhHxvVH.png,,test,PNG,RGB,936,70,48866,False,1,,13.371428571428572,0.06552,5.966544566544567
5tEuNxV2.png,,test,PNG,RGB,832,82,148749,False,1,,10.146341463414634,0.068224,17.442424953095685
0QmUSo8n.jpg,,test,JPEG,RGB,774,947,105912,False,1,"(96, 96)",0.8173178458289335,0.732978,1.1559637533459395
WHISm4Km.png,,test,PNG,RGB,920,59,50620,False,1,,15.59322033898305,0.05428,7.460574797347089
MnP02zXP.png,,test,PNG,RGB,500,125,14334,False,1,,4.0,0.0625,1.834752
EFM6OYGv.png,,test,PNG,RGB,89,36,3771,False,1,,2.4722222222222223,0.003204,9.415730337078651
6op2Y2yh.png,,test,PNG,RGB,805,55,38315,False,1,,14.636363636363637,0.044275,6.92309429700734
d7cXQ2Qo.png,,test,PNG,RGB,116,106,9384,False,1,,1.0943396226415094,0.012296,6.105400130123617
323hhBsX.png,,test,PNG,RGB,288,64,1840,False,1,,4.5,0.018432,0.7986111111111112
GYYGbbBG.png,,test,PNG,RGB,110,80,6202,False,1,,1.375,0.0088,5.638181818181818
PX3mxCZj.png,,test,PNG,RGB,216,63,10367,False,1,,3.4285714285714284,0.013608,6.094650205761317
LnSqXuEu.png,,test,PNG,RGB,872,68,30142,False,1,,12.823529411764707,0.059296,4.066648677819752
NOBQTAfI.png,,test,PNG,RGB,163,144,3736,False,1,,1.1319444444444444,0.023472,1.2733469665985004
GmgmFkbL.png,,test,PNG,RGB,61,42,3097,False,1,,1.4523809523809523,0.002562,9.670569867291178
rR8Jn0tX.png,,test,PNG,RGB,139,40,1960,False,1,,3.475,0.00556,2.820143884892086
JpskgVWZ.png,,test,PNG,RGB,783,66,34548,False,1,,11.863636363636363,0.051678,5.3481945895739
HAzZ4mgu.png,,test,PNG,RGB,1400,56,9674,False,1,,25.0,0.0784,0.9871428571428571
tcTkCXgy.png,,test,PNG,RGB,130,62,1116,False,1,,2.096774193548387,0.00806,1.1076923076923078
kyWx0ZQy.png,,test,PNG,RGB,86,75,4448,False,1,,1.1466666666666667,0.00645,5.516899224806202
xU9Yyahd.png,,test,PNG,RGB,1403,61,54601,False,1,,23.0,0.085583,5.103910823411192
GKqjIlWl.png,,test,PNG,RGB,997,58,37432,False,1,,17.189655172413794,0.057826,5.178570193338636
pfViDMBL.png,,test,PNG,RGB,948,67,63835,False,1,,14.149253731343284,0.063516,8.04017885257258
EAYCAQ59.png,,test,PNG,RGB,156,46,8793,False,1,,3.391304347826087,0.007176,9.80267558528428
l59U3nzg.png,,test,PNG,RGB,487,52,20487,False,1,,9.365384615384615,0.025324,6.471963354920233
XYvglGWB.png,,test,PNG,RGB,161,145,9161,False,1,,1.110344827586207,0.023345,3.139344613407582
2HeVFuqg.png,,test,PNG,RGB,218,104,51242,False,1,,2.0961538461538463,0.022672,18.081157374735355
BqEBJVOi.png,,test,PNG,RGB,663,95,99974,False,1,,6.978947368421053,0.062985,12.69813447646265
KRx3Vmia.png,,test,PNG,RGB,1410,61,170512,False,1,,23.114754098360656,0.08601,15.85973723985583
l4bmCKrg.png,,test,PNG,RGB,340,77,14990,False,1,,4.415584415584416,0.02618,4.580595874713522
s9WmvGWk.png,,test,PNG,RGB,154,134,28956,False,1,,1.1492537313432836,0.020636,11.225431285132778
KhpaPPC0.png,,test,PNG,RGB,886,81,61520,False,1,,10.938271604938272,0.071766,6.8578435470835775
YeQKBE9M.png,,test,PNG,RGB,825,79,73539,False,1,,10.443037974683545,0.065175,9.026651323360184
kSLTls5b.jpg,,test,JPEG,RGB,768,1024,165562,False,1,,0.75,0.786432,1.6841837565104167
43HAydRQ.png,,test,PNG,RGB,1357,69,72647,False,1,,19.666666666666668,0.093633,6.2069569489389425
e2cUfICY.png,,test,PNG,RGB,190,144,3327,False,1,,1.3194444444444444,0.02736,0.9728070175438597
IQ8kGbtE.png,,test,PNG,RGB,673,99,179791,False,1,,6.797979797979798,0.066627,21.587764720008405
OIaA5eXo.png,,test,PNG,RGB,621,86,37596,False,1,,7.22093023255814,0.053406,5.631726772272779
ulIaHLEa.png,,test,PNG,RGB,776,54,32440,False,1,,14.37037037037037,0.041904,6.193203512791142
91m3Rxef.jpg,,test,JPEG,RGB,200,150,12424,False,1,"(72, 72)",1.3333333333333333,0.03,3.313066666666667
cGozUXSG.jpg,,test,JPEG,RGB,790,445,248922,False,1,"(72, 72)",1.7752808988764044,0.35155,5.6645598065709
1bbYyX22.png,,test,PNG,RGB,1444,48,91034,False,1,,30.083333333333332,0.069312,10.507156048014775
89dSOcz7.png,,test,PNG,RGB,876,66,51292,False,1,,13.272727272727273,0.057816,7.097274110972741
MgAgepYl.png,,test,PNG,RGB,214,68,5624,False,1,,3.1470588235294117,0.014552,3.091808686091259
hqJ103Sp.jpg,,test,JPEG,RGB,1024,768,128240,False,1,"(72, 72)",1.3333333333333333,0.786432,1.3045247395833333
D7NbcemQ.png,,test,PNG,RGB,406,64,31565,False,1,,6.34375,0.025984,9.718288177339902
4X7I7UNx.png,,test,PNG,RGB,936,67,4634,False,1,,13.970149253731343,0.062712,0.5911468299528001
LTy8fniU.png,,test,PNG,RGB,130,38,4482,False,1,,3.4210526315789473,0.00494,7.2582995951417
HI5mb7iB.png,,test,PNG,RGB,151,41,15958,False,1,,3.682926829268293,0.006191,20.62090130835083
raGbK5Tu.png,,test,PNG,RGB,625,630,304698,False,1,,0.9920634920634921,0.39375,6.190689523809524
P9E70Dmo.png,,test,PNG,RGB,146,44,8945,False,1,,3.3181818181818183,0.006424,11.13947696139477
86AuEeEl.png,,test,PNG,RGB,136,35,6590,False,1,,3.8857142857142857,0.00476,11.07563025210084
90fjiYcU.png,,test,PNG,RGB,580,74,43054,False,1,,7.837837837837838,0.04292,8.02497670083877
PDsak7xf.png,,test,PNG,RGB,170,146,31466,False,1,,1.1643835616438356,0.02482,10.142143432715551
OvOP7g6o.png,,test,PNG,RGB,147,132,25312,False,1,,1.1136363636363635,0.019404,10.435786435786436
qATEq0HP.jpg,,test,JPEG,RGB,414,276,8757,False,1,,1.5,0.114264,0.6131064902331443
EcXKkfB4.png,,test,PNG,RGB,91,76,12257,False,1,,1.1973684210526316,0.006916,14.178137651821862
Pt4L9F8V.png,,test,PNG,RGB,148,35,2066,False,1,,4.228571428571429,0.00518,3.1907335907335908
jTD8Zh8H.png,,test,PNG,RGB,491,81,8568,False,1,,6.061728395061729,0.039771,1.7234668477031003
7dPUZjhP.png,,test,PNG,RGB,962,89,7021,False,1,,10.808988764044944,0.085618,0.6560302740078021
S6L0aYU5.png,,test,PNG,RGB,74,42,5238,False,1,,1.7619047619047619,0.003108,13.482625482625483
oMiIYb91.jpg,,test,JPEG,RGB,1366,616,138919,False,1,,2.2175324675324677,0.841456,1.3207487973227359
OkORWxGB.png,,test,PNG,RGB,137,136,38650,False,1,,1.0073529411764706,0.018632,16.595105195362816
fNNSh4tQ.png,,test,PNG,RGB,267,63,16918,False,1,,4.238095238095238,0.016821,8.046132810177754
pZsW1GoY.jpg,,test,JPEG,RGB,1200,800,112387,False,1,,1.5,0.96,0.9365583333333334
hSxVaXor.jpg,,test,JPEG,RGB,739,492,111884,False,1,"(220, 220)",1.5020325203252032,0.363588,2.461775416130345
fCHu0AYO.jpg,,test,JPEG,RGB,1060,597,130209,False,1,"(96, 96)",1.7755443886097153,0.63282,1.6460794538731394
fgVE5ccy.png,,test,PNG,RGB,864,864,9695,False,1,,1.0,0.746496,0.10389874828532236
myxkjkgQ.webp,,test,WEBP,RGB,1200,675,15610,False,1,,1.7777777777777777,0.81,0.15417283950617283
OEWabCe7.jpg,,test,JPEG,RGB,790,444,78012,False,1,"(96, 96)",1.7792792792792793,0.35076,1.7792678754704072
Qdwfb3Ge.png,,test,PNG,RGB,137,40,8460,False,1,,3.425,0.00548,12.35036496350365
jmtUqfDV.png,,test,PNG,RGB,936,76,55462,False,1,,12.31578947368421,0.071136,6.237291947818264
nwCtXeZ4.png,,test,PNG,RGB,580,80,107685,False,1,,7.25,0.0464,18.56637931034483
z2vsKyPU.jpg,,test,JPEG,RGB,500,272,41464,False,1,,1.838235294117647,0.136,2.439058823529412
kYXFycIv.png,,test,PNG,RGB,861,56,14365,False,1,,15.375,0.048216,2.383441181350589
CXBsxs5B.png,,test,PNG,P,895,260,4944,False,1,"(95.9866, 95.9866)",3.4423076923076925,0.2327,0.16996991834980663
Orjz0RPU.jpg,,test,JPEG,RGB,347,280,43894,False,1,,1.2392857142857143,0.09716,3.6141622066694112
J1ixlQWm.png,,test,PNG,RGB,249,84,10217,False,1,,2.9642857142857144,0.020916,3.90782176324345
kVmtA8MR.png,,test,PNG,RGB,806,47,54640,False,1,,17.148936170212767,0.037882,11.538989493690934
d1ToAyba.png,,test,PNG,RGB,1408,61,30035,False,1,,23.081967213114755,0.085888,2.797596870342772
lPzv5eqY.png,,test,PNG,RGB,833,73,117272,False,1,,11.41095890410959,0.060809,15.428242529888667
pku4lkFa.png,,test,PNG,RGB,225,79,2105,False,1,,2.848101265822785,0.017775,0.9473980309423348
RUb8zlTE.png,,test,PNG,RGB,255,85,16419,False,1,,3.0,0.021675,6.060069204152249
Oys3soEI.png,,test,PNG,RGB,55,56,460,False,1,,0.9821428571428571,0.00308,1.1948051948051948
reA9BLpu.png,,test,PNG,RGB,234,47,13276,False,1,,4.9787234042553195,0.010998,9.657028550645572
OiiDyhUF.png,,test,PNG,RGB,484,53,22289,False,1,,9.132075471698114,0.025652,6.951192889443318
i3He2y1Y.png,,test,PNG,RGB,152,65,11239,False,1,,2.3384615384615386,0.00988,9.100404858299596
J7G57bTW.png,,test,PNG,RGB,938,53,9971,False,1,,17.69811320754717,0.049714,1.604537957114696
uRe54tg1.png,,test,PNG,RGB,849,75,87280,False,1,,11.32,0.063675,10.965685119748724
phH6CAnL.jpg,,test,JPEG,RGB,224,224,10712,False,1,,1.0,0.050176,1.7079081632653061
SagDWqdN.png,,test,PNG,RGB,100,44,5029,False,1,,2.272727272727273,0.0044,9.143636363636364
niyHlOIV.png,,test,PNG,RGB,519,56,31433,False,1,,9.267857142857142,0.029064,8.652078172309386
mS4vyvre.png,,test,PNG,RGB,140,60,9103,False,1,,2.3333333333333335,0.0084,8.66952380952381
VE3D743t.png,,test,PNG,RGB,803,67,42680,False,1,,11.985074626865671,0.053801,6.346350439582907
a5zGM5iK.jpg,,test,JPEG,RGB,1200,675,24015,False,1,,1.7777777777777777,0.81,0.2371851851851852
Q2NwIzMD.png,,test,PNG,RGB,114,108,1549,False,1,,1.0555555555555556,0.012312,1.0064977257959715
98PJUOnr.png,,test,PNG,RGB,119,120,18757,False,1,,0.9916666666666667,0.01428,10.50812324929972
LOM2Cl5C.png,,test,PNG,RGB,149,146,52383,False,1,,1.0205479452054795,0.021754,19.263767582973248
ZyfCy8J2.png,,test,PNG,RGB,577,66,36613,False,1,,8.742424242424242,0.038082,7.691402762459955
s53qLnER.png,,test,PNG,RGB,917,58,18201,False,1,,15.810344827586206,0.053186,2.73771293197458
oam3a8sH.png,,test,PNG,RGB,750,375,340214,False,1,,2.0,0.28125,9.677198222222222
QXGCGLVW.png,,test,PNG,RGB,906,66,20176,False,1,,13.727272727272727,0.059796,2.699310990701719
XTddzS4X.png,,test,PNG,RGB,246,141,33034,False,1,,1.7446808510638299,0.034686,7.618981721732111
731K7Cai.jpg,,test,JPEG,RGB,768,1024,250517,False,1,,0.75,0.786432,2.5483907063802085
7TmjWUdk.png,,test,PNG,RGB,1414,49,63006,False,1,,28.857142857142858,0.069286,7.274889588084172
dUllUsCz.jpg,,test,JPEG,RGB,960,1449,215922,False,1,,0.6625258799171843,1.39104,1.2417874396135267
jK32E0JD.png,,test,PNG,RGB,872,68,30436,False,1,,12.823529411764707,0.059296,4.106314085267134
feCJMsmX.png,,test,PNG,RGB,437,703,444580,False,1,"(96.012, 96.012)",0.6216216216216216,0.307211,11.577189618861304
h5nYoAdw.png,,test,PNG,RGB,941,63,37312,False,1,,14.936507936507937,0.059283,5.035102811935968
Hv8tHeqB.png,,test,PNG,RGB,594,56,11717,False,1,,10.607142857142858,0.033264,2.817941317941318
tQWUm1oA.png,,test,PNG,RGB,640,81,10332,False,1,,7.901234567901234,0.05184,1.5944444444444446
RbxPyn4x.png,,test,PNG,RGB,225,64,17681,False,1,,3.515625,0.0144,9.822777777777778
QFfZe8ew.png,,test,PNG,RGB,1411,66,9952,False,1,,21.37878787878788,0.093126,0.8549277323196529
Tv6WAzx4.png,,test,PNG,RGB,347,59,27405,False,1,,5.88135593220339,0.020473,10.708738338299224
54J05dmZ.png,,test,PNG,RGB,905,1280,653755,False,1,"(349.9866, 349.9866)",0.70703125,1.1584,4.514882596685083
I29sCR8B.png,,test,PNG,RGB,152,43,1985,False,1,,3.5348837209302326,0.006536,2.429620563035496
edRKaasR.jpg,,test,JPEG,RGB,768,1024,72734,False,1,,0.75,0.786432,0.7398885091145834
UnICwyqg.png,,test,PNG,RGB,294,50,8574,False,1,,5.88,0.0147,4.666122448979592
JYfbeH12.jpg,,test,JPEG,RGB,1024,768,160844,False,1,"(72, 72)",1.3333333333333333,0.786432,1.6361897786458333
Ky0oQWpj.png,,test,PNG,RGB,827,40,12283,False,1,,20.675,0.03308,2.9704957678355504
ChZIBpdG.png,,test,PNG,RGB,973,96,228069,False,1,,10.135416666666666,0.093408,19.533144912641315
VuSyev7a.png,,test,PNG,RGB,256,99,22264,False,1,,2.585858585858586,0.025344,7.027777777777778
okSu4ciV.png,,test,PNG,RGB,553,67,21326,False,1,,8.253731343283581,0.037051,4.6046800356265685
CXBUMBFn.png,,test,PNG,RGB,809,92,8504,False,1,,8.793478260869565,0.074428,0.9140645993443328
KewGrZpD.png,,test,PNG,RGB,402,68,35340,False,1,,5.911764705882353,0.027336,10.342405618964003
0RAnFoKU.png,,test,PNG,RGB,206,173,41202,False,1,,1.1907514450867052,0.035638,9.249003872271171
P9JfVGGD.png,,test,PNG,RGB,284,76,2536,False,1,,3.736842105263158,0.021584,0.9399555226093402
DaAz8lL4.png,,test,PNG,RGB,188,69,15036,False,1,,2.7246376811594204,0.012972,9.272895467160037
nRdhCMHl.png,,test,PNG,RGB,206,77,21165,False,1,,2.675324675324675,0.015862,10.674568150296306
Zi7kJrQs.png,,test,PNG,RGB,118,49,6895,False,1,,2.4081632653061225,0.005782,9.539951573849878
JyGnx4Yb.png,,test,PNG,RGB,161,160,36851,False,1,,1.00625,0.02576,11.4444099378882
dPgoqmRa.png,,test,PNG,RGB,84,54,705,False,1,,1.5555555555555556,0.004536,1.2433862433862435
qDDmJZ7z.png,,test,PNG,RGB,308,47,28371,False,1,,6.553191489361702,0.014476,15.678916827852998
Whk8ayUq.png,,test,PNG,RGB,702,50,3992,False,1,,14.04,0.0351,0.9098575498575499
MCWevjoy.jpg,,test,JPEG,RGB,657,720,51636,False,1,"(96, 96)",0.9125,0.47304,0.8732623033992897
lKlzHcor.png,,test,PNG,P,900,219,8828,False,1,,4.109589041095891,0.1971,0.35831557584982243
oal4ko2F.png,,test,PNG,RGB,144,64,9344,False,1,,2.25,0.009216,8.11111111111111
tKOzQYKm.png,,test,PNG,RGB,840,450,578702,False,1,,1.8666666666666667,0.378,12.247661375661375
59tDe5Gv.webp,,test,WEBP,RGB,2048,2899,97558,False,1,,0.7064505001724732,5.937152,0.1314542730251811
oGT8HWEq.png,,test,PNG,RGB,951,68,20518,False,1,,13.985294117647058,0.064668,2.5382569431558113
JlYULXkv.png,,test,PNG,RGB,35,38,1913,False,1,,0.9210526315789473,0.00133,11.506766917293232
6VezOnWn.jpg,,test,JPEG,RGB,889,500,71317,False,1,"(72.0, 72.0)",1.778,0.4445,1.2835455568053993
wxpzk5d3.png,,test,PNG,RGB,783,65,115338,False,1,,12.046153846153846,0.050895,18.129560860595344
AnSP4JJ3.jpg,,test,JPEG,RGB,870,653,147421,False,1,"(96, 96)",1.332312404287902,0.56811,2.0759500800901236
nGWPVJWU.png,,test,PNG,RGB,99,38,4232,False,1,,2.6052631578947367,0.003762,8.99946836788942
vMXZNRut.png,,test,PNG,RGB,949,73,51674,False,1,,13.0,0.069277,5.9672329921907705
oU4Afjm0.png,,test,PNG,RGB,931,62,136273,False,1,,15.016129032258064,0.057722,18.88680225910398
xLY3M8f5.png,,test,PNG,RGB,813,92,79882,False,1,,8.83695652173913,0.074796,8.54398630942831
1nxydDHq.png,,test,PNG,RGB,355,60,17967,False,1,,5.916666666666667,0.0213,6.748169014084507
Dhgw3OD7.png,,test,PNG,RGB,937,50,106676,False,1,,18.74,0.04685,18.21575240128068
3mAvzleS.png,,test,PNG,RGB,922,75,26126,False,1,,12.293333333333333,0.06915,3.022530730296457
im6uI6sb.png,,test,PNG,RGB,82,40,3832,False,1,,2.05,0.00328,9.346341463414634
zEYv6W21.png,,test,PNG,RGB,580,84,34285,False,1,,6.904761904761905,0.04872,5.629720853858785
aCi9dvle.png,,test,PNG,RGB,73,214,16379,False,1,,0.3411214953271028,0.015622,8.387658430418641
j4rJdmko.png,,test,PNG,RGB,80,26,3539,False,1,,3.076923076923077,0.00208,13.611538461538462
TZ1ueTRt.png,,test,PNG,RGB,527,70,32365,False,1,,7.5285714285714285,0.03689,7.018704255895907
hel3KOlu.png,,test,PNG,RGB,150,47,7286,False,1,,3.1914893617021276,0.00705,8.267801418439717
Krjvxple.jpg,,test,JPEG,RGB,1700,2313,149209,False,1,,0.7349762213575444,3.9321,0.3035711197578902
0b658G9J.png,,test,PNG,RGB,506,79,23959,False,1,,6.405063291139241,0.039974,4.794916695852304
4MUwwG4m.png,,test,PNG,RGB,674,59,14378,False,1,,11.423728813559322,0.039766,2.8925212493084547
LWZ0IOje.png,,test,PNG,RGB,791,81,21979,False,1,,9.765432098765432,0.064071,2.744330508342308
G7edH2Ra.png,,test,PNG,RGB,216,170,46773,False,1,,1.2705882352941176,0.03672,10.190196078431372
GtRD7Rmf.png,,test,PNG,RGB,286,68,10216,False,1,,4.205882352941177,0.019448,4.202385849444673
dfssXIo8.jpg,,test,JPEG,RGB,1280,720,256252,False,1,"(96, 96)",1.7777777777777777,0.9216,2.224409722222222
cln7Plo6.png,,test,PNG,RGB,242,91,54564,False,1,,2.659340659340659,0.022022,19.821632912542004
OeILLbO4.jpg,,test,JPEG,RGB,665,374,30155,False,1,,1.7780748663101604,0.24871,0.9699650195006232
ZaYgfQQL.png,,test,PNG,RGB,201,61,1783,False,1,,3.2950819672131146,0.012261,1.1633635103172661
KbrCt83X.png,,test,PNG,RGB,134,129,21894,False,1,,1.0387596899224807,0.017286,10.132592849704963
bn00IwdS.jpg,,test,JPEG,RGB,2448,3696,2997880,False,1,"(300.0, 300.0)",0.6623376623376623,9.047808,2.650701694819342
DcbTyhLk.png,,test,PNG,RGB,106,77,6319,False,1,,1.3766233766233766,0.008162,6.19358000490076
qi2VSDd6.png,,test,PNG,RGB,272,93,19458,False,1,,2.924731182795699,0.025296,6.15370018975332
pqtG762h.png,,test,PNG,RGB,815,53,27208,False,1,,15.377358490566039,0.043195,5.039101747887487
b4mplqNJ.png,,test,PNG,RGB,127,75,10253,False,1,,1.6933333333333334,0.009525,8.611443569553806
KEBMdQDz.jpg,,test,JPEG,RGB,1024,1024,375560,False,1,,1.0,1.048576,2.86529541015625
OQWkQ4vH.png,,test,PNG,RGB,656,58,104190,False,1,,11.310344827586206,0.038048,21.907064760302774
uiAFa39T.png,,test,PNG,RGB,548,66,65441,False,1,,8.303030303030303,0.036168,14.47489493474895
u8gRNSJu.jpg,,test,JPEG,L,768,1024,157899,False,1,,0.75,0.786432,1.606231689453125
oI6wrK4S.png,,test,PNG,RGB,142,36,5914,False,1,,3.9444444444444446,0.005112,9.255086071987481
WvFIkFHu.png,,test,PNG,RGB,238,87,5768,False,1,,2.735632183908046,0.020706,2.2285327924273157
KR5EpRnz.png,,test,PNG,RGB,399,95,32886,False,1,,4.2,0.037905,6.940720221606648
4Pc0Kc1p.jpg,,test,JPEG,RGB,830,556,119789,False,1,,1.4928057553956835,0.46148,2.076605703389096
eiFKAMFN.png,,test,PNG,RGB,2822,1698,87102,False,1,,1.6619552414605419,4.791756,0.14541975843511232
VKy7LWsI.png,,test,PNG,RGB,812,76,92646,False,1,,10.68421052631579,0.061712,12.010111485610578
dng6mbzW.png,,test,PNG,RGB,591,60,26478,False,1,,9.85,0.03546,5.973604060913706
XOb5w4Tj.jpg,,test,JPEG,RGB,768,1024,76998,False,1,,0.75,0.786432,0.78326416015625
du6bZvPZ.png,,test,PNG,RGB,949,34,18971,False,1,,27.91176470588235,0.032266,4.703650901878138
yhu5vLZ2.png,,test,PNG,RGB,155,42,5470,False,1,,3.6904761904761907,0.00651,6.721966205837173
dZIHQ6IO.jpg,,test,JPEG,RGB,1200,800,154913,False,1,"(72.0, 72.0)",1.5,0.96,1.2909416666666667
pvGzanwP.png,,test,PNG,RGB,921,64,144783,False,1,,14.390625,0.058944,19.650244299674267
Sto0xADH.png,,test,PNG,RGB,682,43,11647,False,1,,15.86046511627907,0.029326,3.1772488576689626
h5xnSsJF.png,,test,PNG,RGB,904,99,91816,False,1,,9.131313131313131,0.089496,8.207383570215429
Z6ZSedJs.png,,test,PNG,RGB,218,161,58008,False,1,,1.3540372670807452,0.035098,13.221949968659183
0Be8uAsz.png,,test,PNG,RGB,895,78,116389,False,1,,11.474358974358974,0.06981,13.33780260707635
9KzA3sXY.png,,test,PNG,RGB,142,36,6947,False,1,,3.9444444444444446,0.005112,10.8716744913928
rZpMW2CH.png,,test,PNG,RGB,142,122,17419,False,1,,1.1639344262295082,0.017324,8.04386977603325
87cOoBaA.png,,test,PNG,RGB,976,106,42063,False,1,,9.20754716981132,0.103456,3.2526291370244356
PgHL2J1Y.jpg,,test,JPEG,RGB,400,300,15423,False,1,,1.3333333333333333,0.12,1.0282
NHCgSr47.jpg,,test,JPEG,RGB,740,454,50168,False,1,,1.6299559471365639,0.33596,1.1946184069532086
EtYbzPDr.png,,test,PNG,RGB,94,43,1220,False,1,,2.186046511627907,0.004042,2.4146462147451757
8a3JTa3q.png,,test,PNG,RGB,159,119,26583,False,1,,1.3361344537815125,0.018921,11.239575075313144
MgJkaaVi.png,,test,PNG,RGB,691,80,4646,False,1,,8.6375,0.05528,0.6723589001447178
fCvfu7Us.png,,test,PNG,RGB,449,51,20406,False,1,,8.803921568627452,0.022899,7.129044936460107
81HeWJBq.png,,test,PNG,RGB,254,98,2051,False,1,,2.5918367346938775,0.024892,0.6591676040494938
qAqrMJcb.png,,test,PNG,RGB,182,40,12265,False,1,,4.55,0.00728,13.478021978021978
Ipz3NlA5.png,,test,PNG,RGB,441,68,2937,False,1,,6.485294117647059,0.029988,0.7835134053621449
YuvQpaWw.png,,test,PNG,RGB,911,90,59528,False,1,,10.122222222222222,0.08199,5.808318087571655
XVc6dD9e.png,,test,PNG,RGB,932,32,38578,False,1,,29.125,0.029824,10.348175965665236
0gywkqZS.png,,test,PNG,RGB,1375,57,9863,False,1,,24.12280701754386,0.078375,1.0067496012759172
kdvH7v80.png,,test,PNG,RGB,144,36,11419,False,1,,4.0,0.005184,17.621913580246915
47iZwzAU.png,,test,PNG,RGB,815,69,50487,False,1,,11.81159420289855,0.056235,7.182288610296079
40oY2xIY.jpg,,test,JPEG,RGB,1600,1100,466436,False,1,"(300, 300)",1.4545454545454546,1.76,2.1201636363636363
EVa764br.png,,test,PNG,RGB,670,100,14422,False,1,,6.7,0.067,1.7220298507462686
8suclccs.png,,test,PNG,RGB,1401,64,105068,False,1,,21.890625,0.089664,9.374375446109921
BNarjjGj.png,,test,PNG,RGB,1200,800,239187,False,1,,1.5,0.96,1.993225
vzYKFY2J.png,,test,PNG,RGB,132,131,20380,False,1,,1.0076335877862594,0.017292,9.428637520240574
uZCXeRsn.jpg,,test,JPEG,RGB,404,316,82969,False,1,"(300.0, 300.0)",1.2784810126582278,0.127664,5.199210427371851
7O7h7FxL.png,,test,PNG,RGB,800,64,45899,False,1,,12.5,0.0512,7.17171875
hiiIL22I.jpg,,test,JPEG,RGB,932,719,373426,False,1,"(300, 300)",1.2962447844228095,0.670108,4.458099291457496
ZyABnADj.png,,test,PNG,RGB,961,76,155790,False,1,,12.644736842105264,0.073036,17.064461361520348
PQQXgTWv.png,,test,PNG,RGB,802,87,164854,False,1,,9.218390804597702,0.069774,18.901481927365495
bVqDZDkZ.jpg,,test,JPEG,RGB,800,800,366840,False,1,,1.0,0.64,4.5855
cOV7dwV9.png,,test,PNG,RGB,167,48,3830,False,1,,3.4791666666666665,0.008016,3.8223552894211577
VHglU5tG.png,,test,PNG,RGB,131,42,6321,False,1,,3.119047619047619,0.005502,9.19083969465649
eizJ5AcS.png,,test,PNG,RGB,231,61,27828,False,1,,3.7868852459016393,0.014091,15.799020651479667
Cz8bkDL2.png,,test,PNG,RGB,538,55,28850,False,1,,9.781818181818181,0.02959,7.7999324095978375
v977Z2zw.png,,test,PNG,RGB,493,69,30152,False,1,,7.144927536231884,0.034017,7.091042713937149
NlR91Rwp.webp,,test,WEBP,RGB,710,473,112472,False,1,,1.5010570824524312,0.33583,2.679260340053003
nifwsZzJ.png,,test,PNG,RGB,823,60,43810,False,1,,13.716666666666667,0.04938,7.097610368570272
w3IjrsOh.jpg,,test,JPEG,RGB,5664,4248,4676361,False,1,"(72.0, 72.0)",1.3333333333333333,24.060672,1.5548563232149126
YpHPQVh6.png,,test,PNG,RGB,250,74,6904,False,1,,3.3783783783783785,0.0185,2.9855135135135136
JPtO2j4w.jpg,,test,JPEG,RGB,800,535,58404,False,1,"(72.0, 72.0)",1.4953271028037383,0.428,1.091663551401869
v4Nqvjpm.png,,test,PNG,RGB,985,84,82572,False,1,,11.726190476190476,0.08274,7.983756345177665
VgWTSZGj.png,,test,PNG,RGB,943,76,66599,False,1,,12.407894736842104,0.071668,7.434168666629458
gB3m7wJI.png,,test,PNG,RGB,171,166,20993,False,1,,1.0301204819277108,0.028386,5.916437680546748
HGqtBqjD.png,,test,PNG,RGB,1004,53,28197,False,1,,18.943396226415093,0.053212,4.239194166729309
NNhdDS0q.png,,test,PNG,RGB,39,36,2261,False,1,,1.0833333333333333,0.001404,12.883190883190883
Ox0GYt25.png,,test,PNG,RGB,174,43,9208,False,1,,4.046511627906977,0.007482,9.8454958567228
AWadd36B.png,,test,PNG,RGB,836,69,61053,False,1,,12.115942028985508,0.057684,8.46723528188059
0PyAzQHo.png,,test,PNG,RGB,826,42,30268,False,1,,19.666666666666668,0.034692,6.979822437449556
Xvvd7Ac1.png,,test,PNG,RGB,78,36,3792,False,1,,2.1666666666666665,0.002808,10.803418803418804
OTGZSY5w.png,,test,PNG,RGB,860,62,58291,False,1,,13.870967741935484,0.05332,8.745836459114779
XHbRwo0Z.jpg,,test,JPEG,RGB,400,290,30433,False,1,,1.3793103448275863,0.116,2.0988275862068964
m2kSqjTS.png,,test,PNG,RGB,1299,1672,116450,False,1,,0.7769138755980861,2.171928,0.42892766242711544
uKjRsBx4.png,,test,PNG,RGB,124,63,5037,False,1,,1.9682539682539681,0.007812,5.158218125960062
RehnVJdJ.png,,test,PNG,RGB,108,36,3509,False,1,,3.0,0.003888,7.220164609053498
jqjMd0Yx.png,,test,PNG,RGB,766,69,26051,False,1,,11.101449275362318,0.052854,3.9430885079653386
R1SZovgr.png,,test,PNG,RGB,146,154,28596,False,1,,0.948051948051948,0.022484,10.174702010318448
wNwpg3Ar.jpg,,test,JPEG,RGB,300,400,38447,False,1,,0.75,0.12,2.5631333333333335
tSvo48rE.png,,test,PNG,RGB,711,61,53750,False,1,,11.655737704918034,0.043371,9.91445897027968
YIMADrYw.png,,test,PNG,RGB,162,72,1128,False,1,,2.25,0.011664,0.7736625514403292
et1jPHue.png,,test,PNG,RGB,877,53,39925,False,1,,16.547169811320753,0.046481,6.871624965039478
eSQjEze4.jpg,,test,JPEG,RGB,300,407,44345,False,1,,0.7371007371007371,0.1221,2.9054873054873056
SMVfGAZD.png,,test,PNG,RGB,776,76,129588,False,1,,10.210526315789474,0.058976,17.578404774823657
jsVNMUj5.png,,test,PNG,RGB,761,68,32415,False,1,,11.191176470588236,0.051748,5.011208162634305
NbEwAuct.jpg,,test,JPEG,RGB,1000,430,43260,False,1,"(300, 300)",2.3255813953488373,0.43,0.8048372093023256
nrkhPH5U.png,,test,PNG,RGB,50,42,3252,False,1,,1.1904761904761905,0.0021,12.388571428571428
elVJofGn.png,,test,PNG,RGB,294,79,21486,False,1,,3.721518987341772,0.023226,7.400671661069491
alj4mF6e.png,,test,PNG,RGB,138,42,14673,False,1,,3.2857142857142856,0.005796,20.252587991718425
QKQTTMjT.png,,test,PNG,RGB,171,44,1879,False,1,,3.8863636363636362,0.007524,1.997873471557682
ajknS84q.png,,test,PNG,RGB,792,76,31890,False,1,,10.421052631578947,0.060192,4.238437001594896
Li8nbn2t.jpg,,test,JPEG,RGB,2288,3612,1886198,False,1,,0.6334440753045404,8.264256,1.8258853549551224
4AaKRtzE.png,,test,PNG,RGB,389,81,36229,False,1,,4.802469135802469,0.031509,9.198387762226666
K9e8TMyg.jpg,,test,JPEG,RGB,448,323,31392,False,1,"(72, 72)",1.3869969040247678,0.144704,1.735515258735073
V2LAceRJ.png,,test,PNG,RGB,1539,58,25416,False,1,,26.53448275862069,0.089262,2.2778786045573702
3asehMfn.jpg,,test,JPEG,RGB,1280,720,95203,False,1,,1.7777777777777777,0.9216,0.8264149305555556
hhV3ZKbu.jpg,,test,JPEG,RGB,696,461,62041,False,1,,1.509761388286334,0.320856,1.5468870770688408
66o6eVNi.png,,test,PNG,RGB,816,62,31374,False,1,,13.161290322580646,0.050592,4.961100569259962
qmKWKSxE.png,,test,PNG,RGB,994,74,8499,False,1,,13.432432432432432,0.073556,0.9243569525259666
VJM1WbBN.jpg,,test,JPEG,RGB,579,530,40520,False,1,,1.0924528301886793,0.30687,1.056343076872943
c8MnpMk4.jpg,,test,JPEG,RGB,1200,1200,89507,False,1,,1.0,1.44,0.4972611111111111
TaAdHNlI.png,,test,PNG,RGB,787,88,5927,False,1,,8.943181818181818,0.069256,0.6846482615224674
kJJAyZKM.jpg,,test,JPEG,RGB,768,512,63939,False,1,"(96, 96)",1.5,0.393216,1.30084228515625
K2sHB4Jk.jpg,,test,JPEG,RGB,340,191,17496,False,1,,1.780104712041885,0.06494,2.1553433939020636
sa1rVmqD.png,,test,PNG,RGB,164,138,28404,False,1,,1.1884057971014492,0.022632,10.040296924708377
MUAVkDjK.jpg,,test,JPEG,RGB,600,450,37808,False,1,"(72.0, 72.0)",1.3333333333333333,0.27,1.1202370370370371
g31rgeLv.png,,test,PNG,RGB,153,43,5229,False,1,,3.558139534883721,0.006579,6.358413132694938
mR8bW1pV.png,,test,PNG,RGB,1411,65,53626,False,1,,21.70769230769231,0.091715,4.6776208908030315
N2Q2ULqo.png,,test,PNG,RGB,237,42,13639,False,1,,5.642857142857143,0.009954,10.961623467952581
BzZAMGZC.jpg,,test,JPEG,RGB,1150,1500,199869,False,1,"(89, 89)",0.7666666666666667,1.725,0.926928695652174
ubtIWQXy.png,,test,PNG,RGB,136,135,2257,False,1,,1.0074074074074073,0.01836,0.983442265795207
5p0Dj1Vk.webp,,test,WEBP,RGB,678,828,12412,False,1,,0.8188405797101449,0.561384,0.1768771464808402
zMMYfB6o.jpg,,test,JPEG,RGB,1200,677,59058,False,1,,1.7725258493353029,0.8124,0.5815657311669129
4x8Igjnl.png,,test,PNG,RGB,108,36,3094,False,1,,3.0,0.003888,6.366255144032922
RPlubVFj.png,,test,PNG,RGB,951,57,41532,False,1,,16.68421052631579,0.054207,6.12939288283801
XRQyv1Zd.png,,test,PNG,RGB,137,36,4323,False,1,,3.8055555555555554,0.004932,7.012165450121654
XRUfcTAX.png,,test,PNG,RGB,947,69,116936,False,1,,13.72463768115942,0.065343,14.316575608710956
WUWpvdeZ.png,,test,PNG,RGB,295,107,2324,False,1,,2.7570093457943927,0.031565,0.5890068113416759
i9i4gTem.png,,test,PNG,RGB,480,109,38785,False,1,,4.4036697247706424,0.05232,5.930428134556575
n3d8txPT.png,,test,PNG,RGB,73,44,8458,False,1,,1.6590909090909092,0.003212,21.066002490660026
1aQ8f5iK.png,,test,PNG,RGB,82,633,31747,False,1,,0.12954186413902052,0.051906,4.892998882595461
hdJrfq4s.png,,test,PNG,RGB,530,66,35984,False,1,,8.030303030303031,0.03498,8.229616923956547
rWnMvbQk.jpg,,test,JPEG,RGB,840,840,78056,False,1,,1.0,0.7056,0.8849886621315193
KXd0P9dH.png,,test,PNG,RGB,373,66,22552,False,1,,5.651515151515151,0.024618,7.328621333983264
9oawFahu.png,,test,PNG,RGB,853,69,56884,False,1,,12.36231884057971,0.058857,7.7318245918072614
8nBGe8RJ.png,,test,PNG,RGB,173,58,7016,False,1,,2.9827586206896552,0.010034,5.593781144110026
ZebzJoUL.jpg,,test,JPEG,RGB,236,312,17319,False,1,"(72, 72)",0.7564102564102564,0.073632,1.8816818774445894
SSysKnwZ.png,,test,PNG,RGB,830,56,3792,False,1,,14.821428571428571,0.04648,0.6526678141135972
ZiZ0rzRd.png,,test,PNG,RGB,804,84,177118,False,1,,9.571428571428571,0.067536,20.980573323856905
sOyFalPj.png,,test,PNG,RGB,118,36,7475,False,1,,3.2777777777777777,0.004248,14.077212806026365
svxunifc.png,,test,PNG,RGB,939,42,9556,False,1,,22.357142857142858,0.039438,1.93843501191744
G1iATUqO.png,,test,PNG,RGB,923,86,50132,False,1,,10.732558139534884,0.079378,5.052483055758523
ycdhjkBF.png,,test,PNG,RGB,1160,676,15355,False,1,,1.7159763313609468,0.78416,0.15665170373393186
51T6XKh2.png,,test,PNG,RGB,891,63,39102,False,1,,14.142857142857142,0.056133,5.572764683875795
8pahLIpm.png,,test,PNG,RGB,100,63,4207,False,1,,1.5873015873015872,0.0063,5.342222222222222
uP9TwtV2.jpg,,test,JPEG,RGB,960,720,49110,False,1,"(72, 72)",1.3333333333333333,0.6912,0.5684027777777778
aBQT6TJI.png,,test,PNG,RGB,949,50,19735,False,1,,18.98,0.04745,3.327291886195996
u3VWNChV.png,,test,PNG,RGB,119,113,17085,False,1,,1.0530973451327434,0.013447,10.164348925410872
TTEUFyJY.png,,test,PNG,RGB,628,65,41862,False,1,,9.661538461538461,0.04082,8.20421362077413
4Jij6v9g.jpg,,test,JPEG,RGB,1024,1024,146346,False,1,,1.0,1.048576,1.1165313720703125
UzaG4Ggg.jpg,,test,JPEG,RGB,612,408,34035,False,1,,1.5,0.249696,1.0904459823144945
ix1amEQM.png,,test,PNG,RGB,78,56,653,False,1,,1.3928571428571428,0.004368,1.195970695970696
qGkM4Ur2.png,,test,PNG,RGB,294,68,11416,False,1,,4.323529411764706,0.019992,4.568227290916367
X5VKmeBa.jpg,,test,JPEG,RGB,399,501,39997,False,1,,0.7964071856287425,0.199899,1.6006883476155458
yA7xTpY5.png,,test,PNG,RGB,925,69,109974,False,1,,13.405797101449275,0.063825,13.784441833137485
8HI5NDWB.png,,test,PNG,RGB,677,89,77863,False,1,,7.606741573033708,0.060253,10.338140839460277
ro26fXD7.png,,test,PNG,RGB,124,40,1571,False,1,,3.1,0.00496,2.5338709677419353
4YGovcfJ.png,,test,PNG,RGB,783,72,50779,False,1,,10.875,0.056376,7.205761316872428
aaqExlVp.jpg,,test,JPEG,RGB,870,660,71231,False,1,"(96, 96)",1.3181818181818181,0.5742,0.992420759317311
HOYLoAta.jpg,,test,JPEG,RGB,620,350,32643,False,1,,1.7714285714285714,0.217,1.2034285714285715
nm7BXcSo.png,,test,PNG,RGB,77,44,4053,False,1,,1.75,0.003388,9.570247933884298
S3sYitMU.png,,test,PNG,RGB,814,104,100161,False,1,,7.826923076923077,0.084656,9.465223965223965
bt2RKsKm.png,,test,PNG,RGB,1367,63,89160,False,1,,21.6984126984127,0.086121,8.282300484202459
vvTcbLTG.jpg,,test,JPEG,RGB,1920,1080,221756,False,1,,1.7777777777777777,2.0736,0.8555401234567901
xKb8yzNs.jpg,,test,JPEG,RGB,700,500,50623,False,1,"(96, 96)",1.4,0.35,1.1570971428571428
h2iLpucQ.png,,test,PNG,RGB,68,39,516,False,1,,1.7435897435897436,0.002652,1.5565610859728507
QzYrzlso.webp,,test,WEBP,RGB,1200,1200,70584,False,1,,1.0,1.44,0.39213333333333333
WNT3Tnrb.png,,test,PNG,RGB,945,58,22106,False,1,,16.29310344827586,0.05481,3.226564495530013
K8weUhmt.png,,test,PNG,RGB,112,67,4951,False,1,,1.671641791044776,0.007504,5.278251599147121
9odq553u.png,,test,PNG,RGB,103,63,7224,False,1,,1.6349206349206349,0.006489,8.906148867313917
ol8RyevU.jpg,,test,JPEG,RGB,1280,720,104772,False,1,,1.7777777777777777,0.9216,0.9094791666666666
dRCVp0zD.jpg,,test,JPEG,RGB,1200,630,53518,False,1,"(300, 300)",1.9047619047619047,0.756,0.5663280423280423
k0Lb4cxJ.png,,test,PNG,RGB,1355,68,90062,False,1,,19.926470588235293,0.09214,7.8195789016713695
H0jEMsB8.png,,test,PNG,RGB,224,224,56039,False,1,"(71.9836, 71.9836)",1.0,0.050176,8.934789540816327
NiDKo5Nd.png,,test,PNG,RGB,939,43,49100,False,1,,21.837209302325583,0.040377,9.72831067191718
5CHegCkK.jpg,,test,JPEG,RGB,741,400,16910,False,1,"(160, 160)",1.8525,0.2964,0.4564102564102564
OoUyvEqb.png,,test,PNG,RGB,536,63,54489,False,1,,8.507936507936508,0.033768,12.909026297086
wp6wkjKx.png,,test,PNG,RGB,1414,56,9735,False,1,,25.25,0.079184,0.983532026672055
wYewV5up.png,,test,PNG,RGB,791,79,6907,False,1,,10.012658227848101,0.062489,0.8842516282865784
iiCqsrGo.png,,test,PNG,RGB,78,44,3797,False,1,,1.7727272727272727,0.003432,8.85081585081585
uAEERgsB.png,,test,PNG,RGB,794,80,47867,False,1,,9.925,0.06352,6.028589420654912
SVxHx8pl.png,,test,PNG,RGB,373,77,35660,False,1,,4.8441558441558445,0.028721,9.932801782667735
Q7bs1lcv.png,,test,PNG,RGB,71,51,7128,False,1,,1.392156862745098,0.003621,15.748135874067938
FoTOgdqM.png,,test,PNG,RGB,87,78,1149,False,1,,1.1153846153846154,0.006786,1.354553492484527
4IujtzpE.png,,test,PNG,RGB,78,42,8126,False,1,,1.8571428571428572,0.003276,19.843711843711844
akkU0GuM.jpg,,test,JPEG,RGB,250,174,20319,False,1,,1.4367816091954022,0.0435,3.7368275862068967
RQKLdl0d.png,,test,PNG,RGB,146,42,6604,False,1,,3.4761904761904763,0.006132,8.615786040443576
ZgnNANis.png,,test,PNG,RGB,956,67,67265,False,1,,14.26865671641791,0.064052,8.401298944607506
Bp5dKMs8.jpg,,test,JPEG,RGB,992,1256,169245,False,1,"(96, 96)",0.7898089171974523,1.245952,1.0866871275940004
NY6h9a11.png,,test,PNG,RGB,131,42,948,False,1,,3.119047619047619,0.005502,1.3784078516902945
HDUihU2T.jpg,,test,JPEG,RGB,250,357,30041,False,1,,0.7002801120448179,0.08925,2.692750700280112
7okaG787.png,,test,PNG,RGB,507,67,37389,False,1,,7.567164179104478,0.033969,8.805440254349554
FGZEAU1U.png,,test,PNG,RGB,151,38,7754,False,1,,3.973684210526316,0.005738,10.81073544789125
aOLaO5JM.jpg,,test,JPEG,RGB,640,480,38720,False,1,,1.3333333333333333,0.3072,1.0083333333333333
g9Kn0JHj.png,,test,PNG,RGB,814,81,79576,False,1,,10.049382716049383,0.065934,9.655230988564321
ZKfXeHba.jpg,,test,JPEG,RGB,5664,4248,9037471,False,1,"(72.0, 72.0)",1.3333333333333333,24.060672,3.004893961398917
qjtA37ao.png,,test,PNG,RGB,198,58,1946,False,1,,3.413793103448276,0.011484,1.3556252176941832
RzcsA0iU.jpg,,test,JPEG,RGB,270,300,23693,False,1,,0.9,0.081,2.3400493827160496
lYKRQ4Ej.jpg,,test,JPEG,RGB,500,252,50327,False,1,,1.9841269841269842,0.126,3.195365079365079
kTe41wZp.png,,test,PNG,RGB,392,59,18909,False,1,,6.6440677966101696,0.023128,6.540643375994466
eKyhXzpC.png,,test,PNG,RGB,1405,61,10086,False,1,,23.0327868852459,0.085705,0.9414619917157692
xHufZeXk.jpg,,test,JPEG,RGB,1024,576,89198,False,1,"(72, 72)",1.7777777777777777,0.589824,1.2098253038194444
NSoDh4XV.png,,test,PNG,RGB,118,57,5996,False,1,,2.0701754385964914,0.006726,7.131727624145109
qZbzOws6.png,,test,PNG,RGB,133,130,29737,False,1,,1.023076923076923,0.01729,13.759167148640833
p9MS8QOZ.png,,test,PNG,RGB,146,143,42376,False,1,,1.020979020979021,0.020878,16.23757064852955
pqiXIbz1.jpg,,test,JPEG,RGB,260,280,19586,False,1,,0.9285714285714286,0.0728,2.1523076923076925
O7buaCxu.png,,test,PNG,RGB,807,76,43307,False,1,,10.618421052631579,0.061332,5.648861931781125
gZ6JRRo1.jpg,,test,JPEG,RGB,320,266,11756,False,1,,1.2030075187969924,0.08512,1.1048872180451128
r9pkij31.png,,test,PNG,RGB,865,115,63064,False,1,,7.521739130434782,0.099475,5.071746670017593
7z5jC5dJ.png,,test,PNG,RGB,139,43,5737,False,1,,3.2325581395348837,0.005977,7.6787686130165635
1bSnuvCQ.jpg,,test,JPEG,RGB,4608,3456,976165,False,1,"(240.0, 240.0)",1.3333333333333333,15.925248,0.4903735251093107
w1TYNXxv.png,,test,PNG,RGB,864,864,11967,False,1,,1.0,0.746496,0.12824717078189302
mVWaBWn7.png,,test,PNG,RGB,145,36,8371,False,1,,4.027777777777778,0.00522,12.82911877394636
9uBBnvVC.jpg,,test,JPEG,RGB,1280,720,81611,False,1,,1.7777777777777777,0.9216,0.7084288194444445
OBJjW2qr.png,,test,PNG,RGB,757,92,37337,False,1,,8.228260869565217,0.069644,4.288897823215208
lrxdOlAT.png,,test,PNG,RGB,140,32,6405,False,1,,4.375,0.00448,11.4375
Y9Wo1fXp.png,,test,PNG,RGB,85,67,13409,False,1,,1.2686567164179106,0.005695,18.836172080772606
8aIpqRW3.png,,test,PNG,RGB,794,87,5251,False,1,,9.126436781609195,0.069078,0.6081241495121457
DmsOlx6D.png,,test,PNG,RGB,939,52,55371,False,1,,18.057692307692307,0.048828,9.072007864340133
xDkXQvEj.png,,test,PNG,RGB,623,47,3464,False,1,,13.25531914893617,0.029281,0.9464157644889177
gwK0nORp.jpg,,test,JPEG,RGB,301,276,15034,False,1,,1.0905797101449275,0.083076,1.4477346044585682
ewJz6r3b.png,,test,PNG,RGB,710,59,33670,False,1,,12.033898305084746,0.04189,6.430174265934591
xNKGV4NH.png,,test,PNG,RGB,107,101,7652,False,1,,1.0594059405940595,0.010807,5.664476728046637
dvQD5M5A.jpg,,test,JPEG,RGB,770,434,215928,False,1,,1.7741935483870968,0.33418,5.169142378358968
JT80OyO5.png,,test,PNG,RGB,147,36,7589,False,1,,4.083333333333333,0.005292,11.4724111866969
9SwD0Cng.png,,test,PNG,RGB,248,41,12695,False,1,,6.048780487804878,0.010168,9.988198269079465
RKS9K2Fn.png,,test,PNG,RGB,164,133,20356,False,1,,1.2330827067669172,0.021812,7.465982028241335
QDQKS6ep.png,,test,PNG,RGB,952,49,11906,False,1,,19.428571428571427,0.046648,2.0418453095523925
iCbYEi4m.png,,test,PNG,RGB,213,44,9479,False,1,,4.840909090909091,0.009372,8.091335894152795
nMQ4F1xT.jpg,,test,JPEG,RGB,679,455,51672,False,1,"(96, 96)",1.4923076923076923,0.308945,1.3380245674796485
Kol75L34.png,,test,PNG,RGB,202,58,17439,False,1,,3.4827586206896552,0.011716,11.907818368043701
APvuixRi.png,,test,PNG,RGB,153,42,6507,False,1,,3.642857142857143,0.006426,8.100840336134453
cXMgNAwJ.png,,test,PNG,RGB,144,143,3224,False,1,,1.006993006993007,0.020592,1.2525252525252526
j9Sd0Ui3.webp,,test,WEBP,RGB,700,465,8086,False,1,,1.5053763440860215,0.3255,0.1987342549923195
MbkiEXjb.png,,test,PNG,RGB,299,59,1327,False,1,,5.067796610169491,0.017641,0.6017799444475936
3fw8duj3.png,,test,PNG,RGB,54,45,3110,False,1,,1.2,0.00243,10.238683127572017
9ujMxB0H.png,,test,PNG,RGB,154,138,28098,False,1,,1.1159420289855073,0.021252,10.577075098814229
gebXt5nB.png,,test,PNG,RGB,285,85,21744,False,1,,3.3529411764705883,0.024225,7.180681114551083
dox3Caag.jpg,,test,JPEG,RGB,310,320,23827,False,1,,0.96875,0.0992,1.9215322580645162
pXsBWAib.png,,test,PNG,RGB,116,105,13178,False,1,,1.1047619047619048,0.01218,8.655500821018062
CO9rKb3f.png,,test,PNG,RGB,1001,280,455491,False,1,,3.575,0.28028,13.001027543884687
9QpMUepB.png,,test,PNG,RGB,877,61,40960,False,1,,14.37704918032787,0.053497,6.125203282427052
8vgm8wKA.png,,test,PNG,RGB,435,73,71872,False,1,,5.958904109589041,0.031755,18.10662887734215
EoiXaNBt.png,,test,PNG,RGB,891,71,47020,False,1,,12.549295774647888,0.063261,5.946159561183036
KtJsjnsZ.png,,test,PNG,RGB,165,142,55729,False,1,,1.1619718309859155,0.02343,19.028254374733248
gH2GwWBW.png,,test,PNG,RGB,90,36,4902,False,1,,2.5,0.00324,12.103703703703705
GYZj43GE.jpg,,test,JPEG,RGB,768,1024,75916,False,1,,0.75,0.786432,0.7722574869791666
n1Iuhvj5.png,,test,PNG,RGB,733,68,28047,False,1,,10.779411764705882,0.049844,4.5015648824331915
rtb326oA.png,,test,PNG,RGB,874,57,35219,False,1,,15.333333333333334,0.049818,5.655626480388615
5MKxqZuH.png,,test,PNG,RGB,962,74,113909,False,1,,13.0,0.071188,12.800921503624206
65wJVNGh.png,,test,PNG,RGB,637,90,68658,False,1,,7.0777777777777775,0.05733,9.580743066457352
XfeKKCjv.png,,test,PNG,RGB,164,143,28854,False,1,,1.1468531468531469,0.023452,9.842742623230428
qaXGDMJG.png,,test,PNG,RGB,910,56,110648,False,1,,16.25,0.05096,17.3701726844584
CEawXvVN.png,,test,PNG,RGB,279,81,12508,False,1,,3.4444444444444446,0.022599,4.427806540112394
TpM2nulH.png,,test,PNG,RGB,657,63,35418,False,1,,10.428571428571429,0.041391,6.845546133217366
LA6ocSc4.png,,test,PNG,RGB,807,56,19040,False,1,,14.410714285714286,0.045192,3.3705080545229245
7O1Z9Ieg.png,,test,PNG,RGB,88,73,5264,False,1,,1.2054794520547945,0.006424,6.555417185554172
ZLwA6wXB.png,,test,PNG,RGB,797,81,55852,False,1,,9.839506172839506,0.064557,6.921263379648992
QaGkv1XE.png,,test,PNG,RGB,303,55,1577,False,1,,5.509090909090909,0.016665,0.757035703570357
u3NoAYng.png,,test,PNG,RGB,138,133,47728,False,1,,1.037593984962406,0.018354,20.803312629399585
2jgQzL0Z.png,,test,PNG,RGB,149,45,2291,False,1,,3.311111111111111,0.006705,2.733482475764355
PHFLYaNx.png,,test,PNG,RGB,788,41,3313,False,1,,19.21951219512195,0.032308,0.8203540918657918
Wcg5HVar.png,,test,PNG,RGB,133,43,6079,False,1,,3.0930232558139537,0.005719,8.503584542752229
pm6H79rh.png,,test,PNG,RGB,153,73,6306,False,1,,2.095890410958904,0.011169,4.516787536932581
XmPemLJt.png,,test,PNG,RGB,378,72,27341,False,1,,5.25,0.027216,8.036743092298648
aUdw5dsN.png,,test,PNG,RGB,826,79,55378,False,1,,10.455696202531646,0.065254,6.789223649124958
C2rmpLAR.png,,test,PNG,RGB,1545,53,103183,False,1,,29.150943396226417,0.081885,10.080771814129571
ltWHwNeH.png,,test,PNG,RGB,1446,64,34056,False,1,,22.59375,0.092544,2.9439834024896268
uT2vYMoU.jpg,,test,JPEG,RGB,1200,675,96624,False,1,,1.7777777777777777,0.81,0.9543111111111111
EcNEHVd7.png,,test,PNG,RGB,140,37,5299,False,1,,3.7837837837837838,0.00518,8.183783783783785
2AxMK7gr.png,,test,PNG,RGB,300,245,37407,False,1,,1.2244897959183674,0.0735,4.0715102040816324
bop5vEvK.png,,test,PNG,RGB,993,558,818346,False,1,,1.7795698924731183,0.554094,11.815266001797529
TIWzxvnQ.png,,test,PNG,RGB,43,41,2817,False,1,,1.048780487804878,0.001763,12.78275666477595
7yw3UO3l.png,,test,PNG,RGB,829,30,37699,False,1,,27.633333333333333,0.02487,12.126739043023724
3XYHokqa.png,,test,PNG,RGB,404,316,14335,False,1,,1.2784810126582278,0.127664,0.8982955257551072
BjCddVpD.png,,test,PNG,RGB,143,36,7029,False,1,,3.9722222222222223,0.005148,10.923076923076923
A7o2WBJc.png,,test,PNG,RGB,933,50,22840,False,1,,18.66,0.04665,3.916827438370847
93NRlevh.jpg,,test,JPEG,RGB,628,1141,75676,False,1,,0.5503943908851884,0.716548,0.8448952477712589
vqVon2XC.png,,test,PNG,RGB,132,113,20170,False,1,,1.168141592920354,0.014916,10.817913649772057
IRNP6nIx.png,,test,PNG,RGB,97,44,5796,False,1,,2.2045454545454546,0.004268,10.86410496719775
qrAaDALi.jpg,,test,JPEG,RGB,579,206,15744,False,1,,2.8106796116504853,0.119274,1.0559887318275567
OE8aYn28.png,,test,PNG,RGB,191,88,14848,False,1,,2.1704545454545454,0.016808,7.067110899571633
EpFBZRyY.png,,test,PNG,RGB,239,76,13324,False,1,,3.1447368421052633,0.018164,5.868310944725831
58w1SSBz.png,,test,PNG,RGB,225,83,36276,False,1,,2.710843373493976,0.018675,15.53991967871486
Vtgd35hU.png,,test,PNG,RGB,921,71,105913,False,1,,12.971830985915492,0.065391,12.957501796883363
lcZIlQln.png,,test,PNG,RGB,954,68,5193,False,1,,14.029411764705882,0.064872,0.6403995560488346
fpIL7VTV.jpg,,test,JPEG,RGB,750,544,177353,False,1,"(96, 96)",1.3786764705882353,0.408,3.477509803921569
Ay9ShDpL.png,,test,PNG,RGB,151,40,5855,False,1,,3.775,0.00604,7.754966887417218
dnS6qlsM.png,,test,PNG,RGB,135,30,5199,False,1,,4.5,0.00405,10.26962962962963
zbfjxVrH.png,,test,PNG,RGB,108,58,8257,False,1,,1.8620689655172413,0.006264,10.545338441890166
bO7P6Bkt.png,,test,PNG,RGB,1200,800,481803,False,1,,1.5,0.96,4.015025
JMUbIuxW.png,,test,PNG,RGB,802,81,81499,False,1,,9.901234567901234,0.064962,10.036513654136265
x8uS9FTz.png,,test,PNG,RGB,1280,671,82133,False,1,,1.9076005961251863,0.85888,0.765024217585693
RvR6VzKd.png,,test,PNG,RGB,792,77,108242,False,1,,10.285714285714286,0.060984,14.199396563032927
152nPU4v.png,,test,PNG,RGB,232,78,16636,False,1,,2.9743589743589745,0.018096,7.354553492484527
FFjj4Gt3.jpg,,test,JPEG,RGB,812,1024,90903,False,1,,0.79296875,0.831488,0.8746055264778325
EuBFu1a2.png,,test,PNG,RGB,840,82,78035,False,1,,10.24390243902439,0.06888,9.063298490127758
WPH4MRoI.jpg,,test,JPEG,L,768,1024,90094,False,1,,0.75,0.786432,0.9164835611979166
YMl6HdPy.png,,test,PNG,RGB,96,36,5557,False,1,,2.6666666666666665,0.003456,12.863425925925926
0LozFGtf.png,,test,PNG,RGB,140,31,6801,False,1,,4.516129032258065,0.00434,12.536405529953917
DlYwCXLq.png,,test,PNG,RGB,324,100,27003,False,1,,3.24,0.0324,6.667407407407407
keYZq33p.png,,test,PNG,RGB,799,65,37035,False,1,,12.292307692307693,0.051935,5.704823336863387
w2cIWsFj.png,,test,PNG,RGB,134,88,1773,False,1,,1.5227272727272727,0.011792,1.2028493894165535
zrUNvOrx.png,,test,PNG,RGB,159,139,20225,False,1,,1.143884892086331,0.022101,7.320935704266775
iPjo2ktw.png,,test,PNG,RGB,141,37,5602,False,1,,3.810810810810811,0.005217,8.590377611654207
PPx6NNeK.png,,test,PNG,RGB,796,89,67114,False,1,,8.9438202247191,0.070844,7.578792840607532
bhK7v2jl.png,,test,PNG,RGB,118,31,6446,False,1,,3.806451612903226,0.003658,14.097320940404593
XMe2g54q.png,,test,PNG,RGB,822,65,44108,False,1,,12.646153846153846,0.05343,6.604229833426913
GUbQCM3T.png,,test,PNG,RGB,776,69,123684,False,1,,11.246376811594203,0.053544,18.47960555804572
K3HrZflH.png,,test,PNG,RGB,132,36,11192,False,1,,3.6666666666666665,0.004752,18.84175084175084
JDK2V2xX.jpg,,test,JPEG,RGB,868,868,232435,False,1,"(72, 72)",1.0,0.753424,2.46803924483425
dZTPToBV.png,,test,PNG,RGB,979,135,124455,False,1,,7.2518518518518515,0.132165,7.53331063443423
PJdnk3lm.png,,test,PNG,RGB,960,74,4372,False,1,,12.972972972972974,0.07104,0.49234234234234237
JqbYEJn9.png,,test,PNG,RGB,58,42,3584,False,1,,1.380952380952381,0.002436,11.770114942528735
fUMzeXB8.png,,test,PNG,RGB,811,90,179620,False,1,,9.011111111111111,0.07299,19.68708042197561
DA4kTYgw.jpg,,test,JPEG,RGB,500,500,35441,False,1,,1.0,0.25,1.134112
03CmPGkT.png,,test,PNG,RGB,166,100,41104,False,1,,1.66,0.0166,19.809156626506024
sZitfzyO.png,,test,PNG,RGB,389,64,47521,False,1,,6.078125,0.024896,15.270244215938304
2GJWBApQ.png,,test,PNG,RGB,180,156,29742,False,1,,1.1538461538461537,0.02808,8.473504273504274
4655GZzK.png,,test,PNG,RGB,144,44,16838,False,1,,3.272727272727273,0.006336,21.26010101010101
08NfpYut.png,,test,PNG,RGB,384,90,84515,False,1,,4.266666666666667,0.03456,19.56365740740741
h3g0czx2.png,,test,PNG,RGB,162,133,28090,False,1,,1.218045112781955,0.021546,10.429778149076395
hk9RQTry.png,,test,PNG,RGB,106,93,7593,False,1,,1.1397849462365592,0.009858,6.161898965307365
Zz2volKH.jpg,,test,JPEG,RGB,1200,800,116289,False,1,"(72.0, 72.0)",1.5,0.96,0.969075
eMQyYGpQ.png,,test,PNG,RGB,111,63,8351,False,1,,1.7619047619047619,0.006993,9.553553553553554
Hi29doMI.png,,test,PNG,RGB,40,35,2038,False,1,,1.1428571428571428,0.0014,11.645714285714286
YpqYLMls.png,,test,PNG,RGB,113,42,3498,False,1,,2.6904761904761907,0.004746,5.8963337547408345
NDvBjnG7.jpg,,test,JPEG,RGB,502,720,53170,False,1,"(72, 72)",0.6972222222222222,0.36144,1.1768481629039398
9HLf4SFI.jpg,,test,JPEG,RGB,1080,1080,152432,False,1,,1.0,1.1664,1.0454869684499315
ZB2R1d8J.png,,test,PNG,RGB,888,70,76907,False,1,,12.685714285714285,0.06216,9.897940797940798
5qer90We.jpg,,test,JPEG,RGB,640,480,62217,False,1,,1.3333333333333333,0.3072,1.620234375
IBmEBKAa.png,,test,PNG,RGB,1546,56,58877,False,1,,27.607142857142858,0.086576,5.440491591203105
74idLsML.png,,test,PNG,RGB,109,88,9528,False,1,,1.2386363636363635,0.009592,7.946622185154295
z1R8PWlY.jpg,,test,JPEG,L,1024,538,72056,False,1,"(300, 300)",1.903345724907063,0.550912,1.0463522304832713
UBKtB1Oc.png,,test,PNG,RGB,844,72,67789,False,1,,11.722222222222221,0.060768,8.924302264349658
Q6XCuJlD.png,,test,PNG,RGB,138,145,47577,False,1,,0.9517241379310345,0.02001,19.021289355322338
idfEwQVG.png,,test,PNG,RGB,185,166,75449,False,1,,1.1144578313253013,0.03071,19.654575056984697
yNa3HysK.png,,test,PNG,RGB,144,40,14106,False,1,,3.6,0.00576,19.591666666666665
MBKVuyos.jpg,,test,JPEG,RGB,260,280,21687,False,1,,0.9285714285714286,0.0728,2.3831868131868132
i0emcfgO.png,,test,PNG,RGB,1413,64,221287,False,1,,22.078125,0.090432,19.575990799716916
dozYNIIq.jpg,,test,JPEG,RGB,875,535,68298,False,1,"(96, 96)",1.6355140186915889,0.468125,1.1671754339118825
7dSHxdbK.png,,test,PNG,RGB,941,72,155078,False,1,,13.069444444444445,0.067752,18.31125280434526
Ug2YwR91.png,,test,PNG,RGB,108,39,1287,False,1,,2.769230769230769,0.004212,2.4444444444444446
hFzwSHJo.jpg,,test,JPEG,RGB,800,500,60611,False,1,"(96, 96)",1.6,0.4,1.21222
DKYyzKJl.webp,,test,WEBP,RGB,800,449,19190,False,1,,1.78173719376392,0.3592,0.42739420935412026
m4ozFNVG.png,,test,PNG,RGB,647,76,69847,False,1,,8.513157894736842,0.049172,11.363702920361181
kiILGiOh.png,,test,PNG,RGB,393,84,4550,False,1,,4.678571428571429,0.033012,1.1026293469041561
KrSZbpXE.webp,,test,WEBP,RGB,1200,675,24110,False,1,,1.7777777777777777,0.81,0.23812345679012345
lWLK4H0M.jpg,,test,JPEG,RGB,686,386,55359,False,1,,1.7772020725388602,0.264796,1.6725026057795436
ysYHSOU8.png,,test,PNG,RGB,118,114,16265,False,1,,1.0350877192982457,0.013452,9.67291109128754
c7L3eKPC.png,,test,PNG,RGB,840,77,78192,False,1,,10.909090909090908,0.06468,9.671243042671614
0WkhIplx.png,,test,PNG,RGB,222,78,15479,False,1,,2.8461538461538463,0.017316,7.151305151305151
6coEpME3.png,,test,PNG,RGB,180,170,38694,False,1,,1.0588235294117647,0.0306,10.116078431372548
6bCoahIm.png,,test,PNG,RGB,154,145,3394,False,1,,1.0620689655172413,0.02233,1.2159426780116436
peNDJF4b.png,,test,PNG,RGB,343,85,21991,False,1,,4.035294117647059,0.029155,6.034230835191219
pDvLygmX.png,,test,PNG,RGB,890,58,30546,False,1,,15.344827586206897,0.05162,4.733979077876792
yiJYAIaE.png,,test,PNG,RGB,645,74,74310,False,1,,8.716216216216216,0.04773,12.455059710873664
9XCWkKHR.png,,test,PNG,RGB,82,104,4227,False,1,,0.7884615384615384,0.008528,3.965290806754221
cgHSsmtb.png,,test,PNG,RGB,135,31,5474,False,1,,4.354838709677419,0.004185,10.464038231780167
YM3XRFaS.jpg,,test,JPEG,RGB,1024,678,125522,False,1,,1.5103244837758112,0.694272,1.4463726032448379
KCwPhJOR.png,,test,PNG,RGB,885,81,157423,False,1,,10.925925925925926,0.071685,17.56830578224175
ISiY75Bj.png,,test,PNG,RGB,131,131,14899,False,1,,1.0,0.017161,6.945515995571354
VrkXL7CM.jpg,,test,JPEG,RGB,674,505,32249,False,1,"(96, 96)",1.3346534653465347,0.34037,0.7579751446954784
5xvOZlms.png,,test,PNG,RGB,125,120,3402,False,1,,1.0416666666666667,0.015,1.8144
2Orl9nKh.png,,test,PNG,RGB,269,77,22172,False,1,,3.4935064935064934,0.020713,8.563510838603776
zLGTidae.png,,test,PNG,RGB,205,45,1259,False,1,,4.555555555555555,0.009225,1.0918157181571815
L5aixmxr.jpg,,test,JPEG,RGB,1200,675,58064,False,1,,1.7777777777777777,0.81,0.5734716049382717
FTIQOELb.png,,test,PNG,RGB,938,57,122916,False,1,,16.45614035087719,0.053466,18.391650768712825
32fihWfl.png,,test,PNG,RGB,820,89,79275,False,1,,9.213483146067416,0.07298,8.690052069060016
H1LyYAs1.png,,test,PNG,RGB,71,72,8253,False,1,,0.9861111111111112,0.005112,12.915492957746478
RjDCO5Qf.png,,test,PNG,RGB,547,69,38528,False,1,,7.927536231884058,0.037743,8.166388469385051
2L07gdL9.png,,test,PNG,RGB,165,142,24939,False,1,,1.1619718309859155,0.02343,8.515236875800255
oV3DKp9V.png,,test,PNG,RGB,386,77,33659,False,1,,5.012987012987013,0.029722,9.059686427562076
LrLRmKID.png,,test,PNG,RGB,134,31,6369,False,1,,4.32258064516129,0.004154,12.265767934520944
ryXAdzPy.png,,test,PNG,RGB,124,54,8204,False,1,,2.2962962962962963,0.006696,9.801672640382318
7OfVqjsr.png,,test,PNG,RGB,124,58,9595,False,1,,2.1379310344827585,0.007192,10.672969966629589
mPJCe6hs.jpg,,test,JPEG,RGB,600,400,23822,False,1,"(72, 72)",1.5,0.24,0.7940666666666667
tCGh0ODM.png,,test,PNG,RGB,195,93,16852,False,1,,2.096774193548387,0.018135,7.434022608216156
WcjGi7bD.jpg,,test,JPEG,RGB,433,559,58903,False,1,"(96, 96)",0.774597495527728,0.242047,1.9468285085128094
23BRi8rh.png,,test,PNG,RGB,129,63,8294,False,1,,2.0476190476190474,0.008127,8.164390303925188
VpMXVzaB.png,,test,PNG,RGB,143,42,16152,False,1,,3.4047619047619047,0.006006,21.514485514485514
JNjLmV4a.png,,test,PNG,RGB,949,42,85927,False,1,,22.595238095238095,0.039858,17.246625520598123
hWyETqrp.png,,test,PNG,RGB,309,42,13450,False,1,,7.357142857142857,0.012978,8.290953922021883
R180IYOy.jpg,,test,JPEG,RGB,900,1200,68311,False,1,,0.75,1.08,0.5060074074074075
oRHEsOjD.jpg,,test,JPEG,RGB,1123,816,157957,False,1,"(96, 96)",1.3762254901960784,0.916368,1.378983115953416
a9Fj36gc.jpg,,test,JPEG,RGB,610,409,50909,False,1,,1.4914425427872862,0.24949,1.6324181329913023
bJLlA28Q.png,,test,PNG,RGB,149,118,30217,False,1,,1.2627118644067796,0.017582,13.74906154021158
DDxkeTH4.png,,test,PNG,RGB,797,76,7014,False,1,,10.486842105263158,0.060572,0.9263686191639702
DL5cetUZ.png,,test,PNG,RGB,146,124,2829,False,1,,1.1774193548387097,0.018104,1.2501104728236854
oKJuL12U.png,,test,PNG,RGB,429,66,3311,False,1,,6.5,0.028314,0.9355089355089355
8gUDOxBV.png,,test,PNG,RGB,111,36,3959,False,1,,3.0833333333333335,0.003996,7.925925925925926
d7fok4Jf.png,,test,PNG,RGB,180,160,25579,False,1,,1.125,0.0288,7.105277777777777
LsJ8PBga.png,,test,PNG,RGB,364,64,43862,False,1,,5.6875,0.023296,15.0625
DhpqsuuD.png,,test,PNG,RGB,92,83,3167,False,1,,1.108433734939759,0.007636,3.3179675222629648
ENuhPIJQ.png,,test,PNG,RGB,1080,147,16095,False,1,,7.346938775510204,0.15876,0.8110355253212396
ZiyyJUyV.jpg,,test,JPEG,RGB,1200,672,93175,False,1,,1.7857142857142858,0.8064,0.9243551587301587
hrTYW18L.png,,test,PNG,RGB,156,145,25241,False,1,,1.0758620689655172,0.02262,8.926967285587976
KoIlcF7n.png,,test,PNG,RGB,269,49,10879,False,1,,5.489795918367347,0.013181,6.602837417494879
H0nZSBs8.png,,test,PNG,RGB,943,49,16257,False,1,,19.244897959183675,0.046207,2.814638474689982
TX9kKp0G.png,,test,PNG,RGB,958,71,60875,False,1,,13.492957746478874,0.068018,7.159869446323032
dHO7548y.png,,test,PNG,RGB,917,63,62832,False,1,,14.555555555555555,0.057771,8.700836059614685
4f0bFHQS.png,,test,PNG,RGB,679,73,122014,False,1,,9.301369863013699,0.049567,19.692779470212038
ERrLQ3NB.png,,test,PNG,RGB,638,90,129549,False,1,,7.088888888888889,0.05742,18.04932079414838
SugTrIfE.png,,test,PNG,RGB,168,154,35622,False,1,,1.0909090909090908,0.025872,11.014842300556586
6nVTYWdq.png,,test,PNG,RGB,360,81,2534,False,1,,4.444444444444445,0.02916,0.69519890260631
TSJUX46n.png,,test,PNG,RGB,897,88,115414,False,1,,10.193181818181818,0.078936,11.696969696969697
Yhiz4g2U.png,,test,PNG,RGB,209,159,82963,False,1,,1.3144654088050314,0.033231,19.97243537660618
6BEvEUwu.png,,test,PNG,RGB,335,56,22195,False,1,,5.982142857142857,0.01876,9.464818763326226
1yKxPNOF.jpg,,test,JPEG,RGB,728,450,186443,False,1,"(96.0, 96.0)",1.6177777777777778,0.3276,4.552942612942613
cGmtpLhk.png,,test,PNG,RGB,77,46,9733,False,1,,1.673913043478261,0.003542,21.983060417843028
d8vlc36Q.jpg,,test,JPEG,RGB,840,672,68539,False,1,"(72, 72)",1.25,0.56448,0.9713577097505669
ceQacvZu.png,,test,PNG,RGB,131,35,1390,False,1,,3.742857142857143,0.004585,2.4252998909487458
OkrpnHI7.png,,test,PNG,RGB,901,38,14483,False,1,,23.710526315789473,0.034238,3.3840761726736375
zBEwedW3.png,,test,PNG,RGB,349,79,17713,False,1,,4.417721518987341,0.027571,5.139603206267455
bnfVNZsA.jpg,,test,JPEG,RGB,977,570,30982,False,1,,1.7140350877192982,0.55689,0.44507173768607805
DYpX7zIX.png,,test,PNG,RGB,133,39,13007,False,1,,3.41025641025641,0.005187,20.060921534605747
VznA3kbQ.jpg,,test,JPEG,RGB,2512,1752,758087,False,1,"(96, 96)",1.4337899543378996,4.401024,1.3780192973271674
crG5H1Hg.png,,test,PNG,RGB,163,164,32383,False,1,,0.9939024390243902,0.026732,9.691156666167888
kwbsscuk.png,,test,PNG,RGB,73,60,3871,False,1,,1.2166666666666666,0.00438,7.070319634703196
RoTutvHV.png,,test,PNG,RGB,139,36,9495,False,1,,3.861111111111111,0.005004,15.179856115107913
0a7wQbeX.png,,test,PNG,RGB,190,77,11521,False,1,,2.4675324675324677,0.01463,6.299931647300069
Ruuz1e9B.png,,test,PNG,RGB,628,74,111976,False,1,,8.486486486486486,0.046472,19.27629540368394
Wh7DIkXi.png,,test,PNG,RGB,342,70,17411,False,1,,4.885714285714286,0.02394,5.818212197159566
mVeOzpW4.jpg,,test,JPEG,RGB,245,400,72169,False,1,,0.6125,0.098,5.89134693877551
Ay9ut7Ah.png,,test,PNG,RGB,838,87,9966,False,1,,9.632183908045977,0.072906,1.0935725454695087
tmI3uCUC.png,,test,PNG,RGB,328,71,2855,False,1,,4.619718309859155,0.023288,0.9807626245276537
NVC7yckQ.png,,test,PNG,RGB,21,28,988,False,1,,0.75,0.000588,13.4421768707483
iMpL5sMu.png,,test,PNG,RGB,789,54,18684,False,1,,14.61111111111111,0.042606,3.508238276299113
Jb6p2XUL.png,,test,PNG,RGB,138,87,1183,False,1,,1.5862068965517242,0.012006,0.7882725304014659
NQ4C3L7O.png,,test,PNG,RGB,801,41,4105,False,1,,19.536585365853657,0.032841,0.9999695502573003
AOijj7wu.jpg,,test,JPEG,RGB,675,450,57992,False,1,"(96, 96)",1.5,0.30375,1.527361316872428
5YzXO6Bv.png,,test,PNG,RGB,146,42,8832,False,1,,3.4761904761904763,0.006132,11.522504892367905
3TzdfqFP.png,,test,PNG,RGB,1542,56,9845,False,1,,27.535714285714285,0.086352,0.9120807856216416
pqfcNQl2.jpg,,test,JPEG,RGB,673,373,49540,False,1,,1.804289544235925,0.251029,1.5787817343812867
ORmZmU6c.png,,test,PNG,RGB,130,119,17126,False,1,,1.0924369747899159,0.01547,8.856367162249516
7mBicLAI.png,,test,PNG,RGB,812,91,5038,False,1,,8.923076923076923,0.073892,0.545444703080171
DPlxUboY.png,,test,PNG,RGB,1547,73,266907,False,1,,21.19178082191781,0.112931,18.9076161549973
czonWT2R.png,,test,PNG,RGB,375,243,131510,False,1,"(72.009, 72.009)",1.5432098765432098,0.091125,11.545459533607682
ErQMK3aS.jpg,,test,JPEG,RGB,376,484,55500,False,1,,0.7768595041322314,0.181984,2.4397749252681553
tTqyYtRU.png,,test,PNG,RGB,871,57,3642,False,1,,15.280701754385966,0.049647,0.5868632545773158
WFXTeJuH.png,,test,PNG,RGB,161,147,41142,False,1,,1.0952380952380953,0.023667,13.906959056914692
qKE9HlEW.png,,test,PNG,RGB,630,76,124634,False,1,,8.289473684210526,0.04788,20.824394319131162
tZXzX4LT.jpg,,test,JPEG,RGB,1079,1015,117455,False,1,,1.0630541871921182,1.095185,0.8579737669891389
vNdb2CIb.png,,test,PNG,RGB,539,57,21177,False,1,,9.456140350877194,0.030723,5.514305243628552
24Ya45ra.png,,test,PNG,RGB,145,31,7541,False,1,,4.67741935483871,0.004495,13.421134593993326
u3zlnDGD.png,,test,PNG,RGB,128,38,3828,False,1,,3.3684210526315788,0.004864,6.296052631578948
x6XqsJiB.jpg,,test,JPEG,RGB,768,1024,174290,False,1,,0.75,0.786432,1.7729695638020833
mPZVwZ0A.png,,test,PNG,RGB,101,43,10239,False,1,,2.3488372093023258,0.004343,18.860695371862768
65TY0a9M.png,,test,PNG,RGB,1027,40,19657,False,1,,25.675,0.04108,3.8280428432327165
CAtOcJgM.webp,,test,WEBP,RGB,1200,675,30974,False,1,,1.7777777777777777,0.81,0.30591604938271605
0wyhwwt2.jpg,,test,JPEG,RGB,475,267,18959,False,1,,1.7790262172284643,0.126825,1.1959156317760693
WLDo1RbW.png,,test,PNG,RGB,66,48,4232,False,1,,1.375,0.003168,10.686868686868687
ldyaKhEA.jpg,,test,JPEG,L,358,1024,115454,False,1,"(72.0, 72.0)",0.349609375,0.366592,2.5195094273743015
0tdPUH81.png,,test,PNG,RGB,659,74,41482,False,1,,8.905405405405405,0.048766,6.805069105524341
1hZMcGvT.png,,test,PNG,RGB,568,52,30295,False,1,,10.923076923076923,0.029536,8.20557963163597
NCCpBo66.jpg,,test,JPEG,RGB,1000,1414,129386,False,1,"(96, 96)",0.7072135785007072,1.414,0.7320282885431401
lP6F45t9.png,,test,PNG,RGB,897,81,8021,False,1,,11.074074074074074,0.072657,0.8831633565933082
BWwQs87e.jpg,,test,JPEG,RGB,850,803,196347,False,1,"(96, 96)",1.0585305105853051,0.68255,2.3013347007545235
CNxlN8DZ.png,,test,PNG,RGB,801,45,21509,False,1,,17.8,0.036045,4.7738105146344845
sOsQCyDE.png,,test,PNG,RGB,1408,63,9313,False,1,,22.349206349206348,0.088704,0.8399170274170275
70y7dEjo.png,,test,PNG,RGB,356,88,15004,False,1,,4.045454545454546,0.031328,3.831460674157303
EbTdvepg.png,,test,PNG,RGB,156,145,3590,False,1,,1.0758620689655172,0.02262,1.2696728558797525
Do2TlKOY.png,,test,PNG,RGB,162,156,25174,False,1,,1.0384615384615385,0.025272,7.96897752453308
yf1UwE2n.png,,test,PNG,RGB,116,36,10992,False,1,,3.2222222222222223,0.004176,21.057471264367816
edJIl8Kh.jpg,,test,JPEG,RGB,495,640,20761,False,1,,0.7734375,0.3168,0.5242676767676767
T24kNPOi.png,,test,PNG,RGB,105,39,5587,False,1,,2.6923076923076925,0.004095,10.914774114774115
D5zDImAS.jpg,,test,JPEG,RGB,736,1308,110579,False,1,"(72, 72)",0.5626911314984709,0.962688,0.9189186943225635
w5c6oVVG.png,,test,PNG,RGB,937,53,70895,False,1,,17.67924528301887,0.049661,11.420631884174705
0w9yioJV.png,,test,PNG,RGB,638,479,516243,False,1,,1.3319415448851775,0.305602,13.514126216451462
qpwMjJNL.png,,test,PNG,RGB,624,101,99634,False,1,,6.178217821782178,0.063024,12.647118558009646
Z9wTjC40.png,,test,PNG,RGB,595,842,58641,False,1,,0.7066508313539193,0.50099,0.9364019241901036
ML8Xiqip.jpg,,test,JPEG,RGB,453,642,60959,False,1,"(96, 96)",0.705607476635514,0.290826,1.676851450695605
yvntpoy9.png,,test,PNG,RGB,498,50,19970,False,1,,9.96,0.0249,6.416064257028112
yjoCQYCw.png,,test,PNG,RGB,736,61,20430,False,1,,12.065573770491802,0.044896,3.640413399857448
vyWZjIyU.png,,test,PNG,RGB,94,42,3259,False,1,,2.238095238095238,0.003948,6.603850050658561
wCG42W9w.png,,test,PNG,RGB,802,87,11518,False,1,,9.218390804597702,0.069774,1.3206065296528793
Nq3se1Ox.png,,test,PNG,RGB,100,47,6038,False,1,,2.127659574468085,0.0047,10.277446808510637
Pye0QO61.jpg,,test,JPEG,RGB,245,300,21425,False,1,,0.8166666666666667,0.0735,2.331972789115646
48gMlXRq.png,,test,PNG,RGB,154,147,22299,False,1,,1.0476190476190477,0.022638,7.880201431221839
V2WNVFYg.png,,test,PNG,RGB,674,61,72613,False,1,,11.049180327868852,0.041114,14.12910444130953
yGGznWQt.png,,test,PNG,RGB,84,39,3976,False,1,,2.1538461538461537,0.003276,9.709401709401709
HJRFkhWu.webp,,test,WEBP,RGB,1200,675,29468,False,1,,1.7777777777777777,0.81,0.29104197530864195
fJmQsHZ2.jpg,,test,JPEG,RGB,1200,675,52802,False,1,"(72, 72)",1.7777777777777777,0.81,0.5215012345679012
hkcIa6sl.jpg,,test,JPEG,RGB,570,932,49930,False,1,,0.6115879828326181,0.53124,0.7519012122581131
l231HyFQ.png,,test,PNG,RGB,170,82,1031,False,1,,2.073170731707317,0.01394,0.5916786226685796
CaBDFN2e.jpg,,test,JPEG,RGB,1284,1011,176603,False,1,"(72, 72)",1.2700296735905046,1.298124,1.0883582770213016
QssNv1oE.png,,test,PNG,RGB,856,43,16295,False,1,,19.906976744186046,0.036808,3.541621386655075
PlrcJU6H.png,,test,PNG,RGB,1410,59,60067,False,1,,23.89830508474576,0.08319,5.776367351845174
ZRD0PMLB.jpg,,test,JPEG,RGB,1500,1600,570858,False,1,"(71.983, 71.983)",0.9375,2.4,1.90286
K63EPQQq.png,,test,PNG,RGB,109,45,6138,False,1,,2.422222222222222,0.004905,10.011009174311926
rAHK0E32.jpg,,test,JPEG,RGB,600,423,61119,False,1,"(72, 72)",1.4184397163120568,0.2538,1.9265248226950356
rcrdiDBU.png,,test,PNG,RGB,152,146,30776,False,1,,1.0410958904109588,0.022192,11.094448449891853
xV9ONO3u.png,,test,PNG,RGB,826,53,92995,False,1,,15.584905660377359,0.043778,16.993923888711226
G6x2O46A.png,,test,PNG,RGB,896,76,76738,False,1,,11.789473684210526,0.068096,9.015272556390977
cO5C004C.png,,test,PNG,RGB,889,65,50850,False,1,,13.676923076923076,0.057785,7.039889244613654
3xKp8zpl.jpg,,test,JPEG,RGB,320,180,15799,False,1,,1.7777777777777777,0.0576,2.1943055555555557
K6w1B8dc.png,,test,PNG,RGB,75,55,6465,False,1,,1.3636363636363635,0.004125,12.538181818181819
T66EkZDT.png,,test,PNG,RGB,629,106,67453,False,1,,5.933962264150943,0.066674,8.093469718330983
fLQ84oD6.jpg,,test,JPEG,RGB,1200,799,321260,False,1,"(96, 96)",1.5018773466833542,0.9588,2.680517313308302
SBgzmmnt.png,,test,PNG,RGB,554,51,18466,False,1,,10.862745098039216,0.028254,5.228569406101791
S1OGzZ64.png,,test,PNG,RGB,651,75,38156,False,1,,8.68,0.048825,6.251879160266257
iYhSzOyi.png,,test,PNG,RGB,120,111,6214,False,1,,1.0810810810810811,0.01332,3.7321321321321324
SDARR9F3.png,,test,PNG,RGB,855,72,48375,False,1,,11.875,0.06156,6.286549707602339
ooq1TFcW.png,,test,PNG,RGB,237,51,1106,False,1,,4.647058823529412,0.012087,0.7320261437908496
BvLkM6aL.png,,test,PNG,RGB,334,39,10945,False,1,,8.564102564102564,0.013026,6.721940733916782
xEOSklqL.png,,test,PNG,RGB,341,59,18247,False,1,,5.779661016949152,0.020119,7.255629007405934
vsk9QtTb.png,,test,PNG,RGB,133,36,1915,False,1,,3.6944444444444446,0.004788,3.1996658312447788
bYN8mgMF.png,,test,PNG,RGB,253,87,17207,False,1,,2.9080459770114944,0.022011,6.253963927127345
BlFJx9p2.png,,test,PNG,RGB,161,75,11742,False,1,,2.1466666666666665,0.012075,7.7793788819875775
jHWzMZBX.png,,test,PNG,RGB,93,47,5843,False,1,,1.9787234042553192,0.004371,10.694120338595287
VxtFRGfW.png,,test,PNG,RGB,939,72,4734,False,1,,13.041666666666666,0.067608,0.5601703940362087
Bd663sGX.png,,test,PNG,RGB,1405,61,9235,False,1,,23.0327868852459,0.085705,0.8620267195612858
DqnWrNtX.png,,test,PNG,RGB,382,79,4182,False,1,,4.8354430379746836,0.030178,1.1086221750944396
JkkPy6AQ.png,,test,PNG,RGB,797,82,50483,False,1,,9.71951219512195,0.065354,6.179637053585091
CyWHK8cb.png,,test,PNG,RGB,808,76,8616,False,1,,10.631578947368421,0.061408,1.122459614382491
9lfnHqnq.png,,test,PNG,RGB,89,42,735,False,1,,2.119047619047619,0.003738,1.5730337078651686
k6yv0IDG.png,,test,PNG,RGB,1500,500,58172,False,1,,3.0,0.75,0.6205013333333333
X5ay6OdE.png,,test,PNG,RGB,1551,66,69560,False,1,,23.5,0.102366,5.436179981634527
wKwx8cCl.jpg,,test,JPEG,RGB,500,690,468273,False,1,"(300, 300)",0.7246376811594203,0.345,10.858504347826086
FycvTEy1.png,,test,PNG,RGB,680,123,102181,False,1,,5.528455284552845,0.08364,9.773409851745576
i8bGpRKt.png,,test,PNG,RGB,132,56,6775,False,1,,2.357142857142857,0.007392,7.332251082251083
Uvfd1mdN.png,,test,PNG,RGB,1289,69,235995,False,1,,18.681159420289855,0.088941,21.227105609336526
D0ZuPqP9.png,,test,PNG,RGB,831,70,116751,False,1,,11.871428571428572,0.05817,16.056523981433727
XHYDtihP.jpg,,test,JPEG,RGB,870,1160,174206,False,1,"(96, 96)",0.75,1.0092,1.380943321442727
H8XMLMoN.png,,test,PNG,RGB,133,98,6832,False,1,,1.3571428571428572,0.013034,4.193340494092374
StrB0qdK.png,,test,PNG,RGB,386,78,36545,False,1,,4.948717948717949,0.030108,9.710375979806031
Dhc3vAQj.jpg,,test,JPEG,RGB,1108,1477,371334,False,1,"(72, 72)",0.7501692620176033,1.636516,1.8152416474999329
EgmLlFKZ.png,,test,PNG,RGB,862,56,7525,False,1,,15.392857142857142,0.048272,1.2470997679814386
yAkija0y.png,,test,PNG,RGB,193,80,2008,False,1,,2.4125,0.01544,1.0404145077720208
SGrqxQ9u.png,,test,PNG,RGB,782,71,46161,False,1,,11.014084507042254,0.055522,6.651201325600663
iQGZLiZl.png,,test,PNG,RGB,151,44,8698,False,1,,3.4318181818181817,0.006644,10.473208910295003
CMo54J89.jpg,,test,JPEG,RGB,634,634,81916,False,1,"(96, 96)",1.0,0.401956,1.6303476002348516
arezgmsE.png,,test,PNG,RGB,665,49,79933,False,1,,13.571428571428571,0.032585,19.624489795918368
1XZHKujf.png,,test,PNG,RGB,118,38,1337,False,1,,3.1052631578947367,0.004484,2.385370205173952
4nHzJCWR.png,,test,PNG,RGB,581,57,4438,False,1,,10.192982456140351,0.033117,1.0720777848235046
8axHGxnX.jpg,,test,JPEG,RGB,300,168,49660,False,1,,1.7857142857142858,0.0504,7.882539682539683
LoxzO9bz.png,,test,PNG,RGB,864,864,12358,False,1,,1.0,0.746496,0.13243741426611796
hND1kQVy.png,,test,PNG,RGB,576,52,58487,False,1,,11.076923076923077,0.029952,15.621527777777779
hGcwwDiR.png,,test,PNG,RGB,177,100,13964,False,1,,1.77,0.0177,6.311412429378531
t87RBrU5.png,,test,PNG,RGB,1424,61,31120,False,1,,23.34426229508197,0.086864,2.8660895192484803
fyQWaVK3.png,,test,PNG,RGB,76,32,1052,False,1,,2.375,0.002432,3.460526315789474
nmtWWO8J.png,,test,PNG,RGB,681,58,68509,False,1,,11.741379310344827,0.039498,13.87594308572586
FHx7Z7Pt.png,,test,PNG,RGB,146,40,13851,False,1,,3.65,0.00584,18.973972602739725
CybNCann.png,,test,PNG,RGB,659,101,172761,False,1,,6.524752475247524,0.066559,20.764855241214562
zAe4xcKI.png,,test,PNG,RGB,171,153,29315,False,1,,1.1176470588235294,0.026163,8.963803845124795
76EpQXpN.png,,test,PNG,RGB,974,77,64427,False,1,,12.64935064935065,0.074998,6.872396597242593
mqFxina4.png,,test,PNG,RGB,885,50,25867,False,1,,17.7,0.04425,4.676519774011299
CFWgyt1V.png,,test,PNG,RGB,717,61,31852,False,1,,11.754098360655737,0.043737,5.826096897363788
QEsx1HUL.png,,test,PNG,RGB,148,40,1810,False,1,,3.7,0.00592,2.445945945945946
mNAn6g2p.jpg,,test,JPEG,RGB,1108,1477,337156,False,1,"(72, 72)",0.7501692620176033,1.636516,1.6481647597701459
pgv16KNB.png,,test,PNG,RGB,669,66,41312,False,1,,10.136363636363637,0.044154,7.485074964895593
hzd4Ktmp.png,,test,PNG,RGB,559,67,4947,False,1,,8.343283582089553,0.037453,1.056684377753451
2YSySWcS.jpg,,test,JPEG,RGB,1477,1108,429878,False,1,"(72, 72)",1.3330324909747293,1.636516,2.1014301112851936
5DCOY2zY.png,,test,PNG,RGB,84,55,625,False,1,,1.5272727272727273,0.00462,1.0822510822510822
WAwRYLGo.jpg,,test,JPEG,RGB,500,396,52552,False,1,,1.2626262626262625,0.198,2.1233131313131315
BCm3HwjR.jpg,,test,JPEG,RGB,640,375,190420,False,1,"(96, 96)",1.7066666666666668,0.24,6.347333333333333
Sq8qiGnA.png,,test,PNG,RGB,815,79,46337,False,1,,10.316455696202532,0.064385,5.757490098625456
wKMxEpHX.png,,test,PNG,RGB,584,72,25039,False,1,,8.11111111111111,0.042048,4.763888888888889
B2HKyGTf.png,,test,PNG,RGB,190,72,12398,False,1,,2.638888888888889,0.01368,7.250292397660819
WRwiRSHE.png,,test,PNG,RGB,694,461,329124,False,1,"(119.9896, 119.9896)",1.5054229934924077,0.319934,8.229797395712867
8H61GdWM.png,,test,PNG,RGB,1444,59,9406,False,1,,24.47457627118644,0.085196,0.883233954645758
w7C1zxjQ.png,,test,PNG,RGB,866,57,37487,False,1,,15.192982456140351,0.049362,6.075442648190916
