image_id,label,fold,pred_label,correct,prob_bali,prob_jawa,prob_jawi,prob_lampung,prob_lontara,prob_pegon,prob_sunda
SxrIaKaJ.png,pegon,5,pegon,1,0.0065442,0.007947959,0.0058035045,0.005775236,0.0072898963,0.95993006,0.0067092124
XiR75p4l.png,jawi,4,jawi,1,0.0034254007,0.0033788877,0.97705084,0.0048756124,0.0055194004,0.0022907394,0.0034590154
gpadO4eH.png,jawa,5,jawa,1,0.0049097175,0.9634429,0.0032737723,0.00512528,0.007475466,0.0054825367,0.010290351
IlL62jcp.png,lampung,5,lampung,1,0.006171598,0.0058602956,0.004355002,0.96366054,0.005674449,0.0074334713,0.006844692
7bEtcJPy.png,bali,5,bali,1,0.94078255,0.022671895,0.016167311,0.0074690995,0.0077476967,0.0018664825,0.0032950295
zyxCuI7G.png,lampung,2,lampung,1,0.0056373607,0.005009079,0.009473126,0.95829743,0.007217339,0.0065618427,0.0078038047
73aL1wGC.png,sunda,1,sunda,1,0.004498136,0.0035340772,0.0064181625,0.0035134302,0.006436994,0.003323202,0.97227603
njrveC8J.png,sunda,3,sunda,1,0.0055659823,0.0069371318,0.006086231,0.006475596,0.0053188833,0.006203241,0.96341294
ZTYUCABk.png,pegon,2,pegon,1,0.009482017,0.008126254,0.007945766,0.008959875,0.007686274,0.9494115,0.008388304
B0Duulnc.png,jawa,2,jawa,1,0.0026407375,0.9843255,0.002406768,0.0030903514,0.002594724,0.0035691508,0.001372675
GwNhxVOc.png,jawa,2,jawa,1,0.0036102764,0.9792742,0.004229093,0.0033998312,0.0034031533,0.0040452923,0.0020380777
Dogl3mic.png,lampung,5,lampung,1,0.0033101318,0.0039002884,0.0027095773,0.9779559,0.0048516174,0.0038136605,0.00345884
LQBCi9os.png,jawi,4,pegon,0,0.011288436,0.057752352,0.31356215,0.027278613,0.010760987,0.5694536,0.009903809
bEJQ1vj1.png,jawa,2,jawa,1,0.0068817507,0.9698247,0.004319125,0.005427988,0.004697532,0.0058862735,0.002962696
zWNJN8BZ.png,sunda,5,sunda,1,0.00764377,0.0078595,0.0049207513,0.011148805,0.009420379,0.009296999,0.9497099
7qXUDvRu.png,pegon,5,pegon,1,0.004158212,0.00916926,0.0048614424,0.0037713342,0.003983323,0.96521485,0.008841705
0niSeWQG.png,jawa,3,jawa,1,0.0065169497,0.966729,0.005152815,0.005538971,0.0061972984,0.0051227114,0.0047423625
Bv36DzSJ.png,sunda,3,sunda,1,0.006383676,0.0069769463,0.0062816385,0.007000834,0.008884521,0.006818654,0.9576538
Pt87iRur.png,lontara,5,lontara,1,0.0055928025,0.0069807763,0.004538044,0.006929835,0.96099085,0.0077194725,0.0072482335
2jUUlbAF.png,jawa,4,jawa,1,0.006512319,0.95525366,0.0074518425,0.0063614617,0.006765131,0.009503169,0.008152341
x6dPrUoK.png,sunda,2,sunda,1,0.06023886,0.012196136,0.1731987,0.012806429,0.012881687,0.005159128,0.72351915
GShkyfIf.png,lampung,2,lampung,1,0.007758795,0.007694658,0.004992362,0.95883745,0.0054297512,0.006773953,0.008513051
K76t73M1.png,jawi,4,jawi,1,0.005111013,0.0072962074,0.9616998,0.008084056,0.008017229,0.0041837264,0.00560787
5g7dkMFx.png,bali,1,bali,1,0.95348644,0.0074126762,0.0075220605,0.0047603473,0.008189075,0.0074635227,0.011165845
c8MHEGEv.png,lampung,3,lampung,1,0.007301585,0.0064814924,0.0049092383,0.96429014,0.0060237423,0.004890099,0.0061036823
y4gs4UZ5.png,lampung,4,lampung,1,0.015204991,0.008178482,0.007989028,0.94715214,0.008291066,0.003966459,0.009217791
qj68JNG7.png,sunda,5,sunda,1,0.007241819,0.006516932,0.007406318,0.007690078,0.008714001,0.010692269,0.9517386
5JyYVH9C.png,lontara,1,lontara,1,0.006722272,0.007499236,0.006621285,0.008606317,0.9533823,0.009828723,0.007339838
gaQknjRR.png,lampung,1,lampung,1,0.0072601987,0.0063139326,0.006646087,0.95976126,0.0072886143,0.0063665616,0.0063634543
YG6mY32I.png,pegon,3,pegon,1,0.010937491,0.0066452706,0.003829123,0.011101597,0.0082459785,0.95171046,0.0075300774
d33bEEyb.png,lontara,4,lontara,1,0.005214307,0.00598992,0.0062468057,0.0096140215,0.9556041,0.008800809,0.008530037
YSPUPyxu.png,lontara,2,lontara,1,0.011175057,0.010401051,0.009433344,0.010585498,0.93262255,0.012582873,0.013199621
JXbPYBgS.png,jawa,4,jawa,1,0.068318956,0.7939878,0.014247199,0.013241,0.043938063,0.016112689,0.050154347
Te34cUKB.png,lampung,2,lampung,1,0.0060410276,0.007272653,0.0047695218,0.96752965,0.00426703,0.0052897013,0.004830459
LgnxrKxM.png,jawi,3,jawi,1,0.0033360303,0.008623479,0.9665441,0.0033985071,0.0075694285,0.0063523483,0.0041761547
YwwlmsRm.png,lampung,2,lampung,1,0.010053492,0.008145541,0.008420538,0.94841766,0.005921697,0.009720418,0.009320687
gGGmjyOB.png,lontara,3,lontara,1,0.008659266,0.0050018206,0.0056017726,0.00707612,0.9606541,0.00659084,0.0064161955
5xAtC0hx.png,jawa,1,jawa,1,0.0034200656,0.9698299,0.006430212,0.005900694,0.0054439427,0.005248186,0.0037269762
4SJp0T35.png,jawa,1,jawa,1,0.003954589,0.87420434,0.011320718,0.08783522,0.00883382,0.005008842,0.008842452
E9oR7qpJ.png,jawi,1,jawi,1,0.0066300062,0.0030265583,0.58584255,0.0050635836,0.0050045913,0.3902553,0.004177411
3NtrDb4P.png,lampung,4,lampung,1,0.0024954965,0.0038783338,0.00178171,0.9824737,0.00403086,0.0027220945,0.002617813
xakFyYvc.png,lampung,4,lampung,1,0.006259435,0.005513153,0.004241554,0.96551734,0.0066080536,0.006524692,0.00533571
bnUv4te9.png,jawa,4,jawa,1,0.004326186,0.97902906,0.003510302,0.0030113296,0.0057790373,0.0025086994,0.0018354036
VkgRO7Nc.png,bali,4,bali,1,0.9638653,0.00196337,0.0052286577,0.0060623884,0.0060801753,0.0091441525,0.0076560965
kp0AJeXF.png,pegon,5,pegon,1,0.006463999,0.006149947,0.004621868,0.004171434,0.0073282477,0.9635677,0.0076968316
DXfvXCFf.png,bali,1,bali,1,0.95098335,0.0106890015,0.005676886,0.00925056,0.0075574634,0.006784397,0.009058359
vJw1Bk6z.png,sunda,4,sunda,1,0.004099637,0.0034387812,0.003915723,0.0037971023,0.0048660627,0.005697343,0.9741853
edDms7eQ.png,jawa,3,jawa,1,0.008120343,0.91863424,0.010694859,0.014010158,0.023588957,0.014504379,0.010447112
iVGrPm07.png,sunda,3,sunda,1,0.008138232,0.004962671,0.0033842472,0.007934198,0.005945342,0.0062063737,0.96342885
nxLqyARW.png,bali,5,bali,1,0.95620525,0.0069868322,0.006446007,0.0070760977,0.008014355,0.005883503,0.009388049
F5cfJph7.png,jawi,1,jawi,1,0.0041526044,0.006523401,0.96768594,0.007874489,0.0048977444,0.0053346534,0.0035311596
pZuH1skD.png,pegon,2,pegon,1,0.0036652589,0.006199904,0.0005533713,0.004460175,0.0033388862,0.97734183,0.0044406177
Cgm7SMtt.png,jawa,5,jawa,1,0.0038318196,0.9598502,0.008455724,0.0078623835,0.005882905,0.0073788157,0.0067382003
YKYBiiRR.png,pegon,1,pegon,1,0.004245151,0.0054455614,0.0037904936,0.0056680203,0.0065206666,0.9682254,0.006104698
EDYBqgFS.png,jawa,4,pegon,0,0.0,1e-44,6.435396e-36,0.0,0.0,1.0,0.0
sFQaU09D.png,jawi,4,jawi,1,0.004163265,0.0031272902,0.97206694,0.0019820114,0.010258998,0.0050267633,0.003374809
1G6OvvEA.png,jawi,3,jawi,1,0.008417537,0.0054640397,0.9658351,0.006850096,0.004970209,0.00378483,0.0046782074
oXoum2iu.png,pegon,4,pegon,1,0.0049864375,0.0054818806,0.0047954097,0.006769219,0.00689936,0.9642688,0.006799032
Ktw3nK3E.png,jawa,3,jawa,1,0.029116372,0.6955066,0.023361417,0.02983597,0.055890825,0.13979098,0.026497817
gzDH2vzH.png,jawa,5,jawa,1,0.0038472193,0.9627671,0.0052278037,0.0065124636,0.009503379,0.0063553927,0.0057866513
TfawUQgB.png,jawi,5,jawi,1,0.009057085,0.0076604206,0.9416092,0.010460334,0.009450124,0.009678951,0.012083943
61T38aM1.png,jawi,3,jawi,1,0.015594535,0.0055225217,0.85894907,0.00838801,0.005087585,0.10079931,0.005659008
QC0Juvo8.png,lontara,4,lontara,1,0.0068914047,0.0011928778,0.001934342,0.0013114,0.98455423,0.0019174153,0.0021983273
KBj8Ia86.png,lampung,2,lampung,1,0.004862431,0.007819621,0.0044751093,0.9644689,0.005206448,0.0087575605,0.004410033
iOeFPAaw.png,jawa,3,jawa,1,0.0076102237,0.9409363,0.010638225,0.011407578,0.010685077,0.009733625,0.008988954
LPhcTws7.png,jawi,3,jawi,1,0.0048434474,0.0053298855,0.96823823,0.012845178,0.0018654924,0.0040192814,0.0028584597
TlE7Oxcz.png,lampung,3,lampung,1,0.008254603,0.0068801604,0.00791515,0.9545683,0.007457412,0.008786979,0.0061372956
FftkHw5y.png,bali,3,bali,1,0.9578932,0.0040626912,0.008255091,0.0066656196,0.008517136,0.0060160076,0.008590226
osf2Mk0K.png,sunda,2,sunda,1,0.006338913,0.0042308816,0.00773632,0.0071619162,0.005539708,0.0040213964,0.96497095
GdCzS3Xb.png,lampung,2,lampung,1,0.006966409,0.0070623066,0.006939249,0.96370703,0.006592443,0.0041638967,0.0045686825
N0kQdiGM.png,sunda,2,sunda,1,0.007487166,0.012942983,0.0060043684,0.014080378,0.007690963,0.0055072284,0.946287
HDd0asDS.png,pegon,4,pegon,1,0.006345264,0.004228922,0.0053042565,0.005937585,0.00939144,0.9607635,0.008029003
DiSSswzG.png,lampung,1,lampung,1,0.00812205,0.0091096,0.0061009824,0.93969864,0.007937779,0.021614026,0.007416909
EnUYrMAf.png,jawa,5,jawa,1,0.0143144,0.919531,0.011262966,0.012154408,0.018326284,0.010325391,0.014085597
yCLeeeXi.png,lontara,2,lontara,1,0.005190515,0.003529269,0.004576142,0.005898881,0.97000545,0.0057566087,0.0050431173
INmr5mlx.png,lampung,4,lampung,1,0.0076177493,0.006892151,0.009108353,0.952504,0.007383376,0.0065445034,0.009949982
8AWCnrwa.png,bali,4,bali,1,0.98005027,0.0019904987,0.0045407503,0.002862417,0.00243881,0.0036096107,0.004507614
RLhRSMeM.png,lampung,3,lampung,1,0.0072758626,0.0061179223,0.009328717,0.95901823,0.0061568804,0.0052739787,0.0068283686
eE4nS09i.png,pegon,1,pegon,1,0.006357376,0.0052090473,0.007490819,0.0078695,0.007989525,0.95557284,0.009510988
5WE6mxHG.png,lontara,1,lontara,1,0.008415246,0.0074083204,0.0062720287,0.0090591535,0.9524609,0.009179376,0.007204975
L87IVQo4.png,pegon,4,pegon,1,0.012766956,0.005702771,0.0040084836,0.004164095,0.006573471,0.95812243,0.008661786
U1wjyN6y.png,lontara,1,lontara,1,0.0081277,0.0070030945,0.008259725,0.010004567,0.94911677,0.010127441,0.007360713
0kwvlpcB.png,lampung,2,lampung,1,0.0077909115,0.007507094,0.007798523,0.95858455,0.00684865,0.005961843,0.0055084215
8xxhJ6Bb.png,pegon,2,pegon,1,0.0044587455,0.005495073,0.013853452,0.0100283325,0.005597984,0.9553282,0.005238317
8cciWNje.png,lampung,1,lampung,1,0.00836407,0.007872678,0.010235371,0.9499098,0.0077204076,0.0074101556,0.008487493
aWWTw2IR.png,sunda,4,sunda,1,0.008174878,0.005191196,0.00627402,0.006954887,0.0067672916,0.0068705045,0.95976716
1cWpD1aB.png,bali,2,bali,1,0.98493063,0.0027315682,0.0012204405,0.0026604857,0.0026282067,0.0031578627,0.0026708986
S09TwP8c.png,jawi,5,jawi,1,0.007932642,0.0065507516,0.8912864,0.0067126504,0.0073221787,0.07202698,0.00816848
KkRvOky1.png,pegon,2,pegon,1,0.0043034735,0.0020789928,0.0635176,0.020575887,0.0069444175,0.8980653,0.0045144083
wekTNCpg.png,pegon,2,pegon,1,0.009679028,0.006770261,0.0061343666,0.006917289,0.006770261,0.95597804,0.00775078
tsP71GTP.png,sunda,3,sunda,1,0.007930594,0.004765729,0.0066294945,0.006221755,0.00862962,0.010325781,0.9554971
W1qhORHJ.png,jawi,2,jawi,1,0.0056081917,0.003606804,0.9749942,0.003899885,0.0027119445,0.004874862,0.004304151
J6jjni5b.png,lontara,5,lontara,1,0.005770939,0.0061102253,0.007864863,0.006526571,0.9582795,0.008063176,0.0073847477
ITsTKOTj.png,jawa,1,jawa,1,0.0048354007,0.9727851,0.004385518,0.004711871,0.0051171863,0.003910095,0.0042547425
KN4s05tz.png,pegon,5,pegon,1,0.009686208,0.006065916,0.007653074,0.0077963998,0.0072954856,0.9541214,0.007381483
6tit6KOv.png,lampung,1,lampung,1,0.00602293,0.0058177053,0.0072331848,0.9580595,0.008022059,0.0065314476,0.0083131585
DEBi3a48.png,sunda,3,sunda,1,0.009253011,0.0065645715,0.003827212,0.008722161,0.0054422207,0.0065581645,0.9596327
gbUSSBpy.png,pegon,2,pegon,1,0.007596464,0.010202214,0.0062854015,0.0070737717,0.009635709,0.9456775,0.013528943
HprvBbT3.png,lampung,2,lampung,1,0.010619507,0.005717616,0.009212882,0.95687157,0.00570646,0.004828842,0.0070430976
SZ9LQmqY.png,pegon,4,pegon,1,0.0054087415,0.0042205676,0.015101754,0.005021847,0.0061498918,0.9551273,0.008969911
WH6Y1uB1.png,sunda,3,sunda,1,0.006900325,0.0035606653,0.010808134,0.0060156323,0.007175202,0.009575476,0.95596457
7HtLdgFd.png,jawi,2,jawi,1,0.003984551,0.005044328,0.9768935,0.005086374,0.003296863,0.0011460609,0.004548278
59cAfNnA.png,jawi,1,jawi,1,0.0018723056,0.0058479235,0.98131096,0.0029455503,0.0032924232,0.003127876,0.0016030326
5WQwwlMO.png,pegon,5,pegon,1,0.004939966,0.0056443736,0.006942698,0.0062569105,0.005608659,0.9637153,0.0068920343
CIoNmM7x.png,lampung,3,lampung,1,0.008644931,0.0075993817,0.005906856,0.95253,0.008644931,0.008623851,0.008050097
BlcAafpz.png,sunda,1,sunda,1,0.0059255883,0.0053953095,0.007911698,0.004890944,0.0072566383,0.005574735,0.96304506
riJDxPPG.png,lampung,4,lampung,1,0.008724091,0.005219577,0.0041981465,0.9537716,0.008418602,0.013331912,0.006336104
4YUB17q1.png,jawa,4,jawa,1,0.0034098302,0.9726096,0.0035422011,0.0050615966,0.0036262022,0.0047712103,0.0069794566
7o7qZ7OC.png,bali,3,bali,1,0.93671185,0.0105956355,0.012469479,0.009656862,0.009828113,0.009943962,0.010794071
PbY9aaYp.png,lampung,1,lampung,1,0.012017737,0.010314509,0.012094264,0.9280293,0.0124356,0.012006006,0.013102584
J6iWmO5R.png,pegon,3,pegon,1,0.010142237,0.0070013506,0.0068324883,0.009167222,0.010142237,0.94795424,0.008760247
Oc72U6LQ.png,sunda,5,sunda,1,0.005766528,0.0071241898,0.0061564473,0.0050076013,0.006844579,0.0059263827,0.9631742
lJkj3cWg.png,bali,1,bali,1,0.9615385,0.0077522104,0.006077356,0.00667467,0.006428377,0.0056757936,0.0058531044
Yi4RimP2.png,pegon,3,pegon,1,0.008185254,0.006596334,0.003707442,0.010775088,0.0068758684,0.95630467,0.0075553525
Hlt8sodC.png,lampung,3,lampung,1,0.0068205968,0.0060162167,0.006921243,0.9616758,0.006096058,0.006311102,0.006158888
s6wIepRp.png,jawi,3,jawi,1,0.0054134326,0.0055391034,0.96958846,0.004972499,0.004238691,0.0046598404,0.005588002
tsaSxb3J.png,lampung,5,lampung,1,0.0058118766,0.004856005,0.007539511,0.9650773,0.0060848487,0.0045307167,0.006099723
xAdVGp9T.png,jawa,5,jawa,1,0.0072745443,0.9579085,0.006607397,0.008332166,0.00490062,0.008647176,0.0063294987
gBVaO0hj.png,sunda,2,sunda,1,0.0052324627,0.0033032976,0.008124007,0.005969827,0.004163543,0.0039189337,0.969288
bSpPzLTC.png,pegon,4,pegon,1,0.008616724,0.006561662,0.0076079457,0.008812453,0.011448796,0.9466445,0.010307833
2nKDXWhA.png,jawi,3,jawi,1,0.004621223,0.0056675724,0.9550026,0.0060213273,0.0075819953,0.0030012196,0.01810409
W2b5suqM.png,lampung,4,lampung,1,0.016300537,0.00633216,0.00963655,0.92792046,0.013210248,0.0141172735,0.012482808
JXYASCj0.png,lampung,3,lampung,1,0.0072140894,0.007880685,0.008882152,0.95226985,0.009533811,0.007192985,0.00702636
FbBVItl4.png,bali,3,bali,1,0.9499821,0.009632421,0.0076496946,0.007050671,0.0075495066,0.007869434,0.010266182
fMmXzde8.png,lampung,2,lampung,1,0.007282762,0.006634269,0.0068817264,0.9589906,0.0074010612,0.006093895,0.00671575
od1Ktiiz.png,lampung,2,lampung,1,0.0058569517,0.005701754,0.007912237,0.96782494,0.0045882044,0.0049128197,0.0032030828
L1tEO03V.png,pegon,5,pegon,1,0.0048968946,0.0044673895,0.0048304005,0.007156319,0.00518986,0.9665736,0.0068855262
gZtwPFlK.png,pegon,1,pegon,1,0.005058733,0.0050760536,0.0054831645,0.0064355587,0.0078121983,0.9649657,0.0051685926
kIMUDa5Y.png,sunda,4,sunda,1,0.006697957,0.0032755,0.004970213,0.005547381,0.0049629374,0.0058763926,0.9686696
dmoAMEXd.png,jawi,3,jawi,1,0.00429259,0.0041972487,0.97237533,0.0049479837,0.004164586,0.0045427424,0.0054795938
RKhiIoay.png,sunda,3,sunda,1,0.0038544803,0.0037688701,0.005419787,0.0035474477,0.0046357894,0.0056743436,0.97309935
QhW3ixlM.png,pegon,2,pegon,1,0.007997553,0.005921551,0.0013826592,0.006713274,0.0050181993,0.96379983,0.009167002
wCgWMyz9.png,jawi,1,jawi,1,0.0035863249,0.0067526866,0.976108,0.0032241931,0.0043407446,0.0033460883,0.002641809
cXMWJr78.png,pegon,4,pegon,1,0.008378382,0.0070209396,0.005483956,0.008510322,0.011852973,0.9469004,0.011852973
hKXz7ACw.png,jawi,1,jawi,1,0.0032481225,0.0036377246,0.9823928,0.0024090898,0.0023996977,0.002998161,0.002914443
2xw7Dhvb.png,lampung,4,lampung,1,0.008016814,0.007338703,0.0075347777,0.94535506,0.0075347777,0.009717456,0.014502404
FmfD2nwE.png,pegon,2,pegon,1,0.005442391,0.0060951887,0.0048287595,0.0058817556,0.0062702736,0.96624523,0.0052364524
C7yrIZIh.png,lontara,4,lontara,1,0.0076612374,0.011687698,0.0076090447,0.00898756,0.94447255,0.008719554,0.010862263
PXLGGjDk.png,bali,4,bali,1,0.96547157,0.004471021,0.003204669,0.008662417,0.0051738275,0.004813128,0.008203413
R256ODah.png,jawi,1,jawi,1,0.0030026312,0.004909579,0.97049797,0.0052211187,0.0038179872,0.009814051,0.002736598
NnmJrryK.png,jawa,3,jawa,1,0.037145972,0.5183224,0.053888958,0.019631984,0.060796436,0.2608835,0.049330708
F8SiVy51.png,lampung,1,lampung,1,0.004541775,0.005923591,0.0046540224,0.9674328,0.006064065,0.0051970105,0.006186688
xPC4DkMv.png,jawa,4,jawa,1,0.0017298242,0.9822213,0.0048942394,0.0029714066,0.0037088247,0.0024180966,0.002056224
LFace5XX.png,jawa,1,jawa,1,0.30538395,0.40181184,0.0676101,0.04092758,0.12792608,0.017534107,0.03880626
Xh9gVIKd.png,jawa,3,jawa,1,0.0047226837,0.96932113,0.006566409,0.0052071544,0.004834679,0.0061957375,0.003152136
fsbBJFWU.png,jawi,5,jawi,1,0.006736747,0.007814763,0.9587065,0.0068931375,0.0074897404,0.0046165492,0.0077425977
eS4tgJHt.png,sunda,3,sunda,1,0.006245998,0.005824754,0.0047032307,0.005728852,0.004356154,0.0045076194,0.9686335
dBZHS1PD.png,jawi,5,jawi,1,0.004523055,0.0072278217,0.9438885,0.00516045,0.0064348388,0.019326134,0.013439217
Ayyo73ui.png,sunda,3,sunda,1,0.0063262885,0.0071441634,0.0049245134,0.006363465,0.0055530234,0.0056986054,0.96399
5VsxHtj2.png,lampung,1,lampung,1,0.008788801,0.0071977703,0.0066471053,0.9561659,0.0067715915,0.007325412,0.007103501
SrKukQkj.png,lontara,1,lontara,1,0.007876377,0.007611712,0.0048905527,0.008553901,0.9559408,0.008748203,0.006378483
HbhzJmoO.png,lampung,2,lampung,1,0.0064095156,0.00603001,0.0056812903,0.96529347,0.0063101454,0.0041952613,0.0060802717
RUmEfifv.png,jawi,4,jawi,1,0.008361137,0.011551746,0.9454129,0.019098574,0.007947148,0.002056,0.0055724382
BlCySNfN.png,pegon,3,pegon,1,0.0042055715,0.0044376333,0.0037588219,0.0046256883,0.0050902567,0.97335243,0.004529579
iwHFNQF4.png,jawi,5,jawi,1,0.0024374633,0.005431565,0.9775979,0.004319862,0.0035482198,0.002148954,0.004516137
LZeMaSnU.png,pegon,5,pegon,1,0.012426666,0.011599905,0.013351409,0.010733399,0.011453572,0.92917556,0.011259494
ZrYfhSQR.png,lontara,4,lontara,1,0.005674677,0.010066931,0.008353933,0.012125262,0.9478324,0.008152449,0.00779433
ljhasZYE.png,bali,4,bali,1,0.97038615,0.006775673,0.0027229548,0.0040836493,0.007198592,0.00285642,0.005976591
d678THNC.png,sunda,3,sunda,1,0.006665271,0.0071473,0.0115221795,0.0067603234,0.0059717936,0.0064255963,0.9555074
zecDG1Iz.png,lampung,3,lampung,1,0.006780721,0.0062742042,0.0065145907,0.9597954,0.007743827,0.0067082713,0.0061829668
6Fw5IF86.png,pegon,5,pegon,1,0.008343788,0.007102057,0.007682905,0.00729537,0.00609551,0.95690566,0.0065747467
cbI9LiaF.png,jawa,4,jawa,1,0.0057783015,0.9254515,0.0014496142,0.021427106,0.013500716,0.010290883,0.022101877
BhBiB6IV.png,jawi,2,jawi,1,0.011199658,0.0049456106,0.9188379,0.007600301,0.0057146414,0.040846802,0.010855081
O3mHCAAz.png,sunda,5,sunda,1,0.0068441844,0.022716835,0.0048201904,0.009327524,0.008783816,0.0071586478,0.9403488
rQwE3JYn.png,jawi,2,jawi,1,0.003213602,0.01108319,0.97575617,0.0032930246,0.0032042006,0.00087769236,0.0025721348
AjUQb0b3.png,pegon,5,pegon,1,0.007067375,0.007649121,0.0060273623,0.009367323,0.007252658,0.9531631,0.009473116
hdsN1XOa.png,pegon,1,pegon,1,0.0060550813,0.007444241,0.0025278335,0.006262561,0.0061714924,0.96741563,0.004123162
NMrdlQo7.png,pegon,3,pegon,1,0.005960546,0.0054377485,0.046156462,0.004747523,0.0054590316,0.9261725,0.0060662474
XymH4HZu.png,pegon,5,pegon,1,0.0066755335,0.0038091806,0.0019172474,0.0051660147,0.0059344443,0.9729987,0.0034989151
4J4iodWN.png,jawi,2,jawi,1,0.0022246838,0.0018016036,0.9915051,0.0014476293,0.00163558,0.00025353325,0.0011318274
guJlx9AU.png,jawi,3,jawi,1,0.0050907116,0.005252308,0.9635089,0.006203859,0.0054508797,0.007762409,0.0067309383
DyUxWy59.png,jawi,4,jawi,1,0.0069973506,0.0033133938,0.9751032,0.0051268754,0.0026108916,0.003969488,0.0028787265
Pasu0aPJ.png,pegon,5,pegon,1,0.0024956681,0.0013542237,0.003107426,0.004102624,0.0016919549,0.9854241,0.0018240876
5OgZwMOW.png,pegon,1,pegon,1,0.0064457357,0.0063986974,0.008053244,0.0059033977,0.0070757996,0.9585022,0.007620936
RkaK8C72.png,lampung,2,lampung,1,0.0067181946,0.009340963,0.0068440125,0.9555996,0.006240679,0.006360659,0.008895817
gyUnR6N5.png,lampung,1,lampung,1,0.007667224,0.010302275,0.008872448,0.94244546,0.0060771313,0.015476878,0.00915856
rdGdUrCp.png,jawi,1,jawi,1,0.00144029,0.006057929,0.97308314,0.006881312,0.004367626,0.0056493683,0.002520393
MNVOGqS2.png,bali,1,bali,1,0.9516191,0.010859284,0.007398159,0.009135507,0.008173036,0.0051070694,0.0077079083
xYHPlblG.png,bali,2,bali,1,0.968437,0.006506188,0.00543347,0.003388577,0.004462908,0.005357073,0.0064147087
tNuYehVt.png,jawi,1,jawi,1,0.0032264027,0.005108167,0.97107047,0.007404717,0.0036595655,0.007336787,0.0021937792
8ccd1F1S.png,jawi,2,jawi,1,0.0012852629,0.0042059915,0.9887792,0.0009758686,0.002584918,0.0013208917,0.00084784935
9gk1wWnW.png,jawa,4,jawa,1,0.0023014562,0.9797064,0.0062103537,0.002853042,0.003962991,0.0028558294,0.0021098736
Be9e06FH.png,pegon,3,pegon,1,0.00698857,0.0074611204,0.0032963345,0.005523018,0.008246619,0.96159405,0.0068903086
g4bH8mfO.png,jawa,1,jawa,1,0.011387047,0.9260368,0.014233822,0.0141437575,0.009570145,0.014081739,0.0105467355
Qhu1V5WM.png,jawi,3,jawi,1,0.005873371,0.015451621,0.93153614,0.006558621,0.0083968,0.026687417,0.0054960106
18Tg7Uaz.png,pegon,4,pegon,1,0.003884941,0.003155352,0.016805522,0.0032810469,0.0052303127,0.9618193,0.005823451
AiX52esL.png,lampung,5,lampung,1,0.010733001,0.010276567,0.0090513425,0.9355145,0.014018994,0.012883409,0.007522169
7EaH9wE0.png,pegon,1,pegon,1,0.006069545,0.007854575,0.37477675,0.073528156,0.0075462977,0.5223625,0.007862249
THUF76V1.png,jawi,5,jawi,1,0.010709763,0.0063561774,0.95726055,0.008536482,0.008285971,0.0033234044,0.005527738
68afgUeT.png,jawa,3,jawa,1,0.0047332747,0.9527045,0.006629513,0.0074975644,0.0141516635,0.006995327,0.0072882096
YYX9z6qk.png,jawi,5,jawi,1,0.007200775,0.0061651664,0.91767645,0.0066987635,0.008668845,0.04725395,0.0063360715
d7ZOdmAy.png,lontara,4,lontara,1,0.0071816943,0.009970796,0.006812785,0.011243359,0.94522053,0.008662777,0.010908084
OxM6azwn.png,jawi,3,jawi,1,0.0083120065,0.0024981555,0.97016555,0.0056434413,0.0048578293,0.0051711323,0.0033518013
7qQbho8k.png,bali,2,bali,1,0.92463964,0.007163885,0.029577715,0.012091346,0.006390386,0.007837314,0.012299761
qvD8eEw6.png,jawi,4,jawi,1,0.003825715,0.0017843427,0.97246236,0.004960522,0.0073742587,0.0034193166,0.0061734696
bKKgpeli.png,jawi,2,jawi,1,0.005381095,0.0035324565,0.96709645,0.0050157323,0.002857878,0.011509191,0.004607192
setAWyX8.png,lampung,1,lampung,1,0.006043456,0.005307353,0.0048394836,0.9655583,0.008579003,0.0044064,0.0052660503
RqAOJYws.png,jawi,1,jawi,1,0.0030178064,0.0060398425,0.9734996,0.0043844553,0.0037722616,0.0031075263,0.0061785458
u3shIy6g.png,jawa,2,pegon,0,4.4e-43,7.9054867e-25,6.0087177e-18,7.8698673e-16,3.262984e-26,1.0,3.7545036e-15
FU8GT4fY.png,pegon,2,pegon,1,0.013151504,0.0085892435,0.0077559473,0.009447267,0.00942423,0.9422443,0.009387489
jKga3mWM.png,bali,1,bali,1,0.9598377,0.006099278,0.005943461,0.008887406,0.005879956,0.005054011,0.008298144
z8qPWOpy.png,jawa,1,jawa,1,0.005953029,0.9660886,0.0051443754,0.0064935805,0.0064777466,0.0048468723,0.004995848
sPuyjKLc.png,lampung,5,lampung,1,0.0070815566,0.008558688,0.0071930746,0.9658621,0.004534401,0.0022622966,0.0045079095
P1UDYiv1.png,lampung,1,lampung,1,0.010662135,0.009520214,0.011923545,0.94075155,0.010888363,0.007560585,0.008693686
RCqAX1Io.png,jawi,4,jawi,1,0.005645398,0.0055416157,0.97145015,0.0046369806,0.0040404983,0.0036789158,0.0050064325
XcPA0JB6.png,lontara,3,lontara,1,0.010737419,0.008619336,0.008313456,0.008030183,0.9473941,0.009015361,0.007890262
79w8f3CP.png,bali,4,bali,1,0.9565737,0.018652495,0.0026016121,0.0047478587,0.0070100315,0.004619794,0.0057945196
bNy7a5lN.png,pegon,1,pegon,1,0.0060540927,0.0067176507,0.009867632,0.0051430617,0.0065205144,0.959262,0.006435115
uH4fcFXm.png,sunda,2,sunda,1,0.0058882344,0.0030517941,0.0054139113,0.0042535793,0.004031143,0.0053169797,0.9720444
79IQxCFE.png,jawa,1,jawa,1,0.014187718,0.9284615,0.019463459,0.0093136225,0.010214041,0.010055687,0.008303957
7wCApGQb.png,sunda,3,sunda,1,0.0067701554,0.004567515,0.009889072,0.005429358,0.0064412286,0.0053217453,0.96158093
a8ahpClb.png,pegon,5,pegon,1,0.008819456,0.007184185,0.0094803935,0.009033013,0.007707506,0.9478595,0.009915981
l4Nsqug2.png,bali,2,bali,1,0.9777068,0.0031240059,0.0031856212,0.0033157587,0.003381156,0.0044314438,0.0048551215
pFpEBZsx.png,bali,1,bali,1,0.5817833,0.006270303,0.37343302,0.013708982,0.008437615,0.004096133,0.012270665
Dn6CqMHc.png,jawi,1,jawi,1,0.0037223569,0.0070225243,0.9714698,0.006947491,0.002681113,0.00433491,0.0038218105
cLKYljrY.png,lontara,4,lontara,1,0.00767309,0.008823051,0.0060936706,0.011717216,0.94132614,0.013672085,0.010694725
mGZM9lCD.png,lampung,3,lampung,1,0.011254305,0.005993189,0.0074078315,0.9533286,0.006511902,0.008572281,0.006931883
a1T7i5bS.png,sunda,1,sunda,1,0.0070670727,0.004900001,0.0059743635,0.0077087833,0.0075892694,0.008972962,0.9577876
BH3gxbSn.png,lontara,3,lontara,1,0.008559781,0.0062731807,0.006909956,0.007035929,0.9582342,0.0067170085,0.0062701185
7xLMjLHW.png,lontara,4,lontara,1,0.006625206,0.005492489,0.0032957683,0.0077759665,0.9595529,0.009772315,0.00748538
NeqSF8C9.png,lontara,3,lontara,1,0.0076243854,0.0055293078,0.007767174,0.008561869,0.95473117,0.007691692,0.008094349
W5obsPSI.png,pegon,5,pegon,1,0.0061974903,0.007512192,0.005737342,0.00578799,0.0073957257,0.96111083,0.006258309
C9VIsuaS.png,lampung,2,lampung,1,0.0051003285,0.0070020254,0.005495953,0.9662722,0.0044399053,0.0066683423,0.0050212555
uQPbzjZg.png,lampung,5,lampung,1,0.0036854292,0.005066987,0.005797994,0.97317004,0.0056168647,0.00247428,0.004188391
iV9G3QQ5.png,jawi,3,jawi,1,0.0044437894,0.0067462577,0.9642883,0.006980829,0.005040393,0.0068994993,0.005601043
sTjR3Dyb.png,jawi,5,jawi,1,0.0067731757,0.0073128287,0.9601328,0.0072843186,0.0071889157,0.0060124323,0.0052956003
utewAAvB.png,pegon,1,pegon,1,0.0042989594,0.0027339193,0.0038705342,0.008201927,0.006590433,0.96954805,0.0047561913
pnwTi55u.png,lampung,3,lampung,1,0.0049745906,0.0035551793,0.0062946156,0.97047,0.0066063707,0.0042136423,0.0038855814
tkikNRDq.png,sunda,5,sunda,1,0.007304358,0.0060260296,0.0069156275,0.0054334416,0.008093087,0.009545304,0.95668215
cGXyHtmN.png,pegon,3,pegon,1,0.0054426272,0.0053217434,0.008722811,0.005152976,0.0065362747,0.9620502,0.0067734593
aTlANXcT.png,pegon,1,pegon,1,0.0070128012,0.005687465,0.0060720383,0.0054776,0.006610473,0.96351576,0.005623949
i4F7snc2.png,sunda,5,sunda,1,0.006395987,0.0072582266,0.007836527,0.0067127626,0.008579468,0.0069904006,0.95622665
7NriGtD8.png,pegon,1,pegon,1,0.007653494,0.008463376,0.003972519,0.011076116,0.007908017,0.9569733,0.0039531696
dSq6Z3tV.png,bali,3,bali,1,0.9499575,0.0081907,0.007792756,0.008368576,0.008458956,0.006760553,0.010470949
Qc5hknbW.png,pegon,1,pegon,1,0.0053878548,0.0038769378,0.0054036626,0.0046446207,0.007106449,0.9654785,0.0081019625
ElyfuJMT.png,pegon,1,pegon,1,0.006695594,0.010012091,0.0026451792,0.004365424,0.010209562,0.9622008,0.00387133
x7ShvsGP.png,sunda,3,sunda,1,0.0072941296,0.006334156,0.00697031,0.0067723705,0.0063994396,0.0057420256,0.96048754
FbTguqOY.png,pegon,4,pegon,1,0.0067045274,0.008210549,0.0067241983,0.005678956,0.005221491,0.9597283,0.007731951
MIpEzjvJ.png,jawi,1,jawi,1,0.0031855996,0.006083701,0.9681988,0.0032579608,0.0061104945,0.0011425356,0.012020861
6MfaKi9r.png,jawa,5,jawa,1,0.0054342444,0.9718912,0.0041100024,0.0041992585,0.0055009867,0.0042612236,0.0046029845
BLyfZBXd.png,lampung,3,lampung,1,0.0075164903,0.0061708316,0.004585773,0.9644823,0.0077550896,0.004876765,0.0046127215
5I9nCM7V.png,sunda,1,sunda,1,0.00828981,0.0037916475,0.0064813797,0.008945933,0.013156833,0.0058297627,0.9535047
61dk4lYl.png,lampung,5,lampung,1,0.00954826,0.007043883,0.0069856555,0.952317,0.007601393,0.007516504,0.008987295
djpS930J.png,jawi,3,jawi,1,0.005088279,0.004910104,0.97012794,0.0050216373,0.0053533413,0.0037244828,0.005774228
9AXZfY9l.png,jawa,2,jawa,1,0.00834728,0.94430715,0.007697389,0.0114540355,0.008671327,0.010977654,0.008545231
DF1Flcai.png,bali,1,bali,1,0.9658221,0.0072669103,0.0052316035,0.0056677717,0.0066376305,0.0044183778,0.0049556023
YgJfuvE5.png,jawa,1,jawa,1,0.0053708153,0.95867294,0.008367366,0.008549078,0.008003712,0.0049769026,0.0060592447
3XRv82Kj.png,lampung,4,lampung,1,0.008723193,0.0056046825,0.0068368893,0.9564714,0.0073924405,0.0054375525,0.009533887
stPijN3r.png,jawi,4,jawi,1,0.0077005723,0.014337474,0.92011416,0.01999328,0.019087037,0.008889309,0.0098780785
6oFYlbTP.png,jawi,2,jawi,1,0.0017091427,0.0016646665,0.9896191,0.0016875819,0.0022010216,0.00066670054,0.0024518229
vWj7N2tt.png,jawa,5,jawa,1,0.0029085556,0.9746805,0.0034709016,0.0043876306,0.0037092164,0.005775886,0.005067423
MvS8HQOj.png,jawa,3,jawa,1,0.0037078245,0.9743147,0.0056152404,0.004945763,0.0032721434,0.003415808,0.004728507
55CLT8Hk.png,lampung,3,lampung,1,0.007857978,0.004924606,0.0060692113,0.95790833,0.007612496,0.006314063,0.009313372
V0wGX7R5.png,lampung,2,lampung,1,0.005265952,0.008805902,0.0037159307,0.9603681,0.005089005,0.010991276,0.0057637827
9oawNGqT.png,lampung,2,lampung,1,0.005472349,0.0037190842,0.007175727,0.9658879,0.006613818,0.0064890627,0.0046420554
J72xRpsc.png,sunda,5,sunda,1,0.010455187,0.013024404,0.0065426882,0.012039724,0.011703538,0.0142348325,0.93199974
57bs7slq.png,jawa,1,jawa,1,0.004879624,0.97547024,0.0037158488,0.005054224,0.0047064563,0.0031260042,0.0030476323
YK3Ub4KT.png,lampung,2,lampung,1,0.0058497377,0.0041928845,0.004882868,0.96192443,0.0061876113,0.008003456,0.00895907
0iU4d8ZG.png,lampung,4,lampung,1,0.006778338,0.0054359203,0.0030314603,0.9731408,0.0030852186,0.0037287595,0.0047995257
DAxe0MLe.png,jawi,5,jawi,1,0.012386497,0.01772552,0.92843604,0.009571544,0.009299735,0.011455638,0.011124892
AyRslECF.png,lampung,1,lampung,1,0.008412706,0.0071607186,0.0076113874,0.95263827,0.0081538735,0.008474547,0.0075484677
mELYhNJJ.png,sunda,5,sunda,1,0.0061190394,0.0042634425,0.0053868657,0.004758537,0.0060654944,0.0076338816,0.9657727
fkjCpYsq.png,sunda,5,sunda,1,0.010087413,0.007086992,0.004409016,0.008109422,0.008919515,0.008375017,0.95301265
paMynPIk.png,sunda,1,sunda,1,0.006710362,0.0075262664,0.0052721696,0.007032399,0.007341158,0.005085072,0.9610326
VppeTfy6.png,jawi,2,jawi,1,0.0016592225,0.0040846174,0.9873465,0.0020269747,0.0018240799,0.00058244186,0.002476236
bWDGpTWd.png,bali,3,bali,1,0.9357589,0.010134721,0.012362872,0.012867913,0.008534291,0.009694258,0.0106470585
F9EmOnBA.png,pegon,5,pegon,1,0.0046045138,0.0049254703,0.0054546623,0.0048443754,0.0049835304,0.9698435,0.005343938
upZHwPDf.png,lampung,2,lampung,1,0.009624525,0.0060923817,0.009976209,0.9587524,0.005095349,0.0042949063,0.006164197
vIJnYN4x.png,jawi,3,jawi,1,0.0048962208,0.006138239,0.96738493,0.005027038,0.0055725803,0.005356482,0.0056245197
x8P27FGa.png,sunda,5,sunda,1,0.011081314,0.008537926,0.010501828,0.010708959,0.012410483,0.012428676,0.9343308
XXqX4MmQ.png,lontara,2,lontara,1,0.011406397,0.008760546,0.005614958,0.0073447716,0.94798654,0.0093073575,0.009579388
hltmihc8.png,jawi,4,jawi,1,0.002042621,0.0016064058,0.9872248,0.0035001573,0.0018061306,0.00076551107,0.0030543825
wBpmXjhK.png,jawi,3,jawi,1,0.0054309946,0.0048257117,0.9637512,0.0055979234,0.0080500385,0.00723718,0.005106932
FTgJuERy.png,jawi,2,jawi,1,0.006616828,0.002336375,0.9574041,0.011059482,0.0074322387,0.011388282,0.0037627988
ib1lCQbO.png,lontara,5,lontara,1,0.005594452,0.003475371,0.008183718,0.0045951344,0.96739554,0.0051312516,0.0056245816
KsB6SO8u.png,bali,3,bali,1,0.9467708,0.010274032,0.008727977,0.0091602495,0.007218103,0.008521631,0.009327247
0RiP6KqR.png,lontara,2,lontara,1,0.011944687,0.008201442,0.0061786934,0.010459117,0.9461081,0.008846249,0.008261732
VJzTIvxg.png,pegon,5,pegon,1,0.007213367,0.007731259,0.004833376,0.009190068,0.0073341196,0.95777005,0.0059277625
l0lHHR0b.png,lampung,5,lampung,1,0.0046877027,0.00519642,0.004985163,0.9696876,0.0048223576,0.0047152503,0.005905592
GCNhsDdJ.png,lontara,1,lontara,1,0.009335917,0.00769453,0.008311649,0.010303686,0.94626373,0.010960187,0.007130189
w66oBlv4.png,sunda,3,sunda,1,0.0066769836,0.0063587907,0.0046932595,0.006680244,0.006214523,0.0060943235,0.96328187
m0xUELP9.png,sunda,4,sunda,1,0.0033469764,0.0029249918,0.0025313694,0.0031719494,0.0031781506,0.004658175,0.98018837
RU4Of5AH.png,sunda,5,sunda,1,0.0077350745,0.0077653495,0.009410349,0.0075044166,0.009659415,0.007139816,0.9507856
nrUP68qr.png,lampung,5,lampung,1,0.005941559,0.0044348384,0.0044914996,0.96989375,0.004248315,0.005197525,0.005792599
6uAymYJp.png,lampung,4,lampung,1,0.004271021,0.0028340216,0.004618075,0.97412586,0.004825543,0.004043722,0.005281739
Qcv5zDV9.png,sunda,4,sunda,1,0.0064464216,0.0033443596,0.009904296,0.006433843,0.0075994506,0.008602901,0.9576686
FuGIhjEE.png,lampung,4,lampung,1,0.0072129196,0.004971907,0.004571398,0.9689998,0.005104746,0.0042776885,0.004861478
f3xm4llA.png,jawi,1,jawi,1,0.0046142126,0.023982743,0.9387703,0.007902878,0.0077311248,0.0071921395,0.009806518
MtyKyDPB.png,lampung,3,lampung,1,0.006187337,0.0045378176,0.0057587903,0.9656464,0.007651541,0.005554423,0.004663611
dH6D1EwP.png,jawa,1,jawi,0,0.012293715,0.039380576,0.90586734,0.011962114,0.023865126,0.00456253,0.0020685785
WM2xqcu5.png,jawi,1,jawi,1,0.011548511,0.008863201,0.9437647,0.010907249,0.011941311,0.010117153,0.0028578574
uVhC4zkl.png,jawa,5,jawa,1,0.0055219447,0.9571916,0.009333709,0.007159898,0.007971859,0.0071459278,0.0056750188
TLvZfgpc.png,sunda,2,sunda,1,0.0033957327,0.0021416617,0.004166638,0.0020920502,0.0020981883,0.0022642557,0.98384154
Zlo7h3np.png,jawa,2,jawa,1,0.016871627,0.9252166,0.020289056,0.011477396,0.0056430153,0.00835614,0.012146245
Yn3uXJfi.png,lampung,2,lampung,1,0.008715605,0.010144896,0.008745447,0.94866586,0.009142801,0.007568553,0.007016877
sGLsCJIC.png,jawi,5,jawi,1,0.005180722,0.0065426547,0.96064097,0.009976356,0.0059397276,0.0040703686,0.0076491376
ykq5P8mF.png,lampung,4,lampung,1,0.006634934,0.003998827,0.0064654327,0.96331084,0.0072799367,0.0058097425,0.0065002525
B3Uzmx2u.png,pegon,3,pegon,1,0.0066242395,0.005972825,0.0037431773,0.010199883,0.007020546,0.9617581,0.0046812613
BRolDhp3.png,jawi,5,jawi,1,0.0026729093,0.0022552158,0.9789571,0.003313521,0.004141905,0.0038966632,0.00476265
UfrqVzUh.png,lampung,1,lampung,1,0.008027905,0.0064035296,0.006616485,0.9531565,0.011113036,0.0066586174,0.008023987
A0shgBFV.png,jawa,5,jawa,1,0.0057542697,0.96866477,0.008570957,0.0029881923,0.004529829,0.0053270287,0.004164932
cTEtK9zF.png,sunda,3,sunda,1,0.006688954,0.008878749,0.008353039,0.006962207,0.006715134,0.0067711063,0.9556308
b4B7d5ll.png,jawi,1,jawi,1,0.002165482,0.0056691836,0.9736397,0.0051141847,0.00426889,0.005330909,0.00381169
AquaWOXd.png,jawa,3,jawa,1,0.011958064,0.9485561,0.009263062,0.0066719335,0.0085753035,0.007005796,0.007969677
3dclfBcd.png,jawi,1,jawi,1,0.002461999,0.0032904113,0.97784245,0.0035163334,0.006857807,0.0045906445,0.0014402847
t84PLUjt.png,lampung,5,lampung,1,0.0080113,0.006963738,0.0075923568,0.9549078,0.0078104483,0.007644436,0.0070699477
463G0Ht6.png,pegon,3,pegon,1,0.0064049256,0.0042812084,0.004841779,0.006067023,0.007866661,0.9650733,0.0054650637
S0zbR2ca.png,lampung,3,lampung,1,0.0061382563,0.006744848,0.008702948,0.9584543,0.006993015,0.0064674816,0.006499138
DgfwiJq7.png,jawi,3,jawi,1,0.004032756,0.006923888,0.9733836,0.00271011,0.0048502027,0.0032658258,0.004833653
xX4k0Iwm.png,bali,5,bali,1,0.9621521,0.006639909,0.007943052,0.0058112605,0.006591455,0.005317113,0.0055451444
odtGQPrl.png,sunda,5,sunda,1,0.008663975,0.009548094,0.010795661,0.00827126,0.009717415,0.009957577,0.943046
trtlGlvb.png,sunda,1,sunda,1,0.003225399,0.00300934,0.0077128126,0.0050544823,0.0066993716,0.007314834,0.96698374
Gcttufo2.png,jawi,3,jawi,1,0.008388295,0.0072311615,0.9638906,0.0035796848,0.0052543893,0.0065232473,0.005132671
uqIBKc71.png,sunda,2,sunda,1,0.0039857468,0.0031792664,0.0055282596,0.006394133,0.0056621223,0.00424695,0.9710035
gagP6CWw.png,pegon,4,pegon,1,0.009598394,0.008078712,0.017266253,0.0071294387,0.0075522815,0.94201535,0.008359614
rTJxCIqL.png,bali,5,bali,1,0.9543355,0.007737463,0.01063022,0.0056525627,0.006878482,0.006171856,0.008593914
XeQC49L6.png,jawa,2,jawa,1,0.009217905,0.96443105,0.008575267,0.0076643326,0.0032675432,0.003148509,0.0036953867
YJfS9mlO.png,pegon,4,pegon,1,0.007051364,0.0062076333,0.005984415,0.0069624097,0.0071869297,0.9589306,0.00767664
2MbXihTq.png,jawi,1,jawi,1,0.0018309864,0.0027113126,0.9824123,0.0031590296,0.0037698029,0.00369328,0.002423295
kcB23A2v.png,bali,4,bali,1,0.9762715,0.0016390098,0.00583069,0.004005414,0.0066491095,0.0020278639,0.0035764324
L9tVkVXc.png,jawi,3,jawi,1,0.003985605,0.004765488,0.9790623,0.0027526717,0.003671711,0.0031838135,0.0025783307
HPsdSMSo.png,bali,2,bali,1,0.948426,0.0051953946,0.010610922,0.008189482,0.009435245,0.007960807,0.010182027
OKHFc0xR.png,lampung,5,lampung,1,0.008183022,0.0064669847,0.0064606727,0.95417833,0.007728637,0.009789013,0.0071933377
kRtSXqLd.png,sunda,4,sunda,1,0.004178609,0.0033136318,0.0038853944,0.0034862477,0.0050749383,0.006790836,0.9732704
YxMvVphQ.png,bali,5,bali,1,0.9601148,0.006616151,0.006459733,0.0065231253,0.008233933,0.005576801,0.0064755226
cfFtlmwR.png,jawi,5,jawi,1,0.010247171,0.014023329,0.9260312,0.009995144,0.010918715,0.018386126,0.010398381
tjWyfHS1.png,bali,3,bali,1,0.9573771,0.005590848,0.0054453593,0.008210454,0.008986651,0.00650135,0.007888211
5l4URRs2.png,pegon,2,pegon,1,0.009991602,0.011206468,0.013865194,0.008956414,0.008546271,0.93890446,0.008529594
p1IJ0qTz.png,jawi,1,jawi,1,0.005476942,0.010908167,0.731486,0.006957392,0.23471202,0.007922348,0.0025370847
6NdRB2nV.png,sunda,3,sunda,1,0.008222953,0.007993343,0.0063356175,0.0061018355,0.007054101,0.005925664,0.9583665
NVagteoV.png,bali,2,bali,1,0.9727826,0.0022762823,0.0069077974,0.0046433406,0.0037001865,0.003147984,0.0065417686
JIoIseGk.png,jawi,1,jawi,1,0.0043662456,0.0053028236,0.9576942,0.0042484733,0.006337358,0.016547581,0.005503305
WRuNwJ9Q.png,lampung,1,lampung,1,0.0067340177,0.0061794817,0.0058164345,0.9517894,0.011536339,0.0090926355,0.008851699
GlaZZ42x.png,sunda,1,sunda,1,0.0042366195,0.004138478,0.005241754,0.0045764064,0.0076977923,0.004994396,0.96911454
BJ4eecVX.png,jawi,2,jawi,1,0.00091698504,0.0025417863,0.9909731,0.0012231405,0.001933689,0.0011028593,0.0013083995
cz8YUaNj.png,jawi,2,jawi,1,0.0033848335,0.012835971,0.97210217,0.004187883,0.0026028561,0.0011905113,0.0036957934
oYBCH1GC.png,jawi,5,jawi,1,0.0035233751,0.0054918607,0.9674404,0.0064175013,0.005981769,0.0037874205,0.007357701
vLiJDcfz.png,sunda,2,sunda,1,0.0041058916,0.0042445087,0.0028579892,0.0057845833,0.0049381624,0.005251515,0.97281736
ZvfLChka.png,jawi,2,jawi,1,0.0007530625,0.00043456414,0.9951728,0.0009290004,0.0012163871,0.00066392665,0.0008303144
5ENLInZf.png,sunda,2,sunda,1,0.005486561,0.004573015,0.007725966,0.004266684,0.00555666,0.004939783,0.9674512
JaAYEY9v.png,lampung,1,lampung,1,0.012489415,0.00885632,0.00990409,0.94211143,0.008079536,0.007231848,0.011327406
uNk2Pji4.png,lampung,3,lampung,1,0.008171205,0.0058482573,0.007823714,0.9560626,0.008255422,0.0071305325,0.0067083347
P8bvkp33.png,jawi,3,jawi,1,0.00496092,0.0023791136,0.97873336,0.002452239,0.0061468934,0.0022306095,0.0030968946
Jrzj22qi.png,sunda,1,sunda,1,0.003500836,0.0040098103,0.006222657,0.0029051304,0.0042830347,0.0026894317,0.976389
G8BghqMy.png,jawi,4,jawi,1,0.016327959,0.03611919,0.5573271,0.049877904,0.012482458,0.31324336,0.014622001
v1wDJE1K.png,jawa,3,jawa,1,0.0039972723,0.97143674,0.004816924,0.0057062902,0.006118967,0.004259231,0.003664523
3OEGXVWl.png,lampung,4,lampung,1,0.004501914,0.004432118,0.0040276153,0.97214276,0.0062137726,0.0046698353,0.0040119137
r4sazkrB.png,jawi,4,jawi,1,0.0062860176,0.005168213,0.97483975,0.0033287127,0.007965695,0.0012634366,0.0011481276
9KyaSDOr.png,pegon,3,pegon,1,0.0059018335,0.0055361446,0.0030663193,0.0073163155,0.0063379295,0.9671796,0.004661901
oLfaGedt.png,lampung,2,lampung,1,0.0067503857,0.0057485932,0.0064507057,0.96064746,0.005026268,0.006826623,0.008549971
LnXG2KaK.png,jawi,4,jawi,1,0.004496338,0.0047029275,0.97521484,0.002839962,0.006224285,0.0026888219,0.003832799
ckmJ5Zh7.png,jawi,3,jawi,1,0.0034029798,0.0037265085,0.9602845,0.0043355087,0.0040569548,0.019750847,0.0044426583
rrhaheQQ.png,sunda,3,sunda,1,0.011156936,0.016154176,0.008242692,0.012373746,0.007899872,0.009418048,0.93475455
w57AYeJK.png,pegon,3,pegon,1,0.010521972,0.0048243715,0.0058936514,0.0072954777,0.008250729,0.95598567,0.007228108
bgCw1ls7.png,pegon,5,pegon,1,0.011736141,0.0072092754,0.4318774,0.0058098114,0.012144213,0.5138698,0.017353363
LleCoaPm.png,jawa,1,jawa,1,0.004383027,0.9679694,0.0062845303,0.0059646186,0.004870557,0.004827937,0.0056998217
Pz0sgpA4.png,lampung,1,lampung,1,0.0070701744,0.008302276,0.0076111597,0.9596126,0.0071745035,0.004470003,0.0057592485
OyuxLiGq.png,jawi,3,jawi,1,0.011015302,0.010177544,0.73327994,0.009749491,0.022382284,0.19813205,0.015263391
gYcl2Ztg.png,lampung,3,lampung,1,0.011891134,0.00892346,0.008176641,0.9460145,0.009526843,0.008321642,0.0071457354
YcUJIE7M.png,jawa,1,jawa,1,0.005805725,0.96311486,0.0066400655,0.0065787486,0.0056546447,0.004473192,0.0077327583
WPXGQnCz.png,jawa,1,jawa,1,0.008829338,0.95729846,0.007511679,0.007056569,0.007291241,0.006012272,0.00600054
YAjzCk0W.png,sunda,2,sunda,1,0.008931254,0.0060108174,0.008410647,0.011574845,0.0060846414,0.0056521576,0.95333564
QBJfmn19.png,jawi,4,jawi,1,0.0703804,0.012955649,0.85531795,0.019783964,0.017786263,0.0059634726,0.017812336
CsLAwcZm.png,lampung,1,lampung,1,0.011331122,0.009329834,0.011259424,0.9355432,0.013429784,0.008794576,0.010312067
uEfERL4G.png,lampung,1,lampung,1,0.009137714,0.009717552,0.008630318,0.94121903,0.010035816,0.010461106,0.010798448
FGZPmG6z.png,pegon,5,jawi,0,0.0067067323,0.0048733223,0.9160803,0.004682054,0.008209241,0.045033593,0.014414702
7D3yq85B.png,pegon,5,pegon,1,0.018875048,0.011881115,0.0024008648,0.00806669,0.010474813,0.93877804,0.009523465
L93wkrK9.png,lampung,2,lampung,1,0.008332788,0.01093187,0.013459569,0.9458951,0.00827198,0.006791068,0.00631762
49ZhHNj5.png,jawa,1,jawa,1,0.009067287,0.95938665,0.0051086876,0.008715667,0.007158818,0.0049273917,0.005635507
68PWHspf.png,pegon,5,pegon,1,0.004909678,0.005861786,0.0033743691,0.0041708606,0.0047609475,0.9719402,0.0049821264
YU8YA3YJ.png,jawa,2,jawa,1,0.0048401235,0.96757376,0.005246213,0.0045468747,0.0064246566,0.0065353964,0.004833038
C8UqnFBT.png,sunda,5,sunda,1,0.013271583,0.0112414695,0.011268948,0.010853128,0.014583103,0.014259203,0.92452264
EoEYYS0c.png,pegon,5,pegon,1,0.005829809,0.0022718655,0.15168002,0.0074856216,0.009444249,0.8183745,0.0049139876
mgdNKjC1.png,pegon,3,pegon,1,0.0054497365,0.004281726,0.0052154316,0.0042733713,0.0057532582,0.9699144,0.00511206
lyfmp4Hk.png,lampung,1,lampung,1,0.007844764,0.006638288,0.008074047,0.95396554,0.007555295,0.007114892,0.008807194
E2pP2wiN.png,bali,2,bali,1,0.9607942,0.00653093,0.0053460286,0.0066988776,0.0053251865,0.0076130936,0.0076915594
0vcG60TH.png,lontara,4,lontara,1,0.0066832844,0.007470319,0.010949152,0.011920062,0.94369674,0.008984564,0.010295824
rEHekt8u.png,jawi,3,jawi,1,0.005148021,0.005931125,0.9648868,0.004845573,0.0066198795,0.0066750585,0.0058935955
1eCjSdRv.png,lampung,2,lampung,1,0.0044978987,0.0035546576,0.007279452,0.9665446,0.00571929,0.007272347,0.0051317476
1PhwYZl3.png,jawa,4,jawa,1,0.0010982421,0.98682433,0.002593701,0.0018554457,0.0026604,0.0018590731,0.0031088043
YVQ6iiUU.png,jawa,2,jawa,1,0.0041553807,0.9740233,0.006682563,0.00485339,0.004490844,0.0022747382,0.0035197441
YkcTFGRg.png,jawi,5,jawi,1,0.003177885,0.0047334456,0.9434801,0.0057825726,0.0065429215,0.030551063,0.0057319724
axEX9ABC.png,lontara,2,lontara,1,0.004281046,0.0040989886,0.0023004473,0.0065453695,0.97450703,0.004194145,0.004073052
hCDC3NKM.png,lampung,2,lampung,1,0.008713358,0.005722736,0.009047195,0.95679355,0.008709105,0.0047258185,0.006288266
qexV42Ip.png,sunda,5,sunda,1,0.009560211,0.007618343,0.0085238125,0.010522935,0.010484467,0.008586472,0.9447038
2GTmdVJZ.png,sunda,2,sunda,1,0.012343692,0.010015768,0.014951259,0.008956186,0.0121345315,0.014562189,0.92703635
C0IkdJZp.png,sunda,1,sunda,1,0.009440341,0.0065423273,0.009271321,0.011342832,0.009635941,0.00806687,0.94570035
NV6Hx5tc.png,lampung,1,lampung,1,0.012284261,0.010040819,0.01036461,0.93299234,0.012655654,0.0100261215,0.011636186
wDh3e5Ko.png,sunda,2,sunda,1,0.00742784,0.0043987017,0.007753962,0.008049078,0.0076449383,0.0074205906,0.9573049
GsxM4bFc.png,pegon,2,pegon,1,0.0064587393,0.013861372,0.057453793,0.0063897297,0.008124842,0.90136534,0.0063461983
PzG3Xfvg.png,jawa,1,jawa,1,0.0038796635,0.97468626,0.0043238527,0.0057562124,0.004607214,0.003860766,0.002885938
HMj0rv6L.png,jawi,1,jawi,1,0.0035710689,0.006146198,0.9578219,0.0056290636,0.011382131,0.010882139,0.0045674667
A4HV9PhM.png,jawi,2,jawi,1,0.002569396,0.00245413,0.9785321,0.0023394616,0.003952447,0.005773284,0.0043792343
2T6Pzoym.png,jawa,1,jawa,1,0.006387129,0.959108,0.007670566,0.007972233,0.0063498146,0.0060118833,0.006500396
HTU0Ste7.png,jawi,4,jawi,1,0.0012916964,0.0026790134,0.97736746,0.004570526,0.009689988,0.0022296726,0.002171651
dqaM4zJ8.png,lampung,2,lampung,1,0.00971145,0.008650204,0.008633326,0.94708014,0.008145978,0.009532919,0.008246026
pk6IEVOc.png,lampung,2,lampung,1,0.008376571,0.0050806473,0.009381315,0.9531895,0.0068568173,0.0072210566,0.00989414
2DxpXBMt.png,pegon,2,pegon,1,0.0012876426,0.0008387038,0.00077947095,0.0014252906,0.00067391736,0.99351656,0.0014784537
vUfx6WrH.png,jawi,5,jawi,1,0.006040851,0.007848038,0.95997214,0.005484167,0.006474561,0.0075843274,0.006595816
2G5DR6f6.png,jawa,1,jawa,1,0.0027679557,0.9825776,0.0038242072,0.0028726025,0.0036580039,0.0019042449,0.0023954657
uKObRykM.png,jawi,5,jawi,1,0.0029320652,0.006797313,0.96073556,0.0046353647,0.0072110123,0.009469445,0.008219166
Z03IVOtP.png,jawa,1,jawa,1,0.0068916082,0.9655397,0.004502007,0.006731964,0.0060669924,0.005586447,0.004681346
9TJ0GVpo.png,sunda,3,sunda,1,0.0059157717,0.005042763,0.0052667377,0.005428618,0.0056891423,0.0050847963,0.9675722
gzHX45bu.png,pegon,2,pegon,1,0.011742632,0.007056496,0.0065070996,0.011656941,0.0121746855,0.9396901,0.011172119
ezrWj5OQ.png,lampung,3,lampung,1,0.008374118,0.0075432532,0.006962756,0.9524451,0.009094459,0.007495523,0.008084831
lWQzCo11.png,jawa,2,sunda,0,0.024622504,0.0008458333,0.42633408,0.01022417,7.2044386e-06,0.02970041,0.5082658
1PiZW9m0.png,sunda,4,sunda,1,0.0071226,0.00495783,0.0043454627,0.0050952663,0.008063084,0.0060448716,0.96437085
6ovIbG2x.png,lampung,3,lampung,1,0.009547225,0.0068665417,0.0066552805,0.95081997,0.009371712,0.008731132,0.008008226
KXs4VXyL.png,lampung,4,lampung,1,0.005532602,0.0059472197,0.0037234924,0.9651459,0.005638968,0.006106117,0.007905762
rZWo0AVq.png,sunda,1,sunda,1,0.0034520247,0.0048776525,0.005396433,0.004642939,0.005114233,0.006190063,0.97032666
EzyRlOhR.png,lampung,5,lampung,1,0.0062402077,0.0044379532,0.00652055,0.9667909,0.005368899,0.0052856626,0.005355807
1jY4KABg.png,jawi,5,jawi,1,0.0047159498,0.005889189,0.9641654,0.004879926,0.0048136623,0.0089274775,0.0066084736
rgWX5DS5.png,jawi,3,jawi,1,0.013204184,0.012685947,0.9144536,0.009552504,0.008331842,0.033512894,0.008258934
h0wRGTm0.png,sunda,1,sunda,1,0.003731659,0.006603856,0.0032043497,0.005434837,0.0049605714,0.0031179178,0.9729469
23T6iILy.png,sunda,4,sunda,1,0.0048484397,0.0032854273,0.0045480197,0.004264133,0.0061529903,0.0062437844,0.9706571
C3yekTBn.png,lontara,3,lontara,1,0.009425892,0.0065020826,0.0085593555,0.008922077,0.9486431,0.010085385,0.00786218
1MfzpnrV.png,jawi,4,jawi,1,0.0038525334,0.0037158155,0.9707101,0.0062685646,0.006676111,0.0030357235,0.005741134
oZnMOKxR.png,pegon,1,pegon,1,0.006516008,0.0068722023,0.011853825,0.0070454846,0.0074378825,0.95113915,0.009135359
Fia1jK0X.png,lampung,4,lampung,1,0.004453656,0.004039291,0.0047316416,0.9664293,0.006037105,0.0058285496,0.008480491
e9seSuWU.png,pegon,3,pegon,1,0.009820254,0.006525748,0.0061363624,0.0067890184,0.0065640965,0.9562891,0.007875399
6t4T5ksY.png,jawi,3,jawi,1,0.009867796,0.009002294,0.9520451,0.007097102,0.011914463,0.004781083,0.0052921763
uMOVTeAu.png,jawa,2,jawa,1,0.002177589,0.98003995,0.0029648074,0.0048123575,0.0034108069,0.0036699974,0.002924549
GIcyQMpK.png,jawa,2,jawa,1,0.0029157249,0.9647571,0.0087601775,0.0050231833,0.005097307,0.006424749,0.007021836
GXCLtwWS.png,lampung,3,lampung,1,0.0074905525,0.0054295985,0.0061435346,0.9616235,0.006850263,0.0055855648,0.0068770745
BQ33bnD1.png,sunda,3,sunda,1,0.006142059,0.0055706054,0.0043959664,0.007488752,0.005565168,0.0047392678,0.9660981
AKu7qEnb.png,lampung,3,lampung,1,0.008777713,0.006786204,0.008062753,0.9535618,0.008177735,0.006977731,0.007656058
jMIlbyzj.png,jawa,4,jawa,1,0.0035143783,0.9687468,0.008826522,0.0040767505,0.006833942,0.0047638775,0.003237597
7AyACFiR.png,pegon,3,pegon,1,0.0084491195,0.0074381405,0.005764613,0.0112810545,0.009324963,0.9479266,0.009815517
aG2XPTqX.png,jawi,1,jawi,1,0.006586269,0.007741598,0.93090653,0.0047717895,0.037023377,0.007979546,0.0049910345
KmE3Wlau.png,bali,2,bali,1,0.97379863,0.003804873,0.0037900393,0.003975808,0.0034040115,0.0057791197,0.005447569
UsGI8WVt.png,lampung,1,lampung,1,0.007755774,0.007710462,0.008410594,0.95286447,0.009023251,0.007023885,0.007211548
GxZEdfHi.png,lampung,3,lampung,1,0.009237279,0.008844452,0.006851169,0.95426625,0.007550299,0.0068645626,0.0063859913
Wf7GkTgN.png,jawa,3,jawa,1,0.006836117,0.9605753,0.005985904,0.0067104446,0.0058586723,0.008082493,0.005950933
w9q2mv5g.png,pegon,1,pegon,1,0.005155931,0.003783227,0.007823561,0.0074507277,0.008871753,0.9616623,0.0052524908
UlbU8tco.png,jawa,3,jawa,1,0.005716034,0.96693826,0.0054809754,0.0062289806,0.0051438743,0.00565496,0.0048369444
JY8Uvmvl.png,lampung,3,lampung,1,0.0073372535,0.0066546,0.011645021,0.9563097,0.007362375,0.00489244,0.00579858
cjCtW9vJ.png,bali,5,bali,1,0.97290784,0.0041143014,0.0046168077,0.004290749,0.004191354,0.0036844362,0.0061944188
0yqGos3e.png,pegon,5,jawi,0,0.005802052,0.003550189,0.9457344,0.00861685,0.0034108507,0.028994275,0.0038915118
4igjENk7.png,sunda,1,sunda,1,0.003507766,0.0060786586,0.005398557,0.006499197,0.0074477284,0.00697262,0.9640955
0ETfHMwe.png,jawa,2,jawa,1,0.0035500587,0.97953826,0.004511863,0.004478938,0.0027060222,0.0024256627,0.0027891954
Cd4AarO5.png,bali,4,bali,1,0.9510982,0.0071177934,0.00776411,0.005666493,0.010386714,0.006043743,0.011922971
K7DtvknL.png,pegon,4,pegon,1,0.006270533,0.003434291,0.0049652467,0.0027622269,0.005115362,0.97386384,0.0035885775
0kVLADpM.png,jawi,4,jawi,1,0.002995917,0.0049636094,0.96927387,0.0048344433,0.0063796276,0.0026258754,0.008926704
nWY5zpR4.png,lontara,3,lontara,1,0.009699889,0.006613136,0.006799778,0.008435643,0.9508151,0.0098936185,0.007742873
Axhqeagr.png,jawa,5,jawa,1,0.0027726262,0.97467077,0.0059591727,0.004952404,0.0037934335,0.003991044,0.0038607046
e6bTGEhB.png,jawa,5,jawa,1,0.0,1.0,0.0,0.0,2.9868977e-36,4.5353644e-38,0.0
oIpAiFAH.png,lampung,1,lampung,1,0.006497981,0.0064222775,0.009203981,0.9550139,0.009048022,0.006691167,0.007122711
hXecLNMW.png,lontara,5,lontara,1,0.004963344,0.004270321,0.008312036,0.00648291,0.964501,0.0049779066,0.0064924136
YLbxheGn.png,sunda,5,sunda,1,0.00827318,0.014958864,0.011341274,0.009767246,0.009911374,0.0116499765,0.93409806
uvthEv84.png,jawi,1,jawi,1,0.004213218,0.008989339,0.9665893,0.0061331904,0.0056916946,0.0031679051,0.0052153477
D5zOPOj0.png,lampung,1,lampung,1,0.008313688,0.006805343,0.008105257,0.95298827,0.008269155,0.006745793,0.008772435
ye30tNQg.png,pegon,1,pegon,1,0.004194739,0.005953199,0.0067425654,0.0057447376,0.0071599213,0.9642312,0.005973582
qPce2RGC.png,sunda,4,sunda,1,0.0065799295,0.0066315364,0.0039080083,0.004976501,0.0058924532,0.007311824,0.9646998
rrJCzJsb.png,bali,1,bali,1,0.9660347,0.0035876476,0.004184157,0.00639099,0.007206666,0.006005246,0.0065906434
SK6xvWLW.png,pegon,4,pegon,1,0.00415999,0.0047277166,0.0076104063,0.0036072098,0.0038099731,0.96751547,0.008569153
DgHEX1hQ.png,pegon,5,pegon,1,0.005922048,0.00856619,0.0065647187,0.007118979,0.008355505,0.9559128,0.007559635
w0v3rBXo.png,lontara,3,lontara,1,0.008947219,0.007558265,0.006275207,0.00952194,0.94969195,0.009641239,0.008364193
YEwagQyt.png,jawa,1,jawa,1,0.0073475926,0.9609361,0.008422,0.0051419847,0.007905944,0.0049643526,0.0052819466
4DIcWLzw.png,lontara,3,lontara,1,0.007741551,0.0055272365,0.007005871,0.006439945,0.9609199,0.0065190396,0.005846483
ID4kcQrj.png,jawa,4,jawa,1,0.0030329016,0.97170377,0.0072755525,0.004799464,0.004387065,0.005081635,0.0037196192
OkYLvrnh.png,pegon,5,pegon,1,0.0060745873,0.0031979582,0.0012353332,0.0028834771,0.0039182203,0.9776667,0.00502373
XBk2ktLp.png,jawi,5,jawi,1,0.0039156354,0.0040755947,0.97226274,0.00450247,0.005473611,0.0051696743,0.0046002488
BBpCXJwI.png,pegon,3,pegon,1,0.009366204,0.007835316,0.0031688467,0.0073857987,0.008352876,0.9574804,0.00641063
34Ghu6ka.png,lontara,4,lontara,1,0.0076273535,0.006317126,0.0032454329,0.009299709,0.96353436,0.004444653,0.0055314605
Mso5c7wt.png,lampung,2,lampung,1,0.0060313772,0.007513504,0.0045750067,0.9631581,0.0061864783,0.007017047,0.0055185114
uQxJBuls.png,jawa,4,jawa,1,0.004634627,0.96811664,0.0097613325,0.005373637,0.005833028,0.0033775463,0.0029031092
kNRJJJui.png,bali,2,bali,1,0.9284227,0.006704795,0.011573541,0.013814564,0.012117127,0.010020956,0.017346393
ajCjSP0w.png,pegon,3,pegon,1,0.012142646,0.010513717,0.005548461,0.015953416,0.010175328,0.9331077,0.012558718
QeGjTguT.png,sunda,4,sunda,1,0.0038924676,0.004325432,0.0035285912,0.0027968027,0.0041253413,0.006765104,0.9745662
zZWTYVDs.png,sunda,2,sunda,1,0.008898115,0.007991812,0.008441036,0.008217365,0.009541624,0.010814716,0.9460953
mB6qQ2oy.png,jawi,3,jawi,1,0.008076015,0.006186052,0.96121246,0.005014512,0.008706709,0.0074800425,0.0033241145
b3c0UYlW.png,jawi,2,jawi,1,0.004609021,0.006582804,0.9741167,0.00605253,0.0027414425,0.0011883274,0.0047091143
MfQC2Kr3.png,jawi,4,jawi,1,0.009200147,0.004392777,0.8486387,0.010045353,0.010425133,0.10653124,0.010766572
Ho5VxbCR.png,pegon,1,pegon,1,0.0053989347,0.005489314,0.0059237815,0.0056801797,0.0060909684,0.9655763,0.0058404915
4xS0BQgR.png,jawa,5,jawa,1,0.004908641,0.9594764,0.0059267357,0.009037193,0.0061448016,0.00987707,0.0046292893
bcP1tt6r.png,bali,1,bali,1,0.9634636,0.0044248393,0.010684187,0.0037940172,0.006507635,0.0030485783,0.008077161
iTjRussr.png,jawa,3,jawa,1,0.0054879864,0.96675795,0.0062736007,0.0055526774,0.0064538107,0.0043860995,0.005087965
SyjbN73A.png,pegon,2,pegon,1,0.006238043,0.010441656,0.033920713,0.0059465715,0.007400628,0.9303392,0.00571318
kC9uGruF.png,pegon,3,pegon,1,0.0067700925,0.0043625715,0.0060126306,0.005439922,0.005992115,0.96439326,0.007029478
WIFW8F8N.png,lampung,2,lampung,1,0.008375296,0.007871705,0.0069944058,0.9563074,0.0056642424,0.007018354,0.0077686096
t8RZQZo9.png,bali,1,bali,1,0.9501393,0.0116123315,0.011499482,0.0048230453,0.00877187,0.0054015545,0.0077524967
ZidgBp7D.png,lampung,1,lampung,1,0.0050928975,0.0053634355,0.0040347194,0.9738574,0.0044791307,0.0023811725,0.004791348
xeVyBGKz.png,bali,4,bali,1,0.96160805,0.005180876,0.0069716303,0.0071265106,0.005995266,0.006562045,0.006555639
AKyG3j6t.png,jawa,5,jawa,1,0.32947448,0.5374076,0.06413327,0.0066861482,0.012118881,0.02053454,0.029645069
YXSk9d0A.png,jawi,1,jawi,1,0.002902852,0.0041642385,0.97657645,0.0034404953,0.004562369,0.004882773,0.0034708679
sJp74Uxz.png,bali,1,bali,1,0.959782,0.010505887,0.0048128814,0.0075828256,0.0067278584,0.0049342387,0.005654371
mPQYAKjp.png,jawa,4,jawa,1,0.00616705,0.95639014,0.007153903,0.009096526,0.0071678893,0.0060007046,0.008023737
LuyjB9OG.png,jawa,5,jawa,1,0.01679143,0.8972946,0.012650105,0.013624699,0.018468812,0.01880551,0.02236483
RAtABcAT.png,pegon,2,pegon,1,0.009371941,0.0059021567,0.008087012,0.006920566,0.0065650702,0.9573653,0.005787999
Pol4mIJm.png,jawi,2,jawi,1,0.005565385,0.007125191,0.96236926,0.008383237,0.005441775,0.0025121928,0.008603018
HTMqSPls.png,jawi,2,jawi,1,0.007476589,0.004539211,0.9546893,0.0053537237,0.0045703473,0.017099464,0.006271373
qLsMsCEl.png,lontara,3,lontara,1,0.0068884077,0.0043572113,0.00493014,0.009471824,0.96039057,0.0077052396,0.0062566735
gsORvclG.png,sunda,3,sunda,1,0.0059257047,0.006823776,0.0052014035,0.005408604,0.0045567257,0.004305803,0.967778
0T6WJ7cV.png,pegon,3,pegon,1,0.008089126,0.007924925,0.004906303,0.0072122044,0.006595708,0.9599564,0.00531535
CgjxyJdH.png,sunda,2,sunda,1,0.008742989,0.0052616233,0.016438065,0.010628771,0.008157323,0.0088331,0.9419381
X9M6unC2.png,jawi,3,jawi,1,0.0027149445,0.003927143,0.97798103,0.0034928732,0.0037988904,0.005129468,0.002955691
IpgN4Fqw.png,sunda,2,sunda,1,0.008872294,0.00761114,0.007395001,0.007280353,0.0068928995,0.00747852,0.9544697
CW81QpRG.png,lampung,5,lampung,1,0.004314457,0.0036331373,0.004017591,0.96783096,0.0047570504,0.009409847,0.006037011
MEnFNL0f.png,lontara,3,lontara,1,0.0069096535,0.005750724,0.0060532494,0.008251621,0.96006554,0.0070908014,0.005878481
jEB6CHLY.png,bali,1,bali,1,0.9661944,0.00651971,0.003952474,0.0067777704,0.0061157355,0.0063717915,0.0040679947
TZxJlDL1.png,bali,3,bali,1,0.9437578,0.009848997,0.009834579,0.010422951,0.009365911,0.008632495,0.008137245
aQ1Y7rhp.png,bali,4,bali,1,0.96696174,0.0020223032,0.009600875,0.0063426928,0.0057022353,0.0052969316,0.004073214
BHEgkL1B.png,pegon,2,pegon,1,0.00662454,0.007878368,0.0054598516,0.0054067923,0.0061266976,0.96227145,0.006232302
FtBk0vvy.png,lontara,2,lontara,1,0.0065417243,0.008436734,0.0042922627,0.0059883855,0.9600355,0.0065321485,0.008173171
ZAq2aRdq.png,jawi,5,jawi,1,0.002879414,0.0038220615,0.93067217,0.005731993,0.00453438,0.04827543,0.004084487
xwDtp9uR.png,pegon,3,pegon,1,0.015788829,0.0064915977,0.008773872,0.008591576,0.00806316,0.94296044,0.009330622
qCgD1XIt.png,pegon,2,pegon,1,0.0089692455,0.0048551112,0.0065046186,0.0062584854,0.0044990224,0.963017,0.005896553
kNAeelBi.png,lampung,4,lampung,1,0.004851342,0.003443478,0.0036299406,0.9717126,0.0058318684,0.003886759,0.006643962
Py4YxOFa.png,lontara,3,lontara,1,0.008365524,0.006322341,0.006450187,0.0065999255,0.9572926,0.008086398,0.0068829716
qaGjkqFC.png,jawi,5,jawi,1,0.0028007657,0.0052019493,0.964577,0.0042498554,0.010549354,0.002191915,0.010428996
biQSIzZf.png,bali,2,bali,1,0.96886706,0.0067124194,0.003975035,0.004697479,0.003932563,0.005780819,0.0060346276
oo9uroIk.png,lontara,4,lontara,1,0.0046887733,0.0062055527,0.007007818,0.0067492323,0.9586092,0.008837111,0.007902219
QJpKruCo.png,lampung,4,lampung,1,0.008949466,0.009596689,0.0063523226,0.94645816,0.008220516,0.006339927,0.014082924
iOZbfNcT.png,bali,5,bali,1,0.9555536,0.0069175954,0.0064353263,0.006897358,0.00763468,0.00784249,0.008719077
sMZ3LgWZ.png,lampung,3,lampung,1,0.006693729,0.005527662,0.00856141,0.9600558,0.0067891874,0.005326293,0.0070458637
qRSNxJfq.png,sunda,1,sunda,1,0.004809584,0.0038364073,0.006437334,0.0053759683,0.005933246,0.0027032066,0.9709042
Ufoqua7X.png,lampung,2,lampung,1,0.0081673935,0.009155983,0.005395682,0.95655036,0.0075388653,0.005671217,0.0075204833
Eqwx3IHd.png,lampung,5,lampung,1,0.005308117,0.004562496,0.004854381,0.970898,0.0057478556,0.003691215,0.004938054
sh6HcrYm.png,jawi,5,jawi,1,0.0066230646,0.008270757,0.9434492,0.008500032,0.010015485,0.012259251,0.010882328
3scxWpVY.png,lontara,5,lontara,1,0.007403665,0.006419865,0.009660917,0.006308002,0.955588,0.0078121964,0.0068072686
wVNoWzzC.png,jawa,2,jawa,1,0.0043742964,0.9826927,0.0026030992,0.0028785556,0.0027927177,0.0027280245,0.0019306847
xqoS2z2l.png,bali,2,bali,1,0.97606534,0.0033886905,0.003575677,0.004075583,0.0031740675,0.0049813325,0.004739316
QYOcZ4pZ.png,lontara,2,lontara,1,0.0060505522,0.0062731733,0.006251769,0.00615785,0.96245325,0.005872993,0.0069403807
ojEKDjFZ.png,pegon,3,pegon,1,0.006044687,0.005634268,0.005107564,0.005711828,0.0065678568,0.9629298,0.008004
6s9qPemT.png,lampung,2,lampung,1,0.006380485,0.0066055623,0.005124361,0.9613906,0.0066378945,0.006634654,0.007226507
cEViaCWK.png,lontara,2,lontara,1,0.00503553,0.002720447,0.0050552385,0.005295258,0.97423786,0.0044092573,0.0032464236
pJKpoc9p.png,sunda,1,sunda,1,0.0033551906,0.0026776048,0.005098598,0.0037963642,0.00438669,0.0057381094,0.97494745
FXMnHRjk.png,lampung,5,lampung,1,0.0076999078,0.004553143,0.0068853223,0.96042913,0.0056059333,0.0067885118,0.008037974
RpDaRKgl.png,lontara,2,lontara,1,0.004994795,0.0050290558,0.004532295,0.0049972343,0.969192,0.0050536725,0.006200965
bInPjyOs.png,jawi,3,jawi,1,0.0054457095,0.0068974798,0.9476713,0.005181131,0.0075017815,0.01921502,0.00808763
2sDpVpnd.png,pegon,1,pegon,1,0.003465695,0.0033623485,0.005950293,0.005136993,0.004885027,0.9732184,0.003981207
FjF43BaC.png,jawa,4,jawa,1,0.0015981509,0.98215175,0.0041533927,0.0017246417,0.0039208494,0.004000134,0.00245121
RK50IyNT.png,jawi,2,jawi,1,0.00735304,0.0049535,0.9607098,0.0061949044,0.005684764,0.0076496857,0.00745426
enk34B1E.png,pegon,2,pegon,1,0.013989827,0.01543249,0.0070551657,0.021562325,0.012412469,0.91685337,0.0126944175
4FF2JARU.png,jawa,5,jawa,1,0.005135472,0.9634752,0.0050165094,0.0058821,0.0060039754,0.008051665,0.006435038
02qV7tl8.png,sunda,2,sunda,1,0.010732231,0.00965089,0.0056265662,0.0069818897,0.0074576302,0.0077471393,0.9518036
mktAKEwW.png,lampung,5,lampung,1,0.005753261,0.002581827,0.0049547805,0.97181106,0.004166236,0.005054972,0.00567791
MSrLzdrf.png,lampung,5,lampung,1,0.005084844,0.0049767643,0.004071845,0.9704202,0.006352958,0.004957362,0.0041359677
ndN6TouG.png,lontara,4,lontara,1,0.0074281255,0.009371708,0.005841801,0.009061222,0.9494277,0.010039657,0.008829735
gASYrxoX.png,lampung,2,lampung,1,0.007309081,0.007589117,0.007738799,0.9540343,0.0075817094,0.0070290747,0.0087179765
jkZZMYYt.png,jawi,3,jawi,1,0.008315871,0.008259218,0.95044976,0.0088306125,0.0075753843,0.0068705752,0.009698531
qGcnVLcm.png,lontara,2,lontara,1,0.005956806,0.005692356,0.008035352,0.008217875,0.95824236,0.006606473,0.007248709
yitDFeVv.png,sunda,1,sunda,1,0.0053534475,0.0059286207,0.006363588,0.0063884943,0.0061019002,0.0039705825,0.96589327
titiXf54.png,lampung,5,lampung,1,0.004450927,0.0031438752,0.005692822,0.9696173,0.004632754,0.006571623,0.0058907648
AvlaBzV7.png,jawi,4,jawi,1,0.0032018144,0.0035544836,0.9740777,0.0067898347,0.0034891393,0.0033358692,0.0055511803
JOtIrNkY.png,lampung,2,lampung,1,0.008322034,0.010438168,0.0067856163,0.95347923,0.0063869585,0.007894548,0.0066934754
j64aPx62.png,pegon,1,pegon,1,0.005681755,0.005485476,0.0068904147,0.0056568417,0.007019458,0.9625485,0.0067176656
fqNBDqhL.png,lampung,5,lampung,1,0.0076920395,0.008204143,0.007532221,0.95291144,0.008402799,0.009456752,0.0058005895
UpYYiOZ6.png,sunda,5,sunda,1,0.008442697,0.005825286,0.007472514,0.0076124594,0.007888695,0.008123228,0.95463514
qlUG4Jrg.png,lontara,5,lontara,1,0.0075694826,0.005465421,0.006835119,0.0063772565,0.954824,0.008737982,0.010190827
Y9uCrh5w.png,pegon,2,pegon,1,0.005257718,0.0040887212,0.009175913,0.005163583,0.005618717,0.96591514,0.0047801994
VOLBjEeo.png,jawi,2,jawi,1,0.0056245327,0.0050516557,0.97117347,0.0066532576,0.0037139605,0.0030282876,0.0047548693
h21onedu.png,jawa,2,jawa,1,0.003504965,0.9727792,0.0030067516,0.0046342644,0.004370528,0.006294208,0.005410073
IE61mkGW.png,sunda,5,sunda,1,0.0093100695,0.01141808,0.005406703,0.0105239665,0.010105984,0.012351917,0.94088334
Osuo0pom.png,sunda,4,sunda,1,0.0030626308,0.002649192,0.0027736193,0.002613219,0.0036672791,0.0044844765,0.98074955
4Hl13bZr.png,lampung,2,lampung,1,0.0043725898,0.004168282,0.005532872,0.9675523,0.00605298,0.0075884317,0.004732516
aCgUxoVU.png,pegon,1,pegon,1,0.0047485526,0.005699948,0.0058866297,0.0043617743,0.0052948077,0.9679909,0.006017406
WLtVLNFr.png,pegon,4,pegon,1,0.00827314,0.009710137,0.011176298,0.0069871224,0.005415071,0.94695204,0.011486118
EeINILuQ.png,pegon,2,pegon,1,0.005851518,0.003964171,0.00137065,0.0062243473,0.0043135853,0.9742727,0.004003073
RluBIiB9.png,sunda,1,sunda,1,0.008191878,0.008120194,0.010863078,0.008887858,0.008572448,0.0071241804,0.94824034
nT4atQga.png,jawa,3,jawa,1,0.0073899087,0.96082395,0.0043337103,0.0071068057,0.007617048,0.006361175,0.0063673896
ySybxgAu.png,bali,1,bali,1,0.95754945,0.010702538,0.005718874,0.0051338803,0.008522398,0.0058544925,0.006518415
tNpc1gKh.png,jawi,5,jawi,1,0.004094122,0.010713089,0.83458537,0.0045406395,0.00903014,0.132438,0.004598652
H0utL44l.png,lampung,5,lampung,1,0.006755693,0.0069395774,0.009925935,0.95578593,0.0070902836,0.006002773,0.007499811
jUXXw4cF.png,jawi,5,jawi,1,0.0058652447,0.010006391,0.935714,0.006757451,0.009464614,0.024045141,0.008147064
KLwhf7Do.png,jawi,4,jawi,1,0.0040414752,0.0069558183,0.95475376,0.009498196,0.010275015,0.0048701908,0.009605467
IyQpvk3H.png,bali,4,bali,1,0.9782833,0.0024201905,0.0052348096,0.004720029,0.0025141432,0.0030534377,0.003774176
77qjeksi.png,lampung,4,lampung,1,0.008964479,0.007298753,0.0046461704,0.95268625,0.007501083,0.007930463,0.010972789
UlIFRgag.png,jawa,4,jawa,1,0.009835031,0.9535285,0.005941991,0.0069231875,0.008670913,0.007607348,0.0074930657
7OtAaulf.png,jawa,5,jawa,1,0.007880379,0.92428863,0.026786197,0.009961732,0.010439806,0.01151076,0.009132476
XjiKh5tf.png,jawa,4,jawa,1,0.0018273699,0.9785588,0.0030423896,0.006178895,0.006086071,0.0020346008,0.0022719789
MWX7EosX.png,pegon,5,pegon,1,0.0075681126,0.007088785,0.008978584,0.0073567876,0.0068740416,0.95558393,0.0065496555
fn4GBxFC.png,jawa,4,jawa,1,0.0030396637,0.9700735,0.0125071155,0.004784398,0.004538633,0.0021787235,0.0028778955
K1ZQIPH5.png,jawa,3,jawi,0,0.001317315,0.104341164,0.338652,0.2158787,0.014190159,0.21263562,0.11298508
K6iwEcDq.png,lampung,5,lampung,1,0.006445154,0.00427666,0.004601648,0.9659327,0.006004612,0.006907892,0.0058312467
K69kKyy7.png,sunda,4,sunda,1,0.007925326,0.0040468727,0.0060013672,0.0064009116,0.007861732,0.0061167465,0.9616471
36447OZJ.png,jawi,4,jawi,1,0.004249402,0.0031857647,0.9777508,0.004251478,0.0048458665,0.0017169137,0.0039997483
SajIieuj.png,lampung,4,lampung,1,0.0033717963,0.007982584,0.010626968,0.95801145,0.006699073,0.0065630884,0.006745024
EbuUh5Gl.png,pegon,5,pegon,1,0.007115029,0.007149855,0.0060650413,0.0074637714,0.008322374,0.9567829,0.0071011456
bbYDUDN4.png,lontara,3,lontara,1,0.010866738,0.0051739747,0.006099409,0.0072644786,0.95705026,0.007676566,0.005868609
GyLie6rx.png,jawi,3,jawi,1,0.0063459994,0.0049398565,0.9646356,0.0048775403,0.0069493274,0.0058776936,0.0063739484
lYyzB0N4.png,lontara,3,lontara,1,0.0059465636,0.008235855,0.007928083,0.0039593317,0.9659823,0.0036014935,0.004346352
EbbRaaI8.png,jawi,4,jawi,1,0.0008824449,0.0055663413,0.9753083,0.007656735,0.005068212,0.0029794478,0.0025385213
c0HK8Elo.png,lontara,1,lontara,1,0.008675318,0.007181564,0.0081576705,0.009830424,0.9475137,0.010282094,0.008359283
AEAmXsnU.png,lampung,3,lampung,1,0.009363496,0.007109472,0.008860852,0.9495225,0.008508924,0.008159014,0.008475751
EQxiCrz7.png,jawi,3,jawi,1,0.003893695,0.0050783358,0.9734466,0.0037045209,0.004692109,0.0047940062,0.004390644
GZ0OGFej.png,jawa,1,jawa,1,0.0062705395,0.960172,0.0075859064,0.008778348,0.007754433,0.004512092,0.0049266117
id1IvanI.png,pegon,2,pegon,1,0.009333426,0.008906017,0.0056472053,0.008112982,0.006966561,0.95343095,0.0076028574
rsN8Faxv.png,bali,3,bali,1,0.9623541,0.0040301215,0.0069872667,0.00650967,0.007093836,0.0057983077,0.007226689
EoOITFsC.png,jawi,5,jawi,1,0.0038669386,0.0050237766,0.9629884,0.005601692,0.0065875268,0.009596503,0.006335163
3g0vAgB8.png,bali,1,bali,1,0.8740086,0.08097852,0.0062382985,0.010081357,0.01238213,0.007725871,0.00858523
niTqA3KA.png,jawi,5,jawi,1,0.0052817236,0.005556863,0.95668215,0.007726249,0.009046142,0.0069732717,0.008733639
Wjy5LN2E.png,jawi,3,jawi,1,0.0038387089,0.003670083,0.97291064,0.0057964483,0.004269861,0.004955545,0.004558579
QNb5pPkK.png,sunda,5,sunda,1,0.006189127,0.01027414,0.0077100196,0.007623916,0.0069926837,0.008865515,0.95234454
jmxX8HMw.png,jawi,2,jawi,1,0.007743874,0.004683157,0.7515197,0.01067806,0.009295397,0.20909749,0.006982357
EQP7zrcJ.png,lontara,5,lontara,1,0.006694349,0.0045141676,0.006863147,0.0057231854,0.9653157,0.004470299,0.0064190594
rkj86slB.png,pegon,3,pegon,1,0.008249125,0.003337834,0.006567149,0.016582526,0.005276853,0.954867,0.0051194984
oX8t4Zyy.png,lampung,1,lampung,1,0.008695263,0.009475562,0.0075804414,0.950156,0.008814961,0.0077526327,0.0075251237
DwJej7bu.png,pegon,1,pegon,1,0.0076207924,0.009484231,0.009900637,0.0077408026,0.01002713,0.9473175,0.007908908
uoCPA1IS.png,jawi,1,jawi,1,0.0025935816,0.0022205755,0.948976,0.003349795,0.0028125583,0.0370301,0.0030174346
O0uOyG4U.png,lampung,2,lampung,1,0.0062049865,0.0076546567,0.006935695,0.96556795,0.004119308,0.0045241746,0.0049931556
PS7oATYv.png,lampung,1,lampung,1,0.005046196,0.0075162854,0.008600649,0.9569506,0.0105325915,0.0057460773,0.005607491
vw155Kwq.png,jawi,1,jawi,1,0.003035593,0.0033930691,0.84498006,0.005098577,0.009089196,0.13008906,0.0043144478
FsUBnSvQ.png,sunda,4,sunda,1,0.00821171,0.007990212,0.004484292,0.007317924,0.007218555,0.009588749,0.9551885
lC4IAj5L.png,lontara,4,lontara,1,0.0050064824,0.0076116417,0.007671341,0.008458295,0.9568659,0.007291506,0.00709483
F2z8o4Kl.png,jawi,2,jawi,1,0.0017325572,0.0020275437,0.98569643,0.0022289967,0.0034828142,0.0020494412,0.0027821702
lUxTv9XY.png,pegon,5,pegon,1,0.0055999793,0.008128054,0.0059408075,0.007554016,0.006831153,0.9584727,0.007473304
KnFloBeJ.png,jawa,2,jawa,1,0.0057406565,0.9749042,0.003839069,0.003226512,0.004796498,0.0024071247,0.00508594
uYQZ29qC.png,pegon,2,pegon,1,0.0028019117,0.0021588155,0.0010531505,0.003141058,0.0027263346,0.9840041,0.0041147545
mCqvPc97.png,lampung,1,lampung,1,0.008551957,0.0076397667,0.009512487,0.9478231,0.0099156005,0.007967409,0.008589621
XsfSqy50.png,jawi,5,jawi,1,0.0036494478,0.0048583974,0.96178854,0.0025802755,0.005409359,0.017941296,0.003772655
0QSWPyFN.png,lontara,3,lontara,1,0.0067701335,0.004912191,0.005667717,0.009110211,0.95923316,0.007143707,0.0071629174
GitODCpS.png,pegon,1,pegon,1,0.004076128,0.00205261,0.0011706847,0.0044008936,0.003338229,0.9824119,0.0025495302
DcnNqZAB.png,pegon,3,pegon,1,0.005399728,0.005310824,0.0036822949,0.0040998813,0.0043008365,0.97234243,0.004863978
daESi0VB.png,pegon,3,pegon,1,0.0061743897,0.0070513743,0.0053096777,0.006016653,0.0065119094,0.9617455,0.0071904506
gvKLbHmW.png,jawi,1,jawi,1,0.005970874,0.005647592,0.9623833,0.007685494,0.0058154957,0.0072022486,0.0052950694
qtc2AB3Y.png,jawi,2,jawi,1,0.0025229806,0.0040199175,0.98460233,0.00259292,0.0024405853,0.0008484002,0.0029727975
PI0eRyZg.png,sunda,4,sunda,1,0.0046145534,0.0029160522,0.0060126376,0.0048691826,0.004714767,0.0072845677,0.96958816
B1yijhN9.png,sunda,4,sunda,1,0.009612134,0.0043793195,0.010147479,0.008781912,0.0094032325,0.010157394,0.9475185
z9U73FKq.png,lontara,3,lontara,1,0.008796051,0.004647658,0.003965659,0.007367341,0.9609347,0.008271199,0.006017454
i6o1rUti.png,pegon,4,pegon,1,0.0072208326,0.006482201,0.0058504646,0.0042221695,0.007050119,0.9639247,0.0052494463
NhmyLviu.png,sunda,4,sunda,1,0.0033733244,0.003826212,0.0054487754,0.004559296,0.0054116547,0.00479212,0.9725886
n9CrPQkK.png,sunda,1,sunda,1,0.008058788,0.00551174,0.0066225072,0.007063405,0.008169724,0.008217733,0.9563561
NufCsFkJ.png,pegon,1,pegon,1,0.0051061837,0.007267989,0.0021972149,0.007897037,0.0062227147,0.9669093,0.0043996572
H7EwPJvu.png,jawa,2,jawa,1,0.004264827,0.974139,0.0038567143,0.005441496,0.0046384768,0.004200758,0.0034588254
sA7aQbuA.png,sunda,4,sunda,1,0.0033221506,0.0031056702,0.005461277,0.003387674,0.004812505,0.0060421317,0.9738686
o28cm4o0.png,pegon,2,pegon,1,0.007829224,0.0058153453,0.0012285231,0.0048636505,0.0036178895,0.97227705,0.004368271
oDjud9b6.png,lampung,4,lampung,1,0.0066921706,0.004013677,0.0029537252,0.9621785,0.008459697,0.0075943395,0.00810785
xlVcTL0G.png,pegon,5,pegon,1,0.008782327,0.009150028,0.00716093,0.008812396,0.008491367,0.9503434,0.007259505
zYZ1WFgP.png,jawa,4,jawa,1,0.0048062964,0.94961786,0.02267349,0.0051614414,0.009761274,0.003884663,0.004095016
EQTwRXHM.png,pegon,2,pegon,1,0.007578666,0.0056018177,0.010203191,0.007053753,0.0050608204,0.9531858,0.011315983
NdZyUwtb.png,lampung,3,lampung,1,0.0069169994,0.0071296026,0.010619511,0.9374484,0.011476824,0.017954476,0.008454219
im2D0ANs.png,jawa,2,jawa,1,0.00579712,0.9588739,0.007137546,0.0070750886,0.006533809,0.00783141,0.0067510963
h7HwLEx7.png,lontara,4,lontara,1,0.009481866,0.0075891903,0.016747162,0.011543916,0.93376505,0.0082621565,0.012610596
aSRRJPmo.png,lontara,2,lontara,1,0.009875195,0.012377202,0.00735297,0.009358783,0.93707234,0.010636005,0.013327518
ADAom9mJ.png,lontara,1,lontara,1,0.008859287,0.0068225674,0.0070219743,0.0073697534,0.9540017,0.008197503,0.007727207
Db6ZeyKp.png,bali,5,bali,1,0.9596645,0.009685564,0.005329324,0.0074098804,0.007312832,0.004852405,0.0057455157
T8BGnCHN.png,jawa,5,jawa,1,0.0046629803,0.9589382,0.006271662,0.0053461334,0.01049793,0.0058601215,0.008422977
DQv7n1Bf.png,pegon,1,pegon,1,0.0089464,0.009682817,0.004485373,0.008416686,0.009734965,0.9526238,0.006109859
qniGAf3V.png,sunda,2,sunda,1,0.004987431,0.004712791,0.024786882,0.007642148,0.0058308975,0.005309093,0.94673073
ysGnFqst.png,pegon,2,pegon,1,0.005563905,0.0030547292,0.0046624565,0.013092156,0.007043746,0.96258324,0.003999711
eTXJwT6K.png,lampung,2,lampung,1,0.004850575,0.0075017195,0.0052191745,0.96211714,0.004761404,0.008736207,0.006813738
UeVNY2Bf.png,bali,4,bali,1,0.7734611,0.18917497,0.0042039794,0.0072567356,0.008001158,0.008079677,0.00982239
PFR2LDKO.png,sunda,4,sunda,1,0.0030372555,0.002372357,0.00404538,0.0035061166,0.0041130995,0.0050641424,0.9778618
6mLt9FDu.png,jawi,3,jawi,1,0.004085161,0.007855153,0.9454841,0.0056938827,0.005572858,0.024540624,0.0067682588
khr6z7Du.png,sunda,3,sunda,1,0.0056212316,0.0055071265,0.005058561,0.006072068,0.0044925916,0.0050118477,0.9682367
FWFjTsEd.png,jawa,2,jawa,1,0.008179036,0.96166307,0.007016426,0.0053404225,0.0038995128,0.0037795375,0.010121978
ECmWewHc.png,jawi,4,jawi,1,0.00447804,0.0046473397,0.97267,0.005417396,0.006505973,0.0021111493,0.0041699186
p1yXHAO9.png,lampung,3,lampung,1,0.005773673,0.0057906127,0.006297939,0.95686275,0.008425292,0.006478849,0.0103708785
IneJtpWX.png,lampung,4,lampung,1,0.008670285,0.008845611,0.0057251155,0.9478893,0.011681396,0.008220896,0.008967377
Vp5mBHzS.png,jawi,3,jawi,1,0.0020094977,0.0025278695,0.97596973,0.0014083459,0.00203915,0.0137257185,0.0023197036
Cit3e0ZH.png,lontara,3,lontara,1,0.0076867677,0.0064602774,0.0060747988,0.006270694,0.96066463,0.0065812645,0.006261515
fh3uPnH6.png,sunda,5,sunda,1,0.009493182,0.008609941,0.009861713,0.010533681,0.012147895,0.010815118,0.9385385
vf2HEIyC.png,lontara,3,lontara,1,0.0071168602,0.0051562055,0.004159344,0.007540798,0.9654776,0.0052630403,0.0052862195
LSqbBLvA.png,lampung,1,lampung,1,0.008417502,0.0072492575,0.0059369295,0.9527162,0.009454814,0.008825775,0.007399459
QbWY9V0R.png,jawi,3,jawi,1,0.004335103,0.0057543064,0.968671,0.00493636,0.0056155217,0.0056045647,0.005083119
ozibWJ0M.png,pegon,1,pegon,1,0.006324085,0.009472738,0.005093966,0.0035613747,0.0054172063,0.96459574,0.005534851
Qg45ZQPS.png,lontara,5,lontara,1,0.0045548384,0.005294035,0.009703997,0.0065372605,0.9607869,0.0069486913,0.006174262
3NWiGhoX.png,jawi,2,jawi,1,0.0007787073,0.0013773929,0.99351305,0.0014252856,0.00071179616,0.0004645335,0.0017293257
FE6LbYOo.png,jawa,3,jawa,1,0.037903983,0.67186415,0.034918785,0.045687456,0.051355246,0.12716754,0.031102939
u078a3W0.png,jawi,1,jawi,1,0.008038164,0.004265911,0.9743866,0.003086153,0.0035244974,0.003266,0.0034327805
VotL8Yq5.png,sunda,5,sunda,1,0.007798006,0.007994632,0.005209833,0.010524151,0.010773724,0.008493637,0.949206
kftFuQq9.png,lampung,3,lampung,1,0.009845303,0.008323025,0.00974011,0.9475589,0.008282484,0.007519226,0.008730978
6mTmsrHU.png,jawi,3,jawi,1,0.007496298,0.0047905985,0.9492933,0.0068689194,0.0082855,0.014094109,0.009171212
vaqKJeRz.png,jawi,5,jawi,1,0.009728523,0.0070967185,0.9186578,0.0073866295,0.010421905,0.019008037,0.027700458
k6NcQ6Kj.png,lontara,3,lontara,1,0.010809268,0.00911121,0.01552141,0.0075093294,0.92393905,0.020637967,0.012471803
C9yQl4fH.png,jawa,1,jawa,1,0.0076664314,0.961873,0.0064589353,0.0061301445,0.007333241,0.00543366,0.005104451
gpFB2Qug.png,bali,2,bali,1,0.9717227,0.0054785903,0.004033746,0.0038943982,0.004093269,0.005116591,0.0056607854
3necbyp7.png,pegon,3,pegon,1,0.0070517245,0.0054651387,0.0031109024,0.004990665,0.007113976,0.9660293,0.006238337
GHXmn67S.png,lontara,2,lontara,1,0.0076181493,0.00762187,0.004933078,0.008383258,0.95301914,0.008985144,0.009439368
xDHco9Oq.png,lampung,5,lampung,1,0.0064902096,0.005644301,0.0064680637,0.9618225,0.0070210164,0.006327493,0.006226354
q7k5dP8R.png,lampung,2,lampung,1,0.009610888,0.009448034,0.009278876,0.95156825,0.005489504,0.0075695002,0.00703491
t9UPPpWZ.png,pegon,5,pegon,1,0.0069857067,0.008095652,0.0062558344,0.008147203,0.007831264,0.9546518,0.008032651
niRPi8kB.png,sunda,3,sunda,1,0.009172399,0.0063102506,0.007941927,0.007645138,0.010985967,0.0076004737,0.95034385
j1jL21k2.png,pegon,3,pegon,1,0.008161122,0.0057842764,0.0043662013,0.0062481896,0.006309506,0.9595567,0.009573985
BIgOWiYK.png,pegon,4,pegon,1,0.0015613043,0.00086223416,0.0010878394,0.0022342822,0.002268359,0.9909327,0.0010533408
HVqjDdC1.png,lontara,1,lontara,1,0.010065167,0.007969983,0.0069719376,0.010904319,0.9407509,0.012993534,0.010344185
8ePMBLJc.png,jawi,5,jawi,1,0.0029522458,0.0063762856,0.9730328,0.0052938755,0.003261462,0.00593755,0.0031457196
iZMgMYvK.png,lontara,4,lontara,1,0.005904149,0.0069635846,0.006248215,0.009729544,0.9530236,0.009825025,0.008305881
i2Id6uBU.png,pegon,2,pegon,1,0.008144697,0.011396479,0.35418805,0.003973286,0.0044760196,0.6072195,0.010601959
DYPJP7vB.png,lampung,2,lampung,1,0.009174827,0.0045318995,0.007227824,0.96156585,0.0048572724,0.0060804975,0.006561757
HpKembd2.png,lontara,1,lontara,1,0.006106614,0.005215619,0.0072730607,0.009229995,0.9539794,0.010254156,0.007941228
8Lt99Kmk.png,lontara,2,lontara,1,0.006445113,0.0044123875,0.005718424,0.0082918685,0.96122164,0.006979044,0.006931499
RA7amfiN.png,pegon,3,pegon,1,0.005949424,0.004442877,0.005393259,0.0056053647,0.005276047,0.96691895,0.0064140423
ZP5jwO68.png,lontara,5,lontara,1,0.0020763637,0.0022626927,0.004530769,0.00248751,0.9783735,0.0050618467,0.005207249
6T9fE2w5.png,jawi,4,jawi,1,0.0034077205,0.0017696295,0.97105914,0.0014974715,0.0072813844,0.011553529,0.0034310953
9cIOMiyV.png,pegon,1,pegon,1,0.0030858838,0.0069135185,0.004246835,0.009257841,0.0050137774,0.96766406,0.003818008
iMqqhdLX.png,lampung,5,lampung,1,0.06616647,0.064256124,0.06913902,0.7137922,0.011684781,0.0629057,0.012055695
hL7dWS2v.png,sunda,2,sunda,1,0.008997889,0.0072884923,0.0054295873,0.005796723,0.005285714,0.0055801007,0.9616215
CytqtqNa.png,lampung,2,lampung,1,0.0060682762,0.005936395,0.006846106,0.96338916,0.006703864,0.0052260747,0.005830108
MKvVlAPI.png,jawa,3,jawa,1,0.007655105,0.9543747,0.006818572,0.008914832,0.0060468228,0.01072712,0.005462849
KaJX1CaJ.png,bali,5,bali,1,0.960955,0.005489782,0.0080188485,0.0053730956,0.0071147205,0.0062695276,0.006778976
THKOEWlU.png,sunda,2,sunda,1,0.008762009,0.006620374,0.0076685273,0.007249788,0.005242264,0.004667122,0.95978993
76bpCV3M.png,sunda,4,sunda,1,0.0034472102,0.0021467013,0.003105184,0.0030660122,0.0035827814,0.0032990018,0.98135316
ygHC2ZR7.png,bali,5,bali,1,0.9635711,0.005856891,0.008091881,0.0052321693,0.0048106955,0.007346187,0.0050910404
2reUMd07.png,jawi,4,jawi,1,0.009631973,0.0022304368,0.957856,0.004721835,0.013841024,0.0031392828,0.0085794125
RRPXgg0Q.png,jawa,4,jawa,1,0.0027794146,0.97992367,0.004347087,0.0027902927,0.0041642543,0.0031803967,0.002814925
vmpyHuCK.png,lampung,2,lampung,1,0.008852559,0.010982277,0.008111674,0.95188195,0.0059491345,0.007253527,0.0069688405
wtv3YKZB.png,jawi,2,jawi,1,0.0030306634,0.0024280825,0.9795584,0.0077826492,0.0024519104,0.0009002474,0.0038479907
6DZmakIy.png,jawa,4,jawa,1,0.0022819373,0.9818886,0.0026316284,0.0024008094,0.0025681574,0.002114573,0.0061142393
6aJKT0P7.png,lampung,4,lampung,1,0.014573832,0.0071427138,0.01306071,0.9327742,0.0116789965,0.009388921,0.011380633
J5TVh8iT.png,jawi,2,jawi,1,0.0012300868,0.0011795021,0.9936853,0.0013722609,0.001091927,0.00014421213,0.0012966954
KsF4Awut.png,pegon,2,pegon,1,0.00732742,0.007773383,0.004831319,0.008364092,0.0066847354,0.9573625,0.007656606
zdJdGufU.png,jawi,1,jawi,1,0.0040903543,0.0065844175,0.9615943,0.0057234354,0.004694197,0.014210668,0.0031026744
9bVjvl0u.png,bali,2,bali,1,0.9883475,0.0014027256,0.0012859568,0.0040638787,0.0013958929,0.002181087,0.0013228961
k3u8F2BM.png,bali,5,bali,1,0.9546245,0.009483009,0.008182852,0.005902527,0.008210868,0.006357271,0.007238993
wPRaNdDu.png,pegon,2,pegon,1,0.007882851,0.0058067767,0.00736199,0.015642513,0.006554287,0.94558054,0.011171015
Bjz5XUB3.png,jawi,2,jawi,1,0.0061649927,0.0061259833,0.974452,0.0040018554,0.0031410921,0.0027964748,0.0033176546
A4Ns0v3p.png,bali,2,bali,1,0.9617841,0.00839452,0.0045953277,0.0054570865,0.004151532,0.008220105,0.0073972936
Uk3ZI18h.png,pegon,1,pegon,1,0.0062735905,0.0065714563,0.007479231,0.0044508143,0.005864786,0.96392816,0.005431992
WTIgHMer.png,lontara,1,lontara,1,0.005460142,0.0049690893,0.0057755136,0.006768765,0.9618529,0.009037486,0.006136006
DKqaspYL.png,bali,5,bali,1,0.95300186,0.008452982,0.006334082,0.008196911,0.008180917,0.0071077044,0.008725567
fqcYkupj.png,lampung,5,lampung,1,0.005546415,0.0059214504,0.006124351,0.96566767,0.005592646,0.00552749,0.005620021
v7lLWHZx.png,lampung,1,lampung,1,0.008579296,0.0061673783,0.005951416,0.95971566,0.0070399283,0.0057430174,0.006803372
wWE5eSMG.png,bali,3,bali,1,0.9497174,0.008729529,0.0073617757,0.008879997,0.008317582,0.0075547774,0.0094388705
Oir6olYX.png,jawi,5,jawi,1,0.003896066,0.0046607046,0.9730886,0.0032362673,0.0065726466,0.0032489335,0.005296765
aNwNduC1.png,pegon,4,jawi,0,0.030264588,0.0029386405,0.78206,0.016199468,0.010206903,0.14795266,0.010377768
uvnNnobA.png,jawi,1,jawi,1,0.00570636,0.013723143,0.952194,0.007887756,0.007686248,0.00903453,0.0037679917
aa4YBQI1.png,sunda,5,sunda,1,0.010071078,0.009350679,0.005002615,0.009071844,0.010002467,0.0105905365,0.94591075
dPiJAaut.png,lampung,2,lampung,1,0.005857959,0.005299983,0.0075992933,0.96515954,0.0048327637,0.005872278,0.005378191
m0mhKhmH.png,sunda,5,sunda,1,0.0071236347,0.0039129714,0.0057660793,0.006630238,0.0057128323,0.0068140356,0.96404016
PzaDnQo3.png,lampung,3,lampung,1,0.0062422953,0.006677414,0.005037916,0.96005684,0.0077762525,0.008003533,0.0062058265
ejubNquD.png,lampung,3,lampung,1,0.0071558026,0.0061988817,0.0066895112,0.95851433,0.0074335947,0.006949201,0.007058635
4sR8YfcS.png,sunda,3,sunda,1,0.008892301,0.007404444,0.023938335,0.00921948,0.010002765,0.008814489,0.9317283
KMcrrFqD.png,bali,2,bali,1,0.9708326,0.0056583625,0.0041498654,0.0045002396,0.0031756037,0.006220567,0.005462892
QevzLRx9.png,sunda,4,sunda,1,0.005309558,0.006591739,0.0050812806,0.009661429,0.009309469,0.005136159,0.95891047
0JyyDIqD.png,pegon,1,pegon,1,0.008395926,0.0059827445,0.0077877445,0.005147385,0.009537086,0.9553919,0.007757383
drCAE5LH.png,sunda,5,sunda,1,0.011785232,0.00892206,0.008501028,0.01344602,0.013988478,0.013064186,0.93029296
q6CMZbc4.png,jawi,4,jawi,1,0.00754539,0.009312765,0.9541116,0.013297649,0.006913904,0.0035921442,0.0052265394
XDfhsgSy.png,lampung,4,lampung,1,0.0051235496,0.0066336035,0.006604516,0.9687774,0.0034297253,0.0049272687,0.0045038885
SAE8HIJO.png,jawi,3,jawi,1,0.006517886,0.009018311,0.96262825,0.0038092819,0.0037137794,0.010124719,0.0041877655
WdqvNonA.png,jawi,5,jawi,1,0.0031800608,0.0070518292,0.9432045,0.0029468255,0.004342385,0.034005735,0.0052686976
7jOxSLBB.png,jawa,4,jawa,1,0.0031704467,0.9845196,0.001215175,0.002124384,0.003822422,0.0020449965,0.0031030583
RfhTuZBt.png,lontara,3,lontara,1,0.0074690073,0.0055491403,0.0061243693,0.007681681,0.9586236,0.0074617174,0.0070905304
4AI03fCF.png,lampung,5,lampung,1,0.005646737,0.0037560316,0.007426121,0.96506083,0.0062168865,0.005937991,0.005955413
GxI8yf96.png,jawa,5,jawa,1,0.009585499,0.93479717,0.009674841,0.009808023,0.009520196,0.015080106,0.011534126
G6lLSn3C.png,lontara,3,lontara,1,0.006574511,0.0058933534,0.008914183,0.0072702165,0.9568714,0.007765603,0.0067107324
7N1hDAfk.png,bali,1,bali,1,0.9482028,0.012299982,0.007271502,0.009703991,0.008559561,0.006345415,0.007616749
2bFgjAMg.png,jawa,1,jawa,1,0.007138446,0.9575912,0.0052200495,0.0093193855,0.007390261,0.006156731,0.007183903
7fsUqLBa.png,lontara,2,lontara,1,0.005408238,0.0034884126,0.0044530416,0.006536334,0.9691311,0.004845547,0.0061373203
XMD7q1GR.png,jawi,2,jawi,1,0.0012972704,0.0017236464,0.98350406,0.0016019152,0.001487328,0.009634876,0.0007508025
G3p5m44L.png,jawa,2,jawa,1,0.0037512097,0.9775669,0.0029805205,0.006177155,0.0035585177,0.0031820564,0.002783582
yy7n6dL9.png,pegon,5,pegon,1,0.0034151818,0.0032571983,0.0022277331,0.004353179,0.004413104,0.9793823,0.0029512667
pJxVoXYE.png,lontara,5,lontara,1,0.006964062,0.006242544,0.0073627015,0.0060623107,0.9619722,0.0057537104,0.0056424234
PzX2M3G2.png,jawa,5,jawa,1,0.004079821,0.9694765,0.0065259053,0.006082813,0.004741928,0.004419963,0.0046729725
Vr7P1Bma.png,lampung,4,lampung,1,0.01412132,0.010978917,0.0052293004,0.9546156,0.0050783204,0.002804515,0.007172078
QfRBydJP.png,jawi,5,jawi,1,0.0054258816,0.0048779985,0.92324907,0.002876041,0.0046591666,0.053739537,0.0051723584
OTlgPJ14.png,pegon,2,pegon,1,0.008230512,0.058973406,0.010573349,0.0064287363,0.0072634015,0.89805484,0.010475711
m8CKiPF4.png,jawi,3,jawi,1,0.0039889617,0.007329662,0.96941715,0.0064400407,0.0068286606,0.0028675352,0.0031279156
pqHlrmfp.png,jawi,4,jawi,1,0.006074208,0.008511804,0.95495933,0.0073376335,0.010697067,0.0035257959,0.008894199
KvdPAGUZ.png,pegon,2,pegon,1,0.004436644,0.0044889417,0.0046541053,0.013473679,0.006117706,0.9627377,0.0040912214
A2ypxs2j.png,jawi,3,jawi,1,0.007691805,0.007851176,0.9575465,0.007843513,0.006019705,0.005732835,0.007314528
VOHC6Fv2.png,bali,3,bali,1,0.96706825,0.00511451,0.0042029745,0.006088477,0.006430713,0.005664011,0.005431092
P5snCxhf.png,sunda,4,sunda,1,0.0055808015,0.004656109,0.0036244108,0.0045682816,0.0045018513,0.00493949,0.9721291
HPI2fQm2.png,pegon,2,pegon,1,0.009584324,0.01490623,0.004290562,0.010818122,0.008570384,0.94477725,0.007053248
pjRn1OFo.png,sunda,2,sunda,1,0.010733151,0.008880732,0.007806664,0.010785686,0.008963505,0.009965393,0.94286495
d1oNQ8wo.png,pegon,2,pegon,1,0.0039936397,0.003729759,0.02467395,0.0145440735,0.008170445,0.9388578,0.006030394
YXHnHlE4.png,jawa,4,jawa,1,0.0048956056,0.95786345,0.004523276,0.009344822,0.0067373994,0.013109321,0.0035261728
UQGy8JtS.png,jawa,2,jawa,1,0.009840607,0.9480322,0.014409173,0.0096173445,0.0048548314,0.006412792,0.0068330504
LGurRAsR.png,jawa,3,jawa,1,0.008690997,0.9386255,0.010452677,0.008560435,0.011013305,0.012178718,0.010478227
FKKAswyW.png,lontara,5,lontara,1,0.006565512,0.006197917,0.0066721602,0.0050437944,0.9621162,0.0062252143,0.0071791857
I6Fmy3R9.png,pegon,1,pegon,1,0.0062555354,0.007331339,0.006182657,0.006934397,0.007876909,0.9569396,0.008479623
6CUyXwdz.png,pegon,5,pegon,1,0.0030124243,0.0028409867,0.0025766634,0.0077405344,0.003117168,0.97747403,0.0032381779
mm9pn7Vs.png,bali,4,bali,1,0.9673533,0.0031488102,0.0066270865,0.006234698,0.005419445,0.005419445,0.0057972074
Dm86hVA1.png,lampung,3,lampung,1,0.0065153106,0.007127771,0.005857422,0.96130866,0.0072577153,0.0063056117,0.005627529
ZfFVNMVx.png,pegon,4,pegon,1,0.0061448556,0.008940713,0.008172473,0.005638837,0.0067984154,0.9557442,0.008560497
YrLLsBiu.png,lampung,1,lampung,1,0.010245079,0.007978876,0.010150472,0.9454867,0.011569584,0.005655108,0.008914127
iXpOdQsM.png,bali,4,bali,1,0.95603997,0.0029810986,0.0046352874,0.0067541893,0.008702245,0.010631022,0.010256253
baXllJaS.png,lampung,3,lampung,1,0.009838405,0.0068985634,0.008979866,0.9478201,0.007339897,0.010381284,0.008741917
s3htlkCa.png,jawa,5,jawi,0,0.00012711258,8.01689e-05,0.92328954,0.0005586605,0.00075175986,0.073223695,0.0019690522
yrqGV9ey.png,jawi,5,jawi,1,0.005004244,0.0060836137,0.96393955,0.0063538183,0.0061403164,0.0056816377,0.006796711
dWVX77Ng.png,lampung,1,lampung,1,0.010079648,0.01274187,0.010218401,0.9361431,0.011075734,0.0094828345,0.010258396
ThWApk3S.png,jawa,5,jawa,1,0.006302763,0.956661,0.0057275333,0.0080260085,0.0064648427,0.0072261533,0.009591814
zscl47v6.png,bali,2,bali,1,0.9732376,0.004207129,0.0030376888,0.0062558004,0.0036320887,0.004640978,0.0049887765
E2xHpN9W.png,lampung,1,lampung,1,0.0055256817,0.0060039316,0.01069794,0.9559704,0.005036107,0.009932701,0.006833309
JtE40mxy.png,sunda,2,sunda,1,0.008204786,0.007802348,0.010193586,0.006528662,0.010594479,0.007405172,0.94927096
p3UxVCx6.png,lontara,4,lontara,1,0.0073302174,0.012239894,0.007216573,0.008404137,0.94703245,0.0087517295,0.009025131
aPw6L75f.png,lampung,4,lampung,1,0.0056885304,0.0036264588,0.006346014,0.96416694,0.0079480335,0.0061537717,0.006070211
kN2rnpGP.png,jawi,2,jawi,1,0.0128605245,0.0032787533,0.70387715,0.0072317347,0.004032935,0.26508257,0.0036363443
AIIB30f5.png,jawi,1,jawi,1,0.0014267246,0.0017860219,0.98677677,0.0019179939,0.0018680827,0.004876293,0.00134816
k2rxe91A.png,jawi,4,jawi,1,0.002375192,0.004746754,0.943365,0.029456085,0.008933295,0.0068728453,0.00425081
2Fw5JKGT.png,jawi,3,jawi,1,0.0070517845,0.008477052,0.9547828,0.006414456,0.008640027,0.0072472673,0.0073865997
s9oq8par.png,lampung,2,lampung,1,0.007079056,0.0074079274,0.004915505,0.9626965,0.0051213093,0.005652189,0.0071276138
2ntNUtAt.png,lontara,5,lontara,1,0.0053695454,0.0041777245,0.006461115,0.004841515,0.96596354,0.0064516575,0.0067349193
ym3QMg8b.png,jawi,4,pegon,0,0.0044712136,0.0022351325,0.41526207,0.015590835,0.008857403,0.54905945,0.004523919
1skKftHj.png,lampung,4,lampung,1,0.010249355,0.006965603,0.005007346,0.9330373,0.017800326,0.013322066,0.013618027
RIf4QYAG.png,lontara,1,lontara,1,0.003992405,0.0032426335,0.0049444255,0.0051038703,0.97215074,0.0072593777,0.0033065889
CgZjCQON.png,lampung,5,lampung,1,0.00623882,0.006589507,0.006942935,0.9637482,0.007658906,0.0037692827,0.0050523505
mf3yRVzV.png,pegon,2,pegon,1,0.005351568,0.0025477286,0.011760462,0.005478477,0.0071348217,0.9655542,0.0021728126
Z97vvCdi.png,jawa,1,jawa,1,0.008990287,0.9540304,0.009280199,0.0055090855,0.008270117,0.0070738057,0.006846132
iylG3DSP.png,sunda,2,sunda,1,0.004959214,0.0030973414,0.0066831345,0.0075840857,0.003674594,0.0036925802,0.97030896
07mLGdf9.png,pegon,2,pegon,1,0.0024797786,0.007796516,0.01839943,0.001779154,0.004437985,0.9639697,0.001137545
GmFXJb6t.png,sunda,1,sunda,1,0.0047313888,0.00414699,0.010899222,0.005684894,0.007310249,0.006495524,0.96073186
ARLiptrr.png,lampung,2,lampung,1,0.008123299,0.0094554555,0.008921699,0.9509217,0.0062101292,0.008869577,0.007498164
qsb0qvpf.png,jawa,3,jawa,1,0.008010986,0.9414446,0.010221222,0.008950002,0.009616026,0.011242273,0.01051483
x48NC7aN.png,sunda,3,sunda,1,0.009389948,0.007241831,0.0049096476,0.0074063297,0.00705338,0.0071330387,0.9568658
NIWXt7Bt.png,jawi,5,jawi,1,0.006335778,0.0014275765,0.91494954,0.0029579424,0.006158864,0.015043692,0.05312659
z0F9vEvB.png,pegon,5,pegon,1,0.004924896,0.004621996,0.007778274,0.005624408,0.0056216624,0.9664215,0.005007339
GoZwAmhd.png,pegon,4,pegon,1,0.009352085,0.00753298,0.005647454,0.007760726,0.0097484,0.95068365,0.009274776
ZND535xh.png,bali,3,bali,1,0.97085357,0.0042318054,0.006951564,0.004489363,0.0044981404,0.0050425995,0.003932937
c8bwohzB.png,pegon,5,pegon,1,0.008226537,0.00796565,0.0072989915,0.008258735,0.009004254,0.9503942,0.008851681
8NQyXSfk.png,lampung,3,lampung,1,0.009738203,0.006165846,0.00880203,0.9562034,0.0068216375,0.00557582,0.0066929623
rmZhQS9q.png,lampung,3,lampung,1,0.0064757476,0.0062185503,0.00778079,0.96108615,0.0057821916,0.005544412,0.007112217
HowlegsM.png,lampung,2,lampung,1,0.0077717593,0.01094924,0.008763661,0.9552948,0.0052024485,0.0065765106,0.005441481
r00LpDkq.png,lampung,4,lampung,1,0.007786074,0.004432041,0.0058486103,0.9645607,0.0068913465,0.005166423,0.0053148293
qu2ChTd9.png,pegon,3,pegon,1,0.00405269,0.0036828162,0.01606739,0.0046237996,0.0056431107,0.96115035,0.0047799014
QWMhLpwV.png,lontara,3,lontara,1,0.008296128,0.005328992,0.007073569,0.008439126,0.9567975,0.008011491,0.006053299
NrtFcdds.png,lontara,1,lontara,1,0.009016398,0.009430666,0.008885285,0.009136054,0.9447312,0.011608418,0.0071920096
A4uF0kin.png,lampung,3,lampung,1,0.010432513,0.008329717,0.008248769,0.9460084,0.009920806,0.008097126,0.008962702
M6cSqqER.png,pegon,3,pegon,1,0.0050117634,0.0038314108,0.0063976347,0.0031271062,0.006140541,0.97200984,0.0034817322
cQiK0vQy.png,lampung,4,lampung,1,0.008328824,0.008732797,0.0071904208,0.9449837,0.006480164,0.008905035,0.015379009
PoYVt1VI.png,jawa,5,jawa,1,0.0050885323,0.96592206,0.0084553715,0.006216361,0.006572201,0.0030623325,0.0046832
W7inRCRn.png,lampung,3,lampung,1,0.008042231,0.008498438,0.0056833373,0.95953125,0.007863609,0.004947423,0.0054336805
wqEYXXJi.png,lontara,2,lontara,1,0.011002438,0.0066896277,0.005710777,0.010071785,0.949216,0.009032698,0.008276737
fFgy2ohG.png,jawi,4,jawi,1,0.008668929,0.007924044,0.9561075,0.008280032,0.008336828,0.0046719722,0.006010659
stEi2zK9.png,lampung,5,lampung,1,0.0051224143,0.0031681794,0.005530543,0.9714046,0.004498496,0.0040088673,0.0062669264
V1QUQxZC.png,pegon,1,pegon,1,0.0037561916,0.022399759,0.05339422,0.0065282565,0.013349407,0.8978187,0.002753461
F0xGjZi6.png,pegon,3,pegon,1,0.0070252265,0.006564237,0.0053158817,0.008721717,0.007489278,0.95630956,0.008573931
J42XlOVU.png,sunda,3,sunda,1,0.009665316,0.01113558,0.009409204,0.007457845,0.01053781,0.011511523,0.9402827
edgoS4iD.png,jawa,4,jawa,1,0.0043019415,0.9650234,0.003193811,0.0030061735,0.003266359,0.020205231,0.0010030164
T7HaNv1C.png,pegon,5,pegon,1,0.008183193,0.008736522,0.010451144,0.006669151,0.008492571,0.94862366,0.008843822
wbdNFcGz.png,pegon,4,pegon,1,0.0043707327,0.003971833,0.0038383706,0.004620924,0.0039951736,0.97282493,0.006378037
tQapF8RO.png,lampung,1,lampung,1,0.011371354,0.013817302,0.011249854,0.9274738,0.012898021,0.010718972,0.012470708
zswlf4Cb.png,bali,1,bali,1,0.94100237,0.004162214,0.030875206,0.0064749555,0.0055899434,0.006136354,0.0057589444
brqdgVPD.png,lontara,3,lontara,1,0.0071069845,0.0047100624,0.0056234607,0.0058732275,0.96296173,0.0069678216,0.0067567434
rzT2752S.png,jawi,4,jawi,1,0.006893629,0.005936879,0.9592431,0.007196296,0.0074501517,0.0061673517,0.007112456
nSiZh3rF.png,pegon,5,pegon,1,0.005242292,0.005337862,0.0046037715,0.0061739134,0.005158498,0.96543527,0.0080483705
NJMgyMsG.png,sunda,3,sunda,1,0.009318043,0.0070991837,0.008848028,0.009803443,0.009827407,0.010651934,0.9444519
zHHmeaqK.png,lampung,3,lampung,1,0.0066423095,0.0087610455,0.00440318,0.9573441,0.007210159,0.0066878716,0.008951307
TQG52tc1.png,jawi,5,jawi,1,0.0034842829,0.0014278538,0.9827474,0.0041538826,0.003662211,0.0015484077,0.0029759028
u8LCWuFn.png,pegon,1,pegon,1,0.0073299594,0.0066220663,0.08921002,0.012233487,0.0044938605,0.87583095,0.0042797048
49NlPn8c.png,lontara,4,lontara,1,0.007842599,0.011727237,0.0112120835,0.01810152,0.927072,0.011790394,0.012254085
mjoTz75P.png,jawi,3,jawi,1,0.0059903655,0.0049251346,0.9702509,0.0052838977,0.0055673,0.0026856055,0.005296814
Yp6QDBoh.png,jawi,2,jawi,1,0.0059383824,0.0061628916,0.9651245,0.0053911414,0.0029772709,0.012331409,0.0020744146
LEprC7pY.png,pegon,4,pegon,1,0.01662013,0.013019835,0.08523227,0.006132142,0.009713388,0.8491266,0.020155668
IY3766KV.png,pegon,1,pegon,1,0.007166434,0.009130273,0.007836276,0.00783245,0.0090548,0.9520031,0.0069765374
5hTsTHd1.png,lampung,5,lampung,1,0.00517128,0.003924509,0.00493688,0.97161543,0.005242467,0.0040058233,0.005103552
CDYxjO2v.png,jawa,5,jawa,1,0.003325726,0.9777771,0.0038995757,0.003999856,0.0033616442,0.0036206332,0.004015511
QJiRWLlZ.png,lampung,1,lampung,1,0.008841683,0.008811514,0.011571211,0.94746846,0.008424443,0.006079762,0.008802913
0nw4BPDn.png,lampung,4,lampung,1,0.005382799,0.0055158325,0.0043400093,0.9650436,0.0069420906,0.007197515,0.0055781263
ChUky7uM.png,jawi,5,jawi,1,0.004485795,0.004326604,0.9748302,0.004893118,0.0038312871,0.0029867247,0.004646303
S8uGoORP.png,lontara,5,lontara,1,0.007305103,0.0052462765,0.0072517944,0.007237645,0.9595869,0.0064153294,0.0069569773
ZYhj7oYc.png,pegon,2,pegon,1,0.011939259,0.0072627724,0.22374256,0.014844144,0.006876255,0.73076344,0.0045716353
XA2ABLx3.png,pegon,3,pegon,1,0.008220993,0.007971953,0.005694516,0.008544308,0.0075957547,0.95720285,0.0047695767
2gPZaPKD.png,jawa,2,jawa,1,0.0046590334,0.9628163,0.0064715855,0.0076889517,0.0064684264,0.0061481525,0.0057475227
YxPGjHyZ.png,jawi,4,jawi,1,0.016026378,0.0054413965,0.95761514,0.0050744168,0.0071735666,0.0024851782,0.006184001
jCVF7HEX.png,lontara,3,lontara,1,0.009926414,0.0055831876,0.0062834793,0.0075276876,0.95513207,0.010204075,0.0053431457
LkYARhlE.png,jawi,2,jawi,1,0.028020618,0.012602161,0.82429814,0.013040343,0.021956079,0.009166073,0.09091659
TzeKbHoR.png,jawa,2,jawa,1,0.0058057583,0.9664179,0.0048961057,0.0082134595,0.0055425996,0.0047223535,0.0044017173
VWINUjz2.png,lontara,5,lontara,1,0.006396036,0.0077150925,0.00661197,0.005104347,0.9604455,0.005417654,0.008309482
Z6jXysAp.png,pegon,4,pegon,1,0.008467007,0.007720598,0.017229555,0.010318423,0.008851709,0.93338126,0.014031489
yMDh78Be.png,jawa,2,jawa,1,0.12806752,0.31476274,0.06298725,0.07425337,0.11457149,0.23597673,0.06938093
IHa5nnph.png,jawi,5,jawi,1,0.0039877496,0.0045054927,0.96912247,0.0018581011,0.005496039,0.0098770065,0.005152977
5QvRCD7C.png,sunda,1,sunda,1,0.0037105188,0.006013951,0.0046768137,0.004820562,0.006144555,0.0053072926,0.96932644
EQDuGgFw.png,pegon,3,pegon,1,0.006946282,0.005444219,0.0043320404,0.0061270804,0.0054628593,0.96609795,0.005589677
JTS9vCSz.png,bali,3,bali,1,0.9462185,0.009816986,0.009154906,0.009132583,0.0075122565,0.008134594,0.01003018
QKmjvIsX.png,lampung,4,lampung,1,0.008705775,0.00842969,0.0070673847,0.9420597,0.0103081195,0.012289105,0.011140293
zOb9zEBQ.png,pegon,2,pegon,1,0.00976615,0.0057608807,0.005209606,0.008147979,0.0060344036,0.9584794,0.006601657
gUAOWfT9.png,jawa,3,jawa,1,0.007603385,0.9511722,0.011568331,0.0075331717,0.008362927,0.007496478,0.0062635425
w8o9vdqz.png,jawi,3,jawi,1,0.005142175,0.004802405,0.9423848,0.004402633,0.005187569,0.031003717,0.0070767314
wHObpyQP.png,jawa,3,jawa,1,0.011981832,0.9550937,0.0043928293,0.007645924,0.006347986,0.0075421017,0.0069957688
8x1w33Zs.png,lampung,2,lampung,1,0.006027254,0.0034662343,0.026219577,0.95734376,0.0028708042,0.001862603,0.002209737
gQbkWEId.png,jawi,3,jawi,1,0.0050039887,0.0051226546,0.9676628,0.0057962313,0.0059105516,0.005807563,0.004696224
28OAL9lX.png,jawi,4,jawi,1,0.0058832318,0.012095208,0.86129266,0.015185611,0.010076361,0.08898028,0.0064867553
kBc7vPYT.png,lampung,5,lampung,1,0.00499055,0.0054971282,0.0073074456,0.96506417,0.005987507,0.0058459514,0.005307228
rwJtmnyu.png,jawa,4,jawa,1,0.0079531735,0.9702232,0.0010263037,0.003610247,0.0032330456,0.0036706827,0.010283381
cf99gz99.png,jawi,2,sunda,0,0.009595789,0.24591273,0.047718935,0.029327095,0.042152952,0.044240676,0.5810518
8K7JiWvC.png,jawi,4,jawi,1,0.008732781,0.011797234,0.9440596,0.009187696,0.014147045,0.004462446,0.007613148
DAgn42QO.png,bali,4,bali,1,0.9813182,0.0018343134,0.003680171,0.0031942672,0.0026224058,0.0039136983,0.003437003
fWFbMXZk.png,sunda,1,sunda,1,0.0052714124,0.005727655,0.007290099,0.007412136,0.0072794277,0.0056554,0.961364
Yqs0upEa.png,pegon,3,pegon,1,0.004319733,0.0025693742,0.009572055,0.004914057,0.005971058,0.96053505,0.012118689
IOBbsUM1.png,pegon,1,pegon,1,0.00292993,0.0047511035,0.06381787,0.0045735566,0.0067625786,0.91517854,0.0019863658
XCUbpYDK.png,lampung,2,lampung,1,0.0073771323,0.006856128,0.0108257765,0.9586946,0.0050751776,0.0052260645,0.005945084
bA5J8u5U.png,sunda,4,sunda,1,0.0043271794,0.0029207768,0.0036563263,0.0035663997,0.004092892,0.004570413,0.97686607
tE50ch5y.png,bali,2,bali,1,0.9723283,0.0032750533,0.0025706186,0.0043049767,0.004172526,0.0057929787,0.007555469
WwdY0jTz.png,jawa,1,jawa,1,0.005256019,0.9613689,0.005926839,0.005852072,0.007813541,0.007580542,0.0062021823
KC67Fli8.png,lampung,4,lampung,1,0.008154855,0.0037372122,0.0058651236,0.96398365,0.0043394775,0.0041691614,0.009750557
9y4d9Rfp.png,jawa,4,jawa,1,0.011597246,0.934878,0.013231543,0.008805503,0.011339664,0.00709618,0.013051874
1NqJWig6.png,lampung,3,lampung,1,0.011128411,0.010063504,0.0099462615,0.93830186,0.011673869,0.0098255845,0.009060596
IWyH8LvJ.png,jawi,2,jawi,1,0.0014058319,0.00031307142,0.9934423,0.002782212,0.000997858,0.00021100884,0.00084769854
IdVXZQ2R.png,lontara,3,lontara,1,0.0069804555,0.0037887276,0.0039705522,0.008012908,0.96400136,0.0066819713,0.006563938
z2dcFxy0.png,pegon,4,pegon,1,0.015208693,0.01033604,0.007821123,0.014540608,0.01466897,0.9236309,0.013793686
Z7z9QvOn.png,jawi,3,jawi,1,0.005982683,0.004549163,0.96240515,0.0044005965,0.0067561357,0.009760768,0.006145527
2GLrGUOl.png,bali,1,bali,1,0.954792,0.0089821005,0.005772441,0.0095148245,0.008378373,0.0053022653,0.0072579617
CYjoiiyF.png,lampung,5,lampung,1,0.008980102,0.0056719817,0.005343967,0.96136206,0.0067093857,0.006023071,0.0059094587
GZiSAu2S.png,lontara,5,lontara,1,0.0032165702,0.0046413946,0.0101340255,0.002951691,0.97095156,0.00408204,0.0040226807
0TuZaIlD.png,jawi,1,jawi,1,0.0033033132,0.009389609,0.9692926,0.006093548,0.0027465774,0.006976061,0.0021983332
SZQDPKQx.png,jawa,2,jawa,1,0.0047521745,0.97157145,0.0041287607,0.0049366564,0.0049414793,0.0058509856,0.0038184794
8vmrVMu8.png,pegon,4,pegon,1,0.008604144,0.008537185,0.21112263,0.017950097,0.007238343,0.74122083,0.0053268056
kBytyzL4.png,pegon,2,pegon,1,0.011379596,0.0044563143,0.012841365,0.009742995,0.008033959,0.94737685,0.0061688796
zbNas0PY.png,jawa,5,jawa,1,0.002482755,0.98608625,0.0017247999,0.0018759128,0.0016766383,0.004121449,0.002032311
qVFMoOke.png,jawi,4,jawi,1,0.011788146,0.0040698973,0.94103205,0.010644504,0.006266753,0.02114846,0.0050502517
r0LamLUO.png,lontara,1,lontara,1,0.007362478,0.007825845,0.006762791,0.008781666,0.9525947,0.010171999,0.0065005375
FtxawnSw.png,jawa,4,jawa,1,0.004599688,0.9645789,0.0062411493,0.0059292326,0.0066631604,0.0068914765,0.005096365
QWSRVDwn.png,lampung,2,lampung,1,0.00854255,0.003886317,0.012394489,0.9630999,0.0066920407,0.0024994123,0.0028852464
etug9r3Z.png,sunda,3,sunda,1,0.005813134,0.0035988977,0.02272908,0.0050456086,0.0063286102,0.006163924,0.95032066
KUjXao0f.png,sunda,3,sunda,1,0.0075885896,0.0063964766,0.0054206722,0.008269576,0.0072800796,0.0078103864,0.9572342
8eiV09a9.png,jawi,3,jawi,1,0.0088828625,0.0068440638,0.8799165,0.007553526,0.009539231,0.07756498,0.009698919
Uvfh4Poy.png,bali,1,bali,1,0.95689374,0.0065971753,0.009310325,0.008186298,0.006255236,0.006134249,0.0066229957
61rDkiji.png,pegon,4,pegon,1,0.005566784,0.0070577217,0.019900473,0.011125063,0.004284907,0.94537646,0.0066886456
JJcSqlhA.png,lontara,1,lontara,1,0.0067000077,0.005279479,0.006573627,0.006889101,0.9604872,0.0070352745,0.0070352745
CqluRmji.png,lontara,4,lontara,1,0.0051242784,0.008152668,0.0073187165,0.008297243,0.9585628,0.0064650555,0.0060792915
FH99W4Xn.png,pegon,3,pegon,1,0.0041210577,0.0077255103,0.011411991,0.0042023384,0.0046063606,0.9631522,0.0047805104
j7soiotf.png,bali,3,bali,1,0.96895534,0.0036373583,0.0072037894,0.0054870476,0.005287159,0.005174779,0.0042545795
vQEibfvv.png,lontara,1,lontara,1,0.006777741,0.007920113,0.005743774,0.008534465,0.9551669,0.009811125,0.0060459343
qJwfQRNJ.png,lampung,5,lampung,1,0.006737993,0.006837421,0.006117065,0.9560787,0.00880518,0.009124698,0.006298927
RDnJI8Y3.png,pegon,4,pegon,1,0.00831051,0.0050702,0.03709086,0.008110072,0.01041354,0.8979713,0.03303362
CniB5D3a.png,jawi,1,jawi,1,0.0036583282,0.004776022,0.9716907,0.0051666326,0.005561966,0.0064646075,0.0026817229
JOvOFyZh.png,jawa,5,jawa,1,0.00567556,0.9479799,0.01383612,0.0052387933,0.013528813,0.006981058,0.006759669
85kyULwF.png,jawa,2,jawa,1,7.1650644e-11,0.86197793,0.0376606,1.13913475e-05,0.0043680537,0.09598206,8.7288354e-10
SZk1VbfX.png,sunda,3,sunda,1,0.007536155,0.006011281,0.0050201616,0.006183956,0.0049471604,0.0070657483,0.9632356
eoN3JDT9.png,lampung,2,lampung,1,0.010555955,0.008738384,0.008657689,0.9451267,0.0079836305,0.0075072534,0.011430439
VnIaOYNR.png,lontara,2,lontara,1,0.0042121615,0.0049149073,0.005115688,0.008001088,0.9644613,0.0059633492,0.007331464
2k8AUQjp.png,jawi,3,jawi,1,0.007929685,0.007925813,0.9405757,0.008687818,0.009307025,0.020818107,0.004755885
PpwnF8FG.png,jawa,2,jawa,1,0.0041827657,0.9766201,0.0075242487,0.00415427,0.0017989852,0.0021384351,0.0035812047
sABFLHIn.png,lampung,4,lampung,1,0.005507583,0.005443417,0.00584564,0.9565685,0.006814253,0.007986142,0.011834493
RSnyYS92.png,lampung,4,lampung,1,0.008392288,0.0057651144,0.004533937,0.96387887,0.0058103306,0.0041040783,0.007515456
tMo7tXrr.png,jawi,5,jawi,1,0.002131377,0.004459557,0.97339666,0.0031902157,0.0061432994,0.004733287,0.0059455745
E4Q7kqiu.png,jawa,2,jawa,1,0.0032839687,0.97783583,0.0025302307,0.0042998665,0.0037284994,0.0043526767,0.0039689667
BQUXSOxV.png,pegon,2,pegon,1,0.003339325,0.0040556244,0.007844186,0.003596595,0.0039423793,0.97508687,0.002135078
71GVof1z.png,pegon,4,pegon,1,0.0047898674,0.002113073,0.006259378,0.019315576,0.006031354,0.95472616,0.006764697
yGy9kfku.png,bali,2,bali,1,0.96490544,0.0063292044,0.005969009,0.005395184,0.0045609814,0.005765621,0.0070745423
sh9rUg6r.png,pegon,1,pegon,1,0.006183159,0.0086899,0.003229784,0.008472036,0.0052245692,0.9598253,0.008375378
njilWE8X.png,lontara,2,lontara,1,0.0050227116,0.008057684,0.003127823,0.0077187894,0.95996773,0.007840343,0.008264894
ShErqnVm.png,lampung,3,lampung,1,0.006743775,0.005549988,0.006353778,0.9592382,0.0073741106,0.0067668646,0.007973315
d8rZee19.png,lontara,1,lontara,1,0.010885345,0.008644718,0.009733766,0.012801044,0.93728155,0.011056764,0.009596906
1Xxn3pVV.png,jawa,5,jawa,1,0.00650473,0.9569398,0.005376835,0.007214156,0.0064667272,0.008710436,0.008787329
rHHgzn2v.png,jawi,4,jawi,1,0.009791338,0.009597269,0.9400671,0.018921742,0.007944769,0.004443574,0.009234111
OSsYOVRr.png,lampung,3,lampung,1,0.009753036,0.00773037,0.009055388,0.94557893,0.008602822,0.009719757,0.009559726
GcXYvZvz.png,sunda,3,sunda,1,0.0069351546,0.006834306,0.0093049705,0.008749751,0.008123869,0.0072043813,0.9528476
dLpc0ucL.png,jawa,4,jawa,1,0.012177621,0.9271538,0.014009514,0.010694368,0.0120064,0.014009514,0.009948797
3qxUBEL3.png,pegon,4,pegon,1,0.008211465,0.0066954605,0.027301654,0.0063515278,0.0074474756,0.9344016,0.009590804
WFkzTDFm.png,lampung,5,lampung,1,0.0064874715,0.0055544497,0.007902179,0.96094745,0.006858831,0.00620552,0.0060440362
4i6HoUxV.png,sunda,4,sunda,1,0.0034968988,0.0023294368,0.0035938367,0.0036149558,0.00488588,0.0048811105,0.9771978
MLkhv3D4.png,lampung,1,lampung,1,0.0051583187,0.0055965683,0.00509076,0.9649304,0.0075531015,0.0061286464,0.005542181
X45DaTJm.png,bali,3,bali,1,0.94823927,0.009387439,0.009116406,0.008108299,0.0080964295,0.007778661,0.009273543
pGcD8YAY.png,pegon,3,pegon,1,0.010687133,0.006961044,0.0043222103,0.01304947,0.008748175,0.9489618,0.0072702197
nSQXg4FB.png,lampung,4,lampung,1,0.007475167,0.0056287935,0.0052057835,0.9549741,0.0073880795,0.010385847,0.008942237
fU1pOpgb.png,sunda,3,sunda,1,0.008648491,0.00799074,0.011942923,0.008132445,0.010355945,0.00834565,0.9445837
tKhnWmnn.png,lampung,1,lampung,1,0.010222433,0.008549508,0.011869816,0.9433968,0.008964183,0.0075522857,0.009444978
xaCVYSve.png,lampung,2,lampung,1,0.00460192,0.0064897477,0.0062563852,0.963164,0.0048796204,0.007484257,0.0071241134
XGZEf2Aq.png,lontara,2,lontara,1,0.006768982,0.0072549684,0.004913754,0.0071704458,0.95673126,0.008674585,0.00848606
D8HdQiKc.png,pegon,2,pegon,1,0.0035029494,0.0016458125,0.0014752968,0.003484185,0.004706834,0.9831997,0.0019852286
nwSCCwZr.png,sunda,3,sunda,1,0.0068114763,0.006380071,0.007817027,0.006728834,0.006569752,0.00717681,0.958516
O4LrmJol.png,jawi,4,jawi,1,0.04740862,0.0076248413,0.89781696,0.00786688,0.0066635064,0.013408176,0.019211015
jMqPfFaa.png,pegon,1,jawi,0,0.003104057,0.013836899,0.8984569,0.015926173,0.005948271,0.060134105,0.0025935369
JZ3ti2WV.png,sunda,1,sunda,1,0.004297344,0.0031286902,0.0057349065,0.004637471,0.006173722,0.007317171,0.96871066
bb8YrHfu.png,lontara,3,lontara,1,0.007085621,0.006010553,0.005222059,0.0072306665,0.9607705,0.007130741,0.0065499293
VJRzM180.png,jawi,3,jawi,1,0.004988972,0.0094397105,0.9535193,0.004160309,0.007887173,0.014267886,0.005736667
YnYkIbYH.png,jawi,1,jawi,1,0.0019226586,0.0027648609,0.9833977,0.002923128,0.0018836308,0.004375298,0.0027326492
R0tD3GLC.png,bali,4,bali,1,0.97302645,0.0018099549,0.007854411,0.0049998863,0.003945591,0.00488168,0.0034819716
3zpaIYZP.png,jawi,5,jawi,1,0.004167197,0.007969973,0.9541657,0.006122737,0.008111308,0.011983349,0.0074797883
tFmC4wAc.png,jawi,2,jawi,1,0.0024026043,0.0019248993,0.98646855,0.0020311144,0.0016904433,0.00092087494,0.004561569
u92NiLKH.png,jawa,4,lampung,0,0.029372074,0.15442556,0.28168416,0.30516866,0.06315988,0.091404825,0.0747848
2Nty0u2v.png,jawi,1,jawi,1,0.0034505473,0.0048258267,0.96896464,0.0060677384,0.0045868834,0.00811337,0.003990995
ZrBSm0ay.png,sunda,4,sunda,1,0.0051165796,0.0041739917,0.0046428028,0.0044345213,0.006229297,0.0055784555,0.96982443
R7hXN0Is.png,jawa,4,jawa,1,0.015033891,0.9594339,0.0014766573,0.0033114897,0.0051490096,0.0041212155,0.011473889
09PgyTT7.png,lampung,4,lampung,1,0.008925678,0.009496696,0.0061916993,0.94717425,0.0083237095,0.0064069885,0.013481062
CckPJb7Z.png,jawa,2,jawa,1,0.0037361144,0.98079026,0.00443458,0.003638891,0.0039058668,0.0009957894,0.0024985296
e414zUvj.png,jawa,2,jawa,1,0.0042903405,0.9652447,0.005370792,0.006677535,0.005956548,0.0076222615,0.004837912
ebhZgz0E.png,lampung,5,lampung,1,0.006821373,0.005526814,0.0077258553,0.9608465,0.006321072,0.006601824,0.006156582
Xg65BY3P.png,lampung,3,lampung,1,0.008320368,0.00668234,0.006891094,0.9588904,0.0064925775,0.0071481313,0.005575131
8qPwiXrC.png,lampung,1,lampung,1,0.0061455197,0.011128099,0.0065642693,0.9530512,0.007387618,0.009649394,0.006073922
XBhBDg7i.png,lampung,3,lampung,1,0.008750723,0.0076474375,0.0056416206,0.95528275,0.008531334,0.007000571,0.0071456195
oxyndgPe.png,sunda,5,sunda,1,0.007658649,0.0076250657,0.0050349417,0.0073365355,0.008506376,0.008089145,0.95574933
9oqzs9qx.png,lontara,4,lontara,1,0.00897463,0.009651908,0.007527933,0.010756972,0.94265336,0.009460603,0.010974492
odD0O5D3.png,pegon,3,pegon,1,0.007010748,0.006108915,0.005581274,0.005792283,0.004889514,0.96605974,0.0045575276
IgoBASxm.png,bali,4,bali,1,0.96117735,0.0018573217,0.006317077,0.007302933,0.006584777,0.0077360664,0.009024526
MspkLt7E.png,lampung,1,lampung,1,0.00576812,0.006809794,0.0069780946,0.96344006,0.006558515,0.004657501,0.005787869
OLW1nlK6.png,lampung,2,lampung,1,0.008069603,0.0063835806,0.007971695,0.9557709,0.0068787443,0.0071877735,0.0077377586
eErcJtxV.png,lampung,4,lampung,1,0.008492369,0.0051383222,0.007638574,0.9537098,0.010651818,0.007026684,0.007342359
XykiCcpX.png,sunda,2,sunda,1,0.013238166,0.0066257617,0.010870825,0.011270801,0.010791495,0.011628575,0.9355744
oScQBOyb.png,pegon,1,pegon,1,0.004194281,0.0054730456,0.0075707952,0.005984607,0.005702193,0.9660108,0.005064212
oR112ze9.png,jawi,3,jawi,1,0.0031324027,0.019595433,0.93727076,0.004846825,0.022968184,0.00471609,0.0074703437
bJLJGVlV.png,pegon,1,pegon,1,0.005118875,0.006467705,0.0062625967,0.0049856687,0.0064142407,0.96412015,0.006630788
4dxUZzmz.png,jawi,5,jawi,1,0.027205467,0.0732558,0.84535635,0.0062802797,0.011234141,0.0025925678,0.03407543
BEp2ecgf.png,jawi,1,jawi,1,0.017223584,0.010965364,0.93957263,0.014629963,0.0076700235,0.003329583,0.006608746
WBcXXpqm.png,pegon,1,pegon,1,0.008485939,0.005517863,0.0012079779,0.0042555546,0.0058508352,0.9691775,0.0055044084
xVNy6WDB.png,bali,3,bali,1,0.9481152,0.008723317,0.00833198,0.009133033,0.0074723857,0.007950431,0.010273561
DUny88xh.png,bali,5,bali,1,0.9756867,0.0037586489,0.0031604667,0.0032071033,0.006777845,0.0037678364,0.0036412287
8Rm7nDGg.png,lontara,2,lontara,1,0.0062407083,0.006122991,0.00416737,0.0049440437,0.96734065,0.0049007805,0.0062835156
choTfLD5.png,sunda,3,sunda,1,0.007252648,0.0070055216,0.0066456613,0.0067668166,0.0075489297,0.006485379,0.95829505
iXgnXmCv.png,jawi,2,jawi,1,0.0020462768,0.00451775,0.9708104,0.0015781547,0.0014036398,0.015691688,0.003952013
BRWBWS6p.png,sunda,4,sunda,1,0.006221259,0.0034711163,0.0036412533,0.004443963,0.0048855077,0.005447517,0.9718893
VdLNM3W8.png,lampung,1,lampung,1,0.0082323905,0.0115417065,0.00781714,0.94875133,0.00851032,0.0077676754,0.007379467
oeKuS0iB.png,jawa,1,jawa,1,0.002327956,0.9823155,0.002390154,0.004271326,0.0026716227,0.0026560142,0.0033673674
PbobTz7L.png,lampung,1,lampung,1,0.008670863,0.0084123,0.008928649,0.9484153,0.010117485,0.006079897,0.009375437
voBbJjsu.png,pegon,2,pegon,1,0.010751158,0.008886948,0.006884088,0.0090136845,0.007608837,0.9467554,0.010099778
7Ha7hpkC.png,pegon,2,pegon,1,0.0073242746,0.006231226,0.0060987794,0.009492211,0.00770958,0.9578865,0.005257477
nFqrx6N4.png,jawi,3,jawi,1,0.0066280426,0.007096977,0.95435536,0.008317488,0.0069055473,0.010042609,0.006653984
Sygn4f0M.png,lampung,4,lampung,1,0.0045341193,0.006568177,0.0039857468,0.9592225,0.006095369,0.00737399,0.012220146
b0iF2CTT.png,bali,1,bali,1,0.9551026,0.008446832,0.006737691,0.008740532,0.009035618,0.004879113,0.007057592
GT1cETKa.png,lampung,5,lampung,1,0.0061804876,0.004937148,0.006040266,0.9664632,0.005820223,0.0047922623,0.005766476
aa1nwDXG.png,bali,3,bali,1,0.9505492,0.008013767,0.00781667,0.008896458,0.008788519,0.007155489,0.00877994
poxYjw8i.png,sunda,4,sunda,1,0.0047539356,0.003773548,0.0033661101,0.0041647176,0.005277565,0.0062580905,0.9724061
IcbvzgRM.png,pegon,4,pegon,1,0.0055912654,0.003303024,0.013970908,0.0068874555,0.0061950134,0.9560471,0.008005208
jPtFvwO7.png,lontara,5,lontara,1,0.0031201039,0.0072792964,0.010022759,0.005578506,0.9510749,0.020661613,0.0022627416
NsTtI4KT.png,bali,1,bali,1,0.970088,0.006071808,0.003238915,0.004578767,0.005355736,0.0054453914,0.0052214623
6F1ibKfQ.png,jawa,4,jawa,1,0.0019346552,0.9694472,0.015109884,0.003866354,0.0032367753,0.0037400867,0.0026651002
BuvOP2rJ.png,bali,2,bali,1,0.9693198,0.0060345004,0.004200436,0.005258247,0.0038583027,0.0053645754,0.0059641963
BoN0wEl6.png,lampung,2,lampung,1,0.0041109934,0.0024595854,0.02928407,0.95612,0.005652082,0.0009745413,0.0013986952
qwjDhKjI.png,sunda,1,sunda,1,0.0064651878,0.005230558,0.0070384853,0.0069734887,0.009406793,0.006303099,0.95858234
batkgbdv.png,bali,2,bali,1,0.972695,0.006922369,0.0029772737,0.004593314,0.0040973644,0.004365884,0.0043488625
QFITA17m.png,bali,2,bali,1,0.96953166,0.0073592183,0.003985539,0.004001138,0.004459235,0.0050014267,0.0056618275
1kFURWTM.png,sunda,1,sunda,1,0.009589194,0.0075893817,0.0073991083,0.010505988,0.009159013,0.0091144,0.94664294
pi1koaCG.png,bali,2,bali,1,0.97496337,0.0047501735,0.0034617523,0.004359004,0.0035059801,0.004237287,0.004722422
PKkvHovJ.png,bali,1,bali,1,0.9837631,0.0023245662,0.0021646195,0.004062844,0.0028634567,0.0024136286,0.002407743
l3sEbeMG.png,sunda,2,sunda,1,0.006437737,0.0041362694,0.013378145,0.0040721428,0.004104081,0.0058730855,0.96199864
S2LnsPn4.png,bali,4,bali,1,0.9697518,0.002289222,0.0030120658,0.0052477634,0.008320641,0.0039670262,0.0074113803
h3bNR2wl.png,sunda,4,sunda,1,0.0036927322,0.003209868,0.0027401887,0.0034202256,0.004188502,0.0052664005,0.977482
LTYUKfIW.png,bali,2,bali,1,0.976228,0.005925138,0.002662856,0.0043689227,0.003272172,0.0036646589,0.0038782181
N2zFxSOi.png,jawa,4,jawa,1,0.004838417,0.95783305,0.008258604,0.0070226886,0.0055581173,0.0053976444,0.011091482
Ly2x1SVN.png,pegon,5,pegon,1,0.006080263,0.007799592,0.006273271,0.0065711224,0.007570705,0.9568453,0.008859699
TtWbyema.png,jawi,4,jawi,1,0.011490303,0.010974835,0.93124545,0.013499279,0.008255973,0.016640918,0.007893306
D2nDbjMN.png,lampung,1,lampung,1,0.008626995,0.0070377104,0.009789996,0.95567286,0.005385471,0.004281111,0.009205835
sBKrWgzj.png,pegon,1,pegon,1,0.008706807,0.009818048,0.008025005,0.006419997,0.0073139886,0.95327747,0.006438833
NYqz6rNj.png,jawa,4,jawa,1,0.0035980681,0.9726327,0.0062412373,0.005263353,0.004640359,0.0038828487,0.0037413992
RdkkAilw.png,lampung,5,lampung,1,0.0066517983,0.0050161397,0.006218349,0.9643456,0.007701165,0.0046165744,0.005450288
MUfGVCIU.png,lampung,4,lampung,1,0.0071652625,0.0101590585,0.0057574497,0.95231235,0.00906659,0.009053318,0.0064859306
QsiOZpZl.png,jawi,5,jawi,1,0.008942922,0.009855505,0.90953416,0.008633984,0.009482576,0.04132137,0.012229494
cs9cua3i.png,lampung,2,lampung,1,0.0057407017,0.004259883,0.008715142,0.9687431,0.004521356,0.004056877,0.0039629
qvFKrvvc.png,pegon,5,pegon,1,0.007261844,0.0062938146,0.0024312255,0.0062113847,0.008895225,0.9599787,0.00892786
oRGev7Pj.png,lampung,4,lampung,1,0.004282297,0.0057456032,0.002695541,0.9709915,0.0059164213,0.004580794,0.0057878396
FoPqbvuW.png,lontara,4,lontara,1,0.00934073,0.009674955,0.0082673505,0.009986946,0.93984264,0.0121885585,0.010698747
tcL8ft2D.png,lontara,1,lontara,1,0.0056661796,0.006417488,0.006439461,0.0075358474,0.9575691,0.009811816,0.006560058
n97oYdkd.png,jawi,5,jawi,1,0.002031865,0.0039820857,0.9781979,0.0032263661,0.0034411633,0.0038633407,0.005257406
oVWNNlH7.png,sunda,4,sunda,1,0.008719091,0.005306502,0.0057826983,0.006476315,0.00795046,0.0064699934,0.9592949
hMYRtlJk.png,jawa,3,jawa,1,0.007828429,0.95197916,0.008733244,0.008341461,0.0070793065,0.005475809,0.010562632
MJ0ar3Ba.png,jawi,1,jawi,1,0.0026464094,0.00829607,0.96264833,0.0054247794,0.006476779,0.012287767,0.002219812
3ofFY2Sm.png,jawa,4,jawa,1,0.0032210883,0.98089886,0.0048259916,0.0020715832,0.004861469,0.002421926,0.0016990528
siwF2MmU.png,jawa,3,jawa,1,0.006901406,0.95891964,0.009673322,0.0064516924,0.0070719714,0.005583474,0.005398493
NA5VHBgm.png,lampung,4,lampung,1,0.008819984,0.009184778,0.0044414685,0.95909,0.005535599,0.0037657458,0.00916238
OK4UFhlw.png,sunda,3,sunda,1,0.0077049388,0.0063132006,0.0077919564,0.007922395,0.005919131,0.00469845,0.9596499
NFzxrArQ.png,pegon,2,jawi,0,0.009953243,0.008227389,0.72912395,0.016014338,0.011625161,0.20971511,0.015340795
nbtW9bVE.png,bali,2,bali,1,0.97293943,0.006413141,0.0040152017,0.0033515515,0.003498702,0.004775159,0.0050067683
9rQRSZJt.png,jawi,3,jawi,1,0.0033990955,0.0055280626,0.9695477,0.005023537,0.0064755958,0.0062488415,0.0037771815
yRpkDAc3.png,pegon,2,pegon,1,0.0061345166,0.0024640884,0.00815474,0.0052266736,0.0042575626,0.9710562,0.0027062718
ZUeiocJQ.png,lampung,1,lampung,1,0.007143783,0.0077054356,0.0066880644,0.95597035,0.009195221,0.005206127,0.008091015
cWEXpCqP.png,lampung,5,lampung,1,0.004625108,0.0045445175,0.0047255503,0.9661282,0.0068421443,0.007398122,0.005736399
QJG2flSb.png,lampung,2,lampung,1,0.010153812,0.0093815755,0.009962283,0.94349164,0.008095325,0.0074432115,0.011472118
qESXeLFx.png,lampung,3,lampung,1,0.008243997,0.0053097457,0.0066859787,0.960819,0.006878034,0.0063611423,0.0057020904
Uh5IjS1j.png,sunda,4,sunda,1,0.0046320893,0.006352992,0.004424289,0.007431028,0.008713242,0.0046320893,0.9638142
w5N9PNNM.png,sunda,3,sunda,1,0.0070665022,0.0049962415,0.0053601847,0.005770328,0.0075002466,0.0059680506,0.9633384
TZbJEc5Q.png,lampung,1,lampung,1,0.010473326,0.009554714,0.0110836625,0.93727076,0.009838779,0.011072844,0.010706
ikxVtKWj.png,jawi,1,jawi,1,0.0026584568,0.0046203947,0.97556734,0.005268933,0.004988525,0.0026584568,0.0042378427
1ZXt5YVc.png,lontara,2,lontara,1,0.0046568834,0.003051078,0.005336537,0.005230764,0.97466755,0.003344415,0.0037127913
VCntaz7J.png,jawi,5,jawi,1,0.006465485,0.008876191,0.9479208,0.0075736954,0.011038511,0.008768498,0.009356833
ScgQLc8D.png,lontara,5,lontara,1,0.008147626,0.007908526,0.008147626,0.0067381486,0.955634,0.0063453773,0.00707878
L5RSkhHq.png,jawa,2,jawa,1,0.009194072,0.95585096,0.009625901,0.007783882,0.0074383193,0.0038646061,0.0062423204
bUXrN0U8.png,pegon,1,pegon,1,0.006242888,0.0074063777,0.015219176,0.008186112,0.008946893,0.945724,0.008274524
aR2WPQJu.png,pegon,5,pegon,1,0.006117834,0.0063989237,0.0028174082,0.005831979,0.006814946,0.9655824,0.0064365277
RdA2oMDc.png,sunda,2,sunda,1,0.0074792686,0.0049074204,0.012673064,0.009496322,0.005867679,0.0068734237,0.95270276
1ZoygnsD.png,jawi,2,jawi,1,0.004598197,0.0037713086,0.97849506,0.003641027,0.0016653566,0.005282165,0.002546816
B4fqSHPu.png,sunda,3,sunda,1,0.0044081593,0.0052991123,0.0064641386,0.004944142,0.0044863317,0.006565934,0.96783227
pqnVdpac.png,lampung,2,lampung,1,0.008191887,0.006046221,0.005551034,0.957547,0.00736111,0.0072966963,0.008006031
HE7pRcW0.png,jawi,5,jawi,1,0.0042759683,0.008812359,0.9582609,0.0058903955,0.008803758,0.0067500747,0.007206499
d8z061u0.png,jawi,4,jawi,1,0.0052365214,0.0051327306,0.97051346,0.0057821665,0.006806407,0.0022401353,0.004288557
2A63cZF0.png,jawi,2,jawi,1,0.0037547513,0.012061449,0.9647319,0.00646865,0.0024817393,0.0089545585,0.001546978
dq7nTl0e.png,bali,2,bali,1,0.96503717,0.0026271946,0.0032189062,0.007037607,0.006432893,0.005572645,0.010073526
aDH5W4Qj.png,pegon,4,pegon,1,0.006294036,0.011133016,0.0035168696,0.010336654,0.006812125,0.9525416,0.009365789
NElrFQPm.png,jawa,4,jawa,1,0.01288991,0.91519773,0.016282443,0.010859693,0.011662133,0.019326441,0.013781669
8MjmtMqh.png,lampung,1,lampung,1,0.0057843914,0.00576184,0.006842354,0.96239114,0.0073228744,0.0056947125,0.0062027164
uufSFSKn.png,pegon,4,pegon,1,0.010489698,0.006815784,0.0074346783,0.009225538,0.011036134,0.94194996,0.013048267
3Smk3AKE.png,lampung,4,lampung,1,0.009057711,0.0060632704,0.0060632704,0.95323974,0.0064166095,0.00864715,0.010512261
U2nA0Cet.png,bali,3,bali,1,0.95698345,0.0057434696,0.006965257,0.006588136,0.009160129,0.0060338173,0.008525681
xOfR5IRv.png,pegon,2,pegon,1,0.007728829,0.0066626677,0.0051964973,0.0066659213,0.006837341,0.9598095,0.007099302
cUEn977l.png,pegon,1,pegon,1,0.0056808684,0.005678095,0.0063560605,0.008229371,0.0071010925,0.9605204,0.0064341244
CCzzkLVk.png,lontara,3,lontara,1,0.010306146,0.007875035,0.007551192,0.00939761,0.9474144,0.009464381,0.00799124
zPEg8b0E.png,jawa,4,jawa,1,0.0044004996,0.96993184,0.0060560266,0.0032447248,0.005589981,0.0070422855,0.0037346552
XGO4pjTI.png,jawi,1,jawi,1,0.0022393642,0.003045939,0.97683424,0.003557587,0.0037301404,0.007214651,0.0033781384
5zEGbmuw.png,lampung,2,lampung,1,0.0084935725,0.008686504,0.009054614,0.95059025,0.0072578457,0.0063676066,0.00954958
43ik68b4.png,jawi,4,jawi,1,0.018933238,0.0048113856,0.9340591,0.0033132783,0.011729398,0.011769556,0.015384162
vYCsX9US.png,lontara,5,lontara,1,0.007220835,0.0056538777,0.007519487,0.005598933,0.96298414,0.0050829733,0.0059396964
VO9PCuJE.png,sunda,4,sunda,1,0.003362665,0.002363621,0.004456983,0.0040167305,0.0048735747,0.0047606775,0.9761656
oP4vfjOb.png,sunda,5,sunda,1,0.009086399,0.009448361,0.007636586,0.010392206,0.010387133,0.0106959455,0.94235337
C4DWB474.png,jawi,3,jawi,1,0.009615796,0.015562317,0.9451067,0.007894304,0.008289333,0.004463035,0.009068559
cdpS87Z0.png,lampung,5,lampung,1,0.005987944,0.0033885841,0.007069316,0.96749383,0.0049593346,0.005979179,0.00512176
s1qR4aHe.png,bali,4,bali,1,0.94647765,0.0026714734,0.009399786,0.009066207,0.009079497,0.006805212,0.016500158
PnrEr8ZT.png,lontara,3,lontara,1,0.009959818,0.008295369,0.0069040186,0.008841161,0.9494965,0.008890946,0.007612259
3DZIpr0D.png,jawi,2,jawi,1,0.0027753725,0.0021488345,0.9756361,0.008393641,0.0047604195,0.004818886,0.0014668095
XPYzUDEj.png,jawa,2,jawa,1,0.012208895,0.9277212,0.025980672,0.011931901,0.0065381425,0.0068854527,0.0087338295
PqFZrE4J.png,lampung,5,lampung,1,0.0050778,0.0056041693,0.0059772697,0.96200407,0.007907005,0.006829591,0.006600102
2GHdL2HV.png,jawi,5,jawi,1,0.0072307903,0.005349905,0.9549406,0.007391428,0.0062914286,0.010137475,0.0086583495
jDP92arf.png,lampung,5,lampung,1,0.0061462903,0.005916605,0.0022533785,0.9686538,0.0043477453,0.0053295703,0.007352555
23UsjIFW.png,sunda,5,sunda,1,0.006913058,0.0063221324,0.00632831,0.008616052,0.007972438,0.00658683,0.9572611
CsPBfLQA.png,jawi,3,jawi,1,0.0038239076,0.0038239076,0.9786702,0.003368002,0.003069597,0.00431827,0.002926171
JZ1whhs3.png,lontara,3,lontara,1,0.0081448145,0.006290752,0.00611211,0.006956431,0.9562376,0.009119532,0.007138806
3uK7UIKJ.png,pegon,5,pegon,1,0.0046074055,0.0058186213,0.0041179694,0.005436809,0.0072803893,0.9680862,0.0046526203
nL4gJTNG.png,jawa,5,jawa,1,0.0024671033,0.9798697,0.0034554708,0.0035305123,0.0038775094,0.0040794997,0.0027201877
TczqNdsP.png,bali,1,bali,1,0.96270025,0.0034585032,0.004901144,0.006392297,0.0067995824,0.005605487,0.010142796
cXOBfe2u.png,jawi,3,jawi,1,0.006677945,0.0048833047,0.96295035,0.004854775,0.0071155815,0.007984653,0.005533509
Knbrhds6.png,lampung,4,lampung,1,0.010656659,0.008228798,0.009606358,0.9506555,0.0065381844,0.0059356694,0.008378814
4uAmoYZt.png,lampung,5,lampung,1,0.0050249044,0.005649652,0.0050940765,0.9660306,0.0061326395,0.006608338,0.0054598115
wnz2exYX.png,sunda,4,sunda,1,0.0040211203,0.004013274,0.0032373776,0.004128556,0.0046623037,0.005563723,0.9743737
8Qt2WSim.png,lampung,4,lampung,1,0.005720932,0.0055206036,0.0046829884,0.96871233,0.0039204326,0.005951734,0.005491032
b2xNIOw0.png,lontara,1,lontara,1,0.0072896257,0.009951582,0.0075320485,0.007208218,0.9510304,0.009730551,0.007257662
bN951kQr.png,jawa,3,jawa,1,0.006535615,0.95213974,0.011041717,0.009109316,0.00804287,0.008273903,0.0048568565
eHc1UOgQ.png,pegon,5,pegon,1,0.005316473,0.00643799,0.0046235444,0.00582761,0.007758118,0.9639172,0.006119223
yZdJUHlj.png,pegon,3,pegon,1,0.012227674,0.008859019,0.009979935,0.012329595,0.011874638,0.9305101,0.014219021
IvZc4Sdh.png,sunda,2,sunda,1,0.010009296,0.011747854,0.009527648,0.007533311,0.010377574,0.011155278,0.93964905
JNBuhPOK.png,bali,4,bali,1,0.9726616,0.0026171014,0.0019582054,0.0068800105,0.0049591167,0.004331759,0.006592256
TzqdqtA0.png,pegon,3,pegon,1,0.013156325,0.006644551,0.029220667,0.0025023608,0.0071146535,0.9373117,0.00404985
P1m06Z7A.png,jawa,3,jawa,1,0.0061437814,0.96166205,0.007865693,0.0075165,0.0061258087,0.0057997988,0.004886306
v1OXeYbY.png,lampung,2,lampung,1,0.0069451253,0.006614154,0.0052964883,0.9635817,0.0058884984,0.005704542,0.0059695584
wgakSBPA.png,lontara,1,lontara,1,0.008098293,0.0106502045,0.005439592,0.008959617,0.95031166,0.009813824,0.006726846
SvkcCYTX.png,bali,4,bali,1,0.9682845,0.0033322605,0.0027383673,0.004626386,0.0063436213,0.006718217,0.007956684
6GA4sPiL.png,lampung,3,lampung,1,0.008794841,0.008161748,0.010247127,0.9479873,0.010551778,0.0063812532,0.00787595
5D9e3p1c.png,lampung,5,lampung,1,0.0042199823,0.0040188786,0.0042822533,0.9719303,0.0055524823,0.0051932023,0.004802927
ZQ11xJiX.png,jawi,3,jawi,1,0.0086641805,0.009665593,0.942608,0.010299022,0.010693613,0.010134402,0.007935186
nFajvoB2.png,lontara,5,lontara,1,0.0073492164,0.0049654506,0.009035277,0.0057207816,0.9620876,0.0051986678,0.0056431005
HAU8PlN5.png,lontara,2,lontara,1,0.006522352,0.006340227,0.004207036,0.0059677367,0.9632877,0.007244303,0.006430644
iQhIXrzU.png,lampung,2,lampung,1,0.0055565983,0.0051465463,0.007408172,0.9655529,0.0060819057,0.004079213,0.006174666
Cyayh52v.png,lontara,3,lontara,1,0.008673741,0.010295293,0.0074808835,0.0063893725,0.9487301,0.009369396,0.009061199
GCPsfsSH.png,pegon,1,pegon,1,0.0037283816,0.004601689,0.0040313415,0.0058942777,0.0052861767,0.9711435,0.005314646
KgWndiJv.png,jawa,3,jawa,1,0.0057377606,0.9654142,0.005585721,0.004963194,0.006724519,0.0057293614,0.005845217
RJq9FlCW.png,lontara,4,lontara,1,0.0070983497,0.0074390066,0.005642742,0.01180075,0.94711167,0.009740268,0.011167272
lDwHJQr1.png,jawi,5,jawi,1,0.014325433,0.008834266,0.9379317,0.01393903,0.009217635,0.007210318,0.008541586
69KpwbyP.png,jawi,2,jawi,1,0.011727345,0.02571513,0.91627973,0.0061617983,0.01839573,0.018585328,0.003134869
jCXHi2dB.png,bali,4,bali,1,0.98174137,0.0011033074,0.0055094603,0.0025453032,0.0029410922,0.0033884838,0.002771007
oz6axggI.png,jawi,4,jawi,1,0.005091241,0.0048533548,0.96832573,0.0061923983,0.007096154,0.0026776607,0.0057635014
3YAeVKBz.png,lampung,3,lampung,1,0.0075574475,0.007816407,0.008215558,0.9523755,0.008163574,0.008187526,0.007683961
m4z1XZzL.png,jawa,2,jawa,1,0.0061488976,0.96481556,0.007449653,0.0056315362,0.0053894157,0.0049552745,0.005609581
14Lt4WlT.png,sunda,3,sunda,1,0.0064547635,0.0068878555,0.0070202774,0.005133637,0.006666166,0.004706292,0.963131
C26KLenr.png,jawi,3,jawi,1,0.0023653726,0.006305387,0.9617438,0.003746779,0.0046857656,0.009558396,0.011594551
hou8FR6i.png,lampung,5,lampung,1,0.0060306583,0.0049655307,0.0060306583,0.9583524,0.006469952,0.011100206,0.007050554
Hut8cofA.png,lampung,1,lampung,1,0.009955671,0.009777422,0.011292276,0.9410257,0.011897937,0.0071918396,0.008859082
e10WL4yp.png,jawi,5,jawi,1,0.009985382,0.011128626,0.8875163,0.007875979,0.010142629,0.05922807,0.014122961
hf7YHOni.png,lontara,4,lontara,1,0.0063616135,0.009615419,0.006238569,0.011626761,0.9469173,0.0106797395,0.008560488
NA5TIdrN.png,jawi,2,jawi,1,0.005359029,0.0032504152,0.9556354,0.0045304173,0.0037779189,0.02319913,0.0042476286
JsqQpKkl.png,pegon,3,pegon,1,0.0069222064,0.0056552608,0.0067486605,0.006778382,0.0067026843,0.9622795,0.004913376
TinA0US9.png,jawa,2,jawa,1,0.0018082906,0.98167175,0.0043442226,0.0022482574,0.0024716405,0.004506262,0.0029495123
cdyCdzC7.png,jawa,3,jawa,1,0.011136135,0.94078875,0.0071062627,0.0096422285,0.009423466,0.012880352,0.00902272
czAlIux8.png,jawi,3,jawi,1,0.005691514,0.0062968554,0.9670305,0.0047624083,0.0051796525,0.0059298077,0.0051093185
0L3z3SQN.png,bali,5,bali,1,0.77460825,0.06667585,0.090901755,0.007389157,0.016013805,0.026158491,0.018252656
RM32xtTW.png,jawi,2,jawi,1,0.0052463147,0.003210141,0.9642909,0.005750707,0.0058469744,0.008062417,0.007592454
qYlEZN9z.png,bali,3,bali,1,0.93021756,0.01238605,0.0119057335,0.010687876,0.0095899105,0.010568517,0.0146443015
bxlXmak1.png,jawa,5,jawa,1,0.007158764,0.9561059,0.007900849,0.006087442,0.0064547854,0.010339931,0.0059522367
SuRtdxTJ.png,jawi,3,jawi,1,0.03221622,0.016559213,0.90587,0.010577197,0.015533172,0.004129973,0.015114191
8yjpTIAh.png,sunda,2,sunda,1,0.006248484,0.009854274,0.010377739,0.0058584535,0.005835614,0.007829704,0.9539957
d5y6kFuS.png,pegon,3,pegon,1,0.0051479205,0.0042636106,0.0060067847,0.004989536,0.0061914115,0.9686443,0.0047564004
VcYUUu2z.png,lampung,2,lampung,1,0.010918518,0.007918257,0.0061727697,0.94520104,0.009902665,0.010372837,0.009514004
KlctSWiv.png,lampung,5,lampung,1,0.0066161035,0.0068830187,0.005988837,0.9582345,0.008924703,0.0074970275,0.005855821
x6RVUnPi.png,lontara,2,lontara,1,0.006637454,0.004834772,0.0044279792,0.008535153,0.95991963,0.008551839,0.0070931865
SY5W0eL6.png,jawa,2,jawa,1,0.011505923,0.93570423,0.016119344,0.009446047,0.006213044,0.008206867,0.012804486
UDpKEE02.png,sunda,3,sunda,1,0.00946809,0.0075744633,0.0066616326,0.009194727,0.009194727,0.008499581,0.9494067
U8jUC8UB.png,jawi,2,jawi,1,0.003425144,0.0028520497,0.9856022,0.0027468104,0.0016595294,0.0022440716,0.0014702616
2aWpINt9.png,jawa,1,jawa,1,0.007832473,0.9613484,0.0063926782,0.0042939372,0.007821009,0.006232408,0.0060791224
08zlkoX2.png,lampung,3,lampung,1,0.008643939,0.016767727,0.009049929,0.93902934,0.0113789,0.006084741,0.009045511
3Wpj1kDG.png,jawi,3,jawi,1,0.0042085005,0.0038619372,0.97212976,0.003813219,0.0062654833,0.0031612695,0.0065597612
4cClALn9.png,sunda,4,sunda,1,0.008134325,0.0049264957,0.005896243,0.0076676537,0.008739648,0.0072951224,0.9573405
c1yd0RVE.png,lontara,2,lontara,1,0.00727508,0.0073788287,0.004468935,0.0057888823,0.9631383,0.0048226425,0.0071274033
0ZinjJ8h.png,pegon,1,pegon,1,0.008215939,0.0071976297,0.0036493626,0.0061294637,0.0062840176,0.96364635,0.0048772986
eFl19t80.png,lampung,4,lampung,1,0.0078072385,0.0059249513,0.0073199114,0.95638144,0.008916146,0.0048122494,0.0088381255
T3IryATF.png,jawi,2,jawi,1,0.016894024,0.003284665,0.95166206,0.006306674,0.0043007783,0.012141601,0.0054102116
nliFDXFf.png,lampung,1,lampung,1,0.011388979,0.01011968,0.010538229,0.9384853,0.010952675,0.008948046,0.009567096
uAfUeweZ.png,jawa,4,jawa,1,0.0033635625,0.9745209,0.0059321313,0.004141295,0.0062304945,0.0034975517,0.002313999
4I5C6He0.png,lontara,5,lontara,1,0.007913449,0.006411636,0.009086114,0.0071596857,0.95763063,0.0051443535,0.0066540376
WyDE9uju.png,jawi,3,jawi,1,0.0061780936,0.0128354505,0.96373314,0.0038888722,0.0051168203,0.0057417704,0.0025059453
cRp4rTDy.png,lontara,2,lontara,1,0.0058494024,0.006739199,0.0044717724,0.008956369,0.95811933,0.008053958,0.0078099775
TelalwGU.png,lontara,1,lontara,1,0.0066148653,0.0055053793,0.0057808678,0.0073291417,0.9594596,0.00826859,0.0070414874
4kCwDtpp.png,jawa,5,jawa,1,0.005420319,0.9627966,0.006405435,0.0075180223,0.0061240583,0.0065126633,0.0052228607
Jn5BcYtr.png,jawa,3,jawa,1,0.004527393,0.9531342,0.015883379,0.0071574524,0.0069711967,0.00840066,0.003925792
1kXUAIq7.png,bali,4,bali,1,0.93275344,0.00916227,0.010057873,0.008552695,0.008157055,0.011203945,0.02011265
b38LRCGl.png,jawi,4,jawi,1,0.0065097366,0.014886391,0.8961463,0.018662604,0.031831525,0.007753185,0.024210239
luuPnhLk.png,jawa,5,jawa,1,0.0016481291,0.9712142,0.004704262,0.00391906,0.0026699577,0.0053436575,0.010500757
FhuLCH44.png,pegon,4,pegon,1,0.007816603,0.010115435,0.007253927,0.011028562,0.009355249,0.94360447,0.010825817
BstH3txE.png,bali,4,bali,1,0.969799,0.0025689444,0.006534454,0.005809027,0.0051439996,0.005613831,0.0045307064
2dWrOTZ0.png,lontara,4,lontara,1,0.005600649,0.005114411,0.0039831074,0.006528667,0.96894014,0.005915464,0.0039175274
V6dmXQ8j.png,lampung,1,lampung,1,0.00948496,0.0082005365,0.007401335,0.95063406,0.00948033,0.007722522,0.007076211
mo5lpfJu.png,sunda,5,sunda,1,0.021148926,0.01139229,0.009768161,0.01477154,0.015166204,0.012530323,0.91522247
91t7JrTl.png,lampung,4,lampung,1,0.006153792,0.004887103,0.004123399,0.9674712,0.0048113354,0.005797914,0.006755319
EFg5wH6t.png,sunda,5,sunda,1,0.0038952013,0.005329311,0.0076450757,0.005598722,0.005490433,0.0048523927,0.9671889
RchftR0f.png,jawi,1,jawi,1,0.003429177,0.0030321546,0.9771733,0.0040901834,0.0025015003,0.0068031033,0.002970605
3XWDQfar.png,lampung,3,lampung,1,0.008107104,0.0063199876,0.0062159323,0.95740366,0.0067177443,0.008063677,0.0071719824
RluiVo0S.png,jawa,1,jawa,1,0.005039957,0.96845144,0.0054574814,0.0060143922,0.0073582004,0.0036425737,0.004035901
mT2iYZyD.png,sunda,4,sunda,1,0.0067471364,0.0052907183,0.005282974,0.005267519,0.006529976,0.0055257063,0.96535605
qSZlUe8k.png,lampung,5,lampung,1,0.00429579,0.004778281,0.0045594675,0.9731003,0.0039228373,0.004321035,0.0050222883
myShL7j9.png,jawi,4,jawi,1,0.0066583385,0.013209399,0.94201237,0.0155987125,0.013190064,0.0044310805,0.004899971
DtpUPwCx.png,lontara,2,lontara,1,0.011546575,0.0072628027,0.008641654,0.007791851,0.9456821,0.009518847,0.009556102
KxlNUzn7.png,jawa,1,jawa,1,0.013194015,0.9381628,0.0125621855,0.006192975,0.013323495,0.009006327,0.0075582108
xUkeAEQ7.png,sunda,1,sunda,1,0.0043477025,0.004005291,0.0038349607,0.0037024803,0.005405522,0.0038915507,0.97481257
GCBUFSD6.png,pegon,5,pegon,1,0.007509946,0.0045616897,0.0038714558,0.007843501,0.006473978,0.95661044,0.013128981
imyRMBu5.png,pegon,1,pegon,1,0.0039030805,0.00781163,0.009870006,0.0071823695,0.0059981644,0.9587902,0.0064445245
GisEHIBs.png,lampung,5,lampung,1,0.0047833906,0.0041376585,0.004539893,0.9722401,0.005271514,0.0043617114,0.004665744
SLGwgWFQ.png,sunda,2,sunda,1,0.0063180504,0.005524172,0.0053568264,0.006464721,0.008264468,0.0076845475,0.9603871
npFTkZEl.png,jawa,1,jawa,1,0.005656179,0.9690374,0.004880695,0.0062425034,0.0050013196,0.0040344014,0.005147495
g0Ki3YeX.png,pegon,5,pegon,1,0.0037271185,0.002791483,0.01014033,0.002422915,0.0041864216,0.97366285,0.0030688397
0BdtHwHo.png,lampung,5,lampung,1,0.0042352094,0.0041797403,0.006751342,0.97163445,0.0050491206,0.0035145427,0.004635596
J6eKKjs0.png,jawa,2,jawa,1,0.010305248,0.9582647,0.0067632985,0.007266597,0.0051477593,0.007388241,0.004864291
bII0BuJs.png,jawa,5,jawa,1,0.0030135573,0.96550614,0.0068044327,0.006881281,0.0046995045,0.006040179,0.0070547923
waT5eupf.png,sunda,2,sunda,1,0.0052695093,0.0070598074,0.0039679357,0.0056285686,0.006399842,0.0064248894,0.9652494
m6DGems1.png,jawa,4,jawa,1,0.18439259,0.35559958,0.07938375,0.050805498,0.06533118,0.12910445,0.13538292
1LxX81mj.png,bali,1,bali,1,0.96574533,0.0036537414,0.007765245,0.005779099,0.005762193,0.004448331,0.006846116
tYZZwo8Q.png,sunda,4,sunda,1,0.008127395,0.0045813704,0.004763872,0.0061288904,0.0076835984,0.006099038,0.96261585
tsBTvthV.png,lontara,4,lontara,1,0.006715472,0.008660812,0.00795926,0.009328062,0.9491681,0.007998218,0.0101701105
sylxCbu1.png,lampung,4,lampung,1,0.0058827745,0.006410684,0.00415322,0.96311516,0.007627759,0.007044198,0.0057661748
imk9b4r6.png,lontara,4,lontara,1,0.0076057087,0.0070893,0.0051062317,0.0074586016,0.95332307,0.0100024,0.009414755
HNvaRLps.png,jawi,1,jawi,1,0.0016726701,0.0015606233,0.9837525,0.0038776973,0.0045412416,0.0026225005,0.0019728127
6yDphqpC.png,jawi,1,jawi,1,0.0051306607,0.0066493014,0.9597566,0.0040825377,0.005051118,0.01527904,0.0040507675
WjQhQf9E.png,pegon,4,pegon,1,0.007861817,0.009693839,0.0027977477,0.008356611,0.007172261,0.95697343,0.007144299
sR5RaBni.png,pegon,1,pegon,1,0.004318318,0.0059895385,0.0063107875,0.005643159,0.005432276,0.9668069,0.005498994
y3ms7SWl.png,jawa,3,jawa,1,0.009734134,0.95347327,0.0051370477,0.00934296,0.008535988,0.0060234386,0.007753154
s3gRCrqz.png,bali,5,bali,1,0.96827656,0.005324894,0.0051837945,0.006025063,0.0055235117,0.0043929894,0.005273146
Yt4OzZN9.png,sunda,4,sunda,1,0.0067134444,0.005259161,0.004984138,0.009087015,0.0077535836,0.0051978896,0.9610047
Yylhe9J4.png,lampung,1,lampung,1,0.0076631634,0.013721232,0.010097661,0.9460949,0.0097631235,0.0057198606,0.0069400137
0yIg2TTX.png,sunda,3,sunda,1,0.0054889955,0.007928161,0.0036546742,0.0065374677,0.0056854,0.0065984004,0.964107
obEVSnS1.png,jawa,1,jawa,1,0.006561958,0.9653589,0.0049726125,0.006753748,0.0054135565,0.0055149407,0.00542414
AFBPhNbP.png,sunda,2,sunda,1,0.00846649,0.006258058,0.006853026,0.00860822,0.0070878468,0.0077352207,0.95499104
sDWo87at.png,jawa,4,jawa,1,0.011591179,0.9298376,0.0126807885,0.008681391,0.01415335,0.012393088,0.010662664
up3YLKIQ.png,pegon,4,pegon,1,0.0058679464,0.0043521794,0.010742858,0.004442354,0.006267783,0.9630359,0.005290904
lJvlTvSv.png,jawi,2,jawi,1,0.0051105395,0.0032691418,0.9715216,0.004738029,0.0044858763,0.0068301316,0.0040447437
ptje4qo0.png,lampung,2,lampung,1,0.0032880933,0.005858798,0.0062580113,0.9733439,0.0032816774,0.0022687158,0.005700767
EeIu96l7.png,pegon,3,pegon,1,0.006456486,0.0064944285,0.0053473907,0.008846542,0.007996088,0.9572922,0.0075668483
ssX67UJG.png,bali,5,bali,1,0.96496046,0.0068238713,0.0049318783,0.0065273005,0.005624138,0.005130847,0.006001497
02DYtVWP.png,lontara,1,lontara,1,0.00839383,0.006784267,0.006111144,0.0076352092,0.9500369,0.012697909,0.008340717
ml0G8LKd.png,pegon,5,jawi,0,0.0019621267,0.003793195,0.9689154,0.0042731413,0.005404395,0.013097691,0.0025541023
j6zCaxtl.png,bali,3,bali,1,0.95402604,0.008915928,0.007529993,0.0075853462,0.007248598,0.007427744,0.007266317
3bjvCM4C.png,lontara,4,lontara,1,0.004638813,0.007485547,0.0043919394,0.007655582,0.9577019,0.011025174,0.0071010287
Ize2iuqX.png,sunda,1,sunda,1,0.004033592,0.003920962,0.0047643506,0.005411913,0.0050395336,0.0051439507,0.97168565
RE7R177P.png,jawa,1,jawa,1,0.0045417678,0.9731165,0.005022372,0.0059583923,0.003578827,0.0037505785,0.00403165
rF7sKHop.png,bali,1,bali,1,0.95881474,0.013204288,0.0034210782,0.006655763,0.0068235877,0.004098495,0.0069819945
WbigaXJX.png,pegon,4,pegon,1,0.0075941775,0.006938251,0.00986606,0.0054485556,0.00872805,0.9546704,0.0067544016
5kkyLLXz.png,lampung,4,lampung,1,0.007476884,0.0059407516,0.004278963,0.96362567,0.006099476,0.0058629457,0.006715339
PoQOsLAf.png,lampung,2,lampung,1,0.0062482967,0.0068624113,0.009220867,0.95396715,0.00872162,0.008548754,0.0064309193
2oYhMFk5.png,sunda,4,sunda,1,0.007837688,0.0041788556,0.0067367423,0.0074970536,0.0069777933,0.0071293293,0.9596426
hcJHuAFS.png,lampung,5,lampung,1,0.0050645736,0.006815129,0.0042068874,0.9651369,0.00558139,0.0066442667,0.0065508457
yDsXaVgR.png,jawi,4,jawi,1,0.010027237,0.024516543,0.91326296,0.019243255,0.014133768,0.0071731447,0.011643163
FYqQ8ppo.png,pegon,1,pegon,1,0.0073423656,0.006298684,0.011973248,0.0064417594,0.00934985,0.95184976,0.0067443163
TfcA21uN.png,pegon,3,pegon,1,0.0049203616,0.004262378,0.0030283877,0.0035822787,0.003557874,0.976913,0.0037359095
lItSF14C.png,lampung,4,lampung,1,0.009516576,0.0069015506,0.0036279936,0.96269286,0.0059118625,0.0038319246,0.007517212
aYrY3N0P.png,lampung,3,lampung,1,0.00851398,0.0067285374,0.009944133,0.9500866,0.009502668,0.0075135594,0.00771054
Pjd0DFHr.png,jawi,2,jawi,1,0.0074461345,0.001978818,0.97906816,0.003310662,0.0037735172,0.0024244986,0.0019982373
G5iDNLkt.png,lampung,5,lampung,1,0.0036486743,0.003979985,0.0054426515,0.9691265,0.0064854375,0.0063537895,0.0049628546
rEi5INrR.png,sunda,3,sunda,1,0.0061171013,0.00800943,0.005239904,0.0051335394,0.0047108005,0.004850854,0.9659384
Z5bSFyOf.png,jawi,1,jawi,1,0.0016187928,0.0038025982,0.97941375,0.0026455836,0.0035426812,0.006832032,0.0021445523
lyoeSEFQ.png,lontara,5,lontara,1,0.007995851,0.006902959,0.0075592394,0.005881395,0.9577315,0.0066807847,0.0072483825
vCBlktfJ.png,jawi,1,jawi,1,0.007714031,0.0054995264,0.97021097,0.003130477,0.0045771115,0.0063671144,0.0025007136
ams0UyIa.png,pegon,1,pegon,1,0.007157267,0.0055253087,0.008302575,0.0050505414,0.008807888,0.9596472,0.005509145
tfbx6iQk.png,jawi,2,jawi,1,0.0072170827,0.003870579,0.96483654,0.005431803,0.0052237143,0.007366617,0.0060537
q7CjdSfv.png,pegon,3,pegon,1,0.0077601564,0.0063336547,0.0059064995,0.0058834716,0.007148991,0.9599427,0.007024423
zAap0P33.png,jawa,4,jawa,1,0.0074658087,0.9551766,0.0061682533,0.006824301,0.007850888,0.008822682,0.0076915226
vlDt7fuJ.png,jawi,3,jawi,1,0.0051455894,0.0046079746,0.96915174,0.0062280167,0.0073959525,0.00444879,0.0030219834
sccA221q.png,jawa,5,jawa,1,0.004056778,0.946279,0.005322129,0.009263413,0.0067343744,0.0124592,0.015885064
xFqN4S6v.png,jawi,3,jawi,1,0.0044846116,0.004081292,0.9707737,0.0061929147,0.005906436,0.0048775175,0.0036835414
ryofwTi8.png,bali,5,bali,1,0.9717692,0.007690663,0.0021719006,0.0042836345,0.006658965,0.004139696,0.003285981
f7nqO3pF.png,pegon,1,pegon,1,0.005696191,0.0043440266,0.0067544924,0.0058827493,0.007725181,0.96405214,0.005545253
6UYoKDZ6.png,lampung,2,lampung,1,0.005467449,0.00603421,0.009350531,0.9598537,0.006305298,0.00664024,0.0063485485
x8DFOy4x.png,lampung,1,lampung,1,0.011535174,0.009992614,0.010441535,0.9403761,0.010314849,0.008052849,0.0092868935
cGRm8z3q.png,jawi,2,jawi,1,0.002142927,0.002980976,0.9863473,0.0018948236,0.0046600588,0.0004648002,0.0015092104
dsIbKUKi.png,jawi,1,jawi,1,0.011036227,0.017297903,0.95632464,0.0033494646,0.005781707,0.0019883718,0.0042217337
MJNAGd5O.png,jawi,1,jawi,1,0.0021042437,0.0018917662,0.98283434,0.0021166096,0.0041128746,0.0038364294,0.0031038027
ZXrsChlh.png,jawi,4,jawi,1,0.004595556,0.0038322383,0.95714694,0.008901524,0.006183997,0.012682542,0.006657175
eqOaC3Td.png,jawa,4,jawa,1,0.009328458,0.9742124,0.0021922966,0.0017963035,0.0031991312,0.002812217,0.0064592687
LZZUYaqO.png,lontara,4,lontara,1,0.004667032,0.004003636,0.0042286823,0.0075458065,0.9691901,0.005526024,0.004838749
8GThUUUO.png,pegon,2,pegon,1,0.0012746247,0.0005154981,0.0006340735,0.0011303582,0.0012103311,0.9940937,0.001141451
QZb1mAUD.png,lampung,2,lampung,1,0.006009744,0.007323848,0.00516809,0.9620493,0.004826607,0.008012315,0.006610088
tVHGMw7T.png,pegon,4,pegon,1,0.0029445642,0.0039623445,0.00784551,0.0030708457,0.003931509,0.9752514,0.0029938568
8LkDxhjG.png,jawa,4,jawa,1,0.009544997,0.950598,0.005786507,0.0068515437,0.010439708,0.0072155027,0.0095636565
Px20xlVJ.png,jawi,1,jawi,1,0.0024862587,0.0037524172,0.9860324,0.0016749103,0.00249599,0.002391012,0.0011669943
0QcoNbRP.png,lampung,5,lampung,1,0.006225889,0.004220883,0.0050222226,0.9664583,0.0070445305,0.0046949605,0.006333203
bBenvn7g.png,lontara,1,lontara,1,0.010561879,0.010266958,0.0075004715,0.011141957,0.9401323,0.009541862,0.010854664
8SGmO45T.png,jawi,2,jawi,1,0.008211513,0.002393774,0.97710097,0.0025332721,0.0029300505,0.0017479054,0.005082488
dCxENrPF.png,jawi,1,jawi,1,0.0023924527,0.0054072943,0.9727544,0.004202988,0.0034505378,0.007946715,0.0038455955
NWXapYVA.png,lontara,5,lontara,1,0.0054775616,0.0070574093,0.01112457,0.0033320566,0.9597527,0.0070608556,0.006194779
9YpwaHYQ.png,lampung,4,lampung,1,0.006929706,0.0042154104,0.0033022575,0.9708773,0.0044960543,0.0024373112,0.007741978
TAwQPmKK.png,bali,3,bali,1,0.9578593,0.008047842,0.0061254655,0.0065684575,0.00651098,0.0059515173,0.008936467
5icda3eD.png,sunda,5,sunda,1,0.009102998,0.0068512023,0.0062441854,0.01086299,0.007458729,0.009857116,0.9496227
OV2CQGNU.png,jawi,4,jawi,1,0.009161627,0.02090472,0.9084169,0.016063461,0.022925736,0.009601302,0.012926275
KKELYNTz.png,sunda,2,sunda,1,0.00818318,0.0033095342,0.008527879,0.0059986473,0.0058654146,0.0045546256,0.9635608
ZIcBrC5j.png,pegon,3,pegon,1,0.004866509,0.0043879463,0.0056756525,0.0046300706,0.0051526222,0.97095037,0.004336825
5dUveaUc.png,sunda,1,sunda,1,0.006957364,0.0058444017,0.004876033,0.0046030297,0.0057989205,0.0038085997,0.96811175
GRzgRLrT.png,jawi,3,jawi,1,0.006309244,0.0038520587,0.9762941,0.0029448355,0.004651009,0.0015901718,0.0043585645
llobMCyU.png,lontara,5,lontara,1,0.005275835,0.00501461,0.009173873,0.00449068,0.96405154,0.005783065,0.006210385
kDh0nHKJ.png,jawi,5,jawi,1,0.0048402594,0.0051928405,0.95819783,0.0057873772,0.0062302076,0.013502952,0.006248487
cH4v16Zz.png,pegon,2,pegon,1,0.007092019,0.0065111816,0.005995453,0.006273984,0.0056322073,0.96163803,0.00685706
RbiCvqh7.png,jawi,1,jawi,1,0.020802047,0.016823407,0.9333333,0.0063815485,0.008508013,0.0036610381,0.010490615
cz53MGD5.png,lontara,1,lontara,1,0.007456151,0.009077662,0.005530129,0.008502727,0.9534753,0.009231877,0.006726211
OrvM6Roe.png,jawi,3,jawi,1,0.0077477284,0.007885123,0.952806,0.0063451612,0.007030316,0.009354675,0.008830918
VeznkrRf.png,pegon,5,pegon,1,0.0019790276,0.0028072773,0.0029048878,0.0021970111,0.0026013828,0.9820448,0.005465605
TSEYmX0S.png,jawi,2,jawi,1,0.0027211441,0.0041330727,0.98117197,0.003826202,0.0036922211,0.0014048347,0.0030505143
WLGZ8Ywy.png,lampung,3,lampung,1,0.007441212,0.005605961,0.0043446617,0.96137244,0.009401983,0.0061060484,0.0057277055
gtcC3Itf.png,sunda,2,sunda,1,0.007816128,0.0046969433,0.007804686,0.0061199893,0.0062012067,0.0052041216,0.9621569
mD5xYMgl.png,pegon,3,pegon,1,0.011411965,0.008365495,0.0045526843,0.009742125,0.009040841,0.9482178,0.008669057
fzjB5XJq.png,pegon,1,pegon,1,0.0056452467,0.005835833,0.007618798,0.0077880556,0.005365731,0.9624535,0.0052928706
hJ1ujoI7.png,jawa,5,jawa,1,0.0064757396,0.9582735,0.0066034626,0.0074099856,0.0073630987,0.008458338,0.0054159695
OCr0drxC.png,jawa,2,jawa,1,0.0032416242,0.9652273,0.00481426,0.008326422,0.0056229467,0.0070252586,0.005742254
oGQ50NpF.png,jawa,2,jawa,1,0.0033877352,0.9786532,0.004240881,0.003842558,0.0031484792,0.003675557,0.0030516107
kqcAF6E1.png,lampung,5,lampung,1,0.005638379,0.0033049355,0.0068746367,0.9659879,0.0076505104,0.004378328,0.006165394
KNAz3Txi.png,lontara,3,lontara,1,0.009022734,0.0059738634,0.005745008,0.0075608953,0.9577074,0.0070906756,0.0068994164
aYNgcM0f.png,sunda,2,sunda,1,0.0063552777,0.0052635674,0.074967824,0.0063739237,0.011159307,0.00895363,0.88692653
r7niaR1S.png,lontara,4,lontara,1,0.0062307124,0.0033285525,0.006783218,0.007769406,0.9615564,0.009276088,0.005055649
NghfO4TE.png,pegon,4,pegon,1,0.005217987,0.009950468,0.0072232652,0.00568069,0.0053261016,0.9600214,0.00658007
nm6LbwuL.png,sunda,4,sunda,1,0.0053188973,0.0022999493,0.0067566275,0.004411674,0.005127637,0.0046392246,0.97144586
61TvBL5y.png,jawi,3,jawi,1,0.005736768,0.0063376324,0.9638342,0.0047189365,0.0060621933,0.007548207,0.005762033
5XnLUpz2.png,lampung,3,lampung,1,0.006886919,0.007189291,0.009145987,0.95457333,0.006475983,0.008821417,0.0069071245
ATaCCYT8.png,jawi,1,jawi,1,0.0025021443,0.0037015425,0.97647095,0.004139463,0.003936426,0.0061476748,0.0031018287
M1xPccTs.png,jawi,4,jawi,1,0.0038041957,0.0055242726,0.96228224,0.006912094,0.0052816034,0.009143633,0.0070518656
ORuXtWYK.png,lampung,2,lampung,1,0.0059870463,0.0034229956,0.012810682,0.9687668,0.00534583,0.0021843044,0.0014823105
VQ6FFF5g.png,sunda,5,sunda,1,0.00710421,0.008403568,0.005042561,0.008683034,0.008297555,0.009935724,0.95253325
LozqxAEF.png,jawi,5,jawi,1,0.006233703,0.005379039,0.7550965,0.0054318253,0.005776504,0.21132728,0.010755108
sW6k113S.png,lampung,3,lampung,1,0.0068517923,0.0060911356,0.0054334635,0.9641893,0.005903731,0.0066409847,0.004889588
CCGwP4tR.png,sunda,5,sunda,1,0.00903757,0.0059939213,0.0069057015,0.009292638,0.009776717,0.009265453,0.94972795
LLVcMeF8.png,jawi,3,jawi,1,0.007940499,0.0067488938,0.9473934,0.006808471,0.008124835,0.01523116,0.0077527715
JZSUGukA.png,jawi,4,jawi,1,0.01795126,0.022971224,0.895889,0.017768128,0.02084417,0.013031216,0.011545018
2FVuBmWQ.png,lampung,1,lampung,1,0.0090417275,0.008473204,0.009296911,0.9459983,0.011043051,0.007636236,0.008510523
nVkau9kL.png,pegon,5,pegon,1,0.0049876105,0.006718121,0.0049126833,0.0052602557,0.00521932,0.9668533,0.006048607
Imobjmho.png,lampung,1,lampung,1,0.007097992,0.008920282,0.0066031464,0.9521645,0.0084579345,0.008449678,0.008306501
73FKTrVv.png,jawa,3,jawa,1,0.006121433,0.82881695,0.045342177,0.010423082,0.018427553,0.06517204,0.025696801
1jidwbhg.png,jawa,5,jawa,1,0.0029723637,0.97014296,0.0056295493,0.006252678,0.004648865,0.0060160784,0.0043374524
nwqDSKV3.png,jawi,2,jawi,1,0.0029027127,0.0024347997,0.9861128,0.002974452,0.0014229825,0.0015476529,0.0026045172
KGz9p91I.png,pegon,3,pegon,1,0.0061865016,0.0050394232,0.0043484992,0.0068111513,0.005671512,0.96504474,0.006898172
PPnGaRFq.png,jawa,2,jawa,1,0.005678668,0.97574484,0.0024759858,0.0034442863,0.0070156436,0.0017471847,0.003893371
jzbHXLGA.png,pegon,3,pegon,1,0.0076742363,0.0057730516,0.004861397,0.008889239,0.0074055092,0.95956695,0.0058297054
hZhzHCox.png,jawa,3,jawa,1,0.0049469834,0.96886146,0.0044911024,0.0056995056,0.005094058,0.0069627515,0.003944079
qnj21lPB.png,sunda,1,sunda,1,0.003932875,0.0036019671,0.0066153337,0.005297433,0.009469091,0.0040300745,0.9670533
bgrG5mbL.png,lontara,1,lontara,1,0.00614298,0.005790554,0.008258214,0.008855446,0.95545244,0.009294032,0.006206294
p4RDClb0.png,lampung,1,lampung,1,0.009287799,0.012160985,0.017263155,0.9381744,0.008819311,0.006676697,0.0076175844
wZk58O4Z.png,jawa,4,jawa,1,0.0024597845,0.96652436,0.01157139,0.005333456,0.005837668,0.0032874518,0.0049859136
BXBQcwEv.png,sunda,3,sunda,1,0.0054146145,0.0060907877,0.007695718,0.0067024995,0.008690636,0.007839843,0.95756596
VsY29Wj4.png,lampung,5,lampung,1,0.007683492,0.0034195322,0.005583066,0.9658983,0.004893473,0.0060043978,0.006517712
LgzzeUcb.png,pegon,3,pegon,1,0.00792536,0.0067855436,0.00983922,0.010987167,0.010092243,0.940522,0.013848451
jggok4js.png,lampung,5,lampung,1,0.0061874827,0.006251255,0.0055437167,0.96190447,0.0061393315,0.006269596,0.0077042077
l1bjJOgG.png,jawi,5,pegon,0,0.01132493,0.014527306,0.27572095,0.009397871,0.014555708,0.6467297,0.027743528
PE2ZjPoR.png,pegon,1,pegon,1,0.009831856,0.0073709143,0.24313955,0.018030649,0.018198706,0.68724996,0.016178362
3DHZnULK.png,jawa,3,jawa,1,0.0072102905,0.94759506,0.0067043426,0.008621165,0.010813364,0.009128023,0.009927747
vO0RLeFy.png,lampung,4,lampung,1,0.011808029,0.007303188,0.005594083,0.94169927,0.014556073,0.0073461058,0.011693277
ToSitrhF.png,jawa,4,jawa,1,0.004289345,0.97164017,0.007476749,0.0040969206,0.0058571165,0.0039131283,0.0027264736
UNuzIs0Y.png,sunda,1,sunda,1,0.0065710023,0.0047213743,0.0074459203,0.008383946,0.00740242,0.0039641648,0.96151114
RHRUrTNl.png,sunda,2,jawi,0,0.011981309,0.012410019,0.4557843,0.028685585,0.039342783,0.14037049,0.31142554
K6sLM1PX.png,jawa,5,jawa,1,0.0040843887,0.97151023,0.0034126346,0.0049702055,0.0050682337,0.0066360952,0.0043181893
o3vW7R22.png,jawa,1,jawa,1,0.0041892724,0.9582841,0.010064274,0.009456819,0.008821183,0.0047983364,0.0043860343
oYjS4eR5.png,pegon,1,pegon,1,0.008124825,0.007286603,0.013646442,0.0064115934,0.009809986,0.9469298,0.0077907103
2BozHr8h.png,pegon,1,pegon,1,0.0044568703,0.004422187,0.0043324213,0.006548346,0.0067529147,0.96807176,0.005415532
kaBJEVY7.png,pegon,3,pegon,1,0.006883217,0.0051452327,0.0091009885,0.0053816363,0.006415864,0.95966685,0.00740628
nS70bGrD.png,lampung,1,lampung,1,0.010842197,0.009470595,0.008452162,0.94318825,0.010350749,0.009085572,0.008610452
mwagcXIb.png,sunda,4,sunda,1,0.0068521877,0.0027780132,0.005396758,0.004022297,0.0050970893,0.0068890904,0.96896464
SegfJjyr.png,sunda,1,sunda,1,0.00530737,0.004801838,0.007433601,0.006544134,0.0065027256,0.0057330336,0.96367735
zqiAz26W.png,lampung,4,lampung,1,0.01001786,0.006990179,0.0081803305,0.9524684,0.0075471215,0.005227739,0.009568447
AnowqxVH.png,pegon,2,pegon,1,0.0061880113,0.006148856,0.0015009674,0.0063254833,0.007626264,0.96386725,0.008343158
gINUEZn1.png,lampung,2,lampung,1,0.008829667,0.008558007,0.008938111,0.94664294,0.008458302,0.00944975,0.009123305
EV3dVZQD.png,sunda,3,sunda,1,0.005707012,0.006137696,0.008052108,0.006182815,0.0080363965,0.0056432784,0.9602406
bGwwt5Ng.png,sunda,2,sunda,1,0.0056708646,0.004664726,0.00419575,0.007066126,0.0054085352,0.004282684,0.9687113
WgIa0H1k.png,jawi,2,jawi,1,0.001736848,0.0048806346,0.97949094,0.0037862225,0.0034541348,0.0040540984,0.0025971527
wOKSxgCq.png,jawa,5,jawa,1,0.0047503565,0.96458334,0.005608231,0.0067979293,0.005769328,0.008041268,0.0044494923
MiYLtRLS.png,jawi,1,jawi,1,0.005700001,0.010662011,0.95299244,0.004319426,0.008152923,0.009148691,0.009024463
KmnLOaEW.png,jawi,2,jawi,1,0.0007775672,0.000820473,0.99399793,0.0020486168,0.0012522943,0.000753644,0.00034945173
12NFsfvW.png,lampung,2,lampung,1,0.0048233387,0.007135397,0.0046295086,0.96139777,0.008653285,0.0062357713,0.0071249525
RO8EUNAS.png,lontara,4,lontara,1,0.0053927395,0.006917656,0.0051307343,0.010973714,0.9569627,0.0062740413,0.008348361
WJkCD5kR.png,pegon,5,pegon,1,0.004329946,0.0035686793,0.0041155554,0.0052818977,0.0051696296,0.9732044,0.004329946
QZRUqCbn.png,lampung,4,lampung,1,0.008678595,0.006676891,0.0049328557,0.9529763,0.007437708,0.0063835895,0.01291411
BDpH623z.png,jawa,4,jawa,1,0.0032075983,0.98637646,0.0018782984,0.0022110161,0.0032280236,0.0014571171,0.0016414837
KyrSfG8z.png,lampung,5,lampung,1,0.009479779,0.007390072,0.007874377,0.94733536,0.010668816,0.009582162,0.0076694656
LZGykrzn.png,jawa,1,jawa,1,0.12418201,0.4257294,0.12431093,0.07562422,0.12825306,0.088456854,0.03344354
Di1LVOfS.png,jawa,1,jawa,1,0.0051346608,0.9652063,0.00942796,0.0045981873,0.005271848,0.0061784796,0.0041826107
W1A89xhz.png,jawa,2,jawa,1,0.001993395,0.9833951,0.002661531,0.0017217732,0.0037827985,0.0029159922,0.003529401
3PlrNBxB.png,pegon,5,pegon,1,0.0077573196,0.008645468,0.0065996433,0.0077762813,0.007933528,0.95305437,0.008233466
Z4LPxXBc.png,bali,4,bali,1,0.96821815,0.001985765,0.00448593,0.0069683283,0.0051381234,0.0060927407,0.0071109724
TciYeQri.png,pegon,2,pegon,1,0.0022369828,0.0021660419,0.01552016,0.0042450475,0.00197799,0.9710425,0.0028112906
3otpsqvf.png,jawi,3,jawi,1,0.0063036573,0.0060149916,0.9647719,0.004250714,0.0060740197,0.0058613275,0.006723327
rxrM0VVY.png,sunda,4,sunda,1,0.0061990656,0.0044086934,0.0044086934,0.0035149166,0.0045132423,0.0052175885,0.97173786
0URMoePv.png,jawi,5,jawi,1,0.0039061836,0.007500012,0.9483735,0.011347156,0.0069160857,0.013188666,0.008768402
RT0gnzwq.png,lampung,1,lampung,1,0.0074084485,0.012546936,0.0075214407,0.95061886,0.010417025,0.005012807,0.0064743967
nxAQ0sp5.png,jawi,4,jawi,1,0.0060235015,0.007463498,0.96284026,0.007438032,0.006109402,0.0033329967,0.0067922752
pXFtjODK.png,lampung,2,lampung,1,0.009457177,0.007376053,0.005764144,0.9543511,0.0074739405,0.007775463,0.007802085
50O7OeXb.png,sunda,5,jawi,0,0.005023071,0.0058211773,0.5671388,0.0090689985,0.00725165,0.0924925,0.31320378
tksmmWqQ.png,jawi,2,jawi,1,0.006952741,0.004863285,0.9599396,0.006621407,0.006925635,0.009983687,0.0047136573
gkpEJ2xi.png,lontara,4,lontara,1,0.0063415812,0.010409654,0.008761528,0.009294775,0.9476299,0.008864806,0.008697591
Bo76h2Vj.png,bali,4,bali,1,0.9484079,0.0077157314,0.006940017,0.0046844,0.014657981,0.0053602112,0.012233753
Yl9avIpY.png,lampung,4,lampung,1,0.007836231,0.006025875,0.005892038,0.9381542,0.008144415,0.011202982,0.022744194
6TPvnknD.png,sunda,4,sunda,1,0.008765955,0.0048552244,0.005593789,0.0072814403,0.0068637007,0.0082913395,0.9583486
cyfjAgi1.png,jawi,3,jawi,1,0.009742711,0.011066924,0.94043595,0.008788921,0.011246692,0.007855291,0.010863474
EuM4sD43.png,sunda,2,sunda,1,0.006674458,0.008245881,0.011488872,0.0070016063,0.0077160876,0.0034491632,0.95542395
knE3wZNB.png,sunda,3,sunda,1,0.007658518,0.005054562,0.00656669,0.008309185,0.0067289826,0.009015132,0.9566669
F2v1iesG.png,lampung,3,lampung,1,0.0065387855,0.0073877387,0.005988619,0.9619499,0.0061998726,0.005582006,0.0063530994
6kH35d5G.png,bali,2,bali,1,0.96837944,0.0057161744,0.006013945,0.0050125862,0.0035648851,0.0056633884,0.0056495788
K6hxCaSv.png,jawi,5,jawi,1,0.0066178474,0.010022267,0.9528874,0.0084149055,0.009661878,0.0042436947,0.008152024
O251vEx5.png,lampung,1,lampung,1,0.007655725,0.0057535046,0.008781619,0.95631796,0.009109173,0.005658776,0.0067232447
YK2vpOUY.png,jawi,4,jawi,1,0.44325387,0.015648775,0.47000173,0.0131775895,0.021950098,0.008968801,0.02699908
0sALIxsQ.png,jawa,2,jawa,1,0.00729463,0.97187614,0.0071955784,0.0035326236,0.0026691696,0.0042279973,0.0032039506
V1mr1dfO.png,pegon,5,jawi,0,0.0048981044,0.004394922,0.86242366,0.009755324,0.0070367963,0.10170245,0.009788724
v3cybtJ1.png,sunda,3,sunda,1,0.006540238,0.0069961245,0.0048201154,0.006339016,0.0064168707,0.007193576,0.96169394
HCaNxSv4.png,jawa,2,jawa,1,0.004480047,0.96553314,0.0056522596,0.008064923,0.0057384674,0.0050419737,0.0054890686
tyNkM80A.png,pegon,3,jawi,0,0.012595681,0.010731654,0.8393038,0.009619794,0.011479705,0.11030793,0.0059614107
N7SRVeot.png,pegon,5,pegon,1,0.004495891,0.0062419265,0.0067821676,0.0063899495,0.004598016,0.96705717,0.0044348417
acAkBpv3.png,lampung,3,lampung,1,0.0051382077,0.005472265,0.0035159504,0.97012705,0.0054509314,0.0052935523,0.005002056
SuaqlWxd.png,lontara,5,lontara,1,0.008237105,0.00474405,0.0071112374,0.0067690443,0.95954716,0.006842151,0.006749242
pooHvBWA.png,pegon,3,pegon,1,0.0072680293,0.011733983,0.010637065,0.00832064,0.008522118,0.9463627,0.0071553495
LvnmV8ep.png,pegon,1,pegon,1,0.004650584,0.0036897082,0.0034695466,0.004809938,0.006137003,0.9714498,0.0057933996
KmnHxbdr.png,jawi,3,jawi,1,0.0047165337,0.002717751,0.9751752,0.004048078,0.0057590995,0.0033658205,0.004217564
oEgXwlaI.png,jawa,1,jawa,1,0.0049408413,0.9676586,0.006197203,0.006606559,0.005495782,0.0050088554,0.0040921033
p4gwmE0j.png,lontara,2,lontara,1,0.0054389522,0.004528908,0.006785431,0.008502529,0.96187,0.0062297024,0.0066444483
wI63YtzQ.png,bali,3,bali,1,0.9491598,0.008179827,0.010061359,0.008390176,0.008203826,0.007916555,0.008088478
b4Hg0Tla.png,sunda,1,sunda,1,0.0090349475,0.008575026,0.007969421,0.009208648,0.009655295,0.008881853,0.94667476
PEjgpidH.png,lontara,1,lontara,1,0.009608772,0.00818278,0.0071896124,0.009942875,0.94626266,0.010737695,0.008075609
f94o8PoP.png,lampung,2,lampung,1,0.006654879,0.008524198,0.0069199796,0.96290976,0.0032911885,0.0058500143,0.0058500143
4VFPj8IM.png,lampung,5,lampung,1,0.0036939175,0.004255827,0.003974623,0.97445947,0.0041047973,0.0030504265,0.006460907
7nbQRjoy.png,pegon,3,pegon,1,0.0076138796,0.0074629695,0.008498046,0.0067884782,0.006129885,0.956213,0.0072936504
WpxZutfw.png,sunda,4,sunda,1,0.0077971052,0.006894373,0.005952033,0.0058283666,0.0072076228,0.0065051885,0.95981514
iwsszKTY.png,sunda,3,sunda,1,0.009308797,0.007112948,0.0089129275,0.0072851833,0.008332138,0.009524897,0.94952303
b4oa4t2p.png,bali,5,bali,1,0.8904403,0.0134481955,0.039894853,0.010550457,0.009310746,0.026692746,0.009662752
egkTnE8x.png,jawi,5,jawi,1,0.0019859353,0.0033112322,0.9845106,0.0014444528,0.002896582,0.0023537548,0.0034973582
RwdjyLdO.png,pegon,5,pegon,1,0.006254078,0.0049208812,0.00525362,0.0061902767,0.00564733,0.96563363,0.00610026
BdC9YSKj.png,sunda,2,sunda,1,0.008757225,0.010992069,0.0045465175,0.007863353,0.009179735,0.008949589,0.9497116
Kt7xAVCN.png,jawi,2,jawi,1,0.0051989066,0.0061588,0.97062534,0.0067344583,0.002910632,0.0030443643,0.0053273956
JeBQ57n8.png,lampung,2,lampung,1,0.009849498,0.008963692,0.009607251,0.9250992,0.011622558,0.020393245,0.014464507
AMRJRWTn.png,lampung,3,lampung,1,0.007302077,0.0080747735,0.009500481,0.9554499,0.006215375,0.0067566154,0.006700763
hMmeYYps.png,lampung,2,lampung,1,0.0038707384,0.0061253123,0.0030263327,0.954567,0.006030348,0.007050191,0.019330047
OMqtOTIh.png,jawi,4,jawi,1,0.0033059036,0.0027246785,0.96721494,0.0049967906,0.0070259897,0.010821132,0.0039105522
tv5yWT6p.png,pegon,1,pegon,1,0.004354197,0.0035886671,0.004490221,0.004946012,0.0051380186,0.9729375,0.004545369
p89msgrI.png,pegon,4,pegon,1,0.0026963062,0.0027042173,0.008916715,0.002281631,0.0066701644,0.973166,0.0035650556
n6t0EOG4.png,lontara,4,lontara,1,0.0058700256,0.008133821,0.0057903174,0.007670924,0.9502956,0.013371174,0.008868066
m3fP6GV3.png,lontara,2,lontara,1,0.0071885395,0.0068292744,0.0051074033,0.008781817,0.9544735,0.009198773,0.008420685
oKvnXANl.png,jawa,5,jawa,1,0.005660466,0.9575382,0.0061323885,0.0059263273,0.005518553,0.012632092,0.0065919547
4XDikUff.png,lampung,5,lampung,1,0.00468104,0.0032790813,0.004320807,0.97257394,0.005783136,0.004990246,0.00437174
YCRfYfws.png,jawi,5,jawi,1,0.009219216,0.0073970044,0.9594013,0.0052657914,0.0097707715,0.0049515865,0.0039942833
Cgext54D.png,lontara,4,lontara,1,0.004158321,0.0053446065,0.004947782,0.008153532,0.9671272,0.00551965,0.0047489507
n8BzVmHD.png,jawa,1,jawa,1,0.0039012488,0.97343206,0.0043225084,0.005434892,0.006316911,0.004124566,0.0024677056
omg1CH9r.png,lampung,1,lampung,1,0.008451073,0.0074507664,0.009632596,0.9495356,0.009240989,0.0062010773,0.009487888
riOjCDwK.png,jawi,3,jawi,1,0.007230189,0.0077341693,0.9488193,0.0069328644,0.008910671,0.006405593,0.013967211
xxw2buGs.png,jawi,5,jawi,1,0.018758137,0.010476222,0.8807279,0.01940563,0.0074215024,0.057385504,0.005825204
Hm6jG5tv.png,jawi,5,jawi,1,0.0059672636,0.0041132695,0.81666887,0.0039441204,0.0048655844,0.1601847,0.00425629
hZbv0dby.png,lontara,5,lontara,1,0.006537904,0.005457291,0.00708298,0.007932561,0.95807046,0.0076323957,0.0072864396
c8LJa06T.png,lampung,4,lampung,1,0.005933751,0.004492172,0.0027756668,0.955,0.008278523,0.005864621,0.017655272
GCruo3Oo.png,jawa,1,lampung,0,0.0,0.0,0.0,1.0,0.0,0.0,0.0
NnFFxT0c.png,lontara,3,lontara,1,0.005434937,0.004241008,0.004263848,0.007265456,0.9682255,0.0056902054,0.0048789876
rVCSJAyv.png,sunda,1,sunda,1,0.005833764,0.0042555872,0.007944663,0.00675408,0.008034388,0.006004271,0.9611732
emXgyRJo.png,lampung,3,lampung,1,0.011675032,0.006753691,0.012599087,0.9397709,0.012104597,0.008266719,0.008830005
hMafMeWu.png,lampung,2,lampung,1,0.006948462,0.008013267,0.008622204,0.957477,0.007071683,0.005660104,0.006207309
UGgYElDA.png,sunda,4,sunda,1,0.006228909,0.005649375,0.0051866896,0.0044624815,0.0071205865,0.00866489,0.9626871
3KrSzVb8.png,jawa,4,jawa,1,0.0026189182,0.97714627,0.002626602,0.0049119336,0.0033333316,0.0041850195,0.005177913
6BcnwQq4.png,pegon,1,pegon,1,0.0054281265,0.0063368334,0.0052457293,0.0074666147,0.005171973,0.96512544,0.0052252784
K1aE1C0q.png,lampung,2,lampung,1,0.008875093,0.009098879,0.007382902,0.95523727,0.005691153,0.0075248424,0.006189766
9oT8UBFI.png,sunda,3,sunda,1,0.008459432,0.007313882,0.00808388,0.007800808,0.009236589,0.008630493,0.95047486
Xin7c3R2.png,jawa,2,jawa,1,0.0204287,0.88405466,0.029901905,0.021772802,0.010182308,0.015004452,0.018655118
Y4p4j3Ju.png,jawa,1,jawa,1,0.005134006,0.96225995,0.005652385,0.00710354,0.0070620393,0.0061958176,0.0065921936
WTJmHrbc.png,jawa,2,jawa,1,0.0037376394,0.9669225,0.007870199,0.0062777335,0.004490877,0.00632697,0.0043740133
c8JjnNpd.png,sunda,4,sunda,1,0.0067998855,0.004652996,0.00541605,0.0068032066,0.0077090436,0.007988784,0.96063006
qvCkZIBG.png,lampung,1,lampung,1,0.006129123,0.006404475,0.005616166,0.9640634,0.006180211,0.005995918,0.0056106844
L0Juo7fR.png,jawi,4,jawi,1,0.0063398867,0.0042939736,0.9473767,0.00749945,0.009709749,0.014494441,0.010285628
mDoccykR.png,pegon,3,pegon,1,0.00785187,0.005625195,0.005179643,0.006020238,0.0072264215,0.96184874,0.006247842
Xldliem9.png,lampung,4,lampung,1,0.0042989952,0.0034007852,0.0030365596,0.96908283,0.008392401,0.0049820542,0.0068063363
MzVaN9Ia.png,lampung,2,lampung,1,0.010709954,0.008567954,0.0077329474,0.94820625,0.0076093427,0.007407709,0.009765819
2HZBEhpc.png,sunda,3,sunda,1,0.008702701,0.0076913643,0.0074656545,0.0069147237,0.009120353,0.008207429,0.9518978
7QVe1Kty.png,pegon,4,pegon,1,0.0062630847,0.0039040581,0.0053206044,0.009886951,0.0030404835,0.95249695,0.019087862
sc3HMDDu.png,bali,1,bali,1,0.9611112,0.00794997,0.0037297166,0.008545748,0.0071332697,0.0045519285,0.006978242
jYZgFEKy.png,jawi,2,jawi,1,0.0028750969,0.004013174,0.9824709,0.00450113,0.0020911768,0.0013501653,0.0026982673
2voeAlO4.png,sunda,1,sunda,1,0.0047899312,0.007502577,0.0054171123,0.04571267,0.0062441984,0.003159774,0.92717385
M8nF1X7l.png,jawi,2,jawi,1,0.0017061419,0.0030149117,0.9763723,0.004990204,0.0018996248,0.008760219,0.0032567147
vKAoPzbw.png,sunda,5,sunda,1,0.008879394,0.007491819,0.005123966,0.0074407794,0.0091210855,0.010897871,0.95104516
Pf3rUgkG.png,lampung,5,lampung,1,0.004217858,0.004234366,0.0061429436,0.97144103,0.0047654775,0.004108099,0.005090193
5ZD3KT3z.png,jawi,2,jawi,1,0.0006762944,0.0014331143,0.99022853,0.0020131357,0.0028417502,0.0017679324,0.0010393139
zw2WTz4G.png,pegon,4,pegon,1,0.003630968,0.0037134455,0.0042845975,0.003087587,0.0046919435,0.9776995,0.0028920344
K4CdiUFZ.png,jawa,1,jawa,1,0.0054454566,0.9625502,0.004819698,0.008817296,0.0069750543,0.0057684234,0.0056238025
YhXpdjPd.png,lampung,3,lampung,1,0.010542759,0.008562836,0.005389975,0.9490288,0.00815079,0.011135371,0.0071895365
BIQwocMq.png,bali,5,bali,1,0.9626269,0.006451385,0.0062620626,0.0053301365,0.0063731116,0.0064956374,0.006460842
ARR8vVuc.png,jawa,4,jawa,1,0.009815517,0.9327747,0.01671307,0.008897941,0.009198341,0.012870793,0.009729626
tdgyJpfL.png,jawi,3,jawi,1,0.0041658506,0.0071279937,0.9688785,0.004314911,0.0054068286,0.0049567414,0.0051491647
zNbRh2MA.png,sunda,5,sunda,1,0.0068179495,0.0059033255,0.0059904368,0.0056910496,0.007455218,0.009183519,0.95895857
yxOMsW26.png,jawa,5,jawa,1,0.0044672242,0.9655944,0.0051568295,0.0057810177,0.006689746,0.0065635587,0.005747244
Om2FiblE.png,lampung,4,lampung,1,0.008051073,0.010681575,0.0065582725,0.9360462,0.008130083,0.020639602,0.009893323
wUTYDkjN.png,jawi,2,jawi,1,0.0014598677,0.0011926733,0.9911378,0.001611199,0.0023707566,0.00049234857,0.0017353295
g1bd6NUz.png,jawi,3,jawi,1,0.005121031,0.007575788,0.96924734,0.0058626966,0.0057240915,0.0029321578,0.0035368574
FNbzwhdk.png,lontara,2,lontara,1,0.007656332,0.008549601,0.0057399306,0.0073666186,0.9545277,0.0077959127,0.008363793
WvH6ouf8.png,pegon,1,pegon,1,0.004603289,0.0032340775,0.004218032,0.003548472,0.004928972,0.9762363,0.0032309208
Y8ItJZ86.png,lampung,2,lampung,1,0.0043736952,0.006249753,0.0042598806,0.9621429,0.006369907,0.010341903,0.006261971
9sa6jMzg.png,jawa,3,jawa,1,0.0029532327,0.98099214,0.0038180365,0.0022379418,0.0026317947,0.0046962653,0.0026706299
gmqFb9jf.png,jawa,4,jawa,1,0.003024817,0.9615719,0.009447656,0.008055401,0.008944861,0.0049870797,0.003968289
yJVnFeI4.png,pegon,1,pegon,1,0.009295634,0.009027251,0.004687852,0.009963025,0.010896922,0.9472549,0.008874288
42AuXpVJ.png,jawa,5,jawa,1,0.0062704654,0.9625076,0.0058704577,0.007196148,0.006209528,0.0072102165,0.004735507
gHNMppku.png,sunda,3,sunda,1,0.0066811894,0.0061339987,0.010472565,0.0069439462,0.009118737,0.0056619523,0.9549877
PVV0GQOL.png,jawi,2,jawi,1,0.001517499,0.0024703708,0.98693347,0.0029164988,0.0018197593,0.0012828637,0.003059451
4Y3ci7R7.png,sunda,1,sunda,1,0.0051345075,0.0050573735,0.00430473,0.007196756,0.005409897,0.0053599393,0.9675368
Rw6orHeO.png,sunda,2,sunda,1,0.007874269,0.0067847306,0.006871414,0.008187944,0.0066762823,0.0069864425,0.95661885
mCUSvUv0.png,pegon,3,pegon,1,0.0060380194,0.004690948,0.0071214763,0.0053103524,0.0075475317,0.9628074,0.0064841784
C04yfeDH.png,jawa,1,jawa,1,0.0033462618,0.9666723,0.0060121436,0.0076765185,0.008837776,0.002958839,0.0044962964
E0tP5ymk.png,sunda,3,sunda,1,0.008501731,0.0076134643,0.006566421,0.007673177,0.008092627,0.0067914226,0.95476115
XOPFxom5.png,jawi,4,jawi,1,0.009666043,0.010825455,0.9230663,0.020373289,0.010694112,0.010836032,0.014538819
b3gp8pbY.png,jawi,3,jawi,1,0.0045878873,0.0024188277,0.9758247,0.0024306672,0.0024164666,0.010394804,0.0019265753
92weGsyW.png,bali,1,bali,1,0.95784014,0.0075841295,0.005178245,0.009984984,0.006701146,0.005931092,0.0067801373
OI3z5acC.png,lontara,3,lontara,1,0.0080471095,0.0061624055,0.0070034084,0.0065726717,0.9584738,0.007370034,0.0063704518
pZr2kTaU.png,pegon,5,pegon,1,0.008253491,0.0070149144,0.003359225,0.018061422,0.008738731,0.9488636,0.005708657
ac4ubKtd.png,pegon,1,pegon,1,0.006516825,0.0067830468,0.006273293,0.0068262406,0.007341388,0.95825124,0.008008008
ixXTNYr2.png,bali,3,bali,1,0.9275199,0.005252405,0.03455234,0.00791179,0.010466077,0.0062924484,0.008005053
WLYj3ujK.png,jawa,3,jawa,1,0.0065580043,0.9526066,0.0071186465,0.009025215,0.010014422,0.008302247,0.0063748853
9mgwjKFd.png,lontara,1,lontara,1,0.0044466625,0.007927033,0.0026930897,0.0045632394,0.96916145,0.0074032526,0.00380529
vv7gFAoQ.png,sunda,2,sunda,1,0.004439996,0.003137686,0.0042719883,0.007143762,0.00356938,0.0049920226,0.9724452
yD1v8sp8.png,jawa,5,lampung,0,0.004514848,0.0002592272,0.4578365,0.5373601,1.847619e-09,2.93126e-05,2.2993991e-09
sLSwFakS.png,pegon,3,pegon,1,0.005081266,0.004855686,0.0045083514,0.0050318856,0.0048084976,0.9706848,0.005029429
oHlXEVPJ.png,sunda,1,sunda,1,0.007198251,0.005428221,0.006908983,0.006663798,0.007347395,0.006949584,0.9595037
4vJsCqRw.png,lontara,1,lontara,1,0.011773326,0.008103543,0.009204962,0.013597412,0.93527114,0.013079697,0.008969803
sLrVByPi.png,jawa,1,jawa,1,0.005929087,0.9678578,0.005076372,0.004879516,0.005900207,0.0053958604,0.0049612
9AsvKW1J.png,pegon,4,pegon,1,0.009096127,0.0073554856,0.0047490583,0.0053238897,0.007206177,0.95681536,0.009453858
WqL2Jng0.png,sunda,5,sunda,1,0.0068825088,0.0050698905,0.0060471594,0.0062849815,0.0067099575,0.006622076,0.9623834
8C0KEdgX.png,pegon,4,pegon,1,0.0030088306,0.0045167897,0.0045477715,0.0056020548,0.005654269,0.9706041,0.0060661454
7XIHQbwu.png,jawi,5,jawi,1,0.0031238268,0.004170856,0.9256211,0.004549582,0.002770261,0.056739625,0.0030247616
vlNDLRTQ.png,jawi,2,jawi,1,0.0046902145,0.0046628127,0.9763851,0.0041858456,0.0028825111,0.0029250463,0.0042684036
0H3Zkne1.png,pegon,3,pegon,1,0.0043836753,0.0049479892,0.0054796,0.003838474,0.004957663,0.97095305,0.0054396125
80XGkQGB.png,bali,3,bali,1,0.9637263,0.0044195666,0.004695425,0.0057109725,0.007021187,0.006043782,0.00838277
3MoOCRjE.png,sunda,1,sunda,1,0.0062850043,0.005197746,0.0067758304,0.0061785076,0.0063902168,0.0063157678,0.96285695
xFpRi7LS.png,sunda,3,sunda,1,0.0076842397,0.0059234407,0.0070963576,0.007006836,0.009063094,0.008021619,0.9552044
kpc37MAc.png,lontara,2,lontara,1,0.0025810387,0.0104298955,0.029564576,0.011934602,0.9207099,0.01832292,0.0064571244
QfpGMR0P.png,sunda,5,sunda,1,0.008459178,0.0065399385,0.009128705,0.009363457,0.0091465525,0.008770421,0.9485918
C0YoDOxo.png,jawi,2,jawi,1,0.001392082,0.0015051995,0.99144137,0.0022728506,0.0014717681,0.0010056208,0.00091116823
X0FZeG9H.png,pegon,5,pegon,1,0.005879938,0.006326761,0.0054620043,0.0069418056,0.006924878,0.9621809,0.006283659
EP0uFkst.png,jawi,5,jawi,1,0.0034003926,0.0054550795,0.9737138,0.0042629656,0.0044025844,0.0031051766,0.005659935
dkzw6cAB.png,lampung,5,lampung,1,0.0074644974,0.006104256,0.0048525003,0.95874673,0.0073236963,0.007585749,0.007922672
LZQLj3qG.png,jawi,1,jawi,1,0.0030802335,0.0058253114,0.975371,0.0032123334,0.0046239784,0.0026320918,0.0052550267
BeAHK7YT.png,sunda,5,sunda,1,0.012003157,0.008561532,0.010934337,0.008544826,0.011171795,0.008662452,0.9401219
0BQwFBLH.png,lontara,4,lontara,1,0.006185898,0.008974098,0.005676499,0.01089908,0.9527777,0.008484069,0.0070026987
YBbC1TXz.png,jawi,5,jawi,1,0.0027723457,0.0040199757,0.97934234,0.004606675,0.003767209,0.0015704064,0.0039211046
ytFPS2il.png,jawa,4,jawa,1,0.0027374737,0.9727065,0.008374569,0.005022708,0.005315407,0.0036693125,0.0021739954
cYcN1Iov.png,pegon,2,pegon,1,0.0071482533,0.0073535875,0.007616711,0.006213543,0.007774526,0.95703566,0.006857645
XO3XgU7R.png,jawa,3,jawa,1,0.0066887387,0.95700073,0.008123501,0.006470298,0.0086095035,0.0066464148,0.006460827
U5yY61mX.png,pegon,4,pegon,1,0.005662734,0.003869199,0.007469008,0.008020906,0.005785711,0.96261066,0.0065817293
28451IvI.png,sunda,1,sunda,1,0.0056853513,0.0049322885,0.006643605,0.0052709435,0.005679802,0.0048605655,0.9669274
6ASb1ye7.png,jawa,1,jawa,1,0.005500252,0.966556,0.0046680034,0.0068954937,0.004863445,0.0045332294,0.006983592
8o7oyjiN.png,pegon,5,pegon,1,0.0072943806,0.0066937003,0.0022707544,0.009564903,0.01011736,0.95724314,0.00681573
caVz0LiI.png,lampung,1,lampung,1,0.0099236835,0.009788931,0.008550573,0.94674486,0.008079724,0.008685225,0.008227022
qCCmFzrf.png,lampung,2,lampung,1,0.0062884795,0.0062061185,0.008249922,0.9582287,0.006889702,0.008298402,0.0058386554
r671hwMN.png,jawa,1,jawa,1,0.0050638174,0.96971613,0.0063545513,0.0073069055,0.004680979,0.002979773,0.0038977594
7mWJxfCJ.png,pegon,5,pegon,1,0.007045263,0.0071144016,0.0110891685,0.0058635883,0.008481628,0.9538998,0.0065062656
cnfkBXfc.png,pegon,2,pegon,1,0.0041128,0.0042392123,0.004766275,0.0068140514,0.006128989,0.9697077,0.0042309407
kGptILqg.png,jawa,3,jawa,1,0.011232612,0.9314943,0.011980428,0.011731509,0.011651588,0.010342915,0.01156656
mjHqbyRT.png,jawa,3,jawa,1,0.0036977243,0.97261006,0.0060875933,0.005143819,0.003994291,0.0042229337,0.004243604
DvfbZVsk.png,lampung,5,lampung,1,0.007280696,0.004201417,0.0062702266,0.96482366,0.0067863557,0.005203279,0.0054343836
tGmZuDbO.png,lampung,2,lampung,1,0.006367008,0.005219488,0.0060222787,0.9612356,0.0060105273,0.007385859,0.0077592335
NC2gVhrY.png,lontara,2,lontara,1,0.009454766,0.006200587,0.0062583797,0.009294558,0.9508524,0.009190761,0.0087485
20MoMhPH.png,sunda,5,sunda,1,0.009516622,0.008741477,0.008810036,0.0102298055,0.01312251,0.011017934,0.9385617
Oe0T721d.png,pegon,3,pegon,1,0.005068395,0.0043394635,0.005701333,0.0059983307,0.005788288,0.96680874,0.0062954114
LKpVG42X.png,pegon,4,pegon,1,0.0067975638,0.0044081663,0.0024451425,0.004208356,0.004752421,0.9711475,0.006240842
NbIpfsLj.png,lampung,5,lampung,1,0.004267845,0.007189296,0.003781101,0.96866,0.0069477204,0.0032373068,0.0059166425
C46zcu85.png,jawa,4,jawa,1,0.0040805805,0.97345215,0.0041448404,0.004667001,0.006775542,0.00374821,0.0031317465
NOAcP1RY.png,lampung,4,lampung,1,0.004303744,0.0026984795,0.0039377837,0.97871757,0.0044468683,0.002687959,0.0032076545
vbZk0od1.png,sunda,1,sunda,1,0.0075321994,0.0043571745,0.0070310733,0.0064363424,0.0072791004,0.0060434323,0.96132076
gHn3XLbR.png,pegon,5,pegon,1,0.003925361,0.004231911,0.003998875,0.006202658,0.005112143,0.9718264,0.004702633
BB9jaiNE.png,bali,5,bali,1,0.96518356,0.0058210366,0.0054496997,0.004981429,0.006257271,0.0056364355,0.0066705937
DNDkwc53.png,pegon,4,pegon,1,0.012783088,0.008641027,0.0068389536,0.011237055,0.0075774277,0.9396301,0.013292309
Lf2WR5Pp.png,lampung,2,lampung,1,0.008988928,0.0063709933,0.011561755,0.95249,0.008006638,0.0062355762,0.0063461545
M8CrDzFh.png,lontara,4,lontara,1,0.004976885,0.004302931,0.0016564995,0.0016842294,0.9838027,0.0016420041,0.0019347537
317pHUN1.png,jawi,1,jawi,1,0.00178916,0.006980178,0.9798606,0.0032286958,0.0034791406,0.0026506705,0.0020116065
w3r8sBgG.png,jawi,2,jawi,1,0.0009467934,0.0013055374,0.9926755,0.00074097264,0.001553395,0.00034357622,0.0024343056
moZy4FT2.png,jawi,4,pegon,0,0.005385862,0.0035563626,0.38994431,0.012019277,0.005892151,0.579687,0.0035149301
HWc74HVc.png,jawi,4,jawi,1,0.014337696,0.02290039,0.9094086,0.017438719,0.013903359,0.009171628,0.012839684
aQrd59Lz.png,sunda,4,sunda,1,0.005012946,0.0036999262,0.004075496,0.0043595782,0.005826488,0.006683363,0.97034216
61eK5Vum.png,jawa,3,jawa,1,0.008307855,0.9583837,0.0050193234,0.0063760765,0.0075902864,0.007505521,0.006817191
KF3VK4Ix.png,lampung,2,lampung,1,0.010880125,0.009420563,0.011040675,0.9400397,0.0071772914,0.011280444,0.010161219
zskvPSAE.png,sunda,2,sunda,1,0.006170237,0.005807734,0.008198219,0.00939013,0.007582113,0.018960482,0.94389105
7AXWXSNB.png,jawa,3,jawa,1,0.0042747706,0.97023195,0.0051740124,0.0037321642,0.006120337,0.006262418,0.0042043887
qzj5le1z.png,lampung,3,lampung,1,0.006278884,0.0068090116,0.003921559,0.96332943,0.007798951,0.0056835893,0.0061785216
4ss1XeOP.png,jawi,2,jawi,1,0.002279801,0.0049480353,0.9809694,0.0024032514,0.0046210927,0.0023985622,0.0023798964
TN4NfqlW.png,bali,5,bali,1,0.9570702,0.0055158553,0.0048987223,0.00794365,0.006601614,0.007113691,0.010856356
sxdH73iI.png,bali,2,bali,1,0.9713372,0.0057420386,0.0036713106,0.0042256527,0.0039580204,0.0057057054,0.0053600143
MLcaFo1y.png,jawi,2,jawi,1,0.0011283386,0.0017699328,0.9865202,0.001515383,0.005076655,0.0034199741,0.00056958484
DLQHa4mD.png,lampung,2,lampung,1,0.008503598,0.007941721,0.00947719,0.9573051,0.005300669,0.004916701,0.006555048
rT0HTsz2.png,jawi,5,jawi,1,0.0017380317,0.005403412,0.97443205,0.007324536,0.005322238,0.0017465389,0.00403316
sf5iE8mF.png,pegon,4,pegon,1,0.015052653,0.0139622735,0.009314514,0.011050463,0.011180721,0.92087454,0.018564869
3Ny1thoa.png,jawa,3,jawa,1,0.008165243,0.953501,0.008915374,0.008828733,0.0069568744,0.0064340574,0.0071987687
k2Ji621r.png,bali,5,bali,1,0.9675702,0.004684324,0.008753606,0.0040917294,0.0045335563,0.005476529,0.0048899907
TS3L4tju.png,pegon,5,pegon,1,0.0030944804,0.002485271,0.0006243988,0.0027282038,0.0013731674,0.98853254,0.0011619828
t2ytmSoi.png,jawa,5,jawa,1,0.004437914,0.97341394,0.003867039,0.0038294587,0.00353476,0.00605703,0.004859837
Rte1JQRv.png,jawi,2,jawi,1,0.00446628,0.010647717,0.97343713,0.0035313936,0.0024677187,0.0020800577,0.0033696792
cZENS7JS.png,jawa,2,jawa,1,0.003401847,0.9684392,0.011302254,0.00404374,0.006919057,0.0026287436,0.0032651408
W0C7TbrZ.png,pegon,2,pegon,1,0.006815003,0.008506293,0.008081171,0.0072687156,0.009554546,0.95201397,0.00776021
Y7LMeGDr.png,jawa,4,jawa,1,0.0021718265,0.958541,0.018413438,0.0045176432,0.0062690647,0.00474834,0.0053387024
uOcM5HZ4.png,sunda,1,sunda,1,0.0043053785,0.0037150949,0.0070190975,0.006558511,0.007841848,0.0047656205,0.9657945
jStvWTlh.png,jawa,3,jawa,1,0.007019701,0.95976585,0.0067146183,0.0065847463,0.005908295,0.0072460677,0.0067606764
BKOqhUlL.png,sunda,2,sunda,1,0.008112675,0.0056414795,0.0055000423,0.0067618648,0.005104123,0.0065987795,0.96228105
ayADa7k6.png,lampung,5,lampung,1,0.005856017,0.00427182,0.0056097205,0.9667259,0.006381525,0.0045031374,0.0066519566
BFq3TvyS.png,jawa,3,jawa,1,0.0071587325,0.95190924,0.005322517,0.009377869,0.008614024,0.009377869,0.008239651
tFuatttL.png,bali,3,bali,1,0.9557551,0.00806947,0.006402204,0.0067984927,0.008093145,0.006768682,0.008112928
b5xt7pZq.png,pegon,4,pegon,1,0.007531523,0.0076725725,0.0065659047,0.00821942,0.010060815,0.9491085,0.010841216
ElQ8eGwf.png,lontara,4,lontara,1,0.0060793464,0.0077908044,0.0059967963,0.009601588,0.94925594,0.012149404,0.009126181
wlfbV0oP.png,jawi,4,jawi,1,0.0032566267,0.004481814,0.96591395,0.006323457,0.008463562,0.006840627,0.0047198907
iaqDOZf4.png,jawa,2,jawa,1,0.0045254305,0.9810456,0.0035729248,0.0035451201,0.0034461296,0.0024532361,0.0014115293
dHPVnl9Q.png,sunda,1,sunda,1,0.008966252,0.0070068324,0.008724402,0.007296633,0.0074879276,0.0095026735,0.95101535
bnbQJAN9.png,jawa,1,jawa,1,0.008179618,0.9422093,0.010809809,0.008805494,0.011339651,0.011434171,0.007222012
mbOXkyQA.png,lampung,3,lampung,1,0.0088605,0.008908219,0.0077964887,0.9476322,0.0088908365,0.008335872,0.0095758075
lls24cVW.png,pegon,3,pegon,1,0.004303815,0.006033893,0.0027276685,0.003999861,0.0041551376,0.974918,0.003861684
wMqZWOJU.png,pegon,2,pegon,1,0.012313814,0.008483839,0.011790153,0.008467285,0.007465058,0.9402735,0.011206381
NObz6T5q.png,pegon,2,pegon,1,0.0055578854,0.006062558,0.012348782,0.0053241276,0.006325646,0.95685816,0.0075229034
relGPqgF.png,sunda,1,sunda,1,0.004983431,0.003617583,0.0068082176,0.005161746,0.00558936,0.0044889846,0.9693507
u671mLSh.png,lampung,4,lampung,1,0.0150178205,0.0124806445,0.009848927,0.9218892,0.0153964935,0.0110087525,0.014358121
ZE7smt2Y.png,lampung,3,lampung,1,0.008983794,0.007375448,0.008139994,0.95334136,0.008386092,0.006725266,0.0070480183
8rbdmCMM.png,jawa,5,jawa,1,0.01525512,0.894009,0.042357914,0.012493495,0.014685038,0.016041964,0.00515745
J26dna6p.png,jawa,3,jawa,1,0.0042939754,0.97316426,0.0034117748,0.0037034464,0.005605872,0.0046360986,0.0051845843
wmXVo7BX.png,pegon,5,pegon,1,0.009068235,0.004575407,0.006670193,0.0029714648,0.005034926,0.96606845,0.005611383
NmTdsc8i.png,pegon,1,pegon,1,0.005420026,0.007688378,0.0054359282,0.012247063,0.008577006,0.9515282,0.009103466
CQgcZsMs.png,jawi,2,jawi,1,0.002041427,0.0049210987,0.98088354,0.0029557906,0.0030347633,0.0013493007,0.0048141484
QSx9Tefb.png,sunda,3,sunda,1,0.006011264,0.005578545,0.0059383307,0.0051744482,0.005351753,0.0054148375,0.9665308
GcD27gkW.png,jawi,1,jawi,1,0.003232444,0.0022346796,0.9700427,0.007206593,0.004366753,0.009264752,0.0036521235
QoexlvWW.png,lampung,2,lampung,1,0.0047613173,0.0073528993,0.0047613173,0.9639807,0.0049076625,0.0060012615,0.008234857
5vXVgSn9.png,sunda,4,sunda,1,0.008610946,0.0039193463,0.009188711,0.007790746,0.008785071,0.0064116227,0.9552935
8tgIt6fh.png,lontara,5,lontara,1,0.0067972555,0.005153435,0.00575188,0.0076835183,0.9611967,0.0074507585,0.0059664245
qdF48zrQ.png,pegon,4,pegon,1,0.008389151,0.006578292,0.0072425012,0.007360147,0.012520032,0.949971,0.007938811
rscXnlOp.png,sunda,5,sunda,1,0.0061216,0.0076520084,0.005818499,0.0054954113,0.0070804064,0.0077687153,0.96006346
gkQ3Trdr.png,sunda,1,sunda,1,0.0040927,0.004808272,0.0058112214,0.0071899304,0.007774168,0.004412318,0.9659114
oXtKmBof.png,lampung,4,lampung,1,0.0056623532,0.005133025,0.0057768533,0.96584153,0.0055772895,0.0060777855,0.0059311986
hIcRsrmL.png,pegon,4,pegon,1,0.0037192304,0.0051184553,0.011317043,0.003206177,0.004268285,0.96310014,0.009270589
umjXSNPC.png,lontara,2,lontara,1,0.007221208,0.005940004,0.005542102,0.01024338,0.95227915,0.010599549,0.008174714
Mq3oZQ6U.png,pegon,1,pegon,1,0.0047521614,0.003595888,0.01576926,0.0043800347,0.0049948343,0.96259683,0.0039109304
ulAMRwPr.png,pegon,1,pegon,1,0.0067605805,0.00963221,0.00792711,0.0067837276,0.006981999,0.9550774,0.0068369326
VDnMSqBZ.png,lampung,2,lampung,1,0.006369445,0.0030204887,0.012444156,0.9724636,0.0033630237,0.001233568,0.0011057631
QHkFiCcp.png,bali,2,bali,1,0.9722405,0.0054468256,0.0040044882,0.0033556917,0.003614222,0.0061180526,0.0052202875
X2JsrHDz.png,pegon,3,pegon,1,0.0062390184,0.0066543855,0.009868215,0.0088156285,0.006615509,0.9516208,0.010186438
56TjVnjr.png,jawa,1,jawa,1,0.0043299166,0.96468174,0.005407118,0.00567769,0.008947537,0.006073452,0.004882539
2HwZGmvX.png,lampung,2,lampung,1,0.008901454,0.0068283137,0.010973058,0.9510829,0.0077223955,0.006735593,0.0077564074
Yjxt8cGT.png,pegon,1,pegon,1,0.0040821303,0.004170781,0.005023558,0.004835829,0.005072857,0.9700252,0.006789708
uHp6UQZq.png,pegon,3,pegon,1,0.0052711703,0.0059207515,0.011329264,0.0052866363,0.0052148495,0.9631992,0.0037781885
FWiGV8bG.png,jawa,4,jawa,1,0.0028241402,0.9697818,0.005166564,0.0045306263,0.0053383824,0.007908904,0.004449509
9rKePQ8h.png,bali,5,bali,1,0.96230894,0.0050202324,0.006805121,0.0061719767,0.0062599946,0.006132923,0.007300829
8DwrOn2H.png,pegon,1,pegon,1,0.008217036,0.0055572097,0.010915077,0.0049693044,0.0072408933,0.9562749,0.00682548
C4MIcKJr.png,jawa,5,jawa,1,0.005472522,0.9682796,0.003857928,0.004635407,0.0055695693,0.006348237,0.005836859
wasmBixT.png,sunda,1,sunda,1,0.004270821,0.0037469666,0.0048798127,0.0055026175,0.0063925055,0.0068180906,0.9683893
m3RD1Uea.png,sunda,5,sunda,1,0.007783679,0.0089720925,0.007910116,0.007209279,0.008607338,0.008811455,0.95070606
iMG0s3Gg.png,pegon,5,pegon,1,0.0054366994,0.008443168,0.004340869,0.005175085,0.0054766648,0.96523476,0.005892842
GOFicFO7.png,jawi,4,jawi,1,0.0051256516,0.0033402145,0.9772534,0.0040094424,0.004171197,0.0023848135,0.0037153775
dMM5L69S.png,pegon,4,jawi,0,0.012084458,0.007836674,0.9336373,0.007369068,0.007390688,0.024405688,0.007276106
dfTVX6bO.png,lampung,4,lampung,1,0.008113335,0.0060944348,0.0041216877,0.95393807,0.009329276,0.009051079,0.0093520805
Hk8sR697.png,lampung,2,lampung,1,0.0075735985,0.007269247,0.010649242,0.95627666,0.006716392,0.004672799,0.006842176
Sfg7FrRP.png,lampung,5,lampung,1,0.0056484384,0.0076342802,0.003943246,0.9639386,0.0045475205,0.009079222,0.0052086697
fexeyBt5.png,sunda,4,sunda,1,0.0035566776,0.002997949,0.0038910173,0.0035793262,0.0054658214,0.004878047,0.97563124
xfPQ71PS.png,pegon,5,pegon,1,0.0050805537,0.0052829394,0.0050731166,0.0068936176,0.005223942,0.96723706,0.0052086595
IYJUQs5I.png,pegon,3,pegon,1,0.009885148,0.009391115,0.022738433,0.0067148046,0.009263594,0.93344784,0.008559061
rHNoxAtO.png,lampung,1,lampung,1,0.01216549,0.01172231,0.009133803,0.9334947,0.011152783,0.0125700645,0.009760937
pyUvFoul.png,jawi,4,jawi,1,0.006954389,0.0023986832,0.96016717,0.0066521456,0.002763565,0.016626297,0.00443778
32WgqzZ5.png,jawa,2,jawa,1,0.0028963226,0.98010594,0.0036168732,0.0027341612,0.0037867506,0.0053965314,0.001463491
NXbP65Xh.png,bali,4,bali,1,0.97426987,0.0034525404,0.00442666,0.0054183635,0.003326767,0.0048027486,0.0043030544
CCg50rHr.png,pegon,5,pegon,1,0.006606553,0.007056718,0.010059046,0.0076562553,0.0070670624,0.95312095,0.008433422
oorrLnPw.png,lontara,1,lontara,1,0.00878106,0.010906883,0.008354433,0.008419959,0.94419384,0.010643825,0.008699971
kCBpYVbg.png,lampung,5,lampung,1,0.0062737763,0.0059138467,0.0047287634,0.9601987,0.007853724,0.009146138,0.005885041
nhNqqDnA.png,jawi,1,jawi,1,0.0013335792,0.0024053855,0.98954123,0.0021688445,0.0014071654,0.0008686243,0.0022751505
iGXHsCtM.png,jawi,1,jawi,1,0.0031652122,0.010310144,0.96294236,0.0067105773,0.0051426664,0.0031039915,0.00862497
O1fJtSwf.png,jawa,5,jawa,1,0.013808262,0.9058383,0.01539671,0.014316316,0.011469831,0.021851104,0.017319439
8dFryIBy.png,lontara,2,lontara,1,0.0030569439,0.0039598444,0.0027725275,0.005551651,0.97178483,0.007311775,0.0055625048
7u6frnW0.png,pegon,1,pegon,1,0.0036774075,0.004601255,0.004696591,0.0046805656,0.007159698,0.9710518,0.0041326014
Qc8uSini.png,pegon,3,pegon,1,0.0059450706,0.0044266386,0.0058557596,0.005557674,0.006654913,0.9652684,0.006291522
TckZhNUh.png,pegon,1,pegon,1,0.008278999,0.008103026,0.009326527,0.008397064,0.012028239,0.9453119,0.008554323
7gA3aiKb.png,sunda,1,sunda,1,0.0078890575,0.0061440035,0.008605407,0.007612808,0.007908341,0.0066953553,0.9551451
fjMJK3ym.png,jawi,3,jawi,1,0.005850438,0.0045563253,0.96486217,0.0038293242,0.007552567,0.004036681,0.009312525
Fm4IAN3u.png,jawi,4,jawi,1,0.0035473187,0.0036922318,0.9797386,0.0033815713,0.004070995,0.0026284317,0.0029408305
2Q3IL49u.png,jawi,5,jawi,1,0.013682131,0.01096174,0.93788725,0.010287549,0.010449556,0.008331113,0.008400555
zWHu9JmI.png,jawa,1,jawa,1,0.007194571,0.9534105,0.0055541075,0.009037243,0.008901479,0.009063758,0.006838343
w2y8Anbn.png,jawi,1,jawi,1,0.0025427248,0.0035823167,0.9807469,0.0031521353,0.0025427248,0.005108931,0.002324239
kYFwV4Nv.png,jawa,3,jawa,1,0.0073125823,0.9549575,0.007879808,0.008145833,0.0070634135,0.006309999,0.008330867
lkSQmQpI.png,lontara,4,lontara,1,0.00862365,0.015509032,0.011804411,0.013848007,0.92275155,0.01243147,0.015031869
F7qxJI2B.png,pegon,1,pegon,1,0.004563889,0.008896478,0.0122136,0.0077180797,0.005594524,0.95427173,0.0067416974
784j5cjr.png,jawi,4,jawi,1,0.032782793,0.006244498,0.9258611,0.0093558105,0.013579431,0.0045552077,0.0076210913
KnW4o205.png,lontara,3,lontara,1,0.006107428,0.0034578885,0.0020457322,0.0044227066,0.9762557,0.004201671,0.0035089138
OliUi0LA.png,lontara,4,lontara,1,0.0070345923,0.006299613,0.007870681,0.008049463,0.9487418,0.01036604,0.011637792
wDH5SGF7.png,pegon,2,pegon,1,0.009946176,0.011068705,0.004244507,0.008768902,0.009091541,0.9493541,0.0075261197
xBv4KOmp.png,bali,4,bali,1,0.9755545,0.0015951861,0.006780236,0.0036283128,0.0029860265,0.005184645,0.0042710244
w4ppIZx9.png,jawa,1,sunda,0,0.0441341,0.0878569,0.1470608,0.13950658,0.19779533,0.023600224,0.360046
eznzZQLq.png,jawi,3,jawi,1,0.0052110655,0.00418108,0.970523,0.004197444,0.0038895903,0.0053424626,0.006655298
HFUcjEnZ.png,sunda,5,sunda,1,0.008660985,0.008597782,0.009156761,0.009891156,0.010345615,0.010627217,0.94272053
yhyEr1RP.png,lampung,1,lampung,1,0.010994375,0.009344483,0.009655242,0.93930256,0.012791117,0.0080279615,0.009884209
n1ZnQWMO.png,pegon,5,pegon,1,0.008459625,0.007804796,0.009058145,0.006666024,0.0067709987,0.9542167,0.0070235566
crFVBO2G.png,lontara,1,lontara,1,0.008180073,0.008997223,0.0075101233,0.008793095,0.9491885,0.009210586,0.008120379
ZDdr885Q.png,sunda,4,sunda,1,0.0041639376,0.0036603361,0.004613562,0.0038247774,0.004877654,0.0056858724,0.97317386
cj8TpDsB.png,sunda,2,sunda,1,0.003687792,0.00873922,0.007326891,0.005728523,0.0046074945,0.0055794516,0.9643306
iFdTtUZO.png,lampung,4,lampung,1,0.007657363,0.0061648926,0.0029507352,0.9668531,0.0043609045,0.004314309,0.007698602
GvmnY2VG.png,jawa,2,jawa,1,0.0022941614,0.97946644,0.0024516801,0.0031882396,0.0033282202,0.0054009156,0.00387024
9x7GjAkG.png,lontara,3,lontara,1,0.009216235,0.0062972126,0.008071976,0.007977934,0.9534879,0.008056225,0.0068925368
HpgH48Jw.png,sunda,4,sunda,1,0.0045589786,0.0037537776,0.005715449,0.005989739,0.006724587,0.005946029,0.96731144
d6hqWZCE.png,lontara,4,lontara,1,0.004752242,0.007410904,0.006741118,0.0091066705,0.9565222,0.008559103,0.006907722
ZbgO4G2N.png,jawa,5,jawa,1,0.0048272386,0.964998,0.0040609743,0.0056823245,0.005128542,0.0069417623,0.008361108
ySCdStWj.png,jawi,5,jawi,1,0.004122199,0.007199445,0.97192377,0.005358016,0.0035224622,0.002442322,0.005431773
a2tWAotu.png,jawi,3,jawi,1,0.0059751514,0.0051158117,0.9635432,0.005171063,0.009290718,0.0034750793,0.007428938
LpvjJyLN.png,pegon,4,pegon,1,0.004580074,0.0062084696,0.005617107,0.006762304,0.0055733942,0.9604657,0.010792949
mlDd7KyK.png,lontara,3,lontara,1,0.007464438,0.0037957444,0.0052621556,0.00906006,0.95920724,0.008623037,0.0065873433
Yz5n0eUO.png,bali,1,bali,1,0.9484315,0.010878541,0.008269897,0.010147342,0.008878805,0.004923735,0.008470147
s2AHtMKY.png,jawi,3,jawi,1,0.010798725,0.010809276,0.9212369,0.011912313,0.00827967,0.026648914,0.010314285
l3OOvh8D.png,jawi,3,jawi,1,0.0051351464,0.0024953492,0.97286856,0.0055469973,0.006176049,0.005686865,0.0020910595
vBAVAQ3Y.png,pegon,3,jawi,0,0.007568222,0.01693906,0.75852823,0.10645869,0.014111712,0.065571286,0.03082281
siKCq7qd.png,lampung,1,lampung,1,0.011688914,0.009737882,0.012418506,0.9335662,0.013702474,0.009484476,0.0094014825
QOb1UzES.png,jawi,1,jawi,1,0.0035866804,0.0038292038,0.97811335,0.0059933756,0.003262522,0.0013481205,0.0038667808
WjMQPiQi.png,jawi,5,jawi,1,0.0024080495,0.0043476583,0.96768904,0.0047470722,0.0057009533,0.011194674,0.003912469
zXzVlu8P.png,jawi,5,jawi,1,0.00653487,0.0074739954,0.9534268,0.00934935,0.0059558805,0.008061611,0.009197663
PnNXAUVO.png,lampung,3,lampung,1,0.007463067,0.0064398516,0.005030077,0.95762724,0.006956343,0.007481309,0.009002177
83GACi6i.png,lontara,4,lontara,1,0.004767565,0.0055035334,0.0043877997,0.0057958853,0.9671327,0.0065483856,0.0058642053
FdeUt4TM.png,sunda,3,sunda,1,0.008591628,0.008067147,0.008675939,0.007330888,0.0079731615,0.008999552,0.9503618
K2Vz5KrQ.png,sunda,2,sunda,1,0.010444059,0.009093917,0.0076728156,0.0065821633,0.008488887,0.008115989,0.9496022
LUp6efKA.png,pegon,2,pegon,1,0.0069861887,0.0054196375,0.0046765846,0.013018504,0.0065821726,0.9579864,0.0053304057
SDDP3Cyu.png,lampung,5,lampung,1,0.0052464064,0.0038496144,0.0046776566,0.9728205,0.005197959,0.0033675449,0.0048403013
QgJlFUvJ.png,pegon,4,pegon,1,0.002821516,0.0055921087,0.0066068335,0.0024394353,0.0041577322,0.9745745,0.0038079047
8eFU9TTt.png,lampung,1,lampung,1,0.010622322,0.011296365,0.012516154,0.9358669,0.011474258,0.00884068,0.0093833245
hjQtC0A0.png,pegon,5,pegon,1,0.0045196014,0.0060580783,0.0063986056,0.003831992,0.006256489,0.967422,0.00551325
8aYwDbSZ.png,sunda,1,sunda,1,0.006265249,0.00359783,0.0062560784,0.0058142473,0.005646379,0.0036437965,0.9687765
5JvmYh2g.png,jawi,3,jawi,1,0.005109872,0.00566164,0.9633649,0.0049671894,0.008019357,0.0078068585,0.005070108
k5fyQUD7.png,jawa,5,jawa,1,0.0043382724,0.9646574,0.005263707,0.00510176,0.0067653377,0.008264815,0.0056086616
4ozuY5uu.png,bali,4,bali,1,0.97307354,0.003170525,0.004628881,0.0046583572,0.003670697,0.0049636397,0.005834336
Un4dHFMd.png,jawa,4,jawi,0,0.0,6.1406974e-36,1.0,2.339839e-23,4.18509e-40,4.9459888e-20,0.0
n86MhOTz.png,sunda,2,sunda,1,0.0054378603,0.005464477,0.0049778926,0.005219335,0.0049803243,0.0051736627,0.96874636
Z1Vi06I6.png,jawi,5,jawi,1,0.0060710884,0.0050159357,0.9530718,0.005519697,0.005798733,0.004223841,0.020298949
AvdYMFzi.png,jawi,2,jawi,1,0.005284202,0.0028009424,0.9760088,0.0043551633,0.0036282302,0.0017357513,0.006186914
sobv0K9w.png,pegon,2,pegon,1,0.008869323,0.00837683,0.004193665,0.02201888,0.007785223,0.94165367,0.007102384
agf2gPrx.png,pegon,4,pegon,1,0.0060442123,0.0050501293,0.008097713,0.0041137524,0.006532162,0.9614448,0.008717323
3KzFDfCr.png,jawa,3,jawa,1,0.021897601,0.70078236,0.058729924,0.037724975,0.017942252,0.035456643,0.12746626
v6YdGnIc.png,lampung,3,lampung,1,0.007943427,0.007974517,0.005926158,0.9565762,0.0074077044,0.007253793,0.0069182385
l6nrGYt7.png,sunda,3,sunda,1,0.0046231486,0.0077158995,0.0069571324,0.0049357554,0.005971125,0.006902992,0.96289384
QfST9lXl.png,jawi,2,jawi,1,0.0029935353,0.0014617848,0.9847162,0.0018879989,0.0017857767,0.0055940254,0.0015606273
SjrvMohO.png,jawa,2,jawa,1,0.0048265285,0.9592192,0.013995036,0.0051277876,0.0056648683,0.0061132316,0.0050532212
0OHll8pC.png,sunda,5,sunda,1,0.008978212,0.007479631,0.010143885,0.008483814,0.011494528,0.011310798,0.94210905
3Zc5SgJK.png,sunda,1,sunda,1,0.0053762672,0.0037149505,0.0049673812,0.005337034,0.0051551806,0.0040168194,0.9714324
lq7Vlf8k.png,jawa,3,jawi,0,0.0011644097,3.7723454e-05,0.99836653,0.000119884884,3.413164e-08,0.0002518212,5.95796e-05
4Mqh7sTK.png,jawa,2,jawa,1,0.010063278,0.96287924,0.0020098358,0.005878462,0.0062149595,0.0063189995,0.006635201
4mql8x2r.png,sunda,2,sunda,1,0.007874662,0.0066473396,0.009085835,0.0061178384,0.0072297254,0.006844966,0.9561996
d81kXIKi.png,sunda,2,sunda,1,0.011218284,0.009516187,0.013765079,0.009129312,0.011417224,0.011006677,0.93394727
wZCLEtlY.png,jawi,2,jawi,1,0.011107783,0.008092969,0.9590066,0.005912275,0.00802215,0.0031308,0.0047275065
MrW3Cv8t.png,bali,2,bali,1,0.9615018,0.007776556,0.0063222954,0.0050160214,0.0048097493,0.006943683,0.007629868
m2M3qymP.png,jawa,5,jawa,1,0.008245081,0.9534672,0.0076031457,0.007614291,0.007272706,0.008093507,0.007704045
O02qHFJp.png,jawa,1,jawa,1,0.003741159,0.9754239,0.004013678,0.0048722494,0.0046355324,0.003715672,0.0035978379
img8fMCz.png,jawi,2,jawi,1,0.0028706454,0.0046549696,0.9638572,0.005753736,0.014054123,0.005254207,0.0035551745
nKhcxWbc.png,pegon,4,pegon,1,0.0034504673,0.00471623,0.0034403733,0.0048115975,0.0029340987,0.97654176,0.004105542
knc0fzmS.png,lampung,4,lampung,1,0.005207018,0.0092373,0.012856068,0.9570681,0.007303738,0.004111053,0.0042167716
3rsKyJtH.png,lampung,5,lampung,1,0.0064309095,0.0054127257,0.0058070067,0.9633274,0.006855703,0.0044393614,0.0077269156
1dBCTMe7.png,jawa,5,jawi,0,0.0,0.0,1.0,0.0,3.4487353e-28,1.468192e-18,5.54435e-40
JcfFyYyJ.png,lampung,2,lampung,1,0.0071631046,0.0042564506,0.02595959,0.95016795,0.0072759064,0.0021528553,0.0030241765
Ft7AWWYE.png,pegon,2,pegon,1,0.005449578,0.004686374,0.006181214,0.006865406,0.005578811,0.9646908,0.0065478184
HZfSNxPT.png,sunda,5,sunda,1,0.0073963585,0.009386468,0.0049174237,0.010677891,0.01031909,0.011011465,0.94629115
UH8nZWdp.png,pegon,3,pegon,1,0.005267184,0.0049528964,0.0067963027,0.004895193,0.005628833,0.96812683,0.0043326677
j5XPGZaQ.png,jawi,5,jawi,1,0.0073842946,0.01299152,0.95588404,0.003853434,0.006097928,0.0048902626,0.008898465
nK3FBC1w.png,lontara,4,lontara,1,0.007091576,0.009123566,0.0060126674,0.009754758,0.94991124,0.008951469,0.009154803
Vf0FM8gx.png,jawi,2,jawi,1,0.0039463476,0.0031432314,0.96847254,0.016485447,0.0032398428,0.002628834,0.0020836447
GlTXu7cA.png,jawi,5,jawi,1,0.0055073528,0.006787403,0.95652854,0.007239279,0.005488561,0.01256344,0.005885492
qKXx9xKp.png,pegon,4,pegon,1,0.0061901705,0.011404941,0.009733751,0.0060645165,0.008301363,0.9506466,0.0076587847
2jb1cIa7.png,bali,1,bali,1,0.9678391,0.0055399192,0.0050589535,0.0075795706,0.005624413,0.0042331098,0.004124967
36loPqHi.png,jawa,4,jawa,1,0.0087595945,0.95625126,0.01478642,0.003415265,0.0075401887,0.0068419944,0.0024052868
BoG1KCaJ.png,pegon,1,pegon,1,0.0067096436,0.009265517,0.009197903,0.005299995,0.0077454112,0.9534517,0.008329924
DVj9IaKO.png,sunda,5,sunda,1,0.007883953,0.007864729,0.0063102366,0.007845551,0.007413524,0.00862086,0.9540612
4TltEvq8.png,jawa,3,jawa,1,0.007867241,0.9595059,0.005039945,0.0077037825,0.006683365,0.0070728413,0.006127014
BDqWdmI5.png,jawi,1,jawi,1,0.0026701537,0.0046954276,0.97699326,0.0031065205,0.0048255897,0.0048777065,0.0028312826
dHz1blrq.png,sunda,3,sunda,1,0.008734749,0.0071955402,0.0070805256,0.006558015,0.008330687,0.008561621,0.9535389
vCFMS4jc.png,jawa,5,jawi,0,1.5348371e-08,7.796873e-06,0.999931,5.421874e-06,6.4000636e-07,4.2980828e-05,1.2314212e-05
OB3iRUNP.png,jawi,1,jawi,1,0.012307993,0.010909604,0.9506754,0.010116866,0.009153225,0.004797573,0.002039371
DHV6bnhV.png,pegon,4,pegon,1,0.004703206,0.004324342,0.0038914871,0.0065873982,0.0047262274,0.9681557,0.0076117255
ONFMyfa6.png,pegon,2,pegon,1,0.00642003,0.007997663,0.010814709,0.0076016705,0.0065020537,0.95467967,0.005984125
YYPX7AVR.png,lampung,2,lampung,1,0.01159434,0.010828242,0.0077802716,0.9424343,0.006325316,0.013080499,0.007957002
8nz8RLRM.png,jawi,3,jawi,1,0.004847338,0.0048166662,0.97138476,0.0049938885,0.0053472063,0.003412194,0.0051978957
wsGNlTEQ.png,jawi,1,jawi,1,0.0031588953,0.0030024876,0.94797105,0.0027687235,0.0049165403,0.034445643,0.0037366562
SujUTC7Q.png,sunda,3,sunda,1,0.010467762,0.0143077355,0.0069560297,0.009139066,0.00807702,0.0064710816,0.9445813
SrGQvlZs.png,lontara,4,lontara,1,0.0055998727,0.0061262795,0.005113702,0.008497195,0.95751894,0.010120275,0.007023814
yPtUMCsZ.png,bali,5,bali,1,0.95187026,0.013346816,0.0034129242,0.0062803933,0.009882858,0.004108739,0.011098041
SJiOWAeY.png,lontara,5,lontara,1,0.0048547117,0.0040503256,0.004409486,0.005300707,0.9709641,0.0045361496,0.0058845626
qHg5OPKd.png,sunda,3,sunda,1,0.005269264,0.004714122,0.007219835,0.006352843,0.0052512847,0.0055167517,0.9656759
ZMeNL381.png,lampung,2,lampung,1,0.0071937395,0.009614286,0.007958857,0.9560971,0.007299891,0.0051763984,0.0066596214
I3DVYX67.png,jawa,3,jawa,1,0.0031509,0.9727333,0.0035357394,0.0055273017,0.004069611,0.005302593,0.0056805247
FFQQz1vB.png,sunda,2,sunda,1,0.012519299,0.010978334,0.0092221415,0.012954602,0.012397636,0.016731791,0.9251961
5XPg06x8.png,jawi,2,jawi,1,0.0042897263,0.0048608966,0.977437,0.005261018,0.0017080024,0.0027561646,0.0036871575
hvuEmRkR.png,sunda,5,sunda,1,0.0062997793,0.006034819,0.006370927,0.0044715772,0.007010775,0.007045091,0.9627671
B82aWLEd.png,lampung,2,lampung,1,0.006593895,0.00885142,0.008769682,0.9503662,0.008894746,0.010531871,0.005992095
pueHxAjt.png,sunda,3,sunda,1,0.006373356,0.008147667,0.008664681,0.0064108097,0.0067711645,0.005657519,0.9579748
E676oAV2.png,sunda,4,sunda,1,0.014289801,0.00812223,0.010207474,0.011150666,0.013762513,0.009149922,0.93331736
wdrfsK9D.png,sunda,2,sunda,1,0.00850507,0.0073857256,0.021381741,0.008369123,0.00989017,0.0068909787,0.9375772
hOg4HWo9.png,bali,3,bali,1,0.9680272,0.0048094015,0.003998832,0.0065416526,0.004758015,0.0047048787,0.007160085
DayeYAQn.png,jawa,2,jawa,1,0.0041913847,0.9644015,0.0061552688,0.004862091,0.007567415,0.007490215,0.005332146
0Mqyoa0J.png,jawa,2,jawa,1,0.004687637,0.9725189,0.007705997,0.004356576,0.004056812,0.0036973779,0.002976735
G55wHgVk.png,jawi,3,jawi,1,0.0072229984,0.006427405,0.9567103,0.005391317,0.007086752,0.008448665,0.008712599
1xrOjcUj.png,lampung,1,lampung,1,0.008094695,0.015652534,0.011134592,0.9448013,0.008254349,0.0053190095,0.006743586
3G2FsNXW.png,sunda,4,sunda,1,0.003923526,0.0027150947,0.003802812,0.0039833677,0.004871001,0.005530358,0.97517395
6YJTysvv.png,jawi,5,jawi,1,0.0062704957,0.008355875,0.9279017,0.0071192943,0.009335317,0.032583456,0.008433756
nubogkVa.png,lontara,5,lontara,1,0.0026738623,0.0038904466,0.0105508305,0.0021759586,0.96884257,0.0087373415,0.0031291163
SsbS18ul.png,pegon,5,pegon,1,0.0078023104,0.0068252617,0.0067887013,0.0059501934,0.0057306336,0.95998704,0.0069158394
YmLUVboM.png,jawa,5,jawa,1,0.003198906,0.9581049,0.0056971,0.0068251984,0.011181646,0.0074485815,0.007543748
HHln0Sjx.png,jawi,5,jawi,1,0.0054136384,0.005757163,0.9583287,0.0066588884,0.0065109907,0.010358912,0.006971644
phTxXfMu.png,pegon,3,pegon,1,0.00795574,0.0058518904,0.005783714,0.00434027,0.006090949,0.9641597,0.0058177025
3boOyZCX.png,pegon,4,pegon,1,0.006963476,0.005716823,0.0055789417,0.007802533,0.0057224086,0.9586092,0.009606656
kI0m4DGb.png,pegon,3,pegon,1,0.005819982,0.003568122,0.0052271974,0.005317297,0.0060400153,0.96925867,0.004768722
Nv9vaElA.png,bali,5,bali,1,0.7204581,0.15079516,0.054156315,0.010812129,0.019559126,0.022206722,0.022012401
NAETW72M.png,sunda,1,sunda,1,0.004709944,0.004712245,0.005110101,0.004522879,0.0055713914,0.0044094855,0.97096395
Nwgn7Wrx.png,jawi,1,jawi,1,0.0040368196,0.0074266605,0.9767461,0.004128516,0.0023766025,0.0027676977,0.0025175577
Qpp3eLf2.png,sunda,4,sunda,1,0.0039346195,0.0031615559,0.004658808,0.0032144806,0.0044411262,0.0045664683,0.97602296
hASwmHYn.png,sunda,4,sunda,1,0.0072626807,0.0023926403,0.004762982,0.0052953605,0.0073518795,0.005787487,0.96714705
RP2inEjd.png,bali,3,bali,1,0.95316947,0.008579224,0.0074975616,0.007259793,0.0064981105,0.007490244,0.009505615
k7TdTaMt.png,jawa,4,jawa,1,0.0034219078,0.9525137,0.019096356,0.008289287,0.0073870574,0.0032271664,0.006064571
ZsFYRKpw.png,jawa,3,jawa,1,0.01046141,0.9375768,0.012674444,0.010486982,0.010699041,0.009866049,0.008235346
GyjXydFw.png,bali,2,bali,1,0.97496516,0.0014027806,0.005777573,0.0042872434,0.0032615627,0.004917749,0.005387921
9PxgUxmc.png,jawi,3,jawi,1,0.003917973,0.0011418666,0.9828699,0.0044483244,0.0042446214,0.0011307697,0.0022466092
Egu4zbrX.png,jawi,4,jawi,1,0.0037629183,0.0029205645,0.9806182,0.004234897,0.003571368,0.0025176841,0.0023744022
hNuAw1DH.png,jawa,1,jawa,1,0.0061442414,0.96079534,0.0068077,0.0060077743,0.0071658306,0.0043335813,0.008745531
ZmqrOrNr.png,pegon,3,pegon,1,0.0043950705,0.0034413182,0.0041713403,0.0033616002,0.0062466543,0.97395235,0.004431705
eZTNQmBF.png,bali,5,bali,1,0.9568469,0.008587129,0.008106347,0.006282478,0.007992368,0.0063658524,0.00581886
7nLMmWWd.png,jawi,4,jawi,1,0.009222348,0.0173478,0.91087276,0.014780511,0.030335046,0.012313452,0.005128
sTHnJw8U.png,jawi,5,jawi,1,0.005005216,0.006099669,0.9575585,0.0066991756,0.0072117737,0.0102525,0.0071731424
vuXlf6gO.png,sunda,4,sunda,1,0.004934886,0.004550672,0.004258294,0.004790067,0.0057892203,0.0063489075,0.969328
Yg45eqOE.png,jawi,2,jawi,1,0.0076090237,0.0041632974,0.9645098,0.0049730926,0.004159234,0.009469583,0.005115945
ICJvaORz.png,jawi,5,jawi,1,0.0042623696,0.0062686903,0.96270514,0.008641814,0.0049807825,0.006689297,0.006451909
0mpqYu2h.png,pegon,3,pegon,1,0.0038859923,0.0031072735,0.005163208,0.00727596,0.0059777396,0.97057265,0.004017186
Uam1Sq5X.png,pegon,3,pegon,1,0.007685031,0.0083298115,0.0043151244,0.0067985943,0.009015474,0.9567032,0.0071527516
h6shgogS.png,sunda,5,sunda,1,0.009723948,0.010837261,0.011390674,0.011385113,0.011763735,0.011757992,0.9331413
8RIVRVHB.png,lampung,4,lampung,1,0.009003012,0.0072094398,0.0051876963,0.94979924,0.009100245,0.010582275,0.009118037
I3XTeCOm.png,pegon,3,pegon,1,0.0057145003,0.0050135665,0.003969933,0.005901659,0.0042967144,0.97046226,0.0046413215
kdtuMKPy.png,bali,5,bali,1,0.96001774,0.008121305,0.006872298,0.0073119528,0.005881059,0.006109365,0.005686219
8w719Fuc.png,pegon,1,pegon,1,0.0024076444,0.0046098023,0.0007335734,0.004453272,0.0018623013,0.98372287,0.002210458
0ACAlV8j.png,bali,3,bali,1,0.9539125,0.008941024,0.006424274,0.0064180037,0.007514406,0.007909712,0.008880111
JD2j0DKR.png,jawa,5,jawa,1,0.0031830359,0.97120595,0.0035061378,0.0063271327,0.0044538677,0.006550328,0.004773639
QBMs0ScI.png,lontara,4,lontara,1,0.0076450086,0.00709815,0.0059947786,0.0068262247,0.95637923,0.00813807,0.007918559
ogAU3Qgv.png,sunda,3,sunda,1,0.0071218405,0.0066772955,0.00796052,0.005835427,0.007445425,0.0063250237,0.9586345
Wja7t8qL.png,sunda,4,sunda,1,0.009430815,0.007748112,0.0040650647,0.00497576,0.0090894755,0.008108066,0.95658267
Dv9EQxtb.png,sunda,3,sunda,1,0.006307027,0.005864461,0.0068295198,0.0063101077,0.0069269147,0.007644965,0.9601169
IiMMT8s8.png,lampung,2,lampung,1,0.004494586,0.0045698257,0.0063044294,0.96866655,0.004650865,0.004386184,0.006927443
4xefokN3.png,pegon,2,pegon,1,0.0035123883,0.0034680795,0.0029118722,0.0051909736,0.004503394,0.97579193,0.0046214582
FF8sOiva.png,lampung,4,lampung,1,0.0059001707,0.0063920785,0.006847661,0.9640785,0.006931762,0.003871316,0.005978471
cxXohjYi.png,lampung,4,lampung,1,0.0044116774,0.0050186515,0.004605373,0.9723956,0.0044289436,0.004627915,0.004511889
ZItUwMcz.png,sunda,3,sunda,1,0.006681511,0.0058476706,0.008083087,0.007508558,0.006536302,0.008442098,0.9569007
RvjfTC9l.png,bali,1,bali,1,0.9681253,0.0069218813,0.004347495,0.0062671546,0.005595939,0.0040345415,0.0047076535
sc2LvWid.png,jawa,4,jawa,1,0.0099595925,0.94369745,0.009862804,0.009401967,0.008069463,0.008176551,0.010832171
5oiNQzmB.png,lontara,4,lontara,1,0.0025383122,0.0028847232,0.002691485,0.0038478514,0.9800014,0.0050308118,0.0030055018
Aja7QzOB.png,jawa,5,jawa,1,0.0061801383,0.95841986,0.0059202095,0.0065594777,0.009539325,0.00569341,0.0076875514
r9GP4bHW.png,jawi,5,jawi,1,0.0034480155,0.0078082546,0.9663644,0.0058395527,0.005986797,0.0035228953,0.007030101
1wsMssoL.png,lampung,5,lampung,1,0.006121971,0.00656471,0.0048547154,0.9629385,0.0055226446,0.0048028445,0.009194655
ijH84Cp6.png,pegon,1,pegon,1,0.0055221785,0.0050132917,0.0069875075,0.004485117,0.0070802383,0.96285725,0.008054362
mcQMKYkK.png,sunda,5,sunda,1,0.009858066,0.011258267,0.010784758,0.009457294,0.011706745,0.008285127,0.9386498
3VXesh3T.png,jawi,2,jawi,1,0.004391112,0.007852887,0.97070235,0.0044733477,0.0052324277,0.0024825092,0.0048652664
uQLRpKXK.png,pegon,2,pegon,1,0.0061059683,0.0063182763,0.0022771817,0.05527893,0.0076473895,0.9168882,0.0054840557
nIXyys5O.png,jawa,3,jawa,1,0.005039647,0.96981144,0.0043022274,0.0048041707,0.0061536357,0.004794797,0.005094076
9SU8z2Sp.png,lontara,1,lontara,1,0.0074133,0.0054051806,0.008726477,0.008400371,0.9572989,0.0077274553,0.0050283517
xUeMDW7a.png,pegon,4,pegon,1,0.0054838336,0.004123277,0.006624463,0.0072613526,0.0052583236,0.96555483,0.005693938
cnMgWoWA.png,jawi,3,jawi,1,0.0059790113,0.0064964965,0.9684119,0.004636041,0.004745981,0.0046587326,0.005071844
pHAAQca6.png,pegon,5,pegon,1,0.0048473426,0.0039063767,0.004634409,0.004989018,0.0070150616,0.96523917,0.009368623
xZRdzdNE.png,jawa,4,jawa,1,0.003870884,0.9734307,0.0035975056,0.005163263,0.0068385424,0.0036864162,0.0034127086
32ljDCfS.png,pegon,5,pegon,1,0.0062845075,0.0077489717,0.008665734,0.007034879,0.006801812,0.9566888,0.0067752944
aRuiHfXN.png,lontara,3,lontara,1,0.0073623867,0.007925732,0.0058440682,0.00429025,0.9614615,0.00745463,0.0056614997
crALoLq9.png,sunda,3,sunda,1,0.008662872,0.0065871477,0.0070428643,0.0065871477,0.0076002935,0.007146791,0.9563728
7IkuKP38.png,lampung,1,lampung,1,0.012831082,0.010752224,0.009766139,0.9339922,0.01022983,0.012213648,0.010214855
PO7ahJNl.png,lontara,4,lontara,1,0.005910132,0.006970641,0.005864139,0.006916396,0.9567884,0.010053474,0.0074966876
51zsiXdc.png,pegon,3,pegon,1,0.010122245,0.0061065643,0.0073767207,0.006933172,0.009555513,0.9497885,0.010117303
IV7avkWF.png,lontara,1,lontara,1,0.008458707,0.0062829084,0.0045542265,0.007029655,0.9531818,0.012033992,0.008458707
MF7ca6o2.png,lontara,5,lontara,1,0.0073309448,0.0078687975,0.00855402,0.00783812,0.9559541,0.0053242943,0.007129723
fdtNesDb.png,sunda,3,sunda,1,0.0065920544,0.0043337424,0.0027980742,0.0074080275,0.006013868,0.0063767713,0.96647745
kL1yiCXg.png,pegon,5,pegon,1,0.0072226436,0.008910069,0.006262897,0.0077072578,0.007240298,0.95526296,0.007393923
G7TQAlfi.png,pegon,2,pegon,1,0.007568163,0.00613787,0.007946873,0.0074982755,0.0090490645,0.95279485,0.009004987
6cAiELGU.png,pegon,5,pegon,1,0.006729781,0.005541176,0.005292593,0.004273534,0.005527664,0.9661697,0.00646565
KdywFddA.png,pegon,1,pegon,1,0.004219785,0.006570929,0.0082780905,0.006664636,0.0071291937,0.96150047,0.005636903
76uSfL98.png,lontara,1,lontara,1,0.009671756,0.011821188,0.008180305,0.013326661,0.9290396,0.016242683,0.011717747
wsfr60G5.png,pegon,4,pegon,1,0.009576133,0.0066591552,0.010909621,0.009245321,0.012860954,0.9366238,0.014124993
g4Pv8f24.png,jawi,2,jawi,1,0.009959957,0.013882152,0.9395938,0.016509628,0.007379958,0.0020877202,0.0105868
ecGsJaBX.png,lampung,3,lampung,1,0.007564692,0.007858356,0.0055452664,0.9612343,0.007850687,0.0058057173,0.0041410634
t78VlHzz.png,jawa,1,jawa,1,0.0043166806,0.9702229,0.0046130675,0.006123269,0.0046994607,0.00500255,0.0050221286
BsJtjRay.png,pegon,3,pegon,1,0.008329411,0.010747526,0.0044977707,0.008953624,0.0101408325,0.947823,0.009507842
Gt1Y9LUn.png,jawa,3,jawa,1,0.0061334027,0.9576965,0.0060501182,0.0066968706,0.007902409,0.008346607,0.007174176
3nvzHYWb.png,jawa,2,sunda,0,1.0840648e-13,9.390206e-08,0.0013250222,2.1806823e-15,4.7516853e-31,9.3284965e-26,0.99867487
UOBuwb1F.png,lampung,3,lampung,1,0.008310628,0.0074605197,0.00836355,0.9479973,0.011052885,0.009806668,0.0070085097
AAHD3elo.png,jawa,5,jawa,1,0.0042353673,0.9631679,0.005955352,0.0068545677,0.00578341,0.007912707,0.0060906284
GN9EVkMm.png,bali,1,bali,1,0.96685034,0.0055504967,0.0040827002,0.0056022303,0.0073334924,0.00448178,0.006099005
VkIpoUpn.png,jawa,1,jawa,1,0.012260559,0.93620706,0.0081832595,0.010390169,0.013788282,0.0122426115,0.006928107
ytw8F8ej.png,lampung,5,lampung,1,0.0057056583,0.0061182897,0.005240922,0.9604817,0.0062025124,0.008065937,0.008184959
YRGBTkWW.png,jawi,2,jawi,1,0.006614128,0.0052835518,0.9673492,0.0054726056,0.0048107286,0.005191488,0.0052783946
71kFaMc8.png,jawi,4,jawi,1,0.0015917439,0.0022381519,0.98300225,0.0038785262,0.0037720667,0.004320475,0.001196827
2cYD7bZ1.png,lampung,4,lampung,1,0.004632908,0.00457223,0.0029162369,0.9724945,0.0048837783,0.004782307,0.0057180845
J3z64LUL.png,pegon,5,pegon,1,0.0070635616,0.005125093,0.0035104023,0.0072877835,0.005157728,0.9685962,0.0032592982
1PnElars.png,lontara,4,lontara,1,0.0062119104,0.009801379,0.00509483,0.009787032,0.9558503,0.0064719934,0.0067825904
sG7nx9ug.png,jawi,1,jawi,1,0.0026543024,0.003710412,0.97976696,0.0039113294,0.002211265,0.004775909,0.0029697763
ZuK9AqqP.png,jawa,4,jawa,1,0.004033775,0.95947134,0.011766534,0.0066700843,0.0066570686,0.006272086,0.0051291357
bhLje3Zw.png,pegon,2,pegon,1,0.007896086,0.0060748677,0.0069005536,0.0058650086,0.004236802,0.9625538,0.0064729815
HZoHXGoI.png,jawa,1,jawa,1,0.007944832,0.9562782,0.00716705,0.009844147,0.00792159,0.0047882926,0.006055925
BvN0kAmG.png,jawi,1,jawi,1,0.0043331855,0.0067475135,0.93753695,0.008921561,0.006280168,0.029807791,0.00637284
3OkdhLcs.png,jawi,5,jawi,1,0.005673445,0.008479504,0.93567216,0.007942454,0.00897365,0.00207495,0.03118378
AWIR6dAb.png,lampung,3,lampung,1,0.008119719,0.006945163,0.0046627624,0.9617067,0.0064799287,0.005777456,0.006308223
CMfOkE7N.png,bali,1,bali,1,0.98291516,0.0037772618,0.0018247816,0.0025558232,0.003299416,0.0026929048,0.0029345613
LEX7KiTn.png,lontara,3,lontara,1,0.009918355,0.006542841,0.00842171,0.00934477,0.9476236,0.009974206,0.008174567
EjPGZ4qv.png,lampung,1,lampung,1,0.0132984845,0.010685633,0.014309051,0.92549235,0.012795274,0.010859208,0.01256005
62vNYalX.png,jawi,2,jawi,1,0.0057761706,0.012737015,0.95261383,0.012091593,0.0073339217,0.0015485742,0.007898944
6Bcfu9pj.png,jawa,3,jawa,1,0.005133736,0.96739143,0.008116033,0.006019555,0.00601368,0.0038057656,0.0035197581
wg2tRxri.png,sunda,1,sunda,1,0.0070499047,0.0077163856,0.006369058,0.0062887124,0.0077276975,0.006584081,0.9582642
lT9zzUxe.png,sunda,1,sunda,1,0.00553441,0.004556929,0.004477527,0.008447213,0.007898698,0.0064483024,0.96263695
y5ft18Dy.png,sunda,4,sunda,1,0.0079535395,0.0050877705,0.0077541373,0.009145533,0.0099467905,0.009307715,0.95080453
YU9Ae1Va.png,sunda,2,sunda,1,0.0065841526,0.0061012497,0.0053764526,0.005183123,0.0053476524,0.0046734246,0.966734
doyKEzrY.png,pegon,2,pegon,1,0.0061838147,0.006290403,0.003368655,0.0037470122,0.0055784336,0.9674558,0.007375804
8hwaaNNd.png,pegon,5,pegon,1,0.0076478533,0.008649245,0.0066868826,0.0074561145,0.007191513,0.95347065,0.008897695
2tho3hUr.png,pegon,3,pegon,1,0.004657763,0.005160711,0.003812709,0.0053846636,0.0052368636,0.9691563,0.0065909876
rvSEepic.png,sunda,4,sunda,1,0.004888333,0.004261598,0.0032690766,0.0043775956,0.0051858476,0.0055663195,0.97245127
bs0Ff45T.png,lampung,1,lampung,1,0.011218575,0.010120302,0.012171702,0.94129664,0.007858641,0.0079009645,0.009433159
0uI1tH60.png,sunda,3,sunda,1,0.0043510674,0.0040655546,0.006560493,0.0038454325,0.004383053,0.005979233,0.9708152
49XX2kpf.png,pegon,1,pegon,1,0.0068214973,0.00656017,0.002631206,0.004961557,0.006079027,0.9684002,0.004546317
FtJN0akT.png,pegon,1,pegon,1,0.0046391548,0.0038970346,0.0047864174,0.005006335,0.0033365667,0.97143126,0.006903256
u19VMm0p.png,bali,2,bali,1,0.97253495,0.0017705892,0.004397254,0.0042020394,0.0032186708,0.0067477077,0.00712874
dFwzIi06.png,bali,2,bali,1,0.96431875,0.0033089046,0.0072449786,0.0056121703,0.0065229596,0.0055063087,0.0074859164
1vLHzXgD.png,jawa,5,jawa,1,0.004772834,0.97104216,0.0028472075,0.0050165625,0.004685092,0.0059544067,0.0056817345
AQmhZkZC.png,pegon,3,pegon,1,0.011183526,0.0102625815,0.0073486753,0.010403854,0.012821977,0.936525,0.011454328
La6QyH3N.png,jawa,3,jawa,1,0.0076721674,0.95790404,0.008024674,0.005729378,0.00816698,0.0058824546,0.0066202832
6wXQUpBC.png,lontara,5,jawi,0,0.008001103,0.0061586685,0.95043814,0.010283656,0.012069869,0.007363766,0.0056847236
v3ji33vL.png,jawi,5,jawi,1,0.0037162718,0.00464081,0.97177786,0.0050179125,0.0046227174,0.0038718663,0.0063525336
ruHTmE92.png,jawi,2,jawi,1,0.00348055,0.003882834,0.97357935,0.0069016507,0.0037014093,0.0029166406,0.0055375146
KAyOktdt.png,jawi,5,jawi,1,0.007463922,0.00578177,0.9568022,0.008445351,0.005070109,0.008599315,0.007837416
0bLzXm08.png,lampung,5,lampung,1,0.0049950955,0.0048793843,0.004165415,0.97256887,0.0044732043,0.0033997127,0.0055182786
xsFGnes8.png,bali,3,bali,1,0.9507897,0.008114244,0.008106324,0.0070463354,0.008270243,0.008726591,0.008946633
lf6h4EEX.png,jawa,2,jawa,1,0.0035702093,0.95572287,0.0125176655,0.0058576083,0.0057331035,0.012493241,0.0041052746
AiLJEZlc.png,lampung,1,lampung,1,0.005176548,0.005803123,0.0046697757,0.9683404,0.00550234,0.0040433276,0.0064643747
OiqEPCdq.png,jawa,1,jawa,1,0.0017714892,0.97970366,0.0034565723,0.0048036645,0.004924789,0.0024048428,0.002934988
wHFKCRPA.png,lampung,3,lampung,1,0.008299574,0.0058394806,0.007392615,0.9593004,0.0074215494,0.006587983,0.0051583583
ZGGLGb1K.png,pegon,2,pegon,1,0.0050302856,0.004439211,0.0013920936,0.0044587622,0.0041096103,0.9760786,0.004491539
AclUJnc1.png,pegon,1,pegon,1,0.0058532236,0.008808207,0.0048833927,0.005651021,0.0064599747,0.9620278,0.0063164947
muW5KoG3.png,lampung,1,lampung,1,0.009430453,0.008161377,0.009444278,0.947019,0.009007393,0.008346763,0.00859072
g87VbJJ9.png,jawa,2,jawa,1,0.0037218218,0.9789484,0.0033167286,0.003817531,0.0035862387,0.0036766657,0.0029327252
gWDS8N5H.png,jawa,5,jawa,1,0.008772148,0.9432356,0.006550815,0.00846911,0.012583941,0.01066422,0.009724117
384rHTEw.png,pegon,4,pegon,1,0.006100132,0.008427942,0.008823786,0.0066087106,0.00927891,0.9515718,0.009188737
bdzUVoLO.png,jawa,5,jawa,1,0.0108214505,0.9331459,0.008686791,0.010280622,0.012054529,0.012932622,0.012078097
RqgSds15.png,sunda,2,sunda,1,0.005033302,0.0060742865,0.0054052216,0.0067236223,0.0038913342,0.0038086232,0.9690636
I7gROcLG.png,pegon,2,pegon,1,0.0066367798,0.0078009684,0.011198952,0.007623981,0.0079664895,0.9528178,0.0059549836
a03e1Ocr.png,bali,1,bali,1,0.9631844,0.0031230173,0.0055673798,0.005758148,0.0075726407,0.007511875,0.007282537
7M4esanM.png,lampung,2,lampung,1,0.008253469,0.007376719,0.0068523968,0.9539714,0.0062483246,0.007101053,0.010196652
7W7HsLgF.png,jawa,1,jawa,1,0.009294355,0.94943976,0.011244026,0.0057569244,0.007973209,0.007074226,0.009217524
xr9B2gVI.png,lontara,2,lontara,1,0.004744682,0.00356055,0.01843691,0.011942699,0.94942117,0.0058076316,0.0060863453
Q6gMABvM.png,lampung,1,lampung,1,0.013480724,0.011695111,0.012388742,0.9191311,0.013976728,0.014907236,0.014420396
Je9H5lU0.png,lampung,4,lampung,1,0.0074768895,0.005049245,0.0053174645,0.9622158,0.0063579595,0.006837768,0.006744919
JVcjNCAT.png,bali,1,bali,1,0.96412414,0.008743751,0.004599765,0.0064582643,0.006811302,0.004027689,0.0052351723
JkTQ6yo8.png,jawa,5,jawa,1,0.0020351326,0.97881454,0.0038507048,0.004851138,0.0021600495,0.004939577,0.0033488194
PGNOOhvL.png,jawa,4,jawa,1,0.004108923,0.96407473,0.0049369847,0.0050688903,0.006748058,0.0051186336,0.009943808
b36W5nAj.png,jawi,1,jawi,1,0.0033000289,0.0037650727,0.9542478,0.0043124636,0.0057635196,0.025219629,0.003391509
Z0Agex67.png,lampung,3,lampung,1,0.011724908,0.009485852,0.007941221,0.94102466,0.015322059,0.008023068,0.006478271
HvGXaC13.png,jawi,1,jawi,1,0.0029042051,0.006686858,0.97607803,0.0033264377,0.0036143416,0.0038212358,0.0035687466
whhoxBVI.png,bali,3,bali,1,0.9413363,0.006881546,0.010637552,0.012988929,0.011142616,0.008614551,0.008398576
8dl6bE8B.png,pegon,2,pegon,1,0.0070047746,0.0058928546,0.012693304,0.0074129817,0.011753725,0.9465673,0.00867512
XEQnxKcm.png,sunda,2,sunda,1,0.008827151,0.0070033385,0.0065597817,0.006546982,0.0076541975,0.0068144356,0.9565941
XUmC1yK4.png,pegon,2,pegon,1,0.010960287,0.0035185467,0.0031818477,0.0055138706,0.005396672,0.9651715,0.006257193
j1t7fD4D.png,lampung,4,lampung,1,0.006172516,0.004435056,0.0038645486,0.96427464,0.0056119137,0.0069875503,0.008653789
gZ41g6MA.png,pegon,1,pegon,1,0.0035629927,0.0037614335,0.0035318148,0.004161495,0.002441643,0.97545654,0.0070841275
Vz3JaOKr.png,bali,2,bali,1,0.96944964,0.0021185924,0.005991266,0.0047233095,0.004737168,0.005559987,0.0074199326
p1pLM2wZ.png,sunda,1,sunda,1,0.007878189,0.006226077,0.0065792603,0.008288585,0.008758767,0.010765579,0.9515035
FMWdLjyQ.png,jawa,5,jawa,1,0.0029438087,0.97881716,0.0026465554,0.0042915903,0.0035717785,0.0034248973,0.004304182
1IfNKLV6.png,sunda,1,sunda,1,0.00821102,0.006448052,0.0069346596,0.009483185,0.011038352,0.009746068,0.9481386
QP15xxzF.png,lampung,4,lampung,1,0.010453749,0.007711877,0.00883308,0.9474713,0.0085906265,0.0067824847,0.010156888
ls7BTYjS.png,lampung,3,lampung,1,0.0077148695,0.006052514,0.007763997,0.9524785,0.0057192245,0.013142674,0.0071281237
oTeCUg8I.png,pegon,5,pegon,1,0.0045130136,0.004327426,0.10082742,0.0024369669,0.011023523,0.87442505,0.0024465048
2dxjNC37.png,lampung,4,lampung,1,0.0067020273,0.006271426,0.0070995204,0.9565639,0.006395119,0.0103247,0.0066433805
oOPsiuNX.png,jawi,2,jawi,1,0.001432549,0.0016496591,0.9927422,0.0014172427,0.0009159347,0.00064067554,0.0012016242
x6FVJaHo.png,sunda,3,sunda,1,0.006242362,0.006593248,0.008145551,0.0057986677,0.0049622855,0.005844147,0.96241385
5VChyH3A.png,pegon,1,pegon,1,0.0036842295,0.0019576352,0.0009843607,0.008665478,0.002963254,0.97904825,0.0026967565
EBV13Hjl.png,jawa,1,lampung,0,0.0,9.068e-42,0.0,1.0,0.0,0.0,0.0
t8Z27gyx.png,pegon,1,pegon,1,0.0062196148,0.0072928015,0.0023309193,0.005186543,0.005732576,0.9673719,0.005865656
xhi6bewM.png,jawi,3,jawi,1,0.0044496963,0.0047878334,0.97552186,0.0037233105,0.0038116062,0.0035701976,0.0041354396
cwbEphJO.png,pegon,5,pegon,1,0.006556189,0.0073605324,0.0074363947,0.008664361,0.008605335,0.9532734,0.008103723
ZpvWSNUC.png,bali,3,bali,1,0.96202326,0.0055120094,0.0067865117,0.006893384,0.007302226,0.0053424225,0.00614009
Ln46oUM4.png,sunda,3,sunda,1,0.009949469,0.008096763,0.0063583264,0.0073974277,0.010252775,0.009666927,0.94827825
tWFmMGev.png,jawi,1,jawi,1,0.0043018996,0.004189953,0.9759127,0.001707005,0.004262174,0.003757684,0.0058685266
yRK4d05e.png,lontara,5,lontara,1,0.005117428,0.0051878733,0.006570908,0.0067398828,0.9629068,0.0063130115,0.0071640657
wf7QlkcF.png,lontara,4,lontara,1,0.0064277267,0.0050230585,0.0042630145,0.008334359,0.9647331,0.005554592,0.005664146
qPq71xlg.png,jawi,1,jawi,1,0.0030356506,0.009460683,0.8616622,0.009433006,0.0055562197,0.10412396,0.0067283115
H68mzDnY.png,lampung,1,lampung,1,0.0100185,0.009402323,0.011553766,0.9409724,0.009148711,0.008338135,0.010566156
szhojH5v.png,jawi,1,jawi,1,0.006129993,0.0057529747,0.9115503,0.013021627,0.011463525,0.029730039,0.02235153
HkRqR2nq.png,bali,1,bali,1,0.97619694,0.0046733096,0.0030949079,0.0040404648,0.0046392065,0.0030979319,0.004257175
zgMeaHhA.png,bali,3,bali,1,0.9681359,0.005560592,0.0048809187,0.005606941,0.006033018,0.004324254,0.005458368
PTcgXTsm.png,sunda,5,sunda,1,0.00740482,0.004638346,0.006602082,0.007110723,0.0071945414,0.0066343974,0.96041507
XqFvs9Ur.png,lampung,2,lampung,1,0.007118654,0.007607427,0.0064154863,0.95400405,0.009176307,0.007195536,0.008482555
EZ9cCQSb.png,jawa,1,jawa,1,0.006110016,0.9676503,0.0059830667,0.004044394,0.0055172443,0.0075081117,0.0031869058
olEehOvC.png,lampung,1,lampung,1,0.0058771465,0.0066304775,0.008673146,0.95423996,0.0062075043,0.011577344,0.006794347
gqTLMfJW.png,jawi,1,jawi,1,0.005126534,0.0062140482,0.9660343,0.0060523427,0.006037585,0.0039172377,0.0066180504
TCPubBtP.png,bali,2,bali,1,0.97355765,0.0024849533,0.004896284,0.005338274,0.0040059993,0.004637973,0.005078915
SkMGfMVR.png,pegon,2,pegon,1,0.007469667,0.0044256314,0.004870108,0.038682286,0.009255389,0.92807823,0.00721867
y1mF25Fp.png,jawi,1,jawi,1,0.005662398,0.0034613546,0.9701029,0.004536554,0.005827896,0.0072848774,0.0031240208
1bgclPhG.png,jawi,3,jawi,1,0.0039336905,0.0035537933,0.97674584,0.003698971,0.0055203717,0.0024046167,0.004142651
peAZ4YSz.png,sunda,5,sunda,1,0.005286025,0.005911402,0.009999326,0.0080248825,0.005737926,0.0057071894,0.9593332
1OiXmRJW.png,sunda,5,sunda,1,0.007663386,0.0072803893,0.006062237,0.006991233,0.008225628,0.009302671,0.9544745
BGVcRx5Q.png,lampung,4,lampung,1,0.008544431,0.0042567346,0.008042444,0.9456029,0.0139879985,0.011436199,0.008129302
zEH1uotX.png,bali,1,bali,1,0.9629209,0.0068227607,0.006500795,0.006340909,0.006638729,0.0049770363,0.0057988907
bbMe8dtg.png,sunda,1,sunda,1,0.004492968,0.0066661644,0.0049927267,0.0066791973,0.0065276604,0.0051562455,0.96548504
aOPj52gj.png,bali,2,bali,1,0.9668667,0.0022801836,0.006401181,0.00516867,0.0055533024,0.0070183175,0.0067116567
oXi09LgR.png,lontara,5,lontara,1,0.006007413,0.005021833,0.0048294496,0.0072427853,0.9663833,0.0045457175,0.0059694
RgQ4YWQL.png,pegon,2,pegon,1,0.0062297243,0.005139466,0.004026142,0.009681822,0.0063123982,0.96046543,0.008144953
UtpCEyYg.png,jawa,2,jawa,1,0.003312622,0.9729739,0.003922328,0.0063790134,0.005211486,0.004278487,0.003922328
Rf5M7Flq.png,jawa,5,jawa,1,0.006724199,0.964426,0.005585455,0.008356151,0.0042783367,0.0062798955,0.004349957
ME23SCfi.png,lontara,1,lontara,1,0.0052508162,0.005176987,0.0052739414,0.00794423,0.9604173,0.010347327,0.005589464
7f6Wz0RH.png,sunda,2,sunda,1,0.004950321,0.008318611,0.0060268817,0.006776205,0.005394554,0.004211552,0.96432173
5jAYQSFw.png,jawa,3,pegon,0,0.07441628,0.10450914,0.04764959,0.049306393,0.05349545,0.39277974,0.2778434
Z6BwtxfQ.png,pegon,1,pegon,1,0.0052005956,0.0060593663,0.007922222,0.0064407205,0.007255654,0.9605665,0.0065549375
Nx9nDmv0.png,pegon,5,pegon,1,0.0049853595,0.0053825686,0.004653678,0.004167458,0.00534851,0.9701994,0.0052630184
UYiZIneq.png,jawi,2,jawi,1,0.007989272,0.0069581657,0.9602196,0.007850061,0.0035975317,0.007664472,0.005720837
YUuHhUd6.png,jawa,1,jawa,1,0.0037108476,0.9713075,0.0046249945,0.0058351327,0.0054045264,0.004186503,0.004930498
oKJSW0IQ.png,jawi,5,jawi,1,0.0043518976,0.0046507022,0.9681597,0.0054319142,0.004754021,0.0073559843,0.005295731
WWI23xtW.png,bali,4,bali,1,0.9690778,0.003808679,0.008019783,0.0048928293,0.004278033,0.004936022,0.004986896
P8IHSeqU.png,sunda,4,sunda,1,0.003975761,0.004034428,0.0033446583,0.004290434,0.004749078,0.0058186916,0.97378707
pKuKNcjw.png,bali,1,bali,1,0.9505317,0.009250683,0.008443431,0.009497841,0.009463122,0.0049928064,0.0078203445
yeTL3W8q.png,jawa,2,jawa,1,0.004113444,0.9670224,0.005299851,0.0077225417,0.00525604,0.004353157,0.0062325657
3JZPUChM.png,jawi,5,jawi,1,0.0051062815,0.0040354584,0.9514723,0.0054197074,0.006345568,0.022398347,0.0052222717
swRugzq1.png,jawi,2,jawi,1,0.0060296156,0.005052713,0.95258874,0.0059072208,0.004188847,0.021340344,0.004892478
EpLn7vnH.png,bali,3,bali,1,0.93895364,0.011687685,0.011456029,0.009196192,0.008996331,0.009395905,0.010314345
OjDOwjqM.png,pegon,3,pegon,1,0.006662135,0.007903758,0.004871743,0.00643513,0.0070883436,0.9597327,0.0073062126
xVgLcZP6.png,pegon,5,pegon,1,0.0034958022,0.0051212516,0.007041056,0.0046766335,0.004649312,0.971184,0.0038318962
VyvrXSkm.png,lampung,1,lampung,1,0.010430904,0.009571935,0.010420722,0.9417149,0.011317112,0.008546776,0.007997651
u9QXqVG7.png,jawi,5,jawi,1,0.010217981,0.0099715395,0.95131046,0.007327464,0.0065331124,0.005701065,0.008938431
sJGYM03J.png,pegon,3,pegon,1,0.0058674505,0.005216071,0.0037680177,0.0065105516,0.006270314,0.9662515,0.006116097
12vqzbkD.png,bali,1,bali,1,0.96638185,0.0060782167,0.005690473,0.0059869057,0.006798975,0.0042974926,0.0047661904
bmTmhvh4.png,pegon,2,pegon,1,0.0076335897,0.008842157,0.006792771,0.007570487,0.0072379317,0.9544846,0.0074385754
rguL8jUU.png,sunda,4,sunda,1,0.004876344,0.003935509,0.0037079155,0.0071471944,0.00788038,0.004751768,0.9677009
5heEVSyC.png,jawi,5,jawi,1,0.0051490115,0.0060640564,0.9556938,0.006695931,0.0046200533,0.013504705,0.008272409
F5HsHrxA.png,pegon,4,pegon,1,0.007300116,0.0067449138,0.009214704,0.010741565,0.009433225,0.9477599,0.008805621
oU7I5lc9.png,lampung,2,lampung,1,0.009828047,0.008771175,0.007513381,0.95052797,0.0070857927,0.0058371588,0.010436391
7gy3Gwq7.png,jawi,4,jawi,1,0.0068422225,0.0031417888,0.9040653,0.007478107,0.008046377,0.061133135,0.009293032
nFdVIMIr.png,sunda,5,sunda,1,0.005665586,0.005888401,0.005528941,0.0067609814,0.0059694597,0.0056794346,0.9645073
biQBq90a.png,bali,2,bali,1,0.9831465,0.0037432618,0.0026988047,0.0028911564,0.0024085848,0.0026388625,0.002472937
EEZZRHHH.png,jawi,4,jawi,1,0.06607704,0.005269906,0.8589946,0.005977421,0.005720429,0.010460012,0.047500636
J0AoqRmI.png,jawa,2,jawa,1,0.003686702,0.96876436,0.005199083,0.00478962,0.004247514,0.0069146245,0.0063981046
4z4JdlSU.png,bali,2,bali,1,0.95280254,0.0076350356,0.010453706,0.006277343,0.006731318,0.004588119,0.011512025
xtD5j5OM.png,sunda,1,sunda,1,0.0038923584,0.005181777,0.008256231,0.006496231,0.005981687,0.0055946354,0.9645971
OZdxisi0.png,jawi,1,jawi,1,0.0050753783,0.008541263,0.9587325,0.007980795,0.009547096,0.006197266,0.0039257808
wl28H44h.png,jawi,3,jawi,1,0.012992329,0.005371237,0.9438844,0.0100103235,0.010844902,0.008872987,0.008023907
2m3rqCDG.png,jawi,4,jawi,1,0.0046847817,0.0063163876,0.9709779,0.0048358534,0.006603376,0.0018946723,0.0046870694
H2k75epr.png,pegon,1,pegon,1,0.009263605,0.00783318,0.0033248847,0.006618783,0.008073944,0.95768696,0.0071986676
X8k2ijN8.png,bali,5,bali,1,0.9611455,0.007823178,0.00804397,0.0052292016,0.006813508,0.0056485967,0.005296011
CwKjjnFs.png,pegon,2,pegon,1,0.009140866,0.007029108,0.005893148,0.007464201,0.007849198,0.95497096,0.0076524112
Q2mAU4B2.png,jawa,1,jawa,1,0.004608562,0.9764006,0.0033799377,0.0045084045,0.003837459,0.0032472818,0.004017697
G3TVEyQd.png,lontara,2,lontara,1,0.007033623,0.007389191,0.0043332893,0.00675097,0.95792013,0.009851424,0.006721368
Fqivekbx.png,sunda,4,jawi,0,0.11529246,0.16626643,0.34332895,0.02302408,0.031012556,0.048150603,0.27292496
64UcVyae.png,sunda,3,sunda,1,0.011187588,0.0083914,0.010117019,0.009265784,0.009055562,0.0073083956,0.94467425
BjII147T.png,lontara,2,lontara,1,0.0052600526,0.005942983,0.0028879058,0.008668127,0.96210665,0.0074359947,0.0076983063
KuS7PBkd.png,lontara,4,lontara,1,0.0030170977,0.00084356475,0.0013232311,0.00069797516,0.9866688,0.006515558,0.00093374104
H1G46wiD.png,sunda,4,sunda,1,0.008630844,0.0076055434,0.007804936,0.006216563,0.008643495,0.012902767,0.94819576
4peP24vI.png,jawi,1,jawi,1,0.0053293365,0.0060300897,0.9686113,0.0051101795,0.00863138,0.0033431654,0.0029445766
KUbQbHWO.png,lampung,5,lampung,1,0.003681171,0.0028059625,0.005839567,0.97394603,0.0045168763,0.004662534,0.004547859
gFOUzUzP.png,pegon,4,jawi,0,0.010894422,0.008312356,0.9114244,0.009567463,0.0058828415,0.04626084,0.0076577007
chTzKXG3.png,jawa,3,jawa,1,0.006819764,0.9582775,0.0035484275,0.008765306,0.007660183,0.010167933,0.004760963
VX5KW2cE.png,lontara,2,lontara,1,0.0062353197,0.005616662,0.004410722,0.008010219,0.9636779,0.0056939796,0.006355196
F4xJzofS.png,lampung,1,lampung,1,0.008439538,0.007498954,0.0085431915,0.95009345,0.008045203,0.00928714,0.008092482
qX0skwos.png,pegon,4,pegon,1,0.007903436,0.0074245906,0.0047819875,0.0060568163,0.007537829,0.955952,0.010343316
1Kmx975i.png,jawa,1,jawa,1,0.0062149996,0.9619455,0.0061877468,0.0048449757,0.007980217,0.0073123393,0.0055142557
shQ0PCF6.png,lampung,3,lampung,1,0.008700906,0.0053526266,0.009449358,0.95822954,0.0065709967,0.0053369678,0.006359506
7YW6zFva.png,lampung,3,lampung,1,0.008232226,0.0056441235,0.0047296784,0.9660283,0.0056551583,0.0043275002,0.005383032
PJ2U7yk4.png,lampung,5,lampung,1,0.0047787204,0.004406665,0.0053807357,0.9712909,0.0050547337,0.0039539686,0.0051343343
4Bziklja.png,lontara,2,lontara,1,0.0065057604,0.00614451,0.0049204063,0.0077711833,0.95989954,0.007093038,0.007665659
kPSqydxc.png,lampung,1,lampung,1,0.010331464,0.0104074115,0.007991337,0.9437322,0.009639393,0.008695718,0.0092024645
lIJ2nVsN.png,jawi,1,jawi,1,0.0048629805,0.005987412,0.96552026,0.007436915,0.0059176562,0.004915501,0.0053592254
coMzfmwZ.png,jawa,2,jawa,1,0.0039074835,0.96834546,0.0061955485,0.0067779506,0.0032048055,0.0031458894,0.008422948
ivo7yMiu.png,sunda,2,sunda,1,0.006644395,0.005131884,0.005883734,0.006257089,0.0064086,0.008750968,0.96092343
1Ao7F9qT.png,pegon,3,pegon,1,0.006324914,0.0054604094,0.008798441,0.0057504694,0.0070044603,0.96049196,0.006169353
39xa1F3E.png,sunda,1,sunda,1,0.004417295,0.00267661,0.008591822,0.005268771,0.0049134335,0.004293951,0.96983814
qR2KfXSu.png,sunda,4,sunda,1,0.0065666554,0.00642708,0.0044758837,0.0030005677,0.003921129,0.004830141,0.9707785
yUKeLjXs.png,jawa,3,jawa,1,0.012029713,0.94635135,0.009205502,0.008373523,0.011163757,0.0061082793,0.0067678555
JqPlRKXa.png,lampung,4,lampung,1,0.0071603497,0.0072624623,0.004385591,0.96099854,0.0059158835,0.006943438,0.0073337327
cMrCrJe4.png,jawi,3,jawi,1,0.0050734635,0.004715154,0.96588725,0.0059634238,0.00613772,0.0062040077,0.0060190056
Evv1Rcph.png,bali,2,bali,1,0.98492396,0.0010696902,0.0029665171,0.0037117733,0.0023639593,0.002677409,0.002286757
iNQt94uH.png,sunda,1,sunda,1,0.006144227,0.0054302104,0.0059203976,0.0061382297,0.008762607,0.0039922725,0.963612
o6Z7P2ZI.png,pegon,2,pegon,1,0.0056439284,0.006195617,0.00844363,0.0071940636,0.0063116476,0.9608203,0.0053907363
DpOtE8mn.png,lampung,4,lampung,1,0.004706318,0.0044732923,0.0041452073,0.96501935,0.0074876975,0.006123229,0.008044902
vV9417f5.png,pegon,3,pegon,1,0.004689548,0.003343297,0.003836854,0.0052443575,0.0048739784,0.9733907,0.004621355
XLVozzyp.png,pegon,4,pegon,1,0.0073483894,0.008842235,0.009407916,0.008820675,0.009565406,0.9466029,0.009412511
XB1pSPjA.png,jawi,4,jawi,1,0.0032268434,0.011843716,0.94685405,0.014328162,0.01232153,0.004308401,0.0071172398
5McxaHeM.png,pegon,1,pegon,1,0.0077157025,0.0077006463,0.006359171,0.0078602005,0.008042672,0.95630956,0.0060119294
WoUqvWS2.png,jawi,1,jawi,1,0.002052649,0.0030753782,0.970037,0.003677153,0.0039450093,0.012444965,0.0047678933
N6Qr0h7n.png,pegon,4,pegon,1,0.007084813,0.005748674,0.010760933,0.010527066,0.010480906,0.94622916,0.009168429
R9e2qcfn.png,jawi,4,jawi,1,0.0027922413,0.004134733,0.9739274,0.0062373504,0.0070747496,0.0029723253,0.0028612502
ia03XLHA.png,pegon,4,pegon,1,0.014523002,0.0060011125,0.036217857,0.0018106803,0.016822318,0.91622794,0.008397065
l6Y04Z7c.png,pegon,5,pegon,1,0.0050559696,0.006255495,0.0045232982,0.0074758874,0.005626588,0.9653809,0.005681805
c71o0GoH.png,lampung,1,lampung,1,0.0114993015,0.01020275,0.009367143,0.9365366,0.010882005,0.011304449,0.010207734
kMQswzFk.png,bali,5,bali,1,0.94838184,0.020552244,0.0057505094,0.0046842713,0.009630291,0.0076368083,0.0033640836
wXT8hD9f.png,pegon,5,pegon,1,0.010253072,0.009913385,0.008299137,0.009726391,0.010298228,0.94069624,0.01081355
3Fq9NzTa.png,bali,3,bali,1,0.9544983,0.007937792,0.0071293013,0.0075669005,0.0065774475,0.0070462422,0.009244038
OcJYXu8h.png,lampung,2,lampung,1,0.0051910155,0.009015373,0.004603478,0.9653737,0.005640299,0.0060334564,0.0041426816
7W7lOoHm.png,jawi,4,jawi,1,0.008276304,0.0077976803,0.94638956,0.016066344,0.012309473,0.0034669642,0.0056937723
WpcB9pPI.png,jawi,5,jawi,1,0.0048263595,0.006713837,0.96199983,0.008855388,0.009398934,0.0023066844,0.0058989595
94ayRS2N.png,jawi,4,jawi,1,0.0071465997,0.00657091,0.9647897,0.0087840315,0.004140176,0.003954443,0.0046141916
3SJi9u1c.png,jawi,5,jawi,1,0.0081370715,0.002703047,0.9708467,0.005079632,0.0058295177,0.003738178,0.003665875
ZAHD7mxa.png,jawa,2,jawa,1,0.00778951,0.9616936,0.0047315024,0.005975341,0.006249885,0.0055859718,0.007974233
epNdcG5b.png,pegon,2,pegon,1,0.0069198976,0.0071885316,0.008611953,0.0046959748,0.005269524,0.9610196,0.006294489
tcTKMha4.png,jawi,5,jawi,1,0.00826906,0.009429741,0.9432556,0.007300984,0.0076888176,0.015427909,0.008627902
1hOmF0YQ.png,jawi,1,jawi,1,0.0022843038,0.0066812388,0.87935287,0.009185837,0.0070705917,0.090801746,0.004623442
Efwr5sOB.png,lampung,4,lampung,1,0.007687562,0.0057129106,0.0051763277,0.9560841,0.0076054223,0.010487149,0.007246522
uZw33k9K.png,jawi,3,jawi,1,0.009205745,0.010652811,0.93535066,0.011694113,0.012255325,0.0123937335,0.008447666
ci4zbgCE.png,jawi,2,jawi,1,0.0048210216,0.0031678842,0.9760684,0.005092013,0.0029992925,0.0039850753,0.0038662406
IL6k5YxZ.png,pegon,4,pegon,1,0.0073454506,0.007953968,0.0125899585,0.007356218,0.008676212,0.94761133,0.008466955
5y8VTWyd.png,pegon,2,pegon,1,0.005970916,0.0061996817,0.005927343,0.005089768,0.0043919417,0.9680456,0.0043748193
vtd2XfRi.png,lontara,3,lontara,1,0.009561008,0.009878967,0.008035466,0.009910371,0.94339967,0.010180125,0.009034518
m30LdfDy.png,lontara,1,lontara,1,0.008038737,0.007841025,0.0077232323,0.008641167,0.94886637,0.010998386,0.007890956
414RfzXR.png,sunda,1,sunda,1,0.0045324704,0.004667222,0.0057407813,0.004470925,0.006578625,0.004780236,0.96922964
qfK8vURv.png,jawi,2,jawi,1,0.00095849985,0.000644135,0.9942115,0.0008591937,0.0022614643,0.00018563229,0.0008795688
wVS0Px11.png,jawi,2,bali,0,0.41042393,0.060234502,0.3954725,0.025455127,0.06430742,0.007285897,0.036820613
cposr4dQ.png,lampung,3,lampung,1,0.0064007,0.005466795,0.0066817245,0.96255475,0.0076868637,0.0053925626,0.0058165323
80auwpyg.png,bali,5,bali,1,0.9591273,0.0098542115,0.0069062724,0.00638414,0.006346842,0.0061066793,0.005274579
AN66JpoN.png,jawi,4,jawi,1,0.0032273442,0.0026315106,0.98280394,0.0038120362,0.0037001686,0.0013090686,0.0025159142
8sRTep70.png,lampung,2,lampung,1,0.0068064053,0.00890762,0.0061973026,0.9526717,0.008218113,0.0076190913,0.009579841
OhP3o2zs.png,jawa,3,jawa,1,0.0062366715,0.96529984,0.0071643577,0.005298166,0.0051451973,0.0058932398,0.004962606
7YFTMLMv.png,bali,3,bali,1,0.94976175,0.008958805,0.009411698,0.008477886,0.0068992064,0.0077607753,0.008729936
qQcWuBuO.png,lampung,5,lampung,1,0.005473603,0.0041458383,0.0056611584,0.9698905,0.0051269317,0.0050994684,0.004602489
OGpRGS4B.png,lampung,2,lampung,1,0.0065750824,0.0072886213,0.006060208,0.9574219,0.0065462515,0.008040241,0.008067769
Dul3XkBD.png,sunda,2,sunda,1,0.0084914,0.0039315526,0.014877425,0.010770887,0.005725964,0.0063195233,0.9498832
JflzemUp.png,jawi,4,jawi,1,0.012359022,0.0019688345,0.96654785,0.0036106473,0.004920732,0.003754479,0.006838436
xsXKliZV.png,pegon,3,pegon,1,0.0040903864,0.003193383,0.002696988,0.0046011913,0.003446133,0.976268,0.0057039503
k1d7uwiV.png,jawi,5,jawi,1,0.0071819937,0.0073164967,0.95267355,0.005994923,0.006294908,0.013694904,0.0068430747
B0iW34dD.png,pegon,3,pegon,1,0.015031995,0.012535195,0.3574967,0.01015131,0.011280454,0.5871145,0.006389858
OKUeHCon.png,sunda,5,sunda,1,0.0061791795,0.004869076,0.007493654,0.0060448875,0.0068531,0.006068546,0.9624916
dTigy80v.png,pegon,1,pegon,1,0.0033909292,0.0077884896,0.0054425546,0.006520249,0.0036772261,0.97100395,0.0021765577
cAQEsVYR.png,lampung,1,lampung,1,0.012393256,0.011289698,0.011546145,0.9316681,0.012563857,0.009813451,0.010725469
yHcRQNwH.png,jawi,4,jawi,1,0.0031995461,0.0033140306,0.97624356,0.003493484,0.0040013897,0.0049822424,0.00476571
njpc61Tc.png,jawi,3,jawi,1,0.005077104,0.0051975036,0.96469426,0.0077265524,0.0063093086,0.007416054,0.003579172
CaYYTk8c.png,bali,1,bali,1,0.9588833,0.006597992,0.006767664,0.009182798,0.00681076,0.0043102,0.007447357
AJ324pKd.png,jawi,2,jawi,1,0.003405728,0.0033825259,0.9781029,0.007471555,0.002845592,0.0014647853,0.0033268342
x9D690mi.png,sunda,4,sunda,1,0.0043472075,0.0033039527,0.0033039527,0.0033428988,0.0045225886,0.007904515,0.9732748
JCzxBoVR.png,jawi,4,jawi,1,0.0032803337,0.0039956677,0.9457778,0.009097181,0.0036953886,0.024220822,0.009932928
Tqf4D8cm.png,sunda,1,sunda,1,0.008617429,0.0042224173,0.005765727,0.007309946,0.0090486435,0.010422556,0.9546132
vEyqXgNz.png,lampung,2,lampung,1,0.007687814,0.009992587,0.007947358,0.9514584,0.006764625,0.007509727,0.008639423
svLeDjUs.png,lampung,2,lampung,1,0.0063514733,0.006153054,0.0062468993,0.96076494,0.006757808,0.006183172,0.0075425613
MHFwpz6f.png,lampung,3,lampung,1,0.008157892,0.0068428516,0.006485012,0.96105224,0.0059393696,0.0070807813,0.0044418704
NmwnQfhc.png,pegon,3,pegon,1,0.004871801,0.004717303,0.013256677,0.0038689955,0.0056901528,0.96350056,0.0040944633
iIN1NoGo.png,jawi,4,jawi,1,0.0113143055,0.0045480155,0.95654106,0.006877568,0.004951308,0.006508372,0.0092593
qjyVNoGs.png,jawi,1,jawi,1,0.001760801,0.003403991,0.98143035,0.0038988853,0.0027620252,0.0043135663,0.002430348
o4KqgiUZ.png,lampung,2,lampung,1,0.010579821,0.014240182,0.010641995,0.9412697,0.008796713,0.0052527576,0.009218876
YP9bsNG4.png,pegon,3,pegon,1,0.0054384284,0.0031429138,0.004980845,0.0040198476,0.0059149,0.9731146,0.0033883587
3E46Meu1.png,lampung,3,lampung,1,0.0103608845,0.008572714,0.01027022,0.9408904,0.011268622,0.010275236,0.00836187
6waskL3w.png,pegon,5,pegon,1,0.005258819,0.00697361,0.0071146246,0.0070903488,0.006349544,0.9581311,0.009081989
YyHsTkhO.png,jawi,3,jawi,1,0.009400282,0.015430486,0.9329913,0.011710269,0.014853851,0.00630489,0.009308929
nhJ5mswq.png,jawi,1,jawi,1,0.013254691,0.010752337,0.94593495,0.007816801,0.012276556,0.0037689002,0.0061956877
9NGLWxqZ.png,bali,4,bali,1,0.9674384,0.0027493665,0.0026856775,0.005159115,0.007406346,0.0066829133,0.007878243
xLdIJBXr.png,lampung,1,lampung,1,0.0063305674,0.0058834758,0.0059965877,0.96182007,0.0087292455,0.005696894,0.0055432306
k6Y8OYmk.png,jawa,3,jawa,1,0.013735757,0.94663405,0.0097401105,0.0075228997,0.0068363124,0.0056952434,0.009835694
IarP7qkC.png,jawa,5,jawa,1,0.009892706,0.7404272,0.14998686,0.022556346,0.021713419,0.015114065,0.040309325
HtZvrDyd.png,lampung,4,lampung,1,0.0046539907,0.0067221015,0.0042790915,0.96742624,0.005572818,0.0062017683,0.0051439577
IYJA0tku.png,jawi,3,jawi,1,0.0045147776,0.0053561977,0.9284605,0.019147655,0.0049343607,0.033926677,0.0036597506
QH8QvHeT.png,lampung,1,lampung,1,0.005123158,0.006965016,0.005822331,0.9630441,0.008348254,0.0046013477,0.006095795
jfaQydZA.png,pegon,2,pegon,1,0.0055417344,0.0067799357,0.0038782107,0.0050828992,0.00536599,0.96768355,0.005667615
ZGb8xEWC.png,jawa,1,jawa,1,0.007928542,0.9580526,0.011626437,0.005425307,0.007971241,0.0033983877,0.005597525
ujmySv7L.png,jawa,5,jawa,1,0.0020354209,0.9779977,0.0037878416,0.0044893967,0.0029644135,0.004629644,0.004095633
bbpvQaB8.png,lontara,5,lontara,1,0.0061643673,0.0048125493,0.0066620163,0.0042429143,0.9686608,0.004728693,0.004728693
t34RdqCj.png,sunda,5,sunda,1,0.0056586247,0.0045981836,0.0028328586,0.0049451897,0.0055221478,0.0065130373,0.96992993
tZE8mIHe.png,pegon,2,pegon,1,0.004062821,0.0049343137,0.0029579455,0.004341778,0.004572416,0.9739596,0.0051711164
JiZM5KnH.png,lontara,3,lontara,1,0.006645901,0.005648571,0.0048598717,0.006095644,0.9592658,0.009846013,0.007638188
S1D14EOK.png,lampung,4,lampung,1,0.0062693288,0.0047927992,0.0033655756,0.95624393,0.0082893055,0.0084363045,0.0126027055
0JtpAYVm.png,lampung,4,lampung,1,0.005044736,0.0062263766,0.0036782138,0.9674782,0.006082142,0.005543264,0.0059470544
ofolMdSg.png,sunda,1,sunda,1,0.0025313979,0.0044427416,0.008981161,0.0041939984,0.0070649,0.0030594182,0.9697263
dviw4UoK.png,lampung,4,lampung,1,0.0062428275,0.0040287045,0.0040563387,0.96295565,0.007178436,0.0060537104,0.009484378
IevEpHpv.png,pegon,5,pegon,1,0.005083658,0.0051060473,0.0059929383,0.0063483757,0.005888514,0.9668834,0.0046970258
KrLMWMAc.png,jawi,2,jawi,1,0.0024326553,0.003141947,0.9862069,0.002612408,0.00401665,0.00027588411,0.0013136014
rLZhO2nY.png,jawi,2,jawi,1,0.0021798322,0.0027208047,0.9858516,0.0023226868,0.0038163962,0.0009095772,0.0021990754
DvEIJSbG.png,jawa,4,jawa,1,0.003182462,0.96441555,0.012837486,0.004657666,0.006224876,0.004220196,0.0044617704
OXqptRlB.png,pegon,5,pegon,1,0.004209393,0.005745136,0.0044503496,0.00497929,0.0053030155,0.9694914,0.00582138
pS97ozmM.png,lontara,4,lontara,1,0.0063297646,0.01027924,0.008525952,0.0107096145,0.94125694,0.0130323,0.00986616
WrbozBtD.png,pegon,1,pegon,1,0.0068412316,0.006959152,0.0073539196,0.004908344,0.005780619,0.96223325,0.0059234845
mFThGYzz.png,jawi,1,jawi,1,0.0036209694,0.0070000784,0.96270746,0.0040434296,0.0033521212,0.01684981,0.0024262604
VsoQtcrT.png,lampung,4,lampung,1,0.007426976,0.008014807,0.0076365867,0.94558,0.011735734,0.0073908004,0.012215156
UkCvuCnW.png,jawa,1,jawa,1,0.0044707786,0.95045185,0.011049086,0.005701484,0.011923599,0.008783328,0.0076199183
VI7dGlF0.png,lampung,5,lampung,1,0.003973343,0.003730788,0.0035843616,0.9755737,0.003367196,0.004264856,0.0055056764
S0UQclww.png,lontara,5,lontara,1,0.0057355603,0.0052735363,0.006679407,0.005171537,0.9678755,0.004327315,0.004937125
w3X46HEf.png,jawa,5,jawa,1,0.010512365,0.94352454,0.007253313,0.009191459,0.011670267,0.010035868,0.0078121256
k2LxbLcE.png,lampung,4,lampung,1,0.0030821743,0.0035199537,0.004708943,0.9759856,0.0060081435,0.003031428,0.003663749
kQsXuJdo.png,lampung,4,lampung,1,0.0062764375,0.013592358,0.004737704,0.9508064,0.0067008357,0.0137257455,0.0041606436
lOcnNeZw.png,sunda,1,sunda,1,0.0048959483,0.0037155584,0.005041506,0.0059200763,0.0061589116,0.0074091414,0.9668588
IDjOgd86.png,lontara,4,lontara,1,0.0033743498,0.0012161557,0.000819684,0.0006272472,0.9891705,0.004015954,0.00077606126
NcDD6Utt.png,pegon,1,pegon,1,0.005785661,0.0037046245,0.001647131,0.005572173,0.006222281,0.97157437,0.005493826
su6LtMt4.png,jawa,2,jawa,1,0.004175962,0.9721791,0.0040514357,0.0052276095,0.0047020433,0.005556616,0.0041072066
W9gSuSR3.png,jawi,3,jawi,1,0.00857321,0.0047810385,0.95017856,0.008514804,0.010753213,0.00710744,0.01009185
DB2Kmtwv.png,pegon,4,pegon,1,0.0022822837,0.0056376844,0.0042141913,0.0024773956,0.003799776,0.97630036,0.0052883616
eemuu6xU.png,pegon,4,pegon,1,0.0045335963,0.0058783805,0.011950271,0.004036204,0.0042881332,0.9609871,0.008326355
TySgJYhc.png,bali,4,bali,1,0.9771457,0.0023938837,0.004556122,0.004290542,0.0028096878,0.00522617,0.0035778873
DP2jk9P6.png,jawa,4,jawa,1,0.029770121,0.93406886,0.0036639236,0.0056581944,0.008101033,0.0063368776,0.0124009475
sFdSmnk6.png,jawa,4,jawa,1,0.08180409,0.78989923,0.010119695,0.025316987,0.052431263,0.023096446,0.01733226
q8ZTSSwT.png,jawa,2,jawa,1,0.0027562515,0.9803356,0.0041074287,0.0029282891,0.0032875447,0.0026019323,0.003983001
c559xgSL.png,lontara,1,lontara,1,0.008323612,0.00709527,0.0069342935,0.009510507,0.9471631,0.011485873,0.009487316
naulIztU.png,jawi,4,jawi,1,0.01035202,0.006775774,0.95956355,0.008569564,0.0041379044,0.005595413,0.0050059096
OOOurWFi.png,jawi,2,jawi,1,0.009271645,0.0053660166,0.9662719,0.00526737,0.0034815187,0.006050876,0.0042907135
lx8tklFP.png,lampung,4,lampung,1,0.008297151,0.008345909,0.006439779,0.9548151,0.0066182963,0.0056498833,0.009833885
M7t9h9Bf.png,jawi,3,jawi,1,0.006285793,0.006239923,0.9592235,0.0059833205,0.0071961484,0.0076864883,0.007384808
6eOppc9o.png,pegon,1,pegon,1,0.007319118,0.0073477635,0.010607736,0.009887497,0.01035695,0.9469846,0.0074963453
4KF8gSAq.png,lampung,3,lampung,1,0.0070039686,0.004471601,0.0047879666,0.95995563,0.011156844,0.0077224616,0.0049015107
ytGTmhSz.png,lontara,3,lontara,1,0.00802168,0.0067105507,0.004591866,0.0051577347,0.9634088,0.0063132197,0.0057961657
FYOrxmwm.png,jawi,4,jawi,1,0.0048351875,0.005164652,0.9736926,0.0044522085,0.0041539697,0.0036515733,0.0040498255
797nxl4C.png,sunda,1,sunda,1,0.004143283,0.0021317378,0.0031320981,0.0042768917,0.003714014,0.0014048708,0.9811972
1BR30bl5.png,jawa,3,jawa,1,0.0055702543,0.9599247,0.007103622,0.0069289096,0.006686282,0.0076024905,0.0061838
61qqT2ct.png,sunda,4,sunda,1,0.007896374,0.0059285676,0.0040488583,0.005986747,0.0074034827,0.0066170245,0.9621189
Pcprtl5X.png,pegon,4,pegon,1,0.0025334184,0.001753991,0.00020303918,0.0051310947,0.0021796818,0.9862649,0.001933922
RNy9AEtG.png,lampung,5,lampung,1,0.0036221794,0.0046805865,0.0038974327,0.975333,0.0030353237,0.0046328376,0.004798608
Y64dkILn.png,pegon,5,pegon,1,0.0055290386,0.0030504444,0.0032187668,0.0026528616,0.0052042054,0.9754174,0.0049272426
3yroYsLm.png,bali,4,bali,1,0.98285794,0.001690848,0.0037184842,0.0030737135,0.0023360758,0.003597046,0.0027258198
MOl6UkKL.png,sunda,3,sunda,1,0.008337431,0.004264585,0.0058176233,0.007971185,0.0072401487,0.007855271,0.9585138
xsjGKZnL.png,lampung,3,lampung,1,0.007698985,0.0062531205,0.0043526115,0.96313155,0.0064516156,0.0050540506,0.007058089
3scCgTsu.png,lampung,4,lampung,1,0.003026533,0.0034937388,0.004761405,0.98109347,0.0030532507,0.0021587452,0.0024129623
tCjMmXVl.png,jawa,2,jawa,1,0.0047047404,0.9599969,0.01357048,0.005647358,0.0075512654,0.0044892947,0.0040399283
J7xmz6DY.png,bali,5,bali,1,0.9646127,0.0054918746,0.0038848263,0.0061746803,0.007127865,0.005806243,0.006901821
wa4ThVzh.png,jawa,2,jawa,1,0.0016971804,0.98365283,0.0047159055,0.0028173712,0.0013217655,0.003284205,0.0025107206
UPj7Gnlx.png,jawa,4,jawa,1,0.007180925,0.95020914,0.0074524106,0.005318202,0.010003862,0.011678579,0.008156944
E2uBfVBi.png,sunda,2,sunda,1,0.0068013053,0.0057105185,0.0105933845,0.005920629,0.007089525,0.0044604046,0.95942414
VWWl1qDB.png,jawa,5,jawa,1,0.004130024,0.9756724,0.004134059,0.003967928,0.0044438685,0.0046389783,0.0030127505
m10lIJRQ.png,lampung,1,lampung,1,0.007290641,0.013204869,0.013073351,0.9474545,0.0065098098,0.004818819,0.0076479907
qMBB0TN7.png,jawi,4,jawi,1,0.0064631663,0.007366766,0.9019832,0.02573766,0.010348302,0.0412141,0.0068867262
FMT51PMe.png,bali,2,bali,1,0.97140044,0.005246428,0.0037586177,0.004783929,0.00347276,0.006187842,0.005149979
EbMl7kzA.png,jawi,2,jawi,1,0.00178068,0.0017124632,0.9905738,0.0009940055,0.0027125624,0.0011143212,0.0011121468
YTA3kuq3.png,pegon,5,pegon,1,0.006639711,0.0057630506,0.0053717536,0.006914329,0.006995832,0.96212345,0.006191915
8KPZEf5C.png,bali,4,bali,1,0.97827095,0.00075413636,0.00896349,0.00235488,0.003566301,0.0033798045,0.0027104502
Wf59ivua.png,bali,1,bali,1,0.9695394,0.00435172,0.0032181714,0.0068730116,0.0046210857,0.0065678875,0.004828689
lolWrF2Q.png,jawa,2,jawa,1,0.004395796,0.97078943,0.0027696877,0.005761261,0.0045264843,0.005775344,0.0059819953
YspoW5hj.png,lontara,4,lontara,1,0.0061641713,0.0088903345,0.005962862,0.010506109,0.9485045,0.009937275,0.010034793
keb3Ppst.png,jawa,4,jawa,1,0.007459245,0.960883,0.0050127935,0.005524326,0.008678263,0.0052687754,0.007173486
WSXEqLZH.png,lampung,1,lampung,1,0.010091658,0.010832056,0.01124707,0.9404675,0.009819453,0.008527123,0.009015237
tV9bZAYg.png,jawa,5,jawa,1,0.0076564373,0.94896406,0.0091725085,0.006750187,0.007008809,0.011592305,0.00885564
Fth67jes.png,lampung,1,lampung,1,0.0066172797,0.0057323733,0.006585047,0.95187557,0.00980361,0.009851596,0.009534518
vdEPkEPd.png,sunda,2,sunda,1,0.0063755857,0.008655024,0.005277809,0.005405608,0.0043647885,0.0069206324,0.96300066
wTBN5zYk.png,jawi,2,jawi,1,0.005665122,0.0023929144,0.9796158,0.0036133,0.0024472699,0.002943335,0.0033222327
0YzvqTf5.png,pegon,3,pegon,1,0.006270627,0.0057767723,0.0038575665,0.005547336,0.006391183,0.96535647,0.006800057
rLYsNyUj.png,sunda,1,sunda,1,0.0056193215,0.0046133087,0.0053436984,0.004599813,0.0062413183,0.0052021006,0.96838045
OAh447x8.png,lampung,3,lampung,1,0.0075427587,0.0060578184,0.005456772,0.95891535,0.006627273,0.008431006,0.006969102
OigrvWkg.png,lampung,4,lampung,1,0.01044134,0.008312376,0.007141265,0.92713666,0.011501214,0.01836543,0.017101754
5LmqvSAX.png,lampung,2,lampung,1,0.0077701383,0.0044794786,0.005322111,0.971084,0.0049486565,0.0027037074,0.0036919224
x7v1hwXE.png,pegon,2,pegon,1,0.006024566,0.0042887772,0.058144722,0.020172928,0.007973462,0.8976243,0.00577118
mcmf86Hu.png,jawa,2,jawa,1,0.0038254198,0.9804925,0.0019681961,0.0037204188,0.002852544,0.0038705128,0.0032704575
tH9Q0Lh7.png,lampung,2,lampung,1,0.006963483,0.0072727674,0.0053312723,0.9600154,0.0072550327,0.008293603,0.0048684212
OoAglC1q.png,pegon,2,pegon,1,0.007895697,0.0065202434,0.007395622,0.0060894163,0.007872599,0.9554824,0.008744008
c9xgb5wW.png,pegon,4,pegon,1,0.0060541597,0.006903947,0.007140513,0.0064572184,0.008571149,0.9574008,0.00747224
n58RWMNv.png,lampung,3,lampung,1,0.010002735,0.007835917,0.006096661,0.9510304,0.008006088,0.009451919,0.0075763115
v85qNYfx.png,lampung,5,lampung,1,0.006333186,0.011705529,0.0025613385,0.9603404,0.0050591277,0.0071659354,0.006834445
vlrLS265.png,sunda,5,sunda,1,0.00972959,0.008350653,0.009616238,0.0087813735,0.009849087,0.010827676,0.94284534
5NWwjWMA.png,lampung,3,lampung,1,0.009515708,0.0059199887,0.0043311566,0.9546477,0.0062162243,0.0117417285,0.0076274425
9I028l0a.png,lontara,4,lontara,1,0.005359909,0.006440079,0.0057000243,0.009121965,0.9595332,0.0075845625,0.0062602516
efLdQ9VS.png,bali,5,bali,1,0.96003354,0.0070216586,0.0076144985,0.0055329343,0.007156653,0.0063218954,0.0063188085
R7pKMBo1.png,lontara,2,lontara,1,0.006568443,0.008376589,0.004326662,0.0059311967,0.96207577,0.0054720845,0.0072493344
h4NCJCoH.png,jawa,1,jawa,1,0.0052872035,0.9699102,0.0055193393,0.006287914,0.004374693,0.0039638015,0.004656836
2OAO8C6t.png,sunda,1,sunda,1,0.005807088,0.006118551,0.007548028,0.007340847,0.008281795,0.008125577,0.95677805
nVqgEdbh.png,pegon,3,pegon,1,0.0071255304,0.005939086,0.014261046,0.005904388,0.0062729246,0.95306224,0.007434747
gdgHLFd6.png,bali,3,bali,1,0.9757066,0.0031115315,0.003033522,0.0053265975,0.004520625,0.0035241058,0.0047770636
TFFBRW2j.png,bali,4,bali,1,0.9312368,0.008758369,0.005288926,0.00870295,0.015940877,0.009919687,0.020152384
SleF7V4N.png,pegon,5,pegon,1,0.008097503,0.008200958,0.0059127,0.0049887267,0.007952524,0.9562698,0.008577761
FOdcokqD.png,pegon,1,pegon,1,0.002053737,0.0023226482,0.00078103464,0.0032547333,0.002035766,0.9877626,0.001789553
tIdxXnLF.png,lontara,5,lontara,1,0.0064014075,0.005319926,0.0070546423,0.0058228583,0.96454316,0.005640953,0.005217029
tVkDiGZP.png,bali,3,bali,1,0.945658,0.009221244,0.008798972,0.010266968,0.008265869,0.007700877,0.010088071
dFOJ1lEp.png,sunda,1,sunda,1,0.005164225,0.004447495,0.0064995675,0.005883349,0.0080573065,0.006738709,0.9632093
faZhSGZI.png,jawi,1,jawi,1,0.0020549311,0.0049754693,0.97777677,0.0032741642,0.004761555,0.0032077022,0.003949396
0ftw03VZ.png,sunda,5,sunda,1,0.008718843,0.0082146255,0.008916892,0.010563252,0.010755826,0.009817229,0.9430132
S4JDOsWW.png,bali,2,bali,1,0.95875764,0.002026801,0.010627459,0.0075599523,0.0040862616,0.0049073594,0.012034406
jlC4xftw.png,jawi,4,jawi,1,0.024060527,0.029022537,0.90617704,0.008353756,0.010285336,0.0051265354,0.016974218
JaTQu1dU.png,lontara,1,lontara,1,0.0068702893,0.004876525,0.006212854,0.0075972946,0.9597371,0.00926306,0.005442813
Ayl0Cxsf.png,jawi,4,jawi,1,0.0059528244,0.0070278537,0.9580697,0.009857774,0.0094201425,0.0039693103,0.005702457
410aBCt5.png,pegon,1,pegon,1,0.007068649,0.008754225,0.008025488,0.015233418,0.010569929,0.9403897,0.009958662
5bxkBSQE.png,jawi,2,jawi,1,0.0057101143,0.0020731213,0.97589236,0.003918756,0.0026257944,0.00600757,0.0037723125
BIgJ1ZMI.png,pegon,4,pegon,1,0.0074303304,0.010959889,0.0034185043,0.008589923,0.009006559,0.9497096,0.010885225
MkP9tCuP.png,sunda,4,sunda,1,0.008085489,0.009791134,0.006290839,0.010685414,0.012084534,0.00656704,0.9464956
yIBh3dED.png,pegon,5,pegon,1,0.007229746,0.0071769874,0.006673375,0.007481128,0.007986984,0.9571366,0.00631514
MBhRoKiP.png,sunda,5,sunda,1,0.013428434,0.012614846,0.010779517,0.012316609,0.015493812,0.015768573,0.9195982
0aD9UElN.png,lampung,1,lampung,1,0.010094425,0.009515302,0.008672246,0.9448685,0.009376934,0.007698205,0.009774302
LItzxn16.png,sunda,1,sunda,1,0.006878792,0.006139071,0.006775453,0.0074924235,0.0080088135,0.0047184955,0.95998687
k68FCAm3.png,lampung,3,lampung,1,0.008006345,0.0061596953,0.010086434,0.95245504,0.00794016,0.007797999,0.00755439
MjaVWZLF.png,pegon,2,pegon,1,0.0066675716,0.0066838693,0.0068356944,0.007883217,0.007933417,0.9539722,0.010023884
xmtCamMt.png,jawa,3,jawa,1,0.0051844637,0.97076875,0.0052867183,0.005000479,0.00472512,0.0036907238,0.0053438153
CTEn69MB.png,lontara,1,lontara,1,0.008268962,0.0067259013,0.010516941,0.00688204,0.9525007,0.0072688824,0.007836544
1gxToQFA.png,sunda,1,sunda,1,0.0036594078,0.0072068768,0.005175733,0.036635302,0.008138597,0.009903684,0.9292805
jlmvgfF8.png,bali,4,bali,1,0.95334864,0.005610988,0.004834613,0.007832038,0.008112282,0.010823387,0.009438021
73A8YtU4.png,lampung,1,lampung,1,0.0066298647,0.006790403,0.006228182,0.9592904,0.007657055,0.006182732,0.007221291
glvK8cNb.png,bali,1,bali,1,0.9557624,0.008830249,0.006166012,0.008975876,0.0071282936,0.006241742,0.006895498
SGwL1g2b.png,pegon,4,pegon,1,0.004539992,0.0041620643,0.0054019145,0.00396372,0.0077681695,0.96705306,0.0071110916
ynmmkTgJ.png,sunda,4,sunda,1,0.0065247244,0.0029123435,0.006287033,0.0043464038,0.0054091867,0.006165431,0.96835494
AHcKHs1S.png,lampung,5,lampung,1,0.0062709968,0.0050094486,0.006520805,0.9658849,0.0062009646,0.0041610985,0.005951774
Ada2YK3y.png,jawa,5,jawa,1,0.002051167,0.98172116,0.002853331,0.0026158078,0.003554497,0.002741343,0.004462694
vc1Bsrao.png,jawa,2,jawa,1,0.011317461,0.94866693,0.014254316,0.008119881,0.006871094,0.0041431813,0.006627254
hCK9CeSz.png,jawa,5,jawa,1,0.002778433,0.97766626,0.0028111844,0.0049797674,0.0038461874,0.004354047,0.0035640963
3CNJa08i.png,jawi,4,jawi,1,0.007891416,0.007094573,0.9521706,0.011702687,0.0062182858,0.007355608,0.007566899
nvdVB6Uu.png,pegon,4,pegon,1,0.005748904,0.00469441,0.005363803,0.004689828,0.0072886175,0.9644595,0.007754906
cKzqxLCy.png,lampung,1,lampung,1,0.009769332,0.009276555,0.011217014,0.93978804,0.013194304,0.0067538144,0.010001005
1bfU3rLY.png,jawa,2,jawa,1,0.00404731,0.972138,0.0039036795,0.0071957596,0.004896312,0.004466858,0.0033520625
JsrK50F8.png,pegon,5,pegon,1,0.0067859516,0.007227136,0.00594488,0.0070908125,0.0077687437,0.9577259,0.00745655
pVqzh6dj.png,lampung,3,lampung,1,0.010719911,0.0065513505,0.018063484,0.95164007,0.0041480567,0.002098031,0.006779145
SfIcy9Tu.png,jawi,4,jawi,1,0.0071559884,0.0044693653,0.96323097,0.008750591,0.0058206185,0.0050991927,0.005473307
aRqZzcov.png,sunda,1,sunda,1,0.0048872335,0.0054680994,0.005204974,0.0055542095,0.0078595085,0.0073008705,0.9637251
MwsTriDE.png,lampung,5,lampung,1,0.0039845216,0.0037504295,0.005046754,0.96456295,0.0060994495,0.0109587265,0.0055971695
L5m6XGtX.png,lampung,3,lampung,1,0.005791731,0.0038751168,0.0053251823,0.9688019,0.004992785,0.006198469,0.0050147735
EjpFMwzQ.png,bali,2,bali,1,0.9251641,0.0051982943,0.029892216,0.009570467,0.008282549,0.010454798,0.011437584
m4KxWiov.png,jawa,3,jawa,1,0.009546338,0.93965524,0.010785773,0.009266192,0.009579022,0.011133585,0.010033829
f5xPQ3yP.png,lontara,3,lontara,1,0.008829924,0.008966785,0.007166419,0.009491646,0.9487528,0.00942008,0.007372276
8Gt4pVBJ.png,bali,2,bali,1,0.9699302,0.0036268227,0.0050897263,0.005035344,0.0051021683,0.0060383,0.005177457
uiJy4jPH.png,bali,2,bali,1,0.9744564,0.0073050745,0.0031075447,0.0035837546,0.0032630456,0.0040490464,0.004235084
6Uuq8o17.png,jawi,3,jawi,1,0.003276245,0.0024252066,0.9822275,0.0035441956,0.003378594,0.002554035,0.0025942556
cDTM5hqt.png,pegon,5,pegon,1,0.0067291604,0.0070555434,0.0069699395,0.005973361,0.0062845293,0.959499,0.007488616
vTubUATS.png,jawi,1,jawi,1,0.0054188496,0.0054374025,0.9592512,0.0062553566,0.0072280513,0.008234565,0.008174474
viDzX4vu.png,jawa,4,jawa,1,0.004092058,0.97333455,0.0036752687,0.0063440967,0.004259225,0.0030738025,0.005221061
KZfjiigE.png,pegon,3,pegon,1,0.006578029,0.0047264234,0.004782137,0.006629621,0.005552796,0.9644212,0.0073097125
j3oMsNPD.png,jawi,1,jawi,1,0.0051381905,0.004687522,0.9639852,0.0040055364,0.009267788,0.0027990472,0.010116737
43a7aA91.png,sunda,3,sunda,1,0.007393359,0.0055509056,0.008377774,0.006969198,0.0077899024,0.007328663,0.9565903
6o2p2AQP.png,lampung,5,lampung,1,0.0071706,0.007441695,0.0060707694,0.9590905,0.007753267,0.006023527,0.0064496915
IrQerVpW.png,pegon,3,pegon,1,0.0076427176,0.006877701,0.0058943103,0.0053825774,0.0068642814,0.96077245,0.0065659536
BgQgYvyv.png,jawi,4,jawi,1,0.004351124,0.0029614193,0.9779644,0.0059559997,0.0033069297,0.0024431443,0.0030168802
XFOlPGr7.png,pegon,3,pegon,1,0.006825967,0.006209047,0.006903058,0.0052515697,0.0065966,0.9614936,0.006720141
qo0uaHR5.png,lampung,1,lampung,1,0.008180251,0.009833598,0.009179358,0.9496727,0.007940194,0.008152339,0.007041495
vwX3sB0J.png,lampung,3,lampung,1,0.007664881,0.007179425,0.0066139963,0.9579293,0.006941569,0.007601519,0.0060693445
AoyjV7PV.png,lampung,5,lampung,1,0.0042582205,0.004101094,0.0041901567,0.9716806,0.006207787,0.0040890966,0.0054730056
4M0Nwwp5.png,jawi,1,jawi,1,0.0035186731,0.008831915,0.9652062,0.005162313,0.0066512357,0.0045735557,0.0060560196
p2JqpPyE.png,lampung,4,lampung,1,0.010099191,0.0073599205,0.009030783,0.9480882,0.009698081,0.006975041,0.008748661
jd34AdtB.png,sunda,2,sunda,1,0.007054287,0.005585853,0.004297485,0.008424345,0.006007394,0.0055477982,0.9630829
UxVjMobb.png,sunda,4,sunda,1,0.004434241,0.0032888188,0.005897407,0.003863839,0.0062502297,0.006502385,0.9697631
Tc1MPDek.png,sunda,2,sunda,1,0.00911302,0.008442582,0.0095830625,0.009462171,0.009667659,0.0056129983,0.94811857
QpETTmPL.png,jawa,5,jawa,1,0.0060988595,0.9607095,0.0036703583,0.0058423495,0.008761845,0.007962184,0.006954921
xqYbyCUH.png,jawi,2,jawi,1,0.0049155876,0.004186088,0.97358537,0.006271801,0.00339331,0.0050964495,0.0025514187
3a9MYErr.png,jawi,2,jawi,1,0.0025618812,0.0036625648,0.9833225,0.0020445052,0.0034473878,0.0025568823,0.0024043154
LSquDGzT.png,sunda,3,sunda,1,0.0054827332,0.0048764437,0.005785268,0.005198557,0.006773578,0.004634994,0.9672483
MRIgYkAW.png,lampung,5,lampung,1,0.0051499633,0.005944963,0.006984386,0.96336746,0.005838523,0.0058986987,0.006815934
VWrbux1J.png,jawi,4,jawi,1,0.0038091282,0.007151221,0.96730095,0.007168701,0.0062526525,0.0038203038,0.004497024
6B4oZNfJ.png,sunda,1,sunda,1,0.006079077,0.0045043705,0.003716065,0.0072049964,0.0077828537,0.007492011,0.96322066
vGlLXBwb.png,sunda,1,sunda,1,0.007785835,0.01381889,0.0139545,0.0135053685,0.013832391,0.014941782,0.92216116
nVUslhCN.png,sunda,5,sunda,1,0.009145046,0.013601565,0.013469385,0.0077916766,0.0114760585,0.008959412,0.9355569
OhQKHCah.png,jawi,1,jawi,1,0.003968214,0.0054159663,0.9700422,0.0049216715,0.0054451344,0.0033317958,0.006874897
JyUjckDh.png,lampung,4,lampung,1,0.0041431705,0.0043974803,0.0027224699,0.96926636,0.006569245,0.0054754256,0.0074257776
h3Q2IyI2.png,lampung,4,lampung,1,0.009222755,0.0063666175,0.011894409,0.94581306,0.0075163753,0.007842553,0.011344183
VO5yrghf.png,lampung,5,lampung,1,0.010002503,0.007465967,0.008580698,0.9422264,0.010600922,0.014006275,0.007117122
iw93B6ly.png,lontara,5,lontara,1,0.004923201,0.004716138,0.003276358,0.006670334,0.9708176,0.0044217566,0.005174608
JSRPNyQq.png,jawa,2,jawa,1,0.004276075,0.96391606,0.011382071,0.0061431653,0.0050286166,0.005352934,0.0039010223
LwHsMHtN.png,jawa,2,jawa,1,0.0,1.0,8.985825e-37,0.0,0.0,4.197606e-20,0.0
GFzt5TQ1.png,pegon,5,pegon,1,0.0057106535,0.005441167,0.008464562,0.007176768,0.0060938187,0.96085334,0.006259688
zTHtKUeq.png,jawi,1,jawi,1,0.0035779125,0.0075929556,0.9605951,0.005582316,0.007780612,0.009621858,0.005249224
VKnAKT1m.png,bali,3,bali,1,0.954658,0.0071061635,0.011796448,0.00726758,0.0070853746,0.0069381604,0.005148456
sTg5kUNg.png,jawa,4,jawa,1,0.0077083646,0.9558668,0.0052978764,0.007122114,0.008816133,0.007829755,0.0073589655
BL0mrFOX.png,lampung,1,lampung,1,0.00929135,0.011131155,0.0069182445,0.9486695,0.008979142,0.0064927456,0.0085179005
WyGAHa0p.png,sunda,3,sunda,1,0.0076573184,0.0058825472,0.005553191,0.007908107,0.0069959387,0.007147868,0.9588551
AT1VUJWe.png,jawi,4,jawi,1,0.009709889,0.006634515,0.94970626,0.011159656,0.00623255,0.007219301,0.00933791
VkONWqm7.png,jawi,2,jawi,1,0.0022564647,0.001080551,0.99007785,0.0020305982,0.0016220991,0.0014583064,0.0014740563
cspUemGM.png,pegon,1,pegon,1,0.0057824748,0.005995233,0.0076605347,0.0076269433,0.006623169,0.95925784,0.00705377
kVtGI6hl.png,lampung,1,lampung,1,0.0054111523,0.0065622474,0.00819081,0.9564865,0.009254253,0.0081112115,0.0059837527
rEG9WBke.png,jawi,4,jawi,1,0.0070386045,0.0065928134,0.9272927,0.0076552695,0.0070111635,0.038895655,0.0055138837
bwGskpMn.png,jawi,5,jawi,1,0.00028348138,0.0045462083,0.9860313,0.002563926,0.0033066452,0.0005919811,0.0026764956
gWMu94iz.png,lontara,5,lontara,1,0.0064137983,0.0038996746,0.003130418,0.0075757746,0.96452457,0.008762343,0.0056934194
zznGiaxO.png,jawi,2,jawi,1,0.008894162,0.00447445,0.96432686,0.004880743,0.0036519398,0.009922155,0.0038496908
htXV1bmP.png,pegon,4,pegon,1,0.0050594443,0.004235588,0.0066570113,0.0073614474,0.005649732,0.96510136,0.0059353416
DEIkWmiO.png,pegon,1,pegon,1,0.0046812147,0.003627975,0.0016099043,0.0040850216,0.003373399,0.9788036,0.0038188307
LPrEjt2F.png,bali,4,bali,1,0.9697846,0.0029366496,0.0062778965,0.0055051683,0.005029674,0.0052994406,0.005166579
IN1nF6WT.png,jawa,5,jawa,1,0.0092313625,0.5789861,0.0055991043,0.023573108,0.026568748,0.32478178,0.03125981
KsjLEpLs.png,jawi,4,jawi,1,0.014413751,0.027292456,0.8835124,0.0339992,0.019244881,0.0089715775,0.01256576
hvAk9QrW.png,pegon,3,pegon,1,0.0037317509,0.0073064133,0.004666971,0.0059255874,0.0036524315,0.9720211,0.0026957653
c1RY5dfN.png,pegon,4,pegon,1,0.010478653,0.0062433565,0.002232669,0.005397901,0.0085086925,0.96350765,0.0036310642
ST6Z0MID.png,sunda,2,sunda,1,0.015780855,0.00868952,0.017982746,0.011135794,0.013919757,0.011727335,0.92076397
CWffOjB5.png,pegon,3,pegon,1,0.009449677,0.00685973,0.006967755,0.01164034,0.008986178,0.94894946,0.0071469354
RGoOMljS.png,bali,3,bali,1,0.95622957,0.00541234,0.005470794,0.009660325,0.007821259,0.007268889,0.008136796
RqX64fxs.png,lontara,3,lontara,1,0.012564319,0.007285886,0.0075835255,0.008386004,0.9459125,0.009623994,0.0086437585
g2SPiYaE.png,pegon,1,pegon,1,0.0053809495,0.00511452,0.0091824,0.0048850775,0.006936318,0.96048194,0.008018814
EdGbbA02.png,pegon,2,pegon,1,0.007320197,0.008642163,0.0067469752,0.0089996,0.0086506065,0.9517601,0.007880313
lideUQxV.png,bali,2,bali,1,0.9606307,0.008278683,0.0058020717,0.006188348,0.0052571143,0.006558577,0.007284539
hoB57XaY.png,pegon,5,pegon,1,0.0067413677,0.010209329,0.0055048317,0.007549974,0.008689967,0.9551574,0.006147084
OTuFIECD.png,pegon,3,pegon,1,0.002811332,0.0032707707,0.0045299423,0.0029780704,0.0034715317,0.9796291,0.0033093253
10BEMUUs.png,lontara,3,lontara,1,0.0077190544,0.0074433037,0.006504858,0.0072072563,0.9574261,0.0070955176,0.006604069
UiAgGtEp.png,pegon,3,pegon,1,0.0068686036,0.008240737,0.0037581748,0.0046862685,0.00486344,0.9674993,0.004083446
O9TGaCZP.png,lampung,4,lampung,1,0.008724167,0.005837144,0.004900988,0.9626697,0.0060815355,0.0054781362,0.006308376
7Y8VdQtv.png,pegon,5,pegon,1,0.0056955325,0.005363536,0.005117922,0.0051104305,0.0064161783,0.9681861,0.0041103587
JY7Zsb9Z.png,sunda,2,sunda,1,0.007881137,0.009157915,0.005288561,0.008982978,0.0077324756,0.0067707817,0.95418614
jYyIC9jU.png,jawa,2,jawa,1,0.0050043473,0.9682049,0.0027354697,0.0057291146,0.006030503,0.0050955806,0.007199968
OOjmLM29.png,sunda,2,sunda,1,0.0057356833,0.0061384845,0.0045975125,0.005296875,0.0061775735,0.0060462686,0.9660076
AVG1xmZn.png,jawa,2,jawa,1,0.0031503392,0.9725602,0.006147018,0.007315822,0.003837326,0.00389395,0.0030954462
B8U0YxbB.png,lampung,4,lampung,1,0.003584491,0.00456676,0.0028134994,0.9765621,0.003467429,0.0052820365,0.0037236428
KfFEdn9d.png,bali,3,bali,1,0.9529356,0.009378816,0.0068650395,0.0073507414,0.006515577,0.007886195,0.009068094
EaMmifFR.png,lampung,3,lampung,1,0.008590657,0.0064184163,0.008285794,0.9544397,0.009578892,0.0058841207,0.0068024094
XHqLRFdE.png,lampung,5,lampung,1,0.005126043,0.0050836694,0.0049320753,0.96830297,0.0048296005,0.0042454908,0.0074802316
hyvpwsX6.png,jawa,5,jawa,1,0.006038939,0.94571316,0.016295748,0.005334552,0.015496452,0.005552476,0.005568767
cmDUid0q.png,bali,5,bali,1,0.962613,0.0068673636,0.0036632926,0.0068707187,0.008135311,0.0057155276,0.0061348607
dZf9njnv.png,pegon,1,pegon,1,0.004035479,0.0023389796,0.00061015936,0.00403745,0.0038808817,0.981201,0.0038960716
TvUzfS0H.png,jawa,4,jawa,1,0.0010513022,0.970833,0.0045890007,0.0060439208,0.012306314,0.0018613806,0.0033150313
djGCth5W.png,pegon,3,pegon,1,0.007174548,0.0063749473,0.012610184,0.009069479,0.007746182,0.94982904,0.007195599
Urgc99Vi.png,lontara,1,lontara,1,0.008391026,0.00810907,0.0066152,0.010265852,0.94925606,0.010136349,0.0072264564
rqT0mwH9.png,jawa,5,jawa,1,0.0078534875,0.94297856,0.010583514,0.008676056,0.0115614515,0.0072988397,0.011048185
ED8Ul1uF.png,sunda,1,sunda,1,0.004601674,0.0029797812,0.004860337,0.0036473407,0.004157266,0.003383136,0.97637045
cD3Wqn9l.png,jawa,5,jawa,1,0.012344144,0.9306988,0.00921379,0.013172394,0.013438755,0.009026761,0.012105387
WhTrjObl.png,pegon,3,pegon,1,0.00868752,0.0059737554,0.0076181977,0.0070663528,0.0099021,0.9539564,0.0067956457
ITCdN5NN.png,jawi,2,jawi,1,0.0012459652,0.001030926,0.9909078,0.0014243274,0.0039732265,0.00060309813,0.00081473356
4ilGqNh8.png,sunda,5,sunda,1,0.011850506,0.009709956,0.006922471,0.01052977,0.0125963325,0.012945514,0.9354454
84DfqWgd.png,jawi,5,jawi,1,0.007894936,0.007209512,0.94564396,0.005190282,0.007039066,0.019641792,0.0073804813
PCZDWvIz.png,sunda,5,sunda,1,0.010825567,0.008259821,0.010390532,0.008660445,0.012460151,0.011791275,0.9376122
yDR0cIaR.png,pegon,2,pegon,1,0.009292601,0.008560745,0.008244857,0.007394251,0.008333901,0.95065206,0.0075217034
ER2A9fSF.png,jawa,4,jawa,1,0.002764959,0.9320051,0.0021702412,0.00818241,0.011669368,0.040640697,0.0025671776
EvybDrdb.png,pegon,3,pegon,1,0.011492604,0.005778844,0.0034574517,0.009275238,0.007704476,0.9549181,0.0073732315
RooI9ETD.png,jawa,4,pegon,0,7.732835e-29,9.054218e-32,4.098252e-30,1.9035897e-38,0.0,1.0,4e-45
NGvGgWp9.png,jawi,3,jawi,1,0.0038782663,0.0025508914,0.9752872,0.0023431168,0.0034494016,0.00227769,0.010213506
3fFv55Cm.png,bali,1,bali,1,0.9605168,0.0049283807,0.0063065737,0.00773075,0.007921811,0.0053969333,0.0071988176
pYSqyrTl.png,pegon,1,pegon,1,0.0072278413,0.0066716173,0.1999871,0.0390638,0.013823608,0.6805234,0.05270262
leJG9YQw.png,sunda,4,sunda,1,0.005450563,0.0030844798,0.0030071486,0.0046326136,0.0049724965,0.00309051,0.9757622
z7iw4JpX.png,jawi,3,jawi,1,0.013860201,0.012472832,0.9321723,0.009842762,0.010385882,0.010090948,0.0111751165
v9ofqRgM.png,sunda,4,sunda,1,0.008969132,0.006826688,0.0077356515,0.0078766765,0.0074903313,0.011173171,0.94992834
gIap9isb.png,jawi,5,jawi,1,0.0053808694,0.0061361506,0.9632856,0.0051319553,0.0077303546,0.004720858,0.007614223
czSQGZpZ.png,jawa,3,sunda,0,0.05472172,0.046989158,0.1410048,0.14361046,0.03210647,0.12226806,0.45929933
h1RI2nKU.png,bali,5,bali,1,0.96507084,0.0057807057,0.008733125,0.0072470894,0.0052249827,0.0035561763,0.0043870048
ona7ImsG.png,lampung,1,lampung,1,0.0076592765,0.007355072,0.0070940563,0.9516365,0.012135348,0.0065866085,0.0075331703
mxO6XQgL.png,jawa,4,jawa,1,0.0069940276,0.9368447,0.01275142,0.011094865,0.012185326,0.011078624,0.009050946
YuGKQg6W.png,bali,5,bali,1,0.9564117,0.010999574,0.0058675576,0.007705231,0.005799199,0.0067535182,0.006463159
zoTh0Aqg.png,lampung,2,lampung,1,0.006209248,0.004645973,0.0048004785,0.97571325,0.0032481663,0.0025745346,0.00280831
cOzanMsA.png,jawa,4,jawa,1,0.0018228766,0.97806096,0.0028762014,0.004424399,0.005137408,0.0033202004,0.0043579326
O8XBRzpd.png,lampung,5,lampung,1,0.0052248244,0.0055808392,0.005046794,0.96834564,0.0052658026,0.0039151236,0.0066209417
eLB0euYJ.png,lampung,3,lampung,1,0.010331072,0.0064303884,0.008415522,0.9534227,0.008018393,0.007870986,0.0055109556
7sqOKNeI.png,lampung,1,lampung,1,0.01143924,0.009483461,0.0124353785,0.9352913,0.0105434675,0.008987535,0.011819661
ThJJuRUv.png,bali,2,bali,1,0.9808512,0.0029687108,0.0028038651,0.0040875752,0.0028148391,0.0034420835,0.003031701
jaletqae.png,jawi,2,jawi,1,0.005578288,0.0033293217,0.9740665,0.0044800923,0.003179965,0.0052505615,0.0041151806
NrqzlVyU.png,lampung,2,lampung,1,0.0082837455,0.010224068,0.00915585,0.9477032,0.0077477363,0.0078008813,0.009084598
9zefkJh5.png,sunda,1,sunda,1,0.003634158,0.005087585,0.0059800227,0.0037239746,0.005533318,0.0050975317,0.9709434
JZUSl78s.png,lontara,3,lontara,1,0.016658057,0.014910328,0.039398737,0.008094738,0.9015404,0.010619571,0.008778178
RiNmRhtU.png,pegon,4,pegon,1,0.013318918,0.009136086,0.009029648,0.008153625,0.01398881,0.93784046,0.008532419
dol0QGSw.png,pegon,2,jawi,0,0.036258467,0.0132867405,0.66634375,0.03253363,0.021672072,0.21633014,0.013575287
9uaIGWxA.png,sunda,3,sunda,1,0.0068582017,0.005111536,0.0048347814,0.0049882536,0.0070586503,0.0074699963,0.96367854
WOAnI1fQ.png,lampung,5,lampung,1,0.005313245,0.0044437195,0.004194922,0.9699398,0.0053890166,0.0054498794,0.0052693235
eBQhuFpt.png,bali,2,bali,1,0.96067804,0.007815555,0.0046350867,0.006015847,0.0049099913,0.0066006663,0.009344864
LEqP01xX.png,jawi,3,jawi,1,0.003960686,0.005183394,0.977226,0.003545139,0.003744413,0.0033433847,0.0029969902
vFocUbhc.png,lampung,5,lampung,1,0.0076965354,0.0051823696,0.008160978,0.9590714,0.0077379853,0.005473673,0.006677077
TEozJLfy.png,lontara,1,lontara,1,0.0060431818,0.007877949,0.004063148,0.009239532,0.9561316,0.0094471015,0.007197512
WCYhx674.png,jawi,3,jawi,1,0.0034376283,0.0053765527,0.976716,0.003213623,0.0040663695,0.004403239,0.002786596
UaJhTZwC.png,jawi,4,jawi,1,0.008433853,0.0061884425,0.9112989,0.018047296,0.037491176,0.009821732,0.008718584
zEi3wlNQ.png,pegon,1,pegon,1,0.004109657,0.0070078494,0.005858137,0.0052307276,0.004842359,0.9680207,0.004930638
a6bdzkoy.png,pegon,4,pegon,1,0.0045012645,0.0069750994,0.0005807162,0.005068327,0.008774404,0.969159,0.0049412586
7LTx6oGx.png,lampung,2,lampung,1,0.0080393795,0.0049698763,0.0075559877,0.96106625,0.006510488,0.006510488,0.005347542
pSFQbIUh.png,bali,5,bali,1,0.94141954,0.0059589176,0.007315292,0.010191051,0.008962884,0.01153107,0.01462119
vIXUXQz3.png,lontara,1,lontara,1,0.0018274545,0.0023464982,0.0052570216,0.0049845446,0.9805173,0.0030738893,0.0019933928
aCl3KID2.png,jawa,4,jawa,1,0.0027883032,0.98305744,0.0030593628,0.0029050447,0.0027183974,0.0027263733,0.0027450745
RvKySjhb.png,jawa,1,jawa,1,0.003888218,0.9711285,0.0053171595,0.006688779,0.0041309106,0.0044448227,0.004401628
h5HwWQrY.png,lontara,4,lontara,1,0.010314135,0.015811877,0.008471758,0.010364621,0.9307183,0.011545645,0.012773625
IVdwJZQ3.png,sunda,4,sunda,1,0.0037288498,0.0027778195,0.003095857,0.0031140498,0.0046225367,0.007117697,0.9755432
FsXa5l7L.png,lampung,2,lampung,1,0.005124751,0.0048520174,0.004641144,0.969478,0.004804865,0.006785878,0.0043133665
tC8RdOUI.png,lampung,2,lampung,1,0.009132218,0.008078854,0.0059395465,0.9531362,0.006736964,0.008367928,0.008608297
L3z4sHgC.png,lontara,3,lontara,1,0.008735265,0.0034308154,0.0039643,0.0071173413,0.9653072,0.005821782,0.005623412
Dq4M6ybC.png,lampung,1,lampung,1,0.0061083157,0.0042580497,0.0061292294,0.96643686,0.005682467,0.00520181,0.006183337
kjIsl2pl.png,jawi,1,jawi,1,0.0016561501,0.0034181692,0.9797606,0.0029180103,0.0037688175,0.005273524,0.0032048072
3khjfbms.png,lampung,5,lampung,1,0.005036827,0.0057242187,0.0046040327,0.96360606,0.006598193,0.007542735,0.0068878885
rD9gRMHI.png,jawi,4,jawi,1,0.0039973683,0.0032721292,0.9489564,0.0036432014,0.009768774,0.028621042,0.0017412122
FBy5Bp3Y.png,pegon,2,pegon,1,0.0055125654,0.0032820734,0.0024653717,0.005539548,0.0036400268,0.97727144,0.0022890202
QU4zCN1G.png,jawi,3,jawi,1,0.0040646773,0.0051082154,0.96871185,0.0031841767,0.00869361,0.00631705,0.003920431
hMYz8Lw0.png,jawi,1,jawi,1,0.0025202592,0.0037796644,0.9739822,0.003742933,0.004827189,0.007917988,0.003229763
qfECY7rZ.png,lampung,1,lampung,1,0.011347569,0.010166929,0.009275193,0.93644375,0.014167172,0.009118027,0.009481248
ZRVem3cC.png,lampung,3,lampung,1,0.006734554,0.0049055,0.0067411335,0.95979935,0.007154907,0.00962798,0.005036565
UuupgqNF.png,jawi,5,jawi,1,0.004352237,0.006479473,0.96210873,0.0051256856,0.005723702,0.0094922455,0.006717876
yAaJfDKU.png,pegon,2,pegon,1,0.0061378316,0.0058168597,0.006607478,0.0054139737,0.0054166177,0.9635495,0.007057705
HpFYoSfQ.png,sunda,4,sunda,1,0.0059317853,0.004626451,0.005989997,0.0066855876,0.006498906,0.0066855876,0.9635817
NpQUxi6c.png,jawi,1,jawi,1,0.0073312325,0.0068267905,0.9555249,0.004148753,0.004907558,0.016805446,0.004455311
kCichgDl.png,sunda,1,sunda,1,0.004621204,0.0034425817,0.0037661958,0.004933679,0.0044877813,0.0034865648,0.9752619
x601jK7l.png,jawi,3,pegon,0,0.008106349,0.016231982,0.17847428,0.0057258517,0.037607122,0.7470149,0.0068395757
1JwgoIEF.png,jawi,1,jawi,1,0.0054323035,0.014225559,0.9546155,0.005480259,0.009006788,0.0044293893,0.006810309
Ob0bY4kP.png,sunda,4,sunda,1,0.0034592617,0.0025432375,0.006913237,0.003221239,0.006227318,0.005274744,0.9723609
Md5w4HXJ.png,pegon,5,pegon,1,0.0066726897,0.005556218,0.0026412841,0.007680218,0.0047501647,0.9673744,0.0053251297
RykegdIZ.png,lampung,5,lampung,1,0.003558477,0.0038891858,0.004730357,0.975172,0.0042299246,0.0035515332,0.004868614
zxDXwlN4.png,jawa,4,jawa,1,0.004295482,0.97970486,0.0006769943,0.0031121015,0.0026027986,0.0022902424,0.0073175733
5MEtQx2Q.png,lontara,5,lontara,1,0.0050111962,0.004439674,0.007025633,0.004240506,0.96811086,0.0052414415,0.0059306375
T35q0PZp.png,lampung,3,lampung,1,0.009396131,0.0071099084,0.0075242417,0.952832,0.0070408136,0.008348934,0.0077479393
BbHr3HZ4.png,jawi,4,jawi,1,0.007587139,0.006758033,0.9612662,0.007889376,0.0051689288,0.004455895,0.0068745194
LLEk1YwU.png,bali,4,bali,1,0.95094144,0.017094823,0.0029855398,0.0076350193,0.007664901,0.009455652,0.004222639
jeY6ujqL.png,jawa,2,jawa,1,0.0059150076,0.9731323,0.0046609137,0.0044757957,0.004918101,0.003757972,0.003139903
P3ZH5JJE.png,sunda,3,sunda,1,0.0069807833,0.010362367,0.0064435713,0.006573869,0.0053184847,0.005672566,0.95864844
MDmranpm.png,sunda,3,sunda,1,0.008288832,0.0061207614,0.0066505144,0.0045241984,0.0052687023,0.006398861,0.9627482
aROkxhKx.png,jawi,1,jawi,1,0.0050439294,0.005920031,0.975863,0.0033550635,0.004891132,0.0021938675,0.0027329798
lfPNLQD3.png,lampung,5,lampung,1,0.005660307,0.010449094,0.004388922,0.9636086,0.0058087017,0.004135107,0.005949355
5HTHjEO5.png,lampung,4,lampung,1,0.0054031103,0.0043926975,0.003846374,0.9682122,0.0056210896,0.007046984,0.005477488
LjRL1Uov.png,jawi,3,jawi,1,0.005156575,0.004815853,0.9655467,0.004559558,0.0061685992,0.0076470166,0.0061056707
GONtRSCK.png,lampung,1,lampung,1,0.0069688195,0.0059288177,0.0049199653,0.96357,0.007831431,0.005012105,0.0057688975
B5hlYCw9.png,pegon,3,pegon,1,0.010083333,0.007269848,0.0054661753,0.00843729,0.0086037,0.9503043,0.0098353345
uJyVz22b.png,pegon,4,pegon,1,0.013980853,0.006349538,0.010361822,0.0043981965,0.007149443,0.948819,0.008941176
7bWLENBL.png,lampung,4,lampung,1,0.004250466,0.0043089767,0.0041968455,0.9722819,0.005680661,0.004419785,0.004861301
tJsxtIjW.png,sunda,5,sunda,1,0.0028598874,0.006119769,0.002771898,0.0034395908,0.0031409718,0.0053481935,0.9763197
vGqfJJyN.png,lontara,2,lontara,1,0.007041542,0.0079208845,0.00721557,0.011463084,0.9441307,0.010964889,0.011263345
oeAsHoXp.png,lampung,4,lampung,1,0.007405756,0.004182748,0.004544766,0.96712506,0.007142942,0.004089847,0.0055088676
YG63h1to.png,pegon,2,pegon,1,0.008029877,0.007393858,0.0021194106,0.010462712,0.005763969,0.9594617,0.0067684413
rb2CRqXi.png,lampung,4,lampung,1,0.008175572,0.007221966,0.0034014357,0.9570408,0.0051061595,0.0101449,0.008909233
s9T4N9Bn.png,sunda,1,sunda,1,0.001357284,0.0019423219,0.004027445,0.0020315642,0.0020575197,0.00093284674,0.987651
MgoJx2Oa.png,sunda,2,sunda,1,0.009075114,0.007203585,0.010798032,0.00896063,0.00830343,0.0080205,0.94763875
65cMUrwL.png,pegon,5,pegon,1,0.006008097,0.007813112,0.004766741,0.0062261154,0.0066309017,0.96319556,0.0053593903
gRmsJmyW.png,pegon,1,pegon,1,0.006777708,0.0088874055,0.011311796,0.010471922,0.007804905,0.94495666,0.009789544
4FPKdKNU.png,pegon,1,pegon,1,0.0038396157,0.0049555055,0.0017374237,0.0032890115,0.0035999469,0.9798156,0.0027628718
RZkMZLlR.png,sunda,3,sunda,1,0.00839267,0.011161999,0.0053844284,0.008039686,0.0062156217,0.0071821376,0.9536235
itczxM2C.png,jawa,4,jawa,1,0.0022625243,0.97448665,0.0055834195,0.0046423986,0.0050961883,0.0024131532,0.005515677
5PU3ryc2.png,jawi,2,jawi,1,0.006253282,0.0072858823,0.9669261,0.0062167486,0.0035630127,0.0049274676,0.0048274454
pOOwknRk.png,jawa,1,jawa,1,0.0028661878,0.9823002,0.002962952,0.0034640415,0.0033264603,0.002983276,0.002096948
5nscBfx1.png,pegon,4,pegon,1,0.006129706,0.0063181105,0.00536735,0.00609092,0.006439579,0.9608653,0.008788977
4KD0VpMJ.png,lampung,2,lampung,1,0.0051828315,0.0050925235,0.0057931696,0.96951586,0.005407744,0.004600711,0.004407211
0ztmF3S4.png,lontara,1,lontara,1,0.0069152922,0.0058033904,0.008485214,0.008788828,0.95290625,0.009215112,0.007885952
Fx6l90YI.png,lampung,1,lampung,1,0.0075572203,0.008555095,0.015014656,0.9463207,0.009670553,0.0069961147,0.005885569
R8jgEFwX.png,bali,1,bali,1,0.982636,0.0025991388,0.0020915281,0.003802091,0.003672539,0.0024333335,0.002765418
HwlPgS0L.png,jawi,2,jawi,1,0.004790498,0.0050895084,0.88395643,0.00562258,0.08968665,0.0060262596,0.0048280703
DMe5Qo5t.png,lontara,5,lontara,1,0.0069487086,0.005676912,0.0069216182,0.008076402,0.9603203,0.005245161,0.0068109827
CJejAjkr.png,lampung,5,lampung,1,0.0058179405,0.0068686106,0.0064682355,0.95950264,0.007052126,0.0082407445,0.0060497005
9cJ8Ej6R.png,lampung,2,lampung,1,0.006271515,0.0063640582,0.004910565,0.9636093,0.0071308888,0.006473754,0.0052400464
27YE7m0I.png,sunda,3,sunda,1,0.0081679085,0.006915111,0.006864649,0.0063363737,0.007721901,0.00644874,0.9575454
bszPh1wm.png,lampung,5,lampung,1,0.0055390913,0.0049217613,0.0048218546,0.971482,0.0050507938,0.0041002557,0.00408427
8mASCnig.png,bali,2,bali,1,0.90024346,0.00662952,0.06734925,0.0033172946,0.011589809,0.006406754,0.004463908
Vl3ILnER.png,lampung,1,lampung,1,0.0066025225,0.010121864,0.009810447,0.9562675,0.0063433857,0.005067276,0.0057870103
XQfpd6Da.png,lampung,1,lampung,1,0.0072322735,0.007491056,0.00851754,0.9528074,0.008430648,0.0067116604,0.008809398
xsXFBU8Z.png,jawi,1,jawi,1,0.010031348,0.011347597,0.9458668,0.010777842,0.008874273,0.006679057,0.006423186
jWJqpHVn.png,sunda,4,sunda,1,0.005647091,0.0036088412,0.0034469448,0.004502254,0.0054228054,0.0056305714,0.9717415
aOGR5fvM.png,jawa,5,jawa,1,0.0059028054,0.95840603,0.008320227,0.0058397357,0.008622146,0.006457689,0.0064513856
gmBl4gXt.png,jawi,3,jawi,1,0.006125399,0.0045832344,0.96019024,0.006329105,0.0063849767,0.0070537347,0.00933328
YbpuyUsU.png,pegon,3,pegon,1,0.008336699,0.0059289485,0.0037631528,0.007211289,0.0068844203,0.96030337,0.00757214
BPWOyNu3.png,jawa,4,jawa,1,0.0015639811,0.9820256,0.003310948,0.0035869873,0.0035107452,0.0015025977,0.00449909
Yf2pH5hz.png,lontara,3,lontara,1,0.006851732,0.0051985425,0.0050435234,0.007437484,0.9644161,0.0051934686,0.005859166
kl3fdfJ5.png,jawi,4,jawi,1,0.013343023,0.027097153,0.92136556,0.010895576,0.011734998,0.0044802777,0.011083381
jLxiHQp3.png,pegon,3,pegon,1,0.013882841,0.011308736,0.025673538,0.010221582,0.017515311,0.9116206,0.009777342
XkRUORB4.png,jawa,2,jawa,1,0.0035841875,0.9594647,0.017221747,0.0036441872,0.006798272,0.004425881,0.0048608794
d0wmXGuX.png,bali,1,bali,1,0.9752651,0.00413637,0.002037678,0.0039373273,0.0055106576,0.0035954958,0.005517388
tXgcs1MD.png,bali,4,bali,1,0.96652055,0.004321257,0.006008266,0.005812048,0.005906458,0.006699433,0.0047320887
P0FG1OpY.png,jawi,2,jawi,1,0.006129745,0.009112413,0.9665181,0.006238447,0.0075250035,0.0011272645,0.0033489973
gcVyA4TX.png,lampung,3,lampung,1,0.004570442,0.0042269677,0.005123653,0.9744903,0.0036940344,0.0041129524,0.003781636
lSdRDE8v.png,bali,3,bali,1,0.9484284,0.009320792,0.00844534,0.008290084,0.0080350265,0.007910454,0.009569824
3XxZii95.png,lampung,3,lampung,1,0.0050415876,0.011964918,0.004722278,0.95701087,0.0076165134,0.004528085,0.009115773
6PeP0Fvf.png,jawa,2,jawa,1,0.0049535404,0.9673076,0.007392701,0.0047359425,0.0044230134,0.004527902,0.0066592107
Xgif1P74.png,jawa,2,jawa,1,0.0044584516,0.959941,0.011435198,0.003046344,0.0043551717,0.014253065,0.002510753
AFxzf44w.png,pegon,2,pegon,1,0.011024231,0.012238514,0.009790802,0.022138104,0.008815071,0.92770416,0.008289084
YD84yjTo.png,lampung,3,lampung,1,0.009424444,0.009282864,0.007986714,0.94826585,0.012148589,0.0064394777,0.006452067
rPC2TpLe.png,jawi,3,jawi,1,0.002798068,0.0058860285,0.9750072,0.004011964,0.006458228,0.0020252378,0.0038133173
DwKPhBbx.png,jawa,1,jawa,1,0.004316377,0.97110254,0.005125825,0.0052704904,0.004934274,0.0042040534,0.0050463565
qEn2KS9r.png,lampung,1,lampung,1,0.005841713,0.004461535,0.0041871327,0.96908486,0.0059163477,0.005413264,0.0050952327
maPdKjah.png,jawi,5,jawi,1,0.0070274626,0.0053046076,0.96647346,0.0038771457,0.0040831016,0.002926623,0.010307609
V0TPz3Ss.png,jawa,1,jawa,1,0.009061667,0.9379546,0.014813044,0.011471813,0.007338362,0.010983959,0.008376582
ReC2eEDA.png,jawi,1,jawi,1,0.0028355601,0.006269499,0.95860744,0.006358908,0.008338245,0.011305577,0.006284824
cQw5VDsP.png,pegon,1,pegon,1,0.0074365768,0.008467994,0.010921006,0.0075980765,0.0079821795,0.9500441,0.0075499993
2O9Ur6gz.png,lampung,1,lampung,1,0.006746175,0.005787239,0.0071637547,0.96004814,0.007983945,0.0060649747,0.00620577
x1dqUZG1.png,sunda,5,sunda,1,0.007685325,0.0067988546,0.008880378,0.007971988,0.0076032104,0.00898067,0.95207965
3djH1cav.png,pegon,4,pegon,1,0.0051220683,0.0041277735,0.010711859,0.0068824072,0.0045913924,0.96283925,0.005725251
Prpg6SHF.png,pegon,2,pegon,1,0.0062172287,0.008085073,0.22834095,0.01472621,0.005578533,0.7327874,0.004264697
VjSj7azy.png,lontara,4,lontara,1,0.008771259,0.012035812,0.0167591,0.0071588927,0.9367147,0.008601608,0.00995857
rYJw0Q7o.png,lampung,5,lampung,1,0.005444199,0.004223416,0.00601442,0.9689288,0.0059530637,0.004223416,0.005212677
DB2MdSy4.png,lampung,2,lampung,1,0.0070500877,0.010890104,0.011841316,0.9568863,0.0041425093,0.004666654,0.004523076
CljvbC1u.png,jawa,3,jawa,1,0.0070598945,0.94659144,0.012808809,0.008756201,0.009207838,0.0077841245,0.00779173
JQRvYyh3.png,bali,2,bali,1,0.9521173,0.008946012,0.008959126,0.006044314,0.0063436716,0.007968412,0.009621129
ADMvshXk.png,pegon,3,pegon,1,0.012807235,0.007867225,0.0058521377,0.011547796,0.0108269835,0.94186485,0.009233719
QS8wDcom.png,jawi,4,jawi,1,0.030461235,0.011314653,0.9296331,0.0054474166,0.0041563353,0.0047051474,0.014282124
bes2eX5Z.png,jawa,5,jawa,1,0.009864892,0.9513003,0.0043328614,0.008973318,0.0082263425,0.009043697,0.00825854
fPdfHQBL.png,jawa,3,jawa,1,0.0044251275,0.96777,0.0052064424,0.0053901044,0.008081634,0.0045522405,0.004574522
zoncUr23.png,bali,1,bali,1,0.96028346,0.008430676,0.005103486,0.0076874704,0.0070544193,0.0054035317,0.0060369116
LuOtAefB.png,sunda,3,sunda,1,0.01134,0.0076636667,0.009343985,0.009932059,0.0077691628,0.0068696663,0.94708145
Wy5AUVBj.png,lontara,5,lontara,1,0.004442623,0.0042682593,0.0047476576,0.005366682,0.96970046,0.006105049,0.0053693033
YvfGyT60.png,lampung,5,lampung,1,0.004695244,0.004400018,0.006531445,0.97077334,0.004906179,0.0038565488,0.0048371963
uJnE05N6.png,pegon,5,jawi,0,0.005515728,0.020393595,0.8859896,0.002623317,0.0132509405,0.05869472,0.013532099
k05hCP0Y.png,sunda,4,sunda,1,0.005961509,0.0038982157,0.0037197033,0.004894235,0.00569129,0.006005333,0.9698297
BgKT7Vpv.png,jawi,4,jawi,1,0.019254958,0.0106647955,0.868148,0.02099311,0.012323149,0.04029768,0.02831837
zpWCPise.png,jawi,2,jawi,1,0.009536456,0.009429957,0.9534648,0.011747238,0.0054098833,0.0020856957,0.008325973
Sl5AzO37.png,jawi,3,jawi,1,0.0092922505,0.007986987,0.94922477,0.009103627,0.008552067,0.0064522875,0.009388023
EdXYvBaw.png,sunda,3,sunda,1,0.0059483084,0.004267703,0.0062398645,0.0054986,0.005405429,0.004957879,0.96768224
epouWi6u.png,lontara,5,lontara,1,0.0037216842,0.0051068496,0.002231017,0.010308565,0.97224325,0.0032208492,0.0031678197
1Fo1hcmE.png,jawi,5,jawi,1,0.0062919618,0.006913743,0.9559546,0.0063506067,0.0060185078,0.013099177,0.0053712996
2Uwz8K8y.png,bali,3,bali,1,0.961829,0.007332905,0.0059094424,0.005786661,0.006815024,0.0062538176,0.0060732584
sNZ1z3zl.png,lontara,1,lontara,1,0.007633762,0.008487019,0.007220445,0.011284724,0.9484664,0.010403591,0.0065040467
38CgWZV2.png,jawa,1,jawa,1,0.0073752147,0.9617269,0.003907396,0.0072537856,0.0067546717,0.0057634893,0.0072184526
mGfhjFt9.png,sunda,2,sunda,1,0.006544388,0.0048895683,0.008761402,0.0068217213,0.005860625,0.010440045,0.95668215
btYCjMRA.png,jawa,2,jawa,1,0.0021754024,0.9781001,0.003262478,0.0032816504,0.0045694876,0.0037845406,0.0048263413
Gz4I4XjD.png,pegon,1,pegon,1,0.0057557565,0.0066119083,0.005492181,0.0058463966,0.005915311,0.9656091,0.0047693606
FLHb8XJB.png,bali,5,bali,1,0.9754461,0.00867109,0.0033766334,0.0019428285,0.0049952166,0.002336643,0.0032314598
RJwKp6HZ.png,sunda,3,sunda,1,0.004312328,0.006256045,0.014339034,0.0037502758,0.0046764184,0.005902894,0.9607631
9rnjtGux.png,lontara,5,lontara,1,0.005507105,0.0057545127,0.008463194,0.0066234036,0.9592918,0.0074760397,0.006883888
7xPdHFbr.png,jawi,3,jawi,1,0.011516447,0.011382276,0.9356459,0.012145987,0.011755062,0.010333362,0.0072208974
SJEewbEx.png,pegon,4,pegon,1,0.0052645095,0.0054104477,0.0073054796,0.006936983,0.0065262457,0.9619821,0.0065742205
HulT4cSc.png,lontara,3,lontara,1,0.00676331,0.0031222794,0.008773768,0.0040921527,0.96672577,0.005910597,0.004612177
1l0vFlxi.png,sunda,5,sunda,1,0.009782516,0.012940758,0.0063656042,0.012597853,0.01264716,0.011933234,0.9337329
mMEs4Pfd.png,lampung,1,lampung,1,0.011357769,0.011291414,0.010769082,0.93499994,0.010853545,0.0092926,0.011435675
FBfNUjwK.png,bali,3,bali,1,0.95414793,0.007919395,0.007660764,0.0075419946,0.0066916323,0.0068336152,0.00920462
aC5zUSwR.png,lampung,2,lampung,1,0.0085207345,0.009253688,0.0080593955,0.9494487,0.006158268,0.007803809,0.010755451
zpogM76A.png,jawi,1,jawi,1,0.0031764547,0.009534214,0.9607169,0.0060337414,0.0069753793,0.008813402,0.004749833
XmssUrOJ.png,lampung,1,lampung,1,0.0139927,0.0110961925,0.010546783,0.93011945,0.011628712,0.011134184,0.011482014
CpF1ZOE0.png,jawa,4,jawa,1,0.008598264,0.96042955,0.0017383347,0.0037710052,0.0062294914,0.0047252835,0.0145080015
pcYhZYvT.png,sunda,3,sunda,1,0.007241652,0.0059307003,0.0073592835,0.0054903603,0.0057820114,0.007139832,0.96105623
RWhAtFiJ.png,pegon,2,pegon,1,0.0060599297,0.0060599297,0.008500093,0.006289034,0.006930801,0.95644337,0.0097168945
YAkk8vKD.png,lampung,2,lampung,1,0.0067313234,0.00636376,0.006794063,0.9607453,0.004581407,0.006463975,0.0083201965
Z9eJh1UX.png,lontara,4,lontara,1,0.0063365204,0.0100273285,0.0067320294,0.0074808425,0.9524381,0.009818989,0.0071662087
R2SuQszw.png,jawi,1,jawi,1,0.004931871,0.0045768516,0.97252715,0.0050661126,0.004768477,0.004423059,0.003706447
RysCA3v7.png,lampung,1,lampung,1,0.00985031,0.008877314,0.012421596,0.9402038,0.010988815,0.008254389,0.009403821
AeKggR1s.png,bali,4,bali,1,0.95956737,0.003849441,0.0057956493,0.009632706,0.008994027,0.0037529313,0.008407951
ScXV5YHf.png,jawi,3,jawi,1,0.0060676746,0.009095325,0.96235335,0.00597944,0.0073190127,0.004065695,0.0051194835
3IaW9uiK.png,bali,2,bali,1,0.9406374,0.009114249,0.011869822,0.008306726,0.0086334115,0.008318903,0.013119463
XtFsaTdz.png,jawi,3,jawi,1,0.0075588073,0.004142896,0.9682561,0.0045790556,0.0051232935,0.0033062322,0.0070335525
pFod0o3g.png,pegon,2,pegon,1,0.006775323,0.0067094793,0.007821229,0.007886421,0.009639083,0.9543599,0.006808486
7RQSIIgQ.png,sunda,2,sunda,1,0.009861612,0.006323758,0.011055272,0.0074876803,0.006757952,0.007993978,0.9505198
xJqB0dmD.png,jawi,3,jawi,1,0.018407512,0.008321259,0.8122988,0.0090946,0.010125963,0.1297856,0.011966306
lN1IKLWA.png,lampung,5,lampung,1,0.0057104966,0.005425101,0.0045885127,0.9697823,0.0045217886,0.004504159,0.00546765
p4HaeNMn.png,jawi,4,jawi,1,0.012321522,0.0012176154,0.9731013,0.0037707184,0.0027385848,0.000906624,0.00594377
1sl9l18q.png,jawi,5,jawi,1,0.004135955,0.006223981,0.9572401,0.0049067745,0.009758285,0.009851643,0.00788323
GcreyZHm.png,jawi,5,jawi,1,0.01324047,0.004285976,0.94376725,0.005835396,0.008129383,0.017932644,0.006808957
9aczqg2U.png,pegon,1,pegon,1,0.008868331,0.0066778446,0.008441587,0.008713805,0.009893339,0.9498602,0.007544853
i6b1YQ4r.png,lampung,4,lampung,1,0.003916888,0.0036795756,0.0030864333,0.968782,0.005521001,0.006416994,0.008597146
5FTxbhnl.png,jawa,3,sunda,0,0.0016542674,0.020074533,0.012735252,0.009937614,0.00034004648,0.047502395,0.90775585
7RtpHWlV.png,bali,2,bali,1,0.9545782,0.005965986,0.008877635,0.006786806,0.0080241915,0.007291854,0.008475236
l1rEYcq8.png,jawi,2,jawi,1,0.0040053986,0.008047786,0.9715124,0.003966474,0.0041812565,0.002660365,0.0056264955
l2s10RX0.png,bali,4,bali,1,0.97590214,0.0015211934,0.0017423545,0.004155272,0.005653299,0.00392454,0.0071012196
ptw7Yu7X.png,sunda,5,sunda,1,0.010564005,0.00819118,0.0049827783,0.009660998,0.010819806,0.010856851,0.9449243
vJJY2G1Y.png,bali,2,bali,1,0.97088885,0.0025894726,0.0031882173,0.005449887,0.0062148552,0.0043386687,0.007330044
AfVBrFuS.png,pegon,4,pegon,1,0.005358027,0.00531633,0.011387337,0.0053895134,0.006018311,0.96013343,0.0063970806
hF0BPMOq.png,jawi,5,jawi,1,0.003539281,0.0054046703,0.9727572,0.006334145,0.003950282,0.0037200172,0.004294276
72Yjhcyc.png,sunda,5,sunda,1,0.0068601696,0.0053505376,0.005992317,0.0069038537,0.007896006,0.0058620865,0.961135
TWiNr50L.png,sunda,1,sunda,1,0.0025217254,0.0034721277,0.003725049,0.009365344,0.0048088175,0.0015581481,0.97454876
aOh7jxHY.png,pegon,3,pegon,1,0.0068509807,0.007232546,0.0038019903,0.00763909,0.0053590485,0.9654884,0.0036278844
Yh37feWW.png,lampung,5,lampung,1,0.0068142996,0.004792118,0.0071727764,0.9645484,0.0064233593,0.0044798506,0.005769119
qqEBaRIm.png,bali,4,bali,1,0.9675052,0.003158545,0.007325929,0.0061240327,0.003934713,0.006461954,0.0054895477
94x3hWHI.png,lontara,3,lontara,1,0.008349434,0.005851657,0.0071138055,0.007887733,0.9561514,0.007740839,0.006905044
A966j992.png,jawi,4,jawi,1,0.0038990641,0.0042572664,0.96814805,0.005085339,0.011757559,0.0032041522,0.003648552
5GhVgAak.png,jawa,2,jawa,1,0.004997848,0.980737,0.0021079716,0.004501971,0.0030851045,0.0024765315,0.0020936108
0m8t0L4t.png,lampung,1,lampung,1,0.007099318,0.0065593873,0.011275647,0.9565366,0.0063204337,0.0067280666,0.005480573
OKUAqp6h.png,bali,5,bali,1,0.9573676,0.008731366,0.003740673,0.0069374987,0.007060525,0.004728654,0.011433814
Jxkvi71P.png,sunda,1,sunda,1,0.0034067426,0.0037088336,0.0056167687,0.004557491,0.0060524526,0.0068249214,0.96983284
Whyt5aP5.png,pegon,2,pegon,1,0.00789659,0.0071653943,0.007842793,0.010517621,0.00778176,0.95047164,0.008324187
sk6qzcDo.png,jawa,5,jawa,1,0.0019902042,0.9751322,0.004613826,0.002019572,0.010414248,0.0037073132,0.0021227028
ij195WeL.png,jawa,4,jawi,0,0.2971687,0.12427212,0.33070725,0.067846596,0.027412498,0.03516399,0.117428906
MuLHSUc0.png,bali,3,bali,1,0.9486943,0.009287057,0.009624061,0.009152008,0.007404288,0.0070583243,0.008779938
y0ng3Odc.png,lampung,4,lampung,1,0.009194017,0.0076969084,0.00563668,0.9572464,0.006906205,0.004632081,0.0086877365
4nQu2nGP.png,lampung,1,lampung,1,0.006818486,0.007484986,0.008216636,0.9595024,0.007205274,0.0044260547,0.006346225
zijPMrku.png,bali,4,bali,1,0.98942065,0.0016839514,0.0006261816,0.0014516568,0.00313377,0.0013730596,0.0023106972
Ib8wHogP.png,lampung,3,lampung,1,0.011934596,0.012152173,0.009253918,0.93795246,0.0090351375,0.008778562,0.010893137
IcAaqtw9.png,bali,4,bali,1,0.96324134,0.0065347888,0.0070142285,0.0045620175,0.004566475,0.008240603,0.0058406102
ph4MtWkM.png,lampung,2,lampung,1,0.0073017958,0.010812453,0.005560341,0.9442822,0.009486209,0.013671559,0.008885399
gKQbxd8G.png,jawi,5,jawi,1,0.003587719,0.0054866686,0.964169,0.0034705515,0.004856175,0.014462507,0.003967367
tUInmlTG.png,jawi,2,jawi,1,0.0046264688,0.0042206827,0.9664125,0.005752113,0.0036171994,0.010446291,0.00492485
25CIphH2.png,sunda,4,sunda,1,0.0036624589,0.0032447588,0.0026392585,0.003106771,0.0041137934,0.0042506014,0.9789823
hSx9m7SH.png,jawi,1,jawi,1,0.0048474832,0.0032624013,0.9761687,0.0029908256,0.0024102468,0.0067927917,0.003527497
vzw3lVZp.png,pegon,4,pegon,1,0.009286516,0.008239458,0.005931762,0.0067577665,0.009919291,0.951887,0.007978162
x6xV4PfV.png,jawa,4,jawa,1,0.0034090627,0.96765435,0.008713853,0.0037771754,0.006759898,0.0039008833,0.0057848706
OyD9xAac.png,sunda,1,sunda,1,0.0044590835,0.005352482,0.0048568617,0.0050800154,0.0063500255,0.004402831,0.9694987
CAuoBmoO.png,jawa,3,jawa,1,0.005756054,0.9102586,0.022379879,0.02190419,0.014204694,0.012008367,0.013488192
3iNOdscO.png,pegon,4,pegon,1,0.0038041133,0.004233447,0.0032127833,0.003730535,0.0046677296,0.9774147,0.0029367215
bPk5Zpz2.png,jawa,5,jawa,1,0.0038815315,0.96097517,0.005284741,0.0066935993,0.008985259,0.007340719,0.006838963
SOJJClTE.png,jawi,4,jawi,1,0.0053275055,0.004031242,0.96922463,0.0026696974,0.0116335,0.004204127,0.0029092713
IULBi4IA.png,pegon,5,pegon,1,0.006978329,0.005165636,0.004411935,0.0041649165,0.005807881,0.9686612,0.0048102024
p2GA3b1V.png,lampung,5,lampung,1,0.009388454,0.0078023276,0.011402317,0.94234115,0.010013496,0.012226929,0.0068252776
UfM3Zs6C.png,jawa,1,jawa,1,0.005121761,0.9674941,0.006871921,0.0062082633,0.0045866356,0.004853924,0.0048634135
M67w0XRo.png,lampung,5,lampung,1,0.006486165,0.005531681,0.0056573334,0.96169263,0.006572242,0.008028922,0.0060310285
x2hMHc7Q.png,sunda,1,sunda,1,0.0049693864,0.0064971442,0.0036197386,0.005661378,0.0065003172,0.0047164205,0.9680357
npr9gVDN.png,pegon,2,pegon,1,0.0028339953,0.0020733953,0.0038434677,0.0030822868,0.006400555,0.97984123,0.0019250824
jBZsnwCX.png,sunda,5,sunda,1,0.01230811,0.010709147,0.00822704,0.011146631,0.013544242,0.01517624,0.9288886
pGgXKvds.png,jawa,5,jawa,1,0.004158194,0.97183156,0.003216343,0.0046162056,0.003975534,0.0073407446,0.0048614223
aDnHuOoQ.png,lampung,3,lampung,1,0.0059448425,0.0052105645,0.0041360087,0.9694825,0.0053680963,0.0058727153,0.003985337
BbGNS8eS.png,bali,3,bali,1,0.9433912,0.010292491,0.009468008,0.008951008,0.007352121,0.009874056,0.010671189
zgatQJ4l.png,lontara,4,lontara,1,0.0050613163,0.007900603,0.008839618,0.006982478,0.959818,0.0056905905,0.0057072863
KJhioPLX.png,jawa,1,jawa,1,0.0075443555,0.9502616,0.009748831,0.008042698,0.007659422,0.0072341114,0.009509061
WvI94pUL.png,sunda,2,sunda,1,0.0046623475,0.0015121651,0.0772569,0.0041956585,0.0025572516,0.002920473,0.90689516
ku1tBiCe.png,lampung,5,lampung,1,0.0065230457,0.004441819,0.007059985,0.96480244,0.0066387216,0.0042177686,0.006316181
bboHMM0A.png,jawa,2,jawa,1,0.0031396272,0.9542264,0.010510303,0.005785948,0.006585213,0.010764804,0.008987743
gfZvoMRQ.png,jawa,1,jawa,1,0.0053479,0.96113056,0.006523653,0.0072954497,0.007545431,0.006329119,0.0058278115
GKpgefAG.png,pegon,1,pegon,1,0.0061591077,0.0077782427,0.008099949,0.006442095,0.0076240744,0.9560917,0.0078048734
8oon1AOL.png,sunda,1,sunda,1,0.0062115574,0.0068120747,0.0059561213,0.0070420536,0.00831988,0.005652926,0.9600054
yu5sWTqw.png,pegon,5,pegon,1,0.005827323,0.00614287,0.005228682,0.00500877,0.005936456,0.9676422,0.0042136903
wp5IebUs.png,pegon,5,pegon,1,0.0055293245,0.0057383687,0.005388067,0.007215121,0.005369682,0.9659881,0.0047712326
1c6UAk1c.png,lampung,4,lampung,1,0.007060589,0.007623142,0.006119387,0.96300226,0.0045519858,0.0065395497,0.0051029637
xToYNeIh.png,lontara,2,lontara,1,0.0040241205,0.00484218,0.0043004197,0.008119031,0.96562463,0.0064872936,0.0066023367
ZmOhoW6e.png,jawa,3,jawa,1,0.00717781,0.94102615,0.014807229,0.011353095,0.008030919,0.0077459197,0.009858926
iMo0Inv4.png,jawi,5,jawi,1,0.004838128,0.008420987,0.9475423,0.008126112,0.006677832,0.01750818,0.006886446
sjqecFtC.png,jawa,5,jawa,1,0.007266918,0.945756,0.0068701087,0.00875702,0.007338231,0.014501474,0.009510298
aMvUIy3k.png,bali,4,bali,1,0.96298647,0.0042970553,0.0054028896,0.008341642,0.00584477,0.006206554,0.006920531
gXVr1Ut2.png,sunda,5,sunda,1,0.0069356994,0.004599913,0.007561788,0.0064176065,0.0068215067,0.006798231,0.9608653
GPaYfSjo.png,lontara,5,lontara,1,0.0072964733,0.0073860874,0.011417475,0.006975955,0.95285374,0.006192436,0.007877821
2hPccPXH.png,pegon,1,pegon,1,0.005647117,0.01207374,0.008763525,0.0044541685,0.0074447743,0.9580828,0.0035338758
sRAD4uU4.png,jawa,4,jawi,0,0.0,0.0,1.0,0.0,0.0,0.0,0.0
ytCIwvqi.png,pegon,2,pegon,1,0.007069664,0.005608973,0.009503988,0.0066738427,0.0063713356,0.960012,0.0047602737
ds0Rv5xS.png,jawa,2,jawa,1,0.0017464428,0.981062,0.0059573855,0.0027529118,0.002455674,0.002652625,0.003372938
Ebcwkptt.png,lampung,3,lampung,1,0.009565726,0.008417028,0.09727309,0.85856014,0.01744862,0.0034476006,0.0052878563
HqbMRYKB.png,bali,4,bali,1,0.96452963,0.0041796784,0.0050911307,0.006804193,0.005293939,0.008919955,0.0051814145
sKxuojm1.png,pegon,2,pegon,1,0.0076091597,0.007538893,0.008900353,0.006931602,0.0066954154,0.9560869,0.0062377667
MyTRcJHD.png,jawi,1,jawi,1,0.007903164,0.03752024,0.9188498,0.008512043,0.013417505,0.009096487,0.004700797
cL4qmKGv.png,jawi,1,jawi,1,0.002641921,0.0059740455,0.9704466,0.0054740673,0.0051625376,0.0064343004,0.003866562
dMIVzKI1.png,jawa,2,jawa,1,0.0042978777,0.9659967,0.010199912,0.0067483177,0.0044084005,0.004247806,0.004101064
y5Cbtm2F.png,sunda,2,sunda,1,0.006423966,0.0058548027,0.007361518,0.0066733477,0.0066538253,0.006153783,0.96087873
cpy0mqRH.png,jawa,2,jawa,1,0.009607649,0.9438451,0.0056895656,0.009021147,0.009768483,0.008000101,0.014068066
5qLDYIHu.png,pegon,5,pegon,1,0.01035104,0.008212371,0.007959704,0.0073795156,0.008382527,0.949221,0.008493772
bt2pgdc4.png,jawi,4,jawi,1,0.020053452,0.02353662,0.8673921,0.039868884,0.021263566,0.01214523,0.015740136
8zTiajrD.png,bali,5,bali,1,0.39276716,0.009400803,0.25112516,0.014517654,0.027202128,0.05349374,0.25149328
OcXPaFQX.png,jawa,5,jawa,1,0.0028394407,0.97598857,0.0032713695,0.003877267,0.0047366302,0.004568537,0.004718163
oexmhpcS.png,pegon,4,pegon,1,0.0042173234,0.005328594,0.0046613184,0.0041559963,0.0044980943,0.9713179,0.005820967
uWYxvBxT.png,sunda,4,sunda,1,0.008417267,0.0039067552,0.0069272364,0.0064980118,0.007996594,0.008433724,0.95782036
nvF8ihif.png,pegon,4,pegon,1,0.005471931,0.00238119,0.10736069,0.006816582,0.006816582,0.85943246,0.0117206285
5Fob69NG.png,sunda,2,sunda,1,0.0049755108,0.0016862325,0.015266834,0.0059259012,0.003701098,0.0053483797,0.96309596
4xzqprgr.png,lontara,5,lontara,1,0.004364026,0.004020329,0.007149535,0.0050970833,0.96849054,0.004792945,0.006085534
colIrVVm.png,bali,5,bali,1,0.96576583,0.007234624,0.005080262,0.005165306,0.006233591,0.0056370827,0.004883255
c9VKGxzS.png,bali,5,bali,1,0.955146,0.011044177,0.009018397,0.005445949,0.007531474,0.0057858713,0.0060281157
E70NXbS8.png,pegon,4,pegon,1,0.007120977,0.005481212,0.004679181,0.0033083295,0.0053022066,0.96509314,0.009014954
0dNfMpe1.png,jawi,3,jawi,1,0.009359445,0.007296265,0.9565558,0.008605501,0.005834157,0.00559424,0.0067545353
xYIIG4tQ.png,lampung,3,lampung,1,0.009417953,0.007604579,0.007961751,0.9508571,0.006813373,0.0096884845,0.0076567405
ZJ0kth28.png,lontara,2,lontara,1,0.008417443,0.0069544944,0.007838261,0.00926735,0.94899523,0.00902619,0.009501027
yRUSIFjf.png,lampung,4,lampung,1,0.0075694947,0.010106602,0.004913554,0.9538936,0.009337955,0.006791881,0.0073869303
j8dx6Zln.png,pegon,5,pegon,1,0.00637412,0.0096202195,0.0054149306,0.0068685506,0.006908914,0.95715445,0.007658681
vnAAIaMY.png,lontara,5,lontara,1,0.0048769466,0.0047826176,0.00542736,0.004384493,0.9711341,0.0049755643,0.004418881
fSBAT1m3.png,jawa,4,jawa,1,0.008205909,0.9397155,0.009226152,0.012000898,0.008314808,0.008679872,0.013856858
2VHtGRxd.png,pegon,4,pegon,1,0.010266798,0.010418298,0.00520296,0.012972113,0.0089943,0.9424157,0.009729907
a7yUAJ7K.png,bali,2,bali,1,0.9629413,0.0028651182,0.009117561,0.005517269,0.0041524703,0.0054450096,0.009961258
4kSSKwSN.png,jawa,1,jawa,1,0.003889956,0.973462,0.005163429,0.005029063,0.005053679,0.0048458586,0.002556083
SUO3xFYL.png,jawi,2,jawi,1,0.0021835682,0.0028174806,0.98850596,0.0020552827,0.0019842822,0.00061111065,0.0018423436
e7fBnNyr.png,pegon,1,pegon,1,0.007022395,0.0067533716,0.0033529701,0.008298681,0.007022395,0.96201134,0.005538921
pPtF9QzV.png,jawi,5,jawi,1,0.0025707667,0.0046915673,0.9601176,0.004242619,0.0044418867,0.017354852,0.0065807295
n1sF4wDz.png,sunda,5,sunda,1,0.006649028,0.0055500483,0.008098965,0.0068533947,0.0071752854,0.011097033,0.95457625
M2q64lbf.png,jawa,3,jawa,1,0.008421445,0.95083827,0.0087911915,0.009074683,0.0072385017,0.0074975067,0.008138467
x2pi1ou6.png,pegon,5,pegon,1,0.008069447,0.007072747,0.0077149733,0.009148348,0.006570031,0.9515617,0.009862785
pSMo6WPe.png,jawi,2,jawi,1,0.006365782,0.011254424,0.96058136,0.006353361,0.0050161155,0.0043665967,0.006062419
l8Foig7d.png,lampung,4,lampung,1,0.00382846,0.0035894874,0.003692596,0.9722101,0.0046247737,0.0051693944,0.006885217
g6DmnHBa.png,jawa,3,jawa,1,0.0061854273,0.96534836,0.00619752,0.00701243,0.005112898,0.0044617266,0.005681613
Jac8kKHI.png,lampung,2,lampung,1,0.009178382,0.009760801,0.009147065,0.952823,0.007966533,0.005480663,0.0056436043
ApGZUhvx.png,bali,2,bali,1,0.9694193,0.005505782,0.003780371,0.0052076816,0.0038851667,0.005818105,0.0063837008
n6DIOWKo.png,bali,2,bali,1,0.9871634,0.0018398415,0.00159225,0.0028274264,0.0023065514,0.0024089974,0.001861529
ZWrtcfSX.png,pegon,1,pegon,1,0.0019015259,0.0041961214,0.0051865806,0.0039399667,0.006659701,0.973539,0.0045771413
Xg2eO0k1.png,lampung,4,lampung,1,0.013142377,0.011390451,0.006464781,0.93266755,0.010716025,0.014099712,0.011519093
A5hU2GMk.png,pegon,4,pegon,1,0.0076607973,0.0045677745,0.0036346419,0.0045811767,0.0047312174,0.96634257,0.0084818
ATlAKpHJ.png,lampung,1,lampung,1,0.0070519396,0.007959741,0.008927555,0.95108134,0.010265524,0.006785096,0.007928709
uvQsZue4.png,jawa,2,jawa,1,0.0069290786,0.96276456,0.0058950074,0.004964094,0.0061688717,0.010452692,0.0028256944
uvtlN1E1.png,bali,4,bali,1,0.9641299,0.0067352764,0.004408483,0.006634094,0.0061595477,0.0053567365,0.006576042
nBQqkb60.png,bali,4,bali,1,0.8942879,0.018596638,0.012321673,0.013401199,0.01890795,0.023076186,0.01940839
ibMNVmSQ.png,jawi,3,jawi,1,0.0066289227,0.0060711713,0.9685666,0.0072875605,0.005959562,0.0021104706,0.0033758176
5kP9dIAZ.png,lampung,3,lampung,1,0.008305838,0.0057308567,0.0069976337,0.9600244,0.007049074,0.00594752,0.005944617
PivFJPak.png,pegon,4,pegon,1,0.007593934,0.008303734,0.005034011,0.010001554,0.008895566,0.95184714,0.008324032
PFzxaW30.png,lampung,5,lampung,1,0.00456727,0.003508694,0.0070120255,0.9662358,0.006160957,0.004612091,0.007903103
fIBhv3nu.png,pegon,2,pegon,1,0.0045951656,0.0047248546,0.00091864215,0.0028910674,0.0037761903,0.9783276,0.0047665644
h9dwI4gF.png,sunda,2,sunda,1,0.0053867353,0.0034140009,0.010812652,0.007298366,0.004977053,0.0047167833,0.96339446
zPERuXlU.png,lontara,5,lontara,1,0.0073584192,0.0062878462,0.007269141,0.0064463946,0.9600054,0.0062085246,0.0064243986
rH2Ta1l1.png,pegon,1,pegon,1,0.005461588,0.0042931335,0.006410234,0.003867177,0.0057320856,0.9687071,0.0055286665
PRB6Tmya.png,sunda,5,sunda,1,0.008676797,0.008009067,0.009009235,0.008139165,0.008095566,0.008542275,0.9495279
5R2Txw3W.png,pegon,1,pegon,1,0.0017024277,0.0030572154,0.008900505,0.0020118356,0.0015806506,0.9818879,0.00085938483
bfdOXhPS.png,pegon,5,pegon,1,0.009969668,0.007640279,0.002871741,0.008602789,0.010685454,0.95206124,0.008168854
ZzKtrE21.png,lontara,3,lontara,1,0.008167804,0.004927486,0.0045128926,0.0072045424,0.9603424,0.008396273,0.0064486573
tZ8LPVl7.png,pegon,5,pegon,1,0.007355586,0.007276994,0.0061158864,0.00738077,0.00605054,0.9582311,0.0075890776
D7umVvzR.png,bali,3,bali,1,0.95253575,0.008265228,0.007251424,0.007640355,0.007606853,0.007987499,0.008712786
Nkt5Obtl.png,jawa,5,jawa,1,0.0074632764,0.9446503,0.009762506,0.0074778674,0.010628193,0.0099356305,0.010082243
CqTBo31E.png,pegon,1,pegon,1,0.008775978,0.006988285,0.0046325265,0.005593353,0.0063288216,0.96202445,0.0056565227
GcptziN8.png,sunda,2,sunda,1,0.0076349643,0.00598398,0.00808779,0.0074508213,0.0063823666,0.014917546,0.94954264
hsiSqbDw.png,lampung,1,lampung,1,0.008183209,0.00926374,0.0058999034,0.9523383,0.007694924,0.007168957,0.009451064
xICf64rF.png,pegon,4,pegon,1,0.008457777,0.0035585875,0.0020716554,0.0069537805,0.008189557,0.9666687,0.0040999106
ELmNvfYZ.png,jawi,3,jawi,1,0.004135546,0.0035097918,0.9760233,0.0039192815,0.0035373196,0.0051820735,0.0036926265
0S4eyP6k.png,sunda,2,sunda,1,0.0085706385,0.0044096336,0.009589291,0.006710768,0.0057568657,0.0062155444,0.95874727
Ia18hF5j.png,bali,3,bali,1,0.9479762,0.009065056,0.008713524,0.008437194,0.006839323,0.0081218975,0.010846804
kcAoxqsi.png,lampung,4,lampung,1,0.00651328,0.008193452,0.003853342,0.9586656,0.008717627,0.00689621,0.007160428
zPa40sOZ.png,jawa,3,jawa,1,0.0022218418,0.9767923,0.0054165,0.0032708673,0.00569866,0.003332124,0.003267675
yLzCJpjp.png,lampung,3,lampung,1,0.010074556,0.009996155,0.0067935255,0.95086896,0.0072458084,0.0088172695,0.0062037236
VMhdfNzz.png,sunda,4,sunda,1,0.0066627422,0.004185756,0.005161153,0.005098534,0.00734623,0.0065562436,0.96498936
DVugFizb.png,jawi,1,jawi,1,0.0054566604,0.0069451802,0.9339427,0.003649146,0.009502211,0.033902783,0.0066013006
BZ0Y81JW.png,sunda,3,sunda,1,0.006677155,0.006879026,0.008674699,0.009564582,0.006909322,0.0064182216,0.954877
rcrwfHkk.png,jawa,5,jawa,1,0.007423468,0.94698113,0.0063994294,0.009411676,0.008932577,0.009207132,0.011644591
DlIIISAR.png,jawi,3,jawi,1,0.0053592455,0.0054197717,0.967884,0.003683352,0.0023253306,0.009825925,0.0055024335
ccgEAW9z.png,lontara,4,lontara,1,0.009311845,0.009467727,0.011622779,0.0111775175,0.9396853,0.009239379,0.009495504
IZEsqdCg.png,lontara,2,lontara,1,0.007882341,0.005605816,0.011096903,0.009591852,0.95200497,0.006020039,0.007798121
LzvDXemu.png,jawa,4,jawa,1,0.002852477,0.9681008,0.011612568,0.0055495403,0.005824394,0.0038234629,0.0022367493
TSdoCoZj.png,jawi,3,jawi,1,0.0047681215,0.004852677,0.9700834,0.0051808036,0.0043456657,0.006065852,0.004703376
Y4ZGNvzd.png,jawa,2,jawa,1,0.0027056762,0.9775019,0.0037235883,0.0062526064,0.0034809492,0.0034437561,0.00289145
0pPSuyux.png,jawi,3,jawi,1,0.0043646144,0.0045473534,0.97051483,0.0055066235,0.0050482294,0.0047842376,0.005233972
iPcR88Bu.png,lampung,4,lampung,1,0.0067979433,0.0044647353,0.0054436624,0.961294,0.007086022,0.007131144,0.0077824723
paGLwwWa.png,pegon,4,pegon,1,0.007787005,0.005970504,0.007466782,0.005378122,0.0073942197,0.9590401,0.006963205
Dypm9PJB.png,sunda,5,sunda,1,0.008078097,0.0041623106,0.009851687,0.0069978405,0.0084080985,0.008523843,0.9539781
tSXywCNi.png,jawi,1,jawi,1,0.0054102396,0.012972156,0.96006817,0.0042258613,0.0058555794,0.0063005514,0.005167531
hq5oPrmk.png,lontara,2,lontara,1,0.0065922085,0.0056386148,0.004260408,0.010292805,0.95664036,0.0092286635,0.0073469616
0ApdsSMW.png,lontara,2,lontara,1,0.005632867,0.004410507,0.0031031794,0.011078543,0.9655149,0.0048534647,0.005406506
m9Tt3l86.png,bali,5,bali,1,0.9534508,0.008061814,0.008498359,0.006275482,0.008244939,0.007311748,0.008156844
Dr4rOkbf.png,sunda,3,sunda,1,0.0041590747,0.0054536695,0.0052396236,0.003993888,0.0035040025,0.004187603,0.9734622
Z8YPxggW.png,bali,5,bali,1,0.968234,0.0055829207,0.0055340673,0.0045189797,0.005888108,0.0055611557,0.004680676
k4aSaiW1.png,sunda,4,sunda,1,0.004140441,0.0036148853,0.003224579,0.004398877,0.0053791,0.006823101,0.97241896
qhE4w58k.png,lampung,1,lampung,1,0.006509954,0.0068658167,0.008474014,0.9591123,0.006424692,0.0067002242,0.005912927
NIghSYFP.png,jawi,3,jawi,1,0.0100557925,0.008576012,0.9579441,0.0061589996,0.008183288,0.0028502496,0.0062316
X83737YX.png,bali,5,bali,1,0.9724285,0.0046348562,0.006050898,0.0038255819,0.004835989,0.0038744586,0.0043497942
PO6LvZQp.png,sunda,4,sunda,1,0.024306267,0.022789074,0.35962802,0.011248407,0.00914489,0.13268793,0.44019538
9Ur7xb8e.png,lontara,1,lontara,1,0.0095587205,0.0072488473,0.0061911917,0.008106441,0.9540588,0.008226062,0.0066098263
2TQSRKo9.png,sunda,2,sunda,1,0.008834759,0.0078962585,0.004763668,0.008198791,0.0072566355,0.007965965,0.9550839
mbX4NWWu.png,jawi,4,jawi,1,0.009879124,0.016192766,0.8289098,0.06246086,0.030474454,0.041658726,0.01042425
ZX84e05Z.png,pegon,3,pegon,1,0.0046159346,0.0032413783,0.012025554,0.001843278,0.003587879,0.97272384,0.0019621593
flpOGZgZ.png,lampung,1,lampung,1,0.0054329494,0.0071310233,0.0045438344,0.95846564,0.009861847,0.008068681,0.006496042
Dsl7p1lL.png,pegon,4,pegon,1,0.003360784,0.002687312,0.0027269667,0.005832488,0.004504798,0.9775269,0.003360784
U1s9G7Di.png,jawa,4,jawa,1,0.005991714,0.9383176,0.01610528,0.005287669,0.012050523,0.005864359,0.01638288
4nsHCHSl.png,sunda,3,sunda,1,0.008590914,0.008306297,0.006859315,0.007195524,0.009207711,0.0072342753,0.95260596
zmNJwFQF.png,jawi,5,jawi,1,0.0019224464,0.0015297174,0.9852115,0.0035204156,0.0035845947,0.0016443555,0.0025869347
UWX4sYUh.png,lontara,2,lontara,1,0.0023228184,0.0014793596,0.004299522,0.005893992,0.97919077,0.0033452027,0.0034682846
q8KlJi1r.png,lampung,2,lampung,1,0.008472722,0.0090677375,0.010799799,0.9413368,0.009876638,0.009005963,0.011440329
iCmbW1sw.png,jawi,2,jawi,1,0.008830194,0.0057740416,0.9597315,0.008659403,0.006004053,0.0029490918,0.008051769
4xNkMaCQ.png,pegon,4,pegon,1,0.007973399,0.008311289,0.0064193313,0.004168988,0.0044726715,0.9611236,0.007530655
lEQ3UriU.png,sunda,1,sunda,1,0.002841931,0.002590136,0.0062958705,0.0037723077,0.0049999366,0.0045613945,0.9749385
2GTHveOK.png,jawi,3,jawi,1,0.011370026,0.0124753425,0.92872494,0.009486107,0.010377833,0.014757077,0.012808656
MCLCT03C.png,bali,2,bali,1,0.96339226,0.0075484305,0.005344803,0.0060742246,0.0049673305,0.005870118,0.00680281
V3lw2d1t.png,pegon,3,pegon,1,0.0075414423,0.0051177666,0.0049457983,0.0063691633,0.0045607346,0.96768403,0.0037809818
rIgDo87I.png,bali,5,bali,1,0.9592427,0.0074756565,0.007815316,0.0061763898,0.0077431463,0.005609954,0.0059368764
Wk83Jnyf.png,sunda,2,sunda,1,0.007493443,0.007957278,0.0063907313,0.004798136,0.005623302,0.0057426174,0.9619946
W8NBCUdg.png,lampung,3,lampung,1,0.0058723628,0.008432332,0.011214748,0.9553272,0.0069667967,0.0038889833,0.00829755
7DQyWYpl.png,lontara,3,lontara,1,0.008022124,0.008464781,0.008699433,0.009070306,0.95061153,0.008545763,0.006585943
RFPBFqa2.png,lampung,1,lampung,1,0.0042239195,0.0040899673,0.006181883,0.9699912,0.0050702025,0.005753714,0.0046891705
z3euudDo.png,pegon,5,pegon,1,0.0055237934,0.0065309037,0.002140036,0.0059814006,0.0074512456,0.96596473,0.0064077126
9SdBqEUb.png,jawa,4,jawa,1,0.00058181345,0.99207723,0.0022324983,0.0012920708,0.0010976376,0.0011798955,0.001538874
I23QhO2e.png,lampung,1,lampung,1,0.007259348,0.0067105223,0.0069574257,0.95637435,0.0081978515,0.007887647,0.00661294
McCfOUNp.png,jawi,2,jawi,1,0.004031175,0.0036241235,0.97681004,0.0039532045,0.003764814,0.003299802,0.0045169066
wbwQ6MTj.png,jawi,4,jawi,1,0.002380759,0.0073547694,0.965168,0.004370342,0.0027375622,0.012889129,0.0050994777
pR0Zg6U7.png,sunda,4,sunda,1,0.004617145,0.0028237824,0.0037372524,0.0050069713,0.0045256307,0.003931936,0.9753573
A1xEUOb2.png,sunda,5,sunda,1,0.0062428806,0.0055254875,0.005667579,0.006044902,0.005827535,0.0053738225,0.96531785
a9jsE8UY.png,pegon,2,pegon,1,0.011426096,0.0046835393,0.008439485,0.009713788,0.008199825,0.95101583,0.006521529
nlH7JszY.png,jawa,5,jawa,1,0.0045633656,0.9682423,0.0043842625,0.005160881,0.0069991928,0.0056625865,0.0049874648
ydc5sUGE.png,lampung,2,lampung,1,0.0052260994,0.005006296,0.006622557,0.9652771,0.007641149,0.0034006876,0.00682611
mdX822jc.png,jawi,1,jawi,1,0.002323568,0.0053708954,0.9624395,0.004786312,0.0057005626,0.01601497,0.0033643043
1RdSjBkc.png,jawa,3,jawa,1,0.004883176,0.9723746,0.0042219115,0.005536066,0.0041000172,0.004160518,0.0047237016
uCZxKgj0.png,jawa,4,jawi,0,0.0485834,0.10462387,0.6525828,0.004829235,0.016987888,0.10002797,0.07236475
EkhCJ86Y.png,sunda,5,sunda,1,0.0056237485,0.0057150996,0.008128746,0.0048621986,0.0075509707,0.006048149,0.962071
5H1E66iM.png,bali,5,bali,1,0.9566648,0.010593909,0.005877714,0.0076360973,0.006439665,0.0035183225,0.009269545
S00gQLIh.png,bali,3,bali,1,0.93994325,0.0105494475,0.009346291,0.010570072,0.013020469,0.005632943,0.010937598
uJbEMswM.png,lontara,2,lontara,1,0.0032772217,0.002538631,0.0026578654,0.0050388193,0.98204064,0.0015533501,0.0028935503
p5aGyCTw.png,jawa,1,jawa,1,0.008942621,0.9517564,0.008154285,0.008778223,0.010575641,0.00745362,0.004339175
SFTZbwBD.png,lontara,2,lontara,1,0.0027920508,0.0040072473,0.006494883,0.003925904,0.97576493,0.0032042293,0.0038106947
jqkobH59.png,bali,3,bali,1,0.95558745,0.008328225,0.005972293,0.008630436,0.007374797,0.0054804846,0.008626224
sTSoLsbN.png,sunda,5,sunda,1,0.008806817,0.005245968,0.0050548613,0.0073655606,0.007412463,0.009390843,0.9567235
bopiDX32.png,lampung,5,lampung,1,0.0041209105,0.003652707,0.0040868446,0.9758991,0.0045436486,0.0031642432,0.0045325686
17QqJVl4.png,lampung,2,lampung,1,0.0077002943,0.008176934,0.0074016857,0.9539341,0.008192919,0.0059911422,0.008602892
v7LSyNtO.png,sunda,2,sunda,1,0.006952782,0.005705257,0.0043488164,0.0061508073,0.0053126933,0.0064145927,0.96511513
4s89bWS7.png,jawa,3,jawa,1,0.0072387448,0.9555244,0.0058965636,0.0074539543,0.0070641576,0.01003529,0.006786903
lNPnnzqm.png,pegon,1,pegon,1,0.0069842115,0.0051851594,0.006399691,0.0096635325,0.0070424275,0.95865107,0.0060739173
jUQOcpkK.png,jawa,4,jawa,1,0.0018250529,0.95281565,0.021174144,0.008032875,0.009765493,0.004382352,0.0020044283
7xQzu2j4.png,sunda,1,sunda,1,0.0034135038,0.0022805552,0.006055588,0.0039520073,0.004799729,0.0020303496,0.97746825
Is6GuW1e.png,jawa,3,jawa,1,0.0062592514,0.96219474,0.0046560257,0.0060844743,0.0060489266,0.009178585,0.0055779773
xXS2XH4i.png,pegon,2,pegon,1,0.005648645,0.004919624,0.009039741,0.005226694,0.0044228607,0.9672743,0.0034681552
0S3gToBk.png,lontara,2,lontara,1,0.0065462645,0.0060042576,0.005453608,0.0072886352,0.9592956,0.0077284644,0.0076833125
KIZGqQjz.png,jawa,5,jawa,1,0.0057788673,0.9675945,0.0032305897,0.004623089,0.005804318,0.0070873336,0.0058813468
GODf94LL.png,lampung,3,lampung,1,0.008734253,0.0064685987,0.006331107,0.9544165,0.008015002,0.0077570355,0.008277505
tU5mDdLY.png,jawi,4,jawi,1,0.0058201877,0.006174417,0.95893633,0.0075576697,0.008116119,0.0056659635,0.0077293427
JJGTm10Z.png,bali,2,bali,1,0.9690749,0.0026407647,0.010346715,0.0051502087,0.0038347924,0.0037569501,0.0051956736
DehKXjv5.png,jawi,5,jawi,1,0.008645063,0.008249176,0.75426096,0.007956431,0.010176431,0.20044565,0.010266267
tma1E03Y.png,jawa,3,jawa,1,0.007261589,0.9576043,0.008506256,0.0067322883,0.007031304,0.0067553385,0.0061089024
PkOqGdW1.png,lampung,1,lampung,1,0.008022026,0.009050286,0.008862247,0.94874513,0.008862247,0.008686593,0.0077714184
GyCiv0pf.png,jawi,3,jawi,1,0.006426591,0.005224781,0.94821835,0.0077822884,0.004327268,0.018948846,0.0090718
ZhfqRkk5.png,jawa,4,jawa,1,0.0012409099,0.98400027,0.0025239012,0.0027584615,0.0033616333,0.0028293973,0.003285365
nOauZuLe.png,bali,5,bali,1,0.9371558,0.008852856,0.01025446,0.008728382,0.011860584,0.01095854,0.0121893715
bN2BJT3o.png,lampung,2,lampung,1,0.014486835,0.0108448425,0.0073739043,0.9438791,0.007352333,0.007864826,0.008198116
rLCO2UUv.png,sunda,1,sunda,1,0.004582097,0.0028506508,0.0052074296,0.004155781,0.00535963,0.0056278254,0.97221655
vVYH6fgH.png,pegon,4,pegon,1,0.008945639,0.0093384,0.004734782,0.011492038,0.017154992,0.93914956,0.009184648
F9r0oNA8.png,lontara,3,lontara,1,0.0075658485,0.006589391,0.006868631,0.009092797,0.9548318,0.008674288,0.0063773086
vvhqSb3g.png,jawa,3,sunda,0,0.060019583,0.08874652,0.2111513,0.03436552,0.0063198428,0.017012166,0.58238506
YtvX1nfe.png,sunda,1,sunda,1,0.006338652,0.0065080076,0.006051338,0.008680848,0.007593785,0.008806795,0.95602053
i66QDvMv.png,bali,4,bali,1,0.9695024,0.0023635894,0.0072785905,0.0054208874,0.004842672,0.0063160346,0.00427573
eM7c6GtM.png,jawi,2,jawi,1,0.004328491,0.003644955,0.9785946,0.005339756,0.0029230888,0.0008109202,0.0043581817
TDteLaT9.png,lampung,1,lampung,1,0.012582717,0.009804215,0.010100628,0.9335223,0.010804691,0.01325112,0.009934327
DGrKKKu1.png,lampung,3,lampung,1,0.007827429,0.009581006,0.0076051494,0.95604974,0.006170878,0.0058310702,0.006934718
WayzUyFj.png,sunda,2,sunda,1,0.009369089,0.007994266,0.0115410695,0.0072292737,0.010160123,0.0077824327,0.94592375
RXauvx92.png,bali,5,bali,1,0.9714764,0.0058847936,0.0040485067,0.004320148,0.00470783,0.004621283,0.004940996
BALJdZgw.png,sunda,2,sunda,1,0.010441758,0.009120813,0.006928592,0.00880573,0.009624096,0.00730734,0.9477717
O75nnVBd.png,pegon,2,pegon,1,0.007252452,0.0037469387,0.006168615,0.004274962,0.0037652792,0.9712233,0.0035683778
ItjwaAmt.png,sunda,2,sunda,1,0.008307931,0.006373022,0.01122878,0.0053876275,0.007977963,0.005602246,0.9551224
bExhPDJN.png,lampung,1,lampung,1,0.0063505173,0.008290729,0.006161147,0.95734257,0.0089381905,0.0064820973,0.006434794
g55Aoanh.png,lampung,1,lampung,1,0.0070277704,0.009130207,0.0074119405,0.9496747,0.008252483,0.009709567,0.008793305
J7zqsaF2.png,lampung,4,lampung,1,0.008097913,0.0059535587,0.0035724333,0.9563182,0.007689445,0.009997146,0.008371302
ZQ10R4X7.png,sunda,4,sunda,1,0.0060921903,0.0040861107,0.00466193,0.0053188945,0.007592968,0.007891582,0.96435624
0rWg9UMU.png,pegon,1,pegon,1,0.005743069,0.005270136,0.008000762,0.007803984,0.0052112816,0.96301025,0.0049605146
2uEW8ErF.png,sunda,5,jawi,0,0.02694757,0.15991698,0.3767525,0.00932193,0.033146076,0.02946634,0.36444852
dC0GTu83.png,pegon,4,pegon,1,0.0056747915,0.0052074813,0.0065284567,0.0037728501,0.008220568,0.96466035,0.005935527
XJqivw43.png,jawa,5,jawa,1,0.0024260234,0.98351836,0.0020349522,0.0031181192,0.0028641429,0.0036100242,0.0024283938
9Q3zMmm2.png,pegon,2,pegon,1,0.007365719,0.0020735427,0.0024503989,0.009111007,0.0064213583,0.9713362,0.0012418018
NDA1xh06.png,lampung,3,lampung,1,0.0085429195,0.007141362,0.007433097,0.9547136,0.008135805,0.0076877945,0.0063454593
GToDW9I6.png,jawi,4,jawi,1,0.004340487,0.005025229,0.9670368,0.006139027,0.010800665,0.0017537152,0.004904028
gyJqieUo.png,lampung,3,lampung,1,0.008195591,0.008517906,0.014699668,0.94451034,0.010289617,0.0060312585,0.0077556414
KuebJatg.png,bali,4,bali,1,0.9785901,0.0016704048,0.006480378,0.0032641122,0.0020951568,0.0036717323,0.004228202
20hRD1Xv.png,jawi,3,jawi,1,0.008398582,0.0077750087,0.9172888,0.007851308,0.006895006,0.004557321,0.04723399
Sb4HWpn3.png,lontara,3,lontara,1,0.007112805,0.004918483,0.0060764826,0.007187869,0.959993,0.006992281,0.0077189924
o0ZwMu7j.png,sunda,2,sunda,1,0.006970131,0.004901706,0.006919267,0.0063062194,0.0052127456,0.0059386264,0.9637513
y3xd5WWK.png,jawi,1,jawi,1,0.00526927,0.005112142,0.96992993,0.0063777147,0.0037565948,0.0014328217,0.008121452
XcIHwaT1.png,sunda,4,sunda,1,0.007110512,0.0065825735,0.005803431,0.00856018,0.01198662,0.0056468933,0.95430976
mk4hXieL.png,bali,4,bali,1,0.9413372,0.016920108,0.0055646943,0.006864773,0.0076171854,0.012071608,0.009624324
W8uk8UMu.png,jawi,5,jawi,1,0.007830413,0.010619615,0.94250625,0.008294829,0.009561286,0.010624801,0.010562729
84Iqq2ld.png,lontara,1,lontara,1,0.0057931445,0.006558085,0.0065038726,0.0065901843,0.95681375,0.010002327,0.007738639
8r7QEfed.png,lontara,1,lontara,1,0.005094157,0.004853763,0.00361936,0.006195944,0.9632198,0.011495284,0.0055215606
OyHDygma.png,pegon,3,pegon,1,0.008259772,0.009446784,0.011300801,0.0073787486,0.006924927,0.94958586,0.007103006
Adq28TYF.png,lampung,2,lampung,1,0.0067368606,0.012117252,0.00417485,0.95965934,0.0026640822,0.009181258,0.005466342
SBNMsD4P.png,lampung,3,lampung,1,0.0053063002,0.0043160985,0.0045854985,0.9757928,0.0033060375,0.0029433235,0.0037498912
DLb6RNGo.png,bali,1,bali,1,0.96456945,0.0099592395,0.004905867,0.005338285,0.0063362755,0.0032110685,0.005679801
B0ML6i63.png,jawi,3,jawi,1,0.0025563447,0.0028323804,0.9821561,0.0024584127,0.0021338211,0.003920867,0.003941983
EM1c15Bv.png,pegon,1,pegon,1,0.0033175538,0.0050784643,0.0048340885,0.0036117365,0.005992666,0.97252107,0.0046443595
CXKWVvFV.png,sunda,2,sunda,1,0.010457133,0.008120199,0.013473199,0.00970438,0.0056329425,0.0052968306,0.94731534
7lcf252t.png,pegon,3,pegon,1,0.0050706393,0.0035157606,0.0081028575,0.0074501373,0.004527571,0.9653496,0.0059834314
sFb6GsbY.png,jawa,2,jawa,1,0.006344797,0.96870047,0.00824694,0.004356455,0.004960673,0.0039242147,0.0034664911
lDno9Wlx.png,pegon,2,pegon,1,0.006240053,0.0043435153,0.0057993536,0.010032624,0.005183299,0.9583072,0.010094047
Imn7kJmL.png,bali,4,bali,1,0.9720346,0.0037721065,0.005090817,0.005928564,0.0029291252,0.0058968063,0.004348032
mduWqzzz.png,pegon,1,pegon,1,0.010404422,0.008194484,0.0101188375,0.007012537,0.01133256,0.939324,0.013613061
xthiI2CI.png,lontara,5,lontara,1,0.006742936,0.0054446217,0.007195364,0.0064941244,0.963343,0.0049188063,0.005861226
COzWzODR.png,jawa,1,jawa,1,0.0112658255,0.9566372,0.0043999283,0.0080848085,0.010302827,0.005721801,0.0035876117
iynQhyGG.png,jawi,1,jawi,1,0.0034886387,0.0042286995,0.9635317,0.004431639,0.004852965,0.013435499,0.006030772
389yJzRv.png,pegon,2,pegon,1,0.006587212,0.005557833,0.0047724727,0.006127976,0.007504488,0.96247214,0.0069778953
NW10VoCB.png,jawa,1,jawa,1,0.005770163,0.9609619,0.01075905,0.0058069066,0.007544107,0.004355548,0.004802356
V3TflOZW.png,jawi,1,jawi,1,0.0031111084,0.00421517,0.94187224,0.0057896553,0.008945328,0.03160573,0.004460811
0XCagPaE.png,jawi,5,jawi,1,0.0062588346,0.0063822786,0.9499933,0.0043480876,0.01276415,0.00968441,0.010568944
pd0hSGlV.png,jawa,3,jawa,1,0.009645605,0.93470687,0.009966379,0.009459043,0.010781488,0.016303908,0.009136736
3RYFvMxk.png,jawi,4,jawi,1,0.00875293,0.0070160273,0.9504053,0.012992966,0.008319543,0.003891683,0.008621438
JPNSDZoX.png,sunda,2,sunda,1,0.005706761,0.0026101954,0.011540647,0.0062493156,0.0040506534,0.003529594,0.9663128
6rm885ag.png,jawa,3,jawa,1,0.009097479,0.95369244,0.007023126,0.007842518,0.007985492,0.0062832055,0.008075679
HS2aQ0lU.png,jawa,5,jawa,1,0.0027720996,0.9735344,0.004301906,0.005317335,0.0046288124,0.005255386,0.004189959
u8ERg1Aq.png,lampung,1,lampung,1,0.0062029813,0.0071152262,0.0077310516,0.9605543,0.0068727825,0.0051049255,0.006418662
81peBbEt.png,pegon,2,pegon,1,0.005979653,0.010028714,0.013567788,0.0057956786,0.005694691,0.95303494,0.005898456
b0xtRwtB.png,jawi,3,jawi,1,0.00974749,0.011569779,0.9473513,0.0064207143,0.009023763,0.008489467,0.007397417
VwTtEX0w.png,lampung,1,lampung,1,0.009690329,0.008758759,0.008745939,0.94871914,0.008410886,0.007606027,0.008068947
grjRZ1Z0.png,jawa,4,jawa,1,0.002674302,0.98234105,0.00033538256,0.002703185,0.0015001476,0.0024183914,0.00802748
XCJLzxWW.png,jawi,3,jawi,1,0.0064859074,0.00944616,0.95510304,0.007102537,0.008071843,0.006770673,0.00701979
cL8mHH6A.png,jawa,5,jawa,1,0.006415803,0.9596577,0.006365875,0.005272344,0.0070981793,0.007036067,0.008154014
e4dw94Kd.png,lontara,4,lontara,1,0.006488233,0.00627634,0.0056979554,0.009398929,0.959185,0.0077957916,0.0051577375
bQ9SWQs2.png,jawi,2,jawi,1,0.0018825162,0.0022685314,0.9876265,0.0016825402,0.003302306,0.0010539354,0.0021837568
BFEQiHsn.png,sunda,2,sunda,1,0.0052035726,0.0038443753,0.011274448,0.0042678206,0.004814869,0.0066587212,0.96393627
6fFxulAC.png,jawi,1,jawi,1,0.00091041165,0.0020890469,0.98868513,0.001009704,0.0032088326,0.0013468158,0.002750026
JuEWGehj.png,pegon,5,pegon,1,0.005733815,0.0052360157,0.0047050067,0.005655956,0.007059604,0.9647504,0.006859128
PZ83s7ox.png,lampung,5,lampung,1,0.0040942472,0.0038518272,0.004603286,0.9743308,0.00477732,0.0036255314,0.0047170543
5jyFZ7pN.png,jawa,1,jawa,1,0.010476337,0.9384562,0.01604486,0.008222969,0.008865139,0.009358884,0.008575623
xjJZPx5h.png,pegon,3,pegon,1,0.0076847454,0.005079307,0.0044475896,0.005237983,0.0064114467,0.9651129,0.0060259383
Df09U554.png,jawa,1,jawa,1,0.0068934006,0.9596798,0.007213647,0.007189033,0.0063072345,0.0064096884,0.0063072345
8PZnj079.png,lontara,2,lontara,1,0.007268545,0.0076025072,0.0074155247,0.008763259,0.9505981,0.00980002,0.008551903
uAhwermm.png,bali,4,bali,1,0.9785573,0.0024517977,0.004001093,0.003997188,0.003602353,0.0043921964,0.002998144
kBsdC0HT.png,pegon,4,pegon,1,0.002607273,0.0016476011,0.0002655705,0.0029371667,0.0029501026,0.98715615,0.002436186
es7Le3DE.png,jawa,2,jawa,1,0.0042694034,0.9549227,0.011041595,0.0071849027,0.008165448,0.008161462,0.0062545557
P53cua4K.png,sunda,3,sunda,1,0.006766378,0.0060535073,0.0077804523,0.007856805,0.0068028187,0.007442306,0.9572977
Wj1itnd4.png,pegon,3,pegon,1,0.011155988,0.007063531,0.00505301,0.011748601,0.009007965,0.94615465,0.009816323
e9lqe71L.png,bali,4,bali,1,0.9599205,0.0029554395,0.006220112,0.006618043,0.0077903485,0.009339774,0.00715581
kVpB2Xne.png,jawi,2,jawi,1,0.0015608703,0.002173412,0.9906572,0.0015262025,0.0010780204,0.0007629394,0.0022413088
BPJZNUkB.png,pegon,3,pegon,1,0.003746605,0.005098547,0.0043588895,0.0054379855,0.0038429517,0.9730354,0.004479722
aOrYQfky.png,sunda,2,sunda,1,0.0053553325,0.0035293035,0.021506423,0.007178292,0.0055091646,0.003808641,0.9531129
CWt0ZiLs.png,jawi,3,jawi,1,0.011260042,0.0023559153,0.9739338,0.0034479804,0.0039647277,0.0035818329,0.0014556958
vm58jOMz.png,pegon,5,pegon,1,0.004393409,0.0050125327,0.004794684,0.0039228727,0.005128897,0.9721591,0.0045885425
uzi58X3u.png,jawa,5,jawa,1,0.010380238,0.9509696,0.0041613574,0.008369314,0.0069894097,0.011306222,0.007823946
KBym4WmJ.png,lontara,4,lontara,1,0.006875348,0.0074923295,0.0032795556,0.010361516,0.9520393,0.010545262,0.009406668
IsKYcAfW.png,jawa,3,jawa,1,0.0040255133,0.96879286,0.006952068,0.0043696538,0.0059087924,0.0036581196,0.006292949
bX1CgGAP.png,jawa,1,jawa,1,0.007619142,0.96155757,0.0044485484,0.006188273,0.006863185,0.006913637,0.006409698
gzyGOVh8.png,jawi,5,jawi,1,0.013349695,0.005867754,0.94622445,0.006042204,0.009942474,0.009436354,0.0091371
DKc9wqHs.png,lampung,4,lampung,1,0.0047317776,0.0028685674,0.003477089,0.9707136,0.006911642,0.006052036,0.0052452786
2eDIkByX.png,jawa,2,jawa,1,0.004733331,0.97103226,0.004737956,0.0049872035,0.0051455144,0.0044705,0.004893131
72zV8ZdJ.png,lampung,2,lampung,1,0.0051885294,0.0021492147,0.013067867,0.9739048,0.0033385355,0.0012671652,0.0010838638
rjiITWLj.png,pegon,2,pegon,1,0.0062363925,0.0069639958,0.004244552,0.007377026,0.0066353646,0.962433,0.0061098
jgKs4P74.png,lampung,4,lampung,1,0.008407157,0.005889236,0.005044715,0.9622918,0.0053360914,0.006269059,0.00676194
M4oFIeIr.png,bali,3,bali,1,0.9473532,0.010555021,0.009305681,0.010570494,0.00811656,0.008292826,0.005806311
9ve90UkQ.png,jawi,2,jawi,1,0.0013004396,0.0030324836,0.9839829,0.0011342635,0.0018019587,0.007650699,0.0010972208
bUajFn9H.png,lontara,3,lontara,1,0.006359001,0.004441466,0.008281561,0.005801256,0.96566844,0.0056641037,0.003784177
pqSczqTJ.png,sunda,1,sunda,1,0.004481703,0.0038975752,0.0056405608,0.0044294894,0.007582796,0.0033500907,0.9706178
Hw6soxok.png,jawa,2,jawa,1,0.0039889114,0.9637415,0.008954106,0.0067194263,0.004359623,0.004115533,0.008121021
90lPg4YM.png,jawa,3,jawa,1,0.012379715,0.9397831,0.009061616,0.011601308,0.010718984,0.007512344,0.008942936
IEcahUzL.png,pegon,5,pegon,1,0.006463844,0.007235628,0.0048293904,0.006345015,0.00674764,0.96260405,0.0057743816
dmEVIQ3O.png,pegon,1,pegon,1,0.007710704,0.007176646,0.008072861,0.008406753,0.008656687,0.9514995,0.0084768245
icT1SQIN.png,sunda,5,sunda,1,0.0067938324,0.0099236565,0.007465209,0.007193257,0.008932504,0.0059896843,0.95370185
uLDAj2U3.png,pegon,5,pegon,1,0.0068476847,0.008127857,0.0044558733,0.0072644497,0.007396885,0.9593859,0.0065213563
F5RCI0R7.png,jawi,5,jawi,1,0.022697616,0.02385669,0.58939457,0.04921437,0.011181405,0.013021423,0.29063398
KKYsJw9x.png,pegon,2,pegon,1,0.004731919,0.0041192,0.0035113166,0.004129269,0.0047760233,0.9735908,0.0051414683
dl1f52E6.png,sunda,4,sunda,1,0.0057233702,0.0028666717,0.0039722137,0.0035815937,0.0046667196,0.004369018,0.9748204
FgYxZOa3.png,lontara,5,lontara,1,0.0056404746,0.003391184,0.0044576274,0.0072107543,0.9710769,0.0040232,0.004199839
XA0atqNo.png,lampung,4,lampung,1,0.008360643,0.0052498695,0.0046967706,0.95743513,0.0077247834,0.009168929,0.0073638447
pVmZIaky.png,lampung,5,lampung,1,0.006747059,0.007903533,0.0069884793,0.9573652,0.008150438,0.0073813056,0.0054639354
jjo1jAHw.png,lampung,5,lampung,1,0.010334352,0.0069111064,0.007819846,0.943996,0.009209532,0.013060656,0.00866847
HFc4SvDg.png,lontara,1,lontara,1,0.0066153454,0.007569731,0.007913667,0.009053149,0.9529923,0.008789621,0.0070661088
zYS92vwD.png,sunda,3,sunda,1,0.0075064106,0.0084851375,0.010444542,0.006745151,0.007462557,0.0050617605,0.95429444
5iF43mor.png,sunda,2,sunda,1,0.00736978,0.007780239,0.0071082427,0.009162888,0.00626994,0.0036340822,0.95867485
2YQgsrfv.png,pegon,5,pegon,1,0.0026333297,0.0015886397,0.0014060829,0.0024774107,0.0035835523,0.98588735,0.0024235693
pArvxMzZ.png,lampung,5,lampung,1,0.0060207336,0.005292565,0.006513145,0.9675809,0.005691972,0.0029761167,0.0059244977
t8kiahEd.png,jawa,4,jawa,1,0.005223493,0.95915914,0.006203051,0.0032528567,0.009394086,0.0107257655,0.006041632
ZLQ5QBJ9.png,sunda,1,sunda,1,0.0073278267,0.0063077346,0.0067408285,0.010418757,0.007519939,0.0052038245,0.9564811
WVReOf7f.png,bali,5,bali,1,0.9616941,0.005729622,0.0065722526,0.0054141125,0.0071830484,0.0062866164,0.0071201925
01pIIB2i.png,pegon,5,pegon,1,0.008021259,0.00880103,0.0039746906,0.0072183516,0.010639422,0.9472658,0.0140794655
tlLY6Ggj.png,sunda,4,sunda,1,0.006769215,0.0033071165,0.0056586536,0.0046729,0.0067395335,0.0071706935,0.96568185
Ca48TFM7.png,jawa,3,jawa,1,0.0051893117,0.9594188,0.004477837,0.0053383755,0.008394344,0.00945185,0.007729457
bjHbyQrn.png,lontara,3,lontara,1,0.009345735,0.006609346,0.0071115964,0.010046112,0.95073426,0.008365201,0.007787712
dI0n4lYQ.png,jawa,2,jawa,1,0.009496581,0.95086974,0.0037371174,0.007541816,0.00964613,0.0108932005,0.007815489
JS2rkA46.png,lampung,2,lampung,1,0.0078678755,0.009425813,0.008265617,0.9549091,0.0053601875,0.006564233,0.007607211
lyweVvK0.png,lontara,2,lontara,1,0.0023219294,0.0020895104,0.003568288,0.00785211,0.97977245,0.002069204,0.002326469
CjHs9E39.png,lampung,2,lampung,1,0.006813247,0.006907037,0.00537658,0.96439946,0.005298395,0.0048763463,0.006328976
8SkCMX3d.png,lampung,2,lampung,1,0.0048500244,0.006500977,0.007860842,0.961069,0.004788841,0.009074321,0.0058559617
zpaHQ2Ne.png,jawi,5,jawi,1,0.011353296,0.00808615,0.94935006,0.009753758,0.008658244,0.0043409024,0.008457676
wVzuPQ7F.png,sunda,5,sunda,1,0.005111695,0.0053806035,0.008244599,0.0066441577,0.006582803,0.0062081744,0.961828
P9kK0HwP.png,sunda,2,sunda,1,0.010502116,0.0076423534,0.010129418,0.006924548,0.009231952,0.008813492,0.9467562
OkjBW7dA.png,jawi,1,jawi,1,0.005700967,0.003863122,0.96580315,0.009444159,0.0053765243,0.006587455,0.0032246087
LXBWvjSa.png,sunda,3,sunda,1,0.0070076445,0.005457559,0.0064873444,0.00639613,0.0055407975,0.0053624636,0.963748
AcUSR7EQ.png,bali,5,bali,1,0.95214146,0.006583671,0.01039303,0.007626013,0.008582534,0.007596282,0.007077057
yPagGO9e.png,bali,1,bali,1,0.94856703,0.008770192,0.0074177687,0.010952051,0.008303451,0.007649497,0.008340022
76s0kCGm.png,jawa,5,jawa,1,0.012638187,0.9253573,0.010857623,0.014596269,0.012351452,0.011229664,0.012969517
rv3ENLzD.png,sunda,5,sunda,1,0.010500085,0.008607662,0.0075740125,0.010913029,0.012174365,0.013771806,0.9364591
T2Au2QKx.png,pegon,4,pegon,1,0.005324253,0.0041263346,0.006092375,0.008528929,0.0066358526,0.9615643,0.007727852
PxRwLyI5.png,lampung,2,lampung,1,0.007065437,0.0064772805,0.0046065557,0.96601903,0.004927655,0.0047204043,0.0061836825
RPInnf8h.png,jawi,4,jawi,1,0.02418387,0.005823245,0.9454882,0.006983137,0.0062139644,0.0032857407,0.0080218585
W4GY91uz.png,bali,2,bali,1,0.9648918,0.0063600945,0.0055338466,0.0054693753,0.004936346,0.0062401257,0.0065683974
hPFhFSzp.png,jawi,1,jawi,1,0.0055005993,0.0043619685,0.97087413,0.0037455917,0.0071252594,0.004945172,0.003447233
luLUPmP3.png,pegon,5,pegon,1,0.0042647244,0.0074338336,0.00325713,0.005586747,0.005126687,0.9707918,0.0035390353
1xeLgA9z.png,lontara,1,lontara,1,0.016903386,0.005965602,0.0055011404,0.008118258,0.9470888,0.0074497317,0.008972938
eOzMKBjv.png,bali,3,bali,1,0.9524785,0.009596624,0.0071281237,0.007093403,0.0067950636,0.0073723714,0.009535901
bPGE2YMF.png,jawi,5,jawi,1,0.008785088,0.014615591,0.9368182,0.007358157,0.010721751,0.0130566275,0.008644665
OKBrFb5M.png,jawi,2,jawi,1,0.010695305,0.013002184,0.95015126,0.008810613,0.0065283384,0.002482722,0.008329511
FUHlZ1io.png,pegon,5,pegon,1,0.007475257,0.010282528,0.0033858547,0.007348592,0.008298632,0.951727,0.011482197
yzmS4caJ.png,lampung,5,lampung,1,0.0081161605,0.007379031,0.01035036,0.9528735,0.009341644,0.0048463806,0.007092881
CKfMUSX7.png,pegon,5,pegon,1,0.0065317396,0.0071982737,0.0058492986,0.007506981,0.007745278,0.9590384,0.0061300118
ygMdE1TE.png,jawi,2,jawi,1,0.005506651,0.0048053325,0.976223,0.0042510564,0.0043137865,0.0014169898,0.0034831914
NedGhGYE.png,lampung,4,lampung,1,0.0047002574,0.0056227255,0.0028971587,0.9718099,0.005102081,0.0036196844,0.0062481486
gJ5lAJKL.png,lampung,2,lampung,1,0.005572384,0.0072182463,0.001959915,0.96687865,0.0048817256,0.00735702,0.0061320313
Y92rSZeI.png,jawi,4,pegon,0,0.006647509,0.0031863966,0.074532434,0.0026753652,0.006871932,0.9035682,0.002518187
4S84Crtb.png,lampung,4,lampung,1,0.011671409,0.00748429,0.01670628,0.93993807,0.010937538,0.00685457,0.006407907
qCoa3uzM.png,lontara,4,lontara,1,0.0063984054,0.008104156,0.005121219,0.009652159,0.95705545,0.006231902,0.007436791
cmqLtXTY.png,pegon,2,pegon,1,0.0021988475,0.002320179,0.0013834143,0.0014654637,0.0018291499,0.9891244,0.0016785224
BRn8najA.png,lampung,4,lampung,1,0.0054216217,0.0036010128,0.003396079,0.97152936,0.005158213,0.0039356747,0.0069581014
HXSB6mc8.png,jawi,4,jawi,1,0.00462152,0.0047473144,0.9739009,0.004505654,0.005368916,0.0022967726,0.004558765
t1cjdbyf.png,lontara,4,lontara,1,0.007873381,0.009268053,0.007454367,0.011070765,0.94629085,0.0077286395,0.010314049
q22a7lYd.png,jawi,1,jawi,1,0.0019907726,0.0043418817,0.98018515,0.0040987856,0.0037047528,0.002933564,0.0027450845
zGTH4Kfx.png,lampung,4,lampung,1,0.019417414,0.0034559453,0.032343857,0.9072414,0.0058902544,0.011956882,0.019694323
WIQxsVUW.png,jawa,4,jawa,1,0.0017954416,0.9766019,0.008042682,0.0038232866,0.0036410869,0.0044350894,0.0016605121
2ZBjOq1d.png,pegon,4,pegon,1,0.0019779499,0.0051504914,0.015006585,0.0020728735,0.003602652,0.96818215,0.0040072915
9c5ageWO.png,lampung,2,lampung,1,0.010876867,0.009538065,0.0086043095,0.95083576,0.004878708,0.008355888,0.0069103823
rrJbsaXJ.png,sunda,3,sunda,1,0.00804507,0.0071904566,0.0054862606,0.006013721,0.0054117637,0.0065758196,0.9612769
MypcSoUx.png,pegon,1,pegon,1,0.004342303,0.005735788,0.0054491283,0.0061566075,0.005094048,0.9674414,0.005780774
i1avTO39.png,pegon,4,pegon,1,0.006643859,0.0064268843,0.0053908797,0.008797387,0.012142605,0.9501155,0.010482923
DyApKdo9.png,sunda,2,sunda,1,0.014699333,0.00988796,0.008565676,0.008285939,0.0087730875,0.008751695,0.94103634
blroylyC.png,pegon,5,pegon,1,0.0065712067,0.00996622,0.007508219,0.007063658,0.008130222,0.9535926,0.0071678916
KW8grxF9.png,lampung,4,lampung,1,0.004611335,0.0047484315,0.0034706355,0.97175467,0.005417586,0.0052534686,0.004743797
IaEqbKjN.png,jawa,5,jawa,1,0.004913117,0.9603513,0.0045661316,0.008707408,0.0069184634,0.0076319105,0.00691171
Os54mX6S.png,sunda,4,sunda,1,0.004689989,0.0033566973,0.004787164,0.004144968,0.0058539105,0.004635349,0.9725319
zJ0lXTOi.png,jawi,2,jawi,1,0.00083250017,0.00140511,0.9909949,0.0010932325,0.00242071,0.0010815518,0.0021720307
FNhwLWqC.png,jawi,5,jawi,1,0.0054107443,0.0063909995,0.955481,0.0065810047,0.0069883615,0.010348321,0.008799675
Ab22crV3.png,jawa,1,jawa,1,0.0029447146,0.9714987,0.0044097607,0.0051304204,0.0076847696,0.004080354,0.0042511914
NHHL4lFQ.png,pegon,4,pegon,1,0.021017352,0.0035711494,0.06613987,0.020054897,0.0475371,0.8289444,0.012735226
46ZG2NjH.png,jawi,5,jawi,1,0.004430204,0.007913133,0.95852804,0.007609985,0.0063521746,0.0073758513,0.0077904523
4yPsF9g5.png,lampung,1,lampung,1,0.0070079146,0.006124362,0.0047048917,0.9619045,0.009175817,0.004135865,0.0069465917
x18QkvSX.png,bali,1,bali,1,0.961202,0.0081691295,0.005366609,0.007640537,0.0070628915,0.0045368257,0.006022068
itUUFN3Q.png,jawi,4,jawi,1,0.0052397638,0.0061139516,0.9621468,0.008171172,0.008239281,0.0032982295,0.006790698
eb7k895p.png,jawi,5,jawi,1,0.0026913022,0.005829751,0.9751617,0.005770279,0.003709236,0.0026263923,0.004211332
nZKJkIQj.png,jawa,2,jawi,0,2.70763e-20,0.008643561,0.991285,5.530664e-11,1.402587e-17,7.135696e-05,2.8779218e-17
YlVYxHxS.png,bali,1,bali,1,0.96348464,0.006856822,0.0055123023,0.006234069,0.006209764,0.0063570244,0.0053453157
b0tgXg74.png,jawa,3,jawa,1,0.0072491528,0.9494517,0.010089054,0.008487542,0.008881847,0.008612787,0.007227946
qdjYWKqS.png,pegon,1,pegon,1,0.0058796885,0.008719369,0.0080209,0.005496552,0.0072959843,0.9574536,0.0071339365
0NFuwwa9.png,lontara,2,lontara,1,0.004796265,0.0034715293,0.0064038537,0.007787008,0.96916145,0.0037244074,0.0046555144
BniRWxRB.png,sunda,2,sunda,1,0.009833991,0.011072861,0.010018161,0.008176584,0.010235723,0.012016542,0.93864614
OwgnjOkG.png,sunda,1,sunda,1,0.0055841208,0.004615856,0.0064966986,0.0076774415,0.008317522,0.00687194,0.9604365
vKBNFzOh.png,lontara,4,lontara,1,0.00561842,0.010263455,0.0050264928,0.008356363,0.9550777,0.008210757,0.0074468325
rcng3F5f.png,pegon,2,pegon,1,0.0047272574,0.0037891956,0.0054198275,0.0053697783,0.0040851114,0.97358185,0.0030269162
737IAoMQ.png,jawi,4,jawi,1,0.0051139398,0.008888022,0.9641318,0.005322852,0.008361764,0.0034704173,0.0047111823
gB5HEKDT.png,sunda,1,sunda,1,0.003998984,0.0042237695,0.0056449817,0.005795804,0.0065132165,0.0057591307,0.96806407
D1SEuVlh.png,pegon,4,pegon,1,0.00316414,0.0017456986,0.00643087,0.0021388745,0.0033929697,0.980644,0.002483562
fpzWgjlW.png,jawa,5,jawa,1,0.011061723,0.9209133,0.01346735,0.009610592,0.010555171,0.017745767,0.016646205
Q6FbgSFu.png,jawa,2,jawa,1,0.0033392822,0.97602695,0.00301679,0.0043087103,0.0037931516,0.0062340326,0.0032810967
0Ukpy0Kf.png,lampung,2,lampung,1,0.007705964,0.005670934,0.006800489,0.9602463,0.008218992,0.0061888928,0.0051684896
oujj5yKe.png,pegon,1,pegon,1,0.006833274,0.0053634983,0.0016175067,0.007291763,0.012468224,0.96252286,0.0039029992
Fm1h0g0O.png,lampung,4,lampung,1,0.012457656,0.009426517,0.007098158,0.9447767,0.008688356,0.00680294,0.010749662
rjeI7UV7.png,sunda,3,sunda,1,0.0061993403,0.007929077,0.005091974,0.0065350323,0.005030194,0.004995925,0.96421844
aL1AGw95.png,lampung,1,lampung,1,0.010568058,0.00774309,0.010000751,0.9462103,0.010624973,0.006642448,0.008210342
tkzuLmqj.png,jawi,5,jawi,1,0.0041596387,0.005946782,0.9636622,0.0049833003,0.0053829732,0.0103329765,0.0055321944
jkGkONEU.png,lampung,1,lampung,1,0.007499322,0.008870945,0.010335798,0.9455121,0.011919688,0.0077335984,0.008128521
7mlSBbjp.png,lontara,3,lontara,1,0.009688887,0.006915888,0.0043960055,0.0061541228,0.9595252,0.005570656,0.0077492096
d7ZbaOFN.png,sunda,2,sunda,1,0.0060148644,0.0036021771,0.006805757,0.008285825,0.004409172,0.004716513,0.96616566
fWapgWWa.png,jawa,4,jawa,1,0.0012176917,0.9712634,0.0045731366,0.0065315524,0.0055595203,0.0029182397,0.007936472
59izN5rT.png,lontara,2,lontara,1,0.0068722446,0.0070420885,0.008113314,0.0088457065,0.94928914,0.009611304,0.010226186
hAM6bVeY.png,lontara,5,lontara,1,0.006512534,0.0050843647,0.0053596804,0.0044389945,0.9670178,0.005584082,0.006002558
hKZa2Gf6.png,lampung,4,lampung,1,0.0050172973,0.0039962335,0.005961098,0.9702364,0.004922657,0.0043612327,0.005505044
A24iYh0N.png,jawi,5,jawi,1,0.0056394935,0.002745787,0.96617883,0.003786177,0.0090981005,0.0024613074,0.010090369
FhWAfPJx.png,jawi,1,jawi,1,0.0030138248,0.0038982749,0.97888386,0.003621193,0.003355604,0.0016758086,0.0055513973
7Ml5XS4z.png,lontara,1,lontara,1,0.0089112315,0.008730343,0.007844958,0.007883358,0.9511984,0.0086920615,0.0067397007
fJGPBFfs.png,jawi,4,jawi,1,0.00656811,0.010078947,0.95128345,0.00800431,0.0070396755,0.007005386,0.010020064
flPFfY7h.png,jawa,1,jawa,1,0.008670142,0.9567082,0.005789677,0.0076663326,0.006531797,0.009494431,0.005139398
exNra58b.png,sunda,3,sunda,1,0.008065047,0.0051264553,0.006070007,0.005932292,0.0056966785,0.0063862107,0.9627233
jXdFCdlp.png,lampung,5,lampung,1,0.011992861,0.0063136243,0.006419315,0.93702495,0.014987431,0.010724117,0.0125377625
CyaZGGDg.png,jawa,1,jawa,1,0.003857778,0.97488344,0.003779469,0.005632252,0.0046081464,0.0038277567,0.0034111333
ynS8mZ98.png,lontara,1,lontara,1,0.009619168,0.008115987,0.007808881,0.0091876425,0.94589984,0.010472144,0.008896276
RssLf77r.png,bali,1,bali,1,0.96459186,0.009820036,0.0043422156,0.006774794,0.005250515,0.0044538793,0.004766663
JkawcB87.png,lampung,2,lampung,1,0.0050812406,0.0036031392,0.0055643255,0.97115415,0.00416342,0.0065756147,0.0038580615
c2pOOHQ3.png,lampung,3,lampung,1,0.0059896028,0.0043036295,0.0064857984,0.9625779,0.005640465,0.011200985,0.0038016504
5tbApScb.png,pegon,3,pegon,1,0.005202017,0.005356674,0.005406601,0.0037432148,0.0044800416,0.9721549,0.0036565035
W96OIvNn.png,jawa,2,jawa,1,0.0031533744,0.97730744,0.004208252,0.0048507685,0.0036776788,0.0041288724,0.002673622
mNXHJrev.png,lontara,4,lontara,1,0.004932433,0.006637313,0.006794712,0.010467484,0.9556902,0.008398548,0.0070791957
GujPdwfs.png,lampung,5,lampung,1,0.006788885,0.0047048205,0.0070696725,0.96189,0.005680641,0.0060825474,0.007783496
iOqpQObF.png,lampung,4,lampung,1,0.009612838,0.0049037673,0.005427975,0.9622753,0.0076733837,0.0035079885,0.00659874
ZEwdMU04.png,jawi,4,jawi,1,0.005507732,0.0017407174,0.97213304,0.003248914,0.00491545,0.0036528523,0.00880133
ZCxRZRiz.png,jawi,4,jawi,1,0.0037477321,0.0024819428,0.9780924,0.004050287,0.004431027,0.0033824893,0.0038141927
rEFgR1nv.png,lampung,4,lampung,1,0.011110621,0.008014411,0.012602284,0.9506255,0.004475964,0.0058491705,0.007322188
82QdvDIf.png,bali,5,bali,1,0.9703667,0.006038069,0.0048897774,0.0053729927,0.00447617,0.0047001573,0.004155983
ZolPE3sp.png,bali,5,bali,1,0.9618063,0.00703119,0.0051718326,0.0062567247,0.006408226,0.0061838315,0.007141915
An077pEe.png,jawi,2,jawi,1,0.0016025329,0.002916016,0.9819635,0.0023385126,0.003970182,0.0023591567,0.004850139
i2MNozjh.png,jawa,1,jawa,1,0.01221136,0.9292686,0.01042964,0.008491667,0.016688911,0.014679451,0.008230405
ehQomwPW.png,pegon,3,pegon,1,0.006639917,0.005879769,0.0057491763,0.0049127312,0.0070405994,0.9640343,0.005743564
mlld8SpK.png,lampung,3,lampung,1,0.0076531083,0.0052189664,0.007996925,0.9573925,0.006006994,0.008126827,0.0076046824
Rnck5swd.png,lontara,5,lontara,1,0.006228012,0.008067522,0.007414026,0.007105671,0.9545918,0.008529326,0.008063584
j4kHn7Rn.png,jawa,2,jawi,0,7.832702e-15,4.86634e-11,0.9999999,1.0448536e-07,5.7236876e-23,7.371519e-29,3.080255e-13
OilgQM2G.png,pegon,1,pegon,1,0.0040759095,0.0064154374,0.00416036,0.0062393444,0.0065932795,0.9666571,0.0058584604
eFUZ8YM2.png,jawa,1,jawa,1,0.16566557,0.523536,0.07631158,0.054750875,0.10997714,0.027882207,0.04187659
TVPCDzSs.png,sunda,1,sunda,1,0.010511702,0.009066079,0.007961815,0.0072670355,0.00895171,0.009083803,0.9471578
5zq5iryK.png,lampung,2,lampung,1,0.0066805677,0.002436138,0.008068146,0.9751599,0.004700367,0.0015883243,0.0013665495
XmdcwX8F.png,lampung,4,lampung,1,0.00839117,0.0070042415,0.0057166955,0.94741994,0.00967706,0.012923725,0.008867171
XX8Lx1fB.png,sunda,4,sunda,1,0.007496349,0.0033920938,0.0052794935,0.006220764,0.0069262227,0.0059649493,0.96472013
sadgF9zG.png,jawi,2,jawi,1,0.0020558443,0.005434973,0.98395985,0.0034496225,0.0018231567,0.0012702851,0.0020062607
khl05Liw.png,lampung,4,lampung,1,0.005443776,0.005103976,0.0035457937,0.97169626,0.0042313444,0.0039325086,0.0060463413
KUHCCHQp.png,pegon,1,pegon,1,0.008101888,0.005795815,0.010296904,0.0059797936,0.010276811,0.95119786,0.00835091
YQnqk6jG.png,pegon,1,pegon,1,0.01486154,0.012975129,0.2639421,0.063422024,0.0076575396,0.6251768,0.011964928
lVgJ9bxx.png,lampung,2,lampung,1,0.0065714493,0.007981053,0.0051832367,0.9629862,0.0049362285,0.00713324,0.005208607
36FndVHz.png,sunda,5,sunda,1,0.0070306365,0.006464288,0.006439086,0.0077594393,0.006617584,0.010043913,0.95564514
McsUT6ak.png,pegon,3,pegon,1,0.005097254,0.0066904062,0.004741893,0.005781589,0.005023132,0.96663326,0.006032485
2flqQUsv.png,sunda,3,sunda,1,0.0069339797,0.0054879086,0.008499838,0.006062708,0.009380941,0.009551961,0.95408267
w5LwzzPC.png,pegon,5,pegon,1,0.00536462,0.00795554,0.0036888465,0.0045774137,0.0051894225,0.9664922,0.0067320275
FZaMaPt0.png,jawa,5,jawa,1,0.0037200358,0.97086406,0.004203021,0.0049717524,0.005508605,0.00663492,0.0040976475
KgISEp5u.png,pegon,2,pegon,1,0.0061162156,0.006849836,0.005593404,0.0059745335,0.005684262,0.96344346,0.0063381568
plLqLBYJ.png,lampung,5,lampung,1,0.005928617,0.0058624083,0.0064197606,0.96494985,0.0060455487,0.0056076227,0.0051862034
0m4JQRur.png,sunda,4,sunda,1,0.0035323198,0.0026455852,0.003598473,0.0035288716,0.0047370372,0.004454382,0.9775033
kXGR083b.png,pegon,5,pegon,1,0.006565216,0.008055663,0.0075344127,0.005703959,0.0073204525,0.95832205,0.006498241
eWekIEGw.png,bali,4,bali,1,0.970699,0.0036155463,0.005448821,0.0062868847,0.004604077,0.005320001,0.0040255636
RnOHmNYl.png,sunda,5,sunda,1,0.0062110247,0.0043892483,0.0057079117,0.005627657,0.006367636,0.005660728,0.96603584
E2sbQGUP.png,jawa,3,jawa,1,0.02149315,0.86190116,0.02320562,0.01812558,0.027746381,0.03431243,0.0132157095
MRisSbT8.png,sunda,4,sunda,1,0.0068894494,0.004136034,0.005815679,0.0065419376,0.007460191,0.0062729153,0.9628837
LUhBfRJX.png,jawi,4,jawi,1,0.0038126393,0.009385825,0.96347666,0.004307648,0.006843386,0.008409293,0.0037645428
KVA0M1Eg.png,jawi,3,jawi,1,0.009534639,0.004506044,0.9626381,0.0040788306,0.0074002473,0.0046309563,0.007211194
xcbJEuDh.png,lontara,4,lontara,1,0.012331638,0.010114052,0.009966977,0.012630239,0.9166831,0.016610244,0.021663843
2V0q6mts.png,bali,1,bali,1,0.96485215,0.005813359,0.0053738533,0.005082896,0.00630726,0.0074426634,0.0051277666
ebXNIFT1.png,jawi,1,jawi,1,0.0022940976,0.0041825688,0.9727667,0.0040499275,0.0051120943,0.008375088,0.003219438
qmdP01So.png,sunda,4,sunda,1,0.007897657,0.002015452,0.015872123,0.0052073034,0.0063428483,0.0046089124,0.9580558
h1WIcKcn.png,lontara,2,lontara,1,0.0067568375,0.006545754,0.0051781177,0.0069679185,0.9582845,0.0069815414,0.0092852395
A9FJv264.png,bali,4,bali,1,0.95537186,0.00515734,0.0077496483,0.0072552804,0.009182736,0.006306575,0.008976591
N9rV7Rwt.png,pegon,4,pegon,1,0.009490535,0.011645092,0.00831019,0.0036948337,0.004833111,0.95119286,0.01083324
9ieYHEO9.png,lontara,5,lontara,1,0.007427086,0.007142559,0.0058153714,0.00650655,0.96142334,0.005375714,0.0063094446
tHLWFLD7.png,lontara,4,lontara,1,0.006685641,0.010799008,0.010507724,0.0100903865,0.94126785,0.010299455,0.010349869
KAAqL8Ss.png,jawi,4,jawi,1,0.011981497,0.026201962,0.9029156,0.014780733,0.018047938,0.009599239,0.016473003
yqryTEBF.png,lampung,2,lampung,1,0.012003818,0.012853089,0.011370537,0.92786014,0.009854805,0.0122345975,0.0138230575
bA3iWpOg.png,pegon,1,pegon,1,0.006338502,0.006856902,0.003293192,0.0066135656,0.0070849345,0.9634959,0.006316874
LEKlm6d6.png,pegon,5,pegon,1,0.008229295,0.004152117,0.001477594,0.0044589234,0.006337408,0.9675723,0.0077723404
AShSRAWh.png,jawa,2,jawa,1,0.0030247725,0.96909934,0.0048076804,0.006984894,0.0054212804,0.0053869765,0.00527505
oxZm2Vqe.png,lampung,3,lampung,1,0.0050412156,0.009618067,0.005397882,0.9644456,0.004150842,0.0060838363,0.005262551
cKT5gNGi.png,jawa,1,jawa,1,0.0047232276,0.9590747,0.0070524234,0.0092115775,0.010662165,0.0037915152,0.005484393
rxGEmp9R.png,lontara,4,lontara,1,0.005297711,0.003200697,0.0101618655,0.0026097826,0.9699415,0.0030991938,0.0056891674
Xzkxo2qn.png,jawa,3,jawa,1,0.007066946,0.9577704,0.0059277643,0.0070325234,0.0063782213,0.008290385,0.0075337524
nQLF0ka0.png,sunda,4,sunda,1,0.004497729,0.004241762,0.0031676395,0.0034552705,0.006467915,0.005981844,0.97218794
b4PdMTZm.png,bali,5,bali,1,0.97241265,0.0029968258,0.0050828597,0.004301147,0.005058101,0.0042551905,0.0058933417
UmQFdXuD.png,sunda,5,sunda,1,0.010204254,0.009350243,0.005925989,0.010548755,0.010772579,0.010559061,0.9426392
c7CpgYxp.png,bali,1,bali,1,0.96764284,0.00535791,0.0058672987,0.0061144456,0.005996181,0.0041666366,0.0048546703
U5Tk1KVn.png,jawa,4,jawa,1,0.0,1.0,5.296774e-32,4.817e-40,6.6856786e-29,4.621308e-30,0.0
JyPFwqdG.png,lampung,1,lampung,1,0.009707554,0.008194561,0.009119403,0.94762516,0.008071457,0.008202568,0.009079415
T14TZPIy.png,bali,1,bali,1,0.9670502,0.0062373113,0.0061496124,0.005979356,0.0062739654,0.0033573918,0.0049522216
zvCthzl1.png,lampung,3,lampung,1,0.007047797,0.007250246,0.007687758,0.95657545,0.007695269,0.0063827178,0.007360826
9OvEH7GZ.png,pegon,1,pegon,1,0.005886357,0.0053282767,0.0070416075,0.0055622165,0.006058401,0.9632313,0.006891937
6Vbiz5lo.png,lontara,5,lontara,1,0.009967292,0.0106204925,0.010369405,0.010384605,0.935249,0.011607514,0.011801826
eYwzh6hU.png,jawa,1,jawa,1,0.0050565596,0.966437,0.0048628463,0.008096158,0.005027018,0.005414312,0.0051061823
CdwojfFX.png,jawa,4,jawa,1,0.0035738382,0.97556335,0.003727107,0.0039791255,0.0046181204,0.0038154926,0.0047230213
Xv5QW3Bn.png,lampung,3,lampung,1,0.007117898,0.009695817,0.007925095,0.95576763,0.007045285,0.0053754956,0.007072859
mtg9oV0v.png,lampung,5,lampung,1,0.0058537317,0.0061137257,0.007884753,0.96258116,0.00756051,0.0046397364,0.005366443
12mmzZbY.png,pegon,3,pegon,1,0.00451171,0.004209485,0.0052773,0.003312139,0.004370765,0.97473395,0.0035847754
dsP1v2BI.png,lampung,3,lampung,1,0.006644228,0.006461855,0.0050226785,0.96089923,0.008256772,0.0067389808,0.0059762388
ooXBUwyI.png,jawa,2,jawa,1,0.0028545829,0.97546095,0.0034231676,0.0062670307,0.0040079555,0.0043954346,0.0035909542
HWnzztNv.png,pegon,2,pegon,1,0.0080553675,0.009213004,0.011172854,0.012561978,0.0076341196,0.9438908,0.0074718553
LLCM9WkD.png,jawi,4,jawi,1,0.0072389822,0.0067970743,0.96305025,0.007702095,0.006562267,0.0024725795,0.006176731
tC2vA4ej.png,jawa,2,jawa,1,0.0037838083,0.9674622,0.0046044355,0.008568681,0.0058433325,0.0062141237,0.0035234543
aTnVeLZ8.png,lampung,5,lampung,1,0.004286161,0.00763345,0.0060859174,0.9633633,0.0056230593,0.0065676053,0.006440576
lNSGDJUL.png,jawi,1,jawi,1,0.00324548,0.0027276357,0.9749063,0.0045925314,0.0058753705,0.004266103,0.004386505
r2fav8yN.png,bali,5,bali,1,0.96227676,0.0061058267,0.009367272,0.004272973,0.008623218,0.0030388816,0.0063150455
iTepwefp.png,jawa,3,jawa,1,0.0065935734,0.9619915,0.008850987,0.006273226,0.0055199075,0.005269705,0.0055010724
CtnP6Yix.png,pegon,2,pegon,1,0.0058243778,0.0051752524,0.011972751,0.004880728,0.0043114354,0.96526605,0.0025694524
tD8TKu1R.png,pegon,4,pegon,1,0.006783457,0.0048337365,0.004496746,0.0056927525,0.008110811,0.9625298,0.0075527285
aZXzzlE4.png,lampung,1,lampung,1,0.012522394,0.010669214,0.011446395,0.9317727,0.011121346,0.012202486,0.010265494
Qu32owKr.png,jawa,4,jawa,1,0.006417293,0.94869757,0.0030018557,0.009125266,0.0075429804,0.016404895,0.00881003
d7hiVjdL.png,bali,1,bali,1,0.96257544,0.0069142,0.006552629,0.0066525685,0.0065943548,0.0050511323,0.0056597623
kTYLNsA7.png,pegon,5,pegon,1,0.0070402594,0.003234104,0.0025784527,0.001996369,0.0037571257,0.9771981,0.0041954718
JrrZv0Mj.png,lampung,3,lampung,1,0.010259585,0.006357891,0.01082042,0.94913983,0.008652101,0.006834357,0.007935738
zgetwW0o.png,jawi,3,jawi,1,0.008084242,0.006938493,0.95610327,0.008080295,0.007908546,0.0060341572,0.006850964
IBhOyr0n.png,jawi,5,jawi,1,0.004831099,0.008300649,0.9638854,0.0067335684,0.0055145947,0.005493095,0.005241548
fWwtToyF.png,lampung,2,lampung,1,0.006982276,0.0033468627,0.010174045,0.9696825,0.0052040108,0.0024153676,0.0021949261
gX4AORVj.png,pegon,4,pegon,1,0.008376482,0.0095057115,0.0057290234,0.0048764246,0.0056017786,0.9587807,0.0071298853
ie96YZSp.png,pegon,2,pegon,1,0.004539308,0.0026868258,0.0010399179,0.0030297425,0.0027478572,0.9830935,0.0028629056
OrW9bZSP.png,jawa,3,jawa,1,0.0035003284,0.9733917,0.007630503,0.0030590098,0.0028318856,0.00282636,0.006760251
2Ff8qqpR.png,jawi,3,jawi,1,0.00442545,0.007947212,0.95376647,0.0061082337,0.007736626,0.012432711,0.0075832824
wRVobSt2.png,jawa,3,jawa,1,0.012649464,0.96026057,0.00501934,0.007033615,0.0049222573,0.0053902273,0.004724452
ZlRY4ayL.png,sunda,2,sunda,1,0.010327917,0.0057287375,0.012488298,0.0069236862,0.010713148,0.006255029,0.9475632
ZiL8JAaV.png,sunda,3,sunda,1,0.008892757,0.006676648,0.0062751933,0.0070313155,0.007354377,0.0075656325,0.9562042
oLHV5FIS.png,pegon,2,pegon,1,0.01127986,0.008531131,0.011496719,0.011660674,0.011547353,0.9354124,0.0100717805
OHpU8dNA.png,lampung,2,lampung,1,0.01040618,0.010204907,0.008072746,0.94315994,0.008365686,0.009530615,0.010259866
oVj1TWlY.png,jawi,5,jawi,1,0.01247318,0.00556339,0.9166263,0.0035710093,0.0051152348,0.05171252,0.0049385265
pi5gzw5k.png,jawi,5,jawi,1,0.0064035025,0.0061281915,0.9573502,0.0075157536,0.009910678,0.0058048894,0.0068867477
yntdVI9l.png,pegon,3,pegon,1,0.006076562,0.004205003,0.005182354,0.00547633,0.005551716,0.9684803,0.0050278166
WYNiEt7Q.png,pegon,1,pegon,1,0.005666416,0.007426575,0.008636036,0.008010461,0.007673552,0.9548078,0.007779184
sUlJ3b4M.png,pegon,4,pegon,1,0.0072139315,0.009070415,0.004070429,0.00879564,0.008198439,0.9550429,0.0076082773
jyNtftnU.png,lampung,5,lampung,1,0.0043026647,0.0035289216,0.0059794947,0.96990997,0.0058295834,0.0049863067,0.0054630325
60xkBQIV.png,pegon,5,pegon,1,0.009099312,0.0037765254,0.002542878,0.0051317406,0.0066832546,0.9646574,0.008108918
C7LyXkt4.png,lampung,5,lampung,1,0.004430949,0.005764955,0.0023315283,0.9771204,0.0027823106,0.0034558852,0.004113997
m2S6DprZ.png,pegon,4,pegon,1,0.005928354,0.004362765,0.007586183,0.004240943,0.005607374,0.96443594,0.007838469
7DkU2mUH.png,lampung,5,lampung,1,0.005532982,0.005099711,0.0049283495,0.96615523,0.006885907,0.005365369,0.006032446
6whoTkNx.png,lampung,5,lampung,1,0.005729012,0.005882079,0.007074386,0.9597155,0.006086602,0.006903762,0.008608669
StwOtJ5l.png,lampung,3,lampung,1,0.010056906,0.00810466,0.007180331,0.94688857,0.008814724,0.011575427,0.0073793773
9bARLPHC.png,lontara,1,lontara,1,0.00694096,0.006783484,0.0061134235,0.008627626,0.9573776,0.008254678,0.005902233
pd598Yh0.png,lampung,2,lampung,1,0.008944107,0.012533402,0.010130053,0.941284,0.0082800295,0.010507905,0.008320557
kYnDxjWG.png,pegon,4,pegon,1,0.0057746177,0.008770912,0.00659482,0.008199375,0.009899997,0.9514282,0.009332029
LqXVR2WH.png,pegon,1,pegon,1,0.005179936,0.006248195,0.010880587,0.0039910343,0.006939801,0.9623729,0.004387576
rNO2oAzW.png,lampung,3,lampung,1,0.009362212,0.007108498,0.010408665,0.9512485,0.008302565,0.0064157243,0.007153764
dmZfFMtT.png,pegon,1,pegon,1,0.009452657,0.0044130986,0.004277322,0.012732368,0.033292398,0.92998,0.005852118
Rw39bM3z.png,lampung,2,lampung,1,0.0062172785,0.005627824,0.00469534,0.9637089,0.0049206745,0.00523803,0.009591968
ceAMYsF5.png,pegon,4,pegon,1,0.010772476,0.0075148935,0.0038419822,0.0050600637,0.0055465493,0.9530433,0.01422078
KiN4Xswh.png,sunda,1,sunda,1,0.0047699194,0.0076409425,0.0044590984,0.004193028,0.00576487,0.0046163974,0.96855575
zq6v2b59.png,jawa,3,jawa,1,0.0056793196,0.9626058,0.008596733,0.0074689705,0.0055423435,0.005201468,0.0049054516
4Fb3DX6F.png,sunda,2,sunda,1,0.004368218,0.004940181,0.008135045,0.006885607,0.0065799234,0.00533379,0.9637573
gpQHae15.png,pegon,5,pegon,1,0.008751347,0.008062119,0.0062849186,0.011920858,0.009989473,0.9437598,0.011231467
YOG2HUqZ.png,lampung,3,lampung,1,0.0045459177,0.009562814,0.006153149,0.9570341,0.009520882,0.006237852,0.006945248
7X5DiQmo.png,sunda,4,sunda,1,0.0049301526,0.0046654954,0.0054200036,0.0048655816,0.0064458484,0.008579065,0.9650938
RPYtpgDE.png,sunda,1,sunda,1,0.0074133,0.007864491,0.00588161,0.006456531,0.00799224,0.008027439,0.9563644
cPMaUNIi.png,jawi,4,jawi,1,0.027903168,0.008668697,0.9149764,0.011428221,0.008874271,0.0058827437,0.022266382
Z07mfggm.png,jawa,2,jawa,1,0.0081236325,0.93074775,0.039636023,0.006767692,0.005485999,0.004421057,0.004817795
9hEOt6ub.png,jawa,4,jawa,1,0.003337763,0.9770131,0.0053913346,0.0043639047,0.005005685,0.0030168905,0.0018714013
8Z5Jq8rH.png,pegon,4,pegon,1,0.008868788,0.0056400984,0.010143322,0.0053870776,0.008739822,0.9531614,0.008059368
awFahb4j.png,jawa,4,jawa,1,0.0031721308,0.97642285,0.004442946,0.003144373,0.0024038216,0.0033899317,0.007023948
67gKzpkx.png,sunda,5,sunda,1,0.00411622,0.01571181,0.0034662045,0.004650643,0.006816388,0.007903289,0.9573356
E9J3vBKn.png,pegon,3,pegon,1,0.014005859,0.0073968032,0.010471992,0.022824124,0.008111908,0.9316763,0.0055129654
Um6G91jh.png,bali,5,bali,1,0.97109705,0.0040806583,0.0026488602,0.004903024,0.0059926626,0.005291089,0.005986813
fnAmSRRC.png,jawi,3,jawi,1,0.0077315536,0.0072066006,0.96296483,0.0069339047,0.0064442027,0.0035002322,0.0052186744
kgvq42pp.png,sunda,5,sunda,1,0.0055206874,0.002629525,0.0038767098,0.005944563,0.0039090235,0.002747657,0.9753719
9O4h0dzS.png,lampung,5,lampung,1,0.0048260046,0.004071849,0.0036145106,0.9723182,0.005784439,0.0045825755,0.0048024985
9B7SAYzU.png,jawi,5,jawi,1,0.006833863,0.008438695,0.9565149,0.0071234633,0.007846548,0.005229481,0.008013037
fYpjgh23.png,lampung,1,lampung,1,0.007786614,0.0074300384,0.0069424864,0.9552531,0.008690838,0.006841531,0.0070552584
MYfkdVKm.png,jawi,2,jawi,1,0.010927177,0.016491977,0.94410497,0.010046945,0.007885938,0.0018225515,0.0087204175
RIzY1NuP.png,lampung,2,lampung,1,0.008059513,0.009367476,0.008295072,0.9457609,0.0068768566,0.011899562,0.009740634
UqH3sEqL.png,pegon,4,pegon,1,0.006266705,0.0072447015,0.004071854,0.011174339,0.0053055156,0.96099156,0.004945284
32gH0L0s.png,sunda,5,sunda,1,0.007878051,0.0095492555,0.004995383,0.010958972,0.011017993,0.009210373,0.9463899
6FzYUgTa.png,jawi,3,jawi,1,0.004788162,0.01981733,0.9322779,0.003551317,0.0044500018,0.026385421,0.008729714
8zE4mFTK.png,pegon,3,pegon,1,0.005939985,0.004290964,0.0046441713,0.0060100043,0.008352216,0.96444273,0.0063199946
RAIgESEh.png,lampung,4,lampung,1,0.006463888,0.0062071607,0.0038710881,0.9630807,0.0074507957,0.005978119,0.006948297
yiZigEDZ.png,jawa,1,jawa,1,0.07804864,0.5771283,0.04700491,0.07511363,0.06390394,0.14053646,0.018264137
iZjPvhuJ.png,jawa,4,jawa,1,0.010102137,0.82234585,0.017167542,0.027034722,0.051664256,0.050764024,0.020921437
45sh6S6Q.png,sunda,1,sunda,1,0.005331106,0.012747745,0.004969137,0.005650049,0.007107542,0.004209023,0.95998544
5UciNQSB.png,pegon,2,pegon,1,0.009403975,0.006747022,0.010368669,0.0066165226,0.0072703776,0.9526966,0.0068969126
dPbWHOlP.png,lontara,4,lontara,1,0.008097757,0.010023837,0.00959756,0.009753461,0.9414737,0.011281115,0.00977253
uUxDuYp9.png,jawi,2,jawi,1,0.003649639,0.0023934918,0.9609001,0.002760278,0.0016022134,0.02770142,0.0009928958
jFBNnLBk.png,lampung,3,lampung,1,0.008334817,0.008924507,0.0070186206,0.95541036,0.007972579,0.0063562947,0.0059828605
gMB7ZxbZ.png,lontara,5,lontara,1,0.0063680336,0.0023877076,0.0053493464,0.009236075,0.967985,0.004260708,0.0044131624
fUgKOVwq.png,sunda,5,sunda,1,0.007316594,0.009697646,0.0050854087,0.009740357,0.010343273,0.009307939,0.9485088
fTmNdgGq.png,jawi,5,jawi,1,0.0049001407,0.002603716,0.9705259,0.00589053,0.0043903138,0.005841836,0.005847544
u4RW006M.png,sunda,2,sunda,1,0.011412081,0.010600935,0.007702971,0.011586137,0.010036762,0.007812822,0.9408483
dU34yAS6.png,lampung,3,lampung,1,0.008478396,0.006980952,0.009486085,0.956334,0.006866014,0.005516997,0.0063376348
JPIHFIHv.png,sunda,1,sunda,1,0.0046819695,0.0069499775,0.0044306354,0.005167307,0.0051096007,0.003265351,0.970395
mAaV0vdU.png,bali,4,bali,1,0.96157473,0.01093812,0.0017167747,0.0058504674,0.008396791,0.006482204,0.005040956
UHyOEX8i.png,lontara,2,lontara,1,0.008879784,0.007913284,0.0076698177,0.010432335,0.94460744,0.010361263,0.010136081
vozWXLY9.png,jawa,1,jawa,1,0.009192416,0.9510237,0.007970926,0.006604904,0.011194251,0.0078091244,0.006204733
yQNohlp1.png,bali,2,bali,1,0.960764,0.008199367,0.0052732704,0.0063919122,0.005186448,0.0070786574,0.007106362
tYdHZRBX.png,jawi,1,jawi,1,0.002373671,0.006094025,0.97078943,0.00814653,0.003047854,0.0077620945,0.0017864994
zo0tZzQu.png,lampung,2,lampung,1,0.006562828,0.0053590406,0.0061321813,0.96548694,0.0052272356,0.0039922353,0.0072396016
jfElFM2t.png,jawi,5,jawi,1,0.004559565,0.005854597,0.968381,0.0038059403,0.0050346716,0.007916783,0.004447423
cIecrq0t.png,lampung,3,lampung,1,0.009368815,0.006705405,0.00708232,0.95238435,0.0070616007,0.008647831,0.008749769
qX7nwYZr.png,jawa,5,jawa,1,0.0023935684,0.9817993,0.0029759365,0.0031927137,0.0029013269,0.0037582642,0.002978844
gmlr6Eof.png,lontara,4,lontara,1,0.0063842735,0.0091539845,0.007178032,0.011270596,0.94936264,0.008603573,0.008046868
AarxilLX.png,lampung,3,lampung,1,0.006406227,0.007852906,0.009635687,0.95729,0.008371631,0.005560394,0.004883128
7IvsfeRf.png,sunda,1,sunda,1,0.0042055813,0.0041647106,0.00458746,0.0052441624,0.0055173454,0.0057736645,0.9705071
2Kvg57hl.png,lontara,1,lontara,1,0.007374217,0.0072386516,0.006425628,0.008311321,0.95457953,0.008178472,0.007892089
HyeBoSST.png,jawa,2,jawa,1,0.003244594,0.9680003,0.007308236,0.0043405704,0.007097233,0.005022872,0.004986218
vbf6KYBq.png,sunda,1,sunda,1,0.005736937,0.006059413,0.0070876316,0.008058836,0.007435031,0.005517158,0.96010494
Zi7oBpw5.png,jawi,5,jawi,1,0.00629075,0.0061480263,0.9595113,0.009681653,0.007584389,0.005025229,0.0057586404
XYO0lkbh.png,jawa,5,jawa,1,0.0045208787,0.97148275,0.0042552752,0.0062766187,0.00480306,0.0052085835,0.0034527644
R9M2Hx0n.png,bali,3,bali,1,0.9460744,0.010592368,0.008165189,0.00835882,0.007929444,0.009347731,0.0095321
xqwr2RQr.png,lontara,1,lontara,1,0.01049917,0.015743814,0.006333956,0.0076926164,0.94004244,0.011231013,0.008456941
GVbO54Uw.png,sunda,5,sunda,1,0.008237172,0.0075293845,0.009308905,0.0075958525,0.009856197,0.005849592,0.9516229
A1po3O1I.png,sunda,4,sunda,1,0.0056656394,0.0034280047,0.00290647,0.003663374,0.005547923,0.0057576713,0.973031
Zj1c07AG.png,jawi,5,jawi,1,0.0043091206,0.0051952545,0.96757835,0.0065706247,0.0064592874,0.0035032902,0.0063840346
dmPCTJxL.png,sunda,4,sunda,1,0.006893914,0.0048528435,0.0061136372,0.005774161,0.005408454,0.006507933,0.96444905
DP6BeDHW.png,bali,4,bali,1,0.95399505,0.0061156666,0.007845007,0.008031046,0.006526006,0.009868712,0.0076185064
ORErAxhx.png,jawa,1,jawa,1,0.0059108827,0.96677256,0.0042720265,0.005882092,0.0052137896,0.00585916,0.0060895877
Ahq4IHnE.png,pegon,1,pegon,1,0.005032362,0.0056885085,0.004734397,0.0058007045,0.007176918,0.9660482,0.0055188783
qLSVYAkW.png,sunda,4,sunda,1,0.0041707656,0.0025947501,0.0053527546,0.004805212,0.005994801,0.0070601534,0.9700216
U0aC8irH.png,lontara,4,lontara,1,0.00685898,0.00826947,0.0072303913,0.007195173,0.9562877,0.0072657815,0.0068925526
cqPamdpJ.png,lampung,4,lampung,1,0.0065047857,0.004352206,0.00361163,0.9649245,0.0065878923,0.0059983446,0.008020581
KZl4Cdc8.png,jawa,1,jawa,1,0.018361691,0.8829895,0.021134175,0.011290236,0.022376705,0.028890522,0.014957134
ZwFEhG11.png,sunda,2,sunda,1,0.0044223247,0.003635929,0.0027606718,0.004197207,0.005541423,0.0042239344,0.9752185
A0qlxQik.png,lampung,4,lampung,1,0.006367676,0.0046156705,0.005084196,0.9613364,0.0056276917,0.00889911,0.0080691725
fRlNket1.png,lampung,4,lampung,1,0.0084586935,0.0117208185,0.0065876376,0.9393195,0.011830063,0.012586889,0.009496445
9GuOd713.png,lontara,3,lontara,1,0.011208356,0.0058390023,0.00677667,0.007895696,0.95082825,0.008071106,0.0093809515
246owfje.png,lontara,2,lontara,1,0.005463577,0.0063254936,0.003734943,0.007618833,0.9615185,0.007704879,0.0076337275
7AbtQy1T.png,jawa,3,jawa,1,0.007918293,0.96102816,0.0046822787,0.006331535,0.0064375256,0.0069538304,0.0066483645
6UUXRLnJ.png,lontara,5,lontara,1,0.0063271695,0.0046585333,0.0077863527,0.005486414,0.9664809,0.0041191783,0.0051414412
AWQys8NS.png,lampung,3,lampung,1,0.007123206,0.0068402933,0.0064289984,0.9630412,0.0056929966,0.0056542126,0.0052190884
23Sy3ZNP.png,pegon,5,pegon,1,0.0015921016,0.001473892,0.018789846,0.0035773609,0.0020543055,0.9698722,0.0026403572
m38r1Z7J.png,pegon,1,pegon,1,0.0065561864,0.0078123207,0.00857178,0.0059869895,0.0068206848,0.95887494,0.0053771953
rVhhFQxW.png,lampung,2,lampung,1,0.006675883,0.0061802156,0.0067777033,0.962653,0.0059579834,0.0037613243,0.007993889
0KrHrhrP.png,lampung,5,lampung,1,0.005474396,0.0054264916,0.0077958964,0.96389306,0.0065392097,0.0043221535,0.0065487954
PeOG4ZHc.png,sunda,5,sunda,1,0.005412622,0.004844741,0.006315648,0.0061512985,0.0070904805,0.006405715,0.96377945
zV5mfkHX.png,jawi,1,jawi,1,0.0020759983,0.0050313887,0.97533983,0.00383329,0.004987362,0.0061435523,0.0025886728
ess4Sdz3.png,jawi,4,jawi,1,0.0026383456,0.0027975547,0.95877826,0.011393496,0.014519234,0.006134337,0.003738875
23gnV76X.png,jawa,3,jawa,1,0.0059449254,0.96054316,0.0067364834,0.008375506,0.006205939,0.007202531,0.004991485
bxy8C2HH.png,lampung,4,lampung,1,0.011408947,0.010791231,0.008486694,0.89576596,0.011898235,0.020658934,0.040990017
t9P2hrm7.png,jawa,3,jawa,1,0.0057900455,0.96004486,0.007069906,0.005287364,0.009171502,0.0068490426,0.005787219
3J7A8qQP.png,jawi,1,jawi,1,0.0043105255,0.009192464,0.96317923,0.0072470256,0.006386116,0.003092651,0.006592051
2JxlD55B.png,sunda,3,sunda,1,0.008354464,0.008097423,0.005404593,0.008137059,0.008085572,0.009388591,0.9525324
SsPHh4iO.png,bali,2,bali,1,0.9791557,0.001186337,0.0025287024,0.004140723,0.0031516345,0.004910032,0.0049268436
8IrRKvHy.png,lampung,2,lampung,1,0.005971372,0.0073736603,0.0054449663,0.963404,0.0058615967,0.0056342906,0.0063101063
NTN3eikA.png,pegon,5,pegon,1,0.0064157,0.0037349428,0.003351252,0.0046618497,0.008254028,0.9652817,0.0083005065
zevghPYp.png,jawi,3,jawi,1,0.005978028,0.0061138193,0.9644778,0.005676489,0.006341864,0.0056433254,0.005768697
S5C1pF2e.png,lampung,3,lampung,1,0.008420974,0.010039292,0.010347865,0.94892985,0.0074788057,0.006221376,0.008561943
Hed1hS9o.png,sunda,5,sunda,1,0.007566065,0.008297534,0.008457058,0.0074742674,0.009292798,0.008704237,0.95020807
7LgsHkzr.png,lampung,4,lampung,1,0.008242212,0.007460776,0.0152042275,0.9517403,0.00988875,0.0042138235,0.0032498369
8Ae2NuCW.png,lampung,2,lampung,1,0.008845273,0.007878682,0.0066086487,0.9562206,0.0050769337,0.0072052153,0.008164578
gDQk9Rbl.png,pegon,2,pegon,1,0.008918564,0.007506518,0.006458396,0.008984125,0.008456305,0.95291114,0.006765037
ThtWadqM.png,lampung,1,lampung,1,0.010034168,0.010232075,0.009528033,0.93374115,0.013397373,0.0102270795,0.012840166
Sy67Q6MI.png,jawa,5,jawa,1,0.009496548,0.9527255,0.0051833917,0.0067604175,0.007331201,0.01109988,0.007403145
tstn7wUL.png,jawa,2,jawa,1,0.0050259866,0.9494024,0.010929628,0.0078684725,0.0063596494,0.008990467,0.011423432
PhimTfpf.png,lampung,4,lampung,1,0.007048035,0.011235264,0.0032936838,0.95334363,0.007480647,0.01024482,0.0073538893
gwuy18Pg.png,jawa,2,jawa,1,0.0067151813,0.9617228,0.008865815,0.0045860684,0.004839126,0.00849293,0.00477808
oOOP2NV1.png,pegon,2,pegon,1,0.0026842663,0.0023298545,0.0014186591,0.004660698,0.003408175,0.9811983,0.0042999303
9hLrZQuO.png,jawa,4,jawa,1,0.0047555505,0.96187335,0.011630136,0.008180825,0.0071984325,0.003593185,0.0027684758
bEmLUrUD.png,jawa,4,jawa,1,0.005200244,0.9586274,0.009965172,0.0051900973,0.0075811027,0.00651302,0.006922925
d75yDoSg.png,bali,1,bali,1,0.9768048,0.005778591,0.002013182,0.0046579884,0.0039377715,0.0031764721,0.0036311892
iqFhjcUT.png,jawi,5,jawi,1,0.0026395484,0.0026602505,0.9781342,0.0035208194,0.0045496095,0.0032308856,0.0052647707
kyO5WFa2.png,jawa,1,jawa,1,0.004641731,0.9743465,0.003814457,0.006045097,0.0034225977,0.0040684063,0.0036611694
Tmu8xC0Q.png,sunda,4,sunda,1,0.005159631,0.0038662727,0.0048588733,0.0044305394,0.0061843223,0.0060735974,0.9694268
6vbK97DO.png,pegon,2,pegon,1,0.0040423023,0.004483169,0.0057228715,0.00536565,0.0059160786,0.9680949,0.00637498
g4n8yg4t.png,jawa,3,jawa,1,0.008906621,0.9359669,0.026422007,0.0065257754,0.009042464,0.0059128446,0.0072233747
vLZ2Zzux.png,jawi,2,jawi,1,0.0034199024,0.0030476707,0.98025733,0.0031382788,0.003357032,0.001767305,0.005012507
KhYsnJ7W.png,sunda,4,sunda,1,0.0066087656,0.0034035624,0.0032956258,0.0051872795,0.006506306,0.005124343,0.9698742
ujuGmRMT.png,lampung,5,lampung,1,0.007122868,0.0058705662,0.0074537755,0.9634658,0.006218746,0.0046621766,0.005206115
lyi3gocR.png,pegon,3,pegon,1,0.005951025,0.004509651,0.005933617,0.0037938002,0.004712248,0.970017,0.005082731
O2cSxVZN.png,lontara,2,lontara,1,0.0039605713,0.0031761986,0.0007566268,0.0030159873,0.985343,0.0014330236,0.0023146973
3fEqP6kc.png,lampung,3,lampung,1,0.0077808164,0.0060154856,0.019200198,0.9503564,0.00810263,0.0026279711,0.0059164437
E5nhUlQh.png,jawi,4,jawi,1,0.0076986966,0.005306756,0.9602781,0.0065593715,0.0050145322,0.008365021,0.0067775086
ONiwXzzt.png,sunda,4,sunda,1,0.0035523786,0.0021992696,0.0034263122,0.0032758017,0.0044578565,0.004822447,0.9782658
HPsRFQ70.png,lampung,3,lampung,1,0.00637474,0.006073916,0.008773005,0.96193314,0.005904313,0.0056920024,0.0052488414
crMUj9Kn.png,sunda,2,sunda,1,0.0028304132,0.004044493,0.0039469465,0.0018744463,0.0017694983,0.0040603234,0.981474
ByC0Ve0y.png,lampung,3,lampung,1,0.009961857,0.004965304,0.0052855383,0.9611202,0.0067669116,0.0060895616,0.0058107
xZCmkiJU.png,sunda,5,sunda,1,0.0072282595,0.0051582423,0.007781341,0.006240283,0.007552991,0.0072282595,0.95881057
8kHe3MCX.png,jawi,3,jawi,1,0.004437819,0.0051529906,0.96959835,0.0051883366,0.0035277877,0.0072350167,0.004859733
PFhisWGv.png,sunda,3,sunda,1,0.006474737,0.005722311,0.0049281255,0.0069701616,0.0059560756,0.005722311,0.9642262
cFWm7xvr.png,lontara,5,lontara,1,0.0060227844,0.0067517892,0.007591241,0.006386226,0.9608472,0.006342719,0.006058178
mXz8xvjZ.png,bali,4,bali,1,0.96725714,0.004409844,0.009436466,0.004199692,0.0037499028,0.005986479,0.0049605425
rg4wCG0l.png,lampung,5,lampung,1,0.0040831515,0.0037799876,0.0041840645,0.9774005,0.0042004404,0.0029252297,0.0034266263
duh4020T.png,jawi,1,jawi,1,0.0021523489,0.0034226908,0.974373,0.0039703907,0.0019905975,0.011837492,0.0022534407
wld2In9s.png,bali,3,bali,1,0.955266,0.008329491,0.0063864416,0.00841534,0.0070244167,0.006719129,0.007859294
K4iX9haC.png,jawa,3,jawa,1,0.008798019,0.95716876,0.005357154,0.008682792,0.0063061086,0.008366482,0.0053206575
sqrehIp7.png,lampung,4,lampung,1,0.0063147447,0.005730022,0.0040099784,0.9631711,0.007605887,0.007587341,0.0055809123
DtfTQIO5.png,jawi,1,jawi,1,0.0021626423,0.0021689874,0.98382497,0.0018588605,0.0026523138,0.0019652662,0.005366985
B5DSxU5r.png,jawi,1,jawi,1,0.0030601402,0.011923087,0.96052897,0.0064279023,0.0062545203,0.0074346834,0.004370625
NFZkQEDQ.png,pegon,1,pegon,1,0.0068519018,0.0063307877,0.0075143273,0.007372585,0.0076662754,0.9576359,0.0066281324
oLNMWwdT.png,lampung,4,lampung,1,0.0065282653,0.005671855,0.0037233273,0.96322,0.007947986,0.0076884213,0.0052200574
6ukZAEGG.png,sunda,4,sunda,1,0.006538965,0.005272195,0.0043921974,0.0052235094,0.0072415094,0.008885489,0.9624461
1Z9UOFIB.png,lampung,4,lampung,1,0.0062360154,0.00460489,0.0034254072,0.96755767,0.0069703786,0.0049451524,0.006260423
p5Ftkc5E.png,jawa,3,jawa,1,0.0078532975,0.96249336,0.0052827625,0.006056716,0.006819731,0.0066747763,0.004819413
1MZvCh9m.png,jawa,2,jawa,1,0.004696583,0.96584857,0.0078002773,0.0043948307,0.006304532,0.005437501,0.005517738
I1iNKefb.png,lontara,1,lontara,1,0.010911252,0.007951721,0.008489398,0.009900909,0.94411105,0.01101833,0.007617282
LlkkfceA.png,jawi,4,jawi,1,0.0037404518,0.0039700423,0.9676501,0.009239644,0.0046369196,0.004826344,0.0059365043
xs99NspB.png,jawa,5,jawa,1,0.008522815,0.9487535,0.022663916,0.0039887154,0.0069256164,0.004704448,0.0044410513
dG4aeif3.png,pegon,2,pegon,1,0.006432516,0.007054396,0.0076276204,0.005260331,0.006692026,0.9602803,0.0066529294
4OVljcTl.png,sunda,1,sunda,1,0.007607675,0.0072380584,0.0068461667,0.008972791,0.007964994,0.008266122,0.953104
CwbuYXxg.png,sunda,3,sunda,1,0.008307663,0.0061646933,0.010787723,0.00877464,0.009977013,0.009254301,0.94673395
MtqL4pnu.png,jawi,4,jawi,1,0.00512952,0.0038324643,0.9751297,0.0052153883,0.0041156514,0.0024575677,0.0041196723
yah5Hlt9.png,jawa,1,jawa,1,0.0061064432,0.9619041,0.0076741693,0.0067989375,0.0063994974,0.004533494,0.006583324
U8HflJqF.png,jawa,2,jawa,1,0.002661763,0.97582734,0.0038352062,0.003677492,0.0033093847,0.004731225,0.0059575113
g1BN29ga.png,bali,1,bali,1,0.9848247,0.0027034115,0.0012371078,0.0037892228,0.0028207279,0.0033743212,0.0012504687
Zw5Gi9WA.png,bali,3,bali,1,0.94505256,0.008940541,0.009838459,0.009255925,0.0076959464,0.009237866,0.009978765
VS6yVeFH.png,sunda,5,sunda,1,0.015905071,0.012962339,0.010379993,0.009803616,0.01568144,0.013127949,0.9221396
dD58HdSV.png,bali,2,bali,1,0.9745311,0.0046562315,0.003898033,0.0041251928,0.0031783762,0.0047527063,0.004858292
FqYdu6Ru.png,sunda,3,sunda,1,0.0058216522,0.0057118395,0.00598888,0.006215299,0.006937053,0.004981955,0.96434337
aNZRw3AW.png,sunda,5,sunda,1,0.011554522,0.01244471,0.00986864,0.012326781,0.011470203,0.008624409,0.93371075
NfgTcEIU.png,lontara,1,lontara,1,0.009304733,0.009933898,0.0073570567,0.01066793,0.94172263,0.012242792,0.008770917
pOad5fxD.png,jawi,5,jawi,1,0.0047139456,0.009377089,0.96046716,0.006100299,0.006647729,0.006424351,0.0062694056
JLxwAzQt.png,lampung,1,lampung,1,0.009240519,0.008442394,0.010253324,0.9430189,0.012173152,0.006698079,0.010173533
imHxH9LE.png,pegon,2,pegon,1,0.008513614,0.007725283,0.0069316654,0.0064295516,0.006757882,0.95609564,0.007546328
PRCBxPDf.png,sunda,2,sunda,1,0.008463179,0.004358599,0.01501376,0.011449786,0.0059284805,0.008059865,0.9467263
Rh0uVOyy.png,jawa,5,jawa,1,0.010367143,0.94053984,0.010769602,0.007817892,0.014073669,0.0102413595,0.006190504
vUv0Re0p.png,lontara,3,lontara,1,0.006942574,0.004380765,0.0057696644,0.009166034,0.9590039,0.008240486,0.006496518
JhHaWiIj.png,lampung,5,lampung,1,0.0062183766,0.0058245347,0.005936514,0.9638791,0.006418902,0.0063907565,0.0053318604
5Wk3X48f.png,jawi,3,jawi,1,0.008839179,0.01300618,0.93662226,0.00989458,0.010941611,0.009240794,0.011455517
mbItzTwS.png,jawa,2,jawa,1,0.005416027,0.976707,0.0038915053,0.0049289414,0.003484918,0.0025051944,0.0030664324
ZTCgJLvF.png,jawi,5,jawi,1,0.0062995255,0.00327454,0.9731258,0.004274978,0.004764428,0.004225173,0.0040356275
KkGKRr2y.png,lampung,1,lampung,1,0.0094270455,0.0076866206,0.009869817,0.9476018,0.009404059,0.007227967,0.008782684
uwwYJVVC.png,bali,3,bali,1,0.9415086,0.01022691,0.009888091,0.009621377,0.01005362,0.008985642,0.0097157955
a9XlM0Z7.png,jawi,2,jawi,1,0.0005353524,0.0013551074,0.99574393,0.00078427605,0.00052602415,0.00016730845,0.0008878337
lNaf1aVv.png,lampung,5,lampung,1,0.008446092,0.0067932573,0.007067319,0.9536211,0.008663289,0.00856236,0.006846537
p8X7oSYI.png,lampung,3,lampung,1,0.008019566,0.0046937866,0.0046846285,0.9643314,0.005251661,0.0060446244,0.0069743264
ONihNPni.png,lampung,4,lampung,1,0.003094784,0.0046119182,0.0028734095,0.9723522,0.003675147,0.008762573,0.004629969
dPt2vSe9.png,jawi,2,jawi,1,0.002015368,0.0014200673,0.9908427,0.0024440903,0.0011511291,0.00049703225,0.0016297059
4SlMj3Qq.png,lampung,5,lampung,1,0.009069925,0.0064567123,0.009477393,0.95266265,0.008181999,0.0074570742,0.0066942773
fsRlZTJ9.png,sunda,3,sunda,1,0.0075352443,0.0061621103,0.00481784,0.006518027,0.006213474,0.0051637418,0.96358955
UEJoUsbW.png,pegon,3,pegon,1,0.005419412,0.0030773517,0.0039940737,0.0073569943,0.0051360102,0.9706595,0.0043567475
SYVCdujU.png,sunda,5,sunda,1,0.007205726,0.0043364824,0.007952679,0.005702982,0.006418301,0.006005929,0.96237797
R9rBD9mh.png,pegon,2,pegon,1,0.009274051,0.008128563,0.017534722,0.0089975,0.0066798474,0.941371,0.008014273
6VL89qh2.png,bali,4,bali,1,0.98104745,0.0019180635,0.0035433962,0.003422659,0.0027394618,0.0038727035,0.0034562468
mPJNIb5k.png,jawa,3,jawa,1,0.006732929,0.9553602,0.009574096,0.007456314,0.0074781897,0.0077836844,0.0056145964
Leirld31.png,lampung,5,lampung,1,0.0059482977,0.0053555025,0.0079536615,0.96343726,0.006212492,0.004094194,0.006998548
hj68WFK4.png,jawa,2,jawa,1,0.002765783,0.97131604,0.009620593,0.0047047557,0.0058067613,0.003881381,0.0019046095
17o1qT8X.png,lontara,5,lontara,1,0.008068887,0.0069762236,0.007480742,0.0055809733,0.95989525,0.0057077454,0.006290195
OTxywEdt.png,sunda,2,sunda,1,0.0058829384,0.0059348717,0.009228085,0.006367188,0.005091259,0.005763521,0.9617322
u5g9AqNN.png,lampung,5,lampung,1,0.0058896653,0.0047163316,0.0064464603,0.9661285,0.006683649,0.0050058216,0.005129538
y0QIDUs7.png,jawi,2,pegon,0,0.2182837,0.11721383,0.15638165,0.040894307,0.034808375,0.3834741,0.04894408
dANvAuQJ.png,lontara,4,lontara,1,0.0066094454,0.0072945864,0.009787224,0.008981261,0.94982064,0.007042592,0.010464331
KvTCLGjr.png,lampung,2,lampung,1,0.009977114,0.0096701505,0.008178947,0.95370317,0.0048695854,0.007907976,0.005693122
qS1bQgrh.png,jawi,5,jawi,1,0.0052151694,0.005535279,0.96044034,0.009238217,0.007229947,0.0075880266,0.0047531053
VLM3wkyT.png,bali,5,bali,1,0.96148384,0.005554837,0.0073410193,0.0053865626,0.006815906,0.005410286,0.0080076065
Trj3xlBU.png,pegon,3,pegon,1,0.0103867445,0.0073365895,0.006570057,0.009148384,0.009757443,0.94785565,0.008945192
YeStTAvC.png,lontara,2,lontara,1,0.0072502373,0.004179756,0.008501256,0.006010658,0.96549004,0.0043760715,0.00419202
GqJKkEKA.png,lontara,5,lontara,1,0.0062738317,0.0054004644,0.008111017,0.005453462,0.9639653,0.0052240966,0.0055718934
UpOiuDO9.png,lontara,3,lontara,1,0.008128058,0.0064188438,0.0070188083,0.0074405377,0.9568365,0.0074006813,0.0067565176
iNpMuxSh.png,sunda,2,sunda,1,0.0153746,0.020949915,0.008588648,0.009382256,0.009770304,0.012880504,0.92305374
4kQyqooN.png,lampung,2,lampung,1,0.0059626848,0.0036271622,0.011287596,0.96812826,0.0059278496,0.0026407624,0.0024256676
MbkPgDpw.png,sunda,5,sunda,1,0.014729783,0.012476612,0.011460369,0.013326757,0.016051607,0.014852559,0.9171024
leFCxtZZ.png,sunda,1,sunda,1,0.005661282,0.005084662,0.008854413,0.006044085,0.006474865,0.007394528,0.9604861
H9XUnFss.png,jawi,3,jawi,1,0.006021669,0.010776801,0.9476245,0.006051144,0.0112939915,0.0096273,0.00860461
fxqwtxRA.png,pegon,5,pegon,1,0.0066386866,0.006288452,0.0061818967,0.0074458756,0.006849421,0.95916075,0.0074349763
8ZN55QSx.png,pegon,1,pegon,1,0.0052570407,0.0031583407,0.002173876,0.005055647,0.003264968,0.97836876,0.0027213308
oVU4KNjz.png,jawi,4,jawi,1,0.0022094343,0.01154838,0.9656628,0.0079409545,0.00846136,0.0023983181,0.0017788012
8opAIoER.png,lontara,1,lontara,1,0.0075589544,0.007960491,0.006647993,0.008867571,0.95396173,0.008845948,0.006157401
8FxiAPqG.png,jawi,4,jawi,1,0.012422267,0.006261577,0.9606741,0.0035992346,0.0049533155,0.0045989975,0.0074904677
K9lW8gp8.png,lampung,2,lampung,1,0.008126998,0.008655371,0.0077586244,0.9518194,0.007091956,0.00966048,0.006887198
o6N5YFs1.png,pegon,3,pegon,1,0.0056681177,0.0059633856,0.0058082025,0.011839356,0.0062009394,0.96070707,0.0038128337
bbXBqn0f.png,lampung,5,lampung,1,0.004810563,0.0075312136,0.006101941,0.96354455,0.006840527,0.0051609804,0.0060102735
5LPHfBsM.png,sunda,4,sunda,1,0.0056463243,0.0026257846,0.005312006,0.004329187,0.0049561723,0.0050465255,0.97208405
WMZewgRU.png,lampung,1,lampung,1,0.006632944,0.009721821,0.009114985,0.95226717,0.0108137475,0.006140464,0.005308942
kX6Rxd6e.png,sunda,4,sunda,1,0.0041015265,0.002379584,0.003511649,0.003281218,0.004582291,0.005126913,0.97701675
ZqtbcfV2.png,jawi,2,jawi,1,0.0016775733,0.0008926943,0.98856515,0.0014847969,0.0040125162,0.0014993679,0.0018678167
aAZk3hSE.png,lampung,1,lampung,1,0.010116811,0.0076142303,0.007871291,0.9488153,0.008789638,0.008168876,0.008623841
jVi5Nb7h.png,sunda,4,sunda,1,0.004280929,0.004471067,0.0030252754,0.0034651095,0.0055833845,0.0070701307,0.9721042
wgNDWq4v.png,pegon,4,pegon,1,0.009264053,0.0057157837,0.0108837895,0.013459386,0.009789568,0.93806326,0.012824237
n0KcZf9q.png,sunda,3,sunda,1,0.009050343,0.006844913,0.0075618443,0.0076435134,0.0078056934,0.0072331997,0.9538605
Qm8EqPi1.png,sunda,4,sunda,1,0.008019432,0.0039217407,0.0057256357,0.005085031,0.00903853,0.009527963,0.95868164
Vi7MSviD.png,sunda,2,sunda,1,0.019514402,0.0054828306,0.21645933,0.018030254,0.0071300394,0.01667526,0.7167079
nLbpboWh.png,jawa,1,jawa,1,0.0020500002,0.966895,0.01725688,0.004141114,0.0030564498,0.005325091,0.0012753626
gO03AO06.png,pegon,4,pegon,1,0.005819105,0.006074595,0.0056071193,0.0075084525,0.008680237,0.958758,0.0075525767
Amhn5jW9.png,jawa,2,jawa,1,0.004927479,0.9745121,0.0067614256,0.0044996846,0.004117063,0.0024155742,0.002766766
k61NjZ6K.png,lontara,5,lontara,1,0.00742958,0.009291519,0.007901028,0.0062777544,0.9565944,0.0056108804,0.0068947636
tyHU0ncn.png,pegon,5,pegon,1,0.004421943,0.0042029973,0.0055112643,0.00436616,0.004396109,0.97275656,0.0043448927
QKnuo9yk.png,lontara,5,lontara,1,0.0068826866,0.0052437475,0.007323005,0.005162451,0.9638191,0.0057816706,0.0057873195
UTc4vdz9.png,lampung,1,lampung,1,0.008040228,0.00660403,0.007309994,0.95742035,0.008251016,0.005327256,0.0070471372
mZFwTZRw.png,sunda,3,sunda,1,0.01006083,0.0073678526,0.009286592,0.0070994473,0.009120323,0.010269287,0.9467957
iGv3SFva.png,jawi,5,jawi,1,0.0039305347,0.011342876,0.96365035,0.0070309252,0.0029727235,0.007920536,0.0031521106
KLLQwlvZ.png,jawa,5,jawa,1,0.0047419113,0.93872845,0.019870587,0.01009762,0.008902419,0.00991683,0.0077421134
Og4KStQq.png,lampung,4,lampung,1,0.008081632,0.005154586,0.004194743,0.960473,0.0068688467,0.007886716,0.007340467
x5PHDILN.png,sunda,5,sunda,1,0.005931678,0.0058511323,0.00795471,0.0065882485,0.007006309,0.009200631,0.95746726
0qC4FVqq.png,sunda,1,sunda,1,0.0061071413,0.003943067,0.0053241435,0.0057399306,0.0068430146,0.0043752464,0.9676675
pZ0mEYic.png,pegon,2,pegon,1,0.009865667,0.008770422,0.0072887084,0.013376562,0.0075274236,0.94351053,0.0096606845
pwDr5VqI.png,jawa,2,jawa,1,0.009666788,0.9629625,0.010549711,0.0043391166,0.005827526,0.0028623845,0.0037920438
VCpiEglC.png,sunda,3,sunda,1,0.008355228,0.004315628,0.009398623,0.00809026,0.008400225,0.0074240398,0.954016
9V9zlhos.png,pegon,5,pegon,1,0.005989488,0.006883768,0.0024164298,0.0050019617,0.009002269,0.96162,0.009086176
sc4NjpjX.png,lampung,4,lampung,1,0.0065893447,0.009776536,0.005422895,0.95669186,0.0065990044,0.009705192,0.005215147
mcIVaq4D.png,pegon,4,pegon,1,0.0059216376,0.008289906,0.0054953704,0.0059361123,0.0063903234,0.9600563,0.007910286
Pby4650V.png,jawa,5,jawa,1,0.0058046835,0.9498665,0.0055932235,0.0076525,0.011751577,0.008302654,0.0110288095
rniIioRX.png,lampung,5,lampung,1,0.004471977,0.0041948846,0.0049235118,0.97277695,0.0039794017,0.00540478,0.004248479
0lZSWiRG.png,jawa,1,jawa,1,0.011593934,0.94632083,0.0087793805,0.009097962,0.009062493,0.00767623,0.0074691772
yIPIIGol.png,sunda,5,sunda,1,0.0072268327,0.01134999,0.006020581,0.0064844205,0.0077042007,0.008193074,0.9530209
YxnBbxqi.png,lontara,5,lontara,1,0.006363958,0.004274646,0.005382592,0.00444059,0.96831053,0.006010582,0.0052169873
LMpZdr6w.png,jawi,4,jawi,1,0.005076257,0.014000607,0.9505075,0.01493635,0.00451051,0.007214816,0.003753979
KC67Copl.png,lampung,1,lampung,1,0.008581458,0.008489768,0.0102006905,0.9455363,0.011746657,0.007156086,0.008289054
jI6RRs3b.png,lampung,3,lampung,1,0.008660625,0.007396981,0.008728551,0.95007485,0.007579794,0.008513874,0.009045288
gt6VZEz8.png,jawi,4,jawi,1,0.0038993685,0.0053847376,0.96727854,0.007775674,0.008695595,0.0029233454,0.00404284
DLvCMQSd.png,pegon,5,pegon,1,0.007882648,0.007817486,0.007749079,0.0038567313,0.0039908323,0.96326435,0.0054388633
K6DR3iOg.png,jawa,5,pegon,0,5.8853865e-25,7.806188e-17,0.1338675,1.3286705e-12,1.8754281e-19,0.86613256,3.755575e-12
BvpiB4Dh.png,sunda,1,sunda,1,0.0069845193,0.010969429,0.0026536144,0.010934669,0.008066657,0.02755695,0.93283415
slpJ06Tq.png,jawi,5,jawi,1,0.0070679663,0.008527676,0.9621275,0.005493797,0.006698354,0.0045478507,0.0055368855
eJpGwj2d.png,bali,4,bali,1,0.9701905,0.0018046797,0.0088829445,0.004674131,0.004660458,0.004266248,0.0055209347
1qCVrsWn.png,pegon,4,pegon,1,0.0066330633,0.0070712096,0.0065047685,0.0048127375,0.006444701,0.9602219,0.008311604
gNOUps9a.png,jawa,4,jawa,1,0.006057118,0.953203,0.0091373185,0.0070745763,0.012116808,0.007102266,0.005308972
y8NpYV6g.png,jawi,3,jawi,1,0.0067404704,0.006927323,0.9606425,0.0060746586,0.005434664,0.006809942,0.0073704966
SjkR6t00.png,lontara,3,lontara,1,0.007408961,0.0059619946,0.0061542527,0.008651386,0.958141,0.007749374,0.0059329546
l0XxNeyF.png,jawa,1,jawa,1,0.14710012,0.7100477,0.027544985,0.023422826,0.064459704,0.007084507,0.02034017
vsb8JUb7.png,pegon,3,pegon,1,0.0064527844,0.005057435,0.0059591145,0.005609014,0.007073169,0.96189594,0.007952578
NuDLC9af.png,pegon,5,pegon,1,0.0028618753,0.0034774572,0.0013282987,0.003423544,0.0032508567,0.9827397,0.0029183207
66WeUSS9.png,jawi,3,jawi,1,0.0029054394,0.0054440014,0.9688937,0.0049423184,0.00479494,0.0074410667,0.0055785473
jhH8YdVc.png,lampung,3,lampung,1,0.006234874,0.0059960196,0.0052451654,0.95844734,0.013666512,0.004408254,0.006001878
85axTXwy.png,jawi,3,jawi,1,0.00549591,0.00413034,0.96909976,0.0049144896,0.004805336,0.006753487,0.0048006456
nwnFLx6R.png,bali,2,bali,1,0.97262424,0.005462295,0.0043252525,0.0035044067,0.003511258,0.005128846,0.005443657
fIWaSrgY.png,jawi,2,jawi,1,0.0069109043,0.0030651977,0.9715583,0.0046601957,0.0029391488,0.0063139936,0.0045522423
1qRFx2hj.png,jawa,1,jawa,1,0.0009983338,0.9861813,0.0023808868,0.0013499807,0.0038018604,0.0023245984,0.0029630614
aDKtZS9i.png,sunda,4,sunda,1,0.0052145096,0.004729355,0.0056575336,0.008187569,0.0060578045,0.0032472622,0.966906
Hlo1iXh1.png,sunda,2,sunda,1,0.008534896,0.007609649,0.007959283,0.008361646,0.0077408147,0.0064424775,0.9533513
ZU3lpxun.png,lampung,1,lampung,1,0.010689382,0.011688511,0.01048775,0.933534,0.0116202235,0.010031942,0.01194818
6jHintl1.png,jawa,4,jawa,1,0.003955985,0.96046454,0.014945686,0.004846974,0.007569714,0.0043109884,0.0039060796
PnnAhVRs.png,pegon,4,pegon,1,0.010061105,0.010626644,0.003022367,0.008831332,0.00759452,0.9505272,0.009336859
GR3qDnPC.png,pegon,2,pegon,1,0.0037967986,0.0036017646,0.006120828,0.003393472,0.0048561795,0.9745831,0.0036477814
Eco1bIur.png,sunda,2,sunda,1,0.00821101,0.0064197695,0.12970227,0.0045656543,0.008315916,0.008504813,0.8342805
Z4cPkWb6.png,jawa,5,jawa,1,0.0028829153,0.9717656,0.004513371,0.004894436,0.0046339585,0.007430398,0.003879387
H7OEYXQz.png,lampung,1,lampung,1,0.0067079756,0.00712667,0.0062861936,0.9592846,0.007896212,0.0061136484,0.0065846583
bS7buCoz.png,pegon,5,pegon,1,0.0029218353,0.004501186,0.0050043017,0.004742607,0.0029591655,0.9781749,0.0016959901
6sNjP31G.png,pegon,3,pegon,1,0.0056064376,0.0048024696,0.00533405,0.0042589097,0.0050674677,0.9685218,0.0064090076
Reb1WHXM.png,pegon,4,pegon,1,0.0059899646,0.0072252764,0.006363842,0.009169352,0.008796578,0.9518856,0.010569331
M7nFsmdf.png,jawi,2,jawi,1,0.0035286667,0.004942317,0.96794754,0.00792871,0.0022451486,0.0068919472,0.006515613
znxrS2P8.png,sunda,4,sunda,1,0.0060101035,0.003256487,0.0051281783,0.0056459694,0.005236989,0.0060159755,0.9687063
4MVp0Lac.png,pegon,1,pegon,1,0.008516105,0.007876109,0.0057258233,0.007926263,0.00724873,0.9568424,0.0058644703
5uxBeNlb.png,pegon,2,pegon,1,0.008457329,0.0094578955,0.0085319895,0.0076929703,0.008611512,0.94931114,0.007937171
rMHArfej.png,lontara,4,lontara,1,0.008056076,0.008613418,0.0070955902,0.009304235,0.9476685,0.00996251,0.009299693
XPfGOOyB.png,jawi,4,jawi,1,0.006388856,0.0019801417,0.96359247,0.009173984,0.0069723856,0.005769032,0.0061231377
dJg7qok5.png,lontara,2,lontara,1,0.0038247276,0.0064933863,0.011326903,0.005792282,0.9627633,0.004820765,0.004978652
TOSOMuWy.png,jawi,5,jawi,1,0.013761388,0.01408773,0.9250747,0.011509303,0.0118052745,0.008820182,0.014941493
5MwC0ahT.png,pegon,5,pegon,1,0.0054844837,0.0050872,0.005177414,0.004811763,0.0050500766,0.96944875,0.004940323
0wdZAao3.png,jawa,1,jawa,1,0.0039688437,0.9203591,0.010046111,0.046068754,0.008476214,0.0038168,0.0072642644
Q7Opp8OX.png,jawi,5,jawi,1,0.0065988945,0.0085563,0.9483044,0.0045932946,0.00715604,0.005789481,0.019001527
wsRVXCIm.png,pegon,3,pegon,1,0.0063063274,0.005733572,0.006560746,0.0055789184,0.005806825,0.9632973,0.0067163296
VNWsokw9.png,sunda,4,sunda,1,0.007229364,0.0026478728,0.0036869932,0.005281374,0.0054463632,0.005920637,0.9697874
NqcaaYIm.png,jawa,3,jawa,1,0.010976893,0.92417175,0.011770738,0.013567898,0.013324975,0.013429484,0.012758313
arkxsJRf.png,sunda,5,sunda,1,0.011394684,0.0148324715,0.008775085,0.010709544,0.011664902,0.012338652,0.93028474
9w9yZM6a.png,sunda,3,sunda,1,0.007949415,0.0065838643,0.005648,0.0053657275,0.005142562,0.0063875346,0.96292293
JLFSRDWk.png,jawa,2,jawa,1,0.0038432148,0.9636452,0.008349387,0.0058544828,0.005478336,0.0077824835,0.0050468794
6RMk0idl.png,jawi,3,jawi,1,0.004585533,0.0048432886,0.9682065,0.005748739,0.0061314646,0.005876452,0.0046079783
0rtVmmOT.png,jawi,5,jawi,1,0.006588058,0.0072126384,0.9658916,0.0037227322,0.0058338465,0.0035280555,0.007223211
MXh4K5sF.png,sunda,2,sunda,1,0.0071912003,0.0105015235,0.0088799475,0.0053258124,0.0055977786,0.012791565,0.94971216
qav5tzTB.png,lampung,2,lampung,1,0.0068445313,0.007635626,0.010090895,0.955672,0.007293084,0.0055890717,0.0068746754
PVFv7RjL.png,lampung,1,lampung,1,0.0073554288,0.0076933824,0.007937597,0.9544749,0.007084016,0.008070474,0.007384218
OMTWoDVs.png,jawi,3,jawi,1,0.0028467763,0.004795469,0.97660065,0.0038570326,0.0047165146,0.0022453975,0.00493804
4sTL1ST4.png,jawi,5,jawi,1,0.0044513824,0.0072748675,0.9612309,0.0075351726,0.006265206,0.0063514514,0.00689107
AZA2KNCt.png,lampung,4,lampung,1,0.009530406,0.008076511,0.006698933,0.9459064,0.008426996,0.012082909,0.009277869
p9cyEgau.png,sunda,2,sunda,1,0.008169304,0.007902512,0.006631876,0.009270606,0.008691935,0.0081493845,0.95118445
3MxNQtm5.png,jawi,2,jawi,1,0.004954408,0.0031125238,0.9674771,0.003907794,0.0027441117,0.014793162,0.0030108755
m98PDvdz.png,lampung,3,lampung,1,0.009748558,0.012782991,0.009046812,0.9534883,0.0075220754,0.002304207,0.005107117
GDBfMyEO.png,lampung,5,lampung,1,0.007191994,0.0056560975,0.008082229,0.9591379,0.007039127,0.006331436,0.006561187
oz4v3TmA.png,jawi,2,jawi,1,0.002916751,0.0031200629,0.9641545,0.004231433,0.002502149,0.018798022,0.0042771325
sNPWf9oY.png,lampung,1,lampung,1,0.007745468,0.008232938,0.0081251105,0.95252806,0.0072761932,0.0075145,0.008577638
30HILJhO.png,jawa,3,jawa,1,0.003626013,0.9518869,0.017785877,0.004517055,0.009187292,0.009746451,0.0032503372
BlU5zzas.png,lampung,4,lampung,1,0.008738704,0.0054074707,0.0055357045,0.9493241,0.008670699,0.006661053,0.015662322
uwNVcCGq.png,jawi,4,jawi,1,0.003728407,0.003130449,0.9730488,0.004090857,0.009264014,0.0031060874,0.003631384
uvgapSnx.png,jawa,1,jawa,1,0.006846479,0.9657966,0.0020576941,0.006991748,0.008250369,0.004044538,0.0060125664
OoCZYmsp.png,jawi,2,jawi,1,0.0042261747,0.0029792984,0.980033,0.003597231,0.0019538717,0.0031222776,0.004088156
rT6xHRjL.png,sunda,4,sunda,1,0.0031025093,0.0025683057,0.002530958,0.0024292492,0.003155986,0.005226258,0.98098665
xOeBlCjz.png,sunda,2,sunda,1,0.01694054,0.00919693,0.10515055,0.004369852,0.008844601,0.005497103,0.8500005
r536Me1X.png,jawa,1,jawi,0,0.016163394,0.20625964,0.53317136,0.025206076,0.035528913,0.0070750695,0.1765956
LukX9tq6.png,pegon,2,pegon,1,0.0022522649,0.0016214534,0.00051021297,0.0014705946,0.0022765894,0.98968375,0.0021851023
o0iRrIOt.png,jawa,4,jawa,1,0.0025500343,0.9816471,0.0032456568,0.0030519913,0.0029293448,0.002797931,0.0037779186
6oqTLoLG.png,jawi,1,jawi,1,0.0047399085,0.007856875,0.9704842,0.006053561,0.0049407724,0.003537914,0.0023868692
DC4c6f35.png,sunda,2,sunda,1,0.008634361,0.008332014,0.0062221345,0.010040517,0.008311698,0.00941379,0.94904554
JiFUMukJ.png,sunda,5,sunda,1,0.0073288786,0.0064803576,0.0060936804,0.006969403,0.007936024,0.0057665645,0.95942515
vhQeU3Ux.png,jawi,2,jawi,1,0.0047128745,0.0030817369,0.9796664,0.003739129,0.0024665913,0.0026879387,0.0036453856
NHMd0aUu.png,sunda,5,sunda,1,0.007844434,0.0058608833,0.006680279,0.0052485336,0.0076403012,0.009534079,0.95719147
7MrjbxaP.png,lampung,5,lampung,1,0.00546004,0.006395913,0.004633876,0.9670149,0.0064334995,0.0044913064,0.005570449
uwzw6Qa0.png,jawa,4,jawa,1,0.0023586273,0.95246786,0.023682123,0.0074083745,0.0066700713,0.004402194,0.003010844
ssntx0wo.png,jawa,5,jawa,1,0.009140897,0.921534,0.018339321,0.011036799,0.010347883,0.01571712,0.013883863
Iks7c4gy.png,pegon,5,pegon,1,0.008090045,0.005434052,0.009216593,0.008054571,0.0060090767,0.9567896,0.006406005
dBNh5W0O.png,jawa,3,jawa,1,0.0060607195,0.96125025,0.0051336293,0.007267913,0.0058114864,0.0075206226,0.006955438
YhlCrFmw.png,jawi,2,jawi,1,0.0020680672,0.0048579588,0.9849886,0.0016584963,0.0026450981,0.0020741348,0.0017078039
GHAnUfBp.png,jawi,1,jawi,1,0.0026915288,0.003352934,0.9771503,0.003686076,0.0029734375,0.0070326137,0.0031130938
v8QcB9Fj.png,pegon,3,pegon,1,0.011532625,0.01042904,0.034199677,0.009806747,0.021656528,0.90194637,0.01042904
yV6IQDnB.png,lontara,4,lontara,1,0.0066782553,0.006416146,0.0061884513,0.009349123,0.9513111,0.012355374,0.0077016526
uQynhWQ9.png,sunda,1,sunda,1,0.005285779,0.0048576146,0.004977668,0.0037135663,0.0042224294,0.0044489,0.9724939
oL8vUxxA.png,lontara,1,lontara,1,0.004846109,0.005594202,0.0053930427,0.006114102,0.96405154,0.008670818,0.0053302115
mQ7Tbdzg.png,jawi,2,jawi,1,0.0038151746,0.004490986,0.97929996,0.0056164805,0.0028574336,0.00072600873,0.0031939296
Ykl4KMa9.png,jawi,4,jawi,1,0.018983593,0.002850741,0.9115597,0.0068720453,0.0065126787,0.04549482,0.007726448
xrG1pW5S.png,pegon,3,pegon,1,0.0434461,0.009142441,0.007281875,0.0057716984,0.02014521,0.9082868,0.005925906
f24r30c1.png,jawi,1,jawi,1,0.0031488035,0.0040550064,0.955148,0.005176312,0.006099186,0.023226958,0.00314573
Kg9HXvrd.png,sunda,1,sunda,1,0.0041323924,0.0032498932,0.0046780435,0.0053817662,0.0056593535,0.004472547,0.97242606
b8XFQYPz.png,jawi,4,jawi,1,0.017409857,0.019846309,0.9237783,0.0111777065,0.0111777065,0.0052619586,0.011348188
Iaybz7Y9.png,jawa,3,pegon,0,0.101993546,0.22342801,0.14218429,0.03986332,0.11591293,0.2674083,0.1092096
tVV2opg4.png,pegon,5,pegon,1,0.006367137,0.0061112675,0.006514948,0.0064705634,0.0067645567,0.9603168,0.0074548493
D0FcCsf2.png,lampung,5,lampung,1,0.0069276853,0.00421624,0.008847674,0.9616314,0.007214213,0.0053090476,0.0058536697
6yfIVrwP.png,jawi,5,jawi,1,0.0005853132,0.0016854103,0.9902778,0.0009783024,0.0019135538,0.0036242013,0.00093532784
0uNG9MOR.png,jawa,3,jawa,1,0.0063314587,0.9554021,0.006564416,0.0081815235,0.006903003,0.008582541,0.0080350395
plrmS1IF.png,pegon,3,pegon,1,0.00821804,0.006694281,0.0052364725,0.0056454134,0.0065519926,0.9606039,0.0070498856
l20H0Eni.png,jawa,5,jawa,1,0.0051853606,0.9401455,0.008641546,0.0077917534,0.0088637695,0.016890435,0.012481622
kRaC7T9p.png,sunda,3,sunda,1,0.00900883,0.012723112,0.006517395,0.0071614543,0.0095478,0.008795846,0.94624555
EGYKAu3R.png,lampung,2,lampung,1,0.0061249183,0.0071747545,0.0064125936,0.965757,0.0046732635,0.003821663,0.006035852
svnVLQms.png,jawi,1,jawi,1,0.008566315,0.005389534,0.9545277,0.0109939985,0.0095005855,0.0050064567,0.0060153957
HK7r5hJQ.png,jawi,1,jawi,1,0.0040678657,0.0054127807,0.97279096,0.0063513983,0.00415215,0.0026979006,0.0045269663
9wE2HCGn.png,pegon,2,pegon,1,0.009281979,0.0058170287,0.012893046,0.008758015,0.008076145,0.94724995,0.007923806
2olu5B8A.png,jawa,4,jawa,1,0.0062341094,0.9611415,0.005445458,0.0052882377,0.009752713,0.006042306,0.0060956464
PZjL1yKC.png,jawi,4,jawi,1,0.00058062014,0.0013592424,0.99197793,0.0016605067,0.0023808898,0.00068950356,0.0013513013
WgJkY4Nt.png,sunda,3,sunda,1,0.009335785,0.008182674,0.007679407,0.0084465435,0.00890392,0.0074978527,0.9499539
YxT1dmdU.png,pegon,2,pegon,1,0.006360928,0.008179566,0.006656437,0.0047501777,0.0065181353,0.96078664,0.0067480677
C7YjrKzi.png,pegon,3,pegon,1,0.0040814304,0.0039289086,0.018278312,0.0052406606,0.004530987,0.9594964,0.00444335
KieQI5a4.png,lampung,5,lampung,1,0.006878987,0.005202683,0.005869562,0.9628307,0.007540348,0.0055653355,0.0061123255
jFVtkYg8.png,pegon,3,pegon,1,0.0064379447,0.0054425113,0.0034560938,0.0051027904,0.0065938355,0.9648523,0.008114517
qxLU4chO.png,lontara,5,lontara,1,0.0057968446,0.0058394577,0.0073493975,0.0065976153,0.96258116,0.0058195326,0.0060160034
DxLwayyz.png,sunda,4,sunda,1,0.005309865,0.003451822,0.004510827,0.00553218,0.0048630983,0.031311344,0.94502085
CngA4I7x.png,pegon,2,pegon,1,0.007024931,0.0064119073,0.0025195363,0.012040595,0.0053078774,0.9623588,0.004336396
RTHXDAaP.png,pegon,5,pegon,1,0.005791917,0.0060728416,0.0049492535,0.008601798,0.008076696,0.9598863,0.0066210395
tAa0zmPc.png,pegon,5,pegon,1,0.0057208585,0.006507954,0.0057967794,0.007324238,0.006639553,0.96257037,0.0054402547
GG4HgU5v.png,lampung,4,lampung,1,0.011492876,0.009118289,0.008375586,0.9433546,0.0077612954,0.00892012,0.010977294
uuGftqbu.png,pegon,4,pegon,1,0.007113033,0.0071234596,0.005626872,0.0060220324,0.008921742,0.957449,0.0077437772
iw4tUgjA.png,lampung,4,lampung,1,0.011635612,0.0077320877,0.0059719775,0.95460427,0.006125551,0.005198688,0.008731707
iYaXOTjQ.png,jawa,5,pegon,0,0.0,0.0,3.424452e-23,3.3769858e-38,0.0,1.0,0.0
OBt1d88Q.png,jawa,5,jawa,1,0.008079197,0.9466831,0.008154499,0.009222228,0.008031996,0.010258042,0.009570889
wdky0buh.png,lampung,4,lampung,1,0.0046038334,0.004568006,0.0030818253,0.96356434,0.00887412,0.008036696,0.0072711934
3qYeWQ8I.png,lampung,5,lampung,1,0.0053616785,0.0047409157,0.006695563,0.9645483,0.006884532,0.0047178227,0.0070512355
mqkxKMRl.png,pegon,3,pegon,1,0.004929807,0.009359699,0.005299251,0.0031000946,0.0054461514,0.9673852,0.0044798823
Y9D4HCzf.png,jawi,1,jawi,1,0.0074835457,0.010605148,0.9467535,0.011438939,0.008151125,0.0075312,0.008036518
P4ZVLBUQ.png,jawa,3,jawa,1,0.009203997,0.9064009,0.010098748,0.0074318196,0.01591085,0.03894946,0.012004277
9eeA0dMk.png,lampung,4,lampung,1,0.007712774,0.004507616,0.004859637,0.9620339,0.0057907207,0.007446332,0.007649016
ilN1fICp.png,jawi,1,jawi,1,0.0070421565,0.010412715,0.95441073,0.0057870657,0.005549086,0.012102577,0.0046956707
nu7G4Chv.png,sunda,4,sunda,1,0.0068601873,0.0062128124,0.005729103,0.008012543,0.008319531,0.0060718567,0.95879394
wRLOMMV3.png,lampung,5,lampung,1,0.00777603,0.0068322322,0.005094668,0.9614368,0.003532421,0.008950156,0.006377676
56eCE5YN.png,jawi,4,jawi,1,0.0045914305,0.002987701,0.9581573,0.01368157,0.00923653,0.0058097835,0.005535619
Ap8L0vKD.png,sunda,3,sunda,1,0.0068108584,0.01077269,0.009419075,0.006633622,0.008300138,0.0075573605,0.9505062
KOKuH4pU.png,bali,5,bali,1,0.9555174,0.0032278728,0.0063013798,0.007876732,0.0071718465,0.0074429894,0.012461619
VUogjgnz.png,jawa,2,jawa,1,0.0,1.0,0.0,0.0,0.0,0.0,0.0
3F3giIcO.png,sunda,3,sunda,1,0.0077483347,0.0063456586,0.005730027,0.0062778573,0.006738448,0.00633637,0.9608233
6ia8NL15.png,jawi,2,jawi,1,0.006121174,0.00459351,0.97083855,0.00610923,0.0037308522,0.0027942795,0.0058124145
BpGpjYF0.png,lampung,2,lampung,1,0.00736652,0.009431128,0.0070188935,0.95544744,0.006786356,0.005659149,0.008290494
ujt91Wpp.png,lampung,3,lampung,1,0.006257016,0.0060467673,0.029102173,0.9395699,0.007466761,0.0041558784,0.0074014235
uLVNsP1j.png,jawi,5,jawi,1,0.0074589523,0.008296719,0.91416276,0.0070757996,0.0074808365,0.04797802,0.007546875
p4bw58hY.png,lontara,3,lontara,1,0.008521675,0.0045026834,0.0034422276,0.007491034,0.96380067,0.006599526,0.005642118
zivLhmqs.png,pegon,4,pegon,1,0.0090187965,0.015147956,0.16851847,0.0065341704,0.008259965,0.76265895,0.029861698
NhrxEqrx.png,lontara,3,lontara,1,0.010256006,0.00931998,0.01085103,0.005240814,0.95112807,0.0059881206,0.007216002
iaaNN8nt.png,lampung,4,lampung,1,0.0064648585,0.0032682419,0.0039538187,0.97505546,0.0038584585,0.0028394978,0.0045597143
oqlvsrnX.png,lampung,3,lampung,1,0.009588259,0.008301999,0.007730761,0.9493278,0.00736235,0.009897455,0.007791394
yOsadVJ7.png,lontara,2,lontara,1,0.0054191104,0.0036311196,0.0037979556,0.009224971,0.96634936,0.005723721,0.0058537363
NVWWkIMY.png,jawi,3,jawi,1,0.0062170536,0.0040277746,0.96461564,0.0028617037,0.008555994,0.009500727,0.0042210715
pStAr5VD.png,bali,2,bali,1,0.9758478,0.0047614523,0.0029291518,0.0034211827,0.002841805,0.0052499,0.00494871
NMovE2xm.png,pegon,5,pegon,1,0.004149336,0.00459514,0.005393289,0.0050172894,0.004787531,0.9697613,0.0062961644
1S63AGRh.png,lampung,5,lampung,1,0.0062041343,0.0054060603,0.0057378863,0.968268,0.0055722226,0.0034346236,0.0053771017
zLLkOAZ6.png,pegon,5,pegon,1,0.004463391,0.0042610774,0.004207324,0.0045893607,0.004793198,0.9728074,0.0048781983
G8k9bjca.png,lampung,5,lampung,1,0.0053877123,0.004356716,0.0041450458,0.96970505,0.0051939776,0.0059665665,0.005244948
L9uCJMW1.png,jawa,1,jawa,1,0.0046748044,0.9679642,0.0045089056,0.008866889,0.0046611284,0.005923951,0.0034001784
atsLw16F.png,sunda,2,sunda,1,0.008392355,0.0068329377,0.005318899,0.0056288606,0.0065872343,0.0057035605,0.96153605
BEUmtuRC.png,pegon,5,pegon,1,0.004179279,0.006307628,0.0044837114,0.004232674,0.0049147853,0.9720016,0.0038803292
Z0yt0BRQ.png,jawi,3,jawi,1,0.004778858,0.004580101,0.9689502,0.004589055,0.0054496382,0.005581597,0.0060706115
rvMQC5ZP.png,jawa,4,jawa,1,0.0034069913,0.97085136,0.0072922776,0.0041580587,0.005404627,0.004844676,0.004041953
YZYJI441.png,jawi,2,jawi,1,0.0019502635,0.004585711,0.97345847,0.0044251336,0.01291995,0.00049118145,0.0021693115
zRZrSUH4.png,lontara,3,lontara,1,0.013174486,0.004922195,0.0049101925,0.0062252763,0.95650476,0.00789643,0.0063666836
shtopeyt.png,lampung,3,lampung,1,0.0052690767,0.0050302437,0.00592997,0.96705705,0.0056034285,0.006263297,0.0048469957
xeJzXY5B.png,jawi,2,jawi,1,0.006071782,0.008134649,0.96488756,0.006681585,0.0045431163,0.0041689975,0.0055122483
vX6vPv7c.png,jawa,5,jawa,1,0.005585341,0.95503414,0.0070985574,0.0075489995,0.00857086,0.009891529,0.0062705753
TKGzL4tu.png,bali,4,bali,1,0.9674884,0.0025528322,0.005508247,0.0063803247,0.0047322037,0.004889577,0.008448431
5hcvTggc.png,jawi,3,jawi,1,0.006356072,0.0067593995,0.95258206,0.0055764434,0.0061785914,0.014334125,0.008213329
tkGcohDy.png,lontara,1,lontara,1,0.009987184,0.008001452,0.009765363,0.010289129,0.94170254,0.009455676,0.010798722
6NjbahYI.png,lontara,1,lontara,1,0.006514208,0.004815017,0.0036648605,0.0059312535,0.96868426,0.0066459333,0.0037444495
6QJdvWd3.png,jawa,3,jawa,1,0.0044179675,0.9577493,0.0021870527,0.0085491855,0.011736816,0.0024976924,0.012862079
1av2rXzj.png,pegon,5,pegon,1,0.006756086,0.0076743616,0.00722349,0.0097535495,0.009767847,0.9516503,0.0071742795
uDscbKnV.png,lontara,1,lontara,1,0.008582812,0.008449748,0.006792879,0.0090785455,0.9479971,0.009631085,0.0094678905
8PQpv4uD.png,jawi,5,jawi,1,0.012066117,0.0072261463,0.85004056,0.012738138,0.0054439385,0.10567022,0.0068149054
635v8Ku4.png,pegon,5,pegon,1,0.010396435,0.007587647,0.004764485,0.00935578,0.011485351,0.9431973,0.013213104
CzEp0rGn.png,jawi,3,jawi,1,0.010461574,0.0059086643,0.83922136,0.007873708,0.0061320504,0.117985345,0.01241736
4uCu925w.png,jawa,3,jawa,1,0.0069454988,0.95613444,0.005361827,0.006250272,0.008505649,0.0081161475,0.008686122
ReNWx1u6.png,lontara,5,lontara,1,0.0051248907,0.0043814117,0.007118682,0.0043176985,0.9695044,0.004275739,0.005277255
mcpYuMQ6.png,pegon,5,pegon,1,0.0046104086,0.004468561,0.0047312784,0.0052447245,0.005173507,0.9696637,0.006107799
dZc267vP.png,pegon,4,pegon,1,0.008548512,0.0078407265,0.006580025,0.0047672656,0.007104289,0.95767385,0.007485328
tBQEOAjZ.png,lontara,3,lontara,1,0.009408745,0.0064918385,0.007690451,0.00997164,0.94992745,0.00831536,0.008194441
S7dihGqZ.png,pegon,4,pegon,1,0.0041459342,0.0054231826,0.0052332804,0.004823479,0.0061904453,0.9680204,0.006163301
Kf5MfJqj.png,jawa,3,jawa,1,0.006449714,0.96049976,0.004526875,0.006082659,0.008807109,0.005907042,0.0077268383
YrppIPWq.png,bali,3,bali,1,0.9529913,0.00903327,0.008606989,0.0069125337,0.006554249,0.0073907617,0.00851087
m6pH5u0a.png,pegon,1,pegon,1,0.0025878814,0.0022352545,0.0012188525,0.0049907076,0.0031645515,0.983649,0.002153826
EbfVDAP8.png,lontara,1,jawi,0,0.0028963496,0.012337827,0.54551613,0.006131572,0.22366086,0.20186351,0.007593696
2OU8ugSX.png,pegon,2,pegon,1,0.008080435,0.006168318,0.005196781,0.00907621,0.006543736,0.95798904,0.0069453926
xD4XITS4.png,pegon,2,pegon,1,0.007092694,0.0039728167,0.0046879845,0.0069521135,0.0043932153,0.96832633,0.0045749173
tC3bWy0s.png,jawa,4,jawa,1,0.00866368,0.94948244,0.007973567,0.008384836,0.008795818,0.010283354,0.0064163324
FXYmf7Pe.png,lampung,5,lampung,1,0.0045530344,0.0036317685,0.004374337,0.97410256,0.004348781,0.003907751,0.005081758
epjmilg8.png,jawa,2,jawa,1,0.008614009,0.97044533,0.0063407263,0.005107371,0.0028068195,0.004663958,0.002021676
00o2VAsl.png,sunda,2,sunda,1,0.012259268,0.005189633,0.0057387934,0.0061748903,0.007282907,0.006683172,0.95667136
tYFVbvsX.png,sunda,4,sunda,1,0.0040794364,0.0028927536,0.0031247595,0.004273126,0.0039577885,0.0046839537,0.9769882
y1n9NcQ9.png,pegon,4,jawi,0,0.012726766,0.0052026915,0.5224614,0.012553952,0.0067065344,0.43229058,0.008058087
VTSkXIUk.png,jawi,2,jawi,1,0.0038785797,0.009559819,0.9687213,0.004412208,0.0048719607,0.0013417109,0.007214368
22FxHCSI.png,sunda,3,sunda,1,0.008246265,0.005933765,0.0065392787,0.0059540807,0.0070637446,0.00752299,0.95873994
PyOaKXYD.png,lampung,4,lampung,1,0.005865109,0.014152347,0.0069107874,0.9569467,0.0059168856,0.0056404206,0.0045677517
pOJqBXvL.png,jawi,3,jawi,1,0.0072430903,0.0054089543,0.96171665,0.008694279,0.006357765,0.0051011294,0.0054780603
Byr7ii9D.png,jawi,4,jawi,1,0.003017944,0.012880929,0.90126073,0.05883817,0.0060195085,0.012448101,0.0055346102
kxqeRAy9.png,sunda,1,sunda,1,0.004160423,0.005297929,0.008387886,0.0048261755,0.005011082,0.00375496,0.96856153
RFE3aA6w.png,jawa,3,jawa,1,0.0073422063,0.95415574,0.008748938,0.0046806834,0.007144163,0.0074979947,0.010430285
6MFdJULv.png,jawi,4,jawi,1,0.012775883,0.009347036,0.8974096,0.011862006,0.024965158,0.022842297,0.020798149
9aWsoHJa.png,pegon,1,pegon,1,0.0060107503,0.0052606193,0.0069352426,0.005312245,0.006395287,0.96315056,0.0069352426
dTEa72VW.png,bali,5,bali,1,0.9634665,0.0068499995,0.008319353,0.0043076025,0.005579898,0.006255295,0.0052213934
f63bm799.png,lampung,2,lampung,1,0.0055286046,0.005272856,0.0032295338,0.9777249,0.0026436022,0.0026799934,0.0029204912
M4OXWk2D.png,bali,5,jawi,0,0.30055928,0.016211538,0.61310464,0.014334601,0.012466284,0.0076279324,0.035695683
tn9Xx4Ce.png,pegon,4,pegon,1,0.002312648,0.0020852268,0.0007937849,0.006849726,0.0021015813,0.9844707,0.0013863501
UxoZ7kjL.png,jawi,4,jawi,1,0.003295109,0.0018465844,0.9659415,0.006572333,0.0043271114,0.014996548,0.0030208104
HQ2DS2YS.png,jawa,1,jawa,1,0.0038034648,0.97153866,0.0055610957,0.009148572,0.0046623778,0.00369726,0.0015886195
MKIeYWnk.png,pegon,2,pegon,1,0.0039335303,0.006194358,0.0044377293,0.004154636,0.0050779544,0.9719487,0.00425316
eTUlor2N.png,sunda,5,sunda,1,0.0100509375,0.009040448,0.007353422,0.0070890035,0.008943854,0.009345659,0.9481767
FtwQH2Wh.png,sunda,1,sunda,1,0.0063157007,0.005228236,0.008523639,0.0052538267,0.009288535,0.0062972247,0.95909286
N0kM47rL.png,sunda,5,sunda,1,0.0037909874,0.0034584813,0.0036743507,0.005707643,0.004903507,0.0120028695,0.96646214
vyGXLfpE.png,pegon,5,pegon,1,0.007589422,0.009898472,0.014906603,0.0085371835,0.008773844,0.94387865,0.0064159473
Ja4EdC9z.png,pegon,5,jawi,0,0.004055963,0.005581872,0.8931187,0.0096634645,0.01139747,0.06941006,0.0067725894
uQmHilrQ.png,lampung,2,lampung,1,0.009018092,0.00650501,0.005891152,0.9583839,0.006004412,0.006691868,0.007505523
lI7FCFD5.png,pegon,5,pegon,1,0.0056839567,0.006145823,0.0063409116,0.005048016,0.00461426,0.9666902,0.005476895
uiS1QFaE.png,lampung,1,lampung,1,0.005201114,0.0042450256,0.005050948,0.96254027,0.008899385,0.0068668453,0.0071963924
HueiQtZL.png,jawi,1,jawi,1,0.0036469267,0.0056983335,0.9753067,0.0037370585,0.004549768,0.0031102563,0.0039509768
pOzsktN4.png,jawa,1,jawa,1,0.021412883,0.93027204,0.009722492,0.009363735,0.018128563,0.0027923493,0.008307971
iOeB3Sla.png,jawa,3,jawa,1,0.0062449453,0.96375287,0.0063587944,0.005222945,0.008403492,0.004954653,0.0050622523
VV3ruI6T.png,lontara,3,lontara,1,0.005582646,0.0063569304,0.0026642347,0.0047471933,0.971027,0.004364786,0.00525723
0nJGjq1L.png,pegon,1,pegon,1,0.0038630187,0.002295478,0.0012084511,0.007155662,0.0032817044,0.9790719,0.0031237884
KrMAb5my.png,pegon,4,pegon,1,0.006475181,0.01014222,0.005930366,0.012180209,0.009311571,0.94702744,0.008933013
GRsBLf78.png,sunda,4,sunda,1,0.0034411703,0.0023057845,0.005974912,0.0057488233,0.009331262,0.0021366712,0.9710614
VmYx4ElR.png,bali,1,bali,1,0.9596494,0.007643108,0.007294885,0.0063596056,0.007780546,0.004636911,0.0066355853
IZfyzjrg.png,jawi,4,jawi,1,0.004425042,0.0044706496,0.9743895,0.004181371,0.0049703526,0.003654187,0.003908902
pa0t0Im3.png,jawa,3,jawa,1,0.0,1.0,0.0,0.0,0.0,1.9852275e-38,0.0
Jd49MCkK.png,jawi,1,jawi,1,0.003893219,0.0034007041,0.98144066,0.0026875525,0.0028055503,0.0028692787,0.0029031008
FsbbNagd.png,pegon,2,pegon,1,0.0074108276,0.008159097,0.0061138663,0.0061950022,0.0048388285,0.9616637,0.005618623
9BSQ5QhX.png,pegon,4,pegon,1,0.0019703861,0.001672245,0.00096498994,0.0048553683,0.003042866,0.9854253,0.002068984
sOeWUyTx.png,jawa,4,jawa,1,0.005116969,0.9675331,0.008544241,0.0020634083,0.0064463825,0.007599405,0.0026964531
bTdv24Cd.png,lontara,5,lontara,1,0.007842557,0.008575595,0.008170911,0.007363803,0.9523011,0.008685159,0.0070609837
Ps0KK5xx.png,lampung,1,lampung,1,0.006782857,0.0071711247,0.0058672084,0.9591606,0.008863809,0.0056314287,0.00652301
hbpn5DX8.png,jawa,1,jawi,0,0.0046720994,0.10341774,0.88169205,0.009255355,9.905734e-06,0.0009308355,2.1976832e-05
J65WKrBA.png,jawi,1,jawi,1,0.004158715,0.005313885,0.9596919,0.0057794447,0.007845747,0.01061965,0.0065906714
f04zoSZD.png,lampung,3,lampung,1,0.008023042,0.008342644,0.010181771,0.9558406,0.008540484,0.003971694,0.005099756
5ZIdkyLl.png,jawa,2,jawa,1,0.0036957783,0.9711493,0.004687897,0.0072430526,0.004824913,0.004484157,0.003914973
0LR4IHQx.png,pegon,3,pegon,1,0.008215924,0.00633948,0.005567321,0.0057947543,0.005920598,0.9603566,0.0078053134
fdH8nwNs.png,lampung,3,lampung,1,0.0051148064,0.005482029,0.004679879,0.9680692,0.007995804,0.0045403265,0.004117897
PMJRPQyR.png,jawi,3,jawi,1,0.010553994,0.0066303704,0.9280327,0.0066498243,0.0042600376,0.037729044,0.006144079
BvkQ45Bi.png,sunda,5,sunda,1,0.009534218,0.0064637866,0.0075385044,0.0068471497,0.009322457,0.008912941,0.9513809
NbdpJWDR.png,bali,3,bali,1,0.95373374,0.007296083,0.008103679,0.0069823978,0.008021008,0.007966365,0.007896655
u4QWhZ12.png,bali,3,bali,1,0.945073,0.010215626,0.009406481,0.009568617,0.00799488,0.00787862,0.009862723
mX3qZV7e.png,pegon,4,pegon,1,0.0069964817,0.004633433,0.008284222,0.007183413,0.00853468,0.9537928,0.010575007
C85hc0yt.png,jawi,2,jawi,1,0.0020303275,0.0035012465,0.9832017,0.0027374458,0.001736631,0.005993746,0.0007989794
3VXwC5jJ.png,lampung,4,lampung,1,0.00579992,0.004554632,0.0050959676,0.96544605,0.006283469,0.00652421,0.006295753
RHBmMx0H.png,jawi,1,jawi,1,0.0040309927,0.0045144977,0.9710595,0.0073081004,0.0046419105,0.0045034895,0.003941462
jzPXvklM.png,lontara,3,lontara,1,0.008207744,0.0099537475,0.0060608825,0.0040059984,0.9547273,0.012460437,0.004583938
gTFhouBR.png,pegon,5,pegon,1,0.0065046563,0.0065556723,0.004977561,0.0073851505,0.0068535334,0.9616129,0.0061105583
BRBuQJEE.png,pegon,2,pegon,1,0.003927091,0.0028010893,0.0061360924,0.0023656741,0.0037655984,0.9770135,0.003990882
CTq6dg71.png,bali,3,bali,1,0.9438128,0.0103829205,0.008768949,0.0097205695,0.00849086,0.00842067,0.01040322
9zlvJPqL.png,jawa,1,jawa,1,0.015250566,0.81654775,0.11878926,0.014382655,0.014955594,0.010389831,0.009684388
dcERMNmL.png,sunda,1,sunda,1,0.0071578976,0.0061524427,0.009217889,0.0047287727,0.005922527,0.004742646,0.96207774
07SOq8PR.png,jawa,1,jawa,1,0.004132755,0.9791821,0.0027691864,0.005493756,0.0029709032,0.0027881812,0.0026631006
9lVplFWi.png,jawi,2,jawi,1,0.0015328074,0.002281995,0.9925182,0.0016597892,0.00096155086,0.00014320119,0.0009024118
SBv70les.png,sunda,5,sunda,1,0.008071637,0.0082469275,0.0070574153,0.007483291,0.007823299,0.009962276,0.9513552
JUggMaiq.png,jawi,4,jawi,1,0.08931619,0.12772888,0.51674724,0.042128224,0.0830083,0.0812241,0.05984705
5IwTPe8G.png,lampung,5,lampung,1,0.0057647256,0.006390324,0.0065036467,0.96381384,0.006121555,0.0051022787,0.0063035507
1FEQV5fS.png,jawa,5,jawa,1,0.004162579,0.9690635,0.0044876547,0.0054290267,0.0033122217,0.0057454053,0.0077995383
gW1e4HMQ.png,sunda,2,sunda,1,0.008462246,0.006529545,0.014935334,0.007945663,0.007012023,0.009417297,0.9456979
IU0LRuVy.png,lontara,4,lontara,1,0.0062075914,0.0055644494,0.0046492713,0.005597149,0.9617377,0.00852214,0.0077217016
1yFFYn31.png,lampung,4,lampung,1,0.0054416265,0.0062419027,0.0045333486,0.9646954,0.0063681216,0.005860863,0.0068587367
DcJdlxEr.png,sunda,5,sunda,1,0.0076005766,0.008646291,0.0065074693,0.0071365954,0.008857816,0.006242912,0.95500845
BvCZgTim.png,jawi,2,jawi,1,0.0022939392,0.0029325606,0.98705286,0.0017536789,0.0030286063,0.0005343198,0.0024040276
gem8TlXK.png,jawa,2,jawa,1,0.005688257,0.96036184,0.008944516,0.0064330623,0.007020631,0.0044691265,0.0070826076
sgXdypIF.png,lampung,2,lampung,1,0.005320085,0.0064675785,0.0037468043,0.9608116,0.0069049015,0.009165391,0.0075835506
5gn5LIPe.png,lampung,5,lampung,1,0.0057539656,0.0045941863,0.0068263337,0.96625185,0.006419013,0.0045009293,0.0056537054
NbbdoC50.png,sunda,2,sunda,1,0.0110560935,0.004752845,0.067660674,0.007905292,0.0054014805,0.0054173283,0.8978063
clIFepEb.png,sunda,2,sunda,1,0.008442478,0.0035245079,0.009731478,0.00667529,0.008083452,0.0061315754,0.95741117
mxd41lB0.png,lontara,1,lontara,1,0.010888268,0.010646434,0.009703159,0.013700361,0.9284223,0.0121052945,0.014534196
FfJasBH5.png,sunda,5,sunda,1,0.0066712075,0.0056673125,0.004533845,0.006819414,0.0065294094,0.008739216,0.9610397
htvzNAYB.png,pegon,3,pegon,1,0.005388796,0.004115625,0.0035202806,0.007076524,0.00657675,0.967535,0.0057869824
VVSABDHA.png,jawi,1,jawi,1,0.003575185,0.0047109798,0.97879446,0.0046108468,0.0031183318,0.0020350907,0.00315509
fkjf2RWQ.png,lampung,5,lampung,1,0.0057237586,0.0061828177,0.0088998275,0.9597722,0.006665663,0.0062221894,0.006533547
Y9L6y8di.png,sunda,4,sunda,1,0.007776653,0.0048641297,0.0058672605,0.008764899,0.008173775,0.005384101,0.9591692
5uv6JUan.png,pegon,3,pegon,1,0.01190407,0.00610231,0.0040215817,0.013260512,0.0071587507,0.95005417,0.007498644
Tzd7xYN7.png,pegon,5,pegon,1,0.0054812534,0.0025217838,0.0036513018,0.0029976184,0.004336028,0.9764767,0.0045352518
LMkyNv4C.png,jawi,4,jawi,1,0.080444,0.0116856545,0.86106217,0.011326126,0.013836463,0.0073628565,0.014282652
DKYol1WC.png,pegon,2,pegon,1,0.007950371,0.008004906,0.004635147,0.007869266,0.0058336817,0.95694506,0.00876167
HDODZq27.png,lontara,4,lontara,1,0.007350966,0.0070831757,0.0064241616,0.006281477,0.9543617,0.006831809,0.011666783
gaYv1M99.png,lampung,3,lampung,1,0.009010574,0.0065858425,0.006180788,0.9603945,0.006449007,0.00599355,0.005385717
cbFu1BeI.png,lontara,5,lontara,1,0.0041096034,0.004387485,0.004908954,0.0069328826,0.9670633,0.0058781183,0.00671958
r3xoFgVa.png,jawa,1,jawa,1,0.010125362,0.95263594,0.0091363415,0.006654981,0.0071957503,0.0071119172,0.0071397526
oFtjAIEK.png,pegon,1,pegon,1,0.0035666837,0.005524187,0.0052455408,0.0076995925,0.005800617,0.96886796,0.0032954232
ZLZn3Xov.png,jawi,2,jawi,1,0.007562108,0.0034774337,0.96419597,0.010666885,0.0037784067,0.0042398875,0.006079292
OMIFEEQY.png,lontara,2,lontara,1,0.009068845,0.0080896625,0.006343451,0.009015862,0.9469841,0.010311531,0.010186424
0Cag0VBE.png,jawi,1,jawi,1,0.0027792617,0.005325869,0.954371,0.0046908925,0.0076887906,0.020421129,0.004723069
YsLTE8aY.png,pegon,5,pegon,1,0.004091299,0.0056497795,0.0036035138,0.005949899,0.004959205,0.9712551,0.00449122
7UFwyQ07.png,jawa,1,jawa,1,0.0038207804,0.97453326,0.0032824802,0.004973514,0.004083118,0.0039943797,0.005312405
x1x4SPLf.png,sunda,4,sunda,1,0.007606113,0.0040257922,0.005335913,0.004951809,0.0064899884,0.0055647506,0.9660257
dn3bIxdi.png,jawa,2,jawa,1,0.0045974115,0.9669301,0.0073753963,0.0042560655,0.004761914,0.008953078,0.0031259905
j5qTiOvR.png,lampung,2,lampung,1,0.006811202,0.0033471843,0.049186513,0.9317138,0.00449534,0.0019754095,0.0024704703
0LcdKuyZ.png,lampung,4,lampung,1,0.0036388317,0.0068215085,0.0040752986,0.9665122,0.007986843,0.00462243,0.0063428413
oiqsT9pU.png,bali,4,bali,1,0.96442884,0.004857484,0.007064146,0.0059689744,0.004782175,0.0075972485,0.005301145
ktC2KcLC.png,jawi,5,jawi,1,0.010296008,0.009425108,0.9441744,0.009578208,0.00884111,0.009920932,0.0077642486
YOG9Fg5H.png,lampung,4,lampung,1,0.008542601,0.005975356,0.0059404466,0.95701164,0.0074183173,0.0059288554,0.00918279
XkxUmASi.png,bali,2,bali,1,0.97848433,0.0041197394,0.003157172,0.0038045591,0.0028915307,0.0036020845,0.003940692
x49lBBdD.png,pegon,5,pegon,1,0.00928505,0.009519174,0.0070602456,0.006065545,0.008859858,0.9498797,0.009330498
VslC5jqJ.png,pegon,4,pegon,1,0.005013737,0.0029431093,0.0047376477,0.003248195,0.0061219977,0.9728674,0.0050678854
8I5K4Vwp.png,sunda,2,sunda,1,0.0053174873,0.004231198,0.0059291897,0.0067088176,0.0056992625,0.0051841727,0.9669298
0srIOzlg.png,sunda,2,sunda,1,0.010591315,0.008810571,0.005029927,0.010111239,0.008378419,0.007859276,0.9492192
JsVB4gt6.png,sunda,5,sunda,1,0.0051459363,0.004747608,0.0066204313,0.00422261,0.005073583,0.0054458184,0.968744
D1C9fENR.png,bali,1,bali,1,0.95540047,0.010979899,0.0054023694,0.008035026,0.0072625866,0.0063935816,0.006526054
Amli5XXI.png,lampung,4,lampung,1,0.007504578,0.003430817,0.0049432986,0.96248376,0.006984797,0.007876259,0.0067765117
dNJ9Mk7E.png,sunda,5,sunda,1,0.007987014,0.009676608,0.0068050213,0.007361576,0.007944231,0.009605994,0.9506195
UyBEPteQ.png,lontara,5,lontara,1,0.006737972,0.007831465,0.006737972,0.0045769834,0.9635743,0.0047779377,0.005763293
vH44rVnp.png,jawi,4,jawi,1,0.009247039,0.0060613956,0.96700704,0.00514424,0.004495658,0.0021697164,0.0058749067
4vsRKfC5.png,jawi,5,jawi,1,0.009126886,0.004797803,0.9424016,0.007844851,0.010720022,0.017828722,0.0072801416
gLNXyKXe.png,lampung,3,lampung,1,0.003299887,0.006721518,0.007557206,0.9711283,0.0044928263,0.0032077443,0.0035925028
knxZO4EW.png,lontara,1,lontara,1,0.00665444,0.005407381,0.0044176877,0.008077901,0.9595609,0.009945696,0.005935947
FpsnbGHn.png,sunda,4,sunda,1,0.007979785,0.004184569,0.004854185,0.0065768254,0.007503639,0.0060677375,0.9628333
SUok4D8r.png,jawi,3,jawi,1,0.011104279,0.00694888,0.9510112,0.0063023604,0.009460963,0.007695466,0.0074769338
rWXkcfa0.png,lampung,5,lampung,1,0.0060288603,0.006085052,0.0040713716,0.9674686,0.005564905,0.004275102,0.0065060332
tritSZoH.png,bali,4,bali,1,0.9597864,0.0053928294,0.011413833,0.0033648738,0.005309221,0.006955026,0.007777859
EPIYZUxI.png,jawi,5,jawi,1,0.008298609,0.008629188,0.92424625,0.010849884,0.010892348,0.023508163,0.013575618
EbZa6Fj2.png,jawi,4,jawi,1,0.030915316,0.0091675995,0.918378,0.012934702,0.009069647,0.0033742185,0.016160501
ACYSNPoT.png,jawi,4,jawi,1,0.019662319,0.013213555,0.91823566,0.017672587,0.011110641,0.0074411426,0.012663991
u2EF0WTd.png,jawi,4,jawi,1,0.0064995964,0.0040842597,0.97718847,0.004255261,0.00412837,0.0016663842,0.0021776236
txdbKyaq.png,jawa,1,jawa,1,0.008777423,0.9624176,0.0065836227,0.006596494,0.0064499825,0.00464348,0.0045314864
wah3l5NK.png,pegon,4,pegon,1,0.005560684,0.008158187,0.015215474,0.0056703584,0.010786753,0.9471111,0.0074973474
zOs8P5Dh.png,lontara,3,lontara,1,0.0039808974,0.007643466,0.0045286035,0.0036069932,0.97076976,0.00436363,0.005106585
8GaRNNLF.png,jawi,4,jawi,1,0.010253496,0.017306048,0.91312826,0.020561479,0.023539344,0.005847973,0.009363304
NQffCDbt.png,sunda,4,sunda,1,0.00634969,0.0056035807,0.0041378783,0.004526853,0.005530191,0.0095973965,0.9642544
6Cwi1KvE.png,lampung,5,lampung,1,0.0068038832,0.007461665,0.0050537484,0.95931923,0.007835046,0.007221508,0.0063048652
89JbH54L.png,jawa,5,jawa,1,0.010311785,0.95071393,0.00820523,0.0068056965,0.0066350717,0.0096539715,0.0076743006
lwmZCXrd.png,lampung,1,lampung,1,0.0064775115,0.007148976,0.009251463,0.9566652,0.007180461,0.0064680297,0.0068082903
GjMPrJGz.png,pegon,1,pegon,1,0.0031974886,0.0038720027,0.0013218932,0.0038268927,0.0031974886,0.9799125,0.0046716677
rrY1vZZH.png,lampung,4,lampung,1,0.007751911,0.0035034562,0.00343905,0.9685695,0.005233693,0.0058101667,0.005692227
MMwsWkZg.png,pegon,4,pegon,1,0.0051317024,0.0054867277,0.0036890146,0.009356053,0.0063740457,0.9637087,0.006253813
0ITDkFx7.png,sunda,2,sunda,1,0.0038098646,0.0031801541,0.0022749742,0.0041114083,0.0051694666,0.0044716164,0.9769825
Tu8h12WA.png,bali,3,bali,1,0.9496181,0.0076917005,0.009451719,0.008068709,0.0068044947,0.008239912,0.010125371
q2fheS4w.png,jawi,2,jawi,1,0.0053525353,0.0036859321,0.968562,0.008241735,0.004377153,0.0044853324,0.0052953456
LSTWnSJd.png,bali,3,bali,1,0.96693134,0.0044843443,0.005156411,0.005831578,0.008749962,0.0042602285,0.0045862067
fNrvS2dT.png,jawi,5,jawi,1,0.009545349,0.010336113,0.9290652,0.0075436216,0.008897244,0.024807151,0.009805166
4XsRQr0i.png,sunda,2,sunda,1,0.007971866,0.0053651407,0.009839136,0.006187312,0.007547612,0.0072975573,0.9557915
XjGWFKhm.png,sunda,3,sunda,1,0.00935948,0.0078048785,0.029824354,0.008455585,0.010714989,0.00580576,0.92803496
5RxuUvWF.png,bali,1,bali,1,0.97452253,0.007865048,0.0029828676,0.0040236986,0.004017809,0.00408108,0.0025069253
mvKHuGol.png,sunda,3,sunda,1,0.009152241,0.0062963828,0.0070172665,0.007971042,0.008927143,0.0086694,0.95196664
88fSqUdC.png,jawi,3,jawi,1,0.00531064,0.0050378432,0.9638005,0.0047650784,0.006184562,0.009175964,0.0057253735
7l7TeAo6.png,lontara,2,lontara,1,0.004031201,0.0022046056,0.007523923,0.009046826,0.96826863,0.0047778287,0.0041469974
njX3Bz82.png,lampung,5,lampung,1,0.0077311187,0.0055821273,0.005310921,0.96197075,0.0072982633,0.006453286,0.005653446
z9hZinrs.png,lampung,4,lampung,1,0.0061116586,0.0030536898,0.005054388,0.9688562,0.0058232495,0.005741372,0.005359392
RuPBy7VZ.png,pegon,3,pegon,1,0.0074394667,0.006416353,0.0045232945,0.00661034,0.007534515,0.9578674,0.0096086
BPTUSR7Y.png,pegon,4,pegon,1,0.0034923353,0.0026999856,0.0004112354,0.0056203883,0.00487474,0.9773531,0.005548132
KJQ7rWl4.png,lampung,4,lampung,1,0.009455333,0.0063542128,0.019680163,0.94212836,0.008071795,0.008115266,0.006194907
fq6xVRZJ.png,bali,5,bali,1,0.9834125,0.0038255882,0.0013501401,0.002682453,0.0037921125,0.0019226875,0.003014491
OjEHrZnA.png,sunda,1,sunda,1,0.0026900223,0.0044264426,0.008511386,0.0060531856,0.008257579,0.0029486467,0.9671127
XLSl3aI9.png,lampung,3,lampung,1,0.01361171,0.0078032007,0.005620434,0.9369406,0.00757051,0.01697731,0.011476209
wFh3nZYQ.png,sunda,3,sunda,1,0.008985534,0.005861291,0.0054314057,0.0070873485,0.006756194,0.004873438,0.9610047
BJbZlSiE.png,sunda,2,sunda,1,0.0065087047,0.005346077,0.0062777246,0.008159759,0.005488913,0.0055373684,0.96268135
ee9Ga7OU.png,jawa,1,jawa,1,0.012393162,0.93120617,0.0150552215,0.00963297,0.011125443,0.01251478,0.008072264
cQKPYabY.png,jawi,2,jawi,1,0.0040857876,0.0031022383,0.9765999,0.0042651747,0.003553262,0.004014595,0.004379132
nmC6Idyn.png,lontara,3,lontara,1,0.010079252,0.0062644645,0.00822243,0.008140536,0.95177686,0.008746322,0.0067701945
Lie9VpkY.png,lampung,1,lampung,1,0.010102312,0.023024434,0.012426058,0.9304921,0.009592741,0.0075699785,0.006792314
26L0JcuU.png,lampung,2,lampung,1,0.007576517,0.0071803113,0.0066960547,0.95757985,0.006732116,0.007075897,0.0071593057
gnI8HK3N.png,jawi,3,jawi,1,0.006512533,0.004097387,0.96324754,0.008440197,0.0053492216,0.0061961226,0.0061569163
95CbPmWy.png,jawi,2,jawi,1,0.0049611176,0.0038561837,0.9556324,0.0070511703,0.0024296907,0.021445148,0.004624271
cOuShrFp.png,sunda,3,sunda,1,0.008083203,0.007747016,0.008520905,0.007758372,0.009702711,0.0077925413,0.9503953
BCsNKz6s.png,jawa,1,jawa,1,0.0068999,0.95310926,0.0061940965,0.008355442,0.008929133,0.008250038,0.008262132
fePNcogx.png,jawa,3,jawa,1,0.005418418,0.9615194,0.004823949,0.0074350853,0.007192271,0.005796108,0.007814765
Sn7jOspj.png,jawa,4,jawa,1,0.0056412397,0.9650633,0.0025414648,0.0050840084,0.005803285,0.0041252044,0.011741577
AzAcznHk.png,jawi,3,jawi,1,0.0059039393,0.0047578677,0.96328217,0.0059998417,0.0071354327,0.0060351007,0.0068855733
YMWrVZZM.png,pegon,1,pegon,1,0.0021837617,0.0013381698,0.0004065276,0.0028712014,0.0013552665,0.99101007,0.00083495554
oKdqQ5Qq.png,jawi,2,jawi,1,0.001958947,0.0013319777,0.98257864,0.0028782215,0.0033387954,0.0058483346,0.002065023
vkQTyyLc.png,lontara,2,lontara,1,0.0060270396,0.005717443,0.0047445577,0.009963632,0.9587132,0.007049765,0.0077843503
V2rjzLxE.png,jawa,1,jawa,1,0.0050518597,0.9655387,0.007889694,0.0056605777,0.006905074,0.004079153,0.0048749605
TQZN2SGL.png,lampung,3,lampung,1,0.0092447065,0.008812752,0.0061884457,0.94945407,0.0077355653,0.009440863,0.009123629
snAFbtDr.png,pegon,1,pegon,1,0.0069820182,0.0039414973,0.0016144309,0.0044272183,0.005051107,0.9748687,0.0031149376
eLAnsMOh.png,lontara,2,lontara,1,0.0074535827,0.010172928,0.009966427,0.00892077,0.94711584,0.0071575483,0.009212939
Q5JIWaRr.png,sunda,1,sunda,1,0.0058171,0.0046445956,0.0057437173,0.0052195094,0.0069825836,0.0047039357,0.9668884
GWdvSt9r.png,lampung,1,lampung,1,0.007954846,0.009784629,0.0072465073,0.95375085,0.007985981,0.0063794274,0.006897805
kZwWwWaK.png,pegon,2,pegon,1,0.006452556,0.00495218,0.007905836,0.0059154183,0.0075180614,0.9613923,0.005863655
XsihEgPn.png,pegon,1,pegon,1,0.0052961386,0.009651137,0.0060631647,0.011170942,0.0083523635,0.95182794,0.0076384065
Sbzvd5lw.png,sunda,2,sunda,1,0.0050062328,0.00558213,0.0068127047,0.0061788545,0.006680934,0.0049454933,0.96479356
uSS2Q77g.png,pegon,1,pegon,1,0.0037974527,0.004765399,0.007974698,0.0060801757,0.005397268,0.9690562,0.002928718
hm4t99w6.png,jawa,5,jawa,1,0.008037413,0.94871,0.0075726025,0.0072967377,0.008276366,0.010778616,0.009328115
Ig4HKh3P.png,jawi,2,jawi,1,0.0032401283,0.002755237,0.98814327,0.0021218173,0.0014856133,0.00086655054,0.0013874511
WduD3kHy.png,jawi,4,jawi,1,0.0057859803,0.0077744913,0.9683127,0.0045459056,0.006695489,0.0029436685,0.003941845
akFfKAYh.png,jawi,4,jawi,1,0.0050688144,0.0047733504,0.9744723,0.0047131344,0.0038037887,0.003162704,0.004005849
SGNi9V0D.png,jawa,1,jawa,1,0.006256674,0.97171146,0.0042190324,0.003990601,0.007490087,0.0031722768,0.003159909
5axHk0Zr.png,sunda,2,sunda,1,0.008575489,0.0071162754,0.009952598,0.006951427,0.008956369,0.008016686,0.95043117
BUbnBXtj.png,pegon,5,pegon,1,0.0064400886,0.0082611665,0.0071739224,0.0058352062,0.0056226337,0.96141076,0.005256248
Tk5EWo6L.png,bali,4,bali,1,0.9693313,0.0036281245,0.0067254803,0.004663156,0.0048088315,0.0061958027,0.0046472447
HgTPEkNx.png,jawa,2,jawa,1,0.0030729622,0.9711699,0.006302231,0.004432009,0.0053748144,0.0045593195,0.005088772
QtHRhxoj.png,sunda,4,sunda,1,0.008132008,0.0066242004,0.004501899,0.010090841,0.008538932,0.006911662,0.9552004
eNU0EsR8.png,jawi,3,jawi,1,0.007344224,0.0056447764,0.961434,0.0061064395,0.0058811144,0.00465689,0.008932667
slmpFx0e.png,lampung,3,lampung,1,0.006751008,0.006069319,0.0060309153,0.9626142,0.007846616,0.0048625683,0.0058254185
YPxX04FE.png,sunda,5,sunda,1,0.010331152,0.009265308,0.009301571,0.008997801,0.009536111,0.01024575,0.9423223
etoxWnSY.png,sunda,3,sunda,1,0.0031207774,0.0101480475,0.0033252959,0.0043582325,0.005801981,0.0069848686,0.96626073
ypZVyTo6.png,pegon,2,pegon,1,0.0041822926,0.0024864106,0.0039868765,0.004135587,0.004458554,0.9769866,0.0037636564
HCsDEZyW.png,jawi,4,jawi,1,0.003954563,0.004100065,0.9742871,0.006954043,0.0048004887,0.002982147,0.0029216125
X4TYuC8B.png,lontara,4,lontara,1,0.0044576055,0.003831455,0.0017118602,0.0045477445,0.97487295,0.005011821,0.0055665737
4ozzZrsF.png,bali,1,bali,1,0.95874333,0.007557994,0.007012222,0.00820012,0.007836079,0.0041871886,0.0064631165
q5BCdU39.png,lampung,2,lampung,1,0.010365489,0.010642433,0.011153174,0.94222826,0.009143046,0.007978602,0.008489031
lV4fnd8F.png,jawi,4,jawi,1,0.006136271,0.006352734,0.9590806,0.0072021065,0.006832149,0.007062805,0.007333405
J4IRgv79.png,lampung,3,lampung,1,0.008535712,0.0071144644,0.0058579165,0.9464848,0.009891936,0.013059971,0.009055215
cmJVE9pE.png,lontara,3,lontara,1,0.006037638,0.0040673567,0.005990653,0.008321259,0.9636872,0.0058404612,0.0060553523
8l8XVnER.png,sunda,5,sunda,1,0.007028654,0.0057618855,0.007460076,0.0062544676,0.0077156983,0.006664351,0.9591149
U3beYWPb.png,jawa,3,jawa,1,0.009272107,0.9769949,0.005035008,0.002386512,0.0026442092,0.0015363405,0.0021309156
azzecq3P.png,sunda,1,sunda,1,0.004493275,0.003573616,0.0050816135,0.0040811975,0.0052250316,0.0029946284,0.9745506
F8k2XFeR.png,jawa,4,jawi,0,0.0,0.0,1.0,5.0390238e-26,0.0,1.230771e-09,0.0
tlvD40fL.png,lampung,3,lampung,1,0.007686612,0.005424075,0.0058648232,0.964405,0.005648413,0.004666721,0.006304337
lMvNQwyo.png,sunda,4,sunda,1,0.0055017015,0.00377204,0.0031578192,0.003853957,0.0036204574,0.004272195,0.9758219
MKbKvlXR.png,lontara,1,lontara,1,0.0048301183,0.004889441,0.004423717,0.0055621476,0.96982634,0.0062201913,0.00424802
0P1hIel1.png,lampung,5,lampung,1,0.0043278006,0.007871148,0.0028549202,0.97082424,0.00427738,0.0035013391,0.006343202
ghEez4Xn.png,jawa,1,jawa,1,0.007795474,0.95540655,0.0095093325,0.009239291,0.005686606,0.0063624796,0.0060003903
GWJE2q3K.png,jawi,3,jawi,1,0.009201247,0.014195611,0.9344373,0.008316695,0.009761255,0.014782737,0.009305164
c4Glgoct.png,pegon,4,pegon,1,0.004195869,0.0027841544,0.0019116516,0.0022924205,0.0035871647,0.9825538,0.0026748814
wutMT2KP.png,bali,2,bali,1,0.97361124,0.004951854,0.004017974,0.0042438256,0.004550738,0.0040892265,0.0045352103
3m9u89Co.png,lampung,4,lampung,1,0.009278012,0.0070342543,0.004414839,0.9486962,0.008231912,0.011423299,0.010921499
fXvWyXhZ.png,jawi,5,jawi,1,0.011813971,0.012705523,0.61548334,0.0099678105,0.0077402294,0.33332786,0.008961303
exjlcLmD.png,jawi,1,jawi,1,0.0072827577,0.007197911,0.968874,0.0038115983,0.004006241,0.0037160376,0.0051115653
skkP0dPy.png,bali,3,bali,1,0.9714237,0.0028903568,0.0046436517,0.00454495,0.00536835,0.006787887,0.0043410584
mb7ZoXmC.png,jawi,3,jawi,1,0.006044641,0.0060357926,0.9671633,0.0038234922,0.0055931094,0.004203388,0.007136252
pGAQK6aM.png,jawi,5,jawi,1,0.0063658254,0.0066323522,0.955909,0.007918531,0.0072806585,0.008169892,0.0077237748
7lKgtsg7.png,lampung,4,lampung,1,0.006426518,0.005616267,0.005749453,0.96032214,0.006219677,0.006410847,0.009255139
wROuUFAf.png,pegon,3,pegon,1,0.004659542,0.0053946166,0.0062731616,0.00632545,0.0056204805,0.9676347,0.0040920023
nVCi1qwJ.png,jawi,2,bali,0,0.32977065,0.18607165,0.096579835,0.2780339,0.0096377,0.08569043,0.0142158065
MoHAMBo4.png,pegon,2,pegon,1,0.0042070765,0.00446095,0.002035403,0.0034421093,0.0035670148,0.97894466,0.0033427293
Iv5LLwp1.png,sunda,4,sunda,1,0.004368735,0.0032545042,0.003814201,0.0041849916,0.004962526,0.0065598493,0.97285515
eDCZEZWN.png,sunda,1,sunda,1,0.004268303,0.00461739,0.0040768227,0.0037138022,0.003645529,0.002839141,0.976839
Xp4LSHWY.png,lontara,3,lontara,1,0.008149397,0.0072943787,0.0074309865,0.0070252186,0.95584166,0.0073623657,0.0068960697
0YYfj8x4.png,jawi,5,jawi,1,0.011549985,0.012954331,0.94943184,0.00660674,0.008194165,0.0028582218,0.008404884
6apEDmLp.png,lontara,3,lontara,1,0.006071712,0.004905032,0.0062369797,0.006125312,0.96440536,0.0062400266,0.006015643
1viQr3tN.png,jawi,1,jawi,1,0.0028395047,0.009928403,0.96936136,0.0042542843,0.0064051747,0.002550292,0.0046610236
MwNfgpfj.png,jawa,3,jawa,1,0.0072026937,0.95775485,0.005509031,0.0070737354,0.0071048895,0.008197667,0.0071571185
uU65EtiP.png,lampung,2,lampung,1,0.005124214,0.002546598,0.0014652472,0.9841611,0.002718793,0.0019930003,0.0019910547
oMDSNqTi.png,lampung,4,lampung,1,0.006920346,0.007926472,0.0073307883,0.95313716,0.007957495,0.006639004,0.010088731
2en4TJss.png,jawa,1,jawa,1,0.0056867287,0.97427136,0.0046300553,0.0033594188,0.0023682674,0.00707034,0.0026137643
wyRcidZa.png,sunda,2,sunda,1,0.005722327,0.0038946737,0.010296231,0.0066705067,0.0057784836,0.0062297517,0.96140814
AWXZHp1g.png,sunda,5,sunda,1,0.005568169,0.003546263,0.006729625,0.0045180563,0.005633805,0.0059679425,0.9680361
O8c4bZUP.png,sunda,1,sunda,1,0.0048995214,0.0046478426,0.0057085752,0.0069772378,0.007738197,0.0048235613,0.9652051
OuRa6UzF.png,pegon,3,pegon,1,0.0045613893,0.006385648,0.010577104,0.0071237055,0.006610908,0.95841753,0.006323592
rV0Dti02.png,pegon,3,pegon,1,0.005906991,0.005210357,0.006008808,0.005064868,0.005220543,0.96707994,0.0055086105
RsufypUI.png,sunda,5,sunda,1,0.006042523,0.0062404247,0.010914915,0.0068037505,0.0070575294,0.00877895,0.95416194
UCwLYTVV.png,lontara,1,lontara,1,0.005837346,0.009239658,0.0064361626,0.0059495717,0.9556778,0.010014873,0.0068445723
i75qBwst.png,lontara,1,lontara,1,0.005499615,0.0039074346,0.0062562707,0.008129888,0.96267617,0.0076991026,0.0058314856
D9q5d0d0.png,lontara,5,lontara,1,0.0039865314,0.0040890477,0.003334126,0.0041737705,0.97547203,0.0042769234,0.0046675596
0f1lpn3d.png,jawa,5,jawa,1,0.002974943,0.9786003,0.0038199024,0.0037277723,0.0035190587,0.0036771535,0.003680746
vCmHQ6AS.png,jawa,2,jawa,1,0.009078801,0.9356075,0.014185654,0.011743106,0.0065360228,0.0092533445,0.013595661
o7Bem6Ry.png,lampung,3,lampung,1,0.008456874,0.010965404,0.008244851,0.9483334,0.0069973143,0.008789464,0.008212707
J59J1uLT.png,sunda,4,sunda,1,0.005737027,0.0026562668,0.004197299,0.0047445656,0.006406369,0.0062427074,0.97001576
ohh5uwTd.png,sunda,5,sunda,1,0.009003487,0.010807379,0.005326581,0.013427035,0.00997082,0.008086452,0.9433783
hF9EVJmD.png,lampung,1,lampung,1,0.006116333,0.0075085387,0.0054612705,0.9578333,0.007150718,0.008303083,0.0076267812
CVH8mOlT.png,jawa,4,jawi,0,0.0,0.0,1.0,0.0,0.0,2.789468e-10,0.0
mQI8F8Ee.png,jawi,1,sunda,0,0.0052970867,0.0049037905,0.11193724,0.01033076,0.013206792,0.0059440536,0.8483802
2xswc9B0.png,lontara,1,lontara,1,0.008446805,0.0080797,0.0068705576,0.008740505,0.94812983,0.011996542,0.007736101
pKc8oV9J.png,lampung,2,lampung,1,0.0052743065,0.0038966327,0.0062420224,0.97323024,0.0034086753,0.0032845,0.0046636593
9Z8ffJUg.png,jawi,5,jawi,1,0.0092474995,0.0048163165,0.9368444,0.00997942,0.0038211986,0.028173078,0.0071180537
ZMhhhhsO.png,jawa,3,jawa,1,0.007603339,0.96426004,0.0064089093,0.0050599724,0.005230799,0.006139359,0.005297629
LlpoHffP.png,sunda,4,sunda,1,0.0031416034,0.0026274729,0.005263766,0.0042440356,0.0044325353,0.006631319,0.97365934
kLTB7s8J.png,sunda,2,sunda,1,0.007199443,0.002603649,0.033046957,0.0051931655,0.0028289952,0.0038819124,0.94524586
nDZvYsLs.png,pegon,4,pegon,1,0.008471977,0.0055709993,0.0019661367,0.0035706593,0.0069705597,0.9680553,0.005394327
x0aby3Y8.png,pegon,4,pegon,1,0.0063473214,0.0058132648,0.014504355,0.0131645175,0.007945792,0.94110656,0.011118161
pQXVAoxJ.png,jawi,1,jawi,1,0.00527539,0.009913645,0.94995254,0.01221783,0.010126464,0.0061165723,0.006397605
Yvcs9HB6.png,pegon,1,pegon,1,0.0036889138,0.0023311174,0.010128384,0.0019063222,0.005149132,0.97313946,0.003656634
IsKLbvZE.png,jawi,3,jawi,1,0.010175454,0.005015128,0.89605856,0.005863278,0.01090069,0.060473487,0.011513423
mQAPKbS2.png,lontara,1,lontara,1,0.009195427,0.006734092,0.009226912,0.013072531,0.9411706,0.012158194,0.008442321
GECCV06c.png,jawa,3,jawa,1,0.01706557,0.9457285,0.0044878316,0.010343212,0.008134352,0.0053502903,0.008890322
bAIQViH0.png,jawa,3,jawa,1,0.005883987,0.96096474,0.006300279,0.0059824856,0.0061363294,0.007297754,0.0074344254
2fhUf3dp.png,lampung,4,lampung,1,0.0078057353,0.0056222593,0.0049956604,0.9557304,0.007229707,0.010703091,0.007913186
MU0ONRbm.png,sunda,1,sunda,1,0.0078064436,0.0049138553,0.006103459,0.008253303,0.009772368,0.006399494,0.956751
cWgyWFiO.png,pegon,1,pegon,1,0.0077636205,0.0075874794,0.0086948415,0.008268367,0.008547511,0.95057386,0.008564222
9nya48ry.png,lontara,2,lontara,1,0.0056794994,0.0054940186,0.0046264273,0.009214236,0.9607579,0.0066076643,0.007620244
bnH2AFm3.png,lampung,2,lampung,1,0.007321407,0.003209437,0.007193835,0.9706924,0.005993091,0.0022914424,0.003298406
3R4ECYiB.png,sunda,2,sunda,1,0.008160082,0.0077258097,0.0065121404,0.0071591754,0.007978841,0.0072364956,0.9552275
3CZ1BtZ1.png,lontara,1,lontara,1,0.011309701,0.008608169,0.012390989,0.008470574,0.94063884,0.009030097,0.009551666
QqGP86DM.png,bali,3,bali,1,0.9399323,0.010130335,0.010436607,0.01052874,0.008601703,0.008857434,0.011512853
oWHzuoWc.png,jawa,3,jawa,1,0.006727203,0.9461949,0.01488856,0.0071053426,0.008829799,0.01045497,0.0057992116
VrhmfdG0.png,jawi,4,jawi,1,0.0030597735,0.0049543916,0.9707864,0.00812069,0.008218421,0.0024634036,0.0023969575
y9xcJAWk.png,sunda,4,sunda,1,0.0066195168,0.0054317885,0.006233661,0.006027139,0.0068764896,0.0077389986,0.9610724
8NRPBmba.png,pegon,4,pegon,1,0.008795414,0.011211121,0.010059402,0.0054798946,0.011426659,0.93426275,0.018764783
gYK1b3OS.png,pegon,5,pegon,1,0.0060819667,0.0063956697,0.0044801836,0.0063738464,0.006244464,0.96367854,0.006745285
H3uCqbNM.png,pegon,1,pegon,1,0.0082916375,0.012886309,0.0035349824,0.008271419,0.008904319,0.94721746,0.010893832
EBpwJQBl.png,sunda,4,sunda,1,0.003107795,0.0020163646,0.0029309297,0.002891131,0.0039209556,0.003913305,0.9812196
ek1jlBYJ.png,lampung,1,lampung,1,0.007701897,0.0069955573,0.006301471,0.95087695,0.009026441,0.008748726,0.010348865
kIDzEL2h.png,pegon,5,pegon,1,0.0050988905,0.004884438,0.0033179116,0.0053149676,0.005561885,0.9716765,0.004145369
COIzDxwb.png,pegon,4,pegon,1,0.005393097,0.0038084392,0.0014906782,0.0019178108,0.0031557656,0.9799606,0.0042735883
TUzVAkMo.png,jawi,1,jawi,1,0.0054737977,0.0063033793,0.9647294,0.0045690653,0.0067394646,0.006193546,0.0059912778
W0QG1Kah.png,lampung,3,lampung,1,0.01039049,0.0065917103,0.009727657,0.9463474,0.008538642,0.010184545,0.008219554
5kZL7ZOJ.png,jawi,2,jawi,1,0.0030175424,0.0031316252,0.9848887,0.0026140166,0.0021840928,0.001990582,0.002173454
AuedFrPz.png,sunda,1,sunda,1,0.007853486,0.0070639215,0.0064443485,0.0071437,0.0073848753,0.008150399,0.9559592
ovuGKXXq.png,lontara,5,lontara,1,0.0068490813,0.005119716,0.006178572,0.005824104,0.962397,0.006233115,0.0073983935
W8VuhI9m.png,bali,5,bali,1,0.96994656,0.0037110804,0.0058755265,0.0038645698,0.0044437503,0.004971907,0.007186553
eEg8v7pe.png,lampung,1,lampung,1,0.007695261,0.008167599,0.008766835,0.95238,0.007564868,0.0084392205,0.006986118
HdBoWaUu.png,jawa,1,jawa,1,0.010899526,0.9403374,0.014337653,0.006607669,0.009313758,0.010502464,0.008001566
LH6ovCsu.png,jawi,4,jawi,1,0.028722966,0.004509267,0.92281026,0.0107434755,0.012795624,0.0032733765,0.017144985
ijXGPSJc.png,jawa,1,jawa,1,0.010082096,0.9511161,0.0068753916,0.009242821,0.0076029366,0.006644364,0.008436255
cdtABZzl.png,pegon,1,pegon,1,0.009366783,0.007296639,0.002749282,0.0072681927,0.007812877,0.9589432,0.0065630595
AWZyXL55.png,lampung,1,lampung,1,0.008619116,0.00817637,0.007813383,0.9496856,0.01118123,0.007666,0.00685835
lHxQlWlC.png,lontara,1,lontara,1,0.008289472,0.0061302064,0.007772044,0.00920253,0.95439726,0.00771156,0.006496957
9r05zL3u.png,jawa,4,jawa,1,0.032844458,0.86842865,0.0053382,0.027122857,0.023553243,0.009187623,0.033524983
CGYnRRuQ.png,pegon,1,pegon,1,0.005036506,0.0073927636,0.006170856,0.006042643,0.010901816,0.9579154,0.0065400386
y1ZwPjeZ.png,lampung,1,lampung,1,0.0056968913,0.0050966963,0.006550682,0.9646416,0.0070588076,0.005540522,0.005414819
qbvCJuLX.png,lampung,3,lampung,1,0.0034528547,0.0039548534,0.00433085,0.97912794,0.0034192996,0.0033433551,0.0023707938
naL9ltRt.png,bali,1,bali,1,0.953461,0.0076927193,0.006943009,0.01105704,0.007802424,0.0060292464,0.007014568
45OP5nze.png,jawi,1,jawi,1,0.0036317105,0.0061356607,0.95245194,0.005752673,0.005202185,0.020965487,0.005860409
LaJ8FL8v.png,jawi,4,jawi,1,0.009356014,0.012431073,0.8630163,0.012274255,0.0067126127,0.011919873,0.08428986
gGK9qSM5.png,jawi,5,jawi,1,0.0026531394,0.0044736494,0.9764727,0.00399452,0.0048846384,0.0030716902,0.0044496856
zIV981UN.png,lampung,3,lampung,1,0.007020767,0.00701049,0.0038395561,0.95803857,0.0064741527,0.01103713,0.0065793176
JbdCqAec.png,pegon,2,pegon,1,0.0040241615,0.005331148,0.012413462,0.004445649,0.0050523607,0.96093094,0.007802358
7Q3alMCw.png,sunda,1,sunda,1,0.0066364515,0.0056185494,0.00477073,0.005613065,0.006543141,0.0049317926,0.96588635
O4HONI6U.png,jawi,5,jawi,1,0.004488625,0.005646515,0.96596575,0.006794389,0.006659721,0.003955399,0.0064895856
vVVfo1NX.png,pegon,1,pegon,1,0.005960469,0.006501697,0.0036028714,0.0045234286,0.008563027,0.96446633,0.006382172
HxWesQkU.png,pegon,4,pegon,1,0.005603455,0.0049017603,0.008257142,0.0066477717,0.007960227,0.96000457,0.0066250884
2aFqtqPE.png,lontara,1,lontara,1,0.0076286206,0.006569863,0.0075030196,0.009947168,0.9510729,0.008944929,0.00833352
pLUsgLXs.png,jawi,1,jawi,1,0.005311461,0.007623191,0.9644202,0.006406845,0.0064131045,0.005033704,0.0047914814
OKVZlDu7.png,sunda,4,sunda,1,0.003533242,0.0024047606,0.0035574778,0.0036311874,0.004301627,0.0038578366,0.9787139
BVsPJhHR.png,sunda,5,sunda,1,0.0061175586,0.005955455,0.004374157,0.0065344037,0.005888947,0.0051189046,0.9660106
9AfCzfed.png,jawi,2,jawi,1,0.002134583,0.0030606363,0.98828053,0.0016462593,0.001941663,0.0012126906,0.001723581
6qouOsnF.png,pegon,3,pegon,1,0.00421903,0.0026949053,0.0045219404,0.008489449,0.0055376925,0.9707625,0.0037745347
D9YOSThj.png,sunda,1,sunda,1,0.004289976,0.0034069328,0.0074741985,0.003623121,0.006181219,0.0032414075,0.97178316
hKTKSUtm.png,sunda,2,sunda,1,0.0057481998,0.005675686,0.0072098584,0.0073233964,0.0061971038,0.0058558523,0.96198994
0NO2HmZY.png,jawi,2,jawi,1,0.003558333,0.0063279467,0.9760853,0.0048827007,0.0030465773,0.001154094,0.004945083
5H6vAKUm.png,lontara,2,lontara,1,0.008439496,0.006758187,0.006105513,0.007628173,0.9552055,0.0074769785,0.008386095
IXBkV9il.png,lampung,1,lampung,1,0.0099314125,0.008924222,0.00986857,0.94286704,0.011231806,0.008054492,0.00912248
YRDdvXQW.png,bali,5,bali,1,0.96587837,0.0038861262,0.0063294023,0.00493657,0.0066461246,0.0061316728,0.0061918455
YlH1xvEM.png,lampung,5,lampung,1,0.0052660806,0.005616673,0.004918123,0.9641504,0.006235331,0.008758944,0.005054459
rQ2am2AA.png,sunda,3,sunda,1,0.0063104704,0.007811439,0.007245596,0.0070089693,0.00630739,0.005612648,0.9597034
bRzorzsu.png,lontara,2,lontara,1,0.007962127,0.0064008734,0.0075163385,0.010764029,0.952296,0.0072142878,0.007846346
L7N16G72.png,jawa,3,jawa,1,0.00798048,0.9406111,0.007719854,0.011259777,0.010383127,0.014355839,0.007689757
XC37crB4.png,lontara,5,lontara,1,0.0055896873,0.0044826763,0.0076663555,0.0069361273,0.9613939,0.0062235794,0.0077076424
zf8g9Mcz.png,jawi,1,jawi,1,0.003071449,0.006592571,0.97164,0.0038713168,0.0065998174,0.004934594,0.0032903603
srnwhlHz.png,jawi,5,jawi,1,0.0043994584,0.0063731056,0.96450806,0.005712815,0.007151494,0.0040312605,0.007823758
oSFFOCGq.png,jawi,5,jawi,1,0.007334968,0.009707768,0.9384368,0.00585366,0.008259015,0.014526908,0.015880851
nPC2cn3W.png,jawi,3,jawi,1,0.003023284,0.004587503,0.9762195,0.0029474872,0.0041162292,0.0037005893,0.0054053995
DcrqIXdQ.png,pegon,2,pegon,1,0.0034285204,0.005537931,0.020248257,0.008910291,0.0057304874,0.95063365,0.005510956
uykyOR2L.png,pegon,2,pegon,1,0.004966323,0.0040316815,0.0045174747,0.005268584,0.004546241,0.9721743,0.0044954703
mb3MxXhM.png,sunda,1,sunda,1,0.004779558,0.0040504206,0.0052930727,0.0045919693,0.0062948936,0.004003232,0.97098684
VnZqJtaQ.png,sunda,3,sunda,1,0.0075014764,0.005123061,0.011564745,0.006698064,0.007958032,0.006555695,0.95459884
iSOANV1u.png,pegon,1,pegon,1,0.003727045,0.0056305844,0.0054573505,0.005708094,0.0059761927,0.9670106,0.006490264
AJoAFYv5.png,lontara,5,lontara,1,0.0088538565,0.005444059,0.008168512,0.006696307,0.9585516,0.00574446,0.0065411874
BLu4jSOQ.png,sunda,3,sunda,1,0.007931259,0.009977215,0.006514526,0.007838857,0.0065208906,0.00797008,0.95324725
9Z9TXz5C.png,jawi,4,jawi,1,0.004329751,0.005279082,0.9580731,0.009719204,0.009424777,0.003813536,0.009360569
PYCZJLbJ.png,jawi,2,jawi,1,0.008506441,0.0062173703,0.95949733,0.006868573,0.0058179083,0.0065893354,0.006503035
XO0Gjsmw.png,jawi,1,jawi,1,0.0058293715,0.006602319,0.9511158,0.008975958,0.008049928,0.011285895,0.0081408415
33ptUKR9.png,lampung,5,lampung,1,0.007022753,0.005424114,0.00589933,0.96629745,0.0062127067,0.004435688,0.004707952
DednrmIG.png,lampung,3,lampung,1,0.008471858,0.006292677,0.009885279,0.9532664,0.007516653,0.0074436055,0.0071235774
IYtIiX69.png,jawi,4,jawi,1,0.013331852,0.007974429,0.9505129,0.0055643306,0.008534452,0.0037723752,0.010309605
5xVwAW8Q.png,lampung,4,lampung,1,0.0074370475,0.0042603235,0.0082763955,0.9650662,0.006274866,0.0046200235,0.004065229
u0PADPRw.png,lampung,3,lampung,1,0.006293179,0.007831989,0.07741898,0.8680282,0.010705058,0.011768695,0.01795388
m1sjAz06.png,sunda,1,sunda,1,0.0050786505,0.008219348,0.0037065595,0.005635294,0.007221743,0.0037356303,0.96640277
B0rhXx4e.png,jawi,2,jawi,1,0.0120782945,0.009215641,0.94600683,0.008669984,0.005741713,0.009809999,0.00847742
pAc0Lz4m.png,pegon,3,pegon,1,0.0052137976,0.0054427106,0.018129207,0.0041608633,0.007985106,0.9545781,0.004490188
FAixk454.png,bali,1,bali,1,0.9516795,0.011976953,0.005479434,0.010829526,0.0074968166,0.0054847877,0.00705293
2ai83QsJ.png,jawi,5,jawi,1,0.0078116707,0.010303403,0.94116896,0.008446429,0.0065748747,0.018857831,0.006836788
UcRIEfy8.png,jawa,3,jawa,1,0.008667944,0.94393873,0.01218205,0.007930883,0.011438391,0.008087306,0.007754734
vw5VFFkT.png,lampung,5,lampung,1,0.0032376526,0.003311196,0.003759412,0.9763615,0.0043567372,0.0037667619,0.0052067
UH2qtwmF.png,lampung,4,lampung,1,0.008468104,0.0054540862,0.0050245402,0.96313477,0.006442194,0.0053381585,0.006138186
GGiYvXcP.png,sunda,4,sunda,1,0.023232577,0.014473057,0.018734103,0.007150704,0.005773876,0.016666524,0.91396904
Dg8HW8b7.png,pegon,2,pegon,1,0.0040115207,0.0011194117,0.009191435,0.0043121474,0.0042328746,0.97109884,0.006033779
atmPZeH2.png,sunda,5,sunda,1,0.007417568,0.004610173,0.038581662,0.0067340154,0.004821993,0.01802776,0.91980696
luiWBdAH.png,sunda,4,sunda,1,0.004631847,0.004332138,0.00308849,0.0037730269,0.006026337,0.0068254005,0.97132283
ukDsKJ3f.png,lampung,2,lampung,1,0.01987137,0.045775674,0.0035627405,0.8400158,0.0056159357,0.06447529,0.020683145
o1bsy7vZ.png,pegon,2,pegon,1,0.0026246877,0.0020491057,0.0008327788,0.003258512,0.0017872617,0.98746175,0.0019860612
pe92ak0e.png,pegon,3,pegon,1,0.005130778,0.004579033,0.005873856,0.004508042,0.0052524516,0.9687243,0.0059314985
rOOIsx5n.png,sunda,2,sunda,1,0.012556071,0.010581018,0.011390643,0.011581324,0.015384021,0.013081775,0.92542505
WGlDihDR.png,pegon,3,pegon,1,0.007725601,0.006505608,0.004761929,0.0080608595,0.006072783,0.96128416,0.0055890493
mwfdU8Zh.png,sunda,3,sunda,1,0.007319964,0.00754127,0.0054717017,0.007280753,0.005026022,0.0076975212,0.95966274
20qSygmv.png,jawi,3,jawi,1,0.004735595,0.006466473,0.9625255,0.005334782,0.006469631,0.007899711,0.0065683057
9SmEWFni.png,jawa,1,jawi,0,4.6479736e-06,0.0072870436,0.66824347,0.006245124,0.036149405,0.00022134277,0.28184897
6ZEkTAJZ.png,jawa,4,jawa,1,0.08949278,0.6289285,0.05949327,0.017771771,0.070684515,0.069317356,0.06431186
1WOFPF9H.png,jawa,4,jawa,1,0.0020836752,0.9760827,0.00629096,0.0025629646,0.006172295,0.0033887508,0.003418666
2UbepehD.png,jawi,4,jawi,1,0.009135029,0.0071806773,0.9478594,0.0067127645,0.019734731,0.0048397477,0.0045376504
OlvWlsFC.png,lampung,3,lampung,1,0.0052533764,0.005182042,0.006801695,0.9665324,0.0068216505,0.0044978415,0.0049110525
75UrHFpo.png,bali,4,bali,1,0.9627185,0.00497842,0.006595335,0.0062382426,0.005851709,0.0072968067,0.0063210293
rQX0Ofpc.png,bali,2,bali,1,0.94882745,0.0070938687,0.009379512,0.008065928,0.0061843614,0.010346748,0.010102132
EM0XL13M.png,lampung,5,lampung,1,0.0048526656,0.004379739,0.00572063,0.9681883,0.0064791585,0.0052239755,0.005155556
xlh7YOG0.png,lampung,1,lampung,1,0.005582828,0.005980733,0.0061735953,0.9630315,0.0075603547,0.0062494185,0.0054216413
mtPw7KAc.png,jawa,2,jawa,1,0.011353534,0.93647856,0.0123000955,0.012896686,0.009243888,0.011036508,0.0066907126
dCWUGtVP.png,pegon,5,pegon,1,0.0056943907,0.00715633,0.0053808214,0.006909111,0.0073943194,0.96139747,0.00606757
0J9ll3XL.png,pegon,2,pegon,1,0.0059443074,0.0047484804,0.00437237,0.0034453445,0.0033721128,0.9741401,0.0039772023
4xdprXtz.png,pegon,2,pegon,1,0.0050038816,0.0037550617,0.013396806,0.0058444208,0.0046504866,0.9638698,0.0034796535
WqrEXrwL.png,jawa,3,jawa,1,0.12901421,0.24957854,0.20005298,0.062980205,0.0702595,0.16670224,0.12141235
kSeqJGGj.png,pegon,2,pegon,1,0.007058888,0.004504463,0.0073114657,0.005973275,0.0050201877,0.96418166,0.0059499876
vQ9mpswY.png,lontara,1,lontara,1,0.009383915,0.0071249763,0.009733934,0.01084839,0.94464904,0.009974503,0.00828532
L8xzqZny.png,jawi,1,jawi,1,0.0023498728,0.0036006663,0.973335,0.0038254107,0.0056757177,0.007117207,0.0040960587
CI2u76wa.png,pegon,4,pegon,1,0.002831837,0.0025897727,0.00043704166,0.0063196253,0.0024400044,0.98148835,0.003893408
uDOpsPz7.png,bali,5,bali,1,0.95511895,0.008064099,0.009996805,0.005998584,0.007919716,0.006213222,0.0066886367
sXgkzmHC.png,lontara,2,lontara,1,0.006354006,0.005992399,0.008095214,0.007853816,0.9541341,0.009335751,0.008234749
pF5Fh9Rh.png,bali,1,bali,1,0.96933055,0.007311136,0.0045307297,0.0049687494,0.0059221834,0.004272885,0.0036637262
xkNiimIN.png,lampung,5,lampung,1,0.0056205494,0.0049239215,0.0059306887,0.9671743,0.006074297,0.0046391673,0.0056370404
qip5xtev.png,jawa,5,jawa,1,0.006443233,0.9502098,0.010306317,0.007159923,0.008038335,0.011545346,0.0062970496
RWfpOwJM.png,jawi,1,jawi,1,0.0043758787,0.0055695726,0.9579343,0.0070440383,0.0051812828,0.013377029,0.0065178517
1zfzwRcg.png,jawi,2,jawi,1,0.0004851146,0.00040099758,0.9948644,0.0016588457,0.001333571,0.0004327358,0.00082440226
xHK5Elf7.png,sunda,5,sunda,1,0.006353375,0.006886428,0.0057454044,0.0076861186,0.008624873,0.008799279,0.95590454
en69NuQR.png,lampung,2,lampung,1,0.007009837,0.0067248554,0.0075831423,0.9574817,0.004696999,0.0073966365,0.009106907
xLrTWoJt.png,jawa,2,jawa,1,0.0074280747,0.94849455,0.010495744,0.011010191,0.0087695215,0.00769762,0.0061042034
WSslc905.png,sunda,2,sunda,1,0.0064116768,0.0045199976,0.006925909,0.0049885456,0.005042422,0.004604648,0.96750677
G3HhPZ2f.png,jawa,2,pegon,0,0.089622825,0.24001884,0.084687606,0.058589835,0.13600528,0.3345374,0.056538206
LaI51zEh.png,sunda,1,sunda,1,0.0040288568,0.0040723686,0.0048266207,0.0034595511,0.0061733425,0.004996884,0.97244227
kdrgfK7L.png,pegon,3,pegon,1,0.008874949,0.0073755756,0.006807983,0.013352183,0.009232994,0.94547707,0.0088792825
LgY2oxRM.png,jawi,5,jawi,1,0.0039573703,0.005398529,0.9692826,0.0055157677,0.0046583703,0.0053044623,0.0058829836
HnXxs0nj.png,pegon,4,pegon,1,0.0051980033,0.004111959,0.034715988,0.0054209265,0.005748049,0.93876356,0.006041578
NUG0ZCAD.png,sunda,5,sunda,1,0.0077242195,0.006347568,0.007015832,0.006971439,0.0067833955,0.0077924076,0.9573652
QaoqPD7L.png,pegon,1,pegon,1,0.0045057987,0.012033147,0.0026905353,0.0057883854,0.0065399124,0.96258557,0.0058566174
jt0aqwhU.png,jawi,5,jawa,0,0.010430992,0.65742856,0.23349948,0.025367105,0.030748343,0.016250778,0.02627478
BhiuLRr2.png,lampung,1,lampung,1,0.007909822,0.00672282,0.007647769,0.9557907,0.0078828335,0.006163185,0.0078828335
CAZa9BgO.png,lontara,1,lontara,1,0.008804065,0.008907843,0.007105421,0.009376455,0.9471298,0.010868915,0.0078075896
BrTrh4N8.png,pegon,4,pegon,1,0.009377192,0.009947909,0.0054297526,0.008430322,0.008550546,0.9495195,0.0087447725
GHtlrUYI.png,lampung,5,lampung,1,0.007314936,0.004699873,0.0068717464,0.9422934,0.006858338,0.025391769,0.0065698856
7C4dhdUD.png,pegon,3,pegon,1,0.00837696,0.0050388826,0.0060958858,0.008230994,0.006119744,0.9583674,0.0077701523
N9oIyPsL.png,jawa,5,jawa,1,0.010172727,0.93195873,0.010093563,0.009417427,0.009735364,0.012555511,0.016066585
UsOFPTQ6.png,jawa,5,jawa,1,0.0049190433,0.9633894,0.0060682776,0.0061698616,0.0072027408,0.00646596,0.0057847393
PQ7tQnAM.png,bali,2,bali,1,0.9783775,0.0034670967,0.0036979206,0.0038640504,0.002849172,0.0035354788,0.0042087473
AV21BGRM.png,jawa,3,jawa,1,0.0074905395,0.95041865,0.0056403684,0.008250887,0.008575376,0.010952018,0.008672223
AGwnFjLN.png,jawi,5,jawi,1,0.012753609,0.01150506,0.9342644,0.012145833,0.011477005,0.0061792987,0.011674832
z25GgvQ7.png,bali,1,bali,1,0.960958,0.0064843763,0.0048211324,0.009799178,0.0068121785,0.0042712865,0.006853884
Jigrj2ce.png,bali,1,bali,1,0.96540356,0.002855663,0.007566036,0.006237342,0.0063883737,0.0038956127,0.0076533537
LFeIfTGq.png,bali,3,bali,1,0.96937996,0.007847935,0.0035650851,0.004443324,0.0074812416,0.0028064772,0.0044759875
n0goOgWX.png,jawi,3,jawi,1,0.006528283,0.008208318,0.9492159,0.006229332,0.0064207986,0.017161986,0.0062354174
rkMxZpwm.png,jawi,3,jawi,1,0.0059251236,0.0069001648,0.95547575,0.006813119,0.0070122504,0.011080404,0.0067931875
UYMVVXz7.png,sunda,2,sunda,1,0.009003116,0.00882467,0.010246798,0.005968156,0.007529734,0.008153519,0.95027405
sOdkpLe0.png,lampung,3,lampung,1,0.009717361,0.0069108587,0.0046193865,0.9583593,0.0069345194,0.0077209217,0.0057377014
IQEADn7h.png,sunda,4,sunda,1,0.006803379,0.0036755274,0.005327012,0.006803379,0.006542745,0.0040763924,0.96677166
RKoBPxWp.png,jawi,2,jawi,1,0.006034408,0.0075319754,0.9726237,0.004202423,0.0045706057,0.0019109022,0.003126027
pZUAPSJA.png,jawi,5,jawi,1,0.004659745,0.014273089,0.95920914,0.005373819,0.0055769845,0.0028125118,0.008094678
i5DPKVgT.png,pegon,1,pegon,1,0.0029808441,0.0047101793,0.0012008465,0.0026512176,0.0037042901,0.9814995,0.0032531016
yc6kptPg.png,pegon,5,pegon,1,0.0063154423,0.007905883,0.009429817,0.004452156,0.008289341,0.9567151,0.0068922676
WEIlqzCv.png,lampung,3,lampung,1,0.007916195,0.006718388,0.008728269,0.95516056,0.0065563503,0.006385737,0.008534408
qOLZPadE.png,sunda,3,sunda,1,0.007582348,0.0065459744,0.005723456,0.0076455493,0.007472088,0.0076492834,0.95738137
N7QvjGkQ.png,jawi,1,jawi,1,0.002094502,0.003035602,0.9782843,0.003187503,0.0039130454,0.007616611,0.0018683546
CMiSgpjz.png,lampung,5,lampung,1,0.0048620286,0.006720659,0.0037644296,0.9710042,0.004299114,0.0038991268,0.005450534
IvNIEbH7.png,jawa,5,jawa,1,0.009665851,0.9366687,0.008336554,0.009111316,0.010952844,0.013334791,0.011929906
xbd4kNho.png,pegon,4,pegon,1,0.0065487125,0.0048334356,0.005215992,0.0028805446,0.0046755853,0.96153045,0.014315275
b8cnvvu8.png,jawi,3,jawi,1,0.0062211216,0.0066385367,0.9605452,0.0050552674,0.0058929157,0.009907403,0.005739567
059PtM6A.png,lampung,4,lampung,1,0.010526602,0.007270233,0.008388441,0.9383659,0.017702058,0.009636198,0.008110531
eZb2ZtKt.png,lampung,4,lampung,1,0.015481477,0.009362521,0.0076414663,0.92562073,0.008752433,0.015992422,0.017148988
c3oMeXAl.png,lampung,5,lampung,1,0.0044587487,0.0040995767,0.0046681673,0.97037315,0.0056089316,0.004887423,0.005903999
IqddosIj.png,jawi,4,jawi,1,0.0046600695,0.005729186,0.9715319,0.006800255,0.003837014,0.003711705,0.0037298729
c2bTNPmY.png,jawa,3,jawa,1,0.008357652,0.95196587,0.007782585,0.008758745,0.008252221,0.0091388365,0.005744125
7fghRvc5.png,pegon,1,pegon,1,0.0040033655,0.007410205,0.006639222,0.004439985,0.0044140457,0.9681787,0.004914616
mVMooAGj.png,jawa,5,jawa,1,0.005634699,0.9513195,0.007926824,0.0063974336,0.009326409,0.009501073,0.009894035
EGZLyhHx.png,jawa,2,jawa,1,0.006138872,0.9627722,0.009615454,0.0057025333,0.0041843033,0.006464973,0.0051217116
FFKi71pa.png,jawa,5,jawa,1,0.0049769073,0.9680817,0.005323822,0.0044787317,0.004909327,0.007644664,0.004584942
kgpc0efu.png,pegon,2,pegon,1,0.0044765975,0.004338867,0.017964358,0.010347592,0.0077348673,0.9498321,0.0053057186
0ZwPS01z.png,lampung,1,lampung,1,0.008147301,0.0060103773,0.0071235728,0.95419717,0.008895783,0.009382067,0.006243703
WpCZ3yCp.png,pegon,1,pegon,1,0.004679644,0.0045378814,0.0058495607,0.0042671105,0.00486131,0.97038674,0.0054178894
jxGBmLgw.png,lampung,4,lampung,1,0.0064060953,0.00539184,0.0037311728,0.96430737,0.0065038,0.0072661494,0.006393596
H6sPeZfX.png,sunda,5,sunda,1,0.0076173935,0.005834757,0.00857702,0.0071593737,0.0074883187,0.008069176,0.9552539
LUx7dvO2.png,jawi,5,jawi,1,0.005141937,0.006275471,0.9553132,0.008403437,0.005958929,0.01339591,0.0055111083
zVkuWjr5.png,jawi,5,jawi,1,0.009583898,0.05706917,0.6411153,0.01595624,0.016608076,0.24429235,0.015374966
nK5Xw7Ok.png,jawa,1,jawa,1,0.058833648,0.792319,0.030245248,0.020868596,0.06725783,0.014568628,0.015907027
VZJcgBEk.png,jawi,4,jawi,1,0.007040045,0.009128306,0.9374994,0.015331889,0.013288096,0.011595743,0.0061164973
BX4Gd0C8.png,sunda,4,sunda,1,0.008367056,0.006732974,0.0068390025,0.009220878,0.009989638,0.008137395,0.95071304
dc2goLsE.png,jawi,2,jawi,1,0.008819685,0.008958575,0.9446499,0.0075365133,0.009882404,0.012377167,0.007775748
BtU4g1Hx.png,jawi,5,jawi,1,0.0049286913,0.0066355183,0.9419981,0.008705206,0.004114056,0.028543271,0.0050752233
eMvkTLqG.png,lampung,1,lampung,1,0.010261227,0.009513281,0.01037205,0.94282466,0.010241206,0.0074125705,0.009374943
biDJRFFE.png,bali,2,bali,1,0.9767418,0.005916689,0.003102689,0.0040466697,0.0030905928,0.0034243169,0.003677345
xgSE9Xiu.png,sunda,1,sunda,1,0.0027833104,0.003465578,0.004647532,0.003349127,0.004244042,0.0030838542,0.9784266
3R1NnJ2M.png,bali,5,bali,1,0.95822966,0.009122927,0.0076598004,0.0064628087,0.006869554,0.0061970404,0.005458198
7ddFScRx.png,sunda,2,sunda,1,0.007904547,0.0048746085,0.008831087,0.008283894,0.00544865,0.0081038615,0.9565534
li75D5Fn.png,jawi,5,jawi,1,0.008580197,0.007407435,0.9467832,0.007594213,0.009187246,0.009446537,0.011001064
qfYf8tKY.png,jawi,2,jawi,1,0.0036349942,0.003374978,0.9826146,0.0028281733,0.003158138,0.0015527408,0.0028364712
HKhFOOH6.png,jawa,4,jawa,1,0.11081047,0.71572775,0.036124513,0.01601451,0.01161394,0.07649427,0.033214524
lS6hggH7.png,bali,1,bali,1,0.96301764,0.007226377,0.005293388,0.0066102827,0.008083284,0.0046260017,0.0051430683
VSr6yCsj.png,pegon,4,pegon,1,0.0033730632,0.003958945,0.017928911,0.005093324,0.0044036023,0.95930773,0.005934381
AloU5wrU.png,jawi,4,jawi,1,0.006355621,0.016975338,0.56104904,0.011363361,0.060197487,0.33665752,0.007401505
MISL9rCO.png,sunda,5,sunda,1,0.010085188,0.008147319,0.008072083,0.009618656,0.011444768,0.012308456,0.9403236
vKycnJKI.png,jawi,1,jawi,1,0.0055374107,0.0066793924,0.9683461,0.004870074,0.0074060597,0.0028840147,0.004276891
sYLybXp7.png,jawi,2,jawi,1,0.00069143844,0.0010772141,0.99476165,0.0020362237,0.00060781336,0.00051887584,0.0003068239
mu7kzU3n.png,jawi,1,jawi,1,0.17752445,0.008258453,0.65605015,0.034163542,0.010624793,0.06914612,0.044232503
ZkmxSFAa.png,jawa,3,jawa,1,0.006154375,0.9479224,0.012658826,0.008527832,0.010326788,0.004859012,0.0095507195
nZz5GTFx.png,jawa,5,jawa,1,0.011889803,0.95146734,0.0037798525,0.0041920952,0.007451356,0.013433499,0.0077861096
CmobSflw.png,sunda,4,sunda,1,0.008050339,0.004971794,0.005020584,0.0062696105,0.007104399,0.0052666683,0.9633167
QAKFrDgQ.png,jawa,1,jawa,1,0.006209532,0.96250814,0.0053320816,0.008847097,0.006883401,0.005400206,0.004819487
K2PaiYL2.png,pegon,3,pegon,1,0.0050773714,0.0060827546,0.006580238,0.007139294,0.0057477993,0.9647451,0.0046275156
NMYP4oXy.png,bali,1,bali,1,0.9524792,0.008940676,0.008264737,0.009601318,0.008450408,0.003780179,0.0084834825
banMNyl9.png,jawa,5,jawa,1,0.01076457,0.94331914,0.0066027786,0.0068859477,0.007111473,0.01411181,0.011204317
9TIwmyrv.png,pegon,3,pegon,1,0.04318095,0.015066624,0.026494445,0.00898791,0.01640265,0.88339376,0.006473749
VMm4ACdA.png,jawi,3,jawi,1,0.00508469,0.007333441,0.9300314,0.011111407,0.0068155224,0.03432596,0.005297577
k1HYZC3N.png,pegon,3,pegon,1,0.004812616,0.0036168236,0.0034952904,0.003331974,0.0030486465,0.97865784,0.0030367612
KfZGBti5.png,lampung,5,lampung,1,0.0064834603,0.005981599,0.00517159,0.9608223,0.007296672,0.00690835,0.0073359683
cOdlpeVb.png,lampung,2,lampung,1,0.008633054,0.010702122,0.004802672,0.9479755,0.009472299,0.007712214,0.010702122
GJn2h5si.png,sunda,4,sunda,1,0.0038949684,0.0073052393,0.005282361,0.007380532,0.00890697,0.0048096445,0.9624203
Y8wwoa2G.png,sunda,3,sunda,1,0.009855095,0.004847756,0.010744721,0.007402782,0.008323172,0.008470771,0.95035565
s2Wia4bd.png,jawi,4,jawi,1,0.007037023,0.011970378,0.938929,0.012206474,0.018301733,0.004761488,0.0067939255
cofw2LvW.png,jawi,1,jawi,1,0.009294981,0.0121822795,0.78294957,0.015950873,0.021297213,0.14511426,0.013210831
dc7ZRPdw.png,sunda,5,sunda,1,0.007382061,0.004414492,0.007196985,0.008123458,0.010070393,0.0067510456,0.9560616
5T0dm9Gw.png,sunda,5,sunda,1,0.0066878474,0.0067600766,0.0038199353,0.008441856,0.008286663,0.007259589,0.958744
D2nMveQI.png,sunda,3,sunda,1,0.007981006,0.0058819526,0.010829137,0.005442573,0.008470884,0.005907858,0.95548666
3ETWdE3i.png,jawi,1,jawi,1,0.005628372,0.012687605,0.9652156,0.0046774903,0.0054953075,0.002225732,0.004069831
v7fdXPDg.png,bali,3,bali,1,0.947274,0.009680295,0.008296183,0.009241513,0.007812592,0.007824046,0.009871221
50c0r3ps.png,lampung,4,lampung,1,0.004153378,0.004378282,0.004530517,0.96786624,0.0054462003,0.006141293,0.007484163
uNiCVHcx.png,pegon,1,pegon,1,0.0048889276,0.00667911,0.006320567,0.004570352,0.005515589,0.96594393,0.0060813986
nm4GCtyx.png,jawi,3,jawi,1,0.004570527,0.0057048015,0.95659345,0.006969221,0.0066761053,0.01075731,0.008728566
UBZ0Xc6l.png,pegon,3,pegon,1,0.005329743,0.0039241533,0.0040054605,0.0028625731,0.007191239,0.97437775,0.0023091447
YecdarSS.png,jawa,2,jawa,1,0.0039975634,0.95271695,0.014226327,0.007490345,0.0051782858,0.0076120156,0.008778505
OaN8pLgz.png,lampung,1,lampung,1,0.006936557,0.009955585,0.006115515,0.95211,0.008884998,0.0077156513,0.008281728
MX3Ji3AN.png,sunda,2,sunda,1,0.011555966,0.012229394,0.008942848,0.010973069,0.010703188,0.010399244,0.9351963
vgRJHnKD.png,jawi,1,jawi,1,0.006190666,0.0055519873,0.9623993,0.00977263,0.005846913,0.0036517652,0.0065867133
hYC2zOw5.png,lampung,5,lampung,1,0.004322468,0.0051055616,0.0036541293,0.973423,0.003700815,0.0045877825,0.00520626
MSzffMvS.png,sunda,3,sunda,1,0.003329754,0.0039272425,0.0073173773,0.0035514345,0.0034120474,0.0042692306,0.974193
yyOXAE0f.png,jawa,4,jawa,1,0.008721687,0.9332418,0.010510095,0.011303248,0.013035394,0.011605247,0.011582602
oDQI5gsn.png,lampung,3,lampung,1,0.004581124,0.0040586516,0.005899539,0.9710615,0.005252285,0.0042079836,0.0049388856
0Z2Jjwaj.png,bali,5,bali,1,0.9578683,0.0073492117,0.006951302,0.006914066,0.008194636,0.005679031,0.007043552
bwhFMiaz.png,lampung,3,lampung,1,0.0049083554,0.009278109,0.008656599,0.9594206,0.0076022097,0.0055456245,0.0045885136
ITFXxOsG.png,jawi,2,jawi,1,0.0071776486,0.18135639,0.7986205,0.004026296,0.00334771,0.000859763,0.0046116654
v0FFyutp.png,bali,5,bali,1,0.9633446,0.0061395233,0.008003539,0.0056920103,0.0059072054,0.006032545,0.0048805354
4BRYud4M.png,jawa,5,jawa,1,0.0022055071,0.97626185,0.0043648095,0.0050756447,0.0046372497,0.004558673,0.0028962544
EgX2GsDV.png,pegon,4,pegon,1,0.001313514,0.004034072,0.052110683,0.002589376,0.0021072046,0.9354852,0.0023599572
FAOJrTap.png,sunda,1,sunda,1,0.0073230276,0.0069333035,0.0073445137,0.008461742,0.009252655,0.009485962,0.9511988
V3alfTzs.png,sunda,5,sunda,1,0.0056593274,0.011434946,0.0042077084,0.0064379564,0.005948325,0.0066261226,0.9596856
C4r0rPb0.png,lampung,1,lampung,1,0.007896573,0.010186543,0.006907721,0.9555884,0.0066268914,0.0056599835,0.007133959
TiF8BFmI.png,lampung,4,lampung,1,0.009409425,0.0068639438,0.0062925606,0.9611944,0.0063202744,0.004669389,0.005249935
ItBpjENw.png,lampung,1,lampung,1,0.01274831,0.009996496,0.012380242,0.9279672,0.01213486,0.01147784,0.013295039
p7yDELw7.png,jawi,2,jawi,1,0.06566412,0.0019350607,0.92434376,0.0031717368,0.0020438312,0.0012168572,0.0016247176
IOn7guJI.png,pegon,3,pegon,1,0.007684512,0.0057413992,0.004063318,0.0086610485,0.007543244,0.9599139,0.006392496
L7k1sFz3.png,jawi,1,jawi,1,0.008172537,0.026947608,0.69244754,0.00939735,0.008640353,0.25005424,0.0043404014
7HLPSYjW.png,pegon,2,pegon,1,0.0006455635,0.00029671734,0.0045907265,0.0010106671,0.00045777313,0.9925317,0.00046680187
04PfhVTQ.png,lampung,3,lampung,1,0.012306183,0.008377758,0.0067977784,0.9496078,0.008263998,0.007096237,0.007550217
ZJF4UG25.png,pegon,1,pegon,1,0.01033176,0.009131113,0.003992985,0.009555317,0.009989468,0.949769,0.0072303615
M4F2zReM.png,pegon,3,pegon,1,0.0044564465,0.0037017467,0.0057445862,0.0051443875,0.0051043546,0.9698721,0.0059763426
cfXrWE4c.png,pegon,4,pegon,1,0.0059518535,0.005723842,0.013607308,0.0059518535,0.0063295304,0.9551111,0.00732448
YIKSmxn7.png,sunda,5,sunda,1,0.008409117,0.0053230217,0.0078630755,0.007680928,0.008466799,0.0065314635,0.9557256
MrRRhwJU.png,sunda,1,sunda,1,0.0046715145,0.005429646,0.009070773,0.005403199,0.006249484,0.0066039944,0.96257144
ovMD4LsF.png,sunda,1,sunda,1,0.007480049,0.005808426,0.007335371,0.007846682,0.007904365,0.0075608334,0.95606434
bEz398vp.png,bali,3,bali,1,0.96933216,0.0038848175,0.004477952,0.0054278807,0.0058890325,0.006637402,0.00435079
EiNupSzt.png,pegon,3,pegon,1,0.004874058,0.003960646,0.0035711639,0.0034142905,0.0051631345,0.97483337,0.004183276
0v4qq5XW.png,jawi,1,jawi,1,0.0024336749,0.005251141,0.97512573,0.002845254,0.004607042,0.0067988,0.0029384403
f5CJwsoy.png,jawa,5,jawa,1,0.011225725,0.93502307,0.008721285,0.011231206,0.009892165,0.012347119,0.011559468
JHYA3rd3.png,lampung,3,lampung,1,0.010308355,0.008234604,0.005612771,0.9503977,0.008238627,0.009132696,0.008075333
qDrNSpsf.png,pegon,2,pegon,1,0.0061833574,0.009456158,0.0021907934,0.009442316,0.0055238134,0.9631424,0.0040610894
2EO9FTCE.png,jawa,2,jawa,1,0.044311043,0.6565735,0.05692429,0.04209649,0.043859,0.09958866,0.056647014
KFJxWis1.png,sunda,5,sunda,1,0.0069473335,0.0049288035,0.007217033,0.0067467517,0.0070018223,0.008433447,0.9587248
vSycO5gD.png,sunda,1,sunda,1,0.0041552037,0.004003833,0.0043228385,0.0055074394,0.005021931,0.0068041016,0.9701847
KGpeYuie.png,jawi,2,jawi,1,0.004055874,0.0021646018,0.97800785,0.004200999,0.0031618036,0.0046614488,0.0037474085
NCEuKjzH.png,jawa,2,jawi,0,0.0,8.932442e-09,0.9976768,0.0,4.8799833e-29,0.0023231623,2.2022092e-21
UBUA34MZ.png,lampung,3,lampung,1,0.007183799,0.006477358,0.007134858,0.96132517,0.008427467,0.0042770933,0.0051742964
awOVGOWV.png,jawa,5,jawa,1,0.007904673,0.9509801,0.0071972865,0.008115869,0.0072466554,0.0074839937,0.011071433
HUHXbpnk.png,lampung,2,lampung,1,0.012118887,0.008392458,0.008106494,0.94756544,0.00706026,0.0080552,0.008701247
iOSiTh96.png,sunda,3,sunda,1,0.005618011,0.006313416,0.006816438,0.0045696413,0.0047424035,0.0061461227,0.96579385
v25Qnp6n.png,jawa,5,jawa,1,0.0072153276,0.9556942,0.006138537,0.006505786,0.008386291,0.00809263,0.007967164
SJL3X7Y0.png,sunda,5,sunda,1,0.0060545774,0.005629725,0.0051034465,0.0053719208,0.0052346853,0.0052705915,0.9673351
CChOx7ZJ.png,lampung,3,lampung,1,0.011391223,0.0074305297,0.0094482675,0.9451089,0.009095187,0.009757713,0.007768139
O6Ox0y1L.png,jawi,1,jawi,1,0.004445079,0.0028699588,0.9150201,0.0049010715,0.0095211575,0.06058833,0.002654278
4IKYdzor.png,jawa,2,jawa,1,0.0045834356,0.9687092,0.0043225912,0.006780497,0.006944682,0.0058081686,0.0028514836
kva2zkfH.png,jawa,4,jawa,1,0.01022196,0.95330864,0.0055916077,0.007494997,0.010541292,0.006256191,0.0065853074
YGpRlb2B.png,jawa,3,jawa,1,0.008787933,0.95141447,0.0070475237,0.0076649715,0.007400181,0.008103733,0.009581223
nokLBlBV.png,jawa,4,jawa,1,0.007819584,0.9325112,0.005550332,0.011567886,0.011477863,0.02658279,0.0044904086
W4IGoj5g.png,jawi,5,pegon,0,0.0011912645,0.0020948215,0.0043172254,0.0016330427,0.0026558721,0.98514485,0.0029628393
LjlINc01.png,jawa,5,jawa,1,0.010145934,0.93451005,0.008931924,0.012831929,0.011856011,0.0131426435,0.008581363
UczBR3oQ.png,jawi,1,jawi,1,0.024065359,0.004726618,0.93114316,0.007853995,0.02276933,0.0067113205,0.002730219
SIG8yqHx.png,lampung,1,lampung,1,0.0037619835,0.0056833676,0.0052691037,0.9713212,0.006038109,0.0035792084,0.0043469635
0jYWoewl.png,jawa,3,jawa,1,0.00682268,0.9549496,0.01047982,0.006300711,0.0076597165,0.007563089,0.0062242653
8u3hqe7I.png,pegon,2,pegon,1,0.0040089637,0.004828655,0.0025507426,0.007607677,0.005279986,0.9704799,0.0052440157
Uv89X7tP.png,jawa,1,jawa,1,0.02341448,0.9282362,0.008833055,0.0059796637,0.013521518,0.00891974,0.011095377
IhCWlw5s.png,jawi,5,jawi,1,0.005044025,0.006864133,0.9602827,0.0113696605,0.0070097763,0.0029022023,0.0065274527
UIHMlYRz.png,jawi,1,pegon,0,0.007853163,0.016287675,0.13458893,0.015063637,0.06966206,0.74156886,0.014975633
sB4HeRvh.png,pegon,5,pegon,1,0.008914997,0.0076702125,0.005855168,0.005683343,0.00916213,0.95439225,0.008321873
OFEX7PTu.png,lampung,1,lampung,1,0.008900623,0.006617612,0.007710374,0.9528535,0.010249559,0.0064108786,0.0072573866
XKjfH0QS.png,pegon,5,pegon,1,0.003873223,0.006921644,0.0035926558,0.0031274557,0.0049394355,0.9740189,0.0035266094
L6JLMT8t.png,pegon,4,pegon,1,0.0065475157,0.0058691553,0.0062690736,0.0073114177,0.0071875285,0.9594789,0.0073364507
pFtAfUA2.png,jawa,4,jawa,1,0.0026067477,0.9821499,0.0024704305,0.003659984,0.0029974193,0.0022080014,0.003907464
x6oo9Aql.png,bali,3,bali,1,0.9403974,0.010544242,0.0095027,0.009405757,0.008601758,0.01022482,0.011323373
gxawh0TK.png,jawa,3,jawa,1,0.011777905,0.96793103,0.0034840927,0.0049037714,0.003450234,0.00476219,0.0036907324
rtw44wJm.png,lontara,2,lontara,1,0.005995126,0.005092969,0.004211923,0.006292048,0.9662922,0.0056649954,0.0064507015
4H4iNRc7.png,jawa,5,jawa,1,0.0039562,0.968996,0.004456771,0.005465885,0.0050848243,0.0065099434,0.0055303155
Hl8xjNWf.png,pegon,5,pegon,1,0.008459808,0.007687712,0.0076839593,0.009359582,0.008009586,0.95144576,0.007353598
92dUXFMO.png,lampung,1,lampung,1,0.007973287,0.0061793556,0.0079383245,0.95269984,0.007992777,0.0077847834,0.009431598
9PcFRZ1a.png,jawi,3,jawi,1,0.0023736001,0.0046700314,0.9372251,0.005194555,0.0062231426,0.04052059,0.0037930023
GBb3BoJ9.png,lontara,2,lontara,1,0.0073611205,0.006643728,0.0051013897,0.008386166,0.95521355,0.008244065,0.009049914
NeawVRDP.png,bali,4,bali,1,0.973281,0.0032559289,0.004038243,0.00554664,0.0051599494,0.004254834,0.004463384
F9CyrLAy.png,jawa,5,jawa,1,0.010813064,0.9356152,0.010373466,0.009163495,0.007754207,0.010424241,0.01585631
XI2R8ol5.png,pegon,4,pegon,1,0.0044933977,0.0037801266,0.00057631446,0.0110352235,0.0037875168,0.9731505,0.0031769748
pRUGvPz0.png,lampung,2,lampung,1,0.00664552,0.0027299807,0.010877984,0.97194046,0.0025421379,0.0021765304,0.0030874372
h5H6NqO6.png,lontara,5,lontara,1,0.0070270402,0.005685116,0.005817094,0.005746516,0.9650008,0.004917656,0.0058057434
L9sm0IQZ.png,jawi,4,jawi,1,0.008737141,0.00790878,0.9538001,0.008353338,0.006547012,0.006156358,0.008497321
omY5e6NR.png,jawa,5,jawa,1,0.0045303833,0.9444949,0.018318314,0.008861402,0.010056004,0.004946584,0.008792441
TfWm5aLZ.png,bali,5,bali,1,0.9663653,0.012792972,0.0032549682,0.0063171512,0.0055287825,0.0022110417,0.0035297857
frP1Ukwx.png,jawa,1,jawa,1,0.0044359164,0.9710773,0.007224855,0.0046533425,0.005995468,0.004112581,0.0025005033
tJFmzNpq.png,pegon,2,pegon,1,0.0062636496,0.0031250508,0.0005624836,0.0150367245,0.006567455,0.96287084,0.0055737263
mCEbvbBD.png,jawa,1,jawa,1,0.0025300896,0.97492087,0.0068023517,0.0033847173,0.0045258156,0.0045169843,0.003319251
rYqPG6oa.png,lampung,2,lampung,1,0.0075013433,0.0058763837,0.0037627148,0.966778,0.0044422294,0.0049315263,0.006707764
AZyLYkMY.png,pegon,4,pegon,1,0.006158622,0.008430178,0.010465942,0.0033093747,0.0062800897,0.9569503,0.008405516
PxN5O7vl.png,lampung,4,lampung,1,0.008798978,0.00633148,0.0048285103,0.95774066,0.006097851,0.005241298,0.010961205
OGWZJ3Lo.png,bali,5,bali,1,0.95521194,0.00818389,0.010652978,0.0063363835,0.00782057,0.0063425745,0.005451646
4Tj9ZWRb.png,jawi,2,jawi,1,0.006372255,0.007413633,0.9615581,0.007157526,0.004671156,0.0036414543,0.009185959
m1olFPUG.png,lampung,2,lampung,1,0.007739517,0.006381915,0.008103029,0.95972985,0.0054454305,0.0047080275,0.007892166
6CO12kU7.png,pegon,4,pegon,1,0.004922814,0.0037524006,0.004045443,0.011053179,0.0038338911,0.9641279,0.008264313
Uih4QEem.png,jawa,1,jawa,1,0.000833821,0.984843,0.0023203106,0.004416094,0.0041586775,0.0018974846,0.001530639
Hqycc2CT.png,jawa,2,jawa,1,0.0074547804,0.9444968,0.013815606,0.011389406,0.0060488675,0.007665176,0.009129329
QDodtUa5.png,jawi,4,jawi,1,0.015715847,0.010931325,0.92710066,0.011716153,0.0077970214,0.01418769,0.012551198
7XKbgUuw.png,lampung,2,lampung,1,0.008011641,0.004979402,0.009449244,0.94983315,0.008213655,0.0098017,0.009711186
jMM7yQDq.png,jawa,3,jawa,1,0.007369405,0.9572228,0.007004521,0.007170628,0.007883089,0.0063995244,0.0069500105
YNwn6zBy.png,sunda,5,sunda,1,0.008794211,0.00803856,0.006242122,0.008858858,0.008772767,0.009984629,0.94930893
OD1NxML4.png,sunda,3,sunda,1,0.0072338358,0.0075440686,0.0048660617,0.008370934,0.0052717538,0.005287221,0.9614262
mtXl8mWc.png,jawi,4,jawi,1,0.0076707858,0.012156551,0.9419629,0.0123238955,0.013667978,0.0053082113,0.006909704
3pVcPUHm.png,pegon,5,pegon,1,0.0050400603,0.0059589753,0.0022929069,0.0021687616,0.0058010737,0.97226185,0.0064763073
dvNQ3ewl.png,lampung,5,lampung,1,0.009474341,0.0076688104,0.00769131,0.9504976,0.009223289,0.0085468255,0.0068978127
K4f4r5sY.png,lampung,1,lampung,1,0.0058555305,0.0059303427,0.0055115162,0.95912313,0.007906456,0.0093571115,0.0063159
xSWRGy3W.png,pegon,2,pegon,1,0.0057427916,0.0065520722,0.011175423,0.010108485,0.0066682636,0.95174485,0.008008191
MdcU56qK.png,pegon,5,pegon,1,0.006276748,0.005311423,0.0019040458,0.0032199684,0.008061472,0.9691339,0.0060925507
5sy0IqlF.png,bali,3,bali,1,0.94864386,0.009581351,0.00958603,0.008513511,0.0071376604,0.008135558,0.0084020095
pTUfcyY7.png,jawa,1,jawa,1,0.005051575,0.96265984,0.0046401154,0.008353076,0.006715163,0.004963554,0.0076167104
Oom4Ri7W.png,lampung,5,lampung,1,0.0044995896,0.0070615862,0.0055399975,0.9659642,0.0052477256,0.0052759876,0.0064108386
C560HZz8.png,sunda,1,sunda,1,0.0039516576,0.004775928,0.0048772637,0.0034839218,0.003487326,0.0020421005,0.9773818
cwHNpPeT.png,jawi,3,jawi,1,0.004923041,0.005149235,0.96417236,0.005179495,0.0072900066,0.0078631565,0.0054227663
ZNS4VDpK.png,jawi,4,jawi,1,0.00431727,0.0047138925,0.9675167,0.008216777,0.005243343,0.003915594,0.0060764477
UQ9GdfEO.png,sunda,3,sunda,1,0.0058079795,0.005759968,0.0053244988,0.006231052,0.0048149843,0.005745922,0.9663156
ZfFzg400.png,jawa,4,jawa,1,0.0094043715,0.93112123,0.01224168,0.010333726,0.01590003,0.011789966,0.009208974
jAlMSOwd.png,lontara,3,lontara,1,0.008341417,0.0040981667,0.0056953006,0.007843693,0.958738,0.009768785,0.0055146865
jidw2Jb4.png,jawi,5,jawi,1,0.010414567,0.01354342,0.8954326,0.010094143,0.015649391,0.032068357,0.022797542
Xj5Wpd93.png,pegon,4,pegon,1,0.005228603,0.005410404,0.008054839,0.006469085,0.0073987567,0.9591602,0.008278127
Pyd1AoDN.png,lontara,3,lontara,1,0.0076090554,0.006246825,0.007235837,0.008281762,0.95654076,0.007383957,0.0067018652
NpIPw3S7.png,lontara,2,lontara,1,0.0065216254,0.0068112845,0.005730078,0.007236427,0.9561517,0.0077635525,0.009785341
a88RRy4F.png,lontara,4,lontara,1,0.005835156,0.0062114913,0.006266325,0.006554238,0.96140254,0.0076626814,0.006067602
TBPIecyV.png,jawi,4,jawi,1,0.0034594336,0.0030889267,0.9809935,0.0034526836,0.003863048,0.001573054,0.003569248
kdPdi24C.png,sunda,4,sunda,1,0.00953471,0.0069248374,0.007873735,0.007892982,0.010036297,0.010016715,0.94772077
BbQr3FWQ.png,sunda,2,sunda,1,0.004017175,0.0034461536,0.00807539,0.003209033,0.0038482181,0.004936387,0.97246766
lCltpq6D.png,lontara,2,lontara,1,0.008880955,0.007700852,0.0056671733,0.009012005,0.94935626,0.01051041,0.008872286
Aba07xLP.png,jawa,4,jawa,1,0.12316869,0.36919805,0.09546829,0.023281556,0.051728103,0.21981332,0.11734202
FXBWYuzP.png,bali,5,bali,1,0.96675915,0.007377694,0.0049798256,0.0043138894,0.00556354,0.0054559316,0.005549974
1Qp2uts3.png,sunda,3,sunda,1,0.004866543,0.005670152,0.005236357,0.004030568,0.004621069,0.0055659143,0.9700094
gVlgBbdG.png,jawi,3,jawi,1,0.0061689056,0.0050818427,0.96748245,0.0048823897,0.0052611087,0.0052997842,0.0058235168
fXO2nyNA.png,sunda,3,sunda,1,0.006421628,0.0059043374,0.006062089,0.0043834485,0.0047768117,0.005334125,0.9671176
WNmGDNed.png,jawa,1,jawa,1,0.018330337,0.9094629,0.015041357,0.0063471794,0.00962175,0.022834761,0.01836169
wVpJ4Ksb.png,pegon,5,pegon,1,0.005234818,0.005275875,0.0040175957,0.0046559433,0.0049272706,0.97162,0.004268363
q6G0VIbY.png,lampung,5,lampung,1,0.005276811,0.0042587104,0.004828108,0.973217,0.004804591,0.003527149,0.0040875706
Sw0B6IsZ.png,sunda,5,sunda,1,0.010497121,0.0074982913,0.007687361,0.010208993,0.008839462,0.012191747,0.9430769
HoKcpTr0.png,lampung,3,lampung,1,0.009840659,0.008059211,0.006863181,0.9503546,0.008620978,0.009145669,0.007115702
lYTUM12w.png,sunda,1,sunda,1,0.004838973,0.003371556,0.010181771,0.0050811144,0.00677094,0.0061830995,0.9635725
A7D61LYF.png,lampung,3,lampung,1,0.006566771,0.00887981,0.0075804824,0.9566786,0.0068117105,0.0063090376,0.0071735536
6OyKP4IH.png,lampung,1,lampung,1,0.008431816,0.007297129,0.0090195555,0.9464474,0.009939959,0.007840153,0.011024044
bzwyPpve.png,lampung,4,lampung,1,0.0089888,0.005192168,0.005032422,0.94783705,0.008481387,0.00930589,0.015162217
b7Y33DMB.png,jawi,1,jawi,1,0.003150788,0.003549452,0.97937083,0.0032955543,0.0026950117,0.0040476676,0.0038907034
P4C9gxu6.png,pegon,4,pegon,1,0.0064060683,0.005154967,0.011076804,0.0053082253,0.0058242544,0.9567991,0.009430646
h93bYqfg.png,jawa,4,jawa,1,0.008942671,0.9238314,0.016020067,0.010383815,0.013087972,0.01143785,0.016296199
cb9rjyqL.png,bali,1,bali,1,0.9708254,0.0041782996,0.006377371,0.004300421,0.0064117163,0.0030929432,0.0048138923
D5crw9Eh.png,sunda,5,sunda,1,0.011997803,0.01006623,0.0074223727,0.005923413,0.012821579,0.006774667,0.9449939
iNZ4BuiK.png,bali,1,bali,1,0.95580804,0.008755534,0.0061843987,0.009395611,0.007536694,0.006512918,0.005806869
dYpcQD9t.png,pegon,1,pegon,1,0.005187641,0.0036074382,0.005055113,0.0055411225,0.006557793,0.96946836,0.00458255
mLWT01gy.png,jawi,3,jawi,1,0.0042180666,0.004197521,0.97433937,0.003473077,0.0045275353,0.0037079183,0.0055364277
7y9aXDQr.png,lontara,3,lontara,1,0.0029854446,0.0024200487,0.035788808,0.013564017,0.9297907,0.0096512595,0.0057997284
PqfVijU9.png,pegon,4,pegon,1,0.0060750498,0.007877068,0.0053612124,0.00907974,0.007019706,0.95882976,0.005757361
CxHXAQm8.png,lontara,1,lontara,1,0.008255796,0.0076018823,0.008896185,0.010833509,0.9463521,0.008332744,0.009727704
yiqF8QCu.png,lampung,1,lampung,1,0.009999732,0.008193487,0.008193487,0.94703835,0.008941845,0.009883232,0.0077498658
9iUNEAlW.png,sunda,5,sunda,1,0.009677571,0.009653972,0.0063653276,0.008858983,0.009153597,0.007894749,0.9483958
CbVd9pQj.png,jawa,5,jawa,1,0.004433053,0.9647809,0.0051424317,0.005612119,0.0060859513,0.008261838,0.0056838207
cuPOZQqI.png,sunda,2,sunda,1,0.00928605,0.005839505,0.009423077,0.007367422,0.007946658,0.009227292,0.95091003
xdWsB2ue.png,bali,4,bali,1,0.9476416,0.011792949,0.0030546705,0.008562853,0.010430133,0.0048861187,0.013631718
H6ZRsQu8.png,lampung,1,lampung,1,0.0065945666,0.007993501,0.007447125,0.9569825,0.008393494,0.006010288,0.006578486
IXu0waxJ.png,sunda,1,sunda,1,0.0047635147,0.005986467,0.0063477163,0.006400627,0.0071613644,0.0049147247,0.9644255
Idz3ZeKB.png,lampung,1,lampung,1,0.008938829,0.007907772,0.008744561,0.9494966,0.008877932,0.0071650366,0.008869266
LRKYKRRj.png,lampung,3,lampung,1,0.008743278,0.0062852595,0.0073410394,0.95773804,0.0066645397,0.0067430986,0.0064847753
jVD7NbDr.png,jawi,1,jawi,1,0.003022195,0.0066952184,0.97586787,0.0020549288,0.0037980927,0.0023194614,0.0062421537
nBRxUToa.png,pegon,4,pegon,1,0.008390499,0.0043043215,0.0030196088,0.0042046118,0.0025652128,0.9712315,0.0062841936
gPy5quyo.png,lampung,5,lampung,1,0.007939954,0.008468562,0.005823194,0.95475835,0.0063025253,0.008312878,0.0083944565
hSZ0uUrp.png,sunda,2,sunda,1,0.0058406484,0.0046225893,0.0073079504,0.0056831064,0.0058950856,0.006461852,0.96418875
JrXc2T11.png,jawi,4,jawi,1,0.00027653895,0.0011563406,0.99435705,0.0007801304,0.0010862815,0.0017240472,0.0006195493
gtuMHjua.png,sunda,1,sunda,1,0.0067205215,0.00938306,0.0052853106,0.0073057506,0.008714004,0.005259566,0.95733184
Q4QYE4BU.png,jawa,4,jawa,1,0.007685295,0.948364,0.010592112,0.0072302497,0.007272739,0.009130971,0.009724615
DS1JxWyt.png,jawi,1,jawi,1,0.0050353273,0.00481884,0.9300409,0.009202783,0.0065673054,0.040347654,0.003987164
AkYVEgH5.png,lontara,5,lontara,1,0.005615764,0.0068004173,0.009204739,0.0048885993,0.96305346,0.0047660377,0.0056708744
eft7xgwP.png,lampung,2,lampung,1,0.0062806886,0.009780111,0.004759468,0.95984954,0.0057298127,0.0062287697,0.007371608
OhnOPMDS.png,sunda,2,sunda,1,0.0075668236,0.005852902,0.008726388,0.008898501,0.007910628,0.00795323,0.95309156
skeds835.png,pegon,2,pegon,1,0.009205939,0.0056910333,0.0026935095,0.01744849,0.0074333875,0.95149314,0.0060344553
zoaZ33qe.png,jawi,5,jawi,1,0.0044739405,0.0033541003,0.964217,0.010045325,0.0039986824,0.010343975,0.003566936
mnRwgtWC.png,bali,1,bali,1,0.9663491,0.0027759308,0.0052729375,0.0074378494,0.0050216555,0.009425306,0.0037172283
vIQ8bUn3.png,lampung,1,lampung,1,0.008609343,0.007931299,0.0059026806,0.9481457,0.010415319,0.010704042,0.008291662
jzfrZCcV.png,sunda,2,sunda,1,0.006493976,0.005215509,0.004847168,0.006478141,0.0061035054,0.006599463,0.96426225
N2lZSQx5.png,jawa,4,jawa,1,0.0023206007,0.9640305,0.014720459,0.0042849435,0.007382059,0.0048507378,0.0024106877
2TCrGHEY.png,sunda,5,sunda,1,0.010484347,0.00822524,0.008109591,0.01095001,0.010843597,0.01037739,0.9410099
sepgsbpK.png,lampung,3,lampung,1,0.008603522,0.0076895854,0.008756093,0.9521424,0.008157592,0.007914335,0.0067365156
bpM1L0YU.png,sunda,1,sunda,1,0.0063217706,0.005179873,0.0069227954,0.0066543375,0.007521966,0.008789776,0.9586094
Gkt6R2hU.png,jawa,5,jawa,1,0.0037126946,0.954858,0.01762385,0.0073476103,0.007322539,0.0054443064,0.0036910041
FaLd07gG.png,jawi,1,jawi,1,0.007932679,0.009319636,0.9395535,0.009848305,0.011807038,0.015797213,0.0057416605
CDwQGzvG.png,jawa,5,jawa,1,0.015473607,0.89144766,0.016137213,0.020181388,0.010666046,0.023907552,0.022186574
mNNDbCbc.png,sunda,5,sunda,1,0.006134788,0.0033272929,0.008774815,0.004303735,0.006965216,0.0055396133,0.9649545
hRnz8bDl.png,lampung,4,lampung,1,0.005375722,0.004432757,0.0041116583,0.9637748,0.0075772824,0.0066381297,0.008089639
MMI4Br4B.png,jawa,4,jawa,1,0.024808211,0.8972823,0.0068174647,0.003692141,0.0052629868,0.010239226,0.05189762
P8e7aw2E.png,jawa,1,jawa,1,0.011627028,0.94601476,0.009452707,0.005964659,0.010504144,0.008893013,0.007543719
pvZaNhMJ.png,sunda,1,sunda,1,0.009312162,0.0072842604,0.0050530564,0.009792476,0.009230676,0.008532812,0.9507945
mCM5fojo.png,lampung,5,lampung,1,0.0052459403,0.004942564,0.005393997,0.96705115,0.0058494126,0.004711624,0.006805346
zIZTR6NB.png,jawa,1,jawa,1,0.005134362,0.9727199,0.0046204254,0.005699895,0.0039482014,0.0039520594,0.003925136
zVTNPC7I.png,jawa,1,jawa,1,0.011621268,0.940481,0.00999861,0.0069767474,0.012419192,0.0110836765,0.0074194605
aBxxQmvp.png,pegon,1,pegon,1,0.0095546795,0.006631273,0.010121362,0.0072865845,0.009310587,0.95063365,0.006461864
d6UmfdbO.png,pegon,3,pegon,1,0.0069678207,0.0054584346,0.0038668313,0.007750427,0.0069440464,0.9629616,0.006050793
lJgEV65w.png,lampung,1,lampung,1,0.0116897,0.011219939,0.012602604,0.92591125,0.01328503,0.012639579,0.012651929
uLik2Mic.png,pegon,3,pegon,1,0.0081607085,0.0062723267,0.0045576696,0.007817481,0.007591774,0.96044564,0.005154439
yUVMO5qG.png,jawa,1,jawa,1,0.005842621,0.963573,0.0049151774,0.0075942124,0.00606055,0.006581878,0.005432642
dNfOrGfQ.png,lampung,4,lampung,1,0.005592604,0.0061302898,0.0036982913,0.9604877,0.0071182083,0.007521999,0.009450838
5kdb9OoQ.png,pegon,2,pegon,1,0.01105795,0.0067959926,0.007574077,0.0106603205,0.00845775,0.9456571,0.0097968
LsoqvjwM.png,lampung,2,lampung,1,0.004664386,0.004921765,0.0040564486,0.96958715,0.0050458675,0.0059223054,0.005802089
lOgMq7yQ.png,sunda,3,sunda,1,0.0058990116,0.003744151,0.0037005306,0.004866631,0.005415881,0.0058731446,0.97050065
I8VCU7ZW.png,pegon,2,pegon,1,0.0046573016,0.0036342011,0.0074933963,0.010252266,0.005881634,0.96058047,0.0075007174
p9vsuZZz.png,lontara,5,lontara,1,0.009083469,0.009831169,0.008315136,0.0072525893,0.95082986,0.0071019013,0.007585818
8kNJJLPM.png,jawi,5,jawi,1,0.0025429076,0.0035581675,0.9693905,0.0026649442,0.0026261914,0.0015228945,0.017694425
cyKqY88y.png,sunda,1,sunda,1,0.0077902144,0.009821342,0.006474101,0.0084109,0.00903019,0.0074334745,0.95103973
6xrxYDDl.png,jawa,4,jawa,1,0.0069552106,0.93986964,0.010324407,0.012236614,0.008344645,0.009557844,0.012711645
z1f7z3kk.png,jawa,3,jawa,1,0.106227554,0.26836318,0.21492633,0.034352582,0.13233148,0.17892669,0.06487221
Muy5AGQx.png,sunda,5,sunda,1,0.009931648,0.013456164,0.0083469665,0.011453605,0.013016713,0.01507019,0.92872465
3MWDolhO.png,sunda,5,sunda,1,0.0071472903,0.0072918176,0.0061884853,0.006701156,0.008587667,0.008110813,0.95597273
oYO6RsA7.png,sunda,3,sunda,1,0.009518824,0.009777919,0.006991376,0.008339031,0.00807852,0.0074495524,0.9498447
7A2Pn7qW.png,lontara,1,lontara,1,0.009166141,0.0071525546,0.00830116,0.009470969,0.94737977,0.011007996,0.007521476
A4FPrMVH.png,jawi,5,jawi,1,0.0046688006,0.005901917,0.95545846,0.006606607,0.0071749063,0.014552212,0.0056371507
p9tPliQv.png,lontara,1,lontara,1,0.0076125762,0.007403624,0.0077931024,0.010362061,0.94999975,0.009268104,0.007560714
EmXlGCz6.png,lontara,2,lontara,1,0.0049078185,0.0038054532,0.0041917344,0.0058367224,0.9710978,0.00461272,0.005547726
k8F92nVC.png,lontara,2,lontara,1,0.008341528,0.0039537493,0.005691205,0.0074590635,0.9608596,0.006524999,0.0071698097
52ZlMYx8.png,jawi,2,jawi,1,0.00712537,0.006202732,0.92688155,0.00919394,0.0061125336,0.036854297,0.007629491
SNprzXc1.png,sunda,4,sunda,1,0.002909735,0.0022950564,0.0023702227,0.002929694,0.0038061442,0.0039250473,0.98176414
QtuWQqsY.png,lampung,1,lampung,1,0.006747545,0.008303677,0.008202929,0.9574341,0.007092114,0.0062648836,0.005954688
weY0gsNd.png,sunda,1,sunda,1,0.0034880752,0.0046413005,0.004797993,0.0043537165,0.0054875133,0.0034508065,0.97378063
8jmlE7EL.png,jawi,2,jawi,1,0.0024766026,0.0018548897,0.98749256,0.0029990452,0.0022265257,0.001008486,0.0019420102
Z8SISDUi.png,lontara,2,lontara,1,0.008214902,0.007217837,0.0043842574,0.0053664614,0.9597685,0.007593834,0.0074542323
G3HWtTBC.png,lontara,2,lontara,1,0.0071724453,0.009562452,0.004931952,0.007865859,0.9528017,0.0075756116,0.010090104
H4E5lG8W.png,sunda,3,sunda,1,0.007685427,0.005798433,0.0062147384,0.0069465963,0.006899271,0.0068959035,0.95955956
U9uvcDLV.png,lontara,1,lontara,1,0.0055369367,0.005665474,0.0051083425,0.008740648,0.9593218,0.009281684,0.0063450304
vYq142ou.png,bali,4,bali,1,0.98098844,0.0012516944,0.006472514,0.003002659,0.0027339524,0.0030904196,0.0024602904
PL0A1oKJ.png,lampung,3,lampung,1,0.008911988,0.0066487473,0.009136703,0.9554686,0.0073272213,0.0063815615,0.0061251125
1zpoKMml.png,lontara,2,lontara,1,0.011674839,0.008851443,0.0041425154,0.009528726,0.9466636,0.008886087,0.010252825
m5srt8Iw.png,jawa,2,jawa,1,0.004656511,0.84014875,0.07522571,0.00584628,0.004785594,0.01344777,0.055889353
G2yCEoRZ.png,jawi,5,jawi,1,0.006414233,0.007986541,0.9594228,0.006884828,0.0069864225,0.0037744169,0.008530736
Bx4XFOn6.png,jawi,3,jawi,1,0.0059732446,0.0043893657,0.9665336,0.0048680846,0.006055471,0.0064554648,0.0057248124
SPTSdbY8.png,pegon,2,pegon,1,0.0041834135,0.009281309,0.01692156,0.0069310437,0.0078080166,0.9457951,0.009079598
HiQpDzOX.png,sunda,3,sunda,1,0.009096348,0.005875912,0.010317583,0.008047122,0.008524392,0.007818602,0.95032007
cr6l2xZg.png,pegon,3,pegon,1,0.0056302943,0.0051691723,0.0056028706,0.004469179,0.005396127,0.9669608,0.0067715645
46RBQnXU.png,lampung,2,lampung,1,0.00731254,0.010103005,0.0070255366,0.9535541,0.007648523,0.0071536163,0.007202686
a4YijKsp.png,lampung,1,lampung,1,0.00690679,0.0066421954,0.0060684946,0.9596677,0.0069202934,0.0072807902,0.006513724
0IYlE6Qs.png,jawa,3,jawa,1,0.006374149,0.963254,0.005338819,0.0077717314,0.006217378,0.0063461997,0.0046977084
UyFlqvyU.png,sunda,1,sunda,1,0.007005958,0.007443252,0.005779852,0.0052089286,0.0062739705,0.0043015177,0.9639865
RiqofR4E.png,pegon,3,pegon,1,0.0033305197,0.0035871104,0.0034869476,0.0027936443,0.0032123267,0.98014313,0.0034463233
IDALtTMR.png,lampung,2,lampung,1,0.006876929,0.006562012,0.010118877,0.95505214,0.0052778763,0.009427226,0.006684904
HgSnbbkJ.png,lampung,3,lampung,1,0.00621448,0.00608536,0.012901592,0.95858306,0.006145078,0.0042524165,0.0058180434
pyLcaXqi.png,bali,3,bali,1,0.9530548,0.008837538,0.0066741817,0.00794904,0.007964581,0.00634372,0.009176133
yo273UE2.png,jawi,4,pegon,0,0.024668451,0.009254006,0.066274576,0.003677396,0.003634553,0.86030155,0.03218944
ioOoSjCm.png,jawi,3,jawi,1,0.022750143,0.04386811,0.82379925,0.019564029,0.077301696,0.0048889313,0.007827763
Dwp2FbD4.png,lampung,1,lampung,1,0.009356388,0.008556609,0.01032124,0.94648826,0.009667543,0.006990523,0.008619509
kVsbfCLh.png,jawa,3,jawa,1,0.005114716,0.9605188,0.011193409,0.006641597,0.0048142252,0.008867696,0.0028495498
9FifrhkL.png,jawi,1,jawi,1,0.00333918,0.004631467,0.9618045,0.0046359925,0.0070449235,0.013880701,0.0046632364
cFJGrF9B.png,jawi,2,jawi,1,0.0068674902,0.023640085,0.93073857,0.0073821456,0.014108388,0.0039091585,0.013354292
n03TIbyl.png,jawa,3,jawa,1,0.006656249,0.9602905,0.0060428544,0.007653818,0.007609102,0.006234675,0.0055128383
wMOIJRjE.png,jawa,2,jawa,1,0.003917897,0.97377485,0.0041828165,0.006612704,0.0041320673,0.0040383195,0.0033413519
tx4F4oiF.png,bali,1,bali,1,0.96272314,0.0054146154,0.0083719995,0.008512148,0.005646828,0.0051919515,0.0041393847
dDlkh7c0.png,jawa,1,jawa,1,0.005184537,0.97648734,0.0028520105,0.0060672597,0.0037052215,0.0031170635,0.0025866614
Y7HF0rUi.png,sunda,2,sunda,1,0.0041794945,0.0034920985,0.007367547,0.0038729575,0.0035679357,0.0035679357,0.9739522
vKlBdN8b.png,lampung,5,lampung,1,0.0041400194,0.0037456788,0.0047419225,0.9737453,0.0056697982,0.0044005774,0.003556742
XNy4Q40j.png,lontara,3,lontara,1,0.0038768107,0.0029913818,0.0026657917,0.005832584,0.97349405,0.0055981963,0.005541086
61YSLBs3.png,lampung,3,lampung,1,0.008826595,0.00744,0.00740376,0.9537356,0.008418283,0.00638244,0.007793247
9ljOkdkw.png,lontara,2,lontara,1,0.005024029,0.0025016903,0.0047450564,0.0039088987,0.97724754,0.0036792492,0.0028935217
3KOZEeBl.png,lampung,2,lampung,1,0.00955137,0.010137636,0.009198926,0.9415287,0.008794838,0.00938494,0.011403617
tMFBq7y2.png,bali,1,bali,1,0.96405953,0.0069485693,0.005356346,0.006607748,0.0064989547,0.0040709157,0.0064578317
Sc1E0PWO.png,bali,3,bali,1,0.9658523,0.0043649073,0.005612867,0.0051733414,0.008615203,0.004657777,0.005723571
ftcakUxV.png,jawa,4,jawa,1,0.007816128,0.96309704,0.0035281696,0.0052860756,0.0061259693,0.00609018,0.008056368
7e5SDrQc.png,pegon,4,pegon,1,0.004704966,0.004788402,0.023981454,0.0027363542,0.0059884316,0.9497852,0.00801515
1kJ3HQZk.png,sunda,3,sunda,1,0.009623701,0.008139661,0.012887027,0.009488388,0.009628402,0.008036978,0.94219595
D1dXd6Lh.png,lampung,2,lampung,1,0.005956784,0.0075854347,0.0066129044,0.9643408,0.004981942,0.0051300568,0.005392027
2sXwORX2.png,jawi,5,jawi,1,0.006216161,0.0068038222,0.95603746,0.009177923,0.0076422766,0.006066237,0.008056102
uAxYAGo1.png,sunda,1,sunda,1,0.0065985536,0.004713472,0.005433126,0.0063117743,0.005900482,0.005499854,0.96554273
xzlLmcIf.png,bali,4,bali,1,0.9785436,0.0020545356,0.003698548,0.0049818032,0.0034897665,0.003958287,0.0032735337
5iwefN07.png,jawi,5,jawi,1,0.0087936325,0.002148668,0.93544286,0.008733724,0.0091707595,0.012066513,0.023643838
Hi3AF3CP.png,sunda,3,sunda,1,0.0073378766,0.006616284,0.006050727,0.005552459,0.0045339987,0.0069575463,0.9629511
Gf8xn292.png,sunda,5,sunda,1,0.011117094,0.007873584,0.0087280385,0.011237159,0.011514881,0.0101197595,0.93940955
yQAw47Kt.png,lampung,3,lampung,1,0.00798919,0.0065237707,0.010568464,0.9457848,0.007095331,0.01720464,0.0048338724
cuWgXYUS.png,jawa,1,jawa,1,0.0035086814,0.96623236,0.0071607814,0.003709527,0.009558565,0.004154473,0.005675719
oQwgrAal.png,bali,2,bali,1,0.98504597,0.0021547794,0.0015795523,0.003193901,0.0020702083,0.0033866349,0.002568879
bpjjUNqd.png,sunda,2,sunda,1,0.0076734545,0.0063058506,0.008487522,0.007680952,0.006871726,0.0049157995,0.95806473
eNlIGyCS.png,pegon,3,pegon,1,0.005361087,0.0058937552,0.0045410176,0.003488526,0.0045056795,0.9720061,0.0042038583
SGSwWNym.png,lampung,2,lampung,1,0.005348428,0.007982035,0.0044145603,0.9682916,0.004750028,0.0038806472,0.0053327824
RbtuGLbZ.png,bali,2,bali,1,0.9817863,0.0036927294,0.0023679624,0.0026754036,0.002322162,0.003699949,0.0034554738
vrWwsRe1.png,jawa,4,jawa,1,0.10122694,0.83523786,0.015798943,0.007729927,0.008699481,0.008742063,0.022564739
7cLsAQW5.png,lampung,5,lampung,1,0.006068632,0.006362978,0.0054932707,0.95968944,0.006584222,0.0081822025,0.007619206
f2GtJmBh.png,pegon,2,pegon,1,0.003575311,0.00435072,0.00665352,0.004882101,0.0040355637,0.9721605,0.0043422305
JKzpVuOy.png,jawa,5,jawa,1,0.00478872,0.9676368,0.004407269,0.006723565,0.005442251,0.006507164,0.004494195
3Pmsibjp.png,bali,2,bali,1,0.97945595,0.0017521181,0.002911411,0.0037128578,0.002732348,0.0047464995,0.004688911
pH2scRzt.png,bali,2,bali,1,0.95070714,0.008498765,0.008777113,0.006306501,0.0076667555,0.008507069,0.009536774
kIJmGBUy.png,bali,2,bali,1,0.9605383,0.007995827,0.0054713488,0.0059856735,0.0056010974,0.006593264,0.007814418
pMoMzBFy.png,lampung,3,lampung,1,0.005085831,0.006110766,0.009580782,0.96164554,0.006549496,0.0050759073,0.005951748
pcOa3wc7.png,bali,1,bali,1,0.9575419,0.008777844,0.005972831,0.009950243,0.0062993322,0.0044953404,0.0069625187
iDFidsd3.png,jawi,1,jawi,1,0.0021056845,0.004796482,0.97585344,0.0034682981,0.0046716654,0.0032677236,0.0058367364
mCzFqbmg.png,lampung,5,lampung,1,0.0054925503,0.0048637544,0.0043090475,0.9713488,0.004959684,0.0044436613,0.0045824796
L1uhuG6b.png,sunda,2,sunda,1,0.009164613,0.005905573,0.006584926,0.008119396,0.0059344787,0.007306665,0.95698434
Ya5Wrs6w.png,bali,4,bali,1,0.9836181,0.0015302291,0.0036033455,0.0032158548,0.0022417423,0.0025081816,0.003282486
YpBY6tVV.png,jawi,5,jawi,1,0.008097042,0.005473385,0.9660708,0.004289821,0.005317954,0.0053361617,0.0054149036
mrVVJCYe.png,lampung,2,lampung,1,0.005350909,0.005461778,0.005799855,0.96779513,0.004927082,0.005931599,0.0047337036
sySorHqE.png,lampung,3,lampung,1,0.011742108,0.007678135,0.00818931,0.94517004,0.009334237,0.008269676,0.00961644
9OxMniUz.png,lampung,5,lampung,1,0.006144361,0.0061353673,0.0068244743,0.96081406,0.007998122,0.0060137617,0.006069813
peYcc07x.png,sunda,3,sunda,1,0.009159733,0.0069581573,0.007196581,0.008731746,0.009272231,0.009186607,0.949495
tChVi4mS.png,jawi,1,jawi,1,0.0036234756,0.0043750163,0.9756821,0.0052056178,0.004422267,0.0042445543,0.0024469823
A5UmJB3T.png,lampung,5,lampung,1,0.006999914,0.006410948,0.0058543617,0.96033734,0.0055184937,0.003845012,0.011033941
aNaBEBg4.png,jawa,1,jawa,1,0.026739629,0.9076563,0.008383752,0.011090409,0.02174049,0.016726082,0.00766337
yshb82lE.png,jawi,5,jawi,1,0.0065075634,0.008246439,0.9342667,0.008433758,0.00722435,0.027972365,0.007348874
xgcSZ6xH.png,lampung,3,lampung,1,0.0068413243,0.00498084,0.007271892,0.961307,0.007828313,0.0061265375,0.0056440304
OeRKJdnU.png,pegon,5,pegon,1,0.00682069,0.0059114676,0.0062012183,0.0055316603,0.006764307,0.9635691,0.0052015907
LELiPluX.png,lontara,5,lontara,1,0.008135781,0.0071833082,0.0072361133,0.0065724906,0.9593839,0.0058115423,0.005676918
nxq94Uy5.png,lampung,3,lampung,1,0.00740505,0.0054282416,0.005589625,0.96044487,0.0073438366,0.007878787,0.005909589
fYCyFX8A.png,lampung,4,lampung,1,0.007049738,0.006062435,0.004140282,0.9638727,0.0072877407,0.0062396256,0.0053474684
zv8Cr4M4.png,bali,1,bali,1,0.9609056,0.009562898,0.004686256,0.0066767936,0.007993028,0.004672547,0.0055029183
H0CH99hz.png,pegon,1,pegon,1,0.006651714,0.004101005,0.0012464682,0.0052657947,0.0044083376,0.9730839,0.005242705
aSsCQuvl.png,lampung,5,lampung,1,0.005363485,0.0064380844,0.01035607,0.9620505,0.005870535,0.0057767,0.0041445796
mW43NDuA.png,jawa,2,jawa,1,0.005265438,0.9687515,0.004973061,0.0062712086,0.004973061,0.0058027525,0.003962934
pBcVlUoo.png,pegon,5,pegon,1,0.0021187346,0.0034660185,0.0032847663,0.007598255,0.003632356,0.97426015,0.005639655
B4iiSQwL.png,lampung,1,lampung,1,0.004780091,0.006078111,0.0057378053,0.9649505,0.0067773126,0.0071060318,0.004570112
fOVZKkpC.png,pegon,1,pegon,1,0.006954029,0.0077539943,0.0073953,0.0074025257,0.0077881445,0.95450824,0.008197851
e2YrPgmV.png,jawa,3,bali,0,0.90694714,0.05066922,0.013211402,0.005808387,0.0067840638,0.011383381,0.005196445
KD5ZKxg6.png,jawi,1,jawi,1,0.0023768707,0.0040908535,0.9702013,0.0037284035,0.0050911494,0.010584992,0.003926459
cM8RM42O.png,jawi,2,jawi,1,0.0019626203,0.002323851,0.98538303,0.001917156,0.0028709744,0.0029926386,0.0025497598
nEcREKC9.png,bali,3,bali,1,0.94215626,0.009841889,0.010364697,0.009071201,0.0078122313,0.009557736,0.011195971
sGiLgxcc.png,pegon,3,pegon,1,0.0069769067,0.008725401,0.0061811963,0.005354606,0.005159542,0.9623358,0.005266445
zuQUBXtL.png,jawa,2,jawa,1,0.011021507,0.92205626,0.019879563,0.0150352195,0.008951675,0.011533532,0.011522274
olLg1W4U.png,sunda,1,sunda,1,0.0049446877,0.00609396,0.0069765327,0.0077828853,0.008883995,0.008188317,0.9571296
VjqUxaLU.png,jawa,4,jawa,1,0.005415699,0.96574104,0.0062030684,0.0060386993,0.0072521223,0.0045161564,0.0048333146
CnsPETlG.png,lampung,5,lampung,1,0.0065717776,0.0056431396,0.008826039,0.96115524,0.0062647127,0.0060158973,0.0055231936
ha0P8KEw.png,lampung,3,lampung,1,0.010518951,0.005827583,0.0070914607,0.9536136,0.008106614,0.0077052284,0.0071366183
tuZpurDO.png,jawa,2,jawa,1,0.0042132763,0.9684923,0.004432757,0.0075366935,0.0054603773,0.0057448233,0.004119697
XcQdzXON.png,pegon,1,pegon,1,0.003965717,0.004336389,0.00537306,0.0041317544,0.0038966157,0.97417676,0.0041196677
nbIBLU4i.png,lampung,5,lampung,1,0.010090102,0.0074472446,0.0073317853,0.9453867,0.01176776,0.008874101,0.0091023045
dt6lUNBd.png,jawi,3,jawi,1,0.012806504,0.0081801545,0.92540056,0.007390154,0.012819017,0.020216443,0.0131872455
F4Kg8XJg.png,bali,1,bali,1,0.95660007,0.007849163,0.0066436324,0.007889509,0.008974975,0.005425023,0.0066177314
ENjkRnaR.png,sunda,3,sunda,1,0.005932583,0.0043129064,0.007662352,0.008065443,0.0061991047,0.0050570928,0.9627705
QAoVAYoo.png,jawa,3,jawa,1,0.04093488,0.71503687,0.055719607,0.018741354,0.09005628,0.057320166,0.0221908
8EFXc9Bv.png,sunda,5,sunda,1,0.0056009204,0.008074038,0.0105820745,0.006544943,0.008070096,0.009024849,0.95210296
BOPEBHv6.png,sunda,3,sunda,1,0.008678164,0.0091973515,0.0054465905,0.0082807625,0.0106327105,0.009939853,0.9478246
4BngkObB.png,lontara,4,lontara,1,0.008551059,0.0103296675,0.0070407824,0.012278768,0.9431075,0.0092639765,0.009428259
tZ4td6uE.png,sunda,1,sunda,1,0.007511696,0.009931964,0.006713743,0.013451664,0.008924716,0.008241931,0.9452242
Az8IBosM.png,jawi,1,jawi,1,0.0041072196,0.006070077,0.96179473,0.0050273594,0.0070276735,0.010970044,0.0050028707
NhygCNL9.png,bali,4,bali,1,0.97919524,0.0017757645,0.004831745,0.0028432114,0.003933939,0.003910956,0.0035091834
PGRDwuWk.png,lampung,4,lampung,1,0.0065462524,0.0036667394,0.004876653,0.96918094,0.0075715706,0.004134722,0.004023195
0Fnt59Vz.png,sunda,4,sunda,1,0.006152457,0.00845883,0.0043077096,0.008262882,0.010898542,0.0068602115,0.95505935
RlXNamFF.png,pegon,3,pegon,1,0.004715034,0.0044597466,0.007378054,0.0046920674,0.0042141643,0.96964294,0.004898073
pdKpU1Jr.png,sunda,1,sunda,1,0.0055338116,0.01304939,0.0048102075,0.006258395,0.0081445705,0.0048266766,0.95737696
vksGGrjf.png,sunda,3,sunda,1,0.007387881,0.005269578,0.007849014,0.0063007036,0.006548497,0.0056149173,0.96102947
EM3HHaAP.png,sunda,4,sunda,1,0.0030668834,0.0040629604,0.0039264364,0.0036473533,0.0033421002,0.0051035644,0.9768506
cqBmesnZ.png,sunda,1,sunda,1,0.006757218,0.006721021,0.004819743,0.0046418966,0.0047986093,0.003099728,0.9691618
MI2TDEy2.png,pegon,3,pegon,1,0.006229955,0.0055410364,0.0064057824,0.005271827,0.0062026368,0.9642602,0.00608861
azCvcMg1.png,jawi,5,jawi,1,0.0061611217,0.006319559,0.9657899,0.0077504516,0.005703673,0.0031498675,0.005125237
p4HXvNg7.png,pegon,2,pegon,1,0.0035037475,0.006485414,0.011407294,0.007918983,0.0064067277,0.9583003,0.0059775617
8H7Rwqvn.png,jawi,4,jawi,1,0.03819963,0.007468885,0.75887686,0.011070683,0.0079817055,0.14754662,0.02885572
yQQXOZTe.png,jawa,1,pegon,0,0.0,0.0,0.0,0.0,0.0,1.0,0.0
SScVelWT.png,pegon,4,pegon,1,0.0009870133,0.00076494255,0.01127373,0.0010084482,0.00062068045,0.98456675,0.0007785077
U3hovf4B.png,jawa,2,jawa,1,0.0062590046,0.94909185,0.01517673,0.006714932,0.0053223334,0.005626997,0.011808112
3sB82hrw.png,sunda,4,sunda,1,0.0060538016,0.0098599335,0.005053203,0.008995122,0.012291874,0.00599497,0.9517512
T6tQ0CDb.png,lampung,4,lampung,1,0.0031749725,0.003443036,0.0045948126,0.9753906,0.0057267183,0.0032186785,0.0044512707
yadJrPa1.png,lontara,1,lontara,1,0.01176378,0.0119870175,0.006676668,0.0071316096,0.9450669,0.010565599,0.006808353
iIHgBVdd.png,lontara,5,lontara,1,0.0075061964,0.0058173565,0.0061864997,0.0049588713,0.96363187,0.0049299,0.006969267
8X8ZNihR.png,bali,5,bali,1,0.9620103,0.006600145,0.007036117,0.0063009784,0.0063441987,0.005213502,0.0064946474
H29ZjFhk.png,jawa,3,jawa,1,0.008307383,0.94947976,0.011975553,0.008190579,0.00734916,0.008032158,0.006665399
hmb3cixu.png,lontara,4,lontara,1,0.007480933,0.013116631,0.009406128,0.01176916,0.9376832,0.008849192,0.01169469
En1n4yVd.png,jawi,1,jawi,1,0.0035248464,0.0045995116,0.97068393,0.0033372575,0.0046220254,0.009969293,0.0032631352
JerWrcdn.png,jawa,5,jawa,1,0.004736598,0.9674416,0.003635224,0.004722742,0.0059063155,0.0066083036,0.0069491537
1JIpMWlS.png,sunda,3,sunda,1,0.005840643,0.003934648,0.0066215475,0.0061840275,0.0045376057,0.0063368627,0.96654475
Jyq4821x.png,bali,4,bali,1,0.96797043,0.0030124108,0.005733323,0.004246106,0.0041578836,0.009770585,0.0051092925
cPg5LwT0.png,pegon,1,pegon,1,0.0010039951,0.0012992662,0.0046186857,0.002803427,0.0031350937,0.9859795,0.0011601142
DBwqSh5V.png,jawi,4,jawi,1,0.0061129956,0.0026875758,0.9709627,0.004531715,0.0059539196,0.0067499704,0.003001137
1I7rUP6e.png,bali,5,bali,1,0.96043736,0.0050202645,0.0070970124,0.0067885704,0.006260034,0.006260034,0.008136766
KDOQRyml.png,lampung,5,lampung,1,0.0048628347,0.0036243545,0.0057214317,0.97401446,0.004905763,0.0031427492,0.0037284642
3bJ8IwCF.png,sunda,5,sunda,1,0.008228051,0.0062718084,0.008308797,0.0056137834,0.0065792208,0.007908977,0.95708936
lVxOtVbY.png,lampung,4,lampung,1,0.009009093,0.008685139,0.008356496,0.9448881,0.012495679,0.0047637136,0.011801824
N0zFdcJx.png,lampung,4,lampung,1,0.003693128,0.0065356684,0.0035447166,0.9714011,0.004573785,0.003442374,0.006809306
vkqC6dIB.png,jawi,5,jawi,1,0.0048143067,0.008042787,0.9456433,0.010453979,0.008441123,0.01375828,0.0088462215
ok67wDdY.png,bali,3,bali,1,0.95504236,0.0060717706,0.007942316,0.007788698,0.00817046,0.0068100286,0.00817445
1e4RYrc3.png,lampung,3,lampung,1,0.009047074,0.005889919,0.010484546,0.95165557,0.009873396,0.00704931,0.0060002245
p9iGAY3n.png,bali,2,bali,1,0.9879969,0.0019563297,0.0014738338,0.0035493812,0.0019755282,0.0013250122,0.0017230863
WNd8xBu0.png,jawa,4,jawa,1,0.0010430284,0.9841101,0.0044452474,0.0029568386,0.0023231169,0.0019524432,0.0031691282
75wthis6.png,lampung,5,lampung,1,0.008474198,0.0061726705,0.0059536165,0.95259905,0.008094038,0.011622514,0.007083916
LjSvTtSq.png,bali,2,bali,1,0.97973686,0.0018421196,0.003239341,0.004000053,0.0021705474,0.004841504,0.0041695633
2kkWz1MW.png,jawa,2,jawa,1,0.0065216785,0.93446624,0.02040079,0.010616788,0.007521081,0.00974727,0.010726211
P6nBlhaM.png,jawi,3,jawi,1,0.006009075,0.0046118186,0.9614726,0.00581851,0.00530299,0.009579059,0.007205981
xk33jPo0.png,bali,5,bali,1,0.96397644,0.0056047025,0.0065365825,0.004259671,0.0075382697,0.006941189,0.005143164
UohQNFh2.png,jawa,2,jawa,1,0.0055919425,0.9641328,0.005356753,0.005307286,0.0057497635,0.006871493,0.0069899345
uz1mDG9L.png,pegon,4,pegon,1,0.008175156,0.0065689227,0.0059635746,0.004516955,0.005782918,0.958395,0.0105975345
sxg8ZDXl.png,jawa,5,jawa,1,0.0047479286,0.96409035,0.005721505,0.0055184616,0.0066956524,0.007386123,0.0058400524
WYbZ8YqA.png,lontara,3,lontara,1,0.004659696,0.0029633297,0.0065728296,0.0069152256,0.9671943,0.006574434,0.0051201745
dG7dRTQ8.png,pegon,1,pegon,1,0.009732439,0.006807621,0.012020894,0.008635104,0.0070891827,0.9500544,0.0056602745
r8d8MEe2.png,lontara,5,lontara,1,0.007916331,0.006165245,0.007429446,0.0057494473,0.9612594,0.006105331,0.0053747976
ctoU0dAx.png,jawi,3,jawi,1,0.0026596547,0.0034620753,0.98366195,0.0020937119,0.0035912103,0.0013960755,0.0031353696
hBmPax98.png,lampung,1,lampung,1,0.009396207,0.008227594,0.008788214,0.9477356,0.01061615,0.00624396,0.008992229
CpubJj5Q.png,jawi,2,jawi,1,0.004392532,0.005726145,0.9653435,0.0070881294,0.00551216,0.0028139618,0.009123585
XoYuLYvK.png,lampung,5,lampung,1,0.003905496,0.0043568956,0.0069521083,0.971641,0.004731675,0.0041818097,0.0042311037
UQJcL9b3.png,bali,3,bali,1,0.9549281,0.006121648,0.00647839,0.006047375,0.0078949705,0.010387882,0.008141608
zVqTzlD2.png,pegon,5,pegon,1,0.005291215,0.0047989236,0.0058482685,0.0063111475,0.005088513,0.966862,0.005799924
Gzbi7yWR.png,jawi,1,jawi,1,0.0024643175,0.006974914,0.9787633,0.0025450273,0.0039283657,0.0034030385,0.0019210874
bBDu0fNp.png,jawi,5,jawi,1,0.001671115,0.0026600233,0.9847594,0.0023658737,0.0019066106,0.0026574268,0.0039795428
2IIFujRS.png,lampung,5,lampung,1,0.0042770156,0.0046426565,0.004922815,0.9688474,0.0046653813,0.0060139145,0.006630844
LmnJdurv.png,pegon,1,pegon,1,0.0066262134,0.006301203,0.006450632,0.0069986763,0.006170281,0.96063644,0.0068165525
5PoppZ3A.png,jawa,4,jawa,1,0.002996742,0.96387655,0.010852452,0.0065807374,0.007847321,0.0043220795,0.0035241356
eK0NTNXd.png,pegon,1,pegon,1,0.0028247419,0.0012769464,0.0022764031,0.002038563,0.0027165278,0.98622614,0.002640674
aairpVWQ.png,jawa,4,jawa,1,0.0020942008,0.9743301,0.008400844,0.004418296,0.0059891725,0.002415123,0.0023522752
Z5w7vmQI.png,jawi,1,jawi,1,0.006277231,0.005665471,0.9626057,0.0049246503,0.00457685,0.012630921,0.0033191938
3yYtiRhH.png,pegon,2,pegon,1,0.0016799506,0.0011705064,0.011474776,0.0022386517,0.0010804291,0.98130333,0.0010523134
Al1AfgUr.png,lampung,3,lampung,1,0.006687874,0.0075230515,0.008773892,0.9540779,0.008842707,0.006947501,0.007147069
VfScwQyQ.png,lampung,3,lampung,1,0.006242284,0.00550342,0.005761905,0.9586499,0.008465793,0.010301841,0.005074941
Cu9dTGlX.png,lontara,3,lontara,1,0.0059437477,0.004460364,0.0058401804,0.004949242,0.9669403,0.0057188375,0.0061474126
yqZlKvNz.png,sunda,2,sunda,1,0.007762206,0.006194616,0.0077887815,0.007313311,0.005790958,0.011029625,0.95412046
c4qcuheH.png,lontara,5,lontara,1,0.007223611,0.0053891423,0.008395918,0.006855895,0.9600673,0.004755901,0.00731233
BOZewUVQ.png,pegon,3,pegon,1,0.008173106,0.006211702,0.005465771,0.007251585,0.0077874167,0.95768684,0.0074235513
lGU0Heyr.png,bali,5,bali,1,0.96192694,0.008457485,0.0059129307,0.005185125,0.006297356,0.00577032,0.0064498424
VqRvgGxI.png,jawi,1,jawi,1,0.00105842,0.0027804074,0.9774061,0.009715243,0.004669968,0.0019543516,0.0024156598
r0HP2SuA.png,jawi,4,jawi,1,0.006074855,0.006678442,0.9531976,0.009889394,0.013123727,0.0045945067,0.0064414386
nEDIsF4N.png,jawa,4,jawa,1,0.0036470245,0.9715304,0.0083767045,0.0034902254,0.006258563,0.0023662215,0.0043309485
laeHyhSP.png,bali,4,bali,1,0.97923607,0.0018996232,0.0036491258,0.0038261185,0.0030743727,0.004171504,0.0041430853
q4l3dZu6.png,pegon,1,pegon,1,0.0042432803,0.005330068,0.006366809,0.0044861767,0.004975453,0.96874434,0.005853934
KE0WtNU8.png,jawa,3,jawa,1,0.009598209,0.9447609,0.0096687665,0.009244038,0.009100722,0.009758884,0.007868332
IV2Aggeu.png,lampung,1,lampung,1,0.011995214,0.00878875,0.0112300115,0.93583703,0.011197159,0.010601257,0.010350623
