image_id,ctype,B,top2,conf,agree,pair,bin,p_err_oof,p_err_conf
WEajVawh.png,glyph,sunda,jawi,0.6222818144323472,0.8,jawi / sunda,"(0.6, 0.7]",1.0,0.3777181855676528
qA1ZrD98.png,line,lampung,pegon,0.9148949943427844,1.0,lampung / pegon,"(0.9, 1.01]",0.0013131976362442547,0.08510500565721557
G4lDbpor.png,line,jawi,sunda,0.7726292564231233,1.0,jawi / sunda,"(0.7, 0.8]",0.14285714285714285,0.2273707435768767
fDI0VO86.png,line,jawi,pegon,0.8239111390269083,1.0,jawi / pegon,"(0.8, 0.9]",0.004735595895816891,0.17608886097309173
J9SshuHf.png,line,bali,jawi,0.24142232992722268,0.6,bali / jawi,"(0.0, 0.5]",0.5294117647058824,0.7585776700727773
aZwZsKoj.png,line,lampung,pegon,0.9147946623017138,1.0,lampung / pegon,"(0.9, 1.01]",0.0013131976362442547,0.0852053376982862
5sibrN1x.png,line,jawa,pegon,0.8967671460888672,1.0,jawa / pegon,"(0.8, 0.9]",0.004735595895816891,0.1032328539111328
OQTuij3P.png,block,pegon,lontara,0.9379727413725529,1.0,lontara / pegon,"(0.9, 1.01]",0.013745704467353952,0.06202725862744707
ItQogqk5.jpg,page,bali,jawa,0.9020028965282826,1.0,bali / jawa,"(0.9, 1.01]",0.07476635514018691,0.09799710347171742
ZqydnzgJ.png,page,pegon,lontara,0.9316029878665818,1.0,lontara / pegon,"(0.9, 1.01]",0.07476635514018691,0.0683970121334182
PVjGocDm.png,line,lontara,pegon,0.9248567504185898,1.0,lontara / pegon,"(0.9, 1.01]",0.0013131976362442547,0.07514324958141017
VJtZBYhT.png,line,pegon,jawi,0.8940021503806106,1.0,jawi / pegon,"(0.8, 0.9]",0.004735595895816891,0.1059978496193894
0CSBXH8E.png,block,jawa,lontara,0.9025579716611473,1.0,jawa / lontara,"(0.9, 1.01]",0.013745704467353952,0.09744202833885274
Qs5gOQRU.png,line,pegon,jawi,0.9154981549120753,1.0,jawi / pegon,"(0.9, 1.01]",0.0013131976362442547,0.08450184508792469
3pEwqbyv.png,block,bali,pegon,0.9218835191280063,1.0,bali / pegon,"(0.9, 1.01]",0.013745704467353952,0.07811648087199374
LYSJlPHg.jpg,page,lampung,pegon,0.9137190081694178,1.0,lampung / pegon,"(0.9, 1.01]",0.07476635514018691,0.08628099183058224
RuN8j9dn.png,line,lampung,pegon,0.9070965142691296,1.0,lampung / pegon,"(0.9, 1.01]",0.0013131976362442547,0.09290348573087037
r0elQ0IA.jpg,page,jawi,lontara,0.6658547387499981,1.0,jawi / lontara,"(0.6, 0.7]",0.3333333333333333,0.3341452612500019
2vGITeza.png,line,lampung,pegon,0.9061916440801923,1.0,lampung / pegon,"(0.9, 1.01]",0.0013131976362442547,0.09380835591980774
8cP0TG9G.png,line,sunda,pegon,0.9036551679688477,1.0,pegon / sunda,"(0.9, 1.01]",0.0013131976362442547,0.0963448320311523
j6anMMkb.png,line,lampung,pegon,0.9171193473932038,1.0,lampung / pegon,"(0.9, 1.01]",0.0013131976362442547,0.08288065260679622
KTQSUrrc.jpg,page,jawi,pegon,0.8079797162094481,1.0,jawi / pegon,"(0.8, 0.9]",0.1875,0.19202028379055192
m5VeP6bO.png,line,jawi,pegon,0.8841562456391197,1.0,jawi / pegon,"(0.8, 0.9]",0.004735595895816891,0.11584375436088035
SnCZ4PQw.png,block,pegon,lontara,0.9334240673352149,1.0,lontara / pegon,"(0.9, 1.01]",0.013745704467353952,0.06657593266478512
wBQ3yw10.png,line,jawi,lontara,0.8592782816448672,1.0,jawi / lontara,"(0.8, 0.9]",0.004735595895816891,0.1407217183551328
AdpKUfiD.png,line,bali,jawa,0.8964734084852959,1.0,bali / jawa,"(0.8, 0.9]",0.004735595895816891,0.10352659151470411
KEu2kTL0.jpg,page,bali,pegon,0.9262918901036405,1.0,bali / pegon,"(0.9, 1.01]",0.07476635514018691,0.07370810989635945
vDh3sqrP.png,line,sunda,pegon,0.9022485919664236,1.0,pegon / sunda,"(0.9, 1.01]",0.0013131976362442547,0.0977514080335764
vlFWLeRt.jpg,page,pegon,jawi,0.5300706977896819,0.2,jawi / pegon,"(0.5, 0.6]",0.3333333333333333,0.46992930221031814
i3o0uiBI.png,block,pegon,bali,0.9366001177683678,1.0,bali / pegon,"(0.9, 1.01]",0.013745704467353952,0.06339988223163218
GzY7jkaJ.png,line,sunda,jawa,0.7561972166265074,1.0,jawa / sunda,"(0.7, 0.8]",0.14285714285714285,0.2438027833734926
G3QE12Wa.png,line,lontara,lampung,0.49549733568974774,0.2,lampung / lontara,"(0.0, 0.5]",0.5294117647058824,0.5045026643102523
OejnTLcZ.png,page,pegon,jawi,0.926611934977404,1.0,jawi / pegon,"(0.9, 1.01]",0.07476635514018691,0.07338806502259598
XSED2XWK.jpg,page,jawa,bali,0.8923347512604243,1.0,bali / jawa,"(0.8, 0.9]",0.1875,0.10766524873957573
inXsqhEY.png,block,sunda,pegon,0.904375620943326,1.0,pegon / sunda,"(0.9, 1.01]",0.013745704467353952,0.09562437905667398
ndpkiGAu.jpg,page,jawa,pegon,0.8988409444942045,0.8,jawa / pegon,"(0.8, 0.9]",0.1875,0.10115905550579551
bJbum0jm.png,line,bali,pegon,0.9243750025308625,1.0,bali / pegon,"(0.9, 1.01]",0.0013131976362442547,0.07562499746913753
vhJKwyt6.png,line,lampung,sunda,0.9162397687393653,1.0,lampung / sunda,"(0.9, 1.01]",0.0013131976362442547,0.0837602312606347
HC8195r5.jpg,page,jawi,jawa,0.21409649012395676,0.4,jawa / jawi,"(0.0, 0.5]",0.25,0.7859035098760432
FsRveb1q.png,block,pegon,bali,0.934870587635307,1.0,bali / pegon,"(0.9, 1.01]",0.013745704467353952,0.06512941236469305
I9EOqAYR.png,line,sunda,lontara,0.8916904567649746,1.0,lontara / sunda,"(0.8, 0.9]",0.004735595895816891,0.1083095432350254
1ylSINFk.png,line,jawa,pegon,0.8937277238894961,1.0,jawa / pegon,"(0.8, 0.9]",0.004735595895816891,0.10627227611050394
os7DW2YN.png,line,sunda,pegon,0.9089655552773106,1.0,pegon / sunda,"(0.9, 1.01]",0.0013131976362442547,0.0910344447226894
lYmPrQa7.png,block,pegon,lontara,0.9348176445481025,1.0,lontara / pegon,"(0.9, 1.01]",0.013745704467353952,0.06518235545189754
DouTwCmZ.jpg,page,lampung,pegon,0.9102529994766593,1.0,lampung / pegon,"(0.9, 1.01]",0.07476635514018691,0.08974700052334073
JM5Rlwfw.png,block,pegon,sunda,0.923907381713097,1.0,pegon / sunda,"(0.9, 1.01]",0.013745704467353952,0.07609261828690295
4ONNN3sr.png,line,jawi,pegon,0.8869908994796829,1.0,jawi / pegon,"(0.8, 0.9]",0.004735595895816891,0.1130091005203171
26WUdDnL.jpg,page,jawa,lontara,0.900308044812847,1.0,jawa / lontara,"(0.9, 1.01]",0.07476635514018691,0.09969195518715301
sXLZOJSp.jpg,block,lampung,pegon,0.9218786653255526,1.0,lampung / pegon,"(0.9, 1.01]",0.013745704467353952,0.07812133467444737
TdLGEb6y.png,line,lontara,sunda,0.8574824683698639,1.0,lontara / sunda,"(0.8, 0.9]",0.004735595895816891,0.14251753163013614
eJBz6Ijo.png,line,lontara,pegon,0.9217031560232251,1.0,lontara / pegon,"(0.9, 1.01]",0.0013131976362442547,0.07829684397677494
QfVxUOA8.png,line,sunda,lampung,0.8901101103127186,1.0,lampung / sunda,"(0.8, 0.9]",0.004735595895816891,0.10988988968728142
xKDQ2khc.png,glyph,jawi,pegon,0.8874644463496908,1.0,jawi / pegon,"(0.8, 0.9]",0.01834862385321101,0.1125355536503092
J0DSglN2.png,line,jawi,pegon,0.8844087121070476,1.0,jawi / pegon,"(0.8, 0.9]",0.004735595895816891,0.11559128789295237
S9OQQwUs.png,block,pegon,bali,0.9373897601953025,1.0,bali / pegon,"(0.9, 1.01]",0.013745704467353952,0.06261023980469749
Y3FTOh22.png,line,lampung,lontara,0.9202945156500084,1.0,lampung / lontara,"(0.9, 1.01]",0.0013131976362442547,0.07970548434999158
U8zdIIUJ.png,line,jawi,pegon,0.8897175601638871,1.0,jawi / pegon,"(0.8, 0.9]",0.004735595895816891,0.11028243983611286
MXzGfFQm.jpg,page,pegon,jawi,0.7249999519865606,1.0,jawi / pegon,"(0.7, 0.8]",0.125,0.27500004801343936
TWwOlCLX.webp,page,jawi,pegon,0.8754439579520268,1.0,jawi / pegon,"(0.8, 0.9]",0.1875,0.12455604204797321
aYPxmfJH.png,block,jawi,pegon,0.8903996559042978,1.0,jawi / pegon,"(0.8, 0.9]",0.04081632653061224,0.10960034409570218
Z7BTkpZi.png,line,lontara,pegon,0.8146977092529125,1.0,lontara / pegon,"(0.8, 0.9]",0.004735595895816891,0.18530229074708748
3ZJwNBAE.png,line,jawi,pegon,0.8848758821656209,1.0,jawi / pegon,"(0.8, 0.9]",0.004735595895816891,0.11512411783437915
VjUX1UMA.jpg,page,jawa,pegon,0.8945874890220564,1.0,jawa / pegon,"(0.8, 0.9]",0.1875,0.10541251097794357
Pe5YLNR7.png,line,lontara,pegon,0.9255796950396533,1.0,lontara / pegon,"(0.9, 1.01]",0.0013131976362442547,0.07442030496034668
yDpRmpun.jpg,page,jawi,pegon,0.6805341325388181,1.0,jawi / pegon,"(0.6, 0.7]",0.3333333333333333,0.3194658674611819
7WFSRZdK.png,line,sunda,pegon,0.9039862679235423,1.0,pegon / sunda,"(0.9, 1.01]",0.0013131976362442547,0.09601373207645769
ih56UWvz.jpg,page,bali,pegon,0.9287792442147577,1.0,bali / pegon,"(0.9, 1.01]",0.07476635514018691,0.07122075578524234
SkISLMsf.png,line,sunda,pegon,0.8999389485566673,1.0,pegon / sunda,"(0.8, 0.9]",0.004735595895816891,0.10006105144333266
na92LGMz.png,line,lontara,pegon,0.923268736648717,1.0,lontara / pegon,"(0.9, 1.01]",0.0013131976362442547,0.076731263351283
1ZVk0eST.png,line,lampung,pegon,0.9128990027914021,1.0,lampung / pegon,"(0.9, 1.01]",0.0013131976362442547,0.08710099720859787
gdOOKVnw.png,line,lampung,pegon,0.9123465408431768,1.0,lampung / pegon,"(0.9, 1.01]",0.0013131976362442547,0.08765345915682321
ehzSl5Ig.png,line,lontara,pegon,0.9244788896842533,1.0,lontara / pegon,"(0.9, 1.01]",0.0013131976362442547,0.07552111031574671
fWSSeXCX.webp,page,pegon,bali,0.9314567878659611,1.0,bali / pegon,"(0.9, 1.01]",0.07476635514018691,0.06854321213403891
zNfsepUJ.png,glyph,jawi,lampung,0.570158643721783,0.8,jawi / lampung,"(0.5, 0.6]",0.0,0.42984135627821696
fkJRTTfO.png,line,pegon,bali,0.9358145248192621,1.0,bali / pegon,"(0.9, 1.01]",0.0013131976362442547,0.06418547518073792
pgSyyi4V.png,line,sunda,lontara,0.8981754511245933,1.0,lontara / sunda,"(0.8, 0.9]",0.004735595895816891,0.1018245488754067
YZumQKNy.jpg,page,sunda,pegon,0.4727854943695265,0.6,pegon / sunda,"(0.0, 0.5]",0.25,0.5272145056304736
WiADA2MM.png,line,lampung,lontara,0.8086318744082861,1.0,lampung / lontara,"(0.8, 0.9]",0.004735595895816891,0.1913681255917139
OZQEsgPy.png,line,lampung,pegon,0.9162950825461118,1.0,lampung / pegon,"(0.9, 1.01]",0.0013131976362442547,0.0837049174538882
HLdt1ZzI.png,line,lontara,pegon,0.9268897206306932,1.0,lontara / pegon,"(0.9, 1.01]",0.0013131976362442547,0.07311027936930681
9JSbMpTZ.jpg,block,bali,jawa,0.5494539786897336,0.8,bali / jawa,"(0.5, 0.6]",0.25,0.45054602131026644
dzq5cujj.jpg,page,jawi,pegon,0.5640366520176869,0.2,jawi / pegon,"(0.5, 0.6]",0.3333333333333333,0.43596334798231307
OsqMdOFN.png,line,jawi,pegon,0.8829333061360574,1.0,jawi / pegon,"(0.8, 0.9]",0.004735595895816891,0.11706669386394264
HgwXDSUQ.png,glyph,sunda,pegon,0.8956340129452789,1.0,pegon / sunda,"(0.8, 0.9]",0.01834862385321101,0.10436598705472111
pTQL9HRj.png,line,jawi,pegon,0.8885703307354881,1.0,jawi / pegon,"(0.8, 0.9]",0.004735595895816891,0.11142966926451192
3nLgwaxm.png,line,lampung,pegon,0.9156851234493104,1.0,lampung / pegon,"(0.9, 1.01]",0.0013131976362442547,0.08431487655068959
TXqX2mWJ.png,block,jawa,pegon,0.9029576535309609,1.0,jawa / pegon,"(0.9, 1.01]",0.013745704467353952,0.09704234646903909
q0xsg3Dy.jpg,page,lontara,pegon,0.9149666109574633,0.6,lontara / pegon,"(0.9, 1.01]",0.07476635514018691,0.08503338904253666
F9izBJpz.png,line,bali,jawa,0.8962765657199763,0.8,bali / jawa,"(0.8, 0.9]",0.004735595895816891,0.10372343428002373
t82u4xu2.png,line,sunda,pegon,0.8993909599816193,1.0,pegon / sunda,"(0.8, 0.9]",0.004735595895816891,0.10060904001838067
jg4VFZds.jpg,block,pegon,jawi,0.6889599307874221,1.0,jawi / pegon,"(0.6, 0.7]",0.0,0.3110400692125779
lUuephPg.jpg,page,jawa,lampung,0.8609551967710078,0.6,jawa / lampung,"(0.8, 0.9]",0.1875,0.13904480322899215
OnWsj9bp.png,line,lampung,pegon,0.9186696354207818,1.0,lampung / pegon,"(0.9, 1.01]",0.0013131976362442547,0.08133036457921816
1c7Wpj98.png,line,jawa,bali,0.7952026191575913,1.0,bali / jawa,"(0.7, 0.8]",0.14285714285714285,0.20479738084240873
WSBZPBmt.png,line,jawa,pegon,0.8953735030244274,1.0,jawa / pegon,"(0.8, 0.9]",0.004735595895816891,0.10462649697557258
aQis1ndJ.jpg,page,jawa,pegon,0.8987009088874828,1.0,jawa / pegon,"(0.8, 0.9]",0.1875,0.10129909111251723
zFNBzMgh.jpg,page,jawi,pegon,0.8727944079454737,1.0,jawi / pegon,"(0.8, 0.9]",0.1875,0.1272055920545263
BKre5xTa.jpg,page,jawa,pegon,0.8997514929876191,0.8,jawa / pegon,"(0.8, 0.9]",0.1875,0.10024850701238086
vE1lC5ua.jpg,page,jawi,pegon,0.527376030954704,1.0,jawi / pegon,"(0.5, 0.6]",0.3333333333333333,0.472623969045296
F50UsMaR.webp,page,lampung,lontara,0.9115642272003057,0.2,lampung / lontara,"(0.9, 1.01]",0.07476635514018691,0.08843577279969428
26z1ANyb.jpg,page,jawi,pegon,0.7400769233599174,1.0,jawi / pegon,"(0.7, 0.8]",0.125,0.25992307664008263
CnBToLjM.png,line,lontara,jawa,0.915093764277479,1.0,jawa / lontara,"(0.9, 1.01]",0.0013131976362442547,0.08490623572252098
uNqqe0I4.png,line,sunda,pegon,0.9035317590385888,1.0,pegon / sunda,"(0.9, 1.01]",0.0013131976362442547,0.09646824096141116
WBPdHXL5.png,line,jawa,pegon,0.8941980457814838,1.0,jawa / pegon,"(0.8, 0.9]",0.004735595895816891,0.10580195421851624
U7vvUNPB.png,line,lampung,pegon,0.9175409620081497,1.0,lampung / pegon,"(0.9, 1.01]",0.0013131976362442547,0.08245903799185028
wLoVkfTl.png,line,sunda,jawa,0.5773291635147457,0.6,jawa / sunda,"(0.5, 0.6]",0.3333333333333333,0.4226708364852543
Eys3trgy.png,glyph,sunda,jawi,0.9062928795782808,1.0,jawi / sunda,"(0.9, 1.01]",0.0,0.09370712042171925
fGihSJCN.png,line,jawi,pegon,0.8865648513100519,1.0,jawi / pegon,"(0.8, 0.9]",0.004735595895816891,0.11343514868994808
rHj8SiVp.png,page,pegon,jawi,0.7189031954079164,1.0,jawi / pegon,"(0.7, 0.8]",0.125,0.28109680459208364
Lm3wIDHm.png,line,pegon,jawi,0.8857778256651953,0.8,jawi / pegon,"(0.8, 0.9]",0.004735595895816891,0.11422217433480475
m7bhJXyj.png,line,jawi,pegon,0.8824423227762018,1.0,jawi / pegon,"(0.8, 0.9]",0.004735595895816891,0.11755767722379817
3BUyPwJk.png,line,jawa,pegon,0.8996247990796012,1.0,jawa / pegon,"(0.8, 0.9]",0.004735595895816891,0.10037520092039875
UnwSaMS8.png,page,jawa,pegon,0.8887153792241111,1.0,jawa / pegon,"(0.8, 0.9]",0.1875,0.11128462077588885
Fj83bcac.jpg,page,jawa,pegon,0.8961769100640797,1.0,jawa / pegon,"(0.8, 0.9]",0.1875,0.10382308993592027
AvWpUyyu.png,block,pegon,bali,0.9369146980256613,1.0,bali / pegon,"(0.9, 1.01]",0.013745704467353952,0.0630853019743387
FWqUTKFt.jpg,page,lontara,pegon,0.9227689947506162,1.0,lontara / pegon,"(0.9, 1.01]",0.07476635514018691,0.07723100524938376
GtqK3cHR.jpg,page,jawa,bali,0.8974211706889177,1.0,bali / jawa,"(0.8, 0.9]",0.1875,0.10257882931108231
nGSdmtoh.png,block,pegon,bali,0.9361919931537134,1.0,bali / pegon,"(0.9, 1.01]",0.013745704467353952,0.06380800684628662
pVthZwP1.png,line,jawa,lontara,0.8908576461185334,1.0,jawa / lontara,"(0.8, 0.9]",0.004735595895816891,0.10914235388146665
5eX664EA.png,line,jawa,lontara,0.8857246710122446,1.0,jawa / lontara,"(0.8, 0.9]",0.004735595895816891,0.11427532898775539
ScnmEXLU.png,line,lontara,pegon,0.9222124734748386,1.0,lontara / pegon,"(0.9, 1.01]",0.0013131976362442547,0.07778752652516141
n6DUkpEY.png,line,pegon,jawi,0.8780761033278545,1.0,jawi / pegon,"(0.8, 0.9]",0.004735595895816891,0.12192389667214554
xUGmT8fC.png,line,sunda,pegon,0.902883010060649,1.0,pegon / sunda,"(0.9, 1.01]",0.0013131976362442547,0.09711698993935103
Xre8jQe3.webp,page,sunda,bali,0.25798384173474487,0.2,bali / sunda,"(0.0, 0.5]",0.25,0.7420161582652551
C6hR7VXO.png,line,lontara,pegon,0.9213454600170256,1.0,lontara / pegon,"(0.9, 1.01]",0.0013131976362442547,0.07865453998297445
8I2L3o6S.png,line,bali,pegon,0.9249908219027073,1.0,bali / pegon,"(0.9, 1.01]",0.0013131976362442547,0.07500917809729268
SxoWWkm3.png,line,lontara,pegon,0.9226378898741794,1.0,lontara / pegon,"(0.9, 1.01]",0.0013131976362442547,0.07736211012582062
aq9Gx8p5.png,line,jawi,pegon,0.8673128481848552,1.0,jawi / pegon,"(0.8, 0.9]",0.004735595895816891,0.1326871518151448
k5xdnWK8.png,page,sunda,bali,0.8851563622385538,1.0,bali / sunda,"(0.8, 0.9]",0.1875,0.11484363776144624
hJmQnS4O.png,line,jawi,pegon,0.8852115630699252,1.0,jawi / pegon,"(0.8, 0.9]",0.004735595895816891,0.11478843693007479
Dpu9hYWa.png,line,jawi,pegon,0.8853996451196517,1.0,jawi / pegon,"(0.8, 0.9]",0.004735595895816891,0.11460035488034825
xQjZVApr.png,block,pegon,lontara,0.9312443881642416,1.0,lontara / pegon,"(0.9, 1.01]",0.013745704467353952,0.0687556118357584
OqzKJN52.png,line,lampung,pegon,0.9144251138856732,1.0,lampung / pegon,"(0.9, 1.01]",0.0013131976362442547,0.08557488611432684
LvoCIxWk.png,line,sunda,pegon,0.9048481852579269,1.0,pegon / sunda,"(0.9, 1.01]",0.0013131976362442547,0.09515181474207313
jDvkwspJ.png,line,lontara,pegon,0.9230514378385068,1.0,lontara / pegon,"(0.9, 1.01]",0.0013131976362442547,0.07694856216149315
iSe2cw0a.png,line,lampung,pegon,0.9149610186869278,1.0,lampung / pegon,"(0.9, 1.01]",0.0013131976362442547,0.08503898131307219
5kT0KM0c.png,line,lampung,pegon,0.9145589798544413,1.0,lampung / pegon,"(0.9, 1.01]",0.0013131976362442547,0.08544102014555865
5K4PiZGI.png,line,sunda,lontara,0.8930045919862624,1.0,lontara / sunda,"(0.8, 0.9]",0.004735595895816891,0.10699540801373764
AdLJqOB1.png,glyph,pegon,lampung,0.9290642716678782,1.0,lampung / pegon,"(0.9, 1.01]",0.0,0.0709357283321218
1RE1VcHj.jpg,page,sunda,jawa,0.7424862705538878,0.6,jawa / sunda,"(0.7, 0.8]",0.125,0.25751372944611217
Mgzl4MJw.png,line,jawi,pegon,0.9000356404150927,1.0,jawi / pegon,"(0.9, 1.01]",0.0013131976362442547,0.09996435958490735
H036HViM.jpg,page,sunda,lontara,0.9089370809489831,1.0,lontara / sunda,"(0.9, 1.01]",0.07476635514018691,0.09106291905101693
n5DNTpPv.png,glyph,pegon,bali,0.9355892612029285,1.0,bali / pegon,"(0.9, 1.01]",0.0,0.06441073879707149
G53WDmJS.png,line,jawa,pegon,0.8986867014167876,1.0,jawa / pegon,"(0.8, 0.9]",0.004735595895816891,0.10131329858321236
yuiAa6pM.jpg,page,jawa,lontara,0.9028304040782315,1.0,jawa / lontara,"(0.9, 1.01]",0.07476635514018691,0.09716959592176855
8QbQfOFO.png,block,pegon,jawi,0.9146778847783257,1.0,jawi / pegon,"(0.9, 1.01]",0.013745704467353952,0.08532211522167432
ErGST9sT.jpg,line,jawi,lontara,0.6903259394371475,1.0,jawi / lontara,"(0.6, 0.7]",0.375,0.3096740605628525
KLS2GwTM.png,line,jawa,pegon,0.898501400143384,1.0,jawa / pegon,"(0.8, 0.9]",0.004735595895816891,0.10149859985661602
PFdjl0p9.jpg,page,pegon,lampung,0.9361492153508089,1.0,lampung / pegon,"(0.9, 1.01]",0.07476635514018691,0.06385078464919114
Pcz6TMby.png,block,pegon,lontara,0.9374934819957911,1.0,lontara / pegon,"(0.9, 1.01]",0.013745704467353952,0.06250651800420892
ItKYqOPE.jpg,page,jawa,lontara,0.9026623229020554,1.0,jawa / lontara,"(0.9, 1.01]",0.07476635514018691,0.09733767709794461
a9BmtPJb.jpg,page,lampung,pegon,0.911492464662504,1.0,lampung / pegon,"(0.9, 1.01]",0.07476635514018691,0.088507535337496
EMRQOOsO.png,line,sunda,pegon,0.8990863773557152,1.0,pegon / sunda,"(0.8, 0.9]",0.004735595895816891,0.10091362264428483
nQwYl20J.png,line,bali,jawa,0.6508700783335085,1.0,bali / jawa,"(0.6, 0.7]",0.375,0.3491299216664915
10YNnodr.png,line,lampung,bali,0.8518035016999702,1.0,bali / lampung,"(0.8, 0.9]",0.004735595895816891,0.1481964983000298
x8yJPsGV.png,line,bali,pegon,0.9212600737787948,1.0,bali / pegon,"(0.9, 1.01]",0.0013131976362442547,0.07873992622120518
y4Div1Ps.jpg,page,lontara,sunda,0.7793052881239407,1.0,lontara / sunda,"(0.7, 0.8]",0.125,0.22069471187605927
IwuTnbUj.png,line,lampung,pegon,0.9132843584493143,1.0,lampung / pegon,"(0.9, 1.01]",0.0013131976362442547,0.08671564155068567
6nRakZMt.png,page,bali,pegon,0.9234570983220832,1.0,bali / pegon,"(0.9, 1.01]",0.07476635514018691,0.07654290167791677
4PdmVIkP.png,line,lontara,jawi,0.29598404817023766,0.2,jawi / lontara,"(0.0, 0.5]",0.5294117647058824,0.7040159518297624
4sMBUagD.png,page,jawa,pegon,0.8981680540609552,1.0,jawa / pegon,"(0.8, 0.9]",0.1875,0.10183194593904477
lFWeSmNZ.png,line,lontara,pegon,0.9247424373599659,1.0,lontara / pegon,"(0.9, 1.01]",0.0013131976362442547,0.07525756264003414
mHeGx7ZL.png,line,jawa,pegon,0.9001358719710181,1.0,jawa / pegon,"(0.9, 1.01]",0.0013131976362442547,0.09986412802898192
xlXgf5c2.png,line,lontara,sunda,0.6433173129202185,1.0,lontara / sunda,"(0.6, 0.7]",0.375,0.35668268707978146
NtuvqiQ4.png,line,jawi,pegon,0.8847594339859508,1.0,jawi / pegon,"(0.8, 0.9]",0.004735595895816891,0.1152405660140492
PbWauHfe.png,line,lampung,pegon,0.9184796681056675,1.0,lampung / pegon,"(0.9, 1.01]",0.0013131976362442547,0.0815203318943325
ipYw1jbF.jpg,page,pegon,jawi,0.803738817574829,1.0,jawi / pegon,"(0.8, 0.9]",0.1875,0.196261182425171
emcWShUR.png,line,jawa,pegon,0.8960996608723582,1.0,jawa / pegon,"(0.8, 0.9]",0.004735595895816891,0.10390033912764185
zpaJVslx.png,page,pegon,lontara,0.9274618780560759,1.0,lontara / pegon,"(0.9, 1.01]",0.07476635514018691,0.07253812194392406
K3eaNag9.png,page,bali,pegon,0.9128055359228215,1.0,bali / pegon,"(0.9, 1.01]",0.07476635514018691,0.08719446407717846
YBRfQm8i.jpg,line,lontara,bali,0.9251109126009023,1.0,bali / lontara,"(0.9, 1.01]",0.0013131976362442547,0.07488908739909772
TqNcmXGk.png,glyph,sunda,lampung,0.8867389852718885,0.8,lampung / sunda,"(0.8, 0.9]",0.01834862385321101,0.11326101472811145
75FTutS8.png,line,jawi,pegon,0.8630300796551424,1.0,jawi / pegon,"(0.8, 0.9]",0.004735595895816891,0.13696992034485755
svOhCBGO.png,line,sunda,pegon,0.8959643302798062,1.0,pegon / sunda,"(0.8, 0.9]",0.004735595895816891,0.10403566972019385
Y43lbNxD.jpg,page,pegon,jawi,0.9230752197557706,1.0,jawi / pegon,"(0.9, 1.01]",0.07476635514018691,0.07692478024422944
PHspQViJ.png,line,lampung,pegon,0.91114044529883,1.0,lampung / pegon,"(0.9, 1.01]",0.0013131976362442547,0.08885955470117002
irfN8SvM.png,block,bali,pegon,0.9275669277621571,1.0,bali / pegon,"(0.9, 1.01]",0.013745704467353952,0.0724330722378429
6keS2q1W.png,line,jawa,pegon,0.8915339521228901,1.0,jawa / pegon,"(0.8, 0.9]",0.004735595895816891,0.1084660478771099
iqjxUJyG.png,glyph,pegon,jawi,0.9016067794931633,1.0,jawi / pegon,"(0.9, 1.01]",0.0,0.09839322050683674
056AqPTe.jpg,page,pegon,lontara,0.9292533518693797,1.0,lontara / pegon,"(0.9, 1.01]",0.07476635514018691,0.07074664813062026
tuQn2tFG.jpg,page,jawi,pegon,0.7284265983386752,0.8,jawi / pegon,"(0.7, 0.8]",0.125,0.2715734016613248
VCETFUEm.png,block,sunda,pegon,0.9053445011621853,1.0,pegon / sunda,"(0.9, 1.01]",0.013745704467353952,0.09465549883781466
KbH41LGp.png,line,bali,pegon,0.9275342295278284,1.0,bali / pegon,"(0.9, 1.01]",0.0013131976362442547,0.07246577047217162
uDeervHv.png,line,lampung,jawi,0.46959508000468747,1.0,jawi / lampung,"(0.0, 0.5]",0.5294117647058824,0.5304049199953125
kOzZg1JG.jpg,page,bali,jawa,0.9287873278337052,0.8,bali / jawa,"(0.9, 1.01]",0.07476635514018691,0.07121267216629479
VYOpwZqb.png,line,lampung,pegon,0.9107242053377849,1.0,lampung / pegon,"(0.9, 1.01]",0.0013131976362442547,0.08927579466221514
tFNYQUUg.png,line,jawi,lontara,0.7429032484100013,1.0,jawi / lontara,"(0.7, 0.8]",0.14285714285714285,0.2570967515899987
ZjFyliaI.png,line,jawi,pegon,0.8748542532615258,1.0,jawi / pegon,"(0.8, 0.9]",0.004735595895816891,0.12514574673847423
ikM06HcP.png,line,sunda,jawa,0.7466781480651703,0.8,jawa / sunda,"(0.7, 0.8]",0.14285714285714285,0.2533218519348297
zLGulVUF.png,line,pegon,bali,0.9371639563470552,1.0,bali / pegon,"(0.9, 1.01]",0.0013131976362442547,0.06283604365294482
XBafp2ut.png,line,jawi,pegon,0.4362150036605922,0.8,jawi / pegon,"(0.0, 0.5]",0.5294117647058824,0.5637849963394078
XziMPG8z.png,line,sunda,pegon,0.89842852467271,1.0,pegon / sunda,"(0.8, 0.9]",0.004735595895816891,0.10157147532729005
24T5SZRZ.png,line,jawa,pegon,0.894931781671889,1.0,jawa / pegon,"(0.8, 0.9]",0.004735595895816891,0.10506821832811097
Osd5jaCP.png,glyph,jawi,lampung,0.82644384636401,1.0,jawi / lampung,"(0.8, 0.9]",0.01834862385321101,0.17355615363598997
P8cAscCZ.png,block,lampung,pegon,0.9164871190498278,1.0,lampung / pegon,"(0.9, 1.01]",0.013745704467353952,0.08351288095017217
jM8Jsl4A.png,glyph,lampung,pegon,0.9155977026512853,1.0,lampung / pegon,"(0.9, 1.01]",0.0,0.08440229734871474
s74sHDUk.png,line,sunda,pegon,0.9047309056615269,1.0,pegon / sunda,"(0.9, 1.01]",0.0013131976362442547,0.09526909433847308
0n7QAEVG.png,block,jawi,pegon,0.733508033118085,0.6,jawi / pegon,"(0.7, 0.8]",0.0,0.266491966881915
l7zErLnw.jpg,page,sunda,lampung,0.6829603364003674,1.0,lampung / sunda,"(0.6, 0.7]",0.3333333333333333,0.31703966359963265
LPbJ8Xa9.png,line,jawa,lampung,0.8959330801139233,1.0,jawa / lampung,"(0.8, 0.9]",0.004735595895816891,0.10406691988607675
uneupKp4.jpg,page,pegon,lontara,0.9284148901573431,1.0,lontara / pegon,"(0.9, 1.01]",0.07476635514018691,0.07158510984265687
RQ3dXMka.png,block,sunda,pegon,0.905992348469549,1.0,pegon / sunda,"(0.9, 1.01]",0.013745704467353952,0.09400765153045099
gPxFUf2Q.png,line,lampung,pegon,0.9126244869094025,1.0,lampung / pegon,"(0.9, 1.01]",0.0013131976362442547,0.08737551309059755
gCeXTM6f.png,page,jawi,pegon,0.5709391341943273,1.0,jawi / pegon,"(0.5, 0.6]",0.3333333333333333,0.4290608658056727
RCAhhZd5.png,line,lontara,pegon,0.9223295616720033,1.0,lontara / pegon,"(0.9, 1.01]",0.0013131976362442547,0.0776704383279967
EZsD6yU2.png,line,lampung,pegon,0.9179327996235201,1.0,lampung / pegon,"(0.9, 1.01]",0.0013131976362442547,0.08206720037647985
YwAccQRI.jpg,page,lampung,pegon,0.9133746282890017,1.0,lampung / pegon,"(0.9, 1.01]",0.07476635514018691,0.08662537171099827
YUSbZwlL.png,block,pegon,bali,0.932668070370488,1.0,bali / pegon,"(0.9, 1.01]",0.013745704467353952,0.06733192962951196
etGskeZb.png,line,lampung,pegon,0.9191714171148184,1.0,lampung / pegon,"(0.9, 1.01]",0.0013131976362442547,0.08082858288518158
hLjOXcIt.png,line,lampung,pegon,0.9114111267060936,1.0,lampung / pegon,"(0.9, 1.01]",0.0013131976362442547,0.08858887329390641
XHfBbGro.png,line,bali,pegon,0.9229747697358108,1.0,bali / pegon,"(0.9, 1.01]",0.0013131976362442547,0.07702523026418917
qq4ruweS.png,line,lampung,pegon,0.9153240144889576,1.0,lampung / pegon,"(0.9, 1.01]",0.0013131976362442547,0.08467598551104238
88um4MLL.png,line,jawi,pegon,0.8787101431732829,1.0,jawi / pegon,"(0.8, 0.9]",0.004735595895816891,0.12128985682671711
mh0dnpYt.png,line,jawi,pegon,0.8494524731364189,1.0,jawi / pegon,"(0.8, 0.9]",0.004735595895816891,0.15054752686358108
EkcAINcb.jpg,page,pegon,jawi,0.9199528075579397,1.0,jawi / pegon,"(0.9, 1.01]",0.07476635514018691,0.08004719244206027
t4WWJWrm.png,line,lontara,jawi,0.3402493900511446,0.2,jawi / lontara,"(0.0, 0.5]",0.5294117647058824,0.6597506099488555
CnD6r3Nc.png,line,sunda,pegon,0.9011267140947222,1.0,pegon / sunda,"(0.9, 1.01]",0.0013131976362442547,0.09887328590527777
KErle2IZ.png,line,lampung,pegon,0.9146493636576937,1.0,lampung / pegon,"(0.9, 1.01]",0.0013131976362442547,0.08535063634230633
OxqIjBqf.png,page,jawi,pegon,0.8758850394696243,1.0,jawi / pegon,"(0.8, 0.9]",0.1875,0.12411496053037574
eQdRb66P.bmp,page,lampung,pegon,0.9086250210655553,1.0,lampung / pegon,"(0.9, 1.01]",0.07476635514018691,0.09137497893444468
rAp05mwt.jpg,page,lampung,pegon,0.9109309219979883,1.0,lampung / pegon,"(0.9, 1.01]",0.07476635514018691,0.08906907800201169
NOtYR2fS.png,line,lampung,pegon,0.9146581467889472,1.0,lampung / pegon,"(0.9, 1.01]",0.0013131976362442547,0.08534185321105281
2JOdaZIF.jpg,page,jawa,pegon,0.8881367525702444,1.0,jawa / pegon,"(0.8, 0.9]",0.1875,0.11186324742975562
U7VOFbSp.png,line,lampung,pegon,0.9118309408281267,1.0,lampung / pegon,"(0.9, 1.01]",0.0013131976362442547,0.08816905917187334
8oq6zqeT.jpg,page,lontara,pegon,0.9190490763084318,1.0,lontara / pegon,"(0.9, 1.01]",0.07476635514018691,0.0809509236915682
A8vOjcCg.png,line,pegon,jawi,0.9373029075497674,1.0,jawi / pegon,"(0.9, 1.01]",0.0013131976362442547,0.06269709245023258
Pof0hs8v.png,line,jawi,pegon,0.8839459039481451,1.0,jawi / pegon,"(0.8, 0.9]",0.004735595895816891,0.1160540960518549
wHZdMejr.jpg,page,pegon,jawi,0.7565628156593568,0.2,jawi / pegon,"(0.7, 0.8]",0.125,0.2434371843406432
UNtkdcp9.png,line,jawi,pegon,0.8839933274121284,1.0,jawi / pegon,"(0.8, 0.9]",0.004735595895816891,0.11600667258787156
XkbrUkn5.png,line,lontara,lampung,0.2510043134733121,0.6,lampung / lontara,"(0.0, 0.5]",0.5294117647058824,0.7489956865266879
31eEtdGH.png,line,jawa,pegon,0.8940329456334979,1.0,jawa / pegon,"(0.8, 0.9]",0.004735595895816891,0.10596705436650211
eGkKGqww.png,line,jawa,pegon,0.8969358228182678,1.0,jawa / pegon,"(0.8, 0.9]",0.004735595895816891,0.10306417718173222
7CyTFt1f.png,line,sunda,jawa,0.6648751178979986,1.0,jawa / sunda,"(0.6, 0.7]",0.375,0.3351248821020014
oY0gb7Sn.jpg,page,jawa,sunda,0.885927498580315,1.0,jawa / sunda,"(0.8, 0.9]",0.1875,0.11407250141968495
LfkwfRXY.png,line,jawi,pegon,0.8229696258014044,1.0,jawi / pegon,"(0.8, 0.9]",0.004735595895816891,0.17703037419859557
Ep42uvIt.jpg,page,bali,pegon,0.9246129636107726,1.0,bali / pegon,"(0.9, 1.01]",0.07476635514018691,0.07538703638922739
Dm7oXhal.png,line,lampung,lontara,0.9145600767324448,1.0,lampung / lontara,"(0.9, 1.01]",0.0013131976362442547,0.08543992326755523
VoJ1Xg9b.png,block,jawa,pegon,0.902675295267793,1.0,jawa / pegon,"(0.9, 1.01]",0.013745704467353952,0.097324704732207
GFi010T3.png,line,jawa,pegon,0.8986341019130482,1.0,jawa / pegon,"(0.8, 0.9]",0.004735595895816891,0.10136589808695184
3thCZSyH.jpg,page,sunda,pegon,0.8974548744794941,0.8,pegon / sunda,"(0.8, 0.9]",0.1875,0.10254512552050588
LiB3gmQw.png,page,jawa,lampung,0.886719443627972,1.0,jawa / lampung,"(0.8, 0.9]",0.1875,0.11328055637202805
fI8C362v.png,glyph,sunda,pegon,0.8979487430913384,1.0,pegon / sunda,"(0.8, 0.9]",0.01834862385321101,0.10205125690866157
pFSi98wx.png,line,jawa,bali,0.8864871252150897,1.0,bali / jawa,"(0.8, 0.9]",0.004735595895816891,0.11351287478491034
K1OaxX8K.png,line,jawa,pegon,0.8973107489936998,1.0,jawa / pegon,"(0.8, 0.9]",0.004735595895816891,0.10268925100630022
MLej2rDG.png,line,lampung,pegon,0.9182548711986914,1.0,lampung / pegon,"(0.9, 1.01]",0.0013131976362442547,0.08174512880130858
VbUDzy4i.jpg,page,lontara,pegon,0.9243200176714848,1.0,lontara / pegon,"(0.9, 1.01]",0.07476635514018691,0.07567998232851525
ujjDXtsH.png,block,pegon,lontara,0.9353328015964385,1.0,lontara / pegon,"(0.9, 1.01]",0.013745704467353952,0.0646671984035615
o6wvvIED.jpg,page,lontara,lampung,0.8895271266443926,0.8,lampung / lontara,"(0.8, 0.9]",0.1875,0.1104728733556074
UIyE3mPI.png,line,lampung,pegon,0.9142976762352573,1.0,lampung / pegon,"(0.9, 1.01]",0.0013131976362442547,0.08570232376474274
DFkLcO4k.png,line,jawa,pegon,0.8971578593345594,1.0,jawa / pegon,"(0.8, 0.9]",0.004735595895816891,0.10284214066544062
KjfiynKK.jpg,page,jawa,pegon,0.8965205320110853,1.0,jawa / pegon,"(0.8, 0.9]",0.1875,0.10347946798891472
FBTHN0rk.jpg,block,pegon,jawi,0.9208341274772,1.0,jawi / pegon,"(0.9, 1.01]",0.013745704467353952,0.07916587252280005
bxQcDY0h.png,line,jawa,pegon,0.8971211523691736,1.0,jawa / pegon,"(0.8, 0.9]",0.004735595895816891,0.10287884763082644
oJMW3lXi.png,line,jawa,pegon,0.895355863812578,1.0,jawa / pegon,"(0.8, 0.9]",0.004735595895816891,0.10464413618742197
UZkcwMR2.png,block,pegon,bali,0.9341683120056485,1.0,bali / pegon,"(0.9, 1.01]",0.013745704467353952,0.06583168799435146
ay6KXtZE.png,line,lontara,jawi,0.5417342062994261,0.8,jawi / lontara,"(0.5, 0.6]",0.3333333333333333,0.45826579370057385
O2jk1qCX.png,block,jawa,sunda,0.8815473859537011,1.0,jawa / sunda,"(0.8, 0.9]",0.04081632653061224,0.11845261404629892
iQAE0e2j.png,line,jawa,jawi,0.7785770494954374,1.0,jawa / jawi,"(0.7, 0.8]",0.14285714285714285,0.22142295050456262
JR8H0DtD.png,line,sunda,jawa,0.7551480111358486,0.8,jawa / sunda,"(0.7, 0.8]",0.14285714285714285,0.24485198886415138
O8zOrSNi.png,line,lampung,lontara,0.9117316689141777,1.0,lampung / lontara,"(0.9, 1.01]",0.0013131976362442547,0.08826833108582233
XNKeg34p.png,block,pegon,lontara,0.9379430714491681,1.0,lontara / pegon,"(0.9, 1.01]",0.013745704467353952,0.06205692855083189
YUrX9JYE.png,glyph,sunda,pegon,0.8952012948777195,1.0,pegon / sunda,"(0.8, 0.9]",0.01834862385321101,0.10479870512228051
GsTqjyBm.png,line,jawi,pegon,0.8855329869221331,1.0,jawi / pegon,"(0.8, 0.9]",0.004735595895816891,0.11446701307786689
ezwvAKNA.png,line,jawi,lontara,0.8931618947654864,1.0,jawi / lontara,"(0.8, 0.9]",0.004735595895816891,0.10683810523451365
mgq2eH5y.png,line,jawi,pegon,0.8830661677932732,1.0,jawi / pegon,"(0.8, 0.9]",0.004735595895816891,0.11693383220672682
1kBHFF7b.png,line,jawa,pegon,0.8957050958011241,1.0,jawa / pegon,"(0.8, 0.9]",0.004735595895816891,0.10429490419887588
8fctJinJ.png,line,jawi,lontara,0.6217933562892923,1.0,jawi / lontara,"(0.6, 0.7]",0.375,0.37820664371070767
TQ0omJqB.png,block,pegon,lontara,0.9317676038009243,1.0,lontara / pegon,"(0.9, 1.01]",0.013745704467353952,0.06823239619907573
Y4p39xPf.png,block,pegon,lontara,0.9382584876895997,1.0,lontara / pegon,"(0.9, 1.01]",0.013745704467353952,0.06174151231040026
D2al3WFj.png,line,jawa,pegon,0.8975275820195098,1.0,jawa / pegon,"(0.8, 0.9]",0.004735595895816891,0.10247241798049023
aFNQd7Wq.jpg,page,jawa,pegon,0.9011788468561346,1.0,jawa / pegon,"(0.9, 1.01]",0.07476635514018691,0.09882115314386541
lEgRN8gs.png,line,lampung,pegon,0.9130858332270335,1.0,lampung / pegon,"(0.9, 1.01]",0.0013131976362442547,0.08691416677296648
00T8kKS9.png,line,jawi,pegon,0.9020114864142202,1.0,jawi / pegon,"(0.9, 1.01]",0.0013131976362442547,0.09798851358577976
dNOv6cil.png,line,sunda,lontara,0.9019307139553717,1.0,lontara / sunda,"(0.9, 1.01]",0.0013131976362442547,0.09806928604462828
pkr1vakn.png,line,lampung,pegon,0.9102646069068415,1.0,lampung / pegon,"(0.9, 1.01]",0.0013131976362442547,0.08973539309315848
3PuR8UUd.png,line,sunda,lontara,0.8957057522110465,1.0,lontara / sunda,"(0.8, 0.9]",0.004735595895816891,0.10429424778895346
Ybv4ejqR.jpg,page,lampung,pegon,0.9141594500945626,1.0,lampung / pegon,"(0.9, 1.01]",0.07476635514018691,0.08584054990543744
fJlFp9qb.png,line,sunda,pegon,0.8995549457809263,1.0,pegon / sunda,"(0.8, 0.9]",0.004735595895816891,0.10044505421907368
SegSnPMo.png,line,lampung,lontara,0.9164507285569983,1.0,lampung / lontara,"(0.9, 1.01]",0.0013131976362442547,0.08354927144300173
jTbRy3wy.png,line,lontara,pegon,0.9226606231224475,1.0,lontara / pegon,"(0.9, 1.01]",0.0013131976362442547,0.07733937687755255
wfrQPPz0.png,line,lampung,pegon,0.9122393845214557,1.0,lampung / pegon,"(0.9, 1.01]",0.0013131976362442547,0.0877606154785443
l7zm4ex5.jpg,page,lontara,pegon,0.8921478835965917,1.0,lontara / pegon,"(0.8, 0.9]",0.1875,0.1078521164034083
i2Po8naX.png,line,lontara,pegon,0.9179034215989434,1.0,lontara / pegon,"(0.9, 1.01]",0.0013131976362442547,0.08209657840105655
J1wE89Kg.png,line,lontara,pegon,0.9236497254247471,1.0,lontara / pegon,"(0.9, 1.01]",0.0013131976362442547,0.0763502745752529
IFsvMMMZ.png,line,jawa,pegon,0.8945111903027041,1.0,jawa / pegon,"(0.8, 0.9]",0.004735595895816891,0.1054888096972959
JxJ5O6S2.png,block,pegon,lontara,0.9351178963441621,1.0,lontara / pegon,"(0.9, 1.01]",0.013745704467353952,0.06488210365583791
bdWh7vZy.jpg,page,jawa,bali,0.8969702900932989,0.8,bali / jawa,"(0.8, 0.9]",0.1875,0.10302970990670113
xKOr051L.png,block,pegon,bali,0.940277536176352,1.0,bali / pegon,"(0.9, 1.01]",0.013745704467353952,0.05972246382364799
u04JTLXq.png,line,jawa,bali,0.8796761907543729,1.0,bali / jawa,"(0.8, 0.9]",0.004735595895816891,0.12032380924562713
wZXItSQr.png,line,sunda,pegon,0.9068347812256012,1.0,pegon / sunda,"(0.9, 1.01]",0.0013131976362442547,0.09316521877439876
kiTqS47o.png,line,jawa,pegon,0.8943473200309375,1.0,jawa / pegon,"(0.8, 0.9]",0.004735595895816891,0.10565267996906247
2DNZmXTB.png,block,pegon,lontara,0.9429386195304994,1.0,lontara / pegon,"(0.9, 1.01]",0.013745704467353952,0.0570613804695006
FwX91kPV.png,line,sunda,jawa,0.603265895955689,1.0,jawa / sunda,"(0.6, 0.7]",0.375,0.396734104044311
KUPPAWQo.png,line,jawa,lontara,0.8923465804557793,1.0,jawa / lontara,"(0.8, 0.9]",0.004735595895816891,0.1076534195442207
ZkaIdXph.png,block,pegon,lontara,0.9349382403590779,1.0,lontara / pegon,"(0.9, 1.01]",0.013745704467353952,0.06506175964092209
ipee2D8y.png,line,bali,pegon,0.9263048408875335,1.0,bali / pegon,"(0.9, 1.01]",0.0013131976362442547,0.07369515911246649
3htXo3T1.png,line,sunda,pegon,0.9008009738575439,1.0,pegon / sunda,"(0.9, 1.01]",0.0013131976362442547,0.09919902614245613
VpiyizbZ.png,line,lampung,pegon,0.9049532985436699,1.0,lampung / pegon,"(0.9, 1.01]",0.0013131976362442547,0.0950467014563301
Osr6x8QO.jpg,page,lampung,pegon,0.9122605204162648,1.0,lampung / pegon,"(0.9, 1.01]",0.07476635514018691,0.08773947958373518
pEh1Rkyx.png,line,pegon,jawi,0.9277182200908672,1.0,jawi / pegon,"(0.9, 1.01]",0.0013131976362442547,0.07228177990913276
hkW7FAtu.png,line,lampung,lontara,0.910891105658812,1.0,lampung / lontara,"(0.9, 1.01]",0.0013131976362442547,0.08910889434118796
EfsKBSzv.png,block,lampung,jawa,0.8992482753225584,1.0,jawa / lampung,"(0.8, 0.9]",0.04081632653061224,0.10075172467744165
ucJ8RJ0x.png,block,pegon,bali,0.9362881035487398,1.0,bali / pegon,"(0.9, 1.01]",0.013745704467353952,0.06371189645126019
KWPvaaiz.png,line,jawa,pegon,0.8970408717018655,1.0,jawa / pegon,"(0.8, 0.9]",0.004735595895816891,0.10295912829813447
3P33Mx6w.png,line,bali,pegon,0.9222697662295097,1.0,bali / pegon,"(0.9, 1.01]",0.0013131976362442547,0.07773023377049026
m8gGjDUO.png,line,lontara,pegon,0.9210452042593772,1.0,lontara / pegon,"(0.9, 1.01]",0.0013131976362442547,0.07895479574062281
2kwxMF1P.png,line,jawa,bali,0.6483861644072612,1.0,bali / jawa,"(0.6, 0.7]",0.375,0.35161383559273884
YrcxD0Iz.png,line,jawi,pegon,0.8749645711852316,1.0,jawi / pegon,"(0.8, 0.9]",0.004735595895816891,0.12503542881476837
LDnDYpYN.png,line,lontara,lampung,0.9085842740884607,1.0,lampung / lontara,"(0.9, 1.01]",0.0013131976362442547,0.09141572591153935
Ql34AEov.png,block,pegon,lontara,0.9341315417396231,1.0,lontara / pegon,"(0.9, 1.01]",0.013745704467353952,0.0658684582603769
0G6K6Mgx.png,line,jawa,sunda,0.87579055245793,1.0,jawa / sunda,"(0.8, 0.9]",0.004735595895816891,0.12420944754206997
rCFHzah9.jpg,page,bali,jawa,0.8912031780107192,0.4,bali / jawa,"(0.8, 0.9]",0.1875,0.10879682198928076
nYuKVvtP.png,glyph,sunda,pegon,0.8971701763977944,1.0,pegon / sunda,"(0.8, 0.9]",0.01834862385321101,0.1028298236022056
iMzXnHzi.png,line,lontara,jawi,0.7827594244716723,1.0,jawi / lontara,"(0.7, 0.8]",0.14285714285714285,0.21724057552832765
H2wD2Cwp.jpg,page,jawa,pegon,0.8937827444365055,1.0,jawa / pegon,"(0.8, 0.9]",0.1875,0.10621725556349448
nmE8gjqc.png,block,pegon,lampung,0.9343187834719616,1.0,lampung / pegon,"(0.9, 1.01]",0.013745704467353952,0.06568121652803838
hu2IO3uu.png,block,jawi,pegon,0.7936247050913855,1.0,jawi / pegon,"(0.7, 0.8]",0.0,0.2063752949086145
pOdWxgnU.jpg,page,pegon,bali,0.9344649130510001,1.0,bali / pegon,"(0.9, 1.01]",0.07476635514018691,0.0655350869489999
Urll2kV8.png,block,pegon,bali,0.9400338213894834,1.0,bali / pegon,"(0.9, 1.01]",0.013745704467353952,0.05996617861051656
3WOfUs8V.jpg,page,pegon,jawi,0.7751309555807331,1.0,jawi / pegon,"(0.7, 0.8]",0.125,0.22486904441926692
QnomGMrW.png,page,jawi,pegon,0.6343231342827097,0.8,jawi / pegon,"(0.6, 0.7]",0.3333333333333333,0.3656768657172903
qdyOBJMm.png,line,lampung,lontara,0.9172086155802827,1.0,lampung / lontara,"(0.9, 1.01]",0.0013131976362442547,0.08279138441971734
AJtfjse4.png,line,jawa,pegon,0.8966471736297474,1.0,jawa / pegon,"(0.8, 0.9]",0.004735595895816891,0.10335282637025256
uo2fXOOg.png,line,sunda,pegon,0.8980193252712638,1.0,pegon / sunda,"(0.8, 0.9]",0.004735595895816891,0.10198067472873618
bzYOfktG.jpg,page,bali,pegon,0.9269220861600683,1.0,bali / pegon,"(0.9, 1.01]",0.07476635514018691,0.07307791383993167
MEIIpTFk.jpg,page,lampung,pegon,0.9102696471390306,1.0,lampung / pegon,"(0.9, 1.01]",0.07476635514018691,0.08973035286096942
vbTrP2XB.png,glyph,sunda,pegon,0.8941865418034217,1.0,pegon / sunda,"(0.8, 0.9]",0.01834862385321101,0.10581345819657828
cgKILzhK.png,block,pegon,lontara,0.933799391854991,1.0,lontara / pegon,"(0.9, 1.01]",0.013745704467353952,0.06620060814500905
wddJmAo6.png,line,lontara,pegon,0.9239862959115565,1.0,lontara / pegon,"(0.9, 1.01]",0.0013131976362442547,0.07601370408844355
iApRoWXi.png,line,jawa,pegon,0.8987794373227815,1.0,jawa / pegon,"(0.8, 0.9]",0.004735595895816891,0.10122056267721846
hzmyHjwd.png,line,jawa,pegon,0.8876357041274489,1.0,jawa / pegon,"(0.8, 0.9]",0.004735595895816891,0.11236429587255115
ANvXuugy.jpg,page,sunda,lontara,0.8510198905522868,0.8,lontara / sunda,"(0.8, 0.9]",0.1875,0.14898010944771323
mHPYOxBd.png,line,lampung,pegon,0.9099930674755047,1.0,lampung / pegon,"(0.9, 1.01]",0.0013131976362442547,0.09000693252449532
3Vb1a9Jq.png,line,jawa,pegon,0.8878436567563387,1.0,jawa / pegon,"(0.8, 0.9]",0.004735595895816891,0.1121563432436613
ZBvUKEFY.jpg,page,lampung,sunda,0.8275950464113795,1.0,lampung / sunda,"(0.8, 0.9]",0.1875,0.1724049535886205
j2A8mZqi.png,line,bali,jawa,0.45983590455739065,0.6,bali / jawa,"(0.0, 0.5]",0.5294117647058824,0.5401640954426093
GVuvm0Fe.png,line,sunda,pegon,0.8989407647351726,1.0,pegon / sunda,"(0.8, 0.9]",0.004735595895816891,0.10105923526482741
yH8kDyOL.png,line,lampung,pegon,0.9135774121107456,1.0,lampung / pegon,"(0.9, 1.01]",0.0013131976362442547,0.08642258788925439
pmpFP6tE.jpg,page,jawa,lontara,0.8948669312863823,1.0,jawa / lontara,"(0.8, 0.9]",0.1875,0.10513306871361772
HmO2XhX4.png,line,lampung,pegon,0.915536535687305,1.0,lampung / pegon,"(0.9, 1.01]",0.0013131976362442547,0.08446346431269502
DzyTnG3l.png,line,lampung,bali,0.9132417448647077,1.0,bali / lampung,"(0.9, 1.01]",0.0013131976362442547,0.08675825513529234
2vw5LSXt.png,block,pegon,lontara,0.9263580491489203,1.0,lontara / pegon,"(0.9, 1.01]",0.013745704467353952,0.07364195085107972
BdjIUfGT.png,line,pegon,bali,0.9388698556002936,1.0,bali / pegon,"(0.9, 1.01]",0.0013131976362442547,0.06113014439970643
a2xlyNPU.png,line,lampung,pegon,0.9129103251273181,1.0,lampung / pegon,"(0.9, 1.01]",0.0013131976362442547,0.08708967487268193
jKDXOxK5.png,line,jawa,pegon,0.8956310028163111,1.0,jawa / pegon,"(0.8, 0.9]",0.004735595895816891,0.10436899718368886
tCOj1eAD.png,block,pegon,bali,0.9347893490278789,1.0,bali / pegon,"(0.9, 1.01]",0.013745704467353952,0.06521065097212109
2T7yQYeE.jpg,page,lontara,pegon,0.914201263137344,0.8,lontara / pegon,"(0.9, 1.01]",0.07476635514018691,0.08579873686265604
VPd59w2G.png,glyph,sunda,lontara,0.890969635549484,0.8,lontara / sunda,"(0.8, 0.9]",0.01834862385321101,0.10903036445051595
TkC0OpHV.png,line,lampung,lontara,0.9135324575830746,1.0,lampung / lontara,"(0.9, 1.01]",0.0013131976362442547,0.08646754241692545
fEklPkNb.png,block,pegon,lontara,0.9317538412648865,1.0,lontara / pegon,"(0.9, 1.01]",0.013745704467353952,0.06824615873511353
nb7zv9pn.png,line,lampung,lontara,0.8443886642392817,1.0,lampung / lontara,"(0.8, 0.9]",0.004735595895816891,0.15561133576071828
3Ab69ql6.jpg,page,pegon,lontara,0.9325201980741911,1.0,lontara / pegon,"(0.9, 1.01]",0.07476635514018691,0.06747980192580894
T2fp5mfj.png,line,sunda,jawa,0.5399197066828443,1.0,jawa / sunda,"(0.5, 0.6]",0.3333333333333333,0.4600802933171557
fjnGrtEu.png,line,lampung,pegon,0.9152175785303303,1.0,lampung / pegon,"(0.9, 1.01]",0.0013131976362442547,0.08478242146966974
HgFDeeQj.png,line,jawi,pegon,0.7602155331376161,1.0,jawi / pegon,"(0.7, 0.8]",0.14285714285714285,0.23978446686238386
khaxzjZo.png,glyph,sunda,lampung,0.8743178204278566,1.0,lampung / sunda,"(0.8, 0.9]",0.01834862385321101,0.12568217957214345
AGHPVJzn.png,line,jawa,pegon,0.8981340326260867,1.0,jawa / pegon,"(0.8, 0.9]",0.004735595895816891,0.10186596737391329
nNFES8AI.png,line,lampung,lontara,0.901524719129184,1.0,lampung / lontara,"(0.9, 1.01]",0.0013131976362442547,0.09847528087081603
o36fxQgG.jpg,page,jawa,pegon,0.8927377027648239,1.0,jawa / pegon,"(0.8, 0.9]",0.1875,0.10726229723517611
94w0nbLY.jpg,page,lampung,pegon,0.9122667696476295,1.0,lampung / pegon,"(0.9, 1.01]",0.07476635514018691,0.08773323035237046
WfW6DiJL.png,line,jawa,pegon,0.8950778797591973,1.0,jawa / pegon,"(0.8, 0.9]",0.004735595895816891,0.10492212024080272
3VEBASAg.png,line,bali,pegon,0.9200536699843065,1.0,bali / pegon,"(0.9, 1.01]",0.0013131976362442547,0.07994633001569351
T0d4kIfP.jpg,page,lontara,pegon,0.9326182163850983,1.0,lontara / pegon,"(0.9, 1.01]",0.07476635514018691,0.06738178361490166
fL2JmXEd.png,block,sunda,bali,0.9052321525169355,1.0,bali / sunda,"(0.9, 1.01]",0.013745704467353952,0.09476784748306455
XptxcyjW.png,line,bali,jawa,0.7881378210576632,0.8,bali / jawa,"(0.7, 0.8]",0.14285714285714285,0.21186217894233683
EnCEWDE8.jpg,page,lontara,bali,0.9170767570708973,0.8,bali / lontara,"(0.9, 1.01]",0.07476635514018691,0.08292324292910269
KBBAssZV.webp,page,sunda,jawa,0.8635216478723203,0.8,jawa / sunda,"(0.8, 0.9]",0.1875,0.13647835212767967
5K0ntO8j.png,line,lampung,pegon,0.9167289230238482,1.0,lampung / pegon,"(0.9, 1.01]",0.0013131976362442547,0.08327107697615177
4Exa86KL.png,block,pegon,bali,0.9374159966929166,1.0,bali / pegon,"(0.9, 1.01]",0.013745704467353952,0.06258400330708336
mx7LCCNB.png,line,lontara,pegon,0.9196175563258862,1.0,lontara / pegon,"(0.9, 1.01]",0.0013131976362442547,0.08038244367411385
9KPYHyTK.jpg,page,bali,jawa,0.9228923137431309,1.0,bali / jawa,"(0.9, 1.01]",0.07476635514018691,0.07710768625686915
SCCerkBY.jpg,page,sunda,jawa,0.735175898121031,0.2,jawa / sunda,"(0.7, 0.8]",0.125,0.264824101878969
IINdF7pr.webp,page,pegon,jawi,0.9246678649029544,1.0,jawi / pegon,"(0.9, 1.01]",0.07476635514018691,0.07533213509704562
5IMxeqAJ.png,line,jawa,pegon,0.903251467376645,1.0,jawa / pegon,"(0.9, 1.01]",0.0013131976362442547,0.09674853262335503
chtz5jzk.jpg,page,lontara,pegon,0.9214309693431314,1.0,lontara / pegon,"(0.9, 1.01]",0.07476635514018691,0.0785690306568686
8jfXGtZJ.png,line,bali,jawa,0.8898830549680896,0.8,bali / jawa,"(0.8, 0.9]",0.004735595895816891,0.11011694503191038
sZuRUcfR.png,line,jawa,pegon,0.8965684369723685,1.0,jawa / pegon,"(0.8, 0.9]",0.004735595895816891,0.10343156302763146
5wSDIkxd.png,line,jawa,pegon,0.9014675222646572,1.0,jawa / pegon,"(0.9, 1.01]",0.0013131976362442547,0.0985324777353428
WsL7EGKU.jpg,page,lontara,pegon,0.9267000418416202,1.0,lontara / pegon,"(0.9, 1.01]",0.07476635514018691,0.07329995815837975
TttzcFgE.jpg,page,bali,pegon,0.9273614997541781,1.0,bali / pegon,"(0.9, 1.01]",0.07476635514018691,0.07263850024582186
EqOy0Ygp.jpg,line,pegon,lampung,0.9244603889350586,1.0,lampung / pegon,"(0.9, 1.01]",0.0013131976362442547,0.07553961106494145
MWUxUolm.png,line,bali,lampung,0.619948071464574,1.0,bali / lampung,"(0.6, 0.7]",0.375,0.380051928535426
vI3WShwa.bmp,page,sunda,pegon,0.9034899459345918,1.0,pegon / sunda,"(0.9, 1.01]",0.07476635514018691,0.09651005406540825
yPoCDaF4.png,glyph,sunda,pegon,0.8962102670910111,1.0,pegon / sunda,"(0.8, 0.9]",0.01834862385321101,0.10378973290898885
xR0SEbgG.png,line,jawa,sunda,0.8802274056153218,1.0,jawa / sunda,"(0.8, 0.9]",0.004735595895816891,0.11977259438467824
fF7SuGhV.png,glyph,sunda,bali,0.8998006808821183,0.8,bali / sunda,"(0.8, 0.9]",0.01834862385321101,0.10019931911788171
W6smHRuA.png,line,sunda,jawa,0.6440581921155968,1.0,jawa / sunda,"(0.6, 0.7]",0.375,0.3559418078844032
EMntqvyh.png,block,jawi,sunda,0.7913670620259298,1.0,jawi / sunda,"(0.7, 0.8]",0.0,0.20863293797407023
4OR8cPdh.jpg,page,lampung,pegon,0.912808317575745,1.0,lampung / pegon,"(0.9, 1.01]",0.07476635514018691,0.08719168242425501
zdu2Zw13.png,block,pegon,lampung,0.933594990994693,1.0,lampung / pegon,"(0.9, 1.01]",0.013745704467353952,0.06640500900530699
W2n52G1r.jpg,page,pegon,jawi,0.6411860176393764,1.0,jawi / pegon,"(0.6, 0.7]",0.3333333333333333,0.35881398236062356
hgfKArJw.png,page,jawa,bali,0.5443836425111628,0.8,bali / jawa,"(0.5, 0.6]",0.3333333333333333,0.4556163574888372
DVXTo7I6.png,line,pegon,jawi,0.7883036741197069,1.0,jawi / pegon,"(0.7, 0.8]",0.14285714285714285,0.21169632588029308
QlEiR0iG.jpg,page,jawi,bali,0.56289585857027,1.0,bali / jawi,"(0.5, 0.6]",0.3333333333333333,0.43710414142973
vmQ5ocag.png,line,sunda,lontara,0.8989758405656906,1.0,lontara / sunda,"(0.8, 0.9]",0.004735595895816891,0.10102415943430942
6walxVK4.jpg,page,jawi,pegon,0.7881410503233524,0.8,jawi / pegon,"(0.7, 0.8]",0.125,0.21185894967664765
yOU77fDe.png,line,bali,pegon,0.9205390757638492,1.0,bali / pegon,"(0.9, 1.01]",0.0013131976362442547,0.07946092423615081
VYSBSqiL.png,line,jawi,sunda,0.6713614215245727,1.0,jawi / sunda,"(0.6, 0.7]",0.375,0.3286385784754273
X2RZw52N.png,line,bali,jawa,0.8868619891957235,1.0,bali / jawa,"(0.8, 0.9]",0.004735595895816891,0.11313801080427655
pWnaLPgR.jpg,page,bali,pegon,0.9196251522319543,1.0,bali / pegon,"(0.9, 1.01]",0.07476635514018691,0.08037484776804571
TkcyO0pK.jpg,page,lampung,bali,0.9043011456420125,1.0,bali / lampung,"(0.9, 1.01]",0.07476635514018691,0.09569885435798753
wEqxO932.png,line,lampung,pegon,0.9134199571508305,1.0,lampung / pegon,"(0.9, 1.01]",0.0013131976362442547,0.08658004284916954
PpusvmqU.png,line,jawa,pegon,0.8957749029348017,1.0,jawa / pegon,"(0.8, 0.9]",0.004735595895816891,0.10422509706519834
5u5TVLbj.png,line,sunda,pegon,0.9014160417387099,1.0,pegon / sunda,"(0.9, 1.01]",0.0013131976362442547,0.09858395826129007
05JGzTkN.png,line,jawa,pegon,0.8956215749881735,1.0,jawa / pegon,"(0.8, 0.9]",0.004735595895816891,0.10437842501182648
vGWIjnJU.png,block,pegon,jawa,0.9323194108213404,1.0,jawa / pegon,"(0.9, 1.01]",0.013745704467353952,0.0676805891786596
RyJnmmhF.png,line,jawi,pegon,0.8865226964457952,1.0,jawi / pegon,"(0.8, 0.9]",0.004735595895816891,0.11347730355420482
0N0MItKu.png,line,jawi,lontara,0.6004239891265707,1.0,jawi / lontara,"(0.6, 0.7]",0.375,0.3995760108734293
4IateSUS.png,line,pegon,jawi,0.5671823598496872,0.4,jawi / pegon,"(0.5, 0.6]",0.3333333333333333,0.43281764015031277
WrucuNTl.jpg,page,jawi,pegon,0.5598402987849164,0.4,jawi / pegon,"(0.5, 0.6]",0.3333333333333333,0.44015970121508363
nrjSuQUI.png,block,pegon,lontara,0.9348775136400743,1.0,lontara / pegon,"(0.9, 1.01]",0.013745704467353952,0.06512248635992568
zT9aeQxi.jpg,page,bali,pegon,0.926492149262762,1.0,bali / pegon,"(0.9, 1.01]",0.07476635514018691,0.07350785073723798
Q9imR7oT.jpg,page,bali,pegon,0.9226815046982748,1.0,bali / pegon,"(0.9, 1.01]",0.07476635514018691,0.07731849530172519
c8jZaveK.png,line,jawi,pegon,0.8959264116397547,1.0,jawi / pegon,"(0.8, 0.9]",0.004735595895816891,0.10407358836024527
nIhqTJNj.png,block,jawa,pegon,0.899625950507755,1.0,jawa / pegon,"(0.8, 0.9]",0.04081632653061224,0.10037404949224504
lWYdBjrk.png,line,sunda,pegon,0.901112119943317,1.0,pegon / sunda,"(0.9, 1.01]",0.0013131976362442547,0.09888788005668303
HUGi0nLM.jpg,page,bali,jawa,0.7737595256338018,0.4,bali / jawa,"(0.7, 0.8]",0.125,0.2262404743661982
rErI59dc.png,block,pegon,bali,0.9342986697480592,1.0,bali / pegon,"(0.9, 1.01]",0.013745704467353952,0.0657013302519408
2yagSjhm.png,page,lontara,jawa,0.7222819446944173,0.8,jawa / lontara,"(0.7, 0.8]",0.125,0.2777180553055827
h8v2QrgF.png,line,bali,pegon,0.926337354084945,1.0,bali / pegon,"(0.9, 1.01]",0.0013131976362442547,0.073662645915055
WayCSImu.png,block,pegon,bali,0.9382262365575725,1.0,bali / pegon,"(0.9, 1.01]",0.013745704467353952,0.061773763442427465
7VMfcMHI.png,line,sunda,pegon,0.9006586817626093,1.0,pegon / sunda,"(0.9, 1.01]",0.0013131976362442547,0.09934131823739067
9zGlcdIa.png,line,lampung,bali,0.9106654444237188,1.0,bali / lampung,"(0.9, 1.01]",0.0013131976362442547,0.08933455557628123
s05yO8BP.png,line,lampung,lontara,0.9174603747728446,1.0,lampung / lontara,"(0.9, 1.01]",0.0013131976362442547,0.08253962522715541
YLBrPsjO.png,line,jawa,sunda,0.4799674220082947,1.0,jawa / sunda,"(0.0, 0.5]",0.5294117647058824,0.5200325779917053
TXkxko1i.jpg,page,pegon,lontara,0.9299311423403964,1.0,lontara / pegon,"(0.9, 1.01]",0.07476635514018691,0.07006885765960358
95YZVrDD.png,line,sunda,bali,0.9139504958081621,1.0,bali / sunda,"(0.9, 1.01]",0.0013131976362442547,0.08604950419183788
7ckJIDU4.png,block,pegon,lontara,0.9332014855890813,1.0,lontara / pegon,"(0.9, 1.01]",0.013745704467353952,0.06679851441091866
loTQb3H7.png,line,lampung,pegon,0.9230046915623771,1.0,lampung / pegon,"(0.9, 1.01]",0.0013131976362442547,0.07699530843762292
34HKXjV9.png,line,jawi,pegon,0.8695782063154247,1.0,jawi / pegon,"(0.8, 0.9]",0.004735595895816891,0.1304217936845753
rZnOMgbJ.png,glyph,sunda,pegon,0.8998948951849682,1.0,pegon / sunda,"(0.8, 0.9]",0.01834862385321101,0.10010510481503176
6W0xinoW.png,line,jawi,lontara,0.8952499709351679,1.0,jawi / lontara,"(0.8, 0.9]",0.004735595895816891,0.1047500290648321
BF2a88L9.webp,page,lampung,pegon,0.909848036584768,1.0,lampung / pegon,"(0.9, 1.01]",0.07476635514018691,0.09015196341523202
vdHe3qEg.png,line,lontara,pegon,0.9230599152057832,1.0,lontara / pegon,"(0.9, 1.01]",0.0013131976362442547,0.07694008479421677
nGYbQt8U.png,line,lampung,pegon,0.9156196517695779,1.0,lampung / pegon,"(0.9, 1.01]",0.0013131976362442547,0.08438034823042206
r7fakC6Y.png,line,jawa,pegon,0.903381218165182,1.0,jawa / pegon,"(0.9, 1.01]",0.0013131976362442547,0.09661878183481798
01eMwHuH.png,line,jawi,pegon,0.8847454528944428,1.0,jawi / pegon,"(0.8, 0.9]",0.004735595895816891,0.11525454710555716
mzWOtlbp.png,line,pegon,jawi,0.5523891870400706,1.0,jawi / pegon,"(0.5, 0.6]",0.3333333333333333,0.44761081295992944
iiCd7aNl.jpg,page,bali,pegon,0.9208859321164515,1.0,bali / pegon,"(0.9, 1.01]",0.07476635514018691,0.07911406788354847
NjeIgej1.png,block,pegon,sunda,0.8780244937170577,1.0,pegon / sunda,"(0.8, 0.9]",0.04081632653061224,0.12197550628294229
r3Ups2lg.png,line,jawi,pegon,0.8898273184269261,1.0,jawi / pegon,"(0.8, 0.9]",0.004735595895816891,0.11017268157307392
AQwUoSbi.png,line,sunda,lontara,0.5233420666278095,1.0,lontara / sunda,"(0.5, 0.6]",0.3333333333333333,0.47665793337219053
USzzfXaO.png,line,sunda,lontara,0.7796987900525514,1.0,lontara / sunda,"(0.7, 0.8]",0.14285714285714285,0.22030120994744862
nWpj5DQ3.png,line,jawi,pegon,0.8872528691179941,1.0,jawi / pegon,"(0.8, 0.9]",0.004735595895816891,0.11274713088200594
ak3GwgIz.png,line,jawi,pegon,0.8871662456520605,1.0,jawi / pegon,"(0.8, 0.9]",0.004735595895816891,0.11283375434793952
a48ZKsTM.png,block,pegon,lontara,0.934541997075222,1.0,lontara / pegon,"(0.9, 1.01]",0.013745704467353952,0.06545800292477799
3f76p0cH.png,line,pegon,lampung,0.9370122491465308,1.0,lampung / pegon,"(0.9, 1.01]",0.0013131976362442547,0.0629877508534692
WIzFRrQw.png,line,lampung,bali,0.909754275177636,1.0,bali / lampung,"(0.9, 1.01]",0.0013131976362442547,0.09024572482236404
t0CUnaq7.png,line,bali,pegon,0.9263206894168127,1.0,bali / pegon,"(0.9, 1.01]",0.0013131976362442547,0.07367931058318733
CURsUyvi.jpg,page,lampung,lontara,0.9121222507437677,1.0,lampung / lontara,"(0.9, 1.01]",0.07476635514018691,0.08787774925623226
rSIh1IgC.png,line,sunda,lontara,0.8972759774698253,1.0,lontara / sunda,"(0.8, 0.9]",0.004735595895816891,0.10272402253017465
TSJcHALM.jpg,page,sunda,lampung,0.9118243256061094,1.0,lampung / sunda,"(0.9, 1.01]",0.07476635514018691,0.08817567439389062
gxSxzmWq.png,page,lontara,sunda,0.8354124878805834,1.0,lontara / sunda,"(0.8, 0.9]",0.1875,0.16458751211941658
hS8BXVxE.png,line,jawi,pegon,0.8798404941073421,1.0,jawi / pegon,"(0.8, 0.9]",0.004735595895816891,0.12015950589265789
FJIb3JJZ.png,line,jawi,pegon,0.8990691872153682,1.0,jawi / pegon,"(0.8, 0.9]",0.004735595895816891,0.10093081278463178
103HUaxy.png,line,lampung,pegon,0.910729774270728,1.0,lampung / pegon,"(0.9, 1.01]",0.0013131976362442547,0.08927022572927201
KJdY1jWR.jpg,page,jawa,bali,0.8688215413901679,1.0,bali / jawa,"(0.8, 0.9]",0.1875,0.13117845860983213
qO6OKcRs.jpg,page,pegon,jawi,0.5368642038690108,0.8,jawi / pegon,"(0.5, 0.6]",0.3333333333333333,0.4631357961309892
BpemwSh9.png,block,pegon,bali,0.9331933210612802,1.0,bali / pegon,"(0.9, 1.01]",0.013745704467353952,0.06680667893871983
XMWlmHYn.webp,page,jawa,pegon,0.8967771647574198,1.0,jawa / pegon,"(0.8, 0.9]",0.1875,0.10322283524258025
cIvpkHsH.jpg,page,jawi,pegon,0.5180229743011288,1.0,jawi / pegon,"(0.5, 0.6]",0.3333333333333333,0.48197702569887124
iN8lmlCB.png,block,pegon,lontara,0.9308473691994832,1.0,lontara / pegon,"(0.9, 1.01]",0.013745704467353952,0.06915263080051681
YtqTEdMc.png,line,lampung,pegon,0.9114464493571093,1.0,lampung / pegon,"(0.9, 1.01]",0.0013131976362442547,0.08855355064289072
TsW7zvts.png,line,lontara,pegon,0.9230574187795559,1.0,lontara / pegon,"(0.9, 1.01]",0.0013131976362442547,0.07694258122044406
Y978qcT3.jpg,page,lampung,pegon,0.91228288384364,1.0,lampung / pegon,"(0.9, 1.01]",0.07476635514018691,0.08771711615636002
RsrT9tlT.png,line,jawa,lontara,0.8954601332146501,1.0,jawa / lontara,"(0.8, 0.9]",0.004735595895816891,0.10453986678534988
VEr26nUc.png,line,jawi,pegon,0.8869344095498363,1.0,jawi / pegon,"(0.8, 0.9]",0.004735595895816891,0.11306559045016373
fLvo3NSl.png,line,sunda,jawi,0.5802352568749949,0.8,jawi / sunda,"(0.5, 0.6]",0.3333333333333333,0.4197647431250051
Kmt3tBTF.png,line,jawa,jawi,0.415719444828291,1.0,jawa / jawi,"(0.0, 0.5]",0.5294117647058824,0.584280555171709
0yYINh3K.png,line,jawi,pegon,0.6831959480710212,0.8,jawi / pegon,"(0.6, 0.7]",0.375,0.31680405192897876
JC72Wvwy.png,block,bali,pegon,0.9280775053872464,1.0,bali / pegon,"(0.9, 1.01]",0.013745704467353952,0.07192249461275357
TCGOSVcJ.png,line,pegon,bali,0.9335786866489635,1.0,bali / pegon,"(0.9, 1.01]",0.0013131976362442547,0.06642131335103652
Kvzj3Pv0.png,line,jawi,pegon,0.8856784788550623,1.0,jawi / pegon,"(0.8, 0.9]",0.004735595895816891,0.11432152114493765
33wj8h0R.png,line,lontara,jawi,0.6970429183948481,1.0,jawi / lontara,"(0.6, 0.7]",0.375,0.3029570816051519
yZhMQJBZ.jpg,block,jawa,pegon,0.8943860308560433,1.0,jawa / pegon,"(0.8, 0.9]",0.04081632653061224,0.10561396914395671
0GsnAjkh.jpg,page,lampung,pegon,0.9146799431427286,1.0,lampung / pegon,"(0.9, 1.01]",0.07476635514018691,0.0853200568572714
UtmpkmTz.jpg,page,jawa,lampung,0.8831966178752764,0.8,jawa / lampung,"(0.8, 0.9]",0.1875,0.11680338212472363
u18BMse4.jpg,page,bali,jawa,0.35040968708034137,0.4,bali / jawa,"(0.0, 0.5]",0.25,0.6495903129196586
cgrMsZJ8.png,line,jawi,pegon,0.8924970470406437,1.0,jawi / pegon,"(0.8, 0.9]",0.004735595895816891,0.1075029529593563
yEwOuwUz.jpg,page,jawi,pegon,0.7246337727418265,0.8,jawi / pegon,"(0.7, 0.8]",0.125,0.2753662272581735
GtmANNHc.png,block,pegon,bali,0.9348263165310042,1.0,bali / pegon,"(0.9, 1.01]",0.013745704467353952,0.06517368346899577
FNnSLEoz.jpg,page,lampung,pegon,0.9126806221173946,1.0,lampung / pegon,"(0.9, 1.01]",0.07476635514018691,0.08731937788260535
hO5C0YCv.png,line,lontara,lampung,0.9259827151088389,1.0,lampung / lontara,"(0.9, 1.01]",0.0013131976362442547,0.0740172848911611
WUwowK3j.jpg,page,jawa,pegon,0.88917056483797,1.0,jawa / pegon,"(0.8, 0.9]",0.1875,0.11082943516203003
g1V2Jf5T.png,line,sunda,pegon,0.8987940353962113,1.0,pegon / sunda,"(0.8, 0.9]",0.004735595895816891,0.10120596460378872
G9emTgSa.png,line,lampung,pegon,0.9143592788900954,1.0,lampung / pegon,"(0.9, 1.01]",0.0013131976362442547,0.08564072110990462
3nA3W49u.jpg,page,pegon,lontara,0.9274174362120509,1.0,lontara / pegon,"(0.9, 1.01]",0.07476635514018691,0.07258256378794914
5RITOks4.png,line,lampung,lontara,0.7884865010561762,1.0,lampung / lontara,"(0.7, 0.8]",0.14285714285714285,0.21151349894382376
hOmpjJmw.png,glyph,sunda,pegon,0.8972413340683494,1.0,pegon / sunda,"(0.8, 0.9]",0.01834862385321101,0.10275866593165062
3MWxF7cW.png,line,sunda,pegon,0.9004164559594916,1.0,pegon / sunda,"(0.9, 1.01]",0.0013131976362442547,0.0995835440405084
deHZj2TH.png,line,bali,pegon,0.9232679838943192,1.0,bali / pegon,"(0.9, 1.01]",0.0013131976362442547,0.07673201610568081
0u4WUqfd.png,line,jawi,pegon,0.6734248684939206,1.0,jawi / pegon,"(0.6, 0.7]",0.375,0.3265751315060794
wX7bM0kB.png,line,pegon,jawi,0.9303050641817151,1.0,jawi / pegon,"(0.9, 1.01]",0.0013131976362442547,0.0696949358182849
08ir1p0K.png,line,lampung,pegon,0.915256861514991,1.0,lampung / pegon,"(0.9, 1.01]",0.0013131976362442547,0.08474313848500903
Q0tOdDTQ.png,glyph,sunda,pegon,0.8926300601390296,1.0,pegon / sunda,"(0.8, 0.9]",0.01834862385321101,0.10736993986097043
Cs3YLT81.png,line,bali,jawa,0.8684537174586808,1.0,bali / jawa,"(0.8, 0.9]",0.004735595895816891,0.13154628254131917
nq6bdC2J.jpg,page,sunda,lampung,0.6573805310558167,0.4,lampung / sunda,"(0.6, 0.7]",0.3333333333333333,0.34261946894418327
hSV8sh6t.png,block,pegon,bali,0.9406385433828861,1.0,bali / pegon,"(0.9, 1.01]",0.013745704467353952,0.059361456617113895
8vFap5BO.png,line,bali,pegon,0.924929303731542,1.0,bali / pegon,"(0.9, 1.01]",0.0013131976362442547,0.07507069626845797
3sAJUg9D.png,line,jawa,pegon,0.8963838067581147,1.0,jawa / pegon,"(0.8, 0.9]",0.004735595895816891,0.10361619324188531
FfhHxvVH.png,line,lontara,pegon,0.9240149478266801,1.0,lontara / pegon,"(0.9, 1.01]",0.0013131976362442547,0.07598505217331986
5tEuNxV2.png,line,jawi,pegon,0.8891076074754896,1.0,jawi / pegon,"(0.8, 0.9]",0.004735595895816891,0.11089239252451044
0QmUSo8n.jpg,page,jawa,bali,0.7864800000146167,0.8,bali / jawa,"(0.7, 0.8]",0.125,0.2135199999853833
WHISm4Km.png,line,jawa,pegon,0.8921497128100178,1.0,jawa / pegon,"(0.8, 0.9]",0.004735595895816891,0.10785028718998224
MnP02zXP.png,line,jawi,pegon,0.8403008150041777,1.0,jawi / pegon,"(0.8, 0.9]",0.004735595895816891,0.15969918499582225
EFM6OYGv.png,line,lampung,lontara,0.9185648567224247,1.0,lampung / lontara,"(0.9, 1.01]",0.0013131976362442547,0.08143514327757528
6op2Y2yh.png,line,sunda,lontara,0.9014673744700759,1.0,lontara / sunda,"(0.9, 1.01]",0.0013131976362442547,0.09853262552992414
d7cXQ2Qo.png,block,pegon,lampung,0.9311843618765906,1.0,lampung / pegon,"(0.9, 1.01]",0.013745704467353952,0.0688156381234094
323hhBsX.png,line,jawi,pegon,0.8981812940620365,1.0,jawi / pegon,"(0.8, 0.9]",0.004735595895816891,0.1018187059379635
GYYGbbBG.png,block,jawa,pegon,0.9064538008236587,1.0,jawa / pegon,"(0.9, 1.01]",0.013745704467353952,0.09354619917634133
PX3mxCZj.png,line,lampung,pegon,0.9140569816723731,1.0,lampung / pegon,"(0.9, 1.01]",0.0013131976362442547,0.08594301832762685
LnSqXuEu.png,line,lontara,jawi,0.476271103006377,0.8,jawi / lontara,"(0.0, 0.5]",0.5294117647058824,0.523728896993623
NOBQTAfI.png,block,pegon,bali,0.9366533923378114,1.0,bali / pegon,"(0.9, 1.01]",0.013745704467353952,0.06334660766218858
GmgmFkbL.png,glyph,sunda,pegon,0.8898918536112503,1.0,pegon / sunda,"(0.8, 0.9]",0.01834862385321101,0.11010814638874966
rR8Jn0tX.png,line,lampung,pegon,0.9172179354757455,1.0,lampung / pegon,"(0.9, 1.01]",0.0013131976362442547,0.08278206452425452
JpskgVWZ.png,line,sunda,lontara,0.9094889378040127,1.0,lontara / sunda,"(0.9, 1.01]",0.0013131976362442547,0.09051106219598726
HAzZ4mgu.png,line,bali,pegon,0.9238084536374951,1.0,bali / pegon,"(0.9, 1.01]",0.0013131976362442547,0.07619154636250491
tcTkCXgy.png,line,sunda,pegon,0.9000314579626231,1.0,pegon / sunda,"(0.9, 1.01]",0.0013131976362442547,0.09996854203737693
kyWx0ZQy.png,block,pegon,jawi,0.7588044169514292,0.8,jawi / pegon,"(0.7, 0.8]",0.0,0.2411955830485708
xU9Yyahd.png,line,bali,pegon,0.924566989287668,1.0,bali / pegon,"(0.9, 1.01]",0.0013131976362442547,0.075433010712332
GKqjIlWl.png,line,lontara,bali,0.9224579940892348,1.0,bali / lontara,"(0.9, 1.01]",0.0013131976362442547,0.07754200591076521
pfViDMBL.png,line,lontara,pegon,0.9219535070201902,1.0,lontara / pegon,"(0.9, 1.01]",0.0013131976362442547,0.07804649297980981
EAYCAQ59.png,line,sunda,pegon,0.8965762093464029,1.0,pegon / sunda,"(0.8, 0.9]",0.004735595895816891,0.10342379065359708
l59U3nzg.png,line,lontara,pegon,0.9174746840264503,1.0,lontara / pegon,"(0.9, 1.01]",0.0013131976362442547,0.08252531597354973
XYvglGWB.png,block,sunda,pegon,0.9111865466542003,1.0,pegon / sunda,"(0.9, 1.01]",0.013745704467353952,0.08881345334579971
2HeVFuqg.png,line,bali,pegon,0.9210063653599203,1.0,bali / pegon,"(0.9, 1.01]",0.0013131976362442547,0.07899363464007969
BqEBJVOi.png,line,jawa,pegon,0.8972654288919164,1.0,jawa / pegon,"(0.8, 0.9]",0.004735595895816891,0.1027345711080836
KRx3Vmia.png,line,jawa,bali,0.8440477034655597,1.0,bali / jawa,"(0.8, 0.9]",0.004735595895816891,0.15595229653444032
l4bmCKrg.png,line,lampung,lontara,0.9140967556291419,1.0,lampung / lontara,"(0.9, 1.01]",0.0013131976362442547,0.08590324437085806
s9WmvGWk.png,block,pegon,lontara,0.9360077365980557,1.0,lontara / pegon,"(0.9, 1.01]",0.013745704467353952,0.0639922634019443
KhpaPPC0.png,line,jawa,pegon,0.8907011257868037,1.0,jawa / pegon,"(0.8, 0.9]",0.004735595895816891,0.10929887421319628
YeQKBE9M.png,line,pegon,lampung,0.9356165627858897,1.0,lampung / pegon,"(0.9, 1.01]",0.0013131976362442547,0.06438343721411033
kSLTls5b.jpg,page,lampung,jawi,0.596750007214836,0.4,jawi / lampung,"(0.5, 0.6]",0.3333333333333333,0.40324999278516405
43HAydRQ.png,line,bali,pegon,0.9237195682476796,1.0,bali / pegon,"(0.9, 1.01]",0.0013131976362442547,0.07628043175232035
e2cUfICY.png,block,pegon,bali,0.9394282563514104,1.0,bali / pegon,"(0.9, 1.01]",0.013745704467353952,0.06057174364858964
IQ8kGbtE.png,line,jawa,pegon,0.8975910241911826,1.0,jawa / pegon,"(0.8, 0.9]",0.004735595895816891,0.10240897580881736
OIaA5eXo.png,line,pegon,jawi,0.5792175090358527,1.0,jawi / pegon,"(0.5, 0.6]",0.3333333333333333,0.4207824909641473
ulIaHLEa.png,line,lontara,pegon,0.9189118861766747,1.0,lontara / pegon,"(0.9, 1.01]",0.0013131976362442547,0.08108811382332526
91m3Rxef.jpg,block,pegon,jawi,0.7930367540753919,1.0,jawi / pegon,"(0.7, 0.8]",0.0,0.20696324592460813
cGozUXSG.jpg,page,lampung,pegon,0.9108148928771002,1.0,lampung / pegon,"(0.9, 1.01]",0.07476635514018691,0.08918510712289984
1bbYyX22.png,line,bali,jawa,0.9095564975574539,0.8,bali / jawa,"(0.9, 1.01]",0.0013131976362442547,0.09044350244254606
89dSOcz7.png,line,jawa,pegon,0.8934264759930649,1.0,jawa / pegon,"(0.8, 0.9]",0.004735595895816891,0.1065735240069351
MgAgepYl.png,line,lampung,pegon,0.9155910897978767,1.0,lampung / pegon,"(0.9, 1.01]",0.0013131976362442547,0.08440891020212327
hqJ103Sp.jpg,page,bali,jawa,0.8650502693200094,0.6,bali / jawa,"(0.8, 0.9]",0.1875,0.1349497306799906
D7NbcemQ.png,line,jawa,pegon,0.8996734810820055,1.0,jawa / pegon,"(0.8, 0.9]",0.004735595895816891,0.10032651891799449
4X7I7UNx.png,line,lontara,pegon,0.922953185706078,1.0,lontara / pegon,"(0.9, 1.01]",0.0013131976362442547,0.07704681429392202
LTy8fniU.png,line,lampung,pegon,0.911298724356913,1.0,lampung / pegon,"(0.9, 1.01]",0.0013131976362442547,0.08870127564308705
HI5mb7iB.png,line,lampung,pegon,0.9098039976832245,1.0,lampung / pegon,"(0.9, 1.01]",0.0013131976362442547,0.09019600231677549
raGbK5Tu.png,page,jawa,pegon,0.9011800423864262,0.8,jawa / pegon,"(0.9, 1.01]",0.07476635514018691,0.09881995761357376
P9E70Dmo.png,line,lontara,jawi,0.9044998111316559,0.8,jawi / lontara,"(0.9, 1.01]",0.0013131976362442547,0.0955001888683441
86AuEeEl.png,line,lampung,pegon,0.9121243304763194,1.0,lampung / pegon,"(0.9, 1.01]",0.0013131976362442547,0.08787566952368064
90fjiYcU.png,line,bali,jawa,0.6258730629482536,1.0,bali / jawa,"(0.6, 0.7]",0.375,0.3741269370517464
PDsak7xf.png,block,pegon,bali,0.9361985207397074,1.0,bali / pegon,"(0.9, 1.01]",0.013745704467353952,0.06380147926029256
OvOP7g6o.png,block,pegon,lontara,0.931858856800112,1.0,lontara / pegon,"(0.9, 1.01]",0.013745704467353952,0.06814114319988795
qATEq0HP.jpg,page,jawa,lontara,0.8052514891755902,1.0,jawa / lontara,"(0.8, 0.9]",0.1875,0.1947485108244098
EcXKkfB4.png,block,pegon,lontara,0.9326714983392776,1.0,lontara / pegon,"(0.9, 1.01]",0.013745704467353952,0.06732850166072235
Pt4L9F8V.png,line,lampung,bali,0.911687497578772,1.0,bali / lampung,"(0.9, 1.01]",0.0013131976362442547,0.08831250242122801
jTD8Zh8H.png,line,jawa,pegon,0.8975574895803001,1.0,jawa / pegon,"(0.8, 0.9]",0.004735595895816891,0.10244251041969987
7dPUZjhP.png,line,jawa,pegon,0.8973575479144568,1.0,jawa / pegon,"(0.8, 0.9]",0.004735595895816891,0.10264245208554323
S6L0aYU5.png,glyph,sunda,pegon,0.9004484468525982,1.0,pegon / sunda,"(0.9, 1.01]",0.0,0.09955155314740183
oMiIYb91.jpg,page,pegon,jawi,0.7438531955053513,0.8,jawi / pegon,"(0.7, 0.8]",0.125,0.25614680449464866
OkORWxGB.png,block,pegon,bali,0.9334770341980041,1.0,bali / pegon,"(0.9, 1.01]",0.013745704467353952,0.0665229658019959
fNNSh4tQ.png,line,lontara,pegon,0.9228581604437697,1.0,lontara / pegon,"(0.9, 1.01]",0.0013131976362442547,0.07714183955623033
pZsW1GoY.jpg,page,bali,pegon,0.9242012847651402,1.0,bali / pegon,"(0.9, 1.01]",0.07476635514018691,0.07579871523485981
hSxVaXor.jpg,page,bali,pegon,0.922942669375308,1.0,bali / pegon,"(0.9, 1.01]",0.07476635514018691,0.077057330624692
fCHu0AYO.jpg,page,pegon,lontara,0.9319347142744492,1.0,lontara / pegon,"(0.9, 1.01]",0.07476635514018691,0.06806528572555082
fgVE5ccy.png,page,sunda,jawa,0.463773989422131,0.2,jawa / sunda,"(0.0, 0.5]",0.25,0.536226010577869
myxkjkgQ.webp,page,bali,pegon,0.9258082608271578,1.0,bali / pegon,"(0.9, 1.01]",0.07476635514018691,0.07419173917284216
OEWabCe7.jpg,page,lampung,pegon,0.9141430824388637,1.0,lampung / pegon,"(0.9, 1.01]",0.07476635514018691,0.08585691756113634
Qdwfb3Ge.png,line,lampung,pegon,0.913447247676617,1.0,lampung / pegon,"(0.9, 1.01]",0.0013131976362442547,0.086552752323383
jmtUqfDV.png,line,jawa,pegon,0.8951115860567533,1.0,jawa / pegon,"(0.8, 0.9]",0.004735595895816891,0.10488841394324666
nwCtXeZ4.png,line,jawi,pegon,0.8532520918142659,1.0,jawi / pegon,"(0.8, 0.9]",0.004735595895816891,0.14674790818573413
z2vsKyPU.jpg,page,lontara,bali,0.5124790311254322,1.0,bali / lontara,"(0.5, 0.6]",0.3333333333333333,0.48752096887456775
kYXFycIv.png,line,jawa,sunda,0.3723781275472344,0.8,jawa / sunda,"(0.0, 0.5]",0.5294117647058824,0.6276218724527656
CXBsxs5B.png,page,jawi,pegon,0.8567609809194714,1.0,jawi / pegon,"(0.8, 0.9]",0.1875,0.1432390190805286
Orjz0RPU.jpg,page,bali,jawa,0.5362293196942458,0.6,bali / jawa,"(0.5, 0.6]",0.3333333333333333,0.4637706803057542
J1ixlQWm.png,line,lampung,pegon,0.9145746524113021,1.0,lampung / pegon,"(0.9, 1.01]",0.0013131976362442547,0.08542534758869791
kVmtA8MR.png,line,sunda,jawa,0.4276149105008938,0.8,jawa / sunda,"(0.0, 0.5]",0.5294117647058824,0.5723850894991063
d1ToAyba.png,line,bali,jawi,0.48637388022480926,1.0,bali / jawi,"(0.0, 0.5]",0.5294117647058824,0.5136261197751908
lPzv5eqY.png,line,jawi,lontara,0.5417958587732707,1.0,jawi / lontara,"(0.5, 0.6]",0.3333333333333333,0.45820414122672926
pku4lkFa.png,line,bali,pegon,0.9235015434435405,1.0,bali / pegon,"(0.9, 1.01]",0.0013131976362442547,0.07649845655645948
RUb8zlTE.png,line,lampung,pegon,0.9161507220230078,1.0,lampung / pegon,"(0.9, 1.01]",0.0013131976362442547,0.08384927797699215
Oys3soEI.png,glyph,sunda,pegon,0.8896915208948402,1.0,pegon / sunda,"(0.8, 0.9]",0.01834862385321101,0.11030847910515984
reA9BLpu.png,line,lontara,pegon,0.9243745288004203,1.0,lontara / pegon,"(0.9, 1.01]",0.0013131976362442547,0.07562547119957974
OiiDyhUF.png,line,lontara,pegon,0.9253155284365704,1.0,lontara / pegon,"(0.9, 1.01]",0.0013131976362442547,0.07468447156342961
i3He2y1Y.png,line,lampung,pegon,0.9176683537789376,1.0,lampung / pegon,"(0.9, 1.01]",0.0013131976362442547,0.08233164622106237
J7G57bTW.png,line,lontara,jawi,0.635195696902372,1.0,jawi / lontara,"(0.6, 0.7]",0.375,0.364804303097628
uRe54tg1.png,line,pegon,jawi,0.5757538160819624,1.0,jawi / pegon,"(0.5, 0.6]",0.3333333333333333,0.4242461839180376
phH6CAnL.jpg,block,jawa,bali,0.8961508391727756,1.0,bali / jawa,"(0.8, 0.9]",0.04081632653061224,0.1038491608272244
SagDWqdN.png,line,lampung,jawa,0.8452865446652831,1.0,jawa / lampung,"(0.8, 0.9]",0.004735595895816891,0.15471345533471692
niyHlOIV.png,line,jawa,pegon,0.8965973314596909,1.0,jawa / pegon,"(0.8, 0.9]",0.004735595895816891,0.1034026685403091
mS4vyvre.png,line,sunda,pegon,0.9020102097274375,1.0,pegon / sunda,"(0.9, 1.01]",0.0013131976362442547,0.0979897902725625
VE3D743t.png,line,jawa,pegon,0.8965835052765602,1.0,jawa / pegon,"(0.8, 0.9]",0.004735595895816891,0.10341649472343983
a5zGM5iK.jpg,page,lampung,pegon,0.9218624033723056,1.0,lampung / pegon,"(0.9, 1.01]",0.07476635514018691,0.07813759662769437
Q2NwIzMD.png,block,pegon,lontara,0.9327191166274478,1.0,lontara / pegon,"(0.9, 1.01]",0.013745704467353952,0.06728088337255222
98PJUOnr.png,block,pegon,lontara,0.9349110667048363,1.0,lontara / pegon,"(0.9, 1.01]",0.013745704467353952,0.06508893329516374
LOM2Cl5C.png,block,pegon,lontara,0.9296139214486236,1.0,lontara / pegon,"(0.9, 1.01]",0.013745704467353952,0.07038607855137635
ZyfCy8J2.png,line,jawi,pegon,0.8898278615329449,1.0,jawi / pegon,"(0.8, 0.9]",0.004735595895816891,0.11017213846705509
s53qLnER.png,line,jawa,jawi,0.7413526659629356,1.0,jawa / jawi,"(0.7, 0.8]",0.14285714285714285,0.2586473340370644
oam3a8sH.png,page,bali,jawa,0.9245021408643768,1.0,bali / jawa,"(0.9, 1.01]",0.07476635514018691,0.07549785913562324
QXGCGLVW.png,line,jawa,sunda,0.636550116589809,1.0,jawa / sunda,"(0.6, 0.7]",0.375,0.363449883410191
XTddzS4X.png,block,bali,pegon,0.9227940655117026,1.0,bali / pegon,"(0.9, 1.01]",0.013745704467353952,0.07720593448829738
731K7Cai.jpg,page,bali,pegon,0.9229341470270447,1.0,bali / pegon,"(0.9, 1.01]",0.07476635514018691,0.07706585297295532
7TmjWUdk.png,line,bali,pegon,0.9241530831088405,1.0,bali / pegon,"(0.9, 1.01]",0.0013131976362442547,0.07584691689115952
dUllUsCz.jpg,page,jawi,pegon,0.49962247956741723,1.0,jawi / pegon,"(0.0, 0.5]",0.25,0.5003775204325828
jK32E0JD.png,line,lontara,jawi,0.7281911171702056,1.0,jawi / lontara,"(0.7, 0.8]",0.14285714285714285,0.27180888282979443
feCJMsmX.png,page,lontara,lampung,0.920555505257162,1.0,lampung / lontara,"(0.9, 1.01]",0.07476635514018691,0.07944449474283799
h5nYoAdw.png,line,lontara,pegon,0.9200454566715962,1.0,lontara / pegon,"(0.9, 1.01]",0.0013131976362442547,0.0799545433284038
Hv8tHeqB.png,line,lampung,pegon,0.9179185449673852,1.0,lampung / pegon,"(0.9, 1.01]",0.0013131976362442547,0.08208145503261477
tQWUm1oA.png,line,jawa,pegon,0.896921734187648,1.0,jawa / pegon,"(0.8, 0.9]",0.004735595895816891,0.10307826581235202
RbxPyn4x.png,line,lampung,pegon,0.9106552884326502,1.0,lampung / pegon,"(0.9, 1.01]",0.0013131976362442547,0.0893447115673498
QFfZe8ew.png,line,bali,pegon,0.9249877185961738,1.0,bali / pegon,"(0.9, 1.01]",0.0013131976362442547,0.07501228140382621
Tv6WAzx4.png,line,jawi,pegon,0.8946323359874493,1.0,jawi / pegon,"(0.8, 0.9]",0.004735595895816891,0.10536766401255071
54J05dmZ.png,page,lampung,bali,0.8845455252711714,0.8,bali / lampung,"(0.8, 0.9]",0.1875,0.11545447472882864
I29sCR8B.png,line,lampung,pegon,0.9160995893935342,1.0,lampung / pegon,"(0.9, 1.01]",0.0013131976362442547,0.0839004106064658
edRKaasR.jpg,page,sunda,pegon,0.891386795265938,0.8,pegon / sunda,"(0.8, 0.9]",0.1875,0.108613204734062
UnICwyqg.png,line,jawi,pegon,0.8657569951463264,1.0,jawi / pegon,"(0.8, 0.9]",0.004735595895816891,0.13424300485367358
JYfbeH12.jpg,page,bali,jawa,0.6173339724644873,0.4,bali / jawa,"(0.6, 0.7]",0.3333333333333333,0.3826660275355127
Ky0oQWpj.png,line,lampung,jawi,0.29938016157692576,1.0,jawi / lampung,"(0.0, 0.5]",0.5294117647058824,0.7006198384230742
ChZIBpdG.png,line,jawa,pegon,0.89264883163045,1.0,jawa / pegon,"(0.8, 0.9]",0.004735595895816891,0.10735116836955005
VuSyev7a.png,line,lampung,pegon,0.9130603121011476,1.0,lampung / pegon,"(0.9, 1.01]",0.0013131976362442547,0.08693968789885242
okSu4ciV.png,line,sunda,pegon,0.9029880482057638,1.0,pegon / sunda,"(0.9, 1.01]",0.0013131976362442547,0.09701195179423616
CXBUMBFn.png,line,jawi,pegon,0.8682452333296796,1.0,jawi / pegon,"(0.8, 0.9]",0.004735595895816891,0.13175476667032038
KewGrZpD.png,line,jawi,pegon,0.8917744990672638,1.0,jawi / pegon,"(0.8, 0.9]",0.004735595895816891,0.1082255009327362
0RAnFoKU.png,block,pegon,bali,0.9341421543101427,1.0,bali / pegon,"(0.9, 1.01]",0.013745704467353952,0.06585784568985731
P9JfVGGD.png,line,lampung,lontara,0.9125938154663874,1.0,lampung / lontara,"(0.9, 1.01]",0.0013131976362442547,0.0874061845336126
DaAz8lL4.png,line,bali,pegon,0.9218611529955973,1.0,bali / pegon,"(0.9, 1.01]",0.0013131976362442547,0.07813884700440266
nRdhCMHl.png,line,jawa,pegon,0.8979564394172588,1.0,jawa / pegon,"(0.8, 0.9]",0.004735595895816891,0.10204356058274122
Zi7kJrQs.png,line,sunda,pegon,0.8981837786415884,1.0,pegon / sunda,"(0.8, 0.9]",0.004735595895816891,0.10181622135841162
JyGnx4Yb.png,block,pegon,bali,0.9372567243498402,1.0,bali / pegon,"(0.9, 1.01]",0.013745704467353952,0.0627432756501598
dPgoqmRa.png,block,sunda,pegon,0.8988953421001179,1.0,pegon / sunda,"(0.8, 0.9]",0.04081632653061224,0.1011046578998821
qDDmJZ7z.png,line,jawa,lontara,0.9011196683668888,1.0,jawa / lontara,"(0.9, 1.01]",0.0013131976362442547,0.09888033163311116
Whk8ayUq.png,line,sunda,pegon,0.9021342816031022,1.0,pegon / sunda,"(0.9, 1.01]",0.0013131976362442547,0.09786571839689784
MCWevjoy.jpg,page,lontara,lampung,0.9219731061899095,1.0,lampung / lontara,"(0.9, 1.01]",0.07476635514018691,0.07802689381009054
lKlzHcor.png,line,lampung,pegon,0.9153015954327651,1.0,lampung / pegon,"(0.9, 1.01]",0.0013131976362442547,0.08469840456723488
oal4ko2F.png,line,jawi,pegon,0.8640352285794499,1.0,jawi / pegon,"(0.8, 0.9]",0.004735595895816891,0.13596477142055008
tKOzQYKm.png,page,jawa,pegon,0.903797073869162,1.0,jawa / pegon,"(0.9, 1.01]",0.07476635514018691,0.09620292613083803
59tDe5Gv.webp,page,lampung,lontara,0.9027849425433863,0.2,lampung / lontara,"(0.9, 1.01]",0.07476635514018691,0.09721505745661374
oGT8HWEq.png,line,jawi,pegon,0.8833439348373023,1.0,jawi / pegon,"(0.8, 0.9]",0.004735595895816891,0.11665606516269766
JlYULXkv.png,glyph,sunda,pegon,0.8956041605883971,1.0,pegon / sunda,"(0.8, 0.9]",0.01834862385321101,0.10439583941160291
6VezOnWn.jpg,page,pegon,lontara,0.9255319661456557,1.0,lontara / pegon,"(0.9, 1.01]",0.07476635514018691,0.0744680338543443
wxpzk5d3.png,line,sunda,pegon,0.9015224182412084,1.0,pegon / sunda,"(0.9, 1.01]",0.0013131976362442547,0.09847758175879162
AnSP4JJ3.jpg,page,bali,jawa,0.670711735223931,0.8,bali / jawa,"(0.6, 0.7]",0.3333333333333333,0.329288264776069
nGWPVJWU.png,line,lampung,pegon,0.9151174931000995,1.0,lampung / pegon,"(0.9, 1.01]",0.0013131976362442547,0.08488250689990051
vMXZNRut.png,line,lontara,bali,0.9243114840838565,1.0,bali / lontara,"(0.9, 1.01]",0.0013131976362442547,0.07568851591614345
oU4Afjm0.png,line,jawa,lontara,0.680231715633467,1.0,jawa / lontara,"(0.6, 0.7]",0.375,0.31976828436653304
xLY3M8f5.png,line,jawi,pegon,0.8862526909084508,1.0,jawi / pegon,"(0.8, 0.9]",0.004735595895816891,0.11374730909154918
1nxydDHq.png,line,jawi,pegon,0.8354232895411486,1.0,jawi / pegon,"(0.8, 0.9]",0.004735595895816891,0.16457671045885136
Dhgw3OD7.png,line,lontara,lampung,0.8434820494371532,1.0,lampung / lontara,"(0.8, 0.9]",0.004735595895816891,0.15651795056284679
3mAvzleS.png,line,jawa,pegon,0.8957107293971465,1.0,jawa / pegon,"(0.8, 0.9]",0.004735595895816891,0.10428927060285353
im6uI6sb.png,line,sunda,pegon,0.902210291308803,1.0,pegon / sunda,"(0.9, 1.01]",0.0013131976362442547,0.09778970869119696
zEYv6W21.png,line,jawi,pegon,0.44013041393014135,0.8,jawi / pegon,"(0.0, 0.5]",0.5294117647058824,0.5598695860698586
aCi9dvle.png,glyph,jawi,pegon,0.8671312787624084,1.0,jawi / pegon,"(0.8, 0.9]",0.01834862385321101,0.13286872123759164
j4rJdmko.png,line,lampung,pegon,0.9133213536751905,1.0,lampung / pegon,"(0.9, 1.01]",0.0013131976362442547,0.08667864632480948
TZ1ueTRt.png,line,sunda,pegon,0.8924747518091556,1.0,pegon / sunda,"(0.8, 0.9]",0.004735595895816891,0.10752524819084441
hel3KOlu.png,line,lampung,pegon,0.9196351486308508,1.0,lampung / pegon,"(0.9, 1.01]",0.0013131976362442547,0.08036485136914917
Krjvxple.jpg,page,jawi,pegon,0.7312145915709364,0.4,jawi / pegon,"(0.7, 0.8]",0.125,0.2687854084290636
0b658G9J.png,line,jawi,pegon,0.8948592767009051,1.0,jawi / pegon,"(0.8, 0.9]",0.004735595895816891,0.10514072329909485
4MUwwG4m.png,line,jawi,pegon,0.8796985588478654,1.0,jawi / pegon,"(0.8, 0.9]",0.004735595895816891,0.12030144115213459
LWZ0IOje.png,line,sunda,lontara,0.8838242754532951,1.0,lontara / sunda,"(0.8, 0.9]",0.004735595895816891,0.11617572454670488
G7edH2Ra.png,block,pegon,lontara,0.9287368919197352,1.0,lontara / pegon,"(0.9, 1.01]",0.013745704467353952,0.07126310808026481
GtRD7Rmf.png,line,jawi,lontara,0.8908666084097705,1.0,jawi / lontara,"(0.8, 0.9]",0.004735595895816891,0.1091333915902295
dfssXIo8.jpg,page,jawi,pegon,0.8733480948506143,0.8,jawi / pegon,"(0.8, 0.9]",0.1875,0.12665190514938574
cln7Plo6.png,line,pegon,jawi,0.9120582222070295,1.0,jawi / pegon,"(0.9, 1.01]",0.0013131976362442547,0.08794177779297052
OeILLbO4.jpg,page,bali,pegon,0.9281079965135406,1.0,bali / pegon,"(0.9, 1.01]",0.07476635514018691,0.07189200348645941
ZaYgfQQL.png,line,bali,pegon,0.9223642667494165,1.0,bali / pegon,"(0.9, 1.01]",0.0013131976362442547,0.07763573325058348
KbrCt83X.png,block,pegon,jawi,0.9125752000991415,0.8,jawi / pegon,"(0.9, 1.01]",0.013745704467353952,0.0874247999008585
bn00IwdS.jpg,page,jawi,pegon,0.4641926773851184,1.0,jawi / pegon,"(0.0, 0.5]",0.25,0.5358073226148816
DcbTyhLk.png,block,jawi,pegon,0.8948046398619558,1.0,jawi / pegon,"(0.8, 0.9]",0.04081632653061224,0.1051953601380442
qi2VSDd6.png,line,jawi,pegon,0.8882264095339977,1.0,jawi / pegon,"(0.8, 0.9]",0.004735595895816891,0.11177359046600233
pqtG762h.png,line,jawa,pegon,0.8993833675537735,1.0,jawa / pegon,"(0.8, 0.9]",0.004735595895816891,0.10061663244622654
b4mplqNJ.png,block,jawa,pegon,0.8935444347192201,1.0,jawa / pegon,"(0.8, 0.9]",0.04081632653061224,0.10645556528077993
KEBMdQDz.jpg,page,jawa,pegon,0.8924817082938065,1.0,jawa / pegon,"(0.8, 0.9]",0.1875,0.10751829170619354
OQWkQ4vH.png,line,jawa,pegon,0.8963745771782223,1.0,jawa / pegon,"(0.8, 0.9]",0.004735595895816891,0.10362542282177767
uiAFa39T.png,line,jawa,pegon,0.9016541954562911,1.0,jawa / pegon,"(0.9, 1.01]",0.0013131976362442547,0.09834580454370889
u8gRNSJu.jpg,page,jawi,pegon,0.8413520773902514,0.2,jawi / pegon,"(0.8, 0.9]",0.1875,0.15864792260974858
oI6wrK4S.png,line,lampung,lontara,0.9120643288813174,1.0,lampung / lontara,"(0.9, 1.01]",0.0013131976362442547,0.08793567111868261
WvFIkFHu.png,line,lampung,pegon,0.9131512753977861,1.0,lampung / pegon,"(0.9, 1.01]",0.0013131976362442547,0.08684872460221393
KR5EpRnz.png,line,jawi,pegon,0.6980766764323698,0.8,jawi / pegon,"(0.6, 0.7]",0.375,0.3019233235676302
4Pc0Kc1p.jpg,page,pegon,bali,0.9253422093134575,1.0,bali / pegon,"(0.9, 1.01]",0.07476635514018691,0.07465779068654255
eiFKAMFN.png,page,jawa,bali,0.8844942590890946,1.0,bali / jawa,"(0.8, 0.9]",0.1875,0.11550574091090537
VKy7LWsI.png,line,jawi,pegon,0.8852740040278025,1.0,jawi / pegon,"(0.8, 0.9]",0.004735595895816891,0.11472599597219746
dng6mbzW.png,line,jawa,pegon,0.8925461838977962,1.0,jawa / pegon,"(0.8, 0.9]",0.004735595895816891,0.10745381610220384
XOb5w4Tj.jpg,page,lampung,pegon,0.9129425796403041,1.0,lampung / pegon,"(0.9, 1.01]",0.07476635514018691,0.08705742035969588
du6bZvPZ.png,line,lontara,lampung,0.36382526670476356,0.6,lampung / lontara,"(0.0, 0.5]",0.5294117647058824,0.6361747332952364
yhu5vLZ2.png,line,lampung,pegon,0.9131369625808322,1.0,lampung / pegon,"(0.9, 1.01]",0.0013131976362442547,0.08686303741916779
dZIHQ6IO.jpg,page,lontara,pegon,0.9286740080872171,1.0,lontara / pegon,"(0.9, 1.01]",0.07476635514018691,0.07132599191278288
pvGzanwP.png,line,jawa,pegon,0.8955306621299435,1.0,jawa / pegon,"(0.8, 0.9]",0.004735595895816891,0.10446933787005652
Sto0xADH.png,line,lampung,lontara,0.47600264724181096,1.0,lampung / lontara,"(0.0, 0.5]",0.5294117647058824,0.523997352758189
h5xnSsJF.png,line,jawa,pegon,0.8950374452618407,1.0,jawa / pegon,"(0.8, 0.9]",0.004735595895816891,0.1049625547381593
Z6ZSedJs.png,block,pegon,lampung,0.9328196306198047,1.0,lampung / pegon,"(0.9, 1.01]",0.013745704467353952,0.06718036938019534
0Be8uAsz.png,line,pegon,bali,0.9341667906645095,1.0,bali / pegon,"(0.9, 1.01]",0.0013131976362442547,0.06583320933549053
9KzA3sXY.png,line,lampung,lontara,0.9187697491705544,1.0,lampung / lontara,"(0.9, 1.01]",0.0013131976362442547,0.08123025082944557
rZpMW2CH.png,block,pegon,bali,0.9406841025196865,1.0,bali / pegon,"(0.9, 1.01]",0.013745704467353952,0.05931589748031352
87cOoBaA.png,line,jawa,pegon,0.8999624865141197,1.0,jawa / pegon,"(0.8, 0.9]",0.004735595895816891,0.1000375134858803
PgHL2J1Y.jpg,page,lampung,pegon,0.913069245101255,1.0,lampung / pegon,"(0.9, 1.01]",0.07476635514018691,0.08693075489874502
NHCgSr47.jpg,page,pegon,jawi,0.3699933649813819,1.0,jawi / pegon,"(0.0, 0.5]",0.25,0.6300066350186181
EtYbzPDr.png,line,lampung,pegon,0.9174207635366894,1.0,lampung / pegon,"(0.9, 1.01]",0.0013131976362442547,0.08257923646331056
8a3JTa3q.png,block,pegon,bali,0.9397851411008122,1.0,bali / pegon,"(0.9, 1.01]",0.013745704467353952,0.06021485889918776
MgJkaaVi.png,line,sunda,pegon,0.9031445520521192,1.0,pegon / sunda,"(0.9, 1.01]",0.0013131976362442547,0.09685544794788081
fCvfu7Us.png,line,jawi,pegon,0.8809879949960354,1.0,jawi / pegon,"(0.8, 0.9]",0.004735595895816891,0.11901200500396458
81HeWJBq.png,line,lampung,pegon,0.9189716059885832,1.0,lampung / pegon,"(0.9, 1.01]",0.0013131976362442547,0.08102839401141682
qAqrMJcb.png,line,sunda,jawa,0.7353747031242611,0.6,jawa / sunda,"(0.7, 0.8]",0.14285714285714285,0.2646252968757389
Ipz3NlA5.png,line,jawi,pegon,0.8873119184594949,1.0,jawi / pegon,"(0.8, 0.9]",0.004735595895816891,0.11268808154050514
YuvQpaWw.png,line,jawa,pegon,0.8932996469277132,1.0,jawa / pegon,"(0.8, 0.9]",0.004735595895816891,0.10670035307228676
XVc6dD9e.png,line,lontara,pegon,0.9189688455231732,1.0,lontara / pegon,"(0.9, 1.01]",0.0013131976362442547,0.08103115447682685
0gywkqZS.png,line,bali,pegon,0.9243969071512831,1.0,bali / pegon,"(0.9, 1.01]",0.0013131976362442547,0.07560309284871691
kdvH7v80.png,line,lampung,lontara,0.9180418209107424,1.0,lampung / lontara,"(0.9, 1.01]",0.0013131976362442547,0.08195817908925762
47iZwzAU.png,line,sunda,jawa,0.7942752533766919,1.0,jawa / sunda,"(0.7, 0.8]",0.14285714285714285,0.20572474662330809
40oY2xIY.jpg,page,lampung,jawa,0.36268939375674975,0.2,jawa / lampung,"(0.0, 0.5]",0.25,0.6373106062432503
EVa764br.png,line,jawa,pegon,0.8968967831709567,1.0,jawa / pegon,"(0.8, 0.9]",0.004735595895816891,0.10310321682904333
8suclccs.png,line,jawa,bali,0.5826717643685577,0.8,bali / jawa,"(0.5, 0.6]",0.3333333333333333,0.4173282356314423
BNarjjGj.png,page,lampung,pegon,0.90911770700689,1.0,lampung / pegon,"(0.9, 1.01]",0.07476635514018691,0.09088229299311001
vzYKFY2J.png,block,pegon,lampung,0.9348416632611792,1.0,lampung / pegon,"(0.9, 1.01]",0.013745704467353952,0.06515833673882077
uZCXeRsn.jpg,page,jawa,pegon,0.8880517864086375,1.0,jawa / pegon,"(0.8, 0.9]",0.1875,0.11194821359136253
7O7h7FxL.png,line,jawi,pegon,0.7155655107046917,1.0,jawi / pegon,"(0.7, 0.8]",0.14285714285714285,0.28443448929530835
hiiIL22I.jpg,page,sunda,jawa,0.8305085035048444,0.8,jawa / sunda,"(0.8, 0.9]",0.1875,0.1694914964951556
ZyABnADj.png,line,jawa,pegon,0.8992098841663851,1.0,jawa / pegon,"(0.8, 0.9]",0.004735595895816891,0.10079011583361486
PQQXgTWv.png,line,sunda,jawa,0.878934402179701,1.0,jawa / sunda,"(0.8, 0.9]",0.004735595895816891,0.12106559782029902
bVqDZDkZ.jpg,page,lampung,pegon,0.9151034797570995,1.0,lampung / pegon,"(0.9, 1.01]",0.07476635514018691,0.08489652024290051
cOV7dwV9.png,line,lampung,pegon,0.911051006764831,1.0,lampung / pegon,"(0.9, 1.01]",0.0013131976362442547,0.08894899323516903
VHglU5tG.png,line,sunda,lontara,0.9010104814385225,1.0,lontara / sunda,"(0.9, 1.01]",0.0013131976362442547,0.09898951856147753
eizJ5AcS.png,line,jawi,pegon,0.877525508312514,1.0,jawi / pegon,"(0.8, 0.9]",0.004735595895816891,0.12247449168748603
Cz8bkDL2.png,line,lampung,pegon,0.9139354228918695,1.0,lampung / pegon,"(0.9, 1.01]",0.0013131976362442547,0.08606457710813054
v977Z2zw.png,line,jawi,lontara,0.8640600634749227,1.0,jawi / lontara,"(0.8, 0.9]",0.004735595895816891,0.1359399365250773
NlR91Rwp.webp,page,pegon,lampung,0.932493715627985,1.0,lampung / pegon,"(0.9, 1.01]",0.07476635514018691,0.067506284372015
nifwsZzJ.png,line,pegon,lampung,0.9351988065637562,1.0,lampung / pegon,"(0.9, 1.01]",0.0013131976362442547,0.0648011934362438
w3IjrsOh.jpg,page,pegon,bali,0.932879578365597,0.2,bali / pegon,"(0.9, 1.01]",0.07476635514018691,0.06712042163440302
YpHPQVh6.png,line,lampung,pegon,0.9044163132751628,1.0,lampung / pegon,"(0.9, 1.01]",0.0013131976362442547,0.09558368672483719
JPtO2j4w.jpg,page,pegon,jawi,0.9280063566981873,1.0,jawi / pegon,"(0.9, 1.01]",0.07476635514018691,0.07199364330181268
v4Nqvjpm.png,line,jawa,pegon,0.8944352036314175,1.0,jawa / pegon,"(0.8, 0.9]",0.004735595895816891,0.10556479636858251
VgWTSZGj.png,line,jawa,pegon,0.8981284571603696,1.0,jawa / pegon,"(0.8, 0.9]",0.004735595895816891,0.1018715428396304
gB3m7wJI.png,block,pegon,lampung,0.9332300547457008,1.0,lampung / pegon,"(0.9, 1.01]",0.013745704467353952,0.06676994525429925
HGqtBqjD.png,line,lontara,lampung,0.47916788041096064,0.8,lampung / lontara,"(0.0, 0.5]",0.5294117647058824,0.5208321195890393
NNhdDS0q.png,glyph,sunda,pegon,0.8960925253224488,1.0,pegon / sunda,"(0.8, 0.9]",0.01834862385321101,0.10390747467755124
Ox0GYt25.png,line,sunda,pegon,0.9014730132287884,1.0,pegon / sunda,"(0.9, 1.01]",0.0013131976362442547,0.09852698677121163
AWadd36B.png,line,pegon,jawi,0.5160508950825939,0.4,jawi / pegon,"(0.5, 0.6]",0.3333333333333333,0.48394910491740606
0PyAzQHo.png,line,lampung,lontara,0.8700464578037387,1.0,lampung / lontara,"(0.8, 0.9]",0.004735595895816891,0.12995354219626132
Xvvd7Ac1.png,line,sunda,pegon,0.9079766780155738,1.0,pegon / sunda,"(0.9, 1.01]",0.0013131976362442547,0.0920233219844262
OTGZSY5w.png,line,lontara,pegon,0.9202496187819085,1.0,lontara / pegon,"(0.9, 1.01]",0.0013131976362442547,0.07975038121809153
XHbRwo0Z.jpg,page,jawi,jawi,0.7626936520789402,1.0,jawi / pegon,"(0.7, 0.8]",0.125,0.23730634792105976
m2kSqjTS.png,page,jawa,pegon,0.893471414087806,1.0,jawa / pegon,"(0.8, 0.9]",0.1875,0.10652858591219405
uKjRsBx4.png,block,sunda,bali,0.9069183947591754,1.0,bali / sunda,"(0.9, 1.01]",0.013745704467353952,0.09308160524082465
RehnVJdJ.png,line,lampung,pegon,0.9165093464463029,1.0,lampung / pegon,"(0.9, 1.01]",0.0013131976362442547,0.08349065355369711
jqjMd0Yx.png,line,bali,jawa,0.9002001597001399,1.0,bali / jawa,"(0.9, 1.01]",0.0013131976362442547,0.09979984029986011
R1SZovgr.png,block,pegon,bali,0.9353000713340988,1.0,bali / pegon,"(0.9, 1.01]",0.013745704467353952,0.06469992866590124
wNwpg3Ar.jpg,page,jawi,pegon,0.8131687733921954,1.0,jawi / pegon,"(0.8, 0.9]",0.1875,0.1868312266078046
tSvo48rE.png,line,jawa,jawi,0.7333342163436058,1.0,jawa / jawi,"(0.7, 0.8]",0.14285714285714285,0.26666578365639415
YIMADrYw.png,line,lampung,pegon,0.9115439537123058,1.0,lampung / pegon,"(0.9, 1.01]",0.0013131976362442547,0.08845604628769421
et1jPHue.png,line,lontara,pegon,0.9226485349092526,1.0,lontara / pegon,"(0.9, 1.01]",0.0013131976362442547,0.07735146509074742
eSQjEze4.jpg,page,pegon,jawi,0.918621965356029,1.0,jawi / pegon,"(0.9, 1.01]",0.07476635514018691,0.08137803464397098
SMVfGAZD.png,line,jawi,pegon,0.8747608676253446,1.0,jawi / pegon,"(0.8, 0.9]",0.004735595895816891,0.12523913237465545
jsVNMUj5.png,line,jawa,pegon,0.8993318026057622,1.0,jawa / pegon,"(0.8, 0.9]",0.004735595895816891,0.10066819739423782
NbEwAuct.jpg,page,lampung,pegon,0.9224361831008523,1.0,lampung / pegon,"(0.9, 1.01]",0.07476635514018691,0.07756381689914771
nrkhPH5U.png,glyph,sunda,pegon,0.9203461399188481,1.0,pegon / sunda,"(0.9, 1.01]",0.0,0.07965386008115194
elVJofGn.png,line,lampung,pegon,0.9149067817289644,1.0,lampung / pegon,"(0.9, 1.01]",0.0013131976362442547,0.08509321827103555
alj4mF6e.png,line,lampung,lontara,0.8844001911325272,1.0,lampung / lontara,"(0.8, 0.9]",0.004735595895816891,0.11559980886747279
QKQTTMjT.png,line,sunda,lontara,0.8855238683818442,1.0,lontara / sunda,"(0.8, 0.9]",0.004735595895816891,0.11447613161815584
ajknS84q.png,line,jawa,pegon,0.8975160003898852,1.0,jawa / pegon,"(0.8, 0.9]",0.004735595895816891,0.10248399961011478
Li8nbn2t.jpg,page,jawi,pegon,0.8862376219466442,1.0,jawi / pegon,"(0.8, 0.9]",0.1875,0.11376237805335576
4AaKRtzE.png,line,pegon,jawi,0.6205070847160858,0.8,jawi / pegon,"(0.6, 0.7]",0.375,0.37949291528391416
K9e8TMyg.jpg,page,jawa,pegon,0.8987187651742637,1.0,jawa / pegon,"(0.8, 0.9]",0.1875,0.10128123482573625
V2LAceRJ.png,line,bali,jawa,0.4123205436290986,0.8,bali / jawa,"(0.0, 0.5]",0.5294117647058824,0.5876794563709014
3asehMfn.jpg,page,lampung,lontara,0.9148114474087977,1.0,lampung / lontara,"(0.9, 1.01]",0.07476635514018691,0.08518855259120228
hhV3ZKbu.jpg,page,pegon,jawi,0.8701397220487903,1.0,jawi / pegon,"(0.8, 0.9]",0.1875,0.1298602779512097
66o6eVNi.png,line,sunda,pegon,0.8982558696615138,1.0,pegon / sunda,"(0.8, 0.9]",0.004735595895816891,0.10174413033848617
qmKWKSxE.png,line,jawa,pegon,0.8952511234198193,1.0,jawa / pegon,"(0.8, 0.9]",0.004735595895816891,0.10474887658018073
VJM1WbBN.jpg,page,lampung,lontara,0.9154416397012686,1.0,lampung / lontara,"(0.9, 1.01]",0.07476635514018691,0.08455836029873143
c8MnpMk4.jpg,page,lampung,pegon,0.9149261625950805,1.0,lampung / pegon,"(0.9, 1.01]",0.07476635514018691,0.08507383740491947
TaAdHNlI.png,line,jawa,pegon,0.8977650886570064,1.0,jawa / pegon,"(0.8, 0.9]",0.004735595895816891,0.10223491134299356
kJJAyZKM.jpg,page,jawa,pegon,0.8991057687227995,1.0,jawa / pegon,"(0.8, 0.9]",0.1875,0.10089423127720054
K2sHB4Jk.jpg,block,lampung,jawa,0.7866549984440689,1.0,jawa / lampung,"(0.7, 0.8]",0.0,0.21334500155593106
sa1rVmqD.png,block,pegon,lontara,0.9297721414067434,1.0,lontara / pegon,"(0.9, 1.01]",0.013745704467353952,0.07022785859325664
MUAVkDjK.jpg,page,lontara,lampung,0.9234489311582452,1.0,lampung / lontara,"(0.9, 1.01]",0.07476635514018691,0.07655106884175478
g31rgeLv.png,line,lampung,bali,0.8434165808898945,1.0,bali / lampung,"(0.8, 0.9]",0.004735595895816891,0.15658341911010554
mR8bW1pV.png,line,bali,jawa,0.8390678405419228,1.0,bali / jawa,"(0.8, 0.9]",0.004735595895816891,0.16093215945807715
N2Q2ULqo.png,line,sunda,jawa,0.8729861883079565,0.8,jawa / sunda,"(0.8, 0.9]",0.004735595895816891,0.1270138116920435
BzZAMGZC.jpg,page,jawa,pegon,0.8869567975101955,1.0,jawa / pegon,"(0.8, 0.9]",0.1875,0.11304320248980448
ubtIWQXy.png,block,pegon,lontara,0.9354766892982462,1.0,lontara / pegon,"(0.9, 1.01]",0.013745704467353952,0.06452331070175377
5p0Dj1Vk.webp,page,sunda,pegon,0.9025288216161128,1.0,pegon / sunda,"(0.9, 1.01]",0.07476635514018691,0.09747117838388719
zMMYfB6o.jpg,page,jawa,bali,0.7954306446964184,0.8,bali / jawa,"(0.7, 0.8]",0.125,0.20456935530358156
4x8Igjnl.png,line,lampung,pegon,0.9160014392891289,1.0,lampung / pegon,"(0.9, 1.01]",0.0013131976362442547,0.08399856071087108
RPlubVFj.png,line,jawi,lontara,0.8673367447859487,1.0,jawi / lontara,"(0.8, 0.9]",0.004735595895816891,0.1326632552140513
XRQyv1Zd.png,line,lampung,lontara,0.9118468775502577,1.0,lampung / lontara,"(0.9, 1.01]",0.0013131976362442547,0.08815312244974227
XRUfcTAX.png,line,lontara,jawi,0.6355721378348133,0.8,jawi / lontara,"(0.6, 0.7]",0.375,0.36442786216518674
WUWpvdeZ.png,line,lampung,pegon,0.918805034730607,1.0,lampung / pegon,"(0.9, 1.01]",0.0013131976362442547,0.08119496526939296
i9i4gTem.png,line,jawa,pegon,0.8977443910237863,1.0,jawa / pegon,"(0.8, 0.9]",0.004735595895816891,0.10225560897621366
n3d8txPT.png,glyph,sunda,pegon,0.8982123033349888,1.0,pegon / sunda,"(0.8, 0.9]",0.01834862385321101,0.1017876966650112
1aQ8f5iK.png,page,jawi,sunda,0.7936289589822001,0.2,jawi / sunda,"(0.7, 0.8]",0.125,0.2063710410177999
hdJrfq4s.png,line,jawi,lontara,0.8858403287386556,1.0,jawi / lontara,"(0.8, 0.9]",0.004735595895816891,0.11415967126134441
rWnMvbQk.jpg,page,lampung,pegon,0.9097055216985581,1.0,lampung / pegon,"(0.9, 1.01]",0.07476635514018691,0.09029447830144188
KXd0P9dH.png,line,jawi,lontara,0.9027812857869991,1.0,jawi / lontara,"(0.9, 1.01]",0.0013131976362442547,0.09721871421300088
9oawFahu.png,line,jawa,pegon,0.8941492302102784,1.0,jawa / pegon,"(0.8, 0.9]",0.004735595895816891,0.10585076978972163
8nBGe8RJ.png,line,sunda,lontara,0.9029784068382835,1.0,lontara / sunda,"(0.9, 1.01]",0.0013131976362442547,0.09702159316171655
ZebzJoUL.jpg,page,sunda,pegon,0.8989134026175366,0.8,pegon / sunda,"(0.8, 0.9]",0.1875,0.1010865973824634
SSysKnwZ.png,line,lontara,pegon,0.9229766245026179,1.0,lontara / pegon,"(0.9, 1.01]",0.0013131976362442547,0.07702337549738214
ZiZ0rzRd.png,line,jawi,pegon,0.892020556607511,1.0,jawi / pegon,"(0.8, 0.9]",0.004735595895816891,0.107979443392489
sOyFalPj.png,line,lampung,pegon,0.9122626364134332,1.0,lampung / pegon,"(0.9, 1.01]",0.0013131976362442547,0.08773736358656681
svxunifc.png,line,lontara,jawi,0.6311816318066797,1.0,jawi / lontara,"(0.6, 0.7]",0.375,0.36881836819332026
G1iATUqO.png,line,jawa,pegon,0.8944520844985409,1.0,jawa / pegon,"(0.8, 0.9]",0.004735595895816891,0.10554791550145914
ycdhjkBF.png,page,lontara,lampung,0.9231601073510882,1.0,lampung / lontara,"(0.9, 1.01]",0.07476635514018691,0.07683989264891178
51T6XKh2.png,line,jawa,pegon,0.8979449376833489,1.0,jawa / pegon,"(0.8, 0.9]",0.004735595895816891,0.10205506231665107
8pahLIpm.png,block,pegon,jawi,0.8232264501537767,1.0,jawi / pegon,"(0.8, 0.9]",0.04081632653061224,0.1767735498462233
uP9TwtV2.jpg,page,jawa,pegon,0.8945684812754429,1.0,jawa / pegon,"(0.8, 0.9]",0.1875,0.10543151872455714
aBQT6TJI.png,line,lontara,jawi,0.8551101684992952,1.0,jawi / lontara,"(0.8, 0.9]",0.004735595895816891,0.14488983150070478
u3VWNChV.png,block,pegon,lontara,0.9346376837391069,1.0,lontara / pegon,"(0.9, 1.01]",0.013745704467353952,0.06536231626089306
TTEUFyJY.png,line,jawa,pegon,0.8908544598617499,1.0,jawa / pegon,"(0.8, 0.9]",0.004735595895816891,0.10914554013825006
4Jij6v9g.jpg,page,jawa,pegon,0.8970934173033159,0.8,jawa / pegon,"(0.8, 0.9]",0.1875,0.10290658269668407
UzaG4Ggg.jpg,page,pegon,jawi,0.8770921572710286,1.0,jawi / pegon,"(0.8, 0.9]",0.1875,0.12290784272897137
ix1amEQM.png,glyph,jawi,lontara,0.7394948646445368,1.0,jawi / lontara,"(0.7, 0.8]",0.1,0.26050513535546316
qGkM4Ur2.png,line,bali,pegon,0.9247509403122048,1.0,bali / pegon,"(0.9, 1.01]",0.0013131976362442547,0.07524905968779516
X5VKmeBa.jpg,page,lampung,jawa,0.7382967448364169,1.0,jawa / lampung,"(0.7, 0.8]",0.125,0.26170325516358306
yA7xTpY5.png,line,jawa,pegon,0.9003536383326013,1.0,jawa / pegon,"(0.9, 1.01]",0.0013131976362442547,0.09964636166739871
8HI5NDWB.png,line,jawa,pegon,0.8979417713951809,1.0,jawa / pegon,"(0.8, 0.9]",0.004735595895816891,0.10205822860481906
ro26fXD7.png,line,lampung,pegon,0.9080235706591411,1.0,lampung / pegon,"(0.9, 1.01]",0.0013131976362442547,0.09197642934085892
4YGovcfJ.png,line,sunda,lontara,0.8964789864056861,1.0,lontara / sunda,"(0.8, 0.9]",0.004735595895816891,0.10352101359431387
aaqExlVp.jpg,page,lontara,pegon,0.9150918627689762,1.0,lontara / pegon,"(0.9, 1.01]",0.07476635514018691,0.08490813723102375
HOYLoAta.jpg,page,jawa,pegon,0.8980142702356521,1.0,jawa / pegon,"(0.8, 0.9]",0.1875,0.10198572976434794
nm7BXcSo.png,glyph,sunda,jawa,0.5928660505358367,1.0,jawa / sunda,"(0.5, 0.6]",0.0,0.40713394946416326
S3sYitMU.png,line,jawi,pegon,0.8932698803731618,1.0,jawi / pegon,"(0.8, 0.9]",0.004735595895816891,0.1067301196268382
bt2RKsKm.png,line,bali,jawa,0.5114668769384983,1.0,bali / jawa,"(0.5, 0.6]",0.3333333333333333,0.48853312306150165
vvTcbLTG.jpg,page,lampung,bali,0.9014811946049303,1.0,bali / lampung,"(0.9, 1.01]",0.07476635514018691,0.09851880539506974
xKb8yzNs.jpg,page,lampung,pegon,0.9124801439885672,1.0,lampung / pegon,"(0.9, 1.01]",0.07476635514018691,0.08751985601143275
h2iLpucQ.png,glyph,sunda,pegon,0.8950045758380423,1.0,pegon / sunda,"(0.8, 0.9]",0.01834862385321101,0.10499542416195773
QzYrzlso.webp,page,jawa,bali,0.8968405112812785,1.0,bali / jawa,"(0.8, 0.9]",0.1875,0.10315948871872149
WNT3Tnrb.png,line,lontara,pegon,0.9201376191667974,1.0,lontara / pegon,"(0.9, 1.01]",0.0013131976362442547,0.07986238083320263
K8weUhmt.png,block,bali,pegon,0.9247726800223207,1.0,bali / pegon,"(0.9, 1.01]",0.013745704467353952,0.07522731997767929
9odq553u.png,block,sunda,pegon,0.8987653515626766,1.0,pegon / sunda,"(0.8, 0.9]",0.04081632653061224,0.10123464843732344
ol8RyevU.jpg,page,jawa,bali,0.9036864808174659,0.8,bali / jawa,"(0.9, 1.01]",0.07476635514018691,0.09631351918253406
dRCVp0zD.jpg,page,lontara,lampung,0.9247788087576071,1.0,lampung / lontara,"(0.9, 1.01]",0.07476635514018691,0.0752211912423929
k0Lb4cxJ.png,line,bali,pegon,0.9250481243641181,1.0,bali / pegon,"(0.9, 1.01]",0.0013131976362442547,0.0749518756358819
H0jEMsB8.png,block,jawa,pegon,0.893897327196189,1.0,jawa / pegon,"(0.8, 0.9]",0.04081632653061224,0.10610267280381103
NiDKo5Nd.png,line,lampung,lontara,0.883117664390831,1.0,lampung / lontara,"(0.8, 0.9]",0.004735595895816891,0.11688233560916905
5CHegCkK.jpg,page,lontara,lampung,0.9205022670885457,1.0,lampung / lontara,"(0.9, 1.01]",0.07476635514018691,0.07949773291145434
OoUyvEqb.png,line,jawa,lontara,0.8955159023196402,1.0,jawa / lontara,"(0.8, 0.9]",0.004735595895816891,0.10448409768035982
wp6wkjKx.png,line,bali,pegon,0.9242308117433768,1.0,bali / pegon,"(0.9, 1.01]",0.0013131976362442547,0.07576918825662315
wYewV5up.png,line,jawi,pegon,0.885468544047923,1.0,jawi / pegon,"(0.8, 0.9]",0.004735595895816891,0.11453145595207703
iiCqsrGo.png,glyph,sunda,pegon,0.9029621405000642,1.0,pegon / sunda,"(0.9, 1.01]",0.0,0.09703785949993582
uAEERgsB.png,line,sunda,lontara,0.9073126238695816,1.0,lontara / sunda,"(0.9, 1.01]",0.0013131976362442547,0.09268737613041844
SVxHx8pl.png,line,jawi,pegon,0.6378431202441289,0.6,jawi / pegon,"(0.6, 0.7]",0.375,0.3621568797558711
Q7bs1lcv.png,glyph,jawi,pegon,0.8921164111199607,1.0,jawi / pegon,"(0.8, 0.9]",0.01834862385321101,0.10788358888003935
FoTOgdqM.png,block,pegon,bali,0.9328671909323397,1.0,bali / pegon,"(0.9, 1.01]",0.013745704467353952,0.06713280906766028
4IujtzpE.png,glyph,sunda,jawa,0.9067288263264242,1.0,jawa / sunda,"(0.9, 1.01]",0.0,0.09327117367357585
akkU0GuM.jpg,block,bali,jawa,0.49032506722962754,0.8,bali / jawa,"(0.0, 0.5]",0.2222222222222222,0.5096749327703725
RQKLdl0d.png,line,lampung,lontara,0.6416580726034977,1.0,lampung / lontara,"(0.6, 0.7]",0.375,0.3583419273965023
ZgnNANis.png,line,jawa,pegon,0.8942687008965496,1.0,jawa / pegon,"(0.8, 0.9]",0.004735595895816891,0.10573129910345036
Bp5dKMs8.jpg,page,sunda,jawa,0.8817752357952772,1.0,jawa / sunda,"(0.8, 0.9]",0.1875,0.11822476420472283
NY6h9a11.png,line,sunda,pegon,0.8975638201399919,1.0,pegon / sunda,"(0.8, 0.9]",0.004735595895816891,0.10243617986000808
HDUihU2T.jpg,page,jawa,bali,0.8910857253124634,1.0,bali / jawa,"(0.8, 0.9]",0.1875,0.10891427468753656
7okaG787.png,line,jawa,lontara,0.8851507485124556,1.0,jawa / lontara,"(0.8, 0.9]",0.004735595895816891,0.11484925148754443
FGZEAU1U.png,line,lampung,pegon,0.916615680467277,1.0,lampung / pegon,"(0.9, 1.01]",0.0013131976362442547,0.08338431953272296
aOLaO5JM.jpg,page,lampung,pegon,0.909071833489558,1.0,lampung / pegon,"(0.9, 1.01]",0.07476635514018691,0.090928166510442
g9Kn0JHj.png,line,jawi,pegon,0.8784308798854784,1.0,jawi / pegon,"(0.8, 0.9]",0.004735595895816891,0.12156912011452159
ZKfXeHba.jpg,page,pegon,bali,0.9336606042767415,1.0,bali / pegon,"(0.9, 1.01]",0.07476635514018691,0.06633939572325853
qjtA37ao.png,line,bali,pegon,0.9244359646653463,1.0,bali / pegon,"(0.9, 1.01]",0.0013131976362442547,0.07556403533465372
RzcsA0iU.jpg,page,jawa,pegon,0.8991863755293645,1.0,jawa / pegon,"(0.8, 0.9]",0.1875,0.10081362447063547
lYKRQ4Ej.jpg,page,lampung,sunda,0.6404419070726919,0.6,lampung / sunda,"(0.6, 0.7]",0.3333333333333333,0.3595580929273081
kTe41wZp.png,line,jawi,lontara,0.787854954750339,1.0,jawi / lontara,"(0.7, 0.8]",0.14285714285714285,0.21214504524966105
eKyhXzpC.png,line,bali,pegon,0.9249599901188974,1.0,bali / pegon,"(0.9, 1.01]",0.0013131976362442547,0.0750400098811026
xHufZeXk.jpg,page,pegon,lontara,0.9347346338208229,1.0,lontara / pegon,"(0.9, 1.01]",0.07476635514018691,0.06526536617917711
NSoDh4XV.png,line,sunda,pegon,0.9000160837049777,1.0,pegon / sunda,"(0.9, 1.01]",0.0013131976362442547,0.09998391629502235
qZbzOws6.png,block,pegon,bali,0.9360595135266498,1.0,bali / pegon,"(0.9, 1.01]",0.013745704467353952,0.06394048647335016
p9MS8QOZ.png,block,pegon,bali,0.9382664120293098,1.0,bali / pegon,"(0.9, 1.01]",0.013745704467353952,0.061733587970690174
pqiXIbz1.jpg,page,jawa,pegon,0.8968873756148105,1.0,jawa / pegon,"(0.8, 0.9]",0.1875,0.10311262438518953
O7buaCxu.png,line,jawi,pegon,0.7776811905915588,1.0,jawi / pegon,"(0.7, 0.8]",0.14285714285714285,0.22231880940844118
gZ6JRRo1.jpg,page,jawa,lontara,0.8993601256319692,1.0,jawa / lontara,"(0.8, 0.9]",0.1875,0.10063987436803079
r9pkij31.png,line,jawi,pegon,0.767244424957282,1.0,jawi / pegon,"(0.7, 0.8]",0.14285714285714285,0.23275557504271804
7z5jC5dJ.png,line,lampung,pegon,0.9128474712073938,1.0,lampung / pegon,"(0.9, 1.01]",0.0013131976362442547,0.08715252879260615
1bSnuvCQ.jpg,page,lontara,lampung,0.9256742111432592,0.8,lampung / lontara,"(0.9, 1.01]",0.07476635514018691,0.0743257888567408
w1TYNXxv.png,page,bali,jawi,0.7802696559637905,1.0,bali / jawi,"(0.7, 0.8]",0.125,0.2197303440362095
mVWaBWn7.png,line,lampung,lontara,0.9115543644995519,1.0,lampung / lontara,"(0.9, 1.01]",0.0013131976362442547,0.08844563550044815
9uBBnvVC.jpg,page,lampung,pegon,0.9088469336386812,1.0,lampung / pegon,"(0.9, 1.01]",0.07476635514018691,0.09115306636131881
OBJjW2qr.png,line,sunda,pegon,0.8970204575879708,1.0,pegon / sunda,"(0.8, 0.9]",0.004735595895816891,0.10297954241202922
lrxdOlAT.png,line,lampung,pegon,0.9188680054832673,1.0,lampung / pegon,"(0.9, 1.01]",0.0013131976362442547,0.0811319945167327
Y9Wo1fXp.png,block,pegon,lontara,0.9336457752565286,1.0,lontara / pegon,"(0.9, 1.01]",0.013745704467353952,0.06635422474347141
8aIpqRW3.png,line,sunda,pegon,0.8982630121727757,1.0,pegon / sunda,"(0.8, 0.9]",0.004735595895816891,0.10173698782722429
DmsOlx6D.png,line,lontara,pegon,0.9241288329317465,1.0,lontara / pegon,"(0.9, 1.01]",0.0013131976362442547,0.07587116706825348
xDkXQvEj.png,line,sunda,pegon,0.9025696429465301,1.0,pegon / sunda,"(0.9, 1.01]",0.0013131976362442547,0.09743035705346992
gwK0nORp.jpg,page,jawa,pegon,0.8950995436557821,1.0,jawa / pegon,"(0.8, 0.9]",0.1875,0.10490045634421785
ewJz6r3b.png,line,bali,pegon,0.9246859221287957,1.0,bali / pegon,"(0.9, 1.01]",0.0013131976362442547,0.07531407787120425
xNKGV4NH.png,block,pegon,bali,0.933699473184247,1.0,bali / pegon,"(0.9, 1.01]",0.013745704467353952,0.06630052681575305
dvQD5M5A.jpg,page,jawa,pegon,0.8973753249823551,1.0,jawa / pegon,"(0.8, 0.9]",0.1875,0.10262467501764494
JT80OyO5.png,line,lampung,pegon,0.9149086791688734,1.0,lampung / pegon,"(0.9, 1.01]",0.0013131976362442547,0.08509132083112658
9SwD0Cng.png,line,sunda,lontara,0.8896702229714852,1.0,lontara / sunda,"(0.8, 0.9]",0.004735595895816891,0.11032977702851476
RKS9K2Fn.png,block,sunda,pegon,0.9012237487394291,1.0,pegon / sunda,"(0.9, 1.01]",0.013745704467353952,0.09877625126057088
QDQKS6ep.png,line,jawi,lontara,0.32745969902708244,0.6,jawi / lontara,"(0.0, 0.5]",0.5294117647058824,0.6725403009729176
iCbYEi4m.png,line,sunda,lontara,0.9029523861450214,1.0,lontara / sunda,"(0.9, 1.01]",0.0013131976362442547,0.09704761385497862
nMQ4F1xT.jpg,page,pegon,jawi,0.9391225254020721,0.8,jawi / pegon,"(0.9, 1.01]",0.07476635514018691,0.060877474597927916
Kol75L34.png,line,jawa,sunda,0.8895173046995408,0.8,jawa / sunda,"(0.8, 0.9]",0.004735595895816891,0.11048269530045918
APvuixRi.png,line,lampung,lontara,0.9109062417940619,1.0,lampung / lontara,"(0.9, 1.01]",0.0013131976362442547,0.08909375820593812
cXMgNAwJ.png,block,pegon,bali,0.9352092270619152,1.0,bali / pegon,"(0.9, 1.01]",0.013745704467353952,0.06479077293808477
j9Sd0Ui3.webp,page,jawa,pegon,0.9011144566805551,1.0,jawa / pegon,"(0.9, 1.01]",0.07476635514018691,0.09888554331944488
MbkiEXjb.png,line,jawi,lontara,0.8955210070969019,1.0,jawi / lontara,"(0.8, 0.9]",0.004735595895816891,0.10447899290309814
3fw8duj3.png,glyph,pegon,lontara,0.9338656361044013,1.0,lontara / pegon,"(0.9, 1.01]",0.0,0.06613436389559868
9ujMxB0H.png,block,pegon,bali,0.9362168175389322,1.0,bali / pegon,"(0.9, 1.01]",0.013745704467353952,0.06378318246106784
gebXt5nB.png,line,lampung,pegon,0.9150309067804118,1.0,lampung / pegon,"(0.9, 1.01]",0.0013131976362442547,0.08496909321958823
dox3Caag.jpg,page,lampung,jawa,0.9107371582308044,1.0,jawa / lampung,"(0.9, 1.01]",0.07476635514018691,0.08926284176919563
pXsBWAib.png,block,pegon,lontara,0.9384422916157167,1.0,lontara / pegon,"(0.9, 1.01]",0.013745704467353952,0.061557708384283316
CO9rKb3f.png,page,sunda,bali,0.8461608892208389,0.6,bali / sunda,"(0.8, 0.9]",0.1875,0.15383911077916113
9QpMUepB.png,line,jawa,pegon,0.8808791831689895,1.0,jawa / pegon,"(0.8, 0.9]",0.004735595895816891,0.1191208168310105
8vgm8wKA.png,line,bali,jawa,0.5575876514865581,0.8,bali / jawa,"(0.5, 0.6]",0.3333333333333333,0.4424123485134419
EoiXaNBt.png,line,jawa,pegon,0.9002382765546036,1.0,jawa / pegon,"(0.9, 1.01]",0.0013131976362442547,0.09976172344539636
KtJsjnsZ.png,block,pegon,bali,0.9366399998271264,1.0,bali / pegon,"(0.9, 1.01]",0.013745704467353952,0.06336000017287358
gH2GwWBW.png,line,lampung,pegon,0.9174189734770744,1.0,lampung / pegon,"(0.9, 1.01]",0.0013131976362442547,0.08258102652292565
GYZj43GE.jpg,page,lampung,pegon,0.9203301123186085,1.0,lampung / pegon,"(0.9, 1.01]",0.07476635514018691,0.0796698876813915
n1Iuhvj5.png,line,sunda,pegon,0.8957348425325993,1.0,pegon / sunda,"(0.8, 0.9]",0.004735595895816891,0.10426515746740073
rtb326oA.png,line,jawa,sunda,0.8921654047882874,1.0,jawa / sunda,"(0.8, 0.9]",0.004735595895816891,0.10783459521171257
5MKxqZuH.png,line,jawa,pegon,0.902002618711022,1.0,jawa / pegon,"(0.9, 1.01]",0.0013131976362442547,0.09799738128897795
65wJVNGh.png,line,jawa,bali,0.8807153988626046,1.0,bali / jawa,"(0.8, 0.9]",0.004735595895816891,0.11928460113739536
XfeKKCjv.png,block,pegon,bali,0.9327708886938254,1.0,bali / pegon,"(0.9, 1.01]",0.013745704467353952,0.0672291113061746
qaXGDMJG.png,line,jawa,jawi,0.6140610824797124,1.0,jawa / jawi,"(0.6, 0.7]",0.375,0.38593891752028764
CEawXvVN.png,line,lampung,lontara,0.9169022819367271,1.0,lampung / lontara,"(0.9, 1.01]",0.0013131976362442547,0.08309771806327293
TpM2nulH.png,line,jawa,pegon,0.8945478963128306,1.0,jawa / pegon,"(0.8, 0.9]",0.004735595895816891,0.1054521036871694
LA6ocSc4.png,line,jawa,lontara,0.886048578884999,1.0,jawa / lontara,"(0.8, 0.9]",0.004735595895816891,0.113951421115001
7O1Z9Ieg.png,block,bali,pegon,0.923567048257744,1.0,bali / pegon,"(0.9, 1.01]",0.013745704467353952,0.07643295174225595
ZLwA6wXB.png,line,sunda,lontara,0.905868089405333,1.0,lontara / sunda,"(0.9, 1.01]",0.0013131976362442547,0.09413191059466697
QaGkv1XE.png,line,jawi,pegon,0.8827361870836412,1.0,jawi / pegon,"(0.8, 0.9]",0.004735595895816891,0.11726381291635879
u3NoAYng.png,block,sunda,pegon,0.8983855987486418,1.0,pegon / sunda,"(0.8, 0.9]",0.04081632653061224,0.10161440125135823
2jgQzL0Z.png,line,lampung,pegon,0.9147584889740157,1.0,lampung / pegon,"(0.9, 1.01]",0.0013131976362442547,0.08524151102598432
PHFLYaNx.png,line,lontara,pegon,0.9223310649356901,1.0,lontara / pegon,"(0.9, 1.01]",0.0013131976362442547,0.07766893506430994
Wcg5HVar.png,line,jawa,sunda,0.8787162102422833,1.0,jawa / sunda,"(0.8, 0.9]",0.004735595895816891,0.1212837897577167
pm6H79rh.png,line,lampung,lontara,0.9118308297150352,1.0,lampung / lontara,"(0.9, 1.01]",0.0013131976362442547,0.08816917028496485
XmPemLJt.png,line,jawi,pegon,0.8696161917271639,1.0,jawi / pegon,"(0.8, 0.9]",0.004735595895816891,0.13038380827283613
aUdw5dsN.png,line,sunda,pegon,0.900112673145026,1.0,pegon / sunda,"(0.9, 1.01]",0.0013131976362442547,0.09988732685497403
C2rmpLAR.png,line,bali,pegon,0.923647328117059,1.0,bali / pegon,"(0.9, 1.01]",0.0013131976362442547,0.07635267188294104
ltWHwNeH.png,line,lampung,lontara,0.3411623930410447,1.0,lampung / lontara,"(0.0, 0.5]",0.5294117647058824,0.6588376069589553
uT2vYMoU.jpg,page,pegon,lontara,0.9298224902703367,1.0,lontara / pegon,"(0.9, 1.01]",0.07476635514018691,0.0701775097296633
EcNEHVd7.png,line,lampung,pegon,0.9143599616166342,1.0,lampung / pegon,"(0.9, 1.01]",0.0013131976362442547,0.08564003838336576
2AxMK7gr.png,block,bali,lontara,0.7247721069065279,1.0,bali / lontara,"(0.7, 0.8]",0.0,0.27522789309347206
bop5vEvK.png,page,jawa,pegon,0.9040695290780552,1.0,jawa / pegon,"(0.9, 1.01]",0.07476635514018691,0.09593047092194484
TIWzxvnQ.png,glyph,jawi,pegon,0.896948130395776,1.0,jawi / pegon,"(0.8, 0.9]",0.01834862385321101,0.10305186960422397
7yw3UO3l.png,line,lontara,pegon,0.9157487903164949,1.0,lontara / pegon,"(0.9, 1.01]",0.0013131976362442547,0.08425120968350508
3XYHokqa.png,page,lontara,lampung,0.9184412706452537,1.0,lampung / lontara,"(0.9, 1.01]",0.07476635514018691,0.08155872935474628
BjCddVpD.png,line,lampung,pegon,0.9162456340721494,1.0,lampung / pegon,"(0.9, 1.01]",0.0013131976362442547,0.08375436592785057
A7o2WBJc.png,line,lontara,jawi,0.8789650969254517,1.0,jawi / lontara,"(0.8, 0.9]",0.004735595895816891,0.12103490307454834
93NRlevh.jpg,page,lampung,jawi,0.6993548118629161,0.6,jawi / lampung,"(0.6, 0.7]",0.3333333333333333,0.30064518813708385
vqVon2XC.png,block,pegon,lontara,0.9341045097759931,1.0,lontara / pegon,"(0.9, 1.01]",0.013745704467353952,0.06589549022400687
IRNP6nIx.png,line,lampung,pegon,0.9136593685250733,1.0,lampung / pegon,"(0.9, 1.01]",0.0013131976362442547,0.08634063147492665
qrAaDALi.jpg,line,sunda,jawa,0.8968724901180947,1.0,jawa / sunda,"(0.8, 0.9]",0.004735595895816891,0.10312750988190533
OE8aYn28.png,line,lampung,pegon,0.9156229216722214,1.0,lampung / pegon,"(0.9, 1.01]",0.0013131976362442547,0.08437707832777863
EpFBZRyY.png,line,lampung,pegon,0.9137576287134017,1.0,lampung / pegon,"(0.9, 1.01]",0.0013131976362442547,0.08624237128659828
58w1SSBz.png,line,lampung,pegon,0.9078590490429329,1.0,lampung / pegon,"(0.9, 1.01]",0.0013131976362442547,0.09214095095706709
Vtgd35hU.png,line,jawa,lontara,0.8947551901187067,1.0,jawa / lontara,"(0.8, 0.9]",0.004735595895816891,0.10524480988129326
lcZIlQln.png,line,jawi,lontara,0.8627046109665525,1.0,jawi / lontara,"(0.8, 0.9]",0.004735595895816891,0.1372953890334475
fpIL7VTV.jpg,page,pegon,lontara,0.9286723002861793,1.0,lontara / pegon,"(0.9, 1.01]",0.07476635514018691,0.07132769971382069
Ay9ShDpL.png,line,lampung,pegon,0.9071415144745621,1.0,lampung / pegon,"(0.9, 1.01]",0.0013131976362442547,0.09285848552543785
dnS6qlsM.png,line,lampung,pegon,0.9151244060858698,1.0,lampung / pegon,"(0.9, 1.01]",0.0013131976362442547,0.08487559391413024
zbfjxVrH.png,block,jawi,pegon,0.883205800156545,1.0,jawi / pegon,"(0.8, 0.9]",0.04081632653061224,0.11679419984345496
bO7P6Bkt.png,page,jawa,pegon,0.8968674178469744,1.0,jawa / pegon,"(0.8, 0.9]",0.1875,0.10313258215302556
JMUbIuxW.png,line,jawi,pegon,0.7916324625663677,0.8,jawi / pegon,"(0.7, 0.8]",0.14285714285714285,0.20836753743363234
x8uS9FTz.png,page,sunda,pegon,0.8984581148172437,1.0,pegon / sunda,"(0.8, 0.9]",0.1875,0.10154188518275631
RvR6VzKd.png,line,jawi,pegon,0.8896299833216286,1.0,jawi / pegon,"(0.8, 0.9]",0.004735595895816891,0.11037001667837143
152nPU4v.png,line,lampung,pegon,0.9156377454637529,1.0,lampung / pegon,"(0.9, 1.01]",0.0013131976362442547,0.08436225453624713
FFjj4Gt3.jpg,page,sunda,pegon,0.9066629039433505,1.0,pegon / sunda,"(0.9, 1.01]",0.07476635514018691,0.09333709605664953
EuBFu1a2.png,line,jawi,pegon,0.41348420256846896,0.8,jawi / pegon,"(0.0, 0.5]",0.5294117647058824,0.586515797431531
WPH4MRoI.jpg,page,jawi,pegon,0.4761428542791841,0.4,jawi / pegon,"(0.0, 0.5]",0.25,0.5238571457208159
YMl6HdPy.png,line,lampung,pegon,0.9162407807659918,1.0,lampung / pegon,"(0.9, 1.01]",0.0013131976362442547,0.0837592192340082
0LozFGtf.png,line,lampung,jawi,0.6090178938498962,1.0,jawi / lampung,"(0.6, 0.7]",0.375,0.39098210615010376
DlYwCXLq.png,line,lampung,lontara,0.913352324691366,1.0,lampung / lontara,"(0.9, 1.01]",0.0013131976362442547,0.08664767530863404
keYZq33p.png,line,lontara,pegon,0.9219985291467836,1.0,lontara / pegon,"(0.9, 1.01]",0.0013131976362442547,0.0780014708532164
w2cIWsFj.png,block,pegon,lontara,0.9337016347306255,1.0,lontara / pegon,"(0.9, 1.01]",0.013745704467353952,0.06629836526937449
zrUNvOrx.png,block,pegon,lontara,0.9324361555785243,1.0,lontara / pegon,"(0.9, 1.01]",0.013745704467353952,0.06756384442147567
iPjo2ktw.png,line,sunda,lontara,0.8454879077260029,1.0,lontara / sunda,"(0.8, 0.9]",0.004735595895816891,0.1545120922739971
PPx6NNeK.png,line,jawi,pegon,0.8862142743681745,1.0,jawi / pegon,"(0.8, 0.9]",0.004735595895816891,0.11378572563182554
bhK7v2jl.png,line,lampung,pegon,0.91627732700317,1.0,lampung / pegon,"(0.9, 1.01]",0.0013131976362442547,0.08372267299683
XMe2g54q.png,line,jawi,pegon,0.8308190698467792,1.0,jawi / pegon,"(0.8, 0.9]",0.004735595895816891,0.16918093015322078
GUbQCM3T.png,line,jawi,pegon,0.8886636410385244,1.0,jawi / pegon,"(0.8, 0.9]",0.004735595895816891,0.11133635896147565
K3HrZflH.png,line,lampung,pegon,0.9097281792140375,1.0,lampung / pegon,"(0.9, 1.01]",0.0013131976362442547,0.09027182078596252
JDK2V2xX.jpg,page,lontara,pegon,0.9202577713598179,1.0,lontara / pegon,"(0.9, 1.01]",0.07476635514018691,0.0797422286401821
dZTPToBV.png,line,jawa,pegon,0.8946930280463574,1.0,jawa / pegon,"(0.8, 0.9]",0.004735595895816891,0.10530697195364258
PJdnk3lm.png,line,lontara,pegon,0.9204301123522454,1.0,lontara / pegon,"(0.9, 1.01]",0.0013131976362442547,0.07956988764775463
JqbYEJn9.png,glyph,sunda,bali,0.8992890639696052,0.8,bali / sunda,"(0.8, 0.9]",0.01834862385321101,0.10071093603039483
fUMzeXB8.png,line,pegon,bali,0.9350914672125168,1.0,bali / pegon,"(0.9, 1.01]",0.0013131976362442547,0.06490853278748321
DA4kTYgw.jpg,page,lampung,lontara,0.9086886761857785,1.0,lampung / lontara,"(0.9, 1.01]",0.07476635514018691,0.09131132381422147
03CmPGkT.png,block,jawi,pegon,0.8942331869540556,1.0,jawi / pegon,"(0.8, 0.9]",0.04081632653061224,0.10576681304594437
sZitfzyO.png,line,jawa,pegon,0.901289030760748,1.0,jawa / pegon,"(0.9, 1.01]",0.0013131976362442547,0.09871096923925204
2GJWBApQ.png,block,pegon,lontara,0.9377932264993515,1.0,lontara / pegon,"(0.9, 1.01]",0.013745704467353952,0.062206773500648516
4655GZzK.png,line,lampung,lontara,0.8986744351656943,1.0,lampung / lontara,"(0.8, 0.9]",0.004735595895816891,0.10132556483430566
08NfpYut.png,line,pegon,jawi,0.49214238477854905,1.0,jawi / pegon,"(0.0, 0.5]",0.5294117647058824,0.5078576152214509
h3g0czx2.png,block,pegon,bali,0.9377025968004735,1.0,bali / pegon,"(0.9, 1.01]",0.013745704467353952,0.06229740319952648
hk9RQTry.png,block,pegon,lontara,0.9365304837678018,1.0,lontara / pegon,"(0.9, 1.01]",0.013745704467353952,0.06346951623219821
Zz2volKH.jpg,page,jawi,lampung,0.8073627696681864,1.0,jawi / lampung,"(0.8, 0.9]",0.1875,0.19263723033181357
eMQyYGpQ.png,block,sunda,pegon,0.8978243143754814,1.0,pegon / sunda,"(0.8, 0.9]",0.04081632653061224,0.10217568562451862
Hi29doMI.png,glyph,sunda,jawi,0.8343708494190413,1.0,jawi / sunda,"(0.8, 0.9]",0.01834862385321101,0.16562915058095873
YpqYLMls.png,line,lampung,pegon,0.9233290290623284,1.0,lampung / pegon,"(0.9, 1.01]",0.0013131976362442547,0.07667097093767161
NDvBjnG7.jpg,page,jawa,pegon,0.9001465603744967,1.0,jawa / pegon,"(0.9, 1.01]",0.07476635514018691,0.0998534396255033
9HLf4SFI.jpg,page,jawa,pegon,0.8949811026039063,0.6,jawa / pegon,"(0.8, 0.9]",0.1875,0.10501889739609371
ZB2R1d8J.png,line,jawa,pegon,0.8984306518104976,1.0,jawa / pegon,"(0.8, 0.9]",0.004735595895816891,0.10156934818950236
5qer90We.jpg,page,lontara,pegon,0.8945411563311751,0.8,lontara / pegon,"(0.8, 0.9]",0.1875,0.10545884366882485
IBmEBKAa.png,line,bali,pegon,0.9207237755745584,1.0,bali / pegon,"(0.9, 1.01]",0.0013131976362442547,0.07927622442544158
74idLsML.png,block,pegon,lontara,0.9239774263372468,1.0,lontara / pegon,"(0.9, 1.01]",0.013745704467353952,0.07602257366275322
z1R8PWlY.jpg,page,lontara,jawa,0.7963201344954085,1.0,jawa / lontara,"(0.7, 0.8]",0.125,0.2036798655045915
UBKtB1Oc.png,line,pegon,bali,0.9338048820181571,1.0,bali / pegon,"(0.9, 1.01]",0.0013131976362442547,0.06619511798184285
Q6XCuJlD.png,block,pegon,lontara,0.9352838090725774,1.0,lontara / pegon,"(0.9, 1.01]",0.013745704467353952,0.06471619092742265
idfEwQVG.png,block,pegon,lontara,0.9333767054870157,1.0,lontara / pegon,"(0.9, 1.01]",0.013745704467353952,0.06662329451298432
yNa3HysK.png,line,lampung,lontara,0.9165518284666376,1.0,lampung / lontara,"(0.9, 1.01]",0.0013131976362442547,0.08344817153336237
MBKVuyos.jpg,page,jawa,pegon,0.8910293667601328,1.0,jawa / pegon,"(0.8, 0.9]",0.1875,0.10897063323986722
i0emcfgO.png,line,bali,pegon,0.9226696360910834,1.0,bali / pegon,"(0.9, 1.01]",0.0013131976362442547,0.07733036390891657
dozYNIIq.jpg,page,pegon,jawi,0.6954673670724352,1.0,jawi / pegon,"(0.6, 0.7]",0.3333333333333333,0.30453263292756483
7dSHxdbK.png,line,lontara,jawi,0.8728041148759471,1.0,jawi / lontara,"(0.8, 0.9]",0.004735595895816891,0.1271958851240529
Ug2YwR91.png,line,lampung,pegon,0.9142985526452776,1.0,lampung / pegon,"(0.9, 1.01]",0.0013131976362442547,0.0857014473547224
hFzwSHJo.jpg,page,jawa,pegon,0.8974193669151138,1.0,jawa / pegon,"(0.8, 0.9]",0.1875,0.10258063308488619
DKYyzKJl.webp,page,lampung,pegon,0.9086651294938385,1.0,lampung / pegon,"(0.9, 1.01]",0.07476635514018691,0.09133487050616151
m4ozFNVG.png,line,jawa,pegon,0.8982662221308061,1.0,jawa / pegon,"(0.8, 0.9]",0.004735595895816891,0.10173377786919391
kiILGiOh.png,line,pegon,jawi,0.9337594789196093,1.0,jawi / pegon,"(0.9, 1.01]",0.0013131976362442547,0.06624052108039069
KrSZbpXE.webp,page,jawa,bali,0.8268208236144975,1.0,bali / jawa,"(0.8, 0.9]",0.1875,0.1731791763855025
lWLK4H0M.jpg,page,jawa,sunda,0.7087480928156984,1.0,jawa / sunda,"(0.7, 0.8]",0.125,0.2912519071843016
ysYHSOU8.png,block,pegon,lontara,0.9404390407977763,1.0,lontara / pegon,"(0.9, 1.01]",0.013745704467353952,0.05956095920222371
c7L3eKPC.png,line,jawa,pegon,0.8919041985571765,1.0,jawa / pegon,"(0.8, 0.9]",0.004735595895816891,0.10809580144282349
0WkhIplx.png,line,lampung,pegon,0.9215076663045172,1.0,lampung / pegon,"(0.9, 1.01]",0.0013131976362442547,0.07849233369548281
6coEpME3.png,block,pegon,lontara,0.9371673649487233,1.0,lontara / pegon,"(0.9, 1.01]",0.013745704467353952,0.06283263505127668
6bCoahIm.png,block,pegon,bali,0.9368495025371605,1.0,bali / pegon,"(0.9, 1.01]",0.013745704467353952,0.06315049746283952
peNDJF4b.png,line,jawa,pegon,0.8952937345857613,1.0,jawa / pegon,"(0.8, 0.9]",0.004735595895816891,0.10470626541423866
pDvLygmX.png,line,jawi,pegon,0.5250204601498927,0.8,jawi / pegon,"(0.5, 0.6]",0.3333333333333333,0.4749795398501073
yiJYAIaE.png,line,jawa,pegon,0.8977610555707282,1.0,jawa / pegon,"(0.8, 0.9]",0.004735595895816891,0.10223894442927184
9XCWkKHR.png,block,pegon,lampung,0.904856338024107,1.0,lampung / pegon,"(0.9, 1.01]",0.013745704467353952,0.09514366197589297
cgHSsmtb.png,line,lampung,pegon,0.91130532402249,1.0,lampung / pegon,"(0.9, 1.01]",0.0013131976362442547,0.08869467597751002
YM3XRFaS.jpg,page,jawi,bali,0.607808931852745,0.8,bali / jawi,"(0.6, 0.7]",0.3333333333333333,0.392191068147255
KCwPhJOR.png,line,pegon,jawi,0.9286484834469887,1.0,jawi / pegon,"(0.9, 1.01]",0.0013131976362442547,0.07135151655301131
ISiY75Bj.png,block,pegon,lontara,0.9276322810313109,1.0,lontara / pegon,"(0.9, 1.01]",0.013745704467353952,0.0723677189686891
VrkXL7CM.jpg,page,lampung,pegon,0.9159385104563033,1.0,lampung / pegon,"(0.9, 1.01]",0.07476635514018691,0.08406148954369674
5xvOZlms.png,block,pegon,lontara,0.9323305002716722,1.0,lontara / pegon,"(0.9, 1.01]",0.013745704467353952,0.06766949972832781
2Orl9nKh.png,line,bali,pegon,0.9252183436678412,1.0,bali / pegon,"(0.9, 1.01]",0.0013131976362442547,0.07478165633215883
zLGTidae.png,line,sunda,pegon,0.8983474069216004,1.0,pegon / sunda,"(0.8, 0.9]",0.004735595895816891,0.10165259307839958
L5aixmxr.jpg,page,jawi,lontara,0.8636789448752683,1.0,jawi / lontara,"(0.8, 0.9]",0.1875,0.1363210551247317
FTIQOELb.png,line,lontara,pegon,0.9211008591263186,1.0,lontara / pegon,"(0.9, 1.01]",0.0013131976362442547,0.07889914087368144
32fihWfl.png,line,pegon,jawi,0.7199711815304304,0.8,jawi / pegon,"(0.7, 0.8]",0.14285714285714285,0.2800288184695696
H1LyYAs1.png,glyph,pegon,lontara,0.9384548176372371,1.0,lontara / pegon,"(0.9, 1.01]",0.0,0.06154518236276285
RjDCO5Qf.png,line,bali,pegon,0.9214141542651868,1.0,bali / pegon,"(0.9, 1.01]",0.0013131976362442547,0.0785858457348132
2L07gdL9.png,block,pegon,lontara,0.9357769269374254,1.0,lontara / pegon,"(0.9, 1.01]",0.013745704467353952,0.06422307306257458
oV3DKp9V.png,line,jawi,pegon,0.7389682890986222,0.8,jawi / pegon,"(0.7, 0.8]",0.14285714285714285,0.2610317109013778
LrLRmKID.png,line,lampung,lontara,0.5524134488387047,1.0,lampung / lontara,"(0.5, 0.6]",0.3333333333333333,0.4475865511612953
ryXAdzPy.png,line,sunda,pegon,0.9018558703960048,1.0,pegon / sunda,"(0.9, 1.01]",0.0013131976362442547,0.09814412960399521
7OfVqjsr.png,line,sunda,bali,0.8925203673927603,1.0,bali / sunda,"(0.8, 0.9]",0.004735595895816891,0.1074796326072397
mPJCe6hs.jpg,page,jawa,pegon,0.8924248935836647,1.0,jawa / pegon,"(0.8, 0.9]",0.1875,0.10757510641633528
tCGh0ODM.png,line,lampung,pegon,0.913654550067271,1.0,lampung / pegon,"(0.9, 1.01]",0.0013131976362442547,0.08634544993272897
WcjGi7bD.jpg,page,lontara,pegon,0.9256723182274644,1.0,lontara / pegon,"(0.9, 1.01]",0.07476635514018691,0.07432768177253557
23BRi8rh.png,line,bali,pegon,0.9221053932764448,1.0,bali / pegon,"(0.9, 1.01]",0.0013131976362442547,0.0778946067235552
VpMXVzaB.png,line,lampung,lontara,0.9119783381031439,1.0,lampung / lontara,"(0.9, 1.01]",0.0013131976362442547,0.08802166189685612
JNjLmV4a.png,line,lampung,lontara,0.3249022761815822,1.0,lampung / lontara,"(0.0, 0.5]",0.5294117647058824,0.6750977238184178
hWyETqrp.png,line,sunda,pegon,0.9000299738831348,1.0,pegon / sunda,"(0.9, 1.01]",0.0013131976362442547,0.09997002611686523
R180IYOy.jpg,page,jawi,pegon,0.5077956997905182,0.8,jawi / pegon,"(0.5, 0.6]",0.3333333333333333,0.4922043002094818
oRHEsOjD.jpg,page,jawa,pegon,0.5580554910979052,0.4,jawa / pegon,"(0.5, 0.6]",0.3333333333333333,0.4419445089020948
a9Fj36gc.jpg,page,pegon,jawi,0.6660349089657464,1.0,jawi / pegon,"(0.6, 0.7]",0.3333333333333333,0.33396509103425365
bJLlA28Q.png,block,pegon,bali,0.9372353070738002,1.0,bali / pegon,"(0.9, 1.01]",0.013745704467353952,0.0627646929261998
DDxkeTH4.png,line,jawi,pegon,0.8849010660407284,1.0,jawi / pegon,"(0.8, 0.9]",0.004735595895816891,0.11509893395927162
DL5cetUZ.png,block,pegon,bali,0.9372544710166201,1.0,bali / pegon,"(0.9, 1.01]",0.013745704467353952,0.06274552898337993
oKJuL12U.png,line,jawi,lontara,0.8894392999462839,1.0,jawi / lontara,"(0.8, 0.9]",0.004735595895816891,0.1105607000537161
8gUDOxBV.png,line,lampung,pegon,0.9127990925066939,1.0,lampung / pegon,"(0.9, 1.01]",0.0013131976362442547,0.08720090749330611
d7fok4Jf.png,block,pegon,bali,0.9383230808697167,1.0,bali / pegon,"(0.9, 1.01]",0.013745704467353952,0.06167691913028328
LsJ8PBga.png,line,jawa,pegon,0.8976212465964576,1.0,jawa / pegon,"(0.8, 0.9]",0.004735595895816891,0.10237875340354241
DhpqsuuD.png,block,pegon,jawi,0.9048379009352617,1.0,jawi / pegon,"(0.9, 1.01]",0.013745704467353952,0.09516209906473827
ENuhPIJQ.png,line,lampung,pegon,0.9118567191292157,1.0,lampung / pegon,"(0.9, 1.01]",0.0013131976362442547,0.08814328087078427
ZiyyJUyV.jpg,page,jawa,lontara,0.9008699576095935,1.0,jawa / lontara,"(0.9, 1.01]",0.07476635514018691,0.09913004239040646
hrTYW18L.png,block,pegon,bali,0.9377085935987187,1.0,bali / pegon,"(0.9, 1.01]",0.013745704467353952,0.06229140640128128
KoIlcF7n.png,line,sunda,pegon,0.9034397368299112,1.0,pegon / sunda,"(0.9, 1.01]",0.0013131976362442547,0.09656026317008881
H0nZSBs8.png,line,lontara,pegon,0.9175219241833925,1.0,lontara / pegon,"(0.9, 1.01]",0.0013131976362442547,0.08247807581660749
TX9kKp0G.png,line,lontara,jawi,0.8228217638443788,1.0,jawi / lontara,"(0.8, 0.9]",0.004735595895816891,0.17717823615562123
dHO7548y.png,line,jawa,pegon,0.8973609639206748,1.0,jawa / pegon,"(0.8, 0.9]",0.004735595895816891,0.10263903607932523
4f0bFHQS.png,line,jawa,pegon,0.8935591685590609,1.0,jawa / pegon,"(0.8, 0.9]",0.004735595895816891,0.10644083144093908
ERrLQ3NB.png,line,jawa,pegon,0.8991778123078424,1.0,jawa / pegon,"(0.8, 0.9]",0.004735595895816891,0.10082218769215756
SugTrIfE.png,block,pegon,bali,0.9419207873398637,1.0,bali / pegon,"(0.9, 1.01]",0.013745704467353952,0.05807921266013627
6nVTYWdq.png,line,lampung,lontara,0.912822123223868,1.0,lampung / lontara,"(0.9, 1.01]",0.0013131976362442547,0.08717787677613198
TSJUX46n.png,line,pegon,jawi,0.7861488372952035,1.0,jawi / pegon,"(0.7, 0.8]",0.14285714285714285,0.21385116270479654
Yhiz4g2U.png,block,pegon,lontara,0.9405763385906795,1.0,lontara / pegon,"(0.9, 1.01]",0.013745704467353952,0.05942366140932054
6BEvEUwu.png,line,lontara,pegon,0.9204415068692953,1.0,lontara / pegon,"(0.9, 1.01]",0.0013131976362442547,0.07955849313070473
1yKxPNOF.jpg,page,jawi,pegon,0.5287668469613374,1.0,jawi / pegon,"(0.5, 0.6]",0.3333333333333333,0.47123315303866264
cGmtpLhk.png,glyph,sunda,pegon,0.9001089663608951,1.0,pegon / sunda,"(0.9, 1.01]",0.0,0.0998910336391049
d8vlc36Q.jpg,page,jawi,lampung,0.7877544924711744,1.0,jawi / lampung,"(0.7, 0.8]",0.125,0.21224550752882565
ceQacvZu.png,line,lampung,pegon,0.9126159756330565,1.0,lampung / pegon,"(0.9, 1.01]",0.0013131976362442547,0.08738402436694348
OkrpnHI7.png,line,sunda,lampung,0.3286474343870166,0.6,lampung / sunda,"(0.0, 0.5]",0.5294117647058824,0.6713525656129834
zBEwedW3.png,line,lampung,pegon,0.9196645450212649,1.0,lampung / pegon,"(0.9, 1.01]",0.0013131976362442547,0.08033545497873507
bnfVNZsA.jpg,page,sunda,pegon,0.902640271422636,1.0,pegon / sunda,"(0.9, 1.01]",0.07476635514018691,0.09735972857736397
DYpX7zIX.png,line,lampung,pegon,0.9146015263391594,1.0,lampung / pegon,"(0.9, 1.01]",0.0013131976362442547,0.08539847366084063
VznA3kbQ.jpg,page,bali,jawa,0.7023264478043109,0.8,bali / jawa,"(0.7, 0.8]",0.125,0.29767355219568914
crG5H1Hg.png,block,pegon,bali,0.9316113939822325,1.0,bali / pegon,"(0.9, 1.01]",0.013745704467353952,0.06838860601776753
kwbsscuk.png,glyph,jawi,sunda,0.7224098789072328,1.0,jawi / sunda,"(0.7, 0.8]",0.1,0.27759012109276715
RoTutvHV.png,line,lampung,lontara,0.7833625275412837,1.0,lampung / lontara,"(0.7, 0.8]",0.14285714285714285,0.21663747245871634
0a7wQbeX.png,line,lampung,lontara,0.919496030806329,1.0,lampung / lontara,"(0.9, 1.01]",0.0013131976362442547,0.08050396919367098
Ruuz1e9B.png,line,jawa,pegon,0.8920725379824154,1.0,jawa / pegon,"(0.8, 0.9]",0.004735595895816891,0.10792746201758463
Wh7DIkXi.png,line,lontara,pegon,0.9216032668897981,1.0,lontara / pegon,"(0.9, 1.01]",0.0013131976362442547,0.0783967331102019
mVeOzpW4.jpg,page,pegon,jawi,0.8808561004960097,1.0,jawi / pegon,"(0.8, 0.9]",0.1875,0.11914389950399029
Ay9ut7Ah.png,line,pegon,lontara,0.9341485113736718,1.0,lontara / pegon,"(0.9, 1.01]",0.0013131976362442547,0.06585148862632817
tmI3uCUC.png,line,jawi,pegon,0.8793060149092634,1.0,jawi / pegon,"(0.8, 0.9]",0.004735595895816891,0.12069398509073659
NVC7yckQ.png,glyph,jawi,bali,0.5783949327521151,1.0,bali / jawi,"(0.5, 0.6]",0.0,0.42160506724788493
iMpL5sMu.png,line,lontara,pegon,0.9216689111708176,1.0,lontara / pegon,"(0.9, 1.01]",0.0013131976362442547,0.07833108882918238
Jb6p2XUL.png,block,jawi,pegon,0.8912799516230816,1.0,jawi / pegon,"(0.8, 0.9]",0.04081632653061224,0.1087200483769184
NQ4C3L7O.png,line,sunda,pegon,0.8984331790826727,1.0,pegon / sunda,"(0.8, 0.9]",0.004735595895816891,0.10156682091732727
AOijj7wu.jpg,page,bali,jawa,0.9138123240746001,0.8,bali / jawa,"(0.9, 1.01]",0.07476635514018691,0.08618767592539989
5YzXO6Bv.png,line,lampung,pegon,0.9067160195684266,1.0,lampung / pegon,"(0.9, 1.01]",0.0013131976362442547,0.09328398043157338
3TzdfqFP.png,line,bali,pegon,0.9223317832025236,1.0,bali / pegon,"(0.9, 1.01]",0.0013131976362442547,0.07766821679747637
pqfcNQl2.jpg,page,pegon,lampung,0.9315372326802903,1.0,lampung / pegon,"(0.9, 1.01]",0.07476635514018691,0.06846276731970968
ORmZmU6c.png,block,pegon,lontara,0.9374957390205603,1.0,lontara / pegon,"(0.9, 1.01]",0.013745704467353952,0.06250426097943973
7mBicLAI.png,line,sunda,pegon,0.9024295913354095,1.0,pegon / sunda,"(0.9, 1.01]",0.0013131976362442547,0.09757040866459055
DPlxUboY.png,line,bali,jawa,0.6841885237551927,1.0,bali / jawa,"(0.6, 0.7]",0.375,0.3158114762448073
czonWT2R.png,block,lampung,bali,0.9139061679191058,1.0,bali / lampung,"(0.9, 1.01]",0.013745704467353952,0.08609383208089416
ErQMK3aS.jpg,page,jawa,pegon,0.8945991050713387,1.0,jawa / pegon,"(0.8, 0.9]",0.1875,0.10540089492866134
tTqyYtRU.png,line,lontara,pegon,0.9236360068670668,1.0,lontara / pegon,"(0.9, 1.01]",0.0013131976362442547,0.07636399313293318
WFXTeJuH.png,block,pegon,lontara,0.932605438200903,1.0,lontara / pegon,"(0.9, 1.01]",0.013745704467353952,0.06739456179909697
qKE9HlEW.png,line,jawa,pegon,0.8981046513151071,1.0,jawa / pegon,"(0.8, 0.9]",0.004735595895816891,0.10189534868489292
tZXzX4LT.jpg,page,jawa,lontara,0.7317158487520885,0.4,jawa / lontara,"(0.7, 0.8]",0.125,0.2682841512479115
vNdb2CIb.png,line,jawi,pegon,0.883414229406885,1.0,jawi / pegon,"(0.8, 0.9]",0.004735595895816891,0.11658577059311503
24Ya45ra.png,line,lampung,pegon,0.9138612520095719,1.0,lampung / pegon,"(0.9, 1.01]",0.0013131976362442547,0.08613874799042809
u3zlnDGD.png,line,lampung,pegon,0.9102899828812371,1.0,lampung / pegon,"(0.9, 1.01]",0.0013131976362442547,0.08971001711876292
x6XqsJiB.jpg,page,lampung,pegon,0.9106810527591922,1.0,lampung / pegon,"(0.9, 1.01]",0.07476635514018691,0.0893189472408078
mPZVwZ0A.png,line,lampung,pegon,0.9205449514457484,1.0,lampung / pegon,"(0.9, 1.01]",0.0013131976362442547,0.07945504855425156
65TY0a9M.png,line,lontara,jawi,0.8126069528925983,1.0,jawi / lontara,"(0.8, 0.9]",0.004735595895816891,0.18739304710740168
CAtOcJgM.webp,page,pegon,lontara,0.9348282631841182,1.0,lontara / pegon,"(0.9, 1.01]",0.07476635514018691,0.06517173681588184
0wyhwwt2.jpg,page,pegon,jawi,0.8054575808325728,1.0,jawi / pegon,"(0.8, 0.9]",0.1875,0.1945424191674272
WLDo1RbW.png,glyph,sunda,pegon,0.9034625975268545,1.0,pegon / sunda,"(0.9, 1.01]",0.0,0.09653740247314546
ldyaKhEA.jpg,page,jawa,pegon,0.903066762970315,0.8,jawa / pegon,"(0.9, 1.01]",0.07476635514018691,0.09693323702968504
0tdPUH81.png,line,jawa,pegon,0.8962689858513512,1.0,jawa / pegon,"(0.8, 0.9]",0.004735595895816891,0.10373101414864883
1hZMcGvT.png,line,jawa,sunda,0.8027701570899499,1.0,jawa / sunda,"(0.8, 0.9]",0.004735595895816891,0.19722984291005008
NCCpBo66.jpg,page,lampung,pegon,0.9126131956265706,1.0,lampung / pegon,"(0.9, 1.01]",0.07476635514018691,0.08738680437342938
lP6F45t9.png,line,lontara,pegon,0.9252397035686399,1.0,lontara / pegon,"(0.9, 1.01]",0.0013131976362442547,0.07476029643136006
BWwQs87e.jpg,page,pegon,jawi,0.839556148994396,1.0,jawi / pegon,"(0.8, 0.9]",0.1875,0.160443851005604
CNxlN8DZ.png,line,sunda,jawa,0.4213711631983239,1.0,jawa / sunda,"(0.0, 0.5]",0.5294117647058824,0.5786288368016761
sOsQCyDE.png,line,bali,pegon,0.9244758005061853,1.0,bali / pegon,"(0.9, 1.01]",0.0013131976362442547,0.07552419949381473
70y7dEjo.png,line,jawi,pegon,0.9035194303730197,1.0,jawi / pegon,"(0.9, 1.01]",0.0013131976362442547,0.09648056962698026
EbTdvepg.png,block,pegon,lontara,0.9346343814471524,1.0,lontara / pegon,"(0.9, 1.01]",0.013745704467353952,0.06536561855284762
Do2TlKOY.png,block,pegon,bali,0.9382399837171806,1.0,bali / pegon,"(0.9, 1.01]",0.013745704467353952,0.06176001628281935
yf1UwE2n.png,line,lampung,lontara,0.8906184392547608,1.0,lampung / lontara,"(0.8, 0.9]",0.004735595895816891,0.10938156074523919
edJIl8Kh.jpg,page,bali,pegon,0.927102901325475,0.8,bali / pegon,"(0.9, 1.01]",0.07476635514018691,0.07289709867452498
T24kNPOi.png,line,lampung,pegon,0.9125164478480332,1.0,lampung / pegon,"(0.9, 1.01]",0.0013131976362442547,0.08748355215196679
D5zDImAS.jpg,page,lampung,pegon,0.9109848978402058,1.0,lampung / pegon,"(0.9, 1.01]",0.07476635514018691,0.08901510215979425
w5c6oVVG.png,line,lontara,jawi,0.35441275411724643,0.6,jawi / lontara,"(0.0, 0.5]",0.5294117647058824,0.6455872458827536
0w9yioJV.png,page,pegon,jawi,0.9144811914228888,1.0,jawi / pegon,"(0.9, 1.01]",0.07476635514018691,0.08551880857711125
qpwMjJNL.png,line,jawa,pegon,0.8967220524212456,1.0,jawa / pegon,"(0.8, 0.9]",0.004735595895816891,0.10327794757875441
Z9wTjC40.png,page,jawa,lontara,0.8966194346280044,0.4,jawa / lontara,"(0.8, 0.9]",0.1875,0.10338056537199558
ML8Xiqip.jpg,page,pegon,jawi,0.6694057157747036,1.0,jawi / pegon,"(0.6, 0.7]",0.3333333333333333,0.33059428422529635
yvntpoy9.png,line,jawi,pegon,0.894218184442669,1.0,jawi / pegon,"(0.8, 0.9]",0.004735595895816891,0.10578181555733102
yjoCQYCw.png,line,jawi,sunda,0.6070790157234219,1.0,jawi / sunda,"(0.6, 0.7]",0.375,0.39292098427657807
vyWZjIyU.png,line,sunda,pegon,0.8957875329774069,1.0,pegon / sunda,"(0.8, 0.9]",0.004735595895816891,0.10421246702259312
wCG42W9w.png,line,sunda,lampung,0.896369917299042,1.0,lampung / sunda,"(0.8, 0.9]",0.004735595895816891,0.10363008270095797
Nq3se1Ox.png,line,sunda,lontara,0.7585564711788602,1.0,lontara / sunda,"(0.7, 0.8]",0.14285714285714285,0.24144352882113984
Pye0QO61.jpg,page,pegon,bali,0.9313207540148791,1.0,bali / pegon,"(0.9, 1.01]",0.07476635514018691,0.06867924598512087
48gMlXRq.png,block,pegon,lampung,0.934084470321898,1.0,lampung / pegon,"(0.9, 1.01]",0.013745704467353952,0.06591552967810199
V2WNVFYg.png,line,jawa,pegon,0.896999430017986,1.0,jawa / pegon,"(0.8, 0.9]",0.004735595895816891,0.10300056998201401
yGGznWQt.png,line,lampung,pegon,0.9097420624700062,1.0,lampung / pegon,"(0.9, 1.01]",0.0013131976362442547,0.09025793752999378
HJRFkhWu.webp,page,lontara,pegon,0.9133703946543932,1.0,lontara / pegon,"(0.9, 1.01]",0.07476635514018691,0.08662960534560682
fJmQsHZ2.jpg,page,pegon,bali,0.9302299027774634,1.0,bali / pegon,"(0.9, 1.01]",0.07476635514018691,0.06977009722253658
hkcIa6sl.jpg,page,jawi,pegon,0.5813099276373883,1.0,jawi / pegon,"(0.5, 0.6]",0.3333333333333333,0.4186900723626117
l231HyFQ.png,line,lampung,pegon,0.9147977689194992,1.0,lampung / pegon,"(0.9, 1.01]",0.0013131976362442547,0.08520223108050085
CaBDFN2e.jpg,page,bali,sunda,0.9191572817849589,1.0,bali / sunda,"(0.9, 1.01]",0.07476635514018691,0.08084271821504108
QssNv1oE.png,line,lontara,lampung,0.6803005779113589,1.0,lampung / lontara,"(0.6, 0.7]",0.375,0.3196994220886411
PlrcJU6H.png,line,lampung,bali,0.24035084827581737,0.4,bali / lampung,"(0.0, 0.5]",0.5294117647058824,0.7596491517241826
ZRD0PMLB.jpg,page,jawa,pegon,0.8882569454481363,1.0,jawa / pegon,"(0.8, 0.9]",0.1875,0.11174305455186373
K63EPQQq.png,line,sunda,pegon,0.898236120772365,1.0,pegon / sunda,"(0.8, 0.9]",0.004735595895816891,0.10176387922763497
rAHK0E32.jpg,page,lampung,pegon,0.9133746282890017,1.0,lampung / pegon,"(0.9, 1.01]",0.07476635514018691,0.08662537171099827
rcrdiDBU.png,block,pegon,lontara,0.9364067404850003,1.0,lontara / pegon,"(0.9, 1.01]",0.013745704467353952,0.06359325951499972
xV9ONO3u.png,line,lontara,pegon,0.9230410158618151,1.0,lontara / pegon,"(0.9, 1.01]",0.0013131976362442547,0.07695898413818492
G6x2O46A.png,line,jawa,pegon,0.8963117465605501,1.0,jawa / pegon,"(0.8, 0.9]",0.004735595895816891,0.10368825343944987
cO5C004C.png,line,lontara,pegon,0.9240928042182472,1.0,lontara / pegon,"(0.9, 1.01]",0.0013131976362442547,0.07590719578175276
3xKp8zpl.jpg,block,sunda,pegon,0.9024151035766744,1.0,pegon / sunda,"(0.9, 1.01]",0.013745704467353952,0.09758489642332557
K6w1B8dc.png,glyph,sunda,pegon,0.893982112155773,1.0,pegon / sunda,"(0.8, 0.9]",0.01834862385321101,0.10601788784422705
T66EkZDT.png,line,jawa,pegon,0.8971133146349308,1.0,jawa / pegon,"(0.8, 0.9]",0.004735595895816891,0.10288668536506917
fLQ84oD6.jpg,page,bali,jawa,0.35607154640906796,0.4,bali / jawa,"(0.0, 0.5]",0.25,0.643928453590932
SBgzmmnt.png,line,jawa,lontara,0.7902779361112897,1.0,jawa / lontara,"(0.7, 0.8]",0.14285714285714285,0.2097220638887103
S1OGzZ64.png,line,sunda,pegon,0.899267698288188,1.0,pegon / sunda,"(0.8, 0.9]",0.004735595895816891,0.10073230171181202
iYhSzOyi.png,block,pegon,jawi,0.926424797409131,0.8,jawi / pegon,"(0.9, 1.01]",0.013745704467353952,0.07357520259086903
SDARR9F3.png,line,jawi,lontara,0.3663120401265773,0.8,jawi / lontara,"(0.0, 0.5]",0.5294117647058824,0.6336879598734226
ooq1TFcW.png,line,jawi,lontara,0.888851420156815,1.0,jawi / lontara,"(0.8, 0.9]",0.004735595895816891,0.11114857984318505
BvLkM6aL.png,line,lampung,pegon,0.9139355040631447,1.0,lampung / pegon,"(0.9, 1.01]",0.0013131976362442547,0.08606449593685528
xEOSklqL.png,line,lontara,sunda,0.9129243998800314,1.0,lontara / sunda,"(0.9, 1.01]",0.0013131976362442547,0.08707560011996862
vsk9QtTb.png,line,lampung,pegon,0.9157469473959658,1.0,lampung / pegon,"(0.9, 1.01]",0.0013131976362442547,0.08425305260403415
bYN8mgMF.png,line,lampung,pegon,0.9227208780306553,1.0,lampung / pegon,"(0.9, 1.01]",0.0013131976362442547,0.07727912196934472
BlFJx9p2.png,line,jawa,bali,0.47380805238247836,0.6,bali / jawa,"(0.0, 0.5]",0.5294117647058824,0.5261919476175216
jHWzMZBX.png,block,sunda,pegon,0.9029619042777484,1.0,pegon / sunda,"(0.9, 1.01]",0.013745704467353952,0.09703809572225164
VxtFRGfW.png,line,lontara,pegon,0.9256969186506687,1.0,lontara / pegon,"(0.9, 1.01]",0.0013131976362442547,0.07430308134933128
Bd663sGX.png,line,bali,pegon,0.9240599208283558,1.0,bali / pegon,"(0.9, 1.01]",0.0013131976362442547,0.07594007917164425
DqnWrNtX.png,line,jawi,pegon,0.8902663440139248,1.0,jawi / pegon,"(0.8, 0.9]",0.004735595895816891,0.10973365598607521
JkkPy6AQ.png,line,sunda,jawa,0.5493013894448235,1.0,jawa / sunda,"(0.5, 0.6]",0.3333333333333333,0.45069861055517646
CyWHK8cb.png,line,jawi,pegon,0.8850643996521885,1.0,jawi / pegon,"(0.8, 0.9]",0.004735595895816891,0.11493560034781147
9lfnHqnq.png,line,sunda,pegon,0.9005247187181868,1.0,pegon / sunda,"(0.9, 1.01]",0.0013131976362442547,0.09947528128181315
k6yv0IDG.png,page,sunda,lontara,0.8978371352214575,1.0,lontara / sunda,"(0.8, 0.9]",0.1875,0.10216286477854253
X5ay6OdE.png,line,bali,lampung,0.7688354662658773,0.8,bali / lampung,"(0.7, 0.8]",0.14285714285714285,0.2311645337341227
wKwx8cCl.jpg,page,jawi,pegon,0.49434243533609257,0.4,jawi / pegon,"(0.0, 0.5]",0.25,0.5056575646639074
FycvTEy1.png,line,jawa,lontara,0.8903350173036813,1.0,jawa / lontara,"(0.8, 0.9]",0.004735595895816891,0.10966498269631875
i8bGpRKt.png,line,sunda,pegon,0.8977880132838724,1.0,pegon / sunda,"(0.8, 0.9]",0.004735595895816891,0.10221198671612763
Uvfd1mdN.png,line,bali,pegon,0.9249935084421445,1.0,bali / pegon,"(0.9, 1.01]",0.0013131976362442547,0.07500649155785555
D0ZuPqP9.png,line,lontara,jawi,0.291471872136166,0.6,jawi / lontara,"(0.0, 0.5]",0.5294117647058824,0.708528127863834
XHYDtihP.jpg,page,bali,pegon,0.9194920305281794,0.8,bali / pegon,"(0.9, 1.01]",0.07476635514018691,0.0805079694718206
H8XMLMoN.png,block,jawi,lontara,0.7043982422951046,1.0,jawi / lontara,"(0.7, 0.8]",0.0,0.2956017577048954
StrB0qdK.png,line,jawi,pegon,0.6204023245458063,0.2,jawi / pegon,"(0.6, 0.7]",0.375,0.37959767545419365
Dhc3vAQj.jpg,page,bali,lampung,0.9303577166251351,1.0,bali / lampung,"(0.9, 1.01]",0.07476635514018691,0.06964228337486489
EgmLlFKZ.png,line,pegon,lontara,0.9313547047134166,1.0,lontara / pegon,"(0.9, 1.01]",0.0013131976362442547,0.06864529528658336
yAkija0y.png,line,bali,pegon,0.9249946855953564,1.0,bali / pegon,"(0.9, 1.01]",0.0013131976362442547,0.07500531440464364
SGrqxQ9u.png,line,sunda,lontara,0.8879104359324004,1.0,lontara / sunda,"(0.8, 0.9]",0.004735595895816891,0.11208956406759962
iQGZLiZl.png,line,lampung,pegon,0.9105193616687641,1.0,lampung / pegon,"(0.9, 1.01]",0.0013131976362442547,0.08948063833123587
CMo54J89.jpg,page,bali,jawa,0.7492543157985561,0.4,bali / jawa,"(0.7, 0.8]",0.125,0.25074568420144394
arezgmsE.png,line,jawa,pegon,0.8972101839942462,1.0,jawa / pegon,"(0.8, 0.9]",0.004735595895816891,0.10278981600575376
1XZHKujf.png,line,lampung,pegon,0.9132164938561026,1.0,lampung / pegon,"(0.9, 1.01]",0.0013131976362442547,0.0867835061438974
4nHzJCWR.png,line,jawa,pegon,0.895416140361187,1.0,jawa / pegon,"(0.8, 0.9]",0.004735595895816891,0.104583859638813
8axHGxnX.jpg,block,jawa,pegon,0.9007598273430888,1.0,jawa / pegon,"(0.9, 1.01]",0.013745704467353952,0.09924017265691121
LoxzO9bz.png,page,bali,jawa,0.7396692363688301,1.0,bali / jawa,"(0.7, 0.8]",0.125,0.2603307636311699
hND1kQVy.png,line,jawa,pegon,0.8985864253080308,1.0,jawa / pegon,"(0.8, 0.9]",0.004735595895816891,0.10141357469196921
hGcwwDiR.png,block,lampung,lontara,0.9075122038019044,1.0,lampung / lontara,"(0.9, 1.01]",0.013745704467353952,0.09248779619809555
t87RBrU5.png,line,bali,sunda,0.22354686143399025,0.8,bali / sunda,"(0.0, 0.5]",0.5294117647058824,0.7764531385660097
fyQWaVK3.png,line,lampung,pegon,0.9160524366474748,1.0,lampung / pegon,"(0.9, 1.01]",0.0013131976362442547,0.08394756335252518
nmtWWO8J.png,line,jawa,pegon,0.8960903669815228,1.0,jawa / pegon,"(0.8, 0.9]",0.004735595895816891,0.10390963301847722
FHx7Z7Pt.png,line,lampung,pegon,0.9128238566159963,1.0,lampung / pegon,"(0.9, 1.01]",0.0013131976362442547,0.0871761433840037
CybNCann.png,line,jawa,bali,0.8931023173127063,1.0,bali / jawa,"(0.8, 0.9]",0.004735595895816891,0.10689768268729372
zAe4xcKI.png,block,pegon,bali,0.9347138365275189,1.0,bali / pegon,"(0.9, 1.01]",0.013745704467353952,0.06528616347248106
76EpQXpN.png,line,jawa,pegon,0.8931327802428892,1.0,jawa / pegon,"(0.8, 0.9]",0.004735595895816891,0.10686721975711078
mqFxina4.png,line,lampung,jawi,0.7639424319600765,1.0,jawi / lampung,"(0.7, 0.8]",0.14285714285714285,0.2360575680399235
CFWgyt1V.png,line,jawa,pegon,0.8920757118234668,1.0,jawa / pegon,"(0.8, 0.9]",0.004735595895816891,0.10792428817653321
QEsx1HUL.png,line,lampung,pegon,0.9155244745087291,1.0,lampung / pegon,"(0.9, 1.01]",0.0013131976362442547,0.08447552549127091
mNAn6g2p.jpg,page,bali,pegon,0.9326341623537372,1.0,bali / pegon,"(0.9, 1.01]",0.07476635514018691,0.0673658376462628
pgv16KNB.png,line,jawa,pegon,0.8953022968626769,1.0,jawa / pegon,"(0.8, 0.9]",0.004735595895816891,0.10469770313732307
hzd4Ktmp.png,line,jawa,pegon,0.8973829821250316,1.0,jawa / pegon,"(0.8, 0.9]",0.004735595895816891,0.10261701787496835
2YSySWcS.jpg,page,bali,jawa,0.9266483114348547,1.0,bali / jawa,"(0.9, 1.01]",0.07476635514018691,0.07335168856514529
5DCOY2zY.png,block,sunda,pegon,0.8949341937601798,1.0,pegon / sunda,"(0.8, 0.9]",0.04081632653061224,0.1050658062398202
WAwRYLGo.jpg,page,bali,jawa,0.8960331507798587,0.6,bali / jawa,"(0.8, 0.9]",0.1875,0.10396684922014132
BCm3HwjR.jpg,page,jawa,sunda,0.3997250844246434,0.4,jawa / sunda,"(0.0, 0.5]",0.25,0.6002749155753566
Sq8qiGnA.png,line,lontara,jawa,0.8611322045177688,1.0,jawa / lontara,"(0.8, 0.9]",0.004735595895816891,0.13886779548223116
wKMxEpHX.png,line,jawi,pegon,0.8749476701034874,1.0,jawi / pegon,"(0.8, 0.9]",0.004735595895816891,0.1250523298965126
B2HKyGTf.png,line,lampung,pegon,0.9165457448679932,1.0,lampung / pegon,"(0.9, 1.01]",0.0013131976362442547,0.08345425513200677
WRwiRSHE.png,page,bali,jawa,0.896200552390046,1.0,bali / jawa,"(0.8, 0.9]",0.1875,0.10379944760995397
8H61GdWM.png,line,bali,pegon,0.9239691366541598,1.0,bali / pegon,"(0.9, 1.01]",0.0013131976362442547,0.0760308633458402
w7C1zxjQ.png,line,pegon,lontara,0.9214816766532591,1.0,lontara / pegon,"(0.9, 1.01]",0.0013131976362442547,0.07851832334674091
